{"type":"FeatureCollection","name":"meratus-sulawesi-concession-inventory-mining","metadata":{"coverageId":"sulawesi","parentCoverageId":"indonesia","generatedAt":"2026-08-28T06:57:32Z","pipelineVersion":"2","count":565,"sectors":["Tambang"],"qualities":["OFFICIAL"],"geometryNote":"Web-display geometry is simplified; consult source records for authoritative geometry.","evidenceNote":"A public concession record does not imply fire causation, illegality, or wrongdoing."},"features":[{"type":"Feature","properties":{"inventoryId":"big-mining-wiup:3335","sector":"Tambang","subtype":"WIUP","quality":"OFFICIAL","sourceDataset":"big-mining-wiup","sourceRecordId":"3335","source":"BIG Kebijakan Satu Peta","sourceUrl":"https://kspservices.big.go.id/satupeta/rest/services/PUBLIK/PERIZINAN_DAN_PERTANAHAN/MapServer/4","retrievedAt":"2026-08-28T06:57:32Z","geometryProcessing":"web display simplification tolerance 0.00035 degrees","name":"4 SRIKANDI CALLIE","issuer":"MENTERI","province":"GORONTALO","district":"GORONTALO","permitNumber":"186/1/IUP/PMDN/2022","permitType":"CV","miningType":"IUP","commodity":"BASALT","status":"1","validFrom":"2022-01-27","validTo":"2025-01-27","areaHa":2.2,"location":"DESA MOTODUTO KECAMATAN BOLIYOHUTO","sourceRemark":"-","region":"sulawesi"},"geometry":{"type":"Polygon","coordinates":[[[122.61032,0.61561],[122.61059,0.6137],[122.61224,0.6137],[122.61224,0.61428],[122.61096,0.61473],[122.61096,0.61561],[122.61032,0.61561]]]}},{"type":"Feature","properties":{"inventoryId":"big-mining-wiup:1566","sector":"Tambang","subtype":"WIUP","quality":"OFFICIAL","sourceDataset":"big-mining-wiup","sourceRecordId":"1566","source":"BIG Kebijakan Satu Peta","sourceUrl":"https://kspservices.big.go.id/satupeta/rest/services/PUBLIK/PERIZINAN_DAN_PERTANAHAN/MapServer/4","retrievedAt":"2026-08-28T06:57:32Z","geometryProcessing":"web display simplification tolerance 0.00035 degrees","name":"AAL RIZKI TADANG PALIE","issuer":"BUPATI","province":"SULAWESI TENGAH","district":"DONGGALA","permitNumber":"188.45/0179/DESDM/2010","permitType":"PT","miningType":"IUP","commodity":"BIJIH BESI","status":"2","validFrom":"2010-02-22","validTo":"2030-02-22","areaHa":5248.0,"location":"DESA BAYANG KEC. DAMSOL DAN DESA BALUKANG KEC. SOJOL","sourceRemark":"-","region":"sulawesi"},"geometry":{"type":"MultiPolygon","coordinates":[[[[119.945,0.38333],[119.945,0.4],[119.95,0.4],[119.95,0.42417],[119.95444,0.42417],[119.95444,0.43472],[119.95611,0.43472],[119.95611,0.44444],[119.93944,0.44444],[119.93944,0.44028],[119.92222,0.44028],[119.92222,0.43333],[119.90556,0.43333],[119.90556,0.38333],[119.945,0.38333]]],[[[120.09444,0.56667],[120.1,0.56667],[120.1,0.6],[120.06667,0.6],[120.06667,0.56667],[120.07778,0.56667],[120.07778,0.52228],[120.09167,0.52228],[120.09167,0.53333],[120.09444,0.53333],[120.09444,0.56667]]]]}},{"type":"Feature","properties":{"inventoryId":"big-mining-wiup:4397","sector":"Tambang","subtype":"WIUP","quality":"OFFICIAL","sourceDataset":"big-mining-wiup","sourceRecordId":"4397","source":"BIG Kebijakan Satu Peta","sourceUrl":"https://kspservices.big.go.id/satupeta/rest/services/PUBLIK/PERIZINAN_DAN_PERTANAHAN/MapServer/4","retrievedAt":"2026-08-28T06:57:32Z","geometryProcessing":"web display simplification tolerance 0.00035 degrees","name":"ABD LATIF","issuer":"GUBERNUR","province":"SULAWESI BARAT","district":"POLEWALI MANDAR","permitNumber":"007/76/IUP.OP/PTSP.A/V/2018","permitType":"SDR","miningType":"IUP","commodity":"ANDESIT","status":"2","validFrom":"2018-05-08","validTo":"2023-05-07","areaHa":4.8,"location":"-","sourceRemark":"-","region":"sulawesi"},"geometry":{"type":"Polygon","coordinates":[[[119.15634,-3.35763],[119.1565,-3.35841],[119.15899,-3.3587],[119.1578,-3.35709],[119.15709,-3.35709],[119.15709,-3.35618],[119.15615,-3.35618],[119.15634,-3.35763]]]}},{"type":"Feature","properties":{"inventoryId":"big-mining-wiup:364","sector":"Tambang","subtype":"WIUP","quality":"OFFICIAL","sourceDataset":"big-mining-wiup","sourceRecordId":"364","source":"BIG Kebijakan Satu Peta","sourceUrl":"https://kspservices.big.go.id/satupeta/rest/services/PUBLIK/PERIZINAN_DAN_PERTANAHAN/MapServer/4","retrievedAt":"2026-08-28T06:57:32Z","geometryProcessing":"web display simplification tolerance 0.00035 degrees","name":"ADHI KARTIKO PRATAMA","issuer":"BUPATI","province":"SULAWESI TENGGARA","district":"KONAWE UTARA","permitNumber":"704 TAHUN 2010","permitType":"PT","miningType":"IUP","commodity":"NIKEL","status":"2","validFrom":"2010-12-14","validTo":"2030-12-13","areaHa":1975.0,"location":"KEC.LANGGIKIMA KAB.KONUT","sourceRemark":"-","region":"sulawesi"},"geometry":{"type":"Polygon","coordinates":[[[122.22369,-3.25027],[122.22361,-3.27332],[122.30836,-3.27336],[122.30836,-3.26773],[122.29177,-3.26778],[122.29177,-3.26029],[122.2894,-3.26029],[122.28935,-3.2567],[122.28524,-3.25673],[122.28519,-3.25336],[122.28061,-3.25336],[122.28061,-3.25027],[122.22369,-3.25027]]]}},{"type":"Feature","properties":{"inventoryId":"big-mining-wiup:995","sector":"Tambang","subtype":"WIUP","quality":"OFFICIAL","sourceDataset":"big-mining-wiup","sourceRecordId":"995","source":"BIG Kebijakan Satu Peta","sourceUrl":"https://kspservices.big.go.id/satupeta/rest/services/PUBLIK/PERIZINAN_DAN_PERTANAHAN/MapServer/4","retrievedAt":"2026-08-28T06:57:32Z","geometryProcessing":"web display simplification tolerance 0.00035 degrees","name":"ADHIKARA CIPTA MULIA","issuer":"BUPATI","province":"SULAWESI TENGGARA","district":"KONAWE UTARA","permitNumber":"411 TAHUN 2011","permitType":"PT","miningType":"IUP","commodity":"NIKEL","status":"2","validFrom":"2011-10-31","validTo":"2031-10-31","areaHa":455.0,"location":"KEC. LANGGIKIMA, KONUT","sourceRemark":"-","region":"sulawesi"},"geometry":{"type":"Polygon","coordinates":[[[122.21086,-3.34674],[122.21086,-3.34458],[122.20795,-3.34458],[122.20795,-3.33985],[122.2059,-3.33985],[122.2059,-3.33856],[122.19729,-3.33856],[122.19729,-3.33738],[122.1904,-3.33738],[122.1904,-3.33641],[122.18336,-3.33641],[122.18336,-3.3399],[122.18642,-3.3399],[122.18642,-3.34089],[122.18892,-3.34089],[122.18892,-3.34192],[122.19313,-3.34192],[122.19313,-3.34336],[122.19661,-3.34336],[122.19661,-3.34732],[122.2001,-3.34721],[122.2001,-3.34931],[122.20928,-3.34931],[122.20928,-3.37018],[122.21748,-3.37018],[122.21748,-3.37133],[122.2183,-3.37133],[122.21874,-3.3768],[122.22042,-3.3768],[122.22042,-3.37947],[122.22152,-3.37947],[122.22152,-3.38158],[122.22232,-3.38158],[122.22232,-3.38919],[122.22744,-3.38919],[122.22744,-3.38038],[122.22647,-3.38038],[122.22647,-3.37833],[122.2255,-3.37833],[122.2255,-3.36791],[122.21086,-3.36791],[122.21086,-3.34674]]]}},{"type":"Feature","properties":{"inventoryId":"big-mining-wiup:3811","sector":"Tambang","subtype":"WIUP","quality":"OFFICIAL","sourceDataset":"big-mining-wiup","sourceRecordId":"3811","source":"BIG Kebijakan Satu Peta","sourceUrl":"https://kspservices.big.go.id/satupeta/rest/services/PUBLIK/PERIZINAN_DAN_PERTANAHAN/MapServer/4","retrievedAt":"2026-08-28T06:57:32Z","geometryProcessing":"web display simplification tolerance 0.00035 degrees","name":"AGUS HS","issuer":"GUBERNUR","province":"SULAWESI BARAT","district":"MAJENE","permitNumber":"129.A/76/IUP.OP-PTSP.A/X/2017","permitType":"SDR","miningType":"IUP","commodity":"ANDESIT","status":"2","validFrom":"2017-10-23","validTo":"2022-10-22","areaHa":4.9,"location":"PAMBOANG, MAJENE","sourceRemark":"-","region":"sulawesi"},"geometry":{"type":"Polygon","coordinates":[[[118.89187,-3.4776],[118.894,-3.4776],[118.894,-3.47569],[118.89187,-3.47569],[118.89187,-3.4776]]]}},{"type":"Feature","properties":{"inventoryId":"big-mining-wiup:4350","sector":"Tambang","subtype":"WIUP","quality":"OFFICIAL","sourceDataset":"big-mining-wiup","sourceRecordId":"4350","source":"BIG Kebijakan Satu Peta","sourceUrl":"https://kspservices.big.go.id/satupeta/rest/services/PUBLIK/PERIZINAN_DAN_PERTANAHAN/MapServer/4","retrievedAt":"2026-08-28T06:57:32Z","geometryProcessing":"web display simplification tolerance 0.00035 degrees","name":"AHIMKA DUTA PERSADA","issuer":"GUBERNUR","province":"GORONTALO","district":"BONE BOLANGO","permitNumber":"57/DPMESDM-TRANS/IUP-OP/VII/2018","permitType":"PT","miningType":"IUP","commodity":"GRANIT","status":"2","validFrom":"2018-07-30","validTo":"2023-07-30","areaHa":11.28,"location":"DESA HUANGOBOTU KECAMATAN KABILA BONE KABUPATEN BONE BOLANGO PROVINSI GORONTALO","sourceRemark":"-","region":"sulawesi"},"geometry":{"type":"Polygon","coordinates":[[[123.10541,0.47541],[123.1083,0.47699],[123.1087,0.47829],[123.11034,0.47929],[123.11034,0.48108],[123.11238,0.48223],[123.11238,0.48269],[123.11168,0.48269],[123.11111,0.48184],[123.10864,0.48184],[123.10864,0.47865],[123.10723,0.47807],[123.10723,0.47694],[123.10631,0.47694],[123.10541,0.47541]]]}},{"type":"Feature","properties":{"inventoryId":"big-mining-wiup:470","sector":"Tambang","subtype":"WIUP","quality":"OFFICIAL","sourceDataset":"big-mining-wiup","sourceRecordId":"470","source":"BIG Kebijakan Satu Peta","sourceUrl":"https://kspservices.big.go.id/satupeta/rest/services/PUBLIK/PERIZINAN_DAN_PERTANAHAN/MapServer/4","retrievedAt":"2026-08-28T06:57:32Z","geometryProcessing":"web display simplification tolerance 0.00035 degrees","name":"AKAR MAS INTERNATIONAL","issuer":"BUPATI","province":"SULAWESI TENGGARA","district":"KOLAKA","permitNumber":"214 TAHUN 2009","permitType":"PT","miningType":"IUP","commodity":"NIKEL","status":"2","validFrom":"2009-09-07","validTo":"2029-09-07","areaHa":225.0,"location":"POMALAA","sourceRemark":"-","region":"sulawesi"},"geometry":{"type":"Polygon","coordinates":[[[121.58528,-4.24031],[121.58528,-4.25797],[121.59203,-4.25797],[121.59203,-4.26633],[121.59794,-4.26633],[121.59794,-4.25897],[121.59603,-4.25897],[121.59603,-4.25042],[121.59286,-4.25042],[121.59286,-4.24539],[121.58967,-4.24539],[121.58967,-4.2415],[121.58631,-4.2415],[121.58631,-4.24031],[121.58528,-4.24031]]]}},{"type":"Feature","properties":{"inventoryId":"big-mining-wiup:1788","sector":"Tambang","subtype":"WIUP","quality":"OFFICIAL","sourceDataset":"big-mining-wiup","sourceRecordId":"1788","source":"BIG Kebijakan Satu Peta","sourceUrl":"https://kspservices.big.go.id/satupeta/rest/services/PUBLIK/PERIZINAN_DAN_PERTANAHAN/MapServer/4","retrievedAt":"2026-08-28T06:57:32Z","geometryProcessing":"web display simplification tolerance 0.00035 degrees","name":"ALAM MITRA INDAH NUGRAHA","issuer":"BUPATI","province":"SULAWESI TENGGARA","district":"KOLAKA UTARA","permitNumber":"540/14 TAHUN 2012","permitType":"PT","miningType":"IUP","commodity":"NIKEL","status":"2","validFrom":"2012-01-12","validTo":"2027-01-12","areaHa":221.0,"location":"KEC. TOLALA","sourceRemark":"-","region":"sulawesi"},"geometry":{"type":"Polygon","coordinates":[[[121.07151,-2.88671],[121.07151,-2.89881],[121.07798,-2.89881],[121.07798,-2.89438],[121.07861,-2.89438],[121.07861,-2.87708],[121.08917,-2.87708],[121.08917,-2.88078],[121.09337,-2.88078],[121.09337,-2.89297],[121.10964,-2.89297],[121.10964,-2.90082],[121.12667,-2.90082],[121.12692,-2.89542],[121.12638,-2.89542],[121.12638,-2.89666],[121.12538,-2.89666],[121.12538,-2.89803],[121.12368,-2.89803],[121.12368,-2.89932],[121.12233,-2.89932],[121.12233,-2.90076],[121.11499,-2.9001],[121.11499,-2.89949],[121.11261,-2.89896],[121.11261,-2.89761],[121.11172,-2.89761],[121.11172,-2.89629],[121.11092,-2.89629],[121.11033,-2.89347],[121.10971,-2.89347],[121.10971,-2.89139],[121.11009,-2.89139],[121.11009,-2.89048],[121.11071,-2.89048],[121.11123,-2.88692],[121.1079,-2.88692],[121.1079,-2.88782],[121.10623,-2.88782],[121.10623,-2.88858],[121.10523,-2.88858],[121.10523,-2.88944],[121.10461,-2.88944],[121.10461,-2.89029],[121.10404,-2.89029],[121.10404,-2.8916],[121.10244,-2.8916],[121.10244,-2.89267],[121.09508,-2.89267],[121.09508,-2.89073],[121.09448,-2.89073],[121.09448,-2.88701],[121.09358,-2.88625],[121.09358,-2.8806],[121.09248,-2.8806],[121.09248,-2.87989],[121.09158,-2.87989],[121.09158,-2.87917],[121.09058,-2.87917],[121.09058,-2.87836],[121.08953,-2.87836],[121.08953,-2.87708],[121.07859,-2.87708],[121.07859,-2.88079],[121.07773,-2.88079],[121.07773,-2.88269],[121.0771,-2.88269],[121.0771,-2.88456],[121.07618,-2.88553],[121.07618,-2.88671],[121.07151,-2.88671]]]}},{"type":"Feature","properties":{"inventoryId":"big-mining-wiup:558","sector":"Tambang","subtype":"WIUP","quality":"OFFICIAL","sourceDataset":"big-mining-wiup","sourceRecordId":"558","source":"BIG Kebijakan Satu Peta","sourceUrl":"https://kspservices.big.go.id/satupeta/rest/services/PUBLIK/PERIZINAN_DAN_PERTANAHAN/MapServer/4","retrievedAt":"2026-08-28T06:57:32Z","geometryProcessing":"web display simplification tolerance 0.00035 degrees","name":"ALAM MITRA MANDIRI","issuer":"BUPATI","province":"SULAWESI TENGGARA","district":"BUTON","permitNumber":"683 TAHUN 2011","permitType":"PT","miningType":"IUP","commodity":"ASPAL","status":"2","validFrom":"2011-08-18","validTo":"2031-08-17","areaHa":251.0,"location":"DESA LAWELE, KEC. LASALIMU","sourceRemark":"-","region":"sulawesi"},"geometry":{"type":"Polygon","coordinates":[[[122.93502,-5.25001],[122.92807,-5.25011],[122.92807,-5.25613],[122.92502,-5.25613],[122.92502,-5.25835],[122.92226,-5.25835],[122.92226,-5.26388],[122.92084,-5.26387],[122.92084,-5.27113],[122.91946,-5.27113],[122.91946,-5.27251],[122.9167,-5.27251],[122.9167,-5.27365],[122.91946,-5.27365],[122.91946,-5.27483],[122.92226,-5.27483],[122.92221,-5.27745],[122.9231,-5.27745],[122.9231,-5.27305],[122.92753,-5.27305],[122.92753,-5.26309],[122.93501,-5.26309],[122.93502,-5.25001]]]}},{"type":"Feature","properties":{"inventoryId":"big-mining-wiup:1580","sector":"Tambang","subtype":"WIUP","quality":"OFFICIAL","sourceDataset":"big-mining-wiup","sourceRecordId":"1580","source":"BIG Kebijakan Satu Peta","sourceUrl":"https://kspservices.big.go.id/satupeta/rest/services/PUBLIK/PERIZINAN_DAN_PERTANAHAN/MapServer/4","retrievedAt":"2026-08-28T06:57:32Z","geometryProcessing":"web display simplification tolerance 0.00035 degrees","name":"ALAM RAYA INDAH","issuer":"BUPATI","province":"SULAWESI TENGGARA","district":"KONAWE UTARA","permitNumber":"486 TAHUN 2014","permitType":"PT","miningType":"IUP","commodity":"NIKEL","status":"2","validFrom":"2013-10-01","validTo":"2033-02-28","areaHa":196.0,"location":"KEC. LANGGIKIMA, KONAWE UTARA","sourceRemark":"-","region":"sulawesi"},"geometry":{"type":"Polygon","coordinates":[[[122.27619,-3.36222],[122.28472,-3.36222],[122.28472,-3.37056],[122.29528,-3.37056],[122.29528,-3.35972],[122.29278,-3.35972],[122.29278,-3.35833],[122.27618,-3.35833],[122.27619,-3.36222]]]}},{"type":"Feature","properties":{"inventoryId":"big-mining-wiup:318","sector":"Tambang","subtype":"WIUP","quality":"OFFICIAL","sourceDataset":"big-mining-wiup","sourceRecordId":"318","source":"BIG Kebijakan Satu Peta","sourceUrl":"https://kspservices.big.go.id/satupeta/rest/services/PUBLIK/PERIZINAN_DAN_PERTANAHAN/MapServer/4","retrievedAt":"2026-08-28T06:57:32Z","geometryProcessing":"web display simplification tolerance 0.00035 degrees","name":"ALASKA DWIPA PERDANA","issuer":"BUPATI","province":"SULAWESI TENGAH","district":"MOROWALI","permitNumber":"540.2/SK.002/DESDM/X/2010","permitType":"PT","miningType":"IUP","commodity":"NIKEL DMP","status":"2","validFrom":"2010-10-16","validTo":"2029-10-16","areaHa":480.0,"location":"DESA SOLONSA, SOLONSA JAYA DAN UNGKAYA KEC. WITA PONDA, KAB. MOROWALI","sourceRemark":"-","region":"sulawesi"},"geometry":{"type":"Polygon","coordinates":[[[121.53242,-2.21133],[121.53242,-2.22128],[121.53422,-2.22128],[121.53422,-2.22761],[121.53692,-2.22761],[121.53692,-2.22853],[121.53872,-2.22853],[121.53872,-2.22942],[121.54006,-2.22942],[121.54006,-2.23667],[121.545,-2.23667],[121.545,-2.24028],[121.54769,-2.24028],[121.54769,-2.24392],[121.54997,-2.24392],[121.54997,-2.21586],[121.54908,-2.21586],[121.54908,-2.21225],[121.54728,-2.21225],[121.54728,-2.21133],[121.53242,-2.21133]]]}},{"type":"Feature","properties":{"inventoryId":"big-mining-wiup:861","sector":"Tambang","subtype":"WIUP","quality":"OFFICIAL","sourceDataset":"big-mining-wiup","sourceRecordId":"861","source":"BIG Kebijakan Satu Peta","sourceUrl":"https://kspservices.big.go.id/satupeta/rest/services/PUBLIK/PERIZINAN_DAN_PERTANAHAN/MapServer/4","retrievedAt":"2026-08-28T06:57:32Z","geometryProcessing":"web display simplification tolerance 0.00035 degrees","name":"ALMHARIG","issuer":"MENTERI","province":"SULAWESI TENGGARA","district":"BOMBANA","permitNumber":"1839/1/IUP/PMDN/2021","permitType":"PT","miningType":"IUP","commodity":"NIKEL","status":"2","validFrom":"2021-12-15","validTo":"2032-09-07","areaHa":2018.0,"location":"KECAMATAN KABAENA DAN KABAENA SELATAN","sourceRemark":"-","region":"sulawesi"},"geometry":{"type":"Polygon","coordinates":[[[121.82306,-5.28861],[121.82306,-5.3025],[121.85778,-5.3025],[121.85778,-5.30694],[121.87806,-5.30694],[121.87806,-5.31444],[121.885,-5.31444],[121.885,-5.32278],[121.89111,-5.32278],[121.89111,-5.31472],[121.89556,-5.31472],[121.89556,-5.30694],[121.88389,-5.30694],[121.88389,-5.29667],[121.89111,-5.29667],[121.89111,-5.27889],[121.84917,-5.27889],[121.84917,-5.28333],[121.8425,-5.28333],[121.8425,-5.29117],[121.83861,-5.29117],[121.83861,-5.28861],[121.82306,-5.28861]]]}},{"type":"Feature","properties":{"inventoryId":"big-mining-wiup:956","sector":"Tambang","subtype":"WIUP","quality":"OFFICIAL","sourceDataset":"big-mining-wiup","sourceRecordId":"956","source":"BIG Kebijakan Satu Peta","sourceUrl":"https://kspservices.big.go.id/satupeta/rest/services/PUBLIK/PERIZINAN_DAN_PERTANAHAN/MapServer/4","retrievedAt":"2026-08-28T06:57:32Z","geometryProcessing":"web display simplification tolerance 0.00035 degrees","name":"ALVINDO MINING RESOURCES","issuer":"GUBERNUR","province":"SULAWESI TENGGARA","district":"KONAWE","permitNumber":"121/DPM-PTSP/II/2017","permitType":"PT","miningType":"IUP","commodity":"NIKEL","status":"2","validFrom":"2012-12-05","validTo":"2032-12-05","areaHa":2439.0,"location":"KEC. ROUTA, KONAWE","sourceRemark":"-","region":"sulawesi"},"geometry":{"type":"Polygon","coordinates":[[[121.634,-2.91496],[121.634,-2.9],[121.6313,-2.9],[121.6313,-2.90108],[121.62676,-2.90108],[121.62676,-2.90267],[121.6237,-2.90267],[121.6237,-2.90803],[121.62525,-2.90803],[121.62525,-2.91033],[121.62678,-2.91033],[121.62678,-2.91569],[121.62365,-2.91569],[121.62365,-2.91879],[121.62064,-2.91879],[121.62064,-2.91653],[121.61981,-2.91653],[121.61981,-2.91811],[121.61827,-2.91811],[121.61827,-2.92268],[121.61746,-2.92268],[121.61746,-2.92422],[121.61521,-2.92422],[121.61521,-2.92561],[121.61214,-2.92561],[121.61214,-2.91953],[121.61062,-2.91953],[121.61062,-2.91413],[121.60904,-2.91413],[121.60904,-2.9127],[121.60675,-2.9127],[121.60675,-2.91119],[121.60448,-2.91119],[121.60448,-2.90894],[121.60139,-2.90894],[121.60139,-2.91267],[121.60368,-2.91267],[121.60368,-2.91496],[121.60675,-2.91496],[121.60675,-2.91656],[121.60599,-2.91656],[121.60599,-2.91887],[121.6075,-2.91887],[121.6075,-2.92036],[121.60979,-2.92036],[121.60979,-2.92422],[121.60744,-2.92422],[121.60744,-2.9265],[121.60865,-2.9265],[121.60865,-2.93028],[121.60743,-2.93028],[121.60743,-2.93194],[121.60436,-2.93194],[121.60436,-2.93348],[121.60509,-2.93348],[121.60509,-2.93733],[121.60359,-2.93733],[121.60359,-2.93958],[121.59824,-2.93958],[121.59824,-2.93656],[121.59976,-2.93656],[121.59976,-2.935],[121.60132,-2.935],[121.60132,-2.93038],[121.60364,-2.93038],[121.60364,-2.92801],[121.60208,-2.92801],[121.60208,-2.92427],[121.60056,-2.92427],[121.60056,-2.92275],[121.59826,-2.92275],[121.59826,-2.92422],[121.59672,-2.92422],[121.59672,-2.92571],[121.59354,-2.92571],[121.59354,-2.9335],[121.59667,-2.9335],[121.59667,-2.93579],[121.59584,-2.93579],[121.59584,-2.94039],[121.58895,-2.94039],[121.58895,-2.93887],[121.58509,-2.93887],[121.58509,-2.95728],[121.58728,-2.95728],[121.58728,-2.95578],[121.59044,-2.95578],[121.59044,-2.95497],[121.59355,-2.95497],[121.59355,-2.95422],[121.59738,-2.95422],[121.59738,-2.95265],[121.60049,-2.95265],[121.60049,-2.96483],[121.59881,-2.96483],[121.59881,-2.96667],[121.634,-2.96667],[121.634,-2.91496]]]}},{"type":"Feature","properties":{"inventoryId":"big-mining-wiup:4605","sector":"Tambang","subtype":"WIUP","quality":"OFFICIAL","sourceDataset":"big-mining-wiup","sourceRecordId":"4605","source":"BIG Kebijakan Satu Peta","sourceUrl":"https://kspservices.big.go.id/satupeta/rest/services/PUBLIK/PERIZINAN_DAN_PERTANAHAN/MapServer/4","retrievedAt":"2026-08-28T06:57:32Z","geometryProcessing":"web display simplification tolerance 0.00035 degrees","name":"ANATO GROUP","issuer":"GUBERNUR","province":"SULAWESI SELATAN","district":"PINRANG","permitNumber":"36/I.03.P/P2T/06/2017","permitType":"CV","miningType":"IUP","commodity":"BATU GUNUNG QUARRY BESAR","status":"2","validFrom":"2017-06-02","validTo":"2022-06-01","areaHa":15.24,"location":"DESA BITTOENG, KEC. DUAMPANUA, KAB. PINRANG, PROV. SULAWESI SELATAN","sourceRemark":"-","region":"sulawesi"},"geometry":{"type":"Polygon","coordinates":[[[119.5562,-3.6268],[119.55537,-3.62818],[119.55428,-3.62856],[119.55428,-3.62927],[119.55504,-3.62979],[119.55737,-3.62979],[119.55935,-3.63109],[119.56056,-3.63036],[119.56005,-3.62907],[119.55791,-3.6289],[119.55767,-3.62721],[119.5562,-3.6268]]]}},{"type":"Feature","properties":{"inventoryId":"big-mining-wiup:311","sector":"Tambang","subtype":"WIUP","quality":"OFFICIAL","sourceDataset":"big-mining-wiup","sourceRecordId":"311","source":"BIG Kebijakan Satu Peta","sourceUrl":"https://kspservices.big.go.id/satupeta/rest/services/PUBLIK/PERIZINAN_DAN_PERTANAHAN/MapServer/4","retrievedAt":"2026-08-28T06:57:32Z","geometryProcessing":"web display simplification tolerance 0.00035 degrees","name":"ANDALAN ENERGI NUSANTARA","issuer":"GUBERNUR","province":"SULAWESI TENGGARA","district":"KONAWE","permitNumber":"503/DPM-PTSP/V/2017","permitType":"PT","miningType":"IUP","commodity":"NIKEL","status":"2","validFrom":"2017-05-12","validTo":"2032-12-05","areaHa":403.2,"location":"KEC. ROUTA, KONAWE","sourceRemark":"-","region":"sulawesi"},"geometry":{"type":"Polygon","coordinates":[[[121.57812,-2.95597],[121.57812,-2.95875],[121.58127,-2.95875],[121.58127,-2.95968],[121.58506,-2.95968],[121.58505,-2.93731],[121.58284,-2.93731],[121.58284,-2.93814],[121.57739,-2.93814],[121.57739,-2.93728],[121.5735,-2.93728],[121.5735,-2.94936],[121.55512,-2.94936],[121.55512,-2.95428],[121.55816,-2.95428],[121.55816,-2.95278],[121.56509,-2.95278],[121.56509,-2.95968],[121.56732,-2.95968],[121.56732,-2.95123],[121.57113,-2.95123],[121.57113,-2.95964],[121.56956,-2.95964],[121.56956,-2.96189],[121.57275,-2.96189],[121.57275,-2.96422],[121.57572,-2.96422],[121.57572,-2.9617],[121.57383,-2.9617],[121.57383,-2.95804],[121.57259,-2.95804],[121.57259,-2.95194],[121.57475,-2.95194],[121.57475,-2.95411],[121.57812,-2.95411],[121.57812,-2.95597]]]}},{"type":"Feature","properties":{"inventoryId":"big-mining-wiup:1806","sector":"Tambang","subtype":"WIUP","quality":"OFFICIAL","sourceDataset":"big-mining-wiup","sourceRecordId":"1806","source":"BIG Kebijakan Satu Peta","sourceUrl":"https://kspservices.big.go.id/satupeta/rest/services/PUBLIK/PERIZINAN_DAN_PERTANAHAN/MapServer/4","retrievedAt":"2026-08-28T06:57:32Z","geometryProcessing":"web display simplification tolerance 0.00035 degrees","name":"ANDI MURSALIM","issuer":"GUBERNUR","province":"SULAWESI SELATAN","district":"WAJO","permitNumber":"77/I.03/PTSP/2019","permitType":"SDR","miningType":"IUP","commodity":"PASIR","status":"2","validFrom":"2019-08-12","validTo":"2024-08-12","areaHa":1.3900000000000001,"location":"DESA SALOTENGNGA, KEC. SABBANGPARU","sourceRemark":"-","region":"sulawesi"},"geometry":{"type":"Polygon","coordinates":[[[120.00053,-4.21954],[119.99966,-4.21985],[119.99966,-4.22062],[120.00172,-4.2196],[120.00053,-4.21954]]]}},{"type":"Feature","properties":{"inventoryId":"big-mining-wiup:2288","sector":"Tambang","subtype":"WIUP","quality":"OFFICIAL","sourceDataset":"big-mining-wiup","sourceRecordId":"2288","source":"BIG Kebijakan Satu Peta","sourceUrl":"https://kspservices.big.go.id/satupeta/rest/services/PUBLIK/PERIZINAN_DAN_PERTANAHAN/MapServer/4","retrievedAt":"2026-08-28T06:57:32Z","geometryProcessing":"web display simplification tolerance 0.00035 degrees","name":"ANDI RUL AMA","issuer":"GUBERNUR","province":"SULAWESI SELATAN","district":"SINJAI","permitNumber":"24/I.03a/PTSP/2019","permitType":"SDR","miningType":"IUP","commodity":"SIRTU","status":"2","validFrom":"2019-10-23","validTo":"2024-10-02","areaHa":0.7100000000000001,"location":"DESA MANIMPAHOI KECAMATAN SINJAI TENGAH","sourceRemark":"-","region":"sulawesi"},"geometry":{"type":"Polygon","coordinates":[[[120.11648,-5.19445],[120.11561,-5.19686],[120.11623,-5.19646],[120.11648,-5.19445]]]}},{"type":"Feature","properties":{"inventoryId":"big-mining-wiup:1745","sector":"Tambang","subtype":"WIUP","quality":"OFFICIAL","sourceDataset":"big-mining-wiup","sourceRecordId":"1745","source":"BIG Kebijakan Satu Peta","sourceUrl":"https://kspservices.big.go.id/satupeta/rest/services/PUBLIK/PERIZINAN_DAN_PERTANAHAN/MapServer/4","retrievedAt":"2026-08-28T06:57:32Z","geometryProcessing":"web display simplification tolerance 0.00035 degrees","name":"ANEKA NUSANTARA INTERNASIONAL","issuer":"BUPATI","province":"SULAWESI TENGAH","district":"BANGGAI","permitNumber":"541.15/1085/DISTAMBEN","permitType":"PT","miningType":"IUP","commodity":"NIKEL","status":"2","validFrom":"2009-11-02","validTo":"2024-11-02","areaHa":1455.0,"location":"DESA HION, KONINIS, T. ULOS, DEMANGAN JAYA DAN GONOHOP KEC. BUNTA","sourceRemark":"-","region":"sulawesi"},"geometry":{"type":"Polygon","coordinates":[[[122.20028,-0.83333],[122.20028,-0.83639],[122.20389,-0.83639],[122.20389,-0.84111],[122.20667,-0.84111],[122.20667,-0.84778],[122.21139,-0.84778],[122.21139,-0.85],[122.21778,-0.85],[122.21778,-0.85278],[122.22306,-0.85278],[122.22306,-0.85694],[122.23361,-0.85694],[122.23361,-0.86333],[122.24194,-0.86333],[122.24194,-0.86083],[122.25028,-0.86083],[122.25028,-0.86361],[122.25444,-0.86361],[122.25444,-0.86978],[122.26667,-0.86978],[122.26667,-0.85833],[122.25,-0.85833],[122.25,-0.83333],[122.20028,-0.83333]]]}},{"type":"Feature","properties":{"inventoryId":"big-mining-wiup:1212","sector":"Tambang","subtype":"WIUP","quality":"OFFICIAL","sourceDataset":"big-mining-wiup","sourceRecordId":"1212","source":"BIG Kebijakan Satu Peta","sourceUrl":"https://kspservices.big.go.id/satupeta/rest/services/PUBLIK/PERIZINAN_DAN_PERTANAHAN/MapServer/4","retrievedAt":"2026-08-28T06:57:32Z","geometryProcessing":"web display simplification tolerance 0.00035 degrees","name":"ANEKA TAMBANG TBK","issuer":"BUPATI","province":"SULAWESI TENGGARA","district":"KONAWE UTARA","permitNumber":"15 TAHUN 2010","permitType":"PT","miningType":"IUP","commodity":"NIKEL","status":"2","validFrom":"2010-01-11","validTo":"2030-01-11","areaHa":6213.0,"location":"KEC. LASOLO, KONAWE","sourceRemark":"BUMN","region":"sulawesi"},"geometry":{"type":"Polygon","coordinates":[[[122.26667,-3.43333],[122.26667,-3.45833],[122.25,-3.45833],[122.25,-3.46667],[122.25833,-3.46667],[122.25833,-3.48333],[122.27917,-3.48333],[122.27917,-3.59167],[122.29167,-3.59167],[122.29167,-3.58333],[122.35833,-3.58333],[122.35833,-3.56667],[122.34167,-3.56667],[122.34167,-3.53333],[122.29167,-3.53333],[122.29167,-3.55833],[122.28333,-3.55833],[122.28333,-3.48333],[122.29167,-3.48333],[122.29167,-3.475],[122.3,-3.475],[122.3,-3.45833],[122.29167,-3.45833],[122.29167,-3.45],[122.28333,-3.45],[122.28333,-3.43333],[122.26667,-3.43333]]]}},{"type":"Feature","properties":{"inventoryId":"big-mining-wiup:1255","sector":"Tambang","subtype":"WIUP","quality":"OFFICIAL","sourceDataset":"big-mining-wiup","sourceRecordId":"1255","source":"BIG Kebijakan Satu Peta","sourceUrl":"https://kspservices.big.go.id/satupeta/rest/services/PUBLIK/PERIZINAN_DAN_PERTANAHAN/MapServer/4","retrievedAt":"2026-08-28T06:57:32Z","geometryProcessing":"web display simplification tolerance 0.00035 degrees","name":"ANEKA TAMBANG TBK","issuer":"BUPATI","province":"SULAWESI TENGGARA","district":"KONAWE UTARA","permitNumber":"158 TAHUN 2010","permitType":"PT","miningType":"IUP","commodity":"BIJIH NIKEL","status":"2","validFrom":"2010-04-29","validTo":"2030-04-29","areaHa":16920.0,"location":"KEC. ASERA DAN MOLAWE, KAB. KONAWE","sourceRemark":"BUMN","region":"sulawesi"},"geometry":{"type":"Polygon","coordinates":[[[122.08514,-3.37056],[122.08514,-3.44737],[122.07564,-3.44737],[122.07564,-3.46617],[122.11651,-3.46617],[122.11651,-3.475],[122.13333,-3.475],[122.13333,-3.49167],[122.15,-3.49167],[122.15,-3.5],[122.16417,-3.5],[122.16417,-3.53387],[122.14955,-3.53387],[122.14955,-3.57556],[122.15794,-3.57556],[122.15794,-3.58385],[122.1662,-3.58385],[122.1662,-3.59234],[122.18279,-3.59234],[122.18279,-3.56379],[122.19361,-3.56379],[122.19367,-3.56011],[122.21912,-3.56011],[122.21912,-3.55053],[122.21621,-3.55053],[122.21621,-3.54216],[122.19123,-3.54216],[122.19123,-3.53387],[122.175,-3.53387],[122.175,-3.49167],[122.19146,-3.49167],[122.19146,-3.47481],[122.18249,-3.47481],[122.18249,-3.45533],[122.15833,-3.45533],[122.15833,-3.425],[122.16667,-3.425],[122.16667,-3.41667],[122.2,-3.41667],[122.2,-3.40833],[122.24167,-3.40833],[122.24167,-3.45833],[122.26667,-3.45833],[122.26667,-3.41667],[122.25,-3.41667],[122.25,-3.4],[122.13751,-3.4],[122.13751,-3.37067],[122.08514,-3.37056]]]}},{"type":"Feature","properties":{"inventoryId":"big-mining-wiup:1998","sector":"Tambang","subtype":"WIUP","quality":"OFFICIAL","sourceDataset":"big-mining-wiup","sourceRecordId":"1998","source":"BIG Kebijakan Satu Peta","sourceUrl":"https://kspservices.big.go.id/satupeta/rest/services/PUBLIK/PERIZINAN_DAN_PERTANAHAN/MapServer/4","retrievedAt":"2026-08-28T06:57:32Z","geometryProcessing":"web display simplification tolerance 0.00035 degrees","name":"ANEKA TAMBANG TBK","issuer":"MENTERI","province":"SULAWESI TENGGARA","district":"KOLAKA","permitNumber":"173/1/IUP/PMDN/2020","permitType":"PT","miningType":"IUP","commodity":"NIKEL","status":"2","validFrom":"2020-05-18","validTo":"2034-03-14","areaHa":584.3,"location":"KEC. POMALAA","sourceRemark":"BUMN","region":"sulawesi"},"geometry":{"type":"Polygon","coordinates":[[[121.54167,-4.25833],[121.54167,-4.2875],[121.55528,-4.2875],[121.55528,-4.29056],[121.55833,-4.29056],[121.55833,-4.27361],[121.56433,-4.27361],[121.56433,-4.26508],[121.54767,-4.26508],[121.54767,-4.25833],[121.54167,-4.25833]]]}},{"type":"Feature","properties":{"inventoryId":"big-mining-wiup:1999","sector":"Tambang","subtype":"WIUP","quality":"OFFICIAL","sourceDataset":"big-mining-wiup","sourceRecordId":"1999","source":"BIG Kebijakan Satu Peta","sourceUrl":"https://kspservices.big.go.id/satupeta/rest/services/PUBLIK/PERIZINAN_DAN_PERTANAHAN/MapServer/4","retrievedAt":"2026-08-28T06:57:32Z","geometryProcessing":"web display simplification tolerance 0.00035 degrees","name":"ANEKA TAMBANG TBK","issuer":"MENTERI","province":"SULAWESI TENGGARA","district":"KOLAKA","permitNumber":"172/1/IUP/PMDN/2020","permitType":"PT","miningType":"IUP","commodity":"NIKEL","status":"2","validFrom":"2020-05-18","validTo":"2030-06-25","areaHa":1954.0,"location":"KEC. POMALAA","sourceRemark":"BUMN","region":"sulawesi"},"geometry":{"type":"Polygon","coordinates":[[[121.58666,-4.175],[121.58666,-4.19167],[121.59167,-4.19167],[121.59167,-4.19842],[121.606,-4.19842],[121.606,-4.20675],[121.61433,-4.20675],[121.61433,-4.21508],[121.62267,-4.21508],[121.62267,-4.22342],[121.62911,-4.22342],[121.64631,-4.17777],[121.65034,-4.17777],[121.65034,-4.17456],[121.64722,-4.17456],[121.64722,-4.17639],[121.64583,-4.17639],[121.64583,-4.17722],[121.64373,-4.17722],[121.64373,-4.17768],[121.63744,-4.17768],[121.63744,-4.17877],[121.62639,-4.17877],[121.62639,-4.18056],[121.6217,-4.18056],[121.6217,-4.1767],[121.61806,-4.1767],[121.61806,-4.17972],[121.60417,-4.17972],[121.60417,-4.175],[121.58666,-4.175]],[[121.63186,-4.17986],[121.64087,-4.17899],[121.64064,-4.18333],[121.63186,-4.18333],[121.63186,-4.17986]]]}},{"type":"Feature","properties":{"inventoryId":"big-mining-wiup:2102","sector":"Tambang","subtype":"WIUP","quality":"OFFICIAL","sourceDataset":"big-mining-wiup","sourceRecordId":"2102","source":"BIG Kebijakan Satu Peta","sourceUrl":"https://kspservices.big.go.id/satupeta/rest/services/PUBLIK/PERIZINAN_DAN_PERTANAHAN/MapServer/4","retrievedAt":"2026-08-28T06:57:32Z","geometryProcessing":"web display simplification tolerance 0.00035 degrees","name":"ANEKA TAMBANG TBK","issuer":"MENTERI","province":"SULAWESI TENGGARA","district":"KOLAKA","permitNumber":"175/1/IUP/PMDN/2020","permitType":"PT","miningType":"IUP","commodity":"NIKEL","status":"2","validFrom":"2020-05-18","validTo":"2030-06-25","areaHa":878.2,"location":"KEC. POMALAA","sourceRemark":"BUMN","region":"sulawesi"},"geometry":{"type":"Polygon","coordinates":[[[121.52413,-4.23887],[121.52413,-4.25532],[121.52824,-4.25532],[121.52824,-4.26382],[121.52413,-4.26382],[121.52413,-4.27497],[121.52968,-4.27497],[121.52968,-4.27917],[121.54167,-4.27917],[121.54167,-4.25],[121.55,-4.25],[121.55,-4.24186],[121.54026,-4.24186],[121.54026,-4.23887],[121.52413,-4.23887]]]}},{"type":"Feature","properties":{"inventoryId":"big-mining-wiup:332","sector":"Tambang","subtype":"WIUP","quality":"OFFICIAL","sourceDataset":"big-mining-wiup","sourceRecordId":"332","source":"BIG Kebijakan Satu Peta","sourceUrl":"https://kspservices.big.go.id/satupeta/rest/services/PUBLIK/PERIZINAN_DAN_PERTANAHAN/MapServer/4","retrievedAt":"2026-08-28T06:57:32Z","geometryProcessing":"web display simplification tolerance 0.00035 degrees","name":"ANEKA TAMBANG TBK","issuer":"BUPATI","province":"SULAWESI TENGGARA","district":"KOLAKA","permitNumber":"150 TAHUN 2013","permitType":"PT","miningType":"IUP","commodity":"NIKEL","status":"2","validFrom":"2013-02-28","validTo":"2023-02-28","areaHa":195.0,"location":"PULAU MANIANG, KEC. WUNDULAKO","sourceRemark":"BUMN","region":"sulawesi"},"geometry":{"type":"Polygon","coordinates":[[[121.50046,-4.2004],[121.50046,-4.19472],[121.49221,-4.19472],[121.49221,-4.1928],[121.48725,-4.1928],[121.48725,-4.19506],[121.47995,-4.19506],[121.47995,-4.19731],[121.47545,-4.19731],[121.47545,-4.20181],[121.47319,-4.20181],[121.47319,-4.20632],[121.47094,-4.20632],[121.47094,-4.20857],[121.47995,-4.20857],[121.47995,-4.20407],[121.48456,-4.20407],[121.48456,-4.20181],[121.48671,-4.20181],[121.48671,-4.19731],[121.48896,-4.19731],[121.48896,-4.19509],[121.50005,-4.19509],[121.50005,-4.20116],[121.49797,-4.20116],[121.49797,-4.20289],[121.50246,-4.20289],[121.50246,-4.2004],[121.50046,-4.2004]]]}},{"type":"Feature","properties":{"inventoryId":"big-mining-wiup:566","sector":"Tambang","subtype":"WIUP","quality":"OFFICIAL","sourceDataset":"big-mining-wiup","sourceRecordId":"566","source":"BIG Kebijakan Satu Peta","sourceUrl":"https://kspservices.big.go.id/satupeta/rest/services/PUBLIK/PERIZINAN_DAN_PERTANAHAN/MapServer/4","retrievedAt":"2026-08-28T06:57:32Z","geometryProcessing":"web display simplification tolerance 0.00035 degrees","name":"ANEKA TAMBANG TBK","issuer":"MENTERI","province":"SULAWESI TENGGARA","district":"KOLAKA","permitNumber":"174/1/IUP/PMDN/2020","permitType":"PT","miningType":"IUP","commodity":"NIKEL","status":"2","validFrom":"2020-05-18","validTo":"2034-03-14","areaHa":2712.0,"location":"KEC. POMALAA","sourceRemark":"BUMN","region":"sulawesi"},"geometry":{"type":"Polygon","coordinates":[[[121.581,-4.19842],[121.581,-4.23887],[121.58639,-4.23887],[121.58639,-4.24139],[121.58975,-4.24139],[121.58975,-4.24528],[121.59297,-4.24528],[121.59297,-4.25028],[121.59611,-4.25028],[121.59611,-4.25889],[121.59803,-4.25889],[121.59803,-4.26667],[121.6125,-4.26667],[121.6125,-4.26344],[121.61559,-4.26344],[121.61559,-4.25627],[121.61823,-4.25627],[121.61823,-4.24911],[121.621,-4.24911],[121.621,-4.24194],[121.6237,-4.24194],[121.6237,-4.23477],[121.62639,-4.23477],[121.62639,-4.22761],[121.62911,-4.22761],[121.62911,-4.22342],[121.62267,-4.22342],[121.62267,-4.21508],[121.61433,-4.21508],[121.61433,-4.20675],[121.606,-4.20675],[121.606,-4.19842],[121.581,-4.19842]]]}},{"type":"Feature","properties":{"inventoryId":"big-mining-wiup:333","sector":"Tambang","subtype":"WIUP","quality":"OFFICIAL","sourceDataset":"big-mining-wiup","sourceRecordId":"333","source":"BIG Kebijakan Satu Peta","sourceUrl":"https://kspservices.big.go.id/satupeta/rest/services/PUBLIK/PERIZINAN_DAN_PERTANAHAN/MapServer/4","retrievedAt":"2026-08-28T06:57:32Z","geometryProcessing":"web display simplification tolerance 0.00035 degrees","name":"ANEKA USAHA KOLAKA","issuer":"GUBERNUR","province":"SULAWESI TENGGARA","district":"KOLAKA","permitNumber":"299/DPM-PTSP/IV/2018","permitType":"PD","miningType":"IUP","commodity":"NIKEL","status":"2","validFrom":"2018-04-02","validTo":"2028-04-01","areaHa":340.0,"location":"POMALAA","sourceRemark":"-","region":"sulawesi"},"geometry":{"type":"Polygon","coordinates":[[[121.65034,-4.17456],[121.65034,-4.17777],[121.64631,-4.17777],[121.63572,-4.20539],[121.63767,-4.20567],[121.63767,-4.20686],[121.64067,-4.20686],[121.64067,-4.20808],[121.64331,-4.20808],[121.64331,-4.20567],[121.646,-4.20567],[121.646,-4.1985],[121.64872,-4.1985],[121.64872,-4.19133],[121.65142,-4.19133],[121.65142,-4.18417],[121.65414,-4.18417],[121.65414,-4.177],[121.65683,-4.177],[121.65683,-4.17342],[121.65633,-4.17342],[121.65633,-4.17456],[121.65034,-4.17456]]]}},{"type":"Feature","properties":{"inventoryId":"big-mining-wiup:59","sector":"Tambang","subtype":"WIUP","quality":"OFFICIAL","sourceDataset":"big-mining-wiup","sourceRecordId":"59","source":"BIG Kebijakan Satu Peta","sourceUrl":"https://kspservices.big.go.id/satupeta/rest/services/PUBLIK/PERIZINAN_DAN_PERTANAHAN/MapServer/4","retrievedAt":"2026-08-28T06:57:32Z","geometryProcessing":"web display simplification tolerance 0.00035 degrees","name":"ANG AND FANG BROTHER","issuer":"MENTERI","province":"SULAWESI TENGAH","district":"MOROWALI","permitNumber":"352/1/IUP/PMDN/2022","permitType":"PT","miningType":"IUP","commodity":"NIKEL","status":"2","validFrom":"2022-02-16","validTo":"2032-04-19","areaHa":775.0,"location":"DESA LALAMPU KEC.BAHODOPI","sourceRemark":"-","region":"sulawesi"},"geometry":{"type":"Polygon","coordinates":[[[122.06515,-2.804],[122.06515,-2.81667],[122.06593,-2.81667],[122.06593,-2.83169],[122.0719,-2.83169],[122.0719,-2.82155],[122.08849,-2.82155],[122.089,-2.79196],[122.09569,-2.79196],[122.09569,-2.78723],[122.08125,-2.78723],[122.08125,-2.804],[122.06515,-2.804]]]}},{"type":"Feature","properties":{"inventoryId":"big-mining-wiup:2425","sector":"Tambang","subtype":"WIUP","quality":"OFFICIAL","sourceDataset":"big-mining-wiup","sourceRecordId":"2425","source":"BIG Kebijakan Satu Peta","sourceUrl":"https://kspservices.big.go.id/satupeta/rest/services/PUBLIK/PERIZINAN_DAN_PERTANAHAN/MapServer/4","retrievedAt":"2026-08-28T06:57:32Z","geometryProcessing":"web display simplification tolerance 0.00035 degrees","name":"ANITA BURO","issuer":"GUBERNUR","province":"SULAWESI SELATAN","district":"LUWU UTARA","permitNumber":"110/I.03/PTSP/2019","permitType":"SDR","miningType":"IUP","commodity":"SIRTU","status":"2","validFrom":"2019-12-31","validTo":"2024-12-21","areaHa":8.348,"location":"SABBANG, LUWU UTARA, SULSEL","sourceRemark":"-","region":"sulawesi"},"geometry":{"type":"Polygon","coordinates":[[[120.16661,-2.72386],[120.16559,-2.72416],[120.16559,-2.72268],[120.16372,-2.72268],[120.16372,-2.72403],[120.16273,-2.72403],[120.16247,-2.72321],[120.16247,-2.7245],[120.164,-2.7245],[120.16438,-2.72309],[120.16526,-2.72309],[120.16526,-2.72461],[120.16887,-2.72493],[120.16887,-2.72419],[120.16994,-2.72419],[120.16994,-2.72505],[120.17105,-2.72505],[120.17105,-2.72412],[120.17029,-2.72412],[120.17029,-2.72371],[120.16845,-2.72371],[120.16845,-2.7244],[120.1679,-2.7244],[120.1679,-2.72386],[120.16661,-2.72386]]]}},{"type":"Feature","properties":{"inventoryId":"big-mining-wiup:4542","sector":"Tambang","subtype":"WIUP","quality":"OFFICIAL","sourceDataset":"big-mining-wiup","sourceRecordId":"4542","source":"BIG Kebijakan Satu Peta","sourceUrl":"https://kspservices.big.go.id/satupeta/rest/services/PUBLIK/PERIZINAN_DAN_PERTANAHAN/MapServer/4","retrievedAt":"2026-08-28T06:57:32Z","geometryProcessing":"web display simplification tolerance 0.00035 degrees","name":"ANUGERAH ARGA PRATAMA","issuer":"BUPATI","province":"SULAWESI TENGAH","district":"MOROWALI","permitNumber":"540.3/SK.005/DESDM/VII/2011","permitType":"PT","miningType":"IUP","commodity":"NIKEL","status":"2","validFrom":"2011-07-12","validTo":"2031-07-12","areaHa":1855.0,"location":"MAMOSALATO, MOROWALI","sourceRemark":"-","region":"sulawesi"},"geometry":{"type":"Polygon","coordinates":[[[121.99971,-1.53864],[121.96638,-1.53864],[121.96638,-1.54467],[121.94696,-1.54467],[121.94696,-1.55689],[121.92456,-1.55689],[121.92456,-1.57746],[121.90847,-1.57746],[121.90847,-1.58729],[121.92575,-1.58729],[121.92575,-1.60493],[121.94422,-1.60493],[121.94422,-1.59123],[121.92886,-1.59123],[121.92886,-1.56474],[121.95971,-1.56474],[121.95971,-1.55852],[121.9772,-1.55852],[121.9772,-1.55222],[121.99971,-1.55222],[121.99971,-1.53864]]]}},{"type":"Feature","properties":{"inventoryId":"big-mining-wiup:955","sector":"Tambang","subtype":"WIUP","quality":"OFFICIAL","sourceDataset":"big-mining-wiup","sourceRecordId":"955","source":"BIG Kebijakan Satu Peta","sourceUrl":"https://kspservices.big.go.id/satupeta/rest/services/PUBLIK/PERIZINAN_DAN_PERTANAHAN/MapServer/4","retrievedAt":"2026-08-28T06:57:32Z","geometryProcessing":"web display simplification tolerance 0.00035 degrees","name":"ANUGERAH BANGUN MAKMUR","issuer":"GUBERNUR","province":"SULAWESI TENGAH","district":"BANGGAI","permitNumber":"540/355/IUP-OP/PGH/DPMPTSP/2017","permitType":"PT","miningType":"IUP","commodity":"NIKEL","status":"2","validFrom":"2017-04-19","validTo":"2035-03-23","areaHa":4335.0,"location":"KEC. PAGIMANA, BANGGAI","sourceRemark":"-","region":"sulawesi"},"geometry":{"type":"Polygon","coordinates":[[[122.99972,-0.68222],[122.99972,-0.67917],[122.97889,-0.67917],[122.97889,-0.69667],[122.97639,-0.69667],[122.97639,-0.71583],[122.99972,-0.71583],[122.99972,-0.70833],[123.04028,-0.70833],[123.04028,-0.69417],[123.06056,-0.69417],[123.06056,-0.65694],[123.07444,-0.65694],[123.07445,-0.65519],[123.08585,-0.65519],[123.08587,-0.65694],[123.09329,-0.65694],[123.09333,-0.65139],[123.10396,-0.65139],[123.10396,-0.64667],[123.12669,-0.64667],[123.12669,-0.65028],[123.13278,-0.65028],[123.13278,-0.61778],[123.12111,-0.61778],[123.12111,-0.63167],[123.08389,-0.63167],[123.08389,-0.63528],[123.06917,-0.63528],[123.06917,-0.61833],[123.05889,-0.61833],[123.05889,-0.68222],[123.04654,-0.68222],[123.04654,-0.69177],[123.03229,-0.69177],[123.03229,-0.69322],[123.00809,-0.69322],[123.00809,-0.68222],[122.99972,-0.68222]]]}},{"type":"Feature","properties":{"inventoryId":"big-mining-wiup:2433","sector":"Tambang","subtype":"WIUP","quality":"OFFICIAL","sourceDataset":"big-mining-wiup","sourceRecordId":"2433","source":"BIG Kebijakan Satu Peta","sourceUrl":"https://kspservices.big.go.id/satupeta/rest/services/PUBLIK/PERIZINAN_DAN_PERTANAHAN/MapServer/4","retrievedAt":"2026-08-28T06:57:32Z","geometryProcessing":"web display simplification tolerance 0.00035 degrees","name":"ANUGERAH BATUALAM INDUSTRI","issuer":"GUBERNUR","province":"SULAWESI SELATAN","district":"PANGKEP","permitNumber":"3/I.03/PTSP/2019","permitType":"PT","miningType":"IUP","commodity":"MARMER","status":"2","validFrom":"2019-01-09","validTo":"2024-01-08","areaHa":28.62,"location":"LABAKKANG, PANGKEP","sourceRemark":"-","region":"sulawesi"},"geometry":{"type":"Polygon","coordinates":[[[119.62444,-4.75328],[119.62444,-4.75657],[119.62236,-4.75711],[119.62236,-4.75838],[119.62331,-4.75838],[119.62331,-4.75785],[119.62895,-4.75785],[119.62895,-4.75328],[119.62444,-4.75328]]]}},{"type":"Feature","properties":{"inventoryId":"big-mining-wiup:879","sector":"Tambang","subtype":"WIUP","quality":"OFFICIAL","sourceDataset":"big-mining-wiup","sourceRecordId":"879","source":"BIG Kebijakan Satu Peta","sourceUrl":"https://kspservices.big.go.id/satupeta/rest/services/PUBLIK/PERIZINAN_DAN_PERTANAHAN/MapServer/4","retrievedAt":"2026-08-28T06:57:32Z","geometryProcessing":"web display simplification tolerance 0.00035 degrees","name":"ANUGERAH BUMI GEMILANG","issuer":"GUBERNUR","province":"SULAWESI TENGAH","district":"BANGGAI","permitNumber":"540/356/IUP-OP/PGH/DPMPTSP/2017","permitType":"PT","miningType":"IUP","commodity":"NIKEL","status":"2","validFrom":"2015-09-02","validTo":"2035-05-15","areaHa":4100.0,"location":"KEC TOILI DAN TOILI BARAT, KAB","sourceRemark":"-","region":"sulawesi"},"geometry":{"type":"Polygon","coordinates":[[[122.2625,-1.475],[122.2625,-1.45833],[122.31111,-1.45833],[122.31111,-1.44333],[122.32778,-1.44333],[122.32778,-1.40833],[122.3,-1.40833],[122.3,-1.44694],[122.19833,-1.44694],[122.19833,-1.475],[122.22856,-1.475],[122.22856,-1.46708],[122.23039,-1.46708],[122.23039,-1.475],[122.24797,-1.475],[122.24797,-1.46936],[122.24986,-1.46936],[122.24986,-1.475],[122.2625,-1.475]]]}},{"type":"Feature","properties":{"inventoryId":"big-mining-wiup:2677","sector":"Tambang","subtype":"WIUP","quality":"OFFICIAL","sourceDataset":"big-mining-wiup","sourceRecordId":"2677","source":"BIG Kebijakan Satu Peta","sourceUrl":"https://kspservices.big.go.id/satupeta/rest/services/PUBLIK/PERIZINAN_DAN_PERTANAHAN/MapServer/4","retrievedAt":"2026-08-28T06:57:32Z","geometryProcessing":"web display simplification tolerance 0.00035 degrees","name":"ANUGERAH KARYA JAYA MANDIRI","issuer":"GUBERNUR","province":"SULAWESI TENGAH","district":"KOTA PALU","permitNumber":"540/463/IUP-OP/DPMPTSP/2020","permitType":"PT","miningType":"IUP","commodity":"BATU GUNUNG QUARRY BESAR","status":"2","validFrom":"2020-09-17","validTo":"2025-09-17","areaHa":7.34,"location":"KEL. WATUSAMPU, KEC. ULUJADI, KOTA PALU","sourceRemark":"-","region":"sulawesi"},"geometry":{"type":"Polygon","coordinates":[[[119.79526,-0.81023],[119.79238,-0.81023],[119.79262,-0.81155],[119.79205,-0.81217],[119.79526,-0.8123],[119.79526,-0.81023]]]}},{"type":"Feature","properties":{"inventoryId":"big-mining-wiup:4269","sector":"Tambang","subtype":"WIUP","quality":"OFFICIAL","sourceDataset":"big-mining-wiup","sourceRecordId":"4269","source":"BIG Kebijakan Satu Peta","sourceUrl":"https://kspservices.big.go.id/satupeta/rest/services/PUBLIK/PERIZINAN_DAN_PERTANAHAN/MapServer/4","retrievedAt":"2026-08-28T06:57:32Z","geometryProcessing":"web display simplification tolerance 0.00035 degrees","name":"ANUGERAH TOMPIRA NIKEL","issuer":"MENTERI","province":"SULAWESI TENGAH","district":"BANGGAI","permitNumber":"201/1/IUP/PMDN/2022","permitType":"PT","miningType":"IUP","commodity":"NIKEL","status":"2","validFrom":"2022-01-28","validTo":"2042-01-28","areaHa":1240.0,"location":"KECAMATAN MASAMA, KABUPATEN BANGGAI","sourceRemark":"-","region":"sulawesi"},"geometry":{"type":"Polygon","coordinates":[[[123.04611,-0.77694],[123.04611,-0.80917],[123.08333,-0.80917],[123.08333,-0.81389],[123.1,-0.81389],[123.1,-0.80901],[123.09583,-0.80901],[123.09583,-0.80819],[123.08889,-0.80819],[123.08889,-0.80414],[123.09159,-0.80414],[123.09159,-0.80233],[123.09594,-0.80233],[123.09594,-0.79784],[123.10694,-0.79784],[123.10694,-0.7986],[123.10833,-0.7986],[123.10833,-0.8],[123.10972,-0.8],[123.10972,-0.80139],[123.11111,-0.80139],[123.11111,-0.80278],[123.11456,-0.80278],[123.11456,-0.80543],[123.11122,-0.80543],[123.11122,-0.80457],[123.10889,-0.80457],[123.10889,-0.80667],[123.12917,-0.80667],[123.12917,-0.79583],[123.05,-0.79583],[123.05,-0.77694],[123.04611,-0.77694]]]}},{"type":"Feature","properties":{"inventoryId":"big-mining-wiup:4460","sector":"Tambang","subtype":"WIUP","quality":"OFFICIAL","sourceDataset":"big-mining-wiup","sourceRecordId":"4460","source":"BIG Kebijakan Satu Peta","sourceUrl":"https://kspservices.big.go.id/satupeta/rest/services/PUBLIK/PERIZINAN_DAN_PERTANAHAN/MapServer/4","retrievedAt":"2026-08-28T06:57:32Z","geometryProcessing":"web display simplification tolerance 0.00035 degrees","name":"ANUGRAH BUKIT BESAR","issuer":"BUPATI","province":"SULAWESI TENGGARA","district":"KOLAKA UTARA","permitNumber":"540/126 TAHUN 2014","permitType":"PT","miningType":"IUP","commodity":"NIKEL DMP","status":"2","validFrom":"2015-05-15","validTo":"2029-05-15","areaHa":2473.0,"location":"DESA PARUNG LAMPE, KECAMATAN BATU PUTIH","sourceRemark":"-","region":"sulawesi"},"geometry":{"type":"Polygon","coordinates":[[[121.10672,-3.10247],[121.13385,-3.10247],[121.13385,-3.0843],[121.12732,-3.0843],[121.12732,-3.05996],[121.15811,-3.05996],[121.15811,-3.04042],[121.10672,-3.04042],[121.10672,-3.10247]]]}},{"type":"Feature","properties":{"inventoryId":"big-mining-wiup:4483","sector":"Tambang","subtype":"WIUP","quality":"OFFICIAL","sourceDataset":"big-mining-wiup","sourceRecordId":"4483","source":"BIG Kebijakan Satu Peta","sourceUrl":"https://kspservices.big.go.id/satupeta/rest/services/PUBLIK/PERIZINAN_DAN_PERTANAHAN/MapServer/4","retrievedAt":"2026-08-28T06:57:32Z","geometryProcessing":"web display simplification tolerance 0.00035 degrees","name":"ANUGRAH BUKIT BESAR","issuer":"BUPATI","province":"SULAWESI TENGGARA","district":"KOLAKA UTARA","permitNumber":"540/119 TAHUN 2014","permitType":"PT","miningType":"IUP","commodity":"NIKEL DMP","status":"2","validFrom":"2014-03-10","validTo":"2029-03-10","areaHa":501.0,"location":"DESA LAWAKI JAYA, KECAMATAN TOLALA","sourceRemark":"-","region":"sulawesi"},"geometry":{"type":"Polygon","coordinates":[[[121.04469,-2.85635],[121.04669,-2.85635],[121.04669,-2.85855],[121.04929,-2.85855],[121.04929,-2.864],[121.04699,-2.864],[121.04699,-2.86702],[121.04978,-2.86702],[121.04978,-2.86994],[121.0545,-2.86994],[121.0545,-2.87629],[121.06064,-2.87629],[121.06064,-2.87457],[121.06486,-2.87457],[121.06486,-2.87211],[121.06612,-2.87211],[121.06612,-2.86849],[121.06502,-2.86849],[121.06502,-2.86673],[121.06631,-2.86673],[121.06631,-2.86441],[121.06376,-2.86441],[121.06376,-2.86262],[121.06194,-2.86262],[121.06194,-2.85636],[121.06403,-2.85636],[121.06403,-2.85402],[121.06671,-2.85402],[121.06671,-2.84977],[121.05336,-2.84977],[121.05336,-2.84842],[121.05068,-2.84842],[121.05068,-2.84679],[121.0465,-2.84679],[121.0465,-2.84989],[121.04469,-2.84989],[121.04469,-2.85635]]]}},{"type":"Feature","properties":{"inventoryId":"big-mining-wiup:479","sector":"Tambang","subtype":"WIUP","quality":"OFFICIAL","sourceDataset":"big-mining-wiup","sourceRecordId":"479","source":"BIG Kebijakan Satu Peta","sourceUrl":"https://kspservices.big.go.id/satupeta/rest/services/PUBLIK/PERIZINAN_DAN_PERTANAHAN/MapServer/4","retrievedAt":"2026-08-28T06:57:32Z","geometryProcessing":"web display simplification tolerance 0.00035 degrees","name":"ANUGRAH HARISMA BARAKAH","issuer":"GUBERNUR","province":"SULAWESI TENGGARA","district":"BOMBANA, BUTON","permitNumber":"221/BKPMD-PTSP/V/2016","permitType":"PT","miningType":"IUP","commodity":"NIKEL","status":"2","validFrom":"2010-07-26","validTo":"2030-07-25","areaHa":2527.0,"location":"KEC TALAGA KAB BUTON DAN KEC K","sourceRemark":"-","region":"sulawesi"},"geometry":{"type":"Polygon","coordinates":[[[121.89934,-5.39878],[121.91969,-5.39844],[121.91969,-5.39891],[121.92355,-5.39893],[121.92355,-5.40109],[121.92439,-5.40109],[121.92439,-5.4096],[121.92355,-5.4096],[121.92355,-5.41803],[121.92793,-5.41803],[121.92793,-5.42197],[121.93187,-5.42197],[121.93187,-5.42728],[121.93595,-5.42728],[121.93595,-5.43335],[121.93958,-5.43335],[121.93958,-5.43789],[121.9417,-5.43789],[121.9417,-5.44274],[121.94398,-5.44274],[121.94398,-5.48216],[121.95423,-5.48216],[121.95424,-5.47664],[121.96164,-5.47664],[121.96164,-5.41753],[121.9583,-5.41753],[121.9583,-5.40916],[121.94927,-5.40916],[121.94927,-5.4102],[121.94647,-5.4102],[121.94647,-5.41146],[121.94178,-5.41146],[121.94178,-5.41729],[121.94051,-5.41729],[121.93991,-5.41924],[121.93838,-5.41924],[121.93838,-5.41813],[121.93727,-5.41646],[121.93399,-5.41703],[121.93312,-5.41505],[121.93239,-5.41505],[121.93239,-5.40643],[121.93366,-5.40643],[121.93366,-5.39827],[121.93081,-5.39827],[121.93081,-5.39431],[121.92564,-5.39431],[121.92564,-5.39292],[121.92465,-5.39292],[121.92465,-5.39131],[121.92348,-5.39131],[121.92348,-5.38917],[121.91944,-5.38917],[121.91944,-5.38662],[121.91571,-5.38662],[121.91571,-5.38572],[121.91481,-5.38572],[121.91481,-5.38472],[121.88417,-5.38472],[121.88417,-5.38861],[121.89238,-5.38861],[121.89238,-5.39408],[121.89934,-5.39408],[121.89934,-5.39878]]]}},{"type":"Feature","properties":{"inventoryId":"big-mining-wiup:3481","sector":"Tambang","subtype":"WIUP","quality":"OFFICIAL","sourceDataset":"big-mining-wiup","sourceRecordId":"3481","source":"BIG Kebijakan Satu Peta","sourceUrl":"https://kspservices.big.go.id/satupeta/rest/services/PUBLIK/PERIZINAN_DAN_PERTANAHAN/MapServer/4","retrievedAt":"2026-08-28T06:57:32Z","geometryProcessing":"web display simplification tolerance 0.00035 degrees","name":"ANUGRAH RAYA KALTINDO","issuer":"GUBERNUR","province":"SULAWESI TENGAH","district":"KOTA PALU","permitNumber":"540/618/IUP-OP/P/DPMPTSP/2020","permitType":"PT","miningType":"IUP","commodity":"KERIKIL BERPASIR ALAMI (SIRTU)","status":"2","validFrom":"2020-12-10","validTo":"2025-12-10","areaHa":10.6,"location":"JLN. POROS DONGGALA - PALU KM 12, WATUSAMPU, KEC. ULUJADI, KOTA PALU","sourceRemark":"-","region":"sulawesi"},"geometry":{"type":"Polygon","coordinates":[[[119.80686,-0.81695],[119.80643,-0.81443],[119.80415,-0.81476],[119.80415,-0.81672],[119.80347,-0.81705],[119.80347,-0.81808],[119.8046,-0.81808],[119.80478,-0.81744],[119.80648,-0.8178],[119.80686,-0.81695]]]}},{"type":"Feature","properties":{"inventoryId":"big-mining-wiup:4236","sector":"Tambang","subtype":"WIUP","quality":"OFFICIAL","sourceDataset":"big-mining-wiup","sourceRecordId":"4236","source":"BIG Kebijakan Satu Peta","sourceUrl":"https://kspservices.big.go.id/satupeta/rest/services/PUBLIK/PERIZINAN_DAN_PERTANAHAN/MapServer/4","retrievedAt":"2026-08-28T06:57:32Z","geometryProcessing":"web display simplification tolerance 0.00035 degrees","name":"APHASKO UTAMAJAYA","issuer":"GUBERNUR","province":"SULAWESI BARAT","district":"MAMUJU UTARA","permitNumber":"006/76/IUP.0P/PTSP.A/V/2020","permitType":"PT","miningType":"IUP","commodity":"KERIKIL BERPASIR ALAMI (SIRTU)","status":"2","validFrom":"2020-05-06","validTo":"2025-05-06","areaHa":8.1,"location":"DESA WULAI KEC.BAMBALAMOTU KAB.PASANGKAYU SULAWESI BARAT","sourceRemark":"-","region":"sulawesi"},"geometry":{"type":"Polygon","coordinates":[[[119.52843,-1.05523],[119.52719,-1.05343],[119.52636,-1.05343],[119.52636,-1.0521],[119.52577,-1.05183],[119.52502,-1.05183],[119.52529,-1.05387],[119.52205,-1.05426],[119.52133,-1.05321],[119.5207,-1.05321],[119.52161,-1.05607],[119.52204,-1.05607],[119.52186,-1.05478],[119.5234,-1.05427],[119.52705,-1.05403],[119.52843,-1.05523]]]}},{"type":"Feature","properties":{"inventoryId":"big-mining-wiup:559","sector":"Tambang","subtype":"WIUP","quality":"OFFICIAL","sourceDataset":"big-mining-wiup","sourceRecordId":"559","source":"BIG Kebijakan Satu Peta","sourceUrl":"https://kspservices.big.go.id/satupeta/rest/services/PUBLIK/PERIZINAN_DAN_PERTANAHAN/MapServer/4","retrievedAt":"2026-08-28T06:57:32Z","geometryProcessing":"web display simplification tolerance 0.00035 degrees","name":"APOLLO NICKEL INDONESIA","issuer":"BUPATI","province":"SULAWESI TENGGARA","district":"KONAWE UTARA","permitNumber":"622/DPM-PTSP/VI/2017","permitType":"PT","miningType":"IUP","commodity":"NIKEL","status":"2","validFrom":"2011-10-31","validTo":"2031-10-21","areaHa":106.0,"location":"KEC. LASOLO","sourceRemark":"-","region":"sulawesi"},"geometry":{"type":"Polygon","coordinates":[[[122.35742,-3.38333],[122.35742,-3.39051],[122.3693,-3.39051],[122.3693,-3.38333],[122.35742,-3.38333]]]}},{"type":"Feature","properties":{"inventoryId":"big-mining-wiup:2181","sector":"Tambang","subtype":"WIUP","quality":"OFFICIAL","sourceDataset":"big-mining-wiup","sourceRecordId":"2181","source":"BIG Kebijakan Satu Peta","sourceUrl":"https://kspservices.big.go.id/satupeta/rest/services/PUBLIK/PERIZINAN_DAN_PERTANAHAN/MapServer/4","retrievedAt":"2026-08-28T06:57:32Z","geometryProcessing":"web display simplification tolerance 0.00035 degrees","name":"ARAFURA SURYA ALAM","issuer":"BUPATI","province":"SULAWESI UTARA","district":"BOLAANG MONGONDOW TIMUR","permitNumber":"100 TAHUN 2013","permitType":"PT","miningType":"IUP","commodity":"EMAS DMP","status":"2","validFrom":"2013-06-10","validTo":"2023-06-10","areaHa":4000.0,"location":"DESA KOTABUNAN, KEC. KOTABUNAN, KAB.BOLAANG MONGONDOW TIMUR","sourceRemark":"-","region":"sulawesi"},"geometry":{"type":"Polygon","coordinates":[[[124.61667,0.85336],[124.58961,0.85336],[124.58961,0.80841],[124.60639,0.80841],[124.60639,0.80446],[124.62183,0.80446],[124.62183,0.81168],[124.65789,0.81168],[124.65789,0.83336],[124.6696,0.83336],[124.66959,0.85336],[124.61667,0.85336]]]}},{"type":"Feature","properties":{"inventoryId":"big-mining-wiup:442","sector":"Tambang","subtype":"WIUP","quality":"OFFICIAL","sourceDataset":"big-mining-wiup","sourceRecordId":"442","source":"BIG Kebijakan Satu Peta","sourceUrl":"https://kspservices.big.go.id/satupeta/rest/services/PUBLIK/PERIZINAN_DAN_PERTANAHAN/MapServer/4","retrievedAt":"2026-08-28T06:57:32Z","geometryProcessing":"web display simplification tolerance 0.00035 degrees","name":"ARGA MORINI INDAH","issuer":"GUBERNUR","province":"SULAWESI TENGGARA","district":"BUTON TENGAH","permitNumber":"219/DPMPTSP/IV/2020","permitType":"PT","miningType":"IUP","commodity":"NIKEL","status":"2","validFrom":"2007-07-12","validTo":"2027-07-11","areaHa":2834.96,"location":"KEC. TALAGA RAYA","sourceRemark":"-","region":"sulawesi"},"geometry":{"type":"Polygon","coordinates":[[[122.033,-5.45556],[122.03331,-5.42171],[122.01675,-5.42171],[122.01675,-5.42644],[121.96212,-5.42644],[121.96212,-5.46677],[121.97697,-5.46677],[121.97697,-5.45556],[122.033,-5.45556]]]}},{"type":"Feature","properties":{"inventoryId":"big-mining-wiup:585","sector":"Tambang","subtype":"WIUP","quality":"OFFICIAL","sourceDataset":"big-mining-wiup","sourceRecordId":"585","source":"BIG Kebijakan Satu Peta","sourceUrl":"https://kspservices.big.go.id/satupeta/rest/services/PUBLIK/PERIZINAN_DAN_PERTANAHAN/MapServer/4","retrievedAt":"2026-08-28T06:57:32Z","geometryProcessing":"web display simplification tolerance 0.00035 degrees","name":"ARGA MORINI INDOTAMA","issuer":"BUPATI","province":"SULAWESI TENGGARA","district":"BUTON TENGAH","permitNumber":"575/DPMPTSP/X/2020","permitType":"PT","miningType":"IUP","commodity":"NIKEL","status":"2","validFrom":"2010-02-18","validTo":"2030-02-18","areaHa":1026.0,"location":"KEC. TALAGA RAYA","sourceRemark":"-","region":"sulawesi"},"geometry":{"type":"Polygon","coordinates":[[[121.98896,-5.4186],[121.9889,-5.42069],[121.9861,-5.42069],[121.9861,-5.4236],[121.9815,-5.4236],[121.9815,-5.42639],[122.01667,-5.42639],[122.01667,-5.4216],[122.03333,-5.4216],[122.03333,-5.4372],[122.0417,-5.4372],[122.0417,-5.4309],[122.0447,-5.4309],[122.0447,-5.41778],[122.0431,-5.41778],[122.0431,-5.4105],[122.0371,-5.4105],[122.0371,-5.4072],[122.0339,-5.4072],[122.0339,-5.4057],[122.031,-5.4057],[122.031,-5.4041],[122.0274,-5.4041],[122.0274,-5.4025],[122.0213,-5.4025],[122.0213,-5.4062],[122.0196,-5.4062],[122.0196,-5.4108],[122.017,-5.4108],[122.017,-5.4125],[122.0148,-5.4125],[122.0148,-5.4165],[122.0068,-5.4165],[122.0068,-5.4186],[121.98896,-5.4186]]]}},{"type":"Feature","properties":{"inventoryId":"big-mining-wiup:2696","sector":"Tambang","subtype":"WIUP","quality":"OFFICIAL","sourceDataset":"big-mining-wiup","sourceRecordId":"2696","source":"BIG Kebijakan Satu Peta","sourceUrl":"https://kspservices.big.go.id/satupeta/rest/services/PUBLIK/PERIZINAN_DAN_PERTANAHAN/MapServer/4","retrievedAt":"2026-08-28T06:57:32Z","geometryProcessing":"web display simplification tolerance 0.00035 degrees","name":"ARI ZHARI ZHARAURI B.","issuer":"GUBERNUR","province":"SULAWESI SELATAN","district":"PANGKAJENE DAN KEPULAUAN","permitNumber":"76/I.03/PTSP/2019","permitType":"SDR","miningType":"IUP","commodity":"TANAH URUG","status":"2","validFrom":"2019-07-22","validTo":"2024-07-22","areaHa":19.57,"location":"DESA TONASA, KEC. BALOCCI, KAB. PANGKEP","sourceRemark":"-","region":"sulawesi"},"geometry":{"type":"Polygon","coordinates":[[[119.65613,-4.86946],[119.65327,-4.86946],[119.65268,-4.87464],[119.65405,-4.87464],[119.65405,-4.8738],[119.65599,-4.8738],[119.65599,-4.87328],[119.6565,-4.87328],[119.65613,-4.86946]]]}},{"type":"Feature","properties":{"inventoryId":"big-mining-wiup:183","sector":"Tambang","subtype":"WIUP","quality":"OFFICIAL","sourceDataset":"big-mining-wiup","sourceRecordId":"183","source":"BIG Kebijakan Satu Peta","sourceUrl":"https://kspservices.big.go.id/satupeta/rest/services/PUBLIK/PERIZINAN_DAN_PERTANAHAN/MapServer/4","retrievedAt":"2026-08-28T06:57:32Z","geometryProcessing":"web display simplification tolerance 0.00035 degrees","name":"ARKAMIRA MEMORIAL STONE","issuer":"GUBERNUR","province":"SULAWESI SELATAN","district":"PANGKAJENE DAN KEPULAUAN","permitNumber":"11/I.03a/PTSP/2019","permitType":"PT","miningType":"IUP","commodity":"MARMER","status":"2","validFrom":"2019-07-12","validTo":"2024-06-18","areaHa":13.0,"location":"DESA BULU TELLUE KECAMATAN TONDONG TALLASA","sourceRemark":"-","region":"sulawesi"},"geometry":{"type":"Polygon","coordinates":[[[119.69067,-4.84225],[119.6875,-4.84225],[119.6875,-4.84539],[119.69156,-4.84539],[119.69156,-4.8445],[119.69067,-4.8445],[119.69067,-4.84225]]]}},{"type":"Feature","properties":{"inventoryId":"big-mining-wiup:4463","sector":"Tambang","subtype":"WIUP","quality":"OFFICIAL","sourceDataset":"big-mining-wiup","sourceRecordId":"4463","source":"BIG Kebijakan Satu Peta","sourceUrl":"https://kspservices.big.go.id/satupeta/rest/services/PUBLIK/PERIZINAN_DAN_PERTANAHAN/MapServer/4","retrievedAt":"2026-08-28T06:57:32Z","geometryProcessing":"web display simplification tolerance 0.00035 degrees","name":"ARKAN BARA MANDIRI","issuer":"GUBERNUR","province":"SULAWESI TENGAH","district":"KOTA PALU","permitNumber":"540/517/IUP-OP/DPMPTSP/2020","permitType":"PT","miningType":"IUP","commodity":"BATUAN","status":"2","validFrom":"2020-10-27","validTo":"2025-10-27","areaHa":14.0,"location":"KELURAHAN BULURI KECAMTAN ULUJADI KOTA PALU PROVINSI SULAWESI TENGAH","sourceRemark":"-","region":"sulawesi"},"geometry":{"type":"Polygon","coordinates":[[[119.81106,-0.84836],[119.81106,-0.8502],[119.81293,-0.85072],[119.81293,-0.85152],[119.8149,-0.85152],[119.8149,-0.85041],[119.81582,-0.84976],[119.81582,-0.84836],[119.81106,-0.84836]]]}},{"type":"Feature","properties":{"inventoryId":"big-mining-wiup:4373","sector":"Tambang","subtype":"WIUP","quality":"OFFICIAL","sourceDataset":"big-mining-wiup","sourceRecordId":"4373","source":"BIG Kebijakan Satu Peta","sourceUrl":"https://kspservices.big.go.id/satupeta/rest/services/PUBLIK/PERIZINAN_DAN_PERTANAHAN/MapServer/4","retrievedAt":"2026-08-28T06:57:32Z","geometryProcessing":"web display simplification tolerance 0.00035 degrees","name":"ARSAD","issuer":"GUBERNUR","province":"SULAWESI SELATAN","district":"SOPPENG","permitNumber":"40/I.03.P./P2T/06/2017","permitType":"SDR","miningType":"IUP","commodity":"BATU GUNUNG QUARRY BESAR","status":"2","validFrom":"2017-06-12","validTo":"2022-06-11","areaHa":5.16,"location":"DESA BILA, KECAMATAN LALABATA, KABUPATEN SOPPENG, PROVINSI SULAWESI SELATAN","sourceRemark":"-","region":"sulawesi"},"geometry":{"type":"Polygon","coordinates":[[[119.87651,-4.35919],[119.87491,-4.35819],[119.87412,-4.36049],[119.87592,-4.36119],[119.87651,-4.35919]]]}},{"type":"Feature","properties":{"inventoryId":"big-mining-wiup:4180","sector":"Tambang","subtype":"WIUP","quality":"OFFICIAL","sourceDataset":"big-mining-wiup","sourceRecordId":"4180","source":"BIG Kebijakan Satu Peta","sourceUrl":"https://kspservices.big.go.id/satupeta/rest/services/PUBLIK/PERIZINAN_DAN_PERTANAHAN/MapServer/4","retrievedAt":"2026-08-28T06:57:32Z","geometryProcessing":"web display simplification tolerance 0.00035 degrees","name":"ARSYI KARYA INVESTAMA","issuer":"MENTERI","province":"SULAWESI TENGGARA","district":"KONAWE UTARA","permitNumber":"1215/1/IUP/PMDN/2021","permitType":"PT","miningType":"IUP","commodity":"TANAH URUG","status":"1","validFrom":"2021-10-22","validTo":"2024-10-22","areaHa":36.7,"location":"KEC. MOTUI KAB. KONAWE UTARA, PROV. SULAWESI TENGGARA","sourceRemark":"-","region":"sulawesi"},"geometry":{"type":"Polygon","coordinates":[[[122.38072,-3.85944],[122.38072,-3.86553],[122.38221,-3.86553],[122.38221,-3.86498],[122.38336,-3.86498],[122.38336,-3.86436],[122.38475,-3.86436],[122.38572,-3.86333],[122.38572,-3.862],[122.38664,-3.862],[122.38664,-3.86078],[122.38742,-3.86078],[122.38742,-3.85944],[122.38072,-3.85944]]]}},{"type":"Feature","properties":{"inventoryId":"big-mining-wiup:165","sector":"Tambang","subtype":"WIUP","quality":"OFFICIAL","sourceDataset":"big-mining-wiup","sourceRecordId":"165","source":"BIG Kebijakan Satu Peta","sourceUrl":"https://kspservices.big.go.id/satupeta/rest/services/PUBLIK/PERIZINAN_DAN_PERTANAHAN/MapServer/4","retrievedAt":"2026-08-28T06:57:32Z","geometryProcessing":"web display simplification tolerance 0.00035 degrees","name":"ARTHA BUMI MINERAL","issuer":"BUPATI","province":"SULAWESI TENGGARA","district":"BOMBANA","permitNumber":"512 TAHUN 2012","permitType":"PT","miningType":"IUP","commodity":"NIKEL","status":"2","validFrom":"2012-12-27","validTo":"2022-12-27","areaHa":4139.0,"location":"KEC. KABAENA TIMUR, KAB. BOMBANA","sourceRemark":"-","region":"sulawesi"},"geometry":{"type":"Polygon","coordinates":[[[122.0162,-5.31099],[122.04133,-5.31099],[122.04133,-5.28861],[122.04656,-5.28861],[122.04656,-5.26333],[122.02097,-5.26333],[122.02097,-5.2605],[122.0163,-5.2605],[122.0163,-5.2787],[121.99139,-5.2787],[121.99139,-5.28094],[121.98039,-5.28094],[121.98039,-5.2787],[121.9662,-5.2787],[121.9662,-5.3196],[122.0162,-5.3196],[122.0162,-5.31099]]]}},{"type":"Feature","properties":{"inventoryId":"big-mining-wiup:930","sector":"Tambang","subtype":"WIUP","quality":"OFFICIAL","sourceDataset":"big-mining-wiup","sourceRecordId":"930","source":"BIG Kebijakan Satu Peta","sourceUrl":"https://kspservices.big.go.id/satupeta/rest/services/PUBLIK/PERIZINAN_DAN_PERTANAHAN/MapServer/4","retrievedAt":"2026-08-28T06:57:32Z","geometryProcessing":"web display simplification tolerance 0.00035 degrees","name":"ASPAL BUTON NASIONAL","issuer":"BUPATI","province":"SULAWESI TENGGARA","district":"BUTON","permitNumber":"333 TAHUN 2014","permitType":"PT","miningType":"IUP","commodity":"ASPAL","status":"2","validFrom":"2014-04-28","validTo":"2034-04-28","areaHa":218.5,"location":"DESA WAKAOKILI, KEC. PASARWAJO","sourceRemark":"-","region":"sulawesi"},"geometry":{"type":"Polygon","coordinates":[[[122.76667,-5.47092],[122.74763,-5.47092],[122.74759,-5.47361],[122.74472,-5.47361],[122.74472,-5.47578],[122.74244,-5.47578],[122.74244,-5.48333],[122.74017,-5.48333],[122.74017,-5.49087],[122.7475,-5.49087],[122.74759,-5.475],[122.76667,-5.475],[122.76667,-5.47092]]]}},{"type":"Feature","properties":{"inventoryId":"big-mining-wiup:4385","sector":"Tambang","subtype":"WIUP","quality":"OFFICIAL","sourceDataset":"big-mining-wiup","sourceRecordId":"4385","source":"BIG Kebijakan Satu Peta","sourceUrl":"https://kspservices.big.go.id/satupeta/rest/services/PUBLIK/PERIZINAN_DAN_PERTANAHAN/MapServer/4","retrievedAt":"2026-08-28T06:57:32Z","geometryProcessing":"web display simplification tolerance 0.00035 degrees","name":"ASRID JAYA","issuer":"MENTERI","province":"GORONTALO","district":"BOALEMO","permitNumber":"511/1/IUP/PMDN/2022","permitType":"CV","miningType":"IUP","commodity":"ANDESIT","status":"1","validFrom":"2022-03-18","validTo":"2025-03-18","areaHa":16.2,"location":"DESA TANGKOBU KECAMATAN PAGUYAMAN KABUPATEN BOALEMO PROVINSI GORONTALO","sourceRemark":"-","region":"sulawesi"},"geometry":{"type":"Polygon","coordinates":[[[122.59104,0.61616],[122.59038,0.61513],[122.59038,0.61342],[122.58983,0.61342],[122.58983,0.61252],[122.58874,0.61252],[122.58874,0.61167],[122.59398,0.61167],[122.59398,0.61347],[122.59225,0.61381],[122.59225,0.61616],[122.59104,0.61616]]]}},{"type":"Feature","properties":{"inventoryId":"big-mining-wiup:3563","sector":"Tambang","subtype":"WIUP","quality":"OFFICIAL","sourceDataset":"big-mining-wiup","sourceRecordId":"3563","source":"BIG Kebijakan Satu Peta","sourceUrl":"https://kspservices.big.go.id/satupeta/rest/services/PUBLIK/PERIZINAN_DAN_PERTANAHAN/MapServer/4","retrievedAt":"2026-08-28T06:57:32Z","geometryProcessing":"web display simplification tolerance 0.00035 degrees","name":"ASSAQTI MORUT ENERGY","issuer":"MENTERI","province":"SULAWESI TENGAH","district":"MOROWALI UTARA","permitNumber":"432/1/IUP/PMDN/2022","permitType":"CV","miningType":"IUP","commodity":"PASIR","status":"1","validFrom":"2022-03-01","validTo":"2025-03-01","areaHa":24.5,"location":"-","sourceRemark":"-","region":"sulawesi"},"geometry":{"type":"Polygon","coordinates":[[[121.43033,-2.0686],[121.432,-2.0686],[121.432,-2.06945],[121.43355,-2.06945],[121.43355,-2.07093],[121.4354,-2.07093],[121.4354,-2.07162],[121.43738,-2.07162],[121.43738,-2.07231],[121.43974,-2.07231],[121.43974,-2.07031],[121.43594,-2.06967],[121.43594,-2.06875],[121.43442,-2.06875],[121.43442,-2.0678],[121.43278,-2.0678],[121.43278,-2.06711],[121.43033,-2.06711],[121.43033,-2.0686]]]}},{"type":"Feature","properties":{"inventoryId":"big-mining-wiup:4425","sector":"Tambang","subtype":"WIUP","quality":"OFFICIAL","sourceDataset":"big-mining-wiup","sourceRecordId":"4425","source":"BIG Kebijakan Satu Peta","sourceUrl":"https://kspservices.big.go.id/satupeta/rest/services/PUBLIK/PERIZINAN_DAN_PERTANAHAN/MapServer/4","retrievedAt":"2026-08-28T06:57:32Z","geometryProcessing":"web display simplification tolerance 0.00035 degrees","name":"BACH ARSHAD","issuer":"GUBERNUR","province":"SULAWESI SELATAN","district":"SINJAI","permitNumber":"89/I.03/PTSP/2020","permitType":"SDR","miningType":"IUP","commodity":"BATU GUNUNG QUARRY BESAR","status":"2","validFrom":"2020-11-05","validTo":"2025-11-04","areaHa":11.0,"location":"DESA PANAIKANG KEC. SINJAI TIMUR KAB. SINJAI PROVINSI","sourceRemark":"-","region":"sulawesi"},"geometry":{"type":"Polygon","coordinates":[[[120.26107,-5.17685],[120.26053,-5.17783],[120.26092,-5.17988],[120.26186,-5.18005],[120.26186,-5.18077],[120.26354,-5.18077],[120.26354,-5.17809],[120.26293,-5.17809],[120.26242,-5.17685],[120.26107,-5.17685]]]}},{"type":"Feature","properties":{"inventoryId":"big-mining-wiup:4478","sector":"Tambang","subtype":"WIUP","quality":"OFFICIAL","sourceDataset":"big-mining-wiup","sourceRecordId":"4478","source":"BIG Kebijakan Satu Peta","sourceUrl":"https://kspservices.big.go.id/satupeta/rest/services/PUBLIK/PERIZINAN_DAN_PERTANAHAN/MapServer/4","retrievedAt":"2026-08-28T06:57:32Z","geometryProcessing":"web display simplification tolerance 0.00035 degrees","name":"BADO JAYA MANDIRI","issuer":"MENTERI","province":"SULAWESI SELATAN","district":"BULUKUMBA","permitNumber":"464/1/IUP/PMDN/2022","permitType":"CV","miningType":"IUP","commodity":"KERIKIL BERPASIR ALAMI (SIRTU)","status":"1","validFrom":"2022-03-09","validTo":"2025-03-09","areaHa":11.94,"location":"DESA BALONG, KECAMATAN UJUNGLOE, KABUPATEN BULUKUMBA, PROVINSI SULAWESI SELATAN","sourceRemark":"-","region":"sulawesi"},"geometry":{"type":"Polygon","coordinates":[[[120.24736,-5.4489],[120.24736,-5.44844],[120.2467,-5.44844],[120.2467,-5.44583],[120.24533,-5.44583],[120.24533,-5.44844],[120.24612,-5.44844],[120.24646,-5.44974],[120.24707,-5.44974],[120.24739,-5.45148],[120.24784,-5.45148],[120.24784,-5.45266],[120.24849,-5.45266],[120.24897,-5.44943],[120.24736,-5.4489]]]}},{"type":"Feature","properties":{"inventoryId":"big-mining-wiup:1078","sector":"Tambang","subtype":"WIUP","quality":"OFFICIAL","sourceDataset":"big-mining-wiup","sourceRecordId":"1078","source":"BIG Kebijakan Satu Peta","sourceUrl":"https://kspservices.big.go.id/satupeta/rest/services/PUBLIK/PERIZINAN_DAN_PERTANAHAN/MapServer/4","retrievedAt":"2026-08-28T06:57:32Z","geometryProcessing":"web display simplification tolerance 0.00035 degrees","name":"BAHTERA BERKAH ABADI GRUP","issuer":"GUBERNUR","province":"SULAWESI TENGAH","district":"KOTA PALU","permitNumber":"540/353/IUP-OP/DPMPTSP/2018","permitType":"PT","miningType":"IUP","commodity":"BATU GUNUNG QUARRY BESAR","status":"2","validFrom":"2018-05-14","validTo":"2023-05-14","areaHa":9.5,"location":"WATUSAMPU, ULUJADI","sourceRemark":"-","region":"sulawesi"},"geometry":{"type":"Polygon","coordinates":[[[119.79623,-0.83314],[119.79664,-0.83443],[119.79898,-0.83443],[119.80031,-0.83353],[119.80031,-0.83098],[119.7995,-0.83098],[119.79954,-0.83192],[119.79833,-0.83192],[119.79782,-0.83314],[119.79623,-0.83314]]]}},{"type":"Feature","properties":{"inventoryId":"big-mining-wiup:4335","sector":"Tambang","subtype":"WIUP","quality":"OFFICIAL","sourceDataset":"big-mining-wiup","sourceRecordId":"4335","source":"BIG Kebijakan Satu Peta","sourceUrl":"https://kspservices.big.go.id/satupeta/rest/services/PUBLIK/PERIZINAN_DAN_PERTANAHAN/MapServer/4","retrievedAt":"2026-08-28T06:57:32Z","geometryProcessing":"web display simplification tolerance 0.00035 degrees","name":"BAKAL MAJU","issuer":"GUBERNUR","province":"SULAWESI TENGAH","district":"KOTA PALU","permitNumber":"540/IUP-0P/277/DPMPTSP/2020","permitType":"PT","miningType":"IUP","commodity":"BATU GUNUNG QUARRY BESAR","status":"2","validFrom":"2020-05-19","validTo":"2025-05-19","areaHa":20.6,"location":"KAB. DONGGALA","sourceRemark":"-","region":"sulawesi"},"geometry":{"type":"Polygon","coordinates":[[[119.77815,-0.74584],[119.77779,-0.7427],[119.77556,-0.7427],[119.77556,-0.74083],[119.77355,-0.74083],[119.77395,-0.74584],[119.77815,-0.74584]]]}},{"type":"Feature","properties":{"inventoryId":"big-mining-wiup:298","sector":"Tambang","subtype":"WIUP","quality":"OFFICIAL","sourceDataset":"big-mining-wiup","sourceRecordId":"298","source":"BIG Kebijakan Satu Peta","sourceUrl":"https://kspservices.big.go.id/satupeta/rest/services/PUBLIK/PERIZINAN_DAN_PERTANAHAN/MapServer/4","retrievedAt":"2026-08-28T06:57:32Z","geometryProcessing":"web display simplification tolerance 0.00035 degrees","name":"BAKTI BUMI SULAWESI","issuer":"BUPATI","province":"SULAWESI TENGGARA","district":"BOMBANA","permitNumber":"511 TAHUN 2012","permitType":"PT","miningType":"IUP","commodity":"NIKEL DMP","status":"2","validFrom":"2012-12-26","validTo":"2022-12-26","areaHa":4888.0,"location":"KEC. KABAENA SELATAN DAN TENGA","sourceRemark":"-","region":"sulawesi"},"geometry":{"type":"Polygon","coordinates":[[[121.90565,-5.26672],[121.90565,-5.27789],[121.8918,-5.27789],[121.8918,-5.29709],[121.8843,-5.29709],[121.8843,-5.30637],[121.89597,-5.30637],[121.89597,-5.31505],[121.89144,-5.31505],[121.89144,-5.32301],[121.91667,-5.32301],[121.91667,-5.33532],[121.90572,-5.33532],[121.90572,-5.34081],[121.901,-5.34081],[121.901,-5.34957],[121.88288,-5.34957],[121.88288,-5.35208],[121.88481,-5.35208],[121.88481,-5.35591],[121.88752,-5.35591],[121.88752,-5.35982],[121.89205,-5.35982],[121.89205,-5.37008],[121.88927,-5.37008],[121.88927,-5.37529],[121.88333,-5.37529],[121.88333,-5.38333],[121.90451,-5.38333],[121.90451,-5.38092],[121.90346,-5.38092],[121.90346,-5.37571],[121.90507,-5.37571],[121.90507,-5.37073],[121.89797,-5.37073],[121.89797,-5.36255],[121.90197,-5.36255],[121.90197,-5.34928],[121.92984,-5.34928],[121.92984,-5.34608],[121.93642,-5.34608],[121.93642,-5.34903],[121.94438,-5.34903],[121.94438,-5.3406],[121.93802,-5.3406],[121.93802,-5.33697],[121.93053,-5.33697],[121.93053,-5.33897],[121.92661,-5.33897],[121.92661,-5.34165],[121.91962,-5.34165],[121.91962,-5.32345],[121.92165,-5.32345],[121.92165,-5.32015],[121.93006,-5.32015],[121.9301,-5.31539],[121.94179,-5.31539],[121.94179,-5.30747],[121.94755,-5.30747],[121.94755,-5.28834],[121.96559,-5.28834],[121.96559,-5.27214],[121.94278,-5.27214],[121.94278,-5.26672],[121.92578,-5.26672],[121.92578,-5.27925],[121.91889,-5.27925],[121.91886,-5.26672],[121.90565,-5.26672]]]}},{"type":"Feature","properties":{"inventoryId":"big-mining-wiup:4324","sector":"Tambang","subtype":"WIUP","quality":"OFFICIAL","sourceDataset":"big-mining-wiup","sourceRecordId":"4324","source":"BIG Kebijakan Satu Peta","sourceUrl":"https://kspservices.big.go.id/satupeta/rest/services/PUBLIK/PERIZINAN_DAN_PERTANAHAN/MapServer/4","retrievedAt":"2026-08-28T06:57:32Z","geometryProcessing":"web display simplification tolerance 0.00035 degrees","name":"BALANTAK SIRTU UTAMA","issuer":"GUBERNUR","province":"SULAWESI TENGAH","district":"BANGGAI","permitNumber":"540/616/IUP-OP/P/DPMPTSP/2020","permitType":"PT","miningType":"IUP","commodity":"BATUAN","status":"2","validFrom":"2020-12-10","validTo":"2025-12-10","areaHa":99.0,"location":"-","sourceRemark":"-","region":"sulawesi"},"geometry":{"type":"Polygon","coordinates":[[[123.41275,-0.72648],[123.42073,-0.72648],[123.42073,-0.72288],[123.42027,-0.72288],[123.42027,-0.72202],[123.41846,-0.72202],[123.41846,-0.72117],[123.41894,-0.72117],[123.41894,-0.71522],[123.41973,-0.71522],[123.41973,-0.71301],[123.4147,-0.71352],[123.41447,-0.71717],[123.4135,-0.71717],[123.4135,-0.72117],[123.41275,-0.72117],[123.41275,-0.72648]]]}},{"type":"Feature","properties":{"inventoryId":"big-mining-wiup:3256","sector":"Tambang","subtype":"WIUP","quality":"OFFICIAL","sourceDataset":"big-mining-wiup","sourceRecordId":"3256","source":"BIG Kebijakan Satu Peta","sourceUrl":"https://kspservices.big.go.id/satupeta/rest/services/PUBLIK/PERIZINAN_DAN_PERTANAHAN/MapServer/4","retrievedAt":"2026-08-28T06:57:32Z","geometryProcessing":"web display simplification tolerance 0.00035 degrees","name":"BALI MAROS BONE","issuer":"MENTERI","province":"SULAWESI SELATAN","district":"MAROS","permitNumber":"1526/1/IUP/PMDN/2021","permitType":"PT","miningType":"IUP","commodity":"BATU GAMPING","status":"1","validFrom":"2021-11-17","validTo":"2024-11-17","areaHa":96.85,"location":"KEC. MALLAWA","sourceRemark":"-","region":"sulawesi"},"geometry":{"type":"Polygon","coordinates":[[[119.90219,-4.85876],[119.90219,-4.85297],[119.8994,-4.85297],[119.8994,-4.85531],[119.89605,-4.85531],[119.89605,-4.86355],[119.9056,-4.86355],[119.9056,-4.86234],[119.9071,-4.86234],[119.9071,-4.85876],[119.90219,-4.85876]]]}},{"type":"Feature","properties":{"inventoryId":"big-mining-wiup:4403","sector":"Tambang","subtype":"WIUP","quality":"OFFICIAL","sourceDataset":"big-mining-wiup","sourceRecordId":"4403","source":"BIG Kebijakan Satu Peta","sourceUrl":"https://kspservices.big.go.id/satupeta/rest/services/PUBLIK/PERIZINAN_DAN_PERTANAHAN/MapServer/4","retrievedAt":"2026-08-28T06:57:32Z","geometryProcessing":"web display simplification tolerance 0.00035 degrees","name":"BANGGAI KENCANA PERMAI","issuer":"MENTERI","province":"SULAWESI TENGAH","district":"BANGGAI","permitNumber":"942/1/IUP/PMDN/2022","permitType":"PT","miningType":"IUP","commodity":"NIKEL","status":"2","validFrom":"2022-06-15","validTo":"2042-06-14","areaHa":7878.0,"location":"KEC BATUI, MOELONG, BATUI SELATAN KAB BANGGAI","sourceRemark":"-","region":"sulawesi"},"geometry":{"type":"Polygon","coordinates":[[[122.22333,-1.23308],[122.22333,-1.28275],[122.29173,-1.28275],[122.29173,-1.28135],[122.29872,-1.28135],[122.29872,-1.26952],[122.31326,-1.26952],[122.31326,-1.27153],[122.31942,-1.27153],[122.31942,-1.25831],[122.35428,-1.25831],[122.35428,-1.2215],[122.26614,-1.2215],[122.26614,-1.23308],[122.22333,-1.23308]]]}},{"type":"Feature","properties":{"inventoryId":"big-mining-wiup:4404","sector":"Tambang","subtype":"WIUP","quality":"OFFICIAL","sourceDataset":"big-mining-wiup","sourceRecordId":"4404","source":"BIG Kebijakan Satu Peta","sourceUrl":"https://kspservices.big.go.id/satupeta/rest/services/PUBLIK/PERIZINAN_DAN_PERTANAHAN/MapServer/4","retrievedAt":"2026-08-28T06:57:32Z","geometryProcessing":"web display simplification tolerance 0.00035 degrees","name":"BANGGAI MANDIRI PRATAMA","issuer":"MENTERI","province":"SULAWESI TENGAH","district":"BANGGAI","permitNumber":"941/1/IUP/PMDN/2022","permitType":"PT","miningType":"IUP","commodity":"NIKEL","status":"2","validFrom":"2022-06-15","validTo":"2042-06-14","areaHa":2267.0,"location":"KEC MASAMA DAN BOELAMO, KAB BANGGAI","sourceRemark":"-","region":"sulawesi"},"geometry":{"type":"Polygon","coordinates":[[[123.1875,-0.71667],[123.1875,-0.75],[123.16667,-0.75],[123.16667,-0.79583],[123.17972,-0.79583],[123.17972,-0.81639],[123.1875,-0.81639],[123.1875,-0.79194],[123.17528,-0.79194],[123.17528,-0.77047],[123.17861,-0.77047],[123.17861,-0.76489],[123.18333,-0.76489],[123.18333,-0.76142],[123.18833,-0.76142],[123.18833,-0.75567],[123.19625,-0.75567],[123.19625,-0.75],[123.21722,-0.75],[123.21722,-0.71667],[123.1875,-0.71667]]]}},{"type":"Feature","properties":{"inventoryId":"big-mining-wiup:484","sector":"Tambang","subtype":"WIUP","quality":"OFFICIAL","sourceDataset":"big-mining-wiup","sourceRecordId":"484","source":"BIG Kebijakan Satu Peta","sourceUrl":"https://kspservices.big.go.id/satupeta/rest/services/PUBLIK/PERIZINAN_DAN_PERTANAHAN/MapServer/4","retrievedAt":"2026-08-28T06:57:32Z","geometryProcessing":"web display simplification tolerance 0.00035 degrees","name":"BANGKIT LIMPOGA JAYA","issuer":"BUPATI","province":"SULAWESI UTARA","district":"MINAHASA TENGGARA","permitNumber":"100 TAHUN 2013","permitType":"PT","miningType":"IUP","commodity":"EMAS","status":"2","validFrom":"2013-08-01","validTo":"2023-06-30","areaHa":41.38,"location":"DESA RATATOTOK SELATAN, KEC. RATATOTOK, KAB. MINAHASA TENGGARA","sourceRemark":"-","region":"sulawesi"},"geometry":{"type":"Polygon","coordinates":[[[124.67361,0.91722],[124.66998,0.91722],[124.66998,0.91175],[124.67219,0.91175],[124.67219,0.91228],[124.67361,0.91228],[124.67361,0.91281],[124.67669,0.91281],[124.67669,0.91452],[124.67593,0.91452],[124.67593,0.91844],[124.67361,0.91844],[124.67361,0.91722]]]}},{"type":"Feature","properties":{"inventoryId":"big-mining-wiup:3345","sector":"Tambang","subtype":"WIUP","quality":"OFFICIAL","sourceDataset":"big-mining-wiup","sourceRecordId":"3345","source":"BIG Kebijakan Satu Peta","sourceUrl":"https://kspservices.big.go.id/satupeta/rest/services/PUBLIK/PERIZINAN_DAN_PERTANAHAN/MapServer/4","retrievedAt":"2026-08-28T06:57:32Z","geometryProcessing":"web display simplification tolerance 0.00035 degrees","name":"BARITA GRACIA MINERINDO","issuer":"GUBERNUR","province":"SULAWESI TENGGARA","district":"KONAWE UTARA","permitNumber":"739/DPM- PTSP/IX/2018","permitType":"PT","miningType":"IUP","commodity":"BATU GAMPING","status":"2","validFrom":"2018-09-28","validTo":"2022-09-28","areaHa":45.8,"location":"DESA BANDAEHA, KEC. MOLAWE","sourceRemark":"-","region":"sulawesi"},"geometry":{"type":"Polygon","coordinates":[[[122.19289,-3.62894],[122.19289,-3.62656],[122.19544,-3.62656],[122.19544,-3.62894],[122.19631,-3.62894],[122.19583,-3.62567],[122.18983,-3.62567],[122.18983,-3.62331],[122.18939,-3.62331],[122.189,-3.62803],[122.18458,-3.62803],[122.18458,-3.63022],[122.18814,-3.63022],[122.18814,-3.63122],[122.19289,-3.63122],[122.19289,-3.62894]]]}},{"type":"Feature","properties":{"inventoryId":"big-mining-wiup:4251","sector":"Tambang","subtype":"WIUP","quality":"OFFICIAL","sourceDataset":"big-mining-wiup","sourceRecordId":"4251","source":"BIG Kebijakan Satu Peta","sourceUrl":"https://kspservices.big.go.id/satupeta/rest/services/PUBLIK/PERIZINAN_DAN_PERTANAHAN/MapServer/4","retrievedAt":"2026-08-28T06:57:32Z","geometryProcessing":"web display simplification tolerance 0.00035 degrees","name":"BATARA ABADI PERKASA","issuer":"GUBERNUR","province":"SULAWESI SELATAN","district":"PANGKEP","permitNumber":"18/I.03.A/PTSP/2018","permitType":"PT","miningType":"IUP","commodity":"PASIR","status":"2","validFrom":"2018-04-11","validTo":"2023-01-08","areaHa":5.0,"location":"TONDONG TALLASA","sourceRemark":"-","region":"sulawesi"},"geometry":{"type":"Polygon","coordinates":[[[119.77736,-4.82669],[119.77736,-4.82778],[119.78053,-4.82778],[119.78053,-4.82633],[119.77736,-4.82669]]]}},{"type":"Feature","properties":{"inventoryId":"big-mining-wiup:1533","sector":"Tambang","subtype":"WIUP","quality":"OFFICIAL","sourceDataset":"big-mining-wiup","sourceRecordId":"1533","source":"BIG Kebijakan Satu Peta","sourceUrl":"https://kspservices.big.go.id/satupeta/rest/services/PUBLIK/PERIZINAN_DAN_PERTANAHAN/MapServer/4","retrievedAt":"2026-08-28T06:57:32Z","geometryProcessing":"web display simplification tolerance 0.00035 degrees","name":"BATU MULIA SULAWESI","issuer":"GUBERNUR","province":"SULAWESI SELATAN","district":"BONE","permitNumber":"0474/P2T-BKPMD/9.29.P/VII/12/2015","permitType":"PT","miningType":"IUP","commodity":"BIJIH BESI","status":"2","validFrom":"2015-12-22","validTo":"2030-12-22","areaHa":384.8,"location":"KEC. BONTO CANI, KAB. BONE","sourceRemark":"-","region":"sulawesi"},"geometry":{"type":"Polygon","coordinates":[[[120.0625,-5.05],[120.06667,-5.05],[120.06667,-5.04167],[120.09583,-5.04167],[120.09583,-5.03333],[120.0625,-5.03333],[120.0625,-5.05]]]}},{"type":"Feature","properties":{"inventoryId":"big-mining-wiup:111","sector":"Tambang","subtype":"WIUP","quality":"OFFICIAL","sourceDataset":"big-mining-wiup","sourceRecordId":"111","source":"BIG Kebijakan Satu Peta","sourceUrl":"https://kspservices.big.go.id/satupeta/rest/services/PUBLIK/PERIZINAN_DAN_PERTANAHAN/MapServer/4","retrievedAt":"2026-08-28T06:57:32Z","geometryProcessing":"web display simplification tolerance 0.00035 degrees","name":"BAULA PETRA BUANA","issuer":"BUPATI","province":"SULAWESI TENGGARA","district":"KONAWE SELATAN","permitNumber":"540/668 TAHUN 2013","permitType":"PT","miningType":"IUP","commodity":"NIKEL DMP","status":"2","validFrom":"2013-12-23","validTo":"2028-12-15","areaHa":349.2,"location":"DESA RORAYA, KEC.TINANGEA, KONAWE SELATAN","sourceRemark":"-","region":"sulawesi"},"geometry":{"type":"Polygon","coordinates":[[[122.14697,-4.39637],[122.15908,-4.39637],[122.15908,-4.39928],[122.16081,-4.39928],[122.16081,-4.40869],[122.15908,-4.40869],[122.15908,-4.41125],[122.15667,-4.41125],[122.15667,-4.41483],[122.15553,-4.41483],[122.15553,-4.41683],[122.15339,-4.41683],[122.15339,-4.42181],[122.14883,-4.42181],[122.14883,-4.42056],[122.14136,-4.42056],[122.14136,-4.41789],[122.13901,-4.41788],[122.139,-4.43039],[122.14314,-4.43039],[122.14314,-4.42869],[122.15053,-4.42869],[122.15053,-4.42569],[122.15481,-4.42569],[122.15472,-4.41911],[122.15731,-4.41911],[122.15731,-4.41224],[122.15972,-4.41224],[122.15972,-4.40933],[122.16144,-4.40933],[122.16144,-4.40524],[122.16226,-4.40524],[122.16226,-4.40154],[122.16741,-4.40154],[122.16741,-4.39585],[122.16809,-4.39585],[122.16809,-4.39432],[122.16891,-4.39432],[122.16891,-4.39282],[122.1697,-4.39282],[122.1697,-4.39161],[122.17022,-4.39161],[122.17022,-4.39086],[122.16675,-4.39086],[122.16675,-4.39295],[122.16576,-4.39295],[122.16576,-4.39421],[122.16472,-4.39421],[122.16472,-4.39505],[122.16401,-4.39505],[122.16401,-4.39596],[122.16357,-4.39596],[122.16357,-4.40054],[122.16163,-4.40054],[122.16108,-4.39885],[122.15961,-4.39885],[122.15961,-4.39596],[122.15862,-4.39596],[122.15862,-4.39489],[122.15763,-4.39489],[122.15763,-4.38822],[122.14697,-4.38822],[122.14697,-4.39637]]]}},{"type":"Feature","properties":{"inventoryId":"big-mining-wiup:3423","sector":"Tambang","subtype":"WIUP","quality":"OFFICIAL","sourceDataset":"big-mining-wiup","sourceRecordId":"3423","source":"BIG Kebijakan Satu Peta","sourceUrl":"https://kspservices.big.go.id/satupeta/rest/services/PUBLIK/PERIZINAN_DAN_PERTANAHAN/MapServer/4","retrievedAt":"2026-08-28T06:57:32Z","geometryProcessing":"web display simplification tolerance 0.00035 degrees","name":"BERKAH BATU GAJAH RESOURCES","issuer":"GUBERNUR","province":"SULAWESI TENGAH","district":"DONGGALA","permitNumber":"540/044/IUP-OP/DPMPTSP/2018","permitType":"PT","miningType":"IUP","commodity":"BATU GUNUNG QUARRY BESAR","status":"2","validFrom":"2018-01-29","validTo":"2023-01-29","areaHa":28.7,"location":"DESA POMOLULU, KECEMATAN BALAESANG TANJUNG, KABUPATEN DONGGALA, SULTENG","sourceRemark":"-","region":"sulawesi"},"geometry":{"type":"Polygon","coordinates":[[[119.66536,0.01829],[119.66428,0.01829],[119.66428,0.01712],[119.66329,0.01631],[119.66293,0.01257],[119.66943,0.01257],[119.66943,0.01473],[119.66689,0.01518],[119.66689,0.0159],[119.66635,0.0159],[119.66604,0.01698],[119.66536,0.0173],[119.66536,0.01829]]]}},{"type":"Feature","properties":{"inventoryId":"big-mining-wiup:3948","sector":"Tambang","subtype":"WIUP","quality":"OFFICIAL","sourceDataset":"big-mining-wiup","sourceRecordId":"3948","source":"BIG Kebijakan Satu Peta","sourceUrl":"https://kspservices.big.go.id/satupeta/rest/services/PUBLIK/PERIZINAN_DAN_PERTANAHAN/MapServer/4","retrievedAt":"2026-08-28T06:57:32Z","geometryProcessing":"web display simplification tolerance 0.00035 degrees","name":"BERKAH MORUT","issuer":"MENTERI","province":"SULAWESI TENGAH","district":"MOROWALI UTARA","permitNumber":"1196/1/IUP/PMDN/2021","permitType":"CV","miningType":"IUP","commodity":"KERIKIL BERPASIR ALAMI (SIRTU)","status":"1","validFrom":"2021-10-22","validTo":"2024-10-22","areaHa":52.0,"location":"KECAMATAN PETASIA BARAT, KABUPATEN MOROWALI UTARA, PROVINSI SULAWESI TENGAH","sourceRemark":"-","region":"sulawesi"},"geometry":{"type":"Polygon","coordinates":[[[121.30241,-2.05319],[121.30241,-2.05462],[121.31027,-2.05503],[121.31027,-2.05449],[121.31131,-2.05449],[121.31131,-2.05204],[121.31466,-2.05204],[121.31466,-2.05458],[121.3183,-2.05458],[121.3183,-2.05377],[121.31918,-2.05377],[121.31918,-2.05202],[121.32103,-2.05202],[121.32103,-2.05069],[121.31825,-2.05069],[121.31825,-2.05175],[121.3174,-2.05175],[121.3174,-2.0529],[121.31606,-2.0529],[121.31545,-2.04919],[121.31271,-2.04919],[121.31271,-2.05045],[121.30966,-2.05045],[121.30966,-2.05319],[121.30241,-2.05319]]]}},{"type":"Feature","properties":{"inventoryId":"big-mining-wiup:4522","sector":"Tambang","subtype":"WIUP","quality":"OFFICIAL","sourceDataset":"big-mining-wiup","sourceRecordId":"4522","source":"BIG Kebijakan Satu Peta","sourceUrl":"https://kspservices.big.go.id/satupeta/rest/services/PUBLIK/PERIZINAN_DAN_PERTANAHAN/MapServer/4","retrievedAt":"2026-08-28T06:57:32Z","geometryProcessing":"web display simplification tolerance 0.00035 degrees","name":"BEWIRAACH DUNIA BISNIS","issuer":"GUBERNUR","province":"SULAWESI SELATAN","district":"BARRU","permitNumber":"4/I.03/PTSP/2020","permitType":"PT","miningType":"IUP","commodity":"TRASS","status":"2","validFrom":"2020-01-16","validTo":"2025-01-15","areaHa":10.7,"location":"DESA KUPA DAN KELURAHAN MALLAWA KECAMATAN MALLUSETASI KAB. BARRU SULAWESI SELATAN","sourceRemark":"-","region":"sulawesi"},"geometry":{"type":"Polygon","coordinates":[[[119.61912,-4.13823],[119.61912,-4.13952],[119.61788,-4.1405],[119.61783,-4.14277],[119.61883,-4.14321],[119.61883,-4.14487],[119.6194,-4.14487],[119.6194,-4.14049],[119.62056,-4.14049],[119.62084,-4.14002],[119.6204,-4.13823],[119.61912,-4.13823]]]}},{"type":"Feature","properties":{"inventoryId":"big-mining-wiup:2183","sector":"Tambang","subtype":"WIUP","quality":"OFFICIAL","sourceDataset":"big-mining-wiup","sourceRecordId":"2183","source":"BIG Kebijakan Satu Peta","sourceUrl":"https://kspservices.big.go.id/satupeta/rest/services/PUBLIK/PERIZINAN_DAN_PERTANAHAN/MapServer/4","retrievedAt":"2026-08-28T06:57:32Z","geometryProcessing":"web display simplification tolerance 0.00035 degrees","name":"BHUMI KARYA UTAMA","issuer":"GUBERNUR","province":"SULAWESI TENGGARA","district":"KONAWE UTARA","permitNumber":"559/DPM-PTSP/VI/2017","permitType":"PT","miningType":"IUP","commodity":"BIJIH NIKEL","status":"2","validFrom":"2017-06-05","validTo":"2037-06-05","areaHa":310.0,"location":"KEC. LANGGIKIMA, KONAWE UTARA","sourceRemark":"-","region":"sulawesi"},"geometry":{"type":"Polygon","coordinates":[[[122.29168,-3.3583],[122.29168,-3.3564],[122.28011,-3.3564],[122.28011,-3.3486],[122.26972,-3.3486],[122.26972,-3.3564],[122.26619,-3.3564],[122.26619,-3.35785],[122.26667,-3.35785],[122.26701,-3.35938],[122.26829,-3.35938],[122.26829,-3.36035],[122.2696,-3.36035],[122.2696,-3.36946],[122.26804,-3.36946],[122.26804,-3.37017],[122.26645,-3.37017],[122.26645,-3.37094],[122.26413,-3.37094],[122.26413,-3.37165],[122.26264,-3.37165],[122.26264,-3.37247],[122.26035,-3.37317],[122.26035,-3.37477],[122.26425,-3.37477],[122.26425,-3.37848],[122.27114,-3.37848],[122.27114,-3.36931],[122.27303,-3.36931],[122.27303,-3.36225],[122.27618,-3.36225],[122.27618,-3.3583],[122.29168,-3.3583]]]}},{"type":"Feature","properties":{"inventoryId":"big-mining-wiup:194","sector":"Tambang","subtype":"WIUP","quality":"OFFICIAL","sourceDataset":"big-mining-wiup","sourceRecordId":"194","source":"BIG Kebijakan Satu Peta","sourceUrl":"https://kspservices.big.go.id/satupeta/rest/services/PUBLIK/PERIZINAN_DAN_PERTANAHAN/MapServer/4","retrievedAt":"2026-08-28T06:57:32Z","geometryProcessing":"web display simplification tolerance 0.00035 degrees","name":"BIMA CAKRA PERKASA MINERALINDO","issuer":"BUPATI","province":"SULAWESI TENGAH","district":"MOROWALI","permitNumber":"540.3/SK.007/DESDM/XI/2013","permitType":"PT","miningType":"IUP","commodity":"NIKEL DMP","status":"2","validFrom":"2013-11-25","validTo":"2030-08-20","areaHa":199.0,"location":"DESA LARO'ENAI KEC. BUNGKU SELATAN, KAB. MOROWALI","sourceRemark":"-","region":"sulawesi"},"geometry":{"type":"Polygon","coordinates":[[[122.2544,-3.0509],[122.23991,-3.0509],[122.23991,-3.04702],[122.23436,-3.04702],[122.23436,-3.054],[122.2374,-3.054],[122.2374,-3.0554],[122.2404,-3.0554],[122.2404,-3.0576],[122.2449,-3.0576],[122.2449,-3.05998],[122.2544,-3.05998],[122.2544,-3.0509]]]}},{"type":"Feature","properties":{"inventoryId":"big-mining-wiup:895","sector":"Tambang","subtype":"WIUP","quality":"OFFICIAL","sourceDataset":"big-mining-wiup","sourceRecordId":"895","source":"BIG Kebijakan Satu Peta","sourceUrl":"https://kspservices.big.go.id/satupeta/rest/services/PUBLIK/PERIZINAN_DAN_PERTANAHAN/MapServer/4","retrievedAt":"2026-08-28T06:57:32Z","geometryProcessing":"web display simplification tolerance 0.00035 degrees","name":"BINA DAYA LAHAN PERTIWI","issuer":"GUBERNUR","province":"SULAWESI TENGAH","district":"BUOL","permitNumber":"540/564/DIESDM-GIST/2015","permitType":"PT","miningType":"IUP","commodity":"EMAS DMP","status":"2","validFrom":"2015-12-29","validTo":"2034-12-29","areaHa":3836.0,"location":"DESA OYAK, LINTIDU, TIMBULAN & HULUBALANG KEC. PALELEH KAB. BUOL","sourceRemark":"-","region":"sulawesi"},"geometry":{"type":"Polygon","coordinates":[[[121.89562,1.00386],[121.93832,1.00386],[121.93832,1.02909],[121.93529,1.02909],[121.93529,1.05354],[121.93354,1.05354],[121.93354,1.07773],[121.93089,1.07773],[121.93092,1.09611],[121.91593,1.09611],[121.91589,1.07715],[121.90749,1.07715],[121.90749,1.06842],[121.89562,1.06842],[121.89562,1.00386]]]}},{"type":"Feature","properties":{"inventoryId":"big-mining-wiup:2180","sector":"Tambang","subtype":"WIUP","quality":"OFFICIAL","sourceDataset":"big-mining-wiup","sourceRecordId":"2180","source":"BIG Kebijakan Satu Peta","sourceUrl":"https://kspservices.big.go.id/satupeta/rest/services/PUBLIK/PERIZINAN_DAN_PERTANAHAN/MapServer/4","retrievedAt":"2026-08-28T06:57:32Z","geometryProcessing":"web display simplification tolerance 0.00035 degrees","name":"BINANGA HARTAMA RAYA","issuer":"BUPATI","province":"SULAWESI TENGGARA","district":"KONAWE UTARA","permitNumber":"324 TAHUN 2011","permitType":"PT","miningType":"IUP","commodity":"NIKEL","status":"2","validFrom":"2011-06-23","validTo":"2031-06-23","areaHa":185.0,"location":"KEC.LASOLO","sourceRemark":"-","region":"sulawesi"},"geometry":{"type":"Polygon","coordinates":[[[122.29552,-3.37428],[122.29552,-3.3813],[122.3044,-3.3813],[122.3044,-3.38349],[122.30752,-3.38349],[122.30752,-3.38499],[122.31098,-3.38499],[122.31098,-3.37428],[122.29552,-3.37428]]]}},{"type":"Feature","properties":{"inventoryId":"big-mining-wiup:3372","sector":"Tambang","subtype":"WIUP","quality":"OFFICIAL","sourceDataset":"big-mining-wiup","sourceRecordId":"3372","source":"BIG Kebijakan Satu Peta","sourceUrl":"https://kspservices.big.go.id/satupeta/rest/services/PUBLIK/PERIZINAN_DAN_PERTANAHAN/MapServer/4","retrievedAt":"2026-08-28T06:57:32Z","geometryProcessing":"web display simplification tolerance 0.00035 degrees","name":"BINEKA KARYA","issuer":"MENTERI","province":"SULAWESI TENGAH","district":"MOROWALI","permitNumber":"262/1/IUP/PMDN/2022","permitType":"CV","miningType":"IUP","commodity":"NIKEL","status":"2","validFrom":"2022-02-02","validTo":"2032-08-24","areaHa":970.0,"location":"BAHODOPI, MOROWALI","sourceRemark":"-","region":"sulawesi"},"geometry":{"type":"Polygon","coordinates":[[[121.87531,-2.87458],[121.89111,-2.87458],[121.89111,-2.87104],[121.90609,-2.87104],[121.90609,-2.87657],[121.91012,-2.87657],[121.91012,-2.88666],[121.91774,-2.88666],[121.91774,-2.88849],[121.92259,-2.88849],[121.92259,-2.89098],[121.92606,-2.89098],[121.92606,-2.89589],[121.93263,-2.89589],[121.93263,-2.86627],[121.87531,-2.86627],[121.87531,-2.87458]]]}},{"type":"Feature","properties":{"inventoryId":"big-mining-wiup:401","sector":"Tambang","subtype":"WIUP","quality":"OFFICIAL","sourceDataset":"big-mining-wiup","sourceRecordId":"401","source":"BIG Kebijakan Satu Peta","sourceUrl":"https://kspservices.big.go.id/satupeta/rest/services/PUBLIK/PERIZINAN_DAN_PERTANAHAN/MapServer/4","retrievedAt":"2026-08-28T06:57:32Z","geometryProcessing":"web display simplification tolerance 0.00035 degrees","name":"BINTANG DELAPAN MINERAL","issuer":"BUPATI","province":"SULAWESI TENGAH","district":"MOROWALI","permitNumber":"540.3/SK.001/DESDM/IV/2010","permitType":"PT","miningType":"IUP","commodity":"NIKEL DMP","status":"2","validFrom":"2010-06-23","validTo":"2025-06-23","areaHa":21695.0,"location":"DESA BAHOMOAHI, BAHOMOTEFE, LALAMPU, LELE, DAMPALA, SIUMBATU, BAHODOPI, KEUREA DAN FATUFIA KEC. BUNGKU TENGAH DAN BAHODOPI","sourceRemark":"-","region":"sulawesi"},"geometry":{"type":"Polygon","coordinates":[[[122.08792,-2.82172],[122.07208,-2.82172],[122.07208,-2.83258],[122.06308,-2.83258],[122.06308,-2.83511],[122.06108,-2.83511],[122.06108,-2.84392],[122.05908,-2.84392],[122.05908,-2.84694],[122.05808,-2.84694],[122.05808,-2.85158],[122.05908,-2.85158],[122.05908,-2.85356],[122.06108,-2.85356],[122.06108,-2.85819],[122.06308,-2.85819],[122.06308,-2.865],[122.06108,-2.865],[122.06108,-2.86878],[122.05908,-2.86878],[122.05908,-2.87389],[122.05808,-2.87389],[122.05808,-2.8775],[122.05608,-2.8775],[122.05608,-2.88297],[122.03692,-2.88297],[122.03692,-2.87861],[122.03292,-2.87861],[122.03292,-2.87656],[122.02992,-2.87656],[122.02992,-2.87503],[122.02608,-2.87503],[122.02608,-2.8775],[122.01908,-2.8775],[122.01908,-2.88069],[121.99892,-2.88069],[121.99892,-2.87822],[121.99292,-2.87822],[121.99292,-2.87431],[121.99192,-2.87431],[121.99192,-2.87131],[121.98992,-2.87131],[121.98992,-2.86833],[121.98892,-2.86833],[121.98892,-2.86572],[121.98692,-2.86572],[121.98692,-2.86214],[121.98492,-2.86214],[121.98492,-2.84389],[121.98692,-2.84389],[121.98692,-2.83739],[121.98192,-2.83739],[121.98192,-2.83228],[121.97892,-2.83228],[121.97892,-2.81619],[121.97592,-2.81619],[121.97592,-2.81247],[121.97192,-2.81247],[121.97192,-2.80542],[121.96992,-2.80542],[121.96992,-2.79411],[121.96392,-2.79411],[121.96392,-2.78069],[121.95992,-2.78069],[121.95992,-2.77667],[121.94992,-2.77667],[121.94992,-2.77525],[121.90792,-2.77525],[121.90792,-2.75847],[121.87492,-2.75847],[121.87492,-2.74672],[121.82492,-2.74672],[121.82492,-2.71678],[121.80508,-2.71678],[121.80508,-2.72297],[121.80808,-2.72297],[121.80808,-2.73567],[121.81108,-2.73567],[121.81108,-2.74364],[121.81308,-2.74364],[121.81308,-2.74619],[121.81908,-2.74619],[121.81908,-2.75469],[121.82208,-2.75469],[121.82208,-2.75867],[121.82408,-2.75867],[121.82408,-2.76061],[121.83408,-2.76061],[121.83408,-2.76458],[121.84108,-2.76458],[121.84108,-2.77033],[121.86608,-2.77033],[121.86608,-2.77258],[121.87908,-2.77258],[121.87908,-2.77664],[121.89208,-2.77664],[121.89208,-2.78506],[121.90108,-2.78506],[121.90108,-2.79764],[121.90808,-2.79764],[121.90808,-2.81233],[121.91708,-2.81233],[121.91708,-2.8575],[121.92008,-2.8575],[121.92008,-2.86214],[121.93308,-2.86214],[121.93308,-2.89969],[121.98408,-2.89969],[121.98408,-2.92881],[122.00592,-2.92881],[122.00592,-2.92519],[122.01492,-2.92519],[122.01492,-2.92314],[122.02092,-2.92314],[122.02092,-2.92028],[122.02692,-2.92028],[122.02692,-2.91728],[122.04808,-2.91728],[122.04808,-2.91917],[122.06392,-2.91917],[122.06392,-2.91728],[122.06992,-2.91728],[122.06992,-2.91158],[122.07592,-2.91158],[122.07592,-2.89136],[122.08492,-2.89136],[122.08492,-2.888],[122.08892,-2.888],[122.08892,-2.88394],[122.09292,-2.88394],[122.09292,-2.88242],[122.10492,-2.88242],[122.10492,-2.87633],[122.13308,-2.87633],[122.13308,-2.79822],[122.12808,-2.79822],[122.12808,-2.83403],[122.08792,-2.83403],[122.08792,-2.82172]]]}},{"type":"Feature","properties":{"inventoryId":"big-mining-wiup:4342","sector":"Tambang","subtype":"WIUP","quality":"OFFICIAL","sourceDataset":"big-mining-wiup","sourceRecordId":"4342","source":"BIG Kebijakan Satu Peta","sourceUrl":"https://kspservices.big.go.id/satupeta/rest/services/PUBLIK/PERIZINAN_DAN_PERTANAHAN/MapServer/4","retrievedAt":"2026-08-28T06:57:32Z","geometryProcessing":"web display simplification tolerance 0.00035 degrees","name":"BINTANG ENERGI MINERAL","issuer":"GUBERNUR","province":"SULAWESI TENGGARA","district":"KONAWE SELATAN","permitNumber":"427/DPMPTSP/VII/2020","permitType":"PT","miningType":"IUP","commodity":"PASIR KUARSA","status":"2","validFrom":"2020-07-30","validTo":"2030-07-30","areaHa":1031.1,"location":"SULAWESI TENGGARA","sourceRemark":"-","region":"sulawesi"},"geometry":{"type":"Polygon","coordinates":[[[122.6628,-4.21574],[122.66364,-4.21574],[122.66364,-4.21491],[122.6686,-4.21491],[122.6686,-4.21078],[122.6742,-4.21078],[122.6742,-4.20259],[122.67655,-4.20259],[122.67655,-4.19997],[122.68003,-4.19997],[122.68057,-4.19451],[122.68189,-4.19451],[122.68189,-4.19305],[122.68432,-4.19305],[122.68432,-4.19126],[122.68025,-4.19126],[122.68025,-4.1891],[122.6822,-4.1891],[122.6822,-4.18168],[122.68437,-4.18168],[122.68437,-4.18042],[122.68216,-4.18042],[122.68216,-4.17023],[122.6635,-4.17023],[122.6635,-4.16645],[122.65671,-4.16645],[122.65671,-4.18642],[122.66079,-4.18642],[122.66079,-4.19023],[122.664,-4.19023],[122.664,-4.20133],[122.6628,-4.20133],[122.6628,-4.21574]]]}},{"type":"Feature","properties":{"inventoryId":"big-mining-wiup:1099","sector":"Tambang","subtype":"WIUP","quality":"OFFICIAL","sourceDataset":"big-mining-wiup","sourceRecordId":"1099","source":"BIG Kebijakan Satu Peta","sourceUrl":"https://kspservices.big.go.id/satupeta/rest/services/PUBLIK/PERIZINAN_DAN_PERTANAHAN/MapServer/4","retrievedAt":"2026-08-28T06:57:32Z","geometryProcessing":"web display simplification tolerance 0.00035 degrees","name":"BINTANG FAJAR GLOBAL","issuer":"BUPATI","province":"SULAWESI TENGAH","district":"MOROWALI UTARA","permitNumber":"540.3/SK.005/DESDM/X/2012","permitType":"PT","miningType":"IUP","commodity":"NIKEL DMP","status":"2","validFrom":"2012-10-12","validTo":"2022-10-12","areaHa":756.0,"location":"DESA LEMBAH SUMARA, KEC. SOYOJAYA, KAB. MOROWALI","sourceRemark":"-","region":"sulawesi"},"geometry":{"type":"Polygon","coordinates":[[[121.27819,-1.70883],[121.28249,-1.70883],[121.28249,-1.71582],[121.30143,-1.71582],[121.30143,-1.70595],[121.30419,-1.70595],[121.30419,-1.6931],[121.3007,-1.6931],[121.3007,-1.68961],[121.27819,-1.68961],[121.27819,-1.70883]]]}},{"type":"Feature","properties":{"inventoryId":"big-mining-wiup:3531","sector":"Tambang","subtype":"WIUP","quality":"OFFICIAL","sourceDataset":"big-mining-wiup","sourceRecordId":"3531","source":"BIG Kebijakan Satu Peta","sourceUrl":"https://kspservices.big.go.id/satupeta/rest/services/PUBLIK/PERIZINAN_DAN_PERTANAHAN/MapServer/4","retrievedAt":"2026-08-28T06:57:32Z","geometryProcessing":"web display simplification tolerance 0.00035 degrees","name":"BINTANG MANUNGGAL PERSADA","issuer":"GUBERNUR","province":"SULAWESI TENGAH","district":"KOTA PALU","permitNumber":"540/655/IUP-OP/DPMPTSP/2018","permitType":"PT","miningType":"IUP","commodity":"BATU GUNUNG QUARRY BESAR","status":"2","validFrom":"2018-11-28","validTo":"2023-11-28","areaHa":17.17,"location":"-","sourceRemark":"-","region":"sulawesi"},"geometry":{"type":"Polygon","coordinates":[[[119.80884,-0.831],[119.80958,-0.83122],[119.81108,-0.83044],[119.81015,-0.83037],[119.80491,-0.83234],[119.80497,-0.83334],[119.80131,-0.83369],[119.80174,-0.83434],[119.80149,-0.83605],[119.80596,-0.83503],[119.8066,-0.83444],[119.8057,-0.83316],[119.80871,-0.83157],[119.80884,-0.831]]]}},{"type":"Feature","properties":{"inventoryId":"big-mining-wiup:1407","sector":"Tambang","subtype":"WIUP","quality":"OFFICIAL","sourceDataset":"big-mining-wiup","sourceRecordId":"1407","source":"BIG Kebijakan Satu Peta","sourceUrl":"https://kspservices.big.go.id/satupeta/rest/services/PUBLIK/PERIZINAN_DAN_PERTANAHAN/MapServer/4","retrievedAt":"2026-08-28T06:57:32Z","geometryProcessing":"web display simplification tolerance 0.00035 degrees","name":"BINTANG SINAR PERKASA","issuer":"MENTERI","province":"SULAWESI TENGAH","district":"MOROWALI","permitNumber":"28/1/IUP/PMA/2017","permitType":"PT","miningType":"IUP","commodity":"NIKEL DMP","status":"2","validFrom":"2017-06-09","validTo":"2036-01-16","areaHa":1867.7,"location":"DESA LAMONTOLI, KEC. BUNGKU SELATAN, KAB. MOROWALI","sourceRemark":"PMA","region":"sulawesi"},"geometry":{"type":"Polygon","coordinates":[[[122.39453,-3.18114],[122.40683,-3.18077],[122.41153,-3.17873],[122.41153,-3.12641],[122.40323,-3.12641],[122.40323,-3.14107],[122.37176,-3.14107],[122.37176,-3.16297],[122.37486,-3.16326],[122.37486,-3.16398],[122.37589,-3.16398],[122.37589,-3.16465],[122.37712,-3.16465],[122.37712,-3.16537],[122.37903,-3.16599],[122.37903,-3.16799],[122.37948,-3.16799],[122.37948,-3.16929],[122.38024,-3.17035],[122.38064,-3.17368],[122.38119,-3.17368],[122.38119,-3.17444],[122.38203,-3.17444],[122.38203,-3.1754],[122.38289,-3.1754],[122.38289,-3.17644],[122.38479,-3.17644],[122.38479,-3.17739],[122.38609,-3.17739],[122.38609,-3.17802],[122.38806,-3.17802],[122.38806,-3.17871],[122.38937,-3.17871],[122.38937,-3.17924],[122.39067,-3.17924],[122.39133,-3.18003],[122.39453,-3.18114]]]}},{"type":"Feature","properties":{"inventoryId":"big-mining-wiup:130","sector":"Tambang","subtype":"WIUP","quality":"OFFICIAL","sourceDataset":"big-mining-wiup","sourceRecordId":"130","source":"BIG Kebijakan Satu Peta","sourceUrl":"https://kspservices.big.go.id/satupeta/rest/services/PUBLIK/PERIZINAN_DAN_PERTANAHAN/MapServer/4","retrievedAt":"2026-08-28T06:57:32Z","geometryProcessing":"web display simplification tolerance 0.00035 degrees","name":"BINTANG UTAMA ABADI","issuer":"BUPATI","province":"SULAWESI SELATAN","district":"LUWU","permitNumber":"277/V/2012","permitType":"PT","miningType":"IUP","commodity":"GALENA DMP","status":"2","validFrom":"2009-12-08","validTo":"2029-12-08","areaHa":377.0,"location":"DESA ILANDILA, KEC. WALENRANG","sourceRemark":"-","region":"sulawesi"},"geometry":{"type":"Polygon","coordinates":[[[119.97149,-2.83301],[119.97149,-2.83765],[119.96347,-2.83765],[119.96347,-2.84287],[119.96397,-2.84286],[119.96397,-2.84402],[119.96483,-2.84402],[119.96586,-2.85072],[119.96699,-2.85206],[119.98093,-2.85206],[119.98093,-2.83938],[119.98601,-2.83938],[119.98601,-2.83387],[119.98115,-2.83367],[119.98115,-2.83328],[119.98003,-2.83328],[119.97984,-2.83206],[119.979,-2.83206],[119.979,-2.83323],[119.97149,-2.83301]]]}},{"type":"Feature","properties":{"inventoryId":"big-mining-wiup:1922","sector":"Tambang","subtype":"WIUP","quality":"OFFICIAL","sourceDataset":"big-mining-wiup","sourceRecordId":"1922","source":"BIG Kebijakan Satu Peta","sourceUrl":"https://kspservices.big.go.id/satupeta/rest/services/PUBLIK/PERIZINAN_DAN_PERTANAHAN/MapServer/4","retrievedAt":"2026-08-28T06:57:32Z","geometryProcessing":"web display simplification tolerance 0.00035 degrees","name":"BIOMAS INTERNATIONAL","issuer":"GUBERNUR","province":"SULAWESI TENGAH","district":"MOROWALI","permitNumber":"540/726/IUP-E/DPMPTSP/2019","permitType":"PT","miningType":"IUP","commodity":"BATU GAMPING","status":"1","validFrom":"2019-12-27","validTo":"2022-12-27","areaHa":183.0,"location":"TOPOGARO, BUNGKU BARAT, MOROWALI","sourceRemark":"-","region":"sulawesi"},"geometry":{"type":"Polygon","coordinates":[[[121.77682,-2.28684],[121.77336,-2.28684],[121.77336,-2.29961],[121.78576,-2.29961],[121.78576,-2.28918],[121.7837,-2.28918],[121.7837,-2.28787],[121.77682,-2.28787],[121.77682,-2.28684]]]}},{"type":"Feature","properties":{"inventoryId":"big-mining-wiup:595","sector":"Tambang","subtype":"WIUP","quality":"OFFICIAL","sourceDataset":"big-mining-wiup","sourceRecordId":"595","source":"BIG Kebijakan Satu Peta","sourceUrl":"https://kspservices.big.go.id/satupeta/rest/services/PUBLIK/PERIZINAN_DAN_PERTANAHAN/MapServer/4","retrievedAt":"2026-08-28T06:57:32Z","geometryProcessing":"web display simplification tolerance 0.00035 degrees","name":"BITUMEN ALAM INDONESIA","issuer":"BUPATI","province":"SULAWESI TENGGARA","district":"BUTON","permitNumber":"746A TAHUN 2014","permitType":"PT","miningType":"IUP","commodity":"ASPAL","status":"2","validFrom":"2014-09-30","validTo":"2032-08-18","areaHa":1751.0,"location":"KEC. PASARWAJO","sourceRemark":"-","region":"sulawesi"},"geometry":{"type":"Polygon","coordinates":[[[122.86112,-5.41109],[122.86113,-5.38881],[122.87272,-5.38882],[122.87272,-5.38325],[122.85002,-5.38324],[122.85002,-5.39152],[122.84589,-5.39151],[122.84587,-5.42498],[122.85015,-5.42498],[122.85016,-5.44148],[122.87509,-5.44148],[122.87509,-5.41937],[122.89589,-5.41937],[122.89589,-5.4111],[122.86112,-5.41109]]]}},{"type":"Feature","properties":{"inventoryId":"big-mining-wiup:199","sector":"Tambang","subtype":"WIUP","quality":"OFFICIAL","sourceDataset":"big-mining-wiup","sourceRecordId":"199","source":"BIG Kebijakan Satu Peta","sourceUrl":"https://kspservices.big.go.id/satupeta/rest/services/PUBLIK/PERIZINAN_DAN_PERTANAHAN/MapServer/4","retrievedAt":"2026-08-28T06:57:32Z","geometryProcessing":"web display simplification tolerance 0.00035 degrees","name":"BOLA DUNIA MANDIRI","issuer":"GUBERNUR","province":"SULAWESI TENGGARA","district":"KOLAKA","permitNumber":"457/DPM-PTSP/V/2018","permitType":"PT","miningType":"IUP","commodity":"NIKEL","status":"2","validFrom":"2017-08-26","validTo":"2027-08-26","areaHa":260.0,"location":"KEC. POMALAA, KAB. KOLAKA","sourceRemark":"-","region":"sulawesi"},"geometry":{"type":"Polygon","coordinates":[[[121.6237,-4.24194],[121.621,-4.24194],[121.621,-4.24911],[121.61823,-4.24911],[121.61823,-4.25627],[121.61559,-4.25627],[121.61559,-4.26344],[121.6125,-4.26344],[121.6125,-4.26667],[121.61871,-4.26667],[121.61871,-4.2677],[121.62117,-4.2677],[121.62076,-4.27019],[121.62167,-4.27019],[121.62167,-4.26303],[121.62436,-4.26303],[121.62436,-4.25586],[121.62708,-4.25586],[121.62708,-4.24869],[121.62978,-4.24869],[121.62978,-4.24486],[121.6285,-4.24486],[121.6285,-4.24355],[121.62528,-4.24355],[121.62528,-4.2422],[121.6237,-4.24194]]]}},{"type":"Feature","properties":{"inventoryId":"big-mining-wiup:3405","sector":"Tambang","subtype":"WIUP","quality":"OFFICIAL","sourceDataset":"big-mining-wiup","sourceRecordId":"3405","source":"BIG Kebijakan Satu Peta","sourceUrl":"https://kspservices.big.go.id/satupeta/rest/services/PUBLIK/PERIZINAN_DAN_PERTANAHAN/MapServer/4","retrievedAt":"2026-08-28T06:57:32Z","geometryProcessing":"web display simplification tolerance 0.00035 degrees","name":"BOMBANA MAJU MAKMUR","issuer":"BUPATI","province":"SULAWESI TENGGARA","district":"BOMBANA","permitNumber":"314/DPMPTSP/V/2019","permitType":"CV","miningType":"IUP","commodity":"BATU GAMPING","status":"2","validFrom":"2019-05-17","validTo":"2024-05-17","areaHa":16.37,"location":"DESA LANTOWUA, KECAMATAN RAROWATU UTARA, KABUPATEN BOMBANA, PROVINSI SULAWESI TENGGARA","sourceRemark":"-","region":"sulawesi"},"geometry":{"type":"Polygon","coordinates":[[[122.02856,-4.72111],[122.02888,-4.72414],[122.03329,-4.72414],[122.03305,-4.72125],[122.02856,-4.72111]]]}},{"type":"Feature","properties":{"inventoryId":"big-mining-wiup:1747","sector":"Tambang","subtype":"WIUP","quality":"OFFICIAL","sourceDataset":"big-mining-wiup","sourceRecordId":"1747","source":"BIG Kebijakan Satu Peta","sourceUrl":"https://kspservices.big.go.id/satupeta/rest/services/PUBLIK/PERIZINAN_DAN_PERTANAHAN/MapServer/4","retrievedAt":"2026-08-28T06:57:32Z","geometryProcessing":"web display simplification tolerance 0.00035 degrees","name":"BOSOSI PRATAMA","issuer":"BUPATI","province":"SULAWESI TENGGARA","district":"KONAWE UTARA","permitNumber":"199 TAHUN 2011","permitType":"PT","miningType":"IUP","commodity":"NIKEL","status":"2","validFrom":"2011-06-06","validTo":"2031-06-06","areaHa":1850.0,"location":"KEC. LANGGIKIMA, KAB.KONAWE UTARA","sourceRemark":"-","region":"sulawesi"},"geometry":{"type":"Polygon","coordinates":[[[122.20885,-3.37057],[122.20889,-3.35001],[122.19592,-3.35001],[122.19592,-3.34416],[122.19247,-3.34416],[122.19247,-3.34259],[122.18316,-3.34259],[122.18317,-3.38917],[122.19749,-3.38916],[122.19751,-3.39507],[122.23323,-3.39507],[122.23323,-3.3896],[122.22123,-3.38958],[122.22123,-3.38185],[122.22008,-3.38185],[122.22008,-3.37705],[122.21715,-3.37705],[122.21711,-3.3706],[122.20885,-3.37057]]]}},{"type":"Feature","properties":{"inventoryId":"big-mining-wiup:1639","sector":"Tambang","subtype":"WIUP","quality":"OFFICIAL","sourceDataset":"big-mining-wiup","sourceRecordId":"1639","source":"BIG Kebijakan Satu Peta","sourceUrl":"https://kspservices.big.go.id/satupeta/rest/services/PUBLIK/PERIZINAN_DAN_PERTANAHAN/MapServer/4","retrievedAt":"2026-08-28T06:57:32Z","geometryProcessing":"web display simplification tolerance 0.00035 degrees","name":"BOSOWA MINING","issuer":"BUPATI","province":"SULAWESI TENGGARA","district":"KONAWE UTARA","permitNumber":"89 TAHUN 2011","permitType":"PT","miningType":"IUP","commodity":"NIKEL","status":"2","validFrom":"2011-01-28","validTo":"2031-03-28","areaHa":1500.0,"location":"KEC. WIWIRANO, KAB. KONAWE UTARA","sourceRemark":"-","region":"sulawesi"},"geometry":{"type":"Polygon","coordinates":[[[122.21057,-3.17702],[122.21057,-3.18347],[122.20533,-3.18347],[122.20533,-3.19642],[122.22369,-3.19642],[122.22369,-3.21429],[122.24579,-3.21429],[122.24579,-3.19536],[122.25,-3.19536],[122.25,-3.17702],[122.21057,-3.17702]]]}},{"type":"Feature","properties":{"inventoryId":"big-mining-wiup:65","sector":"Tambang","subtype":"WIUP","quality":"OFFICIAL","sourceDataset":"big-mining-wiup","sourceRecordId":"65","source":"BIG Kebijakan Satu Peta","sourceUrl":"https://kspservices.big.go.id/satupeta/rest/services/PUBLIK/PERIZINAN_DAN_PERTANAHAN/MapServer/4","retrievedAt":"2026-08-28T06:57:32Z","geometryProcessing":"web display simplification tolerance 0.00035 degrees","name":"BOSOWA MINING","issuer":"GUBERNUR","province":"SULAWESI SELATAN","district":"MAROS","permitNumber":"15/I.03a/PTSP/2019","permitType":"PT","miningType":"IUP","commodity":"MARMER","status":"2","validFrom":"2018-09-12","validTo":"2023-09-11","areaHa":25.0,"location":"DESA BARUGA, KEC. BANTIMURUNG, KAB. MAROS","sourceRemark":"-","region":"sulawesi"},"geometry":{"type":"Polygon","coordinates":[[[119.62378,-4.93611],[119.62572,-4.93611],[119.62572,-4.93333],[119.62694,-4.93333],[119.62694,-4.92864],[119.62378,-4.92864],[119.62378,-4.93611]]]}},{"type":"Feature","properties":{"inventoryId":"big-mining-wiup:3923","sector":"Tambang","subtype":"WIUP","quality":"OFFICIAL","sourceDataset":"big-mining-wiup","sourceRecordId":"3923","source":"BIG Kebijakan Satu Peta","sourceUrl":"https://kspservices.big.go.id/satupeta/rest/services/PUBLIK/PERIZINAN_DAN_PERTANAHAN/MapServer/4","retrievedAt":"2026-08-28T06:57:32Z","geometryProcessing":"web display simplification tolerance 0.00035 degrees","name":"BUANA DELIMA BERKARYA","issuer":"MENTERI","province":"SULAWESI TENGAH","district":"MOROWALI UTARA","permitNumber":"971/1/IUP/PMDN/2021","permitType":"CV","miningType":"IUP","commodity":"KERIKIL BERPASIR ALAMI (SIRTU)","status":"1","validFrom":"2021-09-21","validTo":"2024-09-21","areaHa":23.68,"location":"-","sourceRemark":"-","region":"sulawesi"},"geometry":{"type":"Polygon","coordinates":[[[121.49276,-2.0505],[121.49398,-2.05357],[121.49682,-2.05443],[121.5083,-2.05338],[121.5083,-2.05164],[121.49893,-2.05348],[121.49493,-2.05331],[121.49392,-2.05221],[121.49377,-2.05041],[121.49276,-2.0505]]]}},{"type":"Feature","properties":{"inventoryId":"big-mining-wiup:259","sector":"Tambang","subtype":"WIUP","quality":"OFFICIAL","sourceDataset":"big-mining-wiup","sourceRecordId":"259","source":"BIG Kebijakan Satu Peta","sourceUrl":"https://kspservices.big.go.id/satupeta/rest/services/PUBLIK/PERIZINAN_DAN_PERTANAHAN/MapServer/4","retrievedAt":"2026-08-28T06:57:32Z","geometryProcessing":"web display simplification tolerance 0.00035 degrees","name":"BUKIT BUNEA","issuer":"GUBERNUR","province":"SULAWESI SELATAN","district":"PANGKAJENE DAN KEPULAUAN","permitNumber":"41/I.03a.P/P2T/10/2017","permitType":"PT","miningType":"IUP","commodity":"MARMER","status":"2","validFrom":"2017-10-24","validTo":"2023-03-26","areaHa":50.0,"location":"BULU TELLUE, KEC. TONDONG TALLASA, PANGKAJENE KEP.","sourceRemark":"-","region":"sulawesi"},"geometry":{"type":"Polygon","coordinates":[[[119.66789,-4.84019],[119.66789,-4.84283],[119.6706,-4.84283],[119.6706,-4.84372],[119.67917,-4.84372],[119.67917,-4.84064],[119.67694,-4.84064],[119.67694,-4.83875],[119.67422,-4.83875],[119.67422,-4.84019],[119.66789,-4.84019]]]}},{"type":"Feature","properties":{"inventoryId":"big-mining-wiup:3373","sector":"Tambang","subtype":"WIUP","quality":"OFFICIAL","sourceDataset":"big-mining-wiup","sourceRecordId":"3373","source":"BIG Kebijakan Satu Peta","sourceUrl":"https://kspservices.big.go.id/satupeta/rest/services/PUBLIK/PERIZINAN_DAN_PERTANAHAN/MapServer/4","retrievedAt":"2026-08-28T06:57:32Z","geometryProcessing":"web display simplification tolerance 0.00035 degrees","name":"BUKIT INTAN LESTARI","issuer":"GUBERNUR","province":"SULAWESI TENGAH","district":"DONGGALA","permitNumber":"540/592/IUP-OP/DPMPTSP/2019","permitType":"PT","miningType":"IUP","commodity":"BATUAN","status":"2","validFrom":"2019-11-04","validTo":"2024-11-04","areaHa":11.23,"location":"JL. TRANS SULAWESI POROS DONGGALA-PALU KM 13 DESA LOLI OGE KEC. BANAWA KAB. DONGGALA","sourceRemark":"-","region":"sulawesi"},"geometry":{"type":"Polygon","coordinates":[[[119.79937,-0.80642],[119.79854,-0.80642],[119.79814,-0.80795],[119.79741,-0.80813],[119.79741,-0.80918],[119.79229,-0.80918],[119.79229,-0.81022],[119.7984,-0.80972],[119.79931,-0.80867],[119.79937,-0.80642]]]}},{"type":"Feature","properties":{"inventoryId":"big-mining-wiup:127","sector":"Tambang","subtype":"WIUP","quality":"OFFICIAL","sourceDataset":"big-mining-wiup","sourceRecordId":"127","source":"BIG Kebijakan Satu Peta","sourceUrl":"https://kspservices.big.go.id/satupeta/rest/services/PUBLIK/PERIZINAN_DAN_PERTANAHAN/MapServer/4","retrievedAt":"2026-08-28T06:57:32Z","geometryProcessing":"web display simplification tolerance 0.00035 degrees","name":"BUKIT MAKMUR ISTINDO NIKELTAMA","issuer":"BUPATI","province":"SULAWESI TENGAH","district":"MOROWALI, MOROWALI UTARA","permitNumber":"540.3/SK.001/DESDM/I/2012","permitType":"PT","miningType":"IUP","commodity":"NIKEL DMP","status":"2","validFrom":"2012-01-05","validTo":"2030-01-28","areaHa":4778.0,"location":"DESA TOMPIRA DAN SEKITARNYA, KEC. LEMBO, PETASIA DAN WITAPONDA, KAB. MOROWALI","sourceRemark":"-","region":"sulawesi"},"geometry":{"type":"Polygon","coordinates":[[[121.47223,-2.13443],[121.47223,-2.12797],[121.4686,-2.12797],[121.4686,-2.12628],[121.46645,-2.12628],[121.46645,-2.12016],[121.46305,-2.12016],[121.46305,-2.11665],[121.45954,-2.11665],[121.45954,-2.1119],[121.45772,-2.1119],[121.45772,-2.10193],[121.46158,-2.10193],[121.46158,-2.09604],[121.45897,-2.09604],[121.45897,-2.08517],[121.4533,-2.08517],[121.4533,-2.08347],[121.45093,-2.08347],[121.45093,-2.08098],[121.44945,-2.08098],[121.44945,-2.07838],[121.44673,-2.07838],[121.44673,-2.07668],[121.44345,-2.07668],[121.44345,-2.07498],[121.43257,-2.07498],[121.43257,-2.07702],[121.42724,-2.07702],[121.42724,-2.07872],[121.41637,-2.07872],[121.41637,-2.06796],[121.41149,-2.06796],[121.41149,-2.06932],[121.40458,-2.06932],[121.40458,-2.07249],[121.39654,-2.07249],[121.39654,-2.07509],[121.39167,-2.07509],[121.39167,-2.08336],[121.35326,-2.08331],[121.35326,-2.09746],[121.35518,-2.09746],[121.35518,-2.10595],[121.35246,-2.10595],[121.35246,-2.10822],[121.34997,-2.10822],[121.34997,-2.11671],[121.38861,-2.11671],[121.38861,-2.11014],[121.38634,-2.11014],[121.38634,-2.1055],[121.38226,-2.1055],[121.38226,-2.10109],[121.37342,-2.10109],[121.37342,-2.09395],[121.37569,-2.09395],[121.37569,-2.08716],[121.38396,-2.08716],[121.38396,-2.08625],[121.403,-2.08625],[121.403,-2.08772],[121.40583,-2.08772],[121.40583,-2.08954],[121.43098,-2.08954],[121.43098,-2.08388],[121.43438,-2.08388],[121.43438,-2.08003],[121.44277,-2.08003],[121.44277,-2.0901],[121.43937,-2.0901],[121.43937,-2.09893],[121.45466,-2.09893],[121.45466,-2.1132],[121.43359,-2.1132],[121.43359,-2.10109],[121.40368,-2.10109],[121.40368,-2.11309],[121.39631,-2.11309],[121.39631,-2.11671],[121.45002,-2.11671],[121.45002,-2.14677],[121.46922,-2.14677],[121.46922,-2.14989],[121.47172,-2.14989],[121.47172,-2.15362],[121.47336,-2.15362],[121.47336,-2.15815],[121.4835,-2.15815],[121.4835,-2.18317],[121.50871,-2.18317],[121.50871,-2.17134],[121.50508,-2.17134],[121.50508,-2.16806],[121.49466,-2.16806],[121.49466,-2.16319],[121.48469,-2.16319],[121.48469,-2.15175],[121.48798,-2.15175],[121.48798,-2.14462],[121.48424,-2.14462],[121.48424,-2.13443],[121.48798,-2.13443],[121.48798,-2.12605],[121.48288,-2.12605],[121.48288,-2.12288],[121.47347,-2.12288],[121.47347,-2.13047],[121.47982,-2.13047],[121.4798,-2.13443],[121.48207,-2.13444],[121.48207,-2.14195],[121.45846,-2.14195],[121.45846,-2.13443],[121.47223,-2.13443]]]}},{"type":"Feature","properties":{"inventoryId":"big-mining-wiup:1333","sector":"Tambang","subtype":"WIUP","quality":"OFFICIAL","sourceDataset":"big-mining-wiup","sourceRecordId":"1333","source":"BIG Kebijakan Satu Peta","sourceUrl":"https://kspservices.big.go.id/satupeta/rest/services/PUBLIK/PERIZINAN_DAN_PERTANAHAN/MapServer/4","retrievedAt":"2026-08-28T06:57:32Z","geometryProcessing":"web display simplification tolerance 0.00035 degrees","name":"BULAGIDUN MINERINDO","issuer":"GUBERNUR","province":"SULAWESI TENGAH","district":"BUOL","permitNumber":"540/811/DISESDM-G.ST/2016","permitType":"PT","miningType":"IUP","commodity":"LOGAM DASAR","status":"1","validFrom":"2016-10-31","validTo":"2022-10-31","areaHa":6755.0,"location":"DESA TIMBULON, LUNGUTO, BODI DAN DIAPATI","sourceRemark":"-","region":"sulawesi"},"geometry":{"type":"Polygon","coordinates":[[[121.81066,0.98667],[121.87722,0.98667],[121.87722,1.08173],[121.80167,1.08173],[121.80167,1.06613],[121.8103,1.06613],[121.8103,1.04288],[121.83525,1.04288],[121.83525,1.00283],[121.81066,1.00283],[121.81066,0.98667]]]}},{"type":"Feature","properties":{"inventoryId":"big-mining-wiup:448","sector":"Tambang","subtype":"WIUP","quality":"OFFICIAL","sourceDataset":"big-mining-wiup","sourceRecordId":"448","source":"BIG Kebijakan Satu Peta","sourceUrl":"https://kspservices.big.go.id/satupeta/rest/services/PUBLIK/PERIZINAN_DAN_PERTANAHAN/MapServer/4","retrievedAt":"2026-08-28T06:57:32Z","geometryProcessing":"web display simplification tolerance 0.00035 degrees","name":"BULAWAN DAYA LESTARI","issuer":"GUBERNUR","province":"SULAWESI UTARA","district":"BOLAANG MONGONDOW","permitNumber":"503/DPMPTSP/IUP-OP/241/X/2020","permitType":"PT","miningType":"IUP","commodity":"EMAS","status":"2","validFrom":"2019-03-11","validTo":"2029-03-11","areaHa":99.84,"location":"DESA MOPAIT, KEC. LOLAYAN, KAB. BOLAANG MONGONDOW","sourceRemark":"-","region":"sulawesi"},"geometry":{"type":"Polygon","coordinates":[[[124.20897,0.71307],[124.20897,0.70409],[124.21797,0.70409],[124.21797,0.71307],[124.20897,0.71307]]]}},{"type":"Feature","properties":{"inventoryId":"big-mining-wiup:2194","sector":"Tambang","subtype":"WIUP","quality":"OFFICIAL","sourceDataset":"big-mining-wiup","sourceRecordId":"2194","source":"BIG Kebijakan Satu Peta","sourceUrl":"https://kspservices.big.go.id/satupeta/rest/services/PUBLIK/PERIZINAN_DAN_PERTANAHAN/MapServer/4","retrievedAt":"2026-08-28T06:57:32Z","geometryProcessing":"web display simplification tolerance 0.00035 degrees","name":"BUMDES KALOTOK (RAMA)","issuer":"GUBERNUR","province":"SULAWESI SELATAN","district":"LUWU UTARA","permitNumber":"101/1.03/PTSP/2019","permitType":"SDR","miningType":"IUP","commodity":"BATUAN (SIRTU)","status":"2","validFrom":"2019-11-29","validTo":"2024-11-29","areaHa":5.25,"location":"SUNGAI BABESUK, DESA KALOTOK, KECAMATAN SABANG","sourceRemark":"-","region":"sulawesi"},"geometry":{"type":"Polygon","coordinates":[[[120.15801,-2.71658],[120.15739,-2.71672],[120.15739,-2.7174],[120.16209,-2.71743],[120.16283,-2.71834],[120.16283,-2.7169],[120.15801,-2.71658]]]}},{"type":"Feature","properties":{"inventoryId":"big-mining-wiup:925","sector":"Tambang","subtype":"WIUP","quality":"OFFICIAL","sourceDataset":"big-mining-wiup","sourceRecordId":"925","source":"BIG Kebijakan Satu Peta","sourceUrl":"https://kspservices.big.go.id/satupeta/rest/services/PUBLIK/PERIZINAN_DAN_PERTANAHAN/MapServer/4","retrievedAt":"2026-08-28T06:57:32Z","geometryProcessing":"web display simplification tolerance 0.00035 degrees","name":"BUMI ALAM SEMESTA","issuer":"BUPATI","province":"SULAWESI TENGGARA","district":"KONAWE UTARA","permitNumber":"132 TAHUN 2011","permitType":"PT","miningType":"IUP","commodity":"BATU KAPUR","status":"2","validFrom":"2011-03-28","validTo":"2031-03-28","areaHa":2000.0,"location":"KEC. LANGGIKIMA","sourceRemark":"-","region":"sulawesi"},"geometry":{"type":"Polygon","coordinates":[[[122.07444,-3.35],[122.07444,-3.31694],[122.05083,-3.31694],[122.05083,-3.325],[122.02278,-3.325],[122.02278,-3.31556],[122.01667,-3.31556],[122.01667,-3.35],[122.07444,-3.35]]]}},{"type":"Feature","properties":{"inventoryId":"big-mining-wiup:243","sector":"Tambang","subtype":"WIUP","quality":"OFFICIAL","sourceDataset":"big-mining-wiup","sourceRecordId":"243","source":"BIG Kebijakan Satu Peta","sourceUrl":"https://kspservices.big.go.id/satupeta/rest/services/PUBLIK/PERIZINAN_DAN_PERTANAHAN/MapServer/4","retrievedAt":"2026-08-28T06:57:32Z","geometryProcessing":"web display simplification tolerance 0.00035 degrees","name":"BUMI BINTANG TIMUR","issuer":"GUBERNUR","province":"SULAWESI TENGGARA","district":"BUTON UTARA","permitNumber":"667/BKPMD-PTSP/XII/2016","permitType":"PT","miningType":"IUP","commodity":"ASPAL","status":"2","validFrom":"2015-04-28","validTo":"2035-04-28","areaHa":198.7,"location":"KEC. KAMBOWA, KAB. BUTON UTARA","sourceRemark":"-","region":"sulawesi"},"geometry":{"type":"Polygon","coordinates":[[[122.96568,-4.93473],[122.98498,-4.93473],[122.98498,-4.92693],[122.96568,-4.92693],[122.96568,-4.93473]]]}},{"type":"Feature","properties":{"inventoryId":"big-mining-wiup:1060","sector":"Tambang","subtype":"WIUP","quality":"OFFICIAL","sourceDataset":"big-mining-wiup","sourceRecordId":"1060","source":"BIG Kebijakan Satu Peta","sourceUrl":"https://kspservices.big.go.id/satupeta/rest/services/PUBLIK/PERIZINAN_DAN_PERTANAHAN/MapServer/4","retrievedAt":"2026-08-28T06:57:32Z","geometryProcessing":"web display simplification tolerance 0.00035 degrees","name":"BUMI BUTON DELTA MEGAH","issuer":"BUPATI","province":"SULAWESI TENGGARA","district":"BUTON","permitNumber":"485 TAHUN 2009","permitType":"PT","miningType":"IUP","commodity":"NIKEL","status":"2","validFrom":"2009-09-04","validTo":"2029-09-04","areaHa":675.0,"location":"KEC. KAPONTORI","sourceRemark":"-","region":"sulawesi"},"geometry":{"type":"Polygon","coordinates":[[[122.78965,-5.24531],[122.78954,-5.24798],[122.78255,-5.24798],[122.78259,-5.27493],[122.78118,-5.27493],[122.78118,-5.28048],[122.78264,-5.28048],[122.78264,-5.27865],[122.78562,-5.27865],[122.78562,-5.27645],[122.7887,-5.27645],[122.7887,-5.27436],[122.79152,-5.27436],[122.79152,-5.27195],[122.79909,-5.27196],[122.7991,-5.24307],[122.8003,-5.24307],[122.8003,-5.2415],[122.80192,-5.2415],[122.80192,-5.23972],[122.80349,-5.23972],[122.80349,-5.23768],[122.80568,-5.23768],[122.80568,-5.22763],[122.80464,-5.22763],[122.80464,-5.22867],[122.80354,-5.22867],[122.80354,-5.2303],[122.80245,-5.2303],[122.80245,-5.23192],[122.80077,-5.23192],[122.80077,-5.23537],[122.79837,-5.23537],[122.79837,-5.23898],[122.79571,-5.23898],[122.79571,-5.24531],[122.78965,-5.24531]]]}},{"type":"Feature","properties":{"inventoryId":"big-mining-wiup:2366","sector":"Tambang","subtype":"WIUP","quality":"OFFICIAL","sourceDataset":"big-mining-wiup","sourceRecordId":"2366","source":"BIG Kebijakan Satu Peta","sourceUrl":"https://kspservices.big.go.id/satupeta/rest/services/PUBLIK/PERIZINAN_DAN_PERTANAHAN/MapServer/4","retrievedAt":"2026-08-28T06:57:32Z","geometryProcessing":"web display simplification tolerance 0.00035 degrees","name":"BUMI DUA MINERAL","issuer":"GUBERNUR","province":"SULAWESI TENGGARA","district":"KOLAKA UTARA","permitNumber":"679/DPMPTSP/X/2020","permitType":"PT","miningType":"IUP","commodity":"NIKEL","status":"2","validFrom":"2012-10-05","validTo":"2032-10-04","areaHa":855.0,"location":"DESA PITULUA, KECAMATAN LASUSU","sourceRemark":"-","region":"sulawesi"},"geometry":{"type":"Polygon","coordinates":[[[120.89333,-3.52196],[120.88128,-3.52196],[120.88128,-3.53383],[120.88439,-3.53383],[120.88439,-3.54253],[120.89958,-3.54253],[120.89958,-3.55681],[120.90878,-3.55681],[120.90878,-3.55956],[120.91625,-3.55956],[120.91625,-3.55219],[120.92042,-3.55219],[120.92042,-3.54625],[120.91358,-3.54625],[120.91358,-3.54319],[120.90853,-3.54319],[120.90853,-3.53472],[120.90203,-3.53472],[120.90203,-3.52528],[120.89333,-3.52528],[120.89333,-3.52196]]]}},{"type":"Feature","properties":{"inventoryId":"big-mining-wiup:2504","sector":"Tambang","subtype":"WIUP","quality":"OFFICIAL","sourceDataset":"big-mining-wiup","sourceRecordId":"2504","source":"BIG Kebijakan Satu Peta","sourceUrl":"https://kspservices.big.go.id/satupeta/rest/services/PUBLIK/PERIZINAN_DAN_PERTANAHAN/MapServer/4","retrievedAt":"2026-08-28T06:57:32Z","geometryProcessing":"web display simplification tolerance 0.00035 degrees","name":"BUMI INDAH SULTRA","issuer":"GUBERNUR","province":"SULAWESI TENGAH","district":"MOROWALI UTARA","permitNumber":"540/186/IUP-OP-PENCIUTAN/DPMPTSP/2020","permitType":"PT","miningType":"IUP","commodity":"NIKEL DMP","status":"2","validFrom":"2020-03-04","validTo":"2033-02-12","areaHa":8034.0,"location":"DESA LAWANGKE, KEC. LEMBO, KAB. MOROWALI","sourceRemark":"-","region":"sulawesi"},"geometry":{"type":"Polygon","coordinates":[[[121.31007,-2.35471],[121.38898,-2.35471],[121.38898,-2.29981],[121.4027,-2.29981],[121.4027,-2.29263],[121.40645,-2.29263],[121.4065,-2.27061],[121.40303,-2.27061],[121.40303,-2.24049],[121.3571,-2.24049],[121.35708,-2.30709],[121.34022,-2.30691],[121.34022,-2.31559],[121.31007,-2.31559],[121.31007,-2.35471]]]}},{"type":"Feature","properties":{"inventoryId":"big-mining-wiup:682","sector":"Tambang","subtype":"WIUP","quality":"OFFICIAL","sourceDataset":"big-mining-wiup","sourceRecordId":"682","source":"BIG Kebijakan Satu Peta","sourceUrl":"https://kspservices.big.go.id/satupeta/rest/services/PUBLIK/PERIZINAN_DAN_PERTANAHAN/MapServer/4","retrievedAt":"2026-08-28T06:57:32Z","geometryProcessing":"web display simplification tolerance 0.00035 degrees","name":"BUMI KONAWE ABADI","issuer":"BUPATI","province":"SULAWESI TENGGARA","district":"KONAWE UTARA","permitNumber":"392 TAHUN 2009","permitType":"PT","miningType":"IUP","commodity":"NIKEL","status":"2","validFrom":"2009-12-22","validTo":"2027-12-22","areaHa":438.6,"location":"KEC. SAWA KAB KONAWE UTARA","sourceRemark":"-","region":"sulawesi"},"geometry":{"type":"Polygon","coordinates":[[[122.43672,-3.82],[122.43406,-3.82],[122.43406,-3.8312],[122.43778,-3.8312],[122.43778,-3.83585],[122.45157,-3.83585],[122.45157,-3.82105],[122.44911,-3.82105],[122.44911,-3.81462],[122.44362,-3.81462],[122.44362,-3.81005],[122.43672,-3.81005],[122.43672,-3.82]]]}},{"type":"Feature","properties":{"inventoryId":"big-mining-wiup:880","sector":"Tambang","subtype":"WIUP","quality":"OFFICIAL","sourceDataset":"big-mining-wiup","sourceRecordId":"880","source":"BIG Kebijakan Satu Peta","sourceUrl":"https://kspservices.big.go.id/satupeta/rest/services/PUBLIK/PERIZINAN_DAN_PERTANAHAN/MapServer/4","retrievedAt":"2026-08-28T06:57:32Z","geometryProcessing":"web display simplification tolerance 0.00035 degrees","name":"BUMI KONAWE JAYA","issuer":"GUBERNUR","province":"SULAWESI TENGGARA","district":"BUTON UTARA","permitNumber":"666/BKPMD-PTSP/XII/2016","permitType":"PT","miningType":"IUP","commodity":"ASPAL","status":"2","validFrom":"2015-04-28","validTo":"2035-04-28","areaHa":195.6,"location":"WACU LAEA DAN MARGA KARYA KEC. KULISUSU BARAT, KAB. BUTON UTARA","sourceRemark":"-","region":"sulawesi"},"geometry":{"type":"Polygon","coordinates":[[[123.06467,-4.63636],[123.07314,-4.63636],[123.07314,-4.61753],[123.06467,-4.61753],[123.06467,-4.63636]]]}},{"type":"Feature","properties":{"inventoryId":"big-mining-wiup:409","sector":"Tambang","subtype":"WIUP","quality":"OFFICIAL","sourceDataset":"big-mining-wiup","sourceRecordId":"409","source":"BIG Kebijakan Satu Peta","sourceUrl":"https://kspservices.big.go.id/satupeta/rest/services/PUBLIK/PERIZINAN_DAN_PERTANAHAN/MapServer/4","retrievedAt":"2026-08-28T06:57:32Z","geometryProcessing":"web display simplification tolerance 0.00035 degrees","name":"BUMI KONAWE MINERINA","issuer":"MENTERI","province":"SULAWESI TENGGARA","district":"KONAWE UTARA","permitNumber":"29/1/IUP/PMA/2017","permitType":"PT","miningType":"IUP","commodity":"NIKEL","status":"2","validFrom":"2017-06-12","validTo":"2027-12-22","areaHa":616.0,"location":"KEC. MOLAWE","sourceRemark":"PMA","region":"sulawesi"},"geometry":{"type":"Polygon","coordinates":[[[122.21851,-3.54252],[122.21851,-3.53169],[122.21669,-3.53169],[122.21675,-3.52987],[122.21211,-3.52987],[122.21216,-3.54157],[122.19243,-3.54157],[122.19243,-3.53347],[122.18516,-3.53347],[122.18517,-3.52714],[122.18873,-3.52714],[122.18873,-3.5181],[122.17804,-3.51811],[122.17861,-3.52216],[122.17931,-3.52216],[122.17931,-3.52381],[122.17975,-3.52381],[122.17975,-3.52476],[122.18032,-3.52476],[122.18056,-3.52625],[122.18031,-3.53383],[122.19217,-3.53383],[122.19217,-3.5418],[122.21634,-3.5418],[122.21634,-3.55049],[122.22463,-3.55049],[122.22463,-3.56724],[122.18333,-3.56724],[122.18333,-3.59679],[122.18868,-3.59679],[122.18868,-3.58047],[122.1906,-3.58047],[122.19058,-3.57335],[122.19258,-3.57335],[122.19256,-3.56753],[122.22507,-3.56741],[122.22507,-3.56514],[122.23062,-3.56514],[122.23062,-3.55791],[122.22477,-3.55791],[122.22477,-3.5496],[122.22308,-3.5496],[122.22308,-3.54252],[122.21851,-3.54252]]]}},{"type":"Feature","properties":{"inventoryId":"big-mining-wiup:152","sector":"Tambang","subtype":"WIUP","quality":"OFFICIAL","sourceDataset":"big-mining-wiup","sourceRecordId":"152","source":"BIG Kebijakan Satu Peta","sourceUrl":"https://kspservices.big.go.id/satupeta/rest/services/PUBLIK/PERIZINAN_DAN_PERTANAHAN/MapServer/4","retrievedAt":"2026-08-28T06:57:32Z","geometryProcessing":"web display simplification tolerance 0.00035 degrees","name":"BUMI MAKMUR GEMILANG","issuer":"GUBERNUR","province":"SULAWESI TENGAH","district":"BANGGAI","permitNumber":"540/498/IUP-OP/PGH/DPMPTSP/2017","permitType":"PT","miningType":"IUP","commodity":"NIKEL","status":"2","validFrom":"2015-09-02","validTo":"2035-03-05","areaHa":3447.0,"location":"KEC. TOILI, BANGGAI","sourceRemark":"-","region":"sulawesi"},"geometry":{"type":"Polygon","coordinates":[[[122.06389,-1.58333],[122.07694,-1.58333],[122.07694,-1.61667],[122.08778,-1.61667],[122.08778,-1.6075],[122.09111,-1.6075],[122.09111,-1.60333],[122.09333,-1.60333],[122.09333,-1.6],[122.09583,-1.6],[122.09583,-1.59611],[122.0875,-1.59611],[122.0875,-1.58389],[122.10194,-1.58389],[122.10194,-1.59167],[122.11222,-1.59167],[122.11222,-1.58667],[122.1425,-1.58667],[122.1425,-1.58111],[122.14639,-1.58111],[122.14639,-1.57778],[122.15,-1.57778],[122.15,-1.57389],[122.15306,-1.57389],[122.15306,-1.57],[122.15833,-1.57],[122.15833,-1.56389],[122.09833,-1.56389],[122.09833,-1.55],[122.06389,-1.55],[122.06389,-1.58333]]]}},{"type":"Feature","properties":{"inventoryId":"big-mining-wiup:648","sector":"Tambang","subtype":"WIUP","quality":"OFFICIAL","sourceDataset":"big-mining-wiup","sourceRecordId":"648","source":"BIG Kebijakan Satu Peta","sourceUrl":"https://kspservices.big.go.id/satupeta/rest/services/PUBLIK/PERIZINAN_DAN_PERTANAHAN/MapServer/4","retrievedAt":"2026-08-28T06:57:32Z","geometryProcessing":"web display simplification tolerance 0.00035 degrees","name":"BUMI MOROWALI UTAMA","issuer":"BUPATI","province":"SULAWESI TENGAH","district":"MOROWALI","permitNumber":"540.3/SK.004/DESDM/X/2011","permitType":"PT","miningType":"IUP","commodity":"NIKEL DMP","status":"2","validFrom":"2011-10-27","validTo":"2026-10-20","areaHa":1963.0,"location":"DESA LAROENAI KEC. BUNGKU PESISIR","sourceRemark":"-","region":"sulawesi"},"geometry":{"type":"Polygon","coordinates":[[[122.2273,-3.05411],[122.2273,-3.0781],[122.2299,-3.0781],[122.22989,-3.07992],[122.25629,-3.07992],[122.25629,-3.10113],[122.27567,-3.10113],[122.27567,-3.06939],[122.26698,-3.06939],[122.26698,-3.0578],[122.27098,-3.0578],[122.27098,-3.04527],[122.25394,-3.04527],[122.25394,-3.05079],[122.25499,-3.05079],[122.25499,-3.06287],[122.25,-3.06287],[122.25,-3.0601],[122.2448,-3.0601],[122.2448,-3.05769],[122.24005,-3.05769],[122.24005,-3.05553],[122.23728,-3.05553],[122.23728,-3.05411],[122.2273,-3.05411]]]}},{"type":"Feature","properties":{"inventoryId":"big-mining-wiup:227","sector":"Tambang","subtype":"WIUP","quality":"OFFICIAL","sourceDataset":"big-mining-wiup","sourceRecordId":"227","source":"BIG Kebijakan Satu Peta","sourceUrl":"https://kspservices.big.go.id/satupeta/rest/services/PUBLIK/PERIZINAN_DAN_PERTANAHAN/MapServer/4","retrievedAt":"2026-08-28T06:57:32Z","geometryProcessing":"web display simplification tolerance 0.00035 degrees","name":"BUMI NIAGA LESTARI","issuer":"BUPATI","province":"SULAWESI TENGGARA","district":"BUTON","permitNumber":"688 TAHUN 2011","permitType":"PT","miningType":"IUP","commodity":"ASPAL","status":"2","validFrom":"2011-08-18","validTo":"2031-08-18","areaHa":196.0,"location":"DESA LAWELE, KEC. LASALIMU, BU","sourceRemark":"-","region":"sulawesi"},"geometry":{"type":"Polygon","coordinates":[[[122.92472,-5.28583],[122.92472,-5.29194],[122.91861,-5.29194],[122.91861,-5.29472],[122.94083,-5.29472],[122.94083,-5.28583],[122.92472,-5.28583]]]}},{"type":"Feature","properties":{"inventoryId":"big-mining-wiup:909","sector":"Tambang","subtype":"WIUP","quality":"OFFICIAL","sourceDataset":"big-mining-wiup","sourceRecordId":"909","source":"BIG Kebijakan Satu Peta","sourceUrl":"https://kspservices.big.go.id/satupeta/rest/services/PUBLIK/PERIZINAN_DAN_PERTANAHAN/MapServer/4","retrievedAt":"2026-08-28T06:57:32Z","geometryProcessing":"web display simplification tolerance 0.00035 degrees","name":"BUMI NIKEL NUSANTARA","issuer":"GUBERNUR","province":"SULAWESI TENGGARA","district":"KONAWE UTARA","permitNumber":"839/DPM-PTSP/X/2018","permitType":"PT","miningType":"IUP","commodity":"NIKEL","status":"2","validFrom":"2018-10-16","validTo":"2032-03-10","areaHa":386.49,"location":"MOLAWE, KONAWE UTARA","sourceRemark":"-","region":"sulawesi"},"geometry":{"type":"Polygon","coordinates":[[[122.16417,-3.51318],[122.15363,-3.51317],[122.15362,-3.51385],[122.1524,-3.51384],[122.1524,-3.51467],[122.15111,-3.51467],[122.15111,-3.51544],[122.14884,-3.51597],[122.14884,-3.5165],[122.14789,-3.5165],[122.14789,-3.51711],[122.14717,-3.51711],[122.14644,-3.51818],[122.14566,-3.51818],[122.14566,-3.51994],[122.14625,-3.51994],[122.14625,-3.52067],[122.14897,-3.52202],[122.14841,-3.52887],[122.14897,-3.52887],[122.14944,-3.53045],[122.15137,-3.53244],[122.15136,-3.53388],[122.16417,-3.53387],[122.16417,-3.51318]]]}},{"type":"Feature","properties":{"inventoryId":"big-mining-wiup:4584","sector":"Tambang","subtype":"WIUP","quality":"OFFICIAL","sourceDataset":"big-mining-wiup","sourceRecordId":"4584","source":"BIG Kebijakan Satu Peta","sourceUrl":"https://kspservices.big.go.id/satupeta/rest/services/PUBLIK/PERIZINAN_DAN_PERTANAHAN/MapServer/4","retrievedAt":"2026-08-28T06:57:32Z","geometryProcessing":"web display simplification tolerance 0.00035 degrees","name":"BUMI PERSADA SURYA PRATAMA","issuer":"MENTERI","province":"SULAWESI TENGAH","district":"BANGGAI","permitNumber":"859/1/IUP/PMDN/2022","permitType":"PT","miningType":"IUP","commodity":"NIKEL","status":"2","validFrom":"2022-05-31","validTo":"2042-05-30","areaHa":6080.0,"location":"KEC MASAMA, LUWUK TIMUR, BUALEMO, KAB BANGGAI","sourceRemark":"-","region":"sulawesi"},"geometry":{"type":"Polygon","coordinates":[[[123.05,-0.79583],[123.16667,-0.79583],[123.16667,-0.75],[123.1875,-0.75],[123.1875,-0.71667],[123.13803,-0.71667],[123.13803,-0.77361],[123.05,-0.77361],[123.05,-0.79583]]]}},{"type":"Feature","properties":{"inventoryId":"big-mining-wiup:1644","sector":"Tambang","subtype":"WIUP","quality":"OFFICIAL","sourceDataset":"big-mining-wiup","sourceRecordId":"1644","source":"BIG Kebijakan Satu Peta","sourceUrl":"https://kspservices.big.go.id/satupeta/rest/services/PUBLIK/PERIZINAN_DAN_PERTANAHAN/MapServer/4","retrievedAt":"2026-08-28T06:57:32Z","geometryProcessing":"web display simplification tolerance 0.00035 degrees","name":"BUMI ROUTA MINING","issuer":"BUPATI","province":"SULAWESI TENGAH","district":"MOROWALI","permitNumber":"540.3/SK.002/DESDM/IX/2014","permitType":"PT","miningType":"IUP","commodity":"NIKEL DMP","status":"2","validFrom":"2014-09-15","validTo":"2034-09-15","areaHa":5690.0,"location":"DESA BAHOEA DAN WOSU KEC. BUNGKU BARAT, KAB. MOROWALI","sourceRemark":"-","region":"sulawesi"},"geometry":{"type":"Polygon","coordinates":[[[121.73901,-2.3655],[121.73901,-2.37587],[121.71404,-2.37587],[121.71404,-2.43335],[121.73593,-2.43335],[121.73593,-2.39354],[121.75108,-2.39354],[121.75108,-2.37419],[121.76343,-2.37419],[121.76343,-2.40083],[121.75641,-2.40083],[121.75641,-2.45943],[121.79991,-2.45943],[121.79991,-2.41541],[121.7856,-2.41541],[121.7856,-2.40475],[121.77858,-2.40475],[121.77858,-2.3655],[121.73901,-2.3655]]]}},{"type":"Feature","properties":{"inventoryId":"big-mining-wiup:946","sector":"Tambang","subtype":"WIUP","quality":"OFFICIAL","sourceDataset":"big-mining-wiup","sourceRecordId":"946","source":"BIG Kebijakan Satu Peta","sourceUrl":"https://kspservices.big.go.id/satupeta/rest/services/PUBLIK/PERIZINAN_DAN_PERTANAHAN/MapServer/4","retrievedAt":"2026-08-28T06:57:32Z","geometryProcessing":"web display simplification tolerance 0.00035 degrees","name":"BUMI SENTOSA JAYA","issuer":"GUBERNUR","province":"SULAWESI TENGGARA","district":"KONAWE UTARA","permitNumber":"485 TAHUN 2014","permitType":"PT","miningType":"IUP","commodity":"NIKEL","status":"2","validFrom":"2017-09-20","validTo":"2037-09-19","areaHa":1030.0,"location":"KEC.LANGGIKIMA","sourceRemark":"-","region":"sulawesi"},"geometry":{"type":"Polygon","coordinates":[[[122.36369,-3.44759],[122.36369,-3.45296],[122.377,-3.45296],[122.377,-3.43995],[122.37457,-3.43995],[122.37513,-3.40796],[122.38617,-3.408],[122.38617,-3.40282],[122.34862,-3.40282],[122.34858,-3.41247],[122.3539,-3.41249],[122.3539,-3.41664],[122.36369,-3.41668],[122.36369,-3.44759]]]}},{"type":"Feature","properties":{"inventoryId":"big-mining-wiup:596","sector":"Tambang","subtype":"WIUP","quality":"OFFICIAL","sourceDataset":"big-mining-wiup","sourceRecordId":"596","source":"BIG Kebijakan Satu Peta","sourceUrl":"https://kspservices.big.go.id/satupeta/rest/services/PUBLIK/PERIZINAN_DAN_PERTANAHAN/MapServer/4","retrievedAt":"2026-08-28T06:57:32Z","geometryProcessing":"web display simplification tolerance 0.00035 degrees","name":"BUMINDO INTI CEMERLANG","issuer":"BUPATI","province":"SULAWESI TENGGARA","district":"BUTON","permitNumber":"744 A TAHUN 2014","permitType":"PT","miningType":"IUP","commodity":"ASPAL","status":"2","validFrom":"2014-09-30","validTo":"2032-06-10","areaHa":400.0,"location":"KEC. PASARWAJO","sourceRemark":"-","region":"sulawesi"},"geometry":{"type":"Polygon","coordinates":[[[122.9047,-5.39027],[122.92505,-5.39018],[122.92501,-5.37535],[122.92444,-5.37535],[122.92444,-5.37127],[122.91253,-5.37127],[122.91253,-5.37587],[122.90945,-5.37587],[122.90945,-5.38058],[122.90475,-5.38058],[122.9047,-5.39027]]]}},{"type":"Feature","properties":{"inventoryId":"big-mining-wiup:232","sector":"Tambang","subtype":"WIUP","quality":"OFFICIAL","sourceDataset":"big-mining-wiup","sourceRecordId":"232","source":"BIG Kebijakan Satu Peta","sourceUrl":"https://kspservices.big.go.id/satupeta/rest/services/PUBLIK/PERIZINAN_DAN_PERTANAHAN/MapServer/4","retrievedAt":"2026-08-28T06:57:32Z","geometryProcessing":"web display simplification tolerance 0.00035 degrees","name":"BUNGA TAMBANG NUSANTARA","issuer":"GUBERNUR","province":"SULAWESI TENGGARA","district":"BUTON","permitNumber":"274/BKPMD-PTSP/VI/2016","permitType":"PT","miningType":"IUP","commodity":"ASPAL","status":"2","validFrom":"2016-06-10","validTo":"2036-06-10","areaHa":2000.0,"location":"KEC. LASALIMU","sourceRemark":"-","region":"sulawesi"},"geometry":{"type":"Polygon","coordinates":[[[122.99833,-5.24889],[122.99833,-5.29083],[123.03333,-5.29083],[123.03333,-5.275],[123.03944,-5.275],[123.03944,-5.24889],[122.99833,-5.24889]]]}},{"type":"Feature","properties":{"inventoryId":"big-mining-wiup:598","sector":"Tambang","subtype":"WIUP","quality":"OFFICIAL","sourceDataset":"big-mining-wiup","sourceRecordId":"598","source":"BIG Kebijakan Satu Peta","sourceUrl":"https://kspservices.big.go.id/satupeta/rest/services/PUBLIK/PERIZINAN_DAN_PERTANAHAN/MapServer/4","retrievedAt":"2026-08-28T06:57:32Z","geometryProcessing":"web display simplification tolerance 0.00035 degrees","name":"BUTON RAYA MANDIRI","issuer":"BUPATI","province":"SULAWESI TENGGARA","district":"BUTON","permitNumber":"597 TAHUN 2014","permitType":"PT","miningType":"IUP","commodity":"ASPAL","status":"2","validFrom":"2014-09-11","validTo":"2023-05-07","areaHa":97.69,"location":"KEC. SAMPOLAWA","sourceRemark":"-","region":"sulawesi"},"geometry":{"type":"Polygon","coordinates":[[[122.73676,-5.54522],[122.73676,-5.55503],[122.74341,-5.55503],[122.74341,-5.5526],[122.7457,-5.5526],[122.7457,-5.54813],[122.74475,-5.54813],[122.74475,-5.54522],[122.73676,-5.54522]]]}},{"type":"Feature","properties":{"inventoryId":"big-mining-wiup:3965","sector":"Tambang","subtype":"WIUP","quality":"OFFICIAL","sourceDataset":"big-mining-wiup","sourceRecordId":"3965","source":"BIG Kebijakan Satu Peta","sourceUrl":"https://kspservices.big.go.id/satupeta/rest/services/PUBLIK/PERIZINAN_DAN_PERTANAHAN/MapServer/4","retrievedAt":"2026-08-28T06:57:32Z","geometryProcessing":"web display simplification tolerance 0.00035 degrees","name":"CAHAYA GINDA GANDA","issuer":"BUPATI","province":"SULAWESI TENGAH","district":"MOROWALI","permitNumber":"540.3/SK016/DESDM/VIII/2010","permitType":"PT","miningType":"IUP","commodity":"NIKEL","status":"2","validFrom":"2010-08-12","validTo":"2030-08-11","areaHa":1942.0,"location":"SIUMBATU, BAHODOPI, MOROWALI","sourceRemark":"-","region":"sulawesi"},"geometry":{"type":"Polygon","coordinates":[[[122.04391,-2.76932],[122.04391,-2.7822],[122.02553,-2.7822],[122.02553,-2.79436],[122.01671,-2.79436],[122.01671,-2.83166],[122.0462,-2.83166],[122.0462,-2.80908],[122.05049,-2.80908],[122.05049,-2.80448],[122.05132,-2.80448],[122.05132,-2.76932],[122.04391,-2.76932]]]}},{"type":"Feature","properties":{"inventoryId":"big-mining-wiup:400","sector":"Tambang","subtype":"WIUP","quality":"OFFICIAL","sourceDataset":"big-mining-wiup","sourceRecordId":"400","source":"BIG Kebijakan Satu Peta","sourceUrl":"https://kspservices.big.go.id/satupeta/rest/services/PUBLIK/PERIZINAN_DAN_PERTANAHAN/MapServer/4","retrievedAt":"2026-08-28T06:57:32Z","geometryProcessing":"web display simplification tolerance 0.00035 degrees","name":"CAHAYA KARYA PERSADA","issuer":"BUPATI","province":"SULAWESI TENGGARA","district":"BUTON","permitNumber":"273/BKPMD-PTSP/VI/2016","permitType":"PT","miningType":"IUP","commodity":"ASPAL","status":"2","validFrom":"2016-06-10","validTo":"2036-06-10","areaHa":580.0,"location":"KEC. LASALIMU","sourceRemark":"-","region":"sulawesi"},"geometry":{"type":"Polygon","coordinates":[[[122.96,-5.27556],[122.96,-5.28511],[122.97889,-5.28511],[122.97889,-5.29056],[122.99833,-5.29056],[122.99833,-5.27556],[122.96,-5.27556]]]}},{"type":"Feature","properties":{"inventoryId":"big-mining-wiup:3910","sector":"Tambang","subtype":"WIUP","quality":"OFFICIAL","sourceDataset":"big-mining-wiup","sourceRecordId":"3910","source":"BIG Kebijakan Satu Peta","sourceUrl":"https://kspservices.big.go.id/satupeta/rest/services/PUBLIK/PERIZINAN_DAN_PERTANAHAN/MapServer/4","retrievedAt":"2026-08-28T06:57:32Z","geometryProcessing":"web display simplification tolerance 0.00035 degrees","name":"CAHAYA MANDIRI PERSADA","issuer":"MENTERI","province":"GORONTALO","district":"BONE BOLANGO","permitNumber":"1176/1/IUP/PMDN/2021","permitType":"PT","miningType":"IUP","commodity":"KERIKIL BERPASIR ALAMI (SIRTU)","status":"1","validFrom":"2021-10-22","validTo":"2024-10-22","areaHa":96.0,"location":"DESA TOLOMATO, DESA LOMPOTOO, DESA BONDARAYA, DESA BONEDAA, DAN DESA BONDAWUNA KECAMATAN SUWAWA TENGAH DAN KECAMATAN SUWAWA SELATAN KABUPATEN BONE BOLANGO PROVINSI GORONTALO","sourceRemark":"-","region":"sulawesi"},"geometry":{"type":"Polygon","coordinates":[[[123.18352,0.52608],[123.18427,0.52446],[123.18585,0.52446],[123.18585,0.52379],[123.18676,0.52379],[123.18676,0.51989],[123.18792,0.51989],[123.18836,0.51799],[123.19119,0.51799],[123.19119,0.51714],[123.19249,0.51714],[123.19249,0.51596],[123.19329,0.51596],[123.19329,0.51486],[123.20056,0.51486],[123.20056,0.51558],[123.20637,0.51558],[123.20637,0.51486],[123.21202,0.51486],[123.2125,0.51231],[123.21338,0.5119],[123.21338,0.51113],[123.21468,0.51113],[123.21468,0.51181],[123.21408,0.51181],[123.21371,0.5127],[123.21371,0.51397],[123.21308,0.51397],[123.21272,0.51483],[123.21272,0.51601],[123.21179,0.51601],[123.21179,0.51688],[123.21046,0.51688],[123.21046,0.5163],[123.20727,0.5163],[123.20727,0.51689],[123.19706,0.51726],[123.1962,0.51834],[123.19514,0.51834],[123.19514,0.51924],[123.19264,0.51924],[123.19264,0.51977],[123.19102,0.52038],[123.19102,0.52098],[123.19001,0.52098],[123.19001,0.52211],[123.18943,0.52211],[123.18943,0.52308],[123.18886,0.52308],[123.18886,0.5256],[123.18743,0.5256],[123.18743,0.52608],[123.18352,0.52608]]]}},{"type":"Feature","properties":{"inventoryId":"big-mining-wiup:4506","sector":"Tambang","subtype":"WIUP","quality":"OFFICIAL","sourceDataset":"big-mining-wiup","sourceRecordId":"4506","source":"BIG Kebijakan Satu Peta","sourceUrl":"https://kspservices.big.go.id/satupeta/rest/services/PUBLIK/PERIZINAN_DAN_PERTANAHAN/MapServer/4","retrievedAt":"2026-08-28T06:57:32Z","geometryProcessing":"web display simplification tolerance 0.00035 degrees","name":"CAHAYA MANDIRI PERSADA","issuer":"GUBERNUR","province":"GORONTALO","district":"BONE BOLANGO","permitNumber":"54/DPM-ESDM-TRANS/IUP-OP-CIUT/IX/2019","permitType":"PT","miningType":"IUP","commodity":"KERIKIL BERPASIR ALAMI (SIRTU)","status":"2","validFrom":"2019-09-27","validTo":"2024-09-27","areaHa":22.2,"location":"DESA BONDA RAYA KEC. SUWAWA SELATAN KAB. BONE BOLANGO PROV. GORONTALO","sourceRemark":"-","region":"sulawesi"},"geometry":{"type":"Polygon","coordinates":[[[123.19098,0.51833],[123.19098,0.52097],[123.18932,0.52196],[123.18886,0.52526],[123.18721,0.5256],[123.18721,0.52608],[123.18353,0.52608],[123.18385,0.52524],[123.18494,0.52431],[123.18586,0.52431],[123.18586,0.52384],[123.1883,0.52384],[123.1883,0.51972],[123.18883,0.51972],[123.18912,0.51833],[123.19098,0.51833]]]}},{"type":"Feature","properties":{"inventoryId":"big-mining-wiup:2106","sector":"Tambang","subtype":"WIUP","quality":"OFFICIAL","sourceDataset":"big-mining-wiup","sourceRecordId":"2106","source":"BIG Kebijakan Satu Peta","sourceUrl":"https://kspservices.big.go.id/satupeta/rest/services/PUBLIK/PERIZINAN_DAN_PERTANAHAN/MapServer/4","retrievedAt":"2026-08-28T06:57:32Z","geometryProcessing":"web display simplification tolerance 0.00035 degrees","name":"CAHAYA MURNI SEJAHTERA","issuer":"GUBERNUR","province":"SULAWESI TENGAH","district":"MOROWALI UTARA","permitNumber":"540/622/IUP-OP/P/DPMPTSP/2020","permitType":"PT","miningType":"IUP","commodity":"NIKEL","status":"2","validFrom":"2020-12-10","validTo":"2030-12-10","areaHa":5428.0,"location":"DESA TIU, PETASIA BARAT","sourceRemark":"-","region":"sulawesi"},"geometry":{"type":"Polygon","coordinates":[[[121.23716,-1.9],[121.21667,-1.9],[121.21667,-1.95],[121.2,-1.95],[121.2,-2.00022],[121.26671,-2.00022],[121.26671,-1.97216],[121.24968,-1.97216],[121.24968,-1.9206],[121.24134,-1.9206],[121.24134,-1.90377],[121.23716,-1.90377],[121.23716,-1.9]]]}},{"type":"Feature","properties":{"inventoryId":"big-mining-wiup:3980","sector":"Tambang","subtype":"WIUP","quality":"OFFICIAL","sourceDataset":"big-mining-wiup","sourceRecordId":"3980","source":"BIG Kebijakan Satu Peta","sourceUrl":"https://kspservices.big.go.id/satupeta/rest/services/PUBLIK/PERIZINAN_DAN_PERTANAHAN/MapServer/4","retrievedAt":"2026-08-28T06:57:32Z","geometryProcessing":"web display simplification tolerance 0.00035 degrees","name":"CAHAYA SAGA UTAMA","issuer":"GUBERNUR","province":"SULAWESI SELATAN","district":"BARRU","permitNumber":"21/I.03a/PTSP/2019","permitType":"PT","miningType":"IUP","commodity":"TRASS","status":"2","validFrom":"2019-12-30","validTo":"2024-12-29","areaHa":9.5,"location":"DESA MALLAWA, KEC. MALLUSETASI, KAB. BARRU","sourceRemark":"-","region":"sulawesi"},"geometry":{"type":"Polygon","coordinates":[[[119.62806,-4.15306],[119.62806,-4.15208],[119.625,-4.15258],[119.62569,-4.15405],[119.6264,-4.15405],[119.6264,-4.15479],[119.62897,-4.15479],[119.62897,-4.1535],[119.62806,-4.15306]]]}},{"type":"Feature","properties":{"inventoryId":"big-mining-wiup:2328","sector":"Tambang","subtype":"WIUP","quality":"OFFICIAL","sourceDataset":"big-mining-wiup","sourceRecordId":"2328","source":"BIG Kebijakan Satu Peta","sourceUrl":"https://kspservices.big.go.id/satupeta/rest/services/PUBLIK/PERIZINAN_DAN_PERTANAHAN/MapServer/4","retrievedAt":"2026-08-28T06:57:32Z","geometryProcessing":"web display simplification tolerance 0.00035 degrees","name":"CAHAYA WANUAE","issuer":"GUBERNUR","province":"SULAWESI SELATAN","district":"BONE","permitNumber":"86/I.03/PTSP/2019","permitType":"CV","miningType":"IUP","commodity":"SIRTU","status":"2","validFrom":"2019-09-11","validTo":"2024-09-10","areaHa":6.08,"location":"DESA POLEONRO KEC. LAMURU KAB. BONE","sourceRemark":"-","region":"sulawesi"},"geometry":{"type":"Polygon","coordinates":[[[119.998,-4.61631],[119.99661,-4.61814],[119.99603,-4.62222],[119.99683,-4.62222],[119.99742,-4.61853],[119.99856,-4.61694],[119.99856,-4.61631],[119.998,-4.61631]]]}},{"type":"Feature","properties":{"inventoryId":"big-mining-wiup:4451","sector":"Tambang","subtype":"WIUP","quality":"OFFICIAL","sourceDataset":"big-mining-wiup","sourceRecordId":"4451","source":"BIG Kebijakan Satu Peta","sourceUrl":"https://kspservices.big.go.id/satupeta/rest/services/PUBLIK/PERIZINAN_DAN_PERTANAHAN/MapServer/4","retrievedAt":"2026-08-28T06:57:32Z","geometryProcessing":"web display simplification tolerance 0.00035 degrees","name":"CELEBES INDONESIA MARBLE","issuer":"GUBERNUR","province":"SULAWESI SELATAN","district":"PANGKAJENE DAN KEPULAUAN","permitNumber":"46/I.03a/PTSP/2018","permitType":"PT","miningType":"IUP","commodity":"MARMER","status":"2","validFrom":"2018-07-24","validTo":"2023-07-23","areaHa":49.4,"location":"KABUPATEN PANGKAJENE DAN KEPULAUAN","sourceRemark":"-","region":"sulawesi"},"geometry":{"type":"Polygon","coordinates":[[[119.72239,-4.85964],[119.72239,-4.86083],[119.72511,-4.86083],[119.72511,-4.86319],[119.72644,-4.86319],[119.72644,-4.86636],[119.72936,-4.86636],[119.72936,-4.85658],[119.72531,-4.85658],[119.72531,-4.85964],[119.72239,-4.85964]]]}},{"type":"Feature","properties":{"inventoryId":"big-mining-wiup:1073","sector":"Tambang","subtype":"WIUP","quality":"OFFICIAL","sourceDataset":"big-mining-wiup","sourceRecordId":"1073","source":"BIG Kebijakan Satu Peta","sourceUrl":"https://kspservices.big.go.id/satupeta/rest/services/PUBLIK/PERIZINAN_DAN_PERTANAHAN/MapServer/4","retrievedAt":"2026-08-28T06:57:32Z","geometryProcessing":"web display simplification tolerance 0.00035 degrees","name":"CERIA NUGRAHA INDOTAMA","issuer":"BUPATI","province":"SULAWESI TENGGARA","district":"KOLAKA","permitNumber":"177 TAHUN 2012","permitType":"PT","miningType":"IUP","commodity":"NIKEL","status":"2","validFrom":"2012-04-23","validTo":"2032-04-23","areaHa":6785.0,"location":"KEL WOLO, ULUWOLO, PONREWARU","sourceRemark":"-","region":"sulawesi"},"geometry":{"type":"Polygon","coordinates":[[[121.29033,-3.8255],[121.29033,-3.81286],[121.27556,-3.81286],[121.27556,-3.82453],[121.25947,-3.82453],[121.25947,-3.84131],[121.25478,-3.84131],[121.25478,-3.86194],[121.24417,-3.86194],[121.24417,-3.87767],[121.25939,-3.87767],[121.25939,-3.88858],[121.25194,-3.88858],[121.25194,-3.90078],[121.24439,-3.90078],[121.24439,-3.91167],[121.26786,-3.91167],[121.26786,-3.89625],[121.27467,-3.89625],[121.27467,-3.88803],[121.27983,-3.88803],[121.27983,-3.87947],[121.29175,-3.87947],[121.29175,-3.88897],[121.30514,-3.88897],[121.30514,-3.89814],[121.33861,-3.89814],[121.33861,-3.86236],[121.32956,-3.86236],[121.32956,-3.85064],[121.3175,-3.85064],[121.3175,-3.83511],[121.30839,-3.83511],[121.30839,-3.8255],[121.29033,-3.8255]]]}},{"type":"Feature","properties":{"inventoryId":"big-mining-wiup:2568","sector":"Tambang","subtype":"WIUP","quality":"OFFICIAL","sourceDataset":"big-mining-wiup","sourceRecordId":"2568","source":"BIG Kebijakan Satu Peta","sourceUrl":"https://kspservices.big.go.id/satupeta/rest/services/PUBLIK/PERIZINAN_DAN_PERTANAHAN/MapServer/4","retrievedAt":"2026-08-28T06:57:32Z","geometryProcessing":"web display simplification tolerance 0.00035 degrees","name":"CETARA BANGUN PERSADA","issuer":"MENTERI","province":"SULAWESI TENGAH","district":"MOROWALI","permitNumber":"1163/1/IUP/PMDN/2021","permitType":"PT","miningType":"IUP","commodity":"NIKEL","status":"2","validFrom":"2021-10-19","validTo":"2031-10-18","areaHa":199.0,"location":"DESA LALAMPU KECAMATAN BAHODOPI","sourceRemark":"-","region":"sulawesi"},"geometry":{"type":"Polygon","coordinates":[[[122.06775,-2.76915],[122.06775,-2.78722],[122.07937,-2.78722],[122.07937,-2.77646],[122.07273,-2.77646],[122.07273,-2.76915],[122.06775,-2.76915]]]}},{"type":"Feature","properties":{"inventoryId":"big-mining-wiup:4491","sector":"Tambang","subtype":"WIUP","quality":"OFFICIAL","sourceDataset":"big-mining-wiup","sourceRecordId":"4491","source":"BIG Kebijakan Satu Peta","sourceUrl":"https://kspservices.big.go.id/satupeta/rest/services/PUBLIK/PERIZINAN_DAN_PERTANAHAN/MapServer/4","retrievedAt":"2026-08-28T06:57:32Z","geometryProcessing":"web display simplification tolerance 0.00035 degrees","name":"CICILIA INDAH","issuer":"GUBERNUR","province":"SULAWESI TENGAH","district":"MOROWALI UTARA","permitNumber":"540/381/IUP-OP/DPMPTSP/2020","permitType":"CV","miningType":"IUP","commodity":"BATU GUNUNG QUARRY BESAR","status":"2","validFrom":"2020-07-29","validTo":"2025-07-29","areaHa":23.05,"location":"DESA KOROWOU, KEC. LEMBO KAB. MOROWALI UTARA PROVINSI SULAWESI TENGAH","sourceRemark":"-","region":"sulawesi"},"geometry":{"type":"Polygon","coordinates":[[[121.3398,-2.10736],[121.3393,-2.11029],[121.33873,-2.11029],[121.33873,-2.11365],[121.33984,-2.11365],[121.33984,-2.11283],[121.34146,-2.11283],[121.34146,-2.11063],[121.34306,-2.11063],[121.34306,-2.10736],[121.3398,-2.10736]]]}},{"type":"Feature","properties":{"inventoryId":"big-mining-wiup:429","sector":"Tambang","subtype":"WIUP","quality":"OFFICIAL","sourceDataset":"big-mining-wiup","sourceRecordId":"429","source":"BIG Kebijakan Satu Peta","sourceUrl":"https://kspservices.big.go.id/satupeta/rest/services/PUBLIK/PERIZINAN_DAN_PERTANAHAN/MapServer/4","retrievedAt":"2026-08-28T06:57:32Z","geometryProcessing":"web display simplification tolerance 0.00035 degrees","name":"CINTA JAYA","issuer":"GUBERNUR","province":"SULAWESI TENGGARA","district":"KONAWE UTARA","permitNumber":"359/DPM-PTSP/III/2017","permitType":"PT","miningType":"IUP","commodity":"NIKEL","status":"2","validFrom":"2017-03-29","validTo":"2027-12-22","areaHa":309.0,"location":"KEC. MOLAWE","sourceRemark":"-","region":"sulawesi"},"geometry":{"type":"Polygon","coordinates":[[[122.1937,-3.56382],[122.18283,-3.56382],[122.18283,-3.56695],[122.20771,-3.56695],[122.20771,-3.56431],[122.22456,-3.56431],[122.22456,-3.55056],[122.21915,-3.55056],[122.21915,-3.56013],[122.1937,-3.56013],[122.1937,-3.56382]]]}},{"type":"Feature","properties":{"inventoryId":"big-mining-wiup:874","sector":"Tambang","subtype":"WIUP","quality":"OFFICIAL","sourceDataset":"big-mining-wiup","sourceRecordId":"874","source":"BIG Kebijakan Satu Peta","sourceUrl":"https://kspservices.big.go.id/satupeta/rest/services/PUBLIK/PERIZINAN_DAN_PERTANAHAN/MapServer/4","retrievedAt":"2026-08-28T06:57:32Z","geometryProcessing":"web display simplification tolerance 0.00035 degrees","name":"CIPTA DJAYA SELARAS MINING","issuer":"GUBERNUR","province":"SULAWESI TENGGARA","district":"KONAWE UTARA","permitNumber":"562/BKPMD-PTSP/XI/2016","permitType":"PT","miningType":"IUP","commodity":"NIKEL","status":"2","validFrom":"2010-06-23","validTo":"2030-06-23","areaHa":634.8,"location":"DESA WIWIRANO, KEC. WIWIRANO,","sourceRemark":"-","region":"sulawesi"},"geometry":{"type":"Polygon","coordinates":[[[122.22523,-3.16643],[122.22523,-3.17647],[122.25056,-3.17647],[122.25056,-3.15874],[122.21675,-3.15874],[122.21671,-3.16643],[122.22523,-3.16643]]]}},{"type":"Feature","properties":{"inventoryId":"big-mining-wiup:331","sector":"Tambang","subtype":"WIUP","quality":"OFFICIAL","sourceDataset":"big-mining-wiup","sourceRecordId":"331","source":"BIG Kebijakan Satu Peta","sourceUrl":"https://kspservices.big.go.id/satupeta/rest/services/PUBLIK/PERIZINAN_DAN_PERTANAHAN/MapServer/4","retrievedAt":"2026-08-28T06:57:32Z","geometryProcessing":"web display simplification tolerance 0.00035 degrees","name":"CIPTA DJAYA SURYA","issuer":"BUPATI","province":"SULAWESI TENGGARA","district":"KONAWE UTARA","permitNumber":"192 TAHUN 2010","permitType":"PT","miningType":"IUP","commodity":"NIKEL","status":"2","validFrom":"2010-06-07","validTo":"2030-06-07","areaHa":195.7,"location":"DESA MOLORE, KEC. LANGGIKIMA,","sourceRemark":"-","region":"sulawesi"},"geometry":{"type":"Polygon","coordinates":[[[122.28587,-3.30994],[122.28586,-3.31325],[122.29043,-3.31325],[122.29094,-3.31365],[122.29094,-3.31491],[122.29004,-3.31555],[122.28935,-3.33046],[122.28576,-3.33046],[122.28576,-3.33223],[122.28453,-3.33381],[122.28431,-3.33498],[122.28441,-3.33875],[122.28343,-3.34025],[122.28343,-3.34123],[122.28298,-3.34123],[122.283,-3.34383],[122.29306,-3.34381],[122.29354,-3.33914],[122.29262,-3.33914],[122.29262,-3.33837],[122.29168,-3.33837],[122.29168,-3.33751],[122.29093,-3.33751],[122.29093,-3.33631],[122.29038,-3.33631],[122.29038,-3.33393],[122.28982,-3.33393],[122.28982,-3.33179],[122.29029,-3.33179],[122.2908,-3.32892],[122.29125,-3.32892],[122.29232,-3.32598],[122.29294,-3.32598],[122.29294,-3.32514],[122.29346,-3.32514],[122.29346,-3.32418],[122.29391,-3.32418],[122.29391,-3.32075],[122.29051,-3.32076],[122.29051,-3.31796],[122.29117,-3.31797],[122.29263,-3.31489],[122.29261,-3.31073],[122.2906,-3.31071],[122.2906,-3.30994],[122.28587,-3.30994]]]}},{"type":"Feature","properties":{"inventoryId":"big-mining-wiup:4077","sector":"Tambang","subtype":"WIUP","quality":"OFFICIAL","sourceDataset":"big-mining-wiup","sourceRecordId":"4077","source":"BIG Kebijakan Satu Peta","sourceUrl":"https://kspservices.big.go.id/satupeta/rest/services/PUBLIK/PERIZINAN_DAN_PERTANAHAN/MapServer/4","retrievedAt":"2026-08-28T06:57:32Z","geometryProcessing":"web display simplification tolerance 0.00035 degrees","name":"CIPTA HUTAMA MARANTI","issuer":"MENTERI","province":"SULAWESI TENGAH","district":"MOROWALI UTARA","permitNumber":"1027/1/IUP/PMDN/2021","permitType":"PT","miningType":"IUP","commodity":"NIKEL","status":"2","validFrom":"2021-06-22","validTo":"2031-06-22","areaHa":150.28,"location":"KECAMATAN SOYO JAYA, KABUPATEN MOROWALI UTARA, PROVINSI SULAWESI TENGAH","sourceRemark":"-","region":"sulawesi"},"geometry":{"type":"Polygon","coordinates":[[[121.28911,-1.86547],[121.28911,-1.86414],[121.29358,-1.86414],[121.29358,-1.86042],[121.29625,-1.86042],[121.29625,-1.86547],[121.29975,-1.86547],[121.29975,-1.86206],[121.30532,-1.86206],[121.30532,-1.85447],[121.30317,-1.85447],[121.30317,-1.85294],[121.30067,-1.85294],[121.30067,-1.85514],[121.29956,-1.85514],[121.29956,-1.85703],[121.29414,-1.85703],[121.29414,-1.85842],[121.29319,-1.85842],[121.29319,-1.85961],[121.29225,-1.85961],[121.29225,-1.86075],[121.28883,-1.86075],[121.28883,-1.86214],[121.28519,-1.86214],[121.28519,-1.86392],[121.28333,-1.86392],[121.28333,-1.86169],[121.28201,-1.86169],[121.28201,-1.86547],[121.28911,-1.86547]]]}},{"type":"Feature","properties":{"inventoryId":"big-mining-wiup:189","sector":"Tambang","subtype":"WIUP","quality":"OFFICIAL","sourceDataset":"big-mining-wiup","sourceRecordId":"189","source":"BIG Kebijakan Satu Peta","sourceUrl":"https://kspservices.big.go.id/satupeta/rest/services/PUBLIK/PERIZINAN_DAN_PERTANAHAN/MapServer/4","retrievedAt":"2026-08-28T06:57:32Z","geometryProcessing":"web display simplification tolerance 0.00035 degrees","name":"CITATAH TBK","issuer":"GUBERNUR","province":"SULAWESI SELATAN","district":"PANGKAJENE DAN KEPULAUAN","permitNumber":"46/I.03a.P/P2T/12/2017","permitType":"PT","miningType":"IUP","commodity":"MARMER","status":"2","validFrom":"2017-12-14","validTo":"2023-04-17","areaHa":15.0,"location":"DESA BULU TELLUE, KEC. TONDONG TALLASA, KAB. PANGKAJENE DAN KEPULAUAN","sourceRemark":"-","region":"sulawesi"},"geometry":{"type":"Polygon","coordinates":[[[119.66419,-4.83525],[119.66419,-4.83767],[119.66869,-4.83767],[119.66869,-4.83658],[119.67406,-4.83658],[119.66869,-4.83636],[119.66869,-4.83525],[119.66419,-4.83525]]]}},{"type":"Feature","properties":{"inventoryId":"big-mining-wiup:405","sector":"Tambang","subtype":"WIUP","quality":"OFFICIAL","sourceDataset":"big-mining-wiup","sourceRecordId":"405","source":"BIG Kebijakan Satu Peta","sourceUrl":"https://kspservices.big.go.id/satupeta/rest/services/PUBLIK/PERIZINAN_DAN_PERTANAHAN/MapServer/4","retrievedAt":"2026-08-28T06:57:32Z","geometryProcessing":"web display simplification tolerance 0.00035 degrees","name":"CITRA ARYA SENTOSA HUTAMA","issuer":"BUPATI","province":"SULAWESI TENGGARA","district":"KONAWE","permitNumber":"506 TAHUN 2009","permitType":"PT","miningType":"IUP","commodity":"NIKEL","status":"2","validFrom":"2009-12-29","validTo":"2028-06-12","areaHa":420.0,"location":"KEC. PURIALA, KONAWE","sourceRemark":"-","region":"sulawesi"},"geometry":{"type":"Polygon","coordinates":[[[122.11667,-4.02084],[122.11667,-4.06539],[122.08033,-4.06539],[122.08033,-4.06959],[122.07596,-4.06959],[122.07596,-4.0767],[122.08059,-4.0767],[122.08059,-4.07323],[122.09935,-4.07323],[122.09935,-4.06774],[122.11766,-4.06774],[122.11766,-4.0431],[122.12093,-4.0431],[122.12093,-4.02084],[122.11667,-4.02084]]]}},{"type":"Feature","properties":{"inventoryId":"big-mining-wiup:443","sector":"Tambang","subtype":"WIUP","quality":"OFFICIAL","sourceDataset":"big-mining-wiup","sourceRecordId":"443","source":"BIG Kebijakan Satu Peta","sourceUrl":"https://kspservices.big.go.id/satupeta/rest/services/PUBLIK/PERIZINAN_DAN_PERTANAHAN/MapServer/4","retrievedAt":"2026-08-28T06:57:32Z","geometryProcessing":"web display simplification tolerance 0.00035 degrees","name":"CITRA LAMPIA MANDIRI","issuer":"GUBERNUR","province":"SULAWESI SELATAN","district":"LUWU TIMUR","permitNumber":"2/I.03H/PTSP/2018","permitType":"PT","miningType":"IUP","commodity":"MINERAL LOGAM NIKEL","status":"2","validFrom":"2018-07-06","validTo":"2029-11-03","areaHa":2660.0,"location":"DESA HARAPAN KEC MALILI KAB LU","sourceRemark":"-","region":"sulawesi"},"geometry":{"type":"Polygon","coordinates":[[[121.16849,-2.76522],[121.15096,-2.76522],[121.15096,-2.77241],[121.13431,-2.77241],[121.13431,-2.76969],[121.13073,-2.76969],[121.13073,-2.76712],[121.12083,-2.76712],[121.12083,-2.78506],[121.13385,-2.78506],[121.13385,-2.77969],[121.16397,-2.77969],[121.16397,-2.78241],[121.17343,-2.78241],[121.17343,-2.78831],[121.18239,-2.78831],[121.18239,-2.79284],[121.18868,-2.79284],[121.18868,-2.80414],[121.1909,-2.80414],[121.1909,-2.81092],[121.18387,-2.81092],[121.18387,-2.80757],[121.16054,-2.80757],[121.16054,-2.81378],[121.17315,-2.81378],[121.17315,-2.81829],[121.17856,-2.81829],[121.17856,-2.81905],[121.18054,-2.81905],[121.18054,-2.82584],[121.18413,-2.82584],[121.18413,-2.82991],[121.18743,-2.82991],[121.18743,-2.83479],[121.19221,-2.83479],[121.19221,-2.84214],[121.20889,-2.84214],[121.20889,-2.80703],[121.20054,-2.80703],[121.20054,-2.80432],[121.20354,-2.80432],[121.20354,-2.78337],[121.18556,-2.78337],[121.18556,-2.77972],[121.18241,-2.77972],[121.18241,-2.777],[121.17253,-2.777],[121.17253,-2.77473],[121.16849,-2.77473],[121.16849,-2.76522]]]}},{"type":"Feature","properties":{"inventoryId":"big-mining-wiup:612","sector":"Tambang","subtype":"WIUP","quality":"OFFICIAL","sourceDataset":"big-mining-wiup","sourceRecordId":"612","source":"BIG Kebijakan Satu Peta","sourceUrl":"https://kspservices.big.go.id/satupeta/rest/services/PUBLIK/PERIZINAN_DAN_PERTANAHAN/MapServer/4","retrievedAt":"2026-08-28T06:57:32Z","geometryProcessing":"web display simplification tolerance 0.00035 degrees","name":"CITRA PALU MINERAL","issuer":"MENTERI","province":"SULAWESI TENGAH, SULAWESI SELATAN","district":"PARIGI MOUTONG,TOLI TOLI, DONGGALA, KOTA PALU,SIGI","permitNumber":"422.K/30/DJB/2017","permitType":"PT","miningType":"KK","commodity":"EMAS","status":"2","validFrom":"2017-11-14","validTo":"2050-12-31","areaHa":85180.0,"location":"LUWU UTARA, DONGGALA, PARIGI MOUTONG, TOLI-TOLI&KOTA PALU","sourceRemark":"GEN VI","region":"sulawesi"},"geometry":{"type":"MultiPolygon","coordinates":[[[[119.96306,-1.01767],[119.96667,-1.01767],[119.96667,-1.0],[120.0,-1.0],[120.0,-0.96667],[120.05,-0.96667],[120.05,-0.88333],[120.1,-0.88333],[120.1,-0.81667],[120.05,-0.81667],[120.05,-0.8],[119.967,-0.8],[119.967,-0.78662],[119.93,-0.78662],[119.93,-0.84389],[119.91222,-0.84389],[119.91222,-0.8925],[119.98722,-0.8925],[119.98722,-0.95778],[119.96306,-0.95778],[119.96306,-1.01767]]],[[[119.98894,-2.25],[120.07087,-2.25],[120.07087,-2.16821],[120.09808,-2.16821],[120.09808,-2.15001],[120.11748,-2.15001],[120.11748,-2.13142],[120.13929,-2.13142],[120.13929,-2.11795],[120.15976,-2.11795],[120.15976,-2.07827],[120.04667,-2.07827],[120.04667,-2.09056],[119.98894,-2.09056],[119.98894,-2.25]]],[[[121.07083,0.51832],[121.121,0.51834],[121.121,0.47926],[121.166,0.47926],[121.166,0.48548],[121.19774,0.48548],[121.19774,0.59986],[121.07083,0.59986],[121.07083,0.51832]],[[121.16167,0.48333],[121.12567,0.48333],[121.12567,0.57638],[121.16167,0.57639],[121.16167,0.48333]]],[[[120.41667,0.62416],[120.494,0.62419],[120.494,0.69806],[120.533,0.69779],[120.533,0.71667],[120.46667,0.71667],[120.46667,0.75],[120.41667,0.75],[120.41667,0.62416]]],[[[119.86667,-0.65414],[119.884,-0.65406],[119.884,-0.61694],[119.98333,-0.61694],[119.98333,-0.55],[119.86667,-0.55],[119.86667,-0.65414]]]]}},{"type":"Feature","properties":{"inventoryId":"big-mining-wiup:1098","sector":"Tambang","subtype":"WIUP","quality":"OFFICIAL","sourceDataset":"big-mining-wiup","sourceRecordId":"1098","source":"BIG Kebijakan Satu Peta","sourceUrl":"https://kspservices.big.go.id/satupeta/rest/services/PUBLIK/PERIZINAN_DAN_PERTANAHAN/MapServer/4","retrievedAt":"2026-08-28T06:57:32Z","geometryProcessing":"web display simplification tolerance 0.00035 degrees","name":"CITRA SILIKA MALLAWA","issuer":"GUBERNUR","province":"SULAWESI TENGGARA","district":"KOLAKA UTARA","permitNumber":"651/DPMPTSP/XI/2020","permitType":"PT","miningType":"IUP","commodity":"NIKEL","status":"2","validFrom":"2011-03-14","validTo":"2026-03-14","areaHa":475.0,"location":"KEC. LASUSUA","sourceRemark":"-","region":"sulawesi"},"geometry":{"type":"Polygon","coordinates":[[[120.93528,-3.60853],[120.94292,-3.60853],[120.94292,-3.61119],[120.94467,-3.61119],[120.94467,-3.6215],[120.95033,-3.6215],[120.95033,-3.61881],[120.95333,-3.61881],[120.95333,-3.61428],[120.95075,-3.61428],[120.95075,-3.6095],[120.94467,-3.6095],[120.94467,-3.60617],[120.94022,-3.60617],[120.94022,-3.58817],[120.93764,-3.58817],[120.93764,-3.58322],[120.91839,-3.58321],[120.91839,-3.59344],[120.93528,-3.59344],[120.93528,-3.60853]]]}},{"type":"Feature","properties":{"inventoryId":"big-mining-wiup:1581","sector":"Tambang","subtype":"WIUP","quality":"OFFICIAL","sourceDataset":"big-mining-wiup","sourceRecordId":"1581","source":"BIG Kebijakan Satu Peta","sourceUrl":"https://kspservices.big.go.id/satupeta/rest/services/PUBLIK/PERIZINAN_DAN_PERTANAHAN/MapServer/4","retrievedAt":"2026-08-28T06:57:32Z","geometryProcessing":"web display simplification tolerance 0.00035 degrees","name":"DAKA GROUP","issuer":"BUPATI","province":"SULAWESI TENGGARA","district":"KONAWE UTARA","permitNumber":"212 TAHUN 2012","permitType":"PT","miningType":"IUP","commodity":"NIKEL","status":"2","validFrom":"2012-05-21","validTo":"2031-05-01","areaHa":200.0,"location":"KEC. LASOLO, KONAWE UTARA","sourceRemark":"-","region":"sulawesi"},"geometry":{"type":"Polygon","coordinates":[[[122.39136,-3.41726],[122.38622,-3.41726],[122.38622,-3.42798],[122.38268,-3.42798],[122.38268,-3.44237],[122.38142,-3.44237],[122.38142,-3.4525],[122.37707,-3.4525],[122.37707,-3.45302],[122.37918,-3.45302],[122.37918,-3.46311],[122.38394,-3.46311],[122.38394,-3.43286],[122.38757,-3.43286],[122.38757,-3.4178],[122.39177,-3.4178],[122.39177,-3.40595],[122.39115,-3.40595],[122.39115,-3.40414],[122.39043,-3.40414],[122.39043,-3.40209],[122.38623,-3.40209],[122.38623,-3.40814],[122.39136,-3.40814],[122.39136,-3.41726]]]}},{"type":"Feature","properties":{"inventoryId":"big-mining-wiup:3823","sector":"Tambang","subtype":"WIUP","quality":"OFFICIAL","sourceDataset":"big-mining-wiup","sourceRecordId":"3823","source":"BIG Kebijakan Satu Peta","sourceUrl":"https://kspservices.big.go.id/satupeta/rest/services/PUBLIK/PERIZINAN_DAN_PERTANAHAN/MapServer/4","retrievedAt":"2026-08-28T06:57:32Z","geometryProcessing":"web display simplification tolerance 0.00035 degrees","name":"DAMPALA SEJAHTERA BERSAMA","issuer":"MENTERI","province":"SULAWESI TENGAH","district":"MOROWALI","permitNumber":"1049/1/IUP/PMDN/2021","permitType":"PT","miningType":"IUP","commodity":"KERIKIL BERPASIR ALAMI (SIRTU)","status":"1","validFrom":"2021-10-01","validTo":"2024-10-01","areaHa":12.55,"location":"KECAMATAN BAHODOPI, KABUPATEN MOROWALI, PROVINSI SULAWESI TENGAH","sourceRemark":"-","region":"sulawesi"},"geometry":{"type":"Polygon","coordinates":[[[122.03873,-2.75841],[122.03594,-2.75949],[122.03594,-2.76185],[122.03755,-2.76185],[122.03755,-2.76122],[122.04043,-2.76122],[122.04043,-2.76031],[122.04143,-2.76031],[122.04143,-2.75977],[122.03873,-2.75995],[122.03873,-2.75841]]]}},{"type":"Feature","properties":{"inventoryId":"big-mining-wiup:1162","sector":"Tambang","subtype":"WIUP","quality":"OFFICIAL","sourceDataset":"big-mining-wiup","sourceRecordId":"1162","source":"BIG Kebijakan Satu Peta","sourceUrl":"https://kspservices.big.go.id/satupeta/rest/services/PUBLIK/PERIZINAN_DAN_PERTANAHAN/MapServer/4","retrievedAt":"2026-08-28T06:57:32Z","geometryProcessing":"web display simplification tolerance 0.00035 degrees","name":"DANADIPA AGRA BALAWAN","issuer":"GUBERNUR","province":"SULAWESI SELATAN","district":"TAKALAR","permitNumber":"161/I.03/PTSP/2018","permitType":"PT","miningType":"IUP","commodity":"TANAH URUG","status":"2","validFrom":"2018-10-29","validTo":"2023-10-29","areaHa":999.29,"location":"PERAIRAN TAKALAR KEC GALESONG UTARA","sourceRemark":"-","region":"sulawesi"},"geometry":{"type":"Polygon","coordinates":[[[119.09769,-5.23787],[119.09769,-5.25372],[119.11699,-5.25372],[119.11699,-5.26185],[119.15475,-5.26185],[119.15475,-5.25646],[119.13307,-5.25646],[119.13307,-5.23787],[119.09769,-5.23787]]]}},{"type":"Feature","properties":{"inventoryId":"big-mining-wiup:2727","sector":"Tambang","subtype":"WIUP","quality":"OFFICIAL","sourceDataset":"big-mining-wiup","sourceRecordId":"2727","source":"BIG Kebijakan Satu Peta","sourceUrl":"https://kspservices.big.go.id/satupeta/rest/services/PUBLIK/PERIZINAN_DAN_PERTANAHAN/MapServer/4","retrievedAt":"2026-08-28T06:57:32Z","geometryProcessing":"web display simplification tolerance 0.00035 degrees","name":"DANNI AKBAR MUSTARI, SE","issuer":"GUBERNUR","province":"SULAWESI SELATAN","district":"WAJO","permitNumber":"62/I.03/PTSP/2019","permitType":"SDR","miningType":"IUP","commodity":"PASIR","status":"2","validFrom":"2019-07-02","validTo":"2024-07-02","areaHa":1.01,"location":"KELURAHAN WIRINGPALENNAE, KEC. TEMPE, KAB. WAJO","sourceRemark":"-","region":"sulawesi"},"geometry":{"type":"Polygon","coordinates":[[[120.01666,-4.14138],[120.01666,-4.142],[120.01796,-4.14214],[120.01796,-4.14152],[120.01666,-4.14138]]]}},{"type":"Feature","properties":{"inventoryId":"big-mining-wiup:3848","sector":"Tambang","subtype":"WIUP","quality":"OFFICIAL","sourceDataset":"big-mining-wiup","sourceRecordId":"3848","source":"BIG Kebijakan Satu Peta","sourceUrl":"https://kspservices.big.go.id/satupeta/rest/services/PUBLIK/PERIZINAN_DAN_PERTANAHAN/MapServer/4","retrievedAt":"2026-08-28T06:57:32Z","geometryProcessing":"web display simplification tolerance 0.00035 degrees","name":"DANRES T","issuer":"GUBERNUR","province":"SULAWESI SELATAN","district":"BARRU","permitNumber":"14/I.03/PTSP/2019","permitType":"SDR","miningType":"IUP","commodity":"TRASS","status":"2","validFrom":"2019-01-28","validTo":"2024-01-28","areaHa":4.33,"location":"DESA KUPA, KEC. MALLUSETASI, KAB. BARRU","sourceRemark":"-","region":"sulawesi"},"geometry":{"type":"Polygon","coordinates":[[[119.62982,-4.11992],[119.62982,-4.11812],[119.62784,-4.11848],[119.62784,-4.11902],[119.62889,-4.11938],[119.62876,-4.12027],[119.62947,-4.12027],[119.62947,-4.121],[119.63011,-4.121],[119.62982,-4.11992]]]}},{"type":"Feature","properties":{"inventoryId":"big-mining-wiup:4016","sector":"Tambang","subtype":"WIUP","quality":"OFFICIAL","sourceDataset":"big-mining-wiup","sourceRecordId":"4016","source":"BIG Kebijakan Satu Peta","sourceUrl":"https://kspservices.big.go.id/satupeta/rest/services/PUBLIK/PERIZINAN_DAN_PERTANAHAN/MapServer/4","retrievedAt":"2026-08-28T06:57:32Z","geometryProcessing":"web display simplification tolerance 0.00035 degrees","name":"DARMAWANGSA","issuer":"GUBERNUR","province":"SULAWESI SELATAN","district":"LUWU","permitNumber":"23 /I.03/PTSP/2020","permitType":"SDR","miningType":"IUP","commodity":"TANAH URUG","status":"2","validFrom":"2020-03-16","validTo":"2025-03-16","areaHa":5.72,"location":"DESA BUNTU KAMIRI KECAMATAN PONRANG","sourceRemark":"-","region":"sulawesi"},"geometry":{"type":"Polygon","coordinates":[[[120.28021,-3.21399],[120.28021,-3.21478],[120.27924,-3.21478],[120.27924,-3.2163],[120.28158,-3.2163],[120.28158,-3.21399],[120.28021,-3.21399]]]}},{"type":"Feature","properties":{"inventoryId":"big-mining-wiup:2688","sector":"Tambang","subtype":"WIUP","quality":"OFFICIAL","sourceDataset":"big-mining-wiup","sourceRecordId":"2688","source":"BIG Kebijakan Satu Peta","sourceUrl":"https://kspservices.big.go.id/satupeta/rest/services/PUBLIK/PERIZINAN_DAN_PERTANAHAN/MapServer/4","retrievedAt":"2026-08-28T06:57:32Z","geometryProcessing":"web display simplification tolerance 0.00035 degrees","name":"DARMIA","issuer":"GUBERNUR","province":"SULAWESI SELATAN","district":"LUWU","permitNumber":"64/103/PTSP/2019","permitType":"SDR","miningType":"IUP","commodity":"SIRTU","status":"2","validFrom":"2019-07-05","validTo":"2024-07-05","areaHa":16.76,"location":"KEC. BELOPA, LUWU","sourceRemark":"-","region":"sulawesi"},"geometry":{"type":"Polygon","coordinates":[[[120.34609,-3.40538],[120.34701,-3.40538],[120.34701,-3.4078],[120.34821,-3.4078],[120.34821,-3.40451],[120.34926,-3.40451],[120.34863,-3.402],[120.34546,-3.402],[120.34511,-3.40409],[120.34609,-3.40409],[120.34609,-3.40538]]]}},{"type":"Feature","properties":{"inventoryId":"big-mining-wiup:2206","sector":"Tambang","subtype":"WIUP","quality":"OFFICIAL","sourceDataset":"big-mining-wiup","sourceRecordId":"2206","source":"BIG Kebijakan Satu Peta","sourceUrl":"https://kspservices.big.go.id/satupeta/rest/services/PUBLIK/PERIZINAN_DAN_PERTANAHAN/MapServer/4","retrievedAt":"2026-08-28T06:57:32Z","geometryProcessing":"web display simplification tolerance 0.00035 degrees","name":"DAVIAN BHAKTI PRATAMA","issuer":"GUBERNUR","province":"SULAWESI TENGAH","district":"DONGGALA","permitNumber":"540/542/IUP-E/DPMPTSP/2019","permitType":"PT","miningType":"IUP","commodity":"BATU GUNUNG QUARRY BESAR","status":"1","validFrom":"2019-10-16","validTo":"2022-10-16","areaHa":5.0,"location":"DESA LOLI OGE, KEC. BANAWA","sourceRemark":"-","region":"sulawesi"},"geometry":{"type":"Polygon","coordinates":[[[119.79068,-0.80075],[119.78853,-0.80075],[119.78853,-0.8021],[119.79007,-0.8021],[119.79029,-0.80352],[119.79068,-0.80352],[119.79068,-0.80075]]]}},{"type":"Feature","properties":{"inventoryId":"big-mining-wiup:1488","sector":"Tambang","subtype":"WIUP","quality":"OFFICIAL","sourceDataset":"big-mining-wiup","sourceRecordId":"1488","source":"BIG Kebijakan Satu Peta","sourceUrl":"https://kspservices.big.go.id/satupeta/rest/services/PUBLIK/PERIZINAN_DAN_PERTANAHAN/MapServer/4","retrievedAt":"2026-08-28T06:57:32Z","geometryProcessing":"web display simplification tolerance 0.00035 degrees","name":"DAYA SUMBER MINING INDONESIA","issuer":"GUBERNUR","province":"SULAWESI TENGAH","district":"MOROWALI","permitNumber":"540/406/DESDM-G.ST/2016","permitType":"PT","miningType":"IUP","commodity":"NIKEL","status":"2","validFrom":"2012-08-01","validTo":"2022-07-30","areaHa":2199.0,"location":"DESA BAHOMO'AHI, KEC. BUNGKU TENGAH","sourceRemark":"-","region":"sulawesi"},"geometry":{"type":"Polygon","coordinates":[[[121.79977,-2.71833],[121.79977,-2.72524],[121.8023,-2.72523],[121.8023,-2.73599],[121.80446,-2.73599],[121.80446,-2.7503],[121.8088,-2.7503],[121.8088,-2.7579],[121.8131,-2.7579],[121.8131,-2.7648],[121.8197,-2.7648],[121.8197,-2.77101],[121.83148,-2.77101],[121.83148,-2.77538],[121.85258,-2.77538],[121.85258,-2.7998],[121.901,-2.7998],[121.901,-2.7854],[121.8919,-2.7854],[121.8919,-2.77702],[121.87841,-2.77702],[121.87841,-2.77319],[121.86579,-2.77319],[121.86579,-2.77053],[121.8409,-2.77053],[121.8409,-2.76478],[121.83385,-2.76478],[121.83385,-2.76084],[121.82176,-2.76078],[121.82176,-2.7549],[121.81884,-2.7549],[121.81884,-2.7463],[121.81289,-2.7463],[121.81289,-2.74411],[121.81015,-2.74411],[121.81015,-2.73597],[121.80688,-2.73597],[121.80688,-2.72363],[121.80274,-2.72363],[121.80274,-2.71833],[121.79977,-2.71833]]]}},{"type":"Feature","properties":{"inventoryId":"big-mining-wiup:3278","sector":"Tambang","subtype":"WIUP","quality":"OFFICIAL","sourceDataset":"big-mining-wiup","sourceRecordId":"3278","source":"BIG Kebijakan Satu Peta","sourceUrl":"https://kspservices.big.go.id/satupeta/rest/services/PUBLIK/PERIZINAN_DAN_PERTANAHAN/MapServer/4","retrievedAt":"2026-08-28T06:57:32Z","geometryProcessing":"web display simplification tolerance 0.00035 degrees","name":"DEISJE KEINTJEM","issuer":"GUBERNUR","province":"SULAWESI UTARA","district":"MINAHASA","permitNumber":"503/DPMPTSPD/IUP-OP/239/XII/2020","permitType":"SDR","miningType":"IUP","commodity":"BATUAN","status":"2","validFrom":"2020-12-07","validTo":"2025-12-07","areaHa":5.17,"location":"DESA SEA, KEC. PINELENG, KABUPATEN MINAHASA, PROVINSI SULAWESI UTARA","sourceRemark":"-","region":"sulawesi"},"geometry":{"type":"Polygon","coordinates":[[[124.78174,1.41157],[124.78175,1.40996],[124.78495,1.41021],[124.78495,1.4112],[124.78174,1.41157]]]}},{"type":"Feature","properties":{"inventoryId":"big-mining-wiup:121","sector":"Tambang","subtype":"WIUP","quality":"OFFICIAL","sourceDataset":"big-mining-wiup","sourceRecordId":"121","source":"BIG Kebijakan Satu Peta","sourceUrl":"https://kspservices.big.go.id/satupeta/rest/services/PUBLIK/PERIZINAN_DAN_PERTANAHAN/MapServer/4","retrievedAt":"2026-08-28T06:57:32Z","geometryProcessing":"web display simplification tolerance 0.00035 degrees","name":"DHARMA BUMI KOLAKA","issuer":"BUPATI","province":"SULAWESI TENGGARA","district":"KOLAKA","permitNumber":"167 TAHUN 2010","permitType":"PT","miningType":"IUP","commodity":"NIKEL","status":"2","validFrom":"2010-04-12","validTo":"2030-04-12","areaHa":1075.0,"location":"KEC. TANGGETADA/LAMBANDIA, KAB. KOLAKA","sourceRemark":"-","region":"sulawesi"},"geometry":{"type":"Polygon","coordinates":[[[121.64167,-4.30639],[121.64167,-4.31528],[121.74028,-4.31528],[121.74028,-4.30639],[121.64167,-4.30639]]]}},{"type":"Feature","properties":{"inventoryId":"big-mining-wiup:4194","sector":"Tambang","subtype":"WIUP","quality":"OFFICIAL","sourceDataset":"big-mining-wiup","sourceRecordId":"4194","source":"BIG Kebijakan Satu Peta","sourceUrl":"https://kspservices.big.go.id/satupeta/rest/services/PUBLIK/PERIZINAN_DAN_PERTANAHAN/MapServer/4","retrievedAt":"2026-08-28T06:57:32Z","geometryProcessing":"web display simplification tolerance 0.00035 degrees","name":"DIAMOND ALFA PROPERTINDO","issuer":"GUBERNUR","province":"SULAWESI TENGGARA","district":"BUTON","permitNumber":"272/DPMPTSP/IV/2019","permitType":"PT","miningType":"IUP","commodity":"BATU GAMPING","status":"2","validFrom":"2019-04-18","validTo":"2023-12-19","areaHa":4905.0,"location":"Kec. Mawasangka & Mawasangka Tengah","sourceRemark":"-","region":"sulawesi"},"geometry":{"type":"Polygon","coordinates":[[[122.34701,-5.29744],[122.34701,-5.34984],[122.30301,-5.34984],[122.30301,-5.37652],[122.38346,-5.37652],[122.38346,-5.29744],[122.34701,-5.29744]]]}},{"type":"Feature","properties":{"inventoryId":"big-mining-wiup:4504","sector":"Tambang","subtype":"WIUP","quality":"OFFICIAL","sourceDataset":"big-mining-wiup","sourceRecordId":"4504","source":"BIG Kebijakan Satu Peta","sourceUrl":"https://kspservices.big.go.id/satupeta/rest/services/PUBLIK/PERIZINAN_DAN_PERTANAHAN/MapServer/4","retrievedAt":"2026-08-28T06:57:32Z","geometryProcessing":"web display simplification tolerance 0.00035 degrees","name":"DIANA JAYA LESTARI","issuer":"GUBERNUR","province":"SULAWESI BARAT","district":"MAMUJU","permitNumber":"013/76/IUP.OP/PTSP.A/X/2020","permitType":"PT","miningType":"IUP","commodity":"PASIR DAN BATU (SIRTU)","status":"2","validFrom":"2020-10-15","validTo":"2025-10-15","areaHa":11.86,"location":"DESA BUTTUADA KEC.BONEHAU,KABUPATEN MAMUJU SULAWESI BARAT","sourceRemark":"-","region":"sulawesi"},"geometry":{"type":"Polygon","coordinates":[[[119.22521,-2.63461],[119.22588,-2.63627],[119.22327,-2.6359],[119.22185,-2.63966],[119.22184,-2.64272],[119.22326,-2.64492],[119.22375,-2.64492],[119.22355,-2.64322],[119.22257,-2.64199],[119.22219,-2.63998],[119.22359,-2.63809],[119.22342,-2.63679],[119.22384,-2.63631],[119.22627,-2.63672],[119.22696,-2.63624],[119.22639,-2.63461],[119.22521,-2.63461]]]}},{"type":"Feature","properties":{"inventoryId":"big-mining-wiup:3518","sector":"Tambang","subtype":"WIUP","quality":"OFFICIAL","sourceDataset":"big-mining-wiup","sourceRecordId":"3518","source":"BIG Kebijakan Satu Peta","sourceUrl":"https://kspservices.big.go.id/satupeta/rest/services/PUBLIK/PERIZINAN_DAN_PERTANAHAN/MapServer/4","retrievedAt":"2026-08-28T06:57:32Z","geometryProcessing":"web display simplification tolerance 0.00035 degrees","name":"DIGDAYA JASA MINING","issuer":"MENTERI","province":"SULAWESI TENGGARA","district":"KOLAKA UTARA","permitNumber":"462/1/IUP/PMDN/2022","permitType":"PT","miningType":"IUP","commodity":"BATU GAMPING","status":"1","validFrom":"2022-03-09","validTo":"2025-03-09","areaHa":96.0,"location":"KECAMATAN LAMBAI KABUPATEN KOLAKA UTARA PROVINSI SULAWESI TENGGARA","sourceRemark":"-","region":"sulawesi"},"geometry":{"type":"Polygon","coordinates":[[[120.96048,-3.62085],[120.96048,-3.62492],[120.96307,-3.62492],[120.96358,-3.62876],[120.96452,-3.62876],[120.96452,-3.62959],[120.96989,-3.62959],[120.96989,-3.62084],[120.96741,-3.62084],[120.96741,-3.62888],[120.96515,-3.62888],[120.96457,-3.62457],[120.96292,-3.62457],[120.96292,-3.60562],[120.94486,-3.60562],[120.94486,-3.60137],[120.94008,-3.60137],[120.94008,-3.60614],[120.96248,-3.60614],[120.96248,-3.62085],[120.96048,-3.62085]]]}},{"type":"Feature","properties":{"inventoryId":"big-mining-wiup:4591","sector":"Tambang","subtype":"WIUP","quality":"OFFICIAL","sourceDataset":"big-mining-wiup","sourceRecordId":"4591","source":"BIG Kebijakan Satu Peta","sourceUrl":"https://kspservices.big.go.id/satupeta/rest/services/PUBLIK/PERIZINAN_DAN_PERTANAHAN/MapServer/4","retrievedAt":"2026-08-28T06:57:32Z","geometryProcessing":"web display simplification tolerance 0.00035 degrees","name":"DOTATA UTAMA","issuer":"MENTERI","province":"SULAWESI TENGAH","district":"MOROWALI","permitNumber":"468/1/IUP/PMDN/2022","permitType":"PT","miningType":"IUP","commodity":"NIKEL","status":"2","validFrom":"2022-03-09","validTo":"2030-09-18","areaHa":1006.86,"location":"DESA BULELENG, KECAMATAN BUNGKU PESISIR, KABUPATEN MOROWALI, PROVINSI SULAWESI TENGAH","sourceRemark":"-","region":"sulawesi"},"geometry":{"type":"Polygon","coordinates":[[[122.15273,-2.97755],[122.16504,-2.97755],[122.16504,-2.95181],[122.15945,-2.95181],[122.15945,-2.94959],[122.15249,-2.94959],[122.15249,-2.95158],[122.14976,-2.95158],[122.14976,-2.9539],[122.12376,-2.9539],[122.12376,-2.9511],[122.11395,-2.9511],[122.11395,-2.96044],[122.12614,-2.96044],[122.12614,-2.96347],[122.13636,-2.96347],[122.13636,-2.96637],[122.14238,-2.96637],[122.14238,-2.97121],[122.14661,-2.97121],[122.14661,-2.97464],[122.15273,-2.97464],[122.15273,-2.97755]]]}},{"type":"Feature","properties":{"inventoryId":"big-mining-wiup:2732","sector":"Tambang","subtype":"WIUP","quality":"OFFICIAL","sourceDataset":"big-mining-wiup","sourceRecordId":"2732","source":"BIG Kebijakan Satu Peta","sourceUrl":"https://kspservices.big.go.id/satupeta/rest/services/PUBLIK/PERIZINAN_DAN_PERTANAHAN/MapServer/4","retrievedAt":"2026-08-28T06:57:32Z","geometryProcessing":"web display simplification tolerance 0.00035 degrees","name":"DRS. H. A. ANWAR AKSA","issuer":"GUBERNUR","province":"SULAWESI SELATAN","district":"BARRU","permitNumber":"85/I.03/PTSP/2019","permitType":"SDR","miningType":"IUP","commodity":"TRASS","status":"2","validFrom":"2019-09-03","validTo":"2024-09-03","areaHa":7.88,"location":"DESA KUPA, KEC, MALLUSETASI, KAB. BARRU","sourceRemark":"-","region":"sulawesi"},"geometry":{"type":"Polygon","coordinates":[[[119.61641,-4.10598],[119.6174,-4.10849],[119.61937,-4.10879],[119.61937,-4.10598],[119.61641,-4.10598]]]}},{"type":"Feature","properties":{"inventoryId":"big-mining-wiup:68","sector":"Tambang","subtype":"WIUP","quality":"OFFICIAL","sourceDataset":"big-mining-wiup","sourceRecordId":"68","source":"BIG Kebijakan Satu Peta","sourceUrl":"https://kspservices.big.go.id/satupeta/rest/services/PUBLIK/PERIZINAN_DAN_PERTANAHAN/MapServer/4","retrievedAt":"2026-08-28T06:57:32Z","geometryProcessing":"web display simplification tolerance 0.00035 degrees","name":"DUNIA BARU","issuer":"BUPATI","province":"SULAWESI SELATAN","district":"BARRU","permitNumber":"420 TAHUN 2010","permitType":"PT","miningType":"IUP","commodity":"MANGAN","status":"2","validFrom":"2010-08-05","validTo":"2023-08-04","areaHa":95.0,"location":"DESA PATTAPPA, KEC. PUJANANTING, KAB.BARRU","sourceRemark":"-","region":"sulawesi"},"geometry":{"type":"Polygon","coordinates":[[[119.72222,-4.60417],[119.72222,-4.61528],[119.72917,-4.61528],[119.72917,-4.60417],[119.72222,-4.60417]]]}},{"type":"Feature","properties":{"inventoryId":"big-mining-wiup:1510","sector":"Tambang","subtype":"WIUP","quality":"OFFICIAL","sourceDataset":"big-mining-wiup","sourceRecordId":"1510","source":"BIG Kebijakan Satu Peta","sourceUrl":"https://kspservices.big.go.id/satupeta/rest/services/PUBLIK/PERIZINAN_DAN_PERTANAHAN/MapServer/4","retrievedAt":"2026-08-28T06:57:32Z","geometryProcessing":"web display simplification tolerance 0.00035 degrees","name":"DUTA TAMBANG GUNUNG PERKASA","issuer":"BUPATI","province":"SULAWESI TENGGARA","district":"KONAWE UTARA","permitNumber":"376 TAHUN 2011","permitType":"PT","miningType":"IUP","commodity":"BIJIH NIKEL","status":"2","validFrom":"2011-10-21","validTo":"2031-10-21","areaHa":138.2,"location":"KEC. LASOLO, KAB. KONAWE UTARA","sourceRemark":"-","region":"sulawesi"},"geometry":{"type":"Polygon","coordinates":[[[122.26614,-3.40022],[122.26787,-3.40022],[122.26787,-3.39722],[122.26399,-3.39722],[122.26399,-3.39125],[122.26934,-3.39125],[122.26934,-3.38886],[122.26446,-3.38886],[122.26446,-3.38154],[122.27396,-3.38154],[122.27396,-3.37859],[122.26105,-3.37859],[122.26105,-3.3985],[122.26614,-3.3985],[122.26614,-3.40022]]]}},{"type":"Feature","properties":{"inventoryId":"big-mining-wiup:2014","sector":"Tambang","subtype":"WIUP","quality":"OFFICIAL","sourceDataset":"big-mining-wiup","sourceRecordId":"2014","source":"BIG Kebijakan Satu Peta","sourceUrl":"https://kspservices.big.go.id/satupeta/rest/services/PUBLIK/PERIZINAN_DAN_PERTANAHAN/MapServer/4","retrievedAt":"2026-08-28T06:57:32Z","geometryProcessing":"web display simplification tolerance 0.00035 degrees","name":"DWI PERMATA KUARRY","issuer":"GUBERNUR","province":"SULAWESI TENGAH","district":"TOLI TOLI","permitNumber":"540/481/IUP-OP/P/DPMPTSP/2019","permitType":"PT","miningType":"IUP","commodity":"QUARRY","status":"2","validFrom":"2019-09-25","validTo":"2024-09-25","areaHa":102.7,"location":"TOLITOLI","sourceRemark":"-","region":"sulawesi"},"geometry":{"type":"Polygon","coordinates":[[[120.81078,1.31039],[120.81078,1.30446],[120.80608,1.30446],[120.80608,1.30117],[120.8115,1.30117],[120.8115,1.30418],[120.81883,1.30418],[120.81883,1.31231],[120.81078,1.31231],[120.81078,1.31039]]]}},{"type":"Feature","properties":{"inventoryId":"big-mining-wiup:899","sector":"Tambang","subtype":"WIUP","quality":"OFFICIAL","sourceDataset":"big-mining-wiup","sourceRecordId":"899","source":"BIG Kebijakan Satu Peta","sourceUrl":"https://kspservices.big.go.id/satupeta/rest/services/PUBLIK/PERIZINAN_DAN_PERTANAHAN/MapServer/4","retrievedAt":"2026-08-28T06:57:32Z","geometryProcessing":"web display simplification tolerance 0.00035 degrees","name":"DWIMITRA MULTIGUNA SEJAHTERA","issuer":"BUPATI","province":"SULAWESI TENGGARA","district":"KONAWE UTARA","permitNumber":"596 TAHUN 2010","permitType":"PT","miningType":"IUP","commodity":"NIKEL","status":"2","validFrom":"2010-07-14","validTo":"2030-07-14","areaHa":130.0,"location":"KEC.LASOLO","sourceRemark":"-","region":"sulawesi"},"geometry":{"type":"Polygon","coordinates":[[[122.25222,-3.6675],[122.25222,-3.67633],[122.2665,-3.67633],[122.2665,-3.67342],[122.26583,-3.67342],[122.26583,-3.67217],[122.26494,-3.67217],[122.26494,-3.67097],[122.26328,-3.67097],[122.26328,-3.67028],[122.26083,-3.67028],[122.26083,-3.6675],[122.25222,-3.6675]]]}},{"type":"Feature","properties":{"inventoryId":"big-mining-wiup:680","sector":"Tambang","subtype":"WIUP","quality":"OFFICIAL","sourceDataset":"big-mining-wiup","sourceRecordId":"680","source":"BIG Kebijakan Satu Peta","sourceUrl":"https://kspservices.big.go.id/satupeta/rest/services/PUBLIK/PERIZINAN_DAN_PERTANAHAN/MapServer/4","retrievedAt":"2026-08-28T06:57:32Z","geometryProcessing":"web display simplification tolerance 0.00035 degrees","name":"ELIT KHARISMA UTAMA","issuer":"BUPATI","province":"SULAWESI TENGGARA","district":"KONAWE UTARA","permitNumber":"575 TAHUN 2010","permitType":"PT","miningType":"IUP","commodity":"NIKEL","status":"2","validFrom":"2010-08-19","validTo":"2030-08-19","areaHa":496.1,"location":"KEC. LANGGIKIMA DAN LASOLO, KO","sourceRemark":"-","region":"sulawesi"},"geometry":{"type":"Polygon","coordinates":[[[122.22582,-3.36751],[122.22582,-3.37798],[122.22679,-3.37798],[122.22679,-3.37984],[122.22784,-3.37984],[122.22784,-3.38211],[122.22875,-3.38211],[122.22875,-3.38789],[122.22931,-3.38789],[122.22931,-3.38879],[122.23311,-3.38912],[122.23311,-3.38949],[122.24551,-3.38949],[122.24551,-3.36751],[122.22582,-3.36751]]]}},{"type":"Feature","properties":{"inventoryId":"big-mining-wiup:3983","sector":"Tambang","subtype":"WIUP","quality":"OFFICIAL","sourceDataset":"big-mining-wiup","sourceRecordId":"3983","source":"BIG Kebijakan Satu Peta","sourceUrl":"https://kspservices.big.go.id/satupeta/rest/services/PUBLIK/PERIZINAN_DAN_PERTANAHAN/MapServer/4","retrievedAt":"2026-08-28T06:57:32Z","geometryProcessing":"web display simplification tolerance 0.00035 degrees","name":"EMPORIUM BUKIT MARMER","issuer":"GUBERNUR","province":"SULAWESI SELATAN","district":"BONE","permitNumber":"3/I.03/PTSP/2020","permitType":"PT","miningType":"IUP","commodity":"MARMER","status":"2","validFrom":"2020-01-15","validTo":"2025-01-15","areaHa":126.5,"location":"BULUSIRUA DAN BOONTOJAI, BONTOCANI, BONE","sourceRemark":"-","region":"sulawesi"},"geometry":{"type":"Polygon","coordinates":[[[119.98071,-5.06724],[119.97598,-5.06724],[119.97598,-5.07803],[119.97221,-5.07803],[119.97221,-5.08219],[119.98205,-5.08219],[119.98205,-5.06989],[119.98071,-5.06989],[119.98071,-5.06724]]]}},{"type":"Feature","properties":{"inventoryId":"big-mining-wiup:4359","sector":"Tambang","subtype":"WIUP","quality":"OFFICIAL","sourceDataset":"big-mining-wiup","sourceRecordId":"4359","source":"BIG Kebijakan Satu Peta","sourceUrl":"https://kspservices.big.go.id/satupeta/rest/services/PUBLIK/PERIZINAN_DAN_PERTANAHAN/MapServer/4","retrievedAt":"2026-08-28T06:57:32Z","geometryProcessing":"web display simplification tolerance 0.00035 degrees","name":"ENDITA UTAMA","issuer":"GUBERNUR","province":"SULAWESI TENGAH","district":"MOROWALI UTARA","permitNumber":"540/600/IUP-OP/DPMPTSP/2020","permitType":"CV","miningType":"IUP","commodity":"BATU GAMPING","status":"2","validFrom":"2020-12-10","validTo":"2025-12-10","areaHa":44.78,"location":"DESA BUNTA, KECAMATAN PETASIA TIMUR, KABUPATEN MOROWALI UTARA","sourceRemark":"-","region":"sulawesi"},"geometry":{"type":"Polygon","coordinates":[[[121.37339,-2.02555],[121.37339,-2.03081],[121.38031,-2.03081],[121.38031,-2.02555],[121.37339,-2.02555]]]}},{"type":"Feature","properties":{"inventoryId":"big-mining-wiup:1341","sector":"Tambang","subtype":"WIUP","quality":"OFFICIAL","sourceDataset":"big-mining-wiup","sourceRecordId":"1341","source":"BIG Kebijakan Satu Peta","sourceUrl":"https://kspservices.big.go.id/satupeta/rest/services/PUBLIK/PERIZINAN_DAN_PERTANAHAN/MapServer/4","retrievedAt":"2026-08-28T06:57:32Z","geometryProcessing":"web display simplification tolerance 0.00035 degrees","name":"ENERSTEEL","issuer":"BUPATI","province":"SULAWESI TENGAH","district":"MOROWALI UTARA","permitNumber":"540/SK.0288/DESDM/XI/2012","permitType":"PT","miningType":"IUP","commodity":"NIKEL DMP","status":"2","validFrom":"2012-10-01","validTo":"2032-10-01","areaHa":484.0,"location":"DESA MOHONI, KEC PETASIA TIMUR","sourceRemark":"-","region":"sulawesi"},"geometry":{"type":"Polygon","coordinates":[[[121.44864,-2.1471],[121.44864,-2.16629],[121.46628,-2.16629],[121.46628,-2.15799],[121.47294,-2.15799],[121.47294,-2.15393],[121.47121,-2.15393],[121.47121,-2.1503],[121.46879,-2.1503],[121.46879,-2.1471],[121.44864,-2.1471]]]}},{"type":"Feature","properties":{"inventoryId":"big-mining-wiup:4402","sector":"Tambang","subtype":"WIUP","quality":"OFFICIAL","sourceDataset":"big-mining-wiup","sourceRecordId":"4402","source":"BIG Kebijakan Satu Peta","sourceUrl":"https://kspservices.big.go.id/satupeta/rest/services/PUBLIK/PERIZINAN_DAN_PERTANAHAN/MapServer/4","retrievedAt":"2026-08-28T06:57:32Z","geometryProcessing":"web display simplification tolerance 0.00035 degrees","name":"ESTETIKA KARYA UTAMA","issuer":"GUBERNUR","province":"SULAWESI TENGAH","district":"TOJO UNA UNA,TOJO UNA UNA","permitNumber":"540/347/IUP-OP/DPMPTSP/2020","permitType":"PT","miningType":"IUP","commodity":"BATUAN","status":"2","validFrom":"2020-07-14","validTo":"2025-07-14","areaHa":17.6,"location":"DESA BORONE,KECAMATAN APANA TETE,KABUPATEN TOJO UNA-UNA,PROVINSI SULAWESI TENGAH","sourceRemark":"-","region":"sulawesi"},"geometry":{"type":"Polygon","coordinates":[[[121.74673,-0.96458],[121.7463,-0.96411],[121.74579,-0.96585],[121.74571,-0.97128],[121.74417,-0.973],[121.74323,-0.973],[121.74313,-0.97934],[121.74383,-0.97971],[121.74333,-0.98081],[121.74388,-0.98332],[121.74317,-0.98332],[121.74247,-0.98646],[121.74394,-0.9879],[121.74369,-0.99035],[121.74461,-0.98946],[121.74461,-0.98847],[121.74426,-0.98715],[121.74323,-0.98651],[121.74323,-0.98512],[121.7441,-0.98361],[121.74358,-0.98084],[121.74431,-0.98026],[121.74431,-0.9795],[121.74354,-0.97884],[121.74358,-0.9733],[121.74465,-0.9733],[121.74595,-0.97177],[121.74623,-0.96912],[121.74673,-0.96866],[121.74673,-0.96753],[121.74626,-0.96753],[121.74673,-0.96458]]]}},{"type":"Feature","properties":{"inventoryId":"big-mining-wiup:4524","sector":"Tambang","subtype":"WIUP","quality":"OFFICIAL","sourceDataset":"big-mining-wiup","sourceRecordId":"4524","source":"BIG Kebijakan Satu Peta","sourceUrl":"https://kspservices.big.go.id/satupeta/rest/services/PUBLIK/PERIZINAN_DAN_PERTANAHAN/MapServer/4","retrievedAt":"2026-08-28T06:57:32Z","geometryProcessing":"web display simplification tolerance 0.00035 degrees","name":"EVI ANDRIANI","issuer":"GUBERNUR","province":"SULAWESI TENGGARA","district":"KOLAKA","permitNumber":"378/DPMPTSP/VI/2019","permitType":"SDR","miningType":"IUP","commodity":"PERIDOTIT","status":"2","validFrom":"2019-06-25","validTo":"2024-06-25","areaHa":23.83,"location":"DESA ULU BAULA KECAMATAN BAULA","sourceRemark":"-","region":"sulawesi"},"geometry":{"type":"Polygon","coordinates":[[[121.69303,-4.15213],[121.69303,-4.15335],[121.69522,-4.15335],[121.69522,-4.15143],[121.69595,-4.15143],[121.69595,-4.15006],[121.69682,-4.15006],[121.69682,-4.14539],[121.695,-4.14539],[121.69463,-4.14722],[121.69367,-4.148],[121.69367,-4.14912],[121.69303,-4.14912],[121.69303,-4.1506],[121.69407,-4.1506],[121.69407,-4.15213],[121.69303,-4.15213]]]}},{"type":"Feature","properties":{"inventoryId":"big-mining-wiup:2087","sector":"Tambang","subtype":"WIUP","quality":"OFFICIAL","sourceDataset":"big-mining-wiup","sourceRecordId":"2087","source":"BIG Kebijakan Satu Peta","sourceUrl":"https://kspservices.big.go.id/satupeta/rest/services/PUBLIK/PERIZINAN_DAN_PERTANAHAN/MapServer/4","retrievedAt":"2026-08-28T06:57:32Z","geometryProcessing":"web display simplification tolerance 0.00035 degrees","name":"FADLAN MULIA JAYA","issuer":"MENTERI","province":"SULAWESI TENGAH","district":"MOROWALI","permitNumber":"1303/1/IUP/PMDN/2021","permitType":"PT","miningType":"IUP","commodity":"NIKEL","status":"2","validFrom":"2021-11-01","validTo":"2031-10-31","areaHa":199.0,"location":"SULAWESI TENGHA","sourceRemark":"-","region":"sulawesi"},"geometry":{"type":"Polygon","coordinates":[[[122.06772,-2.80373],[122.08111,-2.80373],[122.08111,-2.78745],[122.07461,-2.78745],[122.07461,-2.79207],[122.07263,-2.79207],[122.07263,-2.79484],[122.07079,-2.79484],[122.07079,-2.79819],[122.06772,-2.79819],[122.06772,-2.80373]]]}},{"type":"Feature","properties":{"inventoryId":"big-mining-wiup:3321","sector":"Tambang","subtype":"WIUP","quality":"OFFICIAL","sourceDataset":"big-mining-wiup","sourceRecordId":"3321","source":"BIG Kebijakan Satu Peta","sourceUrl":"https://kspservices.big.go.id/satupeta/rest/services/PUBLIK/PERIZINAN_DAN_PERTANAHAN/MapServer/4","retrievedAt":"2026-08-28T06:57:32Z","geometryProcessing":"web display simplification tolerance 0.00035 degrees","name":"FAJAR PAGODA MAS","issuer":"MENTERI","province":"SULAWESI TENGAH","district":"MOROWALI UTARA","permitNumber":"1670/1/IUP/PMDN/2021","permitType":"PT","miningType":"IUP","commodity":"TANAH MERAH (LATERIT)","status":"1","validFrom":"2021-12-03","validTo":"2024-12-03","areaHa":199.0,"location":"KECAMATAN MAMOSALATO","sourceRemark":"-","region":"sulawesi"},"geometry":{"type":"Polygon","coordinates":[[[121.84242,-1.66691],[121.84242,-1.67347],[121.84036,-1.67347],[121.84036,-1.68036],[121.84412,-1.68036],[121.84412,-1.68692],[121.84933,-1.68692],[121.84933,-1.67768],[121.85121,-1.67768],[121.85121,-1.66691],[121.84242,-1.66691]]]}},{"type":"Feature","properties":{"inventoryId":"big-mining-wiup:1252","sector":"Tambang","subtype":"WIUP","quality":"OFFICIAL","sourceDataset":"big-mining-wiup","sourceRecordId":"1252","source":"BIG Kebijakan Satu Peta","sourceUrl":"https://kspservices.big.go.id/satupeta/rest/services/PUBLIK/PERIZINAN_DAN_PERTANAHAN/MapServer/4","retrievedAt":"2026-08-28T06:57:32Z","geometryProcessing":"web display simplification tolerance 0.00035 degrees","name":"FAJAR SEMEN BARRU","issuer":"BUPATI","province":"SULAWESI SELATAN","district":"BARRU","permitNumber":"05/20/IUP-OP/BR/XII/2014/KP3M","permitType":"PT","miningType":"IUP","commodity":"LEMPUNG","status":"2","validFrom":"2014-12-10","validTo":"2024-12-09","areaHa":200.0,"location":"DESA CINEKKO DAN PADESA CINEKKO DAN PARENRING, MATTIROWALI, KEC. TANETE RIAJA, BARRURENRING, MATTIROWALI, KEC. TANETE RIAJA, BARRU","sourceRemark":"-","region":"sulawesi"},"geometry":{"type":"Polygon","coordinates":[[[119.67482,-4.54889],[119.67482,-4.55147],[119.67858,-4.55147],[119.67858,-4.55707],[119.68269,-4.55707],[119.68269,-4.56256],[119.68936,-4.56256],[119.68936,-4.55882],[119.69592,-4.55882],[119.69592,-4.55494],[119.68986,-4.55494],[119.68986,-4.54625],[119.68558,-4.54625],[119.68558,-4.55],[119.6805,-4.55],[119.6805,-4.54889],[119.67482,-4.54889]]]}},{"type":"Feature","properties":{"inventoryId":"big-mining-wiup:4106","sector":"Tambang","subtype":"WIUP","quality":"OFFICIAL","sourceDataset":"big-mining-wiup","sourceRecordId":"4106","source":"BIG Kebijakan Satu Peta","sourceUrl":"https://kspservices.big.go.id/satupeta/rest/services/PUBLIK/PERIZINAN_DAN_PERTANAHAN/MapServer/4","retrievedAt":"2026-08-28T06:57:32Z","geometryProcessing":"web display simplification tolerance 0.00035 degrees","name":"FATWA BUMI SEJAHTERA","issuer":"GUBERNUR","province":"SULAWESI TENGGARA","district":"KOLAKA UTARA","permitNumber":"780/DPMPTSP/XII/2020","permitType":"PT","miningType":"IUP","commodity":"NIKEL","status":"2","validFrom":"2012-01-27","validTo":"2027-01-26","areaHa":101.0,"location":"DESA PITULUA, KECAMATAN LASUSU","sourceRemark":"-","region":"sulawesi"},"geometry":{"type":"Polygon","coordinates":[[[120.91653,-3.56856],[120.92042,-3.56856],[120.92042,-3.55956],[120.90878,-3.55956],[120.90878,-3.56408],[120.91211,-3.56408],[120.91211,-3.56664],[120.91653,-3.56664],[120.91653,-3.56856]]]}},{"type":"Feature","properties":{"inventoryId":"big-mining-wiup:2178","sector":"Tambang","subtype":"WIUP","quality":"OFFICIAL","sourceDataset":"big-mining-wiup","sourceRecordId":"2178","source":"BIG Kebijakan Satu Peta","sourceUrl":"https://kspservices.big.go.id/satupeta/rest/services/PUBLIK/PERIZINAN_DAN_PERTANAHAN/MapServer/4","retrievedAt":"2026-08-28T06:57:32Z","geometryProcessing":"web display simplification tolerance 0.00035 degrees","name":"GARUDA PERKASA NUSANTARA","issuer":"BUPATI","province":"SULAWESI TENGGARA","district":"BUTON","permitNumber":"745.A TAHUN 2014","permitType":"PT","miningType":"IUP","commodity":"ASPAL","status":"2","validFrom":"2014-09-30","validTo":"2031-08-18","areaHa":1871.0,"location":"KEC. WOLOWA","sourceRemark":"-","region":"sulawesi"},"geometry":{"type":"Polygon","coordinates":[[[122.90848,-5.41611],[122.93341,-5.41611],[122.93341,-5.40002],[122.95278,-5.40002],[122.95278,-5.35006],[122.94199,-5.35006],[122.94199,-5.3752],[122.92516,-5.3752],[122.92516,-5.39031],[122.90849,-5.39031],[122.90848,-5.41611]]]}},{"type":"Feature","properties":{"inventoryId":"big-mining-wiup:4075","sector":"Tambang","subtype":"WIUP","quality":"OFFICIAL","sourceDataset":"big-mining-wiup","sourceRecordId":"4075","source":"BIG Kebijakan Satu Peta","sourceUrl":"https://kspservices.big.go.id/satupeta/rest/services/PUBLIK/PERIZINAN_DAN_PERTANAHAN/MapServer/4","retrievedAt":"2026-08-28T06:57:32Z","geometryProcessing":"web display simplification tolerance 0.00035 degrees","name":"GASING SULAWESI","issuer":"GUBERNUR","province":"SULAWESI TENGGARA","district":"KOLAKA","permitNumber":"890/DPM-PTSP/XI/2018","permitType":"PT","miningType":"IUP","commodity":"PASIR KUARSA","status":"2","validFrom":"2018-11-02","validTo":"2028-11-02","areaHa":103.46,"location":"DESA OKO-OKO, KEC. POMALAA, KAB. KOLAKA, PROV. SULAWESI TENGGARA","sourceRemark":"-","region":"sulawesi"},"geometry":{"type":"Polygon","coordinates":[[[121.56184,-4.29129],[121.56184,-4.29387],[121.56481,-4.29387],[121.56481,-4.29837],[121.56703,-4.29837],[121.56703,-4.29429],[121.56811,-4.29429],[121.56811,-4.29342],[121.56873,-4.29342],[121.56873,-4.29291],[121.57828,-4.29291],[121.57828,-4.29556],[121.58127,-4.29556],[121.58127,-4.2936],[121.58357,-4.2936],[121.58357,-4.29433],[121.58501,-4.29433],[121.58501,-4.29557],[121.58845,-4.29557],[121.58845,-4.28902],[121.58705,-4.28902],[121.58705,-4.29102],[121.58461,-4.29129],[121.56184,-4.29129]]]}},{"type":"Feature","properties":{"inventoryId":"big-mining-wiup:857","sector":"Tambang","subtype":"WIUP","quality":"OFFICIAL","sourceDataset":"big-mining-wiup","sourceRecordId":"857","source":"BIG Kebijakan Satu Peta","sourceUrl":"https://kspservices.big.go.id/satupeta/rest/services/PUBLIK/PERIZINAN_DAN_PERTANAHAN/MapServer/4","retrievedAt":"2026-08-28T06:57:32Z","geometryProcessing":"web display simplification tolerance 0.00035 degrees","name":"GASING SULAWESI","issuer":"GUBERNUR","province":"SULAWESI TENGGARA","district":"KOLAKA","permitNumber":"1035/DPM-PTSP/XII/2018","permitType":"PT","miningType":"IUP","commodity":"PASIR KUARSA","status":"2","validFrom":"2018-12-03","validTo":"2023-12-03","areaHa":136.25,"location":"KEC. POMALA","sourceRemark":"-","region":"sulawesi"},"geometry":{"type":"Polygon","coordinates":[[[121.56181,-4.28941],[121.57063,-4.28941],[121.57063,-4.29125],[121.58439,-4.29125],[121.58439,-4.28569],[121.56181,-4.28569],[121.56181,-4.28941]]]}},{"type":"Feature","properties":{"inventoryId":"big-mining-wiup:705","sector":"Tambang","subtype":"WIUP","quality":"OFFICIAL","sourceDataset":"big-mining-wiup","sourceRecordId":"705","source":"BIG Kebijakan Satu Peta","sourceUrl":"https://kspservices.big.go.id/satupeta/rest/services/PUBLIK/PERIZINAN_DAN_PERTANAHAN/MapServer/4","retrievedAt":"2026-08-28T06:57:32Z","geometryProcessing":"web display simplification tolerance 0.00035 degrees","name":"GEMA KREASI PERDANA","issuer":"GUBERNUR","province":"SULAWESI TENGGARA","district":"KONAWE KEPULAUAN","permitNumber":"949/DPMPTSP/XII/2019","permitType":"PT","miningType":"IUP","commodity":"NIKEL","status":"2","validFrom":"2008-11-14","validTo":"2028-11-14","areaHa":850.9,"location":"KECAMATAN WAWONII TENGGARA, KABUPATEN KONAWE KEPULAUAN, PROVINSI SULAWESI TENGGARA","sourceRemark":"-","region":"sulawesi"},"geometry":{"type":"Polygon","coordinates":[[[123.12319,-4.19492],[123.12319,-4.20556],[123.11769,-4.20556],[123.11769,-4.21031],[123.11458,-4.21031],[123.11458,-4.21278],[123.10869,-4.21278],[123.10869,-4.22317],[123.10406,-4.22317],[123.10406,-4.22417],[123.13208,-4.22417],[123.13208,-4.21642],[123.14194,-4.21642],[123.14194,-4.19492],[123.12319,-4.19492]]]}},{"type":"Feature","properties":{"inventoryId":"big-mining-wiup:929","sector":"Tambang","subtype":"WIUP","quality":"OFFICIAL","sourceDataset":"big-mining-wiup","sourceRecordId":"929","source":"BIG Kebijakan Satu Peta","sourceUrl":"https://kspservices.big.go.id/satupeta/rest/services/PUBLIK/PERIZINAN_DAN_PERTANAHAN/MapServer/4","retrievedAt":"2026-08-28T06:57:32Z","geometryProcessing":"web display simplification tolerance 0.00035 degrees","name":"GEMA KREASI PERDANA","issuer":"BUPATI","province":"SULAWESI TENGGARA","district":"KONAWE","permitNumber":"83 TAHUN 2010","permitType":"PT","miningType":"IUP","commodity":"NIKEL","status":"2","validFrom":"2010-01-10","validTo":"2028-11-14","areaHa":958.0,"location":"KEC. WAWONII BARAT DAN TENGAH, KAB. KONAWE","sourceRemark":"-","region":"sulawesi"},"geometry":{"type":"Polygon","coordinates":[[[123.03299,-4.06979],[123.02789,-4.06979],[123.02789,-4.07361],[123.01366,-4.07361],[123.01366,-4.08954],[123.01904,-4.08954],[123.01904,-4.09466],[123.0111,-4.09466],[123.0111,-4.10519],[123.01543,-4.10519],[123.01543,-4.11143],[123.01763,-4.11143],[123.01763,-4.11996],[123.01904,-4.11996],[123.01904,-4.13816],[123.02131,-4.13816],[123.02131,-4.13019],[123.02414,-4.13019],[123.02414,-4.12849],[123.02754,-4.12849],[123.02754,-4.12451],[123.02216,-4.12451],[123.02216,-4.11667],[123.02697,-4.11667],[123.02697,-4.11882],[123.03037,-4.11882],[123.03037,-4.10802],[123.02414,-4.10802],[123.02414,-4.09807],[123.02725,-4.09807],[123.02725,-4.09162],[123.03299,-4.09162],[123.03299,-4.06979]]]}},{"type":"Feature","properties":{"inventoryId":"big-mining-wiup:941","sector":"Tambang","subtype":"WIUP","quality":"OFFICIAL","sourceDataset":"big-mining-wiup","sourceRecordId":"941","source":"BIG Kebijakan Satu Peta","sourceUrl":"https://kspservices.big.go.id/satupeta/rest/services/PUBLIK/PERIZINAN_DAN_PERTANAHAN/MapServer/4","retrievedAt":"2026-08-28T06:57:32Z","geometryProcessing":"web display simplification tolerance 0.00035 degrees","name":"GEMA RIPAH PRATAMA","issuer":"MENTERI","province":"SULAWESI TENGAH","district":"MOROWALI UTARA","permitNumber":"979/1/IUP/PMDN/2021","permitType":"PT","miningType":"IUP","commodity":"NIKEL","status":"2","validFrom":"2021-09-24","validTo":"2031-08-11","areaHa":145.0,"location":"DESA TAMBAYOLI, KEC. SOYO JAYA, KAB. MOROWALI","sourceRemark":"-","region":"sulawesi"},"geometry":{"type":"Polygon","coordinates":[[[121.31598,-1.71225],[121.31598,-1.7219],[121.32799,-1.7219],[121.32799,-1.72669],[121.322,-1.72669],[121.322,-1.73319],[121.33201,-1.73368],[121.33201,-1.7316],[121.33138,-1.7316],[121.33138,-1.72558],[121.33498,-1.72558],[121.33498,-1.7212],[121.31699,-1.7212],[121.31699,-1.71225],[121.31598,-1.71225]]]}},{"type":"Feature","properties":{"inventoryId":"big-mining-wiup:1789","sector":"Tambang","subtype":"WIUP","quality":"OFFICIAL","sourceDataset":"big-mining-wiup","sourceRecordId":"1789","source":"BIG Kebijakan Satu Peta","sourceUrl":"https://kspservices.big.go.id/satupeta/rest/services/PUBLIK/PERIZINAN_DAN_PERTANAHAN/MapServer/4","retrievedAt":"2026-08-28T06:57:32Z","geometryProcessing":"web display simplification tolerance 0.00035 degrees","name":"GEMILANG BANGUN PERKASA","issuer":"GUBERNUR","province":"SULAWESI TENGAH","district":"BANGGAI","permitNumber":"540/499/IUP-OP/PGH/DPMPTSP/2017","permitType":"PT","miningType":"IUP","commodity":"NIKEL","status":"2","validFrom":"2015-09-02","validTo":"2035-03-28","areaHa":4398.0,"location":"KEC TOILI DAN TOILI BARAT, KAB","sourceRemark":"-","region":"sulawesi"},"geometry":{"type":"Polygon","coordinates":[[[122.22278,-1.50472],[122.23083,-1.50472],[122.23083,-1.48611],[122.29528,-1.48611],[122.29528,-1.47417],[122.32498,-1.47417],[122.325,-1.46],[122.30944,-1.46],[122.30944,-1.46569],[122.30847,-1.46569],[122.30847,-1.46],[122.28028,-1.46],[122.28028,-1.47972],[122.265,-1.47972],[122.265,-1.47639],[122.19833,-1.47639],[122.19833,-1.53778],[122.17222,-1.53778],[122.17222,-1.55556],[122.15972,-1.55556],[122.15972,-1.56556],[122.18889,-1.56556],[122.18889,-1.55111],[122.20333,-1.55111],[122.20333,-1.5325],[122.22056,-1.5325],[122.22056,-1.50472],[122.22278,-1.50472]]]}},{"type":"Feature","properties":{"inventoryId":"big-mining-wiup:3824","sector":"Tambang","subtype":"WIUP","quality":"OFFICIAL","sourceDataset":"big-mining-wiup","sourceRecordId":"3824","source":"BIG Kebijakan Satu Peta","sourceUrl":"https://kspservices.big.go.id/satupeta/rest/services/PUBLIK/PERIZINAN_DAN_PERTANAHAN/MapServer/4","retrievedAt":"2026-08-28T06:57:32Z","geometryProcessing":"web display simplification tolerance 0.00035 degrees","name":"GEMILANG BATU KOLO","issuer":"MENTERI","province":"SULAWESI TENGAH","district":"MOROWALI UTARA","permitNumber":"1299/1/IUP/PMDN/2021","permitType":"PT","miningType":"IUP","commodity":"ANDESIT","status":"1","validFrom":"2021-10-29","validTo":"2024-10-29","areaHa":95.0,"location":"KECAMATAN MAMOSALATO, KABUPATEN MOROWALI UTARA","sourceRemark":"-","region":"sulawesi"},"geometry":{"type":"Polygon","coordinates":[[[121.85568,-1.6769],[121.85284,-1.6769],[121.85284,-1.68552],[121.86674,-1.68552],[121.86674,-1.68387],[121.86144,-1.68387],[121.86144,-1.68315],[121.85993,-1.68315],[121.85993,-1.6753],[121.85568,-1.6753],[121.85568,-1.6769]]]}},{"type":"Feature","properties":{"inventoryId":"big-mining-wiup:4450","sector":"Tambang","subtype":"WIUP","quality":"OFFICIAL","sourceDataset":"big-mining-wiup","sourceRecordId":"4450","source":"BIG Kebijakan Satu Peta","sourceUrl":"https://kspservices.big.go.id/satupeta/rest/services/PUBLIK/PERIZINAN_DAN_PERTANAHAN/MapServer/4","retrievedAt":"2026-08-28T06:57:32Z","geometryProcessing":"web display simplification tolerance 0.00035 degrees","name":"GEMILANG BATU KOLO","issuer":"MENTERI","province":"SULAWESI TENGAH","district":"MOROWALI UTARA","permitNumber":"1365/1/IUP/PMDN2021","permitType":"PT","miningType":"IUP","commodity":"BATU GAMPING UNTUK INDUSTRI","status":"1","validFrom":"2021-11-01","validTo":"2028-11-01","areaHa":98.6,"location":"KECAMATAN MAMOSALATO, KABUPATEN MOROWALI UTARA, PROVINSI SULAWESI TENGAH","sourceRemark":"-","region":"sulawesi"},"geometry":{"type":"Polygon","coordinates":[[[121.84736,-1.65123],[121.84736,-1.66321],[121.85405,-1.66321],[121.85405,-1.65123],[121.84736,-1.65123]]]}},{"type":"Feature","properties":{"inventoryId":"big-mining-wiup:1710","sector":"Tambang","subtype":"WIUP","quality":"OFFICIAL","sourceDataset":"big-mining-wiup","sourceRecordId":"1710","source":"BIG Kebijakan Satu Peta","sourceUrl":"https://kspservices.big.go.id/satupeta/rest/services/PUBLIK/PERIZINAN_DAN_PERTANAHAN/MapServer/4","retrievedAt":"2026-08-28T06:57:32Z","geometryProcessing":"web display simplification tolerance 0.00035 degrees","name":"GEMILANG MANDIRI PERKASA","issuer":"BUPATI","province":"SULAWESI TENGAH","district":"BANGGAI","permitNumber":"540/520/DESDM-G.ST/2015","permitType":"PT","miningType":"IUP","commodity":"NIKEL","status":"2","validFrom":"2015-09-02","validTo":"2035-02-22","areaHa":4677.0,"location":"KEC. BUNTA DAN NUHON KAB. BANG","sourceRemark":"-","region":"sulawesi"},"geometry":{"type":"Polygon","coordinates":[[[122.14167,-0.985],[122.14167,-1.00639],[122.2,-1.00639],[122.2,-0.99444],[122.20806,-0.99444],[122.20806,-0.97528],[122.25556,-0.97528],[122.25556,-0.94639],[122.27778,-0.94639],[122.27778,-0.93417],[122.29222,-0.93417],[122.29222,-0.92778],[122.30278,-0.92778],[122.30278,-0.91],[122.28194,-0.91],[122.28194,-0.90694],[122.27417,-0.90694],[122.27417,-0.94444],[122.2125,-0.94444],[122.2125,-0.96111],[122.20389,-0.96111],[122.20389,-0.97639],[122.17361,-0.97639],[122.17361,-0.985],[122.14167,-0.985]]]}},{"type":"Feature","properties":{"inventoryId":"big-mining-wiup:4474","sector":"Tambang","subtype":"WIUP","quality":"OFFICIAL","sourceDataset":"big-mining-wiup","sourceRecordId":"4474","source":"BIG Kebijakan Satu Peta","sourceUrl":"https://kspservices.big.go.id/satupeta/rest/services/PUBLIK/PERIZINAN_DAN_PERTANAHAN/MapServer/4","retrievedAt":"2026-08-28T06:57:32Z","geometryProcessing":"web display simplification tolerance 0.00035 degrees","name":"GEMILANG MULTI MINERAL","issuer":"BUPATI","province":"SULAWESI TENGGARA","district":"KONAWE UTARA","permitNumber":"606 TAHUN 2014","permitType":"PT","miningType":"IUP","commodity":"NIKEL","status":"2","validFrom":"2014-12-08","validTo":"2033-12-08","areaHa":5645.0,"location":"KEC. ASERA DAN WIWIRANO","sourceRemark":"-","region":"sulawesi"},"geometry":{"type":"Polygon","coordinates":[[[121.70009,-3.20257],[121.70009,-3.23677],[121.79748,-3.23677],[121.79748,-3.26528],[121.78777,-3.26528],[121.78777,-3.27852],[121.81207,-3.27852],[121.81207,-3.20257],[121.70009,-3.20257]]]}},{"type":"Feature","properties":{"inventoryId":"big-mining-wiup:195","sector":"Tambang","subtype":"WIUP","quality":"OFFICIAL","sourceDataset":"big-mining-wiup","sourceRecordId":"195","source":"BIG Kebijakan Satu Peta","sourceUrl":"https://kspservices.big.go.id/satupeta/rest/services/PUBLIK/PERIZINAN_DAN_PERTANAHAN/MapServer/4","retrievedAt":"2026-08-28T06:57:32Z","geometryProcessing":"web display simplification tolerance 0.00035 degrees","name":"GENBA MULTI MINERAL","issuer":"MENTERI","province":"SULAWESI TENGAH","district":"MOROWALI UTARA","permitNumber":"1/I/IUP/PMA/2016","permitType":"PT","miningType":"IUP","commodity":"NIKEL DMP","status":"2","validFrom":"2016-01-19","validTo":"2029-12-08","areaHa":3744.0,"location":"DESA MOLINO DAN BIMOR JAYA KEC. PETASIA, KAB. MOROWALI","sourceRemark":"PMA","region":"sulawesi"},"geometry":{"type":"Polygon","coordinates":[[[121.43081,-2.1455],[121.43081,-2.15307],[121.43475,-2.15307],[121.43475,-2.15782],[121.40935,-2.15782],[121.40935,-2.1529],[121.39175,-2.1529],[121.39175,-2.15781],[121.3806,-2.15781],[121.3806,-2.21597],[121.37734,-2.21597],[121.37734,-2.22764],[121.38064,-2.22764],[121.38064,-2.23545],[121.41174,-2.23545],[121.41174,-2.23213],[121.41351,-2.23213],[121.41351,-2.17196],[121.40733,-2.17196],[121.40554,-2.17162],[121.40554,-2.17115],[121.40347,-2.17115],[121.40347,-2.16979],[121.39931,-2.16979],[121.39868,-2.17013],[121.39868,-2.17124],[121.39779,-2.17124],[121.39779,-2.17301],[121.39661,-2.17301],[121.39661,-2.17364],[121.39338,-2.17364],[121.39338,-2.17426],[121.38561,-2.17426],[121.38561,-2.17302],[121.38088,-2.17302],[121.38088,-2.17248],[121.3868,-2.17248],[121.3868,-2.17305],[121.38787,-2.17305],[121.38787,-2.17349],[121.39265,-2.17349],[121.39265,-2.17293],[121.3957,-2.17293],[121.3957,-2.17233],[121.39722,-2.17233],[121.39722,-2.1705],[121.39778,-2.1705],[121.39778,-2.16978],[121.39028,-2.16978],[121.39028,-2.16348],[121.39626,-2.16348],[121.39626,-2.16584],[121.40929,-2.16584],[121.40929,-2.17133],[121.41351,-2.17133],[121.41351,-2.16584],[121.4483,-2.16584],[121.4483,-2.1455],[121.43081,-2.1455]]]}},{"type":"Feature","properties":{"inventoryId":"big-mining-wiup:2045","sector":"Tambang","subtype":"WIUP","quality":"OFFICIAL","sourceDataset":"big-mining-wiup","sourceRecordId":"2045","source":"BIG Kebijakan Satu Peta","sourceUrl":"https://kspservices.big.go.id/satupeta/rest/services/PUBLIK/PERIZINAN_DAN_PERTANAHAN/MapServer/4","retrievedAt":"2026-08-28T06:57:32Z","geometryProcessing":"web display simplification tolerance 0.00035 degrees","name":"GENERASI AGUNG PERKASA","issuer":"GUBERNUR","province":"SULAWESI TENGGARA","district":"KONAWE SELATAN","permitNumber":"917/DPM-PTSP/XI/2018","permitType":"PT","miningType":"IUP","commodity":"NIKEL","status":"2","validFrom":"2018-11-12","validTo":"2028-11-12","areaHa":584.0,"location":"PARASI DAN SEKITARNYA PALANGGA SELATAN","sourceRemark":"-","region":"sulawesi"},"geometry":{"type":"Polygon","coordinates":[[[122.40305,-4.41445],[122.40305,-4.41913],[122.4205,-4.41917],[122.42051,-4.40047],[122.39227,-4.40043],[122.39226,-4.41442],[122.40305,-4.41445]]]}},{"type":"Feature","properties":{"inventoryId":"big-mining-wiup:1165","sector":"Tambang","subtype":"WIUP","quality":"OFFICIAL","sourceDataset":"big-mining-wiup","sourceRecordId":"1165","source":"BIG Kebijakan Satu Peta","sourceUrl":"https://kspservices.big.go.id/satupeta/rest/services/PUBLIK/PERIZINAN_DAN_PERTANAHAN/MapServer/4","retrievedAt":"2026-08-28T06:57:32Z","geometryProcessing":"web display simplification tolerance 0.00035 degrees","name":"GEOKARS PALAKKA PERKASA","issuer":"GUBERNUR","province":"SULAWESI SELATAN","district":"PANGKEP","permitNumber":"167/I.03/PTSP/2018","permitType":"PT","miningType":"IUP","commodity":"BATUAN","status":"2","validFrom":"2018-11-06","validTo":"2023-11-05","areaHa":166.0,"location":"TARAWENG KEC. LABAKKANG","sourceRemark":"-","region":"sulawesi"},"geometry":{"type":"Polygon","coordinates":[[[119.61931,-4.76639],[119.61975,-4.7685],[119.62211,-4.7685],[119.62211,-4.76736],[119.62619,-4.76736],[119.62619,-4.76594],[119.62514,-4.76594],[119.62514,-4.76522],[119.62331,-4.76522],[119.62331,-4.76472],[119.62161,-4.76472],[119.62161,-4.76581],[119.62244,-4.76581],[119.62244,-4.76694],[119.62031,-4.76694],[119.62031,-4.76639],[119.61931,-4.76639]]]}},{"type":"Feature","properties":{"inventoryId":"big-mining-wiup:2007","sector":"Tambang","subtype":"WIUP","quality":"OFFICIAL","sourceDataset":"big-mining-wiup","sourceRecordId":"2007","source":"BIG Kebijakan Satu Peta","sourceUrl":"https://kspservices.big.go.id/satupeta/rest/services/PUBLIK/PERIZINAN_DAN_PERTANAHAN/MapServer/4","retrievedAt":"2026-08-28T06:57:32Z","geometryProcessing":"web display simplification tolerance 0.00035 degrees","name":"GEOMINERAL INTI PERKASA","issuer":"GUBERNUR","province":"SULAWESI TENGGARA","district":"KONAWE UTARA","permitNumber":"137/DPMPTSP/III/2020","permitType":"PT","miningType":"IUP","commodity":"NIKEL","status":"2","validFrom":"2014-12-30","validTo":"2034-12-29","areaHa":1398.0,"location":"KEC ASERA KAB KONAWE UTARA","sourceRemark":"-","region":"sulawesi"},"geometry":{"type":"Polygon","coordinates":[[[122.06413,-3.49092],[122.05,-3.49092],[122.05,-3.51667],[122.06667,-3.51667],[122.06667,-3.53333],[122.08117,-3.53333],[122.08117,-3.52635],[122.1,-3.52635],[122.1,-3.51667],[122.0908,-3.51667],[122.0908,-3.50539],[122.08084,-3.50539],[122.08084,-3.50274],[122.06413,-3.50274],[122.06413,-3.49092]]]}},{"type":"Feature","properties":{"inventoryId":"big-mining-wiup:2461","sector":"Tambang","subtype":"WIUP","quality":"OFFICIAL","sourceDataset":"big-mining-wiup","sourceRecordId":"2461","source":"BIG Kebijakan Satu Peta","sourceUrl":"https://kspservices.big.go.id/satupeta/rest/services/PUBLIK/PERIZINAN_DAN_PERTANAHAN/MapServer/4","retrievedAt":"2026-08-28T06:57:32Z","geometryProcessing":"web display simplification tolerance 0.00035 degrees","name":"GEOSTONE KHAMILAH INDONESIA","issuer":"GUBERNUR","province":"SULAWESI SELATAN","district":"GOWA","permitNumber":"90/I.03/PTSP/2019","permitType":"PT","miningType":"IUP","commodity":"TANAH URUG","status":"2","validFrom":"2019-09-30","validTo":"2024-09-30","areaHa":69.9,"location":"DESA BELABORI","sourceRemark":"-","region":"sulawesi"},"geometry":{"type":"Polygon","coordinates":[[[119.59744,-5.15481],[119.59744,-5.16042],[119.60219,-5.16042],[119.60219,-5.16142],[119.60906,-5.16142],[119.60906,-5.16],[119.60733,-5.15945],[119.60547,-5.15636],[119.60478,-5.15636],[119.60478,-5.15481],[119.59744,-5.15481]]]}},{"type":"Feature","properties":{"inventoryId":"big-mining-wiup:967","sector":"Tambang","subtype":"WIUP","quality":"OFFICIAL","sourceDataset":"big-mining-wiup","sourceRecordId":"967","source":"BIG Kebijakan Satu Peta","sourceUrl":"https://kspservices.big.go.id/satupeta/rest/services/PUBLIK/PERIZINAN_DAN_PERTANAHAN/MapServer/4","retrievedAt":"2026-08-28T06:57:32Z","geometryProcessing":"web display simplification tolerance 0.00035 degrees","name":"GERBANG MULTI SEJAHTERA","issuer":"GUBERNUR","province":"SULAWESI TENGGARA","district":"KONAWE SELATAN","permitNumber":"582/DPM-PTSP/VII/2018","permitType":"PT","miningType":"IUP","commodity":"NIKEL DMP","status":"2","validFrom":"2018-07-30","validTo":"2028-07-30","areaHa":2301.62,"location":"DESA WIA-WIA KEC. LAONTI","sourceRemark":"-","region":"sulawesi"},"geometry":{"type":"Polygon","coordinates":[[[122.85742,-4.19867],[122.85742,-4.20419],[122.85953,-4.20419],[122.85953,-4.22239],[122.86336,-4.22239],[122.86336,-4.22894],[122.86828,-4.22894],[122.86828,-4.23656],[122.87319,-4.23656],[122.87319,-4.24367],[122.87922,-4.24367],[122.87922,-4.254],[122.89475,-4.254],[122.89475,-4.24986],[122.90267,-4.24986],[122.90267,-4.24528],[122.90767,-4.24528],[122.90767,-4.22906],[122.90433,-4.22906],[122.90433,-4.22489],[122.89811,-4.22489],[122.89811,-4.2154],[122.88748,-4.2154],[122.88748,-4.20453],[122.88503,-4.20453],[122.88503,-4.19986],[122.88104,-4.19986],[122.88104,-4.19311],[122.85742,-4.19311],[122.85742,-4.19867]]]}},{"type":"Feature","properties":{"inventoryId":"big-mining-wiup:2020","sector":"Tambang","subtype":"WIUP","quality":"OFFICIAL","sourceDataset":"big-mining-wiup","sourceRecordId":"2020","source":"BIG Kebijakan Satu Peta","sourceUrl":"https://kspservices.big.go.id/satupeta/rest/services/PUBLIK/PERIZINAN_DAN_PERTANAHAN/MapServer/4","retrievedAt":"2026-08-28T06:57:32Z","geometryProcessing":"web display simplification tolerance 0.00035 degrees","name":"GITA PERKASA MINERALINDO","issuer":"MENTERI","province":"SULAWESI TENGAH","district":"MOROWALI UTARA","permitNumber":"1799/1/IUP/PMDN/2021","permitType":"PT","miningType":"IUP","commodity":"BATU GUNUNG QUARRY BESAR","status":"2","validFrom":"2021-12-13","validTo":"2026-10-10","areaHa":160.0,"location":"MOROWALI UTARA","sourceRemark":"-","region":"sulawesi"},"geometry":{"type":"Polygon","coordinates":[[[121.4871,-2.02112],[121.4871,-2.0159],[121.48281,-2.0159],[121.48281,-2.01736],[121.47543,-2.01736],[121.47543,-2.02653],[121.48018,-2.02653],[121.48603,-2.02329],[121.48845,-2.02076],[121.49143,-2.02076],[121.49143,-2.0238],[121.49017,-2.0238],[121.49017,-2.02859],[121.4969,-2.02859],[121.4969,-2.03022],[121.49988,-2.03022],[121.49988,-2.02883],[121.49862,-2.02883],[121.49862,-2.02609],[121.49154,-2.02609],[121.49154,-2.02059],[121.48818,-2.02059],[121.4871,-2.02112]]]}},{"type":"Feature","properties":{"inventoryId":"big-mining-wiup:4422","sector":"Tambang","subtype":"WIUP","quality":"OFFICIAL","sourceDataset":"big-mining-wiup","sourceRecordId":"4422","source":"BIG Kebijakan Satu Peta","sourceUrl":"https://kspservices.big.go.id/satupeta/rest/services/PUBLIK/PERIZINAN_DAN_PERTANAHAN/MapServer/4","retrievedAt":"2026-08-28T06:57:32Z","geometryProcessing":"web display simplification tolerance 0.00035 degrees","name":"GLOBAL CITRA KONAWE UTARA","issuer":"GUBERNUR","province":"SULAWESI TENGGARA","district":"KONAWE UTARA","permitNumber":"1000/DPM-PTSP/XI/2018","permitType":"PT","miningType":"IUP","commodity":"BATU GAMPING","status":"2","validFrom":"2018-11-30","validTo":"2023-11-30","areaHa":71.32,"location":"DESA WAWOLURI DAN DESA KOKAPI, KECAMATAN MOTUI DAN KECAMATA SAWA","sourceRemark":"-","region":"sulawesi"},"geometry":{"type":"Polygon","coordinates":[[[122.43981,-3.78733],[122.43523,-3.78733],[122.43523,-3.78522],[122.43025,-3.78522],[122.43025,-3.78652],[122.42769,-3.78652],[122.42769,-3.78794],[122.4337,-3.78794],[122.4337,-3.79881],[122.43659,-3.79881],[122.43659,-3.79705],[122.43549,-3.79705],[122.43549,-3.79338],[122.43681,-3.79338],[122.43681,-3.79114],[122.43981,-3.79114],[122.43981,-3.78733]]]}},{"type":"Feature","properties":{"inventoryId":"big-mining-wiup:4369","sector":"Tambang","subtype":"WIUP","quality":"OFFICIAL","sourceDataset":"big-mining-wiup","sourceRecordId":"4369","source":"BIG Kebijakan Satu Peta","sourceUrl":"https://kspservices.big.go.id/satupeta/rest/services/PUBLIK/PERIZINAN_DAN_PERTANAHAN/MapServer/4","retrievedAt":"2026-08-28T06:57:32Z","geometryProcessing":"web display simplification tolerance 0.00035 degrees","name":"GOPALE SAKTI","issuer":"GUBERNUR","province":"SULAWESI TENGAH","district":"MOROWALI UTARA","permitNumber":"540/246/IUP-OP/DPMPTSP/2018","permitType":"CV","miningType":"IUP","commodity":"KERIKIL BERPASIR ALAMI (SIRTU)","status":"2","validFrom":"2018-04-03","validTo":"2023-04-03","areaHa":16.26,"location":"-","sourceRemark":"-","region":"sulawesi"},"geometry":{"type":"Polygon","coordinates":[[[121.33523,-2.12072],[121.33377,-2.12072],[121.32791,-2.12526],[121.32539,-2.12555],[121.32007,-2.13244],[121.31716,-2.13275],[121.31502,-2.13371],[121.31336,-2.13563],[121.31207,-2.13533],[121.31192,-2.13269],[121.30964,-2.13276],[121.30799,-2.1335],[121.30799,-2.13507],[121.30741,-2.13549],[121.30674,-2.13538],[121.30649,-2.13402],[121.30614,-2.13486],[121.30682,-2.13571],[121.30824,-2.13531],[121.30888,-2.13633],[121.30856,-2.13474],[121.31054,-2.13331],[121.31138,-2.13327],[121.31182,-2.13554],[121.31359,-2.13587],[121.31413,-2.13475],[121.31572,-2.13362],[121.32098,-2.13231],[121.32172,-2.1314],[121.32172,-2.13037],[121.32545,-2.12582],[121.32793,-2.12554],[121.33379,-2.12103],[121.33494,-2.12103],[121.336,-2.12178],[121.33523,-2.12072]],[[121.30888,-2.13403],[121.30856,-2.13359],[121.31064,-2.13286],[121.30888,-2.13403]]]}},{"type":"Feature","properties":{"inventoryId":"big-mining-wiup:77","sector":"Tambang","subtype":"WIUP","quality":"OFFICIAL","sourceDataset":"big-mining-wiup","sourceRecordId":"77","source":"BIG Kebijakan Satu Peta","sourceUrl":"https://kspservices.big.go.id/satupeta/rest/services/PUBLIK/PERIZINAN_DAN_PERTANAHAN/MapServer/4","retrievedAt":"2026-08-28T06:57:32Z","geometryProcessing":"web display simplification tolerance 0.00035 degrees","name":"GORONTALO MINERALS","issuer":"MENTERI","province":"GORONTALO","district":"BONEBOLANGO","permitNumber":"139.K/30/DJB/2019","permitType":"PT","miningType":"KK","commodity":"EMAS DMP","status":"2","validFrom":"2019-02-27","validTo":"2052-12-31","areaHa":24995.0,"location":"KAB. BONE BOLANGO","sourceRemark":"GEN VII","region":"sulawesi"},"geometry":{"type":"MultiPolygon","coordinates":[[[[123.27361,0.31537],[123.30384,0.31537],[123.30384,0.31218],[123.32717,0.31218],[123.32717,0.30689],[123.33907,0.30689],[123.33906,0.28452],[123.36207,0.28452],[123.36207,0.31035],[123.38695,0.31035],[123.38695,0.33747],[123.37738,0.33747],[123.37738,0.3593],[123.37996,0.3593],[123.37996,0.36758],[123.38543,0.36758],[123.38543,0.38022],[123.37996,0.38022],[123.37996,0.40416],[123.38495,0.40416],[123.38496,0.42111],[123.38927,0.42111],[123.38928,0.43619],[123.38206,0.43619],[123.38206,0.44523],[123.38362,0.44523],[123.38362,0.46667],[123.28333,0.46667],[123.28333,0.345],[123.27361,0.345],[123.27361,0.31537]]],[[[123.24778,0.45],[123.26333,0.45],[123.26333,0.46667],[123.25,0.46667],[123.25,0.49083],[123.19433,0.49083],[123.19433,0.47607],[123.17564,0.47607],[123.17563,0.45269],[123.15428,0.45269],[123.15428,0.42951],[123.14611,0.42951],[123.14611,0.41417],[123.18439,0.41417],[123.18439,0.44298],[123.19278,0.44298],[123.19278,0.46667],[123.22306,0.46667],[123.22306,0.45],[123.24778,0.45]]]]}},{"type":"Feature","properties":{"inventoryId":"big-mining-wiup:509","sector":"Tambang","subtype":"WIUP","quality":"OFFICIAL","sourceDataset":"big-mining-wiup","sourceRecordId":"509","source":"BIG Kebijakan Satu Peta","sourceUrl":"https://kspservices.big.go.id/satupeta/rest/services/PUBLIK/PERIZINAN_DAN_PERTANAHAN/MapServer/4","retrievedAt":"2026-08-28T06:57:32Z","geometryProcessing":"web display simplification tolerance 0.00035 degrees","name":"GORONTALO SEJAHTERA MINING","issuer":"MENTERI","province":"SULAWESI TENGAH, GORONTALO, SULAWESI UTARA","district":"BUOL,POHUWATU,GORONTALO,BOLANGMONGONDOW UTARA","permitNumber":"457.K/30/DJB/2017","permitType":"PT","miningType":"KK","commodity":"EMAS","status":"2","validFrom":"2017-12-13","validTo":"2049-12-01","areaHa":14570.0,"location":"BUOLOHUWATO, GORONTALO","sourceRemark":"GEN V","region":"sulawesi"},"geometry":{"type":"MultiPolygon","coordinates":[[[[121.96611,0.54919],[121.97247,0.54919],[121.97246,0.54614],[122.01528,0.54611],[122.01528,0.55],[122.08333,0.55],[122.08333,0.6],[121.96611,0.6],[121.96611,0.54919]],[[122.00229,0.55531],[121.99328,0.55531],[121.99328,0.56385],[122.0023,0.56385],[122.00229,0.55531]]],[[[121.75,0.93333],[121.81667,0.93333],[121.81667,0.98333],[121.75,0.98333],[121.75,0.93333]]],[[[123.3,0.76667],[123.3,0.73333],[123.35,0.73333],[123.35,0.75],[123.36667,0.75],[123.36667,0.78333],[123.33333,0.78333],[123.33333,0.76667],[123.3,0.76667]]]]}},{"type":"Feature","properties":{"inventoryId":"big-mining-wiup:4182","sector":"Tambang","subtype":"WIUP","quality":"OFFICIAL","sourceDataset":"big-mining-wiup","sourceRecordId":"4182","source":"BIG Kebijakan Satu Peta","sourceUrl":"https://kspservices.big.go.id/satupeta/rest/services/PUBLIK/PERIZINAN_DAN_PERTANAHAN/MapServer/4","retrievedAt":"2026-08-28T06:57:32Z","geometryProcessing":"web display simplification tolerance 0.00035 degrees","name":"GRAHA BATU PERDANA","issuer":"MENTERI","province":"SULAWESI TENGAH","district":"MOROWALI","permitNumber":"1267/1/IUP/PMDN/2021","permitType":"PT","miningType":"IUP","commodity":"BATU GAMPING","status":"1","validFrom":"2021-10-26","validTo":"2024-10-26","areaHa":122.36,"location":"DESA TORETE DAN DESA LAFEU, BUNGKU PESISIR , KAB. MOROWALI , PORVINSI SULAWESI TENGAH","sourceRemark":"-","region":"sulawesi"},"geometry":{"type":"Polygon","coordinates":[[[122.24167,-3.00131],[122.24167,-3.00724],[122.24455,-3.00724],[122.24455,-3.00902],[122.2459,-3.00902],[122.2459,-3.0101],[122.25036,-3.0101],[122.25036,-3.00968],[122.25155,-3.00937],[122.25439,-3.00937],[122.25439,-3.00131],[122.24167,-3.00131]]]}},{"type":"Feature","properties":{"inventoryId":"big-mining-wiup:3263","sector":"Tambang","subtype":"WIUP","quality":"OFFICIAL","sourceDataset":"big-mining-wiup","sourceRecordId":"3263","source":"BIG Kebijakan Satu Peta","sourceUrl":"https://kspservices.big.go.id/satupeta/rest/services/PUBLIK/PERIZINAN_DAN_PERTANAHAN/MapServer/4","retrievedAt":"2026-08-28T06:57:32Z","geometryProcessing":"web display simplification tolerance 0.00035 degrees","name":"GRAHA MINING UTAMA","issuer":"BUPATI","province":"SULAWESI TENGAH","district":"MOROWALI","permitNumber":"540.3/SK.004/DESDM/I/2012","permitType":"PT","miningType":"IUP","commodity":"NIKEL","status":"2","validFrom":"2012-01-12","validTo":"2032-01-12","areaHa":624.53,"location":"LALAMPU, BAHODOPI","sourceRemark":"-","region":"sulawesi"},"geometry":{"type":"Polygon","coordinates":[[[122.08917,-2.79219],[122.08917,-2.81617],[122.09611,-2.81617],[122.09611,-2.82375],[122.10286,-2.82375],[122.10286,-2.82242],[122.10617,-2.82242],[122.10617,-2.82044],[122.11014,-2.82044],[122.11014,-2.81792],[122.11361,-2.81792],[122.11361,-2.81561],[122.11653,-2.81561],[122.11653,-2.81317],[122.12019,-2.81317],[122.12019,-2.83322],[122.12736,-2.83322],[122.12736,-2.81128],[122.09528,-2.81128],[122.09528,-2.79219],[122.08917,-2.79219]]]}},{"type":"Feature","properties":{"inventoryId":"big-mining-wiup:3376","sector":"Tambang","subtype":"WIUP","quality":"OFFICIAL","sourceDataset":"big-mining-wiup","sourceRecordId":"3376","source":"BIG Kebijakan Satu Peta","sourceUrl":"https://kspservices.big.go.id/satupeta/rest/services/PUBLIK/PERIZINAN_DAN_PERTANAHAN/MapServer/4","retrievedAt":"2026-08-28T06:57:32Z","geometryProcessing":"web display simplification tolerance 0.00035 degrees","name":"GRAHA MINING UTAMA","issuer":"MENTERI","province":"SULAWESI TENGAH","district":"MOROWALI","permitNumber":"252/1/IUP/PMDN/2022","permitType":"PT","miningType":"IUP","commodity":"NIKEL","status":"2","validFrom":"2022-02-02","validTo":"2032-02-06","areaHa":1102.0,"location":"KECAMATAN BAHODOPI, KABUPATEN MOROWALI","sourceRemark":"-","region":"sulawesi"},"geometry":{"type":"Polygon","coordinates":[[[122.029,-2.77286],[122.029,-2.77667],[122.0322,-2.77667],[122.0322,-2.78172],[122.04297,-2.78172],[122.04297,-2.76861],[122.052,-2.76861],[122.052,-2.80353],[122.06722,-2.80353],[122.06722,-2.79808],[122.07047,-2.79808],[122.07047,-2.79464],[122.07225,-2.79464],[122.07225,-2.79206],[122.07422,-2.79206],[122.07422,-2.78775],[122.06742,-2.78775],[122.06742,-2.76778],[122.06458,-2.76778],[122.06458,-2.76397],[122.03331,-2.76397],[122.03331,-2.76772],[122.03139,-2.76772],[122.03139,-2.77286],[122.029,-2.77286]]]}},{"type":"Feature","properties":{"inventoryId":"big-mining-wiup:4607","sector":"Tambang","subtype":"WIUP","quality":"OFFICIAL","sourceDataset":"big-mining-wiup","sourceRecordId":"4607","source":"BIG Kebijakan Satu Peta","sourceUrl":"https://kspservices.big.go.id/satupeta/rest/services/PUBLIK/PERIZINAN_DAN_PERTANAHAN/MapServer/4","retrievedAt":"2026-08-28T06:57:32Z","geometryProcessing":"web display simplification tolerance 0.00035 degrees","name":"H. AMIR BANDU","issuer":"GUBERNUR","province":"SULAWESI SELATAN","district":"BONE","permitNumber":"72/I.02/PTSP/2020","permitType":"SDR","miningType":"IUP","commodity":"TANAH URUG","status":"1","validFrom":"2020-12-01","validTo":"2022-11-30","areaHa":11.88,"location":"DESA URENG / PADAIDI, KEC. PALLAKKA / TELLU SIATTINGE KAB. BONE SUL SEL","sourceRemark":"-","region":"sulawesi"},"geometry":{"type":"Polygon","coordinates":[[[120.21195,-4.50674],[120.21436,-4.50735],[120.21517,-4.50677],[120.21517,-4.50457],[120.21418,-4.50401],[120.21195,-4.50401],[120.21195,-4.50674]]]}},{"type":"Feature","properties":{"inventoryId":"big-mining-wiup:2324","sector":"Tambang","subtype":"WIUP","quality":"OFFICIAL","sourceDataset":"big-mining-wiup","sourceRecordId":"2324","source":"BIG Kebijakan Satu Peta","sourceUrl":"https://kspservices.big.go.id/satupeta/rest/services/PUBLIK/PERIZINAN_DAN_PERTANAHAN/MapServer/4","retrievedAt":"2026-08-28T06:57:32Z","geometryProcessing":"web display simplification tolerance 0.00035 degrees","name":"H. HUSNI JAFA","issuer":"GUBERNUR","province":"SULAWESI SELATAN","district":"ENREKANG","permitNumber":"89/I.03/PTSP/2019","permitType":"SDR","miningType":"IUP","commodity":"SIRTU","status":"2","validFrom":"2019-09-26","validTo":"2024-09-25","areaHa":5.01,"location":"DESA CENDANA KEC. CENDANA KAB. ENREKANG","sourceRemark":"-","region":"sulawesi"},"geometry":{"type":"Polygon","coordinates":[[[119.77755,-3.63445],[119.77529,-3.63445],[119.77529,-3.63625],[119.77755,-3.63625],[119.77755,-3.63445]]]}},{"type":"Feature","properties":{"inventoryId":"big-mining-wiup:2204","sector":"Tambang","subtype":"WIUP","quality":"OFFICIAL","sourceDataset":"big-mining-wiup","sourceRecordId":"2204","source":"BIG Kebijakan Satu Peta","sourceUrl":"https://kspservices.big.go.id/satupeta/rest/services/PUBLIK/PERIZINAN_DAN_PERTANAHAN/MapServer/4","retrievedAt":"2026-08-28T06:57:32Z","geometryProcessing":"web display simplification tolerance 0.00035 degrees","name":"H. M. LWI DG. MAKKELO, SE","issuer":"GUBERNUR","province":"SULAWESI SELATAN","district":"BONE","permitNumber":"96/I.03/PTSP/2019","permitType":"SDR","miningType":"IUP","commodity":"BATU GAMPING","status":"2","validFrom":"2019-11-21","validTo":"2024-11-21","areaHa":5.14,"location":"DESA LEMOAPE, KEC. PALAKA","sourceRemark":"-","region":"sulawesi"},"geometry":{"type":"Polygon","coordinates":[[[120.24321,-4.55641],[120.24387,-4.55672],[120.24411,-4.55418],[120.24186,-4.55418],[120.24186,-4.55558],[120.24321,-4.55641]]]}},{"type":"Feature","properties":{"inventoryId":"big-mining-wiup:2731","sector":"Tambang","subtype":"WIUP","quality":"OFFICIAL","sourceDataset":"big-mining-wiup","sourceRecordId":"2731","source":"BIG Kebijakan Satu Peta","sourceUrl":"https://kspservices.big.go.id/satupeta/rest/services/PUBLIK/PERIZINAN_DAN_PERTANAHAN/MapServer/4","retrievedAt":"2026-08-28T06:57:32Z","geometryProcessing":"web display simplification tolerance 0.00035 degrees","name":"H. M. SUNUSI DG NABA","issuer":"GUBERNUR","province":"SULAWESI SELATAN","district":"JENEPONTO","permitNumber":"70/I.03/PTSP/2019","permitType":"SDR","miningType":"IUP","commodity":"TANAH URUG","status":"2","validFrom":"2019-07-11","validTo":"2024-07-11","areaHa":5.06,"location":"DUSUN UJUNG MONCONG, DESA BANRIMANURUNG, KEC. BANGKALA BARAT KAB. JENEPONTO","sourceRemark":"-","region":"sulawesi"},"geometry":{"type":"Polygon","coordinates":[[[119.53056,-5.55417],[119.53111,-5.55583],[119.53306,-5.55611],[119.53306,-5.55417],[119.53056,-5.55417]]]}},{"type":"Feature","properties":{"inventoryId":"big-mining-wiup:2729","sector":"Tambang","subtype":"WIUP","quality":"OFFICIAL","sourceDataset":"big-mining-wiup","sourceRecordId":"2729","source":"BIG Kebijakan Satu Peta","sourceUrl":"https://kspservices.big.go.id/satupeta/rest/services/PUBLIK/PERIZINAN_DAN_PERTANAHAN/MapServer/4","retrievedAt":"2026-08-28T06:57:32Z","geometryProcessing":"web display simplification tolerance 0.00035 degrees","name":"H. MUHAJJI","issuer":"GUBERNUR","province":"SULAWESI SELATAN","district":"MAROS","permitNumber":"17/I.03a/PTSP/2019","permitType":"SDR","miningType":"IUP","commodity":"BATU GAMPING","status":"2","validFrom":"2019-10-24","validTo":"2022-10-24","areaHa":3.96,"location":"DESA TOMPOULU, KEC. TOMPOBULU, KAB. MAROS","sourceRemark":"-","region":"sulawesi"},"geometry":{"type":"Polygon","coordinates":[[[119.65753,-5.08002],[119.65893,-5.08182],[119.65972,-5.08179],[119.66023,-5.08096],[119.65786,-5.07933],[119.65753,-5.08002]]]}},{"type":"Feature","properties":{"inventoryId":"big-mining-wiup:1161","sector":"Tambang","subtype":"WIUP","quality":"OFFICIAL","sourceDataset":"big-mining-wiup","sourceRecordId":"1161","source":"BIG Kebijakan Satu Peta","sourceUrl":"https://kspservices.big.go.id/satupeta/rest/services/PUBLIK/PERIZINAN_DAN_PERTANAHAN/MapServer/4","retrievedAt":"2026-08-28T06:57:32Z","geometryProcessing":"web display simplification tolerance 0.00035 degrees","name":"HAJI LALA","issuer":"GUBERNUR","province":"SULAWESI SELATAN","district":"BARRU","permitNumber":"158/I.03/PTSP/2019","permitType":"CV","miningType":"IUP","commodity":"TRASS","status":"2","validFrom":"2018-10-29","validTo":"2023-10-29","areaHa":12.87,"location":"DESA KUPA KEC ,ALLUSETASI","sourceRemark":"-","region":"sulawesi"},"geometry":{"type":"Polygon","coordinates":[[[119.62302,-4.10864],[119.62356,-4.1128],[119.62569,-4.11384],[119.62675,-4.11515],[119.62675,-4.11297],[119.625,-4.11297],[119.625,-4.10864],[119.62302,-4.10864]]]}},{"type":"Feature","properties":{"inventoryId":"big-mining-wiup:485","sector":"Tambang","subtype":"WIUP","quality":"OFFICIAL","sourceDataset":"big-mining-wiup","sourceRecordId":"485","source":"BIG Kebijakan Satu Peta","sourceUrl":"https://kspservices.big.go.id/satupeta/rest/services/PUBLIK/PERIZINAN_DAN_PERTANAHAN/MapServer/4","retrievedAt":"2026-08-28T06:57:32Z","geometryProcessing":"web display simplification tolerance 0.00035 degrees","name":"HAKIAN WELLEM RUMANSI","issuer":"GUBERNUR","province":"SULAWESI UTARA","district":"MINAHASA TENGGARA","permitNumber":"302 TAHUN 2015","permitType":"PT","miningType":"IUP","commodity":"EMAS","status":"2","validFrom":"2015-11-30","validTo":"2025-11-29","areaHa":100.0,"location":"DESA RATATOTOK SATU, KEC. RATATOTOK, KAB. MINAHASA TENGGARA","sourceRemark":"-","region":"sulawesi"},"geometry":{"type":"Polygon","coordinates":[[[124.67619,0.9077],[124.67619,0.9036],[124.6842,0.9036],[124.6842,0.9094],[124.6854,0.9094],[124.6854,0.9161],[124.67878,0.9161],[124.67878,0.9135],[124.67989,0.9135],[124.67989,0.9084],[124.678,0.9084],[124.678,0.9077],[124.67619,0.9077]]]}},{"type":"Feature","properties":{"inventoryId":"big-mining-wiup:3836","sector":"Tambang","subtype":"WIUP","quality":"OFFICIAL","sourceDataset":"big-mining-wiup","sourceRecordId":"3836","source":"BIG Kebijakan Satu Peta","sourceUrl":"https://kspservices.big.go.id/satupeta/rest/services/PUBLIK/PERIZINAN_DAN_PERTANAHAN/MapServer/4","retrievedAt":"2026-08-28T06:57:32Z","geometryProcessing":"web display simplification tolerance 0.00035 degrees","name":"HALMAHERA INTERNATIONAL RESOURCES","issuer":"BUPATI","province":"SULAWESI TENGAH","district":"MOROWALI UTARA","permitNumber":"540.3/SK.035/DESDM/X/2012","permitType":"PT","miningType":"IUP","commodity":"NIKEL DMP","status":"2","validFrom":"2012-10-22","validTo":"2032-10-22","areaHa":750.0,"location":"PETASIA GANDA-GANDA","sourceRemark":"-","region":"sulawesi"},"geometry":{"type":"Polygon","coordinates":[[[121.27134,-1.9035],[121.27134,-1.92162],[121.30063,-1.92162],[121.30063,-1.91541],[121.30287,-1.91541],[121.30287,-1.91114],[121.30713,-1.91114],[121.30713,-1.90745],[121.31213,-1.90745],[121.31213,-1.9035],[121.27134,-1.9035]]]}},{"type":"Feature","properties":{"inventoryId":"big-mining-wiup:3487","sector":"Tambang","subtype":"WIUP","quality":"OFFICIAL","sourceDataset":"big-mining-wiup","sourceRecordId":"3487","source":"BIG Kebijakan Satu Peta","sourceUrl":"https://kspservices.big.go.id/satupeta/rest/services/PUBLIK/PERIZINAN_DAN_PERTANAHAN/MapServer/4","retrievedAt":"2026-08-28T06:57:32Z","geometryProcessing":"web display simplification tolerance 0.00035 degrees","name":"HANADA LUCKY STONE","issuer":"GUBERNUR","province":"SULAWESI TENGAH","district":"DONGGALA","permitNumber":"540/335/IUP-OP/DPMPTSP/2020","permitType":"PT","miningType":"IUP","commodity":"KERIKIL BERPASIR ALAMI (SIRTU)","status":"2","validFrom":"2020-07-08","validTo":"2025-07-08","areaHa":42.3,"location":"-","sourceRemark":"-","region":"sulawesi"},"geometry":{"type":"Polygon","coordinates":[[[119.7121,-0.13641],[119.71923,-0.13641],[119.71923,-0.1454],[119.72183,-0.1454],[119.72183,-0.14487],[119.72427,-0.14426],[119.72427,-0.14207],[119.72269,-0.14207],[119.72269,-0.14278],[119.72015,-0.14278],[119.72015,-0.13656],[119.71934,-0.1353],[119.71679,-0.13503],[119.71679,-0.1337],[119.7121,-0.1337],[119.7121,-0.13641]]]}},{"type":"Feature","properties":{"inventoryId":"big-mining-wiup:2726","sector":"Tambang","subtype":"WIUP","quality":"OFFICIAL","sourceDataset":"big-mining-wiup","sourceRecordId":"2726","source":"BIG Kebijakan Satu Peta","sourceUrl":"https://kspservices.big.go.id/satupeta/rest/services/PUBLIK/PERIZINAN_DAN_PERTANAHAN/MapServer/4","retrievedAt":"2026-08-28T06:57:32Z","geometryProcessing":"web display simplification tolerance 0.00035 degrees","name":"HARIYANTO","issuer":"GUBERNUR","province":"SULAWESI SELATAN","district":"WAJO","permitNumber":"74/I.03/PTSP/2019","permitType":"SDR","miningType":"IUP","commodity":"PASIR","status":"2","validFrom":"2019-07-25","validTo":"2024-07-25","areaHa":4.46,"location":"DESA PASAKA, KEC. SABBANGPARU, KAB. WAJO","sourceRemark":"-","region":"sulawesi"},"geometry":{"type":"Polygon","coordinates":[[[120.01662,-4.15797],[120.01179,-4.15779],[120.01324,-4.15878],[120.01662,-4.15878],[120.01662,-4.15797]]]}},{"type":"Feature","properties":{"inventoryId":"big-mining-wiup:2289","sector":"Tambang","subtype":"WIUP","quality":"OFFICIAL","sourceDataset":"big-mining-wiup","sourceRecordId":"2289","source":"BIG Kebijakan Satu Peta","sourceUrl":"https://kspservices.big.go.id/satupeta/rest/services/PUBLIK/PERIZINAN_DAN_PERTANAHAN/MapServer/4","retrievedAt":"2026-08-28T06:57:32Z","geometryProcessing":"web display simplification tolerance 0.00035 degrees","name":"HASBULLAH IBRAHIM","issuer":"GUBERNUR","province":"SULAWESI SELATAN","district":"TAKALAR","permitNumber":"112/I.03/PTSP/2019","permitType":"SDR","miningType":"IUP","commodity":"BATU GUNUNG","status":"2","validFrom":"2019-12-31","validTo":"2024-12-31","areaHa":14.88,"location":"DESA TOWATA KECAMATAN POLONGBANGKENG UTARA","sourceRemark":"-","region":"sulawesi"},"geometry":{"type":"Polygon","coordinates":[[[119.53694,-5.31708],[119.53753,-5.31708],[119.53753,-5.31611],[119.53889,-5.31564],[119.53889,-5.31503],[119.54061,-5.31503],[119.54061,-5.31431],[119.54144,-5.314],[119.53992,-5.31122],[119.53894,-5.31122],[119.53839,-5.31342],[119.53767,-5.31342],[119.53767,-5.31464],[119.53694,-5.31464],[119.53694,-5.31708]]]}},{"type":"Feature","properties":{"inventoryId":"big-mining-wiup:4426","sector":"Tambang","subtype":"WIUP","quality":"OFFICIAL","sourceDataset":"big-mining-wiup","sourceRecordId":"4426","source":"BIG Kebijakan Satu Peta","sourceUrl":"https://kspservices.big.go.id/satupeta/rest/services/PUBLIK/PERIZINAN_DAN_PERTANAHAN/MapServer/4","retrievedAt":"2026-08-28T06:57:32Z","geometryProcessing":"web display simplification tolerance 0.00035 degrees","name":"HASNAH","issuer":"GUBERNUR","province":"SULAWESI SELATAN","district":"SINJAI","permitNumber":"36/1.03/PTSP/2018","permitType":"SDR","miningType":"IUP","commodity":"BATU KALI","status":"2","validFrom":"2018-04-04","validTo":"2023-04-03","areaHa":6.5,"location":"DESA MASALLE DAN ASKA KECAMATAN TELLULIMPOE DAN SINJAI SELATAN KABUPATEN SINJAI","sourceRemark":"-","region":"sulawesi"},"geometry":{"type":"Polygon","coordinates":[[[120.22408,-5.22826],[120.22293,-5.22668],[120.22156,-5.22644],[120.22017,-5.22904],[120.2184,-5.23096],[120.21728,-5.23102],[120.21728,-5.23039],[120.21847,-5.22963],[120.21836,-5.22895],[120.21728,-5.22895],[120.21693,-5.23098],[120.21847,-5.23135],[120.22039,-5.22926],[120.22136,-5.22711],[120.22282,-5.22718],[120.22408,-5.22826]]]}},{"type":"Feature","properties":{"inventoryId":"big-mining-wiup:319","sector":"Tambang","subtype":"WIUP","quality":"OFFICIAL","sourceDataset":"big-mining-wiup","sourceRecordId":"319","source":"BIG Kebijakan Satu Peta","sourceUrl":"https://kspservices.big.go.id/satupeta/rest/services/PUBLIK/PERIZINAN_DAN_PERTANAHAN/MapServer/4","retrievedAt":"2026-08-28T06:57:32Z","geometryProcessing":"web display simplification tolerance 0.00035 degrees","name":"HENGJAYA MINERALINDO","issuer":"GUBERNUR","province":"SULAWESI TENGAH","district":"MOROWALI","permitNumber":"540/345/IUP-OP-PENCIUTAN/DPMPTSP/2020","permitType":"PT","miningType":"IUP","commodity":"NIKEL DMP","status":"2","validFrom":"2020-07-10","validTo":"2031-05-26","areaHa":5983.0,"location":"DESA PADABAHO, BETE-BETE, PU'UNGKEU, TANGOFA, KEC. BAHODOPI & BUNGKU SELATAN","sourceRemark":"-","region":"sulawesi"},"geometry":{"type":"Polygon","coordinates":[[[122.2176,-2.97506],[122.22103,-2.97506],[122.22103,-2.96799],[122.23008,-2.96799],[122.23008,-2.96996],[122.24396,-2.96996],[122.24396,-2.97187],[122.24839,-2.97187],[122.24839,-2.97384],[122.25089,-2.97384],[122.25089,-2.97948],[122.26175,-2.97948],[122.26175,-2.97067],[122.28378,-2.97067],[122.28378,-2.9631],[122.27061,-2.9631],[122.27061,-2.95633],[122.29743,-2.95633],[122.29743,-2.95483],[122.29965,-2.95483],[122.29972,-2.94965],[122.27957,-2.94965],[122.27957,-2.94243],[122.28639,-2.94243],[122.28639,-2.94022],[122.28781,-2.94022],[122.28781,-2.92977],[122.28422,-2.92977],[122.28422,-2.92667],[122.27864,-2.92667],[122.27864,-2.92543],[122.26587,-2.92543],[122.26587,-2.92366],[122.23347,-2.92366],[122.23347,-2.91662],[122.19344,-2.91662],[122.19344,-2.9237],[122.21201,-2.9237],[122.21201,-2.92933],[122.19166,-2.92933],[122.19166,-2.91662],[122.16586,-2.91662],[122.16586,-2.94106],[122.18364,-2.94106],[122.18364,-2.94951],[122.19973,-2.94951],[122.19973,-2.95726],[122.2176,-2.95726],[122.2176,-2.97506]]]}},{"type":"Feature","properties":{"inventoryId":"big-mining-wiup:4417","sector":"Tambang","subtype":"WIUP","quality":"OFFICIAL","sourceDataset":"big-mining-wiup","sourceRecordId":"4417","source":"BIG Kebijakan Satu Peta","sourceUrl":"https://kspservices.big.go.id/satupeta/rest/services/PUBLIK/PERIZINAN_DAN_PERTANAHAN/MapServer/4","retrievedAt":"2026-08-28T06:57:32Z","geometryProcessing":"web display simplification tolerance 0.00035 degrees","name":"HERBINDO LIFE SANOBAR","issuer":"BUPATI","province":"SULAWESI TENGAH","district":"MOROWALI","permitNumber":"540.3/SK.063/DESDM/X/2012","permitType":"PT","miningType":"IUP","commodity":"NIKEL","status":"2","validFrom":"2012-10-29","validTo":"2032-10-29","areaHa":1838.0,"location":"KECAMATAN LEMBO","sourceRemark":"-","region":"sulawesi"},"geometry":{"type":"Polygon","coordinates":[[[121.41558,-2.38714],[121.41558,-2.37818],[121.425,-2.37818],[121.425,-2.35124],[121.38924,-2.35124],[121.38924,-2.39832],[121.41558,-2.39832],[121.41558,-2.38714]]]}},{"type":"Feature","properties":{"inventoryId":"big-mining-wiup:4428","sector":"Tambang","subtype":"WIUP","quality":"OFFICIAL","sourceDataset":"big-mining-wiup","sourceRecordId":"4428","source":"BIG Kebijakan Satu Peta","sourceUrl":"https://kspservices.big.go.id/satupeta/rest/services/PUBLIK/PERIZINAN_DAN_PERTANAHAN/MapServer/4","retrievedAt":"2026-08-28T06:57:32Z","geometryProcessing":"web display simplification tolerance 0.00035 degrees","name":"HERMAN","issuer":"GUBERNUR","province":"SULAWESI SELATAN","district":"BONE","permitNumber":"139/I.03/PTSP/2018","permitType":"SDR","miningType":"IUP","commodity":"BATU GUNUNG QUARRY BESAR","status":"2","validFrom":"2018-09-07","validTo":"2023-09-06","areaHa":5.03,"location":"DESA NUSA KEC. KAHU KAB. BONE PROV. SULAWESI SELATAN","sourceRemark":"-","region":"sulawesi"},"geometry":{"type":"Polygon","coordinates":[[[120.17089,-5.02231],[120.17231,-5.02132],[120.17217,-5.01992],[120.17032,-5.01978],[120.1702,-5.02119],[120.17089,-5.02231]]]}},{"type":"Feature","properties":{"inventoryId":"big-mining-wiup:1163","sector":"Tambang","subtype":"WIUP","quality":"OFFICIAL","sourceDataset":"big-mining-wiup","sourceRecordId":"1163","source":"BIG Kebijakan Satu Peta","sourceUrl":"https://kspservices.big.go.id/satupeta/rest/services/PUBLIK/PERIZINAN_DAN_PERTANAHAN/MapServer/4","retrievedAt":"2026-08-28T06:57:32Z","geometryProcessing":"web display simplification tolerance 0.00035 degrees","name":"HERMANTO","issuer":"GUBERNUR","province":"SULAWESI SELATAN","district":"LUWU UTARA","permitNumber":"153/I.03/PTSP/2018","permitType":"SDR","miningType":"IUP","commodity":"TANAH URUG","status":"2","validFrom":"2018-10-25","validTo":"2023-10-25","areaHa":8.36,"location":"KEL BONE TUA KEC MASAMBA","sourceRemark":"-","region":"sulawesi"},"geometry":{"type":"Polygon","coordinates":[[[120.34206,-2.53983],[120.34094,-2.54103],[120.34128,-2.54375],[120.34056,-2.54494],[120.34192,-2.54528],[120.34192,-2.54628],[120.34264,-2.54628],[120.34206,-2.54131],[120.3425,-2.54131],[120.34278,-2.53983],[120.34206,-2.53983]]]}},{"type":"Feature","properties":{"inventoryId":"big-mining-wiup:4371","sector":"Tambang","subtype":"WIUP","quality":"OFFICIAL","sourceDataset":"big-mining-wiup","sourceRecordId":"4371","source":"BIG Kebijakan Satu Peta","sourceUrl":"https://kspservices.big.go.id/satupeta/rest/services/PUBLIK/PERIZINAN_DAN_PERTANAHAN/MapServer/4","retrievedAt":"2026-08-28T06:57:32Z","geometryProcessing":"web display simplification tolerance 0.00035 degrees","name":"HIKARI JEINDO","issuer":"BUPATI","province":"SULAWESI TENGGARA","district":"KONAWE UTARA","permitNumber":"576 TAHUN 2013","permitType":"PT","miningType":"IUP","commodity":"NIKEL","status":"2","validFrom":"2013-12-30","validTo":"2033-12-30","areaHa":177.7,"location":"LANGGIKIMA","sourceRemark":"-","region":"sulawesi"},"geometry":{"type":"Polygon","coordinates":[[[122.23817,-3.29859],[122.23817,-3.29422],[122.24943,-3.29422],[122.24943,-3.28731],[122.23231,-3.28731],[122.23231,-3.29859],[122.23817,-3.29859]]]}},{"type":"Feature","properties":{"inventoryId":"big-mining-wiup:3532","sector":"Tambang","subtype":"WIUP","quality":"OFFICIAL","sourceDataset":"big-mining-wiup","sourceRecordId":"3532","source":"BIG Kebijakan Satu Peta","sourceUrl":"https://kspservices.big.go.id/satupeta/rest/services/PUBLIK/PERIZINAN_DAN_PERTANAHAN/MapServer/4","retrievedAt":"2026-08-28T06:57:32Z","geometryProcessing":"web display simplification tolerance 0.00035 degrees","name":"HIKMAH RIANA MANDIRI","issuer":"GUBERNUR","province":"SULAWESI TENGGARA","district":"KONAWE UTARA","permitNumber":"678/DPMPTSP/XI/2020","permitType":"PT","miningType":"IUP","commodity":"BATU GAMPING","status":"2","validFrom":"2020-11-04","validTo":"2025-11-04","areaHa":49.59,"location":"DESA ANDEO, KECAMATAN LASOLO, KABUPATEN KONAWE UTARA, PROVINSI SULAWESI TENGGARA","sourceRemark":"-","region":"sulawesi"},"geometry":{"type":"Polygon","coordinates":[[[122.24739,-3.70168],[122.24739,-3.70872],[122.24833,-3.70864],[122.24833,-3.70798],[122.25008,-3.70792],[122.25008,-3.70725],[122.25539,-3.70725],[122.25539,-3.70678],[122.25618,-3.70678],[122.25618,-3.70384],[122.25315,-3.70384],[122.25315,-3.70463],[122.25168,-3.70463],[122.25168,-3.70168],[122.24739,-3.70168]]]}},{"type":"Feature","properties":{"inventoryId":"big-mining-wiup:3537","sector":"Tambang","subtype":"WIUP","quality":"OFFICIAL","sourceDataset":"big-mining-wiup","sourceRecordId":"3537","source":"BIG Kebijakan Satu Peta","sourceUrl":"https://kspservices.big.go.id/satupeta/rest/services/PUBLIK/PERIZINAN_DAN_PERTANAHAN/MapServer/4","retrievedAt":"2026-08-28T06:57:32Z","geometryProcessing":"web display simplification tolerance 0.00035 degrees","name":"HJ.HALIJAH DG.PAJJA","issuer":"GUBERNUR","province":"SULAWESI SELATAN","district":"GOWA","permitNumber":"36/I.03.P/P2T/06/2017","permitType":"SDR","miningType":"IUP","commodity":"KERIKIL BERPASIR ALAMI (SIRTU)","status":"2","validFrom":"2017-06-09","validTo":"2022-06-08","areaHa":10.87,"location":"DUSUN BONTOJAI, DESA BORISALLO, KEC. PARANGLOE KAB. GOWA PROVINSI SULAWESI SELATAN","sourceRemark":"-","region":"sulawesi"},"geometry":{"type":"Polygon","coordinates":[[[119.6817,-5.26388],[119.68111,-5.26388],[119.68111,-5.25867],[119.679,-5.25867],[119.679,-5.26023],[119.68088,-5.26023],[119.68088,-5.26325],[119.67815,-5.26325],[119.67787,-5.26422],[119.67855,-5.26422],[119.67855,-5.26472],[119.6817,-5.26472],[119.6817,-5.26388]]]}},{"type":"Feature","properties":{"inventoryId":"big-mining-wiup:3756","sector":"Tambang","subtype":"WIUP","quality":"OFFICIAL","sourceDataset":"big-mining-wiup","sourceRecordId":"3756","source":"BIG Kebijakan Satu Peta","sourceUrl":"https://kspservices.big.go.id/satupeta/rest/services/PUBLIK/PERIZINAN_DAN_PERTANAHAN/MapServer/4","retrievedAt":"2026-08-28T06:57:32Z","geometryProcessing":"web display simplification tolerance 0.00035 degrees","name":"HOFFMEN ENERGI PERKASA","issuer":"MENTERI","province":"SULAWESI TENGGARA","district":"KONAWE SELATAN","permitNumber":"1620/I/IUP/PMDN/2021","permitType":"PT","miningType":"IUP","commodity":"BATU GAMPING","status":"1","validFrom":"2021-11-30","validTo":"2024-11-30","areaHa":98.0,"location":"MORAMO UTARA","sourceRemark":"-","region":"sulawesi"},"geometry":{"type":"Polygon","coordinates":[[[122.61629,-4.13119],[122.61629,-4.13996],[122.62157,-4.13996],[122.62182,-4.13715],[122.62226,-4.13715],[122.62226,-4.13612],[122.62292,-4.13612],[122.62292,-4.13508],[122.62332,-4.13508],[122.62366,-4.1304],[122.62432,-4.1304],[122.62474,-4.12933],[122.62573,-4.12901],[122.62592,-4.12825],[122.62714,-4.12825],[122.62714,-4.1278],[122.61933,-4.1278],[122.61933,-4.13119],[122.61629,-4.13119]]]}},{"type":"Feature","properties":{"inventoryId":"big-mining-wiup:1118","sector":"Tambang","subtype":"WIUP","quality":"OFFICIAL","sourceDataset":"big-mining-wiup","sourceRecordId":"1118","source":"BIG Kebijakan Satu Peta","sourceUrl":"https://kspservices.big.go.id/satupeta/rest/services/PUBLIK/PERIZINAN_DAN_PERTANAHAN/MapServer/4","retrievedAt":"2026-08-28T06:57:32Z","geometryProcessing":"web display simplification tolerance 0.00035 degrees","name":"HOFFMEN INTERNATIONAL","issuer":"GUBERNUR","province":"SULAWESI TENGAH","district":"MOROWALI UTARA","permitNumber":"540/571/IUP-OP-PENCIUTAN/DPMPTSP/2020","permitType":"PT","miningType":"IUP","commodity":"NIKEL","status":"2","validFrom":"2020-12-03","validTo":"2031-03-24","areaHa":585.0,"location":"DESA GANDAGANDA KEC.PETASIA","sourceRemark":"-","region":"sulawesi"},"geometry":{"type":"Polygon","coordinates":[[[121.35673,-1.87402],[121.35673,-1.87608],[121.36141,-1.87608],[121.36141,-1.868],[121.34659,-1.868],[121.34659,-1.86198],[121.34756,-1.86198],[121.34756,-1.85907],[121.35066,-1.85907],[121.35066,-1.85646],[121.33638,-1.85646],[121.33638,-1.85762],[121.3342,-1.85762],[121.3342,-1.85901],[121.33228,-1.85901],[121.33228,-1.86126],[121.33094,-1.86126],[121.33094,-1.86341],[121.3274,-1.86341],[121.3274,-1.88006],[121.33389,-1.88006],[121.33389,-1.87911],[121.33466,-1.87911],[121.33466,-1.87792],[121.33842,-1.87792],[121.33842,-1.87911],[121.34209,-1.87911],[121.34209,-1.87413],[121.34985,-1.87413],[121.34985,-1.87204],[121.35588,-1.87204],[121.35588,-1.87313],[121.35673,-1.87313],[121.35673,-1.87402]]]}},{"type":"Feature","properties":{"inventoryId":"big-mining-wiup:4237","sector":"Tambang","subtype":"WIUP","quality":"OFFICIAL","sourceDataset":"big-mining-wiup","sourceRecordId":"4237","source":"BIG Kebijakan Satu Peta","sourceUrl":"https://kspservices.big.go.id/satupeta/rest/services/PUBLIK/PERIZINAN_DAN_PERTANAHAN/MapServer/4","retrievedAt":"2026-08-28T06:57:32Z","geometryProcessing":"web display simplification tolerance 0.00035 degrees","name":"IBNU HAJAR","issuer":"GUBERNUR","province":"SULAWESI SELATAN","district":"BANTAENG","permitNumber":"94/I.02/PTSP/2020","permitType":"SDR","miningType":"IUP","commodity":"TANAH URUG","status":"1","validFrom":"2020-12-10","validTo":"2022-12-09","areaHa":23.55,"location":"DESA PA’JUKUKANG KEC. PA’JUKUKANG KAB. BANTAENG SUL SEL","sourceRemark":"-","region":"sulawesi"},"geometry":{"type":"Polygon","coordinates":[[[120.02713,-5.56635],[120.0284,-5.5669],[120.02959,-5.56663],[120.02959,-5.56851],[120.03208,-5.56817],[120.03086,-5.57121],[120.0326,-5.57121],[120.0326,-5.56473],[120.02713,-5.56473],[120.02713,-5.56635]]]}},{"type":"Feature","properties":{"inventoryId":"big-mining-wiup:2073","sector":"Tambang","subtype":"WIUP","quality":"OFFICIAL","sourceDataset":"big-mining-wiup","sourceRecordId":"2073","source":"BIG Kebijakan Satu Peta","sourceUrl":"https://kspservices.big.go.id/satupeta/rest/services/PUBLIK/PERIZINAN_DAN_PERTANAHAN/MapServer/4","retrievedAt":"2026-08-28T06:57:32Z","geometryProcessing":"web display simplification tolerance 0.00035 degrees","name":"IFISHDECO","issuer":"GUBERNUR","province":"SULAWESI TENGGARA","district":"KONAWE SELATAN","permitNumber":"210/DPMPTSP/III/2019","permitType":"PT","miningType":"IUP","commodity":"NIKEL","status":"2","validFrom":"2010-09-08","validTo":"2028-09-08","areaHa":800.0,"location":"NGAPAAHA","sourceRemark":"-","region":"sulawesi"},"geometry":{"type":"Polygon","coordinates":[[[122.16777,-4.40419],[122.18354,-4.40419],[122.18354,-4.3875],[122.19583,-4.3875],[122.19583,-4.38889],[122.20417,-4.38889],[122.20417,-4.38329],[122.2,-4.38329],[122.2,-4.38194],[122.19722,-4.38194],[122.19722,-4.38056],[122.19444,-4.38056],[122.19444,-4.37778],[122.18889,-4.37778],[122.18889,-4.37361],[122.18194,-4.37361],[122.18194,-4.37083],[122.17083,-4.37083],[122.17083,-4.38056],[122.16944,-4.38056],[122.16944,-4.38889],[122.17141,-4.38889],[122.17141,-4.39151],[122.17034,-4.39151],[122.17034,-4.3943],[122.16908,-4.3943],[122.16908,-4.39704],[122.16777,-4.39704],[122.16777,-4.40419]]]}},{"type":"Feature","properties":{"inventoryId":"big-mining-wiup:1606","sector":"Tambang","subtype":"WIUP","quality":"OFFICIAL","sourceDataset":"big-mining-wiup","sourceRecordId":"1606","source":"BIG Kebijakan Satu Peta","sourceUrl":"https://kspservices.big.go.id/satupeta/rest/services/PUBLIK/PERIZINAN_DAN_PERTANAHAN/MapServer/4","retrievedAt":"2026-08-28T06:57:32Z","geometryProcessing":"web display simplification tolerance 0.00035 degrees","name":"INA TOUNA MINING","issuer":"BUPATI","province":"SULAWESI TENGAH","district":"TOJO UNA UNA","permitNumber":"188.45/372/DISTAMBEN","permitType":"PT","miningType":"IUP","commodity":"BIJIH BESI","status":"2","validFrom":"2011-05-10","validTo":"2031-05-10","areaHa":9925.0,"location":"DESA UEKULI KEC. TOJO KAB. TOJO UNA-UNA","sourceRemark":"-","region":"sulawesi"},"geometry":{"type":"Polygon","coordinates":[[[121.1166,-1.4001],[121.11657,-1.43884],[121.18337,-1.43904],[121.18335,-1.46666],[121.27414,-1.46681],[121.27404,-1.41664],[121.23711,-1.41639],[121.23713,-1.40004],[121.1166,-1.4001]]]}},{"type":"Feature","properties":{"inventoryId":"big-mining-wiup:1477","sector":"Tambang","subtype":"WIUP","quality":"OFFICIAL","sourceDataset":"big-mining-wiup","sourceRecordId":"1477","source":"BIG Kebijakan Satu Peta","sourceUrl":"https://kspservices.big.go.id/satupeta/rest/services/PUBLIK/PERIZINAN_DAN_PERTANAHAN/MapServer/4","retrievedAt":"2026-08-28T06:57:32Z","geometryProcessing":"web display simplification tolerance 0.00035 degrees","name":"INDAH SARI","issuer":"GUBERNUR","province":"SULAWESI UTARA","district":"BOLAANG MONGONDOW","permitNumber":"503/DPMPTSP/IUP-OP/126/V/2019","permitType":"CV","miningType":"IUP","commodity":"PASIR BESI","status":"2","validFrom":"2019-05-23","validTo":"2029-05-23","areaHa":18.0,"location":"LOLAK","sourceRemark":"-","region":"sulawesi"},"geometry":{"type":"Polygon","coordinates":[[[124.04644,0.90719],[124.02996,0.89793],[124.01739,0.89343],[124.03022,0.89733],[124.04053,0.90306],[124.04644,0.90719]]]}},{"type":"Feature","properties":{"inventoryId":"big-mining-wiup:1986","sector":"Tambang","subtype":"WIUP","quality":"OFFICIAL","sourceDataset":"big-mining-wiup","sourceRecordId":"1986","source":"BIG Kebijakan Satu Peta","sourceUrl":"https://kspservices.big.go.id/satupeta/rest/services/PUBLIK/PERIZINAN_DAN_PERTANAHAN/MapServer/4","retrievedAt":"2026-08-28T06:57:32Z","geometryProcessing":"web display simplification tolerance 0.00035 degrees","name":"INDAKO BANGUN PERSADA","issuer":"GUBERNUR","province":"SULAWESI TENGAH","district":"KOTA PALU","permitNumber":"540/682/IUP-OP/DPMPTSP/2019","permitType":"PT","miningType":"IUP","commodity":"BATUAN","status":"2","validFrom":"2019-12-17","validTo":"2024-12-17","areaHa":13.07,"location":"WATUSAMPU, KOTA PALU","sourceRemark":"-","region":"sulawesi"},"geometry":{"type":"Polygon","coordinates":[[[119.79819,-0.81785],[119.79819,-0.81723],[119.79665,-0.81725],[119.79665,-0.81794],[119.79561,-0.81827],[119.79561,-0.81888],[119.79478,-0.81888],[119.79414,-0.81987],[119.7935,-0.81987],[119.79383,-0.82236],[119.79455,-0.82236],[119.79455,-0.82171],[119.79618,-0.82089],[119.79618,-0.82028],[119.79699,-0.82028],[119.79729,-0.81858],[119.79879,-0.81842],[119.79819,-0.81785]]]}},{"type":"Feature","properties":{"inventoryId":"big-mining-wiup:1210","sector":"Tambang","subtype":"WIUP","quality":"OFFICIAL","sourceDataset":"big-mining-wiup","sourceRecordId":"1210","source":"BIG Kebijakan Satu Peta","sourceUrl":"https://kspservices.big.go.id/satupeta/rest/services/PUBLIK/PERIZINAN_DAN_PERTANAHAN/MapServer/4","retrievedAt":"2026-08-28T06:57:32Z","geometryProcessing":"web display simplification tolerance 0.00035 degrees","name":"INDOBERKAH JAYA MANDIRI","issuer":"BUPATI","province":"SULAWESI TENGAH","district":"MOROWALI","permitNumber":"188.4.45/KEP.0252/DESDM/2014","permitType":"PT","miningType":"IUP","commodity":"NIKEL DMP","status":"2","validFrom":"2014-11-21","validTo":"2034-10-10","areaHa":196.0,"location":"DESA TORETE, KEC. BUNGKU PESISIR. MOROWALI","sourceRemark":"-","region":"sulawesi"},"geometry":{"type":"Polygon","coordinates":[[[122.19209,-2.97649],[122.19209,-2.98821],[122.19854,-2.98821],[122.19854,-2.98191],[122.22065,-2.98191],[122.22065,-2.97789],[122.19429,-2.97789],[122.19429,-2.97649],[122.19209,-2.97649]]]}},{"type":"Feature","properties":{"inventoryId":"big-mining-wiup:184","sector":"Tambang","subtype":"WIUP","quality":"OFFICIAL","sourceDataset":"big-mining-wiup","sourceRecordId":"184","source":"BIG Kebijakan Satu Peta","sourceUrl":"https://kspservices.big.go.id/satupeta/rest/services/PUBLIK/PERIZINAN_DAN_PERTANAHAN/MapServer/4","retrievedAt":"2026-08-28T06:57:32Z","geometryProcessing":"web display simplification tolerance 0.00035 degrees","name":"INDOMARMER KUARI UTAMA","issuer":"GUBERNUR","province":"SULAWESI SELATAN","district":"PANGKAJENE DAN KEPULAUAN","permitNumber":"42/I.03.P/P2T/06/2017","permitType":"PT","miningType":"IUP","commodity":"MARMER","status":"2","validFrom":"2017-06-16","validTo":"2022-06-16","areaHa":50.0,"location":"DESA BARABATU, KEC. LABAKKANG, KAB. PANGKAJENE DAN KEPULAUAN","sourceRemark":"-","region":"sulawesi"},"geometry":{"type":"Polygon","coordinates":[[[119.62381,-4.74328],[119.62381,-4.744],[119.62244,-4.744],[119.62244,-4.74869],[119.6235,-4.74869],[119.6235,-4.75044],[119.62806,-4.75044],[119.62806,-4.74939],[119.62911,-4.74939],[119.62911,-4.74569],[119.62772,-4.74569],[119.62772,-4.74328],[119.62381,-4.74328]]]}},{"type":"Feature","properties":{"inventoryId":"big-mining-wiup:4561","sector":"Tambang","subtype":"WIUP","quality":"OFFICIAL","sourceDataset":"big-mining-wiup","sourceRecordId":"4561","source":"BIG Kebijakan Satu Peta","sourceUrl":"https://kspservices.big.go.id/satupeta/rest/services/PUBLIK/PERIZINAN_DAN_PERTANAHAN/MapServer/4","retrievedAt":"2026-08-28T06:57:32Z","geometryProcessing":"web display simplification tolerance 0.00035 degrees","name":"INDONUSA ARTA MULYA","issuer":"BUPATI","province":"SULAWESI TENGGARA","district":"KONAWE UTARA","permitNumber":"611 TAHUN 2014","permitType":"PT","miningType":"IUP","commodity":"-","status":"2","validFrom":"2014-12-08","validTo":"2034-12-08","areaHa":394.0,"location":"KECAMATAN LASOLO","sourceRemark":"-","region":"sulawesi"},"geometry":{"type":"Polygon","coordinates":[[[122.20011,-3.40839],[122.20011,-3.41569],[122.20108,-3.41569],[122.20108,-3.4173],[122.24161,-3.4173],[122.24161,-3.40832],[122.23884,-3.40832],[122.23884,-3.41687],[122.2379,-3.41687],[122.2379,-3.41211],[122.22979,-3.41211],[122.22979,-3.40839],[122.21049,-3.40839],[122.21049,-3.41688],[122.20923,-3.41688],[122.20923,-3.40839],[122.20011,-3.40839]]]}},{"type":"Feature","properties":{"inventoryId":"big-mining-wiup:296","sector":"Tambang","subtype":"WIUP","quality":"OFFICIAL","sourceDataset":"big-mining-wiup","sourceRecordId":"296","source":"BIG Kebijakan Satu Peta","sourceUrl":"https://kspservices.big.go.id/satupeta/rest/services/PUBLIK/PERIZINAN_DAN_PERTANAHAN/MapServer/4","retrievedAt":"2026-08-28T06:57:32Z","geometryProcessing":"web display simplification tolerance 0.00035 degrees","name":"INDRABAKTI MUSTIKA","issuer":"BUPATI","province":"SULAWESI TENGGARA","district":"KONAWE UTARA","permitNumber":"230 TAHUN 2014","permitType":"PT","miningType":"IUP","commodity":"NIKEL","status":"2","validFrom":"2014-03-17","validTo":"2034-01-17","areaHa":576.0,"location":"KEC. LANGGIKIMA, KAB. KONAWE UTARA","sourceRemark":"-","region":"sulawesi"},"geometry":{"type":"Polygon","coordinates":[[[122.29501,-3.23345],[122.27917,-3.23346],[122.27917,-3.25],[122.28065,-3.25],[122.28065,-3.25333],[122.28528,-3.25333],[122.28528,-3.25667],[122.28944,-3.25667],[122.28944,-3.26028],[122.29178,-3.26028],[122.29178,-3.26778],[122.30179,-3.26778],[122.30179,-3.26451],[122.30036,-3.26452],[122.30036,-3.26275],[122.29807,-3.26274],[122.29807,-3.2591],[122.29642,-3.2591],[122.29642,-3.24921],[122.29727,-3.24921],[122.29727,-3.24714],[122.29859,-3.24714],[122.29856,-3.24527],[122.297,-3.24527],[122.297,-3.24111],[122.296,-3.24111],[122.296,-3.23825],[122.295,-3.23825],[122.29501,-3.23345]]]}},{"type":"Feature","properties":{"inventoryId":"big-mining-wiup:89","sector":"Tambang","subtype":"WIUP","quality":"OFFICIAL","sourceDataset":"big-mining-wiup","sourceRecordId":"89","source":"BIG Kebijakan Satu Peta","sourceUrl":"https://kspservices.big.go.id/satupeta/rest/services/PUBLIK/PERIZINAN_DAN_PERTANAHAN/MapServer/4","retrievedAt":"2026-08-28T06:57:32Z","geometryProcessing":"web display simplification tolerance 0.00035 degrees","name":"INTEGRA MINING NUSANTARA","issuer":"BUPATI","province":"SULAWESI TENGGARA","district":"KONAWE SELATAN","permitNumber":"734 TAHUN 2010","permitType":"PT","miningType":"IUP","commodity":"NIKEL DMP","status":"2","validFrom":"2010-01-11","validTo":"2029-01-11","areaHa":100.0,"location":"DESA WONUA KONGGA, KEC. LAEYA,","sourceRemark":"-","region":"sulawesi"},"geometry":{"type":"Polygon","coordinates":[[[122.4878,-4.43376],[122.48778,-4.43542],[122.48897,-4.43542],[122.48897,-4.43671],[122.4899,-4.43671],[122.4899,-4.43785],[122.49269,-4.43785],[122.49269,-4.44339],[122.49181,-4.44339],[122.49181,-4.444],[122.48967,-4.444],[122.48967,-4.44222],[122.48556,-4.44222],[122.48556,-4.44522],[122.48671,-4.44581],[122.48671,-4.44638],[122.48741,-4.44638],[122.48741,-4.44729],[122.49194,-4.44749],[122.49139,-4.45439],[122.49217,-4.45439],[122.49217,-4.45297],[122.49368,-4.45297],[122.49368,-4.44869],[122.49311,-4.44869],[122.49311,-4.44719],[122.49241,-4.44719],[122.49241,-4.44517],[122.49314,-4.44517],[122.49349,-4.44428],[122.49469,-4.44428],[122.49408,-4.43933],[122.49433,-4.43618],[122.49539,-4.43618],[122.49539,-4.43411],[122.49353,-4.43381],[122.493,-4.43185],[122.4905,-4.43185],[122.49,-4.43376],[122.4878,-4.43376]]]}},{"type":"Feature","properties":{"inventoryId":"big-mining-wiup:2046","sector":"Tambang","subtype":"WIUP","quality":"OFFICIAL","sourceDataset":"big-mining-wiup","sourceRecordId":"2046","source":"BIG Kebijakan Satu Peta","sourceUrl":"https://kspservices.big.go.id/satupeta/rest/services/PUBLIK/PERIZINAN_DAN_PERTANAHAN/MapServer/4","retrievedAt":"2026-08-28T06:57:32Z","geometryProcessing":"web display simplification tolerance 0.00035 degrees","name":"INTEGRA MINING NUSANTARA INDONESIA","issuer":"GUBERNUR","province":"SULAWESI TENGAH","district":"BANGGAI","permitNumber":"540/260/IUP-OP/AFI/DPMPTSP/2020","permitType":"PT","miningType":"IUP","commodity":"NIKEL","status":"2","validFrom":"2019-11-11","validTo":"2034-11-11","areaHa":199.0,"location":"KEC. BUALEMO, BANGGAI","sourceRemark":"-","region":"sulawesi"},"geometry":{"type":"Polygon","coordinates":[[[122.94944,-0.71611],[122.96714,-0.71611],[122.96714,-0.71486],[122.97031,-0.71486],[122.97031,-0.71336],[122.97336,-0.71336],[122.97336,-0.71611],[122.97611,-0.71611],[122.97611,-0.7105],[122.97325,-0.7105],[122.97325,-0.71217],[122.97028,-0.71217],[122.97028,-0.71036],[122.967,-0.71036],[122.967,-0.70739],[122.96186,-0.70739],[122.96186,-0.71303],[122.9605,-0.71303],[122.9605,-0.71542],[122.94725,-0.71542],[122.94725,-0.72283],[122.94525,-0.72283],[122.94525,-0.73008],[122.94347,-0.73008],[122.94347,-0.73614],[122.94061,-0.73614],[122.94061,-0.73889],[122.94778,-0.73889],[122.94769,-0.73614],[122.94394,-0.73614],[122.94394,-0.73075],[122.94589,-0.73075],[122.94589,-0.72331],[122.94778,-0.72331],[122.94778,-0.71617],[122.94944,-0.71611]]]}},{"type":"Feature","properties":{"inventoryId":"big-mining-wiup:1061","sector":"Tambang","subtype":"WIUP","quality":"OFFICIAL","sourceDataset":"big-mining-wiup","sourceRecordId":"1061","source":"BIG Kebijakan Satu Peta","sourceUrl":"https://kspservices.big.go.id/satupeta/rest/services/PUBLIK/PERIZINAN_DAN_PERTANAHAN/MapServer/4","retrievedAt":"2026-08-28T06:57:32Z","geometryProcessing":"web display simplification tolerance 0.00035 degrees","name":"INTI BUMI SELARAS","issuer":"BUPATI","province":"SULAWESI TENGGARA","district":"BUTON","permitNumber":"689 TAHUN 2011","permitType":"PT","miningType":"IUP","commodity":"ASPAL","status":"2","validFrom":"2011-08-18","validTo":"2031-08-18","areaHa":1014.0,"location":"KEC. PASARWAJO","sourceRemark":"-","region":"sulawesi"},"geometry":{"type":"Polygon","coordinates":[[[122.84309,-5.39154],[122.84309,-5.39887],[122.8404,-5.39887],[122.8404,-5.40829],[122.83279,-5.40829],[122.83279,-5.41502],[122.77669,-5.415],[122.77669,-5.41904],[122.77341,-5.41904],[122.77341,-5.42442],[122.84577,-5.42444],[122.84578,-5.39155],[122.84309,-5.39154]]]}},{"type":"Feature","properties":{"inventoryId":"big-mining-wiup:1894","sector":"Tambang","subtype":"WIUP","quality":"OFFICIAL","sourceDataset":"big-mining-wiup","sourceRecordId":"1894","source":"BIG Kebijakan Satu Peta","sourceUrl":"https://kspservices.big.go.id/satupeta/rest/services/PUBLIK/PERIZINAN_DAN_PERTANAHAN/MapServer/4","retrievedAt":"2026-08-28T06:57:32Z","geometryProcessing":"web display simplification tolerance 0.00035 degrees","name":"INTI KARYA POLMAN","issuer":"BUPATI","province":"SULAWESI BARAT","district":"POLEWALI MANDAR","permitNumber":"KPTS/540/469/HUK","permitType":"PT","miningType":"IUP","commodity":"GALENA DMP","status":"2","validFrom":"2011-09-20","validTo":"2031-05-03","areaHa":776.058,"location":"DESA KUNYI DAN BATTETANGNGA, KEC. ANREAPI DAN BINUANG, KAB. POLEWALI MANDAR","sourceRemark":"-","region":"sulawesi"},"geometry":{"type":"Polygon","coordinates":[[[119.36667,-3.36667],[119.3667,-3.37495],[119.37896,-3.37491],[119.37899,-3.36939],[119.41114,-3.36939],[119.41114,-3.35828],[119.3917,-3.35828],[119.3917,-3.34995],[119.375,-3.35],[119.375,-3.36667],[119.36667,-3.36667]]]}},{"type":"Feature","properties":{"inventoryId":"big-mining-wiup:3527","sector":"Tambang","subtype":"WIUP","quality":"OFFICIAL","sourceDataset":"big-mining-wiup","sourceRecordId":"3527","source":"BIG Kebijakan Satu Peta","sourceUrl":"https://kspservices.big.go.id/satupeta/rest/services/PUBLIK/PERIZINAN_DAN_PERTANAHAN/MapServer/4","retrievedAt":"2026-08-28T06:57:32Z","geometryProcessing":"web display simplification tolerance 0.00035 degrees","name":"INVICTUS ANUGERAH ALAM","issuer":"MENTERI","province":"SULAWESI TENGAH","district":"MOROWALI UTARA","permitNumber":"1701/1/IUP/PMDN/2021","permitType":"PT","miningType":"IUP","commodity":"BATU GUNUNG QUARRY BESAR","status":"1","validFrom":"2021-12-06","validTo":"2024-12-06","areaHa":34.0,"location":"DESA KOROLOLAMA, KECAMATAN PETASIA, KABUPATEN MOROWALI UTARA, PROVINSI SULAWESI TENGAH","sourceRemark":"-","region":"sulawesi"},"geometry":{"type":"Polygon","coordinates":[[[121.33261,-2.01911],[121.32867,-2.01911],[121.32867,-2.02611],[121.33261,-2.02611],[121.33261,-2.01911]]]}},{"type":"Feature","properties":{"inventoryId":"big-mining-wiup:3593","sector":"Tambang","subtype":"WIUP","quality":"OFFICIAL","sourceDataset":"big-mining-wiup","sourceRecordId":"3593","source":"BIG Kebijakan Satu Peta","sourceUrl":"https://kspservices.big.go.id/satupeta/rest/services/PUBLIK/PERIZINAN_DAN_PERTANAHAN/MapServer/4","retrievedAt":"2026-08-28T06:57:32Z","geometryProcessing":"web display simplification tolerance 0.00035 degrees","name":"INVICTUS ANUGERAH ALAM","issuer":"MENTERI","province":"SULAWESI TENGAH","district":"MOROWALI UTARA","permitNumber":"12/1/IUP/PMDN/2022","permitType":"PT","miningType":"IUP","commodity":"KERIKIL BERPASIR ALAMI (SIRTU)","status":"1","validFrom":"2022-01-10","validTo":"2025-01-10","areaHa":7.7,"location":"DESA SAMPALOWO KECAMATAN PETASIA BARAT","sourceRemark":"-","region":"sulawesi"},"geometry":{"type":"Polygon","coordinates":[[[121.29065,-2.05673],[121.29065,-2.0574],[121.29205,-2.05762],[121.29231,-2.05902],[121.29363,-2.06064],[121.2946,-2.06067],[121.29608,-2.06212],[121.29677,-2.06212],[121.2959,-2.06082],[121.29407,-2.0603],[121.29407,-2.05834],[121.29277,-2.05834],[121.29223,-2.05673],[121.29065,-2.05673]]]}},{"type":"Feature","properties":{"inventoryId":"big-mining-wiup:4354","sector":"Tambang","subtype":"WIUP","quality":"OFFICIAL","sourceDataset":"big-mining-wiup","sourceRecordId":"4354","source":"BIG Kebijakan Satu Peta","sourceUrl":"https://kspservices.big.go.id/satupeta/rest/services/PUBLIK/PERIZINAN_DAN_PERTANAHAN/MapServer/4","retrievedAt":"2026-08-28T06:57:32Z","geometryProcessing":"web display simplification tolerance 0.00035 degrees","name":"INVICTUS KAPURINDO ALAM","issuer":"GUBERNUR","province":"SULAWESI TENGAH","district":"MOROWALI UTARA","permitNumber":"540/594/IUP-OP/DPMPTSP/2020","permitType":"PT","miningType":"IUP","commodity":"BATU GAMPING","status":"2","validFrom":"2020-12-10","validTo":"2025-12-10","areaHa":37.74,"location":"KOROMANTANTU PETASIA","sourceRemark":"-","region":"sulawesi"},"geometry":{"type":"Polygon","coordinates":[[[121.44535,-2.00305],[121.445,-2.01521],[121.4469,-2.01521],[121.4469,-2.01986],[121.45338,-2.01986],[121.45338,-2.01658],[121.45536,-2.01658],[121.45536,-2.01269],[121.45304,-2.01269],[121.45304,-2.01978],[121.44857,-2.01978],[121.44857,-2.01504],[121.44587,-2.01504],[121.44587,-2.00305],[121.44535,-2.00305]]]}},{"type":"Feature","properties":{"inventoryId":"big-mining-wiup:4414","sector":"Tambang","subtype":"WIUP","quality":"OFFICIAL","sourceDataset":"big-mining-wiup","sourceRecordId":"4414","source":"BIG Kebijakan Satu Peta","sourceUrl":"https://kspservices.big.go.id/satupeta/rest/services/PUBLIK/PERIZINAN_DAN_PERTANAHAN/MapServer/4","retrievedAt":"2026-08-28T06:57:32Z","geometryProcessing":"web display simplification tolerance 0.00035 degrees","name":"INVICTUS MARMERINDO ALAM","issuer":"GUBERNUR","province":"SULAWESI TENGAH","district":"MOROWALI UTARA","permitNumber":"540/595/IUP-OP/DPMPTSP/2020","permitType":"PT","miningType":"IUP","commodity":"BATU GAMPING","status":"2","validFrom":"2020-12-10","validTo":"2025-12-10","areaHa":33.74,"location":"-","sourceRemark":"-","region":"sulawesi"},"geometry":{"type":"Polygon","coordinates":[[[121.31902,-2.03892],[121.31902,-2.04173],[121.31701,-2.04173],[121.31701,-2.04568],[121.31959,-2.04568],[121.31959,-2.04433],[121.32219,-2.04433],[121.32219,-2.04265],[121.32569,-2.04265],[121.32569,-2.04125],[121.32627,-2.04125],[121.32627,-2.03892],[121.31902,-2.03892]]]}},{"type":"Feature","properties":{"inventoryId":"big-mining-wiup:4493","sector":"Tambang","subtype":"WIUP","quality":"OFFICIAL","sourceDataset":"big-mining-wiup","sourceRecordId":"4493","source":"BIG Kebijakan Satu Peta","sourceUrl":"https://kspservices.big.go.id/satupeta/rest/services/PUBLIK/PERIZINAN_DAN_PERTANAHAN/MapServer/4","retrievedAt":"2026-08-28T06:57:32Z","geometryProcessing":"web display simplification tolerance 0.00035 degrees","name":"INVICTUS PASERINDO ALAM","issuer":"GUBERNUR","province":"SULAWESI TENGAH","district":"MOROWALI UTARA","permitNumber":"540/593/IUP-OP/DPMPTSP/2020","permitType":"PT","miningType":"IUP","commodity":"KERIKIL BERPASIR ALAMI (SIRTU)","status":"2","validFrom":"2020-12-10","validTo":"2025-12-10","areaHa":20.0,"location":"DESA KOMORATANTU KECAMATAN PETASIA KABUPATEN MOROWALI UTARA PROVINSI SULAWESI TENGAH","sourceRemark":"-","region":"sulawesi"},"geometry":{"type":"Polygon","coordinates":[[[121.3212,-2.05132],[121.3212,-2.0529],[121.3219,-2.05342],[121.32374,-2.05313],[121.3239,-2.05096],[121.32479,-2.05077],[121.32599,-2.05284],[121.32753,-2.05284],[121.32796,-2.05173],[121.32883,-2.05173],[121.33123,-2.05286],[121.33123,-2.05347],[121.33207,-2.05347],[121.33207,-2.05213],[121.32988,-2.05105],[121.32872,-2.05105],[121.32872,-2.05065],[121.32703,-2.05065],[121.32703,-2.05183],[121.32638,-2.05183],[121.32638,-2.05085],[121.32539,-2.0499],[121.32305,-2.0503],[121.32273,-2.05236],[121.3212,-2.05132]]]}},{"type":"Feature","properties":{"inventoryId":"big-mining-wiup:1565","sector":"Tambang","subtype":"WIUP","quality":"OFFICIAL","sourceDataset":"big-mining-wiup","sourceRecordId":"1565","source":"BIG Kebijakan Satu Peta","sourceUrl":"https://kspservices.big.go.id/satupeta/rest/services/PUBLIK/PERIZINAN_DAN_PERTANAHAN/MapServer/4","retrievedAt":"2026-08-28T06:57:32Z","geometryProcessing":"web display simplification tolerance 0.00035 degrees","name":"ISCO IRON","issuer":"BUPATI","province":"SULAWESI BARAT","district":"POLEWALI MANDAR","permitNumber":"275 TAHUN 2011","permitType":"PT","miningType":"IUP","commodity":"BIJIH BESI","status":"2","validFrom":"2011-09-12","validTo":"2028-03-28","areaHa":943.0,"location":"DESA TAPANGO, KEC. TAPANGO, KAB. POLEWALI MANDAR","sourceRemark":"-","region":"sulawesi"},"geometry":{"type":"Polygon","coordinates":[[[119.24583,-3.31639],[119.24583,-3.33306],[119.29583,-3.33306],[119.29583,-3.31639],[119.24583,-3.31639]]]}},{"type":"Feature","properties":{"inventoryId":"big-mining-wiup:1048","sector":"Tambang","subtype":"WIUP","quality":"OFFICIAL","sourceDataset":"big-mining-wiup","sourceRecordId":"1048","source":"BIG Kebijakan Satu Peta","sourceUrl":"https://kspservices.big.go.id/satupeta/rest/services/PUBLIK/PERIZINAN_DAN_PERTANAHAN/MapServer/4","retrievedAt":"2026-08-28T06:57:32Z","geometryProcessing":"web display simplification tolerance 0.00035 degrees","name":"ISCO POLMAN RESOURCES","issuer":"BUPATI","province":"SULAWESI BARAT","district":"POLEWALI MANDAR","permitNumber":"252 TAHUN 2011","permitType":"PT","miningType":"IUP","commodity":"TIMBAL","status":"2","validFrom":"2011-08-08","validTo":"2028-05-21","areaHa":199.0,"location":"DESA DUAMPANUA DAN PAPANDANGAN, KEC. ANREAPI, KAB. POLEWALI MANDAR","sourceRemark":"-","region":"sulawesi"},"geometry":{"type":"Polygon","coordinates":[[[119.325,-3.35417],[119.325,-3.36389],[119.32778,-3.36389],[119.32778,-3.36667],[119.33889,-3.36667],[119.33889,-3.35417],[119.325,-3.35417]]]}},{"type":"Feature","properties":{"inventoryId":"big-mining-wiup:915","sector":"Tambang","subtype":"WIUP","quality":"OFFICIAL","sourceDataset":"big-mining-wiup","sourceRecordId":"915","source":"BIG Kebijakan Satu Peta","sourceUrl":"https://kspservices.big.go.id/satupeta/rest/services/PUBLIK/PERIZINAN_DAN_PERTANAHAN/MapServer/4","retrievedAt":"2026-08-28T06:57:32Z","geometryProcessing":"web display simplification tolerance 0.00035 degrees","name":"ITAMATRA NUSANTARA","issuer":"BUPATI","province":"SULAWESI TENGAH","district":"MOROWALI UTARA","permitNumber":"540.3/SK.003/DESDM/III/2012","permitType":"PT","miningType":"IUP","commodity":"NIKEL DMP","status":"2","validFrom":"2012-03-16","validTo":"2032-03-15","areaHa":974.0,"location":"DESA LAMBOLO, KEC. PETASIA, KAB. MOROWALI","sourceRemark":"-","region":"sulawesi"},"geometry":{"type":"Polygon","coordinates":[[[121.2988,-1.92237],[121.2988,-1.92585],[121.29719,-1.92585],[121.29719,-1.9273],[121.29568,-1.9273],[121.29568,-1.92864],[121.29341,-1.92864],[121.29341,-1.92925],[121.29178,-1.92925],[121.29178,-1.93042],[121.28796,-1.93042],[121.28796,-1.93282],[121.28452,-1.93282],[121.28452,-1.93453],[121.28325,-1.93453],[121.28325,-1.93622],[121.2821,-1.93622],[121.2821,-1.93803],[121.28104,-1.93803],[121.28104,-1.94],[121.28022,-1.94],[121.28022,-1.94135],[121.27865,-1.94135],[121.27865,-1.93461],[121.278,-1.93461],[121.278,-1.93254],[121.27506,-1.93254],[121.27506,-1.9335],[121.27425,-1.9335],[121.27425,-1.93443],[121.2733,-1.93443],[121.2733,-1.93556],[121.27232,-1.93556],[121.27232,-1.94137],[121.26934,-1.94137],[121.26934,-1.94216],[121.26606,-1.94216],[121.26606,-1.94072],[121.26342,-1.94072],[121.26342,-1.94432],[121.25647,-1.94432],[121.25647,-1.9478],[121.30654,-1.9478],[121.30654,-1.94256],[121.31427,-1.94256],[121.31427,-1.92622],[121.30139,-1.92622],[121.30139,-1.92237],[121.2988,-1.92237]]]}},{"type":"Feature","properties":{"inventoryId":"big-mining-wiup:2596","sector":"Tambang","subtype":"WIUP","quality":"OFFICIAL","sourceDataset":"big-mining-wiup","sourceRecordId":"2596","source":"BIG Kebijakan Satu Peta","sourceUrl":"https://kspservices.big.go.id/satupeta/rest/services/PUBLIK/PERIZINAN_DAN_PERTANAHAN/MapServer/4","retrievedAt":"2026-08-28T06:57:32Z","geometryProcessing":"web display simplification tolerance 0.00035 degrees","name":"J RESOURCES BOLAANG MONGONDOW","issuer":"MENTERI","province":"SULAWESI UTARA","district":"BOLAANGMONGONDOW, BM SELATAN, BM TIMUR","permitNumber":"175.K/30/DJB/2020","permitType":"PT","miningType":"KK","commodity":"EMAS","status":"2","validFrom":"2020-04-30","validTo":"2034-08-09","areaHa":38150.0,"location":"KAB. BOLAANG MONGONDOW","sourceRemark":"GEN VI","region":"sulawesi"},"geometry":{"type":"MultiPolygon","coordinates":[[[[124.24889,0.73732],[124.22833,0.73732],[124.22833,0.69458],[124.18333,0.69458],[124.18333,0.70556],[124.14944,0.70556],[124.14944,0.64944],[124.19917,0.64944],[124.19917,0.65264],[124.18514,0.65264],[124.18514,0.66875],[124.203,0.66875],[124.203,0.68731],[124.23764,0.68731],[124.23764,0.65644],[124.21981,0.65644],[124.21981,0.64997],[124.20722,0.64997],[124.20722,0.63964],[124.25808,0.63964],[124.25808,0.59458],[124.26631,0.59458],[124.26631,0.59083],[124.2646,0.59083],[124.2646,0.58792],[124.25946,0.58792],[124.25946,0.56617],[124.24774,0.56617],[124.24774,0.54964],[124.24174,0.54964],[124.24174,0.54069],[124.23116,0.54069],[124.23116,0.53172],[124.23363,0.53172],[124.23363,0.52383],[124.23111,0.52383],[124.23111,0.50516],[124.24164,0.50516],[124.24164,0.4975],[124.23778,0.4975],[124.23778,0.46153],[124.24017,0.46153],[124.24017,0.4575],[124.24411,0.4575],[124.24411,0.45133],[124.2485,0.45133],[124.2485,0.44703],[124.25236,0.44703],[124.25236,0.4425],[124.25722,0.4425],[124.25722,0.436],[124.26056,0.436],[124.26056,0.43083],[124.29028,0.43083],[124.29028,0.44317],[124.29267,0.44317],[124.29267,0.44554],[124.2985,0.44554],[124.2985,0.4435],[124.30419,0.4435],[124.30419,0.43636],[124.31014,0.43636],[124.31014,0.44326],[124.31128,0.44326],[124.31128,0.44642],[124.31681,0.44642],[124.31681,0.44819],[124.32422,0.44819],[124.32422,0.43083],[124.35,0.43083],[124.35,0.60556],[124.31444,0.60556],[124.31444,0.64944],[124.24889,0.64944],[124.24889,0.73732]],[[124.30361,0.46922],[124.32417,0.46922],[124.32417,0.45078],[124.30361,0.45078],[124.30361,0.46922]],[[124.28433,0.52872],[124.30833,0.52872],[124.30833,0.51033],[124.29475,0.51033],[124.29475,0.51989],[124.28433,0.51989],[124.28433,0.52872]]],[[[124.42281,0.70583],[124.38897,0.70583],[124.38897,0.67133],[124.39949,0.67133],[124.39949,0.66],[124.44403,0.66],[124.44403,0.64814],[124.46408,0.64814],[124.46408,0.63111],[124.48056,0.63111],[124.48056,0.63181],[124.51386,0.63181],[124.51386,0.62153],[124.52319,0.62153],[124.52319,0.61194],[124.55889,0.61194],[124.55889,0.65239],[124.55286,0.65239],[124.55286,0.63701],[124.5515,0.63701],[124.5515,0.63314],[124.54356,0.63314],[124.54356,0.65203],[124.49681,0.65203],[124.49681,0.66944],[124.4875,0.66944],[124.4875,0.67994],[124.4685,0.67994],[124.4685,0.69653],[124.42281,0.69653],[124.42281,0.70583]]]]}},{"type":"Feature","properties":{"inventoryId":"big-mining-wiup:4600","sector":"Tambang","subtype":"WIUP","quality":"OFFICIAL","sourceDataset":"big-mining-wiup","sourceRecordId":"4600","source":"BIG Kebijakan Satu Peta","sourceUrl":"https://kspservices.big.go.id/satupeta/rest/services/PUBLIK/PERIZINAN_DAN_PERTANAHAN/MapServer/4","retrievedAt":"2026-08-28T06:57:32Z","geometryProcessing":"web display simplification tolerance 0.00035 degrees","name":"JADE ENERGY INDONESIA","issuer":"GUBERNUR","province":"SULAWESI TENGAH","district":"TOJO UNA UNA","permitNumber":"540/755/IUP-OP/P/DPMPTSP/2017","permitType":"PT","miningType":"IUP","commodity":"KERIKIL BERPASIR ALAMI (SIRTU)","status":"2","validFrom":"2017-09-07","validTo":"2022-09-07","areaHa":135.89,"location":"-","sourceRemark":"-","region":"sulawesi"},"geometry":{"type":"Polygon","coordinates":[[[121.42118,-1.00279],[121.42118,-1.00675],[121.42195,-1.00675],[121.42195,-1.00749],[121.42465,-1.00785],[121.42465,-1.00845],[121.43105,-1.00901],[121.43105,-1.01013],[121.43219,-1.01013],[121.43219,-1.01079],[121.43307,-1.01079],[121.43307,-1.01648],[121.43124,-1.01648],[121.43168,-1.02336],[121.43479,-1.02336],[121.43429,-1.01883],[121.43476,-1.01883],[121.43476,-1.0169],[121.43575,-1.0169],[121.43575,-1.01376],[121.43621,-1.01376],[121.43652,-1.01219],[121.43701,-1.01219],[121.43701,-1.00966],[121.4351,-1.00966],[121.4351,-1.00851],[121.4345,-1.00851],[121.4345,-1.00672],[121.43324,-1.00672],[121.43324,-1.00555],[121.43181,-1.00555],[121.43181,-1.00426],[121.42948,-1.00426],[121.42948,-1.00354],[121.42744,-1.00354],[121.42744,-1.00279],[121.42118,-1.00279]]]}},{"type":"Feature","properties":{"inventoryId":"big-mining-wiup:4258","sector":"Tambang","subtype":"WIUP","quality":"OFFICIAL","sourceDataset":"big-mining-wiup","sourceRecordId":"4258","source":"BIG Kebijakan Satu Peta","sourceUrl":"https://kspservices.big.go.id/satupeta/rest/services/PUBLIK/PERIZINAN_DAN_PERTANAHAN/MapServer/4","retrievedAt":"2026-08-28T06:57:32Z","geometryProcessing":"web display simplification tolerance 0.00035 degrees","name":"JADE MINING INDONESIA","issuer":"GUBERNUR","province":"SULAWESI TENGAH","district":"TOJO UNA UNA","permitNumber":"540/754/IUP-OP/P/DPMPTSP/2017","permitType":"PT","miningType":"IUP","commodity":"KERIKIL BERPASIR ALAMI (SIRTU)","status":"2","validFrom":"2017-09-07","validTo":"2022-09-07","areaHa":154.12,"location":"-","sourceRemark":"-","region":"sulawesi"},"geometry":{"type":"Polygon","coordinates":[[[121.35612,-1.05048],[121.35612,-1.05293],[121.36625,-1.05293],[121.36625,-1.05068],[121.37139,-1.05068],[121.37139,-1.04668],[121.374,-1.04668],[121.374,-1.04153],[121.37752,-1.04153],[121.37752,-1.0388],[121.37328,-1.0388],[121.37328,-1.04036],[121.37223,-1.04036],[121.37223,-1.04148],[121.36904,-1.04148],[121.36904,-1.04249],[121.36687,-1.04249],[121.36687,-1.04361],[121.36586,-1.04361],[121.36586,-1.04491],[121.36326,-1.04491],[121.36326,-1.04697],[121.3607,-1.04697],[121.3607,-1.04874],[121.35825,-1.04874],[121.35825,-1.05048],[121.35612,-1.05048]]]}},{"type":"Feature","properties":{"inventoryId":"big-mining-wiup:4231","sector":"Tambang","subtype":"WIUP","quality":"OFFICIAL","sourceDataset":"big-mining-wiup","sourceRecordId":"4231","source":"BIG Kebijakan Satu Peta","sourceUrl":"https://kspservices.big.go.id/satupeta/rest/services/PUBLIK/PERIZINAN_DAN_PERTANAHAN/MapServer/4","retrievedAt":"2026-08-28T06:57:32Z","geometryProcessing":"web display simplification tolerance 0.00035 degrees","name":"JADE RESOURCES INDONESIA","issuer":"GUBERNUR","province":"SULAWESI TENGAH","district":"TOJO UNA UNA","permitNumber":"540/753/IUP-OP/P/DPMPTSP/2017","permitType":"PT","miningType":"IUP","commodity":"KERIKIL BERPASIR ALAMI (SIRTU)","status":"2","validFrom":"2017-09-07","validTo":"2022-09-07","areaHa":160.9,"location":"-","sourceRemark":"-","region":"sulawesi"},"geometry":{"type":"Polygon","coordinates":[[[121.41449,-0.99872],[121.41449,-0.99517],[121.41139,-0.99517],[121.41139,-0.99704],[121.40983,-0.99704],[121.40983,-0.99944],[121.40326,-0.99944],[121.40326,-1.00107],[121.40487,-1.00107],[121.40487,-1.00196],[121.4058,-1.00196],[121.4058,-1.0029],[121.40671,-1.0029],[121.40671,-1.00454],[121.40767,-1.00454],[121.40767,-1.00647],[121.41636,-1.00647],[121.41636,-1.00739],[121.41892,-1.00791],[121.41892,-1.01206],[121.42708,-1.01206],[121.42708,-1.01384],[121.4311,-1.01384],[121.4311,-1.01215],[121.43024,-1.01215],[121.43024,-1.01129],[121.4209,-1.01129],[121.4209,-1.0103],[121.41968,-1.00955],[121.41968,-1.00255],[121.41806,-1.00255],[121.41806,-1.0015],[121.41622,-1.0015],[121.41622,-0.99872],[121.41449,-0.99872]]]}},{"type":"Feature","properties":{"inventoryId":"big-mining-wiup:1030","sector":"Tambang","subtype":"WIUP","quality":"OFFICIAL","sourceDataset":"big-mining-wiup","sourceRecordId":"1030","source":"BIG Kebijakan Satu Peta","sourceUrl":"https://kspservices.big.go.id/satupeta/rest/services/PUBLIK/PERIZINAN_DAN_PERTANAHAN/MapServer/4","retrievedAt":"2026-08-28T06:57:32Z","geometryProcessing":"web display simplification tolerance 0.00035 degrees","name":"JAGAD RAYATAMA","issuer":"BUPATI","province":"SULAWESI TENGGARA","district":"KONAWE SELATAN","permitNumber":"89/DPM-PTSP/I/2017","permitType":"PT","miningType":"IUP","commodity":"NIKEL DMP","status":"2","validFrom":"2017-01-27","validTo":"2027-01-27","areaHa":1670.0,"location":"-","sourceRemark":"-","region":"sulawesi"},"geometry":{"type":"Polygon","coordinates":[[[122.37376,-4.43133],[122.37778,-4.43132],[122.37778,-4.41425],[122.39191,-4.41425],[122.39191,-4.40016],[122.40611,-4.40014],[122.40611,-4.37738],[122.35499,-4.37738],[122.35499,-4.39304],[122.37376,-4.39304],[122.37376,-4.43133]]]}},{"type":"Feature","properties":{"inventoryId":"big-mining-wiup:1481","sector":"Tambang","subtype":"WIUP","quality":"OFFICIAL","sourceDataset":"big-mining-wiup","sourceRecordId":"1481","source":"BIG Kebijakan Satu Peta","sourceUrl":"https://kspservices.big.go.id/satupeta/rest/services/PUBLIK/PERIZINAN_DAN_PERTANAHAN/MapServer/4","retrievedAt":"2026-08-28T06:57:32Z","geometryProcessing":"web display simplification tolerance 0.00035 degrees","name":"JALIN ABADI","issuer":"GUBERNUR","province":"SULAWESI TENGAH","district":"MOROWALI","permitNumber":"540/117/IUP-E/DPMPTSP/2020","permitType":"PT","miningType":"IUP","commodity":"PASIR BATU","status":"1","validFrom":"2020-02-07","validTo":"2023-02-07","areaHa":35.0,"location":"ULULERE KEC. BUNGKU TIMUR","sourceRemark":"-","region":"sulawesi"},"geometry":{"type":"Polygon","coordinates":[[[121.93684,-2.6845],[121.93584,-2.68415],[121.93538,-2.68477],[121.93314,-2.68512],[121.93151,-2.68439],[121.92988,-2.68439],[121.92988,-2.68495],[121.92674,-2.68525],[121.92529,-2.68446],[121.92529,-2.6838],[121.9235,-2.68339],[121.9235,-2.68296],[121.92078,-2.68296],[121.918,-2.6835],[121.918,-2.68391],[121.91319,-2.68444],[121.9125,-2.68529],[121.91138,-2.68529],[121.91138,-2.68627],[121.91299,-2.68627],[121.9144,-2.68539],[121.91567,-2.68539],[121.91567,-2.68493],[121.91921,-2.68493],[121.91921,-2.68447],[121.9202,-2.68447],[121.92062,-2.68378],[121.92316,-2.68401],[121.92668,-2.68619],[121.93,-2.68558],[121.93,-2.68653],[121.93177,-2.68653],[121.93177,-2.68566],[121.93398,-2.68582],[121.93574,-2.68531],[121.93621,-2.68462],[121.93721,-2.68542],[121.93845,-2.68542],[121.93845,-2.68476],[121.9377,-2.68509],[121.93684,-2.6845]]]}},{"type":"Feature","properties":{"inventoryId":"big-mining-wiup:4419","sector":"Tambang","subtype":"WIUP","quality":"OFFICIAL","sourceDataset":"big-mining-wiup","sourceRecordId":"4419","source":"BIG Kebijakan Satu Peta","sourceUrl":"https://kspservices.big.go.id/satupeta/rest/services/PUBLIK/PERIZINAN_DAN_PERTANAHAN/MapServer/4","retrievedAt":"2026-08-28T06:57:32Z","geometryProcessing":"web display simplification tolerance 0.00035 degrees","name":"JANONG DG. BELLA","issuer":"GUBERNUR","province":"SULAWESI SELATAN","district":"GOWA","permitNumber":"65/I.03.P/P2T/10/2017","permitType":"SDR","miningType":"IUP","commodity":"KERIKIL BERPASIR ALAMI (SIRTU)","status":"2","validFrom":"2017-10-25","validTo":"2022-10-25","areaHa":9.0,"location":"DESA LONJOBOKO, KEC. PARANGLOE, KAB. GOWA","sourceRemark":"-","region":"sulawesi"},"geometry":{"type":"Polygon","coordinates":[[[119.75556,-5.28028],[119.755,-5.28028],[119.755,-5.27936],[119.75386,-5.27936],[119.75386,-5.28314],[119.75833,-5.28314],[119.75833,-5.28256],[119.75608,-5.28256],[119.75556,-5.28028]]]}},{"type":"Feature","properties":{"inventoryId":"big-mining-wiup:3939","sector":"Tambang","subtype":"WIUP","quality":"OFFICIAL","sourceDataset":"big-mining-wiup","sourceRecordId":"3939","source":"BIG Kebijakan Satu Peta","sourceUrl":"https://kspservices.big.go.id/satupeta/rest/services/PUBLIK/PERIZINAN_DAN_PERTANAHAN/MapServer/4","retrievedAt":"2026-08-28T06:57:32Z","geometryProcessing":"web display simplification tolerance 0.00035 degrees","name":"JASATAMA MANDIRI SUKSES","issuer":"MENTERI","province":"SULAWESI TENGAH","district":"MOROWALI","permitNumber":"1581/1/IUP/PMDN/2021","permitType":"PT","miningType":"IUP","commodity":"BATU GAMPING UNTUK INDUSTRI","status":"1","validFrom":"2021-11-23","validTo":"2024-11-23","areaHa":99.0,"location":"DESA SAMBALAGI KECAMATAN BUNGKU PESISIR KABUPATEN MOROWALI PROVINSI SULAWESI TENGAH","sourceRemark":"-","region":"sulawesi"},"geometry":{"type":"Polygon","coordinates":[[[122.29786,-3.05991],[122.29786,-3.06899],[122.30969,-3.06899],[122.30969,-3.0661],[122.30747,-3.0661],[122.30747,-3.06452],[122.30509,-3.06452],[122.30509,-3.06121],[122.30396,-3.06121],[122.30396,-3.05991],[122.29786,-3.05991]]]}},{"type":"Feature","properties":{"inventoryId":"big-mining-wiup:255","sector":"Tambang","subtype":"WIUP","quality":"OFFICIAL","sourceDataset":"big-mining-wiup","sourceRecordId":"255","source":"BIG Kebijakan Satu Peta","sourceUrl":"https://kspservices.big.go.id/satupeta/rest/services/PUBLIK/PERIZINAN_DAN_PERTANAHAN/MapServer/4","retrievedAt":"2026-08-28T06:57:32Z","geometryProcessing":"web display simplification tolerance 0.00035 degrees","name":"JATROPHA BANGKIT PERKASA","issuer":"BUPATI","province":"SULAWESI SELATAN","district":"BONE","permitNumber":"251 TAHUN 2012","permitType":"PT","miningType":"IUP","commodity":"MANGAN","status":"2","validFrom":"2012-06-19","validTo":"2027-06-18","areaHa":2000.0,"location":"DESA TEBBA, KEC SALOMEKKO DAN","sourceRemark":"-","region":"sulawesi"},"geometry":{"type":"Polygon","coordinates":[[[120.20293,-4.99314],[120.20293,-5.01786],[120.21434,-5.01786],[120.21434,-5.02146],[120.22244,-5.02146],[120.22244,-5.03034],[120.25931,-5.03034],[120.25931,-4.99993],[120.24896,-4.99993],[120.24896,-4.99787],[120.23794,-4.99787],[120.23794,-5.00062],[120.22388,-5.00062],[120.22388,-4.99648],[120.2134,-4.99648],[120.2134,-4.99314],[120.20293,-4.99314]]]}},{"type":"Feature","properties":{"inventoryId":"big-mining-wiup:2730","sector":"Tambang","subtype":"WIUP","quality":"OFFICIAL","sourceDataset":"big-mining-wiup","sourceRecordId":"2730","source":"BIG Kebijakan Satu Peta","sourceUrl":"https://kspservices.big.go.id/satupeta/rest/services/PUBLIK/PERIZINAN_DAN_PERTANAHAN/MapServer/4","retrievedAt":"2026-08-28T06:57:32Z","geometryProcessing":"web display simplification tolerance 0.00035 degrees","name":"JAYA KONSTRUKSI MANGGALA PRATAMA, TBK","issuer":"GUBERNUR","province":"SULAWESI SELATAN","district":"LUWU UTARA","permitNumber":"75/I.03/PTSP/2019","permitType":"PT","miningType":"IUP","commodity":"TANAH URUG","status":"2","validFrom":"2019-07-25","validTo":"2024-07-25","areaHa":9.48,"location":"DESA HARAPAN, KEC. MAPPEDECENG, KAB. LUWU UTARA","sourceRemark":"-","region":"sulawesi"},"geometry":{"type":"Polygon","coordinates":[[[120.38493,-2.53754],[120.38299,-2.53708],[120.38278,-2.5395],[120.3839,-2.54192],[120.38478,-2.54148],[120.38493,-2.53754]]]}},{"type":"Feature","properties":{"inventoryId":"big-mining-wiup:240","sector":"Tambang","subtype":"WIUP","quality":"OFFICIAL","sourceDataset":"big-mining-wiup","sourceRecordId":"240","source":"BIG Kebijakan Satu Peta","sourceUrl":"https://kspservices.big.go.id/satupeta/rest/services/PUBLIK/PERIZINAN_DAN_PERTANAHAN/MapServer/4","retrievedAt":"2026-08-28T06:57:32Z","geometryProcessing":"web display simplification tolerance 0.00035 degrees","name":"JIHUA BIOTECH INDUSTRY","issuer":"GUBERNUR","province":"GORONTALO","district":"GORONTALO UTARA","permitNumber":"194/BPMPTSP/P-IUP-OP/XI/2016","permitType":"PT","miningType":"IUP","commodity":"EMAS DMP","status":"2","validFrom":"2016-11-03","validTo":"2028-03-26","areaHa":300.0,"location":"DESA BULADU KEC SUMALATA KAB GORONTALO UTARA","sourceRemark":"-","region":"sulawesi"},"geometry":{"type":"Polygon","coordinates":[[[122.49278,0.95],[122.50889,0.95],[122.50889,0.96583],[122.49278,0.96583],[122.49278,0.95]]]}},{"type":"Feature","properties":{"inventoryId":"big-mining-wiup:1984","sector":"Tambang","subtype":"WIUP","quality":"OFFICIAL","sourceDataset":"big-mining-wiup","sourceRecordId":"1984","source":"BIG Kebijakan Satu Peta","sourceUrl":"https://kspservices.big.go.id/satupeta/rest/services/PUBLIK/PERIZINAN_DAN_PERTANAHAN/MapServer/4","retrievedAt":"2026-08-28T06:57:32Z","geometryProcessing":"web display simplification tolerance 0.00035 degrees","name":"JUBA PRATAMA","issuer":"GUBERNUR","province":"SULAWESI TENGAH","district":"KOTA PALU","permitNumber":"540/889/IUP-OP/DPMPTSP/2017","permitType":"PT","miningType":"IUP","commodity":"BATUAN","status":"2","validFrom":"2017-11-02","validTo":"2022-11-02","areaHa":8.98,"location":"WATUSAMPU, KOTA PALU","sourceRemark":"-","region":"sulawesi"},"geometry":{"type":"Polygon","coordinates":[[[119.7916,-0.8156],[119.79184,-0.81767],[119.79047,-0.82032],[119.79422,-0.81869],[119.79417,-0.81734],[119.79275,-0.81758],[119.7916,-0.8156]]]}},{"type":"Feature","properties":{"inventoryId":"big-mining-wiup:3486","sector":"Tambang","subtype":"WIUP","quality":"OFFICIAL","sourceDataset":"big-mining-wiup","sourceRecordId":"3486","source":"BIG Kebijakan Satu Peta","sourceUrl":"https://kspservices.big.go.id/satupeta/rest/services/PUBLIK/PERIZINAN_DAN_PERTANAHAN/MapServer/4","retrievedAt":"2026-08-28T06:57:32Z","geometryProcessing":"web display simplification tolerance 0.00035 degrees","name":"JUYOMI SINAR LABUAN","issuer":"GUBERNUR","province":"SULAWESI TENGAH","district":"DONGGALA","permitNumber":"540/049/IUP-OP/DPMPTSP/2020","permitType":"PT","miningType":"IUP","commodity":"KERIKIL BERPASIR ALAMI (SIRTU)","status":"2","validFrom":"2020-01-23","validTo":"2025-01-23","areaHa":19.5,"location":"LABUAN LELEA","sourceRemark":"-","region":"sulawesi"},"geometry":{"type":"Polygon","coordinates":[[[119.84684,-0.66058],[119.84321,-0.66429],[119.84125,-0.66757],[119.84314,-0.66777],[119.84314,-0.66664],[119.84414,-0.66477],[119.84699,-0.66355],[119.84917,-0.66162],[119.84877,-0.66058],[119.84684,-0.66058]]]}},{"type":"Feature","properties":{"inventoryId":"big-mining-wiup:1512","sector":"Tambang","subtype":"WIUP","quality":"OFFICIAL","sourceDataset":"big-mining-wiup","sourceRecordId":"1512","source":"BIG Kebijakan Satu Peta","sourceUrl":"https://kspservices.big.go.id/satupeta/rest/services/PUBLIK/PERIZINAN_DAN_PERTANAHAN/MapServer/4","retrievedAt":"2026-08-28T06:57:32Z","geometryProcessing":"web display simplification tolerance 0.00035 degrees","name":"KABAENA KROMIT PRATHAMA","issuer":"BUPATI","province":"SULAWESI TENGGARA","district":"KONAWE UTARA","permitNumber":"843 TAHUN 2010","permitType":"PT","miningType":"IUP","commodity":"NIKEL","status":"2","validFrom":"2010-12-14","validTo":"2030-12-14","areaHa":102.6,"location":"KEC. MOLAWE, KAB. KONAWE UTARA","sourceRemark":"-","region":"sulawesi"},"geometry":{"type":"Polygon","coordinates":[[[122.19259,-3.56764],[122.19259,-3.57348],[122.19065,-3.57348],[122.19065,-3.58094],[122.19861,-3.58094],[122.19861,-3.57361],[122.19676,-3.57361],[122.19668,-3.56766],[122.19259,-3.56764]]]}},{"type":"Feature","properties":{"inventoryId":"big-mining-wiup:1534","sector":"Tambang","subtype":"WIUP","quality":"OFFICIAL","sourceDataset":"big-mining-wiup","sourceRecordId":"1534","source":"BIG Kebijakan Satu Peta","sourceUrl":"https://kspservices.big.go.id/satupeta/rest/services/PUBLIK/PERIZINAN_DAN_PERTANAHAN/MapServer/4","retrievedAt":"2026-08-28T06:57:32Z","geometryProcessing":"web display simplification tolerance 0.00035 degrees","name":"KALLA AREBAMMA","issuer":"BUPATI","province":"SULAWESI SELATAN","district":"LUWU UTARA","permitNumber":"2/I.03G.P/P2T/10/2017","permitType":"PT","miningType":"IUP","commodity":"BIJIH BESI","status":"2","validFrom":"2017-06-05","validTo":"2037-05-05","areaHa":6812.0,"location":"SEKO","sourceRemark":"-","region":"sulawesi"},"geometry":{"type":"Polygon","coordinates":[[[119.8983,-2.1679],[119.94944,-2.1679],[119.94944,-2.20147],[119.96561,-2.20147],[119.96561,-2.30145],[119.97484,-2.30145],[119.97484,-2.1189],[119.8983,-2.1189],[119.8983,-2.1679]]]}},{"type":"Feature","properties":{"inventoryId":"big-mining-wiup:174","sector":"Tambang","subtype":"WIUP","quality":"OFFICIAL","sourceDataset":"big-mining-wiup","sourceRecordId":"174","source":"BIG Kebijakan Satu Peta","sourceUrl":"https://kspservices.big.go.id/satupeta/rest/services/PUBLIK/PERIZINAN_DAN_PERTANAHAN/MapServer/4","retrievedAt":"2026-08-28T06:57:32Z","geometryProcessing":"web display simplification tolerance 0.00035 degrees","name":"KALLA AREBAMMA","issuer":"BUPATI","province":"SULAWESI SELATAN","district":"LUWU UTARA","permitNumber":"1/1.03G.P/P2T/10/2017","permitType":"PT","miningType":"IUP","commodity":"EMAS","status":"2","validFrom":"2017-04-25","validTo":"2037-04-24","areaHa":12010.0,"location":"RAMPI","sourceRemark":"-","region":"sulawesi"},"geometry":{"type":"Polygon","coordinates":[[[120.16778,-2.09546],[120.16778,-2.13054],[120.18685,-2.13054],[120.18685,-2.1205],[120.2546,-2.1205],[120.2546,-2.12951],[120.27162,-2.12951],[120.27162,-2.14],[120.27822,-2.14],[120.27822,-2.14582],[120.2996,-2.14582],[120.2996,-2.17561],[120.30973,-2.17561],[120.30973,-2.18742],[120.31943,-2.18742],[120.31943,-2.19881],[120.34373,-2.19881],[120.34373,-2.19116],[120.41673,-2.19116],[120.41673,-2.08889],[120.38966,-2.08889],[120.38966,-2.16769],[120.36962,-2.16769],[120.36962,-2.17387],[120.3543,-2.17387],[120.3543,-2.16638],[120.34333,-2.16638],[120.34333,-2.14983],[120.32223,-2.14983],[120.32223,-2.12422],[120.30525,-2.12422],[120.30525,-2.11548],[120.26526,-2.11548],[120.26526,-2.10996],[120.25849,-2.10996],[120.25849,-2.09811],[120.25366,-2.09811],[120.25366,-2.09546],[120.16778,-2.09546]]]}},{"type":"Feature","properties":{"inventoryId":"big-mining-wiup:4525","sector":"Tambang","subtype":"WIUP","quality":"OFFICIAL","sourceDataset":"big-mining-wiup","sourceRecordId":"4525","source":"BIG Kebijakan Satu Peta","sourceUrl":"https://kspservices.big.go.id/satupeta/rest/services/PUBLIK/PERIZINAN_DAN_PERTANAHAN/MapServer/4","retrievedAt":"2026-08-28T06:57:32Z","geometryProcessing":"web display simplification tolerance 0.00035 degrees","name":"KAMARUDDIN","issuer":"GUBERNUR","province":"SULAWESI SELATAN","district":"WAJO","permitNumber":"61/I.03/PTSP/2019","permitType":"SDR","miningType":"IUP","commodity":"PASIR","status":"2","validFrom":"2019-07-01","validTo":"2022-06-30","areaHa":1.71,"location":"DESA SALOTENGNGA, KECAMATAN SABBANGPARU, KABUPATEN WAJO, SUL-SEL","sourceRemark":"-","region":"sulawesi"},"geometry":{"type":"Polygon","coordinates":[[[119.99953,-4.22019],[119.999,-4.21915],[119.99806,-4.22106],[119.99953,-4.22061],[119.99953,-4.22019]]]}},{"type":"Feature","properties":{"inventoryId":"big-mining-wiup:1953","sector":"Tambang","subtype":"WIUP","quality":"OFFICIAL","sourceDataset":"big-mining-wiup","sourceRecordId":"1953","source":"BIG Kebijakan Satu Peta","sourceUrl":"https://kspservices.big.go.id/satupeta/rest/services/PUBLIK/PERIZINAN_DAN_PERTANAHAN/MapServer/4","retrievedAt":"2026-08-28T06:57:32Z","geometryProcessing":"web display simplification tolerance 0.00035 degrees","name":"KARIVAN MUDA PRATAMA","issuer":"GUBERNUR","province":"SULAWESI TENGAH","district":"PARIGI MOUTONG","permitNumber":"540/342/IUP-OP/DPMPTSP/2018","permitType":"PT","miningType":"IUP","commodity":"BATUAN","status":"2","validFrom":"2018-05-30","validTo":"2023-05-30","areaHa":20.06,"location":"TORUE, PARIGI MOUTONG","sourceRemark":"-","region":"sulawesi"},"geometry":{"type":"Polygon","coordinates":[[[120.30866,-0.97943],[120.30877,-0.978],[120.30829,-0.978],[120.30791,-0.97994],[120.30756,-0.98953],[120.30616,-0.99104],[120.3068,-0.99377],[120.30618,-0.99549],[120.30764,-0.99432],[120.30685,-0.99199],[120.30846,-0.98982],[120.30918,-0.98649],[120.30866,-0.97943]]]}},{"type":"Feature","properties":{"inventoryId":"big-mining-wiup:4430","sector":"Tambang","subtype":"WIUP","quality":"OFFICIAL","sourceDataset":"big-mining-wiup","sourceRecordId":"4430","source":"BIG Kebijakan Satu Peta","sourceUrl":"https://kspservices.big.go.id/satupeta/rest/services/PUBLIK/PERIZINAN_DAN_PERTANAHAN/MapServer/4","retrievedAt":"2026-08-28T06:57:32Z","geometryProcessing":"web display simplification tolerance 0.00035 degrees","name":"KARLINA RUSTAM","issuer":"GUBERNUR","province":"SULAWESI SELATAN","district":"LUWU","permitNumber":"83/I.03/PTSP/2018","permitType":"SDR","miningType":"IUP","commodity":"TANAH URUG","status":"2","validFrom":"2018-05-21","validTo":"2023-05-21","areaHa":3.5,"location":"DESA TAMPUMIA RADDA, KECAMATAN RADDA","sourceRemark":"-","region":"sulawesi"},"geometry":{"type":"Polygon","coordinates":[[[120.35596,-3.38971],[120.35648,-3.39225],[120.35739,-3.39225],[120.35734,-3.39009],[120.35596,-3.38971]]]}},{"type":"Feature","properties":{"inventoryId":"big-mining-wiup:187","sector":"Tambang","subtype":"WIUP","quality":"OFFICIAL","sourceDataset":"big-mining-wiup","sourceRecordId":"187","source":"BIG Kebijakan Satu Peta","sourceUrl":"https://kspservices.big.go.id/satupeta/rest/services/PUBLIK/PERIZINAN_DAN_PERTANAHAN/MapServer/4","retrievedAt":"2026-08-28T06:57:32Z","geometryProcessing":"web display simplification tolerance 0.00035 degrees","name":"KARS INDONESIA MANDIRI","issuer":"MENTERI","province":"SULAWESI SELATAN","district":"PANGKAJENE DAN KEPULAUAN","permitNumber":"57/1/IUP/PMA/2018","permitType":"PT","miningType":"IUP","commodity":"MARMER","status":"2","validFrom":"2018-08-23","validTo":"2023-08-23","areaHa":30.0,"location":"DESA MANGILU, KEC. BUNGORO, KAB. PANGKAJENE DAN KEPULAUAN","sourceRemark":"PMA","region":"sulawesi"},"geometry":{"type":"MultiPolygon","coordinates":[[[[119.65898,-4.7962],[119.66102,-4.7962],[119.66102,-4.79528],[119.66009,-4.79528],[119.66009,-4.79324],[119.66231,-4.79324],[119.66231,-4.79481],[119.66528,-4.79481],[119.66528,-4.79342],[119.66361,-4.79342],[119.66361,-4.79157],[119.65898,-4.79157],[119.65898,-4.7962]]],[[[119.66102,-4.79824],[119.66574,-4.79824],[119.66574,-4.7962],[119.66102,-4.7962],[119.66102,-4.79824]]]]}},{"type":"Feature","properties":{"inventoryId":"big-mining-wiup:66","sector":"Tambang","subtype":"WIUP","quality":"OFFICIAL","sourceDataset":"big-mining-wiup","sourceRecordId":"66","source":"BIG Kebijakan Satu Peta","sourceUrl":"https://kspservices.big.go.id/satupeta/rest/services/PUBLIK/PERIZINAN_DAN_PERTANAHAN/MapServer/4","retrievedAt":"2026-08-28T06:57:32Z","geometryProcessing":"web display simplification tolerance 0.00035 degrees","name":"KARSA CIPTA PERSADA","issuer":"BUPATI","province":"SULAWESI TENGGARA","district":"BUTON SELATAN","permitNumber":"941 TAHUN 2013","permitType":"PT","miningType":"IUP","commodity":"ASPAL","status":"2","validFrom":"2013-11-01","validTo":"2033-11-01","areaHa":1722.0,"location":"KEC. SAMPOLAWA","sourceRemark":"-","region":"sulawesi"},"geometry":{"type":"Polygon","coordinates":[[[122.70611,-5.54222],[122.70611,-5.58972],[122.725,-5.58972],[122.725,-5.57917],[122.74278,-5.57917],[122.74278,-5.55583],[122.73194,-5.55583],[122.73194,-5.54222],[122.70611,-5.54222]]]}},{"type":"Feature","properties":{"inventoryId":"big-mining-wiup:335","sector":"Tambang","subtype":"WIUP","quality":"OFFICIAL","sourceDataset":"big-mining-wiup","sourceRecordId":"335","source":"BIG Kebijakan Satu Peta","sourceUrl":"https://kspservices.big.go.id/satupeta/rest/services/PUBLIK/PERIZINAN_DAN_PERTANAHAN/MapServer/4","retrievedAt":"2026-08-28T06:57:32Z","geometryProcessing":"web display simplification tolerance 0.00035 degrees","name":"KARUNIA ALAM INDONESIA","issuer":"BUPATI","province":"SULAWESI TENGGARA","district":"BUTON","permitNumber":"685 TAHUN 2011","permitType":"PT","miningType":"IUP","commodity":"ASPAL","status":"2","validFrom":"2011-08-18","validTo":"2031-11-24","areaHa":319.5,"location":"DESA SUANDALA DAN LAWELE KECAM","sourceRemark":"-","region":"sulawesi"},"geometry":{"type":"Polygon","coordinates":[[[122.96121,-5.2279],[122.9612,-5.22619],[122.95328,-5.22619],[122.95328,-5.22769],[122.95,-5.22775],[122.95,-5.23975],[122.97699,-5.23978],[122.97696,-5.23194],[122.96775,-5.23194],[122.96775,-5.23311],[122.96121,-5.23311],[122.96121,-5.2279]]]}},{"type":"Feature","properties":{"inventoryId":"big-mining-wiup:3977","sector":"Tambang","subtype":"WIUP","quality":"OFFICIAL","sourceDataset":"big-mining-wiup","sourceRecordId":"3977","source":"BIG Kebijakan Satu Peta","sourceUrl":"https://kspservices.big.go.id/satupeta/rest/services/PUBLIK/PERIZINAN_DAN_PERTANAHAN/MapServer/4","retrievedAt":"2026-08-28T06:57:32Z","geometryProcessing":"web display simplification tolerance 0.00035 degrees","name":"KARUNIA JAYA SEJATI","issuer":"GUBERNUR","province":"SULAWESI UTARA","district":"BOLAANG MONGONDOW TIMUR","permitNumber":"503/DPMPTSPD/IUP-OP/256/IX/2018","permitType":"PT","miningType":"IUP","commodity":"BATUAN","status":"2","validFrom":"2018-09-28","validTo":"2023-09-28","areaHa":0.8460000000000001,"location":"DESA MATABULU, KEC. NUANGAN, KEC. BOLAANG MONGONDOW TIMUR","sourceRemark":"-","region":"sulawesi"},"geometry":{"type":"Polygon","coordinates":[[[124.46936,0.53429],[124.4688,0.53423],[124.46982,0.5341],[124.46979,0.53323],[124.47091,0.53378],[124.47262,0.53244],[124.47495,0.53198],[124.47263,0.53249],[124.4724,0.53329],[124.46936,0.53429]]]}},{"type":"Feature","properties":{"inventoryId":"big-mining-wiup:1636","sector":"Tambang","subtype":"WIUP","quality":"OFFICIAL","sourceDataset":"big-mining-wiup","sourceRecordId":"1636","source":"BIG Kebijakan Satu Peta","sourceUrl":"https://kspservices.big.go.id/satupeta/rest/services/PUBLIK/PERIZINAN_DAN_PERTANAHAN/MapServer/4","retrievedAt":"2026-08-28T06:57:32Z","geometryProcessing":"web display simplification tolerance 0.00035 degrees","name":"KARYA ALAM ABADI","issuer":"GUBERNUR","province":"SULAWESI TENGGARA","district":"KONAWE UTARA","permitNumber":"730/DPMPTSP/XII/2020","permitType":"PT","miningType":"IUP","commodity":"NIKEL","status":"2","validFrom":"2017-09-20","validTo":"2037-09-19","areaHa":1036.0,"location":"KECAMATAN LANGGIKIMA KABUPATEN KONAWE UTARA","sourceRemark":"-","region":"sulawesi"},"geometry":{"type":"Polygon","coordinates":[[[122.31964,-3.37827],[122.31966,-3.40463],[122.34837,-3.40463],[122.34837,-3.40239],[122.36928,-3.40239],[122.36928,-3.3909],[122.34531,-3.3909],[122.34531,-3.3884],[122.33363,-3.3884],[122.33363,-3.37827],[122.31964,-3.37827]]]}},{"type":"Feature","properties":{"inventoryId":"big-mining-wiup:599","sector":"Tambang","subtype":"WIUP","quality":"OFFICIAL","sourceDataset":"big-mining-wiup","sourceRecordId":"599","source":"BIG Kebijakan Satu Peta","sourceUrl":"https://kspservices.big.go.id/satupeta/rest/services/PUBLIK/PERIZINAN_DAN_PERTANAHAN/MapServer/4","retrievedAt":"2026-08-28T06:57:32Z","geometryProcessing":"web display simplification tolerance 0.00035 degrees","name":"KARYA BUANA BUTON","issuer":"GUBERNUR","province":"SULAWESI TENGGARA","district":"BUTON","permitNumber":"594/DPMPTSP/VI/2017","permitType":"PT","miningType":"IUP","commodity":"ASPAL","status":"2","validFrom":"2009-12-31","validTo":"2029-12-30","areaHa":961.0,"location":"KEC. LASALIMU","sourceRemark":"-","region":"sulawesi"},"geometry":{"type":"Polygon","coordinates":[[[122.97505,-5.20615],[122.98308,-5.20615],[122.98308,-5.19965],[122.99745,-5.19965],[122.99745,-5.21312],[123.00827,-5.21312],[123.00826,-5.17301],[122.99761,-5.17301],[122.99761,-5.18339],[122.98756,-5.18339],[122.98756,-5.18617],[122.98061,-5.18617],[122.98061,-5.19423],[122.97505,-5.19423],[122.97505,-5.20615]]]}},{"type":"Feature","properties":{"inventoryId":"big-mining-wiup:600","sector":"Tambang","subtype":"WIUP","quality":"OFFICIAL","sourceDataset":"big-mining-wiup","sourceRecordId":"600","source":"BIG Kebijakan Satu Peta","sourceUrl":"https://kspservices.big.go.id/satupeta/rest/services/PUBLIK/PERIZINAN_DAN_PERTANAHAN/MapServer/4","retrievedAt":"2026-08-28T06:57:32Z","geometryProcessing":"web display simplification tolerance 0.00035 degrees","name":"KARYA CITRA BUTON","issuer":"GUBERNUR","province":"SULAWESI TENGGARA","district":"BUTON","permitNumber":"595/DPM-PTSP/VI/2017","permitType":"PT","miningType":"IUP","commodity":"ASPAL","status":"2","validFrom":"2009-12-31","validTo":"2029-12-30","areaHa":1000.0,"location":"KEC. LASALIMU","sourceRemark":"-","region":"sulawesi"},"geometry":{"type":"Polygon","coordinates":[[[123.00826,-5.16681],[123.00827,-5.21328],[122.99745,-5.21328],[122.99745,-5.22056],[123.01661,-5.22056],[123.01661,-5.19996],[123.02217,-5.19996],[123.02217,-5.18339],[123.02804,-5.18339],[123.02804,-5.16681],[123.00826,-5.16681]]]}},{"type":"Feature","properties":{"inventoryId":"big-mining-wiup:1377","sector":"Tambang","subtype":"WIUP","quality":"OFFICIAL","sourceDataset":"big-mining-wiup","sourceRecordId":"1377","source":"BIG Kebijakan Satu Peta","sourceUrl":"https://kspservices.big.go.id/satupeta/rest/services/PUBLIK/PERIZINAN_DAN_PERTANAHAN/MapServer/4","retrievedAt":"2026-08-28T06:57:32Z","geometryProcessing":"web display simplification tolerance 0.00035 degrees","name":"KARYA GROUP PERKASA","issuer":"GUBERNUR","province":"SULAWESI TENGGARA","district":"KONAWE UTARA","permitNumber":"672/DPM-PTSP/VIII/2017","permitType":"PT","miningType":"IUP","commodity":"BATU GAMPING","status":"2","validFrom":"2017-08-04","validTo":"2022-08-04","areaHa":68.54,"location":"Wawoluri Kec. Motui","sourceRemark":"-","region":"sulawesi"},"geometry":{"type":"Polygon","coordinates":[[[122.42,-3.79654],[122.42313,-3.79654],[122.42313,-3.79579],[122.42788,-3.79537],[122.42788,-3.79691],[122.42872,-3.79691],[122.42872,-3.79784],[122.42687,-3.79784],[122.42687,-3.79881],[122.43222,-3.79881],[122.43222,-3.79528],[122.42597,-3.79528],[122.42597,-3.78886],[122.42906,-3.78886],[122.42906,-3.78794],[122.42532,-3.78794],[122.42533,-3.78947],[122.42367,-3.78947],[122.42367,-3.79036],[122.42,-3.79036],[122.42,-3.79654]]]}},{"type":"Feature","properties":{"inventoryId":"big-mining-wiup:1186","sector":"Tambang","subtype":"WIUP","quality":"OFFICIAL","sourceDataset":"big-mining-wiup","sourceRecordId":"1186","source":"BIG Kebijakan Satu Peta","sourceUrl":"https://kspservices.big.go.id/satupeta/rest/services/PUBLIK/PERIZINAN_DAN_PERTANAHAN/MapServer/4","retrievedAt":"2026-08-28T06:57:32Z","geometryProcessing":"web display simplification tolerance 0.00035 degrees","name":"KARYA MEGAH BUTON","issuer":"BUPATI","province":"SULAWESI TENGGARA","district":"BUTON","permitNumber":"118 TAHUN 2014","permitType":"PT","miningType":"IUP","commodity":"ASPAL","status":"2","validFrom":"2014-02-05","validTo":"2026-11-16","areaHa":830.79,"location":"KEC. LASALIMU","sourceRemark":"-","region":"sulawesi"},"geometry":{"type":"Polygon","coordinates":[[[122.93972,-5.25],[122.98306,-5.25],[122.98306,-5.2063],[122.97417,-5.2063],[122.97417,-5.21083],[122.97541,-5.21083],[122.97541,-5.21244],[122.97618,-5.21244],[122.97618,-5.21332],[122.97737,-5.21332],[122.97737,-5.21599],[122.97647,-5.21599],[122.97647,-5.21752],[122.97552,-5.21752],[122.97552,-5.21909],[122.97415,-5.21909],[122.97415,-5.22088],[122.97344,-5.22088],[122.9729,-5.22386],[122.97708,-5.22386],[122.97708,-5.23981],[122.93972,-5.23981],[122.93972,-5.25]]]}},{"type":"Feature","properties":{"inventoryId":"big-mining-wiup:1509","sector":"Tambang","subtype":"WIUP","quality":"OFFICIAL","sourceDataset":"big-mining-wiup","sourceRecordId":"1509","source":"BIG Kebijakan Satu Peta","sourceUrl":"https://kspservices.big.go.id/satupeta/rest/services/PUBLIK/PERIZINAN_DAN_PERTANAHAN/MapServer/4","retrievedAt":"2026-08-28T06:57:32Z","geometryProcessing":"web display simplification tolerance 0.00035 degrees","name":"KARYATAMA KONAWE UTARA","issuer":"MENTERI","province":"SULAWESI TENGGARA","district":"KONAWE UTARA","permitNumber":"34/1/IUP/PMA/2017","permitType":"PT","miningType":"IUP","commodity":"BIJIH NIKEL","status":"2","validFrom":"2017-08-01","validTo":"2029-12-13","areaHa":3119.0,"location":"KEC. ASERA, KONAWE UTARA","sourceRemark":"PMA","region":"sulawesi"},"geometry":{"type":"Polygon","coordinates":[[[122.22389,-3.23006],[122.21494,-3.23006],[122.21494,-3.23572],[122.21183,-3.23572],[122.21183,-3.24078],[122.20878,-3.24078],[122.20878,-3.24544],[122.20508,-3.24544],[122.20508,-3.26964],[122.20175,-3.26964],[122.20175,-3.27333],[122.21556,-3.27333],[122.21556,-3.27086],[122.21917,-3.27086],[122.21917,-3.27328],[122.22353,-3.27328],[122.22353,-3.24928],[122.23361,-3.24928],[122.23361,-3.23658],[122.23592,-3.23658],[122.23592,-3.23975],[122.23833,-3.23975],[122.23833,-3.24306],[122.24019,-3.24306],[122.24019,-3.24731],[122.24311,-3.24731],[122.24311,-3.25],[122.25476,-3.25],[122.25476,-3.24839],[122.25744,-3.24839],[122.25744,-3.24725],[122.25961,-3.24725],[122.25961,-3.25],[122.27361,-3.25],[122.27361,-3.24231],[122.27553,-3.24231],[122.27553,-3.23942],[122.27756,-3.23942],[122.27756,-3.24411],[122.27614,-3.24411],[122.27614,-3.24592],[122.27669,-3.24592],[122.27669,-3.24778],[122.27744,-3.24778],[122.27744,-3.25],[122.27914,-3.25],[122.27914,-3.23336],[122.28611,-3.23336],[122.28611,-3.21669],[122.23411,-3.21669],[122.23411,-3.21722],[122.22389,-3.21722],[122.22389,-3.23006]]]}},{"type":"Feature","properties":{"inventoryId":"big-mining-wiup:2182","sector":"Tambang","subtype":"WIUP","quality":"OFFICIAL","sourceDataset":"big-mining-wiup","sourceRecordId":"2182","source":"BIG Kebijakan Satu Peta","sourceUrl":"https://kspservices.big.go.id/satupeta/rest/services/PUBLIK/PERIZINAN_DAN_PERTANAHAN/MapServer/4","retrievedAt":"2026-08-28T06:57:32Z","geometryProcessing":"web display simplification tolerance 0.00035 degrees","name":"KASMAR TIAR RAYA","issuer":"BUPATI","province":"SULAWESI TENGGARA","district":"KOLAKA UTARA","permitNumber":"540/234 TAHUN 2012","permitType":"PT","miningType":"IUP","commodity":"NIKEL","status":"2","validFrom":"2012-09-06","validTo":"2022-09-06","areaHa":199.0,"location":"BATUPUTIH","sourceRemark":"-","region":"sulawesi"},"geometry":{"type":"Polygon","coordinates":[[[121.09442,-3.07891],[121.10511,-3.07891],[121.10511,-3.05693],[121.099,-3.05693],[121.099,-3.07354],[121.09442,-3.07354],[121.09442,-3.07891]]]}},{"type":"Feature","properties":{"inventoryId":"big-mining-wiup:4093","sector":"Tambang","subtype":"WIUP","quality":"OFFICIAL","sourceDataset":"big-mining-wiup","sourceRecordId":"4093","source":"BIG Kebijakan Satu Peta","sourceUrl":"https://kspservices.big.go.id/satupeta/rest/services/PUBLIK/PERIZINAN_DAN_PERTANAHAN/MapServer/4","retrievedAt":"2026-08-28T06:57:32Z","geometryProcessing":"web display simplification tolerance 0.00035 degrees","name":"KASMAR TIAR RAYA","issuer":"MENTERI","province":"SULAWESI TENGGARA","district":"KOLAKA UTARA","permitNumber":"788/1/IUP/PMDN/2021","permitType":"PT","miningType":"IUP","commodity":"NIKEL","status":"2","validFrom":"2021-06-21","validTo":"2031-06-21","areaHa":955.0,"location":"KEC. BATU PUTIH","sourceRemark":"-","region":"sulawesi"},"geometry":{"type":"Polygon","coordinates":[[[121.08728,-3.02008],[121.08728,-3.06681],[121.07417,-3.06681],[121.07417,-3.07297],[121.09842,-3.07297],[121.09842,-3.02008],[121.08728,-3.02008]]]}},{"type":"Feature","properties":{"inventoryId":"big-mining-wiup:2173","sector":"Tambang","subtype":"WIUP","quality":"OFFICIAL","sourceDataset":"big-mining-wiup","sourceRecordId":"2173","source":"BIG Kebijakan Satu Peta","sourceUrl":"https://kspservices.big.go.id/satupeta/rest/services/PUBLIK/PERIZINAN_DAN_PERTANAHAN/MapServer/4","retrievedAt":"2026-08-28T06:57:32Z","geometryProcessing":"web display simplification tolerance 0.00035 degrees","name":"KEINZ VENTURA","issuer":"BUPATI","province":"SULAWESI TENGAH","district":"MOROWALI UTARA","permitNumber":"540.3/SK.001/DESDM/XI/2012","permitType":"PT","miningType":"IUP","commodity":"NIKEL DMP","status":"2","validFrom":"2012-11-05","validTo":"2022-10-22","areaHa":1205.0,"location":"DESA TOMPIRA, BUNGINTIMBE, TOWARA DAN MOLINO, KEC. PETASIA, KAB. MOROWALI","sourceRemark":"-","region":"sulawesi"},"geometry":{"type":"Polygon","coordinates":[[[121.39138,-2.08741],[121.39138,-2.11242],[121.40307,-2.11242],[121.40307,-2.10036],[121.43433,-2.10036],[121.43433,-2.11255],[121.45415,-2.11255],[121.45415,-2.0996],[121.43865,-2.0996],[121.43865,-2.08944],[121.44195,-2.08944],[121.44195,-2.08106],[121.43496,-2.08106],[121.43496,-2.08474],[121.4318,-2.08474],[121.4318,-2.09045],[121.40193,-2.09045],[121.40193,-2.08741],[121.39138,-2.08741]]]}},{"type":"Feature","properties":{"inventoryId":"big-mining-wiup:4010","sector":"Tambang","subtype":"WIUP","quality":"OFFICIAL","sourceDataset":"big-mining-wiup","sourceRecordId":"4010","source":"BIG Kebijakan Satu Peta","sourceUrl":"https://kspservices.big.go.id/satupeta/rest/services/PUBLIK/PERIZINAN_DAN_PERTANAHAN/MapServer/4","retrievedAt":"2026-08-28T06:57:32Z","geometryProcessing":"web display simplification tolerance 0.00035 degrees","name":"KELOMPOK DELAPAN INDONESIA","issuer":"GUBERNUR","province":"SULAWESI TENGGARA","district":"KONAWE UTARA","permitNumber":"233/DPMPTSP/V/2020","permitType":"PT","miningType":"IUP","commodity":"NIKEL","status":"2","validFrom":"2020-05-04","validTo":"2030-09-16","areaHa":226.51,"location":"KECAMATAN LANGGIKIMA, KONAWE UTARA","sourceRemark":"-","region":"sulawesi"},"geometry":{"type":"Polygon","coordinates":[[[122.29859,-3.2472],[122.29729,-3.2472],[122.29729,-3.24924],[122.29643,-3.24924],[122.29643,-3.25904],[122.29809,-3.25904],[122.29809,-3.26271],[122.3017,-3.26271],[122.3017,-3.26353],[122.30587,-3.26353],[122.30587,-3.26578],[122.30806,-3.26578],[122.30806,-3.26717],[122.31031,-3.26717],[122.31031,-3.26938],[122.31141,-3.26938],[122.31218,-3.26321],[122.31164,-3.26117],[122.31119,-3.26117],[122.31119,-3.25996],[122.31023,-3.25893],[122.30921,-3.25893],[122.30891,-3.2576],[122.308,-3.2576],[122.30788,-3.2563],[122.30679,-3.2563],[122.30679,-3.25492],[122.30572,-3.25464],[122.30551,-3.2532],[122.30389,-3.2532],[122.30389,-3.25099],[122.30253,-3.25069],[122.30253,-3.24913],[122.30197,-3.24815],[122.30137,-3.24815],[122.30135,-3.24679],[122.30068,-3.24679],[122.30016,-3.24521],[122.29908,-3.24456],[122.29908,-3.24378],[122.29859,-3.24378],[122.29859,-3.24522],[122.29903,-3.24522],[122.29903,-3.2472],[122.29859,-3.2472]]]}},{"type":"Feature","properties":{"inventoryId":"big-mining-wiup:1748","sector":"Tambang","subtype":"WIUP","quality":"OFFICIAL","sourceDataset":"big-mining-wiup","sourceRecordId":"1748","source":"BIG Kebijakan Satu Peta","sourceUrl":"https://kspservices.big.go.id/satupeta/rest/services/PUBLIK/PERIZINAN_DAN_PERTANAHAN/MapServer/4","retrievedAt":"2026-08-28T06:57:32Z","geometryProcessing":"web display simplification tolerance 0.00035 degrees","name":"KEMBAR EMAS SULTRA","issuer":"BUPATI","province":"SULAWESI TENGGARA","district":"KONAWE UTARA","permitNumber":"255 TAHUN 2011","permitType":"PT","miningType":"IUP","commodity":"NIKEL","status":"2","validFrom":"2011-07-12","validTo":"2031-07-12","areaHa":103.0,"location":"KECAMATAN LANGGIKIMA KABUPATEN KONAWE UTARA","sourceRemark":"-","region":"sulawesi"},"geometry":{"type":"Polygon","coordinates":[[[122.28729,-3.28498],[122.28729,-3.28558],[122.28991,-3.28558],[122.28991,-3.28695],[122.29486,-3.28695],[122.29518,-3.29144],[122.29436,-3.29144],[122.29436,-3.29258],[122.29353,-3.29258],[122.29353,-3.29455],[122.2928,-3.29455],[122.2928,-3.29597],[122.2911,-3.29597],[122.29112,-3.2973],[122.28904,-3.2973],[122.28904,-3.29899],[122.28835,-3.29899],[122.28778,-3.3023],[122.28711,-3.30233],[122.28711,-3.30357],[122.2911,-3.30357],[122.2911,-3.3],[122.29408,-3.3],[122.29408,-3.29652],[122.29679,-3.29652],[122.29679,-3.29313],[122.29917,-3.29313],[122.29917,-3.28956],[122.30055,-3.28956],[122.30055,-3.28672],[122.2961,-3.28672],[122.2961,-3.28581],[122.29124,-3.28581],[122.29124,-3.28498],[122.28729,-3.28498]]]}},{"type":"Feature","properties":{"inventoryId":"big-mining-wiup:1286","sector":"Tambang","subtype":"WIUP","quality":"OFFICIAL","sourceDataset":"big-mining-wiup","sourceRecordId":"1286","source":"BIG Kebijakan Satu Peta","sourceUrl":"https://kspservices.big.go.id/satupeta/rest/services/PUBLIK/PERIZINAN_DAN_PERTANAHAN/MapServer/4","retrievedAt":"2026-08-28T06:57:32Z","geometryProcessing":"web display simplification tolerance 0.00035 degrees","name":"KENCANA BUMI MINERAL","issuer":"GUBERNUR","province":"SULAWESI TENGAH","district":"MOROWALI","permitNumber":"540/042/IUP-OP/DPMPTSP/2018","permitType":"PT","miningType":"IUP","commodity":"NIKEL DMP","status":"2","validFrom":"2018-01-29","validTo":"2028-01-29","areaHa":2549.0,"location":"DESA LELE, DAMPALA, LALAMPU, BAHODOPI, MOROWALI","sourceRemark":"-","region":"sulawesi"},"geometry":{"type":"Polygon","coordinates":[[[122.01614,-2.83219],[122.01614,-2.87719],[122.02575,-2.87719],[122.02575,-2.87471],[122.03023,-2.87471],[122.03023,-2.87624],[122.03333,-2.87624],[122.03333,-2.87833],[122.03723,-2.87833],[122.03723,-2.8827],[122.0557,-2.8827],[122.0557,-2.87723],[122.0577,-2.87723],[122.0577,-2.87357],[122.05875,-2.87357],[122.05875,-2.86848],[122.0607,-2.86848],[122.0607,-2.86477],[122.06275,-2.86477],[122.06275,-2.85849],[122.06075,-2.85849],[122.06075,-2.85383],[122.05884,-2.85383],[122.05884,-2.85184],[122.0577,-2.85184],[122.0577,-2.8466],[122.05875,-2.8466],[122.05875,-2.84358],[122.06065,-2.84358],[122.06065,-2.83219],[122.01614,-2.83219]]]}},{"type":"Feature","properties":{"inventoryId":"big-mining-wiup:1923","sector":"Tambang","subtype":"WIUP","quality":"OFFICIAL","sourceDataset":"big-mining-wiup","sourceRecordId":"1923","source":"BIG Kebijakan Satu Peta","sourceUrl":"https://kspservices.big.go.id/satupeta/rest/services/PUBLIK/PERIZINAN_DAN_PERTANAHAN/MapServer/4","retrievedAt":"2026-08-28T06:57:32Z","geometryProcessing":"web display simplification tolerance 0.00035 degrees","name":"KENCANA NUSANTARA SAKTI","issuer":"GUBERNUR","province":"SULAWESI TENGAH","district":"MOROWALI","permitNumber":"540/634/IUP-OP/DPMPTSP/2018","permitType":"PT","miningType":"IUP","commodity":"BATUAN","status":"2","validFrom":"2018-10-30","validTo":"2023-10-30","areaHa":6.3,"location":"PADABAHO, BAHODOPI, MOROWALI","sourceRemark":"-","region":"sulawesi"},"geometry":{"type":"Polygon","coordinates":[[[122.19318,-2.89571],[122.19542,-2.89571],[122.1968,-2.89477],[122.19755,-2.89591],[122.20041,-2.89617],[122.20041,-2.89567],[122.19962,-2.89541],[122.19785,-2.89541],[122.1973,-2.89425],[122.19622,-2.89425],[122.1951,-2.89525],[122.19121,-2.89495],[122.19121,-2.89535],[122.19318,-2.89571]]]}},{"type":"Feature","properties":{"inventoryId":"big-mining-wiup:2019","sector":"Tambang","subtype":"WIUP","quality":"OFFICIAL","sourceDataset":"big-mining-wiup","sourceRecordId":"2019","source":"BIG Kebijakan Satu Peta","sourceUrl":"https://kspservices.big.go.id/satupeta/rest/services/PUBLIK/PERIZINAN_DAN_PERTANAHAN/MapServer/4","retrievedAt":"2026-08-28T06:57:32Z","geometryProcessing":"web display simplification tolerance 0.00035 degrees","name":"KHATULISTIWA MINERAL AND MINING","issuer":"MENTERI","province":"SULAWESI TENGAH","district":"MOROWALI UTARA","permitNumber":"1046/ 1/IUP/PMDN/2021","permitType":"PT","miningType":"IUP","commodity":"BATU GUNUNG QUARRY BESAR","status":"2","validFrom":"2021-10-01","validTo":"2026-10-12","areaHa":169.2,"location":"PETASIA TIMUR,MORUT","sourceRemark":"-","region":"sulawesi"},"geometry":{"type":"Polygon","coordinates":[[[121.45556,-2.01261],[121.45556,-2.01564],[121.46564,-2.01564],[121.46564,-2.02236],[121.47541,-2.02236],[121.47541,-2.01697],[121.47486,-2.01697],[121.47486,-2.01629],[121.47398,-2.01629],[121.47398,-2.01544],[121.47179,-2.01544],[121.47179,-2.01185],[121.47083,-2.01],[121.46231,-2.01],[121.46231,-2.01261],[121.45556,-2.01261]]]}},{"type":"Feature","properties":{"inventoryId":"big-mining-wiup:4468","sector":"Tambang","subtype":"WIUP","quality":"OFFICIAL","sourceDataset":"big-mining-wiup","sourceRecordId":"4468","source":"BIG Kebijakan Satu Peta","sourceUrl":"https://kspservices.big.go.id/satupeta/rest/services/PUBLIK/PERIZINAN_DAN_PERTANAHAN/MapServer/4","retrievedAt":"2026-08-28T06:57:32Z","geometryProcessing":"web display simplification tolerance 0.00035 degrees","name":"KIMBERWAN INTERBUANA","issuer":"BUPATI","province":"SULAWESI TENGAH","district":"MOROWALI","permitNumber":"540.3/SK.052/DESDM/X/2012","permitType":"PT","miningType":"IUP","commodity":"NIKEL","status":"2","validFrom":"2012-10-26","validTo":"2032-10-26","areaHa":3239.0,"location":"KECAMATAN LEMBO","sourceRemark":"-","region":"sulawesi"},"geometry":{"type":"Polygon","coordinates":[[[121.38843,-2.35492],[121.31851,-2.35492],[121.31851,-2.36081],[121.32535,-2.36081],[121.32535,-2.39115],[121.34855,-2.39115],[121.34855,-2.39621],[121.36907,-2.39621],[121.36907,-2.40131],[121.38843,-2.40131],[121.38843,-2.35492]]]}},{"type":"Feature","properties":{"inventoryId":"big-mining-wiup:860","sector":"Tambang","subtype":"WIUP","quality":"OFFICIAL","sourceDataset":"big-mining-wiup","sourceRecordId":"860","source":"BIG Kebijakan Satu Peta","sourceUrl":"https://kspservices.big.go.id/satupeta/rest/services/PUBLIK/PERIZINAN_DAN_PERTANAHAN/MapServer/4","retrievedAt":"2026-08-28T06:57:32Z","geometryProcessing":"web display simplification tolerance 0.00035 degrees","name":"KISWAH PERDANA","issuer":"MENTERI","province":"SULAWESI TENGGARA","district":"KOLAKA","permitNumber":"1591/1IUP/PMDN/2021","permitType":"CV","miningType":"IUP","commodity":"PASIR KUARSA","status":"2","validFrom":"2021-11-23","validTo":"2031-10-21","areaHa":43.32,"location":"POMALAA","sourceRemark":"-","region":"sulawesi"},"geometry":{"type":"Polygon","coordinates":[[[121.58663,-4.29091],[121.58663,-4.28899],[121.58888,-4.28899],[121.58888,-4.28409],[121.57989,-4.28409],[121.57989,-4.28325],[121.57733,-4.28325],[121.57678,-4.28564],[121.57843,-4.28564],[121.57843,-4.285],[121.58,-4.285],[121.58,-4.28454],[121.58439,-4.285],[121.58439,-4.29091],[121.58663,-4.29091]]]}},{"type":"Feature","properties":{"inventoryId":"big-mining-wiup:3514","sector":"Tambang","subtype":"WIUP","quality":"OFFICIAL","sourceDataset":"big-mining-wiup","sourceRecordId":"3514","source":"BIG Kebijakan Satu Peta","sourceUrl":"https://kspservices.big.go.id/satupeta/rest/services/PUBLIK/PERIZINAN_DAN_PERTANAHAN/MapServer/4","retrievedAt":"2026-08-28T06:57:32Z","geometryProcessing":"web display simplification tolerance 0.00035 degrees","name":"KLINIK PRATAMA AMALIA","issuer":"MENTERI","province":"GORONTALO","district":"GORONTALO","permitNumber":"92/1/IUP/PMDN/2022","permitType":"CV","miningType":"IUP","commodity":"DIORIT","status":"1","validFrom":"2022-01-19","validTo":"2025-01-19","areaHa":4.2,"location":"DESA PILOHAYANGA BARAT KECAMATAN TELAGA KABUPATEN GORONTALO PROVINSI GORONTALO","sourceRemark":"-","region":"sulawesi"},"geometry":{"type":"Polygon","coordinates":[[[123.04769,0.60918],[123.04934,0.6094],[123.04964,0.61137],[123.0481,0.61137],[123.04769,0.60918]]]}},{"type":"Feature","properties":{"inventoryId":"big-mining-wiup:4367","sector":"Tambang","subtype":"WIUP","quality":"OFFICIAL","sourceDataset":"big-mining-wiup","sourceRecordId":"4367","source":"BIG Kebijakan Satu Peta","sourceUrl":"https://kspservices.big.go.id/satupeta/rest/services/PUBLIK/PERIZINAN_DAN_PERTANAHAN/MapServer/4","retrievedAt":"2026-08-28T06:57:32Z","geometryProcessing":"web display simplification tolerance 0.00035 degrees","name":"KODEOHA PUTRA PRATAMA","issuer":"GUBERNUR","province":"SULAWESI TENGGARA","district":"KONAWE SELATAN","permitNumber":"502/DPM-PTSP/VII/2020","permitType":"PT","miningType":"IUP","commodity":"BATU GAMPING","status":"2","validFrom":"2020-07-08","validTo":"2025-07-08","areaHa":478.9,"location":"DESA RANOOHA JAYA, KECAMATAN MORAMO, KABUPATEN KONAWE SELATAN, PROVINSI SULAWESI TENGGARA","sourceRemark":"-","region":"sulawesi"},"geometry":{"type":"Polygon","coordinates":[[[122.66864,-4.10264],[122.66108,-4.10264],[122.66108,-4.10591],[122.66265,-4.10591],[122.66265,-4.11157],[122.65999,-4.11157],[122.65999,-4.11407],[122.65731,-4.11407],[122.65731,-4.11614],[122.6523,-4.11614],[122.6523,-4.11976],[122.6453,-4.11976],[122.6453,-4.12217],[122.64069,-4.12217],[122.64069,-4.12507],[122.62663,-4.12507],[122.62663,-4.1335],[122.64021,-4.1335],[122.64021,-4.13028],[122.64676,-4.13028],[122.64676,-4.1267],[122.6539,-4.1267],[122.6539,-4.12314],[122.66143,-4.12314],[122.66143,-4.11955],[122.66607,-4.11955],[122.66607,-4.11652],[122.66917,-4.11652],[122.66917,-4.11201],[122.66547,-4.11201],[122.66547,-4.10685],[122.66864,-4.10685],[122.66864,-4.10264]]]}},{"type":"Feature","properties":{"inventoryId":"big-mining-wiup:153","sector":"Tambang","subtype":"WIUP","quality":"OFFICIAL","sourceDataset":"big-mining-wiup","sourceRecordId":"153","source":"BIG Kebijakan Satu Peta","sourceUrl":"https://kspservices.big.go.id/satupeta/rest/services/PUBLIK/PERIZINAN_DAN_PERTANAHAN/MapServer/4","retrievedAt":"2026-08-28T06:57:32Z","geometryProcessing":"web display simplification tolerance 0.00035 degrees","name":"KOLAKA MINERAL RESOURCES","issuer":"BUPATI","province":"SULAWESI TENGGARA","district":"KOLAKA UTARA","permitNumber":"540/157 TAHUN 2009","permitType":"PT","miningType":"IUP","commodity":"NIKEL","status":"2","validFrom":"2009-07-17","validTo":"2029-07-16","areaHa":2100.0,"location":"DESA LAWAKI JAYAATIKALA, TO","sourceRemark":"-","region":"sulawesi"},"geometry":{"type":"Polygon","coordinates":[[[121.16139,-2.86282],[121.14996,-2.86282],[121.15,-2.89817],[121.12667,-2.89817],[121.12667,-2.92903],[121.1661,-2.92903],[121.16611,-2.88139],[121.16139,-2.88139],[121.16139,-2.86282]]]}},{"type":"Feature","properties":{"inventoryId":"big-mining-wiup:248","sector":"Tambang","subtype":"WIUP","quality":"OFFICIAL","sourceDataset":"big-mining-wiup","sourceRecordId":"248","source":"BIG Kebijakan Satu Peta","sourceUrl":"https://kspservices.big.go.id/satupeta/rest/services/PUBLIK/PERIZINAN_DAN_PERTANAHAN/MapServer/4","retrievedAt":"2026-08-28T06:57:32Z","geometryProcessing":"web display simplification tolerance 0.00035 degrees","name":"KOLAKA MINERAL RESOURCES","issuer":"BUPATI","province":"SULAWESI TENGGARA","district":"KOLAKA UTARA","permitNumber":"540/28 TAHUN 2010","permitType":"PT","miningType":"IUP","commodity":"NIKEL","status":"2","validFrom":"2010-01-11","validTo":"2023-06-12","areaHa":301.0,"location":"DESA LAWAKI JAYAATIKALA, TO","sourceRemark":"-","region":"sulawesi"},"geometry":{"type":"Polygon","coordinates":[[[121.08167,-2.84861],[121.08167,-2.84486],[121.09028,-2.84486],[121.09028,-2.83389],[121.09222,-2.83389],[121.09222,-2.82972],[121.07611,-2.82972],[121.07611,-2.84861],[121.08167,-2.84861]]]}},{"type":"Feature","properties":{"inventoryId":"big-mining-wiup:681","sector":"Tambang","subtype":"WIUP","quality":"OFFICIAL","sourceDataset":"big-mining-wiup","sourceRecordId":"681","source":"BIG Kebijakan Satu Peta","sourceUrl":"https://kspservices.big.go.id/satupeta/rest/services/PUBLIK/PERIZINAN_DAN_PERTANAHAN/MapServer/4","retrievedAt":"2026-08-28T06:57:32Z","geometryProcessing":"web display simplification tolerance 0.00035 degrees","name":"KONAWE NIKEL NUSANTARA","issuer":"BUPATI","province":"SULAWESI TENGGARA","district":"KONAWE UTARA","permitNumber":"576 TAHUN 2010","permitType":"PT","miningType":"IUP","commodity":"NIKEL","status":"2","validFrom":"2010-08-19","validTo":"2030-08-19","areaHa":373.8,"location":"KEC. LASOLO, KNW UTARA","sourceRemark":"-","region":"sulawesi"},"geometry":{"type":"Polygon","coordinates":[[[122.24551,-3.36751],[122.24551,-3.38948],[122.23395,-3.38948],[122.23586,-3.39004],[122.23586,-3.39081],[122.23683,-3.39081],[122.23683,-3.39154],[122.23767,-3.39154],[122.23767,-3.3927],[122.25143,-3.3927],[122.25143,-3.39084],[122.25197,-3.3889],[122.25245,-3.3889],[122.25284,-3.38617],[122.2536,-3.38529],[122.2536,-3.38426],[122.25413,-3.38426],[122.25413,-3.38319],[122.25469,-3.38319],[122.25469,-3.38229],[122.25514,-3.38229],[122.25557,-3.37995],[122.25609,-3.37995],[122.25609,-3.37869],[122.25648,-3.37869],[122.25681,-3.37358],[122.2593,-3.37358],[122.2593,-3.37289],[122.26117,-3.37289],[122.26117,-3.37143],[122.26212,-3.37143],[122.26212,-3.37018],[122.26332,-3.37018],[122.26332,-3.36928],[122.26493,-3.36928],[122.26493,-3.3683],[122.26629,-3.3683],[122.26629,-3.36751],[122.24551,-3.36751]]]}},{"type":"Feature","properties":{"inventoryId":"big-mining-wiup:4413","sector":"Tambang","subtype":"WIUP","quality":"OFFICIAL","sourceDataset":"big-mining-wiup","sourceRecordId":"4413","source":"BIG Kebijakan Satu Peta","sourceUrl":"https://kspservices.big.go.id/satupeta/rest/services/PUBLIK/PERIZINAN_DAN_PERTANAHAN/MapServer/4","retrievedAt":"2026-08-28T06:57:32Z","geometryProcessing":"web display simplification tolerance 0.00035 degrees","name":"KONAWE UTARA INDO MINERAL MINING","issuer":"BUPATI","province":"SULAWESI TENGGARA","district":"KONAWE UTARA","permitNumber":"583 TAHUN 2013","permitType":"PT","miningType":"IUP","commodity":"NIKEL","status":"2","validFrom":"2013-12-23","validTo":"2033-12-23","areaHa":2000.0,"location":"KEC. LANGGIKIMA KABUPATEN KONAWE UTARA","sourceRemark":"-","region":"sulawesi"},"geometry":{"type":"Polygon","coordinates":[[[121.83304,-3.39524],[121.83304,-3.43333],[121.88356,-3.43333],[121.88356,-3.41667],[121.86689,-3.41667],[121.86689,-3.4],[121.87923,-3.39995],[121.87921,-3.39524],[121.83304,-3.39524]]]}},{"type":"Feature","properties":{"inventoryId":"big-mining-wiup:2437","sector":"Tambang","subtype":"WIUP","quality":"OFFICIAL","sourceDataset":"big-mining-wiup","sourceRecordId":"2437","source":"BIG Kebijakan Satu Peta","sourceUrl":"https://kspservices.big.go.id/satupeta/rest/services/PUBLIK/PERIZINAN_DAN_PERTANAHAN/MapServer/4","retrievedAt":"2026-08-28T06:57:32Z","geometryProcessing":"web display simplification tolerance 0.00035 degrees","name":"KONAWEHA MAKMUR","issuer":"GUBERNUR","province":"SULAWESI TENGGARA","district":"KONAWE","permitNumber":"11/DPMPTSP/I/2020","permitType":"PT","miningType":"IUP","commodity":"BATUAN","status":"2","validFrom":"2020-01-10","validTo":"2025-01-10","areaHa":10.43,"location":"KEC PONDIDAHA, KONAWE","sourceRemark":"-","region":"sulawesi"},"geometry":{"type":"Polygon","coordinates":[[[122.29853,-3.94903],[122.29853,-3.95039],[122.29908,-3.95039],[122.29908,-3.95439],[122.30053,-3.95439],[122.30053,-3.94903],[122.29853,-3.94903]]]}},{"type":"Feature","properties":{"inventoryId":"big-mining-wiup:2473","sector":"Tambang","subtype":"WIUP","quality":"OFFICIAL","sourceDataset":"big-mining-wiup","sourceRecordId":"2473","source":"BIG Kebijakan Satu Peta","sourceUrl":"https://kspservices.big.go.id/satupeta/rest/services/PUBLIK/PERIZINAN_DAN_PERTANAHAN/MapServer/4","retrievedAt":"2026-08-28T06:57:32Z","geometryProcessing":"web display simplification tolerance 0.00035 degrees","name":"KONAWEHA MAKMUR","issuer":"GUBERNUR","province":"SULAWESI TENGGARA","district":"KONAWE","permitNumber":"630/DPMPTSP/X/2020","permitType":"PT","miningType":"IUP","commodity":"PERIDOTIT","status":"2","validFrom":"2020-10-20","validTo":"2025-10-20","areaHa":9.35,"location":"PONDIDAHA KONAWE","sourceRemark":"-","region":"sulawesi"},"geometry":{"type":"Polygon","coordinates":[[[122.26025,-3.95044],[122.25508,-3.9505],[122.25744,-3.95244],[122.25906,-3.95244],[122.26025,-3.95222],[122.26025,-3.95044]]]}},{"type":"Feature","properties":{"inventoryId":"big-mining-wiup:4110","sector":"Tambang","subtype":"WIUP","quality":"OFFICIAL","sourceDataset":"big-mining-wiup","sourceRecordId":"4110","source":"BIG Kebijakan Satu Peta","sourceUrl":"https://kspservices.big.go.id/satupeta/rest/services/PUBLIK/PERIZINAN_DAN_PERTANAHAN/MapServer/4","retrievedAt":"2026-08-28T06:57:32Z","geometryProcessing":"web display simplification tolerance 0.00035 degrees","name":"KONAWEHA MAKMUR","issuer":"GUBERNUR","province":"SULAWESI TENGGARA","district":"KONAWE","permitNumber":"505/DPM-PTSP/VI/2018","permitType":"PT","miningType":"IUP","commodity":"BATU GUNUNG","status":"2","validFrom":"2018-06-08","validTo":"2023-06-08","areaHa":9.177923609999999,"location":"KEC PONDIDAHA","sourceRemark":"-","region":"sulawesi"},"geometry":{"type":"Polygon","coordinates":[[[122.25514,-3.95058],[122.25514,-3.95333],[122.26028,-3.95361],[122.26028,-3.95231],[122.25747,-3.95253],[122.25514,-3.95058]]]}},{"type":"Feature","properties":{"inventoryId":"big-mining-wiup:724","sector":"Tambang","subtype":"WIUP","quality":"OFFICIAL","sourceDataset":"big-mining-wiup","sourceRecordId":"724","source":"BIG Kebijakan Satu Peta","sourceUrl":"https://kspservices.big.go.id/satupeta/rest/services/PUBLIK/PERIZINAN_DAN_PERTANAHAN/MapServer/4","retrievedAt":"2026-08-28T06:57:32Z","geometryProcessing":"web display simplification tolerance 0.00035 degrees","name":"KONINIS FAJAR MINERAL","issuer":"GUBERNUR","province":"SULAWESI TENGAH","district":"BANGGAI","permitNumber":"540/615/IUP-OP/P/DPMPTSP/2020","permitType":"PT","miningType":"IUP","commodity":"NIKEL","status":"2","validFrom":"2020-12-10","validTo":"2030-10-10","areaHa":2738.0,"location":"DESA BUNTA/GONOHOP. KONINIS DAN NANGANANGON, KECAMATAN BUNTA, KABUPATEN BANGGAI, PROVINSI SULAWESI TENGAH","sourceRemark":"-","region":"sulawesi"},"geometry":{"type":"Polygon","coordinates":[[[122.25,-0.83333],[122.25,-0.85833],[122.26667,-0.85833],[122.26667,-0.87083],[122.275,-0.87083],[122.275,-0.9],[122.30208,-0.9],[122.30208,-0.89583],[122.29792,-0.89583],[122.29792,-0.88125],[122.3,-0.88125],[122.3,-0.87917],[122.30208,-0.87917],[122.30208,-0.875],[122.30625,-0.875],[122.30625,-0.87083],[122.31042,-0.87083],[122.31042,-0.86875],[122.3125,-0.86875],[122.3125,-0.8625],[122.31667,-0.8625],[122.31667,-0.85833],[122.30625,-0.85833],[122.30625,-0.84167],[122.29167,-0.84167],[122.29167,-0.85833],[122.28333,-0.85833],[122.28333,-0.86667],[122.27917,-0.86667],[122.27917,-0.84167],[122.27708,-0.84167],[122.27708,-0.83958],[122.275,-0.83958],[122.275,-0.8375],[122.27292,-0.8375],[122.27292,-0.83542],[122.27083,-0.83542],[122.27083,-0.83333],[122.25,-0.83333]]]}},{"type":"Feature","properties":{"inventoryId":"big-mining-wiup:1289","sector":"Tambang","subtype":"WIUP","quality":"OFFICIAL","sourceDataset":"big-mining-wiup","sourceRecordId":"1289","source":"BIG Kebijakan Satu Peta","sourceUrl":"https://kspservices.big.go.id/satupeta/rest/services/PUBLIK/PERIZINAN_DAN_PERTANAHAN/MapServer/4","retrievedAt":"2026-08-28T06:57:32Z","geometryProcessing":"web display simplification tolerance 0.00035 degrees","name":"KONUT JAYA MINERAL","issuer":"GUBERNUR","province":"SULAWESI TENGGARA","district":"KONAWE","permitNumber":"739/BKPMD-PTSP/XII/2016","permitType":"PT","miningType":"IUP","commodity":"BIJIH NIKEL","status":"2","validFrom":"2017-12-30","validTo":"2031-04-28","areaHa":732.2,"location":"DESA PONDIDAHA, KONAWE","sourceRemark":"-","region":"sulawesi"},"geometry":{"type":"Polygon","coordinates":[[[122.26708,-3.9255],[122.26708,-3.936],[122.26254,-3.936],[122.26254,-3.94136],[122.26708,-3.94136],[122.26708,-3.95039],[122.25489,-3.95039],[122.25489,-3.95994],[122.25678,-3.95994],[122.25678,-3.96575],[122.26586,-3.96575],[122.26586,-3.96439],[122.26823,-3.96439],[122.26823,-3.96328],[122.27239,-3.96328],[122.27239,-3.96117],[122.27789,-3.96117],[122.27789,-3.9255],[122.26708,-3.9255]]]}},{"type":"Feature","properties":{"inventoryId":"big-mining-wiup:436","sector":"Tambang","subtype":"WIUP","quality":"OFFICIAL","sourceDataset":"big-mining-wiup","sourceRecordId":"436","source":"BIG Kebijakan Satu Peta","sourceUrl":"https://kspservices.big.go.id/satupeta/rest/services/PUBLIK/PERIZINAN_DAN_PERTANAHAN/MapServer/4","retrievedAt":"2026-08-28T06:57:32Z","geometryProcessing":"web display simplification tolerance 0.00035 degrees","name":"KONUTARA SEJATI","issuer":"MENTERI","province":"SULAWESI TENGGARA","district":"KONAWE UTARA","permitNumber":"27/I/IUP/PMA/2017","permitType":"PT","miningType":"IUP","commodity":"BIJIH NIKEL","status":"2","validFrom":"2017-06-09","validTo":"2029-12-22","areaHa":1923.0,"location":"KEC. LANGGIKIMA, KONAWE UTARA","sourceRemark":"PMA","region":"sulawesi"},"geometry":{"type":"Polygon","coordinates":[[[122.20941,-3.29277],[122.2094,-3.29622],[122.20486,-3.29622],[122.20486,-3.29456],[122.19864,-3.29456],[122.19864,-3.31667],[122.2125,-3.31667],[122.2125,-3.35194],[122.21694,-3.35194],[122.21694,-3.35583],[122.21917,-3.35583],[122.21917,-3.35806],[122.22278,-3.35806],[122.22278,-3.36275],[122.22388,-3.36275],[122.22388,-3.36328],[122.23154,-3.36328],[122.23154,-3.36376],[122.23356,-3.36376],[122.23356,-3.36437],[122.2355,-3.36437],[122.2355,-3.36503],[122.23661,-3.36503],[122.23661,-3.36576],[122.23804,-3.36576],[122.23804,-3.36667],[122.24194,-3.36667],[122.24194,-3.36417],[122.23917,-3.36417],[122.23917,-3.35417],[122.24778,-3.35417],[122.24778,-3.3475],[122.24583,-3.3475],[122.24583,-3.34056],[122.22972,-3.34056],[122.22972,-3.34111],[122.22833,-3.34111],[122.22833,-3.33889],[122.22583,-3.33889],[122.22583,-3.34056],[122.22472,-3.34056],[122.22472,-3.33667],[122.22278,-3.33667],[122.22278,-3.33248],[122.22044,-3.33248],[122.22044,-3.32547],[122.22233,-3.32547],[122.22233,-3.31811],[122.23514,-3.31811],[122.23514,-3.32058],[122.2375,-3.32058],[122.2375,-3.32377],[122.24847,-3.32377],[122.24847,-3.32034],[122.23751,-3.32034],[122.23751,-3.31667],[122.22619,-3.31667],[122.22619,-3.311],[122.22336,-3.311],[122.22336,-3.30983],[122.22125,-3.30983],[122.22125,-3.30575],[122.21908,-3.30575],[122.21908,-3.30101],[122.22033,-3.30101],[122.22033,-3.29963],[122.21576,-3.29963],[122.21576,-3.29712],[122.21424,-3.29712],[122.21424,-3.29566],[122.21867,-3.29566],[122.21867,-3.29876],[122.22324,-3.29876],[122.22324,-3.30199],[122.22628,-3.30199],[122.22628,-3.3033],[122.23185,-3.3033],[122.23185,-3.29277],[122.20941,-3.29277]]]}},{"type":"Feature","properties":{"inventoryId":"big-mining-wiup:4401","sector":"Tambang","subtype":"WIUP","quality":"OFFICIAL","sourceDataset":"big-mining-wiup","sourceRecordId":"4401","source":"BIG Kebijakan Satu Peta","sourceUrl":"https://kspservices.big.go.id/satupeta/rest/services/PUBLIK/PERIZINAN_DAN_PERTANAHAN/MapServer/4","retrievedAt":"2026-08-28T06:57:32Z","geometryProcessing":"web display simplification tolerance 0.00035 degrees","name":"KUALA HARAPAN BERSAMA","issuer":"GUBERNUR","province":"SULAWESI TENGAH","district":"TOJO UNA UNA","permitNumber":"540/048/IUP-OP/P/DPMPTSP/2020","permitType":"PT","miningType":"IUP","commodity":"BATUAN","status":"2","validFrom":"2020-01-23","validTo":"2025-01-23","areaHa":21.28,"location":"DESA SABO,KECAMATAN AMPANA TETE,KABUPATEN TOJO UNA-UNA,PROVINSI SULAWESI TENGAH","sourceRemark":"-","region":"sulawesi"},"geometry":{"type":"Polygon","coordinates":[[[121.81676,-0.96377],[121.81705,-0.96277],[121.81782,-0.96273],[121.81892,-0.96021],[121.8205,-0.95955],[121.81947,-0.95917],[121.81744,-0.9609],[121.81698,-0.96341],[121.8146,-0.96908],[121.81396,-0.97209],[121.81455,-0.97861],[121.81599,-0.97861],[121.81486,-0.97352],[121.81486,-0.97044],[121.81751,-0.96441],[121.81673,-0.96423],[121.81676,-0.96377]]]}},{"type":"Feature","properties":{"inventoryId":"big-mining-wiup:3558","sector":"Tambang","subtype":"WIUP","quality":"OFFICIAL","sourceDataset":"big-mining-wiup","sourceRecordId":"3558","source":"BIG Kebijakan Satu Peta","sourceUrl":"https://kspservices.big.go.id/satupeta/rest/services/PUBLIK/PERIZINAN_DAN_PERTANAHAN/MapServer/4","retrievedAt":"2026-08-28T06:57:32Z","geometryProcessing":"web display simplification tolerance 0.00035 degrees","name":"KUARI PANDAK LESTARI","issuer":"MENTERI","province":"SULAWESI SELATAN","district":"LUWU UTARA","permitNumber":"2038/1/IUP/PMDN/2021","permitType":"CV","miningType":"IUP","commodity":"KERIKIL BERPASIR ALAMI (SIRTU)","status":"1","validFrom":"2021-12-30","validTo":"2024-12-30","areaHa":12.36,"location":"-","sourceRemark":"-","region":"sulawesi"},"geometry":{"type":"Polygon","coordinates":[[[120.35489,-2.56619],[120.35489,-2.56791],[120.35399,-2.56791],[120.35399,-2.56897],[120.35351,-2.56897],[120.35351,-2.57306],[120.35466,-2.57306],[120.35466,-2.57109],[120.35567,-2.56963],[120.35567,-2.56833],[120.35609,-2.56833],[120.35609,-2.56619],[120.35489,-2.56619]]]}},{"type":"Feature","properties":{"inventoryId":"big-mining-wiup:1954","sector":"Tambang","subtype":"WIUP","quality":"OFFICIAL","sourceDataset":"big-mining-wiup","sourceRecordId":"1954","source":"BIG Kebijakan Satu Peta","sourceUrl":"https://kspservices.big.go.id/satupeta/rest/services/PUBLIK/PERIZINAN_DAN_PERTANAHAN/MapServer/4","retrievedAt":"2026-08-28T06:57:32Z","geometryProcessing":"web display simplification tolerance 0.00035 degrees","name":"KURNIA MULIA MANDIRI","issuer":"GUBERNUR","province":"SULAWESI TENGAH","district":"POSO","permitNumber":"540/807/IUP-OP/DPMPTSP/2017","permitType":"PT","miningType":"IUP","commodity":"BATUAN","status":"2","validFrom":"2017-10-05","validTo":"2022-10-05","areaHa":9.95,"location":"SAWIDAGO, PAMONA UTARA","sourceRemark":"-","region":"sulawesi"},"geometry":{"type":"Polygon","coordinates":[[[120.67968,-1.75174],[120.68091,-1.75173],[120.68073,-1.74881],[120.67798,-1.74881],[120.67805,-1.75153],[120.67968,-1.75174]]]}},{"type":"Feature","properties":{"inventoryId":"big-mining-wiup:921","sector":"Tambang","subtype":"WIUP","quality":"OFFICIAL","sourceDataset":"big-mining-wiup","sourceRecordId":"921","source":"BIG Kebijakan Satu Peta","sourceUrl":"https://kspservices.big.go.id/satupeta/rest/services/PUBLIK/PERIZINAN_DAN_PERTANAHAN/MapServer/4","retrievedAt":"2026-08-28T06:57:32Z","geometryProcessing":"web display simplification tolerance 0.00035 degrees","name":"KURNIA TEKNIK JAYATAMA","issuer":"GUBERNUR","province":"SULAWESI TENGGARA","district":"KOLAKA UTARA","permitNumber":"162/DPM-PTSP/II/2018","permitType":"PT","miningType":"IUP","commodity":"KROMIT","status":"2","validFrom":"2018-02-14","validTo":"2028-02-14","areaHa":1088.0,"location":"DESA LATOU DAN LELEWANO KEC BATU PUTIH","sourceRemark":"-","region":"sulawesi"},"geometry":{"type":"Polygon","coordinates":[[[121.03551,-3.02812],[121.03551,-3.04952],[121.03771,-3.04952],[121.03771,-3.05926],[121.04404,-3.05926],[121.04404,-3.06478],[121.05256,-3.06478],[121.05256,-3.0695],[121.0575,-3.0695],[121.0575,-3.05761],[121.04806,-3.05761],[121.04806,-3.05158],[121.04411,-3.05158],[121.04411,-3.03547],[121.05036,-3.03547],[121.05036,-3.02572],[121.05861,-3.02572],[121.05861,-3.03083],[121.07558,-3.03083],[121.07558,-3.01031],[121.08605,-3.01031],[121.08605,-3.00281],[121.07896,-3.00281],[121.07896,-3.00838],[121.06458,-3.00838],[121.06458,-3.02114],[121.04413,-3.02114],[121.04413,-3.02812],[121.03551,-3.02812]]]}},{"type":"Feature","properties":{"inventoryId":"big-mining-wiup:1285","sector":"Tambang","subtype":"WIUP","quality":"OFFICIAL","sourceDataset":"big-mining-wiup","sourceRecordId":"1285","source":"BIG Kebijakan Satu Peta","sourceUrl":"https://kspservices.big.go.id/satupeta/rest/services/PUBLIK/PERIZINAN_DAN_PERTANAHAN/MapServer/4","retrievedAt":"2026-08-28T06:57:32Z","geometryProcessing":"web display simplification tolerance 0.00035 degrees","name":"LABOTA BAHODOPI SORAJAI","issuer":"GUBERNUR","province":"SULAWESI TENGAH","district":"MOROWALI","permitNumber":"540/680/IUP-OP/DPMPTSP/2018","permitType":"PT","miningType":"IUP","commodity":"NIKEL DMP","status":"2","validFrom":"2018-12-13","validTo":"2035-12-13","areaHa":608.0,"location":"DESA LABOTA MOROWALI","sourceRemark":"-","region":"sulawesi"},"geometry":{"type":"Polygon","coordinates":[[[122.11121,-2.88546],[122.11956,-2.88546],[122.11956,-2.90276],[122.12913,-2.90276],[122.12913,-2.895],[122.14104,-2.895],[122.14104,-2.89105],[122.15474,-2.89105],[122.15474,-2.88369],[122.1214,-2.88369],[122.1214,-2.87752],[122.11121,-2.87752],[122.11121,-2.88546]]]}},{"type":"Feature","properties":{"inventoryId":"big-mining-wiup:87","sector":"Tambang","subtype":"WIUP","quality":"OFFICIAL","sourceDataset":"big-mining-wiup","sourceRecordId":"87","source":"BIG Kebijakan Satu Peta","sourceUrl":"https://kspservices.big.go.id/satupeta/rest/services/PUBLIK/PERIZINAN_DAN_PERTANAHAN/MapServer/4","retrievedAt":"2026-08-28T06:57:32Z","geometryProcessing":"web display simplification tolerance 0.00035 degrees","name":"LAEYA CIPTA GUNA","issuer":"GUBERNUR","province":"SULAWESI TENGGARA","district":"KONAWE SELATAN","permitNumber":"606/DPMPTSP/X/2019","permitType":"PT","miningType":"IUP","commodity":"NIKEL DMP","status":"2","validFrom":"2019-10-09","validTo":"2029-10-09","areaHa":1185.0,"location":"DESA LABOKEO, KEC. LAEYA, KONA","sourceRemark":"-","region":"sulawesi"},"geometry":{"type":"Polygon","coordinates":[[[122.47996,-4.39],[122.47996,-4.44157],[122.47855,-4.44157],[122.47855,-4.44344],[122.4774,-4.44344],[122.4774,-4.44417],[122.4766,-4.44417],[122.4766,-4.44504],[122.47482,-4.44571],[122.47482,-4.44658],[122.4736,-4.44658],[122.4736,-4.44736],[122.47274,-4.44736],[122.47274,-4.44878],[122.47094,-4.44878],[122.47094,-4.45042],[122.46853,-4.45042],[122.46853,-4.45376],[122.47117,-4.45376],[122.47117,-4.45297],[122.47236,-4.45297],[122.47236,-4.45097],[122.47366,-4.45097],[122.47366,-4.44996],[122.47456,-4.44996],[122.47456,-4.44876],[122.4758,-4.44876],[122.4758,-4.44774],[122.47696,-4.44774],[122.47696,-4.44691],[122.47787,-4.44691],[122.47787,-4.44597],[122.47914,-4.44597],[122.47914,-4.44435],[122.48056,-4.44435],[122.48056,-4.43416],[122.48283,-4.43416],[122.48283,-4.43096],[122.49221,-4.43096],[122.49221,-4.42127],[122.49963,-4.42127],[122.49963,-4.43052],[122.50399,-4.43052],[122.50399,-4.42754],[122.50763,-4.42754],[122.50763,-4.41067],[122.50321,-4.41067],[122.50321,-4.40109],[122.49946,-4.40109],[122.49946,-4.39],[122.47996,-4.39]]]}},{"type":"Feature","properties":{"inventoryId":"big-mining-wiup:3402","sector":"Tambang","subtype":"WIUP","quality":"OFFICIAL","sourceDataset":"big-mining-wiup","sourceRecordId":"3402","source":"BIG Kebijakan Satu Peta","sourceUrl":"https://kspservices.big.go.id/satupeta/rest/services/PUBLIK/PERIZINAN_DAN_PERTANAHAN/MapServer/4","retrievedAt":"2026-08-28T06:57:32Z","geometryProcessing":"web display simplification tolerance 0.00035 degrees","name":"LAMOKULA MANDIRI PERKASA","issuer":"MENTERI","province":"SULAWESI TENGGARA","district":"KONAWE SELATAN","permitNumber":"232/I/IUP/PMDN/2022","permitType":"PT","miningType":"IUP","commodity":"BATU GAMPING","status":"1","validFrom":"2022-02-02","validTo":"2025-02-02","areaHa":76.0,"location":"MORAMO UTARA","sourceRemark":"-","region":"sulawesi"},"geometry":{"type":"Polygon","coordinates":[[[122.6208,-4.1267],[122.6208,-4.12777],[122.62777,-4.12777],[122.62777,-4.12704],[122.62927,-4.12704],[122.62927,-4.12622],[122.63031,-4.12622],[122.63031,-4.12544],[122.63113,-4.12544],[122.63145,-4.12018],[122.62287,-4.12018],[122.62287,-4.1267],[122.6208,-4.1267]]]}},{"type":"Feature","properties":{"inventoryId":"big-mining-wiup:1423","sector":"Tambang","subtype":"WIUP","quality":"OFFICIAL","sourceDataset":"big-mining-wiup","sourceRecordId":"1423","source":"BIG Kebijakan Satu Peta","sourceUrl":"https://kspservices.big.go.id/satupeta/rest/services/PUBLIK/PERIZINAN_DAN_PERTANAHAN/MapServer/4","retrievedAt":"2026-08-28T06:57:32Z","geometryProcessing":"web display simplification tolerance 0.00035 degrees","name":"LAROENAI BUNGSEL SORAJAI","issuer":"GUBERNUR","province":"SULAWESI TENGAH","district":"MOROWALI","permitNumber":"540/652/IUP-OP/DPMTPSP/2018","permitType":"PT","miningType":"IUP","commodity":"NIKEL","status":"2","validFrom":"2018-11-23","validTo":"2026-11-22","areaHa":256.0,"location":"MOROWALI, SULAWESI TENGAH","sourceRemark":"-","region":"sulawesi"},"geometry":{"type":"Polygon","coordinates":[[[122.23028,-3.0803],[122.23028,-3.08794],[122.24028,-3.08794],[122.24028,-3.09117],[122.24395,-3.09117],[122.24395,-3.0957],[122.24704,-3.0957],[122.24704,-3.09785],[122.25192,-3.09785],[122.25192,-3.09098],[122.24645,-3.09045],[122.24645,-3.08969],[122.24281,-3.08969],[122.24281,-3.08818],[122.24124,-3.08818],[122.24124,-3.08144],[122.24488,-3.08144],[122.24488,-3.08701],[122.25318,-3.08748],[122.25318,-3.0803],[122.23028,-3.0803]]]}},{"type":"Feature","properties":{"inventoryId":"big-mining-wiup:557","sector":"Tambang","subtype":"WIUP","quality":"OFFICIAL","sourceDataset":"big-mining-wiup","sourceRecordId":"557","source":"BIG Kebijakan Satu Peta","sourceUrl":"https://kspservices.big.go.id/satupeta/rest/services/PUBLIK/PERIZINAN_DAN_PERTANAHAN/MapServer/4","retrievedAt":"2026-08-28T06:57:32Z","geometryProcessing":"web display simplification tolerance 0.00035 degrees","name":"LAUTAN BERKAH NUSANTARA","issuer":"BUPATI","province":"SULAWESI TENGGARA","district":"BUTON","permitNumber":"743A TAHUN 2014","permitType":"PT","miningType":"IUP","commodity":"ASPAL","status":"2","validFrom":"2014-09-30","validTo":"2031-08-18","areaHa":280.0,"location":"KEC. LASALIMU","sourceRemark":"-","region":"sulawesi"},"geometry":{"type":"Polygon","coordinates":[[[122.95584,-5.25021],[122.95584,-5.2659],[122.97041,-5.2659],[122.97031,-5.25021],[122.95584,-5.25021]]]}},{"type":"Feature","properties":{"inventoryId":"big-mining-wiup:1579","sector":"Tambang","subtype":"WIUP","quality":"OFFICIAL","sourceDataset":"big-mining-wiup","sourceRecordId":"1579","source":"BIG Kebijakan Satu Peta","sourceUrl":"https://kspservices.big.go.id/satupeta/rest/services/PUBLIK/PERIZINAN_DAN_PERTANAHAN/MapServer/4","retrievedAt":"2026-08-28T06:57:32Z","geometryProcessing":"web display simplification tolerance 0.00035 degrees","name":"LAWAKI TIAR RAYA","issuer":"BUPATI","province":"SULAWESI TENGGARA","district":"KOLAKA UTARA","permitNumber":"540/114 TAHUN 2013","permitType":"PT","miningType":"IUP","commodity":"NIKEL","status":"2","validFrom":"2013-03-15","validTo":"2033-03-15","areaHa":415.0,"location":"TOLALA","sourceRemark":"-","region":"sulawesi"},"geometry":{"type":"Polygon","coordinates":[[[121.0637,-2.8329],[121.06234,-2.8329],[121.06234,-2.83967],[121.06469,-2.83967],[121.06469,-2.84337],[121.05859,-2.84337],[121.05859,-2.84119],[121.05341,-2.84119],[121.05341,-2.84972],[121.07611,-2.84972],[121.07611,-2.82972],[121.0637,-2.82972],[121.0637,-2.8329]]]}},{"type":"Feature","properties":{"inventoryId":"big-mining-wiup:997","sector":"Tambang","subtype":"WIUP","quality":"OFFICIAL","sourceDataset":"big-mining-wiup","sourceRecordId":"997","source":"BIG Kebijakan Satu Peta","sourceUrl":"https://kspservices.big.go.id/satupeta/rest/services/PUBLIK/PERIZINAN_DAN_PERTANAHAN/MapServer/4","retrievedAt":"2026-08-28T06:57:32Z","geometryProcessing":"web display simplification tolerance 0.00035 degrees","name":"LAWAKI TIAR RAYA","issuer":"BUPATI","province":"SULAWESI TENGGARA","district":"KOLAKA UTARA","permitNumber":"540/80 TAHUN 2013","permitType":"PT","miningType":"IUP","commodity":"NIKEL","status":"2","validFrom":"2013-02-21","validTo":"2033-02-21","areaHa":3470.0,"location":"DESA LOKA, LARUI, KEC. POREHU, KAB. KOLAKA UTARA","sourceRemark":"-","region":"sulawesi"},"geometry":{"type":"Polygon","coordinates":[[[121.16261,-2.83037],[121.16261,-2.83392],[121.16639,-2.83392],[121.16639,-2.83952],[121.16926,-2.83952],[121.16926,-2.84538],[121.16755,-2.84538],[121.16755,-2.85012],[121.15577,-2.85012],[121.15577,-2.85451],[121.15,-2.85451],[121.15,-2.86278],[121.16139,-2.86278],[121.16139,-2.88139],[121.16611,-2.88139],[121.16611,-2.88335],[121.18061,-2.88335],[121.18061,-2.90716],[121.21372,-2.90716],[121.21372,-2.85869],[121.19628,-2.85869],[121.19628,-2.85227],[121.19097,-2.85227],[121.19097,-2.84605],[121.18549,-2.84605],[121.18549,-2.83769],[121.179,-2.83769],[121.179,-2.83421],[121.17578,-2.83421],[121.17578,-2.83023],[121.16676,-2.83023],[121.16676,-2.82947],[121.16261,-2.82947],[121.16261,-2.83037]]]}},{"type":"Feature","properties":{"inventoryId":"big-mining-wiup:1921","sector":"Tambang","subtype":"WIUP","quality":"OFFICIAL","sourceDataset":"big-mining-wiup","sourceRecordId":"1921","source":"BIG Kebijakan Satu Peta","sourceUrl":"https://kspservices.big.go.id/satupeta/rest/services/PUBLIK/PERIZINAN_DAN_PERTANAHAN/MapServer/4","retrievedAt":"2026-08-28T06:57:32Z","geometryProcessing":"web display simplification tolerance 0.00035 degrees","name":"LEWUTO BIMA PERSADA","issuer":"GUBERNUR","province":"SULAWESI TENGAH","district":"MOROWALI","permitNumber":"540/723/IUP-OP/DPMPTSP/2019","permitType":"PT","miningType":"IUP","commodity":"BATU GAMPING","status":"2","validFrom":"2019-12-27","validTo":"2024-12-27","areaHa":178.8,"location":"TANGOFA, BUNGKU PESISIR, MOROWALI","sourceRemark":"-","region":"sulawesi"},"geometry":{"type":"Polygon","coordinates":[[[122.3199,-2.92269],[122.3199,-2.92209],[122.3211,-2.92209],[122.3211,-2.91938],[122.31899,-2.91938],[122.31899,-2.91653],[122.31694,-2.91653],[122.31694,-2.91353],[122.30284,-2.91353],[122.30284,-2.9212],[122.3045,-2.9212],[122.3045,-2.92269],[122.3199,-2.92269]]]}},{"type":"Feature","properties":{"inventoryId":"big-mining-wiup:223","sector":"Tambang","subtype":"WIUP","quality":"OFFICIAL","sourceDataset":"big-mining-wiup","sourceRecordId":"223","source":"BIG Kebijakan Satu Peta","sourceUrl":"https://kspservices.big.go.id/satupeta/rest/services/PUBLIK/PERIZINAN_DAN_PERTANAHAN/MapServer/4","retrievedAt":"2026-08-28T06:57:32Z","geometryProcessing":"web display simplification tolerance 0.00035 degrees","name":"LION GLOBAL ENERGI","issuer":"GUBERNUR","province":"GORONTALO","district":"GORONTALO","permitNumber":"54/DPMESDM-TRANS/IUP-OP/VI/2018","permitType":"PT","miningType":"IUP","commodity":"EMAS","status":"2","validFrom":"2018-06-07","validTo":"2038-06-06","areaHa":4981.0,"location":"DESA TAMAILA, KEC. TOLANGOHULA, GORONTALO","sourceRemark":"-","region":"sulawesi"},"geometry":{"type":"Polygon","coordinates":[[[122.56501,0.81036],[122.56501,0.81889],[122.52528,0.81889],[122.52528,0.78479],[122.55811,0.78479],[122.55811,0.76268],[122.57562,0.76268],[122.57562,0.77422],[122.59352,0.77422],[122.59352,0.76268],[122.622,0.76268],[122.622,0.81036],[122.56501,0.81036]]]}},{"type":"Feature","properties":{"inventoryId":"big-mining-wiup:4234","sector":"Tambang","subtype":"WIUP","quality":"OFFICIAL","sourceDataset":"big-mining-wiup","sourceRecordId":"4234","source":"BIG Kebijakan Satu Peta","sourceUrl":"https://kspservices.big.go.id/satupeta/rest/services/PUBLIK/PERIZINAN_DAN_PERTANAHAN/MapServer/4","retrievedAt":"2026-08-28T06:57:32Z","geometryProcessing":"web display simplification tolerance 0.00035 degrees","name":"LITANTO","issuer":"GUBERNUR","province":"SULAWESI TENGGARA","district":"KONAWE UTARA","permitNumber":"215/DPMPTSP/IV/2020","permitType":"SDR","miningType":"IUP","commodity":"TANAH URUG","status":"2","validFrom":"2019-12-20","validTo":"2024-12-19","areaHa":6.34,"location":"DESA TONDOWATU, KEC. MOTUI, KAB. KONAWE UTARA, PROV. SULTRA","sourceRemark":"-","region":"sulawesi"},"geometry":{"type":"Polygon","coordinates":[[[122.38667,-3.86322],[122.38594,-3.86286],[122.38317,-3.86575],[122.38317,-3.86631],[122.38544,-3.86647],[122.38544,-3.86497],[122.38667,-3.86322]]]}},{"type":"Feature","properties":{"inventoryId":"big-mining-wiup:1029","sector":"Tambang","subtype":"WIUP","quality":"OFFICIAL","sourceDataset":"big-mining-wiup","sourceRecordId":"1029","source":"BIG Kebijakan Satu Peta","sourceUrl":"https://kspservices.big.go.id/satupeta/rest/services/PUBLIK/PERIZINAN_DAN_PERTANAHAN/MapServer/4","retrievedAt":"2026-08-28T06:57:32Z","geometryProcessing":"web display simplification tolerance 0.00035 degrees","name":"MACIKA MADA MADANA","issuer":"BUPATI","province":"SULAWESI TENGGARA","district":"KONAWE SELATAN","permitNumber":"1464 TAHUN 2011","permitType":"PT","miningType":"IUP","commodity":"NIKEL","status":"2","validFrom":"2011-10-27","validTo":"2031-10-27","areaHa":705.0,"location":"KEC PALANGGA, KONAWE SELATAN","sourceRemark":"-","region":"sulawesi"},"geometry":{"type":"Polygon","coordinates":[[[122.35469,-4.39344],[122.35475,-4.41719],[122.36451,-4.41719],[122.36451,-4.43115],[122.3735,-4.43115],[122.37352,-4.39344],[122.35469,-4.39344]]]}},{"type":"Feature","properties":{"inventoryId":"big-mining-wiup:4386","sector":"Tambang","subtype":"WIUP","quality":"OFFICIAL","sourceDataset":"big-mining-wiup","sourceRecordId":"4386","source":"BIG Kebijakan Satu Peta","sourceUrl":"https://kspservices.big.go.id/satupeta/rest/services/PUBLIK/PERIZINAN_DAN_PERTANAHAN/MapServer/4","retrievedAt":"2026-08-28T06:57:32Z","geometryProcessing":"web display simplification tolerance 0.00035 degrees","name":"MADIKA VATU KAILI","issuer":"MENTERI","province":"SULAWESI TENGAH","district":"DONGGALA","permitNumber":"560/1/IUP/PMDN/2022","permitType":"PT","miningType":"IUP","commodity":"ANDESIT","status":"1","validFrom":"2022-03-22","validTo":"2025-03-22","areaHa":1809.0,"location":"DESA WOMBO, WOMBO KALONGGO DAN DESA NUPA BOMBA, KECAMATAN TANANTOVEA","sourceRemark":"-","region":"sulawesi"},"geometry":{"type":"Polygon","coordinates":[[[119.91698,-0.66201],[119.91698,-0.67897],[119.96993,-0.67897],[119.96993,-0.6399],[119.95962,-0.6399],[119.95962,-0.65076],[119.94027,-0.65076],[119.94027,-0.64741],[119.93232,-0.64741],[119.93232,-0.66201],[119.91698,-0.66201]]]}},{"type":"Feature","properties":{"inventoryId":"big-mining-wiup:4355","sector":"Tambang","subtype":"WIUP","quality":"OFFICIAL","sourceDataset":"big-mining-wiup","sourceRecordId":"4355","source":"BIG Kebijakan Satu Peta","sourceUrl":"https://kspservices.big.go.id/satupeta/rest/services/PUBLIK/PERIZINAN_DAN_PERTANAHAN/MapServer/4","retrievedAt":"2026-08-28T06:57:32Z","geometryProcessing":"web display simplification tolerance 0.00035 degrees","name":"MAESA OPTIMALAH MINERAL","issuer":"GUBERNUR","province":"SULAWESI TENGGARA","district":"KONAWE UTARA","permitNumber":"784/DPMPTSP/XII/2020","permitType":"PT","miningType":"IUP","commodity":"NIKEL","status":"2","validFrom":"2014-12-30","validTo":"2034-12-30","areaHa":1056.38,"location":"KECAMATAN MOLAWE, KAB KONAWE UTARA","sourceRemark":"-","region":"sulawesi"},"geometry":{"type":"Polygon","coordinates":[[[122.201,-3.41778],[122.201,-3.44198],[122.20228,-3.44145],[122.20228,-3.44086],[122.20324,-3.44086],[122.20324,-3.44036],[122.20417,-3.44036],[122.20417,-3.43984],[122.20621,-3.43937],[122.20621,-3.43887],[122.22037,-3.43887],[122.22037,-3.43927],[122.22194,-3.43927],[122.22194,-3.43982],[122.22348,-3.43982],[122.22348,-3.44071],[122.22516,-3.44071],[122.22516,-3.44143],[122.22684,-3.44143],[122.22684,-3.44234],[122.22777,-3.44234],[122.22777,-3.44315],[122.22891,-3.44315],[122.22891,-3.4439],[122.22983,-3.4439],[122.22983,-3.44484],[122.238,-3.44484],[122.238,-3.41778],[122.201,-3.41778]]]}},{"type":"Feature","properties":{"inventoryId":"big-mining-wiup:3343","sector":"Tambang","subtype":"WIUP","quality":"OFFICIAL","sourceDataset":"big-mining-wiup","sourceRecordId":"3343","source":"BIG Kebijakan Satu Peta","sourceUrl":"https://kspservices.big.go.id/satupeta/rest/services/PUBLIK/PERIZINAN_DAN_PERTANAHAN/MapServer/4","retrievedAt":"2026-08-28T06:57:32Z","geometryProcessing":"web display simplification tolerance 0.00035 degrees","name":"MAGHANTARA MULTIMEDIA NUSAPHALA","issuer":"BUPATI","province":"SULAWESI TENGAH","district":"MOROWALI","permitNumber":"540.3/SK.005/DESDM/XI/2011","permitType":"PT","miningType":"IUP","commodity":"NIKEL","status":"2","validFrom":"2011-11-29","validTo":"2031-11-29","areaHa":2318.0,"location":"LABOTA DAN PADABAO","sourceRemark":"-","region":"sulawesi"},"geometry":{"type":"Polygon","coordinates":[[[122.11341,-2.93019],[122.12372,-2.93019],[122.12372,-2.90291],[122.11753,-2.90291],[122.11753,-2.89735],[122.11333,-2.89735],[122.11333,-2.89506],[122.11085,-2.89506],[122.11085,-2.88302],[122.09318,-2.88302],[122.09318,-2.88426],[122.08923,-2.88426],[122.08923,-2.88856],[122.08534,-2.88856],[122.08534,-2.89181],[122.08773,-2.89181],[122.08773,-2.90222],[122.09072,-2.90222],[122.09072,-2.90656],[122.09757,-2.90656],[122.09757,-2.90884],[122.10185,-2.90884],[122.10185,-2.91275],[122.10804,-2.91275],[122.10804,-2.91922],[122.11613,-2.91922],[122.11613,-2.92521],[122.10804,-2.92521],[122.10804,-2.93019],[122.08528,-2.93019],[122.08528,-2.9622],[122.11341,-2.9622],[122.11341,-2.93019]]]}},{"type":"Feature","properties":{"inventoryId":"big-mining-wiup:4492","sector":"Tambang","subtype":"WIUP","quality":"OFFICIAL","sourceDataset":"big-mining-wiup","sourceRecordId":"4492","source":"BIG Kebijakan Satu Peta","sourceUrl":"https://kspservices.big.go.id/satupeta/rest/services/PUBLIK/PERIZINAN_DAN_PERTANAHAN/MapServer/4","retrievedAt":"2026-08-28T06:57:32Z","geometryProcessing":"web display simplification tolerance 0.00035 degrees","name":"MAHESA MINERAL MINING","issuer":"GUBERNUR","province":"SULAWESI TENGGARA","district":"KONAWE UTARA","permitNumber":"426/DPMPTSP/VII/2020","permitType":"PT","miningType":"IUP","commodity":"BATU GAMPING","status":"2","validFrom":"2020-07-30","validTo":"2025-07-30","areaHa":49.0,"location":"LEMBO KONAWE UTARA, SULAWESI TENGGARA","sourceRemark":"-","region":"sulawesi"},"geometry":{"type":"Polygon","coordinates":[[[122.32288,-3.78564],[122.32656,-3.78564],[122.32656,-3.78431],[122.33141,-3.78431],[122.33141,-3.78021],[122.32288,-3.78021],[122.32288,-3.78564]]]}},{"type":"Feature","properties":{"inventoryId":"big-mining-wiup:1254","sector":"Tambang","subtype":"WIUP","quality":"OFFICIAL","sourceDataset":"big-mining-wiup","sourceRecordId":"1254","source":"BIG Kebijakan Satu Peta","sourceUrl":"https://kspservices.big.go.id/satupeta/rest/services/PUBLIK/PERIZINAN_DAN_PERTANAHAN/MapServer/4","retrievedAt":"2026-08-28T06:57:32Z","geometryProcessing":"web display simplification tolerance 0.00035 degrees","name":"MAKARTI PADABAHO SORAJAI","issuer":"GUBERNUR","province":"SULAWESI TENGAH","district":"MOROWALI","permitNumber":"540/681/IUP-OP/DPMPTSP/2018","permitType":"PT","miningType":"IUP","commodity":"NIKEL DMP","status":"2","validFrom":"2018-12-13","validTo":"2038-12-13","areaHa":1135.0,"location":"DESA MAKARTI JAYA, DAN PADABAHO","sourceRemark":"-","region":"sulawesi"},"geometry":{"type":"Polygon","coordinates":[[[122.11441,-2.95078],[122.12421,-2.95078],[122.12421,-2.95361],[122.14947,-2.95361],[122.14947,-2.95126],[122.15216,-2.95126],[122.15216,-2.9492],[122.15968,-2.9492],[122.15968,-2.95126],[122.16523,-2.95126],[122.16523,-2.93418],[122.14938,-2.93418],[122.14938,-2.93052],[122.1459,-2.93052],[122.1459,-2.93959],[122.14192,-2.93959],[122.14192,-2.93052],[122.12096,-2.93052],[122.12096,-2.94205],[122.11441,-2.94205],[122.11441,-2.95078]]]}},{"type":"Feature","properties":{"inventoryId":"big-mining-wiup:4372","sector":"Tambang","subtype":"WIUP","quality":"OFFICIAL","sourceDataset":"big-mining-wiup","sourceRecordId":"4372","source":"BIG Kebijakan Satu Peta","sourceUrl":"https://kspservices.big.go.id/satupeta/rest/services/PUBLIK/PERIZINAN_DAN_PERTANAHAN/MapServer/4","retrievedAt":"2026-08-28T06:57:32Z","geometryProcessing":"web display simplification tolerance 0.00035 degrees","name":"MAKASSAR SUKSES SEJAHTERA","issuer":"BUPATI","province":"SULAWESI TENGAH","district":"MOROWALI","permitNumber":"540.3/SK.016/DESDM/XI/2011","permitType":"PT","miningType":"IUP","commodity":"NIKEL","status":"2","validFrom":"2011-11-18","validTo":"2031-11-18","areaHa":1029.0,"location":"TAMAINUSI, SOYOJAYA","sourceRemark":"-","region":"sulawesi"},"geometry":{"type":"Polygon","coordinates":[[[121.21888,-1.82039],[121.21888,-1.82696],[121.22348,-1.82696],[121.22348,-1.83028],[121.22563,-1.83028],[121.22563,-1.83352],[121.22716,-1.83352],[121.22716,-1.8379],[121.22931,-1.8379],[121.22931,-1.8394],[121.23227,-1.8394],[121.23227,-1.85574],[121.23108,-1.85574],[121.23108,-1.86333],[121.23218,-1.86333],[121.23218,-1.8712],[121.234,-1.8712],[121.234,-1.85622],[121.24283,-1.85622],[121.24283,-1.84292],[121.24822,-1.84292],[121.24822,-1.84396],[121.25222,-1.84396],[121.25222,-1.84712],[121.25646,-1.84712],[121.25646,-1.83204],[121.25303,-1.83204],[121.25303,-1.82223],[121.23227,-1.82223],[121.23227,-1.82039],[121.21888,-1.82039]]]}},{"type":"Feature","properties":{"inventoryId":"big-mining-wiup:67","sector":"Tambang","subtype":"WIUP","quality":"OFFICIAL","sourceDataset":"big-mining-wiup","sourceRecordId":"67","source":"BIG Kebijakan Satu Peta","sourceUrl":"https://kspservices.big.go.id/satupeta/rest/services/PUBLIK/PERIZINAN_DAN_PERTANAHAN/MapServer/4","retrievedAt":"2026-08-28T06:57:32Z","geometryProcessing":"web display simplification tolerance 0.00035 degrees","name":"MAKMUR AGUNG PERKASA","issuer":"GUBERNUR","province":"SULAWESI SELATAN","district":"MAROS","permitNumber":"131/KPTS/540/III/2011","permitType":"PT","miningType":"IUP","commodity":"MARMER","status":"2","validFrom":"2018-11-27","validTo":"2023-11-26","areaHa":13.0,"location":"DUSUN LINGK. NIPA DAN KATUBUNG, DESA BORIBELLAYA DAN MATTOANGING, KEC. TURIKALE DAN BANTIMURUNG, KAB. MAROS","sourceRemark":"-","region":"sulawesi"},"geometry":{"type":"Polygon","coordinates":[[[119.60069,-4.97556],[119.60009,-4.97824],[119.60244,-4.97925],[119.60422,-4.97981],[119.60472,-4.97861],[119.60761,-4.97836],[119.60789,-4.97783],[119.60686,-4.97642],[119.60611,-4.97822],[119.60503,-4.97789],[119.60342,-4.97828],[119.6015,-4.97739],[119.60069,-4.97556]]]}},{"type":"Feature","properties":{"inventoryId":"big-mining-wiup:1750","sector":"Tambang","subtype":"WIUP","quality":"OFFICIAL","sourceDataset":"big-mining-wiup","sourceRecordId":"1750","source":"BIG Kebijakan Satu Peta","sourceUrl":"https://kspservices.big.go.id/satupeta/rest/services/PUBLIK/PERIZINAN_DAN_PERTANAHAN/MapServer/4","retrievedAt":"2026-08-28T06:57:32Z","geometryProcessing":"web display simplification tolerance 0.00035 degrees","name":"MAKMUR LESTARI PRIMATAMA","issuer":"BUPATI","province":"SULAWESI TENGGARA","district":"KONAWE UTARA","permitNumber":"407 TAHUN 2014","permitType":"PT","miningType":"IUP","commodity":"NIKEL","status":"2","validFrom":"2014-09-22","validTo":"2029-11-22","areaHa":407.0,"location":"KECAMATAN LANGGIKIMA KAB. KONAWE UTARA","sourceRemark":"-","region":"sulawesi"},"geometry":{"type":"Polygon","coordinates":[[[122.24969,-3.29423],[122.27875,-3.29419],[122.27875,-3.28918],[122.28301,-3.28918],[122.28301,-3.28363],[122.24969,-3.28356],[122.24969,-3.29423]]]}},{"type":"Feature","properties":{"inventoryId":"big-mining-wiup:3288","sector":"Tambang","subtype":"WIUP","quality":"OFFICIAL","sourceDataset":"big-mining-wiup","sourceRecordId":"3288","source":"BIG Kebijakan Satu Peta","sourceUrl":"https://kspservices.big.go.id/satupeta/rest/services/PUBLIK/PERIZINAN_DAN_PERTANAHAN/MapServer/4","retrievedAt":"2026-08-28T06:57:32Z","geometryProcessing":"web display simplification tolerance 0.00035 degrees","name":"MANDALA JAYAKARTA","issuer":"MENTERI","province":"SULAWESI TENGGARA","district":"KONAWE UTARA","permitNumber":"771/DPMPTSP/XII/2020","permitType":"PT","miningType":"IUP","commodity":"NIKEL","status":"2","validFrom":"2015-10-26","validTo":"2035-10-25","areaHa":107.0,"location":"KECAMATAN LASOLO","sourceRemark":"-","region":"sulawesi"},"geometry":{"type":"Polygon","coordinates":[[[122.35853,-3.41687],[122.35853,-3.43229],[122.36219,-3.43229],[122.36219,-3.4407],[122.36349,-3.4407],[122.36349,-3.41687],[122.35853,-3.41687]]]}},{"type":"Feature","properties":{"inventoryId":"big-mining-wiup:4536","sector":"Tambang","subtype":"WIUP","quality":"OFFICIAL","sourceDataset":"big-mining-wiup","sourceRecordId":"4536","source":"BIG Kebijakan Satu Peta","sourceUrl":"https://kspservices.big.go.id/satupeta/rest/services/PUBLIK/PERIZINAN_DAN_PERTANAHAN/MapServer/4","retrievedAt":"2026-08-28T06:57:32Z","geometryProcessing":"web display simplification tolerance 0.00035 degrees","name":"MANREPO TAMBANG REMPOA","issuer":"GUBERNUR","province":"SULAWESI SELATAN","district":"MAROS","permitNumber":"39/I.03/PTSP/2020","permitType":"PT","miningType":"IUP","commodity":"BATU GUNUNG QUARRY BESAR","status":"2","validFrom":"2020-05-20","validTo":"2025-05-19","areaHa":27.57,"location":"DESA TODDUPULIA, KEC. TANRALILI","sourceRemark":"-","region":"sulawesi"},"geometry":{"type":"Polygon","coordinates":[[[119.63661,-5.06405],[119.63661,-5.06117],[119.62735,-5.06117],[119.62735,-5.06341],[119.62789,-5.06375],[119.6348,-5.06329],[119.6348,-5.06405],[119.63661,-5.06405]]]}},{"type":"Feature","properties":{"inventoryId":"big-mining-wiup:1749","sector":"Tambang","subtype":"WIUP","quality":"OFFICIAL","sourceDataset":"big-mining-wiup","sourceRecordId":"1749","source":"BIG Kebijakan Satu Peta","sourceUrl":"https://kspservices.big.go.id/satupeta/rest/services/PUBLIK/PERIZINAN_DAN_PERTANAHAN/MapServer/4","retrievedAt":"2026-08-28T06:57:32Z","geometryProcessing":"web display simplification tolerance 0.00035 degrees","name":"MANUNGGAL SARANA SURYA PRATAMA","issuer":"BUPATI","province":"SULAWESI TENGGARA","district":"KONAWE UTARA","permitNumber":"609 TAHUN 2014","permitType":"PT","miningType":"IUP","commodity":"NIKEL","status":"2","validFrom":"2014-12-08","validTo":"2032-10-08","areaHa":284.92,"location":"KEC. LASOLO","sourceRemark":"-","region":"sulawesi"},"geometry":{"type":"Polygon","coordinates":[[[122.37534,-3.42793],[122.38614,-3.42793],[122.38614,-3.41724],[122.39118,-3.41724],[122.39118,-3.40821],[122.38261,-3.40821],[122.38261,-3.40926],[122.37863,-3.40864],[122.37863,-3.40928],[122.37729,-3.4098],[122.37729,-3.41294],[122.37856,-3.41294],[122.37799,-3.41551],[122.37896,-3.41551],[122.37896,-3.41769],[122.37688,-3.41802],[122.37688,-3.41862],[122.37534,-3.41862],[122.37534,-3.42793]]]}},{"type":"Feature","properties":{"inventoryId":"big-mining-wiup:3773","sector":"Tambang","subtype":"WIUP","quality":"OFFICIAL","sourceDataset":"big-mining-wiup","sourceRecordId":"3773","source":"BIG Kebijakan Satu Peta","sourceUrl":"https://kspservices.big.go.id/satupeta/rest/services/PUBLIK/PERIZINAN_DAN_PERTANAHAN/MapServer/4","retrievedAt":"2026-08-28T06:57:32Z","geometryProcessing":"web display simplification tolerance 0.00035 degrees","name":"MAPILLI RAYA","issuer":"GUBERNUR","province":"SULAWESI BARAT","district":"POLEWALI MANDAR","permitNumber":"022/76/IUP.OP/PTSP.A/XII/2020","permitType":"CV","miningType":"IUP","commodity":"ANDESIT","status":"2","validFrom":"2020-12-10","validTo":"2025-12-10","areaHa":2.3,"location":"DESA BEROANGIN, KECAMATAN MAPILI, KABUPATEN POLERALI MANDAR","sourceRemark":"-","region":"sulawesi"},"geometry":{"type":"Polygon","coordinates":[[[119.15612,-3.34639],[119.15612,-3.34513],[119.15397,-3.34581],[119.15612,-3.34639]]]}},{"type":"Feature","properties":{"inventoryId":"big-mining-wiup:1919","sector":"Tambang","subtype":"WIUP","quality":"OFFICIAL","sourceDataset":"big-mining-wiup","sourceRecordId":"1919","source":"BIG Kebijakan Satu Peta","sourceUrl":"https://kspservices.big.go.id/satupeta/rest/services/PUBLIK/PERIZINAN_DAN_PERTANAHAN/MapServer/4","retrievedAt":"2026-08-28T06:57:32Z","geometryProcessing":"web display simplification tolerance 0.00035 degrees","name":"MARALES JAYA SENTOSA","issuer":"GUBERNUR","province":"SULAWESI TENGAH","district":"DONGGALA","permitNumber":"540/183/IUP-OP/DPMPTSP/2018","permitType":"PT","miningType":"IUP","commodity":"BATUAN","status":"2","validFrom":"2018-03-14","validTo":"2023-03-14","areaHa":40.3,"location":"LOLI OGE, BANAWA, DONGGALA","sourceRemark":"-","region":"sulawesi"},"geometry":{"type":"Polygon","coordinates":[[[119.79614,-0.79175],[119.79488,-0.79152],[119.79316,-0.79271],[119.78749,-0.79272],[119.78749,-0.79732],[119.79082,-0.79732],[119.79082,-0.79673],[119.79327,-0.79627],[119.79498,-0.7937],[119.79669,-0.79291],[119.79614,-0.79175]]]}},{"type":"Feature","properties":{"inventoryId":"big-mining-wiup:431","sector":"Tambang","subtype":"WIUP","quality":"OFFICIAL","sourceDataset":"big-mining-wiup","sourceRecordId":"431","source":"BIG Kebijakan Satu Peta","sourceUrl":"https://kspservices.big.go.id/satupeta/rest/services/PUBLIK/PERIZINAN_DAN_PERTANAHAN/MapServer/4","retrievedAt":"2026-08-28T06:57:32Z","geometryProcessing":"web display simplification tolerance 0.00035 degrees","name":"MARGO KARYA MANDIRI","issuer":"GUBERNUR","province":"SULAWESI TENGGARA","district":"BOMBANA","permitNumber":"607/DPMPTSP/X/2020","permitType":"PT","miningType":"IUP","commodity":"NIKEL DMP","status":"2","validFrom":"2020-10-07","validTo":"2030-10-06","areaHa":2128.0,"location":"KEC KABAENA KAB BOMBANA","sourceRemark":"-","region":"sulawesi"},"geometry":{"type":"Polygon","coordinates":[[[121.82306,-5.3025],[121.82306,-5.31528],[121.835,-5.31528],[121.835,-5.31944],[121.875,-5.31944],[121.875,-5.34917],[121.90056,-5.34917],[121.90056,-5.34],[121.90556,-5.34],[121.90556,-5.33486],[121.91611,-5.33486],[121.91611,-5.32333],[121.88472,-5.32333],[121.88472,-5.31444],[121.87806,-5.31444],[121.87806,-5.30694],[121.85778,-5.30694],[121.85778,-5.3025],[121.82306,-5.3025]]]}},{"type":"Feature","properties":{"inventoryId":"big-mining-wiup:2733","sector":"Tambang","subtype":"WIUP","quality":"OFFICIAL","sourceDataset":"big-mining-wiup","sourceRecordId":"2733","source":"BIG Kebijakan Satu Peta","sourceUrl":"https://kspservices.big.go.id/satupeta/rest/services/PUBLIK/PERIZINAN_DAN_PERTANAHAN/MapServer/4","retrievedAt":"2026-08-28T06:57:32Z","geometryProcessing":"web display simplification tolerance 0.00035 degrees","name":"MARTINAWATI","issuer":"GUBERNUR","province":"SULAWESI SELATAN","district":"BONE","permitNumber":"91/I.03/PTSP/2019","permitType":"SDR","miningType":"IUP","commodity":"SIRTU","status":"2","validFrom":"2019-10-07","validTo":"2024-10-07","areaHa":6.5600000000000005,"location":"KEC LAMURU, BONE","sourceRemark":"-","region":"sulawesi"},"geometry":{"type":"Polygon","coordinates":[[[119.99344,-4.64681],[119.99344,-4.64547],[119.99514,-4.64428],[119.99797,-4.64433],[119.99911,-4.64522],[119.99992,-4.64522],[119.99992,-4.64472],[119.99778,-4.64367],[119.99483,-4.64375],[119.99297,-4.64508],[119.99297,-4.64681],[119.99344,-4.64681]]]}},{"type":"Feature","properties":{"inventoryId":"big-mining-wiup:533","sector":"Tambang","subtype":"WIUP","quality":"OFFICIAL","sourceDataset":"big-mining-wiup","sourceRecordId":"533","source":"BIG Kebijakan Satu Peta","sourceUrl":"https://kspservices.big.go.id/satupeta/rest/services/PUBLIK/PERIZINAN_DAN_PERTANAHAN/MapServer/4","retrievedAt":"2026-08-28T06:57:32Z","geometryProcessing":"web display simplification tolerance 0.00035 degrees","name":"MASEMPO DALLE","issuer":"BUPATI","province":"SULAWESI TENGGARA","district":"KONAWE UTARA","permitNumber":"327 TAHUN 2011","permitType":"PT","miningType":"IUP","commodity":"NIKEL","status":"2","validFrom":"2011-08-23","validTo":"2031-08-23","areaHa":103.2,"location":"KEC. LANGGIKIMA, KONUT","sourceRemark":"-","region":"sulawesi"},"geometry":{"type":"Polygon","coordinates":[[[122.26085,-3.3783],[122.26422,-3.3783],[122.26422,-3.37486],[122.25976,-3.37486],[122.25976,-3.37794],[122.25888,-3.37794],[122.25888,-3.3808],[122.25955,-3.3808],[122.25955,-3.38404],[122.25871,-3.38404],[122.25871,-3.38563],[122.25724,-3.38563],[122.25724,-3.40093],[122.26085,-3.40093],[122.26085,-3.3783]]]}},{"type":"Feature","properties":{"inventoryId":"big-mining-wiup:950","sector":"Tambang","subtype":"WIUP","quality":"OFFICIAL","sourceDataset":"big-mining-wiup","sourceRecordId":"950","source":"BIG Kebijakan Satu Peta","sourceUrl":"https://kspservices.big.go.id/satupeta/rest/services/PUBLIK/PERIZINAN_DAN_PERTANAHAN/MapServer/4","retrievedAt":"2026-08-28T06:57:32Z","geometryProcessing":"web display simplification tolerance 0.00035 degrees","name":"MASEMPO DALLE","issuer":"BUPATI","province":"SULAWESI TENGGARA","district":"KONAWE UTARA","permitNumber":"326 TAHUN 2011","permitType":"PT","miningType":"IUP","commodity":"NIKEL","status":"2","validFrom":"2011-08-23","validTo":"2031-08-23","areaHa":201.3,"location":"KEC. LANGGIKIA, KONUT","sourceRemark":"-","region":"sulawesi"},"geometry":{"type":"Polygon","coordinates":[[[122.247,-3.36639],[122.25833,-3.36639],[122.25833,-3.34981],[122.25029,-3.34981],[122.25029,-3.3574],[122.247,-3.35739],[122.247,-3.36639]]]}},{"type":"Feature","properties":{"inventoryId":"big-mining-wiup:1057","sector":"Tambang","subtype":"WIUP","quality":"OFFICIAL","sourceDataset":"big-mining-wiup","sourceRecordId":"1057","source":"BIG Kebijakan Satu Peta","sourceUrl":"https://kspservices.big.go.id/satupeta/rest/services/PUBLIK/PERIZINAN_DAN_PERTANAHAN/MapServer/4","retrievedAt":"2026-08-28T06:57:32Z","geometryProcessing":"web display simplification tolerance 0.00035 degrees","name":"MASMINDO DWI AREA","issuer":"MENTERI","province":"SULAWESI SELATAN","district":"LUWU","permitNumber":"171.K/30/DJB/2018","permitType":"PT","miningType":"KK","commodity":"EMAS","status":"2","validFrom":"2018-01-16","validTo":"2050-06-19","areaHa":14390.0,"location":"LUWU","sourceRemark":"GEN VII","region":"sulawesi"},"geometry":{"type":"MultiPolygon","coordinates":[[[[120.1692,-3.36722],[120.17335,-3.36722],[120.17335,-3.33333],[120.15911,-3.33333],[120.15911,-3.3],[120.10911,-3.3],[120.10911,-3.25],[120.04777,-3.25],[120.04777,-3.25619],[120.05119,-3.25619],[120.05119,-3.26301],[120.05583,-3.26301],[120.05583,-3.26886],[120.059,-3.26886],[120.059,-3.27593],[120.06682,-3.27593],[120.06682,-3.2852],[120.07022,-3.2852],[120.07022,-3.28983],[120.07659,-3.28983],[120.07659,-3.29836],[120.07951,-3.29836],[120.07951,-3.30493],[120.08178,-3.30493],[120.08178,-3.34805],[120.08655,-3.34805],[120.08655,-3.35778],[120.10491,-3.35778],[120.10491,-3.37831],[120.09838,-3.37831],[120.09838,-3.3877],[120.10718,-3.3877],[120.10718,-3.4005],[120.12127,-3.4005],[120.12127,-3.41415],[120.12762,-3.41415],[120.12762,-3.41881],[120.13438,-3.41881],[120.13438,-3.42915],[120.14764,-3.42915],[120.14764,-3.42374],[120.1491,-3.42374],[120.1491,-3.41602],[120.15075,-3.41602],[120.15075,-3.39357],[120.1568,-3.39357],[120.1568,-3.38685],[120.16042,-3.38685],[120.16042,-3.37447],[120.1692,-3.37447],[120.1692,-3.36722]]],[[[120.21466,-3.3],[120.2147,-3.25833],[120.18132,-3.25833],[120.18133,-3.3],[120.21466,-3.3]]]]}},{"type":"Feature","properties":{"inventoryId":"big-mining-wiup:1955","sector":"Tambang","subtype":"WIUP","quality":"OFFICIAL","sourceDataset":"big-mining-wiup","sourceRecordId":"1955","source":"BIG Kebijakan Satu Peta","sourceUrl":"https://kspservices.big.go.id/satupeta/rest/services/PUBLIK/PERIZINAN_DAN_PERTANAHAN/MapServer/4","retrievedAt":"2026-08-28T06:57:32Z","geometryProcessing":"web display simplification tolerance 0.00035 degrees","name":"MATAHARI KARYA","issuer":"GUBERNUR","province":"SULAWESI TENGAH","district":"POSO","permitNumber":"540/823/IUP-OP/DPMPTSP/2017","permitType":"CV","miningType":"IUP","commodity":"BATUAN","status":"2","validFrom":"2017-10-10","validTo":"2022-10-10","areaHa":5.45,"location":"PENDOLO, PAMONO SELATAN, POSO","sourceRemark":"-","region":"sulawesi"},"geometry":{"type":"Polygon","coordinates":[[[120.67852,-2.07645],[120.67828,-2.07728],[120.67964,-2.07885],[120.68049,-2.08261],[120.67958,-2.0832],[120.68012,-2.08419],[120.67976,-2.08581],[120.68018,-2.0867],[120.679,-2.08638],[120.67828,-2.08676],[120.67965,-2.08802],[120.67958,-2.08861],[120.67875,-2.08846],[120.67889,-2.08928],[120.67889,-2.08857],[120.67975,-2.08868],[120.67977,-2.08796],[120.67932,-2.08706],[120.67872,-2.08732],[120.67846,-2.08677],[120.68042,-2.08683],[120.68001,-2.08594],[120.6804,-2.08416],[120.6798,-2.08319],[120.6807,-2.08266],[120.68004,-2.0784],[120.67903,-2.0779],[120.67852,-2.07645]]]}},{"type":"Feature","properties":{"inventoryId":"big-mining-wiup:1956","sector":"Tambang","subtype":"WIUP","quality":"OFFICIAL","sourceDataset":"big-mining-wiup","sourceRecordId":"1956","source":"BIG Kebijakan Satu Peta","sourceUrl":"https://kspservices.big.go.id/satupeta/rest/services/PUBLIK/PERIZINAN_DAN_PERTANAHAN/MapServer/4","retrievedAt":"2026-08-28T06:57:32Z","geometryProcessing":"web display simplification tolerance 0.00035 degrees","name":"MATAHARI KARYA","issuer":"GUBERNUR","province":"SULAWESI TENGAH","district":"POSO","permitNumber":"540/265/IUP-OP/DPMPTSP/2018","permitType":"CV","miningType":"IUP","commodity":"BATUAN","status":"2","validFrom":"2018-04-06","validTo":"2023-04-06","areaHa":9.0,"location":"UELENE, PAMONA SELATAN, KAB. POSO","sourceRemark":"-","region":"sulawesi"},"geometry":{"type":"Polygon","coordinates":[[[120.72936,-2.13717],[120.73385,-2.13495],[120.73402,-2.13356],[120.7352,-2.13292],[120.73499,-2.13142],[120.7385,-2.13042],[120.7388,-2.12952],[120.73993,-2.12938],[120.74044,-2.12847],[120.74253,-2.12801],[120.74253,-2.12693],[120.74417,-2.12551],[120.74253,-2.12654],[120.74231,-2.12785],[120.74015,-2.12826],[120.73965,-2.12926],[120.7386,-2.12926],[120.73818,-2.13028],[120.7343,-2.1312],[120.73449,-2.13302],[120.73348,-2.13339],[120.73347,-2.1347],[120.73237,-2.1347],[120.73218,-2.13553],[120.73107,-2.13553],[120.72893,-2.13701],[120.72936,-2.13717]]]}},{"type":"Feature","properties":{"inventoryId":"big-mining-wiup:2453","sector":"Tambang","subtype":"WIUP","quality":"OFFICIAL","sourceDataset":"big-mining-wiup","sourceRecordId":"2453","source":"BIG Kebijakan Satu Peta","sourceUrl":"https://kspservices.big.go.id/satupeta/rest/services/PUBLIK/PERIZINAN_DAN_PERTANAHAN/MapServer/4","retrievedAt":"2026-08-28T06:57:32Z","geometryProcessing":"web display simplification tolerance 0.00035 degrees","name":"MATAIWOI JAYA MAKMUR","issuer":"GUBERNUR","province":"SULAWESI TENGGARA","district":"KONAWE UTARA","permitNumber":"881/DPMPTSP/XII/2019","permitType":"PT","miningType":"IUP","commodity":"BATU GAMPING","status":"1","validFrom":"2019-12-16","validTo":"2024-12-16","areaHa":100.04,"location":"DESA TUDUNGANO, KEC. SAWA, KAB. KONAWE UTARA","sourceRemark":"-","region":"sulawesi"},"geometry":{"type":"Polygon","coordinates":[[[122.41391,-3.77048],[122.4031,-3.77048],[122.4031,-3.77228],[122.40018,-3.77228],[122.40017,-3.77635],[122.39837,-3.77635],[122.39837,-3.77884],[122.39747,-3.77884],[122.39747,-3.78078],[122.40567,-3.78079],[122.40518,-3.77189],[122.40715,-3.77212],[122.40869,-3.77316],[122.41022,-3.77316],[122.41126,-3.77401],[122.41342,-3.77401],[122.41391,-3.7738],[122.41391,-3.77048]]]}},{"type":"Feature","properties":{"inventoryId":"big-mining-wiup:1504","sector":"Tambang","subtype":"WIUP","quality":"OFFICIAL","sourceDataset":"big-mining-wiup","sourceRecordId":"1504","source":"BIG Kebijakan Satu Peta","sourceUrl":"https://kspservices.big.go.id/satupeta/rest/services/PUBLIK/PERIZINAN_DAN_PERTANAHAN/MapServer/4","retrievedAt":"2026-08-28T06:57:32Z","geometryProcessing":"web display simplification tolerance 0.00035 degrees","name":"MAXIMA TIGA BERKAT","issuer":"MENTERI","province":"SULAWESI TENGAH","district":"DONGGALA","permitNumber":"611/1/IUP/PMDN/2021","permitType":"PT","miningType":"IUP","commodity":"BATU GUNUNG QUARRY BESAR","status":"2","validFrom":"2021-06-21","validTo":"2026-05-04","areaHa":15.6,"location":"DESA LOLIOGE","sourceRemark":"-","region":"sulawesi"},"geometry":{"type":"Polygon","coordinates":[[[119.7941,-0.81365],[119.79281,-0.81365],[119.79179,-0.81559],[119.79275,-0.81758],[119.79418,-0.81734],[119.79429,-0.81811],[119.79508,-0.81811],[119.79602,-0.81738],[119.79632,-0.81592],[119.7941,-0.81365]]]}},{"type":"Feature","properties":{"inventoryId":"big-mining-wiup:538","sector":"Tambang","subtype":"WIUP","quality":"OFFICIAL","sourceDataset":"big-mining-wiup","sourceRecordId":"538","source":"BIG Kebijakan Satu Peta","sourceUrl":"https://kspservices.big.go.id/satupeta/rest/services/PUBLIK/PERIZINAN_DAN_PERTANAHAN/MapServer/4","retrievedAt":"2026-08-28T06:57:32Z","geometryProcessing":"web display simplification tolerance 0.00035 degrees","name":"MEARES SOPUTAN MINING","issuer":"MENTERI","province":"SULAWESI UTARA","district":"KOTA BITUNG, MINAHASA UTARA","permitNumber":"323.K/30/DJB/2015","permitType":"PT","miningType":"KK","commodity":"EMAS DMP","status":"2","validFrom":"2015-02-03","validTo":"2041-03-05","areaHa":8969.0,"location":"KAB. MINAHASA UTARA & KOTA BITUNG","sourceRemark":"GEN IV","region":"sulawesi"},"geometry":{"type":"Polygon","coordinates":[[[125.14106,1.56667],[125.14106,1.64583],[125.04939,1.64583],[125.04939,1.56667],[125.14106,1.56667]]]}},{"type":"Feature","properties":{"inventoryId":"big-mining-wiup:904","sector":"Tambang","subtype":"WIUP","quality":"OFFICIAL","sourceDataset":"big-mining-wiup","sourceRecordId":"904","source":"BIG Kebijakan Satu Peta","sourceUrl":"https://kspservices.big.go.id/satupeta/rest/services/PUBLIK/PERIZINAN_DAN_PERTANAHAN/MapServer/4","retrievedAt":"2026-08-28T06:57:32Z","geometryProcessing":"web display simplification tolerance 0.00035 degrees","name":"MEGA AGRO PERSADA","issuer":"GUBERNUR","province":"SULAWESI BARAT","district":"MAMUJU","permitNumber":"138/76/IUP.OP-PTSP.A/XI/2017","permitType":"PT","miningType":"IUP","commodity":"EMAS","status":"2","validFrom":"2017-12-13","validTo":"2033-08-29","areaHa":255.2,"location":"KEC. KALUMPANG","sourceRemark":"-","region":"sulawesi"},"geometry":{"type":"Polygon","coordinates":[[[119.5011,-2.48705],[119.50156,-2.48705],[119.50156,-2.49036],[119.50071,-2.49036],[119.50071,-2.49271],[119.50023,-2.49271],[119.50023,-2.49394],[119.49961,-2.49394],[119.49961,-2.49512],[119.50061,-2.49512],[119.50061,-2.49677],[119.50203,-2.49677],[119.50209,-2.5002],[119.49944,-2.5002],[119.49944,-2.50138],[119.49853,-2.50138],[119.49797,-2.50392],[119.49728,-2.50392],[119.49728,-2.50501],[119.49872,-2.50501],[119.49872,-2.50587],[119.5006,-2.50587],[119.5006,-2.50844],[119.5014,-2.50844],[119.5014,-2.50927],[119.50211,-2.50927],[119.50211,-2.51088],[119.50149,-2.51088],[119.50149,-2.51171],[119.50046,-2.51171],[119.50046,-2.5128],[119.49964,-2.5128],[119.49964,-2.51721],[119.502,-2.51721],[119.502,-2.51474],[119.507,-2.51474],[119.507,-2.50445],[119.50467,-2.50445],[119.50467,-2.50085],[119.50539,-2.50085],[119.50539,-2.4995],[119.50619,-2.4995],[119.50619,-2.49602],[119.50492,-2.49602],[119.50492,-2.493],[119.50689,-2.49286],[119.50675,-2.47984],[119.50155,-2.47984],[119.5011,-2.48705]]]}},{"type":"Feature","properties":{"inventoryId":"big-mining-wiup:776","sector":"Tambang","subtype":"WIUP","quality":"OFFICIAL","sourceDataset":"big-mining-wiup","sourceRecordId":"776","source":"BIG Kebijakan Satu Peta","sourceUrl":"https://kspservices.big.go.id/satupeta/rest/services/PUBLIK/PERIZINAN_DAN_PERTANAHAN/MapServer/4","retrievedAt":"2026-08-28T06:57:32Z","geometryProcessing":"web display simplification tolerance 0.00035 degrees","name":"MEGA NIKEL INDONESIA","issuer":"GUBERNUR","province":"SULAWESI TENGGARA","district":"KONAWE SELATAN","permitNumber":"224/BKPMD-PTSP/IX/2015","permitType":"PT","miningType":"IUP","commodity":"NIKEL DMP","status":"2","validFrom":"2015-09-17","validTo":"2029-07-09","areaHa":295.6,"location":"DESA WONUA KONGGA, KEC. LAEYA,","sourceRemark":"-","region":"sulawesi"},"geometry":{"type":"Polygon","coordinates":[[[122.48671,-4.44654],[122.48671,-4.44709],[122.48724,-4.44708],[122.48724,-4.45233],[122.48856,-4.45233],[122.48856,-4.45542],[122.49139,-4.45542],[122.49194,-4.44749],[122.48741,-4.44729],[122.48741,-4.44638],[122.48671,-4.44638],[122.48671,-4.44581],[122.48556,-4.44522],[122.48556,-4.44222],[122.48967,-4.44222],[122.48967,-4.444],[122.49181,-4.444],[122.49181,-4.44339],[122.49269,-4.44339],[122.49269,-4.43785],[122.4899,-4.43785],[122.4899,-4.43671],[122.48897,-4.43671],[122.48897,-4.43542],[122.48778,-4.43542],[122.4878,-4.43376],[122.49,-4.43376],[122.4905,-4.43185],[122.493,-4.43185],[122.49353,-4.43381],[122.49539,-4.43411],[122.49539,-4.43618],[122.49433,-4.43618],[122.49433,-4.43933],[122.49569,-4.43933],[122.49569,-4.43683],[122.49714,-4.43683],[122.49714,-4.43381],[122.49956,-4.43381],[122.49944,-4.42142],[122.49331,-4.42142],[122.49331,-4.42567],[122.49239,-4.42567],[122.49239,-4.43117],[122.48411,-4.43117],[122.48411,-4.43236],[122.48308,-4.43236],[122.48308,-4.43428],[122.48061,-4.43428],[122.48061,-4.44233],[122.48144,-4.44233],[122.48144,-4.44317],[122.48439,-4.44317],[122.48439,-4.44372],[122.48494,-4.44372],[122.48494,-4.44544],[122.48575,-4.44544],[122.48575,-4.44647],[122.48671,-4.44654]]]}},{"type":"Feature","properties":{"inventoryId":"big-mining-wiup:1875","sector":"Tambang","subtype":"WIUP","quality":"OFFICIAL","sourceDataset":"big-mining-wiup","sourceRecordId":"1875","source":"BIG Kebijakan Satu Peta","sourceUrl":"https://kspservices.big.go.id/satupeta/rest/services/PUBLIK/PERIZINAN_DAN_PERTANAHAN/MapServer/4","retrievedAt":"2026-08-28T06:57:32Z","geometryProcessing":"web display simplification tolerance 0.00035 degrees","name":"MEGA TAMBANG INDONESIA","issuer":"GUBERNUR","province":"SULAWESI TENGGARA","district":"KONAWE SELATAN","permitNumber":"223/BKPMD-PTSP/IX/2015","permitType":"PT","miningType":"IUP","commodity":"NIKEL DMP","status":"2","validFrom":"2015-09-17","validTo":"2031-02-07","areaHa":1758.0,"location":"DESA LALOWUA, KEC. PALANGGA SE","sourceRemark":"-","region":"sulawesi"},"geometry":{"type":"Polygon","coordinates":[[[122.39201,-4.43154],[122.31685,-4.43154],[122.3168,-4.43947],[122.33097,-4.43947],[122.33097,-4.45514],[122.35786,-4.45514],[122.35786,-4.45375],[122.35898,-4.45375],[122.35898,-4.44715],[122.37181,-4.44716],[122.37179,-4.45417],[122.392,-4.45417],[122.39201,-4.43154]]]}},{"type":"Feature","properties":{"inventoryId":"big-mining-wiup:2051","sector":"Tambang","subtype":"WIUP","quality":"OFFICIAL","sourceDataset":"big-mining-wiup","sourceRecordId":"2051","source":"BIG Kebijakan Satu Peta","sourceUrl":"https://kspservices.big.go.id/satupeta/rest/services/PUBLIK/PERIZINAN_DAN_PERTANAHAN/MapServer/4","retrievedAt":"2026-08-28T06:57:32Z","geometryProcessing":"web display simplification tolerance 0.00035 degrees","name":"MEGA TAMBANG NIKEL","issuer":"GUBERNUR","province":"SULAWESI TENGGARA","district":"KONAWE SELATAN","permitNumber":"839/DPMPTSP/XII/2019","permitType":"PT","miningType":"IUP","commodity":"NIKEL DMP","status":"2","validFrom":"2016-11-22","validTo":"2031-11-21","areaHa":2466.0,"location":"KEC PALANGGA, KONAWE SELATAN","sourceRemark":"-","region":"sulawesi"},"geometry":{"type":"Polygon","coordinates":[[[122.29789,-4.3624],[122.29789,-4.43086],[122.3213,-4.43086],[122.3213,-4.3881],[122.35477,-4.3881],[122.35477,-4.3765],[122.32203,-4.3765],[122.32203,-4.3624],[122.29789,-4.3624]]]}},{"type":"Feature","properties":{"inventoryId":"big-mining-wiup:2363","sector":"Tambang","subtype":"WIUP","quality":"OFFICIAL","sourceDataset":"big-mining-wiup","sourceRecordId":"2363","source":"BIG Kebijakan Satu Peta","sourceUrl":"https://kspservices.big.go.id/satupeta/rest/services/PUBLIK/PERIZINAN_DAN_PERTANAHAN/MapServer/4","retrievedAt":"2026-08-28T06:57:32Z","geometryProcessing":"web display simplification tolerance 0.00035 degrees","name":"MEGAJASA PRATAMA MOROWALI","issuer":"GUBERNUR","province":"SULAWESI TENGAH","district":"MOROWALI","permitNumber":"540/008/IUP-E/DPMPTSP/2020","permitType":"PT","miningType":"IUP","commodity":"KERIKIL BERPASIR ALAMI (SIRTU)","status":"1","validFrom":"2020-01-07","validTo":"2023-01-06","areaHa":5.0,"location":"DESA DAMPALA DAN SIUMBATU, KEC. BAHODOPI, KAB. MOROWALI, SULAWESI TENGAH","sourceRemark":"-","region":"sulawesi"},"geometry":{"type":"Polygon","coordinates":[[[122.03351,-2.76186],[122.03532,-2.7616],[122.03582,-2.76078],[122.0334,-2.76122],[122.03075,-2.76294],[122.03055,-2.76378],[122.03251,-2.76325],[122.03351,-2.76186]]]}},{"type":"Feature","properties":{"inventoryId":"big-mining-wiup:2364","sector":"Tambang","subtype":"WIUP","quality":"OFFICIAL","sourceDataset":"big-mining-wiup","sourceRecordId":"2364","source":"BIG Kebijakan Satu Peta","sourceUrl":"https://kspservices.big.go.id/satupeta/rest/services/PUBLIK/PERIZINAN_DAN_PERTANAHAN/MapServer/4","retrievedAt":"2026-08-28T06:57:32Z","geometryProcessing":"web display simplification tolerance 0.00035 degrees","name":"MEGAJASA PRATAMA MOROWALI","issuer":"GUBERNUR","province":"SULAWESI TENGAH","district":"KOTA PALU","permitNumber":"540/015/IUP-E/DPMPTSP/2020","permitType":"PT","miningType":"IUP","commodity":"BATU GUNUNG QUARRY BESAR","status":"1","validFrom":"2020-01-13","validTo":"2023-01-12","areaHa":23.6,"location":"KEL. BULURI, KEC. ULUJADI, KOTA PALU, SULAWESI TENGAH","sourceRemark":"-","region":"sulawesi"},"geometry":{"type":"Polygon","coordinates":[[[119.80846,-0.85674],[119.80902,-0.85674],[119.80959,-0.8551],[119.80959,-0.85319],[119.81157,-0.85319],[119.81157,-0.85152],[119.80854,-0.85152],[119.80609,-0.85402],[119.80418,-0.85405],[119.80418,-0.85485],[119.80499,-0.85485],[119.80554,-0.85584],[119.80846,-0.85674]]]}},{"type":"Feature","properties":{"inventoryId":"big-mining-wiup:4432","sector":"Tambang","subtype":"WIUP","quality":"OFFICIAL","sourceDataset":"big-mining-wiup","sourceRecordId":"4432","source":"BIG Kebijakan Satu Peta","sourceUrl":"https://kspservices.big.go.id/satupeta/rest/services/PUBLIK/PERIZINAN_DAN_PERTANAHAN/MapServer/4","retrievedAt":"2026-08-28T06:57:32Z","geometryProcessing":"web display simplification tolerance 0.00035 degrees","name":"MELDA THEOWIDJAJA","issuer":"GUBERNUR","province":"SULAWESI UTARA","district":"MINAHASA","permitNumber":"503/DPMPTSPD/IUP-OP/237/IX/2018","permitType":"SDR","miningType":"IUP","commodity":"BATUAN","status":"2","validFrom":"2018-09-10","validTo":"2023-09-10","areaHa":47.3,"location":"-","sourceRemark":"-","region":"sulawesi"},"geometry":{"type":"Polygon","coordinates":[[[124.77246,1.43183],[124.77246,1.42872],[124.77381,1.4281],[124.77381,1.42682],[124.77242,1.42595],[124.77242,1.42245],[124.77341,1.42245],[124.77341,1.42341],[124.77406,1.42341],[124.77462,1.42462],[124.77561,1.42462],[124.77561,1.42261],[124.77622,1.42261],[124.77646,1.424],[124.7782,1.42413],[124.77762,1.42579],[124.77762,1.42994],[124.77577,1.43164],[124.77246,1.43183]]]}},{"type":"Feature","properties":{"inventoryId":"big-mining-wiup:1448","sector":"Tambang","subtype":"WIUP","quality":"OFFICIAL","sourceDataset":"big-mining-wiup","sourceRecordId":"1448","source":"BIG Kebijakan Satu Peta","sourceUrl":"https://kspservices.big.go.id/satupeta/rest/services/PUBLIK/PERIZINAN_DAN_PERTANAHAN/MapServer/4","retrievedAt":"2026-08-28T06:57:32Z","geometryProcessing":"web display simplification tolerance 0.00035 degrees","name":"MERDEKA MINERAL INDONESIA","issuer":"BUPATI","province":"SULAWESI SELATAN","district":"BONE","permitNumber":"433 TAHUN 2012","permitType":"PT","miningType":"IUP","commodity":"BIJIH BESI","status":"2","validFrom":"2012-12-03","validTo":"2022-12-03","areaHa":5000.0,"location":"KEC. BONTOCANI","sourceRemark":"-","region":"sulawesi"},"geometry":{"type":"Polygon","coordinates":[[[120.02917,-4.99583],[120.02917,-5.00833],[119.99167,-5.00833],[119.99167,-5.04167],[119.975,-5.04167],[119.975,-5.06667],[119.99583,-5.06667],[119.99583,-5.05],[120.0625,-5.05],[120.0625,-5.03333],[120.09167,-5.03333],[120.09167,-4.99583],[120.02917,-4.99583]]]}},{"type":"Feature","properties":{"inventoryId":"big-mining-wiup:3271","sector":"Tambang","subtype":"WIUP","quality":"OFFICIAL","sourceDataset":"big-mining-wiup","sourceRecordId":"3271","source":"BIG Kebijakan Satu Peta","sourceUrl":"https://kspservices.big.go.id/satupeta/rest/services/PUBLIK/PERIZINAN_DAN_PERTANAHAN/MapServer/4","retrievedAt":"2026-08-28T06:57:32Z","geometryProcessing":"web display simplification tolerance 0.00035 degrees","name":"MESONA MAKASSAR BALI","issuer":"MENTERI","province":"SULAWESI SELATAN","district":"PINRANG","permitNumber":"1011/1/IUP/PMDN/2021","permitType":"PT","miningType":"IUP","commodity":"KERIKIL BERPASIR ALAMI (SIRTU)","status":"1","validFrom":"2021-09-30","validTo":"2024-09-30","areaHa":14.8,"location":"DESA BABABINANGA, KECAMATAN DUAMPANUA, KABUPATEN PINRANG, PROVINSI SULAWESI SELATAN","sourceRemark":"-","region":"sulawesi"},"geometry":{"type":"Polygon","coordinates":[[[119.48033,-3.70743],[119.48154,-3.70743],[119.48154,-3.70687],[119.4823,-3.70687],[119.4823,-3.70618],[119.48418,-3.70532],[119.48418,-3.70471],[119.48469,-3.70471],[119.48469,-3.70268],[119.48332,-3.70268],[119.48332,-3.70329],[119.48221,-3.70329],[119.48221,-3.70407],[119.48033,-3.70449],[119.48033,-3.70743]]]}},{"type":"Feature","properties":{"inventoryId":"big-mining-wiup:1972","sector":"Tambang","subtype":"WIUP","quality":"OFFICIAL","sourceDataset":"big-mining-wiup","sourceRecordId":"1972","source":"BIG Kebijakan Satu Peta","sourceUrl":"https://kspservices.big.go.id/satupeta/rest/services/PUBLIK/PERIZINAN_DAN_PERTANAHAN/MapServer/4","retrievedAt":"2026-08-28T06:57:32Z","geometryProcessing":"web display simplification tolerance 0.00035 degrees","name":"META MINERAL PRADANA","issuer":"BUPATI","province":"SULAWESI TENGGARA","district":"KONAWE UTARA","permitNumber":"634 TAHUN 2010","permitType":"PT","miningType":"IUP","commodity":"NIKEL","status":"2","validFrom":"2010-09-20","validTo":"2030-09-20","areaHa":165.5,"location":"KEC. WIWIRANO, KONAWE UTARA","sourceRemark":"-","region":"sulawesi"},"geometry":{"type":"Polygon","coordinates":[[[122.23365,-3.23662],[122.23365,-3.2493],[122.22361,-3.2493],[122.22361,-3.25022],[122.27739,-3.25022],[122.27739,-3.24781],[122.27666,-3.24781],[122.27612,-3.24407],[122.27753,-3.24407],[122.27753,-3.23944],[122.27558,-3.23944],[122.27558,-3.24234],[122.27363,-3.24234],[122.27363,-3.25002],[122.25958,-3.25002],[122.25958,-3.24728],[122.25747,-3.24728],[122.25747,-3.24842],[122.2548,-3.24842],[122.2548,-3.25005],[122.24306,-3.25005],[122.24306,-3.24735],[122.24014,-3.24735],[122.24014,-3.24307],[122.23831,-3.24307],[122.23831,-3.23977],[122.23586,-3.23977],[122.23586,-3.23662],[122.23365,-3.23662]]]}},{"type":"Feature","properties":{"inventoryId":"big-mining-wiup:727","sector":"Tambang","subtype":"WIUP","quality":"OFFICIAL","sourceDataset":"big-mining-wiup","sourceRecordId":"727","source":"BIG Kebijakan Satu Peta","sourceUrl":"https://kspservices.big.go.id/satupeta/rest/services/PUBLIK/PERIZINAN_DAN_PERTANAHAN/MapServer/4","retrievedAt":"2026-08-28T06:57:32Z","geometryProcessing":"web display simplification tolerance 0.00035 degrees","name":"META MINERAL PRADANA","issuer":"BUPATI","province":"SULAWESI TENGGARA","district":"KONAWE UTARA","permitNumber":"595 TAHUN 2010","permitType":"PT","miningType":"IUP","commodity":"NIKEL","status":"2","validFrom":"2010-07-14","validTo":"2030-07-14","areaHa":470.0,"location":"KEC WIWIRANO","sourceRemark":"-","region":"sulawesi"},"geometry":{"type":"Polygon","coordinates":[[[122.20051,-3.22149],[122.20051,-3.25211],[122.19642,-3.25211],[122.19642,-3.26898],[122.20399,-3.26898],[122.20399,-3.24427],[122.20809,-3.24427],[122.20809,-3.23959],[122.21095,-3.23959],[122.21095,-3.22149],[122.20051,-3.22149]]]}},{"type":"Feature","properties":{"inventoryId":"big-mining-wiup:725","sector":"Tambang","subtype":"WIUP","quality":"OFFICIAL","sourceDataset":"big-mining-wiup","sourceRecordId":"725","source":"BIG Kebijakan Satu Peta","sourceUrl":"https://kspservices.big.go.id/satupeta/rest/services/PUBLIK/PERIZINAN_DAN_PERTANAHAN/MapServer/4","retrievedAt":"2026-08-28T06:57:32Z","geometryProcessing":"web display simplification tolerance 0.00035 degrees","name":"METRIX ELCIPTA","issuer":"BUPATI","province":"SULAWESI TENGGARA","district":"BUTON","permitNumber":"1169 TAHUN 2010","permitType":"PT","miningType":"IUP","commodity":"ASPAL","status":"2","validFrom":"2010-07-27","validTo":"2030-07-27","areaHa":1025.6,"location":"KEC. PASARWAJO","sourceRemark":"-","region":"sulawesi"},"geometry":{"type":"Polygon","coordinates":[[[122.81666,-5.44996],[122.85,-5.45],[122.85,-5.425],[122.81667,-5.425],[122.81666,-5.44996]]]}},{"type":"Feature","properties":{"inventoryId":"big-mining-wiup:3262","sector":"Tambang","subtype":"WIUP","quality":"OFFICIAL","sourceDataset":"big-mining-wiup","sourceRecordId":"3262","source":"BIG Kebijakan Satu Peta","sourceUrl":"https://kspservices.big.go.id/satupeta/rest/services/PUBLIK/PERIZINAN_DAN_PERTANAHAN/MapServer/4","retrievedAt":"2026-08-28T06:57:32Z","geometryProcessing":"web display simplification tolerance 0.00035 degrees","name":"MINERAL BUMI NUSANTARA","issuer":"BUPATI","province":"SULAWESI TENGAH","district":"MOROWALI","permitNumber":"540.3/SK.012/DESDM/III/2012","permitType":"PT","miningType":"IUP","commodity":"NIKEL","status":"2","validFrom":"2012-03-21","validTo":"2032-03-21","areaHa":277.0,"location":"KOROMATANTU, PETASIA, MOROWALI","sourceRemark":"-","region":"sulawesi"},"geometry":{"type":"Polygon","coordinates":[[[121.33202,-2.01938],[121.3099,-2.01938],[121.3099,-2.02918],[121.29956,-2.02918],[121.29956,-2.03337],[121.31705,-2.03337],[121.31705,-2.02867],[121.32001,-2.02867],[121.32001,-2.02227],[121.32161,-2.02227],[121.32161,-2.02048],[121.32867,-2.02048],[121.32867,-2.02429],[121.32746,-2.02429],[121.32746,-2.03199],[121.33027,-2.03199],[121.33027,-2.02625],[121.33202,-2.02625],[121.33202,-2.01938]]]}},{"type":"Feature","properties":{"inventoryId":"big-mining-wiup:4381","sector":"Tambang","subtype":"WIUP","quality":"OFFICIAL","sourceDataset":"big-mining-wiup","sourceRecordId":"4381","source":"BIG Kebijakan Satu Peta","sourceUrl":"https://kspservices.big.go.id/satupeta/rest/services/PUBLIK/PERIZINAN_DAN_PERTANAHAN/MapServer/4","retrievedAt":"2026-08-28T06:57:32Z","geometryProcessing":"web display simplification tolerance 0.00035 degrees","name":"MINERAL BUMI NUSANTARA","issuer":"GUBERNUR","province":"SULAWESI TENGAH","district":"MOROWALI","permitNumber":"540/961/IUP-OP/DPMPTSP/2017","permitType":"PT","miningType":"IUP","commodity":"BATU GAMPING","status":"2","validFrom":"2017-12-19","validTo":"2022-06-19","areaHa":155.0,"location":"DESA LAHUAFU KECAMATAN BUNGKU TIMUR","sourceRemark":"-","region":"sulawesi"},"geometry":{"type":"Polygon","coordinates":[[[121.99083,-2.61491],[121.99083,-2.61607],[121.98797,-2.61607],[121.98797,-2.61738],[121.98647,-2.61738],[121.98647,-2.62528],[121.98802,-2.62528],[121.98802,-2.62761],[121.99044,-2.62761],[121.99044,-2.62613],[121.99297,-2.62613],[121.99297,-2.62396],[121.99677,-2.62396],[121.99677,-2.62206],[121.99934,-2.62206],[121.99934,-2.62045],[122.00159,-2.62045],[122.00159,-2.61576],[121.99201,-2.61576],[121.99201,-2.61491],[121.99083,-2.61491]]]}},{"type":"Feature","properties":{"inventoryId":"big-mining-wiup:3292","sector":"Tambang","subtype":"WIUP","quality":"OFFICIAL","sourceDataset":"big-mining-wiup","sourceRecordId":"3292","source":"BIG Kebijakan Satu Peta","sourceUrl":"https://kspservices.big.go.id/satupeta/rest/services/PUBLIK/PERIZINAN_DAN_PERTANAHAN/MapServer/4","retrievedAt":"2026-08-28T06:57:32Z","geometryProcessing":"web display simplification tolerance 0.00035 degrees","name":"MINERAL BUMI PULUTI","issuer":"MENTERI","province":"SULAWESI TENGAH","district":"MOROWALI","permitNumber":"592/1/IUP/PMDN/2022","permitType":"PT","miningType":"IUP","commodity":"BATU GAMPING","status":"1","validFrom":"2022-03-29","validTo":"2025-03-29","areaHa":84.0,"location":"-","sourceRemark":"-","region":"sulawesi"},"geometry":{"type":"Polygon","coordinates":[[[122.28214,-3.05231],[122.28214,-3.06298],[122.28405,-3.06298],[122.28405,-3.06225],[122.28857,-3.06225],[122.28857,-3.06135],[122.28932,-3.06135],[122.28909,-3.05862],[122.28759,-3.05862],[122.28759,-3.05587],[122.28869,-3.05587],[122.28869,-3.055],[122.29246,-3.055],[122.29246,-3.05438],[122.28862,-3.05354],[122.28862,-3.05231],[122.28214,-3.05231]]]}},{"type":"Feature","properties":{"inventoryId":"big-mining-wiup:1218","sector":"Tambang","subtype":"WIUP","quality":"OFFICIAL","sourceDataset":"big-mining-wiup","sourceRecordId":"1218","source":"BIG Kebijakan Satu Peta","sourceUrl":"https://kspservices.big.go.id/satupeta/rest/services/PUBLIK/PERIZINAN_DAN_PERTANAHAN/MapServer/4","retrievedAt":"2026-08-28T06:57:32Z","geometryProcessing":"web display simplification tolerance 0.00035 degrees","name":"MINERAL MOROWALI INDONESIA","issuer":"BUPATI","province":"SULAWESI TENGAH","district":"MOROWALI","permitNumber":"188.4.45/KEP.0262/DESDM/2014","permitType":"PT","miningType":"IUP","commodity":"NIKEL DMP","status":"2","validFrom":"2014-12-04","validTo":"2024-12-04","areaHa":154.0,"location":"BAHORURU DAN SAKITA, BUNGKU TENGAH, MOROWALI","sourceRemark":"-","region":"sulawesi"},"geometry":{"type":"Polygon","coordinates":[[[121.86482,-2.56333],[121.86381,-2.56333],[121.86381,-2.56171],[121.8631,-2.56171],[121.8631,-2.56036],[121.86229,-2.56036],[121.86167,-2.55745],[121.86091,-2.55745],[121.86091,-2.55559],[121.86044,-2.55559],[121.85929,-2.55108],[121.85639,-2.55108],[121.85639,-2.56939],[121.86974,-2.56939],[121.86873,-2.56802],[121.8675,-2.56802],[121.8675,-2.5668],[121.86648,-2.5668],[121.86648,-2.56574],[121.86571,-2.56574],[121.86571,-2.56467],[121.86482,-2.56467],[121.86482,-2.56333]]]}},{"type":"Feature","properties":{"inventoryId":"big-mining-wiup:3588","sector":"Tambang","subtype":"WIUP","quality":"OFFICIAL","sourceDataset":"big-mining-wiup","sourceRecordId":"3588","source":"BIG Kebijakan Satu Peta","sourceUrl":"https://kspservices.big.go.id/satupeta/rest/services/PUBLIK/PERIZINAN_DAN_PERTANAHAN/MapServer/4","retrievedAt":"2026-08-28T06:57:32Z","geometryProcessing":"web display simplification tolerance 0.00035 degrees","name":"MINERAL NUSANTARA TERPADU","issuer":"GUBERNUR","province":"SULAWESI TENGAH","district":"MOROWALI UTARA","permitNumber":"540/398/IUP-OP/DPMPTSP/2019","permitType":"PT","miningType":"IUP","commodity":"BATU GAMPING","status":"2","validFrom":"2019-08-02","validTo":"2024-08-02","areaHa":99.43,"location":"DESA BUNTA, KECAMATAN PETASIA TIMUR, KABUPATEN MOROWALI UTARA, SULAWESI TENGAH","sourceRemark":"-","region":"sulawesi"},"geometry":{"type":"Polygon","coordinates":[[[121.34383,-2.04244],[121.34383,-2.05257],[121.34969,-2.05257],[121.34969,-2.05084],[121.35037,-2.05084],[121.35037,-2.05215],[121.35218,-2.05215],[121.35179,-2.04244],[121.34383,-2.04244]]]}},{"type":"Feature","properties":{"inventoryId":"big-mining-wiup:4267","sector":"Tambang","subtype":"WIUP","quality":"OFFICIAL","sourceDataset":"big-mining-wiup","sourceRecordId":"4267","source":"BIG Kebijakan Satu Peta","sourceUrl":"https://kspservices.big.go.id/satupeta/rest/services/PUBLIK/PERIZINAN_DAN_PERTANAHAN/MapServer/4","retrievedAt":"2026-08-28T06:57:32Z","geometryProcessing":"web display simplification tolerance 0.00035 degrees","name":"MITRA BERLIAN PRATAMA","issuer":"MENTERI","province":"GORONTALO","district":"GORONTALO UTARA","permitNumber":"684/1/IUP/PMDN/2022","permitType":"PT","miningType":"IUP","commodity":"BASALT","status":"1","validFrom":"2022-04-18","validTo":"2025-04-18","areaHa":46.3,"location":"-","sourceRemark":"-","region":"sulawesi"},"geometry":{"type":"Polygon","coordinates":[[[122.37228,0.99347],[122.37228,0.99212],[122.37304,0.99212],[122.37304,0.99009],[122.3784,0.99009],[122.3784,0.99137],[122.38116,0.99195],[122.38116,0.99387],[122.37929,0.99387],[122.37929,0.99503],[122.37868,0.99503],[122.37868,0.99673],[122.37638,0.99673],[122.37638,0.99615],[122.37492,0.99528],[122.37452,0.99385],[122.37228,0.99347]]]}},{"type":"Feature","properties":{"inventoryId":"big-mining-wiup:1370","sector":"Tambang","subtype":"WIUP","quality":"OFFICIAL","sourceDataset":"big-mining-wiup","sourceRecordId":"1370","source":"BIG Kebijakan Satu Peta","sourceUrl":"https://kspservices.big.go.id/satupeta/rest/services/PUBLIK/PERIZINAN_DAN_PERTANAHAN/MapServer/4","retrievedAt":"2026-08-28T06:57:32Z","geometryProcessing":"web display simplification tolerance 0.00035 degrees","name":"MITRA KARYA AGUNG LESTARI","issuer":"GUBERNUR","province":"SULAWESI TENGAH","district":"MOROWALI","permitNumber":"540/809/DISESDM-G.ST/2016","permitType":"PT","miningType":"IUP","commodity":"NIKEL DMP","status":"2","validFrom":"2016-10-31","validTo":"2031-10-31","areaHa":743.0,"location":"DESA UNGKAYA, KEC. WITAPONDA, MOROWALI","sourceRemark":"-","region":"sulawesi"},"geometry":{"type":"Polygon","coordinates":[[[121.54015,-2.24966],[121.54015,-2.252],[121.52931,-2.252],[121.52931,-2.25267],[121.53172,-2.25267],[121.53172,-2.2556],[121.53384,-2.2556],[121.53384,-2.25874],[121.53604,-2.25874],[121.53604,-2.26152],[121.53882,-2.26152],[121.53882,-2.26693],[121.54182,-2.26693],[121.54182,-2.27316],[121.55297,-2.27316],[121.55297,-2.25903],[121.56368,-2.25903],[121.56368,-2.24966],[121.54015,-2.24966]]]}},{"type":"Feature","properties":{"inventoryId":"big-mining-wiup:4589","sector":"Tambang","subtype":"WIUP","quality":"OFFICIAL","sourceDataset":"big-mining-wiup","sourceRecordId":"4589","source":"BIG Kebijakan Satu Peta","sourceUrl":"https://kspservices.big.go.id/satupeta/rest/services/PUBLIK/PERIZINAN_DAN_PERTANAHAN/MapServer/4","retrievedAt":"2026-08-28T06:57:32Z","geometryProcessing":"web display simplification tolerance 0.00035 degrees","name":"MITRA PRAATAMA CONT","issuer":"GUBERNUR","province":"SULAWESI TENGAH","district":"TOJO UNA UNA","permitNumber":"540/413/IUP-OP/P/DPMPTSP/2020","permitType":"PT","miningType":"IUP","commodity":"KERIKIL BERPASIR ALAMI (SIRTU)","status":"2","validFrom":"2020-08-14","validTo":"2025-08-14","areaHa":28.54,"location":"DESA TAMPABATU, KEC. AMPANA TETE, KAB. TOJO UNA-UNA, PROV. SULAWESI TENGAH","sourceRemark":"-","region":"sulawesi"},"geometry":{"type":"Polygon","coordinates":[[[121.7834,-0.97711],[121.78492,-0.97565],[121.78474,-0.97426],[121.78563,-0.97364],[121.78563,-0.97267],[121.78633,-0.97267],[121.78633,-0.97208],[121.78799,-0.9713],[121.78836,-0.96856],[121.78769,-0.96856],[121.78769,-0.96745],[121.78596,-0.96745],[121.78614,-0.97144],[121.78433,-0.97234],[121.7821,-0.97234],[121.7821,-0.97711],[121.7834,-0.97711]]]}},{"type":"Feature","properties":{"inventoryId":"big-mining-wiup:1076","sector":"Tambang","subtype":"WIUP","quality":"OFFICIAL","sourceDataset":"big-mining-wiup","sourceRecordId":"1076","source":"BIG Kebijakan Satu Peta","sourceUrl":"https://kspservices.big.go.id/satupeta/rest/services/PUBLIK/PERIZINAN_DAN_PERTANAHAN/MapServer/4","retrievedAt":"2026-08-28T06:57:32Z","geometryProcessing":"web display simplification tolerance 0.00035 degrees","name":"MITRA SULAWESI BERSAMA","issuer":"GUBERNUR","province":"SULAWESI TENGAH","district":"MOROWALI","permitNumber":"540/579/IUP-PR/DPMPTSP/2017","permitType":"PT","miningType":"IUP","commodity":"NIKEL","status":"2","validFrom":"2017-06-22","validTo":"2023-01-31","areaHa":606.0,"location":"DESA KEUNO, KEC . PETASIA, KAB. MOROWALI","sourceRemark":"-","region":"sulawesi"},"geometry":{"type":"Polygon","coordinates":[[[121.55016,-2.21621],[121.55016,-2.24436],[121.54732,-2.24436],[121.54732,-2.2406],[121.54456,-2.2406],[121.54456,-2.23722],[121.53963,-2.23722],[121.53963,-2.23],[121.53657,-2.23],[121.53657,-2.22804],[121.53381,-2.22804],[121.53381,-2.22165],[121.5321,-2.22165],[121.5321,-2.21691],[121.52378,-2.21691],[121.52378,-2.23601],[121.53729,-2.23601],[121.53729,-2.2495],[121.5552,-2.2495],[121.5552,-2.23932],[121.55389,-2.23932],[121.55389,-2.21621],[121.55016,-2.21621]]]}},{"type":"Feature","properties":{"inventoryId":"big-mining-wiup:905","sector":"Tambang","subtype":"WIUP","quality":"OFFICIAL","sourceDataset":"big-mining-wiup","sourceRecordId":"905","source":"BIG Kebijakan Satu Peta","sourceUrl":"https://kspservices.big.go.id/satupeta/rest/services/PUBLIK/PERIZINAN_DAN_PERTANAHAN/MapServer/4","retrievedAt":"2026-08-28T06:57:32Z","geometryProcessing":"web display simplification tolerance 0.00035 degrees","name":"MITRA UTAMA RESOURCES","issuer":"BUPATI","province":"SULAWESI TENGGARA","district":"KONAWE UTARA","permitNumber":"254 TAHUN 2011","permitType":"PT","miningType":"IUP","commodity":"NIKEL","status":"2","validFrom":"2011-07-12","validTo":"2031-07-12","areaHa":237.9,"location":"KEC. LANGGIKIMA, KONAWE UTARA","sourceRemark":"-","region":"sulawesi"},"geometry":{"type":"Polygon","coordinates":[[[122.21134,-3.35214],[122.21145,-3.3673],[122.2421,-3.3673],[122.2421,-3.3668],[122.23786,-3.3668],[122.23786,-3.36586],[122.2365,-3.36586],[122.2365,-3.36511],[122.23539,-3.36511],[122.23539,-3.36447],[122.23347,-3.36447],[122.23347,-3.36383],[122.2238,-3.36351],[122.2238,-3.36287],[122.22266,-3.36287],[122.22266,-3.35813],[122.21905,-3.35813],[122.21905,-3.35599],[122.21684,-3.35599],[122.21684,-3.35214],[122.21134,-3.35214]]]}},{"type":"Feature","properties":{"inventoryId":"big-mining-wiup:1678","sector":"Tambang","subtype":"WIUP","quality":"OFFICIAL","sourceDataset":"big-mining-wiup","sourceRecordId":"1678","source":"BIG Kebijakan Satu Peta","sourceUrl":"https://kspservices.big.go.id/satupeta/rest/services/PUBLIK/PERIZINAN_DAN_PERTANAHAN/MapServer/4","retrievedAt":"2026-08-28T06:57:32Z","geometryProcessing":"web display simplification tolerance 0.00035 degrees","name":"MODERN CAHAYA MAKMUR","issuer":"BUPATI","province":"SULAWESI TENGGARA","district":"KONAWE","permitNumber":"186 TAHUN 2014","permitType":"PT","miningType":"IUP","commodity":"NIKEL","status":"2","validFrom":"2014-06-02","validTo":"2032-01-02","areaHa":1522.0,"location":"KEC. PURIALA, KONAWE","sourceRemark":"-","region":"sulawesi"},"geometry":{"type":"Polygon","coordinates":[[[122.09019,-4.0],[122.0525,-4.0],[122.0525,-4.0158],[122.06018,-4.01581],[122.06018,-4.00352],[122.07721,-4.00352],[122.07721,-4.02242],[122.11473,-4.02242],[122.11473,-4.04783],[122.09793,-4.04783],[122.09793,-4.05111],[122.08584,-4.05111],[122.08584,-4.06523],[122.1163,-4.06523],[122.11631,-4.01175],[122.09019,-4.01175],[122.09019,-4.0]],[[122.09578,-4.0125],[122.10128,-4.0125],[122.10128,-4.01606],[122.10403,-4.01622],[122.10661,-4.02022],[122.109,-4.01897],[122.10939,-4.01981],[122.10636,-4.02156],[122.10356,-4.01725],[122.10128,-4.01711],[122.10128,-4.01958],[122.09578,-4.01958],[122.09578,-4.0125]]]}},{"type":"Feature","properties":{"inventoryId":"big-mining-wiup:310","sector":"Tambang","subtype":"WIUP","quality":"OFFICIAL","sourceDataset":"big-mining-wiup","sourceRecordId":"310","source":"BIG Kebijakan Satu Peta","sourceUrl":"https://kspservices.big.go.id/satupeta/rest/services/PUBLIK/PERIZINAN_DAN_PERTANAHAN/MapServer/4","retrievedAt":"2026-08-28T06:57:32Z","geometryProcessing":"web display simplification tolerance 0.00035 degrees","name":"MODERN CAHAYA MAKMUR","issuer":"BUPATI","province":"SULAWESI TENGGARA","district":"KONAWE","permitNumber":"817 TAHUN 2012","permitType":"PT","miningType":"IUP","commodity":"NIKEL","status":"2","validFrom":"2012-12-08","validTo":"2032-12-08","areaHa":5053.0,"location":"KEC. ROUTA, KONAWE","sourceRemark":"-","region":"sulawesi"},"geometry":{"type":"Polygon","coordinates":[[[121.68111,-2.96639],[121.68111,-3.05028],[121.74139,-3.05028],[121.74139,-3.01269],[121.72057,-3.01269],[121.72057,-2.96639],[121.68111,-2.96639]]]}},{"type":"Feature","properties":{"inventoryId":"big-mining-wiup:3770","sector":"Tambang","subtype":"WIUP","quality":"OFFICIAL","sourceDataset":"big-mining-wiup","sourceRecordId":"3770","source":"BIG Kebijakan Satu Peta","sourceUrl":"https://kspservices.big.go.id/satupeta/rest/services/PUBLIK/PERIZINAN_DAN_PERTANAHAN/MapServer/4","retrievedAt":"2026-08-28T06:57:32Z","geometryProcessing":"web display simplification tolerance 0.00035 degrees","name":"MOLYNCO ASIA INDOTAMA","issuer":"MENTERI","province":"SULAWESI TENGGARA","district":"BUTON SELATAN","permitNumber":"987/1/IUP/PMDN/2021","permitType":"PT","miningType":"IUP","commodity":"BATU GAMPING UNTUK INDUSTRI","status":"1","validFrom":"2021-09-24","validTo":"2028-09-24","areaHa":4984.6,"location":"BUTON SELATAN, SULAWESI TENGGARA","sourceRemark":"-","region":"sulawesi"},"geometry":{"type":"Polygon","coordinates":[[[122.71853,-5.62213],[122.71853,-5.65905],[122.70771,-5.65905],[122.70771,-5.67583],[122.72431,-5.67583],[122.72431,-5.65671],[122.73801,-5.65671],[122.73801,-5.63863],[122.76286,-5.63863],[122.76286,-5.6905],[122.79327,-5.6905],[122.79327,-5.61872],[122.7685,-5.61872],[122.7685,-5.6006],[122.74365,-5.6006],[122.74365,-5.62213],[122.71853,-5.62213]]]}},{"type":"Feature","properties":{"inventoryId":"big-mining-wiup:1513","sector":"Tambang","subtype":"WIUP","quality":"OFFICIAL","sourceDataset":"big-mining-wiup","sourceRecordId":"1513","source":"BIG Kebijakan Satu Peta","sourceUrl":"https://kspservices.big.go.id/satupeta/rest/services/PUBLIK/PERIZINAN_DAN_PERTANAHAN/MapServer/4","retrievedAt":"2026-08-28T06:57:32Z","geometryProcessing":"web display simplification tolerance 0.00035 degrees","name":"MONUMEN ENERGI NUSANTARA","issuer":"GUBERNUR","province":"SULAWESI UTARA","district":"BOLAANG MONGONDOW","permitNumber":"226 TAHUN 2015","permitType":"PT","miningType":"IUP","commodity":"EMAS DMP","status":"2","validFrom":"2015-09-18","validTo":"2023-10-06","areaHa":1808.25,"location":"KEC. LOLAYAN, KAB. BOLAANG MONGONDOW","sourceRemark":"-","region":"sulawesi"},"geometry":{"type":"Polygon","coordinates":[[[124.09913,0.75633],[124.10095,0.75633],[124.10095,0.75138],[124.10279,0.75138],[124.10279,0.74873],[124.10407,0.74873],[124.10407,0.73925],[124.13292,0.73925],[124.13292,0.74359],[124.13078,0.74359],[124.13078,0.75043],[124.12972,0.75043],[124.12972,0.7632],[124.13104,0.7632],[124.13104,0.76647],[124.13449,0.76647],[124.13449,0.76802],[124.14427,0.76802],[124.14427,0.76655],[124.14712,0.76655],[124.14712,0.7648],[124.1495,0.7648],[124.1495,0.77458],[124.14863,0.77458],[124.14863,0.77538],[124.14286,0.77538],[124.14286,0.78286],[124.11569,0.78286],[124.11569,0.77762],[124.09913,0.77762],[124.09913,0.75633]]]}},{"type":"Feature","properties":{"inventoryId":"big-mining-wiup:4219","sector":"Tambang","subtype":"WIUP","quality":"OFFICIAL","sourceDataset":"big-mining-wiup","sourceRecordId":"4219","source":"BIG Kebijakan Satu Peta","sourceUrl":"https://kspservices.big.go.id/satupeta/rest/services/PUBLIK/PERIZINAN_DAN_PERTANAHAN/MapServer/4","retrievedAt":"2026-08-28T06:57:32Z","geometryProcessing":"web display simplification tolerance 0.00035 degrees","name":"MOROWALI BANGKIT SEJAHTERA","issuer":"MENTERI","province":"SULAWESI TENGAH","district":"MOROWALI","permitNumber":"867/1/IUP/PMDN/2021","permitType":"PT","miningType":"IUP","commodity":"BATU GAMPING","status":"1","validFrom":"2021-09-02","validTo":"2028-09-02","areaHa":788.0,"location":"KEC. BUNGKU PESISIR, KAB. MOROWALI, PROV. SULAWESI TENGAH","sourceRemark":"-","region":"sulawesi"},"geometry":{"type":"Polygon","coordinates":[[[122.29828,-2.91598],[122.29828,-2.90321],[122.26652,-2.90321],[122.26652,-2.924],[122.29587,-2.924],[122.29587,-2.91598],[122.29828,-2.91598]]]}},{"type":"Feature","properties":{"inventoryId":"big-mining-wiup:2326","sector":"Tambang","subtype":"WIUP","quality":"OFFICIAL","sourceDataset":"big-mining-wiup","sourceRecordId":"2326","source":"BIG Kebijakan Satu Peta","sourceUrl":"https://kspservices.big.go.id/satupeta/rest/services/PUBLIK/PERIZINAN_DAN_PERTANAHAN/MapServer/4","retrievedAt":"2026-08-28T06:57:32Z","geometryProcessing":"web display simplification tolerance 0.00035 degrees","name":"MOROWALI JAYA PERKASA","issuer":"GUBERNUR","province":"SULAWESI TENGAH","district":"MOROWALI UTARA","permitNumber":"540/115/IUP-E/DPMPTSP/2020","permitType":"PT","miningType":"IUP","commodity":"GAMPING","status":"1","validFrom":"2020-02-06","validTo":"2023-02-06","areaHa":99.7,"location":"PETASIA, MOROWALI","sourceRemark":"-","region":"sulawesi"},"geometry":{"type":"Polygon","coordinates":[[[121.33328,-2.04085],[121.33328,-2.04455],[121.33108,-2.04455],[121.33108,-2.05039],[121.33692,-2.05039],[121.33692,-2.0497],[121.33824,-2.0497],[121.33824,-2.04806],[121.33974,-2.04806],[121.34016,-2.05124],[121.34357,-2.05124],[121.34357,-2.04329],[121.34118,-2.04329],[121.34118,-2.04085],[121.33328,-2.04085]]]}},{"type":"Feature","properties":{"inventoryId":"big-mining-wiup:4366","sector":"Tambang","subtype":"WIUP","quality":"OFFICIAL","sourceDataset":"big-mining-wiup","sourceRecordId":"4366","source":"BIG Kebijakan Satu Peta","sourceUrl":"https://kspservices.big.go.id/satupeta/rest/services/PUBLIK/PERIZINAN_DAN_PERTANAHAN/MapServer/4","retrievedAt":"2026-08-28T06:57:32Z","geometryProcessing":"web display simplification tolerance 0.00035 degrees","name":"MOROWALI NUSANTARA MINERAL","issuer":"GUBERNUR","province":"SULAWESI TENGAH","district":"MOROWALI","permitNumber":"540/621/IUP-E/DPMPTSP/2020","permitType":"PT","miningType":"IUP","commodity":"KERIKIL BERPASIR ALAMI (SIRTU)","status":"1","validFrom":"2020-12-10","validTo":"2023-12-10","areaHa":7.2,"location":"-","sourceRemark":"-","region":"sulawesi"},"geometry":{"type":"Polygon","coordinates":[[[122.04037,-2.75509],[122.04037,-2.7563],[122.04251,-2.7563],[122.0424,-2.75233],[122.04182,-2.75233],[122.04182,-2.75357],[122.04128,-2.75357],[122.04128,-2.75509],[122.04037,-2.75509]]]}},{"type":"Feature","properties":{"inventoryId":"big-mining-wiup:3942","sector":"Tambang","subtype":"WIUP","quality":"OFFICIAL","sourceDataset":"big-mining-wiup","sourceRecordId":"3942","source":"BIG Kebijakan Satu Peta","sourceUrl":"https://kspservices.big.go.id/satupeta/rest/services/PUBLIK/PERIZINAN_DAN_PERTANAHAN/MapServer/4","retrievedAt":"2026-08-28T06:57:32Z","geometryProcessing":"web display simplification tolerance 0.00035 degrees","name":"MOSA INTI RAYA","issuer":"MENTERI","province":"SULAWESI TENGGARA","district":"BUTON SELATAN","permitNumber":"920/1/IUP/PMDN/2021","permitType":"PT","miningType":"IUP","commodity":"BATU GAMPING UNTUK INDUSTRI","status":"1","validFrom":"2021-09-13","validTo":"2028-11-13","areaHa":4924.0,"location":"BUTON DAN BUTON SELATAN SULAWESI TENGGARA","sourceRemark":"-","region":"sulawesi"},"geometry":{"type":"Polygon","coordinates":[[[122.79327,-5.6905],[122.81981,-5.6905],[122.81981,-5.65528],[122.83222,-5.65528],[122.83222,-5.64056],[122.85056,-5.64056],[122.85056,-5.61944],[122.8675,-5.61944],[122.8675,-5.57833],[122.84167,-5.57833],[122.84167,-5.59194],[122.8225,-5.59194],[122.8225,-5.62917],[122.79327,-5.62917],[122.79327,-5.6905]]]}},{"type":"Feature","properties":{"inventoryId":"big-mining-wiup:2017","sector":"Tambang","subtype":"WIUP","quality":"OFFICIAL","sourceDataset":"big-mining-wiup","sourceRecordId":"2017","source":"BIG Kebijakan Satu Peta","sourceUrl":"https://kspservices.big.go.id/satupeta/rest/services/PUBLIK/PERIZINAN_DAN_PERTANAHAN/MapServer/4","retrievedAt":"2026-08-28T06:57:32Z","geometryProcessing":"web display simplification tolerance 0.00035 degrees","name":"MOWRUT JAYA","issuer":"GUBERNUR","province":"SULAWESI TENGAH","district":"MOROWALI UTARA","permitNumber":"540/149/IUP-OP/DPMPTSP/2020","permitType":"CV","miningType":"IUP","commodity":"KERIKIL BERPASIR ALAMI (SIRTU)","status":"2","validFrom":"2020-02-24","validTo":"2025-02-24","areaHa":23.5,"location":"DESA BUNTA","sourceRemark":"-","region":"sulawesi"},"geometry":{"type":"Polygon","coordinates":[[[121.36849,-2.05928],[121.36849,-2.05761],[121.36802,-2.05761],[121.36778,-2.0593],[121.36665,-2.06099],[121.36368,-2.06281],[121.36277,-2.06281],[121.36165,-2.06143],[121.36021,-2.06099],[121.36021,-2.06037],[121.35932,-2.06037],[121.35932,-2.05979],[121.35773,-2.0593],[121.35724,-2.05817],[121.35644,-2.05817],[121.35644,-2.05747],[121.35311,-2.05747],[121.35311,-2.05828],[121.35573,-2.05828],[121.35573,-2.0593],[121.35687,-2.0593],[121.35754,-2.06037],[121.35831,-2.06037],[121.35831,-2.06099],[121.36001,-2.06143],[121.36001,-2.06204],[121.36074,-2.06204],[121.36184,-2.06328],[121.36666,-2.06281],[121.36666,-2.06197],[121.36729,-2.06197],[121.3681,-2.06099],[121.36849,-2.05928]]]}},{"type":"Feature","properties":{"inventoryId":"big-mining-wiup:1081","sector":"Tambang","subtype":"WIUP","quality":"OFFICIAL","sourceDataset":"big-mining-wiup","sourceRecordId":"1081","source":"BIG Kebijakan Satu Peta","sourceUrl":"https://kspservices.big.go.id/satupeta/rest/services/PUBLIK/PERIZINAN_DAN_PERTANAHAN/MapServer/4","retrievedAt":"2026-08-28T06:57:32Z","geometryProcessing":"web display simplification tolerance 0.00035 degrees","name":"MUDA PRIMA INSANI","issuer":"GUBERNUR","province":"SULAWESI TENGGARA","district":"KONAWE","permitNumber":"581/DPMPTSP/X/2019","permitType":"PT","miningType":"IUP","commodity":"NIKEL","status":"2","validFrom":"2015-08-28","validTo":"2025-08-27","areaHa":1000.0,"location":"KEC. BESULUTU, AMONGGGEDO, KONAWE","sourceRemark":"-","region":"sulawesi"},"geometry":{"type":"Polygon","coordinates":[[[122.31856,-3.88491],[122.28599,-3.88491],[122.28599,-3.91019],[122.29562,-3.91019],[122.29562,-3.90363],[122.30258,-3.90363],[122.30258,-3.91632],[122.31214,-3.91632],[122.31214,-3.91108],[122.31856,-3.91108],[122.31856,-3.88491]]]}},{"type":"Feature","properties":{"inventoryId":"big-mining-wiup:2689","sector":"Tambang","subtype":"WIUP","quality":"OFFICIAL","sourceDataset":"big-mining-wiup","sourceRecordId":"2689","source":"BIG Kebijakan Satu Peta","sourceUrl":"https://kspservices.big.go.id/satupeta/rest/services/PUBLIK/PERIZINAN_DAN_PERTANAHAN/MapServer/4","retrievedAt":"2026-08-28T06:57:32Z","geometryProcessing":"web display simplification tolerance 0.00035 degrees","name":"MUH HUSNI","issuer":"GUBERNUR","province":"SULAWESI SELATAN","district":"LUWU UTARA","permitNumber":"83/I.03/PTSP/2019","permitType":"SDR","miningType":"IUP","commodity":"TANAH URUG","status":"2","validFrom":"2019-08-27","validTo":"2024-08-27","areaHa":10.15,"location":"KEC BAEBUNTA LUWU UTARA","sourceRemark":"-","region":"sulawesi"},"geometry":{"type":"Polygon","coordinates":[[[120.29715,-2.54462],[120.29715,-2.54669],[120.29822,-2.54669],[120.29802,-2.5486],[120.29879,-2.5486],[120.29912,-2.5471],[120.30039,-2.5471],[120.30039,-2.54497],[120.29715,-2.54462]]]}},{"type":"Feature","properties":{"inventoryId":"big-mining-wiup:2205","sector":"Tambang","subtype":"WIUP","quality":"OFFICIAL","sourceDataset":"big-mining-wiup","sourceRecordId":"2205","source":"BIG Kebijakan Satu Peta","sourceUrl":"https://kspservices.big.go.id/satupeta/rest/services/PUBLIK/PERIZINAN_DAN_PERTANAHAN/MapServer/4","retrievedAt":"2026-08-28T06:57:32Z","geometryProcessing":"web display simplification tolerance 0.00035 degrees","name":"MUH. HAIDIR RIFAI","issuer":"GUBERNUR","province":"SULAWESI SELATAN","district":"LUWU UTARA","permitNumber":"111/I.03/PTSP/2019","permitType":"SDR","miningType":"IUP","commodity":"PASIR","status":"2","validFrom":"2019-12-31","validTo":"2024-12-31","areaHa":3.89,"location":"SUNGAI MASAMBA","sourceRemark":"-","region":"sulawesi"},"geometry":{"type":"Polygon","coordinates":[[[120.33412,-2.65291],[120.33412,-2.65428],[120.33631,-2.65443],[120.33631,-2.65291],[120.33412,-2.65291]]]}},{"type":"Feature","properties":{"inventoryId":"big-mining-wiup:2728","sector":"Tambang","subtype":"WIUP","quality":"OFFICIAL","sourceDataset":"big-mining-wiup","sourceRecordId":"2728","source":"BIG Kebijakan Satu Peta","sourceUrl":"https://kspservices.big.go.id/satupeta/rest/services/PUBLIK/PERIZINAN_DAN_PERTANAHAN/MapServer/4","retrievedAt":"2026-08-28T06:57:32Z","geometryProcessing":"web display simplification tolerance 0.00035 degrees","name":"MUH. KABIR","issuer":"GUBERNUR","province":"SULAWESI SELATAN","district":"SINJAI","permitNumber":"67/I.03/PTSP/2019","permitType":"SDR","miningType":"IUP","commodity":"BATU GUNUNG","status":"2","validFrom":"2019-07-09","validTo":"2024-07-09","areaHa":13.68,"location":"DESA BULU KAMASE KEC. SINJAI SELATAN KAB. SINJAI","sourceRemark":"-","region":"sulawesi"},"geometry":{"type":"Polygon","coordinates":[[[120.21408,-5.17949],[120.21367,-5.17726],[120.21014,-5.17726],[120.21014,-5.17794],[120.20769,-5.17828],[120.20769,-5.17923],[120.21408,-5.17949]]]}},{"type":"Feature","properties":{"inventoryId":"big-mining-wiup:2369","sector":"Tambang","subtype":"WIUP","quality":"OFFICIAL","sourceDataset":"big-mining-wiup","sourceRecordId":"2369","source":"BIG Kebijakan Satu Peta","sourceUrl":"https://kspservices.big.go.id/satupeta/rest/services/PUBLIK/PERIZINAN_DAN_PERTANAHAN/MapServer/4","retrievedAt":"2026-08-28T06:57:32Z","geometryProcessing":"web display simplification tolerance 0.00035 degrees","name":"MUHAMMAD ARIF","issuer":"GUBERNUR","province":"SULAWESI SELATAN","district":"MAROS","permitNumber":"20/I.03a/PTSP/2019","permitType":"SDR","miningType":"IUP","commodity":"TANAH URUG","status":"2","validFrom":"2019-10-28","validTo":"2022-10-27","areaHa":4.9,"location":"DESA TODDOPULIA DESA KASI KASI TANRALILI","sourceRemark":"-","region":"sulawesi"},"geometry":{"type":"Polygon","coordinates":[[[119.63183,-5.09075],[119.63184,-5.09311],[119.63386,-5.09308],[119.63386,-5.0913],[119.63183,-5.09075]]]}},{"type":"Feature","properties":{"inventoryId":"big-mining-wiup:155","sector":"Tambang","subtype":"WIUP","quality":"OFFICIAL","sourceDataset":"big-mining-wiup","sourceRecordId":"155","source":"BIG Kebijakan Satu Peta","sourceUrl":"https://kspservices.big.go.id/satupeta/rest/services/PUBLIK/PERIZINAN_DAN_PERTANAHAN/MapServer/4","retrievedAt":"2026-08-28T06:57:32Z","geometryProcessing":"web display simplification tolerance 0.00035 degrees","name":"MULIA MAKMUR PERKASA","issuer":"BUPATI","province":"SULAWESI TENGGARA","district":"KOLAKA UTARA","permitNumber":"540/156 TAHUN 2009","permitType":"PT","miningType":"IUP","commodity":"NIKEL","status":"2","validFrom":"2009-07-17","validTo":"2029-07-16","areaHa":2450.0,"location":"DESA PATIKALA, TOLALA KEC TOLA","sourceRemark":"-","region":"sulawesi"},"geometry":{"type":"Polygon","coordinates":[[[121.08917,-2.86047],[121.09743,-2.86047],[121.09743,-2.855],[121.07861,-2.855],[121.07861,-2.91306],[121.08611,-2.91306],[121.08611,-2.92902],[121.12667,-2.92903],[121.12667,-2.90082],[121.10964,-2.90082],[121.10964,-2.89297],[121.09337,-2.89297],[121.09337,-2.88078],[121.08917,-2.88078],[121.08917,-2.86047]]]}},{"type":"Feature","properties":{"inventoryId":"big-mining-wiup:1422","sector":"Tambang","subtype":"WIUP","quality":"OFFICIAL","sourceDataset":"big-mining-wiup","sourceRecordId":"1422","source":"BIG Kebijakan Satu Peta","sourceUrl":"https://kspservices.big.go.id/satupeta/rest/services/PUBLIK/PERIZINAN_DAN_PERTANAHAN/MapServer/4","retrievedAt":"2026-08-28T06:57:32Z","geometryProcessing":"web display simplification tolerance 0.00035 degrees","name":"MULIA PACIFIC RESOURCES","issuer":"BUPATI","province":"SULAWESI TENGAH","district":"MOROWALI UTARA","permitNumber":"540.3/SK.009/DESDM/IV/2011","permitType":"PT","miningType":"IUP","commodity":"NIKEL DMP","status":"2","validFrom":"2011-04-28","validTo":"2031-04-20","areaHa":4780.0,"location":"DESA LAMBOLO, GANDA-GANDA DAN KOLONODALE, MARALE DAN KOROLAMA KEC. PETASIA, KAB. MOROWALI","sourceRemark":"-","region":"sulawesi"},"geometry":{"type":"Polygon","coordinates":[[[121.27899,-1.95108],[121.27899,-1.97204],[121.28899,-1.97204],[121.28899,-2.019],[121.33702,-2.019],[121.33702,-1.99601],[121.33898,-1.99601],[121.33898,-1.978],[121.34301,-1.978],[121.34301,-1.97099],[121.35199,-1.97099],[121.35199,-1.94998],[121.33345,-1.94998],[121.33345,-1.95108],[121.27899,-1.95108]]]}},{"type":"Feature","properties":{"inventoryId":"big-mining-wiup:1609","sector":"Tambang","subtype":"WIUP","quality":"OFFICIAL","sourceDataset":"big-mining-wiup","sourceRecordId":"1609","source":"BIG Kebijakan Satu Peta","sourceUrl":"https://kspservices.big.go.id/satupeta/rest/services/PUBLIK/PERIZINAN_DAN_PERTANAHAN/MapServer/4","retrievedAt":"2026-08-28T06:57:32Z","geometryProcessing":"web display simplification tolerance 0.00035 degrees","name":"MULTI BUMI SEJAHTERA","issuer":"BUPATI","province":"SULAWESI TENGGARA","district":"KONAWE","permitNumber":"213 TAHUN 2013","permitType":"PT","miningType":"IUP","commodity":"NIKEL","status":"2","validFrom":"2013-03-28","validTo":"2033-03-28","areaHa":166.6,"location":"KEC. AMONGGEDO, KAB. KONAWE","sourceRemark":"-","region":"sulawesi"},"geometry":{"type":"Polygon","coordinates":[[[122.24311,-3.92316],[122.24311,-3.93057],[122.26132,-3.93057],[122.26132,-3.92316],[122.24311,-3.92316]]]}},{"type":"Feature","properties":{"inventoryId":"big-mining-wiup:579","sector":"Tambang","subtype":"WIUP","quality":"OFFICIAL","sourceDataset":"big-mining-wiup","sourceRecordId":"579","source":"BIG Kebijakan Satu Peta","sourceUrl":"https://kspservices.big.go.id/satupeta/rest/services/PUBLIK/PERIZINAN_DAN_PERTANAHAN/MapServer/4","retrievedAt":"2026-08-28T06:57:32Z","geometryProcessing":"web display simplification tolerance 0.00035 degrees","name":"MULTI DINAR KARYA","issuer":"BUPATI","province":"SULAWESI TENGAH","district":"TOJO UNA UNA","permitNumber":"188.45/380/DISTAMBEN","permitType":"PT","miningType":"IUP","commodity":"NIKEL","status":"2","validFrom":"2011-05-24","validTo":"2031-05-24","areaHa":10800.0,"location":"RAPALEMBA, UEBAE, PUSUNGI DAN MAROWO KEC. AMPANA KOTA, AMPANA TETE DAN KEC. ULUBONGKA KAB. TOJO UNA-UNA","sourceRemark":"-","region":"sulawesi"},"geometry":{"type":"Polygon","coordinates":[[[121.48778,-0.8875],[121.48778,-0.9297],[121.5,-0.9297],[121.5,-0.99167],[121.55417,-0.99167],[121.55417,-0.95],[121.66722,-0.95],[121.66722,-0.91056],[121.61,-0.91056],[121.61,-0.92472],[121.52528,-0.92472],[121.52528,-0.8875],[121.48778,-0.8875]]]}},{"type":"Feature","properties":{"inventoryId":"big-mining-wiup:3576","sector":"Tambang","subtype":"WIUP","quality":"OFFICIAL","sourceDataset":"big-mining-wiup","sourceRecordId":"3576","source":"BIG Kebijakan Satu Peta","sourceUrl":"https://kspservices.big.go.id/satupeta/rest/services/PUBLIK/PERIZINAN_DAN_PERTANAHAN/MapServer/4","retrievedAt":"2026-08-28T06:57:32Z","geometryProcessing":"web display simplification tolerance 0.00035 degrees","name":"MULTI NUR SEJAHTERA","issuer":"MENTERI","province":"SULAWESI TENGAH","district":"MOROWALI UTARA","permitNumber":"1794/I/IUP/PMDN/2021","permitType":"PT","miningType":"IUP","commodity":"PASIR","status":"1","validFrom":"2021-12-13","validTo":"2024-12-13","areaHa":47.68,"location":"DESA BUNGINTIMBE, KECAMATAN PETASIA TIMUR","sourceRemark":"-","region":"sulawesi"},"geometry":{"type":"Polygon","coordinates":[[[121.44685,-2.01526],[121.44501,-2.01526],[121.44501,-2.01666],[121.44594,-2.01666],[121.44674,-2.02497],[121.44929,-2.02497],[121.44995,-2.02414],[121.45153,-2.02414],[121.45153,-2.02715],[121.45215,-2.02715],[121.45215,-2.02766],[121.45418,-2.02766],[121.45465,-2.02617],[121.45523,-2.02617],[121.45523,-2.02514],[121.45586,-2.02514],[121.45586,-2.02446],[121.457,-2.02446],[121.457,-2.02374],[121.45831,-2.02318],[121.45831,-2.01873],[121.45574,-2.01873],[121.45574,-2.02127],[121.45646,-2.02127],[121.45711,-2.02251],[121.45464,-2.02368],[121.45374,-2.0251],[121.45374,-2.02649],[121.45281,-2.02649],[121.45229,-2.02312],[121.44895,-2.02312],[121.44895,-2.02375],[121.44782,-2.02375],[121.44769,-2.01988],[121.44685,-2.01988],[121.44685,-2.01526]]]}},{"type":"Feature","properties":{"inventoryId":"big-mining-wiup:4582","sector":"Tambang","subtype":"WIUP","quality":"OFFICIAL","sourceDataset":"big-mining-wiup","sourceRecordId":"4582","source":"BIG Kebijakan Satu Peta","sourceUrl":"https://kspservices.big.go.id/satupeta/rest/services/PUBLIK/PERIZINAN_DAN_PERTANAHAN/MapServer/4","retrievedAt":"2026-08-28T06:57:32Z","geometryProcessing":"web display simplification tolerance 0.00035 degrees","name":"MULYADI YUSUF","issuer":"GUBERNUR","province":"SULAWESI SELATAN","district":"WAJO","permitNumber":"83/I.02/PTSP/2020","permitType":"SDR","miningType":"IUP","commodity":"PASIR","status":"1","validFrom":"2020-12-10","validTo":"2022-12-09","areaHa":12.15,"location":"DESA MALLUSESALO /UGI KEC. SABBANGPARU KAB. WAJO SUL SEL","sourceRemark":"-","region":"sulawesi"},"geometry":{"type":"Polygon","coordinates":[[[120.00051,-4.20379],[120.00051,-4.20585],[120.00203,-4.20829],[120.00195,-4.21014],[120.0008,-4.21112],[119.99872,-4.21131],[119.99872,-4.2119],[120.00135,-4.2115],[120.00269,-4.20963],[120.00092,-4.20416],[120.00347,-4.20212],[120.0044,-4.19926],[120.00369,-4.19946],[120.00241,-4.20231],[120.00051,-4.20379]]]}},{"type":"Feature","properties":{"inventoryId":"big-mining-wiup:4581","sector":"Tambang","subtype":"WIUP","quality":"OFFICIAL","sourceDataset":"big-mining-wiup","sourceRecordId":"4581","source":"BIG Kebijakan Satu Peta","sourceUrl":"https://kspservices.big.go.id/satupeta/rest/services/PUBLIK/PERIZINAN_DAN_PERTANAHAN/MapServer/4","retrievedAt":"2026-08-28T06:57:32Z","geometryProcessing":"web display simplification tolerance 0.00035 degrees","name":"MURSALIM","issuer":"GUBERNUR","province":"SULAWESI SELATAN","district":"GOWA","permitNumber":"83/I.03/PTSP/2020","permitType":"SDR","miningType":"IUP","commodity":"TANAH URUG","status":"2","validFrom":"2020-11-02","validTo":"2025-12-01","areaHa":28.89,"location":"DESA SAMBUEJA, KEC. SIMBANG KAB. MAROS PROV. SULAWESI SELATAN","sourceRemark":"-","region":"sulawesi"},"geometry":{"type":"Polygon","coordinates":[[[119.68042,-5.04616],[119.67433,-5.04616],[119.67433,-5.05],[119.68042,-5.05],[119.68042,-5.04616]]]}},{"type":"Feature","properties":{"inventoryId":"big-mining-wiup:4567","sector":"Tambang","subtype":"WIUP","quality":"OFFICIAL","sourceDataset":"big-mining-wiup","sourceRecordId":"4567","source":"BIG Kebijakan Satu Peta","sourceUrl":"https://kspservices.big.go.id/satupeta/rest/services/PUBLIK/PERIZINAN_DAN_PERTANAHAN/MapServer/4","retrievedAt":"2026-08-28T06:57:32Z","geometryProcessing":"web display simplification tolerance 0.00035 degrees","name":"MUTIARA PERDANA ABADI","issuer":"MENTERI","province":"SULAWESI TENGAH","district":"BANGGAI","permitNumber":"122/1/IUP/PMDN/2022","permitType":"CV","miningType":"IUP","commodity":"KERIKIL SUNGAI","status":"1","validFrom":"2022-01-24","validTo":"2025-01-24","areaHa":29.0,"location":"KECAMATAN TOILI BARAT, KABUPATEN BANGGAI, PROVINSI SULAWESI TENGAH","sourceRemark":"-","region":"sulawesi"},"geometry":{"type":"Polygon","coordinates":[[[122.18719,-1.55617],[122.18908,-1.55617],[122.18908,-1.55276],[122.18827,-1.55276],[122.18827,-1.55076],[122.1878,-1.55024],[122.18313,-1.55024],[122.18313,-1.55098],[122.18114,-1.55098],[122.18136,-1.55227],[122.1846,-1.55214],[122.1846,-1.55272],[122.18548,-1.55272],[122.18548,-1.55377],[122.18621,-1.55377],[122.18621,-1.5549],[122.18719,-1.5549],[122.18719,-1.55617]]]}},{"type":"Feature","properties":{"inventoryId":"big-mining-wiup:4585","sector":"Tambang","subtype":"WIUP","quality":"OFFICIAL","sourceDataset":"big-mining-wiup","sourceRecordId":"4585","source":"BIG Kebijakan Satu Peta","sourceUrl":"https://kspservices.big.go.id/satupeta/rest/services/PUBLIK/PERIZINAN_DAN_PERTANAHAN/MapServer/4","retrievedAt":"2026-08-28T06:57:32Z","geometryProcessing":"web display simplification tolerance 0.00035 degrees","name":"MUTIARA SANI MANDIRI","issuer":"MENTERI","province":"SULAWESI TENGGARA","district":"KONAWE","permitNumber":"574/1/IUP/PMDN/2022","permitType":"CV","miningType":"IUP","commodity":"PERIDOTIT","status":"1","validFrom":"2022-03-25","validTo":"2025-03-25","areaHa":22.46,"location":"DESA NAPOOSI, KECAMATAN ONEMBUTE","sourceRemark":"-","region":"sulawesi"},"geometry":{"type":"Polygon","coordinates":[[[122.00875,-4.04428],[122.00821,-4.04428],[122.00821,-4.04528],[122.00649,-4.04528],[122.00649,-4.047],[122.0038,-4.047],[122.0038,-4.04961],[122.00294,-4.04961],[122.00294,-4.05203],[122.00717,-4.05203],[122.00717,-4.04974],[122.00537,-4.04974],[122.00537,-4.04736],[122.00748,-4.04736],[122.00748,-4.04637],[122.00875,-4.04637],[122.00875,-4.04428]]]}},{"type":"Feature","properties":{"inventoryId":"big-mining-wiup:3828","sector":"Tambang","subtype":"WIUP","quality":"OFFICIAL","sourceDataset":"big-mining-wiup","sourceRecordId":"3828","source":"BIG Kebijakan Satu Peta","sourceUrl":"https://kspservices.big.go.id/satupeta/rest/services/PUBLIK/PERIZINAN_DAN_PERTANAHAN/MapServer/4","retrievedAt":"2026-08-28T06:57:32Z","geometryProcessing":"web display simplification tolerance 0.00035 degrees","name":"NAGA BUMI UTAMA","issuer":"GUBERNUR","province":"SULAWESI TENGGARA","district":"KONAWE UTARA","permitNumber":"377/DPMPTSP/V/2019","permitType":"PT","miningType":"IUP","commodity":"PERIDOTIT","status":"2","validFrom":"2019-05-24","validTo":"2024-05-24","areaHa":47.93,"location":"DESA MAROMBO PANTAI, KEC. LASOLO KEPULAUAN, KAB. KONAWE UTARA, SULAWESI TENGGARA","sourceRemark":"-","region":"sulawesi"},"geometry":{"type":"Polygon","coordinates":[[[122.264,-3.37849],[122.26086,-3.37831],[122.26086,-3.39843],[122.26272,-3.39843],[122.26272,-3.37862],[122.27398,-3.37862],[122.264,-3.37849]]]}},{"type":"Feature","properties":{"inventoryId":"big-mining-wiup:3877","sector":"Tambang","subtype":"WIUP","quality":"OFFICIAL","sourceDataset":"big-mining-wiup","sourceRecordId":"3877","source":"BIG Kebijakan Satu Peta","sourceUrl":"https://kspservices.big.go.id/satupeta/rest/services/PUBLIK/PERIZINAN_DAN_PERTANAHAN/MapServer/4","retrievedAt":"2026-08-28T06:57:32Z","geometryProcessing":"web display simplification tolerance 0.00035 degrees","name":"NAGA BUMI UTAMA","issuer":"MENTERI","province":"SULAWESI TENGGARA","district":"KONAWE UTARA","permitNumber":"1322/1/IUP/PMDN/2021","permitType":"PT","miningType":"IUP","commodity":"PERIDOTIT","status":"1","validFrom":"2021-11-01","validTo":"2024-11-01","areaHa":41.0,"location":"DESA TAPUNOPAKA, KECAMATAN LASOLO KEPULAUAN, KABUPATEN KONAWE UTARA","sourceRemark":"-","region":"sulawesi"},"geometry":{"type":"Polygon","coordinates":[[[122.23514,-3.44454],[122.23837,-3.44482],[122.23837,-3.45387],[122.24164,-3.45387],[122.24164,-3.44402],[122.23704,-3.44401],[122.23704,-3.44442],[122.23514,-3.44454]]]}},{"type":"Feature","properties":{"inventoryId":"big-mining-wiup:3796","sector":"Tambang","subtype":"WIUP","quality":"OFFICIAL","sourceDataset":"big-mining-wiup","sourceRecordId":"3796","source":"BIG Kebijakan Satu Peta","sourceUrl":"https://kspservices.big.go.id/satupeta/rest/services/PUBLIK/PERIZINAN_DAN_PERTANAHAN/MapServer/4","retrievedAt":"2026-08-28T06:57:32Z","geometryProcessing":"web display simplification tolerance 0.00035 degrees","name":"NAGA MAS SULTRA","issuer":"GUBERNUR","province":"SULAWESI TENGGARA","district":"KONAWE SELATAN","permitNumber":"1088/DPM-PTSP/XII/2018","permitType":"PT","miningType":"IUP","commodity":"PASIR KUARSA","status":"2","validFrom":"2018-12-20","validTo":"2028-12-20","areaHa":92.19,"location":"DS LAPUKO, KEC. MORAMO, KAB- KONAWE SELATAN SULAWESI TENGGARA 93891","sourceRemark":"-","region":"sulawesi"},"geometry":{"type":"Polygon","coordinates":[[[122.67196,-4.16757],[122.67196,-4.16968],[122.67623,-4.16968],[122.67623,-4.16871],[122.681,-4.16871],[122.681,-4.16965],[122.68428,-4.16965],[122.68428,-4.17312],[122.68268,-4.17312],[122.68268,-4.18035],[122.6849,-4.18035],[122.6849,-4.18194],[122.68357,-4.18194],[122.68357,-4.18377],[122.68306,-4.18377],[122.68271,-4.18594],[122.68271,-4.18951],[122.68076,-4.18951],[122.68076,-4.1901],[122.68306,-4.1901],[122.68306,-4.19113],[122.68581,-4.19113],[122.68622,-4.18123],[122.68695,-4.18123],[122.68695,-4.17534],[122.685,-4.17534],[122.685,-4.17153],[122.68431,-4.17153],[122.68431,-4.16961],[122.68166,-4.16961],[122.68166,-4.16757],[122.67196,-4.16757]]]}},{"type":"Feature","properties":{"inventoryId":"big-mining-wiup:4405","sector":"Tambang","subtype":"WIUP","quality":"OFFICIAL","sourceDataset":"big-mining-wiup","sourceRecordId":"4405","source":"BIG Kebijakan Satu Peta","sourceUrl":"https://kspservices.big.go.id/satupeta/rest/services/PUBLIK/PERIZINAN_DAN_PERTANAHAN/MapServer/4","retrievedAt":"2026-08-28T06:57:32Z","geometryProcessing":"web display simplification tolerance 0.00035 degrees","name":"NAHUSAM BERMARTABAT INDONESIA","issuer":"GUBERNUR","province":"SULAWESI TENGAH","district":"TOLI TOLI","permitNumber":"540/457/IUP-E/DPMPTSP/2020","permitType":"PT","miningType":"IUP","commodity":"BATU GUNUNG QUARRY BESAR","status":"1","validFrom":"2020-09-14","validTo":"2023-09-14","areaHa":114.64,"location":"DESA KAPAS, KECAMATAN DAKOPEMEAN, KABUPATEN TOLITOLI, PROVINSI SULAWESI TENGAH","sourceRemark":"-","region":"sulawesi"},"geometry":{"type":"Polygon","coordinates":[[[120.83278,1.3031],[120.83031,1.3031],[120.83032,1.29736],[120.84486,1.29736],[120.84486,1.30388],[120.83278,1.30388],[120.83278,1.3031]]]}},{"type":"Feature","properties":{"inventoryId":"big-mining-wiup:1987","sector":"Tambang","subtype":"WIUP","quality":"OFFICIAL","sourceDataset":"big-mining-wiup","sourceRecordId":"1987","source":"BIG Kebijakan Satu Peta","sourceUrl":"https://kspservices.big.go.id/satupeta/rest/services/PUBLIK/PERIZINAN_DAN_PERTANAHAN/MapServer/4","retrievedAt":"2026-08-28T06:57:32Z","geometryProcessing":"web display simplification tolerance 0.00035 degrees","name":"NANA DIA PRIMA","issuer":"GUBERNUR","province":"SULAWESI TENGAH","district":"KOTA PALU","permitNumber":"540/659/IUP-E/DPMPTSP/2019","permitType":"PT","miningType":"IUP","commodity":"BATUAN","status":"1","validFrom":"2019-12-09","validTo":"2022-12-09","areaHa":13.63,"location":"WATUSAMPU, KOTA PALU","sourceRemark":"-","region":"sulawesi"},"geometry":{"type":"Polygon","coordinates":[[[119.7983,-0.82869],[119.79955,-0.82869],[119.79994,-0.82686],[119.79928,-0.82672],[119.7988,-0.82437],[119.79732,-0.82437],[119.79639,-0.82624],[119.79639,-0.82819],[119.7983,-0.82869]]]}},{"type":"Feature","properties":{"inventoryId":"big-mining-wiup:872","sector":"Tambang","subtype":"WIUP","quality":"OFFICIAL","sourceDataset":"big-mining-wiup","sourceRecordId":"872","source":"BIG Kebijakan Satu Peta","sourceUrl":"https://kspservices.big.go.id/satupeta/rest/services/PUBLIK/PERIZINAN_DAN_PERTANAHAN/MapServer/4","retrievedAt":"2026-08-28T06:57:32Z","geometryProcessing":"web display simplification tolerance 0.00035 degrees","name":"NARAYANA LAMBALE SELARAS","issuer":"GUBERNUR","province":"SULAWESI TENGGARA","district":"BOMBANA","permitNumber":"222/BKPMD-PTSP/V/2016","permitType":"PT","miningType":"IUP","commodity":"NIKEL","status":"2","validFrom":"2016-05-23","validTo":"2023-08-03","areaHa":414.0,"location":"DESA TAPUHAKA, KEC. KABAENA TIMUR, KAB. BOMBANA","sourceRemark":"-","region":"sulawesi"},"geometry":{"type":"Polygon","coordinates":[[[122.01667,-5.32916],[122.03328,-5.32916],[122.03328,-5.32612],[122.03558,-5.32612],[122.03558,-5.31104],[122.03514,-5.31104],[122.03514,-5.31166],[122.03288,-5.31104],[122.03222,-5.31183],[122.03036,-5.31183],[122.03036,-5.3113],[122.02915,-5.31104],[122.01839,-5.31104],[122.01839,-5.31235],[122.01667,-5.31235],[122.01667,-5.32916]]]}},{"type":"Feature","properties":{"inventoryId":"big-mining-wiup:4358","sector":"Tambang","subtype":"WIUP","quality":"OFFICIAL","sourceDataset":"big-mining-wiup","sourceRecordId":"4358","source":"BIG Kebijakan Satu Peta","sourceUrl":"https://kspservices.big.go.id/satupeta/rest/services/PUBLIK/PERIZINAN_DAN_PERTANAHAN/MapServer/4","retrievedAt":"2026-08-28T06:57:32Z","geometryProcessing":"web display simplification tolerance 0.00035 degrees","name":"NATURAL PERSADA MOROWALI","issuer":"GUBERNUR","province":"SULAWESI TENGAH","district":"MOROWALI","permitNumber":"540/210/IUP-E/DPMPTSP/2020","permitType":"PT","miningType":"IUP","commodity":"BATU GAMPING","status":"1","validFrom":"2020-03-19","validTo":"2023-03-19","areaHa":93.0,"location":"DESA LAROENAI KECAMATAN BUNGKU PESISIR KABUPATEN MOROWALI PROVINSI SULAWESI TENGAH","sourceRemark":"-","region":"sulawesi"},"geometry":{"type":"Polygon","coordinates":[[[122.2887,-3.05229],[122.2887,-3.05338],[122.29244,-3.0545],[122.29244,-3.05498],[122.2887,-3.05498],[122.2887,-3.0559],[122.28765,-3.0559],[122.28765,-3.05861],[122.2891,-3.05861],[122.2891,-3.06095],[122.29396,-3.06095],[122.29396,-3.06246],[122.30108,-3.06246],[122.30108,-3.06143],[122.30305,-3.06143],[122.30305,-3.05918],[122.3003,-3.05918],[122.3003,-3.0581],[122.29874,-3.0581],[122.29874,-3.05701],[122.29647,-3.05701],[122.29647,-3.05899],[122.29452,-3.05899],[122.29452,-3.05379],[122.2917,-3.05379],[122.2917,-3.05323],[122.28988,-3.05323],[122.28988,-3.05229],[122.2887,-3.05229]]]}},{"type":"Feature","properties":{"inventoryId":"big-mining-wiup:3368","sector":"Tambang","subtype":"WIUP","quality":"OFFICIAL","sourceDataset":"big-mining-wiup","sourceRecordId":"3368","source":"BIG Kebijakan Satu Peta","sourceUrl":"https://kspservices.big.go.id/satupeta/rest/services/PUBLIK/PERIZINAN_DAN_PERTANAHAN/MapServer/4","retrievedAt":"2026-08-28T06:57:32Z","geometryProcessing":"web display simplification tolerance 0.00035 degrees","name":"NICKY COLS ALBERT TUWAIDAN","issuer":"GUBERNUR","province":"SULAWESI UTARA","district":"MINAHASA UTARA","permitNumber":"503/DPMPTSPD/IUP-OP/267/X/2018","permitType":"SDR","miningType":"IUP","commodity":"BATUAN","status":"2","validFrom":"2018-10-17","validTo":"2023-10-17","areaHa":8.47,"location":"DESA KAWILEY, KECAMATAN KAUDITAN, KAB. MINAHASA UTARA-SULAWESI UTARA","sourceRemark":"-","region":"sulawesi"},"geometry":{"type":"Polygon","coordinates":[[[125.03933,1.35569],[125.04139,1.35569],[125.04167,1.35889],[125.04092,1.35889],[125.04092,1.35944],[125.04039,1.35944],[125.04039,1.35847],[125.03933,1.35847],[125.03933,1.35569]]]}},{"type":"Feature","properties":{"inventoryId":"big-mining-wiup:1704","sector":"Tambang","subtype":"WIUP","quality":"OFFICIAL","sourceDataset":"big-mining-wiup","sourceRecordId":"1704","source":"BIG Kebijakan Satu Peta","sourceUrl":"https://kspservices.big.go.id/satupeta/rest/services/PUBLIK/PERIZINAN_DAN_PERTANAHAN/MapServer/4","retrievedAt":"2026-08-28T06:57:32Z","geometryProcessing":"web display simplification tolerance 0.00035 degrees","name":"NIKELINDO SURYAKENCANA AGUNG","issuer":"GUBERNUR","province":"SULAWESI TENGGARA","district":"KONAWE","permitNumber":"1003/DPM-PTSP/XI/2017","permitType":"PT","miningType":"IUP","commodity":"NIKEL","status":"2","validFrom":"2017-11-02","validTo":"2032-12-05","areaHa":2654.0,"location":"KEC. ROUTAN, KONAWE","sourceRemark":"-","region":"sulawesi"},"geometry":{"type":"Polygon","coordinates":[[[121.66526,-2.91336],[121.66526,-2.91572],[121.66378,-2.91572],[121.66378,-2.91876],[121.66526,-2.91876],[121.66526,-2.92106],[121.66683,-2.92106],[121.66683,-2.92257],[121.66836,-2.92257],[121.66836,-2.92641],[121.66291,-2.92641],[121.66291,-2.92794],[121.65449,-2.92794],[121.65449,-2.92639],[121.6506,-2.92639],[121.6506,-2.92331],[121.64906,-2.92331],[121.64906,-2.92173],[121.64521,-2.92173],[121.64521,-2.92021],[121.64292,-2.92021],[121.64292,-2.91719],[121.63981,-2.91719],[121.63981,-2.91496],[121.634,-2.91496],[121.634,-2.96639],[121.68105,-2.96639],[121.68099,-2.92022],[121.67838,-2.92022],[121.67838,-2.91862],[121.67608,-2.91862],[121.67608,-2.91715],[121.6707,-2.91715],[121.6707,-2.91336],[121.66526,-2.91336]]]}},{"type":"Feature","properties":{"inventoryId":"big-mining-wiup:4486","sector":"Tambang","subtype":"WIUP","quality":"OFFICIAL","sourceDataset":"big-mining-wiup","sourceRecordId":"4486","source":"BIG Kebijakan Satu Peta","sourceUrl":"https://kspservices.big.go.id/satupeta/rest/services/PUBLIK/PERIZINAN_DAN_PERTANAHAN/MapServer/4","retrievedAt":"2026-08-28T06:57:32Z","geometryProcessing":"web display simplification tolerance 0.00035 degrees","name":"NUR SUPPLY UTAMA","issuer":"MENTERI","province":"SULAWESI SELATAN","district":"JENEPONTO","permitNumber":"710/1/IUP/PMDN/2022","permitType":"CV","miningType":"IUP","commodity":"KERIKIL BERPASIR ALAMI (SIRTU)","status":"1","validFrom":"2022-04-22","validTo":"2025-04-22","areaHa":33.18,"location":"DESA JOMBE, KECAMATAN TURATEA, KABUPATEN JENEPONTO, PROVINSI SULAWESI SELATAN","sourceRemark":"-","region":"sulawesi"},"geometry":{"type":"Polygon","coordinates":[[[119.75505,-5.61417],[119.75505,-5.61277],[119.75248,-5.61277],[119.75248,-5.61322],[119.75168,-5.61322],[119.75168,-5.61382],[119.74849,-5.61382],[119.74849,-5.61324],[119.74754,-5.61324],[119.74754,-5.61403],[119.74673,-5.61403],[119.74673,-5.6155],[119.74467,-5.61603],[119.74467,-5.61854],[119.74559,-5.61854],[119.74559,-5.61992],[119.74675,-5.6202],[119.74675,-5.62102],[119.7485,-5.62102],[119.7485,-5.62255],[119.74001,-5.6258],[119.74001,-5.6274],[119.7419,-5.6274],[119.7419,-5.62591],[119.743,-5.62591],[119.7437,-5.6248],[119.7447,-5.6248],[119.7456,-5.624],[119.7466,-5.624],[119.7466,-5.6235],[119.74867,-5.6233],[119.74921,-5.62272],[119.74921,-5.62064],[119.74773,-5.62064],[119.74713,-5.61942],[119.74666,-5.61942],[119.74666,-5.61852],[119.74586,-5.61852],[119.74586,-5.61626],[119.74784,-5.61626],[119.74784,-5.61464],[119.75505,-5.61417]]]}},{"type":"Feature","properties":{"inventoryId":"big-mining-wiup:4399","sector":"Tambang","subtype":"WIUP","quality":"OFFICIAL","sourceDataset":"big-mining-wiup","sourceRecordId":"4399","source":"BIG Kebijakan Satu Peta","sourceUrl":"https://kspservices.big.go.id/satupeta/rest/services/PUBLIK/PERIZINAN_DAN_PERTANAHAN/MapServer/4","retrievedAt":"2026-08-28T06:57:32Z","geometryProcessing":"web display simplification tolerance 0.00035 degrees","name":"NURDIN KADIR","issuer":"GUBERNUR","province":"SULAWESI TENGGARA","district":"KONAWE SELATAN","permitNumber":"391/DPM-PTSP/V/2018","permitType":"SDR","miningType":"IUP","commodity":"BATU GAMPING","status":"2","validFrom":"2018-05-11","validTo":"2023-05-11","areaHa":5.0,"location":"DESA MEKAR JAYA KECAMATAN MORAMO UTARA KABUPATEN KONAWE SELATAN","sourceRemark":"-","region":"sulawesi"},"geometry":{"type":"Polygon","coordinates":[[[122.61383,-4.12708],[122.61383,-4.12768],[122.6207,-4.12768],[122.6207,-4.12709],[122.61383,-4.12708]]]}},{"type":"Feature","properties":{"inventoryId":"big-mining-wiup:3600","sector":"Tambang","subtype":"WIUP","quality":"OFFICIAL","sourceDataset":"big-mining-wiup","sourceRecordId":"3600","source":"BIG Kebijakan Satu Peta","sourceUrl":"https://kspservices.big.go.id/satupeta/rest/services/PUBLIK/PERIZINAN_DAN_PERTANAHAN/MapServer/4","retrievedAt":"2026-08-28T06:57:32Z","geometryProcessing":"web display simplification tolerance 0.00035 degrees","name":"NURFAIDAH MUNIRA TURATEA","issuer":"MENTERI","province":"SULAWESI SELATAN","district":"JENEPONTO","permitNumber":"1611/1/IUP/PMDN/2021","permitType":"PT","miningType":"IUP","commodity":"TANAH URUG","status":"1","validFrom":"2021-11-30","validTo":"2024-11-30","areaHa":29.4,"location":"PAMMEKANG, KELURAHAN KALUMPANG LOE, KECAMATAN ARUNGKEKE, KABUPATEN JENEPONTO, PROVINSI SULAWESI SELATAN","sourceRemark":"-","region":"sulawesi"},"geometry":{"type":"Polygon","coordinates":[[[119.72734,-5.66639],[119.72693,-5.66443],[119.72747,-5.66183],[119.72648,-5.66036],[119.7265,-5.65739],[119.72581,-5.65722],[119.72549,-5.66326],[119.72448,-5.66326],[119.72448,-5.66583],[119.72381,-5.66583],[119.72381,-5.66705],[119.72223,-5.6684],[119.72223,-5.66921],[119.72514,-5.66928],[119.72555,-5.66639],[119.72734,-5.66639]]]}},{"type":"Feature","properties":{"inventoryId":"big-mining-wiup:433","sector":"Tambang","subtype":"WIUP","quality":"OFFICIAL","sourceDataset":"big-mining-wiup","sourceRecordId":"433","source":"BIG Kebijakan Satu Peta","sourceUrl":"https://kspservices.big.go.id/satupeta/rest/services/PUBLIK/PERIZINAN_DAN_PERTANAHAN/MapServer/4","retrievedAt":"2026-08-28T06:57:32Z","geometryProcessing":"web display simplification tolerance 0.00035 degrees","name":"NUSAJAYA PERSADATAMA MANDIRI","issuer":"BUPATI","province":"SULAWESI TENGAH","district":"MOROWALI","permitNumber":"540.3/SK.002/DESDM/II/2012","permitType":"PT","miningType":"IUP","commodity":"NIKEL DMP","status":"2","validFrom":"2012-02-12","validTo":"2025-06-23","areaHa":1825.0,"location":"DESA MARATAPE, KEC. MENUAI KEPULAUAN, KAB.MOROWALI","sourceRemark":"-","region":"sulawesi"},"geometry":{"type":"Polygon","coordinates":[[[122.2602,-3.1061],[122.2602,-3.11],[122.26333,-3.11],[122.26333,-3.11385],[122.26631,-3.11385],[122.26631,-3.11687],[122.26893,-3.11687],[122.26893,-3.12062],[122.27,-3.12054],[122.27002,-3.14481],[122.27224,-3.14481],[122.27224,-3.14601],[122.27508,-3.14601],[122.27508,-3.14719],[122.28491,-3.14719],[122.28491,-3.15169],[122.28632,-3.15169],[122.28632,-3.15222],[122.29393,-3.15222],[122.29393,-3.155],[122.29609,-3.155],[122.29609,-3.15579],[122.30129,-3.15579],[122.30129,-3.15757],[122.30438,-3.15757],[122.30438,-3.15842],[122.30716,-3.15842],[122.30716,-3.15987],[122.3096,-3.15987],[122.3096,-3.16142],[122.314,-3.16142],[122.314,-3.17517],[122.31301,-3.17517],[122.31301,-3.18034],[122.31203,-3.18034],[122.31203,-3.19275],[122.31399,-3.19275],[122.31399,-3.21784],[122.29871,-3.21784],[122.29662,-3.22524],[122.29623,-3.22524],[122.29623,-3.23343],[122.29659,-3.23343],[122.29726,-3.23957],[122.29858,-3.24374],[122.29909,-3.24374],[122.29957,-3.24518],[122.30018,-3.24518],[122.30069,-3.24677],[122.30137,-3.24677],[122.30137,-3.24755],[122.30269,-3.24822],[122.30323,-3.24965],[122.30401,-3.24965],[122.30466,-3.25101],[122.30556,-3.25101],[122.30556,-3.25192],[122.30638,-3.25192],[122.30638,-3.25269],[122.30731,-3.25269],[122.30731,-3.2536],[122.30808,-3.2536],[122.30808,-3.25446],[122.30884,-3.25446],[122.30884,-3.25528],[122.30978,-3.25528],[122.30978,-3.25631],[122.31073,-3.25631],[122.31073,-3.25738],[122.31154,-3.25738],[122.31154,-3.25839],[122.31222,-3.25839],[122.31222,-3.2689],[122.31774,-3.2689],[122.31774,-3.25654],[122.3204,-3.25654],[122.3204,-3.24962],[122.30733,-3.24962],[122.30733,-3.24805],[122.30533,-3.24805],[122.30533,-3.21864],[122.31539,-3.21864],[122.31539,-3.15644],[122.30928,-3.15644],[122.30928,-3.1523],[122.30082,-3.1523],[122.30082,-3.14874],[122.28763,-3.14874],[122.28763,-3.1061],[122.2602,-3.1061]]]}},{"type":"Feature","properties":{"inventoryId":"big-mining-wiup:1253","sector":"Tambang","subtype":"WIUP","quality":"OFFICIAL","sourceDataset":"big-mining-wiup","sourceRecordId":"1253","source":"BIG Kebijakan Satu Peta","sourceUrl":"https://kspservices.big.go.id/satupeta/rest/services/PUBLIK/PERIZINAN_DAN_PERTANAHAN/MapServer/4","retrievedAt":"2026-08-28T06:57:32Z","geometryProcessing":"web display simplification tolerance 0.00035 degrees","name":"OCEAN VALLEY INTERNASIONAL","issuer":"GUBERNUR","province":"SULAWESI TENGGARA","district":"KONAWE","permitNumber":"788/DPM-PTSP/IX/2017","permitType":"PT","miningType":"IUP","commodity":"NIKEL","status":"2","validFrom":"2016-12-31","validTo":"2031-12-31","areaHa":8025.0,"location":"KEC. ROUTA KONAWE","sourceRemark":"-","region":"sulawesi"},"geometry":{"type":"Polygon","coordinates":[[[121.62335,-3.08389],[121.62929,-3.08389],[121.62929,-3.11177],[121.59943,-3.11177],[121.59943,-3.13386],[121.64713,-3.13386],[121.64713,-3.06496],[121.63265,-3.06496],[121.63268,-3.033],[121.68007,-3.033],[121.68007,-3.02842],[121.68072,-3.02843],[121.68072,-2.96697],[121.59771,-2.96697],[121.59771,-2.99367],[121.6171,-2.99384],[121.6171,-3.00434],[121.62462,-3.00432],[121.62475,-3.033],[121.63171,-3.033],[121.63172,-3.06498],[121.62335,-3.06498],[121.62335,-3.08389]]]}},{"type":"Feature","properties":{"inventoryId":"big-mining-wiup:4334","sector":"Tambang","subtype":"WIUP","quality":"OFFICIAL","sourceDataset":"big-mining-wiup","sourceRecordId":"4334","source":"BIG Kebijakan Satu Peta","sourceUrl":"https://kspservices.big.go.id/satupeta/rest/services/PUBLIK/PERIZINAN_DAN_PERTANAHAN/MapServer/4","retrievedAt":"2026-08-28T06:57:32Z","geometryProcessing":"web display simplification tolerance 0.00035 degrees","name":"OLIN MOROWALI SEJAHTERA","issuer":"GUBERNUR","province":"SULAWESI TENGAH","district":"MOROWALI UTARA","permitNumber":"540/113/IUP-E/DPMPTSP/2020","permitType":"CV","miningType":"IUP","commodity":"KERIKIL BERPASIR ALAMI (SIRTU)","status":"1","validFrom":"2020-02-06","validTo":"2023-02-06","areaHa":39.8,"location":"DESA KOROMATANTU, KECAMATAN PETASIA","sourceRemark":"-","region":"sulawesi"},"geometry":{"type":"Polygon","coordinates":[[[121.33287,-2.05278],[121.33226,-2.05278],[121.33226,-2.05406],[121.33368,-2.0559],[121.33368,-2.0567],[121.33438,-2.0567],[121.33438,-2.05743],[121.33736,-2.05743],[121.33797,-2.05644],[121.33862,-2.05644],[121.33906,-2.05284],[121.34009,-2.05284],[121.34009,-2.05577],[121.34041,-2.05635],[121.34136,-2.05635],[121.34136,-2.05692],[121.34849,-2.05733],[121.34849,-2.05785],[121.35286,-2.05817],[121.35286,-2.05724],[121.3513,-2.05724],[121.3513,-2.05685],[121.34163,-2.05568],[121.34163,-2.0551],[121.34082,-2.0551],[121.34086,-2.05186],[121.3384,-2.05186],[121.3384,-2.05242],[121.33785,-2.05242],[121.33785,-2.05494],[121.33743,-2.05494],[121.33743,-2.05575],[121.33676,-2.05575],[121.33676,-2.05642],[121.33499,-2.05642],[121.33499,-2.0554],[121.3345,-2.0554],[121.3345,-2.05456],[121.33397,-2.05456],[121.33397,-2.05379],[121.33287,-2.05326],[121.33287,-2.05278]]]}},{"type":"Feature","properties":{"inventoryId":"big-mining-wiup:3375","sector":"Tambang","subtype":"WIUP","quality":"OFFICIAL","sourceDataset":"big-mining-wiup","sourceRecordId":"3375","source":"BIG Kebijakan Satu Peta","sourceUrl":"https://kspservices.big.go.id/satupeta/rest/services/PUBLIK/PERIZINAN_DAN_PERTANAHAN/MapServer/4","retrievedAt":"2026-08-28T06:57:32Z","geometryProcessing":"web display simplification tolerance 0.00035 degrees","name":"OTANAHA POSO","issuer":"GUBERNUR","province":"SULAWESI TENGAH","district":"POSO","permitNumber":"540/045/IUP-OP/DPMPTSP/2018","permitType":"PT","miningType":"IUP","commodity":"KERIKIL BERPASIR ALAMI (SIRTU)","status":"2","validFrom":"2018-01-29","validTo":"2023-01-29","areaHa":11.65,"location":"DESA TABALU","sourceRemark":"-","region":"sulawesi"},"geometry":{"type":"Polygon","coordinates":[[[120.63888,-1.42568],[120.63791,-1.42568],[120.63791,-1.42468],[120.63636,-1.42531],[120.63604,-1.42941],[120.63799,-1.42944],[120.63799,-1.4281],[120.63888,-1.42722],[120.63888,-1.42568]]]}},{"type":"Feature","properties":{"inventoryId":"big-mining-wiup:1408","sector":"Tambang","subtype":"WIUP","quality":"OFFICIAL","sourceDataset":"big-mining-wiup","sourceRecordId":"1408","source":"BIG Kebijakan Satu Peta","sourceUrl":"https://kspservices.big.go.id/satupeta/rest/services/PUBLIK/PERIZINAN_DAN_PERTANAHAN/MapServer/4","retrievedAt":"2026-08-28T06:57:32Z","geometryProcessing":"web display simplification tolerance 0.00035 degrees","name":"OTI EYA ABADI","issuer":"BUPATI","province":"SULAWESI TENGAH","district":"MOROWALI","permitNumber":"540/324/IUP-OP/DPMPTSP/2018","permitType":"PT","miningType":"IUP","commodity":"NIKEL DMP","status":"2","validFrom":"2018-05-02","validTo":"2038-05-02","areaHa":3339.23,"location":"DESA DAMPALA DAN SIUMBATU KEC. BAHODOPI, KAB. MOROWALI","sourceRemark":"-","region":"sulawesi"},"geometry":{"type":"Polygon","coordinates":[[[121.96427,-2.79375],[121.97024,-2.79375],[121.97024,-2.80516],[121.97232,-2.80516],[121.97232,-2.81212],[121.97626,-2.81212],[121.97626,-2.81583],[121.97929,-2.81583],[121.97929,-2.83201],[121.98228,-2.83201],[121.98228,-2.83712],[121.98734,-2.83712],[121.98734,-2.84426],[121.98537,-2.84426],[121.98537,-2.86157],[121.98734,-2.86157],[121.98734,-2.86533],[121.99026,-2.86533],[121.99026,-2.87084],[121.99324,-2.87084],[121.99324,-2.8778],[121.99932,-2.8778],[121.99932,-2.88011],[122.01569,-2.88011],[122.01569,-2.8321],[122.00411,-2.8321],[122.00411,-2.78808],[121.97083,-2.78808],[121.97083,-2.78183],[121.96427,-2.78183],[121.96427,-2.79375]]]}},{"type":"Feature","properties":{"inventoryId":"big-mining-wiup:3901","sector":"Tambang","subtype":"WIUP","quality":"OFFICIAL","sourceDataset":"big-mining-wiup","sourceRecordId":"3901","source":"BIG Kebijakan Satu Peta","sourceUrl":"https://kspservices.big.go.id/satupeta/rest/services/PUBLIK/PERIZINAN_DAN_PERTANAHAN/MapServer/4","retrievedAt":"2026-08-28T06:57:32Z","geometryProcessing":"web display simplification tolerance 0.00035 degrees","name":"PACIFIK SUKSES JAYA","issuer":"GUBERNUR","province":"SULAWESI TENGGARA","district":"KONAWE UTARA","permitNumber":"254/DPMPTSP/V/2020","permitType":"PT","miningType":"IUP","commodity":"BATU GAMPING","status":"2","validFrom":"2020-05-14","validTo":"2025-05-14","areaHa":177.15,"location":"DESA PUUSIAMBU, KEC. LEMBO, KAB. KONAWE UTARA","sourceRemark":"-","region":"sulawesi"},"geometry":{"type":"Polygon","coordinates":[[[122.38284,-3.75801],[122.38284,-3.75753],[122.37965,-3.75753],[122.37965,-3.75894],[122.37643,-3.75894],[122.37643,-3.76122],[122.37227,-3.76122],[122.37227,-3.76725],[122.37013,-3.76725],[122.37013,-3.77029],[122.38414,-3.77029],[122.38414,-3.76025],[122.38723,-3.76025],[122.38723,-3.75801],[122.38284,-3.75801]]]}},{"type":"Feature","properties":{"inventoryId":"big-mining-wiup:2392","sector":"Tambang","subtype":"WIUP","quality":"OFFICIAL","sourceDataset":"big-mining-wiup","sourceRecordId":"2392","source":"BIG Kebijakan Satu Peta","sourceUrl":"https://kspservices.big.go.id/satupeta/rest/services/PUBLIK/PERIZINAN_DAN_PERTANAHAN/MapServer/4","retrievedAt":"2026-08-28T06:57:32Z","geometryProcessing":"web display simplification tolerance 0.00035 degrees","name":"PALU INDAH TEHNIK","issuer":"GUBERNUR","province":"SULAWESI TENGAH","district":"DONGGALA","permitNumber":"540/011/IUP-E/DPMPTSP/2020","permitType":"PT","miningType":"IUP","commodity":"BATU GUNUNG QUARRY BESAR","status":"1","validFrom":"2020-01-07","validTo":"2023-01-06","areaHa":22.0,"location":"DESA LOLI OGE, KEC. BANAWA, KAB. DONGGALA, SULAWESI TENGAH","sourceRemark":"-","region":"sulawesi"},"geometry":{"type":"Polygon","coordinates":[[[119.79682,-0.80496],[119.79821,-0.80549],[119.79821,-0.805],[119.80085,-0.80302],[119.80085,-0.80238],[119.79713,-0.79986],[119.7965,-0.79987],[119.79608,-0.80114],[119.79564,-0.80114],[119.79564,-0.80454],[119.79682,-0.80496]]]}},{"type":"Feature","properties":{"inventoryId":"big-mining-wiup:1677","sector":"Tambang","subtype":"WIUP","quality":"OFFICIAL","sourceDataset":"big-mining-wiup","sourceRecordId":"1677","source":"BIG Kebijakan Satu Peta","sourceUrl":"https://kspservices.big.go.id/satupeta/rest/services/PUBLIK/PERIZINAN_DAN_PERTANAHAN/MapServer/4","retrievedAt":"2026-08-28T06:57:32Z","geometryProcessing":"web display simplification tolerance 0.00035 degrees","name":"PAM MINERAL","issuer":"BUPATI","province":"SULAWESI TENGAH","district":"MOROWALI","permitNumber":"540.3/SK/004/DESDM/II/2012","permitType":"PT","miningType":"IUP","commodity":"NIKEL DMP","status":"2","validFrom":"2012-02-17","validTo":"2025-04-15","areaHa":198.0,"location":"DESA BULELENG DAN LARO'ENAI, KEC. BUNGKU SELATAN, KAB. MOROWALI","sourceRemark":"-","region":"sulawesi"},"geometry":{"type":"Polygon","coordinates":[[[122.24029,-3.03874],[122.24029,-3.05056],[122.25391,-3.05056],[122.25391,-3.03874],[122.24029,-3.03874]]]}},{"type":"Feature","properties":{"inventoryId":"big-mining-wiup:154","sector":"Tambang","subtype":"WIUP","quality":"OFFICIAL","sourceDataset":"big-mining-wiup","sourceRecordId":"154","source":"BIG Kebijakan Satu Peta","sourceUrl":"https://kspservices.big.go.id/satupeta/rest/services/PUBLIK/PERIZINAN_DAN_PERTANAHAN/MapServer/4","retrievedAt":"2026-08-28T06:57:32Z","geometryProcessing":"web display simplification tolerance 0.00035 degrees","name":"PANCA DIGITAL SOLUTION","issuer":"MENTERI","province":"SULAWESI SELATAN","district":"LUWU TIMUR","permitNumber":"58/1/IUP/PMA/2017","permitType":"PT","miningType":"IUP","commodity":"LATERIT BESI","status":"2","validFrom":"2017-11-09","validTo":"2027-08-02","areaHa":329.08,"location":"DESA HARAPAN, KEC. MALILI, KAB","sourceRemark":"PMA","region":"sulawesi"},"geometry":{"type":"MultiPolygon","coordinates":[[[[121.08846,-2.73611],[121.08671,-2.73611],[121.08646,-2.74351],[121.08528,-2.74414],[121.08528,-2.74497],[121.08066,-2.74497],[121.08066,-2.74712],[121.08377,-2.74755],[121.08349,-2.74958],[121.08392,-2.75031],[121.08708,-2.75199],[121.09441,-2.7521],[121.09539,-2.75083],[121.09776,-2.75015],[121.09776,-2.74947],[121.09997,-2.74916],[121.09997,-2.74473],[121.09263,-2.74473],[121.09244,-2.74305],[121.09178,-2.74305],[121.09178,-2.7417],[121.0912,-2.7417],[121.09077,-2.73961],[121.09007,-2.73961],[121.08932,-2.73668],[121.08846,-2.73668],[121.08846,-2.73611]]],[[[121.09885,-2.72718],[121.09153,-2.72749],[121.09077,-2.7287],[121.09,-2.7287],[121.08929,-2.7296],[121.08852,-2.7296],[121.08852,-2.73014],[121.08771,-2.73014],[121.08771,-2.73072],[121.08699,-2.73072],[121.08639,-2.73216],[121.08717,-2.73216],[121.08717,-2.73292],[121.08767,-2.73292],[121.08848,-2.73422],[121.08924,-2.73386],[121.08924,-2.73323],[121.09095,-2.7327],[121.09095,-2.73202],[121.09185,-2.73202],[121.09185,-2.73135],[121.09288,-2.73135],[121.09337,-2.73027],[121.09396,-2.73027],[121.0958,-2.73611],[121.09885,-2.73611],[121.09885,-2.72718]]],[[[121.10689,-2.7358],[121.10326,-2.7358],[121.10326,-2.73696],[121.10256,-2.73696],[121.10211,-2.73991],[121.10222,-2.74877],[121.10363,-2.74798],[121.10504,-2.74531],[121.1061,-2.74497],[121.10673,-2.74308],[121.10739,-2.74308],[121.10768,-2.74224],[121.10834,-2.74207],[121.10689,-2.7358]]]]}},{"type":"Feature","properties":{"inventoryId":"big-mining-wiup:3180","sector":"Tambang","subtype":"WIUP","quality":"OFFICIAL","sourceDataset":"big-mining-wiup","sourceRecordId":"3180","source":"BIG Kebijakan Satu Peta","sourceUrl":"https://kspservices.big.go.id/satupeta/rest/services/PUBLIK/PERIZINAN_DAN_PERTANAHAN/MapServer/4","retrievedAt":"2026-08-28T06:57:32Z","geometryProcessing":"web display simplification tolerance 0.00035 degrees","name":"PANCA LOGAM MAKMUR","issuer":"GUBERNUR","province":"SULAWESI TENGGARA","district":"BOMBANA","permitNumber":"672/DPMPTSP/X/2019","permitType":"PT","miningType":"IUP","commodity":"EMAS","status":"2","validFrom":"2015-12-24","validTo":"2025-12-23","areaHa":1210.0,"location":"DESA WUMBUBANGKA, KEC RAROWATU UTARA, KAB. BOMBANA","sourceRemark":"-","region":"sulawesi"},"geometry":{"type":"Polygon","coordinates":[[[121.91656,-4.64866],[121.91088,-4.64866],[121.91088,-4.63854],[121.88538,-4.63854],[121.88538,-4.67197],[121.91657,-4.672],[121.91656,-4.64866]]]}},{"type":"Feature","properties":{"inventoryId":"big-mining-wiup:3765","sector":"Tambang","subtype":"WIUP","quality":"OFFICIAL","sourceDataset":"big-mining-wiup","sourceRecordId":"3765","source":"BIG Kebijakan Satu Peta","sourceUrl":"https://kspservices.big.go.id/satupeta/rest/services/PUBLIK/PERIZINAN_DAN_PERTANAHAN/MapServer/4","retrievedAt":"2026-08-28T06:57:32Z","geometryProcessing":"web display simplification tolerance 0.00035 degrees","name":"PANDU URANE PERKASA","issuer":"GUBERNUR","province":"SULAWESI TENGGARA","district":"KONAWE SELATAN","permitNumber":"244/DPMPTSP/V/2020","permitType":"PT","miningType":"IUP","commodity":"NIKEL","status":"2","validFrom":"2017-01-11","validTo":"2032-01-10","areaHa":1665.0,"location":"WAWOORU, PALANGGA, KONAWE SELATAN","sourceRemark":"-","region":"sulawesi"},"geometry":{"type":"Polygon","coordinates":[[[122.42111,-4.39314],[122.44267,-4.39314],[122.44267,-4.39928],[122.44911,-4.39928],[122.44911,-4.41292],[122.45981,-4.41292],[122.45981,-4.40378],[122.47225,-4.40378],[122.47225,-4.41036],[122.47956,-4.41036],[122.47956,-4.37875],[122.42111,-4.37875],[122.42111,-4.39314]]]}},{"type":"Feature","properties":{"inventoryId":"big-mining-wiup:746","sector":"Tambang","subtype":"WIUP","quality":"OFFICIAL","sourceDataset":"big-mining-wiup","sourceRecordId":"746","source":"BIG Kebijakan Satu Peta","sourceUrl":"https://kspservices.big.go.id/satupeta/rest/services/PUBLIK/PERIZINAN_DAN_PERTANAHAN/MapServer/4","retrievedAt":"2026-08-28T06:57:32Z","geometryProcessing":"web display simplification tolerance 0.00035 degrees","name":"PARAMITHA PERSADA TAMA","issuer":"BUPATI","province":"SULAWESI TENGGARA","district":"KONAWE UTARA","permitNumber":"160 TAHUN 2012","permitType":"PT","miningType":"IUP","commodity":"NIKEL","status":"2","validFrom":"2012-04-03","validTo":"2032-04-03","areaHa":175.0,"location":"KEC. LASOLO","sourceRemark":"-","region":"sulawesi"},"geometry":{"type":"Polygon","coordinates":[[[122.3753,-3.42803],[122.3753,-3.43971],[122.3772,-3.43971],[122.3772,-3.45247],[122.38132,-3.45247],[122.38132,-3.44228],[122.38246,-3.44228],[122.38246,-3.42803],[122.3753,-3.42803]]]}},{"type":"Feature","properties":{"inventoryId":"big-mining-wiup:4331","sector":"Tambang","subtype":"WIUP","quality":"OFFICIAL","sourceDataset":"big-mining-wiup","sourceRecordId":"4331","source":"BIG Kebijakan Satu Peta","sourceUrl":"https://kspservices.big.go.id/satupeta/rest/services/PUBLIK/PERIZINAN_DAN_PERTANAHAN/MapServer/4","retrievedAt":"2026-08-28T06:57:32Z","geometryProcessing":"web display simplification tolerance 0.00035 degrees","name":"PASI WITA AKSATA","issuer":"GUBERNUR","province":"SULAWESI TENGAH","district":"MOROWALI UTARA","permitNumber":"540/612/IUP-E/DPMPTSP/2020","permitType":"PT","miningType":"IUP","commodity":"BATU GAMPING","status":"1","validFrom":"2020-12-10","validTo":"2023-12-10","areaHa":97.57,"location":"DESA KOROMATANTU, KECAMATAN PETASIA, KABUPATEN MOROWALI UTARA, PROVINSI SULAWESI TENGAH.","sourceRemark":"-","region":"sulawesi"},"geometry":{"type":"Polygon","coordinates":[[[121.3308,-2.0443],[121.3308,-2.05039],[121.3363,-2.05039],[121.3363,-2.04513],[121.3371,-2.04513],[121.3371,-2.03476],[121.3325,-2.03476],[121.3325,-2.04289],[121.3316,-2.04289],[121.3316,-2.0443],[121.3308,-2.0443]]]}},{"type":"Feature","properties":{"inventoryId":"big-mining-wiup:4024","sector":"Tambang","subtype":"WIUP","quality":"OFFICIAL","sourceDataset":"big-mining-wiup","sourceRecordId":"4024","source":"BIG Kebijakan Satu Peta","sourceUrl":"https://kspservices.big.go.id/satupeta/rest/services/PUBLIK/PERIZINAN_DAN_PERTANAHAN/MapServer/4","retrievedAt":"2026-08-28T06:57:32Z","geometryProcessing":"web display simplification tolerance 0.00035 degrees","name":"PASIR CAHAYA LISE","issuer":"GUBERNUR","province":"SULAWESI BARAT","district":"MAMUJU TENGAH","permitNumber":"002/76/IUP.OP/PTSP.A/II/2019","permitType":"CV","miningType":"IUP","commodity":"SIRTU","status":"2","validFrom":"2019-02-12","validTo":"2024-01-25","areaHa":1.0,"location":"SUNGAI BUDONG-BUDONG, DS. TOPOYO, MAMUJU TENGAH","sourceRemark":"-","region":"sulawesi"},"geometry":{"type":"Polygon","coordinates":[[[119.30444,-2.07084],[119.30478,-2.0728],[119.30529,-2.0728],[119.30444,-2.07084]]]}},{"type":"Feature","properties":{"inventoryId":"big-mining-wiup:251","sector":"Tambang","subtype":"WIUP","quality":"OFFICIAL","sourceDataset":"big-mining-wiup","sourceRecordId":"251","source":"BIG Kebijakan Satu Peta","sourceUrl":"https://kspservices.big.go.id/satupeta/rest/services/PUBLIK/PERIZINAN_DAN_PERTANAHAN/MapServer/4","retrievedAt":"2026-08-28T06:57:32Z","geometryProcessing":"web display simplification tolerance 0.00035 degrees","name":"PASIR WALANNAE","issuer":"GUBERNUR","province":"SULAWESI SELATAN","district":"BONE","permitNumber":"4/I.03H/PTSP/2018","permitType":"PT","miningType":"IUP","commodity":"BATUBARA","status":"2","validFrom":"2018-09-05","validTo":"2023-09-04","areaHa":182.89,"location":"DESA MASSENRENGPULU, KEC. LAMURU, KAB. BONE","sourceRemark":"-","region":"sulawesi"},"geometry":{"type":"Polygon","coordinates":[[[119.92991,-4.65833],[119.94748,-4.65833],[119.94748,-4.65057],[119.94474,-4.65057],[119.94474,-4.64863],[119.93281,-4.64863],[119.93281,-4.65011],[119.93175,-4.65011],[119.93175,-4.65642],[119.93106,-4.65642],[119.92991,-4.65833]]]}},{"type":"Feature","properties":{"inventoryId":"big-mining-wiup:1675","sector":"Tambang","subtype":"WIUP","quality":"OFFICIAL","sourceDataset":"big-mining-wiup","sourceRecordId":"1675","source":"BIG Kebijakan Satu Peta","sourceUrl":"https://kspservices.big.go.id/satupeta/rest/services/PUBLIK/PERIZINAN_DAN_PERTANAHAN/MapServer/4","retrievedAt":"2026-08-28T06:57:32Z","geometryProcessing":"web display simplification tolerance 0.00035 degrees","name":"PATRINDO JAYA MAKMUR","issuer":"BUPATI","province":"SULAWESI TENGGARA","district":"KOLAKA UTARA","permitNumber":"540/260 TAHUN 2012","permitType":"PT","miningType":"IUP","commodity":"NIKEL","status":"2","validFrom":"2012-12-05","validTo":"2027-12-05","areaHa":500.0,"location":"DESA PATIKALA, KECAMATAN TOLAL","sourceRemark":"-","region":"sulawesi"},"geometry":{"type":"Polygon","coordinates":[[[121.00494,-2.83632],[121.00494,-2.82486],[121.00228,-2.82486],[121.00228,-2.82578],[121.00033,-2.82578],[121.00033,-2.82742],[120.99697,-2.82742],[120.99697,-2.82861],[120.99397,-2.82861],[120.99397,-2.82981],[120.992,-2.82981],[120.992,-2.83144],[120.98819,-2.83144],[120.98819,-2.83431],[120.98697,-2.83431],[120.98697,-2.84189],[120.989,-2.84189],[120.989,-2.85183],[120.99383,-2.85183],[120.99383,-2.85933],[120.99536,-2.85933],[120.99531,-2.87019],[121.00058,-2.87019],[121.00058,-2.86697],[121.00761,-2.86697],[121.00761,-2.86589],[121.01097,-2.86589],[121.01097,-2.86261],[121.00797,-2.86261],[121.00797,-2.86058],[121.004,-2.86058],[121.004,-2.85733],[121.00197,-2.85733],[121.00197,-2.85325],[120.99761,-2.85325],[120.99761,-2.84861],[120.99397,-2.84861],[120.99397,-2.84322],[120.99181,-2.84322],[120.99181,-2.83978],[120.99378,-2.83978],[120.99378,-2.83593],[120.99939,-2.83593],[120.99939,-2.83742],[121.00494,-2.83742],[121.00494,-2.83632]]]}},{"type":"Feature","properties":{"inventoryId":"big-mining-wiup:849","sector":"Tambang","subtype":"WIUP","quality":"OFFICIAL","sourceDataset":"big-mining-wiup","sourceRecordId":"849","source":"BIG Kebijakan Satu Peta","sourceUrl":"https://kspservices.big.go.id/satupeta/rest/services/PUBLIK/PERIZINAN_DAN_PERTANAHAN/MapServer/4","retrievedAt":"2026-08-28T06:57:32Z","geometryProcessing":"web display simplification tolerance 0.00035 degrees","name":"PENTA DHARMA KARSA","issuer":"GUBERNUR","province":"SULAWESI TENGAH","district":"BANGGAI","permitNumber":"540/624/DISESDM-G.ST/2016","permitType":"PT","miningType":"IUP","commodity":"NIKEL","status":"2","validFrom":"2016-08-19","validTo":"2026-08-19","areaHa":1220.0,"location":"DESA SIUNA, KEC PAGIMANA, KAB. BANGGAI","sourceRemark":"-","region":"sulawesi"},"geometry":{"type":"Polygon","coordinates":[[[123.05,-0.77361],[123.05,-0.76667],[123.05694,-0.76667],[123.05694,-0.7625],[123.05556,-0.7625],[123.05556,-0.75806],[123.05417,-0.75806],[123.05417,-0.75361],[123.05278,-0.75361],[123.05278,-0.74917],[123.05139,-0.74917],[123.05139,-0.74472],[123.05,-0.74472],[123.05,-0.74167],[123.04139,-0.74167],[123.04139,-0.75833],[123.00833,-0.75833],[123.00833,-0.77639],[123.05,-0.77639],[123.05,-0.77361]]]}},{"type":"Feature","properties":{"inventoryId":"big-mining-wiup:2021","sector":"Tambang","subtype":"WIUP","quality":"OFFICIAL","sourceDataset":"big-mining-wiup","sourceRecordId":"2021","source":"BIG Kebijakan Satu Peta","sourceUrl":"https://kspservices.big.go.id/satupeta/rest/services/PUBLIK/PERIZINAN_DAN_PERTANAHAN/MapServer/4","retrievedAt":"2026-08-28T06:57:32Z","geometryProcessing":"web display simplification tolerance 0.00035 degrees","name":"PERDANA MATRA BUMI","issuer":"GUBERNUR","province":"SULAWESI TENGAH","district":"DONGGALA","permitNumber":"540/147/IUP-OP/DPMPTSP/2018","permitType":"PT","miningType":"IUP","commodity":"BATUAN","status":"2","validFrom":"2018-02-27","validTo":"2023-02-27","areaHa":9.3,"location":"DONGGALA","sourceRemark":"-","region":"sulawesi"},"geometry":{"type":"Polygon","coordinates":[[[119.77166,-0.72358],[119.77081,-0.72455],[119.76918,-0.72455],[119.76918,-0.72523],[119.77441,-0.72523],[119.77441,-0.72289],[119.77166,-0.72358]]]}},{"type":"Feature","properties":{"inventoryId":"big-mining-wiup:4329","sector":"Tambang","subtype":"WIUP","quality":"OFFICIAL","sourceDataset":"big-mining-wiup","sourceRecordId":"4329","source":"BIG Kebijakan Satu Peta","sourceUrl":"https://kspservices.big.go.id/satupeta/rest/services/PUBLIK/PERIZINAN_DAN_PERTANAHAN/MapServer/4","retrievedAt":"2026-08-28T06:57:32Z","geometryProcessing":"web display simplification tolerance 0.00035 degrees","name":"PERDANA SULTRA MINING","issuer":"GUBERNUR","province":"SULAWESI TENGGARA","district":"KONAWE UTARA","permitNumber":"190/DPMPTSP/111/2020","permitType":"PT","miningType":"IUP","commodity":"BATU GAMPING UNTUK INDUSTRI","status":"2","validFrom":"2020-03-23","validTo":"2025-03-23","areaHa":99.34,"location":"DESA/KELURAHAN : ANDEO KEC.LASOLO KAB.KONAWE UTARA PROPINSI SULAWESI TENGGARA","sourceRemark":"-","region":"sulawesi"},"geometry":{"type":"Polygon","coordinates":[[[122.24528,-3.68386],[122.23684,-3.68386],[122.23684,-3.68719],[122.23861,-3.68719],[122.23861,-3.69105],[122.25008,-3.69105],[122.25008,-3.69],[122.24792,-3.69],[122.24792,-3.68808],[122.2525,-3.68808],[122.2525,-3.68572],[122.24528,-3.68572],[122.24528,-3.68386]]]}},{"type":"Feature","properties":{"inventoryId":"big-mining-wiup:334","sector":"Tambang","subtype":"WIUP","quality":"OFFICIAL","sourceDataset":"big-mining-wiup","sourceRecordId":"334","source":"BIG Kebijakan Satu Peta","sourceUrl":"https://kspservices.big.go.id/satupeta/rest/services/PUBLIK/PERIZINAN_DAN_PERTANAHAN/MapServer/4","retrievedAt":"2026-08-28T06:57:32Z","geometryProcessing":"web display simplification tolerance 0.00035 degrees","name":"PERNICK SULTRA","issuer":"BUPATI","province":"SULAWESI TENGGARA","district":"KOLAKA","permitNumber":"161 TAHUN 2010","permitType":"PT","miningType":"IUP","commodity":"NIKEL","status":"2","validFrom":"2010-04-12","validTo":"2030-04-12","areaHa":108.0,"location":"TANGGETADA","sourceRemark":"-","region":"sulawesi"},"geometry":{"type":"Polygon","coordinates":[[[121.52917,-4.28986],[121.52917,-4.29228],[121.52653,-4.29228],[121.52653,-4.29833],[121.52561,-4.29833],[121.52561,-4.30094],[121.53164,-4.30094],[121.53164,-4.29953],[121.53267,-4.29953],[121.53267,-4.30014],[121.53492,-4.30014],[121.53492,-4.29683],[121.53347,-4.29683],[121.53347,-4.29194],[121.53897,-4.29194],[121.53897,-4.28986],[121.52917,-4.28986]]]}},{"type":"Feature","properties":{"inventoryId":"big-mining-wiup:728","sector":"Tambang","subtype":"WIUP","quality":"OFFICIAL","sourceDataset":"big-mining-wiup","sourceRecordId":"728","source":"BIG Kebijakan Satu Peta","sourceUrl":"https://kspservices.big.go.id/satupeta/rest/services/PUBLIK/PERIZINAN_DAN_PERTANAHAN/MapServer/4","retrievedAt":"2026-08-28T06:57:32Z","geometryProcessing":"web display simplification tolerance 0.00035 degrees","name":"PERNICK SULTRA","issuer":"BUPATI","province":"SULAWESI TENGGARA","district":"KONAWE UTARA","permitNumber":"325 TAHUN 2011","permitType":"PT","miningType":"IUP","commodity":"NIKEL","status":"2","validFrom":"2011-08-23","validTo":"2031-08-23","areaHa":539.0,"location":"KEC. LANGGIKIMA","sourceRemark":"-","region":"sulawesi"},"geometry":{"type":"Polygon","coordinates":[[[122.29977,-3.35128],[122.29977,-3.36667],[122.34167,-3.36667],[122.34167,-3.38333],[122.375,-3.38333],[122.375,-3.39167],[122.3795,-3.39167],[122.3795,-3.38861],[122.37694,-3.38861],[122.37694,-3.37848],[122.37009,-3.37848],[122.37009,-3.38016],[122.35961,-3.38016],[122.35961,-3.38095],[122.35258,-3.38095],[122.35258,-3.37728],[122.34794,-3.37728],[122.34794,-3.37465],[122.34307,-3.37465],[122.34307,-3.36261],[122.32821,-3.36261],[122.32821,-3.36077],[122.32286,-3.36077],[122.32286,-3.36532],[122.31184,-3.36532],[122.31184,-3.36292],[122.30696,-3.36292],[122.30696,-3.35128],[122.29977,-3.35128]]]}},{"type":"Feature","properties":{"inventoryId":"big-mining-wiup:430","sector":"Tambang","subtype":"WIUP","quality":"OFFICIAL","sourceDataset":"big-mining-wiup","sourceRecordId":"430","source":"BIG Kebijakan Satu Peta","sourceUrl":"https://kspservices.big.go.id/satupeta/rest/services/PUBLIK/PERIZINAN_DAN_PERTANAHAN/MapServer/4","retrievedAt":"2026-08-28T06:57:32Z","geometryProcessing":"web display simplification tolerance 0.00035 degrees","name":"PERTAMBANGAN BUMI INDONESIA","issuer":"BUPATI","province":"SULAWESI TENGGARA","district":"KONAWE UTARA","permitNumber":"377 TAHUN 2009","permitType":"PT","miningType":"IUP","commodity":"NIKEL","status":"2","validFrom":"2009-12-22","validTo":"2029-12-21","areaHa":5923.0,"location":"KEC. ASERA, KONAWE UTARA","sourceRemark":"-","region":"sulawesi"},"geometry":{"type":"Polygon","coordinates":[[[122.13806,-3.26028],[122.13806,-3.32389],[122.11278,-3.32389],[122.11278,-3.34139],[122.10528,-3.34139],[122.10528,-3.35],[122.11111,-3.35],[122.11111,-3.36667],[122.14167,-3.36667],[122.14167,-3.38056],[122.14417,-3.38056],[122.14417,-3.38389],[122.14528,-3.38389],[122.14528,-3.38806],[122.14611,-3.38806],[122.14611,-3.39139],[122.14722,-3.39139],[122.14722,-3.39361],[122.14833,-3.39361],[122.14833,-3.39667],[122.15083,-3.39667],[122.15083,-3.38667],[122.14833,-3.38667],[122.14833,-3.37389],[122.14694,-3.37389],[122.14694,-3.37306],[122.14296,-3.37306],[122.14296,-3.36478],[122.14083,-3.36478],[122.14083,-3.35278],[122.14333,-3.35278],[122.14333,-3.35139],[122.14861,-3.35139],[122.14861,-3.35],[122.15194,-3.35],[122.15194,-3.33694],[122.15472,-3.33694],[122.15472,-3.32889],[122.17833,-3.32889],[122.17833,-3.34167],[122.18278,-3.34167],[122.18278,-3.26028],[122.13806,-3.26028]]]}},{"type":"Feature","properties":{"inventoryId":"big-mining-wiup:4201","sector":"Tambang","subtype":"WIUP","quality":"OFFICIAL","sourceDataset":"big-mining-wiup","sourceRecordId":"4201","source":"BIG Kebijakan Satu Peta","sourceUrl":"https://kspservices.big.go.id/satupeta/rest/services/PUBLIK/PERIZINAN_DAN_PERTANAHAN/MapServer/4","retrievedAt":"2026-08-28T06:57:32Z","geometryProcessing":"web display simplification tolerance 0.00035 degrees","name":"PIRANTI JAGAD RAYA","issuer":"GUBERNUR","province":"SULAWESI SELATAN","district":"LUWU","permitNumber":"130/I.03/PTSP/2018","permitType":"PT","miningType":"IUP","commodity":"KERIKIL BERPASIR ALAMI (SIRTU)","status":"2","validFrom":"2018-08-23","validTo":"2023-08-23","areaHa":11.76,"location":"WIWITAN, LAMASI, LUWU","sourceRemark":"-","region":"sulawesi"},"geometry":{"type":"Polygon","coordinates":[[[120.16135,-2.82892],[120.16135,-2.83064],[120.16221,-2.83064],[120.16221,-2.83128],[120.16355,-2.83128],[120.16355,-2.83194],[120.16476,-2.83194],[120.16476,-2.83122],[120.16605,-2.83122],[120.16605,-2.83051],[120.16498,-2.83051],[120.16498,-2.82892],[120.16135,-2.82892]]]}},{"type":"Feature","properties":{"inventoryId":"big-mining-wiup:1268","sector":"Tambang","subtype":"WIUP","quality":"OFFICIAL","sourceDataset":"big-mining-wiup","sourceRecordId":"1268","source":"BIG Kebijakan Satu Peta","sourceUrl":"https://kspservices.big.go.id/satupeta/rest/services/PUBLIK/PERIZINAN_DAN_PERTANAHAN/MapServer/4","retrievedAt":"2026-08-28T06:57:32Z","geometryProcessing":"web display simplification tolerance 0.00035 degrees","name":"PRIANTO SOMA","issuer":"GUBERNUR","province":"SULAWESI SELATAN","district":"TANA TORAJA","permitNumber":"13/I.03/PTSP/2019","permitType":"SDR","miningType":"IUP","commodity":"BATU GUNUNG","status":"2","validFrom":"2019-01-18","validTo":"2024-01-18","areaHa":9.59,"location":"DESA LEA, KEC. MAKALE","sourceRemark":"-","region":"sulawesi"},"geometry":{"type":"Polygon","coordinates":[[[119.88438,-3.07806],[119.89788,-3.07806],[119.89788,-3.07596],[119.88516,-3.07596],[119.88516,-3.07739],[119.88438,-3.07739],[119.88438,-3.07806]]]}},{"type":"Feature","properties":{"inventoryId":"big-mining-wiup:4537","sector":"Tambang","subtype":"WIUP","quality":"OFFICIAL","sourceDataset":"big-mining-wiup","sourceRecordId":"4537","source":"BIG Kebijakan Satu Peta","sourceUrl":"https://kspservices.big.go.id/satupeta/rest/services/PUBLIK/PERIZINAN_DAN_PERTANAHAN/MapServer/4","retrievedAt":"2026-08-28T06:57:32Z","geometryProcessing":"web display simplification tolerance 0.00035 degrees","name":"PRIMA BATU MOROWALI","issuer":"GUBERNUR","province":"SULAWESI TENGAH","district":"BANGGAI","permitNumber":"540/591/IUP-OP/DPMPTSP/2020","permitType":"PT","miningType":"IUP","commodity":"BATU GUNUNG QUARRY BESAR","status":"2","validFrom":"2020-12-10","validTo":"2025-12-10","areaHa":35.98,"location":"-","sourceRemark":"-","region":"sulawesi"},"geometry":{"type":"Polygon","coordinates":[[[122.18757,-1.56765],[122.18893,-1.58339],[122.19111,-1.58339],[122.19111,-1.57932],[122.18982,-1.57932],[122.18954,-1.5776],[122.18954,-1.57606],[122.19036,-1.57606],[122.18959,-1.56929],[122.18916,-1.56929],[122.18916,-1.56765],[122.18757,-1.56765]]]}},{"type":"Feature","properties":{"inventoryId":"big-mining-wiup:4507","sector":"Tambang","subtype":"WIUP","quality":"OFFICIAL","sourceDataset":"big-mining-wiup","sourceRecordId":"4507","source":"BIG Kebijakan Satu Peta","sourceUrl":"https://kspservices.big.go.id/satupeta/rest/services/PUBLIK/PERIZINAN_DAN_PERTANAHAN/MapServer/4","retrievedAt":"2026-08-28T06:57:32Z","geometryProcessing":"web display simplification tolerance 0.00035 degrees","name":"PRIMA BATU PERKASA","issuer":"GUBERNUR","province":"SULAWESI TENGAH","district":"BANGGAI","permitNumber":"540/587/IUP-OP/DPMPTSP/2020","permitType":"PT","miningType":"IUP","commodity":"BATU GUNUNG QUARRY BESAR","status":"2","validFrom":"2020-12-10","validTo":"2025-12-10","areaHa":11.74,"location":"DESA BANGKETA, KECAMATAN NUHON, PROVINSI SULAWESI TENGAH","sourceRemark":"-","region":"sulawesi"},"geometry":{"type":"Polygon","coordinates":[[[121.99968,-0.95925],[121.99968,-0.95983],[122.00178,-0.96123],[122.00173,-0.96344],[122.00227,-0.96425],[122.0045,-0.96545],[122.0045,-0.96608],[122.0057,-0.96608],[122.0057,-0.96485],[122.00494,-0.96485],[122.00494,-0.96432],[122.00427,-0.96432],[122.00351,-0.96289],[122.00263,-0.96245],[122.00238,-0.96026],[121.99968,-0.95925]]]}},{"type":"Feature","properties":{"inventoryId":"big-mining-wiup:1626","sector":"Tambang","subtype":"WIUP","quality":"OFFICIAL","sourceDataset":"big-mining-wiup","sourceRecordId":"1626","source":"BIG Kebijakan Satu Peta","sourceUrl":"https://kspservices.big.go.id/satupeta/rest/services/PUBLIK/PERIZINAN_DAN_PERTANAHAN/MapServer/4","retrievedAt":"2026-08-28T06:57:32Z","geometryProcessing":"web display simplification tolerance 0.00035 degrees","name":"PRIMA BERKAT MINERAL","issuer":"GUBERNUR","province":"SULAWESI TENGAH","district":"MOROWALI","permitNumber":"540/275/IUP-OP/DPMPTSP/2019","permitType":"PT","miningType":"IUP","commodity":"BATU GAMPING","status":"2","validFrom":"2019-05-27","validTo":"2024-05-27","areaHa":187.41,"location":"SAMBALAGI, BUNGKU PESISIR","sourceRemark":"-","region":"sulawesi"},"geometry":{"type":"Polygon","coordinates":[[[122.32008,-3.09825],[122.32008,-3.10067],[122.31786,-3.10067],[122.31786,-3.10989],[122.31942,-3.10989],[122.31942,-3.11261],[122.3285,-3.11261],[122.3285,-3.11078],[122.32925,-3.11078],[122.32925,-3.09825],[122.32008,-3.09825]]]}},{"type":"Feature","properties":{"inventoryId":"big-mining-wiup:2038","sector":"Tambang","subtype":"WIUP","quality":"OFFICIAL","sourceDataset":"big-mining-wiup","sourceRecordId":"2038","source":"BIG Kebijakan Satu Peta","sourceUrl":"https://kspservices.big.go.id/satupeta/rest/services/PUBLIK/PERIZINAN_DAN_PERTANAHAN/MapServer/4","retrievedAt":"2026-08-28T06:57:32Z","geometryProcessing":"web display simplification tolerance 0.00035 degrees","name":"PRIMA DHARMA KARSA","issuer":"GUBERNUR","province":"SULAWESI TENGAH","district":"BANGGAI","permitNumber":"540/637/IUP-OP/PGH/DPMPTSP/2018","permitType":"PT","miningType":"IUP","commodity":"NIKEL","status":"2","validFrom":"2016-08-19","validTo":"2026-08-19","areaHa":938.0,"location":"DESA SIUNA, KEC PAGIMANA, KAB. BANGGAI","sourceRemark":"-","region":"sulawesi"},"geometry":{"type":"Polygon","coordinates":[[[122.95,-0.71944],[122.95,-0.73333],[122.95833,-0.73333],[122.95833,-0.74139],[122.975,-0.74139],[122.975,-0.73889],[123.0,-0.73889],[123.0,-0.725],[122.98333,-0.725],[122.98333,-0.73333],[122.975,-0.73333],[122.975,-0.71944],[122.95,-0.71944]]]}},{"type":"Feature","properties":{"inventoryId":"big-mining-wiup:3384","sector":"Tambang","subtype":"WIUP","quality":"OFFICIAL","sourceDataset":"big-mining-wiup","sourceRecordId":"3384","source":"BIG Kebijakan Satu Peta","sourceUrl":"https://kspservices.big.go.id/satupeta/rest/services/PUBLIK/PERIZINAN_DAN_PERTANAHAN/MapServer/4","retrievedAt":"2026-08-28T06:57:32Z","geometryProcessing":"web display simplification tolerance 0.00035 degrees","name":"PRIMA JAYANTO PERKASA","issuer":"GUBERNUR","province":"GORONTALO","district":"BONE BOLANGO","permitNumber":"57/DPMESDM-TRANS/IUP-OP/VIII/2020","permitType":"PT","miningType":"IUP","commodity":"KERIKIL BERPASIR ALAMI (SIRTU)","status":"2","validFrom":"2020-08-14","validTo":"2025-08-14","areaHa":22.05,"location":"DESA BULONTALA KECAMATAN SUWAWA SELATAN KABUPATEN BONE BOLANGO PROVINSI GORONTALO","sourceRemark":"-","region":"sulawesi"},"geometry":{"type":"Polygon","coordinates":[[[123.12321,0.52425],[123.12321,0.52257],[123.12517,0.52257],[123.12517,0.52405],[123.12979,0.52405],[123.12979,0.52479],[123.1322,0.52479],[123.1322,0.5254],[123.13039,0.5254],[123.12979,0.5264],[123.12634,0.52697],[123.12634,0.52618],[123.12552,0.52618],[123.12552,0.52556],[123.12364,0.52556],[123.12364,0.52425],[123.12321,0.52425]]]}},{"type":"Feature","properties":{"inventoryId":"big-mining-wiup:2584","sector":"Tambang","subtype":"WIUP","quality":"OFFICIAL","sourceDataset":"big-mining-wiup","sourceRecordId":"2584","source":"BIG Kebijakan Satu Peta","sourceUrl":"https://kspservices.big.go.id/satupeta/rest/services/PUBLIK/PERIZINAN_DAN_PERTANAHAN/MapServer/4","retrievedAt":"2026-08-28T06:57:32Z","geometryProcessing":"web display simplification tolerance 0.00035 degrees","name":"PRIMA PASIR NUSANTARA","issuer":"GUBERNUR","province":"SULAWESI TENGAH","district":"MOROWALI UTARA","permitNumber":"540/317/IUP-OP/DPMPTSP/2020","permitType":"PT","miningType":"IUP","commodity":"KERIKIL BERPASIR ALAMI (SIRTU)","status":"2","validFrom":"2020-06-26","validTo":"2025-06-26","areaHa":47.11,"location":"DESA TOMPIRA, KECAMATAN PETASIA TIMUR","sourceRemark":"-","region":"sulawesi"},"geometry":{"type":"Polygon","coordinates":[[[121.41338,-2.06043],[121.41338,-2.06154],[121.4167,-2.06154],[121.4167,-2.05989],[121.42134,-2.05989],[121.42134,-2.06742],[121.42342,-2.06742],[121.42342,-2.0574],[121.41662,-2.0574],[121.41662,-2.05906],[121.41521,-2.05906],[121.41521,-2.06043],[121.41338,-2.06043]]]}},{"type":"Feature","properties":{"inventoryId":"big-mining-wiup:1035","sector":"Tambang","subtype":"WIUP","quality":"OFFICIAL","sourceDataset":"big-mining-wiup","sourceRecordId":"1035","source":"BIG Kebijakan Satu Peta","sourceUrl":"https://kspservices.big.go.id/satupeta/rest/services/PUBLIK/PERIZINAN_DAN_PERTANAHAN/MapServer/4","retrievedAt":"2026-08-28T06:57:32Z","geometryProcessing":"web display simplification tolerance 0.00035 degrees","name":"PRIMASTIAN METAL PRATAMA","issuer":"GUBERNUR","province":"SULAWESI TENGGARA","district":"KONAWE UTARA","permitNumber":"218/DPM-PTSP/III/2018","permitType":"PT","miningType":"IUP","commodity":"NIKEL","status":"2","validFrom":"2018-03-02","validTo":"2031-12-23","areaHa":102.0,"location":"KEC. LASOLO","sourceRemark":"-","region":"sulawesi"},"geometry":{"type":"Polygon","coordinates":[[[122.35854,-3.46054],[122.3661,-3.46057],[122.3661,-3.45325],[122.36352,-3.45325],[122.3634,-3.44087],[122.36221,-3.44086],[122.36227,-3.45019],[122.35854,-3.45019],[122.35854,-3.46054]]]}},{"type":"Feature","properties":{"inventoryId":"big-mining-wiup:1117","sector":"Tambang","subtype":"WIUP","quality":"OFFICIAL","sourceDataset":"big-mining-wiup","sourceRecordId":"1117","source":"BIG Kebijakan Satu Peta","sourceUrl":"https://kspservices.big.go.id/satupeta/rest/services/PUBLIK/PERIZINAN_DAN_PERTANAHAN/MapServer/4","retrievedAt":"2026-08-28T06:57:32Z","geometryProcessing":"web display simplification tolerance 0.00035 degrees","name":"PRITAMA","issuer":"BUPATI","province":"SULAWESI TENGAH","district":"MOROWALI UTARA","permitNumber":"188.4.45/SK.0339/DESDM/2013","permitType":"CV","miningType":"IUP","commodity":"NIKEL","status":"2","validFrom":"2014-12-09","validTo":"2023-11-04","areaHa":199.0,"location":"DESA TAMBALE, MAMOSALATO","sourceRemark":"-","region":"sulawesi"},"geometry":{"type":"Polygon","coordinates":[[[122.04189,-1.59768],[122.03436,-1.59768],[122.03436,-1.61117],[122.03988,-1.61117],[122.03988,-1.61312],[122.0438,-1.61312],[122.0438,-1.61117],[122.04792,-1.61117],[122.04792,-1.60261],[122.04189,-1.60261],[122.04189,-1.59768]]]}},{"type":"Feature","properties":{"inventoryId":"big-mining-wiup:2018","sector":"Tambang","subtype":"WIUP","quality":"OFFICIAL","sourceDataset":"big-mining-wiup","sourceRecordId":"2018","source":"BIG Kebijakan Satu Peta","sourceUrl":"https://kspservices.big.go.id/satupeta/rest/services/PUBLIK/PERIZINAN_DAN_PERTANAHAN/MapServer/4","retrievedAt":"2026-08-28T06:57:32Z","geometryProcessing":"web display simplification tolerance 0.00035 degrees","name":"PRODUSEN UNIT DESA ALAM HARAPAN BARU","issuer":"GUBERNUR","province":"SULAWESI TENGAH","district":"MOROWALI UTARA","permitNumber":"540/388/IUP-E/DPMPTSP/2019","permitType":"KOP","miningType":"IUP","commodity":"BATUAN","status":"1","validFrom":"2019-07-29","validTo":"2022-07-29","areaHa":6.0,"location":"DESA MOROLES, KEC. PETASIA TIMUR","sourceRemark":"-","region":"sulawesi"},"geometry":{"type":"Polygon","coordinates":[[[121.48792,-2.16318],[121.48792,-2.16228],[121.48667,-2.16228],[121.48667,-2.16153],[121.4847,-2.16106],[121.4847,-2.16318],[121.48792,-2.16318]]]}},{"type":"Feature","properties":{"inventoryId":"big-mining-wiup:52","sector":"Tambang","subtype":"WIUP","quality":"OFFICIAL","sourceDataset":"big-mining-wiup","sourceRecordId":"52","source":"BIG Kebijakan Satu Peta","sourceUrl":"https://kspservices.big.go.id/satupeta/rest/services/PUBLIK/PERIZINAN_DAN_PERTANAHAN/MapServer/4","retrievedAt":"2026-08-28T06:57:32Z","geometryProcessing":"web display simplification tolerance 0.00035 degrees","name":"PROSPER ESTU MINING","issuer":"GUBERNUR","province":"SULAWESI TENGGARA","district":"BUTON UTARA","permitNumber":"670/BKPMD-PTSP/XII/2016","permitType":"PT","miningType":"IUP","commodity":"ASPAL","status":"2","validFrom":"2015-04-28","validTo":"2035-04-28","areaHa":198.4,"location":"KEC. KULISUSU, KAB. BUTON UTARA","sourceRemark":"-","region":"sulawesi"},"geometry":{"type":"Polygon","coordinates":[[[123.17446,-4.73614],[123.18381,-4.73614],[123.18381,-4.71802],[123.17525,-4.71802],[123.17525,-4.72201],[123.17461,-4.72235],[123.17461,-4.72304],[123.17724,-4.72304],[123.17724,-4.72494],[123.17473,-4.72494],[123.17473,-4.72581],[123.17644,-4.72628],[123.17644,-4.72728],[123.17589,-4.72728],[123.17589,-4.72813],[123.17528,-4.72812],[123.17528,-4.72921],[123.17446,-4.72921],[123.17446,-4.73614]]]}},{"type":"Feature","properties":{"inventoryId":"big-mining-wiup:112","sector":"Tambang","subtype":"WIUP","quality":"OFFICIAL","sourceDataset":"big-mining-wiup","sourceRecordId":"112","source":"BIG Kebijakan Satu Peta","sourceUrl":"https://kspservices.big.go.id/satupeta/rest/services/PUBLIK/PERIZINAN_DAN_PERTANAHAN/MapServer/4","retrievedAt":"2026-08-28T06:57:32Z","geometryProcessing":"web display simplification tolerance 0.00035 degrees","name":"PUNCAK EMAS TANI SEJAHTERA","issuer":"GUBERNUR","province":"GORONTALO","district":"POHUWATU","permitNumber":"351/17/IX/2015","permitType":"PT","miningType":"IUP","commodity":"EMAS DMP","status":"2","validFrom":"2015-09-04","validTo":"2022-11-23","areaHa":100.0,"location":"DESA HULAWA KEC BUNTULIA KAB P","sourceRemark":"-","region":"sulawesi"},"geometry":{"type":"Polygon","coordinates":[[[122.00229,0.56385],[121.99328,0.56385],[121.99328,0.55531],[122.00229,0.55531],[122.00229,0.56385]]]}},{"type":"Feature","properties":{"inventoryId":"big-mining-wiup:3377","sector":"Tambang","subtype":"WIUP","quality":"OFFICIAL","sourceDataset":"big-mining-wiup","sourceRecordId":"3377","source":"BIG Kebijakan Satu Peta","sourceUrl":"https://kspservices.big.go.id/satupeta/rest/services/PUBLIK/PERIZINAN_DAN_PERTANAHAN/MapServer/4","retrievedAt":"2026-08-28T06:57:32Z","geometryProcessing":"web display simplification tolerance 0.00035 degrees","name":"PURNAMA KARYA NUGRAHA","issuer":"MENTERI","province":"SULAWESI SELATAN","district":"BULUKUMBA","permitNumber":"568/1/IUP/PMDN/2022","permitType":"PT","miningType":"IUP","commodity":"KERIKIL BERPASIR ALAMI (SIRTU)","status":"1","validFrom":"2022-03-24","validTo":"2025-03-24","areaHa":14.84,"location":"DESA ULU LOHE / DESA BATU KAROPA KEC. RILAU ALE KAB. BULUKUMBA PROVINSI SULAWESI SELATAN","sourceRemark":"-","region":"sulawesi"},"geometry":{"type":"Polygon","coordinates":[[[120.19579,-5.4285],[120.19728,-5.42921],[120.19901,-5.42921],[120.20075,-5.42918],[120.20075,-5.42845],[120.19592,-5.42776],[120.19443,-5.42645],[120.19234,-5.42567],[120.18849,-5.42553],[120.18849,-5.42619],[120.19016,-5.42641],[120.19016,-5.42721],[120.19293,-5.42675],[120.19579,-5.4285]]]}},{"type":"Feature","properties":{"inventoryId":"big-mining-wiup:85","sector":"Tambang","subtype":"WIUP","quality":"OFFICIAL","sourceDataset":"big-mining-wiup","sourceRecordId":"85","source":"BIG Kebijakan Satu Peta","sourceUrl":"https://kspservices.big.go.id/satupeta/rest/services/PUBLIK/PERIZINAN_DAN_PERTANAHAN/MapServer/4","retrievedAt":"2026-08-28T06:57:32Z","geometryProcessing":"web display simplification tolerance 0.00035 degrees","name":"PUTINDO BINTECH","issuer":"BUPATI","province":"SULAWESI TENGGARA","district":"BUTON","permitNumber":"1123 TAHUN 2009","permitType":"PT","miningType":"IUP","commodity":"ASPAL","status":"2","validFrom":"2006-04-03","validTo":"2026-04-03","areaHa":142.0,"location":"KEC. PASARWAJO","sourceRemark":"-","region":"sulawesi"},"geometry":{"type":"Polygon","coordinates":[[[122.86833,-5.38917],[122.86833,-5.39083],[122.87278,-5.39111],[122.87278,-5.39167],[122.87389,-5.39167],[122.87389,-5.39222],[122.87528,-5.39222],[122.87528,-5.39278],[122.87722,-5.39278],[122.87722,-5.39333],[122.87889,-5.39333],[122.87889,-5.39389],[122.88194,-5.39417],[122.88194,-5.39333],[122.88333,-5.39306],[122.88333,-5.39222],[122.88528,-5.39167],[122.88528,-5.39083],[122.88778,-5.39056],[122.88778,-5.39],[122.89,-5.38944],[122.89,-5.38389],[122.88444,-5.38389],[122.88389,-5.38417],[122.88389,-5.385],[122.88278,-5.385],[122.88278,-5.38583],[122.88167,-5.38583],[122.88167,-5.38639],[122.88056,-5.38639],[122.88056,-5.38694],[122.87639,-5.38722],[122.87639,-5.38806],[122.87333,-5.38806],[122.87333,-5.38917],[122.86833,-5.38917]]]}},{"type":"Feature","properties":{"inventoryId":"big-mining-wiup:1785","sector":"Tambang","subtype":"WIUP","quality":"OFFICIAL","sourceDataset":"big-mining-wiup","sourceRecordId":"1785","source":"BIG Kebijakan Satu Peta","sourceUrl":"https://kspservices.big.go.id/satupeta/rest/services/PUBLIK/PERIZINAN_DAN_PERTANAHAN/MapServer/4","retrievedAt":"2026-08-28T06:57:32Z","geometryProcessing":"web display simplification tolerance 0.00035 degrees","name":"PUTINDO BUANA JAYA","issuer":"GUBERNUR","province":"SULAWESI TENGGARA","district":"BUTON","permitNumber":"596/DPM-PTSP/VI/2017","permitType":"PT","miningType":"IUP","commodity":"ASPAL","status":"2","validFrom":"2013-12-19","validTo":"2031-12-19","areaHa":1383.29,"location":"KEC. PASARWAJO","sourceRemark":"-","region":"sulawesi"},"geometry":{"type":"Polygon","coordinates":[[[122.92522,-5.3748],[122.9418,-5.3748],[122.9418,-5.33907],[122.9501,-5.33906],[122.95009,-5.32351],[122.9168,-5.32351],[122.91679,-5.3414],[122.92521,-5.3414],[122.92522,-5.3748]]]}},{"type":"Feature","properties":{"inventoryId":"big-mining-wiup:241","sector":"Tambang","subtype":"WIUP","quality":"OFFICIAL","sourceDataset":"big-mining-wiup","sourceRecordId":"241","source":"BIG Kebijakan Satu Peta","sourceUrl":"https://kspservices.big.go.id/satupeta/rest/services/PUBLIK/PERIZINAN_DAN_PERTANAHAN/MapServer/4","retrievedAt":"2026-08-28T06:57:32Z","geometryProcessing":"web display simplification tolerance 0.00035 degrees","name":"PUTINDO CIPTA JAYA","issuer":"GUBERNUR","province":"SULAWESI TENGGARA","district":"BUTON","permitNumber":"593/DPM-PTSP/VI/2017","permitType":"PT","miningType":"IUP","commodity":"ASPAL","status":"2","validFrom":"2017-06-14","validTo":"2029-12-31","areaHa":1000.0,"location":"KEC. LASALIMU, BUTON","sourceRemark":"-","region":"sulawesi"},"geometry":{"type":"Polygon","coordinates":[[[123.05001,-5.18996],[123.05001,-5.17501],[123.06244,-5.17501],[123.06246,-5.16676],[123.05407,-5.16673],[123.05407,-5.15806],[123.03607,-5.15806],[123.03603,-5.15004],[123.01823,-5.15006],[123.01823,-5.15667],[123.00833,-5.15667],[123.00833,-5.16615],[123.02835,-5.16615],[123.02835,-5.1686],[123.0418,-5.1686],[123.0418,-5.1704],[123.04412,-5.1704],[123.04412,-5.18996],[123.05001,-5.18996]]]}},{"type":"Feature","properties":{"inventoryId":"big-mining-wiup:4285","sector":"Tambang","subtype":"WIUP","quality":"OFFICIAL","sourceDataset":"big-mining-wiup","sourceRecordId":"4285","source":"BIG Kebijakan Satu Peta","sourceUrl":"https://kspservices.big.go.id/satupeta/rest/services/PUBLIK/PERIZINAN_DAN_PERTANAHAN/MapServer/4","retrievedAt":"2026-08-28T06:57:32Z","geometryProcessing":"web display simplification tolerance 0.00035 degrees","name":"PUTRA BALINDO UTAMA","issuer":"GUBERNUR","province":"SULAWESI TENGAH","district":"DONGGALA","permitNumber":"540/514/IUP-E/DMPTSP/2020","permitType":"PT","miningType":"IUP","commodity":"BATU GUNUNG QUARRY BESAR","status":"1","validFrom":"2020-10-26","validTo":"2023-10-26","areaHa":39.0,"location":"SULAWESI TENGAH","sourceRemark":"-","region":"sulawesi"},"geometry":{"type":"Polygon","coordinates":[[[119.76035,-0.08851],[119.76035,-0.08661],[119.76189,-0.08661],[119.76189,-0.08205],[119.764,-0.08205],[119.764,-0.08137],[119.76529,-0.08137],[119.76529,-0.08058],[119.76203,-0.08058],[119.76203,-0.07975],[119.76004,-0.07975],[119.76004,-0.08124],[119.7571,-0.08176],[119.7571,-0.08331],[119.75784,-0.08385],[119.75735,-0.08556],[119.75889,-0.08556],[119.75889,-0.08851],[119.76035,-0.08851]]]}},{"type":"Feature","properties":{"inventoryId":"big-mining-wiup:900","sector":"Tambang","subtype":"WIUP","quality":"OFFICIAL","sourceDataset":"big-mining-wiup","sourceRecordId":"900","source":"BIG Kebijakan Satu Peta","sourceUrl":"https://kspservices.big.go.id/satupeta/rest/services/PUBLIK/PERIZINAN_DAN_PERTANAHAN/MapServer/4","retrievedAt":"2026-08-28T06:57:32Z","geometryProcessing":"web display simplification tolerance 0.00035 degrees","name":"PUTRA DERMAWAN PRATAMA","issuer":"GUBERNUR","province":"SULAWESI TENGGARA","district":"KOLAKA UTARA","permitNumber":"247/DPMPTSP/V/2020","permitType":"PT","miningType":"IUP","commodity":"NIKEL","status":"2","validFrom":"2011-07-04","validTo":"2026-06-04","areaHa":100.0,"location":"DESA SULAHO, KEC. LASUSUA, KAB. KOLAKA UTARA, SULAWESI TENGGARA","sourceRemark":"-","region":"sulawesi"},"geometry":{"type":"Polygon","coordinates":[[[120.94481,-3.62702],[120.95892,-3.62702],[120.95892,-3.62157],[120.94481,-3.62157],[120.94481,-3.62702]]]}},{"type":"Feature","properties":{"inventoryId":"big-mining-wiup:1983","sector":"Tambang","subtype":"WIUP","quality":"OFFICIAL","sourceDataset":"big-mining-wiup","sourceRecordId":"1983","source":"BIG Kebijakan Satu Peta","sourceUrl":"https://kspservices.big.go.id/satupeta/rest/services/PUBLIK/PERIZINAN_DAN_PERTANAHAN/MapServer/4","retrievedAt":"2026-08-28T06:57:32Z","geometryProcessing":"web display simplification tolerance 0.00035 degrees","name":"PUTRA ELAN BALINDO","issuer":"MENTERI","province":"SULAWESI TENGAH","district":"KOTA PALU","permitNumber":"1501/1/IUP/PMDN/2021","permitType":"PT","miningType":"IUP","commodity":"BATU GUNUNG QUARRY BESAR","status":"2","validFrom":"2021-11-17","validTo":"2027-01-09","areaHa":17.86,"location":"WATUSAMPU, KOTA PALU","sourceRemark":"-","region":"sulawesi"},"geometry":{"type":"Polygon","coordinates":[[[119.81014,-0.827],[119.8095,-0.82722],[119.80931,-0.82622],[119.80874,-0.82614],[119.8065,-0.82731],[119.80528,-0.82731],[119.80562,-0.82831],[119.8046,-0.8299],[119.80316,-0.82994],[119.80281,-0.83045],[119.80325,-0.83116],[119.80706,-0.83029],[119.80714,-0.82923],[119.80989,-0.828],[119.81014,-0.827]]]}},{"type":"Feature","properties":{"inventoryId":"big-mining-wiup:3457","sector":"Tambang","subtype":"WIUP","quality":"OFFICIAL","sourceDataset":"big-mining-wiup","sourceRecordId":"3457","source":"BIG Kebijakan Satu Peta","sourceUrl":"https://kspservices.big.go.id/satupeta/rest/services/PUBLIK/PERIZINAN_DAN_PERTANAHAN/MapServer/4","retrievedAt":"2026-08-28T06:57:32Z","geometryProcessing":"web display simplification tolerance 0.00035 degrees","name":"PUTRA HAMID MALLOGILONGI","issuer":"GUBERNUR","province":"SULAWESI SELATAN","district":"BARRU","permitNumber":"89/I.02/PTSP/2020","permitType":"PT","miningType":"IUP","commodity":"BATU GUNUNG QUARRY BESAR","status":"1","validFrom":"2020-12-10","validTo":"2022-12-09","areaHa":30.07,"location":"KEL. BOJO BARU, KAB. BARRU, PROV. SULAWESI SELATAN","sourceRemark":"-","region":"sulawesi"},"geometry":{"type":"Polygon","coordinates":[[[119.63013,-4.06958],[119.62869,-4.06958],[119.62869,-4.07315],[119.62719,-4.07315],[119.62719,-4.07279],[119.62507,-4.07279],[119.62507,-4.07107],[119.62783,-4.07107],[119.62783,-4.07046],[119.62542,-4.06888],[119.6239,-4.06888],[119.6239,-4.07023],[119.62298,-4.071],[119.62298,-4.07246],[119.62346,-4.07246],[119.62346,-4.0732],[119.62781,-4.0732],[119.62781,-4.07394],[119.62869,-4.07394],[119.62869,-4.07532],[119.63346,-4.07532],[119.63346,-4.07394],[119.63013,-4.0745],[119.63013,-4.06958]]]}},{"type":"Feature","properties":{"inventoryId":"big-mining-wiup:907","sector":"Tambang","subtype":"WIUP","quality":"OFFICIAL","sourceDataset":"big-mining-wiup","sourceRecordId":"907","source":"BIG Kebijakan Satu Peta","sourceUrl":"https://kspservices.big.go.id/satupeta/rest/services/PUBLIK/PERIZINAN_DAN_PERTANAHAN/MapServer/4","retrievedAt":"2026-08-28T06:57:32Z","geometryProcessing":"web display simplification tolerance 0.00035 degrees","name":"PUTRA INTISULTRA PERKASA","issuer":"GUBERNUR","province":"SULAWESI TENGGARA","district":"KONAWE UTARA","permitNumber":"70/DPMPTSP/II/2019","permitType":"PT","miningType":"IUP","commodity":"NIKEL","status":"2","validFrom":"2011-12-23","validTo":"2031-12-23","areaHa":261.0,"location":"KEC. LASOLO","sourceRemark":"-","region":"sulawesi"},"geometry":{"type":"Polygon","coordinates":[[[122.3197,-3.4078],[122.31964,-3.41069],[122.32455,-3.41069],[122.32459,-3.41479],[122.32007,-3.41479],[122.32007,-3.41885],[122.31831,-3.41885],[122.31831,-3.42492],[122.33127,-3.42493],[122.33127,-3.41914],[122.33363,-3.41914],[122.33363,-3.4078],[122.3197,-3.4078]]]}},{"type":"Feature","properties":{"inventoryId":"big-mining-wiup:1036","sector":"Tambang","subtype":"WIUP","quality":"OFFICIAL","sourceDataset":"big-mining-wiup","sourceRecordId":"1036","source":"BIG Kebijakan Satu Peta","sourceUrl":"https://kspservices.big.go.id/satupeta/rest/services/PUBLIK/PERIZINAN_DAN_PERTANAHAN/MapServer/4","retrievedAt":"2026-08-28T06:57:32Z","geometryProcessing":"web display simplification tolerance 0.00035 degrees","name":"PUTRA KENDARI SEJAHTERA","issuer":"GUBERNUR","province":"SULAWESI TENGGARA","district":"KONAWE UTARA","permitNumber":"322/DPMPTSP/V/2019","permitType":"PT","miningType":"IUP","commodity":"NIKEL","status":"2","validFrom":"2011-07-27","validTo":"2031-07-27","areaHa":218.0,"location":"KEC. LANGGIKIMA","sourceRemark":"-","region":"sulawesi"},"geometry":{"type":"Polygon","coordinates":[[[122.37472,-3.38352],[122.36964,-3.38352],[122.36972,-3.40234],[122.38605,-3.40238],[122.38605,-3.40019],[122.38157,-3.40012],[122.38163,-3.39189],[122.37473,-3.39191],[122.37472,-3.38352]]]}},{"type":"Feature","properties":{"inventoryId":"big-mining-wiup:134","sector":"Tambang","subtype":"WIUP","quality":"OFFICIAL","sourceDataset":"big-mining-wiup","sourceRecordId":"134","source":"BIG Kebijakan Satu Peta","sourceUrl":"https://kspservices.big.go.id/satupeta/rest/services/PUBLIK/PERIZINAN_DAN_PERTANAHAN/MapServer/4","retrievedAt":"2026-08-28T06:57:32Z","geometryProcessing":"web display simplification tolerance 0.00035 degrees","name":"PUTRA KONAWE UTAMA","issuer":"GUBERNUR","province":"SULAWESI TENGGARA","district":"KONAWE UTARA","permitNumber":"1107/DPM-PTPSP/XII/2018","permitType":"PT","miningType":"IUP","commodity":"NIKEL","status":"2","validFrom":"2011-08-23","validTo":"2031-08-23","areaHa":4845.0,"location":"KEC.WIWIRANO","sourceRemark":"-","region":"sulawesi"},"geometry":{"type":"Polygon","coordinates":[[[122.21636,-3.16667],[122.21636,-3.13333],[122.19324,-3.13333],[122.19324,-3.10321],[122.15665,-3.10321],[122.15667,-3.14722],[122.18422,-3.14722],[122.18422,-3.20401],[122.17222,-3.20401],[122.17222,-3.23769],[122.2,-3.23771],[122.2,-3.23333],[122.18309,-3.23333],[122.18309,-3.21649],[122.19138,-3.21649],[122.19138,-3.19961],[122.2,-3.19961],[122.2,-3.18333],[122.20833,-3.18333],[122.20833,-3.175],[122.225,-3.175],[122.225,-3.16667],[122.21636,-3.16667]]]}},{"type":"Feature","properties":{"inventoryId":"big-mining-wiup:1951","sector":"Tambang","subtype":"WIUP","quality":"OFFICIAL","sourceDataset":"big-mining-wiup","sourceRecordId":"1951","source":"BIG Kebijakan Satu Peta","sourceUrl":"https://kspservices.big.go.id/satupeta/rest/services/PUBLIK/PERIZINAN_DAN_PERTANAHAN/MapServer/4","retrievedAt":"2026-08-28T06:57:32Z","geometryProcessing":"web display simplification tolerance 0.00035 degrees","name":"PUTRA LEBAK PERKASA","issuer":"GUBERNUR","province":"SULAWESI TENGAH","district":"BUOL","permitNumber":"540/063/IUP-OP/DPMPTSP/2018","permitType":"PT","miningType":"IUP","commodity":"BATUAN","status":"2","validFrom":"2018-02-05","validTo":"2023-02-05","areaHa":5.0,"location":"LABUTON, GADUNG, BUOL","sourceRemark":"-","region":"sulawesi"},"geometry":{"type":"Polygon","coordinates":[[[121.72862,1.05118],[121.72753,1.05118],[121.72753,1.05081],[121.72908,1.04949],[121.72915,1.04749],[121.7299,1.04673],[121.73104,1.04673],[121.73104,1.04739],[121.7298,1.04764],[121.7297,1.04981],[121.72862,1.05118]]]}},{"type":"Feature","properties":{"inventoryId":"big-mining-wiup:403","sector":"Tambang","subtype":"WIUP","quality":"OFFICIAL","sourceDataset":"big-mining-wiup","sourceRecordId":"403","source":"BIG Kebijakan Satu Peta","sourceUrl":"https://kspservices.big.go.id/satupeta/rest/services/PUBLIK/PERIZINAN_DAN_PERTANAHAN/MapServer/4","retrievedAt":"2026-08-28T06:57:32Z","geometryProcessing":"web display simplification tolerance 0.00035 degrees","name":"PUTRA MEKONGGA SEJAHTERA","issuer":"GUBERNUR","province":"SULAWESI TENGGARA","district":"KOLAKA","permitNumber":"682/DPM-PTSP/VIII/2017","permitType":"PT","miningType":"IUP","commodity":"NIKEL","status":"2","validFrom":"2017-08-07","validTo":"2028-05-21","areaHa":388.0,"location":"KEC. POMALAA, KAB. KOLAKA","sourceRemark":"-","region":"sulawesi"},"geometry":{"type":"Polygon","coordinates":[[[121.63572,-4.20567],[121.62947,-4.22167],[121.62911,-4.22761],[121.62639,-4.22761],[121.62639,-4.23477],[121.6237,-4.23477],[121.6237,-4.2422],[121.62528,-4.2422],[121.62528,-4.24355],[121.6285,-4.24355],[121.6285,-4.24486],[121.62978,-4.24486],[121.62978,-4.24153],[121.63247,-4.24153],[121.63247,-4.23436],[121.63519,-4.23436],[121.63519,-4.22719],[121.63789,-4.22719],[121.63789,-4.22],[121.64061,-4.22],[121.64061,-4.21283],[121.64331,-4.21283],[121.64331,-4.20808],[121.64067,-4.20808],[121.64067,-4.20686],[121.63767,-4.20686],[121.63767,-4.20567],[121.63572,-4.20567]]]}},{"type":"Feature","properties":{"inventoryId":"big-mining-wiup:2195","sector":"Tambang","subtype":"WIUP","quality":"OFFICIAL","sourceDataset":"big-mining-wiup","sourceRecordId":"2195","source":"BIG Kebijakan Satu Peta","sourceUrl":"https://kspservices.big.go.id/satupeta/rest/services/PUBLIK/PERIZINAN_DAN_PERTANAHAN/MapServer/4","retrievedAt":"2026-08-28T06:57:32Z","geometryProcessing":"web display simplification tolerance 0.00035 degrees","name":"PUTRA PUTRI WINATA","issuer":"GUBERNUR","province":"SULAWESI TENGAH","district":"KOTA PALU","permitNumber":"540/644/IUP-OP/DPMPTSP/2019","permitType":"PT","miningType":"IUP","commodity":"BATU GUNUNG QUARRY BESAR","status":"2","validFrom":"2019-11-27","validTo":"2024-11-27","areaHa":6.35,"location":"-","sourceRemark":"-","region":"sulawesi"},"geometry":{"type":"Polygon","coordinates":[[[119.80292,-0.81421],[119.80247,-0.81281],[119.79919,-0.81404],[119.80076,-0.81509],[119.80292,-0.81421]]]}},{"type":"Feature","properties":{"inventoryId":"big-mining-wiup:3886","sector":"Tambang","subtype":"WIUP","quality":"OFFICIAL","sourceDataset":"big-mining-wiup","sourceRecordId":"3886","source":"BIG Kebijakan Satu Peta","sourceUrl":"https://kspservices.big.go.id/satupeta/rest/services/PUBLIK/PERIZINAN_DAN_PERTANAHAN/MapServer/4","retrievedAt":"2026-08-28T06:57:32Z","geometryProcessing":"web display simplification tolerance 0.00035 degrees","name":"PUTRA PUTRI WINATA INDONESIA","issuer":"GUBERNUR","province":"SULAWESI TENGAH","district":"KOTA PALU","permitNumber":"540/598/IUP-OP/P/DPMPTSP/2020","permitType":"PT","miningType":"IUP","commodity":"BATU GUNUNG QUARRY BESAR","status":"2","validFrom":"2020-12-10","validTo":"2025-12-10","areaHa":11.68,"location":"Kel. Watusampu, Kec. Ulujadi, Kab.","sourceRemark":"-","region":"sulawesi"},"geometry":{"type":"Polygon","coordinates":[[[119.79764,-0.81842],[119.7967,-0.82089],[119.7955,-0.82089],[119.7957,-0.82311],[119.7967,-0.82189],[119.79806,-0.82184],[119.80006,-0.81865],[119.79764,-0.81842]]]}},{"type":"Feature","properties":{"inventoryId":"big-mining-wiup:4560","sector":"Tambang","subtype":"WIUP","quality":"OFFICIAL","sourceDataset":"big-mining-wiup","sourceRecordId":"4560","source":"BIG Kebijakan Satu Peta","sourceUrl":"https://kspservices.big.go.id/satupeta/rest/services/PUBLIK/PERIZINAN_DAN_PERTANAHAN/MapServer/4","retrievedAt":"2026-08-28T06:57:32Z","geometryProcessing":"web display simplification tolerance 0.00035 degrees","name":"PUTRA UTAMA","issuer":"GUBERNUR","province":"SULAWESI TENGAH","district":"MOROWALI UTARA","permitNumber":"540/470/IUP-OP/DPMPTSP/2020","permitType":"CV","miningType":"IUP","commodity":"BATU GUNUNG QUARRY BESAR","status":"2","validFrom":"2020-09-22","validTo":"2025-09-22","areaHa":47.54,"location":"DESA BUNTA KECAMATAN PETASIA","sourceRemark":"-","region":"sulawesi"},"geometry":{"type":"Polygon","coordinates":[[[121.35821,-2.02724],[121.36001,-2.02724],[121.36001,-2.02995],[121.369,-2.02995],[121.369,-2.02734],[121.36639,-2.02734],[121.36639,-2.02543],[121.35821,-2.02543],[121.35821,-2.02724]]]}},{"type":"Feature","properties":{"inventoryId":"big-mining-wiup:3924","sector":"Tambang","subtype":"WIUP","quality":"OFFICIAL","sourceDataset":"big-mining-wiup","sourceRecordId":"3924","source":"BIG Kebijakan Satu Peta","sourceUrl":"https://kspservices.big.go.id/satupeta/rest/services/PUBLIK/PERIZINAN_DAN_PERTANAHAN/MapServer/4","retrievedAt":"2026-08-28T06:57:32Z","geometryProcessing":"web display simplification tolerance 0.00035 degrees","name":"QINAN DZAKI UTAMA","issuer":"MENTERI","province":"SULAWESI TENGAH","district":"MOROWALI UTARA","permitNumber":"970/1/IUP/PMDN/2021","permitType":"CV","miningType":"IUP","commodity":"KERIKIL BERPASIR ALAMI (SIRTU)","status":"1","validFrom":"2021-09-21","validTo":"2024-09-21","areaHa":30.15,"location":"KECAMATAN PETASIA TIMUR, KABUPATEN MOROWALI UTARA, PROVINSI SULAWESI TENGAH","sourceRemark":"-","region":"sulawesi"},"geometry":{"type":"Polygon","coordinates":[[[121.46343,-2.06807],[121.46398,-2.06886],[121.46596,-2.06886],[121.46596,-2.06781],[121.46684,-2.06781],[121.46684,-2.06696],[121.46767,-2.06696],[121.46767,-2.06614],[121.4686,-2.06614],[121.4739,-2.05975],[121.4739,-2.05888],[121.47274,-2.05839],[121.47274,-2.05909],[121.47227,-2.05909],[121.47227,-2.05982],[121.47162,-2.05982],[121.47118,-2.06108],[121.47015,-2.06141],[121.46343,-2.06807]]]}},{"type":"Feature","properties":{"inventoryId":"big-mining-wiup:1952","sector":"Tambang","subtype":"WIUP","quality":"OFFICIAL","sourceDataset":"big-mining-wiup","sourceRecordId":"1952","source":"BIG Kebijakan Satu Peta","sourceUrl":"https://kspservices.big.go.id/satupeta/rest/services/PUBLIK/PERIZINAN_DAN_PERTANAHAN/MapServer/4","retrievedAt":"2026-08-28T06:57:32Z","geometryProcessing":"web display simplification tolerance 0.00035 degrees","name":"RAFE MANDIRI PERKASA","issuer":"GUBERNUR","province":"SULAWESI TENGAH","district":"BUOL","permitNumber":"540/061/IUP-OP/DPMPTSP/2018","permitType":"PT","miningType":"IUP","commodity":"BATUAN","status":"2","validFrom":"2018-02-05","validTo":"2023-02-05","areaHa":7.42,"location":"BODI, PALELEH BARAT, BUOL","sourceRemark":"-","region":"sulawesi"},"geometry":{"type":"Polygon","coordinates":[[[121.77004,1.05779],[121.76825,1.05779],[121.76825,1.05684],[121.76709,1.05684],[121.76709,1.05534],[121.76906,1.05534],[121.77027,1.05598],[121.77004,1.05779]]]}},{"type":"Feature","properties":{"inventoryId":"big-mining-wiup:3633","sector":"Tambang","subtype":"WIUP","quality":"OFFICIAL","sourceDataset":"big-mining-wiup","sourceRecordId":"3633","source":"BIG Kebijakan Satu Peta","sourceUrl":"https://kspservices.big.go.id/satupeta/rest/services/PUBLIK/PERIZINAN_DAN_PERTANAHAN/MapServer/4","retrievedAt":"2026-08-28T06:57:32Z","geometryProcessing":"web display simplification tolerance 0.00035 degrees","name":"RAHMAH NING","issuer":"MENTERI","province":"SULAWESI SELATAN","district":"BONE","permitNumber":"1485/1/IUP/PMDN/2021","permitType":"CV","miningType":"IUP","commodity":"BATU GAMPING","status":"1","validFrom":"2021-11-15","validTo":"2024-11-15","areaHa":23.38,"location":"MASUMPU, DESA MASSENRENGPULU, KECAMATAN LAMURU, KABUPATEN BONE, PROVINSI SULAWESI SELATAN","sourceRemark":"-","region":"sulawesi"},"geometry":{"type":"Polygon","coordinates":[[[119.94518,-4.63592],[119.94467,-4.6388],[119.94544,-4.6388],[119.94544,-4.63987],[119.94692,-4.63997],[119.94714,-4.64134],[119.9476,-4.6415],[119.94969,-4.64063],[119.94981,-4.63936],[119.94853,-4.63854],[119.94853,-4.63563],[119.94785,-4.63479],[119.94723,-4.63604],[119.94518,-4.63592]]]}},{"type":"Feature","properties":{"inventoryId":"big-mining-wiup:2110","sector":"Tambang","subtype":"WIUP","quality":"OFFICIAL","sourceDataset":"big-mining-wiup","sourceRecordId":"2110","source":"BIG Kebijakan Satu Peta","sourceUrl":"https://kspservices.big.go.id/satupeta/rest/services/PUBLIK/PERIZINAN_DAN_PERTANAHAN/MapServer/4","retrievedAt":"2026-08-28T06:57:32Z","geometryProcessing":"web display simplification tolerance 0.00035 degrees","name":"RAIHAN CATUR PUTRA","issuer":"GUBERNUR","province":"SULAWESI TENGAH","district":"MOROWALI","permitNumber":"540/679/IUP-OP/DPMPTSP/2018","permitType":"PT","miningType":"IUP","commodity":"NIKEL DMP","status":"2","validFrom":"2018-12-13","validTo":"2035-12-13","areaHa":688.0,"location":"DESA TORETE KEC. BUNGKU PESISIR, KAB. MOROWALI","sourceRemark":"-","region":"sulawesi"},"geometry":{"type":"Polygon","coordinates":[[[122.22075,-2.97784],[122.22076,-2.97568],[122.21716,-2.97568],[122.21716,-2.95777],[122.18941,-2.95777],[122.18941,-2.97639],[122.19438,-2.97639],[122.19438,-2.97784],[122.22075,-2.97784]]]}},{"type":"Feature","properties":{"inventoryId":"big-mining-wiup:2325","sector":"Tambang","subtype":"WIUP","quality":"OFFICIAL","sourceDataset":"big-mining-wiup","sourceRecordId":"2325","source":"BIG Kebijakan Satu Peta","sourceUrl":"https://kspservices.big.go.id/satupeta/rest/services/PUBLIK/PERIZINAN_DAN_PERTANAHAN/MapServer/4","retrievedAt":"2026-08-28T06:57:32Z","geometryProcessing":"web display simplification tolerance 0.00035 degrees","name":"RAKSA KARYA MOROWALI","issuer":"GUBERNUR","province":"SULAWESI TENGAH","district":"MOROWALI UTARA","permitNumber":"540/109/IUP-E/DPMPTSP/2020","permitType":"PT","miningType":"IUP","commodity":"BATU GAMPING","status":"1","validFrom":"2020-02-06","validTo":"2023-02-06","areaHa":110.8,"location":"KEC. PETASIA TIMUR","sourceRemark":"-","region":"sulawesi"},"geometry":{"type":"Polygon","coordinates":[[[121.4486,-2.00221],[121.46561,-2.00221],[121.46561,-2.00043],[121.46513,-2.00043],[121.46513,-1.99932],[121.46391,-1.99932],[121.46391,-2.00042],[121.45227,-2.00042],[121.45227,-2.00178],[121.44599,-2.00178],[121.44599,-2.01492],[121.44874,-2.01492],[121.44874,-2.01963],[121.45287,-2.01963],[121.45287,-2.01266],[121.4486,-2.01266],[121.4486,-2.00221]]]}},{"type":"Feature","properties":{"inventoryId":"big-mining-wiup:4423","sector":"Tambang","subtype":"WIUP","quality":"OFFICIAL","sourceDataset":"big-mining-wiup","sourceRecordId":"4423","source":"BIG Kebijakan Satu Peta","sourceUrl":"https://kspservices.big.go.id/satupeta/rest/services/PUBLIK/PERIZINAN_DAN_PERTANAHAN/MapServer/4","retrievedAt":"2026-08-28T06:57:32Z","geometryProcessing":"web display simplification tolerance 0.00035 degrees","name":"RAMA NUR REZKY","issuer":"GUBERNUR","province":"SULAWESI SELATAN","district":"TAKALAR","permitNumber":"146/1.01/PTSP/2019","permitType":"PT","miningType":"IUP","commodity":"PASIR LAUT","status":"1","validFrom":"2019-12-11","validTo":"2022-12-11","areaHa":725.51,"location":"PERAIRAN TAKALAR SULAWESI SELATAN","sourceRemark":"-","region":"sulawesi"},"geometry":{"type":"Polygon","coordinates":[[[119.06142,-5.26191],[119.0723,-5.26191],[119.0723,-5.2506],[119.08451,-5.2506],[119.08451,-5.26979],[119.09384,-5.26979],[119.09384,-5.28429],[119.09662,-5.28429],[119.09662,-5.25397],[119.09767,-5.25397],[119.09767,-5.23768],[119.09514,-5.23768],[119.09514,-5.246],[119.06142,-5.246],[119.06142,-5.26191]]]}},{"type":"Feature","properties":{"inventoryId":"big-mining-wiup:3454","sector":"Tambang","subtype":"WIUP","quality":"OFFICIAL","sourceDataset":"big-mining-wiup","sourceRecordId":"3454","source":"BIG Kebijakan Satu Peta","sourceUrl":"https://kspservices.big.go.id/satupeta/rest/services/PUBLIK/PERIZINAN_DAN_PERTANAHAN/MapServer/4","retrievedAt":"2026-08-28T06:57:32Z","geometryProcessing":"web display simplification tolerance 0.00035 degrees","name":"RAODAH BUMI SULTRA","issuer":"GUBERNUR","province":"SULAWESI TENGGARA","district":"KONAWE UTARA","permitNumber":"736/DPMPTSP/XII/2020","permitType":"PT","miningType":"IUP","commodity":"NIKEL","status":"2","validFrom":"2016-12-21","validTo":"2036-12-20","areaHa":1699.0,"location":"KEC. LANGGIKIMA","sourceRemark":"-","region":"sulawesi"},"geometry":{"type":"Polygon","coordinates":[[[122.28167,-3.16932],[122.28167,-3.16581],[122.27667,-3.16581],[122.27667,-3.15933],[122.25114,-3.15933],[122.25114,-3.19827],[122.29278,-3.19827],[122.29278,-3.18469],[122.28831,-3.18469],[122.28831,-3.17857],[122.28735,-3.17857],[122.28735,-3.17569],[122.28562,-3.17569],[122.28559,-3.17411],[122.28277,-3.17411],[122.28278,-3.16932],[122.28167,-3.16932]]]}},{"type":"Feature","properties":{"inventoryId":"big-mining-wiup:50","sector":"Tambang","subtype":"WIUP","quality":"OFFICIAL","sourceDataset":"big-mining-wiup","sourceRecordId":"50","source":"BIG Kebijakan Satu Peta","sourceUrl":"https://kspservices.big.go.id/satupeta/rest/services/PUBLIK/PERIZINAN_DAN_PERTANAHAN/MapServer/4","retrievedAt":"2026-08-28T06:57:32Z","geometryProcessing":"web display simplification tolerance 0.00035 degrees","name":"RATOK MINING","issuer":"GUBERNUR","province":"SULAWESI UTARA","district":"MINAHASA TENGGARA","permitNumber":"313 TAHUN 2015","permitType":"PT","miningType":"IUP","commodity":"EMAS","status":"2","validFrom":"2015-12-14","validTo":"2025-12-14","areaHa":81.2,"location":"DESA RATATOTOK 1","sourceRemark":"-","region":"sulawesi"},"geometry":{"type":"Polygon","coordinates":[[[124.6724,0.90388],[124.6724,0.9069],[124.6744,0.9069],[124.6744,0.9077],[124.678,0.9077],[124.678,0.9084],[124.67989,0.9084],[124.67989,0.9135],[124.67878,0.9135],[124.67878,0.91624],[124.67727,0.91624],[124.67727,0.91844],[124.67593,0.91844],[124.67593,0.91452],[124.6767,0.91452],[124.6767,0.91281],[124.67361,0.91281],[124.67361,0.91228],[124.67219,0.91228],[124.67219,0.91111],[124.67027,0.91111],[124.67027,0.90388],[124.6724,0.90388]]]}},{"type":"Feature","properties":{"inventoryId":"big-mining-wiup:3435","sector":"Tambang","subtype":"WIUP","quality":"OFFICIAL","sourceDataset":"big-mining-wiup","sourceRecordId":"3435","source":"BIG Kebijakan Satu Peta","sourceUrl":"https://kspservices.big.go.id/satupeta/rest/services/PUBLIK/PERIZINAN_DAN_PERTANAHAN/MapServer/4","retrievedAt":"2026-08-28T06:57:32Z","geometryProcessing":"web display simplification tolerance 0.00035 degrees","name":"REZKI BERSAMA","issuer":"MENTERI","province":"SULAWESI SELATAN","district":"BARRU","permitNumber":"107/1/IUP/PMDN/2022","permitType":"CV","miningType":"IUP","commodity":"TRASS","status":"1","validFrom":"2022-01-20","validTo":"2025-01-20","areaHa":17.43,"location":"DESA KUPA, KEC. MALLUSETASI, KAB. BARRU","sourceRemark":"-","region":"sulawesi"},"geometry":{"type":"Polygon","coordinates":[[[119.62127,-4.11964],[119.62238,-4.11765],[119.62382,-4.11662],[119.62799,-4.1166],[119.62745,-4.11612],[119.62745,-4.11488],[119.6268,-4.11455],[119.6268,-4.11521],[119.6263,-4.11521],[119.62565,-4.11388],[119.6244,-4.11359],[119.62398,-4.11282],[119.62303,-4.11282],[119.62385,-4.11382],[119.62385,-4.11561],[119.62237,-4.11574],[119.62201,-4.11722],[119.62095,-4.11751],[119.62127,-4.11964]]]}},{"type":"Feature","properties":{"inventoryId":"big-mining-wiup:4153","sector":"Tambang","subtype":"WIUP","quality":"OFFICIAL","sourceDataset":"big-mining-wiup","sourceRecordId":"4153","source":"BIG Kebijakan Satu Peta","sourceUrl":"https://kspservices.big.go.id/satupeta/rest/services/PUBLIK/PERIZINAN_DAN_PERTANAHAN/MapServer/4","retrievedAt":"2026-08-28T06:57:32Z","geometryProcessing":"web display simplification tolerance 0.00035 degrees","name":"REZKY UTAMA","issuer":"BUPATI","province":"SULAWESI TENGAH","district":"MOROWALI UTARA","permitNumber":"540.3/SK.003/DESDM/IV/2012","permitType":"CV","miningType":"IUP","commodity":"NIKEL DMP","status":"2","validFrom":"2012-04-19","validTo":"2032-04-12","areaHa":200.0,"location":"DESA GANDA - GANDA KEC PETASIA, MOROWALI","sourceRemark":"-","region":"sulawesi"},"geometry":{"type":"Polygon","coordinates":[[[121.30687,-1.87873],[121.30687,-1.88837],[121.31611,-1.88837],[121.31611,-1.8853],[121.32722,-1.8853],[121.32722,-1.87873],[121.30687,-1.87873]]]}},{"type":"Feature","properties":{"inventoryId":"big-mining-wiup:4499","sector":"Tambang","subtype":"WIUP","quality":"OFFICIAL","sourceDataset":"big-mining-wiup","sourceRecordId":"4499","source":"BIG Kebijakan Satu Peta","sourceUrl":"https://kspservices.big.go.id/satupeta/rest/services/PUBLIK/PERIZINAN_DAN_PERTANAHAN/MapServer/4","retrievedAt":"2026-08-28T06:57:32Z","geometryProcessing":"web display simplification tolerance 0.00035 degrees","name":"REZKY UTAMA JAYA","issuer":"GUBERNUR","province":"SULAWESI TENGAH","district":"MOROWALI","permitNumber":"540/566/IUP-PR/DPMPTSP2020","permitType":"PT","miningType":"IUP","commodity":"BATU GAMPING","status":"2","validFrom":"2020-12-02","validTo":"2022-08-30","areaHa":190.0,"location":"DESA UNSONGI KECAMATAN BUNGKU TIMUR","sourceRemark":"-","region":"sulawesi"},"geometry":{"type":"Polygon","coordinates":[[[121.9895,-2.63706],[122.01039,-2.63706],[122.01039,-2.636],[122.0091,-2.636],[122.00954,-2.63266],[122.00759,-2.63049],[122.00256,-2.62954],[122.00256,-2.62907],[122.00121,-2.62872],[121.98951,-2.62872],[121.9895,-2.63706]]]}},{"type":"Feature","properties":{"inventoryId":"big-mining-wiup:4014","sector":"Tambang","subtype":"WIUP","quality":"OFFICIAL","sourceDataset":"big-mining-wiup","sourceRecordId":"4014","source":"BIG Kebijakan Satu Peta","sourceUrl":"https://kspservices.big.go.id/satupeta/rest/services/PUBLIK/PERIZINAN_DAN_PERTANAHAN/MapServer/4","retrievedAt":"2026-08-28T06:57:32Z","geometryProcessing":"web display simplification tolerance 0.00035 degrees","name":"RIOTA JAYA LESTARI","issuer":"GUBERNUR","province":"SULAWESI TENGGARA","district":"KOLAKA UTARA","permitNumber":"658/DPMPTSP/XI/2020","permitType":"PT","miningType":"IUP","commodity":"NIKEL","status":"2","validFrom":"2011-08-09","validTo":"2031-08-08","areaHa":3389.9,"location":"LAMBAI, LASUASUA","sourceRemark":"-","region":"sulawesi"},"geometry":{"type":"Polygon","coordinates":[[[120.97019,-3.63667],[120.97792,-3.63667],[120.97792,-3.56539],[120.94271,-3.56539],[120.94271,-3.56199],[120.93714,-3.56199],[120.93714,-3.53281],[120.90906,-3.53281],[120.90906,-3.52194],[120.89336,-3.52194],[120.89336,-3.52528],[120.90203,-3.52528],[120.90203,-3.53475],[120.90853,-3.53475],[120.90853,-3.54322],[120.91361,-3.54322],[120.91361,-3.54625],[120.92042,-3.54625],[120.92042,-3.55222],[120.91625,-3.55222],[120.91625,-3.55958],[120.92042,-3.55958],[120.92042,-3.56858],[120.91653,-3.56858],[120.91653,-3.57381],[120.92067,-3.57381],[120.92067,-3.57722],[120.92447,-3.57722],[120.92447,-3.58097],[120.929,-3.58097],[120.929,-3.58322],[120.93764,-3.58322],[120.93764,-3.58817],[120.94022,-3.58817],[120.94022,-3.59347],[120.95542,-3.59344],[120.95542,-3.60428],[120.97019,-3.60428],[120.97019,-3.63667]]]}},{"type":"Feature","properties":{"inventoryId":"big-mining-wiup:1985","sector":"Tambang","subtype":"WIUP","quality":"OFFICIAL","sourceDataset":"big-mining-wiup","sourceRecordId":"1985","source":"BIG Kebijakan Satu Peta","sourceUrl":"https://kspservices.big.go.id/satupeta/rest/services/PUBLIK/PERIZINAN_DAN_PERTANAHAN/MapServer/4","retrievedAt":"2026-08-28T06:57:32Z","geometryProcessing":"web display simplification tolerance 0.00035 degrees","name":"RISGUN PERKASA ABADI","issuer":"GUBERNUR","province":"SULAWESI TENGAH","district":"KOTA PALU","permitNumber":"540/463/IUP-OP/DPMPTSP/2018","permitType":"PT","miningType":"IUP","commodity":"BATUAN","status":"2","validFrom":"2018-07-09","validTo":"2023-07-09","areaHa":21.97,"location":"WATUSAMPU, KOTA PALU","sourceRemark":"-","region":"sulawesi"},"geometry":{"type":"Polygon","coordinates":[[[119.80258,-0.82653],[119.7999,-0.82662],[119.80096,-0.83136],[119.80316,-0.82994],[119.80456,-0.82994],[119.80562,-0.82831],[119.80518,-0.82724],[119.80258,-0.82653]]]}},{"type":"Feature","properties":{"inventoryId":"big-mining-wiup:1532","sector":"Tambang","subtype":"WIUP","quality":"OFFICIAL","sourceDataset":"big-mining-wiup","sourceRecordId":"1532","source":"BIG Kebijakan Satu Peta","sourceUrl":"https://kspservices.big.go.id/satupeta/rest/services/PUBLIK/PERIZINAN_DAN_PERTANAHAN/MapServer/4","retrievedAt":"2026-08-28T06:57:32Z","geometryProcessing":"web display simplification tolerance 0.00035 degrees","name":"RIZQI BIOKAS PRATAMA","issuer":"BUPATI","province":"SULAWESI TENGGARA","district":"KONAWE UTARA","permitNumber":"55/DPMPTSP/I/2019","permitType":"PT","miningType":"IUP","commodity":"NIKEL","status":"2","validFrom":"2019-01-29","validTo":"2032-02-28","areaHa":251.0,"location":"MOLAWE","sourceRemark":"-","region":"sulawesi"},"geometry":{"type":"Polygon","coordinates":[[[122.18877,-3.58342],[122.18877,-3.59702],[122.18281,-3.59701],[122.18281,-3.59397],[122.17947,-3.59397],[122.17947,-3.60563],[122.19366,-3.60563],[122.19366,-3.58779],[122.19478,-3.58779],[122.19478,-3.58342],[122.18877,-3.58342]]]}},{"type":"Feature","properties":{"inventoryId":"big-mining-wiup:3801","sector":"Tambang","subtype":"WIUP","quality":"OFFICIAL","sourceDataset":"big-mining-wiup","sourceRecordId":"3801","source":"BIG Kebijakan Satu Peta","sourceUrl":"https://kspservices.big.go.id/satupeta/rest/services/PUBLIK/PERIZINAN_DAN_PERTANAHAN/MapServer/4","retrievedAt":"2026-08-28T06:57:32Z","geometryProcessing":"web display simplification tolerance 0.00035 degrees","name":"RIZQI PERDANA","issuer":"GUBERNUR","province":"SULAWESI TENGGARA","district":"KONAWE UTARA","permitNumber":"275/DPMPTSP/IV/2019","permitType":"CV","miningType":"IUP","commodity":"BATU GAMPING","status":"2","validFrom":"2018-08-14","validTo":"2023-08-14","areaHa":84.5,"location":"Ds. Wawoluri Kec. Motui","sourceRemark":"-","region":"sulawesi"},"geometry":{"type":"Polygon","coordinates":[[[122.43672,-3.79114],[122.43672,-3.79881],[122.44225,-3.79881],[122.44225,-3.79775],[122.44636,-3.79775],[122.44636,-3.79114],[122.43672,-3.79114]]]}},{"type":"Feature","properties":{"inventoryId":"big-mining-wiup:1403","sector":"Tambang","subtype":"WIUP","quality":"OFFICIAL","sourceDataset":"big-mining-wiup","sourceRecordId":"1403","source":"BIG Kebijakan Satu Peta","sourceUrl":"https://kspservices.big.go.id/satupeta/rest/services/PUBLIK/PERIZINAN_DAN_PERTANAHAN/MapServer/4","retrievedAt":"2026-08-28T06:57:32Z","geometryProcessing":"web display simplification tolerance 0.00035 degrees","name":"RIZQI SINAR BIOKAS","issuer":"BUPATI","province":"SULAWESI TENGGARA","district":"KONAWE UTARA","permitNumber":"11/DPM-PTSP/I/2017","permitType":"PT","miningType":"IUP","commodity":"NIKEL","status":"2","validFrom":"2017-01-05","validTo":"2032-02-14","areaHa":220.0,"location":"MOLAWE","sourceRemark":"-","region":"sulawesi"},"geometry":{"type":"Polygon","coordinates":[[[122.36625,-3.45308],[122.36625,-3.46091],[122.35837,-3.46091],[122.35837,-3.45],[122.36212,-3.45],[122.36212,-3.43893],[122.3566,-3.43893],[122.3566,-3.43949],[122.36118,-3.43949],[122.36118,-3.44971],[122.35812,-3.44971],[122.35812,-3.45424],[122.35641,-3.45424],[122.35641,-3.46427],[122.36391,-3.46427],[122.36391,-3.46244],[122.36823,-3.46244],[122.36823,-3.46452],[122.37439,-3.46452],[122.37439,-3.46011],[122.37905,-3.46011],[122.37905,-3.45308],[122.36625,-3.45308]]]}},{"type":"Feature","properties":{"inventoryId":"big-mining-wiup:435","sector":"Tambang","subtype":"WIUP","quality":"OFFICIAL","sourceDataset":"big-mining-wiup","sourceRecordId":"435","source":"BIG Kebijakan Satu Peta","sourceUrl":"https://kspservices.big.go.id/satupeta/rest/services/PUBLIK/PERIZINAN_DAN_PERTANAHAN/MapServer/4","retrievedAt":"2026-08-28T06:57:32Z","geometryProcessing":"web display simplification tolerance 0.00035 degrees","name":"ROHUL ENERGI INDONESIA","issuer":"MENTERI","province":"SULAWESI TENGGARA","district":"BOMBANA","permitNumber":"52/1/IUP/PMA/2019","permitType":"PT","miningType":"IUP","commodity":"NIKEL","status":"2","validFrom":"2019-08-28","validTo":"2032-01-30","areaHa":3450.0,"location":"KEC. KABAENA TENGAH, KAB. BOMBANA","sourceRemark":"PMA","region":"sulawesi"},"geometry":{"type":"Polygon","coordinates":[[[121.94355,-5.09972],[121.94355,-5.10665],[121.95072,-5.10665],[121.95072,-5.18789],[121.985,-5.18789],[121.985,-5.13951],[121.98209,-5.13951],[121.98209,-5.12601],[121.97507,-5.12601],[121.97507,-5.11726],[121.9761,-5.11726],[121.9761,-5.10301],[121.97749,-5.10301],[121.97749,-5.10026],[121.98048,-5.10026],[121.98048,-5.09923],[121.98147,-5.09923],[121.98147,-5.09773],[121.98225,-5.09773],[121.98225,-5.09647],[121.98316,-5.09647],[121.98316,-5.09001],[121.97788,-5.09001],[121.97788,-5.08372],[121.97317,-5.08372],[121.97317,-5.10017],[121.96918,-5.10017],[121.96918,-5.10204],[121.96753,-5.10204],[121.96753,-5.10361],[121.96598,-5.10361],[121.96598,-5.10476],[121.96443,-5.10476],[121.96443,-5.10556],[121.9629,-5.10556],[121.9629,-5.10651],[121.95268,-5.10651],[121.95268,-5.10533],[121.95171,-5.10533],[121.95171,-5.10428],[121.95055,-5.10428],[121.95055,-5.10319],[121.94935,-5.10319],[121.94935,-5.10202],[121.9481,-5.10202],[121.9481,-5.10067],[121.94661,-5.10067],[121.94661,-5.09972],[121.94355,-5.09972]]]}},{"type":"Feature","properties":{"inventoryId":"big-mining-wiup:594","sector":"Tambang","subtype":"WIUP","quality":"OFFICIAL","sourceDataset":"big-mining-wiup","sourceRecordId":"594","source":"BIG Kebijakan Satu Peta","sourceUrl":"https://kspservices.big.go.id/satupeta/rest/services/PUBLIK/PERIZINAN_DAN_PERTANAHAN/MapServer/4","retrievedAt":"2026-08-28T06:57:32Z","geometryProcessing":"web display simplification tolerance 0.00035 degrees","name":"ROSHINI INDONESIA","issuer":"GUBERNUR","province":"SULAWESI TENGGARA","district":"KONAWE UTARA","permitNumber":"425/DPMPTSP/VII/2020","permitType":"PT","miningType":"IUP","commodity":"NIKEL","status":"2","validFrom":"2019-07-18","validTo":"2029-07-17","areaHa":109.0,"location":"KEC. LASOLO, KONAWE UTARA","sourceRemark":"-","region":"sulawesi"},"geometry":{"type":"Polygon","coordinates":[[[122.34227,-3.38371],[122.34227,-3.38792],[122.34561,-3.38792],[122.34561,-3.39044],[122.35662,-3.39044],[122.35662,-3.3837],[122.34227,-3.38371]]]}},{"type":"Feature","properties":{"inventoryId":"big-mining-wiup:4447","sector":"Tambang","subtype":"WIUP","quality":"OFFICIAL","sourceDataset":"big-mining-wiup","sourceRecordId":"4447","source":"BIG Kebijakan Satu Peta","sourceUrl":"https://kspservices.big.go.id/satupeta/rest/services/PUBLIK/PERIZINAN_DAN_PERTANAHAN/MapServer/4","retrievedAt":"2026-08-28T06:57:32Z","geometryProcessing":"web display simplification tolerance 0.00035 degrees","name":"RUDY","issuer":"GUBERNUR","province":"SULAWESI BARAT","district":"POLEWALI MANDAR","permitNumber":"001/76/IUP.OP/PTSP.A/I/2018","permitType":"SDR","miningType":"IUP","commodity":"PASIR PASANG","status":"2","validFrom":"2018-01-02","validTo":"2023-01-01","areaHa":0.8200000000000001,"location":"LAWARANG DESA LEKOPADIS KEC. TINAMBUNG KABUPATEN POLEWALI MANDAR","sourceRemark":"-","region":"sulawesi"},"geometry":{"type":"Polygon","coordinates":[[[119.00367,-3.49836],[119.00423,-3.49677],[119.00348,-3.49699],[119.00325,-3.49836],[119.00367,-3.49836]]]}},{"type":"Feature","properties":{"inventoryId":"big-mining-wiup:4305","sector":"Tambang","subtype":"WIUP","quality":"OFFICIAL","sourceDataset":"big-mining-wiup","sourceRecordId":"4305","source":"BIG Kebijakan Satu Peta","sourceUrl":"https://kspservices.big.go.id/satupeta/rest/services/PUBLIK/PERIZINAN_DAN_PERTANAHAN/MapServer/4","retrievedAt":"2026-08-28T06:57:32Z","geometryProcessing":"web display simplification tolerance 0.00035 degrees","name":"RUSDIN","issuer":"GUBERNUR","province":"SULAWESI TENGGARA","district":"KONAWE UTARA","permitNumber":"512/DPMPTSP/IX/2019","permitType":"SDR","miningType":"IUP","commodity":"BATU GAMPING","status":"2","validFrom":"2019-01-10","validTo":"2024-01-09","areaHa":12.97,"location":"DESA TONGAUNA, KECAMATAN SAWA, KABUPATEN KONAWE UTARA, PROPINSI SULAWESI TENGGARA","sourceRemark":"-","region":"sulawesi"},"geometry":{"type":"Polygon","coordinates":[[[122.42562,-3.76558],[122.42562,-3.76701],[122.43277,-3.76667],[122.43361,-3.76728],[122.43361,-3.76611],[122.43522,-3.76611],[122.43522,-3.76558],[122.42562,-3.76558]]]}},{"type":"Feature","properties":{"inventoryId":"big-mining-wiup:3674","sector":"Tambang","subtype":"WIUP","quality":"OFFICIAL","sourceDataset":"big-mining-wiup","sourceRecordId":"3674","source":"BIG Kebijakan Satu Peta","sourceUrl":"https://kspservices.big.go.id/satupeta/rest/services/PUBLIK/PERIZINAN_DAN_PERTANAHAN/MapServer/4","retrievedAt":"2026-08-28T06:57:32Z","geometryProcessing":"web display simplification tolerance 0.00035 degrees","name":"RUSMAN","issuer":"GUBERNUR","province":"SULAWESI SELATAN","district":"PANGKAJENE DAN KEPULAUAN","permitNumber":"78/I.03/PTSP/2018","permitType":"SDR","miningType":"IUP","commodity":"BATUAN","status":"2","validFrom":"2018-05-09","validTo":"2023-05-09","areaHa":14.24,"location":"DESA BARA BATU, KEC. LABAKKANG, KABUPATEN PANGKEP, PROVINSI SULAWESI SELATAN","sourceRemark":"-","region":"sulawesi"},"geometry":{"type":"Polygon","coordinates":[[[119.59031,-4.74358],[119.59031,-4.74084],[119.58516,-4.74084],[119.58516,-4.74201],[119.58699,-4.74201],[119.58699,-4.74307],[119.58803,-4.74359],[119.58803,-4.7441],[119.59031,-4.74358]]]}},{"type":"Feature","properties":{"inventoryId":"big-mining-wiup:740","sector":"Tambang","subtype":"WIUP","quality":"OFFICIAL","sourceDataset":"big-mining-wiup","sourceRecordId":"740","source":"BIG Kebijakan Satu Peta","sourceUrl":"https://kspservices.big.go.id/satupeta/rest/services/PUBLIK/PERIZINAN_DAN_PERTANAHAN/MapServer/4","retrievedAt":"2026-08-28T06:57:32Z","geometryProcessing":"web display simplification tolerance 0.00035 degrees","name":"SAN ABACUS MINERA","issuer":"BUPATI","province":"SULAWESI TENGAH","district":"TOLI TOLI","permitNumber":"188.45/0112/DISPESDAM","permitType":"PT","miningType":"IUP","commodity":"MOLYBDENUM","status":"2","validFrom":"2010-01-06","validTo":"2030-01-05","areaHa":4693.0,"location":"DESA BANAGAN, DONGKO, BANGKIR","sourceRemark":"-","region":"sulawesi"},"geometry":{"type":"Polygon","coordinates":[[[120.25,0.83092],[120.25,0.76494],[120.30725,0.76494],[120.30725,0.83092],[120.25,0.83092]]]}},{"type":"Feature","properties":{"inventoryId":"big-mining-wiup:3815","sector":"Tambang","subtype":"WIUP","quality":"OFFICIAL","sourceDataset":"big-mining-wiup","sourceRecordId":"3815","source":"BIG Kebijakan Satu Peta","sourceUrl":"https://kspservices.big.go.id/satupeta/rest/services/PUBLIK/PERIZINAN_DAN_PERTANAHAN/MapServer/4","retrievedAt":"2026-08-28T06:57:32Z","geometryProcessing":"web display simplification tolerance 0.00035 degrees","name":"SANDY KARYA MOROWALI","issuer":"MENTERI","province":"SULAWESI TENGAH","district":"MOROWALI","permitNumber":"918/1/IUP/PMDN/2021","permitType":"CV","miningType":"IUP","commodity":"BATU GUNUNG QUARRY BESAR","status":"1","validFrom":"2021-09-13","validTo":"2024-09-13","areaHa":37.43,"location":"DESA LAFEU KECAMATAN BUNGKU PESISIR KABUPATEN MOROWALI PROVINSI SULAWESI TENGAH","sourceRemark":"-","region":"sulawesi"},"geometry":{"type":"Polygon","coordinates":[[[122.27363,-2.98662],[122.27363,-2.98376],[122.27131,-2.98376],[122.27131,-2.97985],[122.26811,-2.97985],[122.26811,-2.98726],[122.27131,-2.98726],[122.27131,-2.98662],[122.27363,-2.98662]]]}},{"type":"Feature","properties":{"inventoryId":"big-mining-wiup:196","sector":"Tambang","subtype":"WIUP","quality":"OFFICIAL","sourceDataset":"big-mining-wiup","sourceRecordId":"196","source":"BIG Kebijakan Satu Peta","sourceUrl":"https://kspservices.big.go.id/satupeta/rest/services/PUBLIK/PERIZINAN_DAN_PERTANAHAN/MapServer/4","retrievedAt":"2026-08-28T06:57:32Z","geometryProcessing":"web display simplification tolerance 0.00035 degrees","name":"SARANA MINERALINDO PERKASA","issuer":"GUBERNUR","province":"SULAWESI TENGAH","district":"MOROWALI UTARA","permitNumber":"540/667/IUP-OP/PGH/DPMPTSP/2017","permitType":"PT","miningType":"IUP","commodity":"NIKEL DMP","status":"2","validFrom":"2017-08-09","validTo":"2032-11-12","areaHa":4656.0,"location":"DESA KOROWOU, MOLINO DAN BIMOR JAYA KEC. PETASIA","sourceRemark":"-","region":"sulawesi"},"geometry":{"type":"Polygon","coordinates":[[[121.34079,-2.1175],[121.34079,-2.13015],[121.32423,-2.13015],[121.32423,-2.16732],[121.37929,-2.16732],[121.37929,-2.15729],[121.39108,-2.15729],[121.39108,-2.15265],[121.40965,-2.15265],[121.40965,-2.15751],[121.43457,-2.15751],[121.43457,-2.15322],[121.43046,-2.15322],[121.43046,-2.14455],[121.4492,-2.14455],[121.4492,-2.1175],[121.42174,-2.1175],[121.42174,-2.14512],[121.4294,-2.14512],[121.4294,-2.15388],[121.4337,-2.15388],[121.4337,-2.15694],[121.41031,-2.15694],[121.41031,-2.152],[121.39033,-2.152],[121.39033,-2.1175],[121.34079,-2.1175]]]}},{"type":"Feature","properties":{"inventoryId":"big-mining-wiup:1160","sector":"Tambang","subtype":"WIUP","quality":"OFFICIAL","sourceDataset":"big-mining-wiup","sourceRecordId":"1160","source":"BIG Kebijakan Satu Peta","sourceUrl":"https://kspservices.big.go.id/satupeta/rest/services/PUBLIK/PERIZINAN_DAN_PERTANAHAN/MapServer/4","retrievedAt":"2026-08-28T06:57:32Z","geometryProcessing":"web display simplification tolerance 0.00035 degrees","name":"SARI","issuer":"GUBERNUR","province":"SULAWESI SELATAN","district":"PALOPO","permitNumber":"157/I.03/PTSP/2018","permitType":"SDR","miningType":"IUP","commodity":"TANAH URUG","status":"2","validFrom":"2018-10-26","validTo":"2023-10-26","areaHa":7.27,"location":"PURANGI KEC SENDANA","sourceRemark":"-","region":"sulawesi"},"geometry":{"type":"Polygon","coordinates":[[[120.20692,-3.04749],[120.20692,-3.0496],[120.2094,-3.0496],[120.2094,-3.05133],[120.21072,-3.05133],[120.21072,-3.05049],[120.20945,-3.05049],[120.20945,-3.04925],[120.20887,-3.04925],[120.20943,-3.04788],[120.20816,-3.04766],[120.20816,-3.04719],[120.20692,-3.04749]]]}},{"type":"Feature","properties":{"inventoryId":"big-mining-wiup:207","sector":"Tambang","subtype":"WIUP","quality":"OFFICIAL","sourceDataset":"big-mining-wiup","sourceRecordId":"207","source":"BIG Kebijakan Satu Peta","sourceUrl":"https://kspservices.big.go.id/satupeta/rest/services/PUBLIK/PERIZINAN_DAN_PERTANAHAN/MapServer/4","retrievedAt":"2026-08-28T06:57:32Z","geometryProcessing":"web display simplification tolerance 0.00035 degrees","name":"SEMEN BOSOWA MAROS","issuer":"GUBERNUR","province":"SULAWESI SELATAN","district":"MAROS","permitNumber":"0027/P2T-BKPMD/9.29.P/VII/04/2015","permitType":"PT","miningType":"IUP","commodity":"BATU GAMPING","status":"2","validFrom":"2014-10-07","validTo":"2024-10-06","areaHa":694.0,"location":"DESA TUKAMASEA, KEC. BANTIMURUNG, KAB. MAROS","sourceRemark":"-","region":"sulawesi"},"geometry":{"type":"Polygon","coordinates":[[[119.62028,-4.94389],[119.63147,-4.94389],[119.63147,-4.93897],[119.63697,-4.93897],[119.64119,-4.93794],[119.64111,-4.93886],[119.6425,-4.93897],[119.6425,-4.935],[119.65222,-4.935],[119.65222,-4.94667],[119.66472,-4.94667],[119.66472,-4.92833],[119.62694,-4.92833],[119.62694,-4.93333],[119.62572,-4.93333],[119.62572,-4.93611],[119.62378,-4.93611],[119.62378,-4.92864],[119.62683,-4.92833],[119.62028,-4.92833],[119.62028,-4.94389]]]}},{"type":"Feature","properties":{"inventoryId":"big-mining-wiup:782","sector":"Tambang","subtype":"WIUP","quality":"OFFICIAL","sourceDataset":"big-mining-wiup","sourceRecordId":"782","source":"BIG Kebijakan Satu Peta","sourceUrl":"https://kspservices.big.go.id/satupeta/rest/services/PUBLIK/PERIZINAN_DAN_PERTANAHAN/MapServer/4","retrievedAt":"2026-08-28T06:57:32Z","geometryProcessing":"web display simplification tolerance 0.00035 degrees","name":"SEMEN BOSOWA MAROS","issuer":"GUBERNUR","province":"SULAWESI SELATAN","district":"MAROS","permitNumber":"0026/P2T-BKPMD/9.29.P/VII/05/2015","permitType":"PT","miningType":"IUP","commodity":"TANAH LIAT","status":"2","validFrom":"2014-10-07","validTo":"2024-10-06","areaHa":269.0,"location":"DESA TUKAMASEA, KEC. BANTIMURUNG, KAB. MAROS","sourceRemark":"-","region":"sulawesi"},"geometry":{"type":"Polygon","coordinates":[[[119.62125,-4.94667],[119.64294,-4.94667],[119.64322,-4.94558],[119.64447,-4.94558],[119.64508,-4.94667],[119.65222,-4.94667],[119.65222,-4.935],[119.6425,-4.935],[119.6425,-4.93897],[119.63147,-4.93897],[119.63147,-4.94389],[119.62125,-4.94389],[119.62125,-4.94667]]]}},{"type":"Feature","properties":{"inventoryId":"big-mining-wiup:1364","sector":"Tambang","subtype":"WIUP","quality":"OFFICIAL","sourceDataset":"big-mining-wiup","sourceRecordId":"1364","source":"BIG Kebijakan Satu Peta","sourceUrl":"https://kspservices.big.go.id/satupeta/rest/services/PUBLIK/PERIZINAN_DAN_PERTANAHAN/MapServer/4","retrievedAt":"2026-08-28T06:57:32Z","geometryProcessing":"web display simplification tolerance 0.00035 degrees","name":"SEMEN TONASA","issuer":"GUBERNUR","province":"SULAWESI SELATAN","district":"PANGKAJENE DAN KEPULAUAN","permitNumber":"23/I.03a/PTSP/2019","permitType":"PT","miningType":"IUP","commodity":"CLAY","status":"2","validFrom":"2019-12-29","validTo":"2024-12-29","areaHa":280.0,"location":"DESA BONTOA, KEC. MONASATENE","sourceRemark":"-","region":"sulawesi"},"geometry":{"type":"Polygon","coordinates":[[[119.61528,-4.80111],[119.60917,-4.80111],[119.60917,-4.80203],[119.60219,-4.80203],[119.60219,-4.80472],[119.59814,-4.80472],[119.59814,-4.81242],[119.60469,-4.81242],[119.60469,-4.82247],[119.60883,-4.82194],[119.60883,-4.82147],[119.60969,-4.82147],[119.60969,-4.81983],[119.61206,-4.81983],[119.61206,-4.81742],[119.61403,-4.81742],[119.61403,-4.81525],[119.61489,-4.81525],[119.61489,-4.80922],[119.61403,-4.80922],[119.61403,-4.80819],[119.61253,-4.80819],[119.61253,-4.80731],[119.61094,-4.80731],[119.61094,-4.80322],[119.61356,-4.80322],[119.61356,-4.80203],[119.61528,-4.80203],[119.61528,-4.80111]]]}},{"type":"Feature","properties":{"inventoryId":"big-mining-wiup:4484","sector":"Tambang","subtype":"WIUP","quality":"OFFICIAL","sourceDataset":"big-mining-wiup","sourceRecordId":"4484","source":"BIG Kebijakan Satu Peta","sourceUrl":"https://kspservices.big.go.id/satupeta/rest/services/PUBLIK/PERIZINAN_DAN_PERTANAHAN/MapServer/4","retrievedAt":"2026-08-28T06:57:32Z","geometryProcessing":"web display simplification tolerance 0.00035 degrees","name":"SEMEN TONASA","issuer":"GUBERNUR","province":"SULAWESI SELATAN","district":"PANGKAJENE DAN KEPULAUAN","permitNumber":"95/I.03/PTSP/2018","permitType":"PT","miningType":"IUP","commodity":"BATU GAMPING UNTUK INDUSTRI","status":"2","validFrom":"2018-06-05","validTo":"2028-06-05","areaHa":214.5,"location":"BIRING ERE DAN MANGILU","sourceRemark":"-","region":"sulawesi"},"geometry":{"type":"Polygon","coordinates":[[[119.61942,-4.77875],[119.61942,-4.78203],[119.62044,-4.78203],[119.62044,-4.78622],[119.62094,-4.78622],[119.62061,-4.78981],[119.62167,-4.78981],[119.62203,-4.79117],[119.62261,-4.79117],[119.62261,-4.79228],[119.62314,-4.79228],[119.62314,-4.79725],[119.61978,-4.79725],[119.61978,-4.79989],[119.62511,-4.79989],[119.62511,-4.79947],[119.62633,-4.79947],[119.62633,-4.79872],[119.62511,-4.79872],[119.62511,-4.79789],[119.62586,-4.79789],[119.62586,-4.79436],[119.62792,-4.79436],[119.62792,-4.79683],[119.63064,-4.79683],[119.63064,-4.79381],[119.63169,-4.79381],[119.63169,-4.79153],[119.63322,-4.79153],[119.63322,-4.7845],[119.63172,-4.7845],[119.63106,-4.78267],[119.629,-4.78147],[119.62694,-4.78175],[119.62694,-4.78289],[119.62625,-4.78289],[119.62625,-4.78358],[119.62464,-4.78358],[119.62422,-4.78167],[119.62303,-4.78128],[119.62303,-4.78031],[119.62189,-4.78031],[119.62189,-4.77961],[119.61942,-4.77875]]]}},{"type":"Feature","properties":{"inventoryId":"big-mining-wiup:3579","sector":"Tambang","subtype":"WIUP","quality":"OFFICIAL","sourceDataset":"big-mining-wiup","sourceRecordId":"3579","source":"BIG Kebijakan Satu Peta","sourceUrl":"https://kspservices.big.go.id/satupeta/rest/services/PUBLIK/PERIZINAN_DAN_PERTANAHAN/MapServer/4","retrievedAt":"2026-08-28T06:57:32Z","geometryProcessing":"web display simplification tolerance 0.00035 degrees","name":"SENTOSA SWADAYA TAMA","issuer":"GUBERNUR","province":"SULAWESI TENGAH","district":"TOLI TOLI","permitNumber":"540/305/IUP-E/DPMPTSP/2020","permitType":"PT","miningType":"IUP","commodity":"BATU GUNUNG QUARRY BESAR","status":"1","validFrom":"2020-06-23","validTo":"2023-06-23","areaHa":164.06,"location":"DESA KAPAS, KEC. DAKOPEMEAN","sourceRemark":"-","region":"sulawesi"},"geometry":{"type":"Polygon","coordinates":[[[120.82239,1.30796],[120.81893,1.30796],[120.81893,1.30396],[120.81233,1.30396],[120.81233,1.30016],[120.81568,1.29966],[120.81568,1.29304],[120.82072,1.29304],[120.82072,1.29478],[120.82803,1.29478],[120.82803,1.30102],[120.82239,1.30102],[120.82239,1.30796]]]}},{"type":"Feature","properties":{"inventoryId":"big-mining-wiup:4466","sector":"Tambang","subtype":"WIUP","quality":"OFFICIAL","sourceDataset":"big-mining-wiup","sourceRecordId":"4466","source":"BIG Kebijakan Satu Peta","sourceUrl":"https://kspservices.big.go.id/satupeta/rest/services/PUBLIK/PERIZINAN_DAN_PERTANAHAN/MapServer/4","retrievedAt":"2026-08-28T06:57:32Z","geometryProcessing":"web display simplification tolerance 0.00035 degrees","name":"SENTRAL LABUAN TEGAR MANDIRI","issuer":"GUBERNUR","province":"SULAWESI TENGAH","district":"DONGGALA","permitNumber":"540/269/IUP-OP/DPMPTSP/2019","permitType":"PT","miningType":"IUP","commodity":"BATUAN","status":"2","validFrom":"2019-05-17","validTo":"2024-05-17","areaHa":10.0,"location":"DESA LABUAN KUNGGUMA KECAMATAN LABUAN KABUPATEN DONGGALA PROVINSI SULAWESI TENGAH","sourceRemark":"-","region":"sulawesi"},"geometry":{"type":"Polygon","coordinates":[[[119.85621,-0.65962],[119.85621,-0.65804],[119.85562,-0.65804],[119.85124,-0.66074],[119.84878,-0.6609],[119.85133,-0.66157],[119.85621,-0.65962]]]}},{"type":"Feature","properties":{"inventoryId":"big-mining-wiup:2819","sector":"Tambang","subtype":"WIUP","quality":"OFFICIAL","sourceDataset":"big-mining-wiup","sourceRecordId":"2819","source":"BIG Kebijakan Satu Peta","sourceUrl":"https://kspservices.big.go.id/satupeta/rest/services/PUBLIK/PERIZINAN_DAN_PERTANAHAN/MapServer/4","retrievedAt":"2026-08-28T06:57:32Z","geometryProcessing":"web display simplification tolerance 0.00035 degrees","name":"SENTRATAMA KARYA CEMERLANG","issuer":"GUBERNUR","province":"SULAWESI TENGGARA","district":"KONAWE SELATAN","permitNumber":"181/DPMPTSP/111/2019","permitType":"PT","miningType":"IUP","commodity":"NIKEL DMP","status":"2","validFrom":"2018-07-28","validTo":"2028-07-28","areaHa":1226.0,"location":"DESA WAWOWONUA DAN SEKITARNYA, KEC. PALANGGA SELATAN, KAB. KONAWE SELATAN","sourceRemark":"-","region":"sulawesi"},"geometry":{"type":"Polygon","coordinates":[[[122.37162,-4.37709],[122.42067,-4.37709],[122.42067,-4.37381],[122.44265,-4.37381],[122.44265,-4.36201],[122.37162,-4.36201],[122.37162,-4.37709]]]}},{"type":"Feature","properties":{"inventoryId":"big-mining-wiup:3868","sector":"Tambang","subtype":"WIUP","quality":"OFFICIAL","sourceDataset":"big-mining-wiup","sourceRecordId":"3868","source":"BIG Kebijakan Satu Peta","sourceUrl":"https://kspservices.big.go.id/satupeta/rest/services/PUBLIK/PERIZINAN_DAN_PERTANAHAN/MapServer/4","retrievedAt":"2026-08-28T06:57:32Z","geometryProcessing":"web display simplification tolerance 0.00035 degrees","name":"SINAR AGUNG","issuer":"MENTERI","province":"GORONTALO","district":"BOALEMO","permitNumber":"1389/1/IUP/PMDN/2021","permitType":"CV","miningType":"IUP","commodity":"KERIKIL BERPASIR ALAMI (SIRTU)","status":"1","validFrom":"2021-11-03","validTo":"2024-11-03","areaHa":2.33,"location":"DESA TANGKOBU KECAMATAN PAGUYAMAN KABUPATEN BOALEMO PROVINSI GORONTALO","sourceRemark":"-","region":"sulawesi"},"geometry":{"type":"Polygon","coordinates":[[[122.60378,0.62603],[122.60378,0.62529],[122.60612,0.62501],[122.60588,0.62603],[122.60378,0.62603]]]}},{"type":"Feature","properties":{"inventoryId":"big-mining-wiup:3610","sector":"Tambang","subtype":"WIUP","quality":"OFFICIAL","sourceDataset":"big-mining-wiup","sourceRecordId":"3610","source":"BIG Kebijakan Satu Peta","sourceUrl":"https://kspservices.big.go.id/satupeta/rest/services/PUBLIK/PERIZINAN_DAN_PERTANAHAN/MapServer/4","retrievedAt":"2026-08-28T06:57:32Z","geometryProcessing":"web display simplification tolerance 0.00035 degrees","name":"SINAR ARHAM","issuer":"MENTERI","province":"SULAWESI SELATAN","district":"WAJO","permitNumber":"1867/1/IUP/PMDN/2021","permitType":"CV","miningType":"IUP","commodity":"PASIR","status":"1","validFrom":"2021-12-16","validTo":"2024-12-16","areaHa":10.1,"location":"KECAMATAN SABANGPARU, KABUPATEN WAJO, PROVINSI SULAWESI SELATAN","sourceRemark":"-","region":"sulawesi"},"geometry":{"type":"Polygon","coordinates":[[[120.00729,-4.15861],[120.00772,-4.16066],[120.00886,-4.16066],[120.00886,-4.1577],[120.01171,-4.15812],[120.01242,-4.15732],[120.00957,-4.15657],[120.0076,-4.15738],[120.00705,-4.15797],[120.00729,-4.15861]]]}},{"type":"Feature","properties":{"inventoryId":"big-mining-wiup:597","sector":"Tambang","subtype":"WIUP","quality":"OFFICIAL","sourceDataset":"big-mining-wiup","sourceRecordId":"597","source":"BIG Kebijakan Satu Peta","sourceUrl":"https://kspservices.big.go.id/satupeta/rest/services/PUBLIK/PERIZINAN_DAN_PERTANAHAN/MapServer/4","retrievedAt":"2026-08-28T06:57:32Z","geometryProcessing":"web display simplification tolerance 0.00035 degrees","name":"SINAR BATUMAS MAKMUR","issuer":"BUPATI","province":"SULAWESI TENGGARA","district":"BUTON","permitNumber":"741.A TAHUN 2014","permitType":"PT","miningType":"IUP","commodity":"ASPAL","status":"2","validFrom":"2014-09-30","validTo":"2034-08-18","areaHa":801.0,"location":"KEC. PASARWAJO","sourceRemark":"-","region":"sulawesi"},"geometry":{"type":"Polygon","coordinates":[[[122.75563,-5.46245],[122.76785,-5.46246],[122.76785,-5.46675],[122.77492,-5.46669],[122.77492,-5.45432],[122.77795,-5.45432],[122.77796,-5.43854],[122.78192,-5.43854],[122.78192,-5.42487],[122.77256,-5.42488],[122.77256,-5.42865],[122.76609,-5.42864],[122.76608,-5.44162],[122.75971,-5.44162],[122.75971,-5.44727],[122.75563,-5.44727],[122.75563,-5.46245]]]}},{"type":"Feature","properties":{"inventoryId":"big-mining-wiup:1164","sector":"Tambang","subtype":"WIUP","quality":"OFFICIAL","sourceDataset":"big-mining-wiup","sourceRecordId":"1164","source":"BIG Kebijakan Satu Peta","sourceUrl":"https://kspservices.big.go.id/satupeta/rest/services/PUBLIK/PERIZINAN_DAN_PERTANAHAN/MapServer/4","retrievedAt":"2026-08-28T06:57:32Z","geometryProcessing":"web display simplification tolerance 0.00035 degrees","name":"SINAR JAYA ABADI ACC","issuer":"GUBERNUR","province":"SULAWESI SELATAN","district":"GOWA","permitNumber":"166/I.03/PTSP/2018","permitType":"PT","miningType":"IUP","commodity":"BATUAN","status":"2","validFrom":"2018-11-06","validTo":"2023-11-05","areaHa":1008.0,"location":"DUSUN TOMBONGI","sourceRemark":"-","region":"sulawesi"},"geometry":{"type":"Polygon","coordinates":[[[119.71064,-5.26961],[119.71008,-5.26981],[119.71208,-5.27078],[119.71208,-5.27122],[119.71319,-5.27122],[119.71319,-5.27206],[119.71397,-5.27206],[119.71397,-5.27294],[119.71578,-5.27294],[119.71578,-5.27047],[119.71131,-5.27014],[119.71131,-5.26961],[119.71064,-5.26961]]]}},{"type":"Feature","properties":{"inventoryId":"big-mining-wiup:908","sector":"Tambang","subtype":"WIUP","quality":"OFFICIAL","sourceDataset":"big-mining-wiup","sourceRecordId":"908","source":"BIG Kebijakan Satu Peta","sourceUrl":"https://kspservices.big.go.id/satupeta/rest/services/PUBLIK/PERIZINAN_DAN_PERTANAHAN/MapServer/4","retrievedAt":"2026-08-28T06:57:32Z","geometryProcessing":"web display simplification tolerance 0.00035 degrees","name":"SINAR JAYA SULTRA UTAMA","issuer":"GUBERNUR","province":"SULAWESI TENGGARA","district":"KONAWE UTARA","permitNumber":"583/DPM-PTSP/VII/2018","permitType":"PT","miningType":"IUP","commodity":"NIKEL","status":"2","validFrom":"2012-03-30","validTo":"2032-03-30","areaHa":301.0,"location":"KEC. LASOLO","sourceRemark":"-","region":"sulawesi"},"geometry":{"type":"Polygon","coordinates":[[[122.32679,-3.36667],[122.32679,-3.37788],[122.33395,-3.37788],[122.33395,-3.388],[122.34167,-3.388],[122.34167,-3.36667],[122.32679,-3.36667]]]}},{"type":"Feature","properties":{"inventoryId":"big-mining-wiup:265","sector":"Tambang","subtype":"WIUP","quality":"OFFICIAL","sourceDataset":"big-mining-wiup","sourceRecordId":"265","source":"BIG Kebijakan Satu Peta","sourceUrl":"https://kspservices.big.go.id/satupeta/rest/services/PUBLIK/PERIZINAN_DAN_PERTANAHAN/MapServer/4","retrievedAt":"2026-08-28T06:57:32Z","geometryProcessing":"web display simplification tolerance 0.00035 degrees","name":"SINAR MAKMUR CEMERLANG","issuer":"BUPATI","province":"SULAWESI TENGAH","district":"BANGGAI","permitNumber":"540/519/DESDM-G.ST/2015","permitType":"PT","miningType":"IUP","commodity":"NIKEL","status":"2","validFrom":"2015-09-02","validTo":"2035-05-14","areaHa":3099.0,"location":"KEC. BATUI, BANGGAI","sourceRemark":"-","region":"sulawesi"},"geometry":{"type":"Polygon","coordinates":[[[122.23611,-1.32361],[122.19722,-1.32361],[122.19722,-1.37361],[122.25236,-1.37361],[122.25236,-1.34864],[122.24975,-1.34864],[122.24975,-1.34422],[122.24819,-1.34422],[122.24819,-1.33771],[122.24092,-1.33771],[122.24092,-1.33125],[122.23611,-1.33125],[122.23611,-1.32361]]]}},{"type":"Feature","properties":{"inventoryId":"big-mining-wiup:3594","sector":"Tambang","subtype":"WIUP","quality":"OFFICIAL","sourceDataset":"big-mining-wiup","sourceRecordId":"3594","source":"BIG Kebijakan Satu Peta","sourceUrl":"https://kspservices.big.go.id/satupeta/rest/services/PUBLIK/PERIZINAN_DAN_PERTANAHAN/MapServer/4","retrievedAt":"2026-08-28T06:57:32Z","geometryProcessing":"web display simplification tolerance 0.00035 degrees","name":"SINAR PASIRINDO PERKASA","issuer":"GUBERNUR","province":"SULAWESI TENGGARA","district":"KONAWE","permitNumber":"775/DPMPTSP/XII/2020","permitType":"PT","miningType":"IUP","commodity":"KERIKIL BERPASIR ALAMI (SIRTU)","status":"2","validFrom":"2020-12-10","validTo":"2025-12-10","areaHa":49.46,"location":"-","sourceRemark":"-","region":"sulawesi"},"geometry":{"type":"Polygon","coordinates":[[[122.40548,-3.91804],[122.40548,-3.92088],[122.40773,-3.92088],[122.40773,-3.92428],[122.41251,-3.92428],[122.41251,-3.92681],[122.41111,-3.92681],[122.41111,-3.92971],[122.41707,-3.92971],[122.41707,-3.92527],[122.41489,-3.92527],[122.41489,-3.92408],[122.4087,-3.92408],[122.4087,-3.91804],[122.40548,-3.91804]]]}},{"type":"Feature","properties":{"inventoryId":"big-mining-wiup:1347","sector":"Tambang","subtype":"WIUP","quality":"OFFICIAL","sourceDataset":"big-mining-wiup","sourceRecordId":"1347","source":"BIG Kebijakan Satu Peta","sourceUrl":"https://kspservices.big.go.id/satupeta/rest/services/PUBLIK/PERIZINAN_DAN_PERTANAHAN/MapServer/4","retrievedAt":"2026-08-28T06:57:32Z","geometryProcessing":"web display simplification tolerance 0.00035 degrees","name":"SINAR TAMBANG","issuer":"GUBERNUR","province":"GORONTALO","district":"GORONTALO","permitNumber":"65/DPMESDM-TRANS/IPR-P1/XI/2020","permitType":"KELOMPOK","miningType":"IPR","commodity":"TEMBAGA","status":"2","validFrom":"2020-11-11","validTo":"2025-11-11","areaHa":5.0,"location":"DESA SUKA DAMAI, KEC. BILATO, KAB. GORONTALO","sourceRemark":"-","region":"sulawesi"},"geometry":{"type":"Polygon","coordinates":[[[122.65979,0.5905],[122.66003,0.58921],[122.66263,0.59109],[122.66263,0.59242],[122.65979,0.5905]]]}},{"type":"Feature","properties":{"inventoryId":"big-mining-wiup:490","sector":"Tambang","subtype":"WIUP","quality":"OFFICIAL","sourceDataset":"big-mining-wiup","sourceRecordId":"490","source":"BIG Kebijakan Satu Peta","sourceUrl":"https://kspservices.big.go.id/satupeta/rest/services/PUBLIK/PERIZINAN_DAN_PERTANAHAN/MapServer/4","retrievedAt":"2026-08-28T06:57:32Z","geometryProcessing":"web display simplification tolerance 0.00035 degrees","name":"SINOSTEEL INDONESIA MINING","issuer":"MENTERI","province":"SULAWESI TENGAH","district":"MOROWALI UTARA","permitNumber":"6/1/IUP/PMA/2022","permitType":"PT","miningType":"IUP","commodity":"NIKEL","status":"2","validFrom":"2021-12-30","validTo":"2041-12-30","areaHa":2038.7,"location":"KEC. LEMBO RAYA DAN PETASIA","sourceRemark":"PMA","region":"sulawesi"},"geometry":{"type":"Polygon","coordinates":[[[121.3306,-2.16757],[121.3306,-2.17828],[121.34172,-2.17828],[121.34172,-2.17933],[121.34319,-2.17933],[121.34319,-2.18844],[121.35747,-2.18844],[121.35747,-2.18622],[121.36175,-2.18622],[121.36175,-2.18744],[121.37006,-2.18744],[121.37006,-2.19703],[121.34442,-2.19703],[121.34442,-2.21628],[121.37006,-2.21628],[121.37006,-2.21516],[121.38005,-2.21516],[121.38005,-2.16757],[121.3306,-2.16757]]]}},{"type":"Feature","properties":{"inventoryId":"big-mining-wiup:2209","sector":"Tambang","subtype":"WIUP","quality":"OFFICIAL","sourceDataset":"big-mining-wiup","sourceRecordId":"2209","source":"BIG Kebijakan Satu Peta","sourceUrl":"https://kspservices.big.go.id/satupeta/rest/services/PUBLIK/PERIZINAN_DAN_PERTANAHAN/MapServer/4","retrievedAt":"2026-08-28T06:57:32Z","geometryProcessing":"web display simplification tolerance 0.00035 degrees","name":"SOIL EXCAVATION","issuer":"GUBERNUR","province":"SULAWESI TENGAH","district":"MOROWALI UTARA","permitNumber":"540/716/IUP-E/DPMPTSP/2019","permitType":"CV","miningType":"IUP","commodity":"TANAH URUG","status":"1","validFrom":"2019-12-23","validTo":"2022-12-23","areaHa":9.7,"location":"DESA KOROLOLAMA, KEC. PETASIA","sourceRemark":"-","region":"sulawesi"},"geometry":{"type":"Polygon","coordinates":[[[121.35467,-2.01541],[121.35467,-2.01761],[121.35357,-2.01761],[121.35318,-2.01831],[121.35359,-2.02044],[121.35474,-2.02044],[121.35474,-2.01951],[121.35553,-2.01951],[121.35553,-2.01722],[121.35657,-2.01722],[121.35657,-2.01629],[121.35519,-2.01629],[121.35519,-2.01541],[121.35467,-2.01541]]]}},{"type":"Feature","properties":{"inventoryId":"big-mining-wiup:1251","sector":"Tambang","subtype":"WIUP","quality":"OFFICIAL","sourceDataset":"big-mining-wiup","sourceRecordId":"1251","source":"BIG Kebijakan Satu Peta","sourceUrl":"https://kspservices.big.go.id/satupeta/rest/services/PUBLIK/PERIZINAN_DAN_PERTANAHAN/MapServer/4","retrievedAt":"2026-08-28T06:57:32Z","geometryProcessing":"web display simplification tolerance 0.00035 degrees","name":"ST NICKEL RESOURCES","issuer":"BUPATI","province":"SULAWESI TENGGARA","district":"KONAWE","permitNumber":"224 TAHUN 2014","permitType":"PT","miningType":"IUP","commodity":"BIJIH NIKEL","status":"2","validFrom":"2014-07-16","validTo":"2029-10-27","areaHa":1818.0,"location":"KEC. BESULUTU, AMONGGGEDO","sourceRemark":"-","region":"sulawesi"},"geometry":{"type":"Polygon","coordinates":[[[122.26154,-3.89111],[122.26154,-3.89983],[122.26351,-3.89983],[122.26351,-3.91091],[122.26154,-3.91091],[122.26154,-3.93075],[122.24273,-3.93075],[122.24273,-3.93743],[122.24655,-3.93743],[122.24655,-3.94731],[122.24183,-3.94731],[122.24183,-3.94917],[122.23546,-3.94917],[122.23546,-3.94731],[122.23455,-3.94731],[122.23455,-3.94557],[122.22937,-3.94557],[122.22937,-3.95311],[122.24187,-3.95311],[122.24187,-3.95104],[122.24656,-3.95104],[122.24656,-3.95563],[122.24871,-3.95563],[122.24871,-3.95987],[122.25512,-3.95987],[122.25512,-3.95027],[122.2667,-3.95027],[122.2667,-3.94214],[122.26188,-3.94214],[122.26188,-3.9355],[122.26667,-3.9355],[122.26667,-3.92504],[122.30263,-3.92504],[122.30263,-3.91667],[122.28569,-3.91667],[122.28569,-3.91025],[122.28333,-3.91025],[122.28333,-3.89111],[122.26154,-3.89111]]]}},{"type":"Feature","properties":{"inventoryId":"big-mining-wiup:330","sector":"Tambang","subtype":"WIUP","quality":"OFFICIAL","sourceDataset":"big-mining-wiup","sourceRecordId":"330","source":"BIG Kebijakan Satu Peta","sourceUrl":"https://kspservices.big.go.id/satupeta/rest/services/PUBLIK/PERIZINAN_DAN_PERTANAHAN/MapServer/4","retrievedAt":"2026-08-28T06:57:32Z","geometryProcessing":"web display simplification tolerance 0.00035 degrees","name":"STARGATE DUA PASIFIC RESOURCES","issuer":"GUBERNUR","province":"SULAWESI TENGGARA","district":"KONAWE UTARA","permitNumber":"772/DPMPTSP/XII/2020","permitType":"PT","miningType":"IUP","commodity":"NIKEL","status":"2","validFrom":"2011-02-01","validTo":"2031-02-01","areaHa":461.1,"location":"KEC. LANGGIKIMA, KONAWE UTARA","sourceRemark":"-","region":"sulawesi"},"geometry":{"type":"Polygon","coordinates":[[[122.255,-3.27361],[122.255,-3.28345],[122.28333,-3.28345],[122.28333,-3.28867],[122.29474,-3.28867],[122.29474,-3.28708],[122.28982,-3.28708],[122.28982,-3.28571],[122.28719,-3.28571],[122.28719,-3.27864],[122.29118,-3.27864],[122.29118,-3.27361],[122.255,-3.27361]]]}},{"type":"Feature","properties":{"inventoryId":"big-mining-wiup:813","sector":"Tambang","subtype":"WIUP","quality":"OFFICIAL","sourceDataset":"big-mining-wiup","sourceRecordId":"813","source":"BIG Kebijakan Satu Peta","sourceUrl":"https://kspservices.big.go.id/satupeta/rest/services/PUBLIK/PERIZINAN_DAN_PERTANAHAN/MapServer/4","retrievedAt":"2026-08-28T06:57:32Z","geometryProcessing":"web display simplification tolerance 0.00035 degrees","name":"STARGATE PASIFIC RESOURCES","issuer":"GUBERNUR","province":"SULAWESI TENGGARA","district":"KONAWE UTARA","permitNumber":"668 Tahun 2017","permitType":"PT","miningType":"IUP","commodity":"NIKEL","status":"2","validFrom":"2017-08-03","validTo":"2029-12-21","areaHa":1213.2,"location":"LANGGIKIMA","sourceRemark":"-","region":"sulawesi"},"geometry":{"type":"Polygon","coordinates":[[[122.29511,-3.28942],[122.27894,-3.28942],[122.27894,-3.33641],[122.25827,-3.33651],[122.25827,-3.33143],[122.25456,-3.33143],[122.25456,-3.33594],[122.2566,-3.33594],[122.2566,-3.33849],[122.25812,-3.33849],[122.25812,-3.34223],[122.25999,-3.34223],[122.25999,-3.34421],[122.24638,-3.34421],[122.24638,-3.34604],[122.2483,-3.34604],[122.2483,-3.35544],[122.24572,-3.35544],[122.24572,-3.35437],[122.242,-3.35437],[122.242,-3.36667],[122.24572,-3.36667],[122.24572,-3.35708],[122.25,-3.35708],[122.25,-3.34604],[122.2616,-3.34604],[122.2616,-3.35642],[122.2626,-3.35642],[122.2626,-3.36641],[122.26944,-3.36641],[122.26944,-3.36086],[122.26627,-3.35889],[122.26548,-3.35538],[122.26566,-3.35462],[122.26727,-3.35375],[122.2672,-3.35217],[122.26627,-3.35133],[122.26614,-3.34986],[122.26796,-3.34781],[122.26852,-3.34781],[122.26852,-3.34719],[122.26916,-3.34719],[122.26969,-3.34573],[122.27056,-3.34573],[122.27056,-3.34417],[122.27817,-3.34417],[122.27817,-3.34596],[122.28556,-3.34596],[122.28556,-3.34877],[122.28458,-3.34877],[122.28458,-3.35319],[122.28746,-3.3535],[122.28746,-3.35479],[122.29179,-3.35479],[122.29179,-3.35147],[122.29227,-3.35147],[122.29196,-3.34403],[122.28297,-3.34403],[122.28297,-3.34122],[122.2834,-3.34122],[122.2834,-3.34022],[122.28439,-3.33872],[122.28428,-3.33495],[122.28574,-3.3322],[122.28574,-3.33045],[122.28933,-3.33045],[122.29002,-3.31553],[122.29091,-3.31489],[122.29091,-3.31368],[122.29039,-3.31328],[122.28583,-3.31328],[122.28583,-3.30314],[122.28697,-3.30314],[122.28697,-3.30222],[122.28764,-3.30222],[122.28764,-3.30047],[122.28828,-3.30047],[122.28828,-3.29889],[122.28892,-3.29889],[122.28892,-3.29722],[122.29094,-3.29722],[122.29094,-3.29584],[122.29269,-3.29584],[122.29269,-3.29445],[122.29342,-3.29445],[122.29342,-3.2925],[122.29419,-3.2925],[122.29419,-3.29139],[122.29511,-3.29139],[122.29511,-3.28942]]]}},{"type":"Feature","properties":{"inventoryId":"big-mining-wiup:4147","sector":"Tambang","subtype":"WIUP","quality":"OFFICIAL","sourceDataset":"big-mining-wiup","sourceRecordId":"4147","source":"BIG Kebijakan Satu Peta","sourceUrl":"https://kspservices.big.go.id/satupeta/rest/services/PUBLIK/PERIZINAN_DAN_PERTANAHAN/MapServer/4","retrievedAt":"2026-08-28T06:57:32Z","geometryProcessing":"web display simplification tolerance 0.00035 degrees","name":"SUKSES BATU ALAM","issuer":"MENTERI","province":"SULAWESI SELATAN","district":"LUWU UTARA","permitNumber":"1293/1/IUP/PMDN/2021","permitType":"CV","miningType":"IUP","commodity":"KERIKIL BERPASIR ALAMI (SIRTU)","status":"1","validFrom":"2021-10-29","validTo":"2024-10-29","areaHa":5.21,"location":"DESA PANDAK, KECAMATAN MASAMBA, KABUPATEN LUWU UTARA, PROVINSI SULAWESI SELATAN","sourceRemark":"-","region":"sulawesi"},"geometry":{"type":"Polygon","coordinates":[[[120.35157,-2.57061],[120.35086,-2.5738],[120.35281,-2.5738],[120.35281,-2.57278],[120.35232,-2.57278],[120.3528,-2.57137],[120.35242,-2.57061],[120.35157,-2.57061]]]}},{"type":"Feature","properties":{"inventoryId":"big-mining-wiup:537","sector":"Tambang","subtype":"WIUP","quality":"OFFICIAL","sourceDataset":"big-mining-wiup","sourceRecordId":"537","source":"BIG Kebijakan Satu Peta","sourceUrl":"https://kspservices.big.go.id/satupeta/rest/services/PUBLIK/PERIZINAN_DAN_PERTANAHAN/MapServer/4","retrievedAt":"2026-08-28T06:57:32Z","geometryProcessing":"web display simplification tolerance 0.00035 degrees","name":"SULAWESI CAHAYA MINERAL","issuer":"MENTERI","province":"SULAWESI TENGGARA","district":"KONAWE","permitNumber":"67/1/IUP/PMA/2019","permitType":"PT","miningType":"IUP","commodity":"NIKEL","status":"2","validFrom":"2019-11-18","validTo":"2037-09-14","areaHa":21100.0,"location":"KECAMATAN ROUTA","sourceRemark":"PMA","region":"sulawesi"},"geometry":{"type":"Polygon","coordinates":[[[121.92389,-3.02778],[121.92389,-3.02389],[121.91778,-3.02389],[121.91778,-3.01889],[121.91111,-3.01889],[121.91111,-3.01611],[121.90833,-3.01611],[121.90833,-3.01472],[121.89889,-3.01472],[121.89889,-3.01333],[121.89583,-3.01333],[121.89583,-3.01083],[121.8825,-3.01083],[121.8825,-3.00861],[121.88167,-3.00861],[121.88167,-3.00417],[121.87611,-3.00417],[121.87611,-2.99639],[121.86972,-2.99639],[121.86972,-2.97278],[121.86611,-2.97278],[121.86611,-2.97111],[121.84472,-2.97111],[121.84472,-2.97361],[121.83028,-2.97361],[121.83028,-2.97194],[121.825,-2.97194],[121.825,-2.96972],[121.8225,-2.96972],[121.8225,-2.965],[121.81944,-2.965],[121.81944,-2.96083],[121.81306,-2.96083],[121.81306,-2.9575],[121.80639,-2.9575],[121.80639,-2.95472],[121.80194,-2.95472],[121.80194,-2.95194],[121.79806,-2.95194],[121.79806,-2.94944],[121.79389,-2.94944],[121.79389,-2.94667],[121.76694,-2.94667],[121.76694,-2.93472],[121.76333,-2.93472],[121.76333,-2.93028],[121.7525,-2.93028],[121.7525,-2.92444],[121.73611,-2.92444],[121.73611,-2.91861],[121.72083,-2.91861],[121.72083,-3.0125],[121.74167,-3.0125],[121.74167,-3.03333],[121.76667,-3.03333],[121.76667,-3.05],[121.825,-3.05],[121.825,-3.06667],[121.89583,-3.06667],[121.89583,-3.0625],[121.9,-3.0625],[121.9,-3.05417],[121.90417,-3.05417],[121.90417,-3.05],[121.9125,-3.05],[121.9125,-3.04583],[121.92083,-3.04583],[121.92083,-3.04167],[121.93333,-3.04167],[121.93333,-3.03083],[121.92972,-3.03083],[121.92972,-3.02778],[121.92389,-3.02778]]]}},{"type":"Feature","properties":{"inventoryId":"big-mining-wiup:4377","sector":"Tambang","subtype":"WIUP","quality":"OFFICIAL","sourceDataset":"big-mining-wiup","sourceRecordId":"4377","source":"BIG Kebijakan Satu Peta","sourceUrl":"https://kspservices.big.go.id/satupeta/rest/services/PUBLIK/PERIZINAN_DAN_PERTANAHAN/MapServer/4","retrievedAt":"2026-08-28T06:57:32Z","geometryProcessing":"web display simplification tolerance 0.00035 degrees","name":"SULAWESI SUKSES JAYA","issuer":"GUBERNUR","province":"SULAWESI TENGGARA","district":"KONAWE UTARA","permitNumber":"736/DPM-PTSP/IX/2018","permitType":"PT","miningType":"IUP","commodity":"BATU GAMPING","status":"2","validFrom":"2018-09-26","validTo":"2023-09-26","areaHa":10.71,"location":"DESA ANDEO KECAMATAN LASOLO","sourceRemark":"-","region":"sulawesi"},"geometry":{"type":"Polygon","coordinates":[[[122.25073,-3.69125],[122.25073,-3.6953],[122.25526,-3.6953],[122.25526,-3.69195],[122.25449,-3.69195],[122.25449,-3.69433],[122.25155,-3.69433],[122.25155,-3.69125],[122.25073,-3.69125]]]}},{"type":"Feature","properties":{"inventoryId":"big-mining-wiup:4490","sector":"Tambang","subtype":"WIUP","quality":"OFFICIAL","sourceDataset":"big-mining-wiup","sourceRecordId":"4490","source":"BIG Kebijakan Satu Peta","sourceUrl":"https://kspservices.big.go.id/satupeta/rest/services/PUBLIK/PERIZINAN_DAN_PERTANAHAN/MapServer/4","retrievedAt":"2026-08-28T06:57:32Z","geometryProcessing":"web display simplification tolerance 0.00035 degrees","name":"SULAWESI UTAMA MANDIRI","issuer":"GUBERNUR","province":"SULAWESI TENGAH","district":"MOROWALI","permitNumber":"540/291/IUP-E/DPMPTSP/2020","permitType":"CV","miningType":"IUP","commodity":"BATU GAMPING","status":"1","validFrom":"2020-06-11","validTo":"2023-06-11","areaHa":109.68,"location":"DESA TANGOFA, KECAMATAN BUNGKU PESISIR, KABUPATEN MOROWALI, PROVINSI SULAWESI TENGAH","sourceRemark":"-","region":"sulawesi"},"geometry":{"type":"Polygon","coordinates":[[[122.2983,-2.91611],[122.29593,-2.91611],[122.29593,-2.92411],[122.29488,-2.92411],[122.29488,-2.92581],[122.29379,-2.92581],[122.29379,-2.92744],[122.29223,-2.92744],[122.29223,-2.92862],[122.29091,-2.92862],[122.29091,-2.92976],[122.28954,-2.92976],[122.28954,-2.93072],[122.28797,-2.93072],[122.28797,-2.93416],[122.29812,-2.93416],[122.2983,-2.91611]]]}},{"type":"Feature","properties":{"inventoryId":"big-mining-wiup:1680","sector":"Tambang","subtype":"WIUP","quality":"OFFICIAL","sourceDataset":"big-mining-wiup","sourceRecordId":"1680","source":"BIG Kebijakan Satu Peta","sourceUrl":"https://kspservices.big.go.id/satupeta/rest/services/PUBLIK/PERIZINAN_DAN_PERTANAHAN/MapServer/4","retrievedAt":"2026-08-28T06:57:32Z","geometryProcessing":"web display simplification tolerance 0.00035 degrees","name":"SULEMANDARA KONAWE","issuer":"BUPATI","province":"SULAWESI TENGGARA","district":"KONAWE","permitNumber":"383 TAHUN 2009","permitType":"PT","miningType":"IUP","commodity":"NIKEL","status":"2","validFrom":"2008-05-25","validTo":"2028-03-25","areaHa":100.0,"location":"DESA PONDIDAHA, KEC. PONDIDAHA","sourceRemark":"-","region":"sulawesi"},"geometry":{"type":"Polygon","coordinates":[[[122.2417,-3.94902],[122.2417,-3.9467],[122.24306,-3.9467],[122.24306,-3.94461],[122.24453,-3.94461],[122.24453,-3.94117],[122.2459,-3.94117],[122.2459,-3.93906],[122.23565,-3.93906],[122.23565,-3.94902],[122.2417,-3.94902]]]}},{"type":"Feature","properties":{"inventoryId":"big-mining-wiup:1105","sector":"Tambang","subtype":"WIUP","quality":"OFFICIAL","sourceDataset":"big-mining-wiup","sourceRecordId":"1105","source":"BIG Kebijakan Satu Peta","sourceUrl":"https://kspservices.big.go.id/satupeta/rest/services/PUBLIK/PERIZINAN_DAN_PERTANAHAN/MapServer/4","retrievedAt":"2026-08-28T06:57:32Z","geometryProcessing":"web display simplification tolerance 0.00035 degrees","name":"SULTRA SARANA BUMI","issuer":"BUPATI","province":"SULAWESI TENGGARA","district":"KONAWE UTARA","permitNumber":"380 TAHUN 2014","permitType":"PT","miningType":"IUP","commodity":"NIKEL","status":"2","validFrom":"2014-08-25","validTo":"2030-08-17","areaHa":2630.0,"location":"KEC.LASOLO KAB.KONUT","sourceRemark":"-","region":"sulawesi"},"geometry":{"type":"Polygon","coordinates":[[[122.195,-3.49622],[122.20778,-3.49622],[122.20778,-3.48489],[122.21222,-3.48489],[122.21225,-3.47451],[122.22417,-3.47447],[122.22417,-3.46367],[122.23833,-3.46367],[122.23833,-3.44484],[122.22983,-3.44484],[122.22983,-3.44391],[122.2289,-3.44391],[122.2289,-3.44315],[122.22776,-3.44315],[122.22776,-3.44235],[122.22684,-3.44235],[122.22684,-3.44144],[122.22516,-3.44144],[122.22516,-3.44071],[122.22348,-3.44071],[122.22348,-3.43982],[122.22194,-3.43982],[122.22194,-3.43927],[122.22037,-3.43927],[122.22037,-3.43887],[122.20621,-3.43887],[122.20621,-3.43938],[122.20417,-3.43984],[122.20417,-3.44037],[122.20324,-3.44037],[122.20324,-3.44086],[122.20228,-3.44086],[122.20228,-3.44145],[122.20056,-3.44198],[122.20055,-3.45162],[122.19306,-3.45162],[122.19306,-3.46654],[122.19205,-3.46654],[122.19205,-3.45081],[122.19113,-3.45081],[122.19113,-3.45161],[122.18627,-3.45161],[122.18627,-3.45076],[122.18532,-3.45076],[122.18532,-3.44932],[122.18465,-3.44932],[122.18465,-3.44492],[122.18538,-3.44492],[122.18538,-3.44196],[122.18396,-3.44196],[122.18396,-3.44104],[122.18238,-3.44104],[122.18238,-3.43946],[122.18146,-3.43946],[122.18146,-3.44744],[122.17444,-3.44744],[122.17444,-3.44153],[122.16194,-3.44153],[122.16194,-3.455],[122.18333,-3.455],[122.18332,-3.47456],[122.19167,-3.47456],[122.19167,-3.48464],[122.195,-3.48464],[122.195,-3.49622]]]}},{"type":"Feature","properties":{"inventoryId":"big-mining-wiup:3504","sector":"Tambang","subtype":"WIUP","quality":"OFFICIAL","sourceDataset":"big-mining-wiup","sourceRecordId":"3504","source":"BIG Kebijakan Satu Peta","sourceUrl":"https://kspservices.big.go.id/satupeta/rest/services/PUBLIK/PERIZINAN_DAN_PERTANAHAN/MapServer/4","retrievedAt":"2026-08-28T06:57:32Z","geometryProcessing":"web display simplification tolerance 0.00035 degrees","name":"SULUT SOLOG TAMBANG","issuer":"GUBERNUR","province":"SULAWESI UTARA","district":"BOLAANG MONGONDOW","permitNumber":"503/DPMPTSPD/IUP-OP/148/VII/2018","permitType":"PT","miningType":"IUP","commodity":"BATU GAMPING","status":"2","validFrom":"2018-07-11","validTo":"2023-07-11","areaHa":456.85,"location":"DESA SOLOG KECAMATAN LOLAK KABUPATEN BOLAANG MONGONDOW SULAWESI UTARA","sourceRemark":"-","region":"sulawesi"},"geometry":{"type":"Polygon","coordinates":[[[124.08964,0.90175],[124.08867,0.90175],[124.08867,0.90403],[124.08757,0.90403],[124.08757,0.90588],[124.08607,0.90588],[124.08607,0.90713],[124.0848,0.90713],[124.0848,0.90853],[124.08401,0.90853],[124.08401,0.91018],[124.08341,0.91018],[124.08341,0.91176],[124.08262,0.91176],[124.08262,0.91342],[124.0818,0.91342],[124.0818,0.91629],[124.08302,0.91629],[124.08302,0.91726],[124.08398,0.91726],[124.08398,0.91833],[124.08502,0.91833],[124.08502,0.9216],[124.08034,0.9216],[124.08034,0.92092],[124.07902,0.92092],[124.07902,0.92013],[124.07792,0.92013],[124.07792,0.91916],[124.07703,0.91916],[124.07703,0.91787],[124.07624,0.91787],[124.07624,0.91306],[124.07705,0.91306],[124.07752,0.90839],[124.07813,0.90839],[124.07867,0.90594],[124.07939,0.90594],[124.07939,0.90326],[124.07988,0.90326],[124.07939,0.901],[124.07877,0.901],[124.07877,0.89694],[124.07939,0.89694],[124.07939,0.89547],[124.08059,0.89547],[124.08059,0.89317],[124.08187,0.89317],[124.08187,0.89037],[124.08394,0.89037],[124.08394,0.888],[124.08593,0.888],[124.08593,0.8857],[124.08761,0.8857],[124.08761,0.88351],[124.0906,0.88351],[124.0906,0.88204],[124.09248,0.88204],[124.09248,0.88102],[124.09431,0.88102],[124.09431,0.88219],[124.0957,0.88219],[124.0957,0.88288],[124.09849,0.88288],[124.09849,0.88659],[124.09738,0.88659],[124.09738,0.88799],[124.09656,0.88799],[124.09656,0.88961],[124.09578,0.88961],[124.09578,0.8912],[124.09491,0.8912],[124.09491,0.89273],[124.09418,0.89273],[124.09418,0.89431],[124.0933,0.89431],[124.0933,0.89577],[124.0925,0.89577],[124.0925,0.89723],[124.09154,0.89723],[124.09154,0.8987],[124.09059,0.8987],[124.09059,0.90024],[124.08964,0.90024],[124.08964,0.90175]]]}},{"type":"Feature","properties":{"inventoryId":"big-mining-wiup:2725","sector":"Tambang","subtype":"WIUP","quality":"OFFICIAL","sourceDataset":"big-mining-wiup","sourceRecordId":"2725","source":"BIG Kebijakan Satu Peta","sourceUrl":"https://kspservices.big.go.id/satupeta/rest/services/PUBLIK/PERIZINAN_DAN_PERTANAHAN/MapServer/4","retrievedAt":"2026-08-28T06:57:32Z","geometryProcessing":"web display simplification tolerance 0.00035 degrees","name":"SUMARDI","issuer":"GUBERNUR","province":"SULAWESI SELATAN","district":"WAJO","permitNumber":"72/I.03/PTSP/2019","permitType":"SDR","miningType":"IUP","commodity":"PASIR","status":"2","validFrom":"2019-07-22","validTo":"2024-07-22","areaHa":3.09,"location":"DESA LOWA, KEC. TANASITOLO, KAB. WAJO","sourceRemark":"-","region":"sulawesi"},"geometry":{"type":"Polygon","coordinates":[[[119.99994,-4.00667],[120.00074,-4.00887],[120.00254,-4.00953],[120.00068,-4.00838],[119.99919,-4.00526],[119.99703,-4.00443],[119.99458,-4.00227],[119.99682,-4.0046],[119.99869,-4.00506],[119.99994,-4.00667]]]}},{"type":"Feature","properties":{"inventoryId":"big-mining-wiup:4579","sector":"Tambang","subtype":"WIUP","quality":"OFFICIAL","sourceDataset":"big-mining-wiup","sourceRecordId":"4579","source":"BIG Kebijakan Satu Peta","sourceUrl":"https://kspservices.big.go.id/satupeta/rest/services/PUBLIK/PERIZINAN_DAN_PERTANAHAN/MapServer/4","retrievedAt":"2026-08-28T06:57:32Z","geometryProcessing":"web display simplification tolerance 0.00035 degrees","name":"SUMARDI","issuer":"GUBERNUR","province":"SULAWESI SELATAN","district":"LUWU UTARA","permitNumber":"68/I.02/PTSP/2020","permitType":"SDR","miningType":"IUP","commodity":"KERIKIL BERPASIR ALAMI (SIRTU)","status":"1","validFrom":"2020-11-26","validTo":"2022-11-26","areaHa":7.5600000000000005,"location":"KALUKU","sourceRemark":"-","region":"sulawesi"},"geometry":{"type":"Polygon","coordinates":[[[120.45874,-2.56733],[120.45874,-2.56617],[120.45798,-2.56617],[120.45798,-2.56537],[120.45741,-2.56537],[120.45716,-2.56273],[120.45621,-2.56273],[120.45656,-2.56655],[120.4575,-2.56733],[120.45874,-2.56733]]]}},{"type":"Feature","properties":{"inventoryId":"big-mining-wiup:4304","sector":"Tambang","subtype":"WIUP","quality":"OFFICIAL","sourceDataset":"big-mining-wiup","sourceRecordId":"4304","source":"BIG Kebijakan Satu Peta","sourceUrl":"https://kspservices.big.go.id/satupeta/rest/services/PUBLIK/PERIZINAN_DAN_PERTANAHAN/MapServer/4","retrievedAt":"2026-08-28T06:57:32Z","geometryProcessing":"web display simplification tolerance 0.00035 degrees","name":"SUMBER BATUAN PRIMA","issuer":"GUBERNUR","province":"SULAWESI TENGAH","district":"KOTA PALU","permitNumber":"540/499/IUP-OP/DPMPTSP/2018","permitType":"PT","miningType":"IUP","commodity":"BATU GUNUNG QUARRY BESAR","status":"2","validFrom":"2018-07-18","validTo":"2023-07-18","areaHa":10.2,"location":"JL. MALONDA KEL. WATUSAMPU KEC. ULUJADI, PALU – SULAWESI TENGAH","sourceRemark":"-","region":"sulawesi"},"geometry":{"type":"Polygon","coordinates":[[[119.79807,-0.82182],[119.79906,-0.82334],[119.79817,-0.82384],[119.79994,-0.82684],[119.79986,-0.8255],[119.80082,-0.82503],[119.80086,-0.82414],[119.80051,-0.82355],[119.8,-0.82398],[119.79936,-0.82133],[119.79991,-0.82094],[119.79921,-0.82024],[119.79807,-0.82182]]]}},{"type":"Feature","properties":{"inventoryId":"big-mining-wiup:327","sector":"Tambang","subtype":"WIUP","quality":"OFFICIAL","sourceDataset":"big-mining-wiup","sourceRecordId":"327","source":"BIG Kebijakan Satu Peta","sourceUrl":"https://kspservices.big.go.id/satupeta/rest/services/PUBLIK/PERIZINAN_DAN_PERTANAHAN/MapServer/4","retrievedAt":"2026-08-28T06:57:32Z","geometryProcessing":"web display simplification tolerance 0.00035 degrees","name":"SUMBER ENERGI JAYA","issuer":"BUPATI","province":"SULAWESI UTARA","district":"MINAHASA SELATAN","permitNumber":"87 TAHUN 2010","permitType":"PT","miningType":"IUP","commodity":"EMAS","status":"2","validFrom":"2010-06-04","validTo":"2030-06-03","areaHa":822.3,"location":"DESA KARIMBOW, DESA TOKIN DAN DESA PICUAN, KEC. MOTOLING TIMUR, KAB. MINAHASA SELATAN","sourceRemark":"-","region":"sulawesi"},"geometry":{"type":"Polygon","coordinates":[[[124.56215,1.11082],[124.56215,1.09875],[124.55868,1.09875],[124.55868,1.0956],[124.55463,1.0956],[124.55463,1.09306],[124.54673,1.09306],[124.54673,1.08988],[124.54287,1.08988],[124.54287,1.06699],[124.5441,1.06699],[124.5441,1.06418],[124.54572,1.06418],[124.54572,1.0592],[124.54838,1.0592],[124.54838,1.05187],[124.55099,1.05187],[124.55099,1.04776],[124.5536,1.04776],[124.5536,1.04167],[124.5575,1.04167],[124.5575,1.04306],[124.55917,1.04306],[124.55917,1.04417],[124.56056,1.04417],[124.56056,1.04528],[124.56444,1.04528],[124.56444,1.04667],[124.56306,1.04667],[124.56306,1.04833],[124.56111,1.04833],[124.56111,1.04917],[124.56028,1.04917],[124.56028,1.05],[124.55889,1.05],[124.55889,1.05167],[124.55778,1.05167],[124.55778,1.055],[124.55528,1.055],[124.55528,1.05833],[124.55695,1.05833],[124.55695,1.06028],[124.555,1.06028],[124.555,1.06194],[124.55389,1.06194],[124.55389,1.06389],[124.5525,1.06417],[124.5525,1.06583],[124.55194,1.06583],[124.55194,1.0675],[124.55139,1.0675],[124.55111,1.06889],[124.54944,1.06944],[124.54944,1.07278],[124.55309,1.07278],[124.55309,1.0775],[124.55056,1.0775],[124.55056,1.08194],[124.55139,1.08194],[124.55139,1.08556],[124.55056,1.08556],[124.55,1.08806],[124.55611,1.08806],[124.55611,1.08972],[124.55722,1.08972],[124.55722,1.09167],[124.56083,1.09167],[124.56083,1.09444],[124.56528,1.09444],[124.56528,1.09522],[124.57333,1.09522],[124.57333,1.09972],[124.57417,1.09972],[124.57417,1.10694],[124.575,1.10694],[124.575,1.11082],[124.56215,1.11082]]]}},{"type":"Feature","properties":{"inventoryId":"big-mining-wiup:467","sector":"Tambang","subtype":"WIUP","quality":"OFFICIAL","sourceDataset":"big-mining-wiup","sourceRecordId":"467","source":"BIG Kebijakan Satu Peta","sourceUrl":"https://kspservices.big.go.id/satupeta/rest/services/PUBLIK/PERIZINAN_DAN_PERTANAHAN/MapServer/4","retrievedAt":"2026-08-28T06:57:32Z","geometryProcessing":"web display simplification tolerance 0.00035 degrees","name":"SUMBER ENERGI JAYA","issuer":"BUPATI","province":"SULAWESI UTARA","district":"MINAHASA TENGGARA","permitNumber":"221 TAHUN 2014","permitType":"PT","miningType":"IUP","commodity":"EMAS","status":"2","validFrom":"2014-12-01","validTo":"2031-09-26","areaHa":301.44,"location":"DESA RATATOTOK SATU, KEC. RATATOTOK, KAB. MINAHASA TENGGARA","sourceRemark":"-","region":"sulawesi"},"geometry":{"type":"Polygon","coordinates":[[[124.65639,0.89083],[124.66047,0.89083],[124.66047,0.89167],[124.66667,0.89167],[124.66667,0.89806],[124.64444,0.89806],[124.64444,0.88333],[124.65639,0.88333],[124.65639,0.89083]]]}},{"type":"Feature","properties":{"inventoryId":"big-mining-wiup:832","sector":"Tambang","subtype":"WIUP","quality":"OFFICIAL","sourceDataset":"big-mining-wiup","sourceRecordId":"832","source":"BIG Kebijakan Satu Peta","sourceUrl":"https://kspservices.big.go.id/satupeta/rest/services/PUBLIK/PERIZINAN_DAN_PERTANAHAN/MapServer/4","retrievedAt":"2026-08-28T06:57:32Z","geometryProcessing":"web display simplification tolerance 0.00035 degrees","name":"SUMBER ENERGI JAYA","issuer":"BUPATI","province":"SULAWESI UTARA","district":"MINAHASA TENGGARA","permitNumber":"130 TAHUN 2011","permitType":"PT","miningType":"IUP","commodity":"EMAS","status":"2","validFrom":"2011-10-10","validTo":"2030-07-30","areaHa":836.1,"location":"KEC. TOULUANN SEL, MINAHASA TENGG","sourceRemark":"-","region":"sulawesi"},"geometry":{"type":"Polygon","coordinates":[[[124.57028,1.09389],[124.56556,1.09389],[124.56556,1.09194],[124.56167,1.09194],[124.56167,1.09028],[124.5575,1.09],[124.5575,1.08806],[124.55639,1.08806],[124.55639,1.08694],[124.55222,1.08694],[124.55222,1.07861],[124.55444,1.07861],[124.55444,1.07194],[124.55083,1.07194],[124.55083,1.06972],[124.55139,1.06972],[124.55139,1.06889],[124.55194,1.06861],[124.55306,1.06861],[124.55306,1.06556],[124.55472,1.06556],[124.55472,1.06306],[124.55611,1.06306],[124.55611,1.06139],[124.5575,1.06139],[124.5575,1.06056],[124.55806,1.06056],[124.55806,1.05778],[124.55722,1.05778],[124.55722,1.05722],[124.55611,1.05667],[124.55611,1.05583],[124.55778,1.05583],[124.55778,1.05528],[124.55861,1.05528],[124.55861,1.05417],[124.56083,1.05417],[124.56083,1.05194],[124.56222,1.05194],[124.56222,1.04972],[124.56333,1.04972],[124.56333,1.04833],[124.56417,1.04833],[124.56417,1.0475],[124.56528,1.0475],[124.56528,1.04556],[124.56667,1.045],[124.56667,1.04333],[124.56139,1.04306],[124.56139,1.0425],[124.55972,1.0425],[124.55972,1.04139],[124.55861,1.04139],[124.55861,1.04028],[124.555,1.03972],[124.55472,1.03665],[124.57513,1.03663],[124.57513,1.05981],[124.56775,1.05981],[124.56775,1.06226],[124.56563,1.06226],[124.56563,1.06487],[124.56327,1.06487],[124.56327,1.06958],[124.56108,1.06958],[124.56108,1.08188],[124.56344,1.08188],[124.56344,1.08504],[124.56603,1.08504],[124.56603,1.08848],[124.57472,1.08848],[124.57472,1.0925],[124.57028,1.0925],[124.57028,1.09389]]]}},{"type":"Feature","properties":{"inventoryId":"big-mining-wiup:3416","sector":"Tambang","subtype":"WIUP","quality":"OFFICIAL","sourceDataset":"big-mining-wiup","sourceRecordId":"3416","source":"BIG Kebijakan Satu Peta","sourceUrl":"https://kspservices.big.go.id/satupeta/rest/services/PUBLIK/PERIZINAN_DAN_PERTANAHAN/MapServer/4","retrievedAt":"2026-08-28T06:57:32Z","geometryProcessing":"web display simplification tolerance 0.00035 degrees","name":"SUMBER GLORI MAKMUR","issuer":"GUBERNUR","province":"SULAWESI TENGAH","district":"MOROWALI","permitNumber":"540/447/IUP-OP/DPMPTSP/2020","permitType":"PT","miningType":"IUP","commodity":"KERIKIL BERPASIR ALAMI (SIRTU)","status":"2","validFrom":"2020-09-08","validTo":"2025-09-08","areaHa":18.23,"location":"DESA BULELENG KECAMATAN BUNGKU PESISIR KABUPATEN MOROWALI PROVINSI SULAWESI TENGAH","sourceRemark":"-","region":"sulawesi"},"geometry":{"type":"Polygon","coordinates":[[[122.18831,-2.98505],[122.18821,-2.98815],[122.18892,-2.9891],[122.18986,-2.98926],[122.18986,-2.99045],[122.19093,-2.99112],[122.19093,-2.99177],[122.19181,-2.99177],[122.19202,-2.99113],[122.19347,-2.99113],[122.19405,-2.99217],[122.19642,-2.99206],[122.19903,-2.99348],[122.19903,-2.99237],[122.19672,-2.99111],[122.19462,-2.99152],[122.19406,-2.99041],[122.19148,-2.98994],[122.18883,-2.9876],[122.18831,-2.98505]]]}},{"type":"Feature","properties":{"inventoryId":"big-mining-wiup:4571","sector":"Tambang","subtype":"WIUP","quality":"OFFICIAL","sourceDataset":"big-mining-wiup","sourceRecordId":"4571","source":"BIG Kebijakan Satu Peta","sourceUrl":"https://kspservices.big.go.id/satupeta/rest/services/PUBLIK/PERIZINAN_DAN_PERTANAHAN/MapServer/4","retrievedAt":"2026-08-28T06:57:32Z","geometryProcessing":"web display simplification tolerance 0.00035 degrees","name":"SUMBER KARUNIA PERKASA","issuer":"GUBERNUR","province":"SULAWESI SELATAN","district":"GOWA","permitNumber":"81/I.02/PTSP/2020","permitType":"PT","miningType":"IUP","commodity":"KERIKIL BERPASIR ALAMI (SIRTU)","status":"1","validFrom":"2020-12-10","validTo":"2023-12-10","areaHa":16.96,"location":"DESA LONJOBOKO DAN TAMALATEA KEC. PARANGLOE DAN MANUJU KABUPATEN GOWA PROVINSI SULAWESI SELATAN","sourceRemark":"-","region":"sulawesi"},"geometry":{"type":"Polygon","coordinates":[[[119.72628,-5.27831],[119.72665,-5.27743],[119.72872,-5.27743],[119.72939,-5.27354],[119.72853,-5.27354],[119.72853,-5.27241],[119.72628,-5.27241],[119.72628,-5.27831]]]}},{"type":"Feature","properties":{"inventoryId":"big-mining-wiup:3858","sector":"Tambang","subtype":"WIUP","quality":"OFFICIAL","sourceDataset":"big-mining-wiup","sourceRecordId":"3858","source":"BIG Kebijakan Satu Peta","sourceUrl":"https://kspservices.big.go.id/satupeta/rest/services/PUBLIK/PERIZINAN_DAN_PERTANAHAN/MapServer/4","retrievedAt":"2026-08-28T06:57:32Z","geometryProcessing":"web display simplification tolerance 0.00035 degrees","name":"SUMBER MINERAL ABADI","issuer":"GUBERNUR","province":"SULAWESI TENGAH","district":"MOROWALI UTARA","permitNumber":"540/519/IUP-OP/DPMPTSP/2020","permitType":"PT","miningType":"IUP","commodity":"NIKEL DMP","status":"2","validFrom":"2020-11-02","validTo":"2040-11-02","areaHa":1948.0,"location":"DESA TOMPIRA DAN MOLINO, KEC. PETASIA, KAB. MOROWALI","sourceRemark":"-","region":"sulawesi"},"geometry":{"type":"Polygon","coordinates":[[[121.37581,-2.0873],[121.37581,-2.09404],[121.37353,-2.09404],[121.37353,-2.10096],[121.38238,-2.10096],[121.38238,-2.10538],[121.38646,-2.10538],[121.38646,-2.11006],[121.38873,-2.11006],[121.38873,-2.11698],[121.39049,-2.11698],[121.39049,-2.15191],[121.41037,-2.15191],[121.41037,-2.15685],[121.43363,-2.15685],[121.43363,-2.15397],[121.42934,-2.15397],[121.42934,-2.14521],[121.42163,-2.14521],[121.42163,-2.11689],[121.39618,-2.11689],[121.39618,-2.11251],[121.39127,-2.11251],[121.39127,-2.0873],[121.37581,-2.0873]]]}},{"type":"Feature","properties":{"inventoryId":"big-mining-wiup:2050","sector":"Tambang","subtype":"WIUP","quality":"OFFICIAL","sourceDataset":"big-mining-wiup","sourceRecordId":"2050","source":"BIG Kebijakan Satu Peta","sourceUrl":"https://kspservices.big.go.id/satupeta/rest/services/PUBLIK/PERIZINAN_DAN_PERTANAHAN/MapServer/4","retrievedAt":"2026-08-28T06:57:32Z","geometryProcessing":"web display simplification tolerance 0.00035 degrees","name":"SUMBER PERMATA SELARAS","issuer":"GUBERNUR","province":"SULAWESI TENGAH","district":"MOROWALI UTARA","permitNumber":"540/467/IUP-OP/P/DPMPTSP/2020","permitType":"PT","miningType":"IUP","commodity":"NIKEL","status":"2","validFrom":"2020-09-22","validTo":"2030-09-22","areaHa":424.0,"location":"DESA GANDA-GANDA KEC. PETASIA","sourceRemark":"-","region":"sulawesi"},"geometry":{"type":"Polygon","coordinates":[[[121.3251,-1.91385],[121.32669,-1.91385],[121.32668,-1.90735],[121.32822,-1.90735],[121.32822,-1.90525],[121.32919,-1.90525],[121.32919,-1.90177],[121.3164,-1.90177],[121.3164,-1.90415],[121.31411,-1.90415],[121.31411,-1.90787],[121.30812,-1.90787],[121.30812,-1.91156],[121.30436,-1.91156],[121.30436,-1.91602],[121.3022,-1.91602],[121.3022,-1.91984],[121.30366,-1.91984],[121.30366,-1.92037],[121.31661,-1.92036],[121.31661,-1.91959],[121.32587,-1.91959],[121.32587,-1.91556],[121.3251,-1.91556],[121.3251,-1.91385]]]}},{"type":"Feature","properties":{"inventoryId":"big-mining-wiup:1087","sector":"Tambang","subtype":"WIUP","quality":"OFFICIAL","sourceDataset":"big-mining-wiup","sourceRecordId":"1087","source":"BIG Kebijakan Satu Peta","sourceUrl":"https://kspservices.big.go.id/satupeta/rest/services/PUBLIK/PERIZINAN_DAN_PERTANAHAN/MapServer/4","retrievedAt":"2026-08-28T06:57:32Z","geometryProcessing":"web display simplification tolerance 0.00035 degrees","name":"SUMBER SWARNA PRATAMA","issuer":"GUBERNUR","province":"SULAWESI TENGAH","district":"MOROWALI UTARA","permitNumber":"540/456/IUP-PR/DPMPTSP/2019","permitType":"PT","miningType":"IUP","commodity":"NIKEL DMP","status":"2","validFrom":"2019-09-19","validTo":"2031-07-11","areaHa":2641.0,"location":"DESA GANDA-GANDA DAN TOWI KEC. PETASIA DAN SOYO JAYA","sourceRemark":"-","region":"sulawesi"},"geometry":{"type":"Polygon","coordinates":[[[121.26871,-1.86492],[121.26871,-1.88073],[121.25889,-1.88073],[121.25889,-1.87784],[121.2542,-1.87784],[121.2542,-1.87588],[121.24995,-1.87588],[121.24995,-1.87342],[121.23371,-1.87342],[121.23371,-1.88765],[121.23894,-1.88765],[121.23894,-1.90105],[121.24363,-1.90105],[121.24363,-1.91898],[121.25088,-1.91898],[121.25088,-1.93091],[121.25589,-1.93091],[121.25589,-1.94034],[121.27203,-1.94034],[121.27203,-1.93227],[121.28773,-1.93227],[121.28773,-1.93015],[121.29149,-1.93015],[121.29149,-1.9284],[121.29536,-1.9284],[121.29536,-1.92557],[121.29869,-1.92557],[121.29869,-1.92235],[121.30153,-1.92235],[121.30153,-1.92601],[121.32317,-1.92601],[121.32317,-1.92192],[121.27089,-1.92192],[121.27089,-1.88051],[121.27274,-1.88051],[121.27274,-1.8786],[121.27574,-1.8786],[121.27574,-1.86999],[121.27388,-1.86999],[121.27388,-1.86776],[121.27176,-1.86776],[121.27176,-1.86492],[121.26871,-1.86492]]]}},{"type":"Feature","properties":{"inventoryId":"big-mining-wiup:2404","sector":"Tambang","subtype":"WIUP","quality":"OFFICIAL","sourceDataset":"big-mining-wiup","sourceRecordId":"2404","source":"BIG Kebijakan Satu Peta","sourceUrl":"https://kspservices.big.go.id/satupeta/rest/services/PUBLIK/PERIZINAN_DAN_PERTANAHAN/MapServer/4","retrievedAt":"2026-08-28T06:57:32Z","geometryProcessing":"web display simplification tolerance 0.00035 degrees","name":"SUMBER SWARNA PRATAMA","issuer":"BUPATI","province":"SULAWESI TENGAH","district":"MOROWALI","permitNumber":"540.3/SK.009/DESDM/I/2014","permitType":"PT","miningType":"IUP","commodity":"NIKEL DMP","status":"2","validFrom":"2014-01-10","validTo":"2034-01-04","areaHa":4023.0,"location":"DESA MATANO DAN MATARAPE KEC. MENUI KEPULAUAN, KAB. MOROWALI","sourceRemark":"-","region":"sulawesi"},"geometry":{"type":"Polygon","coordinates":[[[122.34332,-3.1971],[122.34332,-3.22699],[122.37075,-3.22699],[122.37075,-3.24226],[122.42745,-3.24226],[122.42745,-3.21856],[122.42178,-3.21856],[122.42178,-3.1971],[122.34332,-3.1971]]]}},{"type":"Feature","properties":{"inventoryId":"big-mining-wiup:645","sector":"Tambang","subtype":"WIUP","quality":"OFFICIAL","sourceDataset":"big-mining-wiup","sourceRecordId":"645","source":"BIG Kebijakan Satu Peta","sourceUrl":"https://kspservices.big.go.id/satupeta/rest/services/PUBLIK/PERIZINAN_DAN_PERTANAHAN/MapServer/4","retrievedAt":"2026-08-28T06:57:32Z","geometryProcessing":"web display simplification tolerance 0.00035 degrees","name":"SUMMITAMA INTINUSA","issuer":"BUPATI","province":"SULAWESI TENGGARA","district":"BUTON","permitNumber":"1511 TAHUN 2009","permitType":"PT","miningType":"IUP","commodity":"ASPAL","status":"2","validFrom":"2009-12-31","validTo":"2029-12-31","areaHa":400.0,"location":"DESA SUANDALA, KEC. LASALIMU B","sourceRemark":"-","region":"sulawesi"},"geometry":{"type":"Polygon","coordinates":[[[122.98333,-5.20228],[122.98333,-5.22561],[122.99722,-5.22561],[122.99722,-5.20228],[122.98333,-5.20228]]]}},{"type":"Feature","properties":{"inventoryId":"big-mining-wiup:2469","sector":"Tambang","subtype":"WIUP","quality":"OFFICIAL","sourceDataset":"big-mining-wiup","sourceRecordId":"2469","source":"BIG Kebijakan Satu Peta","sourceUrl":"https://kspservices.big.go.id/satupeta/rest/services/PUBLIK/PERIZINAN_DAN_PERTANAHAN/MapServer/4","retrievedAt":"2026-08-28T06:57:32Z","geometryProcessing":"web display simplification tolerance 0.00035 degrees","name":"SUPRIADI DG. LIWANG","issuer":"GUBERNUR","province":"SULAWESI SELATAN","district":"TAKALAR","permitNumber":"79/I.03/PTSP/2019","permitType":"SDR","miningType":"IUP","commodity":"BATU GUNUNG","status":"2","validFrom":"2019-08-14","validTo":"2024-08-13","areaHa":11.9,"location":"DESA BULUKUNYI KEC. POLOMBANGKENG SELATAN KAB. TAKALAR","sourceRemark":"-","region":"sulawesi"},"geometry":{"type":"Polygon","coordinates":[[[119.49363,-5.45661],[119.49363,-5.45736],[119.49618,-5.45736],[119.49656,-5.45554],[119.49536,-5.45554],[119.49536,-5.45492],[119.49417,-5.45492],[119.49346,-5.45406],[119.4927,-5.45406],[119.4927,-5.45487],[119.49214,-5.45487],[119.49214,-5.45661],[119.49363,-5.45661]]]}},{"type":"Feature","properties":{"inventoryId":"big-mining-wiup:3854","sector":"Tambang","subtype":"WIUP","quality":"OFFICIAL","sourceDataset":"big-mining-wiup","sourceRecordId":"3854","source":"BIG Kebijakan Satu Peta","sourceUrl":"https://kspservices.big.go.id/satupeta/rest/services/PUBLIK/PERIZINAN_DAN_PERTANAHAN/MapServer/4","retrievedAt":"2026-08-28T06:57:32Z","geometryProcessing":"web display simplification tolerance 0.00035 degrees","name":"SURIA LINTAS GEMILANG","issuer":"MENTERI","province":"SULAWESI TENGGARA","district":"KOLAKA","permitNumber":"1461/1/IUP/PMDN/2021","permitType":"PT","miningType":"IUP","commodity":"NIKEL","status":"2","validFrom":"2021-11-11","validTo":"2031-07-06","areaHa":760.0,"location":"DESA SOPURA","sourceRemark":"-","region":"sulawesi"},"geometry":{"type":"Polygon","coordinates":[[[121.61871,-4.26667],[121.59167,-4.26667],[121.59167,-4.25833],[121.575,-4.25833],[121.575,-4.275],[121.59903,-4.275],[121.59903,-4.28094],[121.61625,-4.28094],[121.61625,-4.27736],[121.61894,-4.27736],[121.61894,-4.27019],[121.62076,-4.27019],[121.62076,-4.26915],[121.62117,-4.26915],[121.62117,-4.2677],[121.61871,-4.2677],[121.61871,-4.26667]]]}},{"type":"Feature","properties":{"inventoryId":"big-mining-wiup:4084","sector":"Tambang","subtype":"WIUP","quality":"OFFICIAL","sourceDataset":"big-mining-wiup","sourceRecordId":"4084","source":"BIG Kebijakan Satu Peta","sourceUrl":"https://kspservices.big.go.id/satupeta/rest/services/PUBLIK/PERIZINAN_DAN_PERTANAHAN/MapServer/4","retrievedAt":"2026-08-28T06:57:32Z","geometryProcessing":"web display simplification tolerance 0.00035 degrees","name":"SURYA AMINDO PERKASA","issuer":"BUPATI","province":"SULAWESI TENGAH","district":"MOROWALI UTARA","permitNumber":"540.3/SK.005/DESDM/III/2010","permitType":"CV","miningType":"IUP","commodity":"NIKEL","status":"2","validFrom":"2010-03-24","validTo":"2031-03-25","areaHa":160.0,"location":"DESA TOWI KEC. SOYO JAYA","sourceRemark":"-","region":"sulawesi"},"geometry":{"type":"Polygon","coordinates":[[[121.31085,-1.8539],[121.31085,-1.85501],[121.30986,-1.85501],[121.30986,-1.85657],[121.31055,-1.85657],[121.31055,-1.8582],[121.31142,-1.8582],[121.31142,-1.8598],[121.31218,-1.8598],[121.31218,-1.86132],[121.31312,-1.86132],[121.31312,-1.86307],[121.31388,-1.86307],[121.31388,-1.86472],[121.32447,-1.86472],[121.32447,-1.85595],[121.32539,-1.85595],[121.32539,-1.85494],[121.31947,-1.85494],[121.31947,-1.85544],[121.31726,-1.85544],[121.31726,-1.8539],[121.31085,-1.8539]]]}},{"type":"Feature","properties":{"inventoryId":"big-mining-wiup:3436","sector":"Tambang","subtype":"WIUP","quality":"OFFICIAL","sourceDataset":"big-mining-wiup","sourceRecordId":"3436","source":"BIG Kebijakan Satu Peta","sourceUrl":"https://kspservices.big.go.id/satupeta/rest/services/PUBLIK/PERIZINAN_DAN_PERTANAHAN/MapServer/4","retrievedAt":"2026-08-28T06:57:32Z","geometryProcessing":"web display simplification tolerance 0.00035 degrees","name":"SURYA PERKASA MINERAL","issuer":"MENTERI","province":"SULAWESI SELATAN","district":"PINRANG","permitNumber":"1395/1/IUP/PMDN/2021","permitType":"PT","miningType":"IUP","commodity":"BATU GUNUNG QUARRY BESAR","status":"1","validFrom":"2021-11-05","validTo":"2024-11-05","areaHa":21.01,"location":"SULAWESI SELATAN","sourceRemark":"-","region":"sulawesi"},"geometry":{"type":"Polygon","coordinates":[[[119.69434,-3.90575],[119.6906,-3.90575],[119.69008,-3.91148],[119.69165,-3.91148],[119.69254,-3.90899],[119.69434,-3.90899],[119.69434,-3.90575]]]}},{"type":"Feature","properties":{"inventoryId":"big-mining-wiup:4418","sector":"Tambang","subtype":"WIUP","quality":"OFFICIAL","sourceDataset":"big-mining-wiup","sourceRecordId":"4418","source":"BIG Kebijakan Satu Peta","sourceUrl":"https://kspservices.big.go.id/satupeta/rest/services/PUBLIK/PERIZINAN_DAN_PERTANAHAN/MapServer/4","retrievedAt":"2026-08-28T06:57:32Z","geometryProcessing":"web display simplification tolerance 0.00035 degrees","name":"SYAMSAM","issuer":"GUBERNUR","province":"SULAWESI SELATAN","district":"BARRU","permitNumber":"155/I.03/PTSP/2018","permitType":"CV","miningType":"IUP","commodity":"TRASS","status":"2","validFrom":"2018-10-18","validTo":"2023-10-18","areaHa":7.7,"location":"-","sourceRemark":"-","region":"sulawesi"},"geometry":{"type":"Polygon","coordinates":[[[119.62052,-4.13485],[119.62052,-4.13946],[119.62094,-4.13946],[119.62169,-4.13695],[119.62317,-4.13522],[119.62052,-4.13485]]]}},{"type":"Feature","properties":{"inventoryId":"big-mining-wiup:4353","sector":"Tambang","subtype":"WIUP","quality":"OFFICIAL","sourceDataset":"big-mining-wiup","sourceRecordId":"4353","source":"BIG Kebijakan Satu Peta","sourceUrl":"https://kspservices.big.go.id/satupeta/rest/services/PUBLIK/PERIZINAN_DAN_PERTANAHAN/MapServer/4","retrievedAt":"2026-08-28T06:57:32Z","geometryProcessing":"web display simplification tolerance 0.00035 degrees","name":"SYAMSUDDIN DENNU","issuer":"GUBERNUR","province":"SULAWESI SELATAN","district":"SOPPENG","permitNumber":"71/I.03.P/P2T/10/2017","permitType":"SDR","miningType":"IUP","commodity":"BATU GUNUNG QUARRY BESAR","status":"2","validFrom":"2017-11-14","validTo":"2022-11-14","areaHa":1.16,"location":"LALABATARILAU KECAMATAN LALABATA","sourceRemark":"-","region":"sulawesi"},"geometry":{"type":"Polygon","coordinates":[[[119.88365,-4.38727],[119.88312,-4.38864],[119.88411,-4.38864],[119.88365,-4.38727]]]}},{"type":"Feature","properties":{"inventoryId":"big-mining-wiup:4337","sector":"Tambang","subtype":"WIUP","quality":"OFFICIAL","sourceDataset":"big-mining-wiup","sourceRecordId":"4337","source":"BIG Kebijakan Satu Peta","sourceUrl":"https://kspservices.big.go.id/satupeta/rest/services/PUBLIK/PERIZINAN_DAN_PERTANAHAN/MapServer/4","retrievedAt":"2026-08-28T06:57:32Z","geometryProcessing":"web display simplification tolerance 0.00035 degrees","name":"SYAMSUDDIN NUR","issuer":"GUBERNUR","province":"SULAWESI SELATAN","district":"WAJO","permitNumber":"91/I.02/PTSP/2020","permitType":"SDR","miningType":"IUP","commodity":"PASIR","status":"1","validFrom":"2020-12-10","validTo":"2022-12-10","areaHa":11.34,"location":"DESA BENTENG LOMPOE / PASAKA KEC. SABBANGPARU KABUPATEN WAJO PROVINSI SULAWESI SELATAN","sourceRemark":"-","region":"sulawesi"},"geometry":{"type":"Polygon","coordinates":[[[120.01488,-4.14777],[120.01488,-4.14848],[120.01791,-4.14824],[120.01581,-4.15215],[120.01607,-4.15617],[120.01721,-4.15647],[120.01652,-4.15499],[120.01652,-4.15212],[120.01868,-4.14913],[120.01879,-4.14791],[120.01488,-4.14777]]]}},{"type":"Feature","properties":{"inventoryId":"big-mining-wiup:2362","sector":"Tambang","subtype":"WIUP","quality":"OFFICIAL","sourceDataset":"big-mining-wiup","sourceRecordId":"2362","source":"BIG Kebijakan Satu Peta","sourceUrl":"https://kspservices.big.go.id/satupeta/rest/services/PUBLIK/PERIZINAN_DAN_PERTANAHAN/MapServer/4","retrievedAt":"2026-08-28T06:57:32Z","geometryProcessing":"web display simplification tolerance 0.00035 degrees","name":"SYAMSUL ARSYAD AMRI","issuer":"GUBERNUR","province":"SULAWESI SELATAN","district":"BONE","permitNumber":"92/I.03/PTSP/2019","permitType":"SDR","miningType":"IUP","commodity":"SIRTU","status":"2","validFrom":"2019-10-08","validTo":"2024-10-07","areaHa":1.53,"location":"DESA ABBUMPUNGENG KEC. KAJUARA KAB. BONE","sourceRemark":"-","region":"sulawesi"},"geometry":{"type":"Polygon","coordinates":[[[120.21037,-5.09883],[120.20898,-5.09839],[120.20809,-5.10014],[120.21037,-5.09883]]]}},{"type":"Feature","properties":{"inventoryId":"big-mining-wiup:2460","sector":"Tambang","subtype":"WIUP","quality":"OFFICIAL","sourceDataset":"big-mining-wiup","sourceRecordId":"2460","source":"BIG Kebijakan Satu Peta","sourceUrl":"https://kspservices.big.go.id/satupeta/rest/services/PUBLIK/PERIZINAN_DAN_PERTANAHAN/MapServer/4","retrievedAt":"2026-08-28T06:57:32Z","geometryProcessing":"web display simplification tolerance 0.00035 degrees","name":"SYARIFUDDIN","issuer":"GUBERNUR","province":"SULAWESI SELATAN","district":"SIDENRENG RAPPANG","permitNumber":"109/I.03/PTSP/2019","permitType":"PERSEORANGAN","miningType":"IUP","commodity":"SIRTU","status":"2","validFrom":"2019-12-31","validTo":"2024-12-31","areaHa":9.33,"location":"BETAO","sourceRemark":"-","region":"sulawesi"},"geometry":{"type":"Polygon","coordinates":[[[119.96369,-3.78042],[119.962,-3.78064],[119.96478,-3.78276],[119.96577,-3.78578],[119.96697,-3.78578],[119.96586,-3.78206],[119.96369,-3.78042]]]}},{"type":"Feature","properties":{"inventoryId":"big-mining-wiup:508","sector":"Tambang","subtype":"WIUP","quality":"OFFICIAL","sourceDataset":"big-mining-wiup","sourceRecordId":"508","source":"BIG Kebijakan Satu Peta","sourceUrl":"https://kspservices.big.go.id/satupeta/rest/services/PUBLIK/PERIZINAN_DAN_PERTANAHAN/MapServer/4","retrievedAt":"2026-08-28T06:57:32Z","geometryProcessing":"web display simplification tolerance 0.00035 degrees","name":"TAMBANG BUMI SULAWESI","issuer":"GUBERNUR","province":"SULAWESI TENGGARA","district":"BOMBANA","permitNumber":"39/DPM-PTSP/I/2018","permitType":"PT","miningType":"IUP","commodity":"NIKEL","status":"2","validFrom":"2012-12-29","validTo":"2022-12-28","areaHa":1533.0,"location":"KEC. KABAENA SELATAN, KAB. BOMBANA","sourceRemark":"-","region":"sulawesi"},"geometry":{"type":"Polygon","coordinates":[[[121.84278,-5.32028],[121.84278,-5.3325],[121.84444,-5.3325],[121.84444,-5.33722],[121.84583,-5.33722],[121.84583,-5.33917],[121.85417,-5.33917],[121.85417,-5.34667],[121.85861,-5.34667],[121.85861,-5.35139],[121.86278,-5.35139],[121.86278,-5.3675],[121.86472,-5.3675],[121.86472,-5.37917],[121.86972,-5.37917],[121.86972,-5.38278],[121.88278,-5.38278],[121.88278,-5.37528],[121.86611,-5.37528],[121.86611,-5.36611],[121.8825,-5.36611],[121.8825,-5.35],[121.87441,-5.35002],[121.87444,-5.32028],[121.84278,-5.32028]]]}},{"type":"Feature","properties":{"inventoryId":"big-mining-wiup:4149","sector":"Tambang","subtype":"WIUP","quality":"OFFICIAL","sourceDataset":"big-mining-wiup","sourceRecordId":"4149","source":"BIG Kebijakan Satu Peta","sourceUrl":"https://kspservices.big.go.id/satupeta/rest/services/PUBLIK/PERIZINAN_DAN_PERTANAHAN/MapServer/4","retrievedAt":"2026-08-28T06:57:32Z","geometryProcessing":"web display simplification tolerance 0.00035 degrees","name":"TAMBANG INDONESIA SEJAHTERA","issuer":"GUBERNUR","province":"SULAWESI TENGGARA","district":"KONAWE SELATAN","permitNumber":"735/DPMPTSP/XII/2020","permitType":"PT","miningType":"IUP","commodity":"NIKEL","status":"2","validFrom":"2013-01-11","validTo":"2033-01-10","areaHa":831.15,"location":"KEC LAINEA, KAB KONAWE SELATAN","sourceRemark":"-","region":"sulawesi"},"geometry":{"type":"Polygon","coordinates":[[[122.72803,-4.48428],[122.72803,-4.4836],[122.7267,-4.48359],[122.7267,-4.48213],[122.72578,-4.48213],[122.72578,-4.48062],[122.72307,-4.48062],[122.72263,-4.47846],[122.72079,-4.47801],[122.72002,-4.47686],[122.71893,-4.47686],[122.71893,-4.47622],[122.71818,-4.47622],[122.71784,-4.47386],[122.71691,-4.47386],[122.71691,-4.47271],[122.71599,-4.47271],[122.71599,-4.47198],[122.71013,-4.47198],[122.71013,-4.47908],[122.71461,-4.47908],[122.71461,-4.48764],[122.7174,-4.48764],[122.7174,-4.49305],[122.72502,-4.49305],[122.72502,-4.50112],[122.72719,-4.50112],[122.72719,-4.50612],[122.74741,-4.50612],[122.74741,-4.5005],[122.7486,-4.5005],[122.7486,-4.49797],[122.75014,-4.49797],[122.75014,-4.49517],[122.75168,-4.49517],[122.75168,-4.49306],[122.75356,-4.49306],[122.75356,-4.49117],[122.75553,-4.49117],[122.75553,-4.48548],[122.76378,-4.48548],[122.76378,-4.47944],[122.76007,-4.47944],[122.76007,-4.48169],[122.75567,-4.48169],[122.75567,-4.48274],[122.75357,-4.48274],[122.75357,-4.48449],[122.75098,-4.48449],[122.75098,-4.48618],[122.74804,-4.48618],[122.74804,-4.48871],[122.74433,-4.48871],[122.74433,-4.492],[122.73462,-4.492],[122.73298,-4.48917],[122.73033,-4.48888],[122.73033,-4.48725],[122.7297,-4.48725],[122.7297,-4.48647],[122.72859,-4.48647],[122.72859,-4.48428],[122.72803,-4.48428]]]}},{"type":"Feature","properties":{"inventoryId":"big-mining-wiup:1329","sector":"Tambang","subtype":"WIUP","quality":"OFFICIAL","sourceDataset":"big-mining-wiup","sourceRecordId":"1329","source":"BIG Kebijakan Satu Peta","sourceUrl":"https://kspservices.big.go.id/satupeta/rest/services/PUBLIK/PERIZINAN_DAN_PERTANAHAN/MapServer/4","retrievedAt":"2026-08-28T06:57:32Z","geometryProcessing":"web display simplification tolerance 0.00035 degrees","name":"TAMBANG MATARAPE SEJAHTERA","issuer":"MENTERI","province":"SULAWESI TENGGARA","district":"KONAWE UTARA","permitNumber":"866/1/IUP/PMDN/2021","permitType":"PT","miningType":"IUPK","commodity":"NIKEL","status":"1","validFrom":"2021-08-31","validTo":"2029-08-31","areaHa":1681.0,"location":"MATARAPE, KONAWE UTARA","sourceRemark":"-","region":"sulawesi"},"geometry":{"type":"Polygon","coordinates":[[[122.27881,-3.29442],[122.23831,-3.29442],[122.23831,-3.31986],[122.25836,-3.31986],[122.25836,-3.33639],[122.27881,-3.33639],[122.27881,-3.29442]]]}},{"type":"Feature","properties":{"inventoryId":"big-mining-wiup:2111","sector":"Tambang","subtype":"WIUP","quality":"OFFICIAL","sourceDataset":"big-mining-wiup","sourceRecordId":"2111","source":"BIG Kebijakan Satu Peta","sourceUrl":"https://kspservices.big.go.id/satupeta/rest/services/PUBLIK/PERIZINAN_DAN_PERTANAHAN/MapServer/4","retrievedAt":"2026-08-28T06:57:32Z","geometryProcessing":"web display simplification tolerance 0.00035 degrees","name":"TAMBANG MINERAL MAJU","issuer":"BUPATI","province":"SULAWESI TENGGARA","district":"KOLAKA UTARA","permitNumber":"540/7 TAHUN 2013","permitType":"PT","miningType":"IUP","commodity":"NIKEL","status":"2","validFrom":"2013-01-08","validTo":"2023-01-08","areaHa":61.0,"location":"DESA LATOU, MUSIKU, DAN LELEWAWO, KEC.TOLALA, KOLAKA UTARA","sourceRemark":"-","region":"sulawesi"},"geometry":{"type":"Polygon","coordinates":[[[121.06208,-2.82947],[121.06208,-2.83844],[121.05308,-2.83844],[121.05308,-2.84119],[121.05859,-2.84119],[121.05859,-2.84337],[121.06469,-2.84337],[121.06469,-2.83967],[121.06234,-2.83967],[121.06234,-2.8329],[121.0637,-2.8329],[121.0637,-2.82947],[121.06208,-2.82947]]]}},{"type":"Feature","properties":{"inventoryId":"big-mining-wiup:2186","sector":"Tambang","subtype":"WIUP","quality":"OFFICIAL","sourceDataset":"big-mining-wiup","sourceRecordId":"2186","source":"BIG Kebijakan Satu Peta","sourceUrl":"https://kspservices.big.go.id/satupeta/rest/services/PUBLIK/PERIZINAN_DAN_PERTANAHAN/MapServer/4","retrievedAt":"2026-08-28T06:57:32Z","geometryProcessing":"web display simplification tolerance 0.00035 degrees","name":"TAMBANG MINERAL MAJU","issuer":"BUPATI","province":"SULAWESI TENGGARA","district":"KOLAKA UTARA","permitNumber":"540/175 TAHUN 2011","permitType":"PT","miningType":"IUP","commodity":"NIKEL","status":"2","validFrom":"2011-08-16","validTo":"2026-08-11","areaHa":738.0,"location":"DESA LATOU, MUSIKU DAN LELEWAW","sourceRemark":"-","region":"sulawesi"},"geometry":{"type":"Polygon","coordinates":[[[121.08,-3.01381],[121.08,-3.01056],[121.0763,-3.01056],[121.0763,-3.03102],[121.06983,-3.03102],[121.06983,-3.05319],[121.08106,-3.05319],[121.08106,-3.05973],[121.08719,-3.05973],[121.08719,-3.02166],[121.08378,-3.02166],[121.08378,-3.01381],[121.08,-3.01381]]]}},{"type":"Feature","properties":{"inventoryId":"big-mining-wiup:806","sector":"Tambang","subtype":"WIUP","quality":"OFFICIAL","sourceDataset":"big-mining-wiup","sourceRecordId":"806","source":"BIG Kebijakan Satu Peta","sourceUrl":"https://kspservices.big.go.id/satupeta/rest/services/PUBLIK/PERIZINAN_DAN_PERTANAHAN/MapServer/4","retrievedAt":"2026-08-28T06:57:32Z","geometryProcessing":"web display simplification tolerance 0.00035 degrees","name":"TAMBANG TONDANO NUSAJAYA","issuer":"MENTERI","province":"SULAWESI UTARA","district":"KOTA BITUNG, MINAHASA UTARA","permitNumber":"440.K/30/DJB/2017","permitType":"PT","miningType":"KK","commodity":"EMAS","status":"2","validFrom":"2017-12-06","validTo":"2041-03-10","areaHa":30848.0,"location":"G.LIPEH","sourceRemark":"GEN VI","region":"sulawesi"},"geometry":{"type":"Polygon","coordinates":[[[125.14667,1.66389],[124.91667,1.66389],[124.91667,1.64167],[124.88333,1.64167],[124.88333,1.58194],[124.915,1.58194],[124.915,1.57222],[124.93528,1.57222],[124.93528,1.555],[124.94556,1.555],[124.94556,1.54056],[124.94917,1.54056],[124.94917,1.53694],[124.95667,1.53694],[124.95667,1.53528],[124.97167,1.53528],[124.97167,1.54167],[124.98639,1.54167],[124.98639,1.535],[124.98306,1.535],[124.98306,1.53667],[124.98194,1.53667],[124.98194,1.53806],[124.98083,1.53806],[124.98083,1.53944],[124.97556,1.53917],[124.97556,1.53833],[124.97444,1.53833],[124.97444,1.53167],[124.96667,1.53167],[124.96667,1.52833],[124.99167,1.52833],[124.99167,1.50333],[125.02306,1.50333],[125.02306,1.52778],[125.13194,1.52778],[125.13194,1.55889],[125.14667,1.55889],[125.14667,1.66389]],[[125.04939,1.64583],[125.14106,1.64583],[125.14106,1.56667],[125.04939,1.56667],[125.04939,1.64583]]]}},{"type":"Feature","properties":{"inventoryId":"big-mining-wiup:4570","sector":"Tambang","subtype":"WIUP","quality":"OFFICIAL","sourceDataset":"big-mining-wiup","sourceRecordId":"4570","source":"BIG Kebijakan Satu Peta","sourceUrl":"https://kspservices.big.go.id/satupeta/rest/services/PUBLIK/PERIZINAN_DAN_PERTANAHAN/MapServer/4","retrievedAt":"2026-08-28T06:57:32Z","geometryProcessing":"web display simplification tolerance 0.00035 degrees","name":"TANJUNG BATANGA SAKTI","issuer":"BUPATI","province":"SULAWESI TENGAH","district":"MOROWALI UTARA","permitNumber":"540.3/SK.073/DESDM/XII/2011","permitType":"CV","miningType":"IUP","commodity":"NIKEL","status":"2","validFrom":"2011-12-02","validTo":"2031-12-02","areaHa":228.7,"location":"DESA MOMO, KECAMATAN MAMOSAKLATO","sourceRemark":"-","region":"sulawesi"},"geometry":{"type":"Polygon","coordinates":[[[121.90171,-1.67682],[121.90171,-1.68959],[121.90523,-1.68959],[121.90523,-1.68234],[121.91424,-1.68234],[121.91424,-1.6793],[121.91914,-1.6793],[121.91914,-1.6771],[121.92281,-1.6771],[121.92281,-1.67575],[121.92636,-1.67575],[121.92636,-1.67467],[121.93034,-1.67467],[121.93034,-1.66861],[121.92303,-1.66861],[121.92303,-1.67024],[121.91943,-1.67024],[121.91943,-1.67464],[121.91629,-1.67464],[121.91629,-1.67682],[121.90171,-1.67682]]]}},{"type":"Feature","properties":{"inventoryId":"big-mining-wiup:2177","sector":"Tambang","subtype":"WIUP","quality":"OFFICIAL","sourceDataset":"big-mining-wiup","sourceRecordId":"2177","source":"BIG Kebijakan Satu Peta","sourceUrl":"https://kspservices.big.go.id/satupeta/rest/services/PUBLIK/PERIZINAN_DAN_PERTANAHAN/MapServer/4","retrievedAt":"2026-08-28T06:57:32Z","geometryProcessing":"web display simplification tolerance 0.00035 degrees","name":"TEKNIK ALUM SERVICE","issuer":"BUPATI","province":"SULAWESI TENGAH","district":"MOROWALI","permitNumber":"540.3/SK.002/DESDM/VI/2012","permitType":"PT","miningType":"IUP","commodity":"NIKEL DMP","status":"2","validFrom":"2012-06-19","validTo":"2029-05-06","areaHa":1301.0,"location":"DESA BULELENG DAN TORETE, KEC. BUNGKU SELATAN, KAB. MOROWALI","sourceRemark":"-","region":"sulawesi"},"geometry":{"type":"Polygon","coordinates":[[[122.2236,-3.03046],[122.25408,-3.03046],[122.25408,-3.01722],[122.23333,-3.01722],[122.23333,-3.01469],[122.22918,-3.01469],[122.22918,-2.98222],[122.19911,-2.98222],[122.19911,-2.99957],[122.21765,-2.99957],[122.21765,-3.00195],[122.2236,-3.00195],[122.2236,-3.03046]]]}},{"type":"Feature","properties":{"inventoryId":"big-mining-wiup:1712","sector":"Tambang","subtype":"WIUP","quality":"OFFICIAL","sourceDataset":"big-mining-wiup","sourceRecordId":"1712","source":"BIG Kebijakan Satu Peta","sourceUrl":"https://kspservices.big.go.id/satupeta/rest/services/PUBLIK/PERIZINAN_DAN_PERTANAHAN/MapServer/4","retrievedAt":"2026-08-28T06:57:32Z","geometryProcessing":"web display simplification tolerance 0.00035 degrees","name":"TEKONINDO","issuer":"MENTERI","province":"SULAWESI TENGGARA","district":"BOMBANA","permitNumber":"47/1/IUP/PMA/2019","permitType":"PT","miningType":"IUP","commodity":"NIKEL","status":"2","validFrom":"2019-07-31","validTo":"2030-04-22","areaHa":531.3,"location":"KEC KABAENA BARAT, KAB BOMBANA","sourceRemark":"PMA","region":"sulawesi"},"geometry":{"type":"Polygon","coordinates":[[[121.88333,-5.38333],[121.88333,-5.375],[121.88889,-5.375],[121.88889,-5.36972],[121.89167,-5.36972],[121.89167,-5.36139],[121.89028,-5.36139],[121.89028,-5.36],[121.88722,-5.36],[121.88722,-5.35778],[121.88444,-5.35778],[121.88444,-5.3525],[121.88333,-5.3525],[121.88333,-5.36667],[121.86667,-5.36667],[121.86667,-5.375],[121.88278,-5.375],[121.88278,-5.38444],[121.91306,-5.38444],[121.91306,-5.37944],[121.91167,-5.37944],[121.91167,-5.37556],[121.91278,-5.37556],[121.91278,-5.36917],[121.90917,-5.36917],[121.90917,-5.36722],[121.90694,-5.36722],[121.90694,-5.36556],[121.90417,-5.36556],[121.90417,-5.36389],[121.90194,-5.36389],[121.90194,-5.36306],[121.89833,-5.36306],[121.89833,-5.37056],[121.90528,-5.37056],[121.90528,-5.37611],[121.90361,-5.37611],[121.90361,-5.38056],[121.90472,-5.38056],[121.90472,-5.38333],[121.88333,-5.38333]]]}},{"type":"Feature","properties":{"inventoryId":"big-mining-wiup:4330","sector":"Tambang","subtype":"WIUP","quality":"OFFICIAL","sourceDataset":"big-mining-wiup","sourceRecordId":"4330","source":"BIG Kebijakan Satu Peta","sourceUrl":"https://kspservices.big.go.id/satupeta/rest/services/PUBLIK/PERIZINAN_DAN_PERTANAHAN/MapServer/4","retrievedAt":"2026-08-28T06:57:32Z","geometryProcessing":"web display simplification tolerance 0.00035 degrees","name":"TEKU SIRTU UTAMA","issuer":"GUBERNUR","province":"SULAWESI TENGAH","district":"BANGGAI","permitNumber":"540/610/IUP-OP/DPMPTSP/2020","permitType":"PT","miningType":"IUP","commodity":"BATUAN","status":"2","validFrom":"2020-12-10","validTo":"2025-12-10","areaHa":48.82,"location":"-","sourceRemark":"-","region":"sulawesi"},"geometry":{"type":"Polygon","coordinates":[[[123.44137,-0.78139],[123.44092,-0.78111],[123.43973,-0.78203],[123.4395,-0.78076],[123.43781,-0.78069],[123.43668,-0.77743],[123.43184,-0.77734],[123.43127,-0.77496],[123.43153,-0.77772],[123.43335,-0.77801],[123.43435,-0.7798],[123.43412,-0.78384],[123.43343,-0.78477],[123.43394,-0.78628],[123.43733,-0.78519],[123.43892,-0.78364],[123.4411,-0.78266],[123.4409,-0.78177],[123.44137,-0.78139]]]}},{"type":"Feature","properties":{"inventoryId":"big-mining-wiup:3813","sector":"Tambang","subtype":"WIUP","quality":"OFFICIAL","sourceDataset":"big-mining-wiup","sourceRecordId":"3813","source":"BIG Kebijakan Satu Peta","sourceUrl":"https://kspservices.big.go.id/satupeta/rest/services/PUBLIK/PERIZINAN_DAN_PERTANAHAN/MapServer/4","retrievedAt":"2026-08-28T06:57:32Z","geometryProcessing":"web display simplification tolerance 0.00035 degrees","name":"TELAGA INTI BUMI","issuer":"MENTERI","province":"GORONTALO","district":"GORONTALO","permitNumber":"1105/1/IUP/PMDN/2021","permitType":"CV","miningType":"IUP","commodity":"GRANODIORIT","status":"1","validFrom":"2021-10-05","validTo":"2024-10-05","areaHa":6.0,"location":"DESA PILOHAYANGA KEC. TELAGA KAB. GORONTALO PROV. GORONTALO","sourceRemark":"-","region":"sulawesi"},"geometry":{"type":"Polygon","coordinates":[[[123.06459,0.60801],[123.06459,0.60907],[123.06252,0.60907],[123.06252,0.60978],[123.06205,0.60978],[123.06119,0.60727],[123.06209,0.60665],[123.06318,0.60749],[123.06341,0.6084],[123.06459,0.60801]]]}},{"type":"Feature","properties":{"inventoryId":"big-mining-wiup:1247","sector":"Tambang","subtype":"WIUP","quality":"OFFICIAL","sourceDataset":"big-mining-wiup","sourceRecordId":"1247","source":"BIG Kebijakan Satu Peta","sourceUrl":"https://kspservices.big.go.id/satupeta/rest/services/PUBLIK/PERIZINAN_DAN_PERTANAHAN/MapServer/4","retrievedAt":"2026-08-28T06:57:32Z","geometryProcessing":"web display simplification tolerance 0.00035 degrees","name":"THOCOTUA REZKY JAYA CROM","issuer":"BUPATI","province":"SULAWESI TENGGARA","district":"BOMBANA","permitNumber":"182 TAHUN 2014","permitType":"PT","miningType":"IUP","commodity":"KROMIT","status":"2","validFrom":"2014-05-25","validTo":"2024-01-25","areaHa":44.47,"location":"DESA LENGORA PANTAI, KABAENA TENGAH","sourceRemark":"-","region":"sulawesi"},"geometry":{"type":"Polygon","coordinates":[[[121.98456,-5.15647],[121.98292,-5.15769],[121.98183,-5.15961],[121.98214,-5.16069],[121.98417,-5.16119],[121.98392,-5.16306],[121.98258,-5.164],[121.98169,-5.16564],[121.97914,-5.16564],[121.97861,-5.16683],[121.97994,-5.16808],[121.98317,-5.16858],[121.98317,-5.16911],[121.98414,-5.16911],[121.98414,-5.16972],[121.985,-5.17],[121.985,-5.15647],[121.98456,-5.15647]]]}},{"type":"Feature","properties":{"inventoryId":"big-mining-wiup:4470","sector":"Tambang","subtype":"WIUP","quality":"OFFICIAL","sourceDataset":"big-mining-wiup","sourceRecordId":"4470","source":"BIG Kebijakan Satu Peta","sourceUrl":"https://kspservices.big.go.id/satupeta/rest/services/PUBLIK/PERIZINAN_DAN_PERTANAHAN/MapServer/4","retrievedAt":"2026-08-28T06:57:32Z","geometryProcessing":"web display simplification tolerance 0.00035 degrees","name":"TIGA PUTRA MARABAYANG","issuer":"GUBERNUR","province":"SULAWESI TENGAH","district":"DONGGALA","permitNumber":"540/449/IUP-OP/DPMPTSP/2020","permitType":"PT","miningType":"IUP","commodity":"BATU GUNUNG QUARRY BESAR","status":"2","validFrom":"2020-09-08","validTo":"2025-09-08","areaHa":40.0,"location":"DESA POMOLULU, KECAMATAN BALAESANG TANJUNG","sourceRemark":"-","region":"sulawesi"},"geometry":{"type":"Polygon","coordinates":[[[119.75818,-0.07487],[119.75818,-0.07863],[119.76069,-0.07863],[119.76069,-0.07947],[119.7626,-0.07947],[119.7626,-0.08042],[119.76663,-0.08042],[119.76663,-0.07765],[119.76603,-0.07765],[119.76603,-0.07691],[119.76429,-0.07691],[119.76429,-0.07561],[119.76265,-0.07561],[119.76265,-0.07487],[119.75818,-0.07487]]]}},{"type":"Feature","properties":{"inventoryId":"big-mining-wiup:1511","sector":"Tambang","subtype":"WIUP","quality":"OFFICIAL","sourceDataset":"big-mining-wiup","sourceRecordId":"1511","source":"BIG Kebijakan Satu Peta","sourceUrl":"https://kspservices.big.go.id/satupeta/rest/services/PUBLIK/PERIZINAN_DAN_PERTANAHAN/MapServer/4","retrievedAt":"2026-08-28T06:57:32Z","geometryProcessing":"web display simplification tolerance 0.00035 degrees","name":"TIGA SAMUDRA PERKASA","issuer":"GUBERNUR","province":"SULAWESI SELATAN","district":"LUWU TIMUR","permitNumber":"1/I.03/PTSP/2018","permitType":"PT","miningType":"IUP","commodity":"BIJIH NIKEL","status":"2","validFrom":"2018-01-23","validTo":"2038-01-23","areaHa":3000.0,"location":"MALILI, LUWU TIMUR","sourceRemark":"-","region":"sulawesi"},"geometry":{"type":"Polygon","coordinates":[[[121.14505,-2.63845],[121.14506,-2.62869],[121.18141,-2.62869],[121.18141,-2.65222],[121.19038,-2.65222],[121.19038,-2.646],[121.19829,-2.646],[121.19829,-2.63897],[121.20857,-2.63897],[121.20857,-2.61833],[121.205,-2.61833],[121.205,-2.61556],[121.20111,-2.61556],[121.20111,-2.61167],[121.19722,-2.61167],[121.19722,-2.60806],[121.19028,-2.60806],[121.19028,-2.60472],[121.18361,-2.60472],[121.18361,-2.60222],[121.17694,-2.60222],[121.17694,-2.59861],[121.16324,-2.59861],[121.16324,-2.59649],[121.14363,-2.59649],[121.14363,-2.59332],[121.13642,-2.59332],[121.13642,-2.63849],[121.14505,-2.63845]]]}},{"type":"Feature","properties":{"inventoryId":"big-mining-wiup:2112","sector":"Tambang","subtype":"WIUP","quality":"OFFICIAL","sourceDataset":"big-mining-wiup","sourceRecordId":"2112","source":"BIG Kebijakan Satu Peta","sourceUrl":"https://kspservices.big.go.id/satupeta/rest/services/PUBLIK/PERIZINAN_DAN_PERTANAHAN/MapServer/4","retrievedAt":"2026-08-28T06:57:32Z","geometryProcessing":"web display simplification tolerance 0.00035 degrees","name":"TIGA UTAMA","issuer":"BUPATI","province":"SULAWESI TENGAH","district":"MOROWALI UTARA","permitNumber":"540.3/SK.004/DESDM/X/2012","permitType":"CV","miningType":"IUP","commodity":"NIKEL DMP","status":"2","validFrom":"2012-10-12","validTo":"2022-10-05","areaHa":2489.0,"location":"DESA TAMBALE, KEC. MAMOSALATO, MOROWALI","sourceRemark":"-","region":"sulawesi"},"geometry":{"type":"Polygon","coordinates":[[[121.99595,-1.55265],[121.97753,-1.55265],[121.97753,-1.55897],[121.96026,-1.55897],[121.96026,-1.56515],[121.92923,-1.56515],[121.92923,-1.59029],[121.99595,-1.59029],[121.99595,-1.55265]]]}},{"type":"Feature","properties":{"inventoryId":"big-mining-wiup:641","sector":"Tambang","subtype":"WIUP","quality":"OFFICIAL","sourceDataset":"big-mining-wiup","sourceRecordId":"641","source":"BIG Kebijakan Satu Peta","sourceUrl":"https://kspservices.big.go.id/satupeta/rest/services/PUBLIK/PERIZINAN_DAN_PERTANAHAN/MapServer/4","retrievedAt":"2026-08-28T06:57:32Z","geometryProcessing":"web display simplification tolerance 0.00035 degrees","name":"TIMAH INVESTASI MINERAL","issuer":"GUBERNUR","province":"SULAWESI TENGGARA","district":"BOMBANA","permitNumber":"250/DPMPTSP/IV/2019","permitType":"PT","miningType":"IUP","commodity":"NIKEL DMP","status":"2","validFrom":"2019-04-01","validTo":"2029-03-31","areaHa":300.0,"location":"KEC. KABAENA, KAB. BOMBANA","sourceRemark":"-","region":"sulawesi"},"geometry":{"type":"Polygon","coordinates":[[[121.81664,-5.24718],[121.81664,-5.26639],[121.82667,-5.26639],[121.82667,-5.26858],[121.83028,-5.26858],[121.83028,-5.25305],[121.82577,-5.25305],[121.82577,-5.24718],[121.81664,-5.24718]]]}},{"type":"Feature","properties":{"inventoryId":"big-mining-wiup:733","sector":"Tambang","subtype":"WIUP","quality":"OFFICIAL","sourceDataset":"big-mining-wiup","sourceRecordId":"733","source":"BIG Kebijakan Satu Peta","sourceUrl":"https://kspservices.big.go.id/satupeta/rest/services/PUBLIK/PERIZINAN_DAN_PERTANAHAN/MapServer/4","retrievedAt":"2026-08-28T06:57:32Z","geometryProcessing":"web display simplification tolerance 0.00035 degrees","name":"TIRAN INDONESIA","issuer":"BUPATI","province":"SULAWESI TENGGARA","district":"BOMBANA","permitNumber":"319 TAHUN 2014","permitType":"PT","miningType":"IUP","commodity":"EMAS","status":"2","validFrom":"2014-09-11","validTo":"2023-11-22","areaHa":947.0,"location":"DESA RAU-RAU, KEC RAROWATU, KA","sourceRemark":"-","region":"sulawesi"},"geometry":{"type":"Polygon","coordinates":[[[121.81213,-4.65891],[121.81213,-4.68772],[121.83874,-4.68772],[121.83874,-4.6589],[121.81213,-4.65891]]]}},{"type":"Feature","properties":{"inventoryId":"big-mining-wiup:998","sector":"Tambang","subtype":"WIUP","quality":"OFFICIAL","sourceDataset":"big-mining-wiup","sourceRecordId":"998","source":"BIG Kebijakan Satu Peta","sourceUrl":"https://kspservices.big.go.id/satupeta/rest/services/PUBLIK/PERIZINAN_DAN_PERTANAHAN/MapServer/4","retrievedAt":"2026-08-28T06:57:32Z","geometryProcessing":"web display simplification tolerance 0.00035 degrees","name":"TIRAN INDONESIA","issuer":"BUPATI","province":"SULAWESI TENGGARA","district":"KONAWE UTARA","permitNumber":"155 TAHUN 2013","permitType":"PT","miningType":"IUP","commodity":"NIKEL","status":"2","validFrom":"2013-07-30","validTo":"2033-07-30","areaHa":1411.35,"location":"KEC.LANGGIKIMA, KONAWE UTARA","sourceRemark":"-","region":"sulawesi"},"geometry":{"type":"Polygon","coordinates":[[[122.2957,-3.23],[122.29472,-3.23],[122.29472,-3.21361],[122.2975,-3.21361],[122.2975,-3.20722],[122.30278,-3.20722],[122.30278,-3.18444],[122.29278,-3.18444],[122.29278,-3.19944],[122.25,-3.19944],[122.25,-3.21667],[122.28611,-3.21667],[122.28611,-3.23306],[122.2957,-3.23306],[122.2957,-3.23]]]}},{"type":"Feature","properties":{"inventoryId":"big-mining-wiup:4387","sector":"Tambang","subtype":"WIUP","quality":"OFFICIAL","sourceDataset":"big-mining-wiup","sourceRecordId":"4387","source":"BIG Kebijakan Satu Peta","sourceUrl":"https://kspservices.big.go.id/satupeta/rest/services/PUBLIK/PERIZINAN_DAN_PERTANAHAN/MapServer/4","retrievedAt":"2026-08-28T06:57:32Z","geometryProcessing":"web display simplification tolerance 0.00035 degrees","name":"TOLI TOLI KARYA PERSADA","issuer":"GUBERNUR","province":"SULAWESI TENGAH","district":"TOLI TOLI","permitNumber":"540/421/IUP-E/DPMPTSP/2020","permitType":"PT","miningType":"IUP","commodity":"BATU GUNUNG QUARRY BESAR","status":"1","validFrom":"2020-08-19","validTo":"2023-08-19","areaHa":49.0,"location":"-","sourceRemark":"-","region":"sulawesi"},"geometry":{"type":"Polygon","coordinates":[[[120.82502,1.30802],[120.82249,1.30802],[120.82249,1.30116],[120.83019,1.30116],[120.83019,1.30313],[120.83272,1.30313],[120.83272,1.30396],[120.83663,1.30396],[120.83663,1.30656],[120.83248,1.30656],[120.83248,1.30335],[120.82502,1.30335],[120.82502,1.30802]]]}},{"type":"Feature","properties":{"inventoryId":"big-mining-wiup:4452","sector":"Tambang","subtype":"WIUP","quality":"OFFICIAL","sourceDataset":"big-mining-wiup","sourceRecordId":"4452","source":"BIG Kebijakan Satu Peta","sourceUrl":"https://kspservices.big.go.id/satupeta/rest/services/PUBLIK/PERIZINAN_DAN_PERTANAHAN/MapServer/4","retrievedAt":"2026-08-28T06:57:32Z","geometryProcessing":"web display simplification tolerance 0.00035 degrees","name":"TONDONG JAYA MARMER","issuer":"GUBERNUR","province":"SULAWESI SELATAN","district":"PANGKAJENE DAN KEPULAUAN","permitNumber":"54/I.03.P/07/2017","permitType":"PT","miningType":"IUP","commodity":"MARMER","status":"2","validFrom":"2017-09-28","validTo":"2022-09-29","areaHa":34.71,"location":"DESA BULU TELLUE KECAMATAN TONDONG TALLASA KABUPATEN PANGKAJENE DAN KEPULAUAN PROVINSI SULAWESI SELATAN","sourceRemark":"-","region":"sulawesi"},"geometry":{"type":"Polygon","coordinates":[[[119.67134,-4.79139],[119.66921,-4.79139],[119.66921,-4.79341],[119.66707,-4.79341],[119.66707,-4.7964],[119.66931,-4.7964],[119.66931,-4.79742],[119.67158,-4.79742],[119.67158,-4.79861],[119.67301,-4.79861],[119.67301,-4.79383],[119.67241,-4.79383],[119.67189,-4.79229],[119.67134,-4.79229],[119.67134,-4.79139]]]}},{"type":"Feature","properties":{"inventoryId":"big-mining-wiup:4260","sector":"Tambang","subtype":"WIUP","quality":"OFFICIAL","sourceDataset":"big-mining-wiup","sourceRecordId":"4260","source":"BIG Kebijakan Satu Peta","sourceUrl":"https://kspservices.big.go.id/satupeta/rest/services/PUBLIK/PERIZINAN_DAN_PERTANAHAN/MapServer/4","retrievedAt":"2026-08-28T06:57:32Z","geometryProcessing":"web display simplification tolerance 0.00035 degrees","name":"TONGARA BATU PERKASA","issuer":"GUBERNUR","province":"SULAWESI UTARA","district":"BOLAANG MONGONDOW","permitNumber":"503/DPMPTSP/IUP-OP/11/1/2019","permitType":"PT","miningType":"IUP","commodity":"BATUAN","status":"2","validFrom":"2019-01-25","validTo":"2024-01-25","areaHa":6.33,"location":"DESA MOPUSI, KECAMATAN LOLAYAN","sourceRemark":"-","region":"sulawesi"},"geometry":{"type":"Polygon","coordinates":[[[124.25001,0.56753],[124.24955,0.56753],[124.24855,0.56522],[124.24876,0.56367],[124.24916,0.56367],[124.24865,0.5623],[124.24951,0.56205],[124.24943,0.56099],[124.25028,0.56099],[124.24969,0.56311],[124.25001,0.56753]]]}},{"type":"Feature","properties":{"inventoryId":"big-mining-wiup:617","sector":"Tambang","subtype":"WIUP","quality":"OFFICIAL","sourceDataset":"big-mining-wiup","sourceRecordId":"617","source":"BIG Kebijakan Satu Peta","sourceUrl":"https://kspservices.big.go.id/satupeta/rest/services/PUBLIK/PERIZINAN_DAN_PERTANAHAN/MapServer/4","retrievedAt":"2026-08-28T06:57:32Z","geometryProcessing":"web display simplification tolerance 0.00035 degrees","name":"TONIA MITRA SEJAHTERA","issuer":"BUPATI","province":"SULAWESI TENGGARA","district":"BOMBANA","permitNumber":"370 TAHUN 2013","permitType":"PT","miningType":"IUP","commodity":"NIKEL","status":"2","validFrom":"2013-08-03","validTo":"2023-08-03","areaHa":5958.0,"location":"KABAENA TIMUR","sourceRemark":"-","region":"sulawesi"},"geometry":{"type":"Polygon","coordinates":[[[122.03944,-5.24425],[122.05571,-5.24425],[122.05571,-5.23407],[122.07465,-5.23407],[122.07465,-5.2197],[122.06758,-5.2197],[122.06758,-5.20231],[122.07286,-5.20231],[122.07286,-5.1939],[122.06083,-5.1939],[122.06083,-5.17272],[122.04966,-5.17272],[122.04966,-5.1645],[122.04468,-5.1645],[122.04468,-5.15548],[122.03862,-5.15548],[122.03862,-5.14241],[122.01565,-5.14241],[122.01556,-5.16003],[121.98517,-5.16003],[121.98517,-5.16258],[121.98886,-5.16258],[121.98886,-5.16908],[121.99222,-5.16908],[121.992,-5.17337],[121.99581,-5.17319],[121.99581,-5.18256],[121.99925,-5.18256],[121.99925,-5.18669],[122.00315,-5.18669],[122.00315,-5.18983],[122.01364,-5.18983],[122.01364,-5.2015],[122.01639,-5.2015],[122.01639,-5.21278],[122.01947,-5.21278],[122.01947,-5.22689],[122.02257,-5.22689],[122.02257,-5.23104],[122.02737,-5.23104],[122.02736,-5.23547],[122.03257,-5.23547],[122.03257,-5.24062],[122.03944,-5.24062],[122.03944,-5.24425]]]}},{"type":"Feature","properties":{"inventoryId":"big-mining-wiup:1284","sector":"Tambang","subtype":"WIUP","quality":"OFFICIAL","sourceDataset":"big-mining-wiup","sourceRecordId":"1284","source":"BIG Kebijakan Satu Peta","sourceUrl":"https://kspservices.big.go.id/satupeta/rest/services/PUBLIK/PERIZINAN_DAN_PERTANAHAN/MapServer/4","retrievedAt":"2026-08-28T06:57:32Z","geometryProcessing":"web display simplification tolerance 0.00035 degrees","name":"TOPOGARO BUNGBAR SORAJAI","issuer":"GUBERNUR","province":"SULAWESI TENGAH","district":"MOROWALI","permitNumber":"540/303/IUP-OP/DPMPTSP/2018","permitType":"PT","miningType":"IUP","commodity":"NIKEL DMP","status":"2","validFrom":"2018-04-24","validTo":"2038-04-24","areaHa":148.8,"location":"DESA TOPORAGO BUNGKU BARAT, MOROWALI","sourceRemark":"-","region":"sulawesi"},"geometry":{"type":"Polygon","coordinates":[[[121.69515,-2.33969],[121.69961,-2.33969],[121.69961,-2.34868],[121.70362,-2.34868],[121.70362,-2.34415],[121.70141,-2.34415],[121.70141,-2.34207],[121.7038,-2.34207],[121.7038,-2.32939],[121.69515,-2.32939],[121.69515,-2.33969]]]}},{"type":"Feature","properties":{"inventoryId":"big-mining-wiup:404","sector":"Tambang","subtype":"WIUP","quality":"OFFICIAL","sourceDataset":"big-mining-wiup","sourceRecordId":"404","source":"BIG Kebijakan Satu Peta","sourceUrl":"https://kspservices.big.go.id/satupeta/rest/services/PUBLIK/PERIZINAN_DAN_PERTANAHAN/MapServer/4","retrievedAt":"2026-08-28T06:57:32Z","geometryProcessing":"web display simplification tolerance 0.00035 degrees","name":"TOSHIDA INDONESIA","issuer":"BUPATI","province":"SULAWESI TENGGARA","district":"KOLAKA","permitNumber":"159 TAHUN 2010","permitType":"PT","miningType":"IUP","commodity":"NIKEL","status":"2","validFrom":"2010-04-12","validTo":"2027-04-12","areaHa":5000.0,"location":"KEC. TANGGETADA, WATUBANGGA, LAMBANDIA, KAB. KOLAKA","sourceRemark":"-","region":"sulawesi"},"geometry":{"type":"Polygon","coordinates":[[[121.6625,-4.31528],[121.6625,-4.325],[121.66667,-4.325],[121.66667,-4.32917],[121.675,-4.32917],[121.675,-4.33611],[121.67778,-4.33611],[121.67778,-4.33889],[121.68056,-4.33889],[121.68056,-4.34167],[121.68611,-4.34167],[121.68611,-4.34444],[121.69167,-4.34444],[121.69167,-4.35],[121.69583,-4.35],[121.69583,-4.36111],[121.70278,-4.36111],[121.70278,-4.36889],[121.77417,-4.36889],[121.77417,-4.34722],[121.76944,-4.34722],[121.76944,-4.34444],[121.76389,-4.34444],[121.76389,-4.34167],[121.75833,-4.34167],[121.75833,-4.33889],[121.75278,-4.33889],[121.75278,-4.33333],[121.74583,-4.33333],[121.74583,-4.32417],[121.74083,-4.32417],[121.74083,-4.31528],[121.6625,-4.31528]]]}},{"type":"Feature","properties":{"inventoryId":"big-mining-wiup:1438","sector":"Tambang","subtype":"WIUP","quality":"OFFICIAL","sourceDataset":"big-mining-wiup","sourceRecordId":"1438","source":"BIG Kebijakan Satu Peta","sourceUrl":"https://kspservices.big.go.id/satupeta/rest/services/PUBLIK/PERIZINAN_DAN_PERTANAHAN/MapServer/4","retrievedAt":"2026-08-28T06:57:32Z","geometryProcessing":"web display simplification tolerance 0.00035 degrees","name":"TOTAL PRIMA INDONESIA","issuer":"BUPATI","province":"SULAWESI TENGAH","district":"MOROWALI UTARA","permitNumber":"540.3/SK.06/DESDM/VII/2013","permitType":"PT","miningType":"IUP","commodity":"NIKEL DMP","status":"2","validFrom":"2013-07-30","validTo":"2032-03-09","areaHa":3606.0,"location":"KEC. MAMOSALATO, MOROWALI","sourceRemark":"-","region":"sulawesi"},"geometry":{"type":"Polygon","coordinates":[[[122.02817,-1.61422],[122.02817,-1.59433],[122.03421,-1.59433],[122.03421,-1.59757],[122.042,-1.59757],[122.042,-1.60248],[122.04807,-1.60248],[122.04807,-1.61132],[122.04416,-1.61132],[122.04416,-1.61381],[122.04766,-1.61381],[122.04766,-1.61576],[122.05344,-1.61635],[122.05344,-1.60469],[122.0516,-1.60469],[122.0516,-1.60249],[122.04889,-1.60249],[122.04889,-1.59962],[122.04529,-1.59962],[122.04529,-1.59613],[122.04125,-1.59613],[122.04125,-1.59166],[122.03698,-1.59166],[122.03698,-1.58615],[121.9965,-1.58615],[121.9965,-1.59089],[121.94474,-1.59089],[121.94474,-1.60552],[121.92565,-1.60552],[121.92564,-1.62571],[121.96914,-1.62571],[121.96914,-1.61536],[121.98021,-1.61536],[121.98021,-1.60622],[122.00229,-1.60622],[122.00229,-1.61422],[122.02817,-1.61422]]]}},{"type":"Feature","properties":{"inventoryId":"big-mining-wiup:940","sector":"Tambang","subtype":"WIUP","quality":"OFFICIAL","sourceDataset":"big-mining-wiup","sourceRecordId":"940","source":"BIG Kebijakan Satu Peta","sourceUrl":"https://kspservices.big.go.id/satupeta/rest/services/PUBLIK/PERIZINAN_DAN_PERTANAHAN/MapServer/4","retrievedAt":"2026-08-28T06:57:32Z","geometryProcessing":"web display simplification tolerance 0.00035 degrees","name":"TOTAL PRIMA INDONESIA","issuer":"BUPATI","province":"SULAWESI TENGAH","district":"MOROWALI","permitNumber":"540.3/SK.003/DESDM/V/2011","permitType":"PT","miningType":"IUP","commodity":"NIKEL DMP","status":"2","validFrom":"2011-05-23","validTo":"2031-05-20","areaHa":1142.0,"location":"DESA TANGOFA KEC. BUNGKU SELATAN, KAB. MOROWALI","sourceRemark":"-","region":"sulawesi"},"geometry":{"type":"Polygon","coordinates":[[[122.2983,-2.9212],[122.2983,-2.93438],[122.28788,-2.93438],[122.28788,-2.94029],[122.28647,-2.94029],[122.28647,-2.94254],[122.27967,-2.94254],[122.27967,-2.94958],[122.30567,-2.94958],[122.30567,-2.95327],[122.29975,-2.95327],[122.29975,-2.95492],[122.29754,-2.95492],[122.29754,-2.95641],[122.2707,-2.95641],[122.2707,-2.96296],[122.30567,-2.96296],[122.30567,-2.95802],[122.3074,-2.95802],[122.3074,-2.94624],[122.30985,-2.94624],[122.30985,-2.94142],[122.31335,-2.94142],[122.31335,-2.93539],[122.31678,-2.93539],[122.31678,-2.93],[122.31939,-2.93],[122.31939,-2.92269],[122.3045,-2.92269],[122.3045,-2.9212],[122.2983,-2.9212]]]}},{"type":"Feature","properties":{"inventoryId":"big-mining-wiup:3994","sector":"Tambang","subtype":"WIUP","quality":"OFFICIAL","sourceDataset":"big-mining-wiup","sourceRecordId":"3994","source":"BIG Kebijakan Satu Peta","sourceUrl":"https://kspservices.big.go.id/satupeta/rest/services/PUBLIK/PERIZINAN_DAN_PERTANAHAN/MapServer/4","retrievedAt":"2026-08-28T06:57:32Z","geometryProcessing":"web display simplification tolerance 0.00035 degrees","name":"TRIMIX PERKASA","issuer":"GUBERNUR","province":"SULAWESI UTARA","district":"KOTA BITUNG","permitNumber":"250 TAHUN 2017","permitType":"PT","miningType":"IUP","commodity":"BATUAN","status":"2","validFrom":"2017-07-07","validTo":"2022-07-07","areaHa":11.79,"location":"DESA KUMERSOT, KEC. RANOWULU, KOTA BITUNG","sourceRemark":"-","region":"sulawesi"},"geometry":{"type":"Polygon","coordinates":[[[125.08965,1.47454],[125.08965,1.47508],[125.08735,1.47508],[125.08735,1.47214],[125.08866,1.47214],[125.08866,1.47152],[125.08916,1.47152],[125.08916,1.47215],[125.09098,1.47215],[125.09098,1.47353],[125.09031,1.47353],[125.09031,1.47454],[125.08965,1.47454]]]}},{"type":"Feature","properties":{"inventoryId":"big-mining-wiup:2119","sector":"Tambang","subtype":"WIUP","quality":"OFFICIAL","sourceDataset":"big-mining-wiup","sourceRecordId":"2119","source":"BIG Kebijakan Satu Peta","sourceUrl":"https://kspservices.big.go.id/satupeta/rest/services/PUBLIK/PERIZINAN_DAN_PERTANAHAN/MapServer/4","retrievedAt":"2026-08-28T06:57:32Z","geometryProcessing":"web display simplification tolerance 0.00035 degrees","name":"TRINUSA DHARMA UTAMA","issuer":"MENTERI","province":"SULAWESI TENGAH","district":"MOROWALI UTARA","permitNumber":"1742/1/IUP/PMDN/2021","permitType":"PT","miningType":"IUP","commodity":"NIKEL","status":"2","validFrom":"2021-12-09","validTo":"2031-01-09","areaHa":85.0,"location":"PETASIA","sourceRemark":"-","region":"sulawesi"},"geometry":{"type":"Polygon","coordinates":[[[121.31625,-1.89695],[121.31625,-1.90173],[121.33256,-1.90173],[121.33256,-1.9006],[121.32993,-1.9006],[121.32993,-1.89695],[121.31625,-1.89695]]]}},{"type":"Feature","properties":{"inventoryId":"big-mining-wiup:53","sector":"Tambang","subtype":"WIUP","quality":"OFFICIAL","sourceDataset":"big-mining-wiup","sourceRecordId":"53","source":"BIG Kebijakan Satu Peta","sourceUrl":"https://kspservices.big.go.id/satupeta/rest/services/PUBLIK/PERIZINAN_DAN_PERTANAHAN/MapServer/4","retrievedAt":"2026-08-28T06:57:32Z","geometryProcessing":"web display simplification tolerance 0.00035 degrees","name":"TRIO KENCANA","issuer":"GUBERNUR","province":"SULAWESI TENGAH","district":"PARIGI MOUTONG","permitNumber":"540/426/IUP-OP/DPMPTSP/2020","permitType":"PT","miningType":"IUP","commodity":"EMAS","status":"2","validFrom":"2020-08-28","validTo":"2040-08-27","areaHa":15725.0,"location":"KEC. TORIBULU, KEC. KASIMBAR, DAN KEC. TINOMBO SELATAN","sourceRemark":"-","region":"sulawesi"},"geometry":{"type":"Polygon","coordinates":[[[120.03302,-0.09435],[119.98,-0.09444],[119.98,-0.01667],[119.94333,-0.01667],[119.94333,-0.08833],[119.93389,-0.08833],[119.93389,-0.10444],[119.92611,-0.10444],[119.92611,-0.11111],[119.92194,-0.11111],[119.92194,-0.15194],[119.92472,-0.15194],[119.92472,-0.15694],[119.97278,-0.15694],[119.97278,-0.24889],[120.00361,-0.24889],[120.00361,-0.165],[120.02111,-0.165],[120.02111,-0.15583],[120.03111,-0.15583],[120.03111,-0.14472],[120.03722,-0.14472],[120.03722,-0.10694],[120.03306,-0.10694],[120.03302,-0.09435]]]}},{"type":"Feature","properties":{"inventoryId":"big-mining-wiup:906","sector":"Tambang","subtype":"WIUP","quality":"OFFICIAL","sourceDataset":"big-mining-wiup","sourceRecordId":"906","source":"BIG Kebijakan Satu Peta","sourceUrl":"https://kspservices.big.go.id/satupeta/rest/services/PUBLIK/PERIZINAN_DAN_PERTANAHAN/MapServer/4","retrievedAt":"2026-08-28T06:57:32Z","geometryProcessing":"web display simplification tolerance 0.00035 degrees","name":"TRISTACO MINERAL MAKMUR","issuer":"BUPATI","province":"SULAWESI TENGGARA","district":"KONAWE UTARA","permitNumber":"341 TAHUN 2012","permitType":"PT","miningType":"IUP","commodity":"NIKEL","status":"2","validFrom":"2012-08-29","validTo":"2032-08-29","areaHa":138.9,"location":"KEC.LASOLO","sourceRemark":"-","region":"sulawesi"},"geometry":{"type":"Polygon","coordinates":[[[122.27316,-3.36245],[122.27311,-3.36948],[122.2714,-3.36948],[122.2714,-3.37853],[122.27439,-3.37853],[122.27439,-3.37523],[122.27551,-3.37523],[122.27551,-3.37401],[122.2762,-3.37401],[122.2762,-3.36911],[122.28437,-3.36911],[122.28437,-3.36245],[122.27316,-3.36245]]]}},{"type":"Feature","properties":{"inventoryId":"big-mining-wiup:2184","sector":"Tambang","subtype":"WIUP","quality":"OFFICIAL","sourceDataset":"big-mining-wiup","sourceRecordId":"2184","source":"BIG Kebijakan Satu Peta","sourceUrl":"https://kspservices.big.go.id/satupeta/rest/services/PUBLIK/PERIZINAN_DAN_PERTANAHAN/MapServer/4","retrievedAt":"2026-08-28T06:57:32Z","geometryProcessing":"web display simplification tolerance 0.00035 degrees","name":"UNAAHA BAKTI PERSADA","issuer":"BUPATI","province":"SULAWESI TENGGARA","district":"KONAWE UTARA","permitNumber":"442.1 TAHUN 2011","permitType":"CV","miningType":"IUP","commodity":"NIKEL","status":"2","validFrom":"2011-12-15","validTo":"2031-12-15","areaHa":159.0,"location":"LANGGIKIMA","sourceRemark":"-","region":"sulawesi"},"geometry":{"type":"Polygon","coordinates":[[[122.22751,-3.38237],[122.22752,-3.38955],[122.23328,-3.38955],[122.23328,-3.39511],[122.20912,-3.39511],[122.20912,-3.3975],[122.24387,-3.3975],[122.24387,-3.39284],[122.23755,-3.39284],[122.23755,-3.39161],[122.23674,-3.39161],[122.23674,-3.39088],[122.23579,-3.39088],[122.23579,-3.39017],[122.23468,-3.39017],[122.23309,-3.38915],[122.22923,-3.38882],[122.22923,-3.38794],[122.22868,-3.38794],[122.22868,-3.38237],[122.22751,-3.38237]]]}},{"type":"Feature","properties":{"inventoryId":"big-mining-wiup:3533","sector":"Tambang","subtype":"WIUP","quality":"OFFICIAL","sourceDataset":"big-mining-wiup","sourceRecordId":"3533","source":"BIG Kebijakan Satu Peta","sourceUrl":"https://kspservices.big.go.id/satupeta/rest/services/PUBLIK/PERIZINAN_DAN_PERTANAHAN/MapServer/4","retrievedAt":"2026-08-28T06:57:32Z","geometryProcessing":"web display simplification tolerance 0.00035 degrees","name":"UNAAHA BUMI PERSADA","issuer":"MENTERI","province":"SULAWESI TENGGARA","district":"KONAWE UTARA","permitNumber":"124/1/IUP/PMDN/2022","permitType":"PT","miningType":"IUP","commodity":"ANDESIT","status":"1","validFrom":"2022-01-24","validTo":"2025-01-24","areaHa":15.0,"location":"KECAMATAN LANGGIKIMA KABUPATEN KONAWE UTARA PROVINSI SULAWESI TENGGARA","sourceRemark":"-","region":"sulawesi"},"geometry":{"type":"Polygon","coordinates":[[[122.2339,-3.38994],[122.2339,-3.39394],[122.23754,-3.39394],[122.23754,-3.39161],[122.23674,-3.39161],[122.23674,-3.39087],[122.23579,-3.39087],[122.23579,-3.39017],[122.2339,-3.38994]]]}},{"type":"Feature","properties":{"inventoryId":"big-mining-wiup:2511","sector":"Tambang","subtype":"WIUP","quality":"OFFICIAL","sourceDataset":"big-mining-wiup","sourceRecordId":"2511","source":"BIG Kebijakan Satu Peta","sourceUrl":"https://kspservices.big.go.id/satupeta/rest/services/PUBLIK/PERIZINAN_DAN_PERTANAHAN/MapServer/4","retrievedAt":"2026-08-28T06:57:32Z","geometryProcessing":"web display simplification tolerance 0.00035 degrees","name":"USAHA KITA KINERJATAMA","issuer":"GUBERNUR","province":"SULAWESI TENGAH","district":"MOROWALI UTARA","permitNumber":"540/613/IUP-OP/AFI/DPMPTSP/2020","permitType":"PT","miningType":"IUP","commodity":"NIKEL","status":"2","validFrom":"2010-12-10","validTo":"2022-10-12","areaHa":1209.0,"location":"PETASIA GANDA-GANDA","sourceRemark":"-","region":"sulawesi"},"geometry":{"type":"Polygon","coordinates":[[[121.27332,-1.87897],[121.27332,-1.88092],[121.27136,-1.88092],[121.27136,-1.90326],[121.31555,-1.90326],[121.31555,-1.88884],[121.30631,-1.88883],[121.30633,-1.87897],[121.27332,-1.87897]]]}},{"type":"Feature","properties":{"inventoryId":"big-mining-wiup:2081","sector":"Tambang","subtype":"WIUP","quality":"OFFICIAL","sourceDataset":"big-mining-wiup","sourceRecordId":"2081","source":"BIG Kebijakan Satu Peta","sourceUrl":"https://kspservices.big.go.id/satupeta/rest/services/PUBLIK/PERIZINAN_DAN_PERTANAHAN/MapServer/4","retrievedAt":"2026-08-28T06:57:32Z","geometryProcessing":"web display simplification tolerance 0.00035 degrees","name":"UTAMA SIRTU ABADI","issuer":"GUBERNUR","province":"SULAWESI TENGAH","district":"KOTA PALU","permitNumber":"540/656/IUP-OP/DPMPTSP/2019","permitType":"PT","miningType":"IUP","commodity":"BATU GUNUNG QUARRY BESAR","status":"2","validFrom":"2019-12-09","validTo":"2024-12-09","areaHa":9.8,"location":"-","sourceRemark":"-","region":"sulawesi"},"geometry":{"type":"Polygon","coordinates":[[[119.81143,-0.83191],[119.81036,-0.83307],[119.81053,-0.83405],[119.80739,-0.8346],[119.80616,-0.83541],[119.80594,-0.83809],[119.80747,-0.83809],[119.8079,-0.83704],[119.80871,-0.83704],[119.80871,-0.83778],[119.80943,-0.83745],[119.81134,-0.83506],[119.81102,-0.83399],[119.81143,-0.83191]]]}},{"type":"Feature","properties":{"inventoryId":"big-mining-wiup:2000","sector":"Tambang","subtype":"WIUP","quality":"OFFICIAL","sourceDataset":"big-mining-wiup","sourceRecordId":"2000","source":"BIG Kebijakan Satu Peta","sourceUrl":"https://kspservices.big.go.id/satupeta/rest/services/PUBLIK/PERIZINAN_DAN_PERTANAHAN/MapServer/4","retrievedAt":"2026-08-28T06:57:32Z","geometryProcessing":"web display simplification tolerance 0.00035 degrees","name":"VALE INDONESIA TBK","issuer":"MENTERI","province":"SULAWESI TENGGARA","district":"KOLAKA","permitNumber":"218/30/DJB/2017","permitType":"PT","miningType":"KK","commodity":"NIKEL","status":"2","validFrom":"2014-10-17","validTo":"2025-12-27","areaHa":20286.0,"location":"BLOK POMALA. KAB. KOLAKA DAN KAB. KOLAKA TIMUR","sourceRemark":"GEN II","region":"sulawesi"},"geometry":{"type":"Polygon","coordinates":[[[121.6235,-4.29658],[121.74311,-4.29658],[121.74311,-4.20311],[121.71869,-4.20311],[121.71869,-4.13533],[121.61911,-4.13533],[121.61911,-4.15675],[121.61122,-4.15675],[121.61122,-4.17342],[121.65683,-4.17342],[121.65683,-4.177],[121.65414,-4.177],[121.65414,-4.18417],[121.65142,-4.18417],[121.65142,-4.19133],[121.64872,-4.19133],[121.64872,-4.1985],[121.646,-4.1985],[121.646,-4.20567],[121.64331,-4.20567],[121.64331,-4.21283],[121.64061,-4.21283],[121.64061,-4.22],[121.63789,-4.22],[121.63789,-4.22719],[121.63519,-4.22719],[121.63519,-4.23436],[121.63247,-4.23436],[121.63247,-4.24153],[121.62978,-4.24153],[121.62978,-4.24869],[121.62708,-4.24869],[121.62708,-4.25586],[121.62436,-4.25586],[121.62436,-4.26303],[121.62167,-4.26303],[121.62167,-4.27019],[121.61894,-4.27019],[121.61894,-4.27736],[121.61625,-4.27736],[121.61625,-4.28094],[121.6235,-4.28094],[121.6235,-4.29658]]]}},{"type":"Feature","properties":{"inventoryId":"big-mining-wiup:2072","sector":"Tambang","subtype":"WIUP","quality":"OFFICIAL","sourceDataset":"big-mining-wiup","sourceRecordId":"2072","source":"BIG Kebijakan Satu Peta","sourceUrl":"https://kspservices.big.go.id/satupeta/rest/services/PUBLIK/PERIZINAN_DAN_PERTANAHAN/MapServer/4","retrievedAt":"2026-08-28T06:57:32Z","geometryProcessing":"web display simplification tolerance 0.00035 degrees","name":"VALE INDONESIA TBK","issuer":"MENTERI","province":"SULAWESI TENGAH, SULAWESI SELATAN","district":"MOROWALI, LUWU TIMUR","permitNumber":"218/30/DJB/2017","permitType":"PT","miningType":"KK","commodity":"NIKEL","status":"2","validFrom":"2014-10-17","validTo":"2025-12-27","areaHa":22699.0,"location":"BLOK BAHODOPI. KAB. MOROWALI DAN KAB. LUWU TIMUR","sourceRemark":"GEN II","region":"sulawesi"},"geometry":{"type":"Polygon","coordinates":[[[122.00456,-2.78772],[122.02448,-2.78758],[122.0245,-2.78077],[122.02687,-2.78077],[122.02686,-2.77662],[122.02893,-2.77662],[122.02893,-2.77272],[122.03136,-2.77272],[122.03138,-2.7674],[122.03309,-2.7674],[122.0331,-2.76375],[122.02464,-2.76375],[122.02464,-2.72403],[122.01958,-2.72403],[122.01958,-2.7205],[122.00931,-2.7205],[122.00931,-2.71764],[121.97269,-2.71764],[121.97269,-2.70572],[121.96053,-2.70572],[121.96053,-2.70224],[121.89448,-2.70218],[121.8945,-2.67872],[121.90614,-2.67873],[121.90614,-2.66661],[121.87808,-2.66661],[121.87808,-2.65607],[121.87366,-2.65594],[121.87366,-2.65121],[121.86815,-2.6512],[121.86815,-2.64647],[121.85378,-2.64642],[121.85376,-2.64496],[121.84529,-2.64496],[121.84529,-2.64861],[121.83924,-2.64861],[121.83926,-2.64333],[121.82683,-2.64333],[121.82683,-2.61308],[121.81646,-2.61308],[121.81646,-2.61713],[121.80551,-2.61712],[121.8055,-2.61308],[121.75747,-2.61308],[121.75747,-2.62806],[121.76125,-2.62806],[121.76125,-2.64964],[121.77281,-2.64964],[121.77281,-2.65931],[121.79968,-2.65931],[121.79968,-2.66304],[121.80721,-2.66305],[121.8072,-2.66751],[121.82068,-2.66751],[121.8207,-2.66613],[121.82885,-2.66613],[121.82884,-2.67],[121.83411,-2.67],[121.83412,-2.67366],[121.83697,-2.67368],[121.83691,-2.68689],[121.82728,-2.68684],[121.82728,-2.745],[121.87736,-2.74514],[121.87736,-2.75758],[121.90922,-2.75758],[121.90922,-2.77094],[121.96181,-2.77094],[121.96181,-2.77833],[121.97133,-2.77844],[121.97133,-2.78761],[122.00456,-2.78772]]]}},{"type":"Feature","properties":{"inventoryId":"big-mining-wiup:642","sector":"Tambang","subtype":"WIUP","quality":"OFFICIAL","sourceDataset":"big-mining-wiup","sourceRecordId":"642","source":"BIG Kebijakan Satu Peta","sourceUrl":"https://kspservices.big.go.id/satupeta/rest/services/PUBLIK/PERIZINAN_DAN_PERTANAHAN/MapServer/4","retrievedAt":"2026-08-28T06:57:32Z","geometryProcessing":"web display simplification tolerance 0.00035 degrees","name":"VALE INDONESIA TBK","issuer":"MENTERI","province":"SULAWESI TENGAH, SULAWESI SELATAN","district":"LUWU TIMUR","permitNumber":"218/30/DJB/2017","permitType":"PT","miningType":"KK","commodity":"NIKEL","status":"2","validFrom":"2014-10-17","validTo":"2025-12-27","areaHa":70566.0,"location":"BLOK SOROAKO. KAB. LUWU TIMUR DAN KAB. MOROWALI","sourceRemark":"GEN II","region":"sulawesi"},"geometry":{"type":"MultiPolygon","coordinates":[[[[121.62633,-2.59975],[121.62633,-2.60406],[121.62465,-2.60406],[121.62463,-2.62213],[121.64184,-2.62215],[121.64183,-2.6238],[121.69149,-2.62388],[121.69122,-2.68967],[121.68647,-2.68967],[121.68647,-2.70536],[121.68094,-2.70536],[121.68094,-2.72219],[121.6645,-2.72219],[121.6645,-2.73042],[121.64475,-2.73042],[121.64475,-2.73511],[121.62828,-2.73511],[121.62828,-2.74336],[121.62225,-2.74336],[121.62225,-2.75683],[121.611,-2.75683],[121.611,-2.76964],[121.59808,-2.76964],[121.59808,-2.81577],[121.61898,-2.81579],[121.61889,-2.82272],[121.66342,-2.82272],[121.66343,-2.81105],[121.69085,-2.81108],[121.69086,-2.80131],[121.69889,-2.80132],[121.69889,-2.79194],[121.72489,-2.79194],[121.72489,-2.75859],[121.722,-2.7587],[121.72212,-2.67924],[121.73778,-2.67925],[121.73778,-2.64389],[121.75481,-2.64389],[121.75481,-2.62218],[121.73796,-2.62217],[121.73795,-2.6057],[121.72595,-2.60572],[121.72601,-2.59542],[121.71476,-2.5955],[121.71478,-2.58088],[121.70772,-2.58087],[121.70772,-2.57574],[121.69068,-2.57592],[121.6907,-2.5562],[121.65773,-2.55619],[121.65773,-2.53573],[121.65229,-2.53573],[121.6523,-2.53345],[121.64413,-2.53344],[121.64418,-2.52917],[121.59926,-2.52916],[121.59927,-2.52276],[121.59366,-2.52275],[121.59366,-2.51755],[121.57246,-2.51753],[121.57246,-2.51211],[121.55989,-2.51211],[121.55989,-2.49192],[121.47286,-2.49192],[121.47286,-2.48486],[121.44853,-2.48486],[121.44853,-2.46058],[121.42758,-2.46058],[121.42758,-2.49233],[121.43233,-2.49233],[121.43233,-2.50147],[121.43864,-2.50147],[121.43864,-2.50786],[121.44853,-2.50786],[121.44853,-2.51725],[121.46611,-2.51725],[121.46611,-2.52811],[121.47417,-2.52811],[121.47417,-2.53536],[121.46289,-2.53536],[121.46289,-2.52722],[121.45272,-2.52722],[121.45272,-2.52461],[121.44456,-2.52461],[121.44456,-2.53108],[121.43744,-2.53108],[121.43744,-2.5335],[121.44153,-2.5335],[121.44153,-2.54175],[121.44517,-2.54175],[121.44517,-2.54694],[121.44017,-2.54694],[121.44017,-2.56389],[121.41339,-2.56389],[121.41339,-2.55781],[121.41672,-2.55781],[121.41672,-2.54839],[121.41181,-2.54839],[121.41181,-2.53608],[121.39883,-2.53608],[121.39883,-2.53089],[121.392,-2.53089],[121.392,-2.52681],[121.37372,-2.52681],[121.37372,-2.52367],[121.36264,-2.52367],[121.36264,-2.52056],[121.35411,-2.52056],[121.35411,-2.51758],[121.34906,-2.51758],[121.34906,-2.51444],[121.34006,-2.51444],[121.34006,-2.50986],[121.33661,-2.50986],[121.33661,-2.50578],[121.32347,-2.50578],[121.32364,-2.58164],[121.31294,-2.58163],[121.31294,-2.60928],[121.277,-2.60928],[121.277,-2.63339],[121.21383,-2.63339],[121.21383,-2.64519],[121.20236,-2.64519],[121.20236,-2.65771],[121.21415,-2.65768],[121.21413,-2.66435],[121.22305,-2.66443],[121.22295,-2.68974],[121.24255,-2.68974],[121.2425,-2.70234],[121.26112,-2.70236],[121.2611,-2.71394],[121.26576,-2.71395],[121.26574,-2.72652],[121.27946,-2.72654],[121.27946,-2.7322],[121.31379,-2.73223],[121.31376,-2.75663],[121.3286,-2.75668],[121.32859,-2.76255],[121.33985,-2.76257],[121.33979,-2.76869],[121.35525,-2.76869],[121.35525,-2.76658],[121.35053,-2.76658],[121.35053,-2.76353],[121.35833,-2.76353],[121.35833,-2.65914],[121.35028,-2.65913],[121.35028,-2.65311],[121.34041,-2.6531],[121.34037,-2.63368],[121.34867,-2.6337],[121.34868,-2.62565],[121.36446,-2.62567],[121.36447,-2.61728],[121.41569,-2.61735],[121.41564,-2.6132],[121.42663,-2.61329],[121.42663,-2.60954],[121.43571,-2.60954],[121.43572,-2.5987],[121.44055,-2.59871],[121.44057,-2.59471],[121.46876,-2.59505],[121.46889,-2.58089],[121.48839,-2.58089],[121.48866,-2.55519],[121.56999,-2.5554],[121.56998,-2.55995],[121.58451,-2.55997],[121.58451,-2.56387],[121.61966,-2.56423],[121.61968,-2.56968],[121.62664,-2.56969],[121.62663,-2.57502],[121.65651,-2.575],[121.6565,-2.57958],[121.67175,-2.57958],[121.67175,-2.59204],[121.68056,-2.59204],[121.68056,-2.59556],[121.68624,-2.59556],[121.68624,-2.60855],[121.65803,-2.60855],[121.65803,-2.59975],[121.62633,-2.59975]]],[[[121.18092,-2.67783],[121.18092,-2.65426],[121.17056,-2.65427],[121.17056,-2.65995],[121.15764,-2.65995],[121.15764,-2.67783],[121.18092,-2.67783]]]]}},{"type":"Feature","properties":{"inventoryId":"big-mining-wiup:780","sector":"Tambang","subtype":"WIUP","quality":"OFFICIAL","sourceDataset":"big-mining-wiup","sourceRecordId":"780","source":"BIG Kebijakan Satu Peta","sourceUrl":"https://kspservices.big.go.id/satupeta/rest/services/PUBLIK/PERIZINAN_DAN_PERTANAHAN/MapServer/4","retrievedAt":"2026-08-28T06:57:32Z","geometryProcessing":"web display simplification tolerance 0.00035 degrees","name":"VALE INDONESIA TBK","issuer":"MENTERI","province":"SULAWESI TENGGARA","district":"KOLAKA UTARA","permitNumber":"218/30/DJB/2017","permitType":"PT","miningType":"KK","commodity":"NIKEL","status":"2","validFrom":"2014-10-17","validTo":"2025-12-27","areaHa":4466.0,"location":"BLOK SUASUA. KAB. KOLAKA UTARA","sourceRemark":"GEN II","region":"sulawesi"},"geometry":{"type":"Polygon","coordinates":[[[120.98233,-3.64119],[120.98233,-3.64875],[120.99106,-3.64875],[120.99106,-3.655],[120.9975,-3.655],[120.9975,-3.66278],[121.00289,-3.66278],[121.00289,-3.67189],[121.00781,-3.67189],[121.00781,-3.6795],[121.02683,-3.6795],[121.02683,-3.68975],[121.03444,-3.68975],[121.03444,-3.69383],[121.04272,-3.69383],[121.04272,-3.69764],[121.05622,-3.69764],[121.05622,-3.69972],[121.06522,-3.69972],[121.06522,-3.63667],[120.97815,-3.63667],[120.9782,-3.64119],[120.98233,-3.64119]]]}},{"type":"Feature","properties":{"inventoryId":"big-mining-wiup:3719","sector":"Tambang","subtype":"WIUP","quality":"OFFICIAL","sourceDataset":"big-mining-wiup","sourceRecordId":"3719","source":"BIG Kebijakan Satu Peta","sourceUrl":"https://kspservices.big.go.id/satupeta/rest/services/PUBLIK/PERIZINAN_DAN_PERTANAHAN/MapServer/4","retrievedAt":"2026-08-28T06:57:32Z","geometryProcessing":"web display simplification tolerance 0.00035 degrees","name":"VENTJE CAROLES","issuer":"GUBERNUR","province":"SULAWESI UTARA","district":"MINAHASA","permitNumber":"503/DPMPTSPD/IUP-OP/156/VII/2018","permitType":"SDR","miningType":"IUP","commodity":"SIRTU","status":"2","validFrom":"2018-07-19","validTo":"2023-07-19","areaHa":5.9,"location":"DESA SEA KEC. PINELENG, KAB. MINAHASA, SULAWESI UTARA","sourceRemark":"-","region":"sulawesi"},"geometry":{"type":"Polygon","coordinates":[[[124.78122,1.42166],[124.78122,1.42479],[124.78029,1.42479],[124.78029,1.42419],[124.77955,1.42419],[124.77955,1.42166],[124.78122,1.42166]]]}},{"type":"Feature","properties":{"inventoryId":"big-mining-wiup:4121","sector":"Tambang","subtype":"WIUP","quality":"OFFICIAL","sourceDataset":"big-mining-wiup","sourceRecordId":"4121","source":"BIG Kebijakan Satu Peta","sourceUrl":"https://kspservices.big.go.id/satupeta/rest/services/PUBLIK/PERIZINAN_DAN_PERTANAHAN/MapServer/4","retrievedAt":"2026-08-28T06:57:32Z","geometryProcessing":"web display simplification tolerance 0.00035 degrees","name":"VIO RESOURCES","issuer":"GUBERNUR","province":"SULAWESI UTARA","district":"DONGGALA","permitNumber":"540/001/IUP-OP/DPMPTSP/2020","permitType":"PT","miningType":"IUP","commodity":"BIJIH EMAS","status":"2","validFrom":"2020-01-02","validTo":"2040-01-02","areaHa":5300.0,"location":"KEC. LABUAN DAN SINDUE","sourceRemark":"-","region":"sulawesi"},"geometry":{"type":"Polygon","coordinates":[[[119.79663,-0.55779],[119.79663,-0.57874],[119.80002,-0.57874],[119.80002,-0.59882],[119.80799,-0.59882],[119.80799,-0.61763],[119.81473,-0.61763],[119.81473,-0.64553],[119.84542,-0.64553],[119.84542,-0.64124],[119.86558,-0.64124],[119.86558,-0.58176],[119.83175,-0.58176],[119.83175,-0.55779],[119.79663,-0.55779]]]}},{"type":"Feature","properties":{"inventoryId":"big-mining-wiup:270","sector":"Tambang","subtype":"WIUP","quality":"OFFICIAL","sourceDataset":"big-mining-wiup","sourceRecordId":"270","source":"BIG Kebijakan Satu Peta","sourceUrl":"https://kspservices.big.go.id/satupeta/rest/services/PUBLIK/PERIZINAN_DAN_PERTANAHAN/MapServer/4","retrievedAt":"2026-08-28T06:57:32Z","geometryProcessing":"web display simplification tolerance 0.00035 degrees","name":"VISI DEBTINDO MINERAL","issuer":"GUBERNUR","province":"SULAWESI TENGGARA","district":"KONAWE SELATAN","permitNumber":"957/DPM-PTSP/XI/2018","permitType":"PT","miningType":"IUP","commodity":"NIKEL DMP","status":"2","validFrom":"2018-11-01","validTo":"2028-11-01","areaHa":873.8,"location":"DESA KIAEA DAN SEKITARNYA, KEC. PALANGGA, KAB. KONAWE SELATAN","sourceRemark":"-","region":"sulawesi"},"geometry":{"type":"Polygon","coordinates":[[[122.32231,-4.36192],[122.32231,-4.37636],[122.3713,-4.37636],[122.3713,-4.36192],[122.32231,-4.36192]]]}},{"type":"Feature","properties":{"inventoryId":"big-mining-wiup:3342","sector":"Tambang","subtype":"WIUP","quality":"OFFICIAL","sourceDataset":"big-mining-wiup","sourceRecordId":"3342","source":"BIG Kebijakan Satu Peta","sourceUrl":"https://kspservices.big.go.id/satupeta/rest/services/PUBLIK/PERIZINAN_DAN_PERTANAHAN/MapServer/4","retrievedAt":"2026-08-28T06:57:32Z","geometryProcessing":"web display simplification tolerance 0.00035 degrees","name":"VITA INDAH SEJATI","issuer":"BUPATI","province":"SULAWESI TENGAH","district":"MOROWALI UTARA","permitNumber":"540.3/SK.018/DESDM/III/2011","permitType":"PT","miningType":"IUP","commodity":"NIKEL","status":"2","validFrom":"2011-03-14","validTo":"2031-03-14","areaHa":993.0,"location":"DESA GANDA-GANDA, KECAMATAN PETASIA","sourceRemark":"-","region":"sulawesi"},"geometry":{"type":"Polygon","coordinates":[[[121.204,-1.83093],[121.204,-1.8645],[121.2136,-1.8645],[121.2136,-1.87527],[121.23218,-1.87527],[121.23218,-1.86333],[121.23108,-1.86333],[121.23108,-1.85574],[121.23227,-1.85574],[121.23227,-1.84609],[121.21064,-1.84609],[121.21064,-1.83093],[121.204,-1.83093]]]}},{"type":"Feature","properties":{"inventoryId":"big-mining-wiup:532","sector":"Tambang","subtype":"WIUP","quality":"OFFICIAL","sourceDataset":"big-mining-wiup","sourceRecordId":"532","source":"BIG Kebijakan Satu Peta","sourceUrl":"https://kspservices.big.go.id/satupeta/rest/services/PUBLIK/PERIZINAN_DAN_PERTANAHAN/MapServer/4","retrievedAt":"2026-08-28T06:57:32Z","geometryProcessing":"web display simplification tolerance 0.00035 degrees","name":"WAJA INTI LESTARI","issuer":"GUBERNUR","province":"SULAWESI TENGGARA","district":"KOLAKA","permitNumber":"418/DPMPTSP/VII/2020","permitType":"PT","miningType":"IUP","commodity":"NIKEL","status":"2","validFrom":"2020-07-27","validTo":"2030-07-26","areaHa":210.3,"location":"WOLO,KOLAKA","sourceRemark":"-","region":"sulawesi"},"geometry":{"type":"Polygon","coordinates":[[[121.24417,-3.86577],[121.23667,-3.86577],[121.23667,-3.86844],[121.23389,-3.86844],[121.23389,-3.87167],[121.24389,-3.87167],[121.24389,-3.9023],[121.24118,-3.9023],[121.24118,-3.91379],[121.24889,-3.91379],[121.24889,-3.91444],[121.25056,-3.91444],[121.25056,-3.92088],[121.25449,-3.92088],[121.25449,-3.91992],[121.25689,-3.91992],[121.25689,-3.91708],[121.25556,-3.91708],[121.25556,-3.91444],[121.25444,-3.91444],[121.25444,-3.91167],[121.24439,-3.91167],[121.24439,-3.90078],[121.25194,-3.90078],[121.25194,-3.89778],[121.24944,-3.89778],[121.24944,-3.9],[121.24417,-3.9],[121.24417,-3.86577]]]}},{"type":"Feature","properties":{"inventoryId":"big-mining-wiup:1546","sector":"Tambang","subtype":"WIUP","quality":"OFFICIAL","sourceDataset":"big-mining-wiup","sourceRecordId":"1546","source":"BIG Kebijakan Satu Peta","sourceUrl":"https://kspservices.big.go.id/satupeta/rest/services/PUBLIK/PERIZINAN_DAN_PERTANAHAN/MapServer/4","retrievedAt":"2026-08-28T06:57:32Z","geometryProcessing":"web display simplification tolerance 0.00035 degrees","name":"WANGGUDU SUMBER MINERAL","issuer":"GUBERNUR","province":"SULAWESI TENGGARA","district":"KONAWE UTARA","permitNumber":"1011/DPM-PTSP/XI/2017","permitType":"PT","miningType":"IUP","commodity":"NIKEL","status":"2","validFrom":"2017-11-06","validTo":"2032-03-30","areaHa":203.0,"location":"LASOLO","sourceRemark":"-","region":"sulawesi"},"geometry":{"type":"Polygon","coordinates":[[[122.31816,-3.4184],[122.31438,-3.4184],[122.31438,-3.42677],[122.31946,-3.42677],[122.31946,-3.42517],[122.32172,-3.42517],[122.32172,-3.4265],[122.3286,-3.4265],[122.3286,-3.42539],[122.3342,-3.42539],[122.3342,-3.41425],[122.33715,-3.41425],[122.33715,-3.41287],[122.3497,-3.41287],[122.3497,-3.41734],[122.35649,-3.41734],[122.35649,-3.42491],[122.35386,-3.42491],[122.35386,-3.42696],[122.35064,-3.42696],[122.35064,-3.43076],[122.35799,-3.43076],[122.35799,-3.43466],[122.35638,-3.43466],[122.35638,-3.43888],[122.36213,-3.43888],[122.36213,-3.4325],[122.35832,-3.4325],[122.35832,-3.41676],[122.35374,-3.41676],[122.35374,-3.41267],[122.33383,-3.41267],[122.33383,-3.42506],[122.31816,-3.42506],[122.31816,-3.4184]]]}},{"type":"Feature","properties":{"inventoryId":"big-mining-wiup:601","sector":"Tambang","subtype":"WIUP","quality":"OFFICIAL","sourceDataset":"big-mining-wiup","sourceRecordId":"601","source":"BIG Kebijakan Satu Peta","sourceUrl":"https://kspservices.big.go.id/satupeta/rest/services/PUBLIK/PERIZINAN_DAN_PERTANAHAN/MapServer/4","retrievedAt":"2026-08-28T06:57:32Z","geometryProcessing":"web display simplification tolerance 0.00035 degrees","name":"WARA KIRANA BAKTI","issuer":"BUPATI","province":"SULAWESI TENGGARA","district":"BUTON","permitNumber":"80 TAHUN 2011","permitType":"PT","miningType":"IUP","commodity":"ASPAL","status":"2","validFrom":"2011-01-03","validTo":"2031-01-03","areaHa":99.0,"location":"KEC. LASALIMU","sourceRemark":"-","region":"sulawesi"},"geometry":{"type":"Polygon","coordinates":[[[122.96667,-5.22177],[122.96667,-5.22408],[122.96486,-5.22408],[122.96486,-5.22762],[122.9696,-5.22762],[122.9696,-5.23192],[122.97666,-5.23192],[122.97666,-5.22406],[122.97208,-5.22406],[122.9697,-5.22304],[122.9697,-5.22262],[122.96667,-5.22177]]]}},{"type":"Feature","properties":{"inventoryId":"big-mining-wiup:3488","sector":"Tambang","subtype":"WIUP","quality":"OFFICIAL","sourceDataset":"big-mining-wiup","sourceRecordId":"3488","source":"BIG Kebijakan Satu Peta","sourceUrl":"https://kspservices.big.go.id/satupeta/rest/services/PUBLIK/PERIZINAN_DAN_PERTANAHAN/MapServer/4","retrievedAt":"2026-08-28T06:57:32Z","geometryProcessing":"web display simplification tolerance 0.00035 degrees","name":"WARSITA KARYA","issuer":"BUPATI","province":"SULAWESI TENGAH","district":"MOROWALI","permitNumber":"540.3/SK.043/DESDM/XII/2010","permitType":"CV","miningType":"IUP","commodity":"NIKEL","status":"2","validFrom":"2010-12-29","validTo":"2030-12-29","areaHa":199.0,"location":"DESA MOLORES, KECAMATAN PETASIA, KABUPATEN MOROWALI, SULAWESI TENGAH","sourceRemark":"-","region":"sulawesi"},"geometry":{"type":"Polygon","coordinates":[[[121.39063,-2.23563],[121.39063,-2.24038],[121.40315,-2.24038],[121.40315,-2.2489],[121.40971,-2.2489],[121.40971,-2.23695],[121.41462,-2.23695],[121.41462,-2.23231],[121.41187,-2.23231],[121.41187,-2.23563],[121.39063,-2.23563]]]}},{"type":"Feature","properties":{"inventoryId":"big-mining-wiup:3490","sector":"Tambang","subtype":"WIUP","quality":"OFFICIAL","sourceDataset":"big-mining-wiup","sourceRecordId":"3490","source":"BIG Kebijakan Satu Peta","sourceUrl":"https://kspservices.big.go.id/satupeta/rest/services/PUBLIK/PERIZINAN_DAN_PERTANAHAN/MapServer/4","retrievedAt":"2026-08-28T06:57:32Z","geometryProcessing":"web display simplification tolerance 0.00035 degrees","name":"WARSITA KARYA","issuer":"MENTERI","province":"SULAWESI TENGAH","district":"MOROWALI UTARA","permitNumber":"285/1/IUP/PMDN/2022","permitType":"CV","miningType":"IUP","commodity":"NIKEL","status":"2","validFrom":"2022-02-07","validTo":"2042-02-07","areaHa":190.0,"location":"DESA MONDOWE DAN KOROMATANTU, KEC PETASIA, KAB MOROWALI, SULAWESI TENGAH","sourceRemark":"-","region":"sulawesi"},"geometry":{"type":"Polygon","coordinates":[[[121.29539,-2.03363],[121.29539,-2.04006],[121.31714,-2.04006],[121.31714,-2.04236],[121.32175,-2.04236],[121.32175,-2.03727],[121.31457,-2.03727],[121.31457,-2.03363],[121.29539,-2.03363]]]}},{"type":"Feature","properties":{"inventoryId":"big-mining-wiup:4284","sector":"Tambang","subtype":"WIUP","quality":"OFFICIAL","sourceDataset":"big-mining-wiup","sourceRecordId":"4284","source":"BIG Kebijakan Satu Peta","sourceUrl":"https://kspservices.big.go.id/satupeta/rest/services/PUBLIK/PERIZINAN_DAN_PERTANAHAN/MapServer/4","retrievedAt":"2026-08-28T06:57:32Z","geometryProcessing":"web display simplification tolerance 0.00035 degrees","name":"WATU BETHEL SEJAHTERA","issuer":"GUBERNUR","province":"SULAWESI TENGAH","district":"DONGGALA","permitNumber":"540/511/IUP-E/DPMPTSP/2020","permitType":"PT","miningType":"IUP","commodity":"BATU GUNUNG QUARRY BESAR","status":"1","validFrom":"2020-10-26","validTo":"2023-10-26","areaHa":49.83,"location":"SULAWESI TENGAH","sourceRemark":"-","region":"sulawesi"},"geometry":{"type":"Polygon","coordinates":[[[119.78491,-0.47972],[119.78491,-0.48914],[119.78766,-0.48914],[119.78766,-0.4872],[119.78957,-0.4872],[119.78957,-0.47972],[119.78491,-0.47972]]]}},{"type":"Feature","properties":{"inventoryId":"big-mining-wiup:2016","sector":"Tambang","subtype":"WIUP","quality":"OFFICIAL","sourceDataset":"big-mining-wiup","sourceRecordId":"2016","source":"BIG Kebijakan Satu Peta","sourceUrl":"https://kspservices.big.go.id/satupeta/rest/services/PUBLIK/PERIZINAN_DAN_PERTANAHAN/MapServer/4","retrievedAt":"2026-08-28T06:57:32Z","geometryProcessing":"web display simplification tolerance 0.00035 degrees","name":"WATU PALU PRIMA","issuer":"GUBERNUR","province":"SULAWESI TENGAH","district":"KOTA PALU","permitNumber":"540/099/IUP-OP/DPMPTSP/2020","permitType":"PT","miningType":"IUP","commodity":"KERIKIL BERPASIR ALAMI (SIRTU)","status":"2","validFrom":"2020-02-05","validTo":"2025-02-05","areaHa":6.85,"location":"WATUSAMPU, KOTA PALU","sourceRemark":"-","region":"sulawesi"},"geometry":{"type":"Polygon","coordinates":[[[119.79809,-0.81583],[119.7976,-0.81699],[119.7986,-0.81642],[119.80054,-0.81666],[119.80109,-0.81509],[119.79949,-0.81444],[119.7983,-0.8149],[119.79809,-0.81583]]]}},{"type":"Feature","properties":{"inventoryId":"big-mining-wiup:193","sector":"Tambang","subtype":"WIUP","quality":"OFFICIAL","sourceDataset":"big-mining-wiup","sourceRecordId":"193","source":"BIG Kebijakan Satu Peta","sourceUrl":"https://kspservices.big.go.id/satupeta/rest/services/PUBLIK/PERIZINAN_DAN_PERTANAHAN/MapServer/4","retrievedAt":"2026-08-28T06:57:32Z","geometryProcessing":"web display simplification tolerance 0.00035 degrees","name":"WIJAYA EKA SAKTI","issuer":"BUPATI","province":"SULAWESI SELATAN","district":"BONE","permitNumber":"589 TAHUN 2014","permitType":"PT","miningType":"IUP","commodity":"TEMBAGA DMP","status":"2","validFrom":"2014-09-22","validTo":"2034-09-21","areaHa":10000.0,"location":"DESA MATTIRO BULU. LIBURENG, TONRA, BONE","sourceRemark":"-","region":"sulawesi"},"geometry":{"type":"Polygon","coordinates":[[[120.09444,-4.75833],[120.09444,-4.775],[120.09722,-4.775],[120.09722,-4.8],[120.1,-4.8],[120.1,-4.81667],[120.10833,-4.81667],[120.10833,-4.825],[120.1125,-4.825],[120.1125,-4.83056],[120.11389,-4.83056],[120.11389,-4.8375],[120.11806,-4.8375],[120.11806,-4.84167],[120.12222,-4.84167],[120.12222,-4.85417],[120.13056,-4.85417],[120.13056,-4.88611],[120.14222,-4.88611],[120.14222,-4.87083],[120.15417,-4.87083],[120.15417,-4.89722],[120.15972,-4.89722],[120.15972,-4.905],[120.16194,-4.905],[120.16194,-4.90972],[120.16667,-4.90972],[120.16667,-4.9175],[120.17139,-4.9175],[120.17139,-4.92083],[120.17561,-4.92083],[120.17561,-4.92899],[120.19986,-4.92899],[120.19986,-4.91419],[120.19725,-4.91335],[120.19725,-4.91279],[120.19559,-4.91224],[120.19503,-4.91112],[120.19281,-4.91057],[120.19281,-4.91001],[120.1917,-4.91001],[120.19059,-4.90751],[120.18948,-4.90696],[120.18892,-4.90557],[120.18836,-4.90557],[120.18836,-4.90474],[120.18725,-4.9039],[120.1867,-4.90224],[120.18503,-4.90112],[120.18448,-4.89946],[120.18392,-4.89946],[120.18392,-4.89836],[120.18321,-4.89836],[120.18321,-4.89697],[120.18264,-4.89697],[120.18225,-4.89502],[120.18164,-4.89502],[120.18164,-4.89364],[120.18094,-4.89364],[120.18094,-4.89226],[120.18044,-4.89226],[120.18044,-4.89114],[120.17993,-4.89114],[120.17946,-4.8889],[120.17836,-4.88807],[120.17836,-4.8867],[120.17762,-4.8867],[120.17762,-4.8839],[120.1767,-4.8839],[120.17642,-4.87667],[120.17569,-4.87667],[120.17569,-4.87337],[120.17521,-4.8717],[120.17469,-4.8717],[120.17469,-4.86781],[120.17414,-4.86781],[120.17414,-4.86559],[120.17364,-4.86559],[120.17364,-4.86277],[120.17323,-4.86277],[120.17323,-4.86112],[120.17281,-4.86112],[120.17281,-4.8589],[120.17214,-4.8589],[120.17168,-4.85392],[120.17043,-4.85392],[120.16999,-4.8357],[120.17225,-4.83443],[120.17222,-4.8089],[120.1715,-4.8089],[120.17114,-4.80612],[120.17059,-4.80612],[120.17059,-4.80501],[120.17003,-4.80501],[120.16948,-4.80279],[120.16892,-4.80279],[120.16892,-4.80168],[120.16836,-4.80168],[120.16836,-4.80057],[120.16781,-4.80057],[120.16725,-4.79613],[120.16638,-4.79613],[120.16638,-4.79024],[120.16724,-4.79024],[120.16724,-4.78875],[120.1678,-4.78875],[120.16814,-4.78722],[120.14083,-4.78722],[120.14083,-4.75],[120.10833,-4.75],[120.10833,-4.75833],[120.09444,-4.75833]]]}},{"type":"Feature","properties":{"inventoryId":"big-mining-wiup:88","sector":"Tambang","subtype":"WIUP","quality":"OFFICIAL","sourceDataset":"big-mining-wiup","sourceRecordId":"88","source":"BIG Kebijakan Satu Peta","sourceUrl":"https://kspservices.big.go.id/satupeta/rest/services/PUBLIK/PERIZINAN_DAN_PERTANAHAN/MapServer/4","retrievedAt":"2026-08-28T06:57:32Z","geometryProcessing":"web display simplification tolerance 0.00035 degrees","name":"WIJAYA INTI NUSANTARA","issuer":"GUBERNUR","province":"SULAWESI TENGGARA","district":"KONAWE SELATAN","permitNumber":"820/DPMPTSP/XI/2019","permitType":"PT","miningType":"IUP","commodity":"NIKEL DMP","status":"2","validFrom":"2019-11-29","validTo":"2029-11-28","areaHa":1931.0,"location":"DESA TOROBULU, KEC. LAEYA, KON","sourceRemark":"-","region":"sulawesi"},"geometry":{"type":"Polygon","coordinates":[[[122.43163,-4.42583],[122.43164,-4.42732],[122.43297,-4.42732],[122.43297,-4.42849],[122.43402,-4.42849],[122.43402,-4.43019],[122.43861,-4.43019],[122.43861,-4.42946],[122.44179,-4.42946],[122.44179,-4.4302],[122.4475,-4.4302],[122.4475,-4.43569],[122.44904,-4.43569],[122.44904,-4.43943],[122.4475,-4.43943],[122.4475,-4.44804],[122.45078,-4.44804],[122.45078,-4.45042],[122.45398,-4.45042],[122.45398,-4.44572],[122.45078,-4.44572],[122.45078,-4.4331],[122.4565,-4.4331],[122.4565,-4.43167],[122.4626,-4.43167],[122.4626,-4.4335],[122.46405,-4.4335],[122.46405,-4.43397],[122.47629,-4.43365],[122.47629,-4.43417],[122.47972,-4.43417],[122.47972,-4.41038],[122.47222,-4.41038],[122.47222,-4.40379],[122.45984,-4.40379],[122.45984,-4.41295],[122.44911,-4.41295],[122.44911,-4.39931],[122.44266,-4.39931],[122.44266,-4.39317],[122.42096,-4.39317],[122.42096,-4.41587],[122.43701,-4.41587],[122.43701,-4.42129],[122.43383,-4.42129],[122.43383,-4.42582],[122.43163,-4.42583]]]}},{"type":"Feature","properties":{"inventoryId":"big-mining-wiup:602","sector":"Tambang","subtype":"WIUP","quality":"OFFICIAL","sourceDataset":"big-mining-wiup","sourceRecordId":"602","source":"BIG Kebijakan Satu Peta","sourceUrl":"https://kspservices.big.go.id/satupeta/rest/services/PUBLIK/PERIZINAN_DAN_PERTANAHAN/MapServer/4","retrievedAt":"2026-08-28T06:57:32Z","geometryProcessing":"web display simplification tolerance 0.00035 degrees","name":"WIJAYA KARYA ASPAL","issuer":"GUBERNUR","province":"SULAWESI TENGGARA","district":"BUTON","permitNumber":"778/DPMPTSP/XII/2020","permitType":"PT","miningType":"IUP","commodity":"BATUAN ASPAL","status":"2","validFrom":"2020-12-10","validTo":"2030-12-10","areaHa":315.42,"location":"DESA WINNING, KEC. PASARWAJO","sourceRemark":"-","region":"sulawesi"},"geometry":{"type":"Polygon","coordinates":[[[122.8809,-5.40892],[122.88408,-5.40892],[122.88463,-5.40341],[122.88611,-5.40341],[122.88611,-5.40452],[122.88679,-5.40452],[122.88679,-5.40586],[122.8876,-5.40586],[122.888,-5.4077],[122.89034,-5.40758],[122.89205,-5.40089],[122.89125,-5.40089],[122.89086,-5.39972],[122.88743,-5.39972],[122.88743,-5.39381],[122.88865,-5.39381],[122.88865,-5.39222],[122.89119,-5.39222],[122.89119,-5.39153],[122.89203,-5.39153],[122.89203,-5.38942],[122.89358,-5.38942],[122.89358,-5.38819],[122.89511,-5.38819],[122.89511,-5.38476],[122.89384,-5.38476],[122.89384,-5.38361],[122.89311,-5.38361],[122.89311,-5.38219],[122.89173,-5.38219],[122.89173,-5.38316],[122.89036,-5.38316],[122.89036,-5.38972],[122.88912,-5.38972],[122.88912,-5.39027],[122.88794,-5.39027],[122.88794,-5.39083],[122.88613,-5.39133],[122.88613,-5.39197],[122.88389,-5.39253],[122.88344,-5.39378],[122.88242,-5.39378],[122.88242,-5.39467],[122.87972,-5.39506],[122.87972,-5.39417],[122.87853,-5.39417],[122.87853,-5.39357],[122.87516,-5.39306],[122.87516,-5.3925],[122.8733,-5.3925],[122.8733,-5.39192],[122.87229,-5.39192],[122.87229,-5.39128],[122.86873,-5.39097],[122.86873,-5.39137],[122.86748,-5.39137],[122.86748,-5.39272],[122.86501,-5.39272],[122.86501,-5.39389],[122.86355,-5.39389],[122.86355,-5.39517],[122.86276,-5.39517],[122.86276,-5.39708],[122.86159,-5.39708],[122.86159,-5.40494],[122.86351,-5.40494],[122.86463,-5.40383],[122.86498,-5.40197],[122.86581,-5.40197],[122.86581,-5.40115],[122.86643,-5.40115],[122.86643,-5.39964],[122.86711,-5.39729],[122.86767,-5.39729],[122.86767,-5.39597],[122.87981,-5.39597],[122.87981,-5.39944],[122.8809,-5.39944],[122.8809,-5.40892]]]}},{"type":"Feature","properties":{"inventoryId":"big-mining-wiup:1920","sector":"Tambang","subtype":"WIUP","quality":"OFFICIAL","sourceDataset":"big-mining-wiup","sourceRecordId":"1920","source":"BIG Kebijakan Satu Peta","sourceUrl":"https://kspservices.big.go.id/satupeta/rest/services/PUBLIK/PERIZINAN_DAN_PERTANAHAN/MapServer/4","retrievedAt":"2026-08-28T06:57:32Z","geometryProcessing":"web display simplification tolerance 0.00035 degrees","name":"WIJAYA KARYA BETON","issuer":"GUBERNUR","province":"SULAWESI TENGAH","district":"DONGGALA","permitNumber":"540/700/IUP-OP/DPMPTSP/2018","permitType":"PT","miningType":"IUP","commodity":"BATUAN","status":"2","validFrom":"2018-12-31","validTo":"2023-12-31","areaHa":20.0,"location":"Desa Loli Dondo, Kec. Banawa","sourceRemark":"-","region":"sulawesi"},"geometry":{"type":"Polygon","coordinates":[[[119.77073,-0.7352],[119.77073,-0.73193],[119.76796,-0.73193],[119.76795,-0.73751],[119.77136,-0.7375],[119.77073,-0.7352]]]}},{"type":"Feature","properties":{"inventoryId":"big-mining-wiup:687","sector":"Tambang","subtype":"WIUP","quality":"OFFICIAL","sourceDataset":"big-mining-wiup","sourceRecordId":"687","source":"BIG Kebijakan Satu Peta","sourceUrl":"https://kspservices.big.go.id/satupeta/rest/services/PUBLIK/PERIZINAN_DAN_PERTANAHAN/MapServer/4","retrievedAt":"2026-08-28T06:57:32Z","geometryProcessing":"web display simplification tolerance 0.00035 degrees","name":"WIJAYA KARYA BITUMEN","issuer":"GUBERNUR","province":"SULAWESI TENGGARA","district":"BUTON","permitNumber":"779/DPMPTSP/XII/2020","permitType":"PT","miningType":"IUP","commodity":"ASPAL","status":"2","validFrom":"2020-12-10","validTo":"2030-12-09","areaHa":100.0,"location":"KEC. LASALIMU","sourceRemark":"-","region":"sulawesi"},"geometry":{"type":"Polygon","coordinates":[[[122.96374,-5.21906],[122.96417,-5.22078],[122.96975,-5.22253],[122.97104,-5.2235],[122.97254,-5.2235],[122.97345,-5.21996],[122.97402,-5.21996],[122.97436,-5.21799],[122.97489,-5.21799],[122.97489,-5.21714],[122.97554,-5.21714],[122.97554,-5.21631],[122.9765,-5.21564],[122.9765,-5.21464],[122.97568,-5.21464],[122.97568,-5.21336],[122.97449,-5.21336],[122.97449,-5.21183],[122.96928,-5.21183],[122.96928,-5.21378],[122.96798,-5.21378],[122.96798,-5.2154],[122.96655,-5.2154],[122.96655,-5.21675],[122.96562,-5.21675],[122.96562,-5.21778],[122.96487,-5.21778],[122.96487,-5.21906],[122.96374,-5.21906]]]}},{"type":"Feature","properties":{"inventoryId":"big-mining-wiup:515","sector":"Tambang","subtype":"WIUP","quality":"OFFICIAL","sourceDataset":"big-mining-wiup","sourceRecordId":"515","source":"BIG Kebijakan Satu Peta","sourceUrl":"https://kspservices.big.go.id/satupeta/rest/services/PUBLIK/PERIZINAN_DAN_PERTANAHAN/MapServer/4","retrievedAt":"2026-08-28T06:57:32Z","geometryProcessing":"web display simplification tolerance 0.00035 degrees","name":"WIJAYA NIKEL NUSANTARA","issuer":"BUPATI","province":"SULAWESI TENGGARA","district":"KOLAKA","permitNumber":"70 TAHUN 2010","permitType":"PT","miningType":"IUP","commodity":"NIKEL","status":"2","validFrom":"2010-03-17","validTo":"2030-03-01","areaHa":110.0,"location":"POMALAA","sourceRemark":"-","region":"sulawesi"},"geometry":{"type":"Polygon","coordinates":[[[121.55,-4.24758],[121.55,-4.25],[121.54167,-4.25],[121.54167,-4.25314],[121.55092,-4.25314],[121.55092,-4.25119],[121.56086,-4.25119],[121.56086,-4.24314],[121.55583,-4.24314],[121.55583,-4.24758],[121.55,-4.24758]]]}},{"type":"Feature","properties":{"inventoryId":"big-mining-wiup:258","sector":"Tambang","subtype":"WIUP","quality":"OFFICIAL","sourceDataset":"big-mining-wiup","sourceRecordId":"258","source":"BIG Kebijakan Satu Peta","sourceUrl":"https://kspservices.big.go.id/satupeta/rest/services/PUBLIK/PERIZINAN_DAN_PERTANAHAN/MapServer/4","retrievedAt":"2026-08-28T06:57:32Z","geometryProcessing":"web display simplification tolerance 0.00035 degrees","name":"WINTAINDO MINERAL & INDUSTRY","issuer":"BUPATI","province":"SULAWESI SELATAN","district":"BARRU","permitNumber":"410 TAHUN 2010","permitType":"PT","miningType":"IUP","commodity":"KROMIT","status":"2","validFrom":"2010-08-05","validTo":"2023-08-05","areaHa":95.0,"location":"DESABULOBULO, KEC. PUJANANTING, KAB. BARRU","sourceRemark":"-","region":"sulawesi"},"geometry":{"type":"Polygon","coordinates":[[[119.7375,-4.76944],[119.7375,-4.77639],[119.74028,-4.77639],[119.74028,-4.78194],[119.74444,-4.78194],[119.74444,-4.76806],[119.74028,-4.76806],[119.74028,-4.76944],[119.7375,-4.76944]]]}},{"type":"Feature","properties":{"inventoryId":"big-mining-wiup:1746","sector":"Tambang","subtype":"WIUP","quality":"OFFICIAL","sourceDataset":"big-mining-wiup","sourceRecordId":"1746","source":"BIG Kebijakan Satu Peta","sourceUrl":"https://kspservices.big.go.id/satupeta/rest/services/PUBLIK/PERIZINAN_DAN_PERTANAHAN/MapServer/4","retrievedAt":"2026-08-28T06:57:32Z","geometryProcessing":"web display simplification tolerance 0.00035 degrees","name":"WISNU MANDIRI BATARA","issuer":"GUBERNUR","province":"SULAWESI TENGGARA","district":"KONAWE UTARA","permitNumber":"255/DPMPTSP/III/2018","permitType":"PT","miningType":"IUP","commodity":"NIKEL","status":"2","validFrom":"2018-03-16","validTo":"2031-09-20","areaHa":154.8,"location":"KEC LANGGIKIMA","sourceRemark":"-","region":"sulawesi"},"geometry":{"type":"Polygon","coordinates":[[[122.27057,-3.34419],[122.27059,-3.34582],[122.26975,-3.34582],[122.26975,-3.34655],[122.26919,-3.34655],[122.26919,-3.34722],[122.26856,-3.34722],[122.26856,-3.34787],[122.26713,-3.34864],[122.26631,-3.35],[122.26631,-3.3513],[122.26728,-3.35214],[122.26728,-3.354],[122.26573,-3.35467],[122.26573,-3.35628],[122.26961,-3.35629],[122.26961,-3.34848],[122.28036,-3.34843],[122.28039,-3.35628],[122.29177,-3.35628],[122.29177,-3.3548],[122.28739,-3.3548],[122.28739,-3.35356],[122.28449,-3.35323],[122.28449,-3.34871],[122.2855,-3.34871],[122.2855,-3.34599],[122.27812,-3.34598],[122.27812,-3.34419],[122.27057,-3.34419]]]}},{"type":"Feature","properties":{"inventoryId":"big-mining-wiup:3483","sector":"Tambang","subtype":"WIUP","quality":"OFFICIAL","sourceDataset":"big-mining-wiup","sourceRecordId":"3483","source":"BIG Kebijakan Satu Peta","sourceUrl":"https://kspservices.big.go.id/satupeta/rest/services/PUBLIK/PERIZINAN_DAN_PERTANAHAN/MapServer/4","retrievedAt":"2026-08-28T06:57:32Z","geometryProcessing":"web display simplification tolerance 0.00035 degrees","name":"WONG ANAK MANDIRI","issuer":"GUBERNUR","province":"SULAWESI TENGGARA","district":"KONAWE UTARA","permitNumber":"1200/DPM-PTSP/XII/2017","permitType":"PT","miningType":"IUP","commodity":"BATU GAMPING","status":"2","validFrom":"2017-12-20","validTo":"2022-12-20","areaHa":58.45,"location":"-","sourceRemark":"-","region":"sulawesi"},"geometry":{"type":"Polygon","coordinates":[[[122.42081,-3.82848],[122.41761,-3.82848],[122.41761,-3.82545],[122.41435,-3.82545],[122.41435,-3.82626],[122.41202,-3.82626],[122.41202,-3.82562],[122.4102,-3.82562],[122.4102,-3.83141],[122.41733,-3.83141],[122.41733,-3.83033],[122.42081,-3.83033],[122.42081,-3.82848]]]}},{"type":"Feature","properties":{"inventoryId":"big-mining-wiup:3286","sector":"Tambang","subtype":"WIUP","quality":"OFFICIAL","sourceDataset":"big-mining-wiup","sourceRecordId":"3286","source":"BIG Kebijakan Satu Peta","sourceUrl":"https://kspservices.big.go.id/satupeta/rest/services/PUBLIK/PERIZINAN_DAN_PERTANAHAN/MapServer/4","retrievedAt":"2026-08-28T06:57:32Z","geometryProcessing":"web display simplification tolerance 0.00035 degrees","name":"WOSINDO BERKAT ABADI","issuer":"GUBERNUR","province":"SULAWESI TENGAH","district":"MOROWALI","permitNumber":"540/518/IUP-OP/DPMPTSP/2020","permitType":"PT","miningType":"IUP","commodity":"BATU GAMPING","status":"2","validFrom":"2020-10-27","validTo":"2025-10-27","areaHa":117.0,"location":"DESA SAMBALAGI KECAMATAN BUNGKU PESISIR KABUPATEN MOROWALI SULAWESI TENGAH","sourceRemark":"-","region":"sulawesi"},"geometry":{"type":"Polygon","coordinates":[[[122.30683,-3.12885],[122.3003,-3.12885],[122.3003,-3.13122],[122.3009,-3.13122],[122.3009,-3.13196],[122.30194,-3.13196],[122.30236,-3.13379],[122.30177,-3.13379],[122.30177,-3.13465],[122.30133,-3.13465],[122.30078,-3.13777],[122.29981,-3.13777],[122.29981,-3.13868],[122.29863,-3.13868],[122.29863,-3.13937],[122.29732,-3.13937],[122.29732,-3.14809],[122.30101,-3.14809],[122.30065,-3.14036],[122.30282,-3.13981],[122.30282,-3.13864],[122.30457,-3.13864],[122.30457,-3.13979],[122.30552,-3.13979],[122.30552,-3.14083],[122.30683,-3.14083],[122.30683,-3.12885]]]}},{"type":"Feature","properties":{"inventoryId":"big-mining-wiup:1070","sector":"Tambang","subtype":"WIUP","quality":"OFFICIAL","sourceDataset":"big-mining-wiup","sourceRecordId":"1070","source":"BIG Kebijakan Satu Peta","sourceUrl":"https://kspservices.big.go.id/satupeta/rest/services/PUBLIK/PERIZINAN_DAN_PERTANAHAN/MapServer/4","retrievedAt":"2026-08-28T06:57:32Z","geometryProcessing":"web display simplification tolerance 0.00035 degrees","name":"WOSINDO MINERAL PERKASA","issuer":"GUBERNUR","province":"SULAWESI TENGAH","district":"MOROWALI,MOROWALI","permitNumber":"540/620/IUP-OP/P/DPMPTSP/2020","permitType":"PT","miningType":"IUP","commodity":"NIKEL","status":"2","validFrom":"2020-12-10","validTo":"2030-12-10","areaHa":395.0,"location":"DESA TOPOGARO KEC BUNGKU BARAT KAB MOROWALI PROVINSI SULAWESI TENGAH","sourceRemark":"-","region":"sulawesi"},"geometry":{"type":"Polygon","coordinates":[[[121.72438,-2.28424],[121.72438,-2.29879],[121.73776,-2.29879],[121.73776,-2.30726],[121.73158,-2.30726],[121.73158,-2.31319],[121.73647,-2.31319],[121.73647,-2.31928],[121.74429,-2.31928],[121.74429,-2.31265],[121.73834,-2.31265],[121.73834,-2.29879],[121.73979,-2.29879],[121.73979,-2.28424],[121.72438,-2.28424]]]}},{"type":"Feature","properties":{"inventoryId":"big-mining-wiup:1617","sector":"Tambang","subtype":"WIUP","quality":"OFFICIAL","sourceDataset":"big-mining-wiup","sourceRecordId":"1617","source":"BIG Kebijakan Satu Peta","sourceUrl":"https://kspservices.big.go.id/satupeta/rest/services/PUBLIK/PERIZINAN_DAN_PERTANAHAN/MapServer/4","retrievedAt":"2026-08-28T06:57:32Z","geometryProcessing":"web display simplification tolerance 0.00035 degrees","name":"WOSINDO PERKASA","issuer":"MENTERI","province":"SULAWESI TENGAH","district":"MOROWALI","permitNumber":"980/1/IUP/PMDN/2021","permitType":"PT","miningType":"IUP","commodity":"NIKEL","status":"2","validFrom":"2021-09-24","validTo":"2031-09-24","areaHa":477.0,"location":"KECAMATAN SAMBALAGI KABUPATEN MOROWALI","sourceRemark":"-","region":"sulawesi"},"geometry":{"type":"Polygon","coordinates":[[[122.28805,-3.12885],[122.28805,-3.14841],[122.30131,-3.14841],[122.30131,-3.15181],[122.30683,-3.15181],[122.30683,-3.12885],[122.28805,-3.12885]]]}},{"type":"Feature","properties":{"inventoryId":"big-mining-wiup:1656","sector":"Tambang","subtype":"WIUP","quality":"OFFICIAL","sourceDataset":"big-mining-wiup","sourceRecordId":"1656","source":"BIG Kebijakan Satu Peta","sourceUrl":"https://kspservices.big.go.id/satupeta/rest/services/PUBLIK/PERIZINAN_DAN_PERTANAHAN/MapServer/4","retrievedAt":"2026-08-28T06:57:32Z","geometryProcessing":"web display simplification tolerance 0.00035 degrees","name":"YAMIN TALLESANG","issuer":"GUBERNUR","province":"SULAWESI SELATAN","district":"PALOPO","permitNumber":"100/I.03/PTSP/2019","permitType":"SDR","miningType":"IUP","commodity":"TANAH URUG","status":"2","validFrom":"2019-11-28","validTo":"2024-11-28","areaHa":8.51,"location":"MURANTE KECAMATAN MUNGKAJANG","sourceRemark":"-","region":"sulawesi"},"geometry":{"type":"Polygon","coordinates":[[[120.16847,-3.02455],[120.17026,-3.02382],[120.17035,-3.02185],[120.16933,-3.02139],[120.16766,-3.02173],[120.16756,-3.02322],[120.16847,-3.02455]]]}},{"type":"Feature","properties":{"inventoryId":"big-mining-wiup:4448","sector":"Tambang","subtype":"WIUP","quality":"OFFICIAL","sourceDataset":"big-mining-wiup","sourceRecordId":"4448","source":"BIG Kebijakan Satu Peta","sourceUrl":"https://kspservices.big.go.id/satupeta/rest/services/PUBLIK/PERIZINAN_DAN_PERTANAHAN/MapServer/4","retrievedAt":"2026-08-28T06:57:32Z","geometryProcessing":"web display simplification tolerance 0.00035 degrees","name":"YANTI THEOWIDJAJA","issuer":"GUBERNUR","province":"SULAWESI UTARA","district":"MINAHASA","permitNumber":"503/DPMPTSPD/IUP-OP/238/IX/2018","permitType":"SDR","miningType":"IUP","commodity":"BATUAN","status":"2","validFrom":"2018-09-10","validTo":"2023-09-10","areaHa":37.42,"location":"-","sourceRemark":"-","region":"sulawesi"},"geometry":{"type":"Polygon","coordinates":[[[124.77246,1.43021],[124.76963,1.42971],[124.76963,1.42849],[124.76735,1.42849],[124.76735,1.42577],[124.76649,1.42577],[124.76649,1.42483],[124.76439,1.42483],[124.76497,1.42214],[124.76546,1.42214],[124.76546,1.42273],[124.76744,1.42301],[124.76744,1.42342],[124.77242,1.42342],[124.77242,1.42595],[124.77179,1.4254],[124.77179,1.42454],[124.77026,1.42454],[124.76971,1.42593],[124.77214,1.42814],[124.77246,1.43021]]]}},{"type":"Feature","properties":{"inventoryId":"big-mining-wiup:465","sector":"Tambang","subtype":"WIUP","quality":"OFFICIAL","sourceDataset":"big-mining-wiup","sourceRecordId":"465","source":"BIG Kebijakan Satu Peta","sourceUrl":"https://kspservices.big.go.id/satupeta/rest/services/PUBLIK/PERIZINAN_DAN_PERTANAHAN/MapServer/4","retrievedAt":"2026-08-28T06:57:32Z","geometryProcessing":"web display simplification tolerance 0.00035 degrees","name":"YUMAN JAYA TAMA","issuer":"BUPATI","province":"SULAWESI TENGGARA","district":"BUTON","permitNumber":"1507 TAHUN 2009","permitType":"PT","miningType":"IUP","commodity":"ASPAL","status":"2","validFrom":"2009-12-31","validTo":"2029-12-31","areaHa":98.0,"location":"DESA SUANDALA, KEC. LASALIMU B","sourceRemark":"-","region":"sulawesi"},"geometry":{"type":"Polygon","coordinates":[[[122.89999,-5.37783],[122.89435,-5.37783],[122.89435,-5.38454],[122.896,-5.38452],[122.896,-5.38747],[122.89999,-5.38747],[122.89999,-5.38884],[122.90401,-5.38884],[122.904,-5.38249],[122.89999,-5.38249],[122.89999,-5.37783]]]}}]}
