{"type":"FeatureCollection","name":"meratus-bali-nusra-concession-inventory-forestry-hti","metadata":{"coverageId":"bali-nusra","parentCoverageId":"indonesia","generatedAt":"2026-08-28T06:57:32Z","pipelineVersion":"2","count":5,"sectors":["PBPH"],"qualities":["OFFICIAL"],"geometryNote":"Web-display geometry is simplified; consult source records for authoritative geometry.","evidenceNote":"A public concession record does not imply fire causation, illegality, or wrongdoing."},"features":[{"type":"Feature","properties":{"inventoryId":"big-forestry-hti:229","sector":"PBPH","subtype":"IUPHHK-HTI","quality":"OFFICIAL","sourceDataset":"big-forestry-hti","sourceRecordId":"229","source":"BIG Kebijakan Satu Peta","sourceUrl":"https://kspservices.big.go.id/satupeta/rest/services/PUBLIK/PERIZINAN_DAN_PERTANAHAN/MapServer/2","retrievedAt":"2026-08-28T06:57:32Z","geometryProcessing":"web display simplification tolerance 0.00035 degrees","name":"PT KOIN NESIA","permitNumber":"SK.428/Menhut-II/2009","permitDate":"2009-07-22","areaHa":41960.0,"provinceCode":"52","region":"bali-nusra"},"geometry":{"type":"MultiPolygon","coordinates":[[[[118.72052,-8.77429,0.0,null],[118.72247,-8.76721,0.0,null],[118.72089,-8.76501,0.0,null],[118.7207,-8.75879,0.0,null],[118.7179,-8.75848,0.0,null],[118.71472,-8.75879,0.0,null],[118.71069,-8.7641,0.0,null],[118.71088,-8.7691,0.0,null],[118.71271,-8.77252,0.0,null],[118.70911,-8.77448,0.0,null],[118.70532,-8.77472,0.0,null],[118.68951,-8.77332,0.0,null],[118.68689,-8.77081,0.0,null],[118.68347,-8.77032,0.0,null],[118.67987,-8.76758,0.0,null],[118.67712,-8.77069,0.0,null],[118.6731,-8.77081,0.0,null],[118.6673,-8.77228,0.0,null],[118.66388,-8.7738,0.0,null],[118.65729,-8.7796,0.0,null],[118.6579,-8.78229,0.0,null],[118.65973,-8.78741,0.0,null],[118.66248,-8.79199,0.0,null],[118.66492,-8.79309,0.0,null],[118.66711,-8.79559,0.0,null],[118.66968,-8.80188,0.0,null],[118.6731,-8.8053,0.0,null],[118.67731,-8.80621,0.0,null],[118.67889,-8.80359,0.0,null],[118.69269,-8.80139,0.0,null],[118.69769,-8.79999,0.0,null],[118.7019,-8.79779,0.0,null],[118.70508,-8.79449,0.0,null],[118.70551,-8.7887,0.0,null],[118.7099,-8.79108,0.0,null],[118.71429,-8.79089,0.0,null],[118.71729,-8.78857,0.0,null],[118.71753,-8.78497,0.0,null],[118.72028,-8.78668,0.0,null],[118.72168,-8.79089,0.0,null],[118.7243,-8.78912,0.0,null],[118.7265,-8.78961,0.0,null],[118.72632,-8.79242,0.0,null],[118.7243,-8.7937,0.0,null],[118.72589,-8.79657,0.0,null],[118.72827,-8.79498,0.0,null],[118.73029,-8.7926,0.0,null],[118.7323,-8.7951,0.0,null],[118.74591,-8.79687,0.0,null],[118.74689,-8.79382,0.0,null],[118.7439,-8.7876,0.0,null],[118.74573,-8.78442,0.0,null],[118.74847,-8.78461,0.0,null],[118.7525,-8.78601,0.0,null],[118.75391,-8.789,0.0,null],[118.75348,-8.79181,0.0,null],[118.75592,-8.79303,0.0,null],[118.75751,-8.79077,0.0,null],[118.75952,-8.78998,0.0,null],[118.76068,-8.79248,0.0,null],[118.76129,-8.79559,0.0,null],[118.76068,-8.79889,0.0,null],[118.76208,-8.80231,0.0,null],[118.76752,-8.8045,0.0,null],[118.77209,-8.79779,0.0,null],[118.77472,-8.79578,0.0,null],[118.77728,-8.7951,0.0,null],[118.77832,-8.79718,0.0,null],[118.77551,-8.79999,0.0,null],[118.77533,-8.80768,0.0,null],[118.78632,-8.81628,0.0,null],[118.79108,-8.81378,0.0,null],[118.78949,-8.81,0.0,null],[118.78992,-8.8067,0.0,null],[118.79289,-8.80421,0.0,null],[118.79889,-8.8028,0.0,null],[118.80231,-8.80469,0.0,null],[118.8045,-8.80621,0.0,null],[118.80573,-8.80981,0.0,null],[118.80811,-8.81201,0.0,null],[118.80933,-8.81488,0.0,null],[118.80768,-8.81732,0.0,null],[118.81073,-8.82092,0.0,null],[118.81091,-8.8241,0.0,null],[118.81427,-8.82611,0.0,null],[118.81689,-8.8288,0.0,null],[118.8183,-8.83191,0.0,null],[118.82593,-8.83423,0.0,null],[118.83008,-8.83392,0.0,null],[118.83508,-8.83649,0.0,null],[118.83728,-8.83881,0.0,null],[118.8399,-8.8385,0.0,null],[118.84473,-8.83398,0.0,null],[118.84949,-8.83258,0.0,null],[118.85449,-8.83228,0.0,null],[118.86469,-8.83588,0.0,null],[118.8725,-8.83649,0.0,null],[118.8783,-8.83618,0.0,null],[118.88428,-8.83478,0.0,null],[118.8877,-8.83569,0.0,null],[118.89227,-8.83582,0.0,null],[118.89893,-8.83429,0.0,null],[118.90112,-8.83472,0.0,null],[118.90131,-8.83807,0.0,null],[118.90411,-8.83862,0.0,null],[118.90613,-8.8399,0.0,null],[118.90833,-8.84058,0.0,null],[118.91632,-8.84039,0.0,null],[118.91968,-8.83972,0.0,null],[118.92651,-8.83649,0.0,null],[118.92511,-8.83313,0.0,null],[118.9259,-8.83002,0.0,null],[118.92908,-8.8288,0.0,null],[118.93311,-8.8335,0.0,null],[118.94031,-8.83063,0.0,null],[118.94452,-8.82959,0.0,null],[118.94348,-8.82428,0.0,null],[118.9447,-8.82178,0.0,null],[118.9433,-8.81738,0.0,null],[118.94489,-8.81128,0.0,null],[118.9433,-8.80719,0.0,null],[118.9411,-8.80408,0.0,null],[118.93811,-8.802,0.0,null],[118.93372,-8.80078,0.0,null],[118.93127,-8.79901,0.0,null],[118.9267,-8.7984,0.0,null],[118.92432,-8.79633,0.0,null],[118.91992,-8.79529,0.0,null],[118.91748,-8.79309,0.0,null],[118.9115,-8.79749,0.0,null],[118.9079,-8.80157,0.0,null],[118.90192,-8.81122,0.0,null],[118.90051,-8.8147,0.0,null],[118.89648,-8.81702,0.0,null],[118.88953,-8.81812,0.0,null],[118.88251,-8.82013,0.0,null],[118.87952,-8.81921,0.0,null],[118.87469,-8.8197,0.0,null],[118.8667,-8.81738,0.0,null],[118.85669,-8.81921,0.0,null],[118.8537,-8.81732,0.0,null],[118.84991,-8.81677,0.0,null],[118.84332,-8.81982,0.0,null],[118.8385,-8.81891,0.0,null],[118.83008,-8.815,0.0,null],[118.82648,-8.81622,0.0,null],[118.82507,-8.81439,0.0,null],[118.82489,-8.81152,0.0,null],[118.82813,-8.80597,0.0,null],[118.82971,-8.80029,0.0,null],[118.82788,-8.79742,0.0,null],[118.82727,-8.79413,0.0,null],[118.82867,-8.78821,0.0,null],[118.82953,-8.78607,0.0,null],[118.83148,-8.78491,0.0,null],[118.83331,-8.78247,0.0,null],[118.83429,-8.7793,0.0,null],[118.83209,-8.77789,0.0,null],[118.82849,-8.7771,0.0,null],[118.8255,-8.77521,0.0,null],[118.81873,-8.7757,0.0,null],[118.81372,-8.7749,0.0,null],[118.80969,-8.77533,0.0,null],[118.80469,-8.7746,0.0,null],[118.80432,-8.77679,0.0,null],[118.80267,-8.77838,0.0,null],[118.79907,-8.77887,0.0,null],[118.79492,-8.77679,0.0,null],[118.78607,-8.77588,0.0,null],[118.78387,-8.77521,0.0,null],[118.77472,-8.77661,0.0,null],[118.77173,-8.7749,0.0,null],[118.76831,-8.77441,0.0,null],[118.76508,-8.77588,0.0,null],[118.76111,-8.77643,0.0,null],[118.75531,-8.77631,0.0,null],[118.75092,-8.77557,0.0,null],[118.7489,-8.77338,0.0,null],[118.74292,-8.76898,0.0,null],[118.73907,-8.7688,0.0,null],[118.7359,-8.771,0.0,null],[118.73468,-8.77472,0.0,null],[118.73547,-8.77869,0.0,null],[118.73212,-8.7829,0.0,null],[118.72968,-8.78302,0.0,null],[118.72668,-8.78229,0.0,null],[118.72308,-8.7829,0.0,null],[118.72009,-8.77979,0.0,null],[118.7193,-8.77631,0.0,null],[118.72052,-8.77429,0.0,null]]],[[[118.71961,-8.61198,0.0,null],[118.7186,-8.61306,0.0,null],[118.71876,-8.61453,0.0,null],[118.71953,-8.616,0.0,null],[118.72154,-8.61739,0.0,null],[118.72131,-8.61878,0.0,null],[118.71953,-8.62064,0.0,null],[118.72046,-8.6218,0.0,null],[118.71976,-8.62451,0.0,null],[118.71868,-8.62536,0.0,null],[118.71417,-8.62585,0.0,null],[118.69955,-8.64445,0.0,null],[118.69729,-8.64808,0.0,null],[118.69786,-8.64919,0.0,null],[118.69624,-8.65105,0.0,null],[118.69531,-8.65314,0.0,null],[118.69283,-8.65268,0.0,null],[118.69144,-8.65353,0.0,null],[118.68541,-8.65469,0.0,null],[118.68394,-8.65546,0.0,null],[118.68208,-8.65391,0.0,null],[118.68115,-8.6543,0.0,null],[118.68123,-8.65569,0.0,null],[118.68231,-8.65678,0.0,null],[118.67891,-8.65755,0.0,null],[118.67922,-8.65925,0.0,null],[118.68177,-8.66165,0.0,null],[118.68084,-8.66297,0.0,null],[118.67821,-8.66211,0.0,null],[118.67527,-8.66467,0.0,null],[118.67473,-8.66591,0.0,null],[118.67512,-8.66714,0.0,null],[118.67388,-8.66954,0.0,null],[118.67419,-8.67155,0.0,null],[118.67558,-8.67333,0.0,null],[118.67566,-8.67566,0.0,null],[118.67426,-8.67627,0.0,null],[118.67256,-8.67372,0.0,null],[118.67148,-8.67341,0.0,null],[118.67078,-8.67163,0.0,null],[118.66916,-8.67117,0.0,null],[118.66815,-8.66985,0.0,null],[118.6673,-8.67001,0.0,null],[118.66653,-8.67194,0.0,null],[118.66653,-8.67388,0.0,null],[118.66529,-8.67504,0.0,null],[118.66529,-8.67651,0.0,null],[118.66614,-8.67836,0.0,null],[118.66838,-8.67891,0.0,null],[118.67163,-8.68355,0.0,null],[118.67248,-8.68618,0.0,null],[118.67148,-8.68966,0.0,null],[118.67287,-8.69043,0.0,null],[118.67341,-8.68912,0.0,null],[118.67465,-8.68904,0.0,null],[118.67643,-8.68989,0.0,null],[118.67806,-8.68997,0.0,null],[118.67806,-8.69098,0.0,null],[118.67659,-8.69322,0.0,null],[118.6769,-8.696,0.0,null],[118.67442,-8.69771,0.0,null],[118.67349,-8.69724,0.0,null],[118.6731,-8.69453,0.0,null],[118.66978,-8.69291,0.0,null],[118.66537,-8.69577,0.0,null],[118.66428,-8.69608,0.0,null],[118.66204,-8.69562,0.0,null],[118.66111,-8.69399,0.0,null],[118.66212,-8.69113,0.0,null],[118.66196,-8.68742,0.0,null],[118.6625,-8.68595,0.0,null],[118.66359,-8.68571,0.0,null],[118.66513,-8.68626,0.0,null],[118.66722,-8.68796,0.0,null],[118.66738,-8.68409,0.0,null],[118.6663,-8.68285,0.0,null],[118.66328,-8.68355,0.0,null],[118.66049,-8.68169,0.0,null],[118.65531,-8.68239,0.0,null],[118.65438,-8.68362,0.0,null],[118.65422,-8.68525,0.0,null],[118.65562,-8.6885,0.0,null],[118.65214,-8.69392,0.0,null],[118.6495,-8.69508,0.0,null],[118.64587,-8.69887,0.0,null],[118.64355,-8.69833,0.0,null],[118.64053,-8.6998,0.0,null],[118.63813,-8.69848,0.0,null],[118.63388,-8.70134,0.0,null],[118.63318,-8.70266,0.0,null],[118.63264,-8.70645,0.0,null],[118.62606,-8.71752,0.0,null],[118.62583,-8.7196,0.0,null],[118.62111,-8.7292,0.0,null],[118.6201,-8.72881,0.0,null],[118.61972,-8.72788,0.0,null],[118.6201,-8.72595,0.0,null],[118.61886,-8.72579,0.0,null],[118.61794,-8.7275,0.0,null],[118.61376,-8.72982,0.0,null],[118.61151,-8.73082,0.0,null],[118.60749,-8.73059,0.0,null],[118.60517,-8.73307,0.0,null],[118.60323,-8.73245,0.0,null],[118.60037,-8.73562,0.0,null],[118.59906,-8.735,0.0,null],[118.59836,-8.73632,0.0,null],[118.59882,-8.7398,0.0,null],[118.59232,-8.74614,0.0,null],[118.59248,-8.74738,0.0,null],[118.59341,-8.74831,0.0,null],[118.59542,-8.74939,0.0,null],[118.59704,-8.75125,0.0,null],[118.59913,-8.75102,0.0,null],[118.60053,-8.75318,0.0,null],[118.60277,-8.75365,0.0,null],[118.60424,-8.75527,0.0,null],[118.60509,-8.7552,0.0,null],[118.60795,-8.75288,0.0,null],[118.61043,-8.75241,0.0,null],[118.61221,-8.75048,0.0,null],[118.61291,-8.748,0.0,null],[118.61662,-8.74591,0.0,null],[118.61855,-8.74227,0.0,null],[118.62235,-8.74197,0.0,null],[118.6249,-8.73988,0.0,null],[118.62722,-8.74019,0.0,null],[118.63016,-8.73856,0.0,null],[118.63519,-8.74166,0.0,null],[118.63774,-8.74251,0.0,null],[118.63976,-8.74197,0.0,null],[118.64099,-8.74026,0.0,null],[118.64393,-8.7391,0.0,null],[118.64401,-8.73825,0.0,null],[118.64208,-8.73508,0.0,null],[118.64324,-8.73098,0.0,null],[118.64239,-8.72726,0.0,null],[118.64123,-8.72518,0.0,null],[118.64285,-8.72285,0.0,null],[118.64463,-8.7227,0.0,null],[118.64502,-8.71829,0.0,null],[118.64378,-8.71287,0.0,null],[118.6444,-8.7114,0.0,null],[118.64827,-8.70746,0.0,null],[118.64912,-8.70297,0.0,null],[118.6502,-8.70281,0.0,null],[118.65097,-8.70405,0.0,null],[118.65515,-8.70428,0.0,null],[118.65577,-8.70034,0.0,null],[118.65647,-8.70003,0.0,null],[118.65879,-8.70158,0.0,null],[118.66111,-8.70072,0.0,null],[118.66568,-8.70622,0.0,null],[118.67326,-8.7097,0.0,null],[118.67365,-8.71357,0.0,null],[118.67589,-8.71427,0.0,null],[118.6779,-8.71349,0.0,null],[118.67929,-8.709,0.0,null],[118.68038,-8.70769,0.0,null],[118.6827,-8.70684,0.0,null],[118.68355,-8.70506,0.0,null],[118.68572,-8.7039,0.0,null],[118.6868,-8.70784,0.0,null],[118.68811,-8.70877,0.0,null],[118.68997,-8.70885,0.0,null],[118.69144,-8.70715,0.0,null],[118.69307,-8.7073,0.0,null],[118.69817,-8.71055,0.0,null],[118.6991,-8.71334,0.0,null],[118.70227,-8.71442,0.0,null],[118.70475,-8.71047,0.0,null],[118.70831,-8.70854,0.0,null],[118.70885,-8.70622,0.0,null],[118.70993,-8.70514,0.0,null],[118.71535,-8.7063,0.0,null],[118.71667,-8.70583,0.0,null],[118.71736,-8.70452,0.0,null],[118.71411,-8.70165,0.0,null],[118.71373,-8.70018,0.0,null],[118.71465,-8.69833,0.0,null],[118.70962,-8.69368,0.0,null],[118.70382,-8.69515,0.0,null],[118.70251,-8.69701,0.0,null],[118.70135,-8.69732,0.0,null],[118.69995,-8.69639,0.0,null],[118.69964,-8.69523,0.0,null],[118.70011,-8.6933,0.0,null],[118.69848,-8.69245,0.0,null],[118.69624,-8.69384,0.0,null],[118.6957,-8.69368,0.0,null],[118.69508,-8.69206,0.0,null],[118.69547,-8.69105,0.0,null],[118.69755,-8.68951,0.0,null],[118.70096,-8.68842,0.0,null],[118.7046,-8.68858,0.0,null],[118.70707,-8.68796,0.0,null],[118.70754,-8.68579,0.0,null],[118.70398,-8.68362,0.0,null],[118.70599,-8.68161,0.0,null],[118.70908,-8.68316,0.0,null],[118.71272,-8.68161,0.0,null],[118.71404,-8.67891,0.0,null],[118.71303,-8.67627,0.0,null],[118.71326,-8.67403,0.0,null],[118.71109,-8.67349,0.0,null],[118.71179,-8.67109,0.0,null],[118.71566,-8.67101,0.0,null],[118.7193,-8.6738,0.0,null],[118.72216,-8.67434,0.0,null],[118.72286,-8.67736,0.0,null],[118.72649,-8.67898,0.0,null],[118.72727,-8.6796,0.0,null],[118.72858,-8.68293,0.0,null],[118.7309,-8.68355,0.0,null],[118.7316,-8.68068,0.0,null],[118.73222,-8.67976,0.0,null],[118.73392,-8.67891,0.0,null],[118.73462,-8.67658,0.0,null],[118.73346,-8.67504,0.0,null],[118.72997,-8.67395,0.0,null],[118.73098,-8.67024,0.0,null],[118.73338,-8.66854,0.0,null],[118.73438,-8.66676,0.0,null],[118.73616,-8.66622,0.0,null],[118.73771,-8.6649,0.0,null],[118.74204,-8.66714,0.0,null],[118.7429,-8.66977,0.0,null],[118.7456,-8.67039,0.0,null],[118.74785,-8.66668,0.0,null],[118.74344,-8.66111,0.0,null],[118.74344,-8.6591,0.0,null],[118.74707,-8.65639,0.0,null],[118.75094,-8.65639,0.0,null],[118.75845,-8.65237,0.0,null],[118.76069,-8.65291,0.0,null],[118.76619,-8.66297,0.0,null],[118.76835,-8.66304,0.0,null],[118.76944,-8.66389,0.0,null],[118.76905,-8.66622,0.0,null],[118.77021,-8.66653,0.0,null],[118.77122,-8.66552,0.0,null],[118.77214,-8.66629,0.0,null],[118.7723,-8.66776,0.0,null],[118.76913,-8.67171,0.0,null],[118.76905,-8.67318,0.0,null],[118.76797,-8.67419,0.0,null],[118.76417,-8.6748,0.0,null],[118.76255,-8.67434,0.0,null],[118.76178,-8.67535,0.0,null],[118.76201,-8.67728,0.0,null],[118.76386,-8.67898,0.0,null],[118.76162,-8.68185,0.0,null],[118.76224,-8.68355,0.0,null],[118.76371,-8.68386,0.0,null],[118.76735,-8.68177,0.0,null],[118.77021,-8.67921,0.0,null],[118.77276,-8.67999,0.0,null],[118.77446,-8.6755,0.0,null],[118.77601,-8.67326,0.0,null],[118.77694,-8.6721,0.0,null],[118.77903,-8.67101,0.0,null],[118.78027,-8.66916,0.0,null],[118.78166,-8.66954,0.0,null],[118.78313,-8.67217,0.0,null],[118.78398,-8.66869,0.0,null],[118.78329,-8.66629,0.0,null],[118.78414,-8.66529,0.0,null],[118.78414,-8.66235,0.0,null],[118.78135,-8.66273,0.0,null],[118.78212,-8.66506,0.0,null],[118.77973,-8.66552,0.0,null],[118.77787,-8.66382,0.0,null],[118.77593,-8.66428,0.0,null],[118.77485,-8.66312,0.0,null],[118.77477,-8.66057,0.0,null],[118.77385,-8.65794,0.0,null],[118.77446,-8.65523,0.0,null],[118.77299,-8.65329,0.0,null],[118.76603,-8.6471,0.0,null],[118.7665,-8.6444,0.0,null],[118.76611,-8.643,0.0,null],[118.7651,-8.64215,0.0,null],[118.76239,-8.64184,0.0,null],[118.76425,-8.63697,0.0,null],[118.76371,-8.63055,0.0,null],[118.76495,-8.63016,0.0,null],[118.76642,-8.62853,0.0,null],[118.76332,-8.62683,0.0,null],[118.76139,-8.62784,0.0,null],[118.75984,-8.62451,0.0,null],[118.75845,-8.62536,0.0,null],[118.75876,-8.62861,0.0,null],[118.76116,-8.62923,0.0,null],[118.76201,-8.62977,0.0,null],[118.76239,-8.63086,0.0,null],[118.76061,-8.63171,0.0,null],[118.75976,-8.63341,0.0,null],[118.7552,-8.63186,0.0,null],[118.75388,-8.63024,0.0,null],[118.75334,-8.6283,0.0,null],[118.75141,-8.62699,0.0,null],[118.7487,-8.62598,0.0,null],[118.74584,-8.62645,0.0,null],[118.74591,-8.62397,0.0,null],[118.74367,-8.62265,0.0,null],[118.73996,-8.62389,0.0,null],[118.73802,-8.62374,0.0,null],[118.7357,-8.62559,0.0,null],[118.73423,-8.62428,0.0,null],[118.735,-8.6201,0.0,null],[118.734,-8.61917,0.0,null],[118.73291,-8.61964,0.0,null],[118.73175,-8.61762,0.0,null],[118.72982,-8.61677,0.0,null],[118.72905,-8.6153,0.0,null],[118.72556,-8.61252,0.0,null],[118.72394,-8.61221,0.0,null],[118.72185,-8.61267,0.0,null],[118.71961,-8.61198,0.0,null]]],[[[118.56928,-8.53206,0.0,null],[118.56873,-8.53428,0.0,null],[118.56368,-8.53489,0.0,null],[118.56073,-8.53736,0.0,null],[118.55993,-8.53631,0.0,null],[118.55851,-8.53717,0.0,null],[118.55753,-8.53705,0.0,null],[118.55704,-8.53896,0.0,null],[118.55501,-8.54068,0.0,null],[118.55593,-8.54345,0.0,null],[118.55341,-8.54923,0.0,null],[118.55107,-8.55096,0.0,null],[118.55088,-8.55231,0.0,null],[118.55125,-8.5536,0.0,null],[118.55556,-8.55803,0.0,null],[118.55802,-8.55902,0.0,null],[118.56251,-8.55859,0.0,null],[118.56344,-8.55729,0.0,null],[118.56498,-8.55809,0.0,null],[118.56873,-8.55816,0.0,null],[118.57316,-8.55963,0.0,null],[118.57464,-8.56068,0.0,null],[118.57427,-8.56425,0.0,null],[118.57851,-8.56591,0.0,null],[118.57907,-8.56849,0.0,null],[118.58085,-8.56917,0.0,null],[118.58128,-8.57182,0.0,null],[118.58424,-8.57249,0.0,null],[118.58534,-8.57151,0.0,null],[118.5867,-8.57132,0.0,null],[118.58934,-8.57292,0.0,null],[118.59002,-8.57489,0.0,null],[118.5899,-8.57668,0.0,null],[118.58947,-8.57828,0.0,null],[118.58805,-8.5792,0.0,null],[118.58762,-8.58049,0.0,null],[118.58904,-8.58295,0.0,null],[118.58836,-8.58449,0.0,null],[118.58891,-8.58683,0.0,null],[118.58762,-8.58775,0.0,null],[118.58602,-8.59114,0.0,null],[118.58621,-8.59551,0.0,null],[118.58824,-8.5968,0.0,null],[118.58904,-8.59803,0.0,null],[118.58897,-8.59945,0.0,null],[118.58768,-8.60308,0.0,null],[118.58645,-8.60412,0.0,null],[118.58528,-8.6,0.0,null],[118.58374,-8.59797,0.0,null],[118.58221,-8.59717,0.0,null],[118.57845,-8.59803,0.0,null],[118.57636,-8.59643,0.0,null],[118.57451,-8.59083,0.0,null],[118.57285,-8.58985,0.0,null],[118.57254,-8.58855,0.0,null],[118.56947,-8.58659,0.0,null],[118.56713,-8.58652,0.0,null],[118.56553,-8.58314,0.0,null],[118.56282,-8.58148,0.0,null],[118.5603,-8.57496,0.0,null],[118.5627,-8.57157,0.0,null],[118.55864,-8.56511,0.0,null],[118.55353,-8.56117,0.0,null],[118.55205,-8.56154,0.0,null],[118.5547,-8.5872,0.0,null],[118.5603,-8.58689,0.0,null],[118.56719,-8.59237,0.0,null],[118.56928,-8.59895,0.0,null],[118.57378,-8.60566,0.0,null],[118.57993,-8.61059,0.0,null],[118.58504,-8.61095,0.0,null],[118.58787,-8.61071,0.0,null],[118.5931,-8.60585,0.0,null],[118.59476,-8.60302,0.0,null],[118.60208,-8.60295,0.0,null],[118.60959,-8.60412,0.0,null],[118.61562,-8.61625,0.0,null],[118.63021,-8.62695,0.0,null],[118.6387,-8.62314,0.0,null],[118.64873,-8.62492,0.0,null],[118.65851,-8.62037,0.0,null],[118.66368,-8.62037,0.0,null],[118.66577,-8.61994,0.0,null],[118.66756,-8.61865,0.0,null],[118.66854,-8.61699,0.0,null],[118.66731,-8.60542,0.0,null],[118.66485,-8.6048,0.0,null],[118.6619,-8.60154,0.0,null],[118.65962,-8.6008,0.0,null],[118.6574,-8.59908,0.0,null],[118.65402,-8.59852,0.0,null],[118.65316,-8.59575,0.0,null],[118.65187,-8.59526,0.0,null],[118.64774,-8.59643,0.0,null],[118.64559,-8.59594,0.0,null],[118.64442,-8.59452,0.0,null],[118.64325,-8.59477,0.0,null],[118.64048,-8.59686,0.0,null],[118.63784,-8.59649,0.0,null],[118.6355,-8.60148,0.0,null],[118.63568,-8.60332,0.0,null],[118.6347,-8.60542,0.0,null],[118.63525,-8.60751,0.0,null],[118.63439,-8.60837,0.0,null],[118.63476,-8.61163,0.0,null],[118.63642,-8.61557,0.0,null],[118.63581,-8.61557,0.0,null],[118.63261,-8.61194,0.0,null],[118.63236,-8.60972,0.0,null],[118.63101,-8.60843,0.0,null],[118.6291,-8.60388,0.0,null],[118.62793,-8.60308,0.0,null],[118.62436,-8.60277,0.0,null],[118.62171,-8.59926,0.0,null],[118.62017,-8.5992,0.0,null],[118.61876,-8.60006,0.0,null],[118.61894,-8.59889,0.0,null],[118.62159,-8.59637,0.0,null],[118.6251,-8.59785,0.0,null],[118.62805,-8.59742,0.0,null],[118.62873,-8.59619,0.0,null],[118.62301,-8.59052,0.0,null],[118.62276,-8.58911,0.0,null],[118.63051,-8.58695,0.0,null],[118.63125,-8.58597,0.0,null],[118.63076,-8.58117,0.0,null],[118.62965,-8.57975,0.0,null],[118.62731,-8.57914,0.0,null],[118.62645,-8.57772,0.0,null],[118.62393,-8.57686,0.0,null],[118.62214,-8.57502,0.0,null],[118.61882,-8.57736,0.0,null],[118.61525,-8.57631,0.0,null],[118.61359,-8.57637,0.0,null],[118.61021,-8.57779,0.0,null],[118.61041,-8.58043,0.0,null],[118.60934,-8.58117,0.0,null],[118.60621,-8.5792,0.0,null],[118.60368,-8.57932,0.0,null],[118.60202,-8.57594,0.0,null],[118.60331,-8.57274,0.0,null],[118.60331,-8.57145,0.0,null],[118.60221,-8.57016,0.0,null],[118.60085,-8.57046,0.0,null],[118.6035,-8.56683,0.0,null],[118.60245,-8.56566,0.0,null],[118.60301,-8.56474,0.0,null],[118.60307,-8.5624,0.0,null],[118.60411,-8.56166,0.0,null],[118.60682,-8.56234,0.0,null],[118.60824,-8.56086,0.0,null],[118.6075,-8.55896,0.0,null],[118.60584,-8.55816,0.0,null],[118.60522,-8.55594,0.0,null],[118.60541,-8.55409,0.0,null],[118.6083,-8.55145,0.0,null],[118.60854,-8.54966,0.0,null],[118.60762,-8.54788,0.0,null],[118.60214,-8.5464,0.0,null],[118.60042,-8.54499,0.0,null],[118.59759,-8.54579,0.0,null],[118.59439,-8.54566,0.0,null],[118.59464,-8.54388,0.0,null],[118.59224,-8.54056,0.0,null],[118.5899,-8.53508,0.0,null],[118.58737,-8.53446,0.0,null],[118.58461,-8.53625,0.0,null],[118.58184,-8.53686,0.0,null],[118.57894,-8.53489,0.0,null],[118.57679,-8.5344,0.0,null],[118.57494,-8.53471,0.0,null],[118.56928,-8.53206,0.0,null]]],[[[119.17124,-8.62739,0.0,null],[119.16955,-8.62588,0.0,null],[119.17002,-8.62522,0.0,null],[119.16826,-8.62356,0.0,null],[119.16638,-8.62249,0.0,null],[119.16338,-8.6219,0.0,null],[119.16038,-8.62206,0.0,null],[119.1568,-8.62308,0.0,null],[119.14533,-8.62758,0.0,null],[119.13896,-8.6286,0.0,null],[119.13414,-8.62849,0.0,null],[119.13505,-8.63476,0.0,null],[119.13446,-8.63733,0.0,null],[119.1284,-8.64499,0.0,null],[119.11469,-8.65153,0.0,null],[119.11287,-8.65115,0.0,null],[119.11099,-8.65158,0.0,null],[119.10816,-8.65238,0.0,null],[119.10494,-8.6542,0.0,null],[119.10183,-8.65276,0.0,null],[119.09942,-8.65485,0.0,null],[119.09675,-8.65506,0.0,null],[119.09487,-8.65731,0.0,null],[119.08989,-8.65613,0.0,null],[119.08673,-8.65972,0.0,null],[119.08426,-8.66085,0.0,null],[119.08057,-8.6601,0.0,null],[119.0795,-8.66074,0.0,null],[119.07901,-8.66181,0.0,null],[119.07992,-8.66561,0.0,null],[119.0773,-8.66594,0.0,null],[119.07618,-8.66524,0.0,null],[119.07334,-8.66476,0.0,null],[119.07162,-8.6631,0.0,null],[119.06943,-8.6624,0.0,null],[119.06878,-8.66331,0.0,null],[119.06921,-8.66524,0.0,null],[119.06664,-8.66733,0.0,null],[119.06144,-8.66556,0.0,null],[119.05952,-8.66545,0.0,null],[119.05469,-8.66808,0.0,null],[119.05169,-8.67065,0.0,null],[119.05019,-8.67092,0.0,null],[119.04725,-8.6699,0.0,null],[119.04419,-8.67011,0.0,null],[119.03846,-8.66888,0.0,null],[119.03321,-8.66738,0.0,null],[119.03145,-8.66626,0.0,null],[119.03037,-8.66438,0.0,null],[119.0315,-8.66176,0.0,null],[119.03102,-8.66079,0.0,null],[119.02925,-8.66063,0.0,null],[119.0255,-8.65881,0.0,null],[119.02507,-8.65769,0.0,null],[119.02587,-8.65303,0.0,null],[119.02566,-8.65104,0.0,null],[119.02459,-8.65029,0.0,null],[119.02111,-8.64301,0.0,null],[119.01607,-8.63787,0.0,null],[119.01136,-8.63465,0.0,null],[119.00954,-8.63551,0.0,null],[119.00745,-8.63535,0.0,null],[119.00375,-8.63663,0.0,null],[119.00193,-8.63851,0.0,null],[119.00172,-8.64263,0.0,null],[119.00525,-8.64451,0.0,null],[119.00536,-8.6466,0.0,null],[119.00675,-8.64729,0.0,null],[119.0068,-8.64976,0.0,null],[119.00455,-8.65008,0.0,null],[119.00086,-8.64842,0.0,null],[118.9993,-8.64874,0.0,null],[118.99845,-8.64976,0.0,null],[119.00118,-8.65276,0.0,null],[119.00311,-8.65763,0.0,null],[119.00466,-8.65849,0.0,null],[119.00841,-8.65876,0.0,null],[119.01104,-8.66079,0.0,null],[119.015,-8.66899,0.0,null],[119.01827,-8.67135,0.0,null],[119.02143,-8.67258,0.0,null],[119.0225,-8.67526,0.0,null],[119.02507,-8.67627,0.0,null],[119.02679,-8.67536,0.0,null],[119.02775,-8.67547,0.0,null],[119.0345,-8.68029,0.0,null],[119.03803,-8.68077,0.0,null],[119.04098,-8.67976,0.0,null],[119.04328,-8.68056,0.0,null],[119.05368,-8.6789,0.0,null],[119.05694,-8.6767,0.0,null],[119.06059,-8.67574,0.0,null],[119.0668,-8.67681,0.0,null],[119.06846,-8.67788,0.0,null],[119.07114,-8.67697,0.0,null],[119.07387,-8.67735,0.0,null],[119.07387,-8.67547,0.0,null],[119.07446,-8.67483,0.0,null],[119.07591,-8.6737,0.0,null],[119.07837,-8.67338,0.0,null],[119.08019,-8.67151,0.0,null],[119.08469,-8.67092,0.0,null],[119.08866,-8.67215,0.0,null],[119.09289,-8.66969,0.0,null],[119.09744,-8.66969,0.0,null],[119.10146,-8.66642,0.0,null],[119.10489,-8.66556,0.0,null],[119.10832,-8.66283,0.0,null],[119.11148,-8.66299,0.0,null],[119.11421,-8.66101,0.0,null],[119.11603,-8.6609,0.0,null],[119.13435,-8.65522,0.0,null],[119.14003,-8.65758,0.0,null],[119.14372,-8.65629,0.0,null],[119.14914,-8.65838,0.0,null],[119.15187,-8.65651,0.0,null],[119.15326,-8.65624,0.0,null],[119.1569,-8.65693,0.0,null],[119.1607,-8.65264,0.0,null],[119.16829,-8.65,0.0,null],[119.17013,-8.64867,0.0,null],[119.16913,-8.64764,0.0,null],[119.16701,-8.64685,0.0,null],[119.16516,-8.64805,0.0,null],[119.16308,-8.64723,0.0,null],[119.16135,-8.6476,0.0,null],[119.15993,-8.64711,0.0,null],[119.15809,-8.64809,0.0,null],[119.15606,-8.64774,0.0,null],[119.15465,-8.65019,0.0,null],[119.15481,-8.65356,0.0,null],[119.15385,-8.65458,0.0,null],[119.15262,-8.65479,0.0,null],[119.15149,-8.65383,0.0,null],[119.15085,-8.65217,0.0,null],[119.15122,-8.64863,0.0,null],[119.15385,-8.64445,0.0,null],[119.15577,-8.64408,0.0,null],[119.15645,-8.64296,0.0,null],[119.15838,-8.64254,0.0,null],[119.15865,-8.64134,0.0,null],[119.15541,-8.63915,0.0,null],[119.15376,-8.64068,0.0,null],[119.15292,-8.64066,0.0,null],[119.1504,-8.63901,0.0,null],[119.15056,-8.63698,0.0,null],[119.15265,-8.63422,0.0,null],[119.15362,-8.63598,0.0,null],[119.15386,-8.6355,0.0,null],[119.15441,-8.63567,0.0,null],[119.15482,-8.63693,0.0,null],[119.15617,-8.63601,0.0,null],[119.15683,-8.63728,0.0,null],[119.15836,-8.63825,0.0,null],[119.16166,-8.63751,0.0,null],[119.16204,-8.63665,0.0,null],[119.16096,-8.63439,0.0,null],[119.16084,-8.63221,0.0,null],[119.15952,-8.63146,0.0,null],[119.15932,-8.63056,0.0,null],[119.16065,-8.62761,0.0,null],[119.16114,-8.6298,0.0,null],[119.1617,-8.63014,0.0,null],[119.16224,-8.62785,0.0,null],[119.16309,-8.62799,0.0,null],[119.16332,-8.62948,0.0,null],[119.16415,-8.63033,0.0,null],[119.16349,-8.63165,0.0,null],[119.165,-8.6323,0.0,null],[119.16462,-8.63562,0.0,null],[119.16742,-8.636,0.0,null],[119.16983,-8.63559,0.0,null],[119.17132,-8.63465,0.0,null],[119.17211,-8.63335,0.0,null],[119.171,-8.63337,0.0,null],[119.17045,-8.63229,0.0,null],[119.17196,-8.63005,0.0,null],[119.17124,-8.62739,0.0,null]]],[[[118.81403,-8.31571,0.0,null],[118.81387,-8.3142,0.0,null],[118.81114,-8.31248,0.0,null],[118.80824,-8.31159,0.0,null],[118.80646,-8.30942,0.0,null],[118.80602,-8.30775,0.0,null],[118.80156,-8.30702,0.0,null],[118.7985,-8.30585,0.0,null],[118.79694,-8.30858,0.0,null],[118.79232,-8.31337,0.0,null],[118.79232,-8.31487,0.0,null],[118.7916,-8.31571,0.0,null],[118.79071,-8.31632,0.0,null],[118.78948,-8.31576,0.0,null],[118.78854,-8.31599,0.0,null],[118.78748,-8.31715,0.0,null],[118.78497,-8.32306,0.0,null],[118.78514,-8.32445,0.0,null],[118.78776,-8.32584,0.0,null],[118.78826,-8.33068,0.0,null],[118.79104,-8.3348,0.0,null],[118.78976,-8.33759,0.0,null],[118.78664,-8.33981,0.0,null],[118.78637,-8.34243,0.0,null],[118.78464,-8.34415,0.0,null],[118.77885,-8.34388,0.0,null],[118.77768,-8.34521,0.0,null],[118.77818,-8.34844,0.0,null],[118.78225,-8.352,0.0,null],[118.78419,-8.352,0.0,null],[118.78837,-8.35863,0.0,null],[118.78987,-8.35863,0.0,null],[118.7906,-8.36035,0.0,null],[118.79188,-8.36058,0.0,null],[118.79204,-8.36147,0.0,null],[118.79087,-8.36197,0.0,null],[118.7906,-8.36269,0.0,null],[118.79199,-8.36564,0.0,null],[118.79327,-8.36698,0.0,null],[118.79416,-8.37004,0.0,null],[118.79895,-8.37049,0.0,null],[118.80195,-8.37138,0.0,null],[118.80446,-8.37383,0.0,null],[118.80546,-8.37394,0.0,null],[118.80674,-8.37388,0.0,null],[118.80841,-8.37266,0.0,null],[118.81053,-8.37338,0.0,null],[118.81119,-8.37154,0.0,null],[118.81264,-8.37043,0.0,null],[118.81409,-8.37305,0.0,null],[118.82038,-8.37589,0.0,null],[118.82244,-8.37828,0.0,null],[118.82539,-8.37861,0.0,null],[118.82572,-8.37706,0.0,null],[118.82467,-8.37622,0.0,null],[118.82483,-8.37522,0.0,null],[118.82589,-8.37616,0.0,null],[118.82767,-8.3765,0.0,null],[118.82968,-8.37834,0.0,null],[118.83068,-8.37822,0.0,null],[118.83157,-8.37711,0.0,null],[118.83641,-8.37672,0.0,null],[118.8373,-8.37093,0.0,null],[118.83808,-8.36882,0.0,null],[118.8397,-8.36759,0.0,null],[118.83953,-8.36648,0.0,null],[118.8368,-8.36358,0.0,null],[118.83636,-8.36175,0.0,null],[118.83741,-8.35891,0.0,null],[118.83641,-8.35679,0.0,null],[118.83719,-8.35262,0.0,null],[118.82962,-8.34488,0.0,null],[118.82756,-8.3446,0.0,null],[118.82673,-8.34365,0.0,null],[118.82745,-8.34126,0.0,null],[118.82667,-8.33959,0.0,null],[118.82216,-8.3392,0.0,null],[118.82121,-8.3382,0.0,null],[118.82038,-8.33341,0.0,null],[118.81921,-8.33107,0.0,null],[118.82032,-8.32801,0.0,null],[118.82044,-8.32601,0.0,null],[118.81971,-8.32428,0.0,null],[118.81787,-8.32294,0.0,null],[118.81665,-8.31832,0.0,null],[118.81526,-8.31743,0.0,null],[118.81403,-8.31571,0.0,null]]],[[[118.60502,-8.76155,0.0,null],[118.60396,-8.76518,0.0,null],[118.6042,-8.76858,0.0,null],[118.60678,-8.77468,0.0,null],[118.60818,-8.78078,0.0,null],[118.60722,-8.78374,0.0,null],[118.5988,-8.79239,0.0,null],[118.59564,-8.79755,0.0,null],[118.59399,-8.80177,0.0,null],[118.5953,-8.80856,0.0,null],[118.59552,-8.81443,0.0,null],[118.59493,-8.81806,0.0,null],[118.59212,-8.82041,0.0,null],[118.58872,-8.82017,0.0,null],[118.58497,-8.81865,0.0,null],[118.58192,-8.81842,0.0,null],[118.57676,-8.82006,0.0,null],[118.57383,-8.82041,0.0,null],[118.57054,-8.81994,0.0,null],[118.5682,-8.82088,0.0,null],[118.56726,-8.82569,0.0,null],[118.56761,-8.83682,0.0,null],[118.57183,-8.83495,0.0,null],[118.57465,-8.83495,0.0,null],[118.57676,-8.836,0.0,null],[118.58415,-8.83354,0.0,null],[118.59235,-8.83296,0.0,null],[118.60302,-8.82252,0.0,null],[118.60713,-8.82041,0.0,null],[118.60818,-8.81713,0.0,null],[118.61076,-8.81513,0.0,null],[118.61029,-8.81279,0.0,null],[118.6117,-8.80669,0.0,null],[118.61404,-8.80775,0.0,null],[118.61662,-8.80704,0.0,null],[118.6185,-8.80739,0.0,null],[118.62085,-8.80669,0.0,null],[118.62237,-8.80505,0.0,null],[118.62319,-8.80646,0.0,null],[118.62237,-8.80904,0.0,null],[118.62272,-8.81384,0.0,null],[118.62565,-8.81291,0.0,null],[118.6287,-8.81361,0.0,null],[118.63468,-8.80904,0.0,null],[118.63456,-8.80693,0.0,null],[118.63304,-8.80317,0.0,null],[118.63363,-8.80095,0.0,null],[118.63234,-8.79884,0.0,null],[118.63339,-8.79743,0.0,null],[118.6355,-8.79731,0.0,null],[118.63796,-8.79825,0.0,null],[118.64007,-8.79766,0.0,null],[118.64136,-8.79637,0.0,null],[118.64265,-8.79614,0.0,null],[118.64418,-8.79672,0.0,null],[118.64476,-8.7959,0.0,null],[118.64734,-8.79602,0.0,null],[118.6477,-8.79485,0.0,null],[118.64664,-8.79192,0.0,null],[118.64406,-8.79039,0.0,null],[118.64488,-8.78946,0.0,null],[118.64711,-8.78922,0.0,null],[118.64828,-8.78793,0.0,null],[118.6484,-8.78641,0.0,null],[118.64523,-8.78336,0.0,null],[118.64582,-8.78148,0.0,null],[118.64535,-8.7789,0.0,null],[118.63902,-8.77902,0.0,null],[118.63984,-8.77515,0.0,null],[118.63691,-8.77292,0.0,null],[118.63433,-8.77456,0.0,null],[118.63339,-8.7775,0.0,null],[118.63222,-8.77855,0.0,null],[118.63058,-8.77961,0.0,null],[118.62882,-8.77961,0.0,null],[118.62683,-8.77785,0.0,null],[118.62647,-8.77562,0.0,null],[118.62729,-8.77327,0.0,null],[118.6219,-8.77269,0.0,null],[118.61956,-8.76941,0.0,null],[118.61897,-8.76706,0.0,null],[118.61557,-8.76307,0.0,null],[118.61369,-8.76202,0.0,null],[118.60724,-8.76249,0.0,null],[118.60502,-8.76155,0.0,null]]],[[[119.06005,-8.69261,0.0,null],[119.05726,-8.69227,0.0,null],[119.05533,-8.69039,0.0,null],[119.05367,-8.68769,0.0,null],[119.04683,-8.68598,0.0,null],[119.04296,-8.6862,0.0,null],[119.0407,-8.68763,0.0,null],[119.03959,-8.68945,0.0,null],[119.03678,-8.69685,0.0,null],[119.03667,-8.70022,0.0,null],[119.03507,-8.70259,0.0,null],[119.03269,-8.70397,0.0,null],[119.03501,-8.70629,0.0,null],[119.0412,-8.70613,0.0,null],[119.04815,-8.71038,0.0,null],[119.05113,-8.71369,0.0,null],[119.05185,-8.71667,0.0,null],[119.05108,-8.7191,0.0,null],[119.04832,-8.7244,0.0,null],[119.04528,-8.72755,0.0,null],[119.0439,-8.7313,0.0,null],[119.04368,-8.73423,0.0,null],[119.05428,-8.73566,0.0,null],[119.05985,-8.73781,0.0,null],[119.06195,-8.7403,0.0,null],[119.06604,-8.74217,0.0,null],[119.06819,-8.74206,0.0,null],[119.07476,-8.74339,0.0,null],[119.07658,-8.74096,0.0,null],[119.07724,-8.74118,0.0,null],[119.07741,-8.74251,0.0,null],[119.08177,-8.74383,0.0,null],[119.08265,-8.74195,0.0,null],[119.08503,-8.74311,0.0,null],[119.08701,-8.74311,0.0,null],[119.08735,-8.74543,0.0,null],[119.08878,-8.74587,0.0,null],[119.0895,-8.7446,0.0,null],[119.09044,-8.74477,0.0,null],[119.0911,-8.7451,0.0,null],[119.09138,-8.7472,0.0,null],[119.09231,-8.74643,0.0,null],[119.0927,-8.74803,0.0,null],[119.09187,-8.74924,0.0,null],[119.09209,-8.74985,0.0,null],[119.09425,-8.7504,0.0,null],[119.09518,-8.74858,0.0,null],[119.09679,-8.74797,0.0,null],[119.09761,-8.74858,0.0,null],[119.09811,-8.75001,0.0,null],[119.09954,-8.74996,0.0,null],[119.10115,-8.7472,0.0,null],[119.10197,-8.74709,0.0,null],[119.10225,-8.74631,0.0,null],[119.10286,-8.74289,0.0,null],[119.10197,-8.7403,0.0,null],[119.10264,-8.73897,0.0,null],[119.10347,-8.73881,0.0,null],[119.10087,-8.73605,0.0,null],[119.09899,-8.73307,0.0,null],[119.09662,-8.73262,0.0,null],[119.09524,-8.73163,0.0,null],[119.09502,-8.73025,0.0,null],[119.09634,-8.72975,0.0,null],[119.09712,-8.73003,0.0,null],[119.09392,-8.72567,0.0,null],[119.09115,-8.71882,0.0,null],[119.08961,-8.71755,0.0,null],[119.08656,-8.71637,0.0,null],[119.08676,-8.71889,0.0,null],[119.0846,-8.71927,0.0,null],[119.07685,-8.71927,0.0,null],[119.06903,-8.71669,0.0,null],[119.06533,-8.71113,0.0,null],[119.06474,-8.70716,0.0,null],[119.06514,-8.70437,0.0,null],[119.06823,-8.6987,0.0,null],[119.06775,-8.69652,0.0,null],[119.06537,-8.69393,0.0,null],[119.0625,-8.69266,0.0,null],[119.06005,-8.69261,0.0,null]]],[[[118.8308,-8.52659,0.0,null],[118.83119,-8.52325,0.0,null],[118.83065,-8.51983,0.0,null],[118.82621,-8.52068,0.0,null],[118.82559,-8.52317,0.0,null],[118.82443,-8.52504,0.0,null],[118.82287,-8.52628,0.0,null],[118.82093,-8.5269,0.0,null],[118.81525,-8.52722,0.0,null],[118.80887,-8.52582,0.0,null],[118.80188,-8.52286,0.0,null],[118.79954,-8.52348,0.0,null],[118.8018,-8.52916,0.0,null],[118.80398,-8.53709,0.0,null],[118.8039,-8.53864,0.0,null],[118.8053,-8.5416,0.0,null],[118.80312,-8.54199,0.0,null],[118.80328,-8.54284,0.0,null],[118.80483,-8.54378,0.0,null],[118.80553,-8.54642,0.0,null],[118.80926,-8.54992,0.0,null],[118.81113,-8.55,0.0,null],[118.8123,-8.55217,0.0,null],[118.81844,-8.5535,0.0,null],[118.8196,-8.55536,0.0,null],[118.81953,-8.55723,0.0,null],[118.81836,-8.55933,0.0,null],[118.81844,-8.56119,0.0,null],[118.81673,-8.56337,0.0,null],[118.81766,-8.5678,0.0,null],[118.81541,-8.57083,0.0,null],[118.81463,-8.57301,0.0,null],[118.81191,-8.57597,0.0,null],[118.81121,-8.57783,0.0,null],[118.80911,-8.58654,0.0,null],[118.81059,-8.58763,0.0,null],[118.81043,-8.58996,0.0,null],[118.80895,-8.59222,0.0,null],[118.80468,-8.59167,0.0,null],[118.80398,-8.59004,0.0,null],[118.80475,-8.58584,0.0,null],[118.8081,-8.58203,0.0,null],[118.80895,-8.57993,0.0,null],[118.80716,-8.57177,0.0,null],[118.80374,-8.57068,0.0,null],[118.80149,-8.57122,0.0,null],[118.79908,-8.57278,0.0,null],[118.79706,-8.57534,0.0,null],[118.79566,-8.57884,0.0,null],[118.7948,-8.58942,0.0,null],[118.79364,-8.59058,0.0,null],[118.78726,-8.58786,0.0,null],[118.78524,-8.58794,0.0,null],[118.78322,-8.58833,0.0,null],[118.78104,-8.59128,0.0,null],[118.78042,-8.59354,0.0,null],[118.78057,-8.5961,0.0,null],[118.78228,-8.59976,0.0,null],[118.78431,-8.60201,0.0,null],[118.7857,-8.60256,0.0,null],[118.79029,-8.60256,0.0,null],[118.79309,-8.60349,0.0,null],[118.79908,-8.60372,0.0,null],[118.80514,-8.60225,0.0,null],[118.80639,-8.6031,0.0,null],[118.80693,-8.60458,0.0,null],[118.8074,-8.60847,0.0,null],[118.81245,-8.60784,0.0,null],[118.81727,-8.60435,0.0,null],[118.81766,-8.59813,0.0,null],[118.82062,-8.59191,0.0,null],[118.8224,-8.58981,0.0,null],[118.82349,-8.59019,0.0,null],[118.8259,-8.58926,0.0,null],[118.82668,-8.58778,0.0,null],[118.82668,-8.58623,0.0,null],[118.82567,-8.58343,0.0,null],[118.821,-8.58094,0.0,null],[118.82069,-8.57542,0.0,null],[118.82139,-8.57262,0.0,null],[118.82606,-8.56726,0.0,null],[118.82233,-8.5629,0.0,null],[118.82279,-8.55824,0.0,null],[118.82505,-8.55427,0.0,null],[118.82878,-8.5514,0.0,null],[118.83127,-8.5479,0.0,null],[118.82979,-8.53927,0.0,null],[118.83181,-8.53382,0.0,null],[118.8308,-8.52659,0.0,null]]],[[[119.01947,-8.70813,0.0,null],[119.01849,-8.7052,0.0,null],[119.01691,-8.70349,0.0,null],[119.01093,-8.703,0.0,null],[119.00787,-8.70422,0.0,null],[119.00409,-8.70911,0.0,null],[119.00153,-8.71033,0.0,null],[118.9975,-8.70929,0.0,null],[118.98608,-8.71338,0.0,null],[118.97388,-8.7196,0.0,null],[118.97369,-8.72333,0.0,null],[118.97552,-8.7301,0.0,null],[118.9751,-8.73437,0.0,null],[118.97009,-8.74219,0.0,null],[118.9693,-8.74573,0.0,null],[118.9715,-8.74811,0.0,null],[118.98108,-8.74329,0.0,null],[118.98352,-8.74261,0.0,null],[118.98969,-8.74329,0.0,null],[118.99249,-8.74152,0.0,null],[118.99707,-8.73993,0.0,null],[118.99951,-8.73981,0.0,null],[119.00232,-8.74048,0.0,null],[119.00531,-8.7395,0.0,null],[119.00812,-8.73932,0.0,null],[119.00952,-8.74042,0.0,null],[119.01788,-8.74139,0.0,null],[119.01863,-8.73956,0.0,null],[119.02411,-8.73621,0.0,null],[119.02692,-8.73492,0.0,null],[119.03009,-8.73578,0.0,null],[119.03229,-8.73437,0.0,null],[119.03412,-8.73273,0.0,null],[119.03052,-8.72302,0.0,null],[119.02893,-8.71991,0.0,null],[119.0249,-8.71442,0.0,null],[119.0213,-8.71191,0.0,null],[119.01947,-8.70813,0.0,null]]],[[[118.5426,-8.85806,0.0,null],[118.54436,-8.85645,0.0,null],[118.54993,-8.85484,0.0,null],[118.5525,-8.85344,0.0,null],[118.55623,-8.85044,0.0,null],[118.55741,-8.84905,0.0,null],[118.55851,-8.84626,0.0,null],[118.55873,-8.84325,0.0,null],[118.55939,-8.84201,0.0,null],[118.55843,-8.83556,0.0,null],[118.55462,-8.82867,0.0,null],[118.55279,-8.82889,0.0,null],[118.54729,-8.83108,0.0,null],[118.53688,-8.84032,0.0,null],[118.53336,-8.84391,0.0,null],[118.52838,-8.85081,0.0,null],[118.52038,-8.85792,0.0,null],[118.51555,-8.85814,0.0,null],[118.5121,-8.8599,0.0,null],[118.50895,-8.86254,0.0,null],[118.50184,-8.86642,0.0,null],[118.50176,-8.87903,0.0,null],[118.50272,-8.8816,0.0,null],[118.50433,-8.88079,0.0,null],[118.5067,-8.88206,0.0,null],[118.50785,-8.87742,0.0,null],[118.50924,-8.8758,0.0,null],[118.51298,-8.87514,0.0,null],[118.5143,-8.87602,0.0,null],[118.51775,-8.87573,0.0,null],[118.51921,-8.87734,0.0,null],[118.5231,-8.87097,0.0,null],[118.52772,-8.86825,0.0,null],[118.52977,-8.8651,0.0,null],[118.53343,-8.86232,0.0,null],[118.53776,-8.86019,0.0,null],[118.54099,-8.85946,0.0,null],[118.5426,-8.85806,0.0,null]]],[[[118.92683,-8.56689,0.0,null],[118.92514,-8.56344,0.0,null],[118.92292,-8.56139,0.0,null],[118.92064,-8.56069,0.0,null],[118.91608,-8.56244,0.0,null],[118.91532,-8.56624,0.0,null],[118.91468,-8.56689,0.0,null],[118.9124,-8.56572,0.0,null],[118.91035,-8.56694,0.0,null],[118.91146,-8.56893,0.0,null],[118.91146,-8.5701,0.0,null],[118.91088,-8.57185,0.0,null],[118.90936,-8.57378,0.0,null],[118.90936,-8.57723,0.0,null],[118.90702,-8.58056,0.0,null],[118.90684,-8.58395,0.0,null],[118.9031,-8.58723,0.0,null],[118.90258,-8.58904,0.0,null],[118.90299,-8.59202,0.0,null],[118.90474,-8.59564,0.0,null],[118.90579,-8.59687,0.0,null],[118.90889,-8.59839,0.0,null],[118.90749,-8.60149,0.0,null],[118.90778,-8.60418,0.0,null],[118.9062,-8.60727,0.0,null],[118.90632,-8.61107,0.0,null],[118.90579,-8.614,0.0,null],[118.90573,-8.61733,0.0,null],[118.9079,-8.61832,0.0,null],[118.9121,-8.61791,0.0,null],[118.91415,-8.61534,0.0,null],[118.91696,-8.61452,0.0,null],[118.91894,-8.61598,0.0,null],[118.92064,-8.6161,0.0,null],[118.92806,-8.61259,0.0,null],[118.92876,-8.61107,0.0,null],[118.93028,-8.60996,0.0,null],[118.9304,-8.60768,0.0,null],[118.92976,-8.60505,0.0,null],[118.92759,-8.60523,0.0,null],[118.92613,-8.6033,0.0,null],[118.92146,-8.60301,0.0,null],[118.92058,-8.59827,0.0,null],[118.92011,-8.59693,0.0,null],[118.91918,-8.59634,0.0,null],[118.92023,-8.59056,0.0,null],[118.92081,-8.5898,0.0,null],[118.92274,-8.59027,0.0,null],[118.92333,-8.58962,0.0,null],[118.92368,-8.58617,0.0,null],[118.92537,-8.58442,0.0,null],[118.9266,-8.57787,0.0,null],[118.92613,-8.57431,0.0,null],[118.92742,-8.5715,0.0,null],[118.92683,-8.56689,0.0,null]]],[[[118.80958,-8.41395,0.0,null],[118.81232,-8.41214,0.0,null],[118.81439,-8.40729,0.0,null],[118.81373,-8.39846,0.0,null],[118.81148,-8.39352,0.0,null],[118.80848,-8.38985,0.0,null],[118.80265,-8.38694,0.0,null],[118.79991,-8.3838,0.0,null],[118.79696,-8.38169,0.0,null],[118.79312,-8.37657,0.0,null],[118.79122,-8.37493,0.0,null],[118.78813,-8.36871,0.0,null],[118.7857,-8.3654,0.0,null],[118.78283,-8.36297,0.0,null],[118.7808,-8.36275,0.0,null],[118.77983,-8.36341,0.0,null],[118.77952,-8.36487,0.0,null],[118.78045,-8.37118,0.0,null],[118.7816,-8.37493,0.0,null],[118.78813,-8.38601,0.0,null],[118.7917,-8.39325,0.0,null],[118.7936,-8.40058,0.0,null],[118.79484,-8.40949,0.0,null],[118.79585,-8.41126,0.0,null],[118.79974,-8.41364,0.0,null],[118.80773,-8.4143,0.0,null],[118.80958,-8.41395,0.0,null]]],[[[118.92488,-8.67081,0.0,null],[118.90735,-8.6684,0.0,null],[118.90203,-8.66719,0.0,null],[118.89852,-8.66719,0.0,null],[118.89441,-8.66828,0.0,null],[118.8845,-8.6684,0.0,null],[118.88172,-8.67009,0.0,null],[118.87374,-8.67722,0.0,null],[118.87072,-8.67722,0.0,null],[118.86878,-8.67505,0.0,null],[118.85814,-8.67517,0.0,null],[118.85403,-8.67408,0.0,null],[118.85222,-8.67674,0.0,null],[118.85016,-8.67734,0.0,null],[118.84787,-8.67674,0.0,null],[118.84424,-8.67263,0.0,null],[118.84049,-8.67227,0.0,null],[118.8411,-8.67384,0.0,null],[118.84376,-8.67638,0.0,null],[118.84424,-8.67916,0.0,null],[118.84545,-8.68097,0.0,null],[118.8492,-8.69209,0.0,null],[118.85149,-8.69294,0.0,null],[118.85488,-8.69318,0.0,null],[118.8631,-8.69088,0.0,null],[118.86612,-8.68834,0.0,null],[118.86721,-8.6846,0.0,null],[118.87241,-8.68363,0.0,null],[118.87567,-8.68218,0.0,null],[118.88353,-8.67493,0.0,null],[118.8897,-8.67239,0.0,null],[118.89598,-8.67094,0.0,null],[118.90227,-8.6719,0.0,null],[118.91871,-8.67626,0.0,null],[118.92427,-8.67372,0.0,null],[118.92705,-8.67396,0.0,null],[118.92693,-8.67251,0.0,null],[118.92488,-8.67081,0.0,null]]]]}},{"type":"Feature","properties":{"inventoryId":"big-forestry-hti:231","sector":"PBPH","subtype":"IUPHHK-HTI","quality":"OFFICIAL","sourceDataset":"big-forestry-hti","sourceRecordId":"231","source":"BIG Kebijakan Satu Peta","sourceUrl":"https://kspservices.big.go.id/satupeta/rest/services/PUBLIK/PERIZINAN_DAN_PERTANAHAN/MapServer/2","retrievedAt":"2026-08-28T06:57:32Z","geometryProcessing":"web display simplification tolerance 0.00035 degrees","name":"PT SADHANA ARIFNUSA","permitNumber":"SK.256/Menhut II/2011","permitDate":"2011-05-12","areaHa":3810.0,"provinceCode":"52","region":"bali-nusra"},"geometry":{"type":"MultiPolygon","coordinates":[[[[116.64322,-8.32566,0.0,null],[116.64264,-8.32411,0.0,null],[116.64195,-8.32591,0.0,null],[116.64087,-8.32652,0.0,null],[116.64194,-8.32724,0.0,null],[116.64438,-8.33122,0.0,null],[116.64457,-8.33475,0.0,null],[116.64787,-8.33989,0.0,null],[116.6495,-8.34365,0.0,null],[116.65251,-8.34719,0.0,null],[116.65253,-8.34808,0.0,null],[116.6507,-8.34968,0.0,null],[116.65115,-8.35172,0.0,null],[116.65484,-8.35226,0.0,null],[116.65565,-8.3534,0.0,null],[116.6605,-8.35362,0.0,null],[116.66322,-8.35469,0.0,null],[116.65952,-8.35869,0.0,null],[116.65945,-8.36031,0.0,null],[116.66088,-8.36226,0.0,null],[116.66077,-8.36399,0.0,null],[116.66323,-8.36616,0.0,null],[116.66595,-8.36713,0.0,null],[116.66936,-8.3701,0.0,null],[116.67017,-8.375,0.0,null],[116.67393,-8.37823,0.0,null],[116.67268,-8.37984,0.0,null],[116.67224,-8.38284,0.0,null],[116.67451,-8.38365,0.0,null],[116.67513,-8.3856,0.0,null],[116.67393,-8.38999,0.0,null],[116.67387,-8.39328,0.0,null],[116.67628,-8.3966,0.0,null],[116.67603,-8.40173,0.0,null],[116.67675,-8.40527,0.0,null],[116.67583,-8.40814,0.0,null],[116.67439,-8.40851,0.0,null],[116.67344,-8.40956,0.0,null],[116.67434,-8.41123,0.0,null],[116.67538,-8.41134,0.0,null],[116.67738,-8.41637,0.0,null],[116.67811,-8.41584,0.0,null],[116.68105,-8.4193,0.0,null],[116.68367,-8.42109,0.0,null],[116.68398,-8.41846,0.0,null],[116.69247,-8.4215,0.0,null],[116.69383,-8.42245,0.0,null],[116.69645,-8.42224,0.0,null],[116.70086,-8.42308,0.0,null],[116.702,-8.42433,0.0,null],[116.7037,-8.42404,0.0,null],[116.70087,-8.42171,0.0,null],[116.7015,-8.42094,0.0,null],[116.70097,-8.41932,0.0,null],[116.70007,-8.41912,0.0,null],[116.7006,-8.41803,0.0,null],[116.69516,-8.41571,0.0,null],[116.69284,-8.41387,0.0,null],[116.6925,-8.41286,0.0,null],[116.69286,-8.4121,0.0,null],[116.69608,-8.41322,0.0,null],[116.69675,-8.41462,0.0,null],[116.69921,-8.4156,0.0,null],[116.69969,-8.4163,0.0,null],[116.70244,-8.41625,0.0,null],[116.70211,-8.41548,0.0,null],[116.70384,-8.41257,0.0,null],[116.70313,-8.4119,0.0,null],[116.70308,-8.41097,0.0,null],[116.70215,-8.41047,0.0,null],[116.70283,-8.40942,0.0,null],[116.70458,-8.40906,0.0,null],[116.70446,-8.40819,0.0,null],[116.70628,-8.40737,0.0,null],[116.70454,-8.40103,0.0,null],[116.70269,-8.40061,0.0,null],[116.70197,-8.39971,0.0,null],[116.70322,-8.39531,0.0,null],[116.703,-8.39417,0.0,null],[116.70141,-8.39141,0.0,null],[116.7001,-8.39035,0.0,null],[116.69975,-8.38912,0.0,null],[116.69784,-8.38826,0.0,null],[116.6958,-8.38824,0.0,null],[116.69319,-8.3867,0.0,null],[116.69272,-8.38713,0.0,null],[116.69289,-8.38887,0.0,null],[116.69076,-8.38942,0.0,null],[116.68599,-8.39501,0.0,null],[116.68391,-8.39631,0.0,null],[116.68176,-8.3917,0.0,null],[116.67999,-8.38071,0.0,null],[116.67508,-8.36172,0.0,null],[116.67861,-8.36295,0.0,null],[116.68022,-8.36242,0.0,null],[116.68322,-8.35996,0.0,null],[116.68422,-8.3575,0.0,null],[116.68614,-8.35711,0.0,null],[116.68676,-8.35811,0.0,null],[116.6876,-8.3668,0.0,null],[116.69108,-8.36409,0.0,null],[116.69131,-8.36316,0.0,null],[116.6902,-8.35936,0.0,null],[116.69102,-8.35677,0.0,null],[116.68931,-8.35311,0.0,null],[116.68584,-8.35427,0.0,null],[116.6823,-8.35742,0.0,null],[116.67892,-8.3575,0.0,null],[116.67838,-8.35627,0.0,null],[116.67846,-8.35427,0.0,null],[116.67446,-8.3515,0.0,null],[116.672,-8.3502,0.0,null],[116.66316,-8.34789,0.0,null],[116.66493,-8.34658,0.0,null],[116.66493,-8.34489,0.0,null],[116.66662,-8.3418,0.0,null],[116.6617,-8.34432,0.0,null],[116.66249,-8.34734,0.0,null],[116.6607,-8.34764,0.0,null],[116.65891,-8.3495,0.0,null],[116.65677,-8.34917,0.0,null],[116.65593,-8.34674,0.0,null],[116.65593,-8.34437,0.0,null],[116.65782,-8.34204,0.0,null],[116.65599,-8.33758,0.0,null],[116.65331,-8.33468,0.0,null],[116.65114,-8.33455,0.0,null],[116.64821,-8.33545,0.0,null],[116.64724,-8.33513,0.0,null],[116.64685,-8.33196,0.0,null],[116.64554,-8.33132,0.0,null],[116.6433,-8.32776,0.0,null],[116.64322,-8.32566,0.0,null]]],[[[116.43497,-8.31119,0.0,null],[116.43359,-8.30993,0.0,null],[116.43185,-8.31109,0.0,null],[116.43062,-8.31127,0.0,null],[116.42934,-8.31059,0.0,null],[116.42889,-8.31242,0.0,null],[116.42716,-8.31399,0.0,null],[116.422,-8.31364,0.0,null],[116.41765,-8.31431,0.0,null],[116.41696,-8.3156,0.0,null],[116.41291,-8.31681,0.0,null],[116.41241,-8.32029,0.0,null],[116.41398,-8.32116,0.0,null],[116.41382,-8.32366,0.0,null],[116.42703,-8.32522,0.0,null],[116.43147,-8.32696,0.0,null],[116.43494,-8.32741,0.0,null],[116.43982,-8.3291,0.0,null],[116.4444,-8.32867,0.0,null],[116.44607,-8.32733,0.0,null],[116.44648,-8.32745,0.0,null],[116.44603,-8.32861,0.0,null],[116.44923,-8.32782,0.0,null],[116.4482,-8.3296,0.0,null],[116.4482,-8.33099,0.0,null],[116.44774,-8.3311,0.0,null],[116.4478,-8.33166,0.0,null],[116.44842,-8.33148,0.0,null],[116.4497,-8.33294,0.0,null],[116.45149,-8.33251,0.0,null],[116.45081,-8.33056,0.0,null],[116.45129,-8.33016,0.0,null],[116.45112,-8.3276,0.0,null],[116.45238,-8.32825,0.0,null],[116.45248,-8.32743,0.0,null],[116.45398,-8.32688,0.0,null],[116.45563,-8.32818,0.0,null],[116.4562,-8.32768,0.0,null],[116.46046,-8.3281,0.0,null],[116.45983,-8.32619,0.0,null],[116.45891,-8.32573,0.0,null],[116.45913,-8.32527,0.0,null],[116.46062,-8.3265,0.0,null],[116.461,-8.32622,0.0,null],[116.46172,-8.3288,0.0,null],[116.46639,-8.32786,0.0,null],[116.46622,-8.32541,0.0,null],[116.46705,-8.32459,0.0,null],[116.46656,-8.32197,0.0,null],[116.468,-8.3189,0.0,null],[116.46706,-8.31823,0.0,null],[116.46577,-8.32072,0.0,null],[116.46214,-8.32132,0.0,null],[116.4566,-8.32037,0.0,null],[116.45543,-8.32074,0.0,null],[116.45464,-8.32252,0.0,null],[116.45354,-8.32284,0.0,null],[116.45135,-8.32492,0.0,null],[116.4503,-8.325,0.0,null],[116.44973,-8.32586,0.0,null],[116.44888,-8.32532,0.0,null],[116.44875,-8.32454,0.0,null],[116.44678,-8.32371,0.0,null],[116.44588,-8.32123,0.0,null],[116.44364,-8.31922,0.0,null],[116.44023,-8.31791,0.0,null],[116.43599,-8.3142,0.0,null],[116.43497,-8.31279,0.0,null],[116.43497,-8.31119,0.0,null]]],[[[116.36718,-8.29409,0.0,null],[116.3653,-8.29424,0.0,null],[116.36601,-8.29901,0.0,null],[116.36513,-8.30267,0.0,null],[116.36234,-8.30756,0.0,null],[116.36234,-8.30947,0.0,null],[116.36266,-8.31252,0.0,null],[116.36394,-8.31287,0.0,null],[116.36445,-8.31186,0.0,null],[116.36479,-8.31394,0.0,null],[116.36732,-8.31704,0.0,null],[116.37003,-8.31687,0.0,null],[116.37181,-8.31582,0.0,null],[116.37486,-8.31671,0.0,null],[116.37475,-8.31814,0.0,null],[116.37689,-8.31724,0.0,null],[116.37868,-8.31738,0.0,null],[116.37824,-8.31902,0.0,null],[116.37884,-8.32129,0.0,null],[116.37982,-8.32034,0.0,null],[116.38046,-8.3178,0.0,null],[116.3838,-8.31849,0.0,null],[116.38487,-8.31334,0.0,null],[116.38702,-8.31812,0.0,null],[116.39207,-8.31982,0.0,null],[116.39684,-8.31936,0.0,null],[116.39584,-8.31785,0.0,null],[116.39549,-8.31523,0.0,null],[116.39566,-8.30759,0.0,null],[116.39417,-8.30792,0.0,null],[116.38926,-8.30739,0.0,null],[116.38342,-8.30168,0.0,null],[116.38156,-8.30253,0.0,null],[116.37762,-8.30206,0.0,null],[116.37463,-8.30293,0.0,null],[116.37354,-8.30064,0.0,null],[116.3739,-8.29798,0.0,null],[116.37489,-8.29705,0.0,null],[116.37409,-8.2961,0.0,null],[116.37141,-8.29455,0.0,null],[116.36718,-8.29409,0.0,null]]],[[[116.18063,-8.75957,0.0,null],[116.17701,-8.75725,0.0,null],[116.17669,-8.75668,0.0,null],[116.17731,-8.75509,0.0,null],[116.17645,-8.75424,0.0,null],[116.17263,-8.75672,0.0,null],[116.17222,-8.75835,0.0,null],[116.17337,-8.75895,0.0,null],[116.17391,-8.76254,0.0,null],[116.17479,-8.76328,0.0,null],[116.17493,-8.7649,0.0,null],[116.17385,-8.76517,0.0,null],[116.17391,-8.767,0.0,null],[116.1685,-8.77051,0.0,null],[116.1685,-8.7718,0.0,null],[116.1656,-8.77383,0.0,null],[116.16208,-8.77504,0.0,null],[116.16208,-8.77802,0.0,null],[116.15695,-8.77842,0.0,null],[116.15519,-8.77761,0.0,null],[116.14991,-8.77342,0.0,null],[116.14681,-8.77342,0.0,null],[116.14397,-8.77457,0.0,null],[116.14262,-8.77612,0.0,null],[116.14484,-8.77806,0.0,null],[116.14497,-8.78025,0.0,null],[116.1461,-8.78107,0.0,null],[116.14699,-8.78319,0.0,null],[116.14972,-8.7855,0.0,null],[116.1518,-8.78648,0.0,null],[116.15147,-8.78848,0.0,null],[116.15951,-8.78701,0.0,null],[116.16242,-8.78045,0.0,null],[116.16534,-8.78794,0.0,null],[116.1662,-8.78733,0.0,null],[116.16653,-8.78606,0.0,null],[116.16841,-8.78592,0.0,null],[116.16994,-8.78369,0.0,null],[116.16953,-8.78268,0.0,null],[116.16736,-8.78194,0.0,null],[116.1673,-8.78096,0.0,null],[116.16821,-8.78032,0.0,null],[116.16959,-8.78072,0.0,null],[116.16991,-8.7798,0.0,null],[116.17166,-8.77972,0.0,null],[116.17202,-8.77899,0.0,null],[116.17206,-8.77816,0.0,null],[116.17004,-8.77573,0.0,null],[116.17037,-8.7748,0.0,null],[116.17239,-8.77502,0.0,null],[116.17358,-8.77364,0.0,null],[116.17479,-8.77596,0.0,null],[116.17764,-8.77261,0.0,null],[116.17778,-8.771,0.0,null],[116.17828,-8.77062,0.0,null],[116.18141,-8.7719,0.0,null],[116.18168,-8.77104,0.0,null],[116.18117,-8.77011,0.0,null],[116.18377,-8.76838,0.0,null],[116.18298,-8.7668,0.0,null],[116.18069,-8.76666,0.0,null],[116.18057,-8.7657,0.0,null],[116.18165,-8.7652,0.0,null],[116.18162,-8.76274,0.0,null],[116.18259,-8.75971,0.0,null],[116.18166,-8.75907,0.0,null],[116.18159,-8.75952,0.0,null],[116.18063,-8.75957,0.0,null]]],[[[116.20715,-8.79229,0.0,null],[116.20599,-8.7896,0.0,null],[116.20567,-8.78934,0.0,null],[116.20505,-8.78997,0.0,null],[116.20549,-8.7909,0.0,null],[116.20516,-8.7946,0.0,null],[116.20553,-8.79462,0.0,null],[116.20555,-8.79289,0.0,null],[116.2065,-8.79242,0.0,null],[116.20663,-8.81508,0.0,null],[116.19981,-8.81374,0.0,null],[116.20114,-8.8179,0.0,null],[116.20242,-8.81881,0.0,null],[116.20586,-8.81913,0.0,null],[116.2065,-8.82029,0.0,null],[116.20912,-8.81976,0.0,null],[116.20965,-8.82092,0.0,null],[116.21107,-8.82059,0.0,null],[116.21043,-8.81959,0.0,null],[116.21075,-8.8184,0.0,null],[116.2094,-8.81783,0.0,null],[116.21007,-8.81637,0.0,null],[116.20905,-8.81525,0.0,null],[116.20992,-8.81428,0.0,null],[116.2122,-8.81361,0.0,null],[116.21223,-8.80964,0.0,null],[116.21288,-8.808,0.0,null],[116.21349,-8.80777,0.0,null],[116.21323,-8.80596,0.0,null],[116.21133,-8.80501,0.0,null],[116.21173,-8.80415,0.0,null],[116.21127,-8.80396,0.0,null],[116.21033,-8.80049,0.0,null],[116.20844,-8.79975,0.0,null],[116.20867,-8.79732,0.0,null],[116.20799,-8.79641,0.0,null],[116.20827,-8.794,0.0,null],[116.20715,-8.79229,0.0,null]]],[[[116.65347,-8.31432,0.0,null],[116.6534,-8.31372,0.0,null],[116.64723,-8.31506,0.0,null],[116.6471,-8.31976,0.0,null],[116.64642,-8.32151,0.0,null],[116.64762,-8.32181,0.0,null],[116.65083,-8.32107,0.0,null],[116.65292,-8.31681,0.0,null],[116.65392,-8.31616,0.0,null],[116.6541,-8.31483,0.0,null],[116.65347,-8.31432,0.0,null]]],[[[116.66051,-8.31935,0.0,null],[116.65792,-8.31655,0.0,null],[116.65796,-8.31603,0.0,null],[116.65942,-8.31549,0.0,null],[116.65939,-8.315,0.0,null],[116.658,-8.3144,0.0,null],[116.65584,-8.31497,0.0,null],[116.65495,-8.31714,0.0,null],[116.65732,-8.31976,0.0,null],[116.66051,-8.31935,0.0,null]]]]}},{"type":"Feature","properties":{"inventoryId":"big-forestry-hti:233","sector":"PBPH","subtype":"IUPHHK-HTI","quality":"OFFICIAL","sourceDataset":"big-forestry-hti","sourceRecordId":"233","source":"BIG Kebijakan Satu Peta","sourceUrl":"https://kspservices.big.go.id/satupeta/rest/services/PUBLIK/PERIZINAN_DAN_PERTANAHAN/MapServer/2","retrievedAt":"2026-08-28T06:57:32Z","geometryProcessing":"web display simplification tolerance 0.00035 degrees","name":"PT USAHA TANI LESTARI (NTT)","permitNumber":"SK.216/Menhut-II/2013","permitDate":"2013-03-25","areaHa":41515.0,"provinceCode":"53","region":"bali-nusra"},"geometry":{"type":"MultiPolygon","coordinates":[[[[123.98632,-9.71434,0.0,null],[123.98634,-9.71373,0.0,null],[123.98361,-9.71165,0.0,null],[123.9824,-9.70966,0.0,null],[123.98366,-9.70747,0.0,null],[123.98346,-9.70585,0.0,null],[123.98623,-9.70083,0.0,null],[123.98675,-9.69687,0.0,null],[123.9854,-9.69619,0.0,null],[123.98453,-9.69465,0.0,null],[123.97895,-9.69346,0.0,null],[123.97675,-9.69646,0.0,null],[123.97689,-9.70646,0.0,null],[123.97517,-9.71251,0.0,null],[123.97385,-9.71475,0.0,null],[123.97243,-9.71438,0.0,null],[123.9698,-9.71008,0.0,null],[123.96913,-9.70741,0.0,null],[123.96717,-9.70562,0.0,null],[123.96384,-9.70571,0.0,null],[123.96208,-9.70712,0.0,null],[123.96064,-9.70715,0.0,null],[123.95695,-9.71041,0.0,null],[123.95611,-9.71045,0.0,null],[123.95654,-9.71175,0.0,null],[123.95956,-9.71515,0.0,null],[123.96134,-9.71926,0.0,null],[123.96394,-9.72157,0.0,null],[123.96402,-9.72338,0.0,null],[123.96528,-9.72613,0.0,null],[123.967,-9.72769,0.0,null],[123.97035,-9.72913,0.0,null],[123.97018,-9.73041,0.0,null],[123.9716,-9.73165,0.0,null],[123.97428,-9.73228,0.0,null],[123.97554,-9.73363,0.0,null],[123.97717,-9.73377,0.0,null],[123.97837,-9.73746,0.0,null],[123.97451,-9.74273,0.0,null],[123.97144,-9.74428,0.0,null],[123.97055,-9.74588,0.0,null],[123.96925,-9.74676,0.0,null],[123.96575,-9.75493,0.0,null],[123.96594,-9.76016,0.0,null],[123.96385,-9.76301,0.0,null],[123.9628,-9.76591,0.0,null],[123.96509,-9.7682,0.0,null],[123.96445,-9.77091,0.0,null],[123.96665,-9.77296,0.0,null],[123.96595,-9.77556,0.0,null],[123.96424,-9.77869,0.0,null],[123.96288,-9.77939,0.0,null],[123.96288,-9.78192,0.0,null],[123.96236,-9.78257,0.0,null],[123.95951,-9.78327,0.0,null],[123.95786,-9.78106,0.0,null],[123.95681,-9.78056,0.0,null],[123.95563,-9.78116,0.0,null],[123.95439,-9.78313,0.0,null],[123.94704,-9.78437,0.0,null],[123.94338,-9.788,0.0,null],[123.94095,-9.79275,0.0,null],[123.93646,-9.79347,0.0,null],[123.93455,-9.79655,0.0,null],[123.93299,-9.79759,0.0,null],[123.93046,-9.79755,0.0,null],[123.92961,-9.79842,0.0,null],[123.92426,-9.79907,0.0,null],[123.91862,-9.80443,0.0,null],[123.91729,-9.80782,0.0,null],[123.91364,-9.81167,0.0,null],[123.9124,-9.81274,0.0,null],[123.90928,-9.81335,0.0,null],[123.90818,-9.81454,0.0,null],[123.90802,-9.81531,0.0,null],[123.91138,-9.81488,0.0,null],[123.91494,-9.81674,0.0,null],[123.91245,-9.82142,0.0,null],[123.91234,-9.82321,0.0,null],[123.91302,-9.82476,0.0,null],[123.91573,-9.82706,0.0,null],[123.92185,-9.83413,0.0,null],[123.92685,-9.83603,0.0,null],[123.92914,-9.84282,0.0,null],[123.93017,-9.84387,0.0,null],[123.93249,-9.84461,0.0,null],[123.93961,-9.84475,0.0,null],[123.94199,-9.84591,0.0,null],[123.94188,-9.84769,0.0,null],[123.94003,-9.84944,0.0,null],[123.93914,-9.84944,0.0,null],[123.93269,-9.84579,0.0,null],[123.93116,-9.84609,0.0,null],[123.93026,-9.84751,0.0,null],[123.92695,-9.8475,0.0,null],[123.92299,-9.84592,0.0,null],[123.92271,-9.844,0.0,null],[123.92137,-9.84189,0.0,null],[123.9221,-9.83891,0.0,null],[123.92066,-9.83956,0.0,null],[123.91828,-9.83943,0.0,null],[123.91673,-9.84089,0.0,null],[123.91545,-9.8412,0.0,null],[123.9125,-9.83783,0.0,null],[123.91191,-9.84066,0.0,null],[123.91421,-9.8424,0.0,null],[123.91628,-9.84631,0.0,null],[123.91932,-9.84753,0.0,null],[123.91978,-9.85048,0.0,null],[123.92395,-9.85232,0.0,null],[123.92683,-9.85248,0.0,null],[123.93028,-9.85069,0.0,null],[123.93346,-9.85312,0.0,null],[123.93418,-9.85475,0.0,null],[123.93407,-9.85664,0.0,null],[123.92917,-9.85763,0.0,null],[123.92747,-9.85888,0.0,null],[123.92662,-9.86143,0.0,null],[123.92744,-9.86277,0.0,null],[123.9293,-9.86387,0.0,null],[123.92962,-9.86561,0.0,null],[123.92723,-9.86634,0.0,null],[123.92341,-9.86937,0.0,null],[123.92278,-9.86678,0.0,null],[123.92184,-9.8663,0.0,null],[123.91865,-9.86868,0.0,null],[123.91465,-9.86973,0.0,null],[123.91105,-9.87294,0.0,null],[123.90893,-9.87309,0.0,null],[123.90749,-9.87141,0.0,null],[123.90616,-9.87133,0.0,null],[123.90514,-9.87235,0.0,null],[123.90474,-9.87389,0.0,null],[123.90257,-9.87376,0.0,null],[123.90237,-9.87447,0.0,null],[123.90285,-9.87678,0.0,null],[123.90388,-9.87797,0.0,null],[123.90392,-9.88182,0.0,null],[123.90557,-9.88311,0.0,null],[123.90618,-9.88316,0.0,null],[123.90792,-9.87889,0.0,null],[123.91021,-9.87809,0.0,null],[123.91343,-9.87924,0.0,null],[123.91737,-9.87833,0.0,null],[123.9195,-9.879,0.0,null],[123.92302,-9.87857,0.0,null],[123.9268,-9.88092,0.0,null],[123.92658,-9.88217,0.0,null],[123.92736,-9.88504,0.0,null],[123.92647,-9.89244,0.0,null],[123.93084,-9.89841,0.0,null],[123.93029,-9.90156,0.0,null],[123.9321,-9.90352,0.0,null],[123.93477,-9.90396,0.0,null],[123.93673,-9.90324,0.0,null],[123.93762,-9.90479,0.0,null],[123.93562,-9.90847,0.0,null],[123.9338,-9.90915,0.0,null],[123.93492,-9.9113,0.0,null],[123.93319,-9.91458,0.0,null],[123.92889,-9.91535,0.0,null],[123.92576,-9.91495,0.0,null],[123.92545,-9.91221,0.0,null],[123.92259,-9.90443,0.0,null],[123.92264,-9.8983,0.0,null],[123.92389,-9.89449,0.0,null],[123.92292,-9.89266,0.0,null],[123.91928,-9.89227,0.0,null],[123.91783,-9.88998,0.0,null],[123.91718,-9.88978,0.0,null],[123.91637,-9.89237,0.0,null],[123.91576,-9.89238,0.0,null],[123.91491,-9.89154,0.0,null],[123.91278,-9.89116,0.0,null],[123.91024,-9.88829,0.0,null],[123.90759,-9.88684,0.0,null],[123.90694,-9.8885,0.0,null],[123.90528,-9.89021,0.0,null],[123.90252,-9.89026,0.0,null],[123.90024,-9.89134,0.0,null],[123.90207,-9.8948,0.0,null],[123.90111,-9.89664,0.0,null],[123.90252,-9.89914,0.0,null],[123.90481,-9.9002,0.0,null],[123.90478,-9.9023,0.0,null],[123.90542,-9.90346,0.0,null],[123.90457,-9.9043,0.0,null],[123.91264,-9.90478,0.0,null],[123.9137,-9.90761,0.0,null],[123.91274,-9.90795,0.0,null],[123.91169,-9.9094,0.0,null],[123.90612,-9.91136,0.0,null],[123.90444,-9.91147,0.0,null],[123.90394,-9.91013,0.0,null],[123.90148,-9.90943,0.0,null],[123.89935,-9.90701,0.0,null],[123.89589,-9.90669,0.0,null],[123.89501,-9.90589,0.0,null],[123.89357,-9.90574,0.0,null],[123.89048,-9.90627,0.0,null],[123.88743,-9.90808,0.0,null],[123.88392,-9.90851,0.0,null],[123.88088,-9.91295,0.0,null],[123.87973,-9.91291,0.0,null],[123.8789,-9.91118,0.0,null],[123.87716,-9.912,0.0,null],[123.87604,-9.91341,0.0,null],[123.87295,-9.91548,0.0,null],[123.86999,-9.9131,0.0,null],[123.86779,-9.91234,0.0,null],[123.86632,-9.91077,0.0,null],[123.8621,-9.90946,0.0,null],[123.85863,-9.90724,0.0,null],[123.85631,-9.90774,0.0,null],[123.85282,-9.90433,0.0,null],[123.85149,-9.90394,0.0,null],[123.85133,-9.90309,0.0,null],[123.8523,-9.9011,0.0,null],[123.85187,-9.89695,0.0,null],[123.85147,-9.89488,0.0,null],[123.85034,-9.89407,0.0,null],[123.84818,-9.89394,0.0,null],[123.8402,-9.89633,0.0,null],[123.83645,-9.89572,0.0,null],[123.83502,-9.89486,0.0,null],[123.83526,-9.89349,0.0,null],[123.83906,-9.89157,0.0,null],[123.84308,-9.89125,0.0,null],[123.84312,-9.8875,0.0,null],[123.84582,-9.88469,0.0,null],[123.84492,-9.88198,0.0,null],[123.84604,-9.87787,0.0,null],[123.84457,-9.87487,0.0,null],[123.84741,-9.87315,0.0,null],[123.8497,-9.86782,0.0,null],[123.85047,-9.86034,0.0,null],[123.84905,-9.85838,0.0,null],[123.84878,-9.8569,0.0,null],[123.84951,-9.85618,0.0,null],[123.85149,-9.85631,0.0,null],[123.85252,-9.8551,0.0,null],[123.8559,-9.85495,0.0,null],[123.85669,-9.85564,0.0,null],[123.85601,-9.85756,0.0,null],[123.85607,-9.86032,0.0,null],[123.85701,-9.86232,0.0,null],[123.859,-9.86448,0.0,null],[123.85936,-9.86863,0.0,null],[123.85882,-9.87001,0.0,null],[123.85663,-9.86976,0.0,null],[123.8557,-9.87147,0.0,null],[123.8536,-9.87139,0.0,null],[123.84921,-9.87735,0.0,null],[123.85197,-9.8778,0.0,null],[123.85317,-9.8821,0.0,null],[123.85323,-9.88594,0.0,null],[123.85662,-9.88667,0.0,null],[123.8658,-9.88632,0.0,null],[123.86737,-9.88696,0.0,null],[123.86768,-9.88909,0.0,null],[123.86907,-9.88811,0.0,null],[123.86813,-9.88425,0.0,null],[123.86221,-9.88312,0.0,null],[123.86104,-9.87988,0.0,null],[123.86274,-9.87331,0.0,null],[123.86505,-9.87117,0.0,null],[123.8671,-9.86823,0.0,null],[123.86968,-9.86789,0.0,null],[123.86963,-9.87131,0.0,null],[123.87131,-9.87166,0.0,null],[123.87502,-9.87455,0.0,null],[123.87774,-9.875,0.0,null],[123.88028,-9.87404,0.0,null],[123.8818,-9.8747,0.0,null],[123.88228,-9.8769,0.0,null],[123.88322,-9.87819,0.0,null],[123.88406,-9.87653,0.0,null],[123.88444,-9.87392,0.0,null],[123.88358,-9.87069,0.0,null],[123.88435,-9.86651,0.0,null],[123.88498,-9.86553,0.0,null],[123.88743,-9.86507,0.0,null],[123.88709,-9.86196,0.0,null],[123.8862,-9.86074,0.0,null],[123.88241,-9.85945,0.0,null],[123.88336,-9.85658,0.0,null],[123.88766,-9.8527,0.0,null],[123.88845,-9.84936,0.0,null],[123.89036,-9.84597,0.0,null],[123.8919,-9.84566,0.0,null],[123.89329,-9.84317,0.0,null],[123.8967,-9.83963,0.0,null],[123.89936,-9.83969,0.0,null],[123.90007,-9.84089,0.0,null],[123.89985,-9.84261,0.0,null],[123.90199,-9.84225,0.0,null],[123.90693,-9.83945,0.0,null],[123.90349,-9.83674,0.0,null],[123.89767,-9.83332,0.0,null],[123.89584,-9.8335,0.0,null],[123.89009,-9.83721,0.0,null],[123.88889,-9.83934,0.0,null],[123.88656,-9.83939,0.0,null],[123.88128,-9.84128,0.0,null],[123.87864,-9.84404,0.0,null],[123.87316,-9.84519,0.0,null],[123.87383,-9.84936,0.0,null],[123.87341,-9.85085,0.0,null],[123.87408,-9.85216,0.0,null],[123.87282,-9.86086,0.0,null],[123.8701,-9.86209,0.0,null],[123.86692,-9.86212,0.0,null],[123.86116,-9.85889,0.0,null],[123.86052,-9.85807,0.0,null],[123.85984,-9.85425,0.0,null],[123.86048,-9.85043,0.0,null],[123.85689,-9.85226,0.0,null],[123.85662,-9.85194,0.0,null],[123.85861,-9.84862,0.0,null],[123.85514,-9.84904,0.0,null],[123.85288,-9.85033,0.0,null],[123.85111,-9.84945,0.0,null],[123.85002,-9.84701,0.0,null],[123.85067,-9.84506,0.0,null],[123.85243,-9.84379,0.0,null],[123.85244,-9.84079,0.0,null],[123.84843,-9.83602,0.0,null],[123.84898,-9.83074,0.0,null],[123.84686,-9.82849,0.0,null],[123.84678,-9.82672,0.0,null],[123.84608,-9.82611,0.0,null],[123.84563,-9.82796,0.0,null],[123.84277,-9.83111,0.0,null],[123.84356,-9.8368,0.0,null],[123.8428,-9.83943,0.0,null],[123.84169,-9.84107,0.0,null],[123.8388,-9.84284,0.0,null],[123.83935,-9.84392,0.0,null],[123.83869,-9.84683,0.0,null],[123.83767,-9.84828,0.0,null],[123.83582,-9.84922,0.0,null],[123.83389,-9.84869,0.0,null],[123.8326,-9.84694,0.0,null],[123.83173,-9.85083,0.0,null],[123.83981,-9.85004,0.0,null],[123.84149,-9.84782,0.0,null],[123.84175,-9.84649,0.0,null],[123.84285,-9.84623,0.0,null],[123.84413,-9.84815,0.0,null],[123.84645,-9.84905,0.0,null],[123.84583,-9.85147,0.0,null],[123.84725,-9.85296,0.0,null],[123.84737,-9.85638,0.0,null],[123.84408,-9.85735,0.0,null],[123.84376,-9.85788,0.0,null],[123.84155,-9.85521,0.0,null],[123.84011,-9.85534,0.0,null],[123.83831,-9.86075,0.0,null],[123.83376,-9.86355,0.0,null],[123.83255,-9.86894,0.0,null],[123.83162,-9.87053,0.0,null],[123.83021,-9.8718,0.0,null],[123.82587,-9.87307,0.0,null],[123.8227,-9.87495,0.0,null],[123.81966,-9.87382,0.0,null],[123.81973,-9.87258,0.0,null],[123.82056,-9.8709,0.0,null],[123.82623,-9.86684,0.0,null],[123.82591,-9.85957,0.0,null],[123.82541,-9.85844,0.0,null],[123.82449,-9.85798,0.0,null],[123.82074,-9.85759,0.0,null],[123.81674,-9.85905,0.0,null],[123.81481,-9.86201,0.0,null],[123.81213,-9.86471,0.0,null],[123.81227,-9.86541,0.0,null],[123.80933,-9.86705,0.0,null],[123.80918,-9.86821,0.0,null],[123.80797,-9.86925,0.0,null],[123.80017,-9.86881,0.0,null],[123.79999,-9.87021,0.0,null],[123.80119,-9.87494,0.0,null],[123.80313,-9.876,0.0,null],[123.80673,-9.87611,0.0,null],[123.80769,-9.87728,0.0,null],[123.80749,-9.87907,0.0,null],[123.809,-9.88114,0.0,null],[123.81004,-9.88157,0.0,null],[123.81063,-9.88837,0.0,null],[123.8096,-9.8927,0.0,null],[123.81025,-9.89384,0.0,null],[123.81345,-9.89544,0.0,null],[123.81601,-9.89756,0.0,null],[123.82032,-9.89842,0.0,null],[123.82499,-9.9011,0.0,null],[123.82556,-9.90083,0.0,null],[123.82619,-9.90174,0.0,null],[123.82462,-9.90355,0.0,null],[123.82574,-9.905,0.0,null],[123.8251,-9.90689,0.0,null],[123.82643,-9.90932,0.0,null],[123.82632,-9.91244,0.0,null],[123.82881,-9.91399,0.0,null],[123.82735,-9.91729,0.0,null],[123.8262,-9.91828,0.0,null],[123.82407,-9.9176,0.0,null],[123.82096,-9.91761,0.0,null],[123.81974,-9.9165,0.0,null],[123.81759,-9.9172,0.0,null],[123.81414,-9.91419,0.0,null],[123.81116,-9.91383,0.0,null],[123.80879,-9.91485,0.0,null],[123.80941,-9.91719,0.0,null],[123.8131,-9.91896,0.0,null],[123.814,-9.92017,0.0,null],[123.81643,-9.9204,0.0,null],[123.81787,-9.91997,0.0,null],[123.81903,-9.92041,0.0,null],[123.81959,-9.92157,0.0,null],[123.82245,-9.9223,0.0,null],[123.82478,-9.92407,0.0,null],[123.82579,-9.92555,0.0,null],[123.82867,-9.92741,0.0,null],[123.83044,-9.92613,0.0,null],[123.83156,-9.92739,0.0,null],[123.83359,-9.92358,0.0,null],[123.83369,-9.92236,0.0,null],[123.83682,-9.92184,0.0,null],[123.84056,-9.91858,0.0,null],[123.84093,-9.91504,0.0,null],[123.84038,-9.91428,0.0,null],[123.83503,-9.91376,0.0,null],[123.83612,-9.90816,0.0,null],[123.83754,-9.90626,0.0,null],[123.84018,-9.90635,0.0,null],[123.84625,-9.90424,0.0,null],[123.84814,-9.9058,0.0,null],[123.84868,-9.90698,0.0,null],[123.84829,-9.91011,0.0,null],[123.84672,-9.91513,0.0,null],[123.85266,-9.91109,0.0,null],[123.85688,-9.9094,0.0,null],[123.85787,-9.90961,0.0,null],[123.85798,-9.91175,0.0,null],[123.8605,-9.91223,0.0,null],[123.8643,-9.91471,0.0,null],[123.86448,-9.9164,0.0,null],[123.86224,-9.92521,0.0,null],[123.86285,-9.92888,0.0,null],[123.86399,-9.92919,0.0,null],[123.86524,-9.92868,0.0,null],[123.8655,-9.92614,0.0,null],[123.86651,-9.92507,0.0,null],[123.86686,-9.92162,0.0,null],[123.8677,-9.91885,0.0,null],[123.86852,-9.91786,0.0,null],[123.87008,-9.91724,0.0,null],[123.87278,-9.91861,0.0,null],[123.87432,-9.92364,0.0,null],[123.87379,-9.92582,0.0,null],[123.87464,-9.92726,0.0,null],[123.87356,-9.92813,0.0,null],[123.87225,-9.93128,0.0,null],[123.86754,-9.93312,0.0,null],[123.86645,-9.93188,0.0,null],[123.86273,-9.93024,0.0,null],[123.85971,-9.93435,0.0,null],[123.86009,-9.93559,0.0,null],[123.85959,-9.9366,0.0,null],[123.85805,-9.93762,0.0,null],[123.85857,-9.93965,0.0,null],[123.86118,-9.94288,0.0,null],[123.86304,-9.94693,0.0,null],[123.86014,-9.94851,0.0,null],[123.85898,-9.95001,0.0,null],[123.85899,-9.95082,0.0,null],[123.86023,-9.95255,0.0,null],[123.86507,-9.95459,0.0,null],[123.86597,-9.95642,0.0,null],[123.86626,-9.95879,0.0,null],[123.8624,-9.95978,0.0,null],[123.86078,-9.95889,0.0,null],[123.86003,-9.96072,0.0,null],[123.85981,-9.96382,0.0,null],[123.85721,-9.96487,0.0,null],[123.85769,-9.97267,0.0,null],[123.85707,-9.97386,0.0,null],[123.85409,-9.97563,0.0,null],[123.85421,-9.97616,0.0,null],[123.8555,-9.97628,0.0,null],[123.8573,-9.97949,0.0,null],[123.85448,-9.98261,0.0,null],[123.85413,-9.9845,0.0,null],[123.85543,-9.98643,0.0,null],[123.8553,-9.98729,0.0,null],[123.85438,-9.9881,0.0,null],[123.85249,-9.98856,0.0,null],[123.85231,-9.99035,0.0,null],[123.85328,-9.99019,0.0,null],[123.8537,-9.9916,0.0,null],[123.8526,-9.99394,0.0,null],[123.85612,-9.99384,0.0,null],[123.85795,-9.99494,0.0,null],[123.86074,-9.99195,0.0,null],[123.86128,-9.9936,0.0,null],[123.86351,-9.99486,0.0,null],[123.86393,-9.99195,0.0,null],[123.86535,-9.99,0.0,null],[123.86587,-9.99172,0.0,null],[123.86888,-9.9948,0.0,null],[123.86919,-9.99558,0.0,null],[123.86278,-9.99642,0.0,null],[123.86152,-9.99704,0.0,null],[123.86121,-10.00493,0.0,null],[123.86179,-10.00841,0.0,null],[123.86252,-10.00896,0.0,null],[123.86391,-10.00884,0.0,null],[123.86379,-10.00621,0.0,null],[123.86713,-10.00421,0.0,null],[123.8674,-9.99993,0.0,null],[123.87029,-9.9961,0.0,null],[123.87027,-9.99372,0.0,null],[123.86941,-9.99297,0.0,null],[123.86786,-9.98631,0.0,null],[123.86629,-9.9843,0.0,null],[123.86454,-9.97943,0.0,null],[123.86452,-9.97717,0.0,null],[123.86782,-9.97603,0.0,null],[123.86916,-9.97309,0.0,null],[123.87207,-9.97199,0.0,null],[123.87422,-9.97447,0.0,null],[123.87685,-9.97365,0.0,null],[123.88097,-9.97347,0.0,null],[123.88201,-9.97283,0.0,null],[123.88357,-9.9744,0.0,null],[123.88633,-9.9747,0.0,null],[123.88832,-9.9738,0.0,null],[123.8888,-9.97212,0.0,null],[123.8866,-9.97169,0.0,null],[123.88651,-9.97021,0.0,null],[123.88811,-9.96733,0.0,null],[123.88311,-9.96622,0.0,null],[123.88179,-9.96476,0.0,null],[123.89334,-9.95855,0.0,null],[123.89391,-9.95993,0.0,null],[123.89361,-9.96287,0.0,null],[123.89716,-9.96256,0.0,null],[123.89745,-9.95792,0.0,null],[123.89863,-9.95415,0.0,null],[123.90221,-9.94947,0.0,null],[123.90394,-9.94535,0.0,null],[123.90539,-9.94361,0.0,null],[123.91205,-9.94566,0.0,null],[123.91387,-9.94489,0.0,null],[123.91676,-9.94708,0.0,null],[123.91816,-9.94521,0.0,null],[123.92014,-9.94384,0.0,null],[123.92446,-9.94401,0.0,null],[123.92368,-9.94807,0.0,null],[123.9212,-9.95287,0.0,null],[123.92116,-9.95394,0.0,null],[123.92241,-9.95457,0.0,null],[123.92346,-9.95321,0.0,null],[123.92394,-9.95041,0.0,null],[123.92506,-9.9484,0.0,null],[123.92906,-9.94754,0.0,null],[123.93047,-9.94831,0.0,null],[123.93088,-9.94917,0.0,null],[123.9287,-9.95114,0.0,null],[123.92929,-9.95482,0.0,null],[123.92902,-9.9561,0.0,null],[123.92777,-9.95663,0.0,null],[123.92797,-9.95912,0.0,null],[123.9221,-9.95794,0.0,null],[123.91652,-9.96194,0.0,null],[123.91315,-9.95919,0.0,null],[123.91144,-9.9602,0.0,null],[123.90832,-9.96,0.0,null],[123.9074,-9.96053,0.0,null],[123.9073,-9.96169,0.0,null],[123.91057,-9.96438,0.0,null],[123.91258,-9.96707,0.0,null],[123.9132,-9.96618,0.0,null],[123.91694,-9.96612,0.0,null],[123.91779,-9.96677,0.0,null],[123.91948,-9.96674,0.0,null],[123.921,-9.9653,0.0,null],[123.92598,-9.96247,0.0,null],[123.9297,-9.96399,0.0,null],[123.93261,-9.96448,0.0,null],[123.93502,-9.9643,0.0,null],[123.93812,-9.96222,0.0,null],[123.94221,-9.96356,0.0,null],[123.94598,-9.96132,0.0,null],[123.94642,-9.96038,0.0,null],[123.94614,-9.95958,0.0,null],[123.94794,-9.95624,0.0,null],[123.9475,-9.95355,0.0,null],[123.94904,-9.9524,0.0,null],[123.95017,-9.95062,0.0,null],[123.95428,-9.95018,0.0,null],[123.95372,-9.9488,0.0,null],[123.95044,-9.94794,0.0,null],[123.95051,-9.94694,0.0,null],[123.95223,-9.94746,0.0,null],[123.95453,-9.94713,0.0,null],[123.95786,-9.94478,0.0,null],[123.95762,-9.94425,0.0,null],[123.96028,-9.94046,0.0,null],[123.95891,-9.93647,0.0,null],[123.96107,-9.93538,0.0,null],[123.96353,-9.93296,0.0,null],[123.96442,-9.93339,0.0,null],[123.96544,-9.92977,0.0,null],[123.96511,-9.92866,0.0,null],[123.96608,-9.9263,0.0,null],[123.96395,-9.92261,0.0,null],[123.96123,-9.92223,0.0,null],[123.95799,-9.92302,0.0,null],[123.95524,-9.92627,0.0,null],[123.9508,-9.92836,0.0,null],[123.95184,-9.92326,0.0,null],[123.95103,-9.9202,0.0,null],[123.94981,-9.91954,0.0,null],[123.94931,-9.91767,0.0,null],[123.94871,-9.91945,0.0,null],[123.94818,-9.919,0.0,null],[123.94762,-9.91936,0.0,null],[123.94571,-9.91894,0.0,null],[123.94536,-9.91575,0.0,null],[123.94667,-9.91527,0.0,null],[123.94698,-9.91378,0.0,null],[123.94611,-9.91199,0.0,null],[123.9438,-9.91422,0.0,null],[123.94296,-9.91578,0.0,null],[123.94303,-9.91893,0.0,null],[123.94404,-9.92152,0.0,null],[123.94344,-9.9229,0.0,null],[123.94147,-9.92324,0.0,null],[123.94035,-9.92412,0.0,null],[123.93814,-9.92405,0.0,null],[123.93687,-9.92675,0.0,null],[123.93415,-9.92666,0.0,null],[123.93393,-9.92624,0.0,null],[123.93552,-9.92363,0.0,null],[123.93741,-9.92228,0.0,null],[123.93799,-9.92013,0.0,null],[123.93954,-9.91986,0.0,null],[123.93989,-9.91932,0.0,null],[123.93924,-9.91835,0.0,null],[123.93931,-9.91713,0.0,null],[123.94183,-9.91223,0.0,null],[123.94096,-9.91208,0.0,null],[123.94024,-9.91035,0.0,null],[123.94095,-9.9096,0.0,null],[123.94063,-9.90706,0.0,null],[123.9397,-9.90691,0.0,null],[123.93985,-9.90593,0.0,null],[123.93762,-9.90347,0.0,null],[123.93704,-9.90052,0.0,null],[123.93769,-9.89868,0.0,null],[123.93762,-9.89531,0.0,null],[123.93833,-9.89365,0.0,null],[123.93906,-9.893,0.0,null],[123.94119,-9.89273,0.0,null],[123.94174,-9.89186,0.0,null],[123.94092,-9.89103,0.0,null],[123.94071,-9.88909,0.0,null],[123.93932,-9.88878,0.0,null],[123.93765,-9.88618,0.0,null],[123.93537,-9.88411,0.0,null],[123.93469,-9.88173,0.0,null],[123.93537,-9.87881,0.0,null],[123.939,-9.87628,0.0,null],[123.94005,-9.87443,0.0,null],[123.94178,-9.87434,0.0,null],[123.94174,-9.87246,0.0,null],[123.93948,-9.87171,0.0,null],[123.94161,-9.86637,0.0,null],[123.94622,-9.86668,0.0,null],[123.94792,-9.8655,0.0,null],[123.94812,-9.86441,0.0,null],[123.94804,-9.86304,0.0,null],[123.94691,-9.8613,0.0,null],[123.94576,-9.86127,0.0,null],[123.94538,-9.85985,0.0,null],[123.94209,-9.86197,0.0,null],[123.94165,-9.86306,0.0,null],[123.9394,-9.86304,0.0,null],[123.93996,-9.86183,0.0,null],[123.93608,-9.86191,0.0,null],[123.93513,-9.86003,0.0,null],[123.9352,-9.85706,0.0,null],[123.9375,-9.85502,0.0,null],[123.94023,-9.85618,0.0,null],[123.94439,-9.85673,0.0,null],[123.94515,-9.85629,0.0,null],[123.94639,-9.85386,0.0,null],[123.94731,-9.85354,0.0,null],[123.95392,-9.85744,0.0,null],[123.95564,-9.85602,0.0,null],[123.95633,-9.85448,0.0,null],[123.95633,-9.85284,0.0,null],[123.95487,-9.85333,0.0,null],[123.95108,-9.85291,0.0,null],[123.94995,-9.85368,0.0,null],[123.94922,-9.85323,0.0,null],[123.94926,-9.85133,0.0,null],[123.951,-9.8491,0.0,null],[123.95089,-9.84562,0.0,null],[123.94935,-9.84202,0.0,null],[123.94795,-9.84059,0.0,null],[123.94706,-9.84093,0.0,null],[123.94538,-9.8431,0.0,null],[123.94126,-9.84322,0.0,null],[123.94064,-9.84017,0.0,null],[123.93894,-9.83796,0.0,null],[123.93905,-9.83453,0.0,null],[123.9386,-9.83337,0.0,null],[123.94133,-9.83019,0.0,null],[123.94081,-9.82774,0.0,null],[123.94172,-9.82794,0.0,null],[123.94206,-9.82711,0.0,null],[123.94371,-9.82697,0.0,null],[123.94441,-9.82624,0.0,null],[123.94663,-9.82559,0.0,null],[123.94628,-9.82421,0.0,null],[123.95243,-9.82297,0.0,null],[123.95449,-9.82347,0.0,null],[123.95575,-9.82194,0.0,null],[123.95956,-9.82176,0.0,null],[123.96269,-9.8202,0.0,null],[123.96264,-9.81973,0.0,null],[123.95963,-9.81837,0.0,null],[123.95932,-9.81203,0.0,null],[123.95985,-9.81148,0.0,null],[123.96035,-9.80823,0.0,null],[123.96232,-9.80609,0.0,null],[123.9646,-9.80493,0.0,null],[123.96559,-9.8027,0.0,null],[123.96419,-9.79949,0.0,null],[123.96499,-9.79819,0.0,null],[123.96652,-9.79818,0.0,null],[123.96658,-9.79744,0.0,null],[123.9679,-9.79673,0.0,null],[123.96968,-9.79766,0.0,null],[123.97024,-9.79704,0.0,null],[123.973,-9.79698,0.0,null],[123.97566,-9.79853,0.0,null],[123.9763,-9.80001,0.0,null],[123.97463,-9.80254,0.0,null],[123.97608,-9.80305,0.0,null],[123.97713,-9.80174,0.0,null],[123.97939,-9.80177,0.0,null],[123.98059,-9.8042,0.0,null],[123.9828,-9.80505,0.0,null],[123.98352,-9.80507,0.0,null],[123.98332,-9.80397,0.0,null],[123.9845,-9.80377,0.0,null],[123.98489,-9.80526,0.0,null],[123.98427,-9.80644,0.0,null],[123.98354,-9.80764,0.0,null],[123.98196,-9.8077,0.0,null],[123.98124,-9.80932,0.0,null],[123.9827,-9.8104,0.0,null],[123.98272,-9.81139,0.0,null],[123.98402,-9.8114,0.0,null],[123.98488,-9.81202,0.0,null],[123.9881,-9.81232,0.0,null],[123.98902,-9.81191,0.0,null],[123.98975,-9.81079,0.0,null],[123.99178,-9.80953,0.0,null],[123.99208,-9.80678,0.0,null],[123.99503,-9.8069,0.0,null],[123.99512,-9.80629,0.0,null],[123.99609,-9.80634,0.0,null],[123.99539,-9.81372,0.0,null],[123.99368,-9.81806,0.0,null],[123.99294,-9.82236,0.0,null],[123.9901,-9.82231,0.0,null],[123.99016,-9.82516,0.0,null],[123.99372,-9.82673,0.0,null],[123.99417,-9.82757,0.0,null],[123.9968,-9.82773,0.0,null],[123.99706,-9.8284,0.0,null],[123.99522,-9.82983,0.0,null],[123.99466,-9.83398,0.0,null],[123.99571,-9.83413,0.0,null],[123.9952,-9.83575,0.0,null],[123.99607,-9.83561,0.0,null],[123.99847,-9.83873,0.0,null],[123.99954,-9.83849,0.0,null],[124.00012,-9.83723,0.0,null],[124.00142,-9.83724,0.0,null],[124.00261,-9.83436,0.0,null],[124.00383,-9.83369,0.0,null],[124.00873,-9.83395,0.0,null],[124.01135,-9.83582,0.0,null],[124.0129,-9.83593,0.0,null],[124.01411,-9.83559,0.0,null],[124.01446,-9.83494,0.0,null],[124.01665,-9.83489,0.0,null],[124.01702,-9.83364,0.0,null],[124.01866,-9.83289,0.0,null],[124.01931,-9.83323,0.0,null],[124.02277,-9.83177,0.0,null],[124.023,-9.83241,0.0,null],[124.02378,-9.83232,0.0,null],[124.02616,-9.83088,0.0,null],[124.02893,-9.83104,0.0,null],[124.03059,-9.82943,0.0,null],[124.03184,-9.82941,0.0,null],[124.03389,-9.83442,0.0,null],[124.03099,-9.83652,0.0,null],[124.0299,-9.84085,0.0,null],[124.03041,-9.84483,0.0,null],[124.03124,-9.84485,0.0,null],[124.03208,-9.84576,0.0,null],[124.03262,-9.84899,0.0,null],[124.0321,-9.84979,0.0,null],[124.03224,-9.85125,0.0,null],[124.03308,-9.8539,0.0,null],[124.03308,-9.85242,0.0,null],[124.03632,-9.8512,0.0,null],[124.03967,-9.85101,0.0,null],[124.04211,-9.84869,0.0,null],[124.04547,-9.84882,0.0,null],[124.04712,-9.84976,0.0,null],[124.04927,-9.848,0.0,null],[124.05083,-9.85018,0.0,null],[124.05245,-9.85074,0.0,null],[124.05134,-9.85379,0.0,null],[124.05324,-9.85311,0.0,null],[124.05588,-9.85551,0.0,null],[124.05613,-9.85403,0.0,null],[124.05719,-9.85383,0.0,null],[124.05712,-9.85191,0.0,null],[124.05844,-9.85022,0.0,null],[124.05835,-9.84698,0.0,null],[124.05942,-9.84487,0.0,null],[124.06004,-9.84455,0.0,null],[124.06164,-9.84538,0.0,null],[124.06164,-9.84469,0.0,null],[124.06283,-9.84461,0.0,null],[124.06301,-9.84407,0.0,null],[124.06562,-9.84581,0.0,null],[124.06629,-9.84745,0.0,null],[124.0685,-9.84942,0.0,null],[124.0723,-9.85131,0.0,null],[124.07512,-9.85085,0.0,null],[124.07896,-9.85107,0.0,null],[124.08017,-9.85175,0.0,null],[124.08053,-9.85112,0.0,null],[124.08388,-9.85143,0.0,null],[124.08499,-9.85078,0.0,null],[124.08149,-9.84771,0.0,null],[124.08265,-9.84595,0.0,null],[124.08279,-9.84459,0.0,null],[124.08135,-9.84218,0.0,null],[124.08145,-9.84035,0.0,null],[124.08045,-9.83934,0.0,null],[124.08102,-9.83679,0.0,null],[124.07901,-9.83689,0.0,null],[124.07841,-9.83629,0.0,null],[124.07658,-9.83373,0.0,null],[124.07615,-9.83042,0.0,null],[124.07534,-9.82948,0.0,null],[124.07461,-9.82936,0.0,null],[124.07378,-9.82822,0.0,null],[124.07265,-9.82825,0.0,null],[124.07147,-9.82681,0.0,null],[124.06831,-9.82602,0.0,null],[124.06808,-9.82324,0.0,null],[124.0658,-9.81834,0.0,null],[124.06588,-9.81177,0.0,null],[124.06473,-9.80962,0.0,null],[124.0609,-9.80873,0.0,null],[124.05909,-9.81091,0.0,null],[124.05441,-9.8126,0.0,null],[124.05362,-9.81478,0.0,null],[124.05101,-9.81541,0.0,null],[124.04982,-9.81532,0.0,null],[124.04888,-9.8137,0.0,null],[124.04548,-9.81298,0.0,null],[124.0443,-9.81215,0.0,null],[124.04433,-9.81137,0.0,null],[124.04239,-9.81129,0.0,null],[124.04049,-9.81263,0.0,null],[124.03852,-9.81239,0.0,null],[124.04009,-9.81462,0.0,null],[124.0396,-9.81514,0.0,null],[124.04112,-9.81666,0.0,null],[124.04156,-9.81879,0.0,null],[124.03962,-9.81973,0.0,null],[124.03697,-9.8226,0.0,null],[124.03608,-9.8216,0.0,null],[124.03656,-9.82053,0.0,null],[124.0358,-9.82074,0.0,null],[124.03451,-9.81834,0.0,null],[124.03357,-9.81834,0.0,null],[124.03291,-9.81683,0.0,null],[124.03173,-9.81687,0.0,null],[124.03214,-9.81553,0.0,null],[124.03019,-9.81171,0.0,null],[124.02911,-9.81155,0.0,null],[124.02777,-9.81227,0.0,null],[124.02731,-9.81138,0.0,null],[124.02766,-9.81059,0.0,null],[124.02474,-9.8086,0.0,null],[124.02452,-9.8079,0.0,null],[124.0211,-9.80808,0.0,null],[124.01945,-9.80602,0.0,null],[124.01749,-9.80512,0.0,null],[124.01579,-9.79818,0.0,null],[124.0163,-9.79675,0.0,null],[124.01596,-9.79501,0.0,null],[124.01494,-9.79278,0.0,null],[124.01553,-9.79142,0.0,null],[124.01131,-9.79006,0.0,null],[124.00948,-9.78862,0.0,null],[124.00506,-9.78795,0.0,null],[123.99946,-9.78417,0.0,null],[123.99907,-9.783,0.0,null],[123.99744,-9.78271,0.0,null],[123.99715,-9.7783,0.0,null],[123.99817,-9.77779,0.0,null],[123.99804,-9.77592,0.0,null],[123.99437,-9.77175,0.0,null],[123.99351,-9.77267,0.0,null],[123.99409,-9.77449,0.0,null],[123.9922,-9.77492,0.0,null],[123.99059,-9.77758,0.0,null],[123.99053,-9.77931,0.0,null],[123.98911,-9.78038,0.0,null],[123.98949,-9.78147,0.0,null],[123.98891,-9.78243,0.0,null],[123.98403,-9.78195,0.0,null],[123.98298,-9.78031,0.0,null],[123.98237,-9.78124,0.0,null],[123.98141,-9.78138,0.0,null],[123.98089,-9.78248,0.0,null],[123.97991,-9.78225,0.0,null],[123.97903,-9.78307,0.0,null],[123.9785,-9.7837,0.0,null],[123.97867,-9.78571,0.0,null],[123.97784,-9.78614,0.0,null],[123.97636,-9.78594,0.0,null],[123.97507,-9.78398,0.0,null],[123.97378,-9.78411,0.0,null],[123.97375,-9.78279,0.0,null],[123.97325,-9.78241,0.0,null],[123.97006,-9.78343,0.0,null],[123.96857,-9.78156,0.0,null],[123.96758,-9.78142,0.0,null],[123.96628,-9.78212,0.0,null],[123.96632,-9.78051,0.0,null],[123.96479,-9.77999,0.0,null],[123.96478,-9.7788,0.0,null],[123.96769,-9.77915,0.0,null],[123.96917,-9.77643,0.0,null],[123.96878,-9.77463,0.0,null],[123.96932,-9.77382,0.0,null],[123.96946,-9.77051,0.0,null],[123.96827,-9.76499,0.0,null],[123.96756,-9.76404,0.0,null],[123.96816,-9.7585,0.0,null],[123.96874,-9.75844,0.0,null],[123.96938,-9.75654,0.0,null],[123.97128,-9.75499,0.0,null],[123.97112,-9.75439,0.0,null],[123.97183,-9.75375,0.0,null],[123.97412,-9.7526,0.0,null],[123.97754,-9.75201,0.0,null],[123.97919,-9.75058,0.0,null],[123.97935,-9.74928,0.0,null],[123.98242,-9.74727,0.0,null],[123.98405,-9.74546,0.0,null],[123.98385,-9.74359,0.0,null],[123.98477,-9.74361,0.0,null],[123.98488,-9.74229,0.0,null],[123.98567,-9.7417,0.0,null],[123.98613,-9.7424,0.0,null],[123.98682,-9.74208,0.0,null],[123.9876,-9.74358,0.0,null],[123.98859,-9.74366,0.0,null],[123.99239,-9.74147,0.0,null],[123.99282,-9.73775,0.0,null],[123.99474,-9.73693,0.0,null],[123.99749,-9.73907,0.0,null],[124.00091,-9.74307,0.0,null],[124.00257,-9.74566,0.0,null],[124.00206,-9.7485,0.0,null],[124.00288,-9.75056,0.0,null],[124.00355,-9.75069,0.0,null],[124.00505,-9.75363,0.0,null],[124.00719,-9.75522,0.0,null],[124.01039,-9.75551,0.0,null],[124.01369,-9.75447,0.0,null],[124.02,-9.75377,0.0,null],[124.02268,-9.75834,0.0,null],[124.02601,-9.76158,0.0,null],[124.02731,-9.76126,0.0,null],[124.02834,-9.76172,0.0,null],[124.02927,-9.7581,0.0,null],[124.03063,-9.7572,0.0,null],[124.03104,-9.75384,0.0,null],[124.03012,-9.75316,0.0,null],[124.02991,-9.75167,0.0,null],[124.02897,-9.75038,0.0,null],[124.02697,-9.75023,0.0,null],[124.02665,-9.74866,0.0,null],[124.02958,-9.74448,0.0,null],[124.02735,-9.74233,0.0,null],[124.02649,-9.73973,0.0,null],[124.02719,-9.73537,0.0,null],[124.02612,-9.73577,0.0,null],[124.02231,-9.73466,0.0,null],[124.02199,-9.73405,0.0,null],[124.02306,-9.73346,0.0,null],[124.02299,-9.73303,0.0,null],[124.0225,-9.73205,0.0,null],[124.02132,-9.73187,0.0,null],[124.01523,-9.73428,0.0,null],[124.01233,-9.73667,0.0,null],[124.01151,-9.73914,0.0,null],[124.00916,-9.73896,0.0,null],[124.008,-9.74012,0.0,null],[124.00599,-9.73748,0.0,null],[124.00598,-9.73611,0.0,null],[124.00407,-9.7328,0.0,null],[124.00091,-9.73606,0.0,null],[124.0,-9.73612,0.0,null],[123.99917,-9.7376,0.0,null],[123.99555,-9.73631,0.0,null],[123.99306,-9.73269,0.0,null],[123.99171,-9.73387,0.0,null],[123.99094,-9.73381,0.0,null],[123.98926,-9.73056,0.0,null],[123.98713,-9.73004,0.0,null],[123.98577,-9.72824,0.0,null],[123.98562,-9.72506,0.0,null],[123.9845,-9.72316,0.0,null],[123.9868,-9.71864,0.0,null],[123.98572,-9.71658,0.0,null],[123.98632,-9.71434,0.0,null]],[[123.88932,-9.94134,0.0,null],[123.89035,-9.94231,0.0,null],[123.88966,-9.94383,0.0,null],[123.89026,-9.94495,0.0,null],[123.89173,-9.94464,0.0,null],[123.89326,-9.94732,0.0,null],[123.89814,-9.94722,0.0,null],[123.89949,-9.9513,0.0,null],[123.89744,-9.95303,0.0,null],[123.89677,-9.9519,0.0,null],[123.89448,-9.95214,0.0,null],[123.89202,-9.95529,0.0,null],[123.88911,-9.95517,0.0,null],[123.88679,-9.95576,0.0,null],[123.88285,-9.95858,0.0,null],[123.87583,-9.96162,0.0,null],[123.87513,-9.96053,0.0,null],[123.87525,-9.9596,0.0,null],[123.87558,-9.95799,0.0,null],[123.87676,-9.95629,0.0,null],[123.87792,-9.95676,0.0,null],[123.87901,-9.95553,0.0,null],[123.88147,-9.95458,0.0,null],[123.8804,-9.95332,0.0,null],[123.88046,-9.9525,0.0,null],[123.88561,-9.95104,0.0,null],[123.88003,-9.95076,0.0,null],[123.87907,-9.94975,0.0,null],[123.87857,-9.95065,0.0,null],[123.87655,-9.95146,0.0,null],[123.87572,-9.95338,0.0,null],[123.87344,-9.95304,0.0,null],[123.87091,-9.94971,0.0,null],[123.86879,-9.94877,0.0,null],[123.86807,-9.947,0.0,null],[123.86651,-9.94573,0.0,null],[123.86699,-9.94298,0.0,null],[123.8653,-9.94236,0.0,null],[123.86636,-9.93833,0.0,null],[123.86697,-9.93764,0.0,null],[123.86842,-9.9382,0.0,null],[123.86845,-9.93939,0.0,null],[123.86718,-9.94028,0.0,null],[123.86722,-9.9409,0.0,null],[123.87049,-9.94235,0.0,null],[123.8727,-9.94803,0.0,null],[123.87367,-9.94849,0.0,null],[123.87798,-9.94819,0.0,null],[123.87866,-9.94715,0.0,null],[123.87816,-9.94403,0.0,null],[123.87855,-9.94227,0.0,null],[123.88147,-9.93886,0.0,null],[123.8838,-9.9386,0.0,null],[123.8867,-9.93964,0.0,null],[123.88932,-9.94134,0.0,null]],[[123.88009,-9.93208,0.0,null],[123.88171,-9.92684,0.0,null],[123.88394,-9.92537,0.0,null],[123.88581,-9.92162,0.0,null],[123.88759,-9.92255,0.0,null],[123.88709,-9.92441,0.0,null],[123.88766,-9.92447,0.0,null],[123.88817,-9.92621,0.0,null],[123.88926,-9.92679,0.0,null],[123.89166,-9.9297,0.0,null],[123.89133,-9.93142,0.0,null],[123.88941,-9.93221,0.0,null],[123.88696,-9.93204,0.0,null],[123.88563,-9.93054,0.0,null],[123.88537,-9.92819,0.0,null],[123.88423,-9.92871,0.0,null],[123.88361,-9.93033,0.0,null],[123.88207,-9.93054,0.0,null],[123.88139,-9.93216,0.0,null],[123.88009,-9.93208,0.0,null]],[[123.93763,-9.9307,0.0,null],[123.93822,-9.93012,0.0,null],[123.93911,-9.93027,0.0,null],[123.93975,-9.9312,0.0,null],[123.93991,-9.93301,0.0,null],[123.93963,-9.93451,0.0,null],[123.93862,-9.93467,0.0,null],[123.93847,-9.93522,0.0,null],[123.93957,-9.9395,0.0,null],[123.93849,-9.94176,0.0,null],[123.93734,-9.94204,0.0,null],[123.93623,-9.94161,0.0,null],[123.93404,-9.93888,0.0,null],[123.93713,-9.93658,0.0,null],[123.93711,-9.93573,0.0,null],[123.93484,-9.93478,0.0,null],[123.93332,-9.933,0.0,null],[123.93317,-9.93203,0.0,null],[123.93413,-9.93075,0.0,null],[123.93616,-9.93163,0.0,null],[123.93763,-9.9307,0.0,null]],[[123.98475,-9.79656,0.0,null],[123.98622,-9.79639,0.0,null],[123.98674,-9.79566,0.0,null],[123.98831,-9.7952,0.0,null],[123.99154,-9.79653,0.0,null],[123.99267,-9.79757,0.0,null],[123.99266,-9.79875,0.0,null],[123.99163,-9.7992,0.0,null],[123.98935,-9.80178,0.0,null],[123.98675,-9.80126,0.0,null],[123.98425,-9.80031,0.0,null],[123.98214,-9.79791,0.0,null],[123.98475,-9.79656,0.0,null]],[[123.92066,-9.93843,0.0,null],[123.92034,-9.93699,0.0,null],[123.92109,-9.93177,0.0,null],[123.92258,-9.93155,0.0,null],[123.92393,-9.93427,0.0,null],[123.92428,-9.94081,0.0,null],[123.9229,-9.9411,0.0,null],[123.92066,-9.93843,0.0,null]],[[123.87051,-9.96048,0.0,null],[123.87116,-9.96734,0.0,null],[123.8704,-9.96822,0.0,null],[123.86872,-9.96631,0.0,null],[123.86775,-9.96211,0.0,null],[123.86975,-9.96051,0.0,null],[123.87051,-9.96048,0.0,null]],[[123.84278,-9.86742,0.0,null],[123.84439,-9.86828,0.0,null],[123.84269,-9.86976,0.0,null],[123.84221,-9.87243,0.0,null],[123.84141,-9.87241,0.0,null],[123.84091,-9.8698,0.0,null],[123.83854,-9.86849,0.0,null],[123.83971,-9.8672,0.0,null],[123.84082,-9.86818,0.0,null],[123.84278,-9.86742,0.0,null]],[[123.87732,-9.94044,0.0,null],[123.87612,-9.93997,0.0,null],[123.87596,-9.93926,0.0,null],[123.87718,-9.93702,0.0,null],[123.87807,-9.93686,0.0,null],[123.87881,-9.93767,0.0,null],[123.8792,-9.93944,0.0,null],[123.8784,-9.94046,0.0,null],[123.87732,-9.94044,0.0,null]],[[123.83535,-9.8673,0.0,null],[123.83512,-9.86768,0.0,null],[123.83396,-9.86702,0.0,null],[123.83401,-9.86484,0.0,null],[123.83698,-9.86346,0.0,null],[123.83731,-9.86376,0.0,null],[123.83535,-9.8673,0.0,null]],[[123.86207,-9.9747,0.0,null],[123.86206,-9.97306,0.0,null],[123.86061,-9.97175,0.0,null],[123.862,-9.9717,0.0,null],[123.86429,-9.9737,0.0,null],[123.86406,-9.97429,0.0,null],[123.86207,-9.9747,0.0,null]]],[[[123.75084,-9.86269,0.0,null],[123.7496,-9.86029,0.0,null],[123.74621,-9.85793,0.0,null],[123.72565,-9.85146,0.0,null],[123.7215,-9.84889,0.0,null],[123.7208,-9.8495,0.0,null],[123.72113,-9.85023,0.0,null],[123.7203,-9.85108,0.0,null],[123.7187,-9.85682,0.0,null],[123.716,-9.86061,0.0,null],[123.71734,-9.8621,0.0,null],[123.71789,-9.86434,0.0,null],[123.71749,-9.8645,0.0,null],[123.71739,-9.86703,0.0,null],[123.71572,-9.86799,0.0,null],[123.71588,-9.86913,0.0,null],[123.71293,-9.87106,0.0,null],[123.71203,-9.87269,0.0,null],[123.71094,-9.87293,0.0,null],[123.70986,-9.8747,0.0,null],[123.70821,-9.87572,0.0,null],[123.70778,-9.87752,0.0,null],[123.70149,-9.88237,0.0,null],[123.70011,-9.88525,0.0,null],[123.70026,-9.88641,0.0,null],[123.70137,-9.88644,0.0,null],[123.70118,-9.88749,0.0,null],[123.70034,-9.88899,0.0,null],[123.69945,-9.88937,0.0,null],[123.69923,-9.89335,0.0,null],[123.6975,-9.89686,0.0,null],[123.69908,-9.90356,0.0,null],[123.69846,-9.90583,0.0,null],[123.69915,-9.90843,0.0,null],[123.69884,-9.911,0.0,null],[123.70012,-9.91227,0.0,null],[123.69981,-9.91386,0.0,null],[123.70102,-9.91565,0.0,null],[123.70059,-9.91666,0.0,null],[123.70106,-9.91836,0.0,null],[123.70305,-9.92,0.0,null],[123.70345,-9.92389,0.0,null],[123.70597,-9.92547,0.0,null],[123.70643,-9.92716,0.0,null],[123.70816,-9.92958,0.0,null],[123.70877,-9.93338,0.0,null],[123.70812,-9.9359,0.0,null],[123.70927,-9.93898,0.0,null],[123.70636,-9.94039,0.0,null],[123.70601,-9.94254,0.0,null],[123.70296,-9.9424,0.0,null],[123.70129,-9.93982,0.0,null],[123.6978,-9.94091,0.0,null],[123.69685,-9.94191,0.0,null],[123.69609,-9.94167,0.0,null],[123.69614,-9.94314,0.0,null],[123.69427,-9.94243,0.0,null],[123.69323,-9.94272,0.0,null],[123.69194,-9.94438,0.0,null],[123.69051,-9.94471,0.0,null],[123.68941,-9.9471,0.0,null],[123.68966,-9.94827,0.0,null],[123.69141,-9.94925,0.0,null],[123.69453,-9.95234,0.0,null],[123.69524,-9.95442,0.0,null],[123.69537,-9.95858,0.0,null],[123.699,-9.95848,0.0,null],[123.70214,-9.96269,0.0,null],[123.70596,-9.96312,0.0,null],[123.70846,-9.96236,0.0,null],[123.70961,-9.96047,0.0,null],[123.71327,-9.95849,0.0,null],[123.71472,-9.95629,0.0,null],[123.71717,-9.95577,0.0,null],[123.72281,-9.94816,0.0,null],[123.72462,-9.94863,0.0,null],[123.72499,-9.94922,0.0,null],[123.72754,-9.94926,0.0,null],[123.72787,-9.95035,0.0,null],[123.72741,-9.95155,0.0,null],[123.72602,-9.95229,0.0,null],[123.72465,-9.95457,0.0,null],[123.72258,-9.95554,0.0,null],[123.7175,-9.95947,0.0,null],[123.71567,-9.96361,0.0,null],[123.71247,-9.96409,0.0,null],[123.70965,-9.96616,0.0,null],[123.70797,-9.96674,0.0,null],[123.71426,-9.96967,0.0,null],[123.71491,-9.97049,0.0,null],[123.71564,-9.97562,0.0,null],[123.71496,-9.97724,0.0,null],[123.71211,-9.98006,0.0,null],[123.71418,-9.98005,0.0,null],[123.71544,-9.98305,0.0,null],[123.71753,-9.98396,0.0,null],[123.71821,-9.98389,0.0,null],[123.71867,-9.98266,0.0,null],[123.72034,-9.98212,0.0,null],[123.72297,-9.98355,0.0,null],[123.72447,-9.98332,0.0,null],[123.72725,-9.98744,0.0,null],[123.73234,-9.99013,0.0,null],[123.73565,-9.98964,0.0,null],[123.73559,-9.98283,0.0,null],[123.73722,-9.97495,0.0,null],[123.74162,-9.96737,0.0,null],[123.74667,-9.9565,0.0,null],[123.74855,-9.9545,0.0,null],[123.75175,-9.95259,0.0,null],[123.75868,-9.95174,0.0,null],[123.76177,-9.95322,0.0,null],[123.76264,-9.95451,0.0,null],[123.76252,-9.95772,0.0,null],[123.75701,-9.96931,0.0,null],[123.75801,-9.97713,0.0,null],[123.76012,-9.98342,0.0,null],[123.76274,-9.98382,0.0,null],[123.76388,-9.98457,0.0,null],[123.76463,-9.98392,0.0,null],[123.76563,-9.98428,0.0,null],[123.76642,-9.98278,0.0,null],[123.76887,-9.98356,0.0,null],[123.77056,-9.98286,0.0,null],[123.77271,-9.98324,0.0,null],[123.77333,-9.98273,0.0,null],[123.77478,-9.98344,0.0,null],[123.77624,-9.98306,0.0,null],[123.7774,-9.98508,0.0,null],[123.77837,-9.98563,0.0,null],[123.78257,-9.98536,0.0,null],[123.7848,-9.98333,0.0,null],[123.78791,-9.98312,0.0,null],[123.78893,-9.98158,0.0,null],[123.78996,-9.97522,0.0,null],[123.79208,-9.97572,0.0,null],[123.79403,-9.97547,0.0,null],[123.79583,-9.9741,0.0,null],[123.79516,-9.97548,0.0,null],[123.79531,-9.97678,0.0,null],[123.79698,-9.98153,0.0,null],[123.7971,-9.98331,0.0,null],[123.79615,-9.98506,0.0,null],[123.79524,-9.98541,0.0,null],[123.79538,-9.98862,0.0,null],[123.79416,-9.9904,0.0,null],[123.79509,-9.99065,0.0,null],[123.79557,-9.9917,0.0,null],[123.79585,-9.99268,0.0,null],[123.79506,-9.99359,0.0,null],[123.79542,-9.99416,0.0,null],[123.79693,-9.99527,0.0,null],[123.79923,-9.99537,0.0,null],[123.80064,-9.99627,0.0,null],[123.80168,-9.99896,0.0,null],[123.79926,-10.00012,0.0,null],[123.798,-9.99977,0.0,null],[123.79564,-10.00153,0.0,null],[123.78929,-10.0024,0.0,null],[123.78679,-10.0039,0.0,null],[123.78575,-10.00347,0.0,null],[123.78399,-10.00424,0.0,null],[123.7829,-10.00395,0.0,null],[123.78251,-10.00458,0.0,null],[123.78334,-10.00547,0.0,null],[123.78398,-10.00831,0.0,null],[123.78471,-10.0092,0.0,null],[123.78498,-10.01259,0.0,null],[123.79011,-10.01845,0.0,null],[123.79621,-10.02239,0.0,null],[123.79819,-10.02515,0.0,null],[123.80119,-10.02614,0.0,null],[123.8018,-10.02556,0.0,null],[123.80523,-10.02477,0.0,null],[123.81287,-10.02504,0.0,null],[123.81283,-10.02338,0.0,null],[123.81201,-10.02306,0.0,null],[123.81195,-10.02045,0.0,null],[123.80835,-10.01786,0.0,null],[123.80705,-10.01523,0.0,null],[123.80783,-10.01383,0.0,null],[123.81057,-10.01401,0.0,null],[123.81,-10.0117,0.0,null],[123.81114,-10.00896,0.0,null],[123.81111,-10.00574,0.0,null],[123.81242,-10.00414,0.0,null],[123.81328,-10.00173,0.0,null],[123.81219,-9.99807,0.0,null],[123.81279,-9.9967,0.0,null],[123.81498,-9.99599,0.0,null],[123.81584,-9.99597,0.0,null],[123.81601,-9.99644,0.0,null],[123.82212,-9.99603,0.0,null],[123.82352,-10.00123,0.0,null],[123.82339,-10.00397,0.0,null],[123.82403,-10.00493,0.0,null],[123.82915,-10.00673,0.0,null],[123.82976,-10.00629,0.0,null],[123.83116,-10.00647,0.0,null],[123.83437,-10.00854,0.0,null],[123.83677,-10.00868,0.0,null],[123.83643,-10.00715,0.0,null],[123.83503,-10.00641,0.0,null],[123.83252,-10.00216,0.0,null],[123.83253,-9.99909,0.0,null],[123.83346,-9.99555,0.0,null],[123.83661,-9.99306,0.0,null],[123.83781,-9.99032,0.0,null],[123.83978,-9.988,0.0,null],[123.84007,-9.98642,0.0,null],[123.83963,-9.98409,0.0,null],[123.83823,-9.98265,0.0,null],[123.83745,-9.97958,0.0,null],[123.83586,-9.97928,0.0,null],[123.83492,-9.97999,0.0,null],[123.83301,-9.98571,0.0,null],[123.82804,-9.99255,0.0,null],[123.82593,-9.9924,0.0,null],[123.82386,-9.9907,0.0,null],[123.81901,-9.98838,0.0,null],[123.81771,-9.98623,0.0,null],[123.8167,-9.9866,0.0,null],[123.81667,-9.98711,0.0,null],[123.81806,-9.9883,0.0,null],[123.81793,-9.99045,0.0,null],[123.8157,-9.99251,0.0,null],[123.81179,-9.99275,0.0,null],[123.81113,-9.99361,0.0,null],[123.81023,-9.99265,0.0,null],[123.80936,-9.98927,0.0,null],[123.81082,-9.98786,0.0,null],[123.81425,-9.98691,0.0,null],[123.81637,-9.98487,0.0,null],[123.81742,-9.98338,0.0,null],[123.8176,-9.98059,0.0,null],[123.81865,-9.97902,0.0,null],[123.82173,-9.97882,0.0,null],[123.82355,-9.97743,0.0,null],[123.82303,-9.97546,0.0,null],[123.82378,-9.97077,0.0,null],[123.82491,-9.96924,0.0,null],[123.82532,-9.96667,0.0,null],[123.8213,-9.96492,0.0,null],[123.82124,-9.96212,0.0,null],[123.81849,-9.95959,0.0,null],[123.81372,-9.96038,0.0,null],[123.81173,-9.9618,0.0,null],[123.80793,-9.96324,0.0,null],[123.80631,-9.96114,0.0,null],[123.80344,-9.95936,0.0,null],[123.80179,-9.95519,0.0,null],[123.80172,-9.953,0.0,null],[123.80402,-9.95062,0.0,null],[123.80629,-9.9502,0.0,null],[123.80817,-9.94857,0.0,null],[123.80928,-9.949,0.0,null],[123.81269,-9.94875,0.0,null],[123.81803,-9.94723,0.0,null],[123.81894,-9.94747,0.0,null],[123.81889,-9.95087,0.0,null],[123.82052,-9.95055,0.0,null],[123.82232,-9.95099,0.0,null],[123.82361,-9.95046,0.0,null],[123.82526,-9.95169,0.0,null],[123.82531,-9.95276,0.0,null],[123.8239,-9.9541,0.0,null],[123.82235,-9.95696,0.0,null],[123.82233,-9.95955,0.0,null],[123.82295,-9.96034,0.0,null],[123.82474,-9.9609,0.0,null],[123.82493,-9.96216,0.0,null],[123.82556,-9.96245,0.0,null],[123.82789,-9.96153,0.0,null],[123.8324,-9.96303,0.0,null],[123.83615,-9.96583,0.0,null],[123.83718,-9.96756,0.0,null],[123.8365,-9.9706,0.0,null],[123.83758,-9.97107,0.0,null],[123.83741,-9.97279,0.0,null],[123.83942,-9.97678,0.0,null],[123.84069,-9.97215,0.0,null],[123.84655,-9.96952,0.0,null],[123.84744,-9.96632,0.0,null],[123.84535,-9.96269,0.0,null],[123.84531,-9.96012,0.0,null],[123.84632,-9.95871,0.0,null],[123.84944,-9.95893,0.0,null],[123.85079,-9.95852,0.0,null],[123.85215,-9.95463,0.0,null],[123.8518,-9.95093,0.0,null],[123.85271,-9.95026,0.0,null],[123.85385,-9.94724,0.0,null],[123.85366,-9.94507,0.0,null],[123.85624,-9.94382,0.0,null],[123.8564,-9.94319,0.0,null],[123.85415,-9.94209,0.0,null],[123.84971,-9.94237,0.0,null],[123.84732,-9.94129,0.0,null],[123.84453,-9.94103,0.0,null],[123.84263,-9.94398,0.0,null],[123.84335,-9.94602,0.0,null],[123.84248,-9.9467,0.0,null],[123.84024,-9.94205,0.0,null],[123.83854,-9.94058,0.0,null],[123.83955,-9.93907,0.0,null],[123.84203,-9.93821,0.0,null],[123.84154,-9.93582,0.0,null],[123.83958,-9.93579,0.0,null],[123.83614,-9.93475,0.0,null],[123.83163,-9.93526,0.0,null],[123.82894,-9.93118,0.0,null],[123.82576,-9.93787,0.0,null],[123.8226,-9.94099,0.0,null],[123.81982,-9.94007,0.0,null],[123.81987,-9.93914,0.0,null],[123.81907,-9.93881,0.0,null],[123.81948,-9.93786,0.0,null],[123.81907,-9.9363,0.0,null],[123.81805,-9.93487,0.0,null],[123.81551,-9.93514,0.0,null],[123.81225,-9.93376,0.0,null],[123.81099,-9.9326,0.0,null],[123.80722,-9.93143,0.0,null],[123.80366,-9.93213,0.0,null],[123.80322,-9.93094,0.0,null],[123.80395,-9.92967,0.0,null],[123.80173,-9.92878,0.0,null],[123.8018,-9.92616,0.0,null],[123.79914,-9.9223,0.0,null],[123.79902,-9.91909,0.0,null],[123.80016,-9.91657,0.0,null],[123.80081,-9.91317,0.0,null],[123.79748,-9.90842,0.0,null],[123.79745,-9.90409,0.0,null],[123.79725,-9.90332,0.0,null],[123.79537,-9.9024,0.0,null],[123.79541,-9.89842,0.0,null],[123.79384,-9.89798,0.0,null],[123.79305,-9.89419,0.0,null],[123.7903,-9.89181,0.0,null],[123.78896,-9.88803,0.0,null],[123.7856,-9.88477,0.0,null],[123.7811,-9.88469,0.0,null],[123.77068,-9.89363,0.0,null],[123.76719,-9.89578,0.0,null],[123.76269,-9.90128,0.0,null],[123.75631,-9.90529,0.0,null],[123.75473,-9.90575,0.0,null],[123.75329,-9.90542,0.0,null],[123.75116,-9.90361,0.0,null],[123.74591,-9.89658,0.0,null],[123.74351,-9.89528,0.0,null],[123.73969,-9.89478,0.0,null],[123.73715,-9.89355,0.0,null],[123.73583,-9.89236,0.0,null],[123.73077,-9.88398,0.0,null],[123.73073,-9.88241,0.0,null],[123.73271,-9.88028,0.0,null],[123.73431,-9.87732,0.0,null],[123.736,-9.87576,0.0,null],[123.73387,-9.8738,0.0,null],[123.73129,-9.87414,0.0,null],[123.731,-9.87375,0.0,null],[123.73275,-9.86958,0.0,null],[123.73865,-9.86304,0.0,null],[123.74344,-9.86323,0.0,null],[123.74586,-9.8639,0.0,null],[123.74825,-9.86649,0.0,null],[123.75086,-9.86736,0.0,null],[123.75085,-9.86512,0.0,null],[123.75154,-9.86385,0.0,null],[123.75084,-9.86269,0.0,null]],[[123.82086,-9.97353,0.0,null],[123.81946,-9.97258,0.0,null],[123.81875,-9.97016,0.0,null],[123.82074,-9.96917,0.0,null],[123.82182,-9.97232,0.0,null],[123.82086,-9.97353,0.0,null]]],[[[119.35744,-9.64386,0.0,null],[119.3483,-9.64242,0.0,null],[119.34397,-9.64376,0.0,null],[119.34215,-9.64514,0.0,null],[119.3375,-9.65303,0.0,null],[119.33267,-9.65944,0.0,null],[119.33075,-9.66068,0.0,null],[119.32849,-9.66127,0.0,null],[119.31998,-9.66712,0.0,null],[119.30852,-9.67243,0.0,null],[119.30075,-9.67731,0.0,null],[119.28696,-9.68305,0.0,null],[119.28351,-9.68605,0.0,null],[119.27985,-9.69045,0.0,null],[119.2763,-9.69335,0.0,null],[119.26498,-9.69888,0.0,null],[119.26348,-9.70062,0.0,null],[119.264,-9.70279,0.0,null],[119.27001,-9.70629,0.0,null],[119.27773,-9.70866,0.0,null],[119.28464,-9.70882,0.0,null],[119.29366,-9.70708,0.0,null],[119.30033,-9.70897,0.0,null],[119.30264,-9.709,0.0,null],[119.30711,-9.70793,0.0,null],[119.31447,-9.70473,0.0,null],[119.32139,-9.69872,0.0,null],[119.32865,-9.68987,0.0,null],[119.33793,-9.68539,0.0,null],[119.34687,-9.68316,0.0,null],[119.35378,-9.68291,0.0,null],[119.35829,-9.68389,0.0,null],[119.36521,-9.68802,0.0,null],[119.37197,-9.68956,0.0,null],[119.37659,-9.68982,0.0,null],[119.38177,-9.68743,0.0,null],[119.38438,-9.68522,0.0,null],[119.38567,-9.68204,0.0,null],[119.38833,-9.66621,0.0,null],[119.38743,-9.66296,0.0,null],[119.38259,-9.65651,0.0,null],[119.37191,-9.64598,0.0,null],[119.36883,-9.64438,0.0,null],[119.36549,-9.64346,0.0,null],[119.35744,-9.64386,0.0,null]]],[[[124.03314,-9.85556,0.0,null],[124.03169,-9.8559,0.0,null],[124.02966,-9.85915,0.0,null],[124.02901,-9.85934,0.0,null],[124.02925,-9.86281,0.0,null],[124.02882,-9.86303,0.0,null],[124.02878,-9.86564,0.0,null],[124.02647,-9.87179,0.0,null],[124.02889,-9.87624,0.0,null],[124.03231,-9.87949,0.0,null],[124.03394,-9.88204,0.0,null],[124.03416,-9.88527,0.0,null],[124.0353,-9.88652,0.0,null],[124.0359,-9.88859,0.0,null],[124.03691,-9.88914,0.0,null],[124.03827,-9.89241,0.0,null],[124.04114,-9.89518,0.0,null],[124.04146,-9.89618,0.0,null],[124.04491,-9.89563,0.0,null],[124.04654,-9.89848,0.0,null],[124.04807,-9.89845,0.0,null],[124.04885,-9.8999,0.0,null],[124.04849,-9.9009,0.0,null],[124.04969,-9.90233,0.0,null],[124.05161,-9.90431,0.0,null],[124.05357,-9.90504,0.0,null],[124.05519,-9.90641,0.0,null],[124.05644,-9.90858,0.0,null],[124.05752,-9.90889,0.0,null],[124.06082,-9.90635,0.0,null],[124.06673,-9.90537,0.0,null],[124.06824,-9.90427,0.0,null],[124.07128,-9.90382,0.0,null],[124.07261,-9.90153,0.0,null],[124.07406,-9.90058,0.0,null],[124.07469,-9.8992,0.0,null],[124.07439,-9.89802,0.0,null],[124.07536,-9.89708,0.0,null],[124.07407,-9.89555,0.0,null],[124.07394,-9.89452,0.0,null],[124.07305,-9.89442,0.0,null],[124.07217,-9.89322,0.0,null],[124.07123,-9.89087,0.0,null],[124.0702,-9.89085,0.0,null],[124.06972,-9.8897,0.0,null],[124.07083,-9.88871,0.0,null],[124.07095,-9.88697,0.0,null],[124.07199,-9.88707,0.0,null],[124.07123,-9.88632,0.0,null],[124.07157,-9.8835,0.0,null],[124.07347,-9.88392,0.0,null],[124.0739,-9.88328,0.0,null],[124.07379,-9.88251,0.0,null],[124.07209,-9.88213,0.0,null],[124.07405,-9.87822,0.0,null],[124.0729,-9.87562,0.0,null],[124.0738,-9.87245,0.0,null],[124.07142,-9.87247,0.0,null],[124.07107,-9.872,0.0,null],[124.07226,-9.87068,0.0,null],[124.07086,-9.86993,0.0,null],[124.06992,-9.87183,0.0,null],[124.06888,-9.8718,0.0,null],[124.06727,-9.87022,0.0,null],[124.06614,-9.87017,0.0,null],[124.06313,-9.86854,0.0,null],[124.05877,-9.86458,0.0,null],[124.05744,-9.86428,0.0,null],[124.05511,-9.86531,0.0,null],[124.05408,-9.86487,0.0,null],[124.04924,-9.85622,0.0,null],[124.04871,-9.85889,0.0,null],[124.05029,-9.86212,0.0,null],[124.04843,-9.87298,0.0,null],[124.042,-9.86875,0.0,null],[124.03719,-9.86416,0.0,null],[124.03325,-9.85847,0.0,null],[124.03314,-9.85556,0.0,null]]],[[[123.67151,-9.95722,0.0,null],[123.67057,-9.95651,0.0,null],[123.66651,-9.95638,0.0,null],[123.66213,-9.95748,0.0,null],[123.65851,-9.95978,0.0,null],[123.65779,-9.95906,0.0,null],[123.65266,-9.96336,0.0,null],[123.6534,-9.9689,0.0,null],[123.65681,-9.97243,0.0,null],[123.65884,-9.97577,0.0,null],[123.66185,-9.9783,0.0,null],[123.66436,-9.97633,0.0,null],[123.66574,-9.97689,0.0,null],[123.6697,-9.97649,0.0,null],[123.67154,-9.97551,0.0,null],[123.67278,-9.97308,0.0,null],[123.67344,-9.97327,0.0,null],[123.67345,-9.97663,0.0,null],[123.67545,-9.97591,0.0,null],[123.67699,-9.97653,0.0,null],[123.67851,-9.97599,0.0,null],[123.68004,-9.97617,0.0,null],[123.68475,-9.97186,0.0,null],[123.68507,-9.96974,0.0,null],[123.68598,-9.96989,0.0,null],[123.68599,-9.96818,0.0,null],[123.68439,-9.96607,0.0,null],[123.68291,-9.96975,0.0,null],[123.67886,-9.96975,0.0,null],[123.67879,-9.9653,0.0,null],[123.67987,-9.96354,0.0,null],[123.67915,-9.95825,0.0,null],[123.67679,-9.95823,0.0,null],[123.67379,-9.95687,0.0,null],[123.67151,-9.95722,0.0,null]]],[[[123.85476,-9.78615,0.0,null],[123.85705,-9.78309,0.0,null],[123.85625,-9.78173,0.0,null],[123.85668,-9.78146,0.0,null],[123.8566,-9.77987,0.0,null],[123.85579,-9.77794,0.0,null],[123.85652,-9.77626,0.0,null],[123.85691,-9.77271,0.0,null],[123.85627,-9.77189,0.0,null],[123.85295,-9.77207,0.0,null],[123.85056,-9.77272,0.0,null],[123.84446,-9.77981,0.0,null],[123.83664,-9.78604,0.0,null],[123.8363,-9.78686,0.0,null],[123.83491,-9.78727,0.0,null],[123.83599,-9.79199,0.0,null],[123.83385,-9.79417,0.0,null],[123.8349,-9.79592,0.0,null],[123.83813,-9.79695,0.0,null],[123.83781,-9.80237,0.0,null],[123.8406,-9.80274,0.0,null],[123.84504,-9.80199,0.0,null],[123.84543,-9.80323,0.0,null],[123.84861,-9.80167,0.0,null],[123.84895,-9.79876,0.0,null],[123.85217,-9.79129,0.0,null],[123.85266,-9.78895,0.0,null],[123.85476,-9.78615,0.0,null]]],[[[123.83167,-9.82443,0.0,null],[123.83358,-9.82201,0.0,null],[123.83361,-9.82087,0.0,null],[123.83307,-9.8206,0.0,null],[123.83159,-9.82077,0.0,null],[123.82692,-9.82457,0.0,null],[123.82179,-9.82357,0.0,null],[123.82088,-9.82427,0.0,null],[123.81993,-9.82942,0.0,null],[123.82297,-9.8293,0.0,null],[123.82537,-9.83045,0.0,null],[123.82752,-9.83245,0.0,null],[123.8316,-9.8327,0.0,null],[123.83195,-9.83122,0.0,null],[123.82991,-9.82746,0.0,null],[123.83021,-9.82593,0.0,null],[123.83167,-9.82443,0.0,null]]],[[[123.87204,-9.84147,0.0,null],[123.87184,-9.83772,0.0,null],[123.87328,-9.83669,0.0,null],[123.87255,-9.8349,0.0,null],[123.8727,-9.83385,0.0,null],[123.86867,-9.83491,0.0,null],[123.86221,-9.83901,0.0,null],[123.86046,-9.84116,0.0,null],[123.8594,-9.84388,0.0,null],[123.86251,-9.8428,0.0,null],[123.86406,-9.84161,0.0,null],[123.86916,-9.84565,0.0,null],[123.87204,-9.84147,0.0,null]]],[[[123.87926,-9.824,0.0,null],[123.87876,-9.82297,0.0,null],[123.87675,-9.82394,0.0,null],[123.87184,-9.8243,0.0,null],[123.87192,-9.82516,0.0,null],[123.8747,-9.82938,0.0,null],[123.87388,-9.8337,0.0,null],[123.87639,-9.83431,0.0,null],[123.87951,-9.83282,0.0,null],[123.87994,-9.83076,0.0,null],[123.879,-9.82852,0.0,null],[123.88174,-9.82529,0.0,null],[123.87926,-9.824,0.0,null]]],[[[123.88988,-9.835,0.0,null],[123.8907,-9.83094,0.0,null],[123.88691,-9.83059,0.0,null],[123.88479,-9.8322,0.0,null],[123.8805,-9.83367,0.0,null],[123.87996,-9.83544,0.0,null],[123.88118,-9.83646,0.0,null],[123.88572,-9.83584,0.0,null],[123.88874,-9.83627,0.0,null],[123.88988,-9.835,0.0,null]]]]}},{"type":"Feature","properties":{"inventoryId":"big-forestry-hti:230","sector":"PBPH","subtype":"IUPHHK-HTI","quality":"OFFICIAL","sourceDataset":"big-forestry-hti","sourceRecordId":"230","source":"BIG Kebijakan Satu Peta","sourceUrl":"https://kspservices.big.go.id/satupeta/rest/services/PUBLIK/PERIZINAN_DAN_PERTANAHAN/MapServer/2","retrievedAt":"2026-08-28T06:57:32Z","geometryProcessing":"web display simplification tolerance 0.00035 degrees","name":"PT USAHATANI LESTARI-CARBON POSITIVE","permitNumber":"SK.660/Menhut-II/2009","permitDate":"2009-10-15","areaHa":22820.0,"provinceCode":"52","region":"bali-nusra"},"geometry":{"type":"MultiPolygon","coordinates":[[[[117.98309,-8.39167,0.0,null],[117.97935,-8.38982,0.0,null],[117.97567,-8.39863,0.0,null],[117.97447,-8.40003,0.0,null],[117.97229,-8.40496,0.0,null],[117.98029,-8.40624,0.0,null],[117.98078,-8.40735,0.0,null],[117.98671,-8.41284,0.0,null],[117.99106,-8.41982,0.0,null],[117.99199,-8.4204,0.0,null],[117.99556,-8.42089,0.0,null],[118.00202,-8.4229,0.0,null],[118.00719,-8.42342,0.0,null],[118.01205,-8.42598,0.0,null],[118.01518,-8.42591,0.0,null],[118.02542,-8.42723,0.0,null],[118.03508,-8.42948,0.0,null],[118.04226,-8.4297,0.0,null],[118.0445,-8.43119,0.0,null],[118.05056,-8.43166,0.0,null],[118.05188,-8.43286,0.0,null],[118.06067,-8.43685,0.0,null],[118.06281,-8.44013,0.0,null],[118.0684,-8.44229,0.0,null],[118.07282,-8.44513,0.0,null],[118.08403,-8.44442,0.0,null],[118.09393,-8.44632,0.0,null],[118.09679,-8.44598,0.0,null],[118.10208,-8.44732,0.0,null],[118.10631,-8.45025,0.0,null],[118.10864,-8.45116,0.0,null],[118.1117,-8.45115,0.0,null],[118.11456,-8.45032,0.0,null],[118.11889,-8.45331,0.0,null],[118.12001,-8.45538,0.0,null],[118.12235,-8.45769,0.0,null],[118.1304,-8.45893,0.0,null],[118.13371,-8.46244,0.0,null],[118.13684,-8.46833,0.0,null],[118.13917,-8.47035,0.0,null],[118.13947,-8.47243,0.0,null],[118.14316,-8.47522,0.0,null],[118.14574,-8.47637,0.0,null],[118.14682,-8.48033,0.0,null],[118.1461,-8.48245,0.0,null],[118.14727,-8.48419,0.0,null],[118.15081,-8.48476,0.0,null],[118.15135,-8.48553,0.0,null],[118.15392,-8.4862,0.0,null],[118.15606,-8.48784,0.0,null],[118.15559,-8.48871,0.0,null],[118.16045,-8.48814,0.0,null],[118.16448,-8.4854,0.0,null],[118.16564,-8.48108,0.0,null],[118.17144,-8.47062,0.0,null],[118.17322,-8.47131,0.0,null],[118.17414,-8.47582,0.0,null],[118.17673,-8.4779,0.0,null],[118.17869,-8.47866,0.0,null],[118.18198,-8.48295,0.0,null],[118.18833,-8.48397,0.0,null],[118.19189,-8.48514,0.0,null],[118.1981,-8.48492,0.0,null],[118.20005,-8.48415,0.0,null],[118.20318,-8.48393,0.0,null],[118.20478,-8.48219,0.0,null],[118.20708,-8.4817,0.0,null],[118.21036,-8.48252,0.0,null],[118.2103,-8.48342,0.0,null],[118.21378,-8.48327,0.0,null],[118.21554,-8.48604,0.0,null],[118.21707,-8.48555,0.0,null],[118.22202,-8.48568,0.0,null],[118.22426,-8.48734,0.0,null],[118.2267,-8.48747,0.0,null],[118.23075,-8.48877,0.0,null],[118.23362,-8.49182,0.0,null],[118.23634,-8.49167,0.0,null],[118.23753,-8.49229,0.0,null],[118.23837,-8.49382,0.0,null],[118.24144,-8.49457,0.0,null],[118.24249,-8.49589,0.0,null],[118.2446,-8.50151,0.0,null],[118.24635,-8.50254,0.0,null],[118.24749,-8.50421,0.0,null],[118.24954,-8.50476,0.0,null],[118.2501,-8.50564,0.0,null],[118.2511,-8.50552,0.0,null],[118.25154,-8.50453,0.0,null],[118.25074,-8.50087,0.0,null],[118.24955,-8.49882,0.0,null],[118.24841,-8.49846,0.0,null],[118.24674,-8.4967,0.0,null],[118.24095,-8.48964,0.0,null],[118.24083,-8.48688,0.0,null],[118.23949,-8.4849,0.0,null],[118.24247,-8.48491,0.0,null],[118.24131,-8.48347,0.0,null],[118.23972,-8.47858,0.0,null],[118.24021,-8.4768,0.0,null],[118.23969,-8.47571,0.0,null],[118.23261,-8.4705,0.0,null],[118.22983,-8.46996,0.0,null],[118.21957,-8.46277,0.0,null],[118.2181,-8.45898,0.0,null],[118.21724,-8.45793,0.0,null],[118.21547,-8.45759,0.0,null],[118.21421,-8.45517,0.0,null],[118.21177,-8.4526,0.0,null],[118.20934,-8.45354,0.0,null],[118.20406,-8.45907,0.0,null],[118.20272,-8.45927,0.0,null],[118.19919,-8.45775,0.0,null],[118.19629,-8.45925,0.0,null],[118.1944,-8.45812,0.0,null],[118.19283,-8.45828,0.0,null],[118.19276,-8.45926,0.0,null],[118.19116,-8.46161,0.0,null],[118.18983,-8.46251,0.0,null],[118.18719,-8.46146,0.0,null],[118.1875,-8.45973,0.0,null],[118.18703,-8.45814,0.0,null],[118.18616,-8.45736,0.0,null],[118.18251,-8.45655,0.0,null],[118.18188,-8.45484,0.0,null],[118.18207,-8.45222,0.0,null],[118.18022,-8.45183,0.0,null],[118.17911,-8.44844,0.0,null],[118.17762,-8.44825,0.0,null],[118.17597,-8.44724,0.0,null],[118.16961,-8.44698,0.0,null],[118.16722,-8.4459,0.0,null],[118.15984,-8.44416,0.0,null],[118.15587,-8.4421,0.0,null],[118.15488,-8.44089,0.0,null],[118.15178,-8.44032,0.0,null],[118.15002,-8.44087,0.0,null],[118.14503,-8.4378,0.0,null],[118.1433,-8.43616,0.0,null],[118.13859,-8.43461,0.0,null],[118.13764,-8.43471,0.0,null],[118.1368,-8.43834,0.0,null],[118.13523,-8.43918,0.0,null],[118.1344,-8.44163,0.0,null],[118.13346,-8.44163,0.0,null],[118.13207,-8.44269,0.0,null],[118.12856,-8.43823,0.0,null],[118.12735,-8.43823,0.0,null],[118.12297,-8.43537,0.0,null],[118.11581,-8.43354,0.0,null],[118.11385,-8.43123,0.0,null],[118.10956,-8.42856,0.0,null],[118.10593,-8.42496,0.0,null],[118.10313,-8.42441,0.0,null],[118.09838,-8.42146,0.0,null],[118.08935,-8.41528,0.0,null],[118.08496,-8.41103,0.0,null],[118.08142,-8.40864,0.0,null],[118.07389,-8.40727,0.0,null],[118.06933,-8.40746,0.0,null],[118.06524,-8.40886,0.0,null],[118.05995,-8.40943,0.0,null],[118.05837,-8.41037,0.0,null],[118.05149,-8.41029,0.0,null],[118.04851,-8.40937,0.0,null],[118.04275,-8.41022,0.0,null],[118.03576,-8.40765,0.0,null],[118.02767,-8.40637,0.0,null],[118.02348,-8.40351,0.0,null],[118.02199,-8.40315,0.0,null],[118.02134,-8.40213,0.0,null],[118.01966,-8.40223,0.0,null],[118.01855,-8.40316,0.0,null],[118.01613,-8.40214,0.0,null],[118.01427,-8.40206,0.0,null],[118.01241,-8.40012,0.0,null],[118.00971,-8.39901,0.0,null],[118.00413,-8.39884,0.0,null],[118.00338,-8.39819,0.0,null],[118.00106,-8.39811,0.0,null],[117.99985,-8.39765,0.0,null],[117.99761,-8.3945,0.0,null],[117.99202,-8.39285,0.0,null],[117.98942,-8.39286,0.0,null],[117.98737,-8.39157,0.0,null],[117.98514,-8.39213,0.0,null],[117.98309,-8.39167,0.0,null]]],[[[118.35486,-8.37012,0.0,null],[118.3516,-8.36982,0.0,null],[118.34842,-8.36864,0.0,null],[118.34647,-8.3693,0.0,null],[118.34569,-8.37027,0.0,null],[118.34642,-8.3732,0.0,null],[118.34579,-8.37637,0.0,null],[118.34894,-8.3804,0.0,null],[118.34888,-8.38121,0.0,null],[118.34741,-8.38346,0.0,null],[118.34463,-8.38571,0.0,null],[118.34405,-8.38763,0.0,null],[118.3443,-8.38825,0.0,null],[118.34775,-8.39014,0.0,null],[118.34908,-8.39258,0.0,null],[118.34757,-8.39369,0.0,null],[118.34422,-8.39474,0.0,null],[118.34269,-8.39644,0.0,null],[118.342,-8.4015,0.0,null],[118.34256,-8.40522,0.0,null],[118.34237,-8.40936,0.0,null],[118.34032,-8.41861,0.0,null],[118.34029,-8.42483,0.0,null],[118.34077,-8.42586,0.0,null],[118.34512,-8.42861,0.0,null],[118.34569,-8.43131,0.0,null],[118.34972,-8.43385,0.0,null],[118.35117,-8.43695,0.0,null],[118.35224,-8.44255,0.0,null],[118.35104,-8.44464,0.0,null],[118.34835,-8.44602,0.0,null],[118.34776,-8.44774,0.0,null],[118.34803,-8.45189,0.0,null],[118.35008,-8.45396,0.0,null],[118.34979,-8.45507,0.0,null],[118.34763,-8.45657,0.0,null],[118.34745,-8.45777,0.0,null],[118.34883,-8.45919,0.0,null],[118.35148,-8.45909,0.0,null],[118.35262,-8.45984,0.0,null],[118.35376,-8.46239,0.0,null],[118.35682,-8.46616,0.0,null],[118.35683,-8.4693,0.0,null],[118.35567,-8.47112,0.0,null],[118.35441,-8.47196,0.0,null],[118.35106,-8.47315,0.0,null],[118.3464,-8.47333,0.0,null],[118.34243,-8.47678,0.0,null],[118.33913,-8.48182,0.0,null],[118.33824,-8.48611,0.0,null],[118.33574,-8.49025,0.0,null],[118.3349,-8.4942,0.0,null],[118.335,-8.49625,0.0,null],[118.33705,-8.49963,0.0,null],[118.33673,-8.5009,0.0,null],[118.33502,-8.50197,0.0,null],[118.33453,-8.50303,0.0,null],[118.33662,-8.50947,0.0,null],[118.33702,-8.51232,0.0,null],[118.3391,-8.5144,0.0,null],[118.33989,-8.51681,0.0,null],[118.34063,-8.51725,0.0,null],[118.34133,-8.51736,0.0,null],[118.34342,-8.5153,0.0,null],[118.34474,-8.5148,0.0,null],[118.34646,-8.51538,0.0,null],[118.3473,-8.51644,0.0,null],[118.34568,-8.52053,0.0,null],[118.34554,-8.5224,0.0,null],[118.34765,-8.53245,0.0,null],[118.3454,-8.53867,0.0,null],[118.34699,-8.5425,0.0,null],[118.34744,-8.54562,0.0,null],[118.35139,-8.54394,0.0,null],[118.3546,-8.54413,0.0,null],[118.35789,-8.54188,0.0,null],[118.36123,-8.54255,0.0,null],[118.36477,-8.54243,0.0,null],[118.36649,-8.54348,0.0,null],[118.36873,-8.54223,0.0,null],[118.37132,-8.53921,0.0,null],[118.37313,-8.53923,0.0,null],[118.3763,-8.5379,0.0,null],[118.37296,-8.53202,0.0,null],[118.36819,-8.52866,0.0,null],[118.36654,-8.52588,0.0,null],[118.36557,-8.52072,0.0,null],[118.36431,-8.5181,0.0,null],[118.36342,-8.51285,0.0,null],[118.36478,-8.51153,0.0,null],[118.36455,-8.50891,0.0,null],[118.36555,-8.50615,0.0,null],[118.36518,-8.50479,0.0,null],[118.36579,-8.50282,0.0,null],[118.37208,-8.49553,0.0,null],[118.37364,-8.4927,0.0,null],[118.37435,-8.48926,0.0,null],[118.37363,-8.48167,0.0,null],[118.37561,-8.47394,0.0,null],[118.37499,-8.46776,0.0,null],[118.37649,-8.46431,0.0,null],[118.37618,-8.45221,0.0,null],[118.37944,-8.44692,0.0,null],[118.38348,-8.44183,0.0,null],[118.3842,-8.43937,0.0,null],[118.38251,-8.43284,0.0,null],[118.37839,-8.43226,0.0,null],[118.37743,-8.42866,0.0,null],[118.37634,-8.41776,0.0,null],[118.37692,-8.41404,0.0,null],[118.37552,-8.40526,0.0,null],[118.37792,-8.40053,0.0,null],[118.37972,-8.39804,0.0,null],[118.38142,-8.39678,0.0,null],[118.38234,-8.39251,0.0,null],[118.38234,-8.38958,0.0,null],[118.37567,-8.36957,0.0,null],[118.37443,-8.3705,0.0,null],[118.37124,-8.36923,0.0,null],[118.3684,-8.36892,0.0,null],[118.35819,-8.37052,0.0,null],[118.35486,-8.37012,0.0,null]]],[[[118.15729,-8.23591,0.0,null],[118.15626,-8.23171,0.0,null],[118.15475,-8.22983,0.0,null],[118.15459,-8.22543,0.0,null],[118.15211,-8.22409,0.0,null],[118.15269,-8.22264,0.0,null],[118.15225,-8.22104,0.0,null],[118.15271,-8.21186,0.0,null],[118.1505,-8.20775,0.0,null],[118.14838,-8.20607,0.0,null],[118.14666,-8.20689,0.0,null],[118.14236,-8.21363,0.0,null],[118.13833,-8.21788,0.0,null],[118.13333,-8.22166,0.0,null],[118.1327,-8.22297,0.0,null],[118.12964,-8.22471,0.0,null],[118.12867,-8.22638,0.0,null],[118.12276,-8.23161,0.0,null],[118.12074,-8.23439,0.0,null],[118.12071,-8.23615,0.0,null],[118.12354,-8.23688,0.0,null],[118.12696,-8.23896,0.0,null],[118.12849,-8.23888,0.0,null],[118.12982,-8.23978,0.0,null],[118.12996,-8.24096,0.0,null],[118.13359,-8.24248,0.0,null],[118.13374,-8.24387,0.0,null],[118.13457,-8.2447,0.0,null],[118.13395,-8.2456,0.0,null],[118.13437,-8.24678,0.0,null],[118.13891,-8.24892,0.0,null],[118.14094,-8.25121,0.0,null],[118.14136,-8.25246,0.0,null],[118.14555,-8.25626,0.0,null],[118.14945,-8.26321,0.0,null],[118.15307,-8.26793,0.0,null],[118.1535,-8.26991,0.0,null],[118.16341,-8.28119,0.0,null],[118.16898,-8.29065,0.0,null],[118.17343,-8.29376,0.0,null],[118.18241,-8.30524,0.0,null],[118.18278,-8.30681,0.0,null],[118.18231,-8.30743,0.0,null],[118.18352,-8.3093,0.0,null],[118.18726,-8.31872,0.0,null],[118.1902,-8.32085,0.0,null],[118.19036,-8.32183,0.0,null],[118.19487,-8.32609,0.0,null],[118.19817,-8.32827,0.0,null],[118.19979,-8.32868,0.0,null],[118.20183,-8.33076,0.0,null],[118.20319,-8.33101,0.0,null],[118.20461,-8.33257,0.0,null],[118.21027,-8.3363,0.0,null],[118.21285,-8.34041,0.0,null],[118.21499,-8.34145,0.0,null],[118.2173,-8.34441,0.0,null],[118.22071,-8.34664,0.0,null],[118.22295,-8.34964,0.0,null],[118.22394,-8.34835,0.0,null],[118.22392,-8.34414,0.0,null],[118.22013,-8.3432,0.0,null],[118.21719,-8.34141,0.0,null],[118.21691,-8.33506,0.0,null],[118.21595,-8.3324,0.0,null],[118.21595,-8.33076,0.0,null],[118.21629,-8.32913,0.0,null],[118.21844,-8.32681,0.0,null],[118.21946,-8.3244,0.0,null],[118.21903,-8.32285,0.0,null],[118.21618,-8.32132,0.0,null],[118.21401,-8.316,0.0,null],[118.21415,-8.31082,0.0,null],[118.21558,-8.30908,0.0,null],[118.2154,-8.30496,0.0,null],[118.21685,-8.30152,0.0,null],[118.21632,-8.29843,0.0,null],[118.21726,-8.29482,0.0,null],[118.217,-8.29259,0.0,null],[118.21596,-8.29233,0.0,null],[118.21302,-8.28891,0.0,null],[118.21024,-8.28402,0.0,null],[118.2055,-8.28257,0.0,null],[118.20178,-8.27984,0.0,null],[118.1954,-8.27934,0.0,null],[118.1891,-8.2779,0.0,null],[118.18193,-8.27268,0.0,null],[118.1764,-8.26772,0.0,null],[118.17594,-8.26469,0.0,null],[118.17395,-8.26267,0.0,null],[118.16681,-8.25946,0.0,null],[118.16627,-8.25753,0.0,null],[118.16418,-8.25516,0.0,null],[118.16345,-8.25275,0.0,null],[118.16052,-8.24759,0.0,null],[118.15729,-8.23591,0.0,null]]],[[[118.22171,-8.35368,0.0,null],[118.2205,-8.35291,0.0,null],[118.21954,-8.35316,0.0,null],[118.21861,-8.35418,0.0,null],[118.21546,-8.35512,0.0,null],[118.2124,-8.35753,0.0,null],[118.20914,-8.35847,0.0,null],[118.20255,-8.36154,0.0,null],[118.20098,-8.36312,0.0,null],[118.19166,-8.36796,0.0,null],[118.19067,-8.36882,0.0,null],[118.19149,-8.36996,0.0,null],[118.18952,-8.37257,0.0,null],[118.18853,-8.37559,0.0,null],[118.19084,-8.37823,0.0,null],[118.19349,-8.37996,0.0,null],[118.19689,-8.38101,0.0,null],[118.2,-8.38081,0.0,null],[118.20519,-8.3788,0.0,null],[118.20795,-8.37836,0.0,null],[118.21067,-8.37913,0.0,null],[118.21176,-8.38176,0.0,null],[118.21124,-8.38438,0.0,null],[118.21181,-8.38758,0.0,null],[118.21468,-8.38953,0.0,null],[118.21687,-8.392,0.0,null],[118.21843,-8.39492,0.0,null],[118.22125,-8.39688,0.0,null],[118.22747,-8.39613,0.0,null],[118.23042,-8.39638,0.0,null],[118.22955,-8.39899,0.0,null],[118.22695,-8.40142,0.0,null],[118.22909,-8.40428,0.0,null],[118.23416,-8.40768,0.0,null],[118.2391,-8.41005,0.0,null],[118.24124,-8.41217,0.0,null],[118.24735,-8.41467,0.0,null],[118.25252,-8.41933,0.0,null],[118.25425,-8.42167,0.0,null],[118.25792,-8.42962,0.0,null],[118.26407,-8.44062,0.0,null],[118.26567,-8.44296,0.0,null],[118.26977,-8.44652,0.0,null],[118.26865,-8.44491,0.0,null],[118.26905,-8.44121,0.0,null],[118.27059,-8.43772,0.0,null],[118.27346,-8.43536,0.0,null],[118.27346,-8.43443,0.0,null],[118.27494,-8.43313,0.0,null],[118.28117,-8.43287,0.0,null],[118.28436,-8.43184,0.0,null],[118.28683,-8.42978,0.0,null],[118.29063,-8.42884,0.0,null],[118.29341,-8.42688,0.0,null],[118.29773,-8.42605,0.0,null],[118.29773,-8.42554,0.0,null],[118.29278,-8.42484,0.0,null],[118.28877,-8.42618,0.0,null],[118.28413,-8.42445,0.0,null],[118.28166,-8.42416,0.0,null],[118.27971,-8.42488,0.0,null],[118.27662,-8.42509,0.0,null],[118.27415,-8.42449,0.0,null],[118.27982,-8.42058,0.0,null],[118.28118,-8.42041,0.0,null],[118.28133,-8.41889,0.0,null],[118.28322,-8.41706,0.0,null],[118.28672,-8.41594,0.0,null],[118.28864,-8.41682,0.0,null],[118.28942,-8.41555,0.0,null],[118.29131,-8.41499,0.0,null],[118.29179,-8.41286,0.0,null],[118.2936,-8.41305,0.0,null],[118.29605,-8.41036,0.0,null],[118.29508,-8.40988,0.0,null],[118.29345,-8.41048,0.0,null],[118.2893,-8.40869,0.0,null],[118.28574,-8.40206,0.0,null],[118.28379,-8.4023,0.0,null],[118.2818,-8.40408,0.0,null],[118.28045,-8.4042,0.0,null],[118.27923,-8.40677,0.0,null],[118.27664,-8.40786,0.0,null],[118.27498,-8.40959,0.0,null],[118.27343,-8.40928,0.0,null],[118.27243,-8.41031,0.0,null],[118.27122,-8.41057,0.0,null],[118.26964,-8.41048,0.0,null],[118.26865,-8.40967,0.0,null],[118.26669,-8.41268,0.0,null],[118.26397,-8.41317,0.0,null],[118.26298,-8.41438,0.0,null],[118.25849,-8.41222,0.0,null],[118.25754,-8.40889,0.0,null],[118.2531,-8.40703,0.0,null],[118.25174,-8.40364,0.0,null],[118.25479,-8.39991,0.0,null],[118.26194,-8.39332,0.0,null],[118.26281,-8.3907,0.0,null],[118.26368,-8.39031,0.0,null],[118.26198,-8.38834,0.0,null],[118.26069,-8.38819,0.0,null],[118.25815,-8.3886,0.0,null],[118.25681,-8.38954,0.0,null],[118.25493,-8.38954,0.0,null],[118.25359,-8.39021,0.0,null],[118.25237,-8.39181,0.0,null],[118.24665,-8.38882,0.0,null],[118.24442,-8.3884,0.0,null],[118.24465,-8.38675,0.0,null],[118.24683,-8.38385,0.0,null],[118.24541,-8.37696,0.0,null],[118.24446,-8.37688,0.0,null],[118.24204,-8.37362,0.0,null],[118.23858,-8.372,0.0,null],[118.23487,-8.36892,0.0,null],[118.23357,-8.36721,0.0,null],[118.23226,-8.36361,0.0,null],[118.23036,-8.36335,0.0,null],[118.22606,-8.36569,0.0,null],[118.22528,-8.36552,0.0,null],[118.22664,-8.35933,0.0,null],[118.22646,-8.35607,0.0,null],[118.22551,-8.35427,0.0,null],[118.22335,-8.35444,0.0,null],[118.22171,-8.35368,0.0,null]]]]}},{"type":"Feature","properties":{"inventoryId":"big-forestry-hti:232","sector":"PBPH","subtype":"IUPHHK-HTI","quality":"OFFICIAL","sourceDataset":"big-forestry-hti","sourceRecordId":"232","source":"BIG Kebijakan Satu Peta","sourceUrl":"https://kspservices.big.go.id/satupeta/rest/services/PUBLIK/PERIZINAN_DAN_PERTANAHAN/MapServer/2","retrievedAt":"2026-08-28T06:57:32Z","geometryProcessing":"web display simplification tolerance 0.00035 degrees","name":"PT WONO INHUTANI NIAGA","permitNumber":"SK.740/Menhut-II/2014","permitDate":"2014-09-02","areaHa":12660.0,"provinceCode":"53","region":"bali-nusra"},"geometry":{"type":"MultiPolygon","coordinates":[[[[119.13711,-9.70674,0.0,null],[119.14858,-9.69863,0.0,null],[119.15291,-9.68772,0.0,null],[119.15623,-9.6822,0.0,null],[119.15707,-9.67641,0.0,null],[119.157,-9.67229,0.0,null],[119.15827,-9.66675,0.0,null],[119.15201,-9.65635,0.0,null],[119.13979,-9.65138,0.0,null],[119.13481,-9.65067,0.0,null],[119.12226,-9.65381,0.0,null],[119.11386,-9.657,0.0,null],[119.10888,-9.66124,0.0,null],[119.10485,-9.66579,0.0,null],[119.10381,-9.66781,0.0,null],[119.09807,-9.68015,0.0,null],[119.09545,-9.6886,0.0,null],[119.0928,-9.69376,0.0,null],[119.09074,-9.69965,0.0,null],[119.09097,-9.70114,0.0,null],[119.09281,-9.70319,0.0,null],[119.09574,-9.70502,0.0,null],[119.10149,-9.70711,0.0,null],[119.10431,-9.70744,0.0,null],[119.11034,-9.70656,0.0,null],[119.11599,-9.70668,0.0,null],[119.11749,-9.70759,0.0,null],[119.11972,-9.71198,0.0,null],[119.12374,-9.71333,0.0,null],[119.12585,-9.7133,0.0,null],[119.12995,-9.71209,0.0,null],[119.1348,-9.70946,0.0,null],[119.13711,-9.70674,0.0,null]]],[[[119.73099,-9.5865,0.0,null],[119.72911,-9.56646,0.0,null],[119.72918,-9.561,0.0,null],[119.72988,-9.55415,0.0,null],[119.73236,-9.54728,0.0,null],[119.73045,-9.54461,0.0,null],[119.72783,-9.54319,0.0,null],[119.7209,-9.54307,0.0,null],[119.71419,-9.54481,0.0,null],[119.70794,-9.54927,0.0,null],[119.69817,-9.56088,0.0,null],[119.69604,-9.56495,0.0,null],[119.69622,-9.57492,0.0,null],[119.69684,-9.57963,0.0,null],[119.69787,-9.58231,0.0,null],[119.69922,-9.58395,0.0,null],[119.70118,-9.58991,0.0,null],[119.70233,-9.58972,0.0,null],[119.70453,-9.59058,0.0,null],[119.7063,-9.59265,0.0,null],[119.70648,-9.59412,0.0,null],[119.7074,-9.59521,0.0,null],[119.70648,-9.59766,0.0,null],[119.7085,-9.59808,0.0,null],[119.70935,-9.59937,0.0,null],[119.70935,-9.60248,0.0,null],[119.71179,-9.60455,0.0,null],[119.71179,-9.6073,0.0,null],[119.71112,-9.60785,0.0,null],[119.7124,-9.60864,0.0,null],[119.71198,-9.61001,0.0,null],[119.71919,-9.60912,0.0,null],[119.72051,-9.60793,0.0,null],[119.72327,-9.60801,0.0,null],[119.72516,-9.60742,0.0,null],[119.73267,-9.6026,0.0,null],[119.73333,-9.60069,0.0,null],[119.73424,-9.60071,0.0,null],[119.73225,-9.59443,0.0,null],[119.73099,-9.5865,0.0,null]]],[[[119.13383,-9.5849,0.0,null],[119.12922,-9.58384,0.0,null],[119.12418,-9.58067,0.0,null],[119.12145,-9.57979,0.0,null],[119.11322,-9.58172,0.0,null],[119.1118,-9.58255,0.0,null],[119.10974,-9.58525,0.0,null],[119.10722,-9.59306,0.0,null],[119.10402,-9.59977,0.0,null],[119.10592,-9.60476,0.0,null],[119.11372,-9.62022,0.0,null],[119.12097,-9.62868,0.0,null],[119.12385,-9.63019,0.0,null],[119.12635,-9.63053,0.0,null],[119.13529,-9.62776,0.0,null],[119.13682,-9.62467,0.0,null],[119.13677,-9.61481,0.0,null],[119.13729,-9.61055,0.0,null],[119.14,-9.60639,0.0,null],[119.14745,-9.59723,0.0,null],[119.14826,-9.59468,0.0,null],[119.14714,-9.59056,0.0,null],[119.14459,-9.58742,0.0,null],[119.14124,-9.58599,0.0,null],[119.13383,-9.5849,0.0,null]]],[[[119.61002,-9.64686,0.0,null],[119.60486,-9.64729,0.0,null],[119.5973,-9.64975,0.0,null],[119.59232,-9.64975,0.0,null],[119.5846,-9.64791,0.0,null],[119.57062,-9.64794,0.0,null],[119.56594,-9.65011,0.0,null],[119.56055,-9.65467,0.0,null],[119.56337,-9.65942,0.0,null],[119.56574,-9.66202,0.0,null],[119.5705,-9.66431,0.0,null],[119.57133,-9.664,0.0,null],[119.57364,-9.66667,0.0,null],[119.58149,-9.66666,0.0,null],[119.58628,-9.66847,0.0,null],[119.5945,-9.67284,0.0,null],[119.59871,-9.6725,0.0,null],[119.6049,-9.67104,0.0,null],[119.61992,-9.67351,0.0,null],[119.6234,-9.6749,0.0,null],[119.62508,-9.67464,0.0,null],[119.6364,-9.67141,0.0,null],[119.63438,-9.66922,0.0,null],[119.6299,-9.66055,0.0,null],[119.62592,-9.65653,0.0,null],[119.61982,-9.65184,0.0,null],[119.61002,-9.64686,0.0,null]]],[[[119.16335,-9.73188,0.0,null],[119.1674,-9.7313,0.0,null],[119.17552,-9.72821,0.0,null],[119.18333,-9.72318,0.0,null],[119.18698,-9.71974,0.0,null],[119.18768,-9.7173,0.0,null],[119.18671,-9.71356,0.0,null],[119.18671,-9.70993,0.0,null],[119.18965,-9.69612,0.0,null],[119.18952,-9.69506,0.0,null],[119.18757,-9.69327,0.0,null],[119.18488,-9.69272,0.0,null],[119.18155,-9.69349,0.0,null],[119.16949,-9.69957,0.0,null],[119.16553,-9.70067,0.0,null],[119.15958,-9.7037,0.0,null],[119.15591,-9.7049,0.0,null],[119.15358,-9.70655,0.0,null],[119.1506,-9.71397,0.0,null],[119.15072,-9.71597,0.0,null],[119.15371,-9.72054,0.0,null],[119.15746,-9.72928,0.0,null],[119.16027,-9.73122,0.0,null],[119.16335,-9.73188,0.0,null]]],[[[119.18948,-9.58062,0.0,null],[119.1926,-9.57876,0.0,null],[119.19802,-9.57151,0.0,null],[119.20324,-9.56626,0.0,null],[119.20449,-9.56423,0.0,null],[119.20547,-9.56075,0.0,null],[119.20195,-9.55258,0.0,null],[119.19627,-9.54428,0.0,null],[119.19434,-9.54233,0.0,null],[119.19021,-9.54045,0.0,null],[119.18504,-9.54122,0.0,null],[119.17989,-9.54407,0.0,null],[119.17674,-9.54769,0.0,null],[119.17544,-9.55118,0.0,null],[119.17527,-9.55387,0.0,null],[119.17652,-9.56441,0.0,null],[119.17848,-9.57088,0.0,null],[119.18418,-9.57917,0.0,null],[119.1869,-9.58067,0.0,null],[119.18948,-9.58062,0.0,null]]],[[[119.36195,-9.58403,0.0,null],[119.35788,-9.57909,0.0,null],[119.35542,-9.57796,0.0,null],[119.35126,-9.5732,0.0,null],[119.34813,-9.57093,0.0,null],[119.34653,-9.56873,0.0,null],[119.34384,-9.56706,0.0,null],[119.34032,-9.56643,0.0,null],[119.33633,-9.56834,0.0,null],[119.33451,-9.57053,0.0,null],[119.33475,-9.57458,0.0,null],[119.33653,-9.57919,0.0,null],[119.33612,-9.58438,0.0,null],[119.33732,-9.58588,0.0,null],[119.34561,-9.58737,0.0,null],[119.34815,-9.58862,0.0,null],[119.34925,-9.59039,0.0,null],[119.35031,-9.59548,0.0,null],[119.35313,-9.59828,0.0,null],[119.35772,-9.59759,0.0,null],[119.35989,-9.59937,0.0,null],[119.36564,-9.59877,0.0,null],[119.36709,-9.59559,0.0,null],[119.36715,-9.59315,0.0,null],[119.36583,-9.59003,0.0,null],[119.36195,-9.58403,0.0,null]]],[[[119.05278,-9.4605,0.0,null],[119.05141,-9.45982,0.0,null],[119.04962,-9.46333,0.0,null],[119.04797,-9.46456,0.0,null],[119.04814,-9.46663,0.0,null],[119.0491,-9.46831,0.0,null],[119.0484,-9.47059,0.0,null],[119.04506,-9.47087,0.0,null],[119.04479,-9.47139,0.0,null],[119.04537,-9.47326,0.0,null],[119.04879,-9.47716,0.0,null],[119.04838,-9.47852,0.0,null],[119.05413,-9.48062,0.0,null],[119.05903,-9.48468,0.0,null],[119.06187,-9.48467,0.0,null],[119.06498,-9.48222,0.0,null],[119.06823,-9.48416,0.0,null],[119.06929,-9.48401,0.0,null],[119.07134,-9.48153,0.0,null],[119.07088,-9.47909,0.0,null],[119.07194,-9.47531,0.0,null],[119.07228,-9.47021,0.0,null],[119.07093,-9.46711,0.0,null],[119.06743,-9.46368,0.0,null],[119.05884,-9.4616,0.0,null],[119.0569,-9.46174,0.0,null],[119.05571,-9.4603,0.0,null],[119.05278,-9.4605,0.0,null]]]]}}]}
