{"type":"FeatureCollection","name":"meratus-kalimantan-concession-inventory-forestry-ha","metadata":{"coverageId":"kalimantan","parentCoverageId":"indonesia","generatedAt":"2026-08-24T04:32:16Z","pipelineVersion":"2","count":161,"sectors":["PBPH"],"qualities":["OFFICIAL"],"geometryNote":"Web-display geometry is simplified; consult source records for authoritative geometry.","evidenceNote":"A public concession record does not imply fire causation, illegality, or wrongdoing."},"features":[{"type":"Feature","properties":{"inventoryId":"big-forestry-ha:4","sector":"PBPH","subtype":"IUPHHK-HA","quality":"OFFICIAL","sourceDataset":"big-forestry-ha","sourceRecordId":"4","source":"BIG Kebijakan Satu Peta","sourceUrl":"https://kspservices.big.go.id/satupeta/rest/services/PUBLIK/PERIZINAN_DAN_PERTANAHAN/MapServer/1","retrievedAt":"2026-08-24T04:32:16Z","geometryProcessing":"web display simplification tolerance 0.00035 degrees","name":"CV PANGKAR BEGILI","permitNumber":"SK.395/Menhut-II/2007","permitDate":"2007-11-27","areaHa":30195.0,"provinceCode":"61","region":"kalimantan"},"geometry":{"type":"MultiPolygon","coordinates":[[[[112.4343,-0.22099,0.0,null],[112.43779,-0.2092,0.0,null],[112.43832,-0.20468,0.0,null],[112.43704,-0.20062,0.0,null],[112.43382,-0.19703,0.0,null],[112.39224,-0.21611,0.0,null],[112.38377,-0.21927,0.0,null],[112.37694,-0.22067,0.0,null],[112.36471,-0.22575,0.0,null],[112.35715,-0.22763,0.0,null],[112.35195,-0.22823,0.0,null],[112.34307,-0.22007,0.0,null],[112.33502,-0.21013,0.0,null],[112.33115,-0.20718,0.0,null],[112.32693,-0.20601,0.0,null],[112.32189,-0.20629,0.0,null],[112.31798,-0.20804,0.0,null],[112.30782,-0.21897,0.0,null],[112.30093,-0.22814,0.0,null],[112.29501,-0.23715,0.0,null],[112.28853,-0.24501,0.0,null],[112.27587,-0.25728,0.0,null],[112.26776,-0.26163,0.0,null],[112.26064,-0.264,0.0,null],[112.24858,-0.26697,0.0,null],[112.23612,-0.26914,0.0,null],[112.2292,-0.27152,0.0,null],[112.22485,-0.27468,0.0,null],[112.21634,-0.27903,0.0,null],[112.20309,-0.28358,0.0,null],[112.2203,-0.29485,0.0,null],[112.24284,-0.29604,0.0,null],[112.24954,-0.29976,0.0,null],[112.25451,-0.30395,0.0,null],[112.25867,-0.30078,0.0,null],[112.2642,-0.29821,0.0,null],[112.27768,-0.29643,0.0,null],[112.28206,-0.29727,0.0,null],[112.28609,-0.30087,0.0,null],[112.29051,-0.3079,0.0,null],[112.29585,-0.32076,0.0,null],[112.35379,-0.2909,0.0,null],[112.36427,-0.28299,0.0,null],[112.37513,-0.27666,0.0,null],[112.38089,-0.27409,0.0,null],[112.38721,-0.27231,0.0,null],[112.39295,-0.27191,0.0,null],[112.43231,-0.27468,0.0,null],[112.43765,-0.27112,0.0,null],[112.45604,-0.26558,0.0,null],[112.46078,-0.2636,0.0,null],[112.46533,-0.26103,0.0,null],[112.4681,-0.25787,0.0,null],[112.4772,-0.24442,0.0,null],[112.51715,-0.22623,0.0,null],[112.51092,-0.21806,0.0,null],[112.47887,-0.22249,0.0,null],[112.4343,-0.22099,0.0,null]]],[[[112.53214,-0.51387,0.0,null],[112.49661,-0.50543,0.0,null],[112.45225,-0.48455,0.0,null],[112.44659,-0.48111,0.0,null],[112.41193,-0.47697,0.0,null],[112.41147,-0.4739,0.0,null],[112.41983,-0.43071,0.0,null],[112.37761,-0.44112,0.0,null],[112.37808,-0.48433,0.0,null],[112.35647,-0.48466,0.0,null],[112.35622,-0.49566,0.0,null],[112.36077,-0.49602,0.0,null],[112.36839,-0.49818,0.0,null],[112.3802,-0.50603,0.0,null],[112.3895,-0.50821,0.0,null],[112.39143,-0.51162,0.0,null],[112.39627,-0.51667,0.0,null],[112.39886,-0.51847,0.0,null],[112.4034,-0.52012,0.0,null],[112.41038,-0.52114,0.0,null],[112.41412,-0.52036,0.0,null],[112.41999,-0.51733,0.0,null],[112.42341,-0.5167,0.0,null],[112.42893,-0.51691,0.0,null],[112.43655,-0.51939,0.0,null],[112.44582,-0.51946,0.0,null],[112.45068,-0.52079,0.0,null],[112.45747,-0.52585,0.0,null],[112.46216,-0.52831,0.0,null],[112.46784,-0.52852,0.0,null],[112.47127,-0.52757,0.0,null],[112.4807,-0.52667,0.0,null],[112.48985,-0.52819,0.0,null],[112.49212,-0.52934,0.0,null],[112.49812,-0.531,0.0,null],[112.5082,-0.52945,0.0,null],[112.51015,-0.52963,0.0,null],[112.51891,-0.53277,0.0,null],[112.52118,-0.53278,0.0,null],[112.52997,-0.53107,0.0,null],[112.53256,-0.53173,0.0,null],[112.54015,-0.53891,0.0,null],[112.544,-0.54492,0.0,null],[112.54447,-0.54719,0.0,null],[112.54331,-0.55025,0.0,null],[112.54541,-0.55237,0.0,null],[112.54635,-0.55723,0.0,null],[112.5455,-0.56175,0.0,null],[112.56221,-0.57107,0.0,null],[112.56625,-0.56853,0.0,null],[112.57033,-0.56678,0.0,null],[112.57472,-0.56568,0.0,null],[112.5848,-0.5651,0.0,null],[112.58637,-0.55024,0.0,null],[112.58663,-0.51531,0.0,null],[112.57251,-0.51294,0.0,null],[112.56968,-0.52278,0.0,null],[112.53214,-0.51387,0.0,null]]]]}},{"type":"Feature","properties":{"inventoryId":"big-forestry-ha:24","sector":"PBPH","subtype":"IUPHHK-HA","quality":"OFFICIAL","sourceDataset":"big-forestry-ha","sourceRecordId":"24","source":"BIG Kebijakan Satu Peta","sourceUrl":"https://kspservices.big.go.id/satupeta/rest/services/PUBLIK/PERIZINAN_DAN_PERTANAHAN/MapServer/1","retrievedAt":"2026-08-24T04:32:16Z","geometryProcessing":"web display simplification tolerance 0.00035 degrees","name":"CV PARI JAYA MAKMUR","permitNumber":"SK.98/Menhut-II/2006","permitDate":"2006-04-11","areaHa":12730.0,"provinceCode":"64","region":"kalimantan"},"geometry":{"type":"Polygon","coordinates":[[[115.61918,0.42998,0.0,null],[115.62203,0.43925,0.0,null],[115.62833,0.4493,0.0,null],[115.6321,0.4539,0.0,null],[115.60725,0.4618,0.0,null],[115.60491,0.49307,0.0,null],[115.60097,0.5047,0.0,null],[115.5905,0.52111,0.0,null],[115.58211,0.53107,0.0,null],[115.56133,0.52114,0.0,null],[115.55016,0.5074,0.0,null],[115.50889,0.40504,0.0,null],[115.5062,0.3713,0.0,null],[115.50567,0.36998,0.0,null],[115.52402,0.36239,0.0,null],[115.52467,0.36314,0.0,null],[115.52419,0.36714,0.0,null],[115.52554,0.36796,0.0,null],[115.52817,0.36836,0.0,null],[115.53309,0.36558,0.0,null],[115.5368,0.36653,0.0,null],[115.53733,0.36836,0.0,null],[115.53687,0.36891,0.0,null],[115.53497,0.36911,0.0,null],[115.53316,0.37006,0.0,null],[115.53289,0.37108,0.0,null],[115.53531,0.37338,0.0,null],[115.53928,0.37556,0.0,null],[115.54009,0.37746,0.0,null],[115.53969,0.37997,0.0,null],[115.54037,0.38214,0.0,null],[115.54198,0.38092,0.0,null],[115.54279,0.37895,0.0,null],[115.54508,0.37746,0.0,null],[115.54616,0.37746,0.0,null],[115.54845,0.37942,0.0,null],[115.54993,0.38193,0.0,null],[115.55303,0.38356,0.0,null],[115.55337,0.38499,0.0,null],[115.55115,0.38573,0.0,null],[115.54919,0.38831,0.0,null],[115.54926,0.39014,0.0,null],[115.55026,0.39184,0.0,null],[115.55241,0.39278,0.0,null],[115.55355,0.39247,0.0,null],[115.55394,0.39157,0.0,null],[115.55357,0.38723,0.0,null],[115.55532,0.38546,0.0,null],[115.55721,0.38533,0.0,null],[115.5591,0.38641,0.0,null],[115.55943,0.38743,0.0,null],[115.55943,0.38845,0.0,null],[115.55579,0.39157,0.0,null],[115.55573,0.39302,0.0,null],[115.55632,0.39412,0.0,null],[115.55835,0.39495,0.0,null],[115.56038,0.39389,0.0,null],[115.56145,0.39225,0.0,null],[115.56253,0.3877,0.0,null],[115.56341,0.38689,0.0,null],[115.56624,0.38641,0.0,null],[115.56725,0.38669,0.0,null],[115.56779,0.3875,0.0,null],[115.56913,0.39248,0.0,null],[115.56765,0.39346,0.0,null],[115.56277,0.39294,0.0,null],[115.56198,0.39412,0.0,null],[115.56233,0.39548,0.0,null],[115.56529,0.39862,0.0,null],[115.56516,0.40093,0.0,null],[115.56334,0.40276,0.0,null],[115.55862,0.40344,0.0,null],[115.55653,0.40615,0.0,null],[115.55788,0.40907,0.0,null],[115.55862,0.40968,0.0,null],[115.56051,0.40989,0.0,null],[115.56287,0.40894,0.0,null],[115.56367,0.40778,0.0,null],[115.56367,0.40412,0.0,null],[115.56516,0.40263,0.0,null],[115.56691,0.4031,0.0,null],[115.56718,0.40392,0.0,null],[115.56596,0.40602,0.0,null],[115.56698,0.40731,0.0,null],[115.57055,0.40568,0.0,null],[115.57317,0.40575,0.0,null],[115.57432,0.40697,0.0,null],[115.57425,0.40901,0.0,null],[115.5731,0.41016,0.0,null],[115.56846,0.41043,0.0,null],[115.56596,0.41158,0.0,null],[115.56576,0.41307,0.0,null],[115.5667,0.41477,0.0,null],[115.56947,0.41497,0.0,null],[115.57061,0.41314,0.0,null],[115.57156,0.41287,0.0,null],[115.57284,0.41403,0.0,null],[115.5727,0.41511,0.0,null],[115.57156,0.4166,0.0,null],[115.5694,0.41823,0.0,null],[115.56927,0.41918,0.0,null],[115.57061,0.42094,0.0,null],[115.57263,0.42189,0.0,null],[115.57782,0.42285,0.0,null],[115.58099,0.42183,0.0,null],[115.5836,0.4219,0.0,null],[115.58551,0.41981,0.0,null],[115.5867,0.41669,0.0,null],[115.58765,0.41634,0.0,null],[115.58907,0.41681,0.0,null],[115.58967,0.41837,0.0,null],[115.58967,0.42172,0.0,null],[115.58865,0.42306,0.0,null],[115.58577,0.42359,0.0,null],[115.58469,0.42481,0.0,null],[115.58469,0.42705,0.0,null],[115.58617,0.42909,0.0,null],[115.5882,0.42983,0.0,null],[115.58853,0.42922,0.0,null],[115.58806,0.42719,0.0,null],[115.58927,0.42739,0.0,null],[115.58974,0.42895,0.0,null],[115.59163,0.43024,0.0,null],[115.59271,0.42631,0.0,null],[115.59386,0.42617,0.0,null],[115.59729,0.42834,0.0,null],[115.59972,0.43126,0.0,null],[115.60033,0.43296,0.0,null],[115.60248,0.4337,0.0,null],[115.6041,0.43275,0.0,null],[115.60558,0.43092,0.0,null],[115.6076,0.43031,0.0,null],[115.60841,0.43065,0.0,null],[115.60996,0.43174,0.0,null],[115.61037,0.43309,0.0,null],[115.60726,0.43778,0.0,null],[115.60733,0.43886,0.0,null],[115.60841,0.44022,0.0,null],[115.61333,0.44198,0.0,null],[115.61468,0.44191,0.0,null],[115.61521,0.44103,0.0,null],[115.61481,0.43825,0.0,null],[115.61353,0.43601,0.0,null],[115.61703,0.43357,0.0,null],[115.61791,0.43065,0.0,null],[115.61918,0.42998,0.0,null]]]}},{"type":"Feature","properties":{"inventoryId":"big-forestry-ha:90","sector":"PBPH","subtype":"IUPHHK-HA","quality":"OFFICIAL","sourceDataset":"big-forestry-ha","sourceRecordId":"90","source":"BIG Kebijakan Satu Peta","sourceUrl":"https://kspservices.big.go.id/satupeta/rest/services/PUBLIK/PERIZINAN_DAN_PERTANAHAN/MapServer/1","retrievedAt":"2026-08-24T04:32:16Z","geometryProcessing":"web display simplification tolerance 0.00035 degrees","name":"KOP. PONDOK PESANTREN DARUSSALAM","permitNumber":"SK.112/Kpts-II/2000","permitDate":"2000-12-29","areaHa":21690.0,"provinceCode":"64","region":"kalimantan"},"geometry":{"type":"Polygon","coordinates":[[[115.65119,0.09833,0.0,null],[115.65524,0.09662,0.0,null],[115.74351,0.14412,0.0,null],[115.73719,0.15575,0.0,null],[115.7323,0.17023,0.0,null],[115.73311,0.18899,0.0,null],[115.73409,0.19491,0.0,null],[115.73217,0.19637,0.0,null],[115.72477,0.20451,0.0,null],[115.71674,0.21436,0.0,null],[115.70574,0.24584,0.0,null],[115.6944,0.27028,0.0,null],[115.64864,0.30963,0.0,null],[115.61226,0.18225,0.0,null],[115.62074,0.16375,0.0,null],[115.62675,0.14879,0.0,null],[115.65119,0.09833,0.0,null]]]}},{"type":"Feature","properties":{"inventoryId":"big-forestry-ha:97","sector":"PBPH","subtype":"IUPHHK-HA","quality":"OFFICIAL","sourceDataset":"big-forestry-ha","sourceRecordId":"97","source":"BIG Kebijakan Satu Peta","sourceUrl":"https://kspservices.big.go.id/satupeta/rest/services/PUBLIK/PERIZINAN_DAN_PERTANAHAN/MapServer/1","retrievedAt":"2026-08-24T04:32:16Z","geometryProcessing":"web display simplification tolerance 0.00035 degrees","name":"KSU. MAYANG PUTRI PRIMA","permitNumber":"SK.103/Menhut-II/2006","permitDate":"2006-04-11","areaHa":13110.0,"provinceCode":"64","region":"kalimantan"},"geometry":{"type":"Polygon","coordinates":[[[115.50567,0.51314,0.0,null],[115.50688,0.51871,0.0,null],[115.50502,0.52613,0.0,null],[115.50504,0.53028,0.0,null],[115.50621,0.53631,0.0,null],[115.5075,0.53978,0.0,null],[115.50819,0.56087,0.0,null],[115.49872,0.56437,0.0,null],[115.49267,0.57172,0.0,null],[115.49062,0.57253,0.0,null],[115.45306,0.61993,0.0,null],[115.43075,0.63374,0.0,null],[115.427,0.63025,0.0,null],[115.42667,0.62921,0.0,null],[115.42738,0.62083,0.0,null],[115.42955,0.61801,0.0,null],[115.43202,0.61716,0.0,null],[115.43514,0.61396,0.0,null],[115.43728,0.60308,0.0,null],[115.43703,0.60019,0.0,null],[115.42971,0.58782,0.0,null],[115.41665,0.56797,0.0,null],[115.41287,0.56317,0.0,null],[115.41102,0.55809,0.0,null],[115.41214,0.54878,0.0,null],[115.41446,0.54375,0.0,null],[115.42187,0.53321,0.0,null],[115.42993,0.52515,0.0,null],[115.42684,0.5222,0.0,null],[115.4253,0.51964,0.0,null],[115.42453,0.51559,0.0,null],[115.42291,0.5129,0.0,null],[115.4195,0.51264,0.0,null],[115.41805,0.51163,0.0,null],[115.41643,0.50981,0.0,null],[115.4156,0.50723,0.0,null],[115.41004,0.50232,0.0,null],[115.4267,0.4856,0.0,null],[115.46016,0.4678,0.0,null],[115.47895,0.4551,0.0,null],[115.48297,0.4645,0.0,null],[115.48894,0.4746,0.0,null],[115.49535,0.48942,0.0,null],[115.49688,0.49198,0.0,null],[115.50353,0.49897,0.0,null],[115.5062,0.5033,0.0,null],[115.50567,0.51314,0.0,null]]]}},{"type":"Feature","properties":{"inventoryId":"big-forestry-ha:120","sector":"PBPH","subtype":"IUPHHK-HA","quality":"OFFICIAL","sourceDataset":"big-forestry-ha","sourceRecordId":"120","source":"BIG Kebijakan Satu Peta","sourceUrl":"https://kspservices.big.go.id/satupeta/rest/services/PUBLIK/PERIZINAN_DAN_PERTANAHAN/MapServer/1","retrievedAt":"2026-08-24T04:32:16Z","geometryProcessing":"web display simplification tolerance 0.00035 degrees","name":"KSU. MERANTI TUMBUH INDAH","permitNumber":"SK.204/Menhut-II/2006","permitDate":"2006-06-08","areaHa":15080.0,"provinceCode":"65","region":"kalimantan"},"geometry":{"type":"Polygon","coordinates":[[[116.81627,4.15546,0.0,null],[116.8172,4.15576,0.0,null],[116.81715,4.15655,0.0,null],[116.81523,4.15705,0.0,null],[116.8145,4.15862,0.0,null],[116.81876,4.16185,0.0,null],[116.82898,4.18807,0.0,null],[116.80825,4.21179,0.0,null],[116.79727,4.2124,0.0,null],[116.79757,4.23703,0.0,null],[116.79605,4.23916,0.0,null],[116.77135,4.24037,0.0,null],[116.76677,4.2422,0.0,null],[116.76342,4.24402,0.0,null],[116.75976,4.24767,0.0,null],[116.7564,4.25254,0.0,null],[116.75505,4.25347,0.0,null],[116.75375,4.25348,0.0,null],[116.74933,4.25667,0.0,null],[116.74232,4.25942,0.0,null],[116.73933,4.26274,0.0,null],[116.73705,4.27321,0.0,null],[116.73306,4.27886,0.0,null],[116.75244,4.31397,0.0,null],[116.74512,4.31214,0.0,null],[116.73963,4.30941,0.0,null],[116.73414,4.30758,0.0,null],[116.72225,4.30849,0.0,null],[116.71524,4.31032,0.0,null],[116.71158,4.31032,0.0,null],[116.69538,4.20534,0.0,null],[116.69614,4.20451,0.0,null],[116.69647,4.2027,0.0,null],[116.69765,4.20201,0.0,null],[116.69854,4.2006,0.0,null],[116.69974,4.20101,0.0,null],[116.70155,4.1997,0.0,null],[116.70061,4.19812,0.0,null],[116.70099,4.19736,0.0,null],[116.70205,4.19888,0.0,null],[116.70359,4.19916,0.0,null],[116.70505,4.20085,0.0,null],[116.7064,4.2006,0.0,null],[116.70745,4.20129,0.0,null],[116.70958,4.20014,0.0,null],[116.71069,4.20059,0.0,null],[116.71167,4.20003,0.0,null],[116.71337,4.19848,0.0,null],[116.713,4.19555,0.0,null],[116.7158,4.19538,0.0,null],[116.71607,4.19334,0.0,null],[116.71763,4.19298,0.0,null],[116.71787,4.19207,0.0,null],[116.72127,4.18992,0.0,null],[116.72361,4.18697,0.0,null],[116.72607,4.18634,0.0,null],[116.72665,4.18297,0.0,null],[116.72987,4.1839,0.0,null],[116.72895,4.18119,0.0,null],[116.72975,4.18043,0.0,null],[116.7307,4.18146,0.0,null],[116.73167,4.18117,0.0,null],[116.7336,4.17584,0.0,null],[116.73414,4.17572,0.0,null],[116.73421,4.17718,0.0,null],[116.73538,4.17776,0.0,null],[116.73201,4.1467,0.0,null],[116.80977,4.13879,0.0,null],[116.81627,4.15546,0.0,null]]]}},{"type":"Feature","properties":{"inventoryId":"big-forestry-ha:209","sector":"PBPH","subtype":"IUPHHK-HA","quality":"OFFICIAL","sourceDataset":"big-forestry-ha","sourceRecordId":"209","source":"BIG Kebijakan Satu Peta","sourceUrl":"https://kspservices.big.go.id/satupeta/rest/services/PUBLIK/PERIZINAN_DAN_PERTANAHAN/MapServer/1","retrievedAt":"2026-08-24T04:32:16Z","geometryProcessing":"web display simplification tolerance 0.00035 degrees","name":"KUD BERINGIN MULYA","permitNumber":"845/Kpts-II/99","permitDate":"1999-07-10","areaHa":23635.0,"provinceCode":"64","region":"kalimantan"},"geometry":{"type":"Polygon","coordinates":[[[115.73052,0.67402,0.0,null],[115.72971,0.67538,0.0,null],[115.73133,0.67694,0.0,null],[115.7312,0.72331,0.0,null],[115.72024,0.71907,0.0,null],[115.70606,0.70148,0.0,null],[115.71065,0.66378,0.0,null],[115.70665,0.64353,0.0,null],[115.6801,0.61049,0.0,null],[115.68225,0.58982,0.0,null],[115.69984,0.5808,0.0,null],[115.72592,0.57934,0.0,null],[115.75887,0.56519,0.0,null],[115.75976,0.564,0.0,null],[115.76676,0.59074,0.0,null],[115.88411,0.60393,0.0,null],[115.87922,0.60959,0.0,null],[115.87557,0.61877,0.0,null],[115.85825,0.69138,0.0,null],[115.85789,0.69214,0.0,null],[115.85721,0.69193,0.0,null],[115.85471,0.68963,0.0,null],[115.85256,0.68895,0.0,null],[115.85107,0.69017,0.0,null],[115.85094,0.69275,0.0,null],[115.85014,0.69336,0.0,null],[115.84845,0.69336,0.0,null],[115.84737,0.69132,0.0,null],[115.84618,0.69103,0.0,null],[115.84551,0.69153,0.0,null],[115.84441,0.69386,0.0,null],[115.8443,0.69644,0.0,null],[115.84796,0.69697,0.0,null],[115.8484,0.69856,0.0,null],[115.84804,0.69924,0.0,null],[115.84575,0.69965,0.0,null],[115.84383,0.70095,0.0,null],[115.84325,0.70263,0.0,null],[115.8447,0.70482,0.0,null],[115.84464,0.70625,0.0,null],[115.84342,0.70815,0.0,null],[115.84133,0.70747,0.0,null],[115.84073,0.70672,0.0,null],[115.83938,0.70665,0.0,null],[115.8321,0.71086,0.0,null],[115.83041,0.71031,0.0,null],[115.82907,0.70692,0.0,null],[115.82765,0.70665,0.0,null],[115.82603,0.70801,0.0,null],[115.82577,0.71106,0.0,null],[115.82523,0.71174,0.0,null],[115.82253,0.71174,0.0,null],[115.82132,0.71024,0.0,null],[115.8215,0.70693,0.0,null],[115.82105,0.70508,0.0,null],[115.82053,0.70463,0.0,null],[115.81862,0.70464,0.0,null],[115.81817,0.70286,0.0,null],[115.81878,0.70096,0.0,null],[115.81651,0.70003,0.0,null],[115.81569,0.69628,0.0,null],[115.81441,0.69641,0.0,null],[115.81097,0.69932,0.0,null],[115.80922,0.69912,0.0,null],[115.80882,0.69857,0.0,null],[115.80814,0.69437,0.0,null],[115.80827,0.69084,0.0,null],[115.80746,0.68948,0.0,null],[115.80706,0.68704,0.0,null],[115.80653,0.68663,0.0,null],[115.80511,0.68717,0.0,null],[115.80228,0.68656,0.0,null],[115.80154,0.68521,0.0,null],[115.80174,0.68412,0.0,null],[115.80315,0.68256,0.0,null],[115.80307,0.67311,0.0,null],[115.8026,0.67176,0.0,null],[115.80138,0.66986,0.0,null],[115.79951,0.6699,0.0,null],[115.79859,0.67058,0.0,null],[115.79852,0.67146,0.0,null],[115.79919,0.67458,0.0,null],[115.7963,0.67513,0.0,null],[115.79569,0.67431,0.0,null],[115.79569,0.67289,0.0,null],[115.79691,0.66963,0.0,null],[115.79529,0.66814,0.0,null],[115.79427,0.6642,0.0,null],[115.79306,0.66312,0.0,null],[115.79212,0.66312,0.0,null],[115.7901,0.66556,0.0,null],[115.78673,0.66597,0.0,null],[115.78727,0.67119,0.0,null],[115.78619,0.67234,0.0,null],[115.78484,0.67641,0.0,null],[115.78362,0.6775,0.0,null],[115.7785,0.67458,0.0,null],[115.77871,0.67275,0.0,null],[115.78107,0.67187,0.0,null],[115.78316,0.66963,0.0,null],[115.78383,0.66685,0.0,null],[115.78208,0.66583,0.0,null],[115.77655,0.66474,0.0,null],[115.77581,0.66481,0.0,null],[115.77528,0.66576,0.0,null],[115.77743,0.66678,0.0,null],[115.77769,0.67051,0.0,null],[115.77122,0.67139,0.0,null],[115.76894,0.67641,0.0,null],[115.76759,0.67756,0.0,null],[115.76301,0.67519,0.0,null],[115.76132,0.67559,0.0,null],[115.75957,0.67464,0.0,null],[115.76227,0.6701,0.0,null],[115.76166,0.66908,0.0,null],[115.75802,0.6684,0.0,null],[115.75681,0.66596,0.0,null],[115.75337,0.66697,0.0,null],[115.75034,0.6663,0.0,null],[115.74953,0.66677,0.0,null],[115.74933,0.66887,0.0,null],[115.7471,0.66779,0.0,null],[115.74582,0.6703,0.0,null],[115.74205,0.67199,0.0,null],[115.73969,0.67565,0.0,null],[115.73942,0.6783,0.0,null],[115.73766,0.67755,0.0,null],[115.73746,0.67511,0.0,null],[115.73328,0.6747,0.0,null],[115.73235,0.67375,0.0,null],[115.73052,0.67402,0.0,null]]]}},{"type":"Feature","properties":{"inventoryId":"big-forestry-ha:1","sector":"PBPH","subtype":"IUPHHK-HA","quality":"OFFICIAL","sourceDataset":"big-forestry-ha","sourceRecordId":"1","source":"BIG Kebijakan Satu Peta","sourceUrl":"https://kspservices.big.go.id/satupeta/rest/services/PUBLIK/PERIZINAN_DAN_PERTANAHAN/MapServer/1","retrievedAt":"2026-08-24T04:32:16Z","geometryProcessing":"web display simplification tolerance 0.00035 degrees","name":"PT ACK RIMBA LESTARI (DH.PTAGRO CITY KALTIM)","permitNumber":"1/1/IUPHHK-PB/PMDN/2015","permitDate":"2015-03-19","areaHa":16470.0,"provinceCode":"64","region":"kalimantan"},"geometry":{"type":"Polygon","coordinates":[[[114.98152,0.17589,0.0,null],[114.98098,0.17589,0.0,null],[114.98037,0.17718,0.0,null],[114.97984,0.17711,0.0,null],[114.97943,0.17535,0.0,null],[114.97781,0.17548,0.0,null],[114.97579,0.17257,0.0,null],[114.97512,0.17487,0.0,null],[114.97121,0.17691,0.0,null],[114.97,0.1727,0.0,null],[114.96858,0.17013,0.0,null],[114.96771,0.16992,0.0,null],[114.96656,0.17033,0.0,null],[114.9665,0.17114,0.0,null],[114.96731,0.17155,0.0,null],[114.96629,0.17257,0.0,null],[114.96784,0.17386,0.0,null],[114.96508,0.17392,0.0,null],[114.9665,0.17535,0.0,null],[114.9665,0.17677,0.0,null],[114.96374,0.17643,0.0,null],[114.96353,0.17935,0.0,null],[114.96218,0.1786,0.0,null],[114.96165,0.17677,0.0,null],[114.96084,0.17657,0.0,null],[114.95882,0.17921,0.0,null],[114.95787,0.17928,0.0,null],[114.95747,0.18091,0.0,null],[114.95545,0.18104,0.0,null],[114.95491,0.1822,0.0,null],[114.95363,0.18206,0.0,null],[114.95275,0.18294,0.0,null],[114.95141,0.18314,0.0,null],[114.94946,0.18233,0.0,null],[114.94905,0.18362,0.0,null],[114.9475,0.18409,0.0,null],[114.9473,0.18493,0.0,null],[114.94568,0.18589,0.0,null],[114.9405,0.18609,0.0,null],[114.93587,0.15963,0.0,null],[114.94925,0.10814,0.0,null],[114.95011,0.10339,0.0,null],[114.95013,0.09649,0.0,null],[114.94882,0.08017,0.0,null],[114.94238,0.06211,0.0,null],[114.94071,0.05296,0.0,null],[114.94554,0.04021,0.0,null],[114.94727,0.0321,0.0,null],[114.95738,0.00708,0.0,null],[114.96105,0.00085,0.0,null],[114.96387,-0.0077,0.0,null],[114.9644,-0.01306,0.0,null],[114.96381,-0.03002,0.0,null],[114.96307,-0.03969,0.0,null],[114.96004,-0.06147,0.0,null],[114.95923,-0.07226,0.0,null],[114.95993,-0.08202,0.0,null],[114.96403,-0.10487,0.0,null],[114.96557,-0.11022,0.0,null],[114.96787,-0.1161,0.0,null],[114.97031,-0.12038,0.0,null],[114.97507,-0.12678,0.0,null],[114.97788,-0.12946,0.0,null],[114.98374,-0.13224,0.0,null],[114.98891,-0.13381,0.0,null],[114.99834,-0.13522,0.0,null],[115.00317,-0.13523,0.0,null],[115.02576,-0.13232,0.0,null],[115.03356,-0.12984,0.0,null],[115.04292,-0.11027,0.0,null],[115.02028,-0.11219,0.0,null],[115.0127,-0.10086,0.0,null],[115.00523,-0.08301,0.0,null],[115.02208,-0.03096,0.0,null],[115.02326,-0.01495,0.0,null],[115.00803,0.00218,0.0,null],[114.99419,-0.01832,0.0,null],[114.97782,-0.01957,0.0,null],[114.97247,-0.00216,0.0,null],[114.97758,0.03352,0.0,null],[114.9744,0.07566,0.0,null],[114.98292,0.09557,0.0,null],[114.99203,0.12408,0.0,null],[114.99677,0.14206,0.0,null],[114.98946,0.14839,0.0,null],[114.98152,0.17589,0.0,null]]]}},{"type":"Feature","properties":{"inventoryId":"big-forestry-ha:11","sector":"PBPH","subtype":"IUPHHK-HA","quality":"OFFICIAL","sourceDataset":"big-forestry-ha","sourceRecordId":"11","source":"BIG Kebijakan Satu Peta","sourceUrl":"https://kspservices.big.go.id/satupeta/rest/services/PUBLIK/PERIZINAN_DAN_PERTANAHAN/MapServer/1","retrievedAt":"2026-08-24T04:32:16Z","geometryProcessing":"web display simplification tolerance 0.00035 degrees","name":"PT ADIMITRA LESTARI","permitNumber":"SK.202/Menhut-II/2008","permitDate":"2008-05-21","areaHa":52100.0,"provinceCode":"65","region":"kalimantan"},"geometry":{"type":"Polygon","coordinates":[[[116.9683,4.33713,0.0,null],[116.96152,4.33789,0.0,null],[116.95873,4.33892,0.0,null],[116.95531,4.34111,0.0,null],[116.94883,4.35001,0.0,null],[116.94507,4.35334,0.0,null],[116.94125,4.35443,0.0,null],[116.93315,4.35385,0.0,null],[116.92471,4.35476,0.0,null],[116.91883,4.35797,0.0,null],[116.91051,4.36423,0.0,null],[116.90578,4.36382,0.0,null],[116.90047,4.36124,0.0,null],[116.88933,4.3517,0.0,null],[116.88765,4.34927,0.0,null],[116.88671,4.34943,0.0,null],[116.87218,4.33764,0.0,null],[116.86522,4.33448,0.0,null],[116.85619,4.33354,0.0,null],[116.85312,4.33273,0.0,null],[116.8454,4.32942,0.0,null],[116.84262,4.32595,0.0,null],[116.84173,4.32698,0.0,null],[116.84141,4.32646,0.0,null],[116.8401,4.32631,0.0,null],[116.83954,4.32689,0.0,null],[116.83221,4.32576,0.0,null],[116.82909,4.32639,0.0,null],[116.81633,4.33942,0.0,null],[116.81149,4.34264,0.0,null],[116.80824,4.34384,0.0,null],[116.80463,4.34263,0.0,null],[116.79767,4.33842,0.0,null],[116.79163,4.33728,0.0,null],[116.78963,4.33738,0.0,null],[116.78626,4.33956,0.0,null],[116.78404,4.3422,0.0,null],[116.78333,4.34387,0.0,null],[116.78194,4.33537,0.0,null],[116.77279,4.31706,0.0,null],[116.75473,4.3013,0.0,null],[116.74361,4.2973,0.0,null],[116.73306,4.27886,0.0,null],[116.73705,4.27321,0.0,null],[116.73933,4.26274,0.0,null],[116.74232,4.25942,0.0,null],[116.74933,4.25667,0.0,null],[116.75375,4.25348,0.0,null],[116.83545,4.25418,0.0,null],[116.87383,4.25327,0.0,null],[116.94711,4.25585,0.0,null],[116.97601,4.25448,0.0,null],[117.01456,4.25361,0.0,null],[117.05746,4.25495,0.0,null],[117.08801,4.25434,0.0,null],[117.0938,4.2577,0.0,null],[117.09756,4.26147,0.0,null],[117.09862,4.26183,0.0,null],[117.0994,4.26144,0.0,null],[117.09895,4.26398,0.0,null],[117.09969,4.26523,0.0,null],[117.10193,4.26249,0.0,null],[117.10367,4.26274,0.0,null],[117.10739,4.26448,0.0,null],[117.11286,4.26274,0.0,null],[117.11684,4.26099,0.0,null],[117.11883,4.25874,0.0,null],[117.11933,4.257,0.0,null],[117.12181,4.256,0.0,null],[117.1238,4.25675,0.0,null],[117.12604,4.25899,0.0,null],[117.12902,4.25924,0.0,null],[117.13474,4.255,0.0,null],[117.13675,4.25245,0.0,null],[117.13881,4.25124,0.0,null],[117.14012,4.24865,0.0,null],[117.14288,4.24896,0.0,null],[117.15028,4.25189,0.0,null],[117.15356,4.2507,0.0,null],[117.15643,4.24746,0.0,null],[117.16007,4.24586,0.0,null],[117.16475,4.24425,0.0,null],[117.16757,4.24391,0.0,null],[117.18881,4.23696,0.0,null],[117.2033,4.24917,0.0,null],[117.19695,4.25578,0.0,null],[117.21627,4.26417,0.0,null],[117.24882,4.23544,0.0,null],[117.26764,4.239,0.0,null],[117.26866,4.25197,0.0,null],[117.25518,4.26951,0.0,null],[117.26154,4.27358,0.0,null],[117.2178,4.34326,0.0,null],[117.21218,4.35068,0.0,null],[117.2129,4.34409,0.0,null],[117.21111,4.34133,0.0,null],[117.20779,4.33852,0.0,null],[117.2031,4.33588,0.0,null],[117.20053,4.33598,0.0,null],[117.19968,4.3352,0.0,null],[117.19816,4.33555,0.0,null],[117.19744,4.33674,0.0,null],[117.19601,4.33564,0.0,null],[117.19398,4.33705,0.0,null],[117.19241,4.33681,0.0,null],[117.19134,4.33724,0.0,null],[117.19124,4.33815,0.0,null],[117.19063,4.33845,0.0,null],[117.18639,4.33823,0.0,null],[117.18403,4.33684,0.0,null],[117.18315,4.33688,0.0,null],[117.17818,4.33363,0.0,null],[117.17308,4.33237,0.0,null],[117.14197,4.34293,0.0,null],[117.13975,4.34322,0.0,null],[117.1319,4.34138,0.0,null],[117.114,4.33258,0.0,null],[117.1077,4.33085,0.0,null],[117.10336,4.33097,0.0,null],[117.08974,4.33358,0.0,null],[117.08558,4.33418,0.0,null],[117.08404,4.33392,0.0,null],[117.08385,4.33448,0.0,null],[117.07726,4.33573,0.0,null],[117.07562,4.33597,0.0,null],[117.07542,4.33555,0.0,null],[117.07492,4.33607,0.0,null],[117.05566,4.34026,0.0,null],[117.04693,4.34371,0.0,null],[117.04237,4.34331,0.0,null],[117.03738,4.34129,0.0,null],[117.0328,4.33738,0.0,null],[117.0286,4.33032,0.0,null],[117.02476,4.32027,0.0,null],[117.02281,4.31871,0.0,null],[117.01823,4.3167,0.0,null],[117.01497,4.31722,0.0,null],[117.01196,4.31877,0.0,null],[117.01029,4.32088,0.0,null],[117.00919,4.32129,0.0,null],[117.00623,4.32105,0.0,null],[117.00612,4.32687,0.0,null],[117.00728,4.32786,0.0,null],[117.00637,4.32968,0.0,null],[117.00661,4.33209,0.0,null],[117.00457,4.33628,0.0,null],[117.00002,4.33963,0.0,null],[116.9767,4.33739,0.0,null],[116.9683,4.33713,0.0,null]]]}},{"type":"Feature","properties":{"inventoryId":"big-forestry-ha:17","sector":"PBPH","subtype":"IUPHHK-HA","quality":"OFFICIAL","sourceDataset":"big-forestry-ha","sourceRecordId":"17","source":"BIG Kebijakan Satu Peta","sourceUrl":"https://kspservices.big.go.id/satupeta/rest/services/PUBLIK/PERIZINAN_DAN_PERTANAHAN/MapServer/1","retrievedAt":"2026-08-24T04:32:16Z","geometryProcessing":"web display simplification tolerance 0.00035 degrees","name":"PT ADITYA KIRANA MANDIRI","permitNumber":"SK.862/Kpts-VI/1999","permitDate":"1999-10-12","areaHa":42700.0,"provinceCode":"64","region":"kalimantan"},"geometry":{"type":"MultiPolygon","coordinates":[[[[116.51266,2.05244,0.0,null],[116.49248,2.07199,0.0,null],[116.46287,2.0205,0.0,null],[116.45667,2.01102,0.0,null],[116.44914,1.99778,0.0,null],[116.44836,1.99267,0.0,null],[116.50885,1.99394,0.0,null],[116.51022,1.99197,0.0,null],[116.51184,1.9929,0.0,null],[116.51299,1.99154,0.0,null],[116.51599,1.99144,0.0,null],[116.51776,1.9883,0.0,null],[116.52166,1.98807,0.0,null],[116.52347,1.98717,0.0,null],[116.52967,1.98228,0.0,null],[116.53123,1.98179,0.0,null],[116.53281,1.97913,0.0,null],[116.53615,1.97927,0.0,null],[116.54031,1.97244,0.0,null],[116.54173,1.97263,0.0,null],[116.54218,1.97393,0.0,null],[116.54468,1.97466,0.0,null],[116.54736,1.97426,0.0,null],[116.54775,1.97272,0.0,null],[116.5451,1.97043,0.0,null],[116.54498,1.9696,0.0,null],[116.5466,1.96705,0.0,null],[116.54728,1.96714,0.0,null],[116.54784,1.96831,0.0,null],[116.54865,1.96836,0.0,null],[116.55064,1.96583,0.0,null],[116.55205,1.96579,0.0,null],[116.55278,1.96365,0.0,null],[116.55473,1.96186,0.0,null],[116.55569,1.95755,0.0,null],[116.5593,1.95854,0.0,null],[116.56026,1.9555,0.0,null],[116.56151,1.95444,0.0,null],[116.56423,1.95569,0.0,null],[116.56592,1.9556,0.0,null],[116.56649,1.95418,0.0,null],[116.56535,1.952,0.0,null],[116.56612,1.95089,0.0,null],[116.56757,1.95112,0.0,null],[116.56909,1.95222,0.0,null],[116.57247,1.95229,0.0,null],[116.57328,1.95041,0.0,null],[116.57516,1.94926,0.0,null],[116.5765,1.94694,0.0,null],[116.5788,1.94659,0.0,null],[116.58058,1.9453,0.0,null],[116.58228,1.94484,0.0,null],[116.5839,1.94126,0.0,null],[116.58625,1.9403,0.0,null],[116.58678,1.93763,0.0,null],[116.59138,1.93832,0.0,null],[116.59375,1.93535,0.0,null],[116.59603,1.93547,0.0,null],[116.59826,1.93342,0.0,null],[116.60208,1.93297,0.0,null],[116.60239,1.92981,0.0,null],[116.60533,1.92882,0.0,null],[116.60584,1.92486,0.0,null],[116.60719,1.92353,0.0,null],[116.60707,1.92236,0.0,null],[116.60789,1.92069,0.0,null],[116.60904,1.92012,0.0,null],[116.61065,1.92053,0.0,null],[116.61496,1.92027,0.0,null],[116.61546,1.9194,0.0,null],[116.61535,1.91695,0.0,null],[116.6175,1.91748,0.0,null],[116.61923,1.9149,0.0,null],[116.62708,1.91575,0.0,null],[116.62891,1.91719,0.0,null],[116.63127,1.91774,0.0,null],[116.63161,1.9196,0.0,null],[116.63263,1.92062,0.0,null],[116.63397,1.92016,0.0,null],[116.63598,1.91837,0.0,null],[116.63563,1.91625,0.0,null],[116.63623,1.91506,0.0,null],[116.63854,1.91541,0.0,null],[116.63966,1.91636,0.0,null],[116.64301,1.91609,0.0,null],[116.64358,1.91691,0.0,null],[116.6425,1.91939,0.0,null],[116.64441,1.92197,0.0,null],[116.64371,1.92489,0.0,null],[116.6444,1.92578,0.0,null],[116.64663,1.92596,0.0,null],[116.64904,1.92807,0.0,null],[116.65546,1.92715,0.0,null],[116.65745,1.9299,0.0,null],[116.66166,1.9291,0.0,null],[116.66204,1.92937,0.0,null],[116.66144,1.93052,0.0,null],[116.66445,1.93262,0.0,null],[116.66655,1.9326,0.0,null],[116.67208,1.93426,0.0,null],[116.67446,1.9366,0.0,null],[116.67764,1.93645,0.0,null],[116.67992,1.93895,0.0,null],[116.68374,1.93857,0.0,null],[116.68456,1.94061,0.0,null],[116.68646,1.94169,0.0,null],[116.69003,1.94023,0.0,null],[116.69251,1.94019,0.0,null],[116.69516,1.93911,0.0,null],[116.69605,1.93746,0.0,null],[116.6964,1.93304,0.0,null],[116.69808,1.93369,0.0,null],[116.70107,1.92906,0.0,null],[116.70076,1.92473,0.0,null],[116.70309,1.92458,0.0,null],[116.706,1.92547,0.0,null],[116.70974,1.922,0.0,null],[116.71231,1.92232,0.0,null],[116.71347,1.92305,0.0,null],[116.71597,1.92095,0.0,null],[116.71967,1.92203,0.0,null],[116.72063,1.91861,0.0,null],[116.72151,1.9196,0.0,null],[116.7248,1.91926,0.0,null],[116.72737,1.91822,0.0,null],[116.72742,1.91461,0.0,null],[116.72968,1.91528,0.0,null],[116.73265,1.91474,0.0,null],[116.73359,1.91573,0.0,null],[116.73326,1.91739,0.0,null],[116.73405,1.91788,0.0,null],[116.73841,1.91689,0.0,null],[116.74089,1.91751,0.0,null],[116.74176,1.91814,0.0,null],[116.74268,1.92144,0.0,null],[116.74617,1.92117,0.0,null],[116.74703,1.91922,0.0,null],[116.74829,1.91892,0.0,null],[116.74875,1.92082,0.0,null],[116.74803,1.92334,0.0,null],[116.74931,1.92497,0.0,null],[116.75136,1.92519,0.0,null],[116.75442,1.92374,0.0,null],[116.75815,1.92433,0.0,null],[116.75883,1.92349,0.0,null],[116.75845,1.92158,0.0,null],[116.75971,1.92095,0.0,null],[116.76687,1.92404,0.0,null],[116.76776,1.92337,0.0,null],[116.76763,1.92088,0.0,null],[116.77002,1.91832,0.0,null],[116.77087,1.91984,0.0,null],[116.77483,1.92055,0.0,null],[116.77521,1.9221,0.0,null],[116.77478,1.92417,0.0,null],[116.77663,1.92473,0.0,null],[116.77753,1.924,0.0,null],[116.77846,1.92186,0.0,null],[116.77865,1.9197,0.0,null],[116.77923,1.91916,0.0,null],[116.78352,1.91824,0.0,null],[116.78932,1.91539,0.0,null],[116.79297,1.9103,0.0,null],[116.79424,1.91092,0.0,null],[116.79643,1.91026,0.0,null],[116.79945,1.91074,0.0,null],[116.8005,1.90977,0.0,null],[116.80193,1.90671,0.0,null],[116.80418,1.90523,0.0,null],[116.80481,1.90257,0.0,null],[116.80653,1.90066,0.0,null],[116.81341,1.89983,0.0,null],[116.8163,1.89417,0.0,null],[116.81736,1.89406,0.0,null],[116.81862,1.89563,0.0,null],[116.82007,1.89508,0.0,null],[116.82029,1.89213,0.0,null],[116.82422,1.89022,0.0,null],[116.82478,1.88951,0.0,null],[116.82443,1.88761,0.0,null],[116.8258,1.88689,0.0,null],[116.82592,1.88542,0.0,null],[116.82512,1.88427,0.0,null],[116.82403,1.88372,0.0,null],[116.82251,1.88443,0.0,null],[116.82137,1.88415,0.0,null],[116.82409,1.8799,0.0,null],[116.82824,1.87805,0.0,null],[116.82973,1.88108,0.0,null],[116.83109,1.88152,0.0,null],[116.83238,1.88073,0.0,null],[116.83445,1.87812,0.0,null],[116.83398,1.87471,0.0,null],[116.83557,1.87374,0.0,null],[116.83617,1.87272,0.0,null],[116.83842,1.87187,0.0,null],[116.83886,1.86799,0.0,null],[116.83991,1.86614,0.0,null],[116.8411,1.86614,0.0,null],[116.84188,1.8687,0.0,null],[116.84348,1.87028,0.0,null],[116.84427,1.87021,0.0,null],[116.84521,1.8674,0.0,null],[116.84871,1.86307,0.0,null],[116.84871,1.85991,0.0,null],[116.85058,1.85969,0.0,null],[116.85171,1.85844,0.0,null],[116.85191,1.85434,0.0,null],[116.8536,1.85411,0.0,null],[116.85659,1.8555,0.0,null],[116.85894,1.85492,0.0,null],[116.85936,1.85284,0.0,null],[116.85828,1.84995,0.0,null],[116.86044,1.84938,0.0,null],[116.86153,1.84713,0.0,null],[116.85987,1.84549,0.0,null],[116.85854,1.84548,0.0,null],[116.8579,1.84466,0.0,null],[116.85768,1.84279,0.0,null],[116.85845,1.84094,0.0,null],[116.85924,1.8411,0.0,null],[116.85953,1.84382,0.0,null],[116.86216,1.84566,0.0,null],[116.8665,1.84606,0.0,null],[116.87097,1.84518,0.0,null],[116.87154,1.8437,0.0,null],[116.87089,1.8425,0.0,null],[116.8694,1.84191,0.0,null],[116.86841,1.84042,0.0,null],[116.86856,1.83778,0.0,null],[116.87053,1.83464,0.0,null],[116.87141,1.83468,0.0,null],[116.8722,1.83552,0.0,null],[116.87413,1.83519,0.0,null],[116.87545,1.83573,0.0,null],[116.87369,1.83829,0.0,null],[116.87519,1.841,0.0,null],[116.87609,1.84147,0.0,null],[116.87884,1.84029,0.0,null],[116.88279,1.8347,0.0,null],[116.88453,1.83559,0.0,null],[116.88865,1.83219,0.0,null],[116.89316,1.8294,0.0,null],[116.89357,1.82975,0.0,null],[116.89306,1.83444,0.0,null],[116.89513,1.83761,0.0,null],[116.8963,1.83797,0.0,null],[116.89946,1.83702,0.0,null],[116.90091,1.83711,0.0,null],[116.90303,1.83782,0.0,null],[116.90524,1.83974,0.0,null],[116.90636,1.83991,0.0,null],[116.90943,1.83785,0.0,null],[116.91253,1.83697,0.0,null],[116.91497,1.83408,0.0,null],[116.91926,1.8334,0.0,null],[116.92686,1.8334,0.0,null],[116.93402,1.83153,0.0,null],[116.9388,1.83141,0.0,null],[116.94368,1.83244,0.0,null],[116.94669,1.83237,0.0,null],[116.94833,1.83063,0.0,null],[116.95019,1.82608,0.0,null],[116.9509,1.82606,0.0,null],[116.952,1.82994,0.0,null],[116.95182,1.83071,0.0,null],[116.95006,1.83208,0.0,null],[116.95035,1.83495,0.0,null],[116.94989,1.8383,0.0,null],[116.95165,1.84055,0.0,null],[116.95451,1.84093,0.0,null],[116.95548,1.84197,0.0,null],[116.95504,1.84335,0.0,null],[116.95078,1.845,0.0,null],[116.95046,1.84573,0.0,null],[116.95384,1.85172,0.0,null],[116.95674,1.85441,0.0,null],[116.95431,1.85558,0.0,null],[116.95282,1.85566,0.0,null],[116.9518,1.85698,0.0,null],[116.94971,1.85773,0.0,null],[116.95045,1.85958,0.0,null],[116.94987,1.86115,0.0,null],[116.95085,1.86256,0.0,null],[116.94972,1.86447,0.0,null],[116.95013,1.86636,0.0,null],[116.95154,1.86789,0.0,null],[116.95055,1.87068,0.0,null],[116.95103,1.87238,0.0,null],[116.94962,1.87355,0.0,null],[116.95143,1.87807,0.0,null],[116.94874,1.87959,0.0,null],[116.94883,1.88069,0.0,null],[116.94751,1.88304,0.0,null],[116.9478,1.88566,0.0,null],[116.9492,1.88676,0.0,null],[116.94996,1.88923,0.0,null],[116.94787,1.89236,0.0,null],[116.94542,1.89405,0.0,null],[116.95106,1.93191,0.0,null],[116.90132,1.96141,0.0,null],[116.9038,1.9564,0.0,null],[116.90909,1.95366,0.0,null],[116.91288,1.9484,0.0,null],[116.91381,1.94522,0.0,null],[116.88383,1.92466,0.0,null],[116.88836,1.8977,0.0,null],[116.88013,1.87533,0.0,null],[116.87028,1.87395,0.0,null],[116.83322,1.9139,0.0,null],[116.82337,1.93329,0.0,null],[116.75168,1.96321,0.0,null],[116.736,1.97312,0.0,null],[116.71091,1.96758,0.0,null],[116.66262,1.99804,0.0,null],[116.63826,2.00251,0.0,null],[116.62598,2.01646,0.0,null],[116.56836,2.0434,0.0,null],[116.5331,2.04073,0.0,null],[116.51266,2.05244,0.0,null]]],[[[116.85118,1.85673,0.0,null],[116.85148,1.85835,0.0,null],[116.85003,1.85934,0.0,null],[116.84973,1.85881,0.0,null],[116.85118,1.85673,0.0,null]]],[[[116.81275,1.89863,0.0,null],[116.8134,1.89879,0.0,null],[116.8132,1.89924,0.0,null],[116.81147,1.89943,0.0,null],[116.81275,1.89863,0.0,null]]],[[[116.81083,1.89903,0.0,null],[116.80925,1.89958,0.0,null],[116.80841,1.89926,0.0,null],[116.81083,1.89903,0.0,null]]],[[[116.77749,1.92333,0.0,null],[116.77695,1.92422,0.0,null],[116.77613,1.9244,0.0,null],[116.77749,1.92333,0.0,null]]],[[[116.83134,1.88047,0.0,null],[116.83181,1.88065,0.0,null],[116.83094,1.88113,0.0,null],[116.83066,1.88056,0.0,null],[116.83134,1.88047,0.0,null]]],[[[116.71399,1.92203,0.0,null],[116.71398,1.92214,0.0,null],[116.71393,1.92226,0.0,null],[116.7138,1.92241,0.0,null],[116.71361,1.92254,0.0,null],[116.71346,1.92264,0.0,null],[116.71334,1.92268,0.0,null],[116.71323,1.92267,0.0,null],[116.71309,1.92261,0.0,null],[116.71299,1.92251,0.0,null],[116.713,1.92241,0.0,null],[116.71304,1.92229,0.0,null],[116.71316,1.9222,0.0,null],[116.71329,1.92213,0.0,null],[116.71347,1.92206,0.0,null],[116.7137,1.92199,0.0,null],[116.71387,1.92197,0.0,null],[116.71398,1.92194,0.0,null],[116.71399,1.92203,0.0,null]]],[[[116.85787,1.85057,0.0,null],[116.85816,1.85127,0.0,null],[116.85759,1.85107,0.0,null],[116.85787,1.85057,0.0,null]]],[[[116.80391,1.90441,0.0,null],[116.80391,1.90445,0.0,null],[116.80389,1.90454,0.0,null],[116.80376,1.90481,0.0,null],[116.8035,1.9053,0.0,null],[116.80343,1.90538,0.0,null],[116.80336,1.90541,0.0,null],[116.80333,1.90541,0.0,null],[116.80326,1.90537,0.0,null],[116.80322,1.90527,0.0,null],[116.80322,1.90524,0.0,null],[116.80325,1.90514,0.0,null],[116.80338,1.90496,0.0,null],[116.80371,1.90446,0.0,null],[116.80377,1.90438,0.0,null],[116.80386,1.90438,0.0,null],[116.80391,1.90441,0.0,null]]],[[[116.72171,1.91881,0.0,null],[116.72199,1.91909,0.0,null],[116.72124,1.91919,0.0,null],[116.72171,1.91881,0.0,null]]],[[[116.8251,1.88559,0.0,null],[116.82524,1.88491,0.0,null],[116.82553,1.8854,0.0,null],[116.8251,1.88559,0.0,null]]],[[[116.61269,1.92038,0.0,null],[116.61259,1.9204,0.0,null],[116.61245,1.9204,0.0,null],[116.61233,1.92039,0.0,null],[116.61224,1.92038,0.0,null],[116.61269,1.92038,0.0,null]]],[[[116.60195,1.92978,0.0,null],[116.60195,1.92978,0.0,null],[116.60195,1.92978,0.0,null],[116.60195,1.92978,0.0,null]]]]}},{"type":"Feature","properties":{"inventoryId":"big-forestry-ha:118","sector":"PBPH","subtype":"IUPHHK-HA","quality":"OFFICIAL","sourceDataset":"big-forestry-ha","sourceRecordId":"118","source":"BIG Kebijakan Satu Peta","sourceUrl":"https://kspservices.big.go.id/satupeta/rest/services/PUBLIK/PERIZINAN_DAN_PERTANAHAN/MapServer/1","retrievedAt":"2026-08-24T04:32:16Z","geometryProcessing":"web display simplification tolerance 0.00035 degrees","name":"PT AGATHIS ALAM INDONESIA (DH. AKHATES PLYWOOD)","permitNumber":"SK.23/MENLHK/SETJEN/HPL.1/1/2017","permitDate":"2017-01-17","areaHa":94380.0,"provinceCode":"62","region":"kalimantan"},"geometry":{"type":"Polygon","coordinates":[[[114.99239,0.55447,0.0,null],[114.99141,0.55971,0.0,null],[114.99274,0.56126,0.0,null],[114.99256,0.56206,0.0,null],[114.99175,0.56306,0.0,null],[114.98858,0.56472,0.0,null],[114.97368,0.54175,0.0,null],[114.94156,0.52884,0.0,null],[114.9136,0.52432,0.0,null],[114.88861,0.51504,0.0,null],[114.86821,0.5286,0.0,null],[114.85386,0.54379,0.0,null],[114.84751,0.54181,0.0,null],[114.84828,0.53277,0.0,null],[114.85393,0.50665,0.0,null],[114.86518,0.47376,0.0,null],[114.84873,0.45239,0.0,null],[114.83788,0.45353,0.0,null],[114.79352,0.48389,0.0,null],[114.76992,0.47747,0.0,null],[114.77039,0.45967,0.0,null],[114.76031,0.44835,0.0,null],[114.74646,0.42374,0.0,null],[114.73048,0.3971,0.0,null],[114.7189,0.40099,0.0,null],[114.71145,0.4248,0.0,null],[114.68045,0.41618,0.0,null],[114.67055,0.37006,0.0,null],[114.65461,0.36102,0.0,null],[114.63962,0.3654,0.0,null],[114.61544,0.34817,0.0,null],[114.58125,0.34557,0.0,null],[114.58675,0.29895,0.0,null],[114.59135,0.2704,0.0,null],[114.58882,0.26981,0.0,null],[114.58596,0.2665,0.0,null],[114.58003,0.26187,0.0,null],[114.57741,0.25825,0.0,null],[114.5751,0.2569,0.0,null],[114.57325,0.25377,0.0,null],[114.57136,0.25194,0.0,null],[114.56852,0.25,0.0,null],[114.5632,0.24848,0.0,null],[114.5607,0.24483,0.0,null],[114.5563,0.24255,0.0,null],[114.55443,0.24049,0.0,null],[114.5531,0.23712,0.0,null],[114.55135,0.23563,0.0,null],[114.54582,0.23509,0.0,null],[114.54111,0.23775,0.0,null],[114.53425,0.23651,0.0,null],[114.53292,0.23515,0.0,null],[114.5247,0.23442,0.0,null],[114.51506,0.23014,0.0,null],[114.51241,0.23017,0.0,null],[114.51067,0.23134,0.0,null],[114.5035,0.23103,0.0,null],[114.50114,0.23563,0.0,null],[114.49869,0.23762,0.0,null],[114.49806,0.23893,0.0,null],[114.4973,0.24174,0.0,null],[114.49732,0.24858,0.0,null],[114.49667,0.24911,0.0,null],[114.46745,0.23312,0.0,null],[114.48061,0.21805,0.0,null],[114.49199,0.19895,0.0,null],[114.49557,0.18657,0.0,null],[114.49261,0.16152,0.0,null],[114.49737,0.15709,0.0,null],[114.51925,0.16137,0.0,null],[114.52812,0.15788,0.0,null],[114.53462,0.15978,0.0,null],[114.53969,0.1872,0.0,null],[114.55475,0.21209,0.0,null],[114.56109,0.21384,0.0,null],[114.57045,0.20131,0.0,null],[114.5779,0.20163,0.0,null],[114.5844,0.21352,0.0,null],[114.58994,0.21447,0.0,null],[114.59565,0.19354,0.0,null],[114.59481,0.18665,0.0,null],[114.59383,0.18381,0.0,null],[114.59455,0.18232,0.0,null],[114.59719,0.18073,0.0,null],[114.59848,0.17923,0.0,null],[114.59819,0.17851,0.0,null],[114.59532,0.17728,0.0,null],[114.59322,0.17473,0.0,null],[114.59184,0.17455,0.0,null],[114.58955,0.17592,0.0,null],[114.59248,0.15978,0.0,null],[114.59354,0.14289,0.0,null],[114.61434,0.16463,0.0,null],[114.63276,0.17367,0.0,null],[114.66913,0.14224,0.0,null],[114.68468,0.13015,0.0,null],[114.69897,0.12519,0.0,null],[114.70467,0.12972,0.0,null],[114.71714,0.17031,0.0,null],[114.72832,0.19344,0.0,null],[114.73498,0.20234,0.0,null],[114.74783,0.2071,0.0,null],[114.75016,0.20077,0.0,null],[114.78124,0.22109,0.0,null],[114.79932,0.22808,0.0,null],[114.81679,0.22989,0.0,null],[114.80329,0.24342,0.0,null],[114.79071,0.26673,0.0,null],[114.79314,0.29923,0.0,null],[114.80451,0.30937,0.0,null],[114.83839,0.28795,0.0,null],[114.83911,0.29595,0.0,null],[114.82645,0.32122,0.0,null],[114.8274,0.3354,0.0,null],[114.83392,0.33849,0.0,null],[114.81665,0.3568,0.0,null],[114.83365,0.37379,0.0,null],[114.85388,0.38418,0.0,null],[114.90821,0.40103,0.0,null],[114.90962,0.40124,0.0,null],[114.91233,0.40013,0.0,null],[114.9131,0.40029,0.0,null],[114.91359,0.40191,0.0,null],[114.91244,0.40309,0.0,null],[114.90479,0.40487,0.0,null],[114.90653,0.40737,0.0,null],[114.90376,0.41074,0.0,null],[114.90354,0.41167,0.0,null],[114.90548,0.41525,0.0,null],[114.90739,0.41479,0.0,null],[114.91126,0.4117,0.0,null],[114.91298,0.41114,0.0,null],[114.91364,0.41168,0.0,null],[114.9142,0.41539,0.0,null],[114.91533,0.41606,0.0,null],[114.91585,0.41543,0.0,null],[114.91659,0.41106,0.0,null],[114.91737,0.41019,0.0,null],[114.91796,0.41071,0.0,null],[114.91814,0.41405,0.0,null],[114.91921,0.41515,0.0,null],[114.91996,0.41527,0.0,null],[114.92312,0.41292,0.0,null],[114.92434,0.4133,0.0,null],[114.92404,0.41567,0.0,null],[114.92214,0.4186,0.0,null],[114.92293,0.41992,0.0,null],[114.92629,0.41852,0.0,null],[114.9291,0.42051,0.0,null],[114.93086,0.42043,0.0,null],[114.93139,0.41903,0.0,null],[114.92935,0.41587,0.0,null],[114.93093,0.41346,0.0,null],[114.93211,0.41332,0.0,null],[114.9348,0.41586,0.0,null],[114.93659,0.4162,0.0,null],[114.93807,0.41501,0.0,null],[114.93849,0.41164,0.0,null],[114.94807,0.4166,0.0,null],[114.94915,0.41824,0.0,null],[114.94826,0.42259,0.0,null],[114.95312,0.42605,0.0,null],[114.95153,0.42741,0.0,null],[114.9488,0.42816,0.0,null],[114.9473,0.42922,0.0,null],[114.94736,0.43349,0.0,null],[114.94909,0.43568,0.0,null],[114.95033,0.4359,0.0,null],[114.9514,0.43542,0.0,null],[114.95322,0.43291,0.0,null],[114.95584,0.43562,0.0,null],[114.9572,0.43591,0.0,null],[114.95805,0.43161,0.0,null],[114.96044,0.42875,0.0,null],[114.95918,0.4253,0.0,null],[114.9644,0.4249,0.0,null],[114.96717,0.42578,0.0,null],[114.96788,0.42791,0.0,null],[114.96682,0.42917,0.0,null],[114.96444,0.43021,0.0,null],[114.9649,0.43253,0.0,null],[114.96606,0.4324,0.0,null],[114.97065,0.43469,0.0,null],[114.97136,0.43411,0.0,null],[114.97137,0.43129,0.0,null],[114.97198,0.43036,0.0,null],[114.97301,0.43131,0.0,null],[114.97339,0.43275,0.0,null],[114.97489,0.43379,0.0,null],[114.97572,0.43347,0.0,null],[114.97696,0.43105,0.0,null],[114.98022,0.43047,0.0,null],[114.98235,0.43186,0.0,null],[114.9843,0.4366,0.0,null],[114.98972,0.43631,0.0,null],[114.99345,0.43775,0.0,null],[114.99376,0.4393,0.0,null],[114.99288,0.44129,0.0,null],[114.98884,0.44369,0.0,null],[114.98551,0.44916,0.0,null],[114.98492,0.45102,0.0,null],[114.98458,0.45825,0.0,null],[114.98046,0.46116,0.0,null],[114.97919,0.46248,0.0,null],[114.97893,0.46367,0.0,null],[114.9838,0.46926,0.0,null],[114.98524,0.47459,0.0,null],[114.98785,0.47591,0.0,null],[114.98734,0.47976,0.0,null],[114.9915,0.48068,0.0,null],[114.99096,0.48392,0.0,null],[114.99406,0.48719,0.0,null],[114.99533,0.48812,0.0,null],[114.99812,0.48836,0.0,null],[115.00074,0.49177,0.0,null],[115.00602,0.48976,0.0,null],[115.0061,0.49423,0.0,null],[115.00918,0.4948,0.0,null],[115.01023,0.49557,0.0,null],[115.01052,0.49719,0.0,null],[115.00688,0.50015,0.0,null],[115.00455,0.4974,0.0,null],[115.00197,0.49734,0.0,null],[115.0011,0.50033,0.0,null],[114.99764,0.50373,0.0,null],[114.99666,0.50702,0.0,null],[114.99724,0.50968,0.0,null],[115.00225,0.51055,0.0,null],[115.00632,0.51202,0.0,null],[115.00679,0.51294,0.0,null],[115.00537,0.51471,0.0,null],[115.00547,0.51589,0.0,null],[115.01028,0.52128,0.0,null],[115.01149,0.52382,0.0,null],[115.00991,0.52809,0.0,null],[115.00661,0.53284,0.0,null],[115.00502,0.53265,0.0,null],[115.00155,0.53065,0.0,null],[115.00052,0.53088,0.0,null],[114.99938,0.5323,0.0,null],[114.99801,0.53223,0.0,null],[114.99521,0.53433,0.0,null],[114.99619,0.53692,0.0,null],[114.99495,0.54156,0.0,null],[114.99217,0.54287,0.0,null],[114.98883,0.5426,0.0,null],[114.98781,0.54357,0.0,null],[114.98798,0.54677,0.0,null],[114.98948,0.54747,0.0,null],[114.99007,0.54849,0.0,null],[114.99018,0.55415,0.0,null],[114.99109,0.55423,0.0,null],[114.99152,0.5521,0.0,null],[114.99228,0.55177,0.0,null],[114.9928,0.55265,0.0,null],[114.99239,0.55447,0.0,null]]]}},{"type":"Feature","properties":{"inventoryId":"big-forestry-ha:41","sector":"PBPH","subtype":"IUPHHK-HA","quality":"OFFICIAL","sourceDataset":"big-forestry-ha","sourceRecordId":"41","source":"BIG Kebijakan Satu Peta","sourceUrl":"https://kspservices.big.go.id/satupeta/rest/services/PUBLIK/PERIZINAN_DAN_PERTANAHAN/MapServer/1","retrievedAt":"2026-08-24T04:32:16Z","geometryProcessing":"web display simplification tolerance 0.00035 degrees","name":"PT AGRA PRIMERA PLANTATION (DH.WANAKAYU BATUPTH)","permitNumber":"SK.103/Menhut-II/2014","permitDate":"2014-01-29","areaHa":42500.0,"provinceCode":"61","region":"kalimantan"},"geometry":{"type":"Polygon","coordinates":[[[110.95881,-1.91087,0.0,null],[110.95881,-1.90687,0.0,null],[110.96093,-1.89063,0.0,null],[110.97422,-1.84275,0.0,null],[110.99692,-1.78845,0.0,null],[110.82523,-1.78603,0.0,null],[110.82523,-1.84881,0.0,null],[110.8418,-1.8614,0.0,null],[110.84214,-1.86307,0.0,null],[110.84478,-1.86606,0.0,null],[110.84738,-1.87286,0.0,null],[110.85022,-1.88298,0.0,null],[110.85139,-1.89451,0.0,null],[110.85492,-1.90981,0.0,null],[110.85892,-1.91545,0.0,null],[110.86316,-1.91828,0.0,null],[110.86739,-1.91804,0.0,null],[110.88033,-1.9131,0.0,null],[110.88881,-1.91145,0.0,null],[110.89704,-1.91169,0.0,null],[110.91069,-1.91381,0.0,null],[110.91516,-1.91545,0.0,null],[110.91916,-1.92016,0.0,null],[110.92159,-1.92733,0.0,null],[110.92208,-1.93446,0.0,null],[110.92968,-1.96866,0.0,null],[110.93818,-1.98446,0.0,null],[110.94208,-1.99026,0.0,null],[110.94348,-1.99516,0.0,null],[110.94428,-2.00326,0.0,null],[110.94998,-2.00887,0.0,null],[110.95328,-2.01676,0.0,null],[110.95578,-2.03436,0.0,null],[110.95846,-2.04158,0.0,null],[110.96222,-2.04463,0.0,null],[110.96598,-2.04605,0.0,null],[110.97022,-2.04605,0.0,null],[110.99116,-2.03922,0.0,null],[111.00199,-2.03993,0.0,null],[111.01587,-2.04181,0.0,null],[111.02363,-2.04628,0.0,null],[111.02798,-2.05256,0.0,null],[111.02505,-2.06652,0.0,null],[111.02269,-2.07428,0.0,null],[111.02318,-2.08546,0.0,null],[111.02458,-2.08926,0.0,null],[111.03187,-2.09946,0.0,null],[111.03408,-2.10406,0.0,null],[111.03858,-2.11636,0.0,null],[111.04758,-2.15466,0.0,null],[111.0514,-2.16558,0.0,null],[111.05446,-2.16887,0.0,null],[111.05728,-2.17005,0.0,null],[111.06034,-2.16934,0.0,null],[111.07069,-2.12675,0.0,null],[111.05422,-2.06558,0.0,null],[111.05422,-2.0524,0.0,null],[111.05587,-2.04369,0.0,null],[111.05916,-2.03169,0.0,null],[111.06034,-2.02416,0.0,null],[111.06811,-1.96275,0.0,null],[111.02328,-1.95516,0.0,null],[110.99116,-1.95075,0.0,null],[110.96422,-1.93204,0.0,null],[110.95928,-1.9264,0.0,null],[110.95763,-1.91957,0.0,null],[110.95881,-1.91087,0.0,null]]]}},{"type":"Feature","properties":{"inventoryId":"big-forestry-ha:111","sector":"PBPH","subtype":"IUPHHK-HA","quality":"OFFICIAL","sourceDataset":"big-forestry-ha","sourceRecordId":"111","source":"BIG Kebijakan Satu Peta","sourceUrl":"https://kspservices.big.go.id/satupeta/rest/services/PUBLIK/PERIZINAN_DAN_PERTANAHAN/MapServer/1","retrievedAt":"2026-08-24T04:32:16Z","geometryProcessing":"web display simplification tolerance 0.00035 degrees","name":"PT AGROMAS KENCANA ABADI","permitNumber":"SK.18/1/IUPHHK-HA/PMDN/2016","permitDate":"2016-09-23","areaHa":22522.0,"provinceCode":"62","region":"kalimantan"},"geometry":{"type":"Polygon","coordinates":[[[113.87867,-0.87987,0.0,null],[113.87698,-0.88077,0.0,null],[113.87421,-0.88069,0.0,null],[113.84055,-0.896,0.0,null],[113.83973,-0.8984,0.0,null],[113.83867,-0.89901,0.0,null],[113.83626,-0.89962,0.0,null],[113.8333,-0.89931,0.0,null],[113.82697,-0.90233,0.0,null],[113.83168,-0.90874,0.0,null],[113.81934,-0.91575,0.0,null],[113.80504,-0.90804,0.0,null],[113.79901,-0.90678,0.0,null],[113.78456,-0.90229,0.0,null],[113.78022,-0.90061,0.0,null],[113.76691,-0.89358,0.0,null],[113.76661,-0.89413,0.0,null],[113.76799,-0.89994,0.0,null],[113.76818,-0.90535,0.0,null],[113.76617,-0.91015,0.0,null],[113.76079,-0.91675,0.0,null],[113.73087,-0.9433,0.0,null],[113.72748,-0.9491,0.0,null],[113.72289,-0.95089,0.0,null],[113.7207,-0.95289,0.0,null],[113.72032,-0.9544,0.0,null],[113.72327,-0.95602,0.0,null],[113.74366,-0.9783,0.0,null],[113.77013,-1.00337,0.0,null],[113.78837,-1.0079,0.0,null],[113.82556,-1.0086,0.0,null],[113.85246,-1.0107,0.0,null],[113.86361,-1.01337,0.0,null],[113.86967,-1.00248,0.0,null],[113.87248,-1.00008,0.0,null],[113.87073,-0.99342,0.0,null],[113.87047,-0.98833,0.0,null],[113.85671,-0.98937,0.0,null],[113.84169,-0.97929,0.0,null],[113.84169,-0.97147,0.0,null],[113.84873,-0.97617,0.0,null],[113.84998,-0.97428,0.0,null],[113.85655,-0.97726,0.0,null],[113.85743,-0.97616,0.0,null],[113.85743,-0.97518,0.0,null],[113.86106,-0.97518,0.0,null],[113.86143,-0.97588,0.0,null],[113.86069,-0.97622,0.0,null],[113.8603,-0.97976,0.0,null],[113.86266,-0.98032,0.0,null],[113.86527,-0.98299,0.0,null],[113.86913,-0.98242,0.0,null],[113.86856,-0.97934,0.0,null],[113.86385,-0.9681,0.0,null],[113.86507,-0.96659,0.0,null],[113.87368,-0.97562,0.0,null],[113.88323,-0.98423,0.0,null],[113.8851,-0.9837,0.0,null],[113.88515,-0.97612,0.0,null],[113.89274,-0.97599,0.0,null],[113.89256,-0.97532,0.0,null],[113.90907,-0.97525,0.0,null],[113.90906,-0.97634,0.0,null],[113.91587,-0.97638,0.0,null],[113.9159,-0.98099,0.0,null],[113.92984,-0.98108,0.0,null],[113.93299,-0.97133,0.0,null],[113.95801,-0.91565,0.0,null],[113.95544,-0.91521,0.0,null],[113.95301,-0.91377,0.0,null],[113.94831,-0.91234,0.0,null],[113.93975,-0.90545,0.0,null],[113.9389,-0.90372,0.0,null],[113.94089,-0.90286,0.0,null],[113.94175,-0.90171,0.0,null],[113.94189,-0.89626,0.0,null],[113.93775,-0.89626,0.0,null],[113.93676,-0.89827,0.0,null],[113.93505,-0.89884,0.0,null],[113.93305,-0.89827,0.0,null],[113.9324,-0.89626,0.0,null],[113.92478,-0.8964,0.0,null],[113.92221,-0.89956,0.0,null],[113.9205,-0.90272,0.0,null],[113.91879,-0.90358,0.0,null],[113.9108,-0.90387,0.0,null],[113.90795,-0.9076,0.0,null],[113.90567,-0.90904,0.0,null],[113.90396,-0.9109,0.0,null],[113.90225,-0.91923,0.0,null],[113.90082,-0.92066,0.0,null],[113.89925,-0.92152,0.0,null],[113.89811,-0.92124,0.0,null],[113.89711,-0.91966,0.0,null],[113.8964,-0.91664,0.0,null],[113.89386,-0.91641,0.0,null],[113.89113,-0.92024,0.0,null],[113.88946,-0.92515,0.0,null],[113.88804,-0.92718,0.0,null],[113.88649,-0.92694,0.0,null],[113.88554,-0.92539,0.0,null],[113.88566,-0.92132,0.0,null],[113.88519,-0.91952,0.0,null],[113.8815,-0.91366,0.0,null],[113.88115,-0.91199,0.0,null],[113.88328,-0.90924,0.0,null],[113.88388,-0.9011,0.0,null],[113.88982,-0.89763,0.0,null],[113.8903,-0.89679,0.0,null],[113.88994,-0.89572,0.0,null],[113.8878,-0.89476,0.0,null],[113.88542,-0.8944,0.0,null],[113.88281,-0.89321,0.0,null],[113.87936,-0.89285,0.0,null],[113.87924,-0.89213,0.0,null],[113.88257,-0.89069,0.0,null],[113.88342,-0.88937,0.0,null],[113.87856,-0.8895,0.0,null],[113.87862,-0.88774,0.0,null],[113.88036,-0.886,0.0,null],[113.87867,-0.87987,0.0,null]]]}},{"type":"Feature","properties":{"inventoryId":"big-forestry-ha:157","sector":"PBPH","subtype":"IUPHHK-HA","quality":"OFFICIAL","sourceDataset":"big-forestry-ha","sourceRecordId":"157","source":"BIG Kebijakan Satu Peta","sourceUrl":"https://kspservices.big.go.id/satupeta/rest/services/PUBLIK/PERIZINAN_DAN_PERTANAHAN/MapServer/1","retrievedAt":"2026-08-24T04:32:16Z","geometryProcessing":"web display simplification tolerance 0.00035 degrees","name":"PT AMINDO WANA PERSADA","permitNumber":"SK.940/Kpts-VI/1999","permitDate":"1999-10-14","areaHa":43680.0,"provinceCode":"64","region":"kalimantan"},"geometry":{"type":"Polygon","coordinates":[[[116.62729,1.91559,0.0,null],[116.62301,1.91439,0.0,null],[116.61944,1.91465,0.0,null],[116.61809,1.9155,0.0,null],[116.61774,1.91676,0.0,null],[116.61474,1.91669,0.0,null],[116.6151,1.91927,0.0,null],[116.61426,1.92001,0.0,null],[116.61222,1.92038,0.0,null],[116.60814,1.91997,0.0,null],[116.60677,1.92217,0.0,null],[116.60663,1.92342,0.0,null],[116.60514,1.924,0.0,null],[116.6053,1.92741,0.0,null],[116.60475,1.92827,0.0,null],[116.60211,1.92957,0.0,null],[116.60143,1.93236,0.0,null],[116.59792,1.93311,0.0,null],[116.59587,1.93504,0.0,null],[116.59347,1.93495,0.0,null],[116.5911,1.93788,0.0,null],[116.58802,1.9372,0.0,null],[116.58649,1.93742,0.0,null],[116.58594,1.93816,0.0,null],[116.58611,1.93947,0.0,null],[116.58357,1.94111,0.0,null],[116.58185,1.94469,0.0,null],[116.58057,1.94486,0.0,null],[116.57831,1.94626,0.0,null],[116.57639,1.94653,0.0,null],[116.57486,1.94883,0.0,null],[116.57264,1.95035,0.0,null],[116.57198,1.952,0.0,null],[116.5693,1.95203,0.0,null],[116.56736,1.9506,0.0,null],[116.56622,1.95047,0.0,null],[116.56491,1.95177,0.0,null],[116.56603,1.95416,0.0,null],[116.56577,1.95525,0.0,null],[116.56174,1.95387,0.0,null],[116.55978,1.95539,0.0,null],[116.55933,1.95822,0.0,null],[116.5565,1.95705,0.0,null],[116.5553,1.95734,0.0,null],[116.55464,1.96132,0.0,null],[116.55186,1.96407,0.0,null],[116.55174,1.9657,0.0,null],[116.55032,1.96572,0.0,null],[116.54854,1.96805,0.0,null],[116.54739,1.96666,0.0,null],[116.5464,1.96644,0.0,null],[116.54482,1.96814,0.0,null],[116.5446,1.97046,0.0,null],[116.54697,1.97287,0.0,null],[116.54712,1.97392,0.0,null],[116.54412,1.97403,0.0,null],[116.54159,1.97218,0.0,null],[116.54044,1.97208,0.0,null],[116.53587,1.97883,0.0,null],[116.53239,1.97899,0.0,null],[116.53082,1.98157,0.0,null],[116.52907,1.98224,0.0,null],[116.52228,1.98762,0.0,null],[116.51753,1.98813,0.0,null],[116.51584,1.99127,0.0,null],[116.51278,1.99139,0.0,null],[116.51189,1.99269,0.0,null],[116.50996,1.9918,0.0,null],[116.50885,1.99394,0.0,null],[116.44949,1.99269,0.0,null],[116.44357,1.96239,0.0,null],[116.41918,1.91344,0.0,null],[116.41059,1.88663,0.0,null],[116.38242,1.83716,0.0,null],[116.38294,1.82747,0.0,null],[116.39016,1.82263,0.0,null],[116.43587,1.84029,0.0,null],[116.4503,1.85672,0.0,null],[116.46456,1.8889,0.0,null],[116.479,1.89426,0.0,null],[116.49138,1.88614,0.0,null],[116.51253,1.84429,0.0,null],[116.50085,1.818,0.0,null],[116.5091,1.80693,0.0,null],[116.52784,1.80728,0.0,null],[116.53162,1.79898,0.0,null],[116.50378,1.77442,0.0,null],[116.50568,1.76127,0.0,null],[116.52682,1.75644,0.0,null],[116.566,1.78792,0.0,null],[116.58508,1.79035,0.0,null],[116.59675,1.77672,0.0,null],[116.5904,1.7673,0.0,null],[116.54053,1.74698,0.0,null],[116.54211,1.73733,0.0,null],[116.54134,1.7343,0.0,null],[116.54169,1.73308,0.0,null],[116.54276,1.73057,0.0,null],[116.54723,1.72816,0.0,null],[116.55611,1.72686,0.0,null],[116.56226,1.72517,0.0,null],[116.56387,1.72443,0.0,null],[116.56638,1.72203,0.0,null],[116.56921,1.72338,0.0,null],[116.5717,1.72544,0.0,null],[116.57529,1.72971,0.0,null],[116.57738,1.73123,0.0,null],[116.58189,1.73293,0.0,null],[116.585,1.7326,0.0,null],[116.58767,1.73148,0.0,null],[116.59509,1.7269,0.0,null],[116.59797,1.7262,0.0,null],[116.60363,1.72648,0.0,null],[116.60814,1.72947,0.0,null],[116.61128,1.73541,0.0,null],[116.61169,1.7379,0.0,null],[116.61139,1.74104,0.0,null],[116.60885,1.74632,0.0,null],[116.60093,1.75314,0.0,null],[116.59727,1.75458,0.0,null],[116.59162,1.75518,0.0,null],[116.58212,1.75419,0.0,null],[116.61948,1.79695,0.0,null],[116.62585,1.80493,0.0,null],[116.63268,1.80809,0.0,null],[116.63387,1.81056,0.0,null],[116.63436,1.81515,0.0,null],[116.63557,1.81821,0.0,null],[116.63802,1.82164,0.0,null],[116.64375,1.83348,0.0,null],[116.64363,1.83803,0.0,null],[116.64161,1.84351,0.0,null],[116.64217,1.84784,0.0,null],[116.6441,1.8517,0.0,null],[116.64424,1.85555,0.0,null],[116.64229,1.86128,0.0,null],[116.64302,1.86864,0.0,null],[116.64218,1.87135,0.0,null],[116.63702,1.87798,0.0,null],[116.63236,1.88773,0.0,null],[116.62865,1.90717,0.0,null],[116.62936,1.91686,0.0,null],[116.62729,1.91559,0.0,null]]]}},{"type":"Feature","properties":{"inventoryId":"big-forestry-ha:211","sector":"PBPH","subtype":"IUPHHK-HA","quality":"OFFICIAL","sourceDataset":"big-forestry-ha","sourceRecordId":"211","source":"BIG Kebijakan Satu Peta","sourceUrl":"https://kspservices.big.go.id/satupeta/rest/services/PUBLIK/PERIZINAN_DAN_PERTANAHAN/MapServer/1","retrievedAt":"2026-08-24T04:32:16Z","geometryProcessing":"web display simplification tolerance 0.00035 degrees","name":"PT AMPRAH MITRA JAYA","permitNumber":"SK.96/Menhut-II/2014","permitDate":"2014-01-28","areaHa":52190.0,"provinceCode":"62","region":"kalimantan"},"geometry":{"type":"Polygon","coordinates":[[[111.19143,-1.66681,0.0,null],[111.19153,-1.67546,0.0,null],[111.19319,-1.68165,0.0,null],[111.21748,-1.69413,0.0,null],[111.22671,-1.7002,0.0,null],[111.23687,-1.70489,0.0,null],[111.24424,-1.71189,0.0,null],[111.25061,-1.72366,0.0,null],[111.25119,-1.7285,0.0,null],[111.25298,-1.73374,0.0,null],[111.25335,-1.74503,0.0,null],[111.25253,-1.75007,0.0,null],[111.23461,-1.78226,0.0,null],[111.21867,-1.81688,0.0,null],[111.20936,-1.84748,0.0,null],[111.20808,-1.86073,0.0,null],[111.2087,-1.86301,0.0,null],[111.21298,-1.8703,0.0,null],[111.22713,-1.88791,0.0,null],[111.23343,-1.89243,0.0,null],[111.24047,-1.8952,0.0,null],[111.25489,-1.89533,0.0,null],[111.25972,-1.89438,0.0,null],[111.2671,-1.89087,0.0,null],[111.27166,-1.89033,0.0,null],[111.27059,-1.87983,0.0,null],[111.27097,-1.88062,0.0,null],[111.27089,-1.87978,0.0,null],[111.29089,-1.88148,0.0,null],[111.30049,-1.88098,0.0,null],[111.31049,-1.87758,0.0,null],[111.31992,-1.87309,0.0,null],[111.32746,-1.87033,0.0,null],[111.32769,-1.85508,0.0,null],[111.32399,-1.85648,0.0,null],[111.31969,-1.85678,0.0,null],[111.31348,-1.85479,0.0,null],[111.31006,-1.8587,0.0,null],[111.30378,-1.86346,0.0,null],[111.30299,-1.86108,0.0,null],[111.29479,-1.85788,0.0,null],[111.28609,-1.85628,0.0,null],[111.28622,-1.84117,0.0,null],[111.28797,-1.83925,0.0,null],[111.28813,-1.83527,0.0,null],[111.28895,-1.83489,0.0,null],[111.29014,-1.83546,0.0,null],[111.29159,-1.83422,0.0,null],[111.29358,-1.8337,0.0,null],[111.29367,-1.82921,0.0,null],[111.2931,-1.828,0.0,null],[111.29369,-1.82542,0.0,null],[111.29499,-1.82648,0.0,null],[111.29579,-1.83548,0.0,null],[111.29654,-1.83605,0.0,null],[111.29792,-1.803,0.0,null],[111.30537,-1.78932,0.0,null],[111.31818,-1.77177,0.0,null],[111.32337,-1.75503,0.0,null],[111.3245,-1.74348,0.0,null],[111.33294,-1.73629,0.0,null],[111.37846,-1.73418,0.0,null],[111.37733,-1.73364,0.0,null],[111.37569,-1.73391,0.0,null],[111.37434,-1.73318,0.0,null],[111.37444,-1.7315,0.0,null],[111.37582,-1.72814,0.0,null],[111.37444,-1.72685,0.0,null],[111.37356,-1.72685,0.0,null],[111.37287,-1.72369,0.0,null],[111.37356,-1.72152,0.0,null],[111.37675,-1.71831,0.0,null],[111.37704,-1.71663,0.0,null],[111.37635,-1.71267,0.0,null],[111.37759,-1.71103,0.0,null],[111.37885,-1.71102,0.0,null],[111.37929,-1.7101,0.0,null],[111.37814,-1.70707,0.0,null],[111.37629,-1.70713,0.0,null],[111.37519,-1.70648,0.0,null],[111.37301,-1.70694,0.0,null],[111.37301,-1.70615,0.0,null],[111.37405,-1.70593,0.0,null],[111.37434,-1.70534,0.0,null],[111.37217,-1.70405,0.0,null],[111.37341,-1.70253,0.0,null],[111.3737,-1.70105,0.0,null],[111.37474,-1.70056,0.0,null],[111.37625,-1.69864,0.0,null],[111.37659,-1.69503,0.0,null],[111.37502,-1.69345,0.0,null],[111.37541,-1.69276,0.0,null],[111.37659,-1.69286,0.0,null],[111.37698,-1.69227,0.0,null],[111.3763,-1.69088,0.0,null],[111.37325,-1.69049,0.0,null],[111.37325,-1.68851,0.0,null],[111.37394,-1.68762,0.0,null],[111.37345,-1.68664,0.0,null],[111.37188,-1.68674,0.0,null],[111.37129,-1.68762,0.0,null],[111.37041,-1.68506,0.0,null],[111.36942,-1.68506,0.0,null],[111.36942,-1.68328,0.0,null],[111.36566,-1.68205,0.0,null],[111.36333,-1.68055,0.0,null],[111.36272,-1.67923,0.0,null],[111.36171,-1.67857,0.0,null],[111.35572,-1.67918,0.0,null],[111.35464,-1.67987,0.0,null],[111.35233,-1.67909,0.0,null],[111.35069,-1.67715,0.0,null],[111.34996,-1.67697,0.0,null],[111.34843,-1.67814,0.0,null],[111.34905,-1.68103,0.0,null],[111.34843,-1.68194,0.0,null],[111.34753,-1.67975,0.0,null],[111.34524,-1.677,0.0,null],[111.3448,-1.67434,0.0,null],[111.34328,-1.67291,0.0,null],[111.34316,-1.6717,0.0,null],[111.34453,-1.66841,0.0,null],[111.34413,-1.66535,0.0,null],[111.3462,-1.66535,0.0,null],[111.34826,-1.66426,0.0,null],[111.34733,-1.66194,0.0,null],[111.3488,-1.66125,0.0,null],[111.3488,-1.65996,0.0,null],[111.35155,-1.65818,0.0,null],[111.35194,-1.6571,0.0,null],[111.35115,-1.65482,0.0,null],[111.35007,-1.65472,0.0,null],[111.34801,-1.65808,0.0,null],[111.34654,-1.65907,0.0,null],[111.34526,-1.65907,0.0,null],[111.34438,-1.65611,0.0,null],[111.34218,-1.65609,0.0,null],[111.34143,-1.65453,0.0,null],[111.33939,-1.65362,0.0,null],[111.33927,-1.65285,0.0,null],[111.34094,-1.65168,0.0,null],[111.341,-1.65077,0.0,null],[111.34026,-1.64729,0.0,null],[111.33931,-1.64627,0.0,null],[111.33552,-1.64443,0.0,null],[111.33174,-1.64419,0.0,null],[111.32559,-1.64242,0.0,null],[111.32319,-1.64029,0.0,null],[111.32122,-1.63943,0.0,null],[111.31934,-1.63981,0.0,null],[111.31828,-1.64075,0.0,null],[111.31587,-1.64095,0.0,null],[111.30988,-1.63674,0.0,null],[111.30832,-1.63696,0.0,null],[111.30515,-1.63965,0.0,null],[111.30198,-1.64088,0.0,null],[111.30031,-1.64228,0.0,null],[111.29945,-1.64233,0.0,null],[111.29946,-1.64006,0.0,null],[111.29856,-1.64057,0.0,null],[111.29997,-1.53754,0.0,null],[111.29908,-1.53431,0.0,null],[111.21486,-1.55947,0.0,null],[111.21424,-1.56502,0.0,null],[111.2125,-1.56913,0.0,null],[111.20982,-1.57192,0.0,null],[111.20608,-1.57372,0.0,null],[111.20228,-1.57406,0.0,null],[111.19774,-1.57291,0.0,null],[111.19261,-1.56973,0.0,null],[111.19013,-1.56705,0.0,null],[111.08315,-1.59864,0.0,null],[111.08272,-1.6063,0.0,null],[111.09844,-1.66968,0.0,null],[111.12595,-1.65629,0.0,null],[111.14164,-1.63088,0.0,null],[111.16162,-1.63256,0.0,null],[111.15818,-1.6711,0.0,null],[111.16599,-1.67258,0.0,null],[111.16855,-1.66192,0.0,null],[111.16838,-1.65735,0.0,null],[111.1662,-1.64457,0.0,null],[111.16763,-1.63969,0.0,null],[111.16722,-1.63635,0.0,null],[111.16784,-1.63225,0.0,null],[111.16631,-1.62809,0.0,null],[111.1662,-1.62634,0.0,null],[111.16694,-1.62374,0.0,null],[111.16933,-1.61978,0.0,null],[111.17086,-1.61865,0.0,null],[111.17411,-1.61764,0.0,null],[111.17751,-1.61779,0.0,null],[111.17973,-1.61919,0.0,null],[111.18075,-1.62129,0.0,null],[111.19109,-1.63568,0.0,null],[111.19132,-1.65677,0.0,null],[111.18664,-1.65263,0.0,null],[111.1858,-1.65324,0.0,null],[111.18349,-1.6534,0.0,null],[111.18242,-1.65446,0.0,null],[111.18234,-1.65588,0.0,null],[111.18288,-1.65628,0.0,null],[111.18233,-1.65807,0.0,null],[111.18206,-1.65751,0.0,null],[111.18164,-1.65774,0.0,null],[111.18071,-1.66167,0.0,null],[111.18268,-1.66264,0.0,null],[111.18545,-1.66685,0.0,null],[111.18536,-1.66773,0.0,null],[111.18758,-1.66554,0.0,null],[111.19009,-1.66777,0.0,null],[111.19089,-1.66771,0.0,null],[111.19143,-1.66681,0.0,null]],[[111.28865,-1.83247,0.0,null],[111.2863,-1.83241,0.0,null],[111.28639,-1.82288,0.0,null],[111.28731,-1.82114,0.0,null],[111.28879,-1.82158,0.0,null],[111.28887,-1.82599,0.0,null],[111.29045,-1.83155,0.0,null],[111.29013,-1.83233,0.0,null],[111.28865,-1.83247,0.0,null]]]}},{"type":"Feature","properties":{"inventoryId":"big-forestry-ha:13","sector":"PBPH","subtype":"IUPHHK-HA","quality":"OFFICIAL","sourceDataset":"big-forestry-ha","sourceRecordId":"13","source":"BIG Kebijakan Satu Peta","sourceUrl":"https://kspservices.big.go.id/satupeta/rest/services/PUBLIK/PERIZINAN_DAN_PERTANAHAN/MapServer/1","retrievedAt":"2026-08-24T04:32:16Z","geometryProcessing":"web display simplification tolerance 0.00035 degrees","name":"PT AQUILA SILVA","permitNumber":"SK.548/Menhut-II/2009","permitDate":"2009-09-15","areaHa":55300.0,"provinceCode":"64","region":"kalimantan"},"geometry":{"type":"Polygon","coordinates":[[[116.45654,2.28059,0.0,null],[116.45425,2.28262,0.0,null],[116.44839,2.28415,0.0,null],[116.44661,2.28568,0.0,null],[116.42889,2.28892,0.0,null],[116.42538,2.29369,0.0,null],[116.42396,2.29464,0.0,null],[116.40996,2.28895,0.0,null],[116.40237,2.28373,0.0,null],[116.39383,2.27661,0.0,null],[116.38601,2.27163,0.0,null],[116.3732,2.25787,0.0,null],[116.36964,2.25218,0.0,null],[116.36679,2.24506,0.0,null],[116.36529,2.23753,0.0,null],[116.34477,2.19182,0.0,null],[116.3379,2.18289,0.0,null],[116.33939,2.18203,0.0,null],[116.34881,2.16573,0.0,null],[116.32895,2.14408,0.0,null],[116.3208,2.13364,0.0,null],[116.30984,2.12269,0.0,null],[116.2968,2.12388,0.0,null],[116.29402,2.12364,0.0,null],[116.29304,2.10709,0.0,null],[116.29122,2.10485,0.0,null],[116.2883,2.10441,0.0,null],[116.28765,2.10232,0.0,null],[116.28752,2.09834,0.0,null],[116.28655,2.09531,0.0,null],[116.28641,2.09023,0.0,null],[116.28421,2.07483,0.0,null],[116.2838,2.0648,0.0,null],[116.28517,2.04612,0.0,null],[116.28475,2.03952,0.0,null],[116.28283,2.03017,0.0,null],[116.27622,2.00997,0.0,null],[116.27568,2.00723,0.0,null],[116.27582,2.00228,0.0,null],[116.27637,1.99995,0.0,null],[116.28022,1.99129,0.0,null],[116.28462,1.98469,0.0,null],[116.29467,1.97369,0.0,null],[116.2999,1.96985,0.0,null],[116.30595,1.9671,0.0,null],[116.31118,1.96614,0.0,null],[116.3138,1.96586,0.0,null],[116.32577,1.96669,0.0,null],[116.33361,1.9693,0.0,null],[116.3376,1.97177,0.0,null],[116.3493,1.97644,0.0,null],[116.35357,1.97919,0.0,null],[116.35742,1.98084,0.0,null],[116.36168,1.984,0.0,null],[116.37324,1.9897,0.0,null],[116.39223,1.99452,0.0,null],[116.40929,1.99616,0.0,null],[116.41645,1.99864,0.0,null],[116.42236,1.99891,0.0,null],[116.42634,1.9985,0.0,null],[116.4807,2.06986,0.0,null],[116.48597,2.07805,0.0,null],[116.47796,2.08735,0.0,null],[116.47508,2.08944,0.0,null],[116.47356,2.09236,0.0,null],[116.47652,2.10421,0.0,null],[116.47937,2.12413,0.0,null],[116.48611,2.1468,0.0,null],[116.48678,2.15188,0.0,null],[116.48632,2.15568,0.0,null],[116.48208,2.16996,0.0,null],[116.47983,2.18433,0.0,null],[116.47913,2.21301,0.0,null],[116.47863,2.22078,0.0,null],[116.47731,2.22929,0.0,null],[116.47594,2.25778,0.0,null],[116.47608,2.27593,0.0,null],[116.47489,2.27972,0.0,null],[116.47075,2.28454,0.0,null],[116.46545,2.28288,0.0,null],[116.46036,2.27931,0.0,null],[116.45807,2.2788,0.0,null],[116.45654,2.28059,0.0,null]]]}},{"type":"Feature","properties":{"inventoryId":"big-forestry-ha:149","sector":"PBPH","subtype":"IUPHHK-HA","quality":"OFFICIAL","sourceDataset":"big-forestry-ha","sourceRecordId":"149","source":"BIG Kebijakan Satu Peta","sourceUrl":"https://kspservices.big.go.id/satupeta/rest/services/PUBLIK/PERIZINAN_DAN_PERTANAHAN/MapServer/1","retrievedAt":"2026-08-24T04:32:16Z","geometryProcessing":"web display simplification tolerance 0.00035 degrees","name":"PT AUSTRAL BYNA","permitNumber":"SK.312/Menhut-II/2012","permitDate":"2012-06-15","areaHa":255570.0,"provinceCode":"62","region":"kalimantan"},"geometry":{"type":"Polygon","coordinates":[[[115.22335,-0.51695,0.0,null],[115.21095,-0.5179,0.0,null],[115.19679,-0.5212,0.0,null],[115.18174,-0.5259,0.0,null],[115.17361,-0.52936,0.0,null],[115.16374,-0.53372,0.0,null],[115.15268,-0.5408,0.0,null],[115.14054,-0.55136,0.0,null],[115.1285,-0.56494,0.0,null],[115.11851,-0.56332,0.0,null],[115.09019,-0.57218,0.0,null],[115.05801,-0.58093,0.0,null],[115.04101,-0.59746,0.0,null],[115.02973,-0.59902,0.0,null],[115.00611,-0.59155,0.0,null],[114.95402,-0.59785,0.0,null],[114.94124,-0.59758,0.0,null],[114.8947,-0.58913,0.0,null],[114.89104,-0.59111,0.0,null],[114.86813,-0.59939,0.0,null],[114.84005,-0.59496,0.0,null],[114.83663,-0.59493,0.0,null],[114.83361,-0.59404,0.0,null],[114.83032,-0.59729,0.0,null],[114.83239,-0.60408,0.0,null],[114.83149,-0.60619,0.0,null],[114.83162,-0.60759,0.0,null],[114.83313,-0.60965,0.0,null],[114.83298,-0.6105,0.0,null],[114.83113,-0.61054,0.0,null],[114.82971,-0.61233,0.0,null],[114.82858,-0.6123,0.0,null],[114.82786,-0.60971,0.0,null],[114.82655,-0.60945,0.0,null],[114.82546,-0.60775,0.0,null],[114.82531,-0.60608,0.0,null],[114.82191,-0.60634,0.0,null],[114.81857,-0.60852,0.0,null],[114.81867,-0.61154,0.0,null],[114.8234,-0.61823,0.0,null],[114.82336,-0.62272,0.0,null],[114.82547,-0.62315,0.0,null],[114.82597,-0.62397,0.0,null],[114.82552,-0.62516,0.0,null],[114.82297,-0.62628,0.0,null],[114.82232,-0.62733,0.0,null],[114.82215,-0.62907,0.0,null],[114.82098,-0.63055,0.0,null],[114.8207,-0.63555,0.0,null],[114.85642,-0.63436,0.0,null],[114.87195,-0.63478,0.0,null],[114.91368,-0.63879,0.0,null],[114.94467,-0.6462,0.0,null],[114.97935,-0.66023,0.0,null],[115.00844,-0.67683,0.0,null],[115.02356,-0.68742,0.0,null],[115.0272,-0.68434,0.0,null],[115.03027,-0.68292,0.0,null],[115.0302,-0.68193,0.0,null],[115.03141,-0.68085,0.0,null],[115.03662,-0.68009,0.0,null],[115.03787,-0.679,0.0,null],[115.04141,-0.67918,0.0,null],[115.04218,-0.67513,0.0,null],[115.04391,-0.67404,0.0,null],[115.04565,-0.67179,0.0,null],[115.04883,-0.67397,0.0,null],[115.05015,-0.67379,0.0,null],[115.0514,-0.67554,0.0,null],[115.05394,-0.67556,0.0,null],[115.0544,-0.67686,0.0,null],[115.05743,-0.67907,0.0,null],[115.05375,-0.68407,0.0,null],[115.05591,-0.68701,0.0,null],[115.05489,-0.68999,0.0,null],[115.08336,-0.6826,0.0,null],[115.11151,-0.674,0.0,null],[115.12237,-0.65746,0.0,null],[115.12667,-0.64663,0.0,null],[115.12882,-0.6049,0.0,null],[115.13178,-0.58659,0.0,null],[115.13542,-0.58235,0.0,null],[115.1413,-0.5829,0.0,null],[115.14089,-0.58128,0.0,null],[115.14167,-0.57785,0.0,null],[115.14429,-0.57668,0.0,null],[115.14789,-0.57168,0.0,null],[115.15299,-0.56868,0.0,null],[115.15609,-0.56798,0.0,null],[115.16079,-0.56848,0.0,null],[115.16599,-0.57178,0.0,null],[115.16419,-0.57518,0.0,null],[115.16309,-0.57918,0.0,null],[115.16389,-0.58798,0.0,null],[115.16535,-0.59302,0.0,null],[115.16904,-0.60112,0.0,null],[115.17318,-0.61732,0.0,null],[115.17964,-0.64698,0.0,null],[115.18324,-0.6553,0.0,null],[115.18949,-0.66497,0.0,null],[115.20252,-0.67957,0.0,null],[115.21433,-0.69006,0.0,null],[115.23553,-0.70734,0.0,null],[115.2415,-0.71394,0.0,null],[115.24699,-0.72165,0.0,null],[115.25195,-0.73632,0.0,null],[115.2466,-0.7459,0.0,null],[115.23961,-0.75385,0.0,null],[115.23468,-0.75813,0.0,null],[115.22758,-0.76262,0.0,null],[115.21237,-0.77076,0.0,null],[115.17763,-0.78475,0.0,null],[115.15584,-0.79175,0.0,null],[115.08216,-0.80891,0.0,null],[115.08168,-0.81328,0.0,null],[115.08047,-0.81413,0.0,null],[115.08034,-0.81505,0.0,null],[115.08203,-0.81469,0.0,null],[115.08449,-0.8123,0.0,null],[115.08657,-0.81191,0.0,null],[115.0883,-0.81238,0.0,null],[115.0881,-0.8161,0.0,null],[115.0922,-0.81363,0.0,null],[115.09305,-0.81344,0.0,null],[115.09417,-0.81403,0.0,null],[115.09541,-0.81531,0.0,null],[115.09389,-0.81643,0.0,null],[115.09369,-0.81734,0.0,null],[115.09562,-0.81868,0.0,null],[115.0994,-0.81902,0.0,null],[115.10161,-0.81553,0.0,null],[115.10408,-0.81627,0.0,null],[115.10655,-0.81622,0.0,null],[115.10722,-0.81697,0.0,null],[115.10636,-0.81992,0.0,null],[115.10937,-0.81874,0.0,null],[115.10822,-0.82126,0.0,null],[115.1101,-0.82263,0.0,null],[115.1112,-0.82198,0.0,null],[115.11329,-0.81921,0.0,null],[115.11448,-0.81889,0.0,null],[115.11549,-0.82203,0.0,null],[115.1167,-0.82285,0.0,null],[115.11882,-0.82323,0.0,null],[115.1138,-0.82749,0.0,null],[115.11403,-0.82899,0.0,null],[115.11249,-0.83127,0.0,null],[115.11312,-0.83323,0.0,null],[115.12052,-0.82858,0.0,null],[115.12283,-0.82774,0.0,null],[115.12526,-0.82918,0.0,null],[115.12455,-0.83159,0.0,null],[115.12666,-0.83171,0.0,null],[115.12958,-0.83328,0.0,null],[115.13088,-0.83202,0.0,null],[115.13164,-0.82939,0.0,null],[115.13312,-0.82881,0.0,null],[115.13523,-0.8293,0.0,null],[115.1356,-0.83095,0.0,null],[115.13351,-0.83186,0.0,null],[115.1336,-0.83315,0.0,null],[115.13454,-0.83342,0.0,null],[115.13687,-0.83099,0.0,null],[115.13752,-0.82819,0.0,null],[115.13898,-0.82768,0.0,null],[115.14261,-0.82879,0.0,null],[115.13943,-0.82979,0.0,null],[115.14025,-0.83284,0.0,null],[115.142,-0.83326,0.0,null],[115.14399,-0.82959,0.0,null],[115.14708,-0.82749,0.0,null],[115.14747,-0.82799,0.0,null],[115.14662,-0.82969,0.0,null],[115.14729,-0.82992,0.0,null],[115.14997,-0.83405,0.0,null],[115.15018,-0.83622,0.0,null],[115.15431,-0.83875,0.0,null],[115.1701,-0.84149,0.0,null],[115.17915,-0.84464,0.0,null],[115.18461,-0.84518,0.0,null],[115.1881,-0.84476,0.0,null],[115.19875,-0.84155,0.0,null],[115.20404,-0.84223,0.0,null],[115.20746,-0.84401,0.0,null],[115.20749,-0.8466,0.0,null],[115.20529,-0.84919,0.0,null],[115.20839,-0.85118,0.0,null],[115.21216,-0.84934,0.0,null],[115.21335,-0.85054,0.0,null],[115.21534,-0.84972,0.0,null],[115.21674,-0.85024,0.0,null],[115.21605,-0.85106,0.0,null],[115.21724,-0.85097,0.0,null],[115.2184,-0.84972,0.0,null],[115.22008,-0.84955,0.0,null],[115.22076,-0.84832,0.0,null],[115.2255,-0.84972,0.0,null],[115.22592,-0.85179,0.0,null],[115.22445,-0.85226,0.0,null],[115.22403,-0.85377,0.0,null],[115.22214,-0.85522,0.0,null],[115.22172,-0.85634,0.0,null],[115.22208,-0.8571,0.0,null],[115.22327,-0.85541,0.0,null],[115.22576,-0.85519,0.0,null],[115.22338,-0.85736,0.0,null],[115.22513,-0.85697,0.0,null],[115.22601,-0.85892,0.0,null],[115.22281,-0.85963,0.0,null],[115.22577,-0.86061,0.0,null],[115.22467,-0.86262,0.0,null],[115.2251,-0.86451,0.0,null],[115.22988,-0.86199,0.0,null],[115.23055,-0.86246,0.0,null],[115.23028,-0.8638,0.0,null],[115.23327,-0.86339,0.0,null],[115.23348,-0.86238,0.0,null],[115.23168,-0.86144,0.0,null],[115.23162,-0.86084,0.0,null],[115.23452,-0.8599,0.0,null],[115.23457,-0.86132,0.0,null],[115.23561,-0.86131,0.0,null],[115.23616,-0.85857,0.0,null],[115.23648,-0.85945,0.0,null],[115.23929,-0.86088,0.0,null],[115.23999,-0.86227,0.0,null],[115.24128,-0.86146,0.0,null],[115.24276,-0.86262,0.0,null],[115.24104,-0.86469,0.0,null],[115.24256,-0.86518,0.0,null],[115.24518,-0.86717,0.0,null],[115.24695,-0.86603,0.0,null],[115.24735,-0.8673,0.0,null],[115.2483,-0.8667,0.0,null],[115.25077,-0.86186,0.0,null],[115.25318,-0.85308,0.0,null],[115.2601,-0.84329,0.0,null],[115.26385,-0.83607,0.0,null],[115.26591,-0.82632,0.0,null],[115.26748,-0.82235,0.0,null],[115.27037,-0.81823,0.0,null],[115.27403,-0.81677,0.0,null],[115.28,-0.81646,0.0,null],[115.2847,-0.81766,0.0,null],[115.29214,-0.82215,0.0,null],[115.2914,-0.82587,0.0,null],[115.29193,-0.82783,0.0,null],[115.29253,-0.82923,0.0,null],[115.29497,-0.83111,0.0,null],[115.29553,-0.83426,0.0,null],[115.2922,-0.83821,0.0,null],[115.29377,-0.84968,0.0,null],[115.29351,-0.8577,0.0,null],[115.29426,-0.86137,0.0,null],[115.29735,-0.86556,0.0,null],[115.29833,-0.87135,0.0,null],[115.29571,-0.87397,0.0,null],[115.2894,-0.87706,0.0,null],[115.28714,-0.8793,0.0,null],[115.28548,-0.88521,0.0,null],[115.28622,-0.88881,0.0,null],[115.28851,-0.8914,0.0,null],[115.29327,-0.89601,0.0,null],[115.30713,-0.88787,0.0,null],[115.31073,-0.8867,0.0,null],[115.31335,-0.88801,0.0,null],[115.34873,-0.89204,0.0,null],[115.35157,-0.89553,0.0,null],[115.35398,-0.89708,0.0,null],[115.35592,-0.89747,0.0,null],[115.3585,-0.89711,0.0,null],[115.3593,-0.89993,0.0,null],[115.35895,-0.90159,0.0,null],[115.35401,-0.90966,0.0,null],[115.35508,-0.91338,0.0,null],[115.34999,-0.9151,0.0,null],[115.34089,-0.91611,0.0,null],[115.31834,-0.91721,0.0,null],[115.29571,-0.9173,0.0,null],[115.25776,-0.90876,0.0,null],[115.237,-0.90237,0.0,null],[115.21198,-0.90142,0.0,null],[115.20229,-0.90222,0.0,null],[115.19245,-0.90376,0.0,null],[115.13034,-0.91513,0.0,null],[115.10685,-0.91497,0.0,null],[115.10868,-0.92141,0.0,null],[115.36213,-0.94392,0.0,null],[115.36828,-0.9491,0.0,null],[115.36974,-0.95189,0.0,null],[115.37252,-0.95763,0.0,null],[115.37459,-0.9687,0.0,null],[115.36682,-1.0,0.0,null],[115.35794,-1.00117,0.0,null],[115.3564,-1.00184,0.0,null],[115.35564,-1.00177,0.0,null],[115.35511,-1.001,0.0,null],[115.34062,-1.00338,0.0,null],[115.31519,-1.00658,0.0,null],[115.0663,-1.03672,0.0,null],[115.08447,-1.10471,0.0,null],[115.08575,-1.11206,0.0,null],[115.07942,-1.12223,0.0,null],[115.06249,-1.13196,0.0,null],[115.05187,-1.1407,0.0,null],[115.04667,-1.14755,0.0,null],[115.04497,-1.15242,0.0,null],[115.0412,-1.19412,0.0,null],[115.03763,-1.21033,0.0,null],[115.03269,-1.21815,0.0,null],[115.02484,-1.22497,0.0,null],[115.01556,-1.22996,0.0,null],[115.00562,-1.23136,0.0,null],[114.96422,-1.22321,0.0,null],[114.90854,-1.1965,0.0,null],[114.90601,-1.19539,0.0,null],[114.90179,-1.19798,0.0,null],[114.90169,-1.19576,0.0,null],[114.9,-1.19808,0.0,null],[114.89832,-1.19859,0.0,null],[114.89743,-1.20089,0.0,null],[114.8961,-1.20182,0.0,null],[114.89588,-1.20294,0.0,null],[114.89423,-1.20468,0.0,null],[114.89454,-1.20544,0.0,null],[114.89116,-1.2057,0.0,null],[114.89126,-1.20778,0.0,null],[114.89048,-1.20796,0.0,null],[114.8904,-1.20865,0.0,null],[114.88945,-1.20793,0.0,null],[114.88883,-1.20891,0.0,null],[114.88926,-1.21006,0.0,null],[114.88818,-1.21011,0.0,null],[114.88593,-1.21199,0.0,null],[114.88471,-1.21171,0.0,null],[114.8842,-1.21298,0.0,null],[114.88112,-1.21432,0.0,null],[114.87942,-1.21438,0.0,null],[114.8783,-1.21592,0.0,null],[114.87852,-1.21693,0.0,null],[114.87704,-1.21742,0.0,null],[114.8759,-1.21875,0.0,null],[114.8752,-1.21828,0.0,null],[114.87377,-1.21846,0.0,null],[114.8733,-1.22002,0.0,null],[114.87133,-1.22114,0.0,null],[114.87167,-1.222,0.0,null],[114.87099,-1.22418,0.0,null],[114.87025,-1.22426,0.0,null],[114.86961,-1.22519,0.0,null],[114.87023,-1.22583,0.0,null],[114.86987,-1.22633,0.0,null],[114.87073,-1.22696,0.0,null],[114.86963,-1.22767,0.0,null],[114.86964,-1.22839,0.0,null],[114.87095,-1.22934,0.0,null],[114.86951,-1.23282,0.0,null],[114.87017,-1.23305,0.0,null],[114.87064,-1.23695,0.0,null],[114.86998,-1.23848,0.0,null],[114.87048,-1.23978,0.0,null],[114.86945,-1.24005,0.0,null],[114.86969,-1.24187,0.0,null],[114.86857,-1.24312,0.0,null],[114.86863,-1.24438,0.0,null],[114.86783,-1.24463,0.0,null],[114.86696,-1.2437,0.0,null],[114.86657,-1.24416,0.0,null],[114.86724,-1.24459,0.0,null],[114.86697,-1.24509,0.0,null],[114.86554,-1.24428,0.0,null],[114.86538,-1.24569,0.0,null],[114.86427,-1.24555,0.0,null],[114.86476,-1.24638,0.0,null],[114.86427,-1.2477,0.0,null],[114.86339,-1.24748,0.0,null],[114.86299,-1.24878,0.0,null],[114.86205,-1.24859,0.0,null],[114.86314,-1.25029,0.0,null],[114.86317,-1.25127,0.0,null],[114.86192,-1.25179,0.0,null],[114.86259,-1.25243,0.0,null],[114.86149,-1.25314,0.0,null],[114.86219,-1.25431,0.0,null],[114.86031,-1.25545,0.0,null],[114.86068,-1.25655,0.0,null],[114.85986,-1.25681,0.0,null],[114.85929,-1.25611,0.0,null],[114.85783,-1.25617,0.0,null],[114.85844,-1.25711,0.0,null],[114.85721,-1.25858,0.0,null],[114.85842,-1.25928,0.0,null],[114.85597,-1.26167,0.0,null],[114.85653,-1.26241,0.0,null],[114.85593,-1.26321,0.0,null],[114.85622,-1.26382,0.0,null],[114.85548,-1.264,0.0,null],[114.85479,-1.26343,0.0,null],[114.85476,-1.26439,0.0,null],[114.85409,-1.26478,0.0,null],[114.85587,-1.26533,0.0,null],[114.85548,-1.26816,0.0,null],[114.85413,-1.26893,0.0,null],[114.85294,-1.26842,0.0,null],[114.8533,-1.26938,0.0,null],[114.85206,-1.26977,0.0,null],[114.85143,-1.26882,0.0,null],[114.85094,-1.26894,0.0,null],[114.85201,-1.27473,0.0,null],[114.85191,-1.27842,0.0,null],[114.85122,-1.28196,0.0,null],[114.84909,-1.28747,0.0,null],[114.84568,-1.29268,0.0,null],[114.84032,-1.29672,0.0,null],[114.83401,-1.29983,0.0,null],[114.82229,-1.30372,0.0,null],[114.8179,-1.30598,0.0,null],[114.81566,-1.30776,0.0,null],[114.81424,-1.30953,0.0,null],[114.81402,-1.31204,0.0,null],[114.81572,-1.31556,0.0,null],[114.81908,-1.31826,0.0,null],[114.82355,-1.31974,0.0,null],[114.84509,-1.3246,0.0,null],[114.8624,-1.3252,0.0,null],[114.86689,-1.32737,0.0,null],[114.86923,-1.32791,0.0,null],[114.87272,-1.32808,0.0,null],[114.87883,-1.32689,0.0,null],[114.8867,-1.32644,0.0,null],[114.88606,-1.32537,0.0,null],[114.88635,-1.32324,0.0,null],[114.88533,-1.32152,0.0,null],[114.88662,-1.31972,0.0,null],[114.88434,-1.31822,0.0,null],[114.88503,-1.31592,0.0,null],[114.88369,-1.31559,0.0,null],[114.88154,-1.31655,0.0,null],[114.88053,-1.31606,0.0,null],[114.88037,-1.31511,0.0,null],[114.88164,-1.31319,0.0,null],[114.87795,-1.31179,0.0,null],[114.87889,-1.31052,0.0,null],[114.878,-1.30894,0.0,null],[114.87805,-1.30794,0.0,null],[114.88218,-1.30693,0.0,null],[114.88207,-1.30566,0.0,null],[114.8839,-1.30506,0.0,null],[114.88577,-1.30575,0.0,null],[114.88828,-1.30563,0.0,null],[114.88908,-1.30632,0.0,null],[114.88872,-1.30831,0.0,null],[114.89096,-1.30954,0.0,null],[114.89247,-1.30838,0.0,null],[114.89402,-1.30966,0.0,null],[114.89424,-1.31197,0.0,null],[114.89729,-1.3105,0.0,null],[114.89848,-1.31152,0.0,null],[114.89848,-1.31423,0.0,null],[114.89977,-1.31467,0.0,null],[114.90149,-1.314,0.0,null],[114.90168,-1.31598,0.0,null],[114.90347,-1.31514,0.0,null],[114.90548,-1.31663,0.0,null],[114.90599,-1.31632,0.0,null],[114.90586,-1.31567,0.0,null],[114.90416,-1.31352,0.0,null],[114.90669,-1.31191,0.0,null],[114.90485,-1.31244,0.0,null],[114.90412,-1.30896,0.0,null],[114.90302,-1.30766,0.0,null],[114.90391,-1.30619,0.0,null],[114.90738,-1.30896,0.0,null],[114.91008,-1.30837,0.0,null],[114.91064,-1.30567,0.0,null],[114.91293,-1.30703,0.0,null],[114.91392,-1.30693,0.0,null],[114.91284,-1.30451,0.0,null],[114.91495,-1.30376,0.0,null],[114.91459,-1.30101,0.0,null],[114.91619,-1.30081,0.0,null],[114.91765,-1.30267,0.0,null],[114.91825,-1.3027,0.0,null],[114.919,-1.30164,0.0,null],[114.91785,-1.30214,0.0,null],[114.91832,-1.29959,0.0,null],[114.91959,-1.30032,0.0,null],[114.92098,-1.30026,0.0,null],[114.92318,-1.30203,0.0,null],[114.92459,-1.30237,0.0,null],[114.92233,-1.29999,0.0,null],[114.92506,-1.29954,0.0,null],[114.92518,-1.29885,0.0,null],[114.92473,-1.29826,0.0,null],[114.92373,-1.29825,0.0,null],[114.92242,-1.29621,0.0,null],[114.92432,-1.29546,0.0,null],[114.92635,-1.29717,0.0,null],[114.92727,-1.29714,0.0,null],[114.92877,-1.29544,0.0,null],[114.92997,-1.29508,0.0,null],[114.93112,-1.29313,0.0,null],[114.93098,-1.2916,0.0,null],[114.93302,-1.29033,0.0,null],[114.93516,-1.29091,0.0,null],[114.93519,-1.28993,0.0,null],[114.93752,-1.29066,0.0,null],[114.9389,-1.28736,0.0,null],[114.93939,-1.28751,0.0,null],[114.93977,-1.28916,0.0,null],[114.94064,-1.2895,0.0,null],[114.9403,-1.2872,0.0,null],[114.94217,-1.28848,0.0,null],[114.94376,-1.28642,0.0,null],[114.94647,-1.28573,0.0,null],[114.94862,-1.28618,0.0,null],[114.94885,-1.28673,0.0,null],[114.94808,-1.28841,0.0,null],[114.94928,-1.28981,0.0,null],[114.94995,-1.28939,0.0,null],[114.95003,-1.28805,0.0,null],[114.95073,-1.28765,0.0,null],[114.95388,-1.28829,0.0,null],[114.95408,-1.28633,0.0,null],[114.9549,-1.28609,0.0,null],[114.95527,-1.28723,0.0,null],[114.95687,-1.28683,0.0,null],[114.95771,-1.28919,0.0,null],[114.95851,-1.28773,0.0,null],[114.95988,-1.2884,0.0,null],[114.95961,-1.29056,0.0,null],[114.96129,-1.29078,0.0,null],[114.96222,-1.29219,0.0,null],[114.96335,-1.29134,0.0,null],[114.96316,-1.28947,0.0,null],[114.9642,-1.28975,0.0,null],[114.96422,-1.29175,0.0,null],[114.96609,-1.29265,0.0,null],[114.96494,-1.29375,0.0,null],[114.96519,-1.29534,0.0,null],[114.96592,-1.29536,0.0,null],[114.96729,-1.2936,0.0,null],[114.9675,-1.29609,0.0,null],[114.96798,-1.29504,0.0,null],[114.96872,-1.29487,0.0,null],[114.96913,-1.29681,0.0,null],[114.96971,-1.29707,0.0,null],[114.97084,-1.29595,0.0,null],[114.9709,-1.29369,0.0,null],[114.97179,-1.2933,0.0,null],[114.97308,-1.29377,0.0,null],[114.97295,-1.29455,0.0,null],[114.97212,-1.29508,0.0,null],[114.97528,-1.29637,0.0,null],[114.97638,-1.29563,0.0,null],[114.97933,-1.29598,0.0,null],[114.97866,-1.29482,0.0,null],[114.97894,-1.29419,0.0,null],[114.98356,-1.29477,0.0,null],[114.98308,-1.29292,0.0,null],[114.98507,-1.29298,0.0,null],[114.9856,-1.29126,0.0,null],[114.98704,-1.29171,0.0,null],[114.98739,-1.29076,0.0,null],[114.98868,-1.29017,0.0,null],[114.98942,-1.2906,0.0,null],[114.98846,-1.29157,0.0,null],[114.99109,-1.29279,0.0,null],[114.99109,-1.29219,0.0,null],[114.98988,-1.29148,0.0,null],[114.99017,-1.29079,0.0,null],[114.99176,-1.29048,0.0,null],[114.99265,-1.28938,0.0,null],[114.99315,-1.28985,0.0,null],[114.99258,-1.29098,0.0,null],[114.99391,-1.28984,0.0,null],[114.99539,-1.29008,0.0,null],[114.99548,-1.28894,0.0,null],[114.99678,-1.28831,0.0,null],[114.99713,-1.28705,0.0,null],[114.99857,-1.28751,0.0,null],[114.99965,-1.28603,0.0,null],[115.00135,-1.28539,0.0,null],[115.0014,-1.28315,0.0,null],[115.00236,-1.28365,0.0,null],[115.00287,-1.285,0.0,null],[115.00391,-1.28393,0.0,null],[115.00406,-1.28241,0.0,null],[115.00622,-1.28301,0.0,null],[115.00622,-1.28444,0.0,null],[115.00776,-1.28416,0.0,null],[115.00879,-1.28191,0.0,null],[115.00674,-1.28236,0.0,null],[115.00653,-1.28174,0.0,null],[115.00699,-1.28028,0.0,null],[115.00816,-1.27913,0.0,null],[115.00887,-1.27935,0.0,null],[115.00837,-1.28032,0.0,null],[115.00871,-1.28075,0.0,null],[115.01287,-1.27923,0.0,null],[115.01366,-1.2818,0.0,null],[115.01594,-1.28146,0.0,null],[115.01882,-1.28017,0.0,null],[115.0204,-1.28114,0.0,null],[115.02142,-1.28066,0.0,null],[115.02302,-1.28099,0.0,null],[115.02568,-1.27675,0.0,null],[115.02781,-1.27876,0.0,null],[115.02918,-1.27652,0.0,null],[115.0295,-1.27868,0.0,null],[115.02996,-1.27889,0.0,null],[115.03114,-1.27815,0.0,null],[115.03205,-1.27619,0.0,null],[115.03274,-1.27612,0.0,null],[115.03321,-1.2768,0.0,null],[115.03238,-1.27829,0.0,null],[115.03287,-1.27872,0.0,null],[115.03479,-1.27588,0.0,null],[115.03747,-1.27494,0.0,null],[115.03775,-1.27569,0.0,null],[115.03599,-1.27697,0.0,null],[115.03592,-1.27768,0.0,null],[115.03841,-1.27684,0.0,null],[115.03972,-1.27816,0.0,null],[115.04033,-1.27575,0.0,null],[115.03916,-1.27465,0.0,null],[115.04077,-1.27441,0.0,null],[115.04114,-1.2727,0.0,null],[115.06101,-1.26315,0.0,null],[115.08234,-1.25714,0.0,null],[115.09334,-1.25193,0.0,null],[115.10482,-1.2439,0.0,null],[115.10861,-1.24061,0.0,null],[115.11559,-1.23343,0.0,null],[115.12759,-1.21817,0.0,null],[115.15446,-1.18043,0.0,null],[115.16972,-1.1517,0.0,null],[115.17713,-1.15438,0.0,null],[115.20651,-1.18201,0.0,null],[115.22394,-1.1962,0.0,null],[115.23025,-1.20033,0.0,null],[115.23941,-1.20525,0.0,null],[115.24866,-1.2072,0.0,null],[115.29357,-1.20197,0.0,null],[115.30785,-1.20185,0.0,null],[115.31871,-1.20259,0.0,null],[115.33081,-1.20907,0.0,null],[115.35056,-1.21202,0.0,null],[115.3635,-1.21928,0.0,null],[115.45808,-1.16265,0.0,null],[115.47773,-1.14886,0.0,null],[115.5053,-1.14073,0.0,null],[115.53812,-1.14282,0.0,null],[115.58133,-1.16305,0.0,null],[115.58203,-1.16246,0.0,null],[115.58452,-1.16301,0.0,null],[115.58555,-1.16214,0.0,null],[115.58448,-1.15849,0.0,null],[115.58591,-1.15441,0.0,null],[115.58471,-1.1527,0.0,null],[115.58326,-1.15181,0.0,null],[115.58298,-1.15046,0.0,null],[115.58375,-1.14961,0.0,null],[115.58634,-1.14972,0.0,null],[115.58823,-1.14799,0.0,null],[115.58889,-1.14681,0.0,null],[115.58928,-1.14307,0.0,null],[115.59172,-1.14103,0.0,null],[115.59274,-1.13701,0.0,null],[115.59416,-1.13566,0.0,null],[115.59609,-1.13509,0.0,null],[115.59847,-1.13541,0.0,null],[115.59982,-1.13692,0.0,null],[115.59892,-1.13896,0.0,null],[115.59388,-1.14304,0.0,null],[115.59331,-1.14501,0.0,null],[115.59388,-1.14626,0.0,null],[115.5963,-1.14699,0.0,null],[115.59881,-1.14322,0.0,null],[115.60418,-1.1411,0.0,null],[115.60645,-1.14129,0.0,null],[115.60704,-1.14208,0.0,null],[115.60684,-1.14318,0.0,null],[115.60281,-1.14455,0.0,null],[115.60279,-1.14634,0.0,null],[115.61246,-1.15035,0.0,null],[115.61297,-1.15295,0.0,null],[115.61207,-1.15421,0.0,null],[115.61186,-1.15683,0.0,null],[115.61255,-1.15828,0.0,null],[115.61405,-1.15887,0.0,null],[115.61579,-1.15787,0.0,null],[115.61698,-1.1521,0.0,null],[115.6169,-1.15066,0.0,null],[115.61531,-1.1478,0.0,null],[115.61551,-1.14542,0.0,null],[115.61388,-1.14245,0.0,null],[115.6148,-1.13983,0.0,null],[115.61919,-1.13792,0.0,null],[115.62352,-1.13894,0.0,null],[115.6267,-1.13886,0.0,null],[115.62715,-1.13782,0.0,null],[115.62685,-1.13708,0.0,null],[115.62303,-1.13523,0.0,null],[115.62274,-1.13405,0.0,null],[115.62627,-1.13353,0.0,null],[115.62825,-1.13553,0.0,null],[115.63009,-1.13265,0.0,null],[115.6309,-1.13339,0.0,null],[115.63027,-1.13501,0.0,null],[115.63046,-1.13605,0.0,null],[115.63178,-1.13623,0.0,null],[115.63332,-1.13743,0.0,null],[115.63402,-1.13598,0.0,null],[115.6352,-1.13701,0.0,null],[115.63619,-1.13687,0.0,null],[115.63682,-1.13568,0.0,null],[115.6366,-1.13406,0.0,null],[115.63785,-1.13258,0.0,null],[115.63792,-1.13103,0.0,null],[115.63896,-1.13011,0.0,null],[115.63848,-1.12842,0.0,null],[115.64139,-1.12748,0.0,null],[115.64615,-1.12958,0.0,null],[115.6469,-1.12939,0.0,null],[115.64707,-1.12866,0.0,null],[115.66691,-1.1442,0.0,null],[115.68217,-1.13846,0.0,null],[115.69758,-1.14022,0.0,null],[115.71935,-1.14575,0.0,null],[115.73836,-1.14001,0.0,null],[115.71836,-1.11303,0.0,null],[115.73113,-1.10372,0.0,null],[115.66849,-1.04403,0.0,null],[115.60628,-0.97894,0.0,null],[115.58849,-0.96517,0.0,null],[115.56729,-0.94987,0.0,null],[115.55381,-0.94172,0.0,null],[115.53882,-0.93561,0.0,null],[115.52498,-0.93168,0.0,null],[115.49928,-0.92609,0.0,null],[115.49178,-0.91709,0.0,null],[115.47231,-0.90519,0.0,null],[115.45858,-0.90165,0.0,null],[115.44805,-0.89971,0.0,null],[115.43305,-0.90083,0.0,null],[115.41981,-0.90411,0.0,null],[115.40176,-0.90725,0.0,null],[115.38097,-0.90241,0.0,null],[115.35691,-0.89079,0.0,null],[115.35519,-0.86954,0.0,null],[115.35534,-0.85485,0.0,null],[115.34937,-0.83226,0.0,null],[115.34536,-0.82217,0.0,null],[115.34089,-0.81132,0.0,null],[115.33515,-0.80016,0.0,null],[115.32463,-0.78363,0.0,null],[115.30824,-0.76089,0.0,null],[115.29902,-0.74576,0.0,null],[115.29735,-0.73595,0.0,null],[115.29744,-0.73392,0.0,null],[115.29839,-0.71864,0.0,null],[115.30285,-0.69496,0.0,null],[115.30363,-0.68672,0.0,null],[115.3044,-0.67048,0.0,null],[115.30458,-0.64835,0.0,null],[115.30307,-0.62079,0.0,null],[115.30206,-0.6146,0.0,null],[115.29723,-0.595,0.0,null],[115.29238,-0.58084,0.0,null],[115.28076,-0.55587,0.0,null],[115.27603,-0.54791,0.0,null],[115.26889,-0.53851,0.0,null],[115.26237,-0.53286,0.0,null],[115.25107,-0.52575,0.0,null],[115.23887,-0.52111,0.0,null],[115.22335,-0.51695,0.0,null]]]}},{"type":"Feature","properties":{"inventoryId":"big-forestry-ha:212","sector":"PBPH","subtype":"IUPHHK-HA","quality":"OFFICIAL","sourceDataset":"big-forestry-ha","sourceRecordId":"212","source":"BIG Kebijakan Satu Peta","sourceUrl":"https://kspservices.big.go.id/satupeta/rest/services/PUBLIK/PERIZINAN_DAN_PERTANAHAN/MapServer/1","retrievedAt":"2026-08-24T04:32:16Z","geometryProcessing":"web display simplification tolerance 0.00035 degrees","name":"PT AYA YAYANG INDONESIA","permitNumber":"SK.840/Kpts-VI/1999","permitDate":"1999-10-06","areaHa":87421.0,"provinceCode":"63","region":"kalimantan"},"geometry":{"type":"Polygon","coordinates":[[[115.43988,-1.51062,0.0,null],[115.43715,-1.50588,0.0,null],[115.43621,-1.50166,0.0,null],[115.43387,-1.47719,0.0,null],[115.43356,-1.45973,0.0,null],[115.38917,-1.45812,0.0,null],[115.37982,-1.55381,0.0,null],[115.36144,-1.59551,0.0,null],[115.34511,-1.62612,0.0,null],[115.32518,-1.66104,0.0,null],[115.29899,-1.70038,0.0,null],[115.29313,-1.72164,0.0,null],[115.29128,-1.73962,0.0,null],[115.29234,-1.75966,0.0,null],[115.29842,-1.78186,0.0,null],[115.31727,-1.77896,0.0,null],[115.30998,-1.80056,0.0,null],[115.31261,-1.82516,0.0,null],[115.31219,-1.82633,0.0,null],[115.30896,-1.82726,0.0,null],[115.31285,-1.83421,0.0,null],[115.31679,-1.83,0.0,null],[115.31679,-1.8137,0.0,null],[115.31824,-1.80825,0.0,null],[115.31804,-1.80585,0.0,null],[115.32271,-1.79459,0.0,null],[115.33681,-1.79503,0.0,null],[115.33681,-1.77933,0.0,null],[115.35082,-1.76612,0.0,null],[115.35146,-1.73545,0.0,null],[115.34706,-1.7349,0.0,null],[115.34716,-1.72501,0.0,null],[115.34395,-1.71823,0.0,null],[115.35659,-1.70715,0.0,null],[115.35613,-1.68729,0.0,null],[115.36327,-1.67419,0.0,null],[115.3656,-1.66755,0.0,null],[115.36709,-1.6612,0.0,null],[115.36999,-1.65775,0.0,null],[115.37031,-1.65659,0.0,null],[115.37587,-1.65349,0.0,null],[115.37859,-1.65639,0.0,null],[115.38097,-1.65706,0.0,null],[115.38149,-1.65813,0.0,null],[115.38387,-1.65743,0.0,null],[115.38639,-1.65851,0.0,null],[115.38937,-1.66172,0.0,null],[115.39027,-1.66488,0.0,null],[115.39522,-1.6661,0.0,null],[115.3958,-1.66668,0.0,null],[115.39713,-1.66931,0.0,null],[115.39673,-1.67328,0.0,null],[115.39913,-1.6747,0.0,null],[115.40052,-1.67679,0.0,null],[115.40313,-1.68299,0.0,null],[115.40432,-1.68736,0.0,null],[115.40574,-1.68797,0.0,null],[115.40791,-1.6873,0.0,null],[115.41049,-1.68774,0.0,null],[115.41263,-1.68661,0.0,null],[115.41452,-1.68823,0.0,null],[115.4168,-1.68814,0.0,null],[115.41785,-1.68968,0.0,null],[115.41721,-1.69327,0.0,null],[115.41196,-1.69611,0.0,null],[115.41452,-1.69639,0.0,null],[115.41451,-1.6972,0.0,null],[115.40871,-1.70506,0.0,null],[115.41006,-1.70534,0.0,null],[115.4106,-1.70629,0.0,null],[115.4083,-1.70968,0.0,null],[115.40668,-1.71659,0.0,null],[115.40317,-1.72405,0.0,null],[115.3998,-1.72622,0.0,null],[115.39993,-1.72717,0.0,null],[115.40263,-1.72636,0.0,null],[115.40343,-1.72649,0.0,null],[115.40371,-1.72717,0.0,null],[115.40033,-1.73219,0.0,null],[115.39831,-1.73341,0.0,null],[115.39831,-1.73531,0.0,null],[115.39938,-1.73477,0.0,null],[115.39952,-1.73585,0.0,null],[115.39547,-1.73992,0.0,null],[115.39709,-1.74168,0.0,null],[115.39547,-1.74467,0.0,null],[115.39547,-1.74548,0.0,null],[115.39641,-1.74589,0.0,null],[115.39655,-1.7467,0.0,null],[115.39425,-1.74819,0.0,null],[115.39384,-1.74914,0.0,null],[115.39439,-1.75077,0.0,null],[115.39195,-1.75814,0.0,null],[115.40906,-1.75916,0.0,null],[115.40845,-1.7678,0.0,null],[115.42798,-1.77595,0.0,null],[115.43564,-1.7709,0.0,null],[115.43686,-1.77479,0.0,null],[115.43759,-1.77534,0.0,null],[115.43735,-1.77698,0.0,null],[115.43783,-1.77704,0.0,null],[115.43911,-1.77662,0.0,null],[115.43996,-1.77522,0.0,null],[115.43844,-1.77382,0.0,null],[115.43802,-1.77206,0.0,null],[115.43917,-1.76883,0.0,null],[115.44252,-1.76871,0.0,null],[115.44386,-1.76512,0.0,null],[115.44568,-1.76427,0.0,null],[115.44574,-1.7622,0.0,null],[115.4469,-1.76147,0.0,null],[115.44763,-1.75922,0.0,null],[115.45006,-1.75849,0.0,null],[115.45128,-1.75898,0.0,null],[115.45195,-1.75989,0.0,null],[115.45085,-1.7619,0.0,null],[115.45767,-1.77346,0.0,null],[115.45992,-1.77516,0.0,null],[115.46205,-1.7779,0.0,null],[115.46193,-1.78082,0.0,null],[115.46034,-1.78714,0.0,null],[115.46077,-1.78921,0.0,null],[115.46235,-1.79195,0.0,null],[115.46539,-1.79225,0.0,null],[115.47014,-1.79006,0.0,null],[115.4778,-1.78301,0.0,null],[115.48048,-1.77711,0.0,null],[115.48401,-1.77133,0.0,null],[115.49387,-1.76317,0.0,null],[115.49849,-1.75691,0.0,null],[115.50186,-1.75118,0.0,null],[115.50262,-1.73936,0.0,null],[115.50088,-1.73397,0.0,null],[115.51176,-1.73209,0.0,null],[115.51812,-1.73251,0.0,null],[115.52137,-1.73182,0.0,null],[115.52682,-1.72829,0.0,null],[115.52862,-1.72802,0.0,null],[115.53249,-1.73009,0.0,null],[115.55896,-1.70653,0.0,null],[115.58874,-1.70653,0.0,null],[115.56089,-1.74059,0.0,null],[115.54362,-1.77114,0.0,null],[115.56345,-1.77141,0.0,null],[115.56414,-1.80071,0.0,null],[115.57858,-1.79982,0.0,null],[115.57838,-1.7909,0.0,null],[115.59427,-1.78993,0.0,null],[115.59482,-1.77121,0.0,null],[115.60705,-1.77072,0.0,null],[115.60726,-1.75372,0.0,null],[115.63518,-1.75172,0.0,null],[115.62875,-1.72042,0.0,null],[115.61807,-1.71213,0.0,null],[115.61866,-1.70974,0.0,null],[115.6211,-1.70749,0.0,null],[115.62142,-1.7063,0.0,null],[115.62107,-1.70539,0.0,null],[115.61822,-1.70286,0.0,null],[115.61822,-1.69913,0.0,null],[115.61696,-1.69886,0.0,null],[115.61312,-1.70032,0.0,null],[115.60991,-1.69939,0.0,null],[115.60667,-1.69959,0.0,null],[115.60591,-1.69805,0.0,null],[115.61624,-1.69329,0.0,null],[115.61816,-1.69136,0.0,null],[115.6217,-1.69126,0.0,null],[115.6466,-1.67952,0.0,null],[115.65399,-1.67001,0.0,null],[115.65267,-1.65695,0.0,null],[115.64397,-1.62719,0.0,null],[115.62879,-1.61029,0.0,null],[115.61087,-1.60493,0.0,null],[115.63051,-1.58165,0.0,null],[115.60055,-1.57396,0.0,null],[115.59255,-1.5692,0.0,null],[115.58881,-1.56474,0.0,null],[115.57869,-1.54369,0.0,null],[115.572,-1.52335,0.0,null],[115.57059,-1.51616,0.0,null],[115.5717,-1.50968,0.0,null],[115.57211,-1.4947,0.0,null],[115.57089,-1.48428,0.0,null],[115.57127,-1.47096,0.0,null],[115.57216,-1.46512,0.0,null],[115.51269,-1.46219,0.0,null],[115.49072,-1.46161,0.0,null],[115.48828,-1.46393,0.0,null],[115.48492,-1.46979,0.0,null],[115.48071,-1.48309,0.0,null],[115.47722,-1.48709,0.0,null],[115.47251,-1.4913,0.0,null],[115.45915,-1.4992,0.0,null],[115.44518,-1.51119,0.0,null],[115.4418,-1.5131,0.0,null],[115.43988,-1.51062,0.0,null]]]}},{"type":"Feature","properties":{"inventoryId":"big-forestry-ha:162","sector":"PBPH","subtype":"IUPHHK-HA","quality":"OFFICIAL","sourceDataset":"big-forestry-ha","sourceRecordId":"162","source":"BIG Kebijakan Satu Peta","sourceUrl":"https://kspservices.big.go.id/satupeta/rest/services/PUBLIK/PERIZINAN_DAN_PERTANAHAN/MapServer/1","retrievedAt":"2026-08-24T04:32:16Z","geometryProcessing":"web display simplification tolerance 0.00035 degrees","name":"PT BAKTI DWIPA KARIZA","permitNumber":"SK.50/Menhut-II/2012","permitDate":"2012-02-02","areaHa":11010.0,"provinceCode":"61","region":"kalimantan"},"geometry":{"type":"Polygon","coordinates":[[[112.27373,0.22494,0.0,null],[112.27569,0.22528,0.0,null],[112.27598,0.25343,0.0,null],[112.26077,0.25943,0.0,null],[112.24801,0.23677,0.0,null],[112.22812,0.24742,0.0,null],[112.22782,0.25433,0.0,null],[112.24853,0.26873,0.0,null],[112.23901,0.27245,0.0,null],[112.23627,0.27472,0.0,null],[112.23447,0.27707,0.0,null],[112.23283,0.28043,0.0,null],[112.23283,0.29653,0.0,null],[112.229,0.2963,0.0,null],[112.22528,0.29744,0.0,null],[112.22368,0.30701,0.0,null],[112.17636,0.29451,0.0,null],[112.17847,0.25925,0.0,null],[112.08197,0.31787,0.0,null],[112.08206,0.28005,0.0,null],[112.09538,0.27224,0.0,null],[112.09998,0.26884,0.0,null],[112.18129,0.22065,0.0,null],[112.18219,0.21131,0.0,null],[112.21045,0.21124,0.0,null],[112.21,0.21264,0.0,null],[112.21131,0.21301,0.0,null],[112.21245,0.21461,0.0,null],[112.21336,0.21499,0.0,null],[112.21427,0.21409,0.0,null],[112.21333,0.2121,0.0,null],[112.21327,0.21026,0.0,null],[112.21386,0.20935,0.0,null],[112.21534,0.20868,0.0,null],[112.22225,0.20806,0.0,null],[112.22632,0.20984,0.0,null],[112.23051,0.21055,0.0,null],[112.23155,0.21527,0.0,null],[112.23048,0.21868,0.0,null],[112.23266,0.22095,0.0,null],[112.23544,0.22126,0.0,null],[112.23598,0.22003,0.0,null],[112.23775,0.21966,0.0,null],[112.24,0.22095,0.0,null],[112.24102,0.223,0.0,null],[112.2419,0.22355,0.0,null],[112.2439,0.22236,0.0,null],[112.24554,0.22307,0.0,null],[112.24829,0.22155,0.0,null],[112.25001,0.22154,0.0,null],[112.25011,0.2226,0.0,null],[112.24797,0.22482,0.0,null],[112.24778,0.22589,0.0,null],[112.24832,0.22633,0.0,null],[112.24982,0.2263,0.0,null],[112.25138,0.22391,0.0,null],[112.25409,0.22346,0.0,null],[112.25477,0.22402,0.0,null],[112.25389,0.22634,0.0,null],[112.2542,0.22697,0.0,null],[112.256,0.22469,0.0,null],[112.25888,0.22313,0.0,null],[112.26236,0.22432,0.0,null],[112.26456,0.22698,0.0,null],[112.26671,0.22647,0.0,null],[112.26757,0.22466,0.0,null],[112.26859,0.22397,0.0,null],[112.27373,0.22494,0.0,null]]]}},{"type":"Feature","properties":{"inventoryId":"big-forestry-ha:35","sector":"PBPH","subtype":"IUPHHK-HA","quality":"OFFICIAL","sourceDataset":"big-forestry-ha","sourceRecordId":"35","source":"BIG Kebijakan Satu Peta","sourceUrl":"https://kspservices.big.go.id/satupeta/rest/services/PUBLIK/PERIZINAN_DAN_PERTANAHAN/MapServer/1","retrievedAt":"2026-08-24T04:32:16Z","geometryProcessing":"web display simplification tolerance 0.00035 degrees","name":"PT BALIKPAPAN WANA LESTARI (DH. BALIKPAPAN F. I.)","permitNumber":"SK.179/Menhut-II/2014","permitDate":"2014-02-20","areaHa":140845.0,"provinceCode":"64","region":"kalimantan"},"geometry":{"type":"Polygon","coordinates":[[[116.21958,-0.77131,0.0,null],[116.19173,-0.76883,0.0,null],[116.1862,-0.76739,0.0,null],[116.166,-0.76474,0.0,null],[116.1542,-0.76214,0.0,null],[116.14868,-0.76365,0.0,null],[116.1336,-0.77163,0.0,null],[116.12595,-0.77049,0.0,null],[116.09474,-0.78855,0.0,null],[116.07489,-0.85968,0.0,null],[116.04858,-0.9337,0.0,null],[116.03333,-0.99792,0.0,null],[116.0285,-1.05621,0.0,null],[116.0351,-1.0976,0.0,null],[116.04492,-1.13049,0.0,null],[116.05792,-1.15778,0.0,null],[116.09473,-1.19879,0.0,null],[116.1735,-1.16832,0.0,null],[116.31722,-1.12453,0.0,null],[116.33721,-1.1074,0.0,null],[116.34268,-1.12334,0.0,null],[116.37385,-1.14714,0.0,null],[116.44932,-1.19209,0.0,null],[116.44946,-1.19025,0.0,null],[116.45039,-1.18903,0.0,null],[116.44941,-1.18768,0.0,null],[116.45168,-1.18804,0.0,null],[116.45192,-1.18651,0.0,null],[116.45093,-1.18447,0.0,null],[116.44944,-1.18414,0.0,null],[116.44883,-1.18322,0.0,null],[116.44929,-1.18213,0.0,null],[116.45082,-1.18177,0.0,null],[116.4514,-1.18088,0.0,null],[116.45207,-1.1768,0.0,null],[116.45074,-1.17473,0.0,null],[116.45155,-1.17447,0.0,null],[116.45263,-1.17601,0.0,null],[116.45344,-1.1755,0.0,null],[116.45305,-1.17365,0.0,null],[116.45005,-1.17107,0.0,null],[116.45043,-1.17013,0.0,null],[116.45232,-1.16935,0.0,null],[116.45314,-1.16769,0.0,null],[116.45284,-1.16643,0.0,null],[116.45129,-1.16557,0.0,null],[116.45125,-1.16464,0.0,null],[116.45343,-1.16409,0.0,null],[116.45338,-1.16362,0.0,null],[116.45224,-1.16355,0.0,null],[116.47593,-1.15333,0.0,null],[116.51139,-1.17641,0.0,null],[116.54852,-1.17681,0.0,null],[116.55493,-1.18316,0.0,null],[116.55493,-1.18545,0.0,null],[116.56469,-1.19401,0.0,null],[116.57182,-1.19592,0.0,null],[116.58372,-1.19592,0.0,null],[116.5842,-1.19925,0.0,null],[116.62542,-1.19856,0.0,null],[116.62555,-1.19442,0.0,null],[116.62637,-1.19416,0.0,null],[116.62744,-1.1953,0.0,null],[116.62877,-1.19461,0.0,null],[116.63098,-1.19543,0.0,null],[116.63154,-1.19265,0.0,null],[116.62978,-1.19271,0.0,null],[116.62915,-1.19145,0.0,null],[116.62997,-1.18994,0.0,null],[116.63161,-1.18943,0.0,null],[116.6347,-1.19114,0.0,null],[116.63602,-1.19032,0.0,null],[116.63514,-1.18767,0.0,null],[116.63394,-1.18653,0.0,null],[116.63482,-1.18458,0.0,null],[116.64208,-1.18584,0.0,null],[116.64492,-1.18584,0.0,null],[116.64681,-1.18521,0.0,null],[116.64782,-1.18073,0.0,null],[116.64965,-1.17985,0.0,null],[116.6511,-1.17814,0.0,null],[116.6475,-1.17663,0.0,null],[116.64643,-1.17519,0.0,null],[116.62132,-1.17474,0.0,null],[116.61513,-1.18497,0.0,null],[116.59776,-1.18569,0.0,null],[116.58325,-1.18521,0.0,null],[116.56992,-1.18235,0.0,null],[116.55493,-1.16713,0.0,null],[116.51614,-1.16808,0.0,null],[116.51353,-1.15951,0.0,null],[116.4983,-1.15594,0.0,null],[116.48735,-1.13952,0.0,null],[116.49687,-1.13976,0.0,null],[116.49473,-1.13167,0.0,null],[116.50716,-1.12544,0.0,null],[116.50597,-1.12482,0.0,null],[116.5056,-1.12396,0.0,null],[116.50619,-1.123,0.0,null],[116.50632,-1.11975,0.0,null],[116.50857,-1.11759,0.0,null],[116.50797,-1.11602,0.0,null],[116.50612,-1.1153,0.0,null],[116.50702,-1.11529,0.0,null],[116.50742,-1.1116,0.0,null],[116.5171,-1.10907,0.0,null],[116.52611,-1.09997,0.0,null],[116.56141,-1.0991,0.0,null],[116.6032,-1.05453,0.0,null],[116.60181,-1.05209,0.0,null],[116.59951,-1.05085,0.0,null],[116.59935,-1.04948,0.0,null],[116.59745,-1.04679,0.0,null],[116.5926,-1.04304,0.0,null],[116.59071,-1.04302,0.0,null],[116.5888,-1.04158,0.0,null],[116.5858,-1.0416,0.0,null],[116.58427,-1.0406,0.0,null],[116.58375,-1.03932,0.0,null],[116.58164,-1.03939,0.0,null],[116.58116,-1.03587,0.0,null],[116.58288,-1.03691,0.0,null],[116.58307,-1.03587,0.0,null],[116.58469,-1.03463,0.0,null],[116.58345,-1.03349,0.0,null],[116.58202,-1.03349,0.0,null],[116.58116,-1.03196,0.0,null],[116.58116,-1.03035,0.0,null],[116.58031,-1.02987,0.0,null],[116.57657,-1.02467,0.0,null],[116.55279,-0.99892,0.0,null],[116.4755,-0.94455,0.0,null],[116.45071,-0.94889,0.0,null],[116.43744,-0.95266,0.0,null],[116.4374,-0.96225,0.0,null],[116.42244,-0.9705,0.0,null],[116.4107,-0.96871,0.0,null],[116.39303,-0.96864,0.0,null],[116.38944,-0.97665,0.0,null],[116.37592,-1.01459,0.0,null],[116.37628,-1.02289,0.0,null],[116.35889,-1.03619,0.0,null],[116.33447,-1.04749,0.0,null],[116.32251,-1.02411,0.0,null],[116.3233,-1.01208,0.0,null],[116.33289,-1.00079,0.0,null],[116.33948,-0.99921,0.0,null],[116.34052,-0.99731,0.0,null],[116.32428,-0.97729,0.0,null],[116.31488,-0.99481,0.0,null],[116.3147,-1.00378,0.0,null],[116.27631,-1.05731,0.0,null],[116.25848,-1.08423,0.0,null],[116.24188,-1.09039,0.0,null],[116.2135,-1.08789,0.0,null],[116.19611,-1.1048,0.0,null],[116.18512,-1.10742,0.0,null],[116.17188,-1.12061,0.0,null],[116.16052,-1.14191,0.0,null],[116.15033,-1.1485,0.0,null],[116.13507,-1.14899,0.0,null],[116.12708,-1.13617,0.0,null],[116.12292,-1.12128,0.0,null],[116.13391,-1.07178,0.0,null],[116.13373,-1.04321,0.0,null],[116.13867,-1.0152,0.0,null],[116.14551,-0.99652,0.0,null],[116.15411,-0.93512,0.0,null],[116.15649,-0.92798,0.0,null],[116.15887,-0.92798,0.0,null],[116.16748,-0.92621,0.0,null],[116.1803,-0.93481,0.0,null],[116.18927,-0.95551,0.0,null],[116.1933,-0.9682,0.0,null],[116.19348,-0.9704,0.0,null],[116.18549,-1.01147,0.0,null],[116.18048,-1.02081,0.0,null],[116.18372,-1.03528,0.0,null],[116.1889,-1.0415,0.0,null],[116.19427,-1.03979,0.0,null],[116.19592,-1.03821,0.0,null],[116.20471,-1.03571,0.0,null],[116.21368,-1.02728,0.0,null],[116.21869,-0.99908,0.0,null],[116.24292,-0.97528,0.0,null],[116.25812,-0.95288,0.0,null],[116.28271,-0.93341,0.0,null],[116.29652,-0.92642,0.0,null],[116.29687,-0.92546,0.0,null],[116.29558,-0.92361,0.0,null],[116.29613,-0.92042,0.0,null],[116.29445,-0.91927,0.0,null],[116.2903,-0.91958,0.0,null],[116.2903,-0.91853,0.0,null],[116.29187,-0.91691,0.0,null],[116.29212,-0.91541,0.0,null],[116.29058,-0.91401,0.0,null],[116.29118,-0.91225,0.0,null],[116.29111,-0.90994,0.0,null],[116.28957,-0.90876,0.0,null],[116.28946,-0.90557,0.0,null],[116.28842,-0.90543,0.0,null],[116.28493,-0.90728,0.0,null],[116.28371,-0.90707,0.0,null],[116.2836,-0.90553,0.0,null],[116.28472,-0.90332,0.0,null],[116.28343,-0.90199,0.0,null],[116.28312,-0.90052,0.0,null],[116.28064,-0.89943,0.0,null],[116.28082,-0.89571,0.0,null],[116.27576,-0.89255,0.0,null],[116.27407,-0.8932,0.0,null],[116.27268,-0.89202,0.0,null],[116.27142,-0.89271,0.0,null],[116.27003,-0.89471,0.0,null],[116.27062,-0.89254,0.0,null],[116.26997,-0.89185,0.0,null],[116.26836,-0.89185,0.0,null],[116.26546,-0.89292,0.0,null],[116.26449,-0.89194,0.0,null],[116.26513,-0.89082,0.0,null],[116.26339,-0.89232,0.0,null],[116.26127,-0.89173,0.0,null],[116.2611,-0.89106,0.0,null],[116.2603,-0.89152,0.0,null],[116.25968,-0.89071,0.0,null],[116.26058,-0.88931,0.0,null],[116.25989,-0.88843,0.0,null],[116.25999,-0.88706,0.0,null],[116.25877,-0.88712,0.0,null],[116.25861,-0.88647,0.0,null],[116.25762,-0.88616,0.0,null],[116.2572,-0.88722,0.0,null],[116.25661,-0.88564,0.0,null],[116.25786,-0.88357,0.0,null],[116.25863,-0.88445,0.0,null],[116.2595,-0.88435,0.0,null],[116.26117,-0.88151,0.0,null],[116.25929,-0.88207,0.0,null],[116.25787,-0.88001,0.0,null],[116.25586,-0.88155,0.0,null],[116.25386,-0.88179,0.0,null],[116.25198,-0.87965,0.0,null],[116.25269,-0.87878,0.0,null],[116.25269,-0.87708,0.0,null],[116.25081,-0.87397,0.0,null],[116.25105,-0.87291,0.0,null],[116.254,-0.87297,0.0,null],[116.25403,-0.87193,0.0,null],[116.25643,-0.87033,0.0,null],[116.25591,-0.86805,0.0,null],[116.25699,-0.8663,0.0,null],[116.25636,-0.86511,0.0,null],[116.25698,-0.86278,0.0,null],[116.25557,-0.86125,0.0,null],[116.2555,-0.85955,0.0,null],[116.25486,-0.85946,0.0,null],[116.25528,-0.85837,0.0,null],[116.2542,-0.8583,0.0,null],[116.25309,-0.85907,0.0,null],[116.25218,-0.85701,0.0,null],[116.25256,-0.8568,0.0,null],[116.2527,-0.85782,0.0,null],[116.25319,-0.858,0.0,null],[116.25539,-0.85663,0.0,null],[116.25525,-0.85551,0.0,null],[116.25319,-0.85428,0.0,null],[116.25351,-0.8534,0.0,null],[116.25475,-0.85248,0.0,null],[116.25604,-0.85247,0.0,null],[116.2569,-0.85089,0.0,null],[116.25975,-0.84954,0.0,null],[116.25908,-0.84738,0.0,null],[116.25714,-0.84834,0.0,null],[116.25668,-0.84806,0.0,null],[116.25755,-0.84564,0.0,null],[116.25898,-0.84501,0.0,null],[116.25707,-0.8429,0.0,null],[116.26054,-0.8417,0.0,null],[116.25913,-0.84083,0.0,null],[116.25905,-0.84018,0.0,null],[116.25878,-0.84129,0.0,null],[116.25804,-0.8409,0.0,null],[116.25988,-0.83785,0.0,null],[116.25814,-0.83817,0.0,null],[116.25741,-0.83754,0.0,null],[116.25754,-0.83652,0.0,null],[116.2559,-0.83681,0.0,null],[116.25372,-0.83423,0.0,null],[116.25383,-0.83221,0.0,null],[116.25523,-0.83196,0.0,null],[116.25472,-0.8306,0.0,null],[116.25552,-0.83037,0.0,null],[116.25492,-0.82869,0.0,null],[116.25613,-0.82861,0.0,null],[116.25613,-0.82762,0.0,null],[116.25755,-0.82625,0.0,null],[116.25897,-0.82593,0.0,null],[116.2595,-0.82716,0.0,null],[116.26023,-0.82721,0.0,null],[116.2605,-0.82591,0.0,null],[116.25999,-0.82538,0.0,null],[116.25994,-0.82344,0.0,null],[116.26094,-0.82171,0.0,null],[116.25934,-0.81971,0.0,null],[116.26006,-0.81894,0.0,null],[116.25922,-0.81876,0.0,null],[116.25969,-0.81798,0.0,null],[116.25941,-0.81728,0.0,null],[116.26113,-0.81596,0.0,null],[116.26035,-0.81457,0.0,null],[116.26083,-0.81396,0.0,null],[116.26267,-0.81409,0.0,null],[116.26311,-0.81524,0.0,null],[116.26387,-0.81531,0.0,null],[116.26352,-0.81143,0.0,null],[116.26188,-0.81027,0.0,null],[116.26504,-0.80762,0.0,null],[116.26506,-0.80722,0.0,null],[116.26409,-0.80705,0.0,null],[116.26424,-0.80666,0.0,null],[116.26721,-0.80725,0.0,null],[116.26706,-0.80575,0.0,null],[116.26785,-0.8051,0.0,null],[116.26649,-0.80458,0.0,null],[116.2657,-0.80534,0.0,null],[116.26539,-0.8042,0.0,null],[116.26626,-0.80296,0.0,null],[116.26779,-0.80358,0.0,null],[116.26654,-0.80105,0.0,null],[116.26809,-0.80121,0.0,null],[116.26857,-0.80038,0.0,null],[116.26829,-0.79923,0.0,null],[116.26963,-0.79933,0.0,null],[116.26919,-0.79601,0.0,null],[116.26761,-0.795,0.0,null],[116.26743,-0.79408,0.0,null],[116.26858,-0.79293,0.0,null],[116.26851,-0.79157,0.0,null],[116.27,-0.79259,0.0,null],[116.27094,-0.79225,0.0,null],[116.27013,-0.79042,0.0,null],[116.26844,-0.7894,0.0,null],[116.27087,-0.78777,0.0,null],[116.27081,-0.78641,0.0,null],[116.27357,-0.7858,0.0,null],[116.27451,-0.7839,0.0,null],[116.2768,-0.78323,0.0,null],[116.27802,-0.78221,0.0,null],[116.27828,-0.78105,0.0,null],[116.27761,-0.77945,0.0,null],[116.27574,-0.77962,0.0,null],[116.27533,-0.78081,0.0,null],[116.27417,-0.77858,0.0,null],[116.27806,-0.77793,0.0,null],[116.2785,-0.77725,0.0,null],[116.27652,-0.77571,0.0,null],[116.27586,-0.77415,0.0,null],[116.27302,-0.77557,0.0,null],[116.26821,-0.77653,0.0,null],[116.26316,-0.77509,0.0,null],[116.25522,-0.77412,0.0,null],[116.24633,-0.77388,0.0,null],[116.23838,-0.77292,0.0,null],[116.23885,-0.78244,0.0,null],[116.24622,-0.79842,0.0,null],[116.21927,-0.78839,0.0,null],[116.21958,-0.77131,0.0,null]]]}},{"type":"Feature","properties":{"inventoryId":"big-forestry-ha:32","sector":"PBPH","subtype":"IUPHHK-HA","quality":"OFFICIAL","sourceDataset":"big-forestry-ha","sourceRecordId":"32","source":"BIG Kebijakan Satu Peta","sourceUrl":"https://kspservices.big.go.id/satupeta/rest/services/PUBLIK/PERIZINAN_DAN_PERTANAHAN/MapServer/1","retrievedAt":"2026-08-24T04:32:16Z","geometryProcessing":"web display simplification tolerance 0.00035 degrees","name":"PT BARITO NUSANTARA INDAH","permitNumber":"SK.42/Menhut-II/2009","permitDate":"2009-02-09","areaHa":64685.0,"provinceCode":"64","region":"kalimantan"},"geometry":{"type":"Polygon","coordinates":[[[115.48529,1.12939,0.0,null],[115.42083,1.08437,0.0,null],[115.40741,1.07346,0.0,null],[115.35865,1.03134,0.0,null],[115.31821,0.97245,0.0,null],[115.3122,0.93215,0.0,null],[115.32221,0.88727,0.0,null],[115.3252,0.88437,0.0,null],[115.32705,0.89428,0.0,null],[115.3321,0.87537,0.0,null],[115.33826,0.8698,0.0,null],[115.34124,0.88094,0.0,null],[115.34224,0.8871,0.0,null],[115.34224,0.89446,0.0,null],[115.34124,0.89923,0.0,null],[115.33647,0.91097,0.0,null],[115.33687,0.91355,0.0,null],[115.33826,0.91494,0.0,null],[115.34124,0.91534,0.0,null],[115.34443,0.91494,0.0,null],[115.36949,0.90679,0.0,null],[115.38778,0.9042,0.0,null],[115.39236,0.90241,0.0,null],[115.40508,0.89187,0.0,null],[115.4194,0.88412,0.0,null],[115.43492,0.87775,0.0,null],[115.44625,0.87537,0.0,null],[115.44864,0.87397,0.0,null],[115.45461,0.86682,0.0,null],[115.45759,0.86503,0.0,null],[115.46495,0.86304,0.0,null],[115.47052,0.86304,0.0,null],[115.47708,0.85787,0.0,null],[115.48106,0.85349,0.0,null],[115.48682,0.84434,0.0,null],[115.48782,0.83997,0.0,null],[115.48782,0.83579,0.0,null],[115.48344,0.82406,0.0,null],[115.4735,0.81411,0.0,null],[115.46614,0.80874,0.0,null],[115.52441,0.80934,0.0,null],[115.55106,0.84454,0.0,null],[115.56399,0.84792,0.0,null],[115.5942,0.81882,0.0,null],[115.59668,0.82383,0.0,null],[115.61311,0.83756,0.0,null],[115.62207,0.83904,0.0,null],[115.62421,0.83989,0.0,null],[115.62399,0.85426,0.0,null],[115.6293,0.86201,0.0,null],[115.6487,0.86445,0.0,null],[115.66225,0.86303,0.0,null],[115.6668,0.87463,0.0,null],[115.67452,0.88956,0.0,null],[115.68323,0.89979,0.0,null],[115.69839,0.91368,0.0,null],[115.7058,0.91823,0.0,null],[115.7149,0.92142,0.0,null],[115.72636,0.92209,0.0,null],[115.73483,0.92133,0.0,null],[115.74026,0.92025,0.0,null],[115.74224,0.92144,0.0,null],[115.7417,1.06847,0.0,null],[115.73747,1.06908,0.0,null],[115.72348,1.05633,0.0,null],[115.66395,1.08325,0.0,null],[115.66023,1.07997,0.0,null],[115.65846,1.07584,0.0,null],[115.65528,1.06231,0.0,null],[115.64812,1.05098,0.0,null],[115.64414,1.0462,0.0,null],[115.63976,1.04163,0.0,null],[115.63678,1.03964,0.0,null],[115.63221,1.03527,0.0,null],[115.62365,1.03169,0.0,null],[115.61809,1.03109,0.0,null],[115.60973,1.02174,0.0,null],[115.59084,1.02174,0.0,null],[115.54868,1.05177,0.0,null],[115.46316,1.0474,0.0,null],[115.48529,1.12939,0.0,null]]]}},{"type":"Feature","properties":{"inventoryId":"big-forestry-ha:52","sector":"PBPH","subtype":"IUPHHK-HA","quality":"OFFICIAL","sourceDataset":"big-forestry-ha","sourceRecordId":"52","source":"BIG Kebijakan Satu Peta","sourceUrl":"https://kspservices.big.go.id/satupeta/rest/services/PUBLIK/PERIZINAN_DAN_PERTANAHAN/MapServer/1","retrievedAt":"2026-08-24T04:32:16Z","geometryProcessing":"web display simplification tolerance 0.00035 degrees","name":"PT BARITO PUTERA","permitNumber":"SK.27/Kpts-II/2001","permitDate":"2001-09-02","areaHa":42380.0,"provinceCode":"62","region":"kalimantan"},"geometry":{"type":"MultiPolygon","coordinates":[[[[114.56201,-0.25207,0.0,null],[114.5611,-0.25119,0.0,null],[114.55779,-0.24992,0.0,null],[114.55409,-0.25088,0.0,null],[114.55201,-0.25207,0.0,null],[114.55014,-0.25154,0.0,null],[114.55157,-0.25457,0.0,null],[114.55174,-0.25778,0.0,null],[114.55051,-0.25951,0.0,null],[114.54948,-0.26004,0.0,null],[114.5483,-0.26248,0.0,null],[114.54485,-0.2623,0.0,null],[114.54503,-0.26456,0.0,null],[114.54336,-0.26611,0.0,null],[114.5411,-0.26563,0.0,null],[114.53658,-0.26272,0.0,null],[114.53461,-0.26421,0.0,null],[114.53372,-0.26564,0.0,null],[114.5314,-0.26694,0.0,null],[114.53054,-0.26861,0.0,null],[114.52738,-0.2679,0.0,null],[114.52607,-0.26694,0.0,null],[114.52412,-0.26718,0.0,null],[114.52364,-0.26736,0.0,null],[114.52383,-0.26891,0.0,null],[114.52078,-0.26855,0.0,null],[114.51894,-0.27093,0.0,null],[114.51721,-0.27158,0.0,null],[114.51638,-0.27146,0.0,null],[114.51596,-0.27022,0.0,null],[114.51272,-0.2701,0.0,null],[114.50085,-0.26409,0.0,null],[114.48324,-0.26387,0.0,null],[114.49244,-0.27091,0.0,null],[114.49586,-0.28063,0.0,null],[114.49374,-0.29171,0.0,null],[114.48251,-0.31715,0.0,null],[114.4756,-0.32521,0.0,null],[114.4649,-0.33159,0.0,null],[114.42292,-0.33199,0.0,null],[114.43102,-0.34339,0.0,null],[114.44631,-0.35823,0.0,null],[114.46024,-0.36489,0.0,null],[114.47417,-0.36776,0.0,null],[114.48749,-0.36913,0.0,null],[114.49915,-0.36852,0.0,null],[114.51576,-0.36397,0.0,null],[114.51866,-0.35781,0.0,null],[114.52666,-0.3489,0.0,null],[114.53096,-0.3419,0.0,null],[114.53696,-0.3374,0.0,null],[114.54966,-0.3301,0.0,null],[114.56446,-0.328,0.0,null],[114.57846,-0.3404,0.0,null],[114.58176,-0.3561,0.0,null],[114.57826,-0.3756,0.0,null],[114.57066,-0.393,0.0,null],[114.56116,-0.4026,0.0,null],[114.56026,-0.40532,0.0,null],[114.55859,-0.40712,0.0,null],[114.55501,-0.40895,0.0,null],[114.55089,-0.41217,0.0,null],[114.55865,-0.41234,0.0,null],[114.59307,-0.4068,0.0,null],[114.63881,-0.40223,0.0,null],[114.67142,-0.40223,0.0,null],[114.71908,-0.3979,0.0,null],[114.72004,-0.39513,0.0,null],[114.72035,-0.37922,0.0,null],[114.71908,-0.37371,0.0,null],[114.71559,-0.36709,0.0,null],[114.71318,-0.36432,0.0,null],[114.70668,-0.35878,0.0,null],[114.69417,-0.34952,0.0,null],[114.68755,-0.34133,0.0,null],[114.68165,-0.33604,0.0,null],[114.66998,-0.32966,0.0,null],[114.65626,-0.32485,0.0,null],[114.65542,-0.32364,0.0,null],[114.65513,-0.32168,0.0,null],[114.65641,-0.31614,0.0,null],[114.65585,-0.31227,0.0,null],[114.65474,-0.3098,0.0,null],[114.65084,-0.30403,0.0,null],[114.64266,-0.3003,0.0,null],[114.63893,-0.29753,0.0,null],[114.63688,-0.29392,0.0,null],[114.63488,-0.28733,0.0,null],[114.63515,-0.28681,0.0,null],[114.63371,-0.28526,0.0,null],[114.63258,-0.28503,0.0,null],[114.63351,-0.28241,0.0,null],[114.63232,-0.28241,0.0,null],[114.63059,-0.28431,0.0,null],[114.62738,-0.28955,0.0,null],[114.62466,-0.28955,0.0,null],[114.62387,-0.2902,0.0,null],[114.62239,-0.28973,0.0,null],[114.62036,-0.2908,0.0,null],[114.61983,-0.29205,0.0,null],[114.62064,-0.2931,0.0,null],[114.6219,-0.293,0.0,null],[114.6218,-0.29454,0.0,null],[114.62019,-0.29478,0.0,null],[114.61959,-0.29413,0.0,null],[114.61828,-0.29478,0.0,null],[114.61715,-0.29466,0.0,null],[114.61465,-0.29228,0.0,null],[114.61323,-0.29246,0.0,null],[114.61234,-0.29342,0.0,null],[114.60971,-0.29217,0.0,null],[114.60686,-0.29318,0.0,null],[114.60579,-0.29074,0.0,null],[114.60609,-0.28866,0.0,null],[114.60561,-0.28753,0.0,null],[114.59872,-0.28717,0.0,null],[114.59888,-0.28431,0.0,null],[114.59675,-0.28407,0.0,null],[114.59567,-0.28252,0.0,null],[114.59074,-0.28229,0.0,null],[114.59029,-0.27985,0.0,null],[114.5891,-0.27831,0.0,null],[114.5894,-0.27724,0.0,null],[114.59023,-0.27664,0.0,null],[114.59047,-0.27301,0.0,null],[114.58958,-0.27016,0.0,null],[114.58856,-0.26885,0.0,null],[114.58696,-0.26766,0.0,null],[114.58392,-0.26748,0.0,null],[114.58131,-0.26622,0.0,null],[114.57935,-0.26671,0.0,null],[114.57626,-0.26647,0.0,null],[114.57477,-0.26481,0.0,null],[114.57319,-0.26421,0.0,null],[114.57307,-0.26165,0.0,null],[114.56932,-0.26141,0.0,null],[114.56849,-0.26064,0.0,null],[114.56682,-0.25826,0.0,null],[114.56557,-0.25493,0.0,null],[114.56201,-0.25207,0.0,null]]],[[[115.34103,-0.6051,0.0,null],[115.32143,-0.54672,0.0,null],[115.30209,-0.60867,0.0,null],[115.30206,-0.6146,0.0,null],[115.30307,-0.62079,0.0,null],[115.30458,-0.64835,0.0,null],[115.3044,-0.67048,0.0,null],[115.30285,-0.69496,0.0,null],[115.29839,-0.71864,0.0,null],[115.29735,-0.73595,0.0,null],[115.29902,-0.74576,0.0,null],[115.30824,-0.76089,0.0,null],[115.32144,-0.77899,0.0,null],[115.32973,-0.79154,0.0,null],[115.33646,-0.80248,0.0,null],[115.34089,-0.81132,0.0,null],[115.34937,-0.83226,0.0,null],[115.35534,-0.85485,0.0,null],[115.37132,-0.8174,0.0,null],[115.38056,-0.79068,0.0,null],[115.36889,-0.72506,0.0,null],[115.36342,-0.72323,0.0,null],[115.35877,-0.69065,0.0,null],[115.34103,-0.6051,0.0,null]]]]}},{"type":"Feature","properties":{"inventoryId":"big-forestry-ha:144","sector":"PBPH","subtype":"IUPHHK-HA","quality":"OFFICIAL","sourceDataset":"big-forestry-ha","sourceRecordId":"144","source":"BIG Kebijakan Satu Peta","sourceUrl":"https://kspservices.big.go.id/satupeta/rest/services/PUBLIK/PERIZINAN_DAN_PERTANAHAN/MapServer/1","retrievedAt":"2026-08-24T04:32:16Z","geometryProcessing":"web display simplification tolerance 0.00035 degrees","name":"PT BATASAN","permitNumber":"SK.416/Menhut-II/04","permitDate":"2004-10-19","areaHa":49150.0,"provinceCode":"61","region":"kalimantan"},"geometry":{"type":"MultiPolygon","coordinates":[[[[112.91029,-0.47834,0.0,null],[112.91057,-0.46455,0.0,null],[112.91264,-0.4604,0.0,null],[112.89098,-0.45153,0.0,null],[112.86248,-0.4463,0.0,null],[112.80382,-0.45072,0.0,null],[112.77901,-0.45703,0.0,null],[112.7575,-0.46627,0.0,null],[112.74138,-0.47166,0.0,null],[112.72538,-0.47556,0.0,null],[112.70348,-0.47866,0.0,null],[112.69008,-0.47836,0.0,null],[112.68008,-0.47726,0.0,null],[112.66808,-0.47466,0.0,null],[112.65338,-0.47026,0.0,null],[112.63998,-0.46706,0.0,null],[112.63271,-0.46393,0.0,null],[112.59057,-0.49101,0.0,null],[112.55811,-0.51264,0.0,null],[112.55243,-0.51394,0.0,null],[112.52884,-0.51391,0.0,null],[112.52781,-0.51434,0.0,null],[112.52776,-0.51591,0.0,null],[112.52997,-0.51991,0.0,null],[112.5303,-0.52148,0.0,null],[112.52938,-0.52982,0.0,null],[112.52683,-0.53309,0.0,null],[112.52298,-0.53596,0.0,null],[112.51887,-0.53805,0.0,null],[112.5183,-0.54721,0.0,null],[112.52445,-0.54959,0.0,null],[112.5273,-0.54926,0.0,null],[112.53206,-0.54668,0.0,null],[112.53663,-0.54721,0.0,null],[112.54361,-0.54878,0.0,null],[112.54636,-0.5506,0.0,null],[112.54766,-0.55211,0.0,null],[112.54818,-0.55387,0.0,null],[112.54694,-0.55465,0.0,null],[112.54683,-0.55674,0.0,null],[112.54444,-0.55756,0.0,null],[112.54444,-0.55814,0.0,null],[112.5479,-0.56219,0.0,null],[112.54868,-0.56578,0.0,null],[112.5479,-0.56702,0.0,null],[112.54503,-0.56845,0.0,null],[112.54431,-0.5708,0.0,null],[112.54469,-0.57177,0.0,null],[112.54751,-0.57413,0.0,null],[112.54718,-0.57648,0.0,null],[112.55012,-0.57811,0.0,null],[112.56212,-0.5815,0.0,null],[112.58819,-0.57749,0.0,null],[112.59138,-0.57005,0.0,null],[112.58887,-0.55586,0.0,null],[112.58894,-0.5524,0.0,null],[112.59011,-0.54868,0.0,null],[112.58916,-0.54409,0.0,null],[112.59112,-0.5341,0.0,null],[112.59187,-0.52507,0.0,null],[112.59063,-0.52017,0.0,null],[112.5877,-0.51554,0.0,null],[112.58985,-0.51267,0.0,null],[112.59187,-0.51156,0.0,null],[112.59396,-0.51124,0.0,null],[112.61924,-0.51388,0.0,null],[112.62237,-0.51355,0.0,null],[112.62446,-0.51421,0.0,null],[112.62824,-0.5069,0.0,null],[112.63516,-0.49666,0.0,null],[112.63875,-0.49261,0.0,null],[112.64175,-0.49163,0.0,null],[112.64553,-0.49118,0.0,null],[112.64761,-0.49148,0.0,null],[112.65251,-0.49372,0.0,null],[112.65812,-0.49724,0.0,null],[112.66178,-0.5005,0.0,null],[112.66734,-0.50369,0.0,null],[112.68168,-0.50844,0.0,null],[112.68709,-0.5127,0.0,null],[112.68862,-0.51189,0.0,null],[112.69104,-0.51339,0.0,null],[112.69254,-0.51352,0.0,null],[112.69573,-0.5128,0.0,null],[112.70082,-0.50961,0.0,null],[112.70258,-0.50752,0.0,null],[112.7063,-0.50713,0.0,null],[112.71035,-0.50491,0.0,null],[112.71635,-0.50308,0.0,null],[112.71821,-0.50161,0.0,null],[112.77356,-0.5008,0.0,null],[112.78974,-0.49121,0.0,null],[112.7994,-0.48338,0.0,null],[112.80219,-0.48251,0.0,null],[112.8071,-0.48331,0.0,null],[112.81486,-0.48886,0.0,null],[112.81662,-0.49147,0.0,null],[112.82163,-0.49349,0.0,null],[112.84589,-0.49397,0.0,null],[112.87211,-0.49582,0.0,null],[112.89468,-0.4953,0.0,null],[112.9144,-0.49546,0.0,null],[112.91893,-0.496,0.0,null],[112.91317,-0.48766,0.0,null],[112.91029,-0.47834,0.0,null]]],[[[112.83506,0.15272,0.0,null],[112.81498,0.15874,0.0,null],[112.80128,0.16714,0.0,null],[112.79668,0.16824,0.0,null],[112.77128,0.16974,0.0,null],[112.73446,0.18132,0.0,null],[112.71508,0.12619,0.0,null],[112.71796,0.11965,0.0,null],[112.73498,0.11117,0.0,null],[112.74915,0.10712,0.0,null],[112.75372,0.10487,0.0,null],[112.75684,0.10261,0.0,null],[112.76748,0.08336,0.0,null],[112.77404,0.06339,0.0,null],[112.77837,0.05235,0.0,null],[112.78832,0.0446,0.0,null],[112.78645,0.04977,0.0,null],[112.78644,0.05448,0.0,null],[112.78757,0.05735,0.0,null],[112.80035,0.07495,0.0,null],[112.80266,0.08552,0.0,null],[112.80554,0.09167,0.0,null],[112.8092,0.09514,0.0,null],[112.81323,0.09667,0.0,null],[112.81708,0.09571,0.0,null],[112.82093,0.09033,0.0,null],[112.82496,0.08783,0.0,null],[112.83496,0.08341,0.0,null],[112.84438,0.08091,0.0,null],[112.8464,0.07918,0.0,null],[112.85426,0.07738,0.0,null],[112.86491,0.07585,0.0,null],[112.8699,0.07379,0.0,null],[112.87556,0.07299,0.0,null],[112.88361,0.06995,0.0,null],[112.89697,0.10446,0.0,null],[112.91351,0.13715,0.0,null],[112.91485,0.14119,0.0,null],[112.91428,0.14388,0.0,null],[112.91159,0.14715,0.0,null],[112.90812,0.14965,0.0,null],[112.89928,0.15426,0.0,null],[112.8864,0.15714,0.0,null],[112.88192,0.15753,0.0,null],[112.86409,0.15638,0.0,null],[112.85736,0.15465,0.0,null],[112.84967,0.15157,0.0,null],[112.84217,0.15157,0.0,null],[112.83506,0.15272,0.0,null]]],[[[113.0909,-0.3275,0.0,null],[113.0902,-0.32567,0.0,null],[113.09051,-0.32357,0.0,null],[113.09128,-0.32279,0.0,null],[113.09076,-0.32207,0.0,null],[113.08961,-0.32187,0.0,null],[113.07286,-0.34319,0.0,null],[113.04739,-0.36232,0.0,null],[113.01585,-0.3743,0.0,null],[113.02994,-0.38442,0.0,null],[113.04121,-0.38725,0.0,null],[113.05632,-0.38889,0.0,null],[113.12811,-0.37767,0.0,null],[113.13832,-0.37873,0.0,null],[113.15511,-0.39072,0.0,null],[113.1684,-0.40298,0.0,null],[113.18891,-0.41959,0.0,null],[113.21601,-0.43594,0.0,null],[113.22229,-0.43239,0.0,null],[113.22869,-0.42492,0.0,null],[113.22972,-0.4232,0.0,null],[113.23055,-0.41692,0.0,null],[113.22903,-0.40918,0.0,null],[113.21983,-0.39312,0.0,null],[113.20575,-0.37942,0.0,null],[113.19328,-0.37883,0.0,null],[113.1842,-0.37473,0.0,null],[113.1689,-0.37227,0.0,null],[113.16195,-0.36932,0.0,null],[113.14373,-0.3642,0.0,null],[113.13794,-0.36197,0.0,null],[113.13643,-0.36082,0.0,null],[113.13563,-0.3594,0.0,null],[113.13387,-0.3591,0.0,null],[113.1319,-0.3553,0.0,null],[113.12781,-0.35368,0.0,null],[113.1229,-0.35388,0.0,null],[113.12035,-0.35556,0.0,null],[113.11683,-0.35652,0.0,null],[113.114,-0.35646,0.0,null],[113.10702,-0.35037,0.0,null],[113.1045,-0.34683,0.0,null],[113.10028,-0.34668,0.0,null],[113.09916,-0.34595,0.0,null],[113.09856,-0.3411,0.0,null],[113.0941,-0.33581,0.0,null],[113.0909,-0.3275,0.0,null]]]]}},{"type":"Feature","properties":{"inventoryId":"big-forestry-ha:69","sector":"PBPH","subtype":"IUPHHK-HA","quality":"OFFICIAL","sourceDataset":"big-forestry-ha","sourceRecordId":"69","source":"BIG Kebijakan Satu Peta","sourceUrl":"https://kspservices.big.go.id/satupeta/rest/services/PUBLIK/PERIZINAN_DAN_PERTANAHAN/MapServer/1","retrievedAt":"2026-08-24T04:32:16Z","geometryProcessing":"web display simplification tolerance 0.00035 degrees","name":"PT BATU KARANG SAKTI","permitNumber":"SK.66/Menhut-II/2006","permitDate":"2006-03-27","areaHa":47540.0,"provinceCode":"65","region":"kalimantan"},"geometry":{"type":"Polygon","coordinates":[[[116.07871,3.5725,0.0,null],[116.0727,3.57495,0.0,null],[116.06691,3.5794,0.0,null],[116.05846,3.58853,0.0,null],[116.05356,3.59588,0.0,null],[116.04577,3.60211,0.0,null],[116.04265,3.60634,0.0,null],[116.03108,3.61435,0.0,null],[116.01992,3.61668,0.0,null],[116.02124,3.61119,0.0,null],[116.02328,3.53503,0.0,null],[116.02566,3.49381,0.0,null],[116.05954,3.48281,0.0,null],[116.0863,3.47119,0.0,null],[116.10867,3.47306,0.0,null],[116.12062,3.4679,0.0,null],[116.13053,3.41879,0.0,null],[116.1311,3.41883,0.0,null],[116.1318,3.41757,0.0,null],[116.13105,3.41491,0.0,null],[116.13132,3.4126,0.0,null],[116.13248,3.41148,0.0,null],[116.13255,3.40906,0.0,null],[116.13378,3.40757,0.0,null],[116.13307,3.40386,0.0,null],[116.15133,3.36672,0.0,null],[116.15187,3.32674,0.0,null],[116.14134,3.27933,0.0,null],[116.13683,3.27497,0.0,null],[116.13434,3.27099,0.0,null],[116.12911,3.26504,0.0,null],[116.1188,3.2571,0.0,null],[116.10992,3.25224,0.0,null],[116.10589,3.25157,0.0,null],[116.10059,3.25151,0.0,null],[116.08823,3.25211,0.0,null],[116.07373,3.25194,0.0,null],[116.06994,3.25253,0.0,null],[116.05534,3.2506,0.0,null],[116.05182,3.24943,0.0,null],[116.04848,3.24439,0.0,null],[116.04689,3.23987,0.0,null],[116.04463,3.22858,0.0,null],[116.04445,3.20254,0.0,null],[116.04568,3.1943,0.0,null],[116.05249,3.19463,0.0,null],[116.05901,3.19708,0.0,null],[116.06544,3.19791,0.0,null],[116.07096,3.19985,0.0,null],[116.14093,3.21362,0.0,null],[116.15173,3.21649,0.0,null],[116.15637,3.21893,0.0,null],[116.16028,3.22375,0.0,null],[116.16669,3.23389,0.0,null],[116.23432,3.19463,0.0,null],[116.22995,3.22693,0.0,null],[116.21437,3.25897,0.0,null],[116.20795,3.28893,0.0,null],[116.24142,3.35158,0.0,null],[116.23454,3.37936,0.0,null],[116.23419,3.38373,0.0,null],[116.23382,3.38306,0.0,null],[116.20205,3.375,0.0,null],[116.18763,3.37545,0.0,null],[116.18524,3.37748,0.0,null],[116.18373,3.38323,0.0,null],[116.18674,3.39137,0.0,null],[116.19453,3.39447,0.0,null],[116.20842,3.3989,0.0,null],[116.21683,3.40341,0.0,null],[116.23736,3.41837,0.0,null],[116.23904,3.42084,0.0,null],[116.23798,3.42456,0.0,null],[116.2286,3.43359,0.0,null],[116.21462,3.44341,0.0,null],[116.19108,3.45695,0.0,null],[116.18409,3.4596,0.0,null],[116.16975,3.4619,0.0,null],[116.15922,3.47005,0.0,null],[116.15117,3.4804,0.0,null],[116.13798,3.49111,0.0,null],[116.13073,3.49482,0.0,null],[116.12471,3.49642,0.0,null],[116.11683,3.49421,0.0,null],[116.10958,3.48819,0.0,null],[116.1032,3.47969,0.0,null],[116.09966,3.47775,0.0,null],[116.07294,3.48447,0.0,null],[116.05772,3.4904,0.0,null],[116.03966,3.49863,0.0,null],[116.03232,3.50491,0.0,null],[116.03135,3.50943,0.0,null],[116.03462,3.51544,0.0,null],[116.11108,3.53155,0.0,null],[116.12308,3.53276,0.0,null],[116.17021,3.53253,0.0,null],[116.17477,3.53366,0.0,null],[116.18474,3.54102,0.0,null],[116.19209,3.55301,0.0,null],[116.19162,3.56522,0.0,null],[116.19091,3.56817,0.0,null],[116.18843,3.57377,0.0,null],[116.17465,3.58252,0.0,null],[116.17265,3.58786,0.0,null],[116.16931,3.5941,0.0,null],[116.16285,3.59432,0.0,null],[116.15773,3.59565,0.0,null],[116.15417,3.59588,0.0,null],[116.1446,3.5941,0.0,null],[116.12791,3.58297,0.0,null],[116.11566,3.58029,0.0,null],[116.10431,3.57985,0.0,null],[116.0914,3.57184,0.0,null],[116.08628,3.57072,0.0,null],[116.07871,3.5725,0.0,null]]]}},{"type":"Feature","properties":{"inventoryId":"big-forestry-ha:21","sector":"PBPH","subtype":"IUPHHK-HA","quality":"OFFICIAL","sourceDataset":"big-forestry-ha","sourceRecordId":"21","source":"BIG Kebijakan Satu Peta","sourceUrl":"https://kspservices.big.go.id/satupeta/rest/services/PUBLIK/PERIZINAN_DAN_PERTANAHAN/MapServer/1","retrievedAt":"2026-08-24T04:32:16Z","geometryProcessing":"web display simplification tolerance 0.00035 degrees","name":"PT BELAYAN RIVER TIMBER","permitNumber":"SK.853/Menhut-II/1999","permitDate":"1999-10-11","areaHa":97500.0,"provinceCode":"64","region":"kalimantan"},"geometry":{"type":"MultiPolygon","coordinates":[[[[115.72636,0.92209,0.0,null],[115.7149,0.92142,0.0,null],[115.7058,0.91823,0.0,null],[115.69785,0.91327,0.0,null],[115.68497,0.90149,0.0,null],[115.67886,0.89499,0.0,null],[115.6738,0.88839,0.0,null],[115.6668,0.87463,0.0,null],[115.66225,0.86303,0.0,null],[115.6487,0.86445,0.0,null],[115.6293,0.86201,0.0,null],[115.62399,0.85426,0.0,null],[115.62421,0.83989,0.0,null],[115.62207,0.83904,0.0,null],[115.61311,0.83756,0.0,null],[115.59668,0.82383,0.0,null],[115.58904,0.80892,0.0,null],[115.58453,0.80453,0.0,null],[115.56802,0.78272,0.0,null],[115.55891,0.7664,0.0,null],[115.55273,0.75408,0.0,null],[115.56335,0.75652,0.0,null],[115.57598,0.7564,0.0,null],[115.60771,0.76932,0.0,null],[115.61812,0.77927,0.0,null],[115.61532,0.7989,0.0,null],[115.61942,0.82112,0.0,null],[115.63159,0.83171,0.0,null],[115.64865,0.83744,0.0,null],[115.67725,0.83005,0.0,null],[115.70013,0.8141,0.0,null],[115.71988,0.76882,0.0,null],[115.73318,0.76881,0.0,null],[115.74408,0.77951,0.0,null],[115.74021,0.78563,0.0,null],[115.74511,0.78963,0.0,null],[115.75491,0.78312,0.0,null],[115.76228,0.7883,0.0,null],[115.76482,0.80071,0.0,null],[115.75836,0.82147,0.0,null],[115.73575,0.85757,0.0,null],[115.73572,0.87116,0.0,null],[115.74439,0.88776,0.0,null],[115.74582,0.88883,0.0,null],[115.75845,0.88864,0.0,null],[115.77587,0.85573,0.0,null],[115.81811,0.82815,0.0,null],[115.82085,0.8111,0.0,null],[115.81748,0.79146,0.0,null],[115.79593,0.75804,0.0,null],[115.75377,0.73204,0.0,null],[115.74216,0.72754,0.0,null],[115.73119,0.72236,0.0,null],[115.73133,0.67694,0.0,null],[115.73039,0.67647,0.0,null],[115.72971,0.67538,0.0,null],[115.72992,0.6747,0.0,null],[115.73052,0.67402,0.0,null],[115.73235,0.67375,0.0,null],[115.73328,0.6747,0.0,null],[115.73746,0.67511,0.0,null],[115.73766,0.67755,0.0,null],[115.73942,0.6783,0.0,null],[115.73969,0.67565,0.0,null],[115.74205,0.67199,0.0,null],[115.74582,0.6703,0.0,null],[115.7471,0.66779,0.0,null],[115.74933,0.66887,0.0,null],[115.74953,0.66677,0.0,null],[115.75034,0.6663,0.0,null],[115.75337,0.66697,0.0,null],[115.75681,0.66596,0.0,null],[115.75802,0.6684,0.0,null],[115.76166,0.66908,0.0,null],[115.76227,0.6701,0.0,null],[115.75957,0.67464,0.0,null],[115.76132,0.67559,0.0,null],[115.76301,0.67519,0.0,null],[115.76759,0.67756,0.0,null],[115.76894,0.67641,0.0,null],[115.77122,0.67139,0.0,null],[115.77769,0.67051,0.0,null],[115.77743,0.66678,0.0,null],[115.77528,0.66576,0.0,null],[115.77581,0.66481,0.0,null],[115.77655,0.66474,0.0,null],[115.78208,0.66583,0.0,null],[115.78383,0.66685,0.0,null],[115.78316,0.66963,0.0,null],[115.78107,0.67187,0.0,null],[115.77871,0.67275,0.0,null],[115.7785,0.67458,0.0,null],[115.78362,0.6775,0.0,null],[115.78484,0.67641,0.0,null],[115.78619,0.67234,0.0,null],[115.78727,0.67119,0.0,null],[115.78673,0.66597,0.0,null],[115.7901,0.66556,0.0,null],[115.79212,0.66312,0.0,null],[115.79306,0.66312,0.0,null],[115.79427,0.6642,0.0,null],[115.79529,0.66814,0.0,null],[115.79691,0.66963,0.0,null],[115.79569,0.67289,0.0,null],[115.79569,0.67431,0.0,null],[115.7963,0.67513,0.0,null],[115.79919,0.67458,0.0,null],[115.79852,0.67146,0.0,null],[115.79859,0.67058,0.0,null],[115.79951,0.6699,0.0,null],[115.80138,0.66986,0.0,null],[115.8026,0.67176,0.0,null],[115.80307,0.67311,0.0,null],[115.80315,0.68256,0.0,null],[115.80174,0.68412,0.0,null],[115.80154,0.68521,0.0,null],[115.80228,0.68656,0.0,null],[115.80511,0.68717,0.0,null],[115.80653,0.68663,0.0,null],[115.80706,0.68704,0.0,null],[115.80746,0.68948,0.0,null],[115.80827,0.69084,0.0,null],[115.80814,0.69437,0.0,null],[115.80882,0.69857,0.0,null],[115.80922,0.69912,0.0,null],[115.81097,0.69932,0.0,null],[115.81441,0.69641,0.0,null],[115.81569,0.69628,0.0,null],[115.81651,0.70003,0.0,null],[115.81878,0.70096,0.0,null],[115.81817,0.70286,0.0,null],[115.81862,0.70464,0.0,null],[115.82053,0.70463,0.0,null],[115.82105,0.70508,0.0,null],[115.8215,0.70693,0.0,null],[115.82132,0.71024,0.0,null],[115.82253,0.71174,0.0,null],[115.82523,0.71174,0.0,null],[115.82577,0.71106,0.0,null],[115.82603,0.70801,0.0,null],[115.82765,0.70665,0.0,null],[115.82907,0.70692,0.0,null],[115.83041,0.71031,0.0,null],[115.8321,0.71086,0.0,null],[115.83938,0.70665,0.0,null],[115.84073,0.70672,0.0,null],[115.84133,0.70747,0.0,null],[115.84342,0.70815,0.0,null],[115.84464,0.70625,0.0,null],[115.8447,0.70482,0.0,null],[115.84325,0.70263,0.0,null],[115.84383,0.70095,0.0,null],[115.84575,0.69965,0.0,null],[115.84804,0.69924,0.0,null],[115.8484,0.69856,0.0,null],[115.84796,0.69697,0.0,null],[115.8443,0.69644,0.0,null],[115.84441,0.69386,0.0,null],[115.84551,0.69153,0.0,null],[115.84618,0.69103,0.0,null],[115.84737,0.69132,0.0,null],[115.84845,0.69336,0.0,null],[115.85014,0.69336,0.0,null],[115.85094,0.69275,0.0,null],[115.85107,0.69017,0.0,null],[115.85256,0.68895,0.0,null],[115.85471,0.68963,0.0,null],[115.85721,0.69193,0.0,null],[115.85789,0.69214,0.0,null],[115.85825,0.69138,0.0,null],[115.87557,0.61877,0.0,null],[115.87922,0.60959,0.0,null],[115.88434,0.60367,0.0,null],[115.88572,0.60225,0.0,null],[115.89115,0.61428,0.0,null],[115.88859,0.61862,0.0,null],[115.90767,0.63411,0.0,null],[115.9162,0.63402,0.0,null],[115.93564,0.60437,0.0,null],[115.93098,0.59198,0.0,null],[115.93114,0.57875,0.0,null],[115.92351,0.57614,0.0,null],[115.91621,0.57118,0.0,null],[115.91437,0.57114,0.0,null],[115.93716,0.54804,0.0,null],[115.94554,0.56701,0.0,null],[115.97737,0.58274,0.0,null],[115.97418,0.58379,0.0,null],[115.97204,0.58629,0.0,null],[115.96829,0.59872,0.0,null],[115.96672,0.6018,0.0,null],[115.9669,0.60335,0.0,null],[115.96992,0.60444,0.0,null],[115.97136,0.60699,0.0,null],[115.97581,0.60666,0.0,null],[115.97719,0.60996,0.0,null],[115.9782,0.61068,0.0,null],[115.98161,0.61142,0.0,null],[115.98225,0.61228,0.0,null],[115.98319,0.61656,0.0,null],[115.98296,0.62031,0.0,null],[115.98165,0.62216,0.0,null],[115.9763,0.62102,0.0,null],[115.97124,0.6215,0.0,null],[115.96793,0.62386,0.0,null],[115.99622,0.64765,0.0,null],[116.07471,0.7179,0.0,null],[116.08827,0.71095,0.0,null],[116.0979,0.70947,0.0,null],[116.11102,0.72088,0.0,null],[116.11767,0.7443,0.0,null],[116.11735,0.75312,0.0,null],[116.20126,0.83028,0.0,null],[116.1749,0.86906,0.0,null],[116.19162,0.87816,0.0,null],[116.18135,0.8938,0.0,null],[116.1682,0.89554,0.0,null],[116.15227,0.91604,0.0,null],[116.14658,0.89819,0.0,null],[116.13273,0.88613,0.0,null],[116.09071,0.87107,0.0,null],[116.07442,0.85579,0.0,null],[116.07454,0.85028,0.0,null],[116.06463,0.84137,0.0,null],[116.05245,0.82379,0.0,null],[116.02158,0.7736,0.0,null],[115.99265,0.76827,0.0,null],[115.98199,0.76733,0.0,null],[115.97639,0.76726,0.0,null],[115.95921,0.77061,0.0,null],[115.93825,0.73907,0.0,null],[115.91211,0.7856,0.0,null],[115.88723,0.77936,0.0,null],[115.88263,0.79655,0.0,null],[115.87241,0.81984,0.0,null],[115.86046,0.83482,0.0,null],[115.84178,0.85298,0.0,null],[115.83781,0.86879,0.0,null],[115.82467,0.88121,0.0,null],[115.81319,0.89309,0.0,null],[115.80328,0.90496,0.0,null],[115.79089,0.91229,0.0,null],[115.75615,0.91258,0.0,null],[115.74224,0.92144,0.0,null],[115.74026,0.92025,0.0,null],[115.73895,0.92025,0.0,null],[115.73483,0.92133,0.0,null],[115.72636,0.92209,0.0,null]]],[[[115.59681,0.58473,0.0,null],[115.61082,0.59992,0.0,null],[115.64731,0.63347,0.0,null],[115.65826,0.63564,0.0,null],[115.66962,0.64659,0.0,null],[115.66962,0.65083,0.0,null],[115.65367,0.6513,0.0,null],[115.63831,0.65277,0.0,null],[115.61947,0.66019,0.0,null],[115.60829,0.6729,0.0,null],[115.60829,0.68444,0.0,null],[115.61488,0.70781,0.0,null],[115.60782,0.72181,0.0,null],[115.60782,0.73329,0.0,null],[115.60152,0.74177,0.0,null],[115.56144,0.74177,0.0,null],[115.54914,0.737,0.0,null],[115.54137,0.72876,0.0,null],[115.52954,0.70675,0.0,null],[115.527,0.69109,0.0,null],[115.527,0.67961,0.0,null],[115.52457,0.67361,0.0,null],[115.51504,0.65621,0.0,null],[115.51028,0.64123,0.0,null],[115.50834,0.61656,0.0,null],[115.50931,0.60051,0.0,null],[115.51137,0.58634,0.0,null],[115.52071,0.58437,0.0,null],[115.54937,0.57443,0.0,null],[115.55691,0.57072,0.0,null],[115.56868,0.56166,0.0,null],[115.59681,0.58473,0.0,null]]]]}},{"type":"Feature","properties":{"inventoryId":"big-forestry-ha:254","sector":"PBPH","subtype":"IUPHHK-HA","quality":"OFFICIAL","sourceDataset":"big-forestry-ha","sourceRecordId":"254","source":"BIG Kebijakan Satu Peta","sourceUrl":"https://kspservices.big.go.id/satupeta/rest/services/PUBLIK/PERIZINAN_DAN_PERTANAHAN/MapServer/1","retrievedAt":"2026-08-24T04:32:16Z","geometryProcessing":"web display simplification tolerance 0.00035 degrees","name":"PT BERKAT CAHAYA TIMBER","permitNumber":"SK.504/MenLHK/Setjen/HPL.0/9/2017","permitDate":"2017-09-20","areaHa":121605.0,"provinceCode":"62","region":"kalimantan"},"geometry":{"type":"MultiPolygon","coordinates":[[[[112.25905,-1.46694,0.0,null],[112.25579,-1.46621,0.0,null],[112.25253,-1.46438,0.0,null],[112.24783,-1.45946,0.0,null],[112.24621,-1.45701,0.0,null],[112.245,-1.45345,0.0,null],[112.24479,-1.44975,0.0,null],[112.2454,-1.44677,0.0,null],[112.24715,-1.44357,0.0,null],[112.20281,-1.43282,0.0,null],[112.20224,-1.4423,0.0,null],[112.2021,-1.47811,0.0,null],[112.20259,-1.51711,0.0,null],[112.20681,-1.56227,0.0,null],[112.21352,-1.59263,0.0,null],[112.21874,-1.62,0.0,null],[112.22872,-1.65843,0.0,null],[112.24834,-1.72441,0.0,null],[112.26519,-1.77379,0.0,null],[112.27069,-1.77443,0.0,null],[112.27683,-1.77772,0.0,null],[112.29437,-1.77669,0.0,null],[112.297,-1.77417,0.0,null],[112.29953,-1.77271,0.0,null],[112.30409,-1.77172,0.0,null],[112.30702,-1.77173,0.0,null],[112.31087,-1.7729,0.0,null],[112.31396,-1.77485,0.0,null],[112.31631,-1.77773,0.0,null],[112.31769,-1.78156,0.0,null],[112.31779,-1.78646,0.0,null],[112.31568,-1.79112,0.0,null],[112.31238,-1.79401,0.0,null],[112.3057,-1.79673,0.0,null],[112.30061,-1.79688,0.0,null],[112.29598,-1.79476,0.0,null],[112.27813,-1.79534,0.0,null],[112.27449,-1.79778,0.0,null],[112.26947,-1.7986,0.0,null],[112.26239,-1.79688,0.0,null],[112.25905,-1.79535,0.0,null],[112.28846,-1.87188,0.0,null],[112.32302,-1.85941,0.0,null],[112.31342,-1.84674,0.0,null],[112.29548,-1.83246,0.0,null],[112.27305,-1.82669,0.0,null],[112.2818,-1.807,0.0,null],[112.30259,-1.81016,0.0,null],[112.3281,-1.83376,0.0,null],[112.34472,-1.82896,0.0,null],[112.35625,-1.8385,0.0,null],[112.3684,-1.81338,0.0,null],[112.38974,-1.81248,0.0,null],[112.38226,-1.80201,0.0,null],[112.3777,-1.79323,0.0,null],[112.37374,-1.78108,0.0,null],[112.37182,-1.77328,0.0,null],[112.37023,-1.77377,0.0,null],[112.36997,-1.77316,0.0,null],[112.37178,-1.7697,0.0,null],[112.37153,-1.76569,0.0,null],[112.36486,-1.75988,0.0,null],[112.3612,-1.75946,0.0,null],[112.35787,-1.75794,0.0,null],[112.34046,-1.75587,0.0,null],[112.33521,-1.75688,0.0,null],[112.33032,-1.75587,0.0,null],[112.32628,-1.75357,0.0,null],[112.32306,-1.74913,0.0,null],[112.32107,-1.74385,0.0,null],[112.3207,-1.74093,0.0,null],[112.32156,-1.73662,0.0,null],[112.3235,-1.73351,0.0,null],[112.31846,-1.71633,0.0,null],[112.31457,-1.71439,0.0,null],[112.30967,-1.70975,0.0,null],[112.30712,-1.70455,0.0,null],[112.30617,-1.69963,0.0,null],[112.3056,-1.67847,0.0,null],[112.30607,-1.6774,0.0,null],[112.30533,-1.67663,0.0,null],[112.30684,-1.66243,0.0,null],[112.30858,-1.65912,0.0,null],[112.31087,-1.65789,0.0,null],[112.31319,-1.65805,0.0,null],[112.31606,-1.66016,0.0,null],[112.31735,-1.66221,0.0,null],[112.31757,-1.66738,0.0,null],[112.31697,-1.67061,0.0,null],[112.32293,-1.68731,0.0,null],[112.32614,-1.68927,0.0,null],[112.32824,-1.69139,0.0,null],[112.33259,-1.70077,0.0,null],[112.33327,-1.7042,0.0,null],[112.33307,-1.70714,0.0,null],[112.33212,-1.70992,0.0,null],[112.33049,-1.71237,0.0,null],[112.33583,-1.72943,0.0,null],[112.33972,-1.73137,0.0,null],[112.35112,-1.73526,0.0,null],[112.35526,-1.73426,0.0,null],[112.34878,-1.72524,0.0,null],[112.34183,-1.71799,0.0,null],[112.33715,-1.71194,0.0,null],[112.33637,-1.70631,0.0,null],[112.33676,-1.70293,0.0,null],[112.33735,-1.70168,0.0,null],[112.34068,-1.69874,0.0,null],[112.34353,-1.6979,0.0,null],[112.35019,-1.6979,0.0,null],[112.35668,-1.70136,0.0,null],[112.36194,-1.7054,0.0,null],[112.36807,-1.71311,0.0,null],[112.37348,-1.72386,0.0,null],[112.38189,-1.71955,0.0,null],[112.4067,-1.71309,0.0,null],[112.4157,-1.71199,0.0,null],[112.40983,-1.70557,0.0,null],[112.4084,-1.7021,0.0,null],[112.40917,-1.70007,0.0,null],[112.41065,-1.69827,0.0,null],[112.41487,-1.69666,0.0,null],[112.4254,-1.69874,0.0,null],[112.43248,-1.70215,0.0,null],[112.44176,-1.70845,0.0,null],[112.44551,-1.71245,0.0,null],[112.44967,-1.71312,0.0,null],[112.45832,-1.70956,0.0,null],[112.45963,-1.69502,0.0,null],[112.46362,-1.68377,0.0,null],[112.47195,-1.66384,0.0,null],[112.47238,-1.66294,0.0,null],[112.47873,-1.66273,0.0,null],[112.47852,-1.65607,0.0,null],[112.47575,-1.65584,0.0,null],[112.48805,-1.64334,0.0,null],[112.48805,-1.63374,0.0,null],[112.4973,-1.62341,0.0,null],[112.49261,-1.61951,0.0,null],[112.49943,-1.60482,0.0,null],[112.50148,-1.60423,0.0,null],[112.51303,-1.59238,0.0,null],[112.51397,-1.58998,0.0,null],[112.51762,-1.58496,0.0,null],[112.52364,-1.57827,0.0,null],[112.52825,-1.57844,0.0,null],[112.54635,-1.58144,0.0,null],[112.55285,-1.58364,0.0,null],[112.57355,-1.58594,0.0,null],[112.57805,-1.58584,0.0,null],[112.58415,-1.58484,0.0,null],[112.58785,-1.58364,0.0,null],[112.59755,-1.57344,0.0,null],[112.59715,-1.57044,0.0,null],[112.59845,-1.55954,0.0,null],[112.59547,-1.55427,0.0,null],[112.56535,-1.54294,0.0,null],[112.56165,-1.53264,0.0,null],[112.56475,-1.52244,0.0,null],[112.5795,-1.52224,0.0,null],[112.57942,-1.51506,0.0,null],[112.57823,-1.51228,0.0,null],[112.57346,-1.5089,0.0,null],[112.56836,-1.507,0.0,null],[112.56642,-1.50476,0.0,null],[112.56611,-1.50137,0.0,null],[112.56672,-1.49566,0.0,null],[112.56992,-1.49106,0.0,null],[112.57112,-1.48792,0.0,null],[112.56797,-1.48673,0.0,null],[112.56801,-1.48561,0.0,null],[112.56225,-1.47761,0.0,null],[112.55869,-1.4759,0.0,null],[112.55963,-1.47922,0.0,null],[112.55714,-1.48424,0.0,null],[112.55182,-1.48533,0.0,null],[112.55053,-1.48215,0.0,null],[112.54905,-1.48384,0.0,null],[112.544,-1.4865,0.0,null],[112.54238,-1.48582,0.0,null],[112.54077,-1.48371,0.0,null],[112.54035,-1.47972,0.0,null],[112.54197,-1.47747,0.0,null],[112.54116,-1.47605,0.0,null],[112.54029,-1.47619,0.0,null],[112.53847,-1.47822,0.0,null],[112.53503,-1.47836,0.0,null],[112.53045,-1.48073,0.0,null],[112.52903,-1.48067,0.0,null],[112.52768,-1.47979,0.0,null],[112.52634,-1.47707,0.0,null],[112.52378,-1.4762,0.0,null],[112.52323,-1.47545,0.0,null],[112.52316,-1.47281,0.0,null],[112.5239,-1.47199,0.0,null],[112.52464,-1.4724,0.0,null],[112.52478,-1.47165,0.0,null],[112.52445,-1.47064,0.0,null],[112.52343,-1.47002,0.0,null],[112.52215,-1.47172,0.0,null],[112.52175,-1.47355,0.0,null],[112.51926,-1.47593,0.0,null],[112.51643,-1.48109,0.0,null],[112.51576,-1.48129,0.0,null],[112.5138,-1.48001,0.0,null],[112.51266,-1.48007,0.0,null],[112.51064,-1.48129,0.0,null],[112.50855,-1.48421,0.0,null],[112.50672,-1.48367,0.0,null],[112.5047,-1.48191,0.0,null],[112.5043,-1.48238,0.0,null],[112.5043,-1.48835,0.0,null],[112.50309,-1.49236,0.0,null],[112.50424,-1.49331,0.0,null],[112.50404,-1.49378,0.0,null],[112.49754,-1.49391,0.0,null],[112.49595,-1.49575,0.0,null],[112.49474,-1.49609,0.0,null],[112.49084,-1.49604,0.0,null],[112.48807,-1.49482,0.0,null],[112.4868,-1.49502,0.0,null],[112.48875,-1.498,0.0,null],[112.48767,-1.49936,0.0,null],[112.48612,-1.49713,0.0,null],[112.48423,-1.49645,0.0,null],[112.47978,-1.49312,0.0,null],[112.48039,-1.4913,0.0,null],[112.47796,-1.49103,0.0,null],[112.47324,-1.48343,0.0,null],[112.47162,-1.4835,0.0,null],[112.46926,-1.48574,0.0,null],[112.46926,-1.48683,0.0,null],[112.47014,-1.4875,0.0,null],[112.46994,-1.48865,0.0,null],[112.469,-1.489,0.0,null],[112.46785,-1.48778,0.0,null],[112.46623,-1.48377,0.0,null],[112.46704,-1.4814,0.0,null],[112.46697,-1.47421,0.0,null],[112.46784,-1.4715,0.0,null],[112.46856,-1.46488,0.0,null],[112.46715,-1.46347,0.0,null],[112.46568,-1.46424,0.0,null],[112.46379,-1.46322,0.0,null],[112.46257,-1.46363,0.0,null],[112.46069,-1.46594,0.0,null],[112.46022,-1.46906,0.0,null],[112.45692,-1.46893,0.0,null],[112.45564,-1.46838,0.0,null],[112.45564,-1.46709,0.0,null],[112.45496,-1.46703,0.0,null],[112.45321,-1.46771,0.0,null],[112.4526,-1.46899,0.0,null],[112.45281,-1.46988,0.0,null],[112.452,-1.46974,0.0,null],[112.45165,-1.46614,0.0,null],[112.44997,-1.46384,0.0,null],[112.44963,-1.46167,0.0,null],[112.44795,-1.46316,0.0,null],[112.44795,-1.46459,0.0,null],[112.44438,-1.46506,0.0,null],[112.44027,-1.47029,0.0,null],[112.43832,-1.47097,0.0,null],[112.43791,-1.47247,0.0,null],[112.43872,-1.47423,0.0,null],[112.43798,-1.47437,0.0,null],[112.43596,-1.47443,0.0,null],[112.43482,-1.47375,0.0,null],[112.43347,-1.47118,0.0,null],[112.43286,-1.47104,0.0,null],[112.42726,-1.47247,0.0,null],[112.42585,-1.47478,0.0,null],[112.42443,-1.47478,0.0,null],[112.42275,-1.47573,0.0,null],[112.41696,-1.4756,0.0,null],[112.41513,-1.47492,0.0,null],[112.41378,-1.47322,0.0,null],[112.41163,-1.47574,0.0,null],[112.41251,-1.4775,0.0,null],[112.4117,-1.47954,0.0,null],[112.41244,-1.48069,0.0,null],[112.4119,-1.48117,0.0,null],[112.41001,-1.4811,0.0,null],[112.40813,-1.4794,0.0,null],[112.40685,-1.48083,0.0,null],[112.40772,-1.4828,0.0,null],[112.41042,-1.48503,0.0,null],[112.41062,-1.48598,0.0,null],[112.41002,-1.487,0.0,null],[112.40827,-1.48727,0.0,null],[112.40672,-1.48633,0.0,null],[112.40361,-1.48592,0.0,null],[112.40261,-1.48456,0.0,null],[112.39741,-1.48267,0.0,null],[112.39646,-1.4805,0.0,null],[112.39586,-1.4819,0.0,null],[112.39286,-1.4811,0.0,null],[112.39189,-1.48022,0.0,null],[112.39089,-1.48489,0.0,null],[112.38846,-1.48854,0.0,null],[112.38482,-1.49098,0.0,null],[112.38053,-1.49183,0.0,null],[112.37763,-1.49144,0.0,null],[112.37431,-1.48992,0.0,null],[112.36805,-1.48474,0.0,null],[112.3659,-1.4817,0.0,null],[112.35999,-1.48248,0.0,null],[112.35483,-1.4812,0.0,null],[112.35488,-1.48059,0.0,null],[112.35176,-1.4789,0.0,null],[112.35053,-1.47905,0.0,null],[112.34393,-1.47666,0.0,null],[112.33206,-1.4692,0.0,null],[112.32747,-1.4679,0.0,null],[112.32469,-1.47068,0.0,null],[112.32146,-1.4705,0.0,null],[112.31706,-1.4692,0.0,null],[112.31389,-1.47016,0.0,null],[112.30876,-1.4723,0.0,null],[112.30526,-1.475,0.0,null],[112.30149,-1.47528,0.0,null],[112.29796,-1.4732,0.0,null],[112.29546,-1.4701,0.0,null],[112.29126,-1.4718,0.0,null],[112.28626,-1.4719,0.0,null],[112.28195,-1.46814,0.0,null],[112.28122,-1.46406,0.0,null],[112.27872,-1.46156,0.0,null],[112.27862,-1.45746,0.0,null],[112.27722,-1.45402,0.0,null],[112.27896,-1.4512,0.0,null],[112.27263,-1.44846,0.0,null],[112.27113,-1.45843,0.0,null],[112.26919,-1.46237,0.0,null],[112.26711,-1.46444,0.0,null],[112.26458,-1.46591,0.0,null],[112.25905,-1.46694,0.0,null]],[[112.28793,-1.63861,0.0,null],[112.28438,-1.63776,0.0,null],[112.2786,-1.63453,0.0,null],[112.27535,-1.63092,0.0,null],[112.27283,-1.62561,0.0,null],[112.27256,-1.62122,0.0,null],[112.27397,-1.61706,0.0,null],[112.27686,-1.61376,0.0,null],[112.28078,-1.61183,0.0,null],[112.28615,-1.61137,0.0,null],[112.29029,-1.6128,0.0,null],[112.29426,-1.61566,0.0,null],[112.29753,-1.61903,0.0,null],[112.29992,-1.62355,0.0,null],[112.30007,-1.62867,0.0,null],[112.29756,-1.63424,0.0,null],[112.29362,-1.63748,0.0,null],[112.29085,-1.63842,0.0,null],[112.28793,-1.63861,0.0,null]]],[[[112.44954,-1.15783,0.0,null],[112.44689,-1.1613,0.0,null],[112.44379,-1.16068,0.0,null],[112.44078,-1.15928,0.0,null],[112.43521,-1.16193,0.0,null],[112.42806,-1.16261,0.0,null],[112.42779,-1.16373,0.0,null],[112.4295,-1.17035,0.0,null],[112.4289,-1.17198,0.0,null],[112.42734,-1.17285,0.0,null],[112.42262,-1.16499,0.0,null],[112.42219,-1.16267,0.0,null],[112.41974,-1.16414,0.0,null],[112.41841,-1.16854,0.0,null],[112.41654,-1.17117,0.0,null],[112.41473,-1.17216,0.0,null],[112.41106,-1.17174,0.0,null],[112.40515,-1.17329,0.0,null],[112.40054,-1.17841,0.0,null],[112.39412,-1.18364,0.0,null],[112.39253,-1.18096,0.0,null],[112.39266,-1.1762,0.0,null],[112.39346,-1.17464,0.0,null],[112.3889,-1.17359,0.0,null],[112.38347,-1.17023,0.0,null],[112.38162,-1.17371,0.0,null],[112.37767,-1.17572,0.0,null],[112.3756,-1.17753,0.0,null],[112.37264,-1.18312,0.0,null],[112.37227,-1.18509,0.0,null],[112.35698,-1.18863,0.0,null],[112.35504,-1.18824,0.0,null],[112.35355,-1.18722,0.0,null],[112.34006,-1.16941,0.0,null],[112.33867,-1.1701,0.0,null],[112.33754,-1.16925,0.0,null],[112.33717,-1.16785,0.0,null],[112.33644,-1.16772,0.0,null],[112.33557,-1.1682,0.0,null],[112.3357,-1.16942,0.0,null],[112.33361,-1.16874,0.0,null],[112.33227,-1.16915,0.0,null],[112.33368,-1.17105,0.0,null],[112.33321,-1.17152,0.0,null],[112.33173,-1.17111,0.0,null],[112.33206,-1.1739,0.0,null],[112.33153,-1.17423,0.0,null],[112.3289,-1.17336,0.0,null],[112.3267,-1.17148,0.0,null],[112.3263,-1.16884,0.0,null],[112.32536,-1.16932,0.0,null],[112.32468,-1.16898,0.0,null],[112.32461,-1.16687,0.0,null],[112.32252,-1.16722,0.0,null],[112.32068,-1.16593,0.0,null],[112.31859,-1.16828,0.0,null],[112.31479,-1.16828,0.0,null],[112.31199,-1.16978,0.0,null],[112.31006,-1.1724,0.0,null],[112.30902,-1.17227,0.0,null],[112.30474,-1.17624,0.0,null],[112.29759,-1.17428,0.0,null],[112.2936,-1.17588,0.0,null],[112.29213,-1.17584,0.0,null],[112.29119,-1.17488,0.0,null],[112.28746,-1.1734,0.0,null],[112.28526,-1.17375,0.0,null],[112.28384,-1.17511,0.0,null],[112.28088,-1.17571,0.0,null],[112.27889,-1.17028,0.0,null],[112.27639,-1.16768,0.0,null],[112.27239,-1.16588,0.0,null],[112.26939,-1.16328,0.0,null],[112.26569,-1.16108,0.0,null],[112.2639,-1.16196,0.0,null],[112.26091,-1.16139,0.0,null],[112.25742,-1.16331,0.0,null],[112.24964,-1.16443,0.0,null],[112.22054,-1.16363,0.0,null],[112.18042,-1.17516,0.0,null],[112.17883,-1.17145,0.0,null],[112.1774,-1.17077,0.0,null],[112.17698,-1.16993,0.0,null],[112.17719,-1.16716,0.0,null],[112.17538,-1.16615,0.0,null],[112.17439,-1.16682,0.0,null],[112.16976,-1.1673,0.0,null],[112.16844,-1.16623,0.0,null],[112.16747,-1.16635,0.0,null],[112.16607,-1.1679,0.0,null],[112.16595,-1.16982,0.0,null],[112.16761,-1.17281,0.0,null],[112.16643,-1.17317,0.0,null],[112.16623,-1.17483,0.0,null],[112.16565,-1.17483,0.0,null],[112.16363,-1.17112,0.0,null],[112.1628,-1.17184,0.0,null],[112.16328,-1.17423,0.0,null],[112.16126,-1.17495,0.0,null],[112.15994,-1.17327,0.0,null],[112.15899,-1.17292,0.0,null],[112.1565,-1.17447,0.0,null],[112.15483,-1.17459,0.0,null],[112.15152,-1.17324,0.0,null],[112.14819,-1.17385,0.0,null],[112.14678,-1.17272,0.0,null],[112.14353,-1.17169,0.0,null],[112.14241,-1.17292,0.0,null],[112.14095,-1.17315,0.0,null],[112.14111,-1.17414,0.0,null],[112.14021,-1.17451,0.0,null],[112.13605,-1.17498,0.0,null],[112.13513,-1.17392,0.0,null],[112.13358,-1.17337,0.0,null],[112.13147,-1.1742,0.0,null],[112.12837,-1.17383,0.0,null],[112.12471,-1.17507,0.0,null],[112.1222,-1.17732,0.0,null],[112.12047,-1.17809,0.0,null],[112.11962,-1.17997,0.0,null],[112.11975,-1.18298,0.0,null],[112.11865,-1.18491,0.0,null],[112.10928,-1.187,0.0,null],[112.10129,-1.19152,0.0,null],[112.09759,-1.19184,0.0,null],[112.09563,-1.19138,0.0,null],[112.086,-1.19444,0.0,null],[112.08465,-1.19351,0.0,null],[112.08461,-1.19427,0.0,null],[112.08281,-1.19485,0.0,null],[112.08021,-1.19391,0.0,null],[112.07665,-1.19631,0.0,null],[112.07472,-1.19545,0.0,null],[112.07614,-1.19474,0.0,null],[112.07522,-1.19392,0.0,null],[112.07284,-1.19416,0.0,null],[112.07082,-1.19523,0.0,null],[112.07201,-1.19703,0.0,null],[112.07213,-1.19799,0.0,null],[112.07154,-1.19859,0.0,null],[112.06999,-1.19703,0.0,null],[112.06999,-1.19583,0.0,null],[112.06868,-1.19535,0.0,null],[112.0682,-1.19715,0.0,null],[112.0663,-1.19787,0.0,null],[112.06511,-1.20038,0.0,null],[112.06368,-1.20098,0.0,null],[112.06262,-1.20266,0.0,null],[112.06274,-1.20553,0.0,null],[112.06191,-1.20888,0.0,null],[112.05899,-1.20966,0.0,null],[112.05781,-1.21086,0.0,null],[112.05557,-1.21134,0.0,null],[112.05789,-1.2142,0.0,null],[112.05702,-1.2151,0.0,null],[112.055,-1.21485,0.0,null],[112.05501,-1.2162,0.0,null],[112.05579,-1.21708,0.0,null],[112.05267,-1.22326,0.0,null],[112.12021,-1.2009,0.0,null],[112.15898,-1.19614,0.0,null],[112.19665,-1.19008,0.0,null],[112.19876,-1.18608,0.0,null],[112.19708,-1.18395,0.0,null],[112.25044,-1.19069,0.0,null],[112.31954,-1.20624,0.0,null],[112.31266,-1.21662,0.0,null],[112.31851,-1.21662,0.0,null],[112.38345,-1.22137,0.0,null],[112.42674,-1.22765,0.0,null],[112.42713,-1.22997,0.0,null],[112.4597,-1.23575,0.0,null],[112.47611,-1.21257,0.0,null],[112.46722,-1.21136,0.0,null],[112.46852,-1.20846,0.0,null],[112.47713,-1.19465,0.0,null],[112.47752,-1.19267,0.0,null],[112.4843,-1.18314,0.0,null],[112.48029,-1.18158,0.0,null],[112.4708,-1.18097,0.0,null],[112.46613,-1.17855,0.0,null],[112.46324,-1.17524,0.0,null],[112.46163,-1.1704,0.0,null],[112.44954,-1.15783,0.0,null]]],[[[112.53211,-1.66364,0.0,null],[112.52875,-1.65724,0.0,null],[112.52679,-1.65208,0.0,null],[112.52349,-1.65278,0.0,null],[112.52109,-1.65488,0.0,null],[112.52029,-1.65918,0.0,null],[112.52105,-1.66407,0.0,null],[112.52025,-1.66297,0.0,null],[112.51953,-1.66391,0.0,null],[112.52151,-1.66701,0.0,null],[112.52429,-1.67678,0.0,null],[112.52499,-1.68288,0.0,null],[112.52399,-1.68638,0.0,null],[112.52139,-1.68878,0.0,null],[112.51559,-1.69168,0.0,null],[112.50522,-1.70509,0.0,null],[112.50268,-1.72059,0.0,null],[112.53792,-1.72056,0.0,null],[112.54257,-1.7157,0.0,null],[112.54626,-1.70967,0.0,null],[112.55068,-1.69118,0.0,null],[112.55068,-1.68233,0.0,null],[112.54775,-1.67548,0.0,null],[112.54505,-1.67278,0.0,null],[112.53769,-1.67288,0.0,null],[112.53211,-1.66364,0.0,null]]]]}},{"type":"Feature","properties":{"inventoryId":"big-forestry-ha:114","sector":"PBPH","subtype":"IUPHHK-HA","quality":"OFFICIAL","sourceDataset":"big-forestry-ha","sourceRecordId":"114","source":"BIG Kebijakan Satu Peta","sourceUrl":"https://kspservices.big.go.id/satupeta/rest/services/PUBLIK/PERIZINAN_DAN_PERTANAHAN/MapServer/1","retrievedAt":"2026-08-24T04:32:16Z","geometryProcessing":"web display simplification tolerance 0.00035 degrees","name":"PT BINA MULTI ALAM LESTARI","permitNumber":"SK.595/Menhut-II/2012","permitDate":"2012-10-29","areaHa":37642.0,"provinceCode":"62","region":"kalimantan"},"geometry":{"type":"Polygon","coordinates":[[[114.64456,-0.98169,0.0,null],[114.62693,-0.96518,0.0,null],[114.62601,-0.95941,0.0,null],[114.6309,-0.94991,0.0,null],[114.63738,-0.93372,0.0,null],[114.6392,-0.91476,0.0,null],[114.6412,-0.90568,0.0,null],[114.6444,-0.90054,0.0,null],[114.64851,-0.89711,0.0,null],[114.6536,-0.89534,0.0,null],[114.66353,-0.89397,0.0,null],[114.66913,-0.88786,0.0,null],[114.67746,-0.88117,0.0,null],[114.68306,-0.87084,0.0,null],[114.68335,-0.86068,0.0,null],[114.66981,-0.84195,0.0,null],[114.66563,-0.83844,0.0,null],[114.66279,-0.83276,0.0,null],[114.65908,-0.82312,0.0,null],[114.65922,-0.81812,0.0,null],[114.65701,-0.81241,0.0,null],[114.64816,-0.80313,0.0,null],[114.64145,-0.79906,0.0,null],[114.62353,-0.79771,0.0,null],[114.60219,-0.80099,0.0,null],[114.57349,-0.81363,0.0,null],[114.55907,-0.827,0.0,null],[114.52952,-0.86074,0.0,null],[114.50142,-0.90109,0.0,null],[114.50729,-0.90423,0.0,null],[114.52461,-0.93184,0.0,null],[114.53051,-0.95777,0.0,null],[114.53294,-1.02202,0.0,null],[114.53409,-1.02167,0.0,null],[114.53305,-1.02318,0.0,null],[114.5339,-1.02399,0.0,null],[114.53355,-1.02539,0.0,null],[114.53718,-1.02586,0.0,null],[114.53919,-1.03026,0.0,null],[114.54377,-1.02923,0.0,null],[114.54712,-1.03204,0.0,null],[114.55001,-1.03154,0.0,null],[114.55127,-1.03006,0.0,null],[114.55371,-1.0316,0.0,null],[114.55441,-1.0302,0.0,null],[114.55716,-1.02957,0.0,null],[114.55879,-1.03205,0.0,null],[114.56218,-1.03131,0.0,null],[114.56364,-1.03206,0.0,null],[114.56376,-1.03266,0.0,null],[114.5625,-1.03343,0.0,null],[114.56266,-1.03446,0.0,null],[114.5638,-1.03494,0.0,null],[114.56423,-1.03604,0.0,null],[114.56692,-1.03829,0.0,null],[114.56894,-1.03823,0.0,null],[114.56994,-1.03911,0.0,null],[114.56939,-1.04205,0.0,null],[114.56759,-1.04292,0.0,null],[114.56835,-1.04397,0.0,null],[114.56902,-1.0481,0.0,null],[114.56995,-1.04828,0.0,null],[114.57047,-1.04636,0.0,null],[114.57156,-1.04664,0.0,null],[114.57206,-1.04546,0.0,null],[114.57347,-1.04706,0.0,null],[114.57311,-1.04891,0.0,null],[114.57534,-1.04843,0.0,null],[114.57572,-1.04959,0.0,null],[114.57831,-1.04807,0.0,null],[114.57927,-1.04832,0.0,null],[114.57935,-1.05049,0.0,null],[114.57845,-1.05236,0.0,null],[114.58126,-1.05236,0.0,null],[114.58256,-1.05637,0.0,null],[114.58109,-1.05821,0.0,null],[114.58321,-1.06075,0.0,null],[114.5857,-1.06108,0.0,null],[114.58634,-1.06182,0.0,null],[114.58654,-1.06354,0.0,null],[114.5854,-1.06819,0.0,null],[114.58665,-1.06935,0.0,null],[114.58848,-1.06935,0.0,null],[114.58777,-1.0715,0.0,null],[114.58794,-1.07324,0.0,null],[114.58966,-1.07466,0.0,null],[114.5908,-1.07388,0.0,null],[114.59163,-1.07399,0.0,null],[114.59238,-1.07637,0.0,null],[114.59691,-1.07401,0.0,null],[114.60144,-1.06536,0.0,null],[114.6102,-1.055,0.0,null],[114.63439,-1.03628,0.0,null],[114.64997,-1.03011,0.0,null],[114.6685,-1.02675,0.0,null],[114.67953,-1.023,0.0,null],[114.69708,-1.01981,0.0,null],[114.70203,-1.01672,0.0,null],[114.67811,-0.99814,0.0,null],[114.67444,-0.985,0.0,null],[114.65786,-0.98986,0.0,null],[114.64992,-0.98992,0.0,null],[114.64456,-0.98169,0.0,null]]]}},{"type":"Feature","properties":{"inventoryId":"big-forestry-ha:38","sector":"PBPH","subtype":"IUPHHK-HA","quality":"OFFICIAL","sourceDataset":"big-forestry-ha","sourceRecordId":"38","source":"BIG Kebijakan Satu Peta","sourceUrl":"https://kspservices.big.go.id/satupeta/rest/services/PUBLIK/PERIZINAN_DAN_PERTANAHAN/MapServer/1","retrievedAt":"2026-08-24T04:32:16Z","geometryProcessing":"web display simplification tolerance 0.00035 degrees","name":"PT BINA OVIVIPARI SEMESTA","permitNumber":"SK.68/Menhut-II/2006","permitDate":"2006-03-27","areaHa":10100.0,"provinceCode":"61","region":"kalimantan"},"geometry":{"type":"MultiPolygon","coordinates":[[[[109.47688,-0.84226,0.0,null],[109.48268,-0.83206,0.0,null],[109.48138,-0.82766,0.0,null],[109.47738,-0.82366,0.0,null],[109.45108,-0.81036,0.0,null],[109.43858,-0.81936,0.0,null],[109.43598,-0.82256,0.0,null],[109.43698,-0.83256,0.0,null],[109.43648,-0.83836,0.0,null],[109.43448,-0.84116,0.0,null],[109.42768,-0.84606,0.0,null],[109.42088,-0.84926,0.0,null],[109.41648,-0.84996,0.0,null],[109.41368,-0.84866,0.0,null],[109.41208,-0.84626,0.0,null],[109.41208,-0.82786,0.0,null],[109.40848,-0.82626,0.0,null],[109.39258,-0.83196,0.0,null],[109.38178,-0.83056,0.0,null],[109.37738,-0.83116,0.0,null],[109.36838,-0.83826,0.0,null],[109.36558,-0.84236,0.0,null],[109.36358,-0.84806,0.0,null],[109.36048,-0.84886,0.0,null],[109.35658,-0.84776,0.0,null],[109.34868,-0.84356,0.0,null],[109.34268,-0.84216,0.0,null],[109.33948,-0.84226,0.0,null],[109.33528,-0.85086,0.0,null],[109.33048,-0.85716,0.0,null],[109.32888,-0.86646,0.0,null],[109.32718,-0.86926,0.0,null],[109.32698,-0.87466,0.0,null],[109.32608,-0.87806,0.0,null],[109.32418,-0.88086,0.0,null],[109.32098,-0.88076,0.0,null],[109.31848,-0.87956,0.0,null],[109.31598,-0.87746,0.0,null],[109.31438,-0.87766,0.0,null],[109.31218,-0.87996,0.0,null],[109.31118,-0.88376,0.0,null],[109.31428,-0.88656,0.0,null],[109.31748,-0.89086,0.0,null],[109.32118,-0.89296,0.0,null],[109.32488,-0.89296,0.0,null],[109.32768,-0.89126,0.0,null],[109.33418,-0.88456,0.0,null],[109.33578,-0.88206,0.0,null],[109.33568,-0.87956,0.0,null],[109.33418,-0.87406,0.0,null],[109.33458,-0.87196,0.0,null],[109.33698,-0.87016,0.0,null],[109.34368,-0.87306,0.0,null],[109.34678,-0.87246,0.0,null],[109.34938,-0.86956,0.0,null],[109.35288,-0.86786,0.0,null],[109.35588,-0.86746,0.0,null],[109.35998,-0.86786,0.0,null],[109.36198,-0.86916,0.0,null],[109.36418,-0.87146,0.0,null],[109.36598,-0.87596,0.0,null],[109.37148,-0.87976,0.0,null],[109.38348,-0.87986,0.0,null],[109.38408,-0.87766,0.0,null],[109.38318,-0.87436,0.0,null],[109.38618,-0.87256,0.0,null],[109.38918,-0.87316,0.0,null],[109.39208,-0.87146,0.0,null],[109.39768,-0.86576,0.0,null],[109.40248,-0.86696,0.0,null],[109.40888,-0.87256,0.0,null],[109.41208,-0.87186,0.0,null],[109.41488,-0.86866,0.0,null],[109.41668,-0.86556,0.0,null],[109.41668,-0.86276,0.0,null],[109.41968,-0.86356,0.0,null],[109.42718,-0.85836,0.0,null],[109.42938,-0.85536,0.0,null],[109.43358,-0.85316,0.0,null],[109.44408,-0.85056,0.0,null],[109.44648,-0.84896,0.0,null],[109.45078,-0.85206,0.0,null],[109.45918,-0.85506,0.0,null],[109.46758,-0.85696,0.0,null],[109.46998,-0.85406,0.0,null],[109.47688,-0.84226,0.0,null]]],[[[109.67198,-0.92106,0.0,null],[109.65668,-0.91876,0.0,null],[109.65138,-0.91876,0.0,null],[109.62528,-0.92206,0.0,null],[109.60798,-0.92196,0.0,null],[109.60998,-0.92926,0.0,null],[109.61108,-0.93806,0.0,null],[109.61338,-0.94626,0.0,null],[109.61658,-0.95126,0.0,null],[109.62078,-0.95386,0.0,null],[109.63508,-0.95966,0.0,null],[109.64408,-0.96446,0.0,null],[109.65028,-0.97056,0.0,null],[109.65198,-0.97456,0.0,null],[109.65448,-0.97816,0.0,null],[109.66848,-0.97976,0.0,null],[109.67358,-0.97976,0.0,null],[109.67868,-0.97926,0.0,null],[109.68468,-0.97776,0.0,null],[109.68918,-0.97526,0.0,null],[109.69458,-0.97186,0.0,null],[109.69918,-0.96396,0.0,null],[109.69738,-0.96326,0.0,null],[109.69228,-0.96276,0.0,null],[109.68888,-0.96086,0.0,null],[109.68268,-0.95546,0.0,null],[109.68038,-0.95186,0.0,null],[109.67578,-0.94166,0.0,null],[109.67418,-0.93586,0.0,null],[109.67288,-0.93046,0.0,null],[109.67198,-0.92106,0.0,null]]]]}},{"type":"Feature","properties":{"inventoryId":"big-forestry-ha:93","sector":"PBPH","subtype":"IUPHHK-HA","quality":"OFFICIAL","sourceDataset":"big-forestry-ha","sourceRecordId":"93","source":"BIG Kebijakan Satu Peta","sourceUrl":"https://kspservices.big.go.id/satupeta/rest/services/PUBLIK/PERIZINAN_DAN_PERTANAHAN/MapServer/1","retrievedAt":"2026-08-24T04:32:16Z","geometryProcessing":"web display simplification tolerance 0.00035 degrees","name":"PT BORNEO KARYA INDAH MANDIRI","permitNumber":"SK.474/Menhut-II/2006","permitDate":"2006-05-10","areaHa":50860.0,"provinceCode":"64","region":"kalimantan"},"geometry":{"type":"Polygon","coordinates":[[[118.39767,1.11643,0.0,null],[118.42326,1.15134,0.0,null],[118.42357,1.163,0.0,null],[118.41622,1.15594,0.0,null],[118.40752,1.14999,0.0,null],[118.39652,1.14511,0.0,null],[118.38363,1.14104,0.0,null],[118.38316,1.13658,0.0,null],[118.38122,1.12934,0.0,null],[118.37691,1.11603,0.0,null],[118.37064,1.12046,0.0,null],[118.36049,1.1226,0.0,null],[118.34123,1.13207,0.0,null],[118.33433,1.13717,0.0,null],[118.31248,1.1553,0.0,null],[118.30805,1.15112,0.0,null],[118.26643,1.16228,0.0,null],[118.26621,1.1538,0.0,null],[118.21815,1.15847,0.0,null],[118.19786,1.16147,0.0,null],[118.16976,1.11819,0.0,null],[118.17383,1.10721,0.0,null],[118.14248,1.06808,0.0,null],[118.13265,1.04627,0.0,null],[118.14843,1.03852,0.0,null],[118.24711,0.99851,0.0,null],[118.25034,0.99637,0.0,null],[118.27606,0.98573,0.0,null],[118.39128,0.94834,0.0,null],[118.44334,1.00646,0.0,null],[118.42098,1.02444,0.0,null],[118.36236,1.06946,0.0,null],[118.39767,1.11643,0.0,null]]]}},{"type":"Feature","properties":{"inventoryId":"big-forestry-ha:123","sector":"PBPH","subtype":"IUPHHK-HA","quality":"OFFICIAL","sourceDataset":"big-forestry-ha","sourceRecordId":"123","source":"BIG Kebijakan Satu Peta","sourceUrl":"https://kspservices.big.go.id/satupeta/rest/services/PUBLIK/PERIZINAN_DAN_PERTANAHAN/MapServer/1","retrievedAt":"2026-08-24T04:32:16Z","geometryProcessing":"web display simplification tolerance 0.00035 degrees","name":"PT BORNEO KURNIA MANDIRI","permitNumber":"1002 TAHUN 2001","permitDate":"2001-12-31","areaHa":12000.0,"provinceCode":"61","region":"kalimantan"},"geometry":{"type":"Polygon","coordinates":[[[112.36703,-0.12285,0.0,null],[112.37236,-0.12581,0.0,null],[112.37711,-0.12983,0.0,null],[112.38101,-0.1284,0.0,null],[112.40858,-0.13041,0.0,null],[112.41039,-0.12926,0.0,null],[112.42883,-0.12878,0.0,null],[112.43748,-0.12591,0.0,null],[112.44784,-0.12428,0.0,null],[112.45963,-0.12457,0.0,null],[112.47351,-0.12868,0.0,null],[112.48209,-0.13041,0.0,null],[112.49291,-0.13399,0.0,null],[112.51517,-0.14898,0.0,null],[112.52078,-0.1306,0.0,null],[112.51841,-0.12907,0.0,null],[112.50491,-0.12974,0.0,null],[112.49492,-0.11749,0.0,null],[112.49378,-0.11193,0.0,null],[112.50196,-0.11126,0.0,null],[112.51565,-0.11749,0.0,null],[112.5244,-0.11764,0.0,null],[112.5244,-0.10328,0.0,null],[112.52563,-0.09725,0.0,null],[112.52791,-0.09046,0.0,null],[112.52963,-0.0873,0.0,null],[112.53362,-0.08232,0.0,null],[112.53523,-0.07866,0.0,null],[112.53676,-0.07263,0.0,null],[112.53828,-0.06133,0.0,null],[112.53818,-0.04588,0.0,null],[112.53742,-0.0432,0.0,null],[112.53495,-0.03861,0.0,null],[112.53124,-0.03421,0.0,null],[112.51793,-0.02186,0.0,null],[112.51651,-0.01995,0.0,null],[112.51498,-0.01631,0.0,null],[112.51489,-0.01238,0.0,null],[112.51869,-0.00894,0.0,null],[112.51926,-0.00712,0.0,null],[112.51945,0.00056,0.0,null],[112.52611,0.01032,0.0,null],[112.52706,0.01319,0.0,null],[112.53048,0.01635,0.0,null],[112.53172,0.01893,0.0,null],[112.53314,0.02353,0.0,null],[112.53191,0.02563,0.0,null],[112.51632,0.0363,0.0,null],[112.50215,0.04816,0.0,null],[112.4894,0.05519,0.0,null],[112.4828,0.05504,0.0,null],[112.48119,0.05447,0.0,null],[112.47834,0.04944,0.0,null],[112.47335,0.02865,0.0,null],[112.47145,0.01621,0.0,null],[112.46931,0.00903,0.0,null],[112.4636,-0.00509,0.0,null],[112.45853,-0.01174,0.0,null],[112.45148,-0.01777,0.0,null],[112.44293,-0.01825,0.0,null],[112.43984,-0.01753,0.0,null],[112.41013,-0.00509,0.0,null],[112.40323,-0.00461,0.0,null],[112.3923,-0.01011,0.0,null],[112.38564,-0.0161,0.0,null],[112.36378,-0.03964,0.0,null],[112.33288,-0.07553,0.0,null],[112.33193,-0.0784,0.0,null],[112.33193,-0.08008,0.0,null],[112.33549,-0.08845,0.0,null],[112.35667,-0.11231,0.0,null],[112.36703,-0.12285,0.0,null]],[[112.46507,-0.04219,0.0,null],[112.48075,-0.03996,0.0,null],[112.49279,-0.03652,0.0,null],[112.50289,-0.03547,0.0,null],[112.51017,-0.03742,0.0,null],[112.51967,-0.04086,0.0,null],[112.52517,-0.04146,0.0,null],[112.52992,-0.044,0.0,null],[112.53156,-0.04594,0.0,null],[112.53275,-0.04908,0.0,null],[112.53111,-0.05282,0.0,null],[112.52874,-0.05611,0.0,null],[112.52591,-0.05776,0.0,null],[112.50972,-0.06434,0.0,null],[112.49754,-0.06867,0.0,null],[112.49501,-0.07002,0.0,null],[112.49338,-0.07182,0.0,null],[112.48476,-0.07555,0.0,null],[112.47927,-0.08109,0.0,null],[112.47258,-0.08662,0.0,null],[112.46575,-0.0944,0.0,null],[112.46055,-0.095,0.0,null],[112.45491,-0.0944,0.0,null],[112.44674,-0.0926,0.0,null],[112.441,-0.09259,0.0,null],[112.43773,-0.09319,0.0,null],[112.41842,-0.10156,0.0,null],[112.4055,-0.10351,0.0,null],[112.4,-0.10246,0.0,null],[112.39911,-0.10186,0.0,null],[112.39391,-0.09513,0.0,null],[112.39243,-0.09453,0.0,null],[112.39124,-0.09319,0.0,null],[112.3801,-0.06193,0.0,null],[112.38099,-0.05505,0.0,null],[112.38218,-0.05056,0.0,null],[112.38426,-0.04847,0.0,null],[112.39064,-0.04533,0.0,null],[112.3954,-0.04383,0.0,null],[112.4003,-0.04369,0.0,null],[112.40535,-0.04279,0.0,null],[112.42823,-0.04219,0.0,null],[112.46195,-0.04264,0.0,null],[112.46507,-0.04219,0.0,null]]]}},{"type":"Feature","properties":{"inventoryId":"big-forestry-ha:61","sector":"PBPH","subtype":"IUPHHK-HA","quality":"OFFICIAL","sourceDataset":"big-forestry-ha","sourceRecordId":"61","source":"BIG Kebijakan Satu Peta","sourceUrl":"https://kspservices.big.go.id/satupeta/rest/services/PUBLIK/PERIZINAN_DAN_PERTANAHAN/MapServer/1","retrievedAt":"2026-08-24T04:32:16Z","geometryProcessing":"web display simplification tolerance 0.00035 degrees","name":"PT BUMIMAS PERMATA ABADI","permitNumber":"SK.656/Menhut-II/2009","permitDate":"2009-10-15","areaHa":47700.0,"provinceCode":"62","region":"kalimantan"},"geometry":{"type":"Polygon","coordinates":[[[113.5912,-0.76733,0.0,null],[113.59017,-0.77198,0.0,null],[113.58932,-0.77256,0.0,null],[113.58691,-0.77252,0.0,null],[113.58468,-0.77498,0.0,null],[113.58591,-0.77926,0.0,null],[113.58541,-0.78213,0.0,null],[113.58396,-0.78524,0.0,null],[113.58722,-0.79249,0.0,null],[113.5869,-0.79608,0.0,null],[113.58347,-0.79912,0.0,null],[113.58284,-0.80061,0.0,null],[113.58271,-0.80402,0.0,null],[113.58169,-0.80532,0.0,null],[113.57957,-0.80601,0.0,null],[113.57831,-0.80913,0.0,null],[113.57614,-0.81004,0.0,null],[113.57248,-0.80883,0.0,null],[113.57171,-0.8095,0.0,null],[113.57185,-0.81732,0.0,null],[113.56905,-0.81886,0.0,null],[113.56931,-0.83764,0.0,null],[113.57078,-0.84004,0.0,null],[113.57039,-0.84103,0.0,null],[113.56766,-0.84096,0.0,null],[113.56679,-0.84187,0.0,null],[113.56677,-0.84267,0.0,null],[113.56775,-0.84494,0.0,null],[113.57244,-0.85093,0.0,null],[113.5744,-0.84947,0.0,null],[113.57596,-0.84971,0.0,null],[113.57737,-0.84899,0.0,null],[113.58018,-0.85007,0.0,null],[113.58268,-0.8539,0.0,null],[113.59471,-0.85293,0.0,null],[113.60424,-0.86303,0.0,null],[113.60508,-0.87298,0.0,null],[113.60677,-0.87481,0.0,null],[113.60971,-0.87481,0.0,null],[113.61209,-0.87593,0.0,null],[113.62569,-0.87537,0.0,null],[113.64703,-0.86455,0.0,null],[113.6515,-0.86289,0.0,null],[113.65528,-0.86527,0.0,null],[113.66145,-0.86779,0.0,null],[113.6801,-0.87228,0.0,null],[113.69875,-0.87537,0.0,null],[113.72149,-0.8774,0.0,null],[113.75298,-0.87733,0.0,null],[113.7559,-0.88329,0.0,null],[113.76661,-0.89413,0.0,null],[113.76691,-0.89358,0.0,null],[113.77026,-0.89514,0.0,null],[113.78022,-0.90061,0.0,null],[113.79901,-0.90678,0.0,null],[113.80504,-0.90804,0.0,null],[113.81934,-0.91575,0.0,null],[113.83168,-0.90874,0.0,null],[113.79214,-0.85447,0.0,null],[113.83196,-0.84101,0.0,null],[113.84261,-0.83877,0.0,null],[113.82172,-0.81872,0.0,null],[113.80714,-0.81016,0.0,null],[113.80475,-0.80414,0.0,null],[113.80868,-0.79642,0.0,null],[113.81008,-0.79614,0.0,null],[113.81836,-0.79166,0.0,null],[113.82687,-0.78455,0.0,null],[113.83202,-0.77878,0.0,null],[113.84243,-0.77881,0.0,null],[113.84858,-0.77939,0.0,null],[113.84683,-0.77273,0.0,null],[113.8397,-0.76084,0.0,null],[113.83177,-0.75291,0.0,null],[113.82479,-0.74847,0.0,null],[113.7861,-0.73372,0.0,null],[113.7731,-0.72944,0.0,null],[113.7574,-0.72532,0.0,null],[113.72331,-0.71342,0.0,null],[113.72133,-0.70798,0.0,null],[113.71917,-0.70667,0.0,null],[113.7081,-0.70259,0.0,null],[113.6887,-0.69839,0.0,null],[113.65687,-0.695,0.0,null],[113.6515,-0.70346,0.0,null],[113.64434,-0.71636,0.0,null],[113.64196,-0.71916,0.0,null],[113.63635,-0.72183,0.0,null],[113.63214,-0.72281,0.0,null],[113.62134,-0.72127,0.0,null],[113.6174,-0.7193,0.0,null],[113.61587,-0.7158,0.0,null],[113.61543,-0.70901,0.0,null],[113.60491,-0.70922,0.0,null],[113.60578,-0.71327,0.0,null],[113.60691,-0.72631,0.0,null],[113.60648,-0.73557,0.0,null],[113.6055,-0.7402,0.0,null],[113.60424,-0.74552,0.0,null],[113.59513,-0.76123,0.0,null],[113.5912,-0.76614,0.0,null],[113.5912,-0.76733,0.0,null]]]}},{"type":"Feature","properties":{"inventoryId":"big-forestry-ha:126","sector":"PBPH","subtype":"IUPHHK-HA","quality":"OFFICIAL","sourceDataset":"big-forestry-ha","sourceRecordId":"126","source":"BIG Kebijakan Satu Peta","sourceUrl":"https://kspservices.big.go.id/satupeta/rest/services/PUBLIK/PERIZINAN_DAN_PERTANAHAN/MapServer/1","retrievedAt":"2026-08-24T04:32:16Z","geometryProcessing":"web display simplification tolerance 0.00035 degrees","name":"PT CAHAYA KARYA DAYAINDO","permitNumber":"SK.26/Menhut-II/2012","permitDate":"2010-01-20","areaHa":35340.0,"provinceCode":"61","region":"kalimantan"},"geometry":{"type":"Polygon","coordinates":[[[112.72998,-0.10161,0.0,null],[112.72313,-0.09297,0.0,null],[112.71665,-0.0872,0.0,null],[112.71089,-0.0836,0.0,null],[112.70441,-0.0818,0.0,null],[112.69612,-0.08036,0.0,null],[112.68604,-0.07748,0.0,null],[112.67163,-0.07244,0.0,null],[112.65831,-0.0692,0.0,null],[112.6439,-0.06487,0.0,null],[112.62229,-0.06019,0.0,null],[112.61221,-0.05479,0.0,null],[112.5996,-0.04939,0.0,null],[112.57367,-0.02994,0.0,null],[112.56214,-0.02814,0.0,null],[112.55458,-0.02634,0.0,null],[112.54702,-0.02418,0.0,null],[112.54089,-0.02166,0.0,null],[112.53549,-0.01769,0.0,null],[112.52901,-0.01193,0.0,null],[112.52181,-0.00761,0.0,null],[112.49623,-0.0321,0.0,null],[112.50056,-0.0375,0.0,null],[112.50236,-0.05407,0.0,null],[112.50056,-0.06199,0.0,null],[112.49876,-0.06704,0.0,null],[112.48507,-0.06956,0.0,null],[112.48147,-0.07136,0.0,null],[112.47751,-0.07568,0.0,null],[112.47391,-0.08252,0.0,null],[112.47066,-0.09297,0.0,null],[112.4703,-0.10485,0.0,null],[112.47278,-0.11254,0.0,null],[112.47755,-0.12079,0.0,null],[112.47698,-0.12311,0.0,null],[112.48645,-0.12923,0.0,null],[112.51002,-0.14646,0.0,null],[112.51152,-0.13391,0.0,null],[112.51107,-0.12544,0.0,null],[112.49655,-0.12544,0.0,null],[112.48685,-0.10976,0.0,null],[112.48382,-0.10369,0.0,null],[112.49795,-0.10384,0.0,null],[112.50708,-0.1115,0.0,null],[112.5159,-0.11116,0.0,null],[112.52105,-0.11656,0.0,null],[112.52069,-0.12662,0.0,null],[112.53167,-0.13997,0.0,null],[112.53209,-0.1474,0.0,null],[112.52919,-0.15348,0.0,null],[112.53351,-0.15798,0.0,null],[112.54816,-0.15507,0.0,null],[112.54754,-0.14268,0.0,null],[112.53421,-0.12455,0.0,null],[112.54968,-0.11154,0.0,null],[112.56601,-0.11522,0.0,null],[112.57177,-0.11107,0.0,null],[112.58344,-0.11982,0.0,null],[112.58162,-0.12656,0.0,null],[112.5851,-0.14995,0.0,null],[112.61503,-0.14731,0.0,null],[112.61451,-0.1336,0.0,null],[112.62183,-0.12801,0.0,null],[112.62676,-0.11113,0.0,null],[112.63151,-0.10839,0.0,null],[112.63275,-0.10786,0.0,null],[112.63394,-0.10826,0.0,null],[112.6432,-0.11244,0.0,null],[112.65002,-0.11267,0.0,null],[112.65425,-0.10972,0.0,null],[112.65888,-0.11253,0.0,null],[112.65219,-0.1201,0.0,null],[112.64892,-0.14045,0.0,null],[112.63993,-0.14172,0.0,null],[112.63177,-0.23088,0.0,null],[112.62992,-0.238,0.0,null],[112.6286,-0.25089,0.0,null],[112.63396,-0.2472,0.0,null],[112.63654,-0.24381,0.0,null],[112.64185,-0.24008,0.0,null],[112.64914,-0.23671,0.0,null],[112.66092,-0.23362,0.0,null],[112.66594,-0.2306,0.0,null],[112.66941,-0.22753,0.0,null],[112.67522,-0.22055,0.0,null],[112.6773,-0.21905,0.0,null],[112.68141,-0.21836,0.0,null],[112.68422,-0.22025,0.0,null],[112.68569,-0.22052,0.0,null],[112.68529,-0.21651,0.0,null],[112.72618,-0.19154,0.0,null],[112.72706,-0.19047,0.0,null],[112.72773,-0.19034,0.0,null],[112.72853,-0.19213,0.0,null],[112.73084,-0.20028,0.0,null],[112.73192,-0.20188,0.0,null],[112.7327,-0.20217,0.0,null],[112.73862,-0.20215,0.0,null],[112.73862,-0.20101,0.0,null],[112.76239,-0.19381,0.0,null],[112.76203,-0.18121,0.0,null],[112.75339,-0.18085,0.0,null],[112.75303,-0.17112,0.0,null],[112.76726,-0.15695,0.0,null],[112.76489,-0.15271,0.0,null],[112.75771,-0.14339,0.0,null],[112.75303,-0.13402,0.0,null],[112.74835,-0.12646,0.0,null],[112.7361,-0.10917,0.0,null],[112.72998,-0.10161,0.0,null]]]}},{"type":"Feature","properties":{"inventoryId":"big-forestry-ha:44","sector":"PBPH","subtype":"IUPHHK-HA","quality":"OFFICIAL","sourceDataset":"big-forestry-ha","sourceRecordId":"44","source":"BIG Kebijakan Satu Peta","sourceUrl":"https://kspservices.big.go.id/satupeta/rest/services/PUBLIK/PERIZINAN_DAN_PERTANAHAN/MapServer/1","retrievedAt":"2026-08-24T04:32:16Z","geometryProcessing":"web display simplification tolerance 0.00035 degrees","name":"PT CARUS INDONESIA","permitNumber":"SK.94/Kpts-II/2000","permitDate":"2000-12-22","areaHa":72170.0,"provinceCode":"62","region":"kalimantan"},"geometry":{"type":"Polygon","coordinates":[[[113.35642,-0.64714,0.0,null],[113.32781,-0.63344,0.0,null],[113.32813,-0.60316,0.0,null],[113.36444,-0.6103,0.0,null],[113.42017,-0.37181,0.0,null],[113.40893,-0.36883,0.0,null],[113.37239,-0.39626,0.0,null],[113.35977,-0.42595,0.0,null],[113.34802,-0.43302,0.0,null],[113.34321,-0.44278,0.0,null],[113.33913,-0.45329,0.0,null],[113.33407,-0.47243,0.0,null],[113.32627,-0.51868,0.0,null],[113.31493,-0.5507,0.0,null],[113.30632,-0.56633,0.0,null],[113.28833,-0.59164,0.0,null],[113.28031,-0.60729,0.0,null],[113.27741,-0.61468,0.0,null],[113.27551,-0.62174,0.0,null],[113.274,-0.63066,0.0,null],[113.27167,-0.68281,0.0,null],[113.26667,-0.70613,0.0,null],[113.26234,-0.71801,0.0,null],[113.25941,-0.72275,0.0,null],[113.2539,-0.72816,0.0,null],[113.25053,-0.72999,0.0,null],[113.24603,-0.73117,0.0,null],[113.24201,-0.73094,0.0,null],[113.23817,-0.72992,0.0,null],[113.23254,-0.72709,0.0,null],[113.22558,-0.72051,0.0,null],[113.22322,-0.71713,0.0,null],[113.21989,-0.70983,0.0,null],[113.21699,-0.70108,0.0,null],[113.21629,-0.69638,0.0,null],[113.21599,-0.66828,0.0,null],[113.21666,-0.64994,0.0,null],[113.21689,-0.60308,0.0,null],[113.21646,-0.5926,0.0,null],[113.21545,-0.58565,0.0,null],[113.21317,-0.57884,0.0,null],[113.20819,-0.56918,0.0,null],[113.19448,-0.54713,0.0,null],[113.18726,-0.538,0.0,null],[113.17886,-0.531,0.0,null],[113.1661,-0.53131,0.0,null],[113.14546,-0.5328,0.0,null],[113.13036,-0.5351,0.0,null],[113.09146,-0.5431,0.0,null],[113.05296,-0.5524,0.0,null],[113.0114,-0.56521,0.0,null],[113.01919,-0.58028,0.0,null],[113.02959,-0.58908,0.0,null],[113.031,-0.59221,0.0,null],[113.03249,-0.59798,0.0,null],[113.03854,-0.6068,0.0,null],[113.03857,-0.6092,0.0,null],[113.03938,-0.6093,0.0,null],[113.03987,-0.61176,0.0,null],[113.03904,-0.61598,0.0,null],[113.04313,-0.61611,0.0,null],[113.04609,-0.61715,0.0,null],[113.04955,-0.62062,0.0,null],[113.05252,-0.61932,0.0,null],[113.05262,-0.62264,0.0,null],[113.05623,-0.62919,0.0,null],[113.05663,-0.63179,0.0,null],[113.14211,-0.61966,0.0,null],[113.1578,-0.74882,0.0,null],[113.16708,-0.81494,0.0,null],[113.24334,-0.83339,0.0,null],[113.2498,-0.81852,0.0,null],[113.25513,-0.81053,0.0,null],[113.25935,-0.80583,0.0,null],[113.26653,-0.79995,0.0,null],[113.27906,-0.76385,0.0,null],[113.30186,-0.78301,0.0,null],[113.30386,-0.78051,0.0,null],[113.30846,-0.77019,0.0,null],[113.31245,-0.76696,0.0,null],[113.31531,-0.76568,0.0,null],[113.31911,-0.76531,0.0,null],[113.32604,-0.76761,0.0,null],[113.33081,-0.77206,0.0,null],[113.33447,-0.77716,0.0,null],[113.33896,-0.77632,0.0,null],[113.34128,-0.77221,0.0,null],[113.34197,-0.76783,0.0,null],[113.34813,-0.76512,0.0,null],[113.35057,-0.76322,0.0,null],[113.35105,-0.75824,0.0,null],[113.34693,-0.75197,0.0,null],[113.34625,-0.74781,0.0,null],[113.34791,-0.74389,0.0,null],[113.34908,-0.74256,0.0,null],[113.34935,-0.74081,0.0,null],[113.34622,-0.73851,0.0,null],[113.34625,-0.73639,0.0,null],[113.34545,-0.73428,0.0,null],[113.34612,-0.7327,0.0,null],[113.34854,-0.73122,0.0,null],[113.34889,-0.73016,0.0,null],[113.34597,-0.72789,0.0,null],[113.34569,-0.72682,0.0,null],[113.34653,-0.72567,0.0,null],[113.34912,-0.72452,0.0,null],[113.34858,-0.72035,0.0,null],[113.35035,-0.71932,0.0,null],[113.35015,-0.71651,0.0,null],[113.35228,-0.71521,0.0,null],[113.3533,-0.70893,0.0,null],[113.35479,-0.70761,0.0,null],[113.3554,-0.7042,0.0,null],[113.35469,-0.7023,0.0,null],[113.3549,-0.70131,0.0,null],[113.35254,-0.70073,0.0,null],[113.35206,-0.69994,0.0,null],[113.35229,-0.69888,0.0,null],[113.35405,-0.69805,0.0,null],[113.35674,-0.69911,0.0,null],[113.35929,-0.6977,0.0,null],[113.35886,-0.69447,0.0,null],[113.36018,-0.69203,0.0,null],[113.3626,-0.69169,0.0,null],[113.36647,-0.68839,0.0,null],[113.36712,-0.68646,0.0,null],[113.36654,-0.68447,0.0,null],[113.36307,-0.68213,0.0,null],[113.35792,-0.68299,0.0,null],[113.35677,-0.68381,0.0,null],[113.35405,-0.68302,0.0,null],[113.35333,-0.68105,0.0,null],[113.35026,-0.67954,0.0,null],[113.34931,-0.67773,0.0,null],[113.34917,-0.67564,0.0,null],[113.35022,-0.67335,0.0,null],[113.3501,-0.67201,0.0,null],[113.35642,-0.64714,0.0,null]]]}},{"type":"Feature","properties":{"inventoryId":"big-forestry-ha:49","sector":"PBPH","subtype":"IUPHHK-HA","quality":"OFFICIAL","sourceDataset":"big-forestry-ha","sourceRecordId":"49","source":"BIG Kebijakan Satu Peta","sourceUrl":"https://kspservices.big.go.id/satupeta/rest/services/PUBLIK/PERIZINAN_DAN_PERTANAHAN/MapServer/1","retrievedAt":"2026-08-24T04:32:16Z","geometryProcessing":"web display simplification tolerance 0.00035 degrees","name":"PT CENTRAL KALIMANTAN ABADI","permitNumber":"SK.10/Kpts-II/2000","permitDate":"2000-11-27","areaHa":40650.0,"provinceCode":"62","region":"kalimantan"},"geometry":{"type":"Polygon","coordinates":[[[111.9684,-1.55321,0.0,null],[111.96893,-1.5513,0.0,null],[111.97171,-1.54894,0.0,null],[111.97263,-1.54775,0.0,null],[111.97264,-1.5468,0.0,null],[111.97491,-1.54463,0.0,null],[111.97646,-1.54215,0.0,null],[111.97726,-1.53726,0.0,null],[111.97698,-1.53196,0.0,null],[111.98017,-1.5286,0.0,null],[111.97588,-1.52264,0.0,null],[111.97558,-1.5179,0.0,null],[111.97633,-1.51616,0.0,null],[111.9731,-1.51508,0.0,null],[111.97305,-1.51227,0.0,null],[111.97496,-1.50817,0.0,null],[111.97771,-1.50562,0.0,null],[111.97971,-1.50112,0.0,null],[111.97945,-1.49765,0.0,null],[111.97852,-1.49525,0.0,null],[111.97622,-1.49216,0.0,null],[111.97148,-1.48814,0.0,null],[111.96852,-1.48215,0.0,null],[111.96974,-1.47585,0.0,null],[111.96948,-1.47365,0.0,null],[111.96593,-1.46909,0.0,null],[111.96478,-1.46461,0.0,null],[111.96539,-1.46112,0.0,null],[111.97073,-1.45481,0.0,null],[111.97139,-1.45217,0.0,null],[111.96813,-1.44278,0.0,null],[111.96495,-1.42917,0.0,null],[111.96284,-1.41717,0.0,null],[111.95738,-1.40311,0.0,null],[111.95203,-1.39656,0.0,null],[111.94501,-1.39112,0.0,null],[111.94458,-1.38731,0.0,null],[111.94626,-1.3792,0.0,null],[111.94678,-1.37272,0.0,null],[111.87967,-1.41803,0.0,null],[111.88586,-1.42793,0.0,null],[111.88892,-1.43522,0.0,null],[111.89158,-1.4397,0.0,null],[111.89632,-1.44985,0.0,null],[111.89827,-1.45637,0.0,null],[111.90268,-1.467,0.0,null],[111.90374,-1.47464,0.0,null],[111.9059,-1.484,0.0,null],[111.90572,-1.48774,0.0,null],[111.90436,-1.49362,0.0,null],[111.90519,-1.50511,0.0,null],[111.90517,-1.51505,0.0,null],[111.90719,-1.53365,0.0,null],[111.90709,-1.54058,0.0,null],[111.9091,-1.55497,0.0,null],[111.91173,-1.56044,0.0,null],[111.91295,-1.57327,0.0,null],[111.91378,-1.57684,0.0,null],[111.91191,-1.57907,0.0,null],[111.90869,-1.58008,0.0,null],[111.90655,-1.58428,0.0,null],[111.90418,-1.58637,0.0,null],[111.89973,-1.58634,0.0,null],[111.89565,-1.58832,0.0,null],[111.88783,-1.58921,0.0,null],[111.88615,-1.59019,0.0,null],[111.88476,-1.59215,0.0,null],[111.88029,-1.59443,0.0,null],[111.87713,-1.59917,0.0,null],[111.87478,-1.60084,0.0,null],[111.87019,-1.60296,0.0,null],[111.8611,-1.60459,0.0,null],[111.85706,-1.6074,0.0,null],[111.84567,-1.61364,0.0,null],[111.83672,-1.61778,0.0,null],[111.88319,-1.75111,0.0,null],[111.91022,-1.78215,0.0,null],[111.95121,-1.78339,0.0,null],[111.99507,-1.78188,0.0,null],[111.99371,-1.77765,0.0,null],[111.9931,-1.7725,0.0,null],[111.98528,-1.76036,0.0,null],[111.98371,-1.75305,0.0,null],[111.98178,-1.7505,0.0,null],[111.97924,-1.74898,0.0,null],[111.97713,-1.74809,0.0,null],[111.97524,-1.74804,0.0,null],[111.97227,-1.74651,0.0,null],[111.96923,-1.74161,0.0,null],[111.96875,-1.73907,0.0,null],[111.96723,-1.73735,0.0,null],[111.96468,-1.73581,0.0,null],[111.96336,-1.73388,0.0,null],[111.96309,-1.72434,0.0,null],[111.9725,-1.72414,0.0,null],[111.9735,-1.7231,0.0,null],[111.97396,-1.71371,0.0,null],[111.97124,-1.70934,0.0,null],[111.97594,-1.70547,0.0,null],[111.97671,-1.70309,0.0,null],[111.9763,-1.70157,0.0,null],[111.97521,-1.70047,0.0,null],[111.97057,-1.69823,0.0,null],[111.96931,-1.69562,0.0,null],[111.96554,-1.69403,0.0,null],[111.96201,-1.69137,0.0,null],[111.96259,-1.68815,0.0,null],[111.96175,-1.68662,0.0,null],[111.95798,-1.68481,0.0,null],[111.95602,-1.68261,0.0,null],[111.95675,-1.68134,0.0,null],[111.96031,-1.68142,0.0,null],[111.96165,-1.6808,0.0,null],[111.96191,-1.67823,0.0,null],[111.96478,-1.67377,0.0,null],[111.96564,-1.6712,0.0,null],[111.96564,-1.66755,0.0,null],[111.96344,-1.66062,0.0,null],[111.96104,-1.6567,0.0,null],[111.96048,-1.65411,0.0,null],[111.95611,-1.64821,0.0,null],[111.95583,-1.64132,0.0,null],[111.95187,-1.63543,0.0,null],[111.95176,-1.62617,0.0,null],[111.9528,-1.62297,0.0,null],[111.95296,-1.61738,0.0,null],[111.95722,-1.61124,0.0,null],[111.96044,-1.60873,0.0,null],[111.96343,-1.60493,0.0,null],[111.9681,-1.59341,0.0,null],[111.9684,-1.58889,0.0,null],[111.96624,-1.58517,0.0,null],[111.9636,-1.58287,0.0,null],[111.96377,-1.58194,0.0,null],[111.9629,-1.5808,0.0,null],[111.9631,-1.57872,0.0,null],[111.96747,-1.57648,0.0,null],[111.97179,-1.57136,0.0,null],[111.97081,-1.56065,0.0,null],[111.9697,-1.55911,0.0,null],[111.96929,-1.55445,0.0,null],[111.9684,-1.55321,0.0,null]]]}},{"type":"Feature","properties":{"inventoryId":"big-forestry-ha:15","sector":"PBPH","subtype":"IUPHHK-HA","quality":"OFFICIAL","sourceDataset":"big-forestry-ha","sourceRecordId":"15","source":"BIG Kebijakan Satu Peta","sourceUrl":"https://kspservices.big.go.id/satupeta/rest/services/PUBLIK/PERIZINAN_DAN_PERTANAHAN/MapServer/1","retrievedAt":"2026-08-24T04:32:16Z","geometryProcessing":"web display simplification tolerance 0.00035 degrees","name":"PT CIVIKA WANA LESTARI","permitNumber":"SK.843/Kpts-VI/1999","permitDate":"1999-10-07","areaHa":53000.0,"provinceCode":"65","region":"kalimantan"},"geometry":{"type":"Polygon","coordinates":[[[116.00746,2.61224,0.0,null],[115.98907,2.59336,0.0,null],[115.95566,2.57013,0.0,null],[115.94043,2.55508,0.0,null],[115.93533,2.54321,0.0,null],[115.9338,2.53013,0.0,null],[115.93452,2.52564,0.0,null],[115.93662,2.52163,0.0,null],[115.93682,2.51982,0.0,null],[115.93793,2.51839,0.0,null],[115.93604,2.51728,0.0,null],[115.93558,2.51492,0.0,null],[115.93817,2.51343,0.0,null],[115.94052,2.51064,0.0,null],[115.94123,2.50877,0.0,null],[115.94102,2.50652,0.0,null],[115.94405,2.5033,0.0,null],[115.94769,2.50185,0.0,null],[115.94989,2.50002,0.0,null],[115.95242,2.49991,0.0,null],[115.95429,2.49739,0.0,null],[115.9651,2.49208,0.0,null],[115.96794,2.49214,0.0,null],[115.97141,2.49353,0.0,null],[115.97318,2.49359,0.0,null],[115.97521,2.49563,0.0,null],[115.97795,2.49686,0.0,null],[115.99101,2.49734,0.0,null],[115.99577,2.50029,0.0,null],[116.00123,2.50094,0.0,null],[116.0079,2.50024,0.0,null],[116.01006,2.50199,0.0,null],[116.0228,2.47536,0.0,null],[116.10387,2.45217,0.0,null],[116.10896,2.45564,0.0,null],[116.13976,2.4603,0.0,null],[116.19187,2.4781,0.0,null],[116.2226,2.50396,0.0,null],[116.29826,2.52543,0.0,null],[116.32352,2.53052,0.0,null],[116.3587,2.64149,0.0,null],[116.32143,2.67296,0.0,null],[116.3042,2.66887,0.0,null],[116.29186,2.6675,0.0,null],[116.26253,2.6618,0.0,null],[116.22988,2.65674,0.0,null],[116.22146,2.65652,0.0,null],[116.21234,2.65339,0.0,null],[116.20499,2.64995,0.0,null],[116.19653,2.64867,0.0,null],[116.19012,2.64704,0.0,null],[116.17888,2.64295,0.0,null],[116.16655,2.63993,0.0,null],[116.15176,2.63654,0.0,null],[116.14301,2.63523,0.0,null],[116.12322,2.63375,0.0,null],[116.11736,2.6327,0.0,null],[116.07645,2.62214,0.0,null],[116.04932,2.61615,0.0,null],[116.03876,2.61451,0.0,null],[116.00936,2.6129,0.0,null],[116.00746,2.61224,0.0,null]]]}},{"type":"Feature","properties":{"inventoryId":"big-forestry-ha:103","sector":"PBPH","subtype":"IUPHHK-HA","quality":"OFFICIAL","sourceDataset":"big-forestry-ha","sourceRecordId":"103","source":"BIG Kebijakan Satu Peta","sourceUrl":"https://kspservices.big.go.id/satupeta/rest/services/PUBLIK/PERIZINAN_DAN_PERTANAHAN/MapServer/1","retrievedAt":"2026-08-24T04:32:16Z","geometryProcessing":"web display simplification tolerance 0.00035 degrees","name":"PT DAISY TIMBER","permitNumber":"SK.928/Menhut-II/2013","permitDate":"2013-12-17","areaHa":30170.0,"provinceCode":"64","region":"kalimantan"},"geometry":{"type":"Polygon","coordinates":[[[118.63739,1.28302,0.0,null],[118.62668,1.2792,0.0,null],[118.62094,1.27451,0.0,null],[118.61649,1.26878,0.0,null],[118.61185,1.2606,0.0,null],[118.60858,1.25169,0.0,null],[118.60403,1.24824,0.0,null],[118.59958,1.24624,0.0,null],[118.59376,1.24624,0.0,null],[118.58421,1.24787,0.0,null],[118.56817,1.22403,0.0,null],[118.58363,1.19757,0.0,null],[118.59258,1.171,0.0,null],[118.59761,1.14164,0.0,null],[118.59789,1.12542,0.0,null],[118.59593,1.11396,0.0,null],[118.60544,1.10473,0.0,null],[118.67507,1.09886,0.0,null],[118.72261,1.09578,0.0,null],[118.7324,1.09774,0.0,null],[118.74694,1.10557,0.0,null],[118.75616,1.10585,0.0,null],[118.76595,1.09494,0.0,null],[118.75924,1.0832,0.0,null],[118.75281,1.05999,0.0,null],[118.75337,1.05439,0.0,null],[118.77705,0.98669,0.0,null],[118.79869,0.99148,0.0,null],[118.80924,0.99466,0.0,null],[118.82063,1.00134,0.0,null],[118.80486,1.01589,0.0,null],[118.798,1.03239,0.0,null],[118.78876,1.05795,0.0,null],[118.7952,1.07308,0.0,null],[118.79184,1.08282,0.0,null],[118.78984,1.08667,0.0,null],[118.79023,1.08747,0.0,null],[118.78618,1.09968,0.0,null],[118.76878,1.11084,0.0,null],[118.73343,1.11798,0.0,null],[118.7075,1.13475,0.0,null],[118.70863,1.15291,0.0,null],[118.72768,1.17776,0.0,null],[118.72762,1.18612,0.0,null],[118.72863,1.19443,0.0,null],[118.7259,1.20183,0.0,null],[118.72169,1.20026,0.0,null],[118.71652,1.21375,0.0,null],[118.69372,1.23227,0.0,null],[118.67469,1.24236,0.0,null],[118.65251,1.26297,0.0,null],[118.65578,1.26623,0.0,null],[118.63739,1.28302,0.0,null]]]}},{"type":"Feature","properties":{"inventoryId":"big-forestry-ha:113","sector":"PBPH","subtype":"IUPHHK-HA","quality":"OFFICIAL","sourceDataset":"big-forestry-ha","sourceRecordId":"113","source":"BIG Kebijakan Satu Peta","sourceUrl":"https://kspservices.big.go.id/satupeta/rest/services/PUBLIK/PERIZINAN_DAN_PERTANAHAN/MapServer/1","retrievedAt":"2026-08-24T04:32:16Z","geometryProcessing":"web display simplification tolerance 0.00035 degrees","name":"PT DASA INTIGA","permitNumber":"SK.475/Menhut-II/2010","permitDate":"2010-08-20","areaHa":128030.0,"provinceCode":"62","region":"kalimantan"},"geometry":{"type":"Polygon","coordinates":[[[114.51262,-0.91228,0.0,null],[114.50729,-0.90423,0.0,null],[114.50142,-0.90109,0.0,null],[114.48242,-0.88857,0.0,null],[114.46738,-0.88393,0.0,null],[114.45722,-0.88848,0.0,null],[114.42921,-0.89762,0.0,null],[114.40841,-0.9159,0.0,null],[114.39815,-0.93375,0.0,null],[114.39439,-0.94698,0.0,null],[114.3578,-1.01804,0.0,null],[114.34813,-1.05212,0.0,null],[114.33918,-1.07449,0.0,null],[114.32408,-1.10553,0.0,null],[114.332,-1.10405,0.0,null],[114.34088,-1.12291,0.0,null],[114.33188,-1.13561,0.0,null],[114.30128,-1.13865,0.0,null],[114.26361,-1.17985,0.0,null],[114.2717,-1.19004,0.0,null],[114.32005,-1.18604,0.0,null],[114.34499,-1.13988,0.0,null],[114.36857,-1.1268,0.0,null],[114.38466,-1.14768,0.0,null],[114.38031,-1.16418,0.0,null],[114.35791,-1.17865,0.0,null],[114.39812,-1.28088,0.0,null],[114.42071,-1.40151,0.0,null],[114.43223,-1.43915,0.0,null],[114.45633,-1.43965,0.0,null],[114.47169,-1.51341,0.0,null],[114.53994,-1.53334,0.0,null],[114.54132,-1.5342,0.0,null],[114.5415,-1.53471,0.0,null],[114.53995,-1.53521,0.0,null],[114.5395,-1.53589,0.0,null],[114.54041,-1.53614,0.0,null],[114.54053,-1.53811,0.0,null],[114.53941,-1.53937,0.0,null],[114.5382,-1.53938,0.0,null],[114.53813,-1.54021,0.0,null],[114.53711,-1.54021,0.0,null],[114.53701,-1.54148,0.0,null],[114.53535,-1.54224,0.0,null],[114.53601,-1.543,0.0,null],[114.53582,-1.5444,0.0,null],[114.534,-1.54472,0.0,null],[114.53383,-1.54574,0.0,null],[114.53245,-1.54507,0.0,null],[114.53144,-1.54802,0.0,null],[114.53021,-1.54929,0.0,null],[114.53124,-1.55136,0.0,null],[114.5303,-1.55271,0.0,null],[114.52897,-1.55248,0.0,null],[114.52944,-1.55512,0.0,null],[114.52788,-1.55555,0.0,null],[114.52661,-1.55743,0.0,null],[114.52517,-1.5568,0.0,null],[114.52514,-1.55868,0.0,null],[114.52393,-1.56018,0.0,null],[114.52152,-1.56061,0.0,null],[114.52235,-1.558,0.0,null],[114.52193,-1.55627,0.0,null],[114.51986,-1.55546,0.0,null],[114.51827,-1.55688,0.0,null],[114.51675,-1.55958,0.0,null],[114.51631,-1.56365,0.0,null],[114.51442,-1.56858,0.0,null],[114.59519,-1.56635,0.0,null],[114.59756,-1.48419,0.0,null],[114.63235,-1.28473,0.0,null],[114.63065,-1.26953,0.0,null],[114.62165,-1.25293,0.0,null],[114.61025,-1.24063,0.0,null],[114.58805,-1.21913,0.0,null],[114.55765,-1.18233,0.0,null],[114.54484,-1.1067,0.0,null],[114.53444,-1.10889,0.0,null],[114.53834,-1.07306,0.0,null],[114.5317,-1.07359,0.0,null],[114.52998,-1.07758,0.0,null],[114.53226,-1.08194,0.0,null],[114.53184,-1.08515,0.0,null],[114.52862,-1.08658,0.0,null],[114.5257,-1.08936,0.0,null],[114.52684,-1.09379,0.0,null],[114.52306,-1.10071,0.0,null],[114.4788,-1.10021,0.0,null],[114.47387,-1.10416,0.0,null],[114.46945,-1.10557,0.0,null],[114.46909,-1.10828,0.0,null],[114.46602,-1.11006,0.0,null],[114.46573,-1.11178,0.0,null],[114.46252,-1.11727,0.0,null],[114.46125,-1.11746,0.0,null],[114.46259,-1.12078,0.0,null],[114.46671,-1.12341,0.0,null],[114.46963,-1.1273,0.0,null],[114.47076,-1.13156,0.0,null],[114.47019,-1.13593,0.0,null],[114.46796,-1.13994,0.0,null],[114.46501,-1.14275,0.0,null],[114.46197,-1.14453,0.0,null],[114.45732,-1.14596,0.0,null],[114.45442,-1.14634,0.0,null],[114.45151,-1.14595,0.0,null],[114.44847,-1.14467,0.0,null],[114.44584,-1.14255,0.0,null],[114.41222,-1.1443,0.0,null],[114.40584,-1.11577,0.0,null],[114.40713,-1.11306,0.0,null],[114.38785,-1.10014,0.0,null],[114.36953,-1.10371,0.0,null],[114.36423,-1.10528,0.0,null],[114.35952,-1.10774,0.0,null],[114.34402,-1.12391,0.0,null],[114.34174,-1.0853,0.0,null],[114.34488,-1.08287,0.0,null],[114.35876,-1.08189,0.0,null],[114.36005,-1.07168,0.0,null],[114.37076,-1.05811,0.0,null],[114.37327,-1.05841,0.0,null],[114.37392,-1.05974,0.0,null],[114.37706,-1.06291,0.0,null],[114.37747,-1.06849,0.0,null],[114.37561,-1.07525,0.0,null],[114.37671,-1.07644,0.0,null],[114.37904,-1.07624,0.0,null],[114.38175,-1.07334,0.0,null],[114.38396,-1.07485,0.0,null],[114.38395,-1.07977,0.0,null],[114.38756,-1.08729,0.0,null],[114.39198,-1.08944,0.0,null],[114.40517,-1.09177,0.0,null],[114.40925,-1.088,0.0,null],[114.40385,-1.08331,0.0,null],[114.40132,-1.08338,0.0,null],[114.39929,-1.07691,0.0,null],[114.40063,-1.07568,0.0,null],[114.40195,-1.07568,0.0,null],[114.40665,-1.07757,0.0,null],[114.40849,-1.07531,0.0,null],[114.40797,-1.07013,0.0,null],[114.40953,-1.06728,0.0,null],[114.40946,-1.06526,0.0,null],[114.41622,-1.06501,0.0,null],[114.45624,-1.08502,0.0,null],[114.45814,-1.08275,0.0,null],[114.45845,-1.07757,0.0,null],[114.45978,-1.07473,0.0,null],[114.46306,-1.07706,0.0,null],[114.46609,-1.0758,0.0,null],[114.46805,-1.07586,0.0,null],[114.46969,-1.07675,0.0,null],[114.47367,-1.07637,0.0,null],[114.47758,-1.07391,0.0,null],[114.47884,-1.07094,0.0,null],[114.48017,-1.07006,0.0,null],[114.47992,-1.06741,0.0,null],[114.48478,-1.06482,0.0,null],[114.48515,-1.06318,0.0,null],[114.48036,-1.06034,0.0,null],[114.48042,-1.05762,0.0,null],[114.48212,-1.05465,0.0,null],[114.43535,-1.03464,0.0,null],[114.43058,-1.03884,0.0,null],[114.42332,-1.03613,0.0,null],[114.42518,-1.03231,0.0,null],[114.42419,-1.03097,0.0,null],[114.4209,-1.03243,0.0,null],[114.41799,-1.03282,0.0,null],[114.41026,-1.0311,0.0,null],[114.40612,-1.0281,0.0,null],[114.40365,-1.0236,0.0,null],[114.40305,-1.01997,0.0,null],[114.40391,-1.01565,0.0,null],[114.40639,-1.01003,0.0,null],[114.41074,-1.00516,0.0,null],[114.41407,-1.00364,0.0,null],[114.41897,-1.00333,0.0,null],[114.42286,-1.00432,0.0,null],[114.42703,-1.00685,0.0,null],[114.42847,-0.93173,0.0,null],[114.43119,-0.93016,0.0,null],[114.43088,-0.92879,0.0,null],[114.43265,-0.9276,0.0,null],[114.433,-0.92588,0.0,null],[114.43604,-0.92703,0.0,null],[114.43746,-0.9261,0.0,null],[114.43758,-0.92524,0.0,null],[114.4358,-0.92407,0.0,null],[114.43548,-0.92284,0.0,null],[114.43981,-0.92338,0.0,null],[114.4404,-0.92268,0.0,null],[114.44349,-0.92485,0.0,null],[114.44537,-0.92462,0.0,null],[114.45091,-0.92639,0.0,null],[114.45183,-0.92559,0.0,null],[114.45263,-0.92593,0.0,null],[114.45412,-0.92554,0.0,null],[114.45545,-0.92685,0.0,null],[114.45601,-0.92864,0.0,null],[114.4568,-0.92861,0.0,null],[114.45708,-0.92942,0.0,null],[114.48661,-0.92765,0.0,null],[114.49031,-0.93187,0.0,null],[114.49117,-0.93359,0.0,null],[114.49214,-0.9381,0.0,null],[114.49214,-0.94176,0.0,null],[114.49328,-0.94227,0.0,null],[114.49409,-0.94364,0.0,null],[114.49249,-0.94518,0.0,null],[114.49201,-0.94719,0.0,null],[114.49534,-0.94969,0.0,null],[114.49472,-0.95093,0.0,null],[114.49369,-0.95117,0.0,null],[114.49015,-0.95494,0.0,null],[114.49009,-0.96631,0.0,null],[114.489,-0.97162,0.0,null],[114.49269,-0.97141,0.0,null],[114.49409,-0.97293,0.0,null],[114.4918,-0.97556,0.0,null],[114.49085,-0.97823,0.0,null],[114.48833,-0.98205,0.0,null],[114.48928,-0.98538,0.0,null],[114.49062,-0.98675,0.0,null],[114.49049,-0.98966,0.0,null],[114.48567,-0.99533,0.0,null],[114.47927,-0.99951,0.0,null],[114.47507,-1.00398,0.0,null],[114.47474,-1.00644,0.0,null],[114.47537,-1.00726,0.0,null],[114.47541,-1.00969,0.0,null],[114.47335,-1.0127,0.0,null],[114.48002,-1.01493,0.0,null],[114.48704,-1.02095,0.0,null],[114.49118,-1.02225,0.0,null],[114.49586,-1.02482,0.0,null],[114.49807,-1.02493,0.0,null],[114.49933,-1.02605,0.0,null],[114.5054,-1.02566,0.0,null],[114.50574,-1.02631,0.0,null],[114.50532,-1.02759,0.0,null],[114.50585,-1.02803,0.0,null],[114.50764,-1.02801,0.0,null],[114.50978,-1.02705,0.0,null],[114.5116,-1.02933,0.0,null],[114.51246,-1.02903,0.0,null],[114.51362,-1.02741,0.0,null],[114.51485,-1.02736,0.0,null],[114.5161,-1.02627,0.0,null],[114.51718,-1.0236,0.0,null],[114.51882,-1.02285,0.0,null],[114.51885,-1.02102,0.0,null],[114.5195,-1.02006,0.0,null],[114.52055,-1.01971,0.0,null],[114.52185,-1.02062,0.0,null],[114.52296,-1.02054,0.0,null],[114.52416,-1.01839,0.0,null],[114.5255,-1.01732,0.0,null],[114.52636,-1.01887,0.0,null],[114.52835,-1.01972,0.0,null],[114.5289,-1.01935,0.0,null],[114.52837,-1.01801,0.0,null],[114.53049,-1.01775,0.0,null],[114.53185,-1.01969,0.0,null],[114.5318,-1.02202,0.0,null],[114.53294,-1.02207,0.0,null],[114.53051,-0.95777,0.0,null],[114.52461,-0.93184,0.0,null],[114.51262,-0.91228,0.0,null]]]}},{"type":"Feature","properties":{"inventoryId":"big-forestry-ha:124","sector":"PBPH","subtype":"IUPHHK-HA","quality":"OFFICIAL","sourceDataset":"big-forestry-ha","sourceRecordId":"124","source":"BIG Kebijakan Satu Peta","sourceUrl":"https://kspservices.big.go.id/satupeta/rest/services/PUBLIK/PERIZINAN_DAN_PERTANAHAN/MapServer/1","retrievedAt":"2026-08-24T04:32:16Z","geometryProcessing":"web display simplification tolerance 0.00035 degrees","name":"PT DAYA MAJU LESTARI (DH.PTMARIMUN TIMBER IDS)","permitNumber":"SK.96/Menhut-II/2012","permitDate":"2012-02-07","areaHa":73625.0,"provinceCode":"64","region":"kalimantan"},"geometry":{"type":"MultiPolygon","coordinates":[[[[115.45577,0.61651,0.0,null],[115.49062,0.57253,0.0,null],[115.50283,0.5677,0.0,null],[115.51561,0.56669,0.0,null],[115.5118,0.5834,0.0,null],[115.50931,0.60051,0.0,null],[115.50834,0.61656,0.0,null],[115.51038,0.6425,0.0,null],[115.5071,0.64577,0.0,null],[115.50091,0.64488,0.0,null],[115.46975,0.64569,0.0,null],[115.45931,0.65189,0.0,null],[115.45337,0.66455,0.0,null],[115.43838,0.6643,0.0,null],[115.42339,0.66895,0.0,null],[115.41486,0.68316,0.0,null],[115.40653,0.69049,0.0,null],[115.40298,0.69634,0.0,null],[115.40097,0.70664,0.0,null],[115.40045,0.71583,0.0,null],[115.43988,0.74508,0.0,null],[115.442,0.74506,0.0,null],[115.45145,0.77123,0.0,null],[115.24351,0.88012,0.0,null],[115.23424,0.88575,0.0,null],[115.21667,0.84776,0.0,null],[115.22494,0.84466,0.0,null],[115.2345,0.83613,0.0,null],[115.24974,0.80642,0.0,null],[115.25555,0.77308,0.0,null],[115.22715,0.73823,0.0,null],[115.30322,0.74378,0.0,null],[115.27882,0.71175,0.0,null],[115.29453,0.7024,0.0,null],[115.31559,0.68431,0.0,null],[115.34383,0.66935,0.0,null],[115.34875,0.6546,0.0,null],[115.36997,0.67066,0.0,null],[115.38496,0.66943,0.0,null],[115.38649,0.6613,0.0,null],[115.45306,0.61993,0.0,null],[115.45577,0.61651,0.0,null]]],[[[116.04819,-0.05259,0.0,null],[116.0476,-0.04286,0.0,null],[116.00951,-0.01596,0.0,null],[116.00829,-0.01544,0.0,null],[115.9952,-0.01528,0.0,null],[115.99356,-0.01574,0.0,null],[115.96577,-0.04899,0.0,null],[115.94844,-0.07075,0.0,null],[115.94897,-0.07099,0.0,null],[115.91877,-0.10784,0.0,null],[115.89679,-0.09797,0.0,null],[115.85725,-0.07882,0.0,null],[115.8336,-0.1039,0.0,null],[115.83369,-0.10762,0.0,null],[115.85344,-0.13575,0.0,null],[115.87332,-0.11533,0.0,null],[116.0178,-0.17942,0.0,null],[116.01822,-0.1827,0.0,null],[116.01709,-0.19137,0.0,null],[116.02032,-0.19874,0.0,null],[116.0202,-0.20172,0.0,null],[116.01788,-0.20825,0.0,null],[116.01373,-0.21538,0.0,null],[116.0137,-0.21705,0.0,null],[116.01502,-0.22063,0.0,null],[116.01384,-0.22462,0.0,null],[116.0138,-0.22761,0.0,null],[116.01159,-0.23296,0.0,null],[116.01141,-0.23458,0.0,null],[116.02368,-0.22948,0.0,null],[116.03503,-0.22248,0.0,null],[116.04597,-0.21482,0.0,null],[116.06082,-0.19549,0.0,null],[116.06773,-0.18462,0.0,null],[116.09569,-0.15595,0.0,null],[116.10475,-0.14515,0.0,null],[116.12021,-0.12184,0.0,null],[116.1282,-0.11414,0.0,null],[116.13649,-0.1133,0.0,null],[116.1377,-0.11215,0.0,null],[116.13676,-0.10991,0.0,null],[116.13474,-0.10808,0.0,null],[116.13413,-0.10631,0.0,null],[116.1313,-0.10509,0.0,null],[116.13096,-0.10435,0.0,null],[116.12894,-0.10312,0.0,null],[116.12827,-0.1015,0.0,null],[116.12759,-0.1017,0.0,null],[116.12476,-0.10027,0.0,null],[116.12443,-0.09953,0.0,null],[116.12241,-0.09919,0.0,null],[116.11977,-0.09729,0.0,null],[116.11749,-0.09266,0.0,null],[116.11634,-0.09172,0.0,null],[116.11594,-0.09057,0.0,null],[116.11506,-0.09023,0.0,null],[116.11277,-0.0848,0.0,null],[116.11068,-0.08358,0.0,null],[116.10994,-0.08189,0.0,null],[116.10879,-0.081,0.0,null],[116.10886,-0.07999,0.0,null],[116.10738,-0.0791,0.0,null],[116.10455,-0.07965,0.0,null],[116.10367,-0.07924,0.0,null],[116.10293,-0.07768,0.0,null],[116.10293,-0.07619,0.0,null],[116.10225,-0.07594,0.0,null],[116.10172,-0.07415,0.0,null],[116.1001,-0.07259,0.0,null],[116.09908,-0.07008,0.0,null],[116.09969,-0.06947,0.0,null],[116.09949,-0.06872,0.0,null],[116.09794,-0.0677,0.0,null],[116.09801,-0.06675,0.0,null],[116.09551,-0.06689,0.0,null],[116.09296,-0.06777,0.0,null],[116.08655,-0.06404,0.0,null],[116.0854,-0.06479,0.0,null],[116.08459,-0.06438,0.0,null],[116.0819,-0.06526,0.0,null],[116.08069,-0.06601,0.0,null],[116.07914,-0.06859,0.0,null],[116.07766,-0.06845,0.0,null],[116.07624,-0.06371,0.0,null],[116.07498,-0.06176,0.0,null],[116.07294,-0.06148,0.0,null],[116.07023,-0.06223,0.0,null],[116.06744,-0.06217,0.0,null],[116.06583,-0.06107,0.0,null],[116.061,-0.06121,0.0,null],[116.0573,-0.05842,0.0,null],[116.05509,-0.05457,0.0,null],[116.0527,-0.05192,0.0,null],[116.05048,-0.05187,0.0,null],[116.04819,-0.05259,0.0,null]]]]}},{"type":"Feature","properties":{"inventoryId":"big-forestry-ha:96","sector":"PBPH","subtype":"IUPHHK-HA","quality":"OFFICIAL","sourceDataset":"big-forestry-ha","sourceRecordId":"96","source":"BIG Kebijakan Satu Peta","sourceUrl":"https://kspservices.big.go.id/satupeta/rest/services/PUBLIK/PERIZINAN_DAN_PERTANAHAN/MapServer/1","retrievedAt":"2026-08-24T04:32:16Z","geometryProcessing":"web display simplification tolerance 0.00035 degrees","name":"PT DEWATA WANATAMA LESTARI (DH.PT DHARMA PUTERA)","permitNumber":"SK.390/Menhut-II/2012","permitDate":"2012-07-23","areaHa":59805.0,"provinceCode":"64","region":"kalimantan"},"geometry":{"type":"Polygon","coordinates":[[[115.48529,1.12939,0.0,null],[115.48301,1.13725,0.0,null],[115.48572,1.14855,0.0,null],[115.48486,1.1657,0.0,null],[115.47925,1.17429,0.0,null],[115.47857,1.17727,0.0,null],[115.47772,1.18328,0.0,null],[115.47843,1.19285,0.0,null],[115.47682,1.20791,0.0,null],[115.46598,1.21432,0.0,null],[115.46155,1.21432,0.0,null],[115.45244,1.21727,0.0,null],[115.44554,1.21752,0.0,null],[115.43963,1.219,0.0,null],[115.42581,1.21802,0.0,null],[115.42444,1.22192,0.0,null],[115.42554,1.21853,0.0,null],[115.39784,1.22131,0.0,null],[115.38085,1.2156,0.0,null],[115.36936,1.20639,0.0,null],[115.35608,1.18947,0.0,null],[115.34052,1.17548,0.0,null],[115.32767,1.17027,0.0,null],[115.30718,1.16866,0.0,null],[115.28691,1.16342,0.0,null],[115.26821,1.15514,0.0,null],[115.25536,1.14893,0.0,null],[115.24008,1.13822,0.0,null],[115.22338,1.12344,0.0,null],[115.23123,0.93009,0.0,null],[115.24089,0.92501,0.0,null],[115.24204,0.92127,0.0,null],[115.24199,0.91519,0.0,null],[115.24008,0.90709,0.0,null],[115.24105,0.90207,0.0,null],[115.24133,0.895,0.0,null],[115.24492,0.88294,0.0,null],[115.24351,0.88012,0.0,null],[115.31766,0.84129,0.0,null],[115.31932,0.84702,0.0,null],[115.31957,0.85276,0.0,null],[115.32264,0.87383,0.0,null],[115.32474,0.88454,0.0,null],[115.32221,0.88727,0.0,null],[115.3122,0.93215,0.0,null],[115.31821,0.97245,0.0,null],[115.35865,1.03134,0.0,null],[115.40741,1.07346,0.0,null],[115.42083,1.08437,0.0,null],[115.48529,1.12939,0.0,null]]]}},{"type":"Feature","properties":{"inventoryId":"big-forestry-ha:40","sector":"PBPH","subtype":"IUPHHK-HA","quality":"OFFICIAL","sourceDataset":"big-forestry-ha","sourceRecordId":"40","source":"BIG Kebijakan Satu Peta","sourceUrl":"https://kspservices.big.go.id/satupeta/rest/services/PUBLIK/PERIZINAN_DAN_PERTANAHAN/MapServer/1","retrievedAt":"2026-08-24T04:32:16Z","geometryProcessing":"web display simplification tolerance 0.00035 degrees","name":"PT DUAJA CORP. II","permitNumber":"SK.90/Kpts-II/2001","permitDate":"2001-03-15","areaHa":74860.0,"provinceCode":"61","region":"kalimantan"},"geometry":{"type":"Polygon","coordinates":[[[110.7571,-0.62979,0.0,null],[110.70327,-0.6294,0.0,null],[110.71409,-0.67802,0.0,null],[110.72898,-0.71746,0.0,null],[110.73648,-0.73476,0.0,null],[110.74673,-0.75172,0.0,null],[110.76617,-0.77808,0.0,null],[110.78213,-0.79628,0.0,null],[110.55382,-0.79751,0.0,null],[110.55264,-0.79844,0.0,null],[110.55184,-0.8035,0.0,null],[110.55264,-0.81122,0.0,null],[110.5553,-0.81628,0.0,null],[110.55863,-0.81868,0.0,null],[110.56268,-0.81956,0.0,null],[110.57318,-0.81916,0.0,null],[110.58588,-0.81636,0.0,null],[110.58949,-0.81692,0.0,null],[110.59219,-0.81925,0.0,null],[110.59286,-0.8215,0.0,null],[110.59277,-0.82398,0.0,null],[110.59088,-0.82616,0.0,null],[110.58678,-0.82856,0.0,null],[110.58068,-0.82996,0.0,null],[110.57498,-0.83056,0.0,null],[110.56515,-0.82986,0.0,null],[110.56156,-0.83093,0.0,null],[110.55677,-0.83412,0.0,null],[110.55424,-0.83745,0.0,null],[110.55304,-0.84011,0.0,null],[110.54758,-0.86674,0.0,null],[110.54785,-0.86807,0.0,null],[110.54891,-0.869,0.0,null],[110.55091,-0.86953,0.0,null],[110.5597,-0.86753,0.0,null],[110.56409,-0.8674,0.0,null],[110.56648,-0.86793,0.0,null],[110.56955,-0.87073,0.0,null],[110.56955,-0.87339,0.0,null],[110.56853,-0.87606,0.0,null],[110.56678,-0.87846,0.0,null],[110.56299,-0.88088,0.0,null],[110.55439,-0.88284,0.0,null],[110.55056,-0.88565,0.0,null],[110.54391,-0.89263,0.0,null],[110.53709,-0.89689,0.0,null],[110.53218,-0.90096,0.0,null],[110.52636,-0.9118,0.0,null],[110.52551,-0.91436,0.0,null],[110.52576,-0.91862,0.0,null],[110.52789,-0.91981,0.0,null],[110.53454,-0.91828,0.0,null],[110.54042,-0.9153,0.0,null],[110.54357,-0.91513,0.0,null],[110.5457,-0.91598,0.0,null],[110.54732,-0.91836,0.0,null],[110.54766,-0.92083,0.0,null],[110.54723,-0.92305,0.0,null],[110.54595,-0.92518,0.0,null],[110.64973,-0.92552,0.0,null],[110.67896,-0.93256,0.0,null],[110.67949,-0.93065,0.0,null],[110.69003,-0.91487,0.0,null],[110.69443,-0.90188,0.0,null],[110.69541,-0.88849,0.0,null],[110.69307,-0.88566,0.0,null],[110.68902,-0.88373,0.0,null],[110.68072,-0.88257,0.0,null],[110.67859,-0.88044,0.0,null],[110.67763,-0.87793,0.0,null],[110.6802,-0.87343,0.0,null],[110.68475,-0.86868,0.0,null],[110.68815,-0.86606,0.0,null],[110.69232,-0.86343,0.0,null],[110.69804,-0.86127,0.0,null],[110.70514,-0.86081,0.0,null],[110.72136,-0.86729,0.0,null],[110.73341,-0.86544,0.0,null],[110.74005,-0.86621,0.0,null],[110.75488,-0.87116,0.0,null],[110.75859,-0.87116,0.0,null],[110.76631,-0.86868,0.0,null],[110.77126,-0.86791,0.0,null],[110.78253,-0.86992,0.0,null],[110.78533,-0.86918,0.0,null],[110.79856,-0.86917,0.0,null],[110.80304,-0.86832,0.0,null],[110.81809,-0.86707,0.0,null],[110.82201,-0.86989,0.0,null],[110.82561,-0.86957,0.0,null],[110.83016,-0.86471,0.0,null],[110.82577,-0.86377,0.0,null],[110.82448,-0.86258,0.0,null],[110.82323,-0.8587,0.0,null],[110.82022,-0.85318,0.0,null],[110.82072,-0.85004,0.0,null],[110.82235,-0.84641,0.0,null],[110.82549,-0.84315,0.0,null],[110.8305,-0.84014,0.0,null],[110.83916,-0.83098,0.0,null],[110.83947,-0.82929,0.0,null],[110.83696,-0.82591,0.0,null],[110.83771,-0.82252,0.0,null],[110.83934,-0.82089,0.0,null],[110.84423,-0.82014,0.0,null],[110.84825,-0.817,0.0,null],[110.85138,-0.8155,0.0,null],[110.85464,-0.81249,0.0,null],[110.85652,-0.8081,0.0,null],[110.8589,-0.80534,0.0,null],[110.86141,-0.80409,0.0,null],[110.8658,-0.79957,0.0,null],[110.86474,-0.79412,0.0,null],[110.86674,-0.79236,0.0,null],[110.87138,-0.79123,0.0,null],[110.87464,-0.78685,0.0,null],[110.87953,-0.78221,0.0,null],[110.88179,-0.77844,0.0,null],[110.8848,-0.77569,0.0,null],[110.88593,-0.77243,0.0,null],[110.88693,-0.76565,0.0,null],[110.89088,-0.7607,0.0,null],[110.89251,-0.75481,0.0,null],[110.89514,-0.75029,0.0,null],[110.89602,-0.74741,0.0,null],[110.89828,-0.74591,0.0,null],[110.89941,-0.74653,0.0,null],[110.90016,-0.74866,0.0,null],[110.90191,-0.74515,0.0,null],[110.90417,-0.7434,0.0,null],[110.90881,-0.74139,0.0,null],[110.9122,-0.74264,0.0,null],[110.91332,-0.73989,0.0,null],[110.91646,-0.74001,0.0,null],[110.91834,-0.74139,0.0,null],[110.92411,-0.74967,0.0,null],[110.92561,-0.75418,0.0,null],[110.92687,-0.75606,0.0,null],[110.92837,-0.75619,0.0,null],[110.9295,-0.75707,0.0,null],[110.9305,-0.76258,0.0,null],[110.93013,-0.76409,0.0,null],[110.92511,-0.76534,0.0,null],[110.92586,-0.7681,0.0,null],[110.92887,-0.77036,0.0,null],[110.92963,-0.77249,0.0,null],[110.92978,-0.77461,0.0,null],[110.92823,-0.77925,0.0,null],[110.93049,-0.77615,0.0,null],[110.93165,-0.77228,0.0,null],[110.93333,-0.77008,0.0,null],[110.94228,-0.76396,0.0,null],[110.94658,-0.75976,0.0,null],[110.93475,-0.63344,0.0,null],[110.79907,-0.63188,0.0,null],[110.79307,-0.63774,0.0,null],[110.77522,-0.63657,0.0,null],[110.76518,-0.64165,0.0,null],[110.7571,-0.62979,0.0,null]]]}},{"type":"Feature","properties":{"inventoryId":"big-forestry-ha:45","sector":"PBPH","subtype":"IUPHHK-HA","quality":"OFFICIAL","sourceDataset":"big-forestry-ha","sourceRecordId":"45","source":"BIG Kebijakan Satu Peta","sourceUrl":"https://kspservices.big.go.id/satupeta/rest/services/PUBLIK/PERIZINAN_DAN_PERTANAHAN/MapServer/1","retrievedAt":"2026-08-24T04:32:16Z","geometryProcessing":"web display simplification tolerance 0.00035 degrees","name":"PT DWIMA JAYA UTAMA","permitNumber":"SK.267/Menhut-II/2004","permitDate":"2004-07-21","areaHa":127300.0,"provinceCode":"62","region":"kalimantan"},"geometry":{"type":"Polygon","coordinates":[[[113.31992,-0.87299,0.0,null],[113.31856,-0.8721,0.0,null],[113.31329,-0.87153,0.0,null],[113.29711,-0.87122,0.0,null],[113.29609,-0.87182,0.0,null],[113.29626,-0.8726,0.0,null],[113.29578,-0.87308,0.0,null],[113.29502,-0.87258,0.0,null],[113.29414,-0.87372,0.0,null],[113.29221,-0.87448,0.0,null],[113.29183,-0.87617,0.0,null],[113.29014,-0.87634,0.0,null],[113.28988,-0.87808,0.0,null],[113.28717,-0.87979,0.0,null],[113.28657,-0.88162,0.0,null],[113.28598,-0.88067,0.0,null],[113.28514,-0.88212,0.0,null],[113.28555,-0.8831,0.0,null],[113.24493,-0.88548,0.0,null],[113.24474,-0.88743,0.0,null],[113.24415,-0.88812,0.0,null],[113.24067,-0.89119,0.0,null],[113.23884,-0.89166,0.0,null],[113.23798,-0.89666,0.0,null],[113.23708,-0.8988,0.0,null],[113.23565,-0.89963,0.0,null],[113.2355,-0.90122,0.0,null],[113.23367,-0.9017,0.0,null],[113.23122,-0.90085,0.0,null],[113.22966,-0.90173,0.0,null],[113.2294,-0.90078,0.0,null],[113.22727,-0.90177,0.0,null],[113.22626,-0.90383,0.0,null],[113.22368,-0.90253,0.0,null],[113.22366,-0.90362,0.0,null],[113.2224,-0.90385,0.0,null],[113.22167,-0.90492,0.0,null],[113.21829,-0.90534,0.0,null],[113.21787,-0.90511,0.0,null],[113.21793,-0.90382,0.0,null],[113.21681,-0.90376,0.0,null],[113.21619,-0.90183,0.0,null],[113.21521,-0.90137,0.0,null],[113.21476,-0.90347,0.0,null],[113.21595,-0.90504,0.0,null],[113.21521,-0.90632,0.0,null],[113.21381,-0.90718,0.0,null],[113.21228,-0.9067,0.0,null],[113.21064,-0.90801,0.0,null],[113.20974,-0.90761,0.0,null],[113.20993,-0.90549,0.0,null],[113.20893,-0.90447,0.0,null],[113.20895,-0.90366,0.0,null],[113.20687,-0.90166,0.0,null],[113.20106,-0.90078,0.0,null],[113.19753,-0.9011,0.0,null],[113.19679,-0.90215,0.0,null],[113.1977,-0.90351,0.0,null],[113.19546,-0.90387,0.0,null],[113.19543,-0.90541,0.0,null],[113.19312,-0.90529,0.0,null],[113.1911,-0.90632,0.0,null],[113.19045,-0.90857,0.0,null],[113.18774,-0.90942,0.0,null],[113.18577,-0.90933,0.0,null],[113.18611,-0.9111,0.0,null],[113.18503,-0.91207,0.0,null],[113.18296,-0.9124,0.0,null],[113.18026,-0.91114,0.0,null],[113.17706,-0.91588,0.0,null],[113.17484,-0.91627,0.0,null],[113.17147,-0.91781,0.0,null],[113.16767,-0.91756,0.0,null],[113.16668,-0.91863,0.0,null],[113.16829,-0.92645,0.0,null],[113.1812,-0.93402,0.0,null],[113.1824,-0.93808,0.0,null],[113.18233,-0.94239,0.0,null],[113.18073,-0.94732,0.0,null],[113.17834,-0.95075,0.0,null],[113.17429,-0.95372,0.0,null],[113.17142,-0.95456,0.0,null],[113.16833,-0.95458,0.0,null],[113.15828,-0.95176,0.0,null],[113.15437,-0.95232,0.0,null],[113.13988,-0.95201,0.0,null],[113.13696,-0.95164,0.0,null],[113.13458,-0.95029,0.0,null],[113.12939,-0.94977,0.0,null],[113.12864,-0.95034,0.0,null],[113.12856,-0.95132,0.0,null],[113.126,-0.95289,0.0,null],[113.12446,-0.95179,0.0,null],[113.12214,-0.95176,0.0,null],[113.11752,-0.9486,0.0,null],[113.11436,-0.94823,0.0,null],[113.11358,-0.94589,0.0,null],[113.11264,-0.9448,0.0,null],[113.11104,-0.94687,0.0,null],[113.11001,-0.94694,0.0,null],[113.10906,-0.94371,0.0,null],[113.10608,-0.94264,0.0,null],[113.10443,-0.94676,0.0,null],[113.09975,-0.95006,0.0,null],[113.09774,-0.95031,0.0,null],[113.09637,-0.95121,0.0,null],[113.09497,-0.95437,0.0,null],[113.09357,-0.95513,0.0,null],[113.09122,-0.95401,0.0,null],[113.09026,-0.95409,0.0,null],[113.08925,-0.95872,0.0,null],[113.08769,-0.96136,0.0,null],[113.08797,-0.96241,0.0,null],[113.09023,-0.96337,0.0,null],[113.09071,-0.96415,0.0,null],[113.08943,-0.96628,0.0,null],[113.0879,-0.97418,0.0,null],[113.09168,-0.97953,0.0,null],[113.09184,-0.98357,0.0,null],[113.08955,-0.98352,0.0,null],[113.08427,-0.98823,0.0,null],[113.07727,-0.99099,0.0,null],[113.0747,-0.99285,0.0,null],[113.07318,-0.99495,0.0,null],[113.0749,-0.99751,0.0,null],[113.07428,-0.99807,0.0,null],[113.07484,-1.00365,0.0,null],[113.07265,-1.00489,0.0,null],[113.06599,-1.0066,0.0,null],[113.06585,-1.00751,0.0,null],[113.06738,-1.00813,0.0,null],[113.06647,-1.01031,0.0,null],[113.06338,-1.01127,0.0,null],[113.06095,-1.01374,0.0,null],[113.05727,-1.01441,0.0,null],[113.07342,-1.04309,0.0,null],[113.07509,-1.04778,0.0,null],[113.07511,-1.04991,0.0,null],[113.07293,-1.05363,0.0,null],[113.07106,-1.05511,0.0,null],[113.05706,-1.06044,0.0,null],[113.05153,-1.06294,0.0,null],[113.04803,-1.0654,0.0,null],[113.04491,-1.06862,0.0,null],[113.04369,-1.0728,0.0,null],[113.04473,-1.07695,0.0,null],[113.04835,-1.08337,0.0,null],[113.05583,-1.09127,0.0,null],[113.05757,-1.09372,0.0,null],[113.05844,-1.09639,0.0,null],[113.05914,-1.10293,0.0,null],[113.05775,-1.11347,0.0,null],[113.05858,-1.12041,0.0,null],[113.06071,-1.12875,0.0,null],[113.06005,-1.13669,0.0,null],[113.06104,-1.14128,0.0,null],[113.06419,-1.14263,0.0,null],[113.07526,-1.14374,0.0,null],[113.07902,-1.14516,0.0,null],[113.08211,-1.14703,0.0,null],[113.08442,-1.14922,0.0,null],[113.08661,-1.14998,0.0,null],[113.0889,-1.14984,0.0,null],[113.09123,-1.1488,0.0,null],[113.0957,-1.14539,0.0,null],[113.09971,-1.14095,0.0,null],[113.11504,-1.09021,0.0,null],[113.12749,-1.10588,0.0,null],[113.12704,-1.11175,0.0,null],[113.12028,-1.12387,0.0,null],[113.1179,-1.13071,0.0,null],[113.11718,-1.13519,0.0,null],[113.11723,-1.13913,0.0,null],[113.11826,-1.15349,0.0,null],[113.15268,-1.14563,0.0,null],[113.16389,-1.15422,0.0,null],[113.16649,-1.14913,0.0,null],[113.17249,-1.14289,0.0,null],[113.17839,-1.13887,0.0,null],[113.1806,-1.13646,0.0,null],[113.18217,-1.13364,0.0,null],[113.18375,-1.11832,0.0,null],[113.18513,-1.11083,0.0,null],[113.18696,-1.10519,0.0,null],[113.19157,-1.09636,0.0,null],[113.20039,-1.08747,0.0,null],[113.20515,-1.08322,0.0,null],[113.2211,-1.07315,0.0,null],[113.2401,-1.06303,0.0,null],[113.24618,-1.06048,0.0,null],[113.27349,-1.05187,0.0,null],[113.27993,-1.04928,0.0,null],[113.28018,-1.06008,0.0,null],[113.27934,-1.06754,0.0,null],[113.27846,-1.07049,0.0,null],[113.27689,-1.07272,0.0,null],[113.25842,-1.07979,0.0,null],[113.24136,-1.08834,0.0,null],[113.23906,-1.09053,0.0,null],[113.23611,-1.09429,0.0,null],[113.23481,-1.09765,0.0,null],[113.23382,-1.10487,0.0,null],[113.23196,-1.10773,0.0,null],[113.22181,-1.11801,0.0,null],[113.21159,-1.12655,0.0,null],[113.20358,-1.13226,0.0,null],[113.19733,-1.13864,0.0,null],[113.19091,-1.14834,0.0,null],[113.18951,-1.15158,0.0,null],[113.18871,-1.15743,0.0,null],[113.32283,-1.12184,0.0,null],[113.32433,-1.11118,0.0,null],[113.32853,-1.11154,0.0,null],[113.32928,-1.11405,0.0,null],[113.32802,-1.11451,0.0,null],[113.32819,-1.11556,0.0,null],[113.32688,-1.11834,0.0,null],[113.32856,-1.11609,0.0,null],[113.32858,-1.11495,0.0,null],[113.33122,-1.11425,0.0,null],[113.33072,-1.11232,0.0,null],[113.34953,-0.95707,0.0,null],[113.35356,-0.9006,0.0,null],[113.34886,-0.8992,0.0,null],[113.34226,-0.8963,0.0,null],[113.33136,-0.8834,0.0,null],[113.32376,-0.8755,0.0,null],[113.31992,-0.87299,0.0,null]]]}},{"type":"Feature","properties":{"inventoryId":"big-forestry-ha:84","sector":"PBPH","subtype":"IUPHHK-HA","quality":"OFFICIAL","sourceDataset":"big-forestry-ha","sourceRecordId":"84","source":"BIG Kebijakan Satu Peta","sourceUrl":"https://kspservices.big.go.id/satupeta/rest/services/PUBLIK/PERIZINAN_DAN_PERTANAHAN/MapServer/1","retrievedAt":"2026-08-24T04:32:16Z","geometryProcessing":"web display simplification tolerance 0.00035 degrees","name":"PT EAST POINT INDONESIA","permitNumber":"SK.307/Menhut-II/2010","permitDate":"2010-05-17","areaHa":50665.0,"provinceCode":"62","region":"kalimantan"},"geometry":{"type":"Polygon","coordinates":[[[113.45144,-0.95832,0.0,null],[113.34953,-0.95707,0.0,null],[113.33072,-1.11232,0.0,null],[113.3313,-1.11398,0.0,null],[113.3307,-1.11463,0.0,null],[113.32858,-1.11495,0.0,null],[113.32856,-1.11609,0.0,null],[113.32732,-1.11821,0.0,null],[113.32864,-1.11834,0.0,null],[113.32928,-1.11963,0.0,null],[113.32971,-1.12688,0.0,null],[113.33247,-1.12977,0.0,null],[113.33355,-1.13286,0.0,null],[113.33482,-1.13317,0.0,null],[113.33589,-1.1343,0.0,null],[113.33509,-1.14087,0.0,null],[113.33595,-1.14231,0.0,null],[113.33544,-1.14588,0.0,null],[113.33656,-1.1464,0.0,null],[113.337,-1.14537,0.0,null],[113.33782,-1.14562,0.0,null],[113.33785,-1.14933,0.0,null],[113.33619,-1.15084,0.0,null],[113.33743,-1.15296,0.0,null],[113.33652,-1.15409,0.0,null],[113.33639,-1.15526,0.0,null],[113.33915,-1.15539,0.0,null],[113.33908,-1.15764,0.0,null],[113.35531,-1.23778,0.0,null],[113.40536,-1.22599,0.0,null],[113.4069,-1.21918,0.0,null],[113.49645,-1.11919,0.0,null],[113.52349,-1.11752,0.0,null],[113.52241,-1.08875,0.0,null],[113.5092,-1.09593,0.0,null],[113.50632,-1.09124,0.0,null],[113.49659,-1.05481,0.0,null],[113.50118,-1.04865,0.0,null],[113.49973,-1.04396,0.0,null],[113.50026,-1.03864,0.0,null],[113.49625,-1.03786,0.0,null],[113.49092,-1.03414,0.0,null],[113.48905,-1.03091,0.0,null],[113.48833,-1.02591,0.0,null],[113.49143,-1.01649,0.0,null],[113.49419,-1.0133,0.0,null],[113.49656,-1.01195,0.0,null],[113.50269,-1.01105,0.0,null],[113.5056,-1.01165,0.0,null],[113.50801,-1.01291,0.0,null],[113.51024,-1.01494,0.0,null],[113.51205,-1.01782,0.0,null],[113.51291,-1.0206,0.0,null],[113.51297,-1.02495,0.0,null],[113.51238,-1.02837,0.0,null],[113.51674,-1.02392,0.0,null],[113.51948,-1.02233,0.0,null],[113.51868,-0.96321,0.0,null],[113.47945,-0.96242,0.0,null],[113.47802,-0.95893,0.0,null],[113.45144,-0.95894,0.0,null],[113.45144,-0.95832,0.0,null]],[[113.46853,-1.11803,0.0,null],[113.46719,-1.11591,0.0,null],[113.46634,-1.11263,0.0,null],[113.4678,-1.1038,0.0,null],[113.46471,-1.09923,0.0,null],[113.46408,-1.09655,0.0,null],[113.4646,-1.09192,0.0,null],[113.46634,-1.0885,0.0,null],[113.46927,-1.08576,0.0,null],[113.47305,-1.08432,0.0,null],[113.47902,-1.08374,0.0,null],[113.48255,-1.0848,0.0,null],[113.48539,-1.08671,0.0,null],[113.48748,-1.08931,0.0,null],[113.48883,-1.09349,0.0,null],[113.4894,-1.09723,0.0,null],[113.48839,-1.10219,0.0,null],[113.49071,-1.10624,0.0,null],[113.4914,-1.11058,0.0,null],[113.49052,-1.11474,0.0,null],[113.48851,-1.11803,0.0,null],[113.48228,-1.12213,0.0,null],[113.47808,-1.12279,0.0,null],[113.47398,-1.12234,0.0,null],[113.46943,-1.11945,0.0,null],[113.46853,-1.11803,0.0,null]]]}},{"type":"Feature","properties":{"inventoryId":"big-forestry-ha:132","sector":"PBPH","subtype":"IUPHHK-HA","quality":"OFFICIAL","sourceDataset":"big-forestry-ha","sourceRecordId":"132","source":"BIG Kebijakan Satu Peta","sourceUrl":"https://kspservices.big.go.id/satupeta/rest/services/PUBLIK/PERIZINAN_DAN_PERTANAHAN/MapServer/1","retrievedAt":"2026-08-24T04:32:16Z","geometryProcessing":"web display simplification tolerance 0.00035 degrees","name":"PT ELBANA ABADI JAYA","permitNumber":"SK.139/Menhut-II/2007","permitDate":"2007-04-11","areaHa":15480.0,"provinceCode":"63","region":"kalimantan"},"geometry":{"type":"MultiPolygon","coordinates":[[[[115.63428,-1.59746,0.0,null],[115.62764,-1.59445,0.0,null],[115.62364,-1.59395,0.0,null],[115.62239,-1.5947,0.0,null],[115.62176,-1.59695,0.0,null],[115.61963,-1.59983,0.0,null],[115.61876,-1.59996,0.0,null],[115.61751,-1.59705,0.0,null],[115.61087,-1.60493,0.0,null],[115.62879,-1.61029,0.0,null],[115.64397,-1.62719,0.0,null],[115.65267,-1.65695,0.0,null],[115.65399,-1.67001,0.0,null],[115.6466,-1.67952,0.0,null],[115.6217,-1.69126,0.0,null],[115.61816,-1.69136,0.0,null],[115.61694,-1.69278,0.0,null],[115.6144,-1.69413,0.0,null],[115.615,-1.69522,0.0,null],[115.616,-1.69559,0.0,null],[115.61976,-1.69346,0.0,null],[115.62064,-1.69434,0.0,null],[115.62107,-1.69791,0.0,null],[115.62195,-1.69891,0.0,null],[115.62433,-1.69953,0.0,null],[115.62908,-1.6944,0.0,null],[115.63234,-1.69302,0.0,null],[115.63547,-1.6929,0.0,null],[115.6371,-1.69403,0.0,null],[115.63785,-1.69553,0.0,null],[115.63697,-1.70079,0.0,null],[115.63459,-1.70805,0.0,null],[115.63459,-1.71243,0.0,null],[115.63334,-1.71618,0.0,null],[115.63234,-1.72482,0.0,null],[115.63728,-1.73865,0.0,null],[115.64354,-1.7389,0.0,null],[115.64479,-1.74028,0.0,null],[115.64592,-1.74666,0.0,null],[115.64692,-1.74754,0.0,null],[115.65043,-1.74741,0.0,null],[115.65243,-1.74603,0.0,null],[115.65518,-1.74291,0.0,null],[115.65931,-1.73364,0.0,null],[115.66057,-1.72939,0.0,null],[115.66294,-1.72551,0.0,null],[115.6642,-1.72501,0.0,null],[115.66532,-1.72501,0.0,null],[115.6677,-1.72676,0.0,null],[115.66883,-1.72688,0.0,null],[115.67208,-1.72501,0.0,null],[115.67596,-1.72526,0.0,null],[115.67784,-1.72288,0.0,null],[115.67947,-1.72463,0.0,null],[115.67859,-1.72576,0.0,null],[115.68047,-1.72951,0.0,null],[115.68034,-1.73139,0.0,null],[115.67884,-1.73464,0.0,null],[115.67759,-1.7359,0.0,null],[115.67496,-1.73665,0.0,null],[115.67471,-1.73765,0.0,null],[115.67809,-1.74103,0.0,null],[115.67909,-1.74115,0.0,null],[115.67984,-1.74015,0.0,null],[115.68823,-1.73915,0.0,null],[115.69524,-1.73352,0.0,null],[115.70093,-1.72657,0.0,null],[115.69751,-1.72321,0.0,null],[115.68892,-1.71706,0.0,null],[115.68779,-1.71743,0.0,null],[115.68316,-1.71606,0.0,null],[115.68128,-1.71455,0.0,null],[115.6784,-1.70917,0.0,null],[115.66839,-1.7083,0.0,null],[115.66664,-1.70767,0.0,null],[115.66526,-1.70579,0.0,null],[115.66726,-1.69916,0.0,null],[115.66589,-1.69653,0.0,null],[115.66563,-1.69478,0.0,null],[115.66695,-1.6842,0.0,null],[115.66695,-1.68007,0.0,null],[115.67083,-1.67394,0.0,null],[115.67308,-1.66705,0.0,null],[115.67346,-1.66406,0.0,null],[115.67133,-1.65266,0.0,null],[115.66876,-1.64784,0.0,null],[115.67039,-1.64308,0.0,null],[115.67039,-1.64145,0.0,null],[115.66751,-1.63219,0.0,null],[115.66726,-1.62919,0.0,null],[115.66626,-1.62756,0.0,null],[115.6615,-1.62794,0.0,null],[115.65837,-1.62756,0.0,null],[115.65562,-1.62643,0.0,null],[115.65262,-1.62368,0.0,null],[115.65074,-1.62105,0.0,null],[115.64974,-1.61855,0.0,null],[115.65061,-1.61617,0.0,null],[115.65324,-1.61304,0.0,null],[115.64436,-1.61254,0.0,null],[115.64016,-1.61035,0.0,null],[115.63853,-1.6086,0.0,null],[115.63929,-1.60672,0.0,null],[115.63879,-1.60346,0.0,null],[115.63753,-1.60321,0.0,null],[115.63678,-1.60421,0.0,null],[115.63578,-1.60371,0.0,null],[115.63428,-1.59746,0.0,null]]],[[[115.63134,-1.47435,0.0,null],[115.63409,-1.46296,0.0,null],[115.63497,-1.4562,0.0,null],[115.63609,-1.45332,0.0,null],[115.64079,-1.4485,0.0,null],[115.64421,-1.44737,0.0,null],[115.64367,-1.42938,0.0,null],[115.66195,-1.41227,0.0,null],[115.65775,-1.40989,0.0,null],[115.65237,-1.41101,0.0,null],[115.65074,-1.41201,0.0,null],[115.64436,-1.41902,0.0,null],[115.64135,-1.42653,0.0,null],[115.63735,-1.42979,0.0,null],[115.63159,-1.43592,0.0,null],[115.62283,-1.44681,0.0,null],[115.62045,-1.44881,0.0,null],[115.61569,-1.45032,0.0,null],[115.61632,-1.45445,0.0,null],[115.61807,-1.45745,0.0,null],[115.61757,-1.45958,0.0,null],[115.61682,-1.46045,0.0,null],[115.59548,-1.46152,0.0,null],[115.59135,-1.47679,0.0,null],[115.59285,-1.47679,0.0,null],[115.59498,-1.47767,0.0,null],[115.60036,-1.48217,0.0,null],[115.60424,-1.48868,0.0,null],[115.60561,-1.49281,0.0,null],[115.6063,-1.50789,0.0,null],[115.60718,-1.51365,0.0,null],[115.6068,-1.51703,0.0,null],[115.61068,-1.52579,0.0,null],[115.61131,-1.5288,0.0,null],[115.61131,-1.5313,0.0,null],[115.60943,-1.53431,0.0,null],[115.6073,-1.53681,0.0,null],[115.60555,-1.53744,0.0,null],[115.60342,-1.53681,0.0,null],[115.59842,-1.5308,0.0,null],[115.59554,-1.53305,0.0,null],[115.59322,-1.5375,0.0,null],[115.59447,-1.54563,0.0,null],[115.59397,-1.54801,0.0,null],[115.59185,-1.55214,0.0,null],[115.59943,-1.57331,0.0,null],[115.62457,-1.5802,0.0,null],[115.62577,-1.57392,0.0,null],[115.62408,-1.56735,0.0,null],[115.62483,-1.5666,0.0,null],[115.62596,-1.56648,0.0,null],[115.62633,-1.56535,0.0,null],[115.62483,-1.56209,0.0,null],[115.62495,-1.55897,0.0,null],[115.62633,-1.55559,0.0,null],[115.62621,-1.55321,0.0,null],[115.62796,-1.54908,0.0,null],[115.62733,-1.54495,0.0,null],[115.62808,-1.53919,0.0,null],[115.62545,-1.53268,0.0,null],[115.62552,-1.53124,0.0,null],[115.62652,-1.52861,0.0,null],[115.62915,-1.52561,0.0,null],[115.63428,-1.5226,0.0,null],[115.63566,-1.51947,0.0,null],[115.63753,-1.5176,0.0,null],[115.63503,-1.51196,0.0,null],[115.63453,-1.50846,0.0,null],[115.63453,-1.50383,0.0,null],[115.63541,-1.49769,0.0,null],[115.62883,-1.48824,0.0,null],[115.62846,-1.48549,0.0,null],[115.63134,-1.47435,0.0,null]]],[[[115.67681,-1.91119,0.0,null],[115.67395,-1.90948,0.0,null],[115.67364,-1.90847,0.0,null],[115.67068,-1.90891,0.0,null],[115.66954,-1.91119,0.0,null],[115.65863,-1.90975,0.0,null],[115.65683,-1.91339,0.0,null],[115.65683,-1.91644,0.0,null],[115.66501,-1.92595,0.0,null],[115.66444,-1.92862,0.0,null],[115.66178,-1.92976,0.0,null],[115.6593,-1.93547,0.0,null],[115.65968,-1.94404,0.0,null],[115.65835,-1.95127,0.0,null],[115.65664,-1.95698,0.0,null],[115.6556,-1.97152,0.0,null],[115.65629,-1.97509,0.0,null],[115.65703,-1.97705,0.0,null],[115.66081,-1.9783,0.0,null],[115.66468,-1.9786,0.0,null],[115.66711,-1.97583,0.0,null],[115.67228,-1.97413,0.0,null],[115.67615,-1.97427,0.0,null],[115.67962,-1.9763,0.0,null],[115.68129,-1.97865,0.0,null],[115.68329,-1.97754,0.0,null],[115.69137,-1.97713,0.0,null],[115.69541,-1.97574,0.0,null],[115.69637,-1.97625,0.0,null],[115.69646,-1.97162,0.0,null],[115.69928,-1.96897,0.0,null],[115.70175,-1.96783,0.0,null],[115.70213,-1.96441,0.0,null],[115.70613,-1.9606,0.0,null],[115.70689,-1.95851,0.0,null],[115.70708,-1.95108,0.0,null],[115.70632,-1.94899,0.0,null],[115.70795,-1.94573,0.0,null],[115.69232,-1.93328,0.0,null],[115.68547,-1.92547,0.0,null],[115.68471,-1.923,0.0,null],[115.6848,-1.91548,0.0,null],[115.68433,-1.91395,0.0,null],[115.6828,-1.91329,0.0,null],[115.68061,-1.91424,0.0,null],[115.67947,-1.91386,0.0,null],[115.67681,-1.91119,0.0,null]]],[[[115.65562,-2.04427,0.0,null],[115.65212,-2.04377,0.0,null],[115.6512,-2.04484,0.0,null],[115.65162,-2.04755,0.0,null],[115.65534,-2.05498,0.0,null],[115.65519,-2.05719,0.0,null],[115.65427,-2.05912,0.0,null],[115.65369,-2.06454,0.0,null],[115.65212,-2.06511,0.0,null],[115.65184,-2.0669,0.0,null],[115.65448,-2.07154,0.0,null],[115.65419,-2.07268,0.0,null],[115.65134,-2.07204,0.0,null],[115.64913,-2.07346,0.0,null],[115.64941,-2.07939,0.0,null],[115.64848,-2.08032,0.0,null],[115.64627,-2.08089,0.0,null],[115.63899,-2.08039,0.0,null],[115.63692,-2.08089,0.0,null],[115.62595,-2.07395,0.0,null],[115.62545,-2.07499,0.0,null],[115.62819,-2.08738,0.0,null],[115.63024,-2.08521,0.0,null],[115.63236,-2.08549,0.0,null],[115.6343,-2.08715,0.0,null],[115.63521,-2.08983,0.0,null],[115.63961,-2.0912,0.0,null],[115.64149,-2.09446,0.0,null],[115.64343,-2.09554,0.0,null],[115.64815,-2.09642,0.0,null],[115.65202,-2.09643,0.0,null],[115.65287,-2.09187,0.0,null],[115.6538,-2.09137,0.0,null],[115.65958,-2.09088,0.0,null],[115.66101,-2.0898,0.0,null],[115.66137,-2.08545,0.0,null],[115.66222,-2.08359,0.0,null],[115.66658,-2.08124,0.0,null],[115.67065,-2.07824,0.0,null],[115.67314,-2.07489,0.0,null],[115.67657,-2.07324,0.0,null],[115.67757,-2.06846,0.0,null],[115.68021,-2.0661,0.0,null],[115.681,-2.06468,0.0,null],[115.68107,-2.06325,0.0,null],[115.67928,-2.05932,0.0,null],[115.679,-2.0574,0.0,null],[115.67943,-2.0519,0.0,null],[115.68157,-2.04933,0.0,null],[115.68392,-2.0484,0.0,null],[115.68385,-2.0474,0.0,null],[115.68135,-2.04526,0.0,null],[115.67744,-2.0438,0.0,null],[115.66811,-2.04398,0.0,null],[115.66726,-2.04441,0.0,null],[115.65562,-2.04427,0.0,null]]]]}},{"type":"Feature","properties":{"inventoryId":"big-forestry-ha:136","sector":"PBPH","subtype":"IUPHHK-HA","quality":"OFFICIAL","sourceDataset":"big-forestry-ha","sourceRecordId":"136","source":"BIG Kebijakan Satu Peta","sourceUrl":"https://kspservices.big.go.id/satupeta/rest/services/PUBLIK/PERIZINAN_DAN_PERTANAHAN/MapServer/1","retrievedAt":"2026-08-24T04:32:16Z","geometryProcessing":"web display simplification tolerance 0.00035 degrees","name":"PT ERNA DJULIAWATI","permitNumber":"SK.15/Kpts-IV/1999","permitDate":"1999-01-18","areaHa":184206.0,"provinceCode":"62","region":"kalimantan"},"geometry":{"type":"Polygon","coordinates":[[[111.90722,-0.92449,0.0,null],[111.92157,-0.88216,0.0,null],[111.92309,-0.87598,0.0,null],[111.88529,-0.88778,0.0,null],[111.87269,-0.89318,0.0,null],[111.85779,-0.90588,0.0,null],[111.84089,-0.91418,0.0,null],[111.83109,-0.91538,0.0,null],[111.80949,-0.92888,0.0,null],[111.80379,-0.92598,0.0,null],[111.80089,-0.91538,0.0,null],[111.79249,-0.91378,0.0,null],[111.78299,-0.91388,0.0,null],[111.77199,-0.92028,0.0,null],[111.73748,-0.93132,0.0,null],[111.72809,-0.94248,0.0,null],[111.69059,-0.96328,0.0,null],[111.67589,-0.98208,0.0,null],[111.65999,-0.99498,0.0,null],[111.65909,-1.00018,0.0,null],[111.65399,-1.00908,0.0,null],[111.62348,-1.05329,0.0,null],[111.62405,-1.05476,0.0,null],[111.62384,-1.06478,0.0,null],[111.61939,-1.07097,0.0,null],[111.61462,-1.07351,0.0,null],[111.6409,-1.20278,0.0,null],[111.6463,-1.22236,0.0,null],[111.64012,-1.242,0.0,null],[111.64615,-1.2394,0.0,null],[111.65064,-1.23501,0.0,null],[111.66191,-1.23315,0.0,null],[111.66751,-1.24214,0.0,null],[111.67885,-1.24938,0.0,null],[111.6842,-1.24792,0.0,null],[111.68734,-1.24952,0.0,null],[111.695,-1.24735,0.0,null],[111.70849,-1.25366,0.0,null],[111.72114,-1.24564,0.0,null],[111.72585,-1.24824,0.0,null],[111.71961,-1.25822,0.0,null],[111.73224,-1.26507,0.0,null],[111.73338,-1.26942,0.0,null],[111.7378,-1.27352,0.0,null],[111.73694,-1.27691,0.0,null],[111.73423,-1.27976,0.0,null],[111.73391,-1.28333,0.0,null],[111.73644,-1.28426,0.0,null],[111.73669,-1.28593,0.0,null],[111.73512,-1.28879,0.0,null],[111.73188,-1.29057,0.0,null],[111.73013,-1.29075,0.0,null],[111.72931,-1.29221,0.0,null],[111.72928,-1.29499,0.0,null],[111.72967,-1.29645,0.0,null],[111.7312,-1.29656,0.0,null],[111.73167,-1.29845,0.0,null],[111.73295,-1.2996,0.0,null],[111.73234,-1.30222,0.0,null],[111.73325,-1.30394,0.0,null],[111.7373,-1.30492,0.0,null],[111.7388,-1.30636,0.0,null],[111.73829,-1.30812,0.0,null],[111.73902,-1.30976,0.0,null],[111.74043,-1.30945,0.0,null],[111.74101,-1.30719,0.0,null],[111.74491,-1.30633,0.0,null],[111.74665,-1.3064,0.0,null],[111.74893,-1.30787,0.0,null],[111.75095,-1.30816,0.0,null],[111.75336,-1.30657,0.0,null],[111.7544,-1.30444,0.0,null],[111.75545,-1.3052,0.0,null],[111.75518,-1.30739,0.0,null],[111.75603,-1.30883,0.0,null],[111.75778,-1.31006,0.0,null],[111.75997,-1.31015,0.0,null],[111.76153,-1.30901,0.0,null],[111.76091,-1.30705,0.0,null],[111.76168,-1.30486,0.0,null],[111.76286,-1.30392,0.0,null],[111.76424,-1.3038,0.0,null],[111.76853,-1.30448,0.0,null],[111.76733,-1.30695,0.0,null],[111.76839,-1.30884,0.0,null],[111.76873,-1.309,0.0,null],[111.76972,-1.30613,0.0,null],[111.77288,-1.30967,0.0,null],[111.77573,-1.30973,0.0,null],[111.77651,-1.31193,0.0,null],[111.77718,-1.31065,0.0,null],[111.77693,-1.3101,0.0,null],[111.77438,-1.3087,0.0,null],[111.77359,-1.30654,0.0,null],[111.7762,-1.30523,0.0,null],[111.7782,-1.30196,0.0,null],[111.78138,-1.3017,0.0,null],[111.78347,-1.3003,0.0,null],[111.78522,-1.30064,0.0,null],[111.78666,-1.30189,0.0,null],[111.7883,-1.29965,0.0,null],[111.78862,-1.29793,0.0,null],[111.79018,-1.29736,0.0,null],[111.79093,-1.29606,0.0,null],[111.79214,-1.29747,0.0,null],[111.7932,-1.29626,0.0,null],[111.79485,-1.29861,0.0,null],[111.79722,-1.29924,0.0,null],[111.79624,-1.29754,0.0,null],[111.798,-1.2956,0.0,null],[111.79709,-1.29303,0.0,null],[111.79746,-1.29052,0.0,null],[111.79649,-1.28903,0.0,null],[111.79407,-1.28882,0.0,null],[111.79362,-1.28671,0.0,null],[111.79484,-1.28582,0.0,null],[111.79284,-1.28196,0.0,null],[111.79468,-1.27925,0.0,null],[111.79911,-1.28114,0.0,null],[111.79836,-1.27739,0.0,null],[111.80146,-1.2753,0.0,null],[111.80082,-1.27158,0.0,null],[111.80366,-1.2715,0.0,null],[111.80386,-1.2685,0.0,null],[111.80183,-1.26554,0.0,null],[111.80329,-1.2616,0.0,null],[111.80039,-1.25673,0.0,null],[111.80464,-1.25389,0.0,null],[111.80323,-1.2516,0.0,null],[111.79806,-1.25335,0.0,null],[111.79462,-1.25028,0.0,null],[111.80079,-1.24311,0.0,null],[111.80232,-1.2376,0.0,null],[111.8074,-1.23772,0.0,null],[111.80728,-1.23462,0.0,null],[111.8018,-1.2296,0.0,null],[111.78867,-1.22429,0.0,null],[111.78707,-1.21709,0.0,null],[111.78348,-1.21385,0.0,null],[111.78841,-1.21013,0.0,null],[111.78841,-1.20752,0.0,null],[111.78293,-1.20612,0.0,null],[111.77808,-1.2036,0.0,null],[111.77581,-1.2055,0.0,null],[111.77321,-1.2089,0.0,null],[111.7672,-1.20358,0.0,null],[111.77626,-1.19643,0.0,null],[111.7767,-1.19829,0.0,null],[111.78003,-1.19779,0.0,null],[111.77998,-1.20051,0.0,null],[111.78152,-1.20385,0.0,null],[111.7861,-1.20325,0.0,null],[111.78789,-1.20486,0.0,null],[111.78999,-1.2045,0.0,null],[111.78982,-1.20799,0.0,null],[111.79188,-1.20843,0.0,null],[111.79311,-1.20948,0.0,null],[111.79368,-1.21121,0.0,null],[111.79741,-1.21313,0.0,null],[111.8005,-1.21592,0.0,null],[111.80342,-1.2155,0.0,null],[111.80389,-1.21664,0.0,null],[111.80222,-1.2204,0.0,null],[111.80615,-1.22116,0.0,null],[111.80841,-1.22395,0.0,null],[111.80805,-1.22556,0.0,null],[111.80859,-1.22669,0.0,null],[111.81496,-1.23015,0.0,null],[111.81502,-1.23329,0.0,null],[111.81813,-1.23682,0.0,null],[111.81834,-1.23912,0.0,null],[111.81632,-1.24037,0.0,null],[111.81477,-1.23906,0.0,null],[111.81341,-1.23894,0.0,null],[111.81181,-1.24067,0.0,null],[111.81103,-1.24388,0.0,null],[111.80978,-1.24578,0.0,null],[111.81014,-1.24719,0.0,null],[111.81247,-1.24914,0.0,null],[111.81269,-1.25007,0.0,null],[111.80853,-1.25191,0.0,null],[111.80592,-1.25399,0.0,null],[111.8036,-1.2597,0.0,null],[111.80371,-1.26048,0.0,null],[111.80538,-1.26481,0.0,null],[111.80739,-1.26559,0.0,null],[111.80972,-1.26559,0.0,null],[111.81159,-1.26863,0.0,null],[111.81376,-1.2691,0.0,null],[111.82356,-1.263,0.0,null],[111.82883,-1.26219,0.0,null],[111.82932,-1.27636,0.0,null],[111.82199,-1.28198,0.0,null],[111.82566,-1.2903,0.0,null],[111.83186,-1.2909,0.0,null],[111.83316,-1.2949,0.0,null],[111.83556,-1.2854,0.0,null],[111.83727,-1.28555,0.0,null],[111.83769,-1.28699,0.0,null],[111.84274,-1.28732,0.0,null],[111.84507,-1.29137,0.0,null],[111.84142,-1.29421,0.0,null],[111.84486,-1.29573,0.0,null],[111.84331,-1.30006,0.0,null],[111.84567,-1.30388,0.0,null],[111.847,-1.30428,0.0,null],[111.85069,-1.30271,0.0,null],[111.85606,-1.3048,0.0,null],[111.86176,-1.3035,0.0,null],[111.86263,-1.30478,0.0,null],[111.89576,-1.2801,0.0,null],[111.89091,-1.27062,0.0,null],[111.88648,-1.25698,0.0,null],[111.91046,-1.23058,0.0,null],[111.90985,-1.23003,0.0,null],[111.91657,-1.22431,0.0,null],[111.90972,-1.21739,0.0,null],[111.90988,-1.20909,0.0,null],[111.91699,-1.21064,0.0,null],[111.91857,-1.20637,0.0,null],[111.92445,-1.21009,0.0,null],[111.93069,-1.20511,0.0,null],[111.92701,-1.17881,0.0,null],[111.92494,-1.15641,0.0,null],[111.94546,-1.14785,0.0,null],[111.97328,-1.14469,0.0,null],[111.97134,-1.14745,0.0,null],[111.97024,-1.15078,0.0,null],[111.97063,-1.15423,0.0,null],[111.97028,-1.1559,0.0,null],[111.96962,-1.15685,0.0,null],[111.96684,-1.15848,0.0,null],[111.96611,-1.16089,0.0,null],[111.96647,-1.16524,0.0,null],[111.96766,-1.16875,0.0,null],[111.96647,-1.17345,0.0,null],[111.96409,-1.17505,0.0,null],[111.95986,-1.17482,0.0,null],[111.95897,-1.176,0.0,null],[111.95975,-1.17714,0.0,null],[111.95981,-1.17964,0.0,null],[111.96307,-1.17987,0.0,null],[111.96445,-1.18142,0.0,null],[111.96481,-1.18751,0.0,null],[111.96581,-1.18963,0.0,null],[111.96558,-1.19117,0.0,null],[111.96248,-1.19504,0.0,null],[111.96201,-1.20063,0.0,null],[111.96129,-1.20159,0.0,null],[111.95963,-1.20212,0.0,null],[111.95576,-1.20022,0.0,null],[111.95314,-1.19677,0.0,null],[111.9529,-1.19516,0.0,null],[111.95397,-1.19058,0.0,null],[111.95374,-1.18814,0.0,null],[111.95082,-1.18558,0.0,null],[111.94952,-1.18552,0.0,null],[111.94862,-1.18624,0.0,null],[111.9482,-1.18743,0.0,null],[111.94868,-1.1888,0.0,null],[111.94636,-1.19486,0.0,null],[111.94255,-1.19522,0.0,null],[111.94101,-1.1979,0.0,null],[111.93702,-1.20057,0.0,null],[111.93636,-1.20296,0.0,null],[111.93768,-1.21015,0.0,null],[111.93655,-1.21045,0.0,null],[111.93453,-1.20884,0.0,null],[111.93197,-1.2081,0.0,null],[111.93024,-1.20843,0.0,null],[111.92923,-1.20926,0.0,null],[111.92953,-1.21027,0.0,null],[111.92976,-1.20979,0.0,null],[111.93185,-1.20944,0.0,null],[111.93409,-1.2115,0.0,null],[111.93542,-1.21449,0.0,null],[111.93589,-1.21806,0.0,null],[111.9347,-1.21973,0.0,null],[111.93221,-1.22014,0.0,null],[111.93137,-1.21907,0.0,null],[111.93256,-1.21735,0.0,null],[111.9281,-1.21687,0.0,null],[111.92667,-1.22009,0.0,null],[111.92524,-1.22074,0.0,null],[111.92762,-1.22169,0.0,null],[111.9297,-1.22341,0.0,null],[111.93048,-1.22455,0.0,null],[111.93078,-1.22645,0.0,null],[111.93006,-1.22681,0.0,null],[111.92625,-1.23359,0.0,null],[111.9212,-1.23912,0.0,null],[111.92155,-1.24549,0.0,null],[111.92268,-1.25084,0.0,null],[111.92233,-1.25179,0.0,null],[111.92019,-1.25179,0.0,null],[111.91436,-1.25042,0.0,null],[111.91275,-1.25161,0.0,null],[111.91335,-1.25435,0.0,null],[111.91641,-1.25606,0.0,null],[111.91685,-1.25697,0.0,null],[111.91698,-1.26048,0.0,null],[111.91792,-1.26267,0.0,null],[111.92226,-1.26747,0.0,null],[111.92183,-1.26923,0.0,null],[111.91823,-1.26939,0.0,null],[111.91654,-1.27107,0.0,null],[111.91709,-1.27361,0.0,null],[111.91557,-1.27658,0.0,null],[111.91828,-1.27664,0.0,null],[111.92121,-1.27804,0.0,null],[111.92196,-1.27942,0.0,null],[111.91826,-1.2861,0.0,null],[111.91815,-1.28736,0.0,null],[111.91945,-1.28951,0.0,null],[111.91892,-1.291,0.0,null],[111.91848,-1.29138,0.0,null],[111.91443,-1.29121,0.0,null],[111.9144,-1.2945,0.0,null],[111.9163,-1.29619,0.0,null],[111.91893,-1.29572,0.0,null],[111.92105,-1.29708,0.0,null],[111.9222,-1.29714,0.0,null],[111.92524,-1.29552,0.0,null],[111.9281,-1.29536,0.0,null],[111.92959,-1.29338,0.0,null],[111.93789,-1.28791,0.0,null],[111.93811,-1.28832,0.0,null],[111.97658,-1.26255,0.0,null],[112.02308,-1.23303,0.0,null],[112.02527,-1.2323,0.0,null],[112.02787,-1.23021,0.0,null],[112.03164,-1.22887,0.0,null],[112.0355,-1.22891,0.0,null],[112.0493,-1.22433,0.0,null],[112.04778,-1.22239,0.0,null],[112.04926,-1.21958,0.0,null],[112.05001,-1.21965,0.0,null],[112.05107,-1.2211,0.0,null],[112.05281,-1.22126,0.0,null],[112.0523,-1.21905,0.0,null],[112.05467,-1.21792,0.0,null],[112.0551,-1.2147,0.0,null],[112.05702,-1.2151,0.0,null],[112.05789,-1.2142,0.0,null],[112.05553,-1.21123,0.0,null],[112.05998,-1.20863,0.0,null],[112.06233,-1.2066,0.0,null],[112.06268,-1.20602,0.0,null],[112.06191,-1.20317,0.0,null],[112.06255,-1.20116,0.0,null],[112.06423,-1.20024,0.0,null],[112.06534,-1.19825,0.0,null],[112.0682,-1.19715,0.0,null],[112.0684,-1.19499,0.0,null],[112.07188,-1.19684,0.0,null],[112.07082,-1.19523,0.0,null],[112.07205,-1.19408,0.0,null],[112.07529,-1.19336,0.0,null],[112.07614,-1.19474,0.0,null],[112.07497,-1.19529,0.0,null],[112.07733,-1.19584,0.0,null],[112.08109,-1.19168,0.0,null],[112.08153,-1.19167,0.0,null],[112.08184,-1.19307,0.0,null],[112.08282,-1.19415,0.0,null],[112.0849,-1.19316,0.0,null],[112.08467,-1.19244,0.0,null],[112.08267,-1.19219,0.0,null],[112.08241,-1.19013,0.0,null],[112.08325,-1.18535,0.0,null],[112.08149,-1.18254,0.0,null],[112.08288,-1.18208,0.0,null],[112.08257,-1.18078,0.0,null],[112.08419,-1.18117,0.0,null],[112.08493,-1.1806,0.0,null],[112.08408,-1.17762,0.0,null],[112.08305,-1.17628,0.0,null],[112.08449,-1.17407,0.0,null],[112.08515,-1.16841,0.0,null],[112.08654,-1.16785,0.0,null],[112.08552,-1.16658,0.0,null],[112.08449,-1.16147,0.0,null],[112.08506,-1.15806,0.0,null],[112.08601,-1.15691,0.0,null],[112.08353,-1.1558,0.0,null],[112.08324,-1.1527,0.0,null],[112.08445,-1.15158,0.0,null],[112.08771,-1.15298,0.0,null],[112.08965,-1.1516,0.0,null],[112.08986,-1.14942,0.0,null],[112.08915,-1.14731,0.0,null],[112.09039,-1.14502,0.0,null],[112.09123,-1.14116,0.0,null],[112.09096,-1.13802,0.0,null],[112.092,-1.13661,0.0,null],[112.09033,-1.13419,0.0,null],[112.09194,-1.13207,0.0,null],[112.09086,-1.12974,0.0,null],[112.09299,-1.12656,0.0,null],[112.09155,-1.12205,0.0,null],[112.09211,-1.12131,0.0,null],[112.09195,-1.11798,0.0,null],[112.09336,-1.11677,0.0,null],[112.09463,-1.11825,0.0,null],[112.09643,-1.11729,0.0,null],[112.09698,-1.11614,0.0,null],[112.09668,-1.11438,0.0,null],[112.09975,-1.1154,0.0,null],[112.10105,-1.11305,0.0,null],[112.10113,-1.11067,0.0,null],[112.1003,-1.10996,0.0,null],[112.10145,-1.11007,0.0,null],[112.1024,-1.10932,0.0,null],[112.10147,-1.10871,0.0,null],[112.10159,-1.10754,0.0,null],[112.10237,-1.10698,0.0,null],[112.10161,-1.10635,0.0,null],[112.10159,-1.10337,0.0,null],[112.10211,-1.10155,0.0,null],[112.103,-1.10111,0.0,null],[112.10309,-1.10048,0.0,null],[112.10189,-1.09836,0.0,null],[112.1021,-1.09504,0.0,null],[112.10106,-1.09431,0.0,null],[112.10374,-1.07455,0.0,null],[112.1069,-1.05704,0.0,null],[112.11195,-1.05531,0.0,null],[112.11959,-1.01944,0.0,null],[112.108,-1.01864,0.0,null],[112.0976,-1.01478,0.0,null],[112.09872,-0.97339,0.0,null],[112.12351,-0.91967,0.0,null],[112.13417,-0.88315,0.0,null],[112.09591,-0.88835,0.0,null],[112.06078,-0.89086,0.0,null],[112.03383,-0.8988,0.0,null],[112.00418,-0.93258,0.0,null],[111.96495,-0.98342,0.0,null],[111.92322,-0.98434,0.0,null],[111.907,-0.95676,0.0,null],[111.90722,-0.92449,0.0,null]],[[112.02468,-1.02616,0.0,null],[112.02122,-1.02141,0.0,null],[112.03632,-1.01017,0.0,null],[112.03697,-1.00047,0.0,null],[112.04123,-1.00023,0.0,null],[112.05666,-1.02238,0.0,null],[112.05742,-1.02282,0.0,null],[112.05738,-1.02914,0.0,null],[112.03093,-1.05463,0.0,null],[112.02549,-1.0558,0.0,null],[112.02106,-1.05093,0.0,null],[112.01828,-1.03558,0.0,null],[112.02468,-1.02616,0.0,null]],[[111.7945,-1.10071,0.0,null],[111.7977,-1.10389,0.0,null],[111.79616,-1.10871,0.0,null],[111.79872,-1.11311,0.0,null],[111.79883,-1.13596,0.0,null],[111.7961,-1.13837,0.0,null],[111.79276,-1.13688,0.0,null],[111.79172,-1.14034,0.0,null],[111.78866,-1.14127,0.0,null],[111.79236,-1.14702,0.0,null],[111.78962,-1.15056,0.0,null],[111.79047,-1.15503,0.0,null],[111.78564,-1.15498,0.0,null],[111.77293,-1.15735,0.0,null],[111.77337,-1.15273,0.0,null],[111.77288,-1.15284,0.0,null],[111.77265,-1.1522,0.0,null],[111.77218,-1.15266,0.0,null],[111.77314,-1.13839,0.0,null],[111.77632,-1.13549,0.0,null],[111.77593,-1.13294,0.0,null],[111.77764,-1.13166,0.0,null],[111.77779,-1.12714,0.0,null],[111.78151,-1.12149,0.0,null],[111.78082,-1.10524,0.0,null],[111.78311,-1.10274,0.0,null],[111.78367,-1.10332,0.0,null],[111.78419,-1.10712,0.0,null],[111.78701,-1.11067,0.0,null],[111.7945,-1.10071,0.0,null]],[[111.75199,-0.94427,0.0,null],[111.7561,-0.94508,0.0,null],[111.75894,-0.95099,0.0,null],[111.75568,-0.95879,0.0,null],[111.74948,-0.96272,0.0,null],[111.75482,-0.96782,0.0,null],[111.75045,-0.97993,0.0,null],[111.74886,-0.98151,0.0,null],[111.74259,-0.98157,0.0,null],[111.73846,-0.98088,0.0,null],[111.73601,-0.98743,0.0,null],[111.72666,-0.98895,0.0,null],[111.72809,-0.97894,0.0,null],[111.7246,-0.97437,0.0,null],[111.72585,-0.97075,0.0,null],[111.73138,-0.96681,0.0,null],[111.73075,-0.9622,0.0,null],[111.73527,-0.95817,0.0,null],[111.73473,-0.95548,0.0,null],[111.72836,-0.95593,0.0,null],[111.72631,-0.94924,0.0,null],[111.73629,-0.95033,0.0,null],[111.73988,-0.9473,0.0,null],[111.74206,-0.94957,0.0,null],[111.74527,-0.94777,0.0,null],[111.74811,-0.94891,0.0,null],[111.75199,-0.94427,0.0,null]],[[111.73588,-1.06847,0.0,null],[111.73833,-1.07341,0.0,null],[111.73348,-1.07403,0.0,null],[111.72898,-1.06995,0.0,null],[111.71085,-1.06838,0.0,null],[111.71337,-1.06,0.0,null],[111.71233,-1.05521,0.0,null],[111.70688,-1.05275,0.0,null],[111.70628,-1.04868,0.0,null],[111.70014,-1.05083,0.0,null],[111.69727,-1.04682,0.0,null],[111.70247,-1.04534,0.0,null],[111.70152,-1.04011,0.0,null],[111.70404,-1.03895,0.0,null],[111.70423,-1.03642,0.0,null],[111.70732,-1.03485,0.0,null],[111.70779,-1.02691,0.0,null],[111.71041,-1.02669,0.0,null],[111.70911,-1.02781,0.0,null],[111.71026,-1.02959,0.0,null],[111.71026,-1.03098,0.0,null],[111.70872,-1.03187,0.0,null],[111.70863,-1.03252,0.0,null],[111.71006,-1.0324,0.0,null],[111.71213,-1.03589,0.0,null],[111.71613,-1.03853,0.0,null],[111.71544,-1.0404,0.0,null],[111.71604,-1.04063,0.0,null],[111.7163,-1.04004,0.0,null],[111.71695,-1.04043,0.0,null],[111.71835,-1.04318,0.0,null],[111.72314,-1.0478,0.0,null],[111.72602,-1.05647,0.0,null],[111.73117,-1.0549,0.0,null],[111.73434,-1.06065,0.0,null],[111.73869,-1.06056,0.0,null],[111.73872,-1.05597,0.0,null],[111.74408,-1.05455,0.0,null],[111.74517,-1.05858,0.0,null],[111.73588,-1.06847,0.0,null]],[[112.00553,-1.05921,0.0,null],[112.00582,-1.06089,0.0,null],[112.01156,-1.06095,0.0,null],[112.00532,-1.06792,0.0,null],[112.00791,-1.08145,0.0,null],[112.00218,-1.08984,0.0,null],[111.99517,-1.09213,0.0,null],[111.99259,-1.08742,0.0,null],[111.99467,-1.07942,0.0,null],[111.98776,-1.07901,0.0,null],[111.98538,-1.07674,0.0,null],[111.98994,-1.07604,0.0,null],[111.98873,-1.07354,0.0,null],[111.97879,-1.07633,0.0,null],[111.9762,-1.07271,0.0,null],[111.97999,-1.07024,0.0,null],[111.97791,-1.06683,0.0,null],[111.98423,-1.06327,0.0,null],[111.99023,-1.06545,0.0,null],[111.99217,-1.06148,0.0,null],[111.98988,-1.05853,0.0,null],[111.99191,-1.0515,0.0,null],[111.99591,-1.05397,0.0,null],[112.00471,-1.05271,0.0,null],[112.00553,-1.05921,0.0,null]],[[112.08499,-0.90143,0.0,null],[112.08584,-0.90755,0.0,null],[112.08174,-0.91225,0.0,null],[112.07389,-0.91694,0.0,null],[112.07285,-0.92325,0.0,null],[112.069,-0.92732,0.0,null],[112.075,-0.92891,0.0,null],[112.07223,-0.9372,0.0,null],[112.07305,-0.94903,0.0,null],[112.07146,-0.95442,0.0,null],[112.07206,-0.95943,0.0,null],[112.06934,-0.95953,0.0,null],[112.06358,-0.95242,0.0,null],[112.06163,-0.94007,0.0,null],[112.06384,-0.93561,0.0,null],[112.061,-0.92908,0.0,null],[112.06213,-0.91993,0.0,null],[112.05961,-0.91412,0.0,null],[112.06223,-0.91022,0.0,null],[112.07435,-0.90704,0.0,null],[112.07969,-0.89999,0.0,null],[112.08499,-0.90143,0.0,null]]]}},{"type":"Feature","properties":{"inventoryId":"big-forestry-ha:59","sector":"PBPH","subtype":"IUPHHK-HA","quality":"OFFICIAL","sourceDataset":"big-forestry-ha","sourceRecordId":"59","source":"BIG Kebijakan Satu Peta","sourceUrl":"https://kspservices.big.go.id/satupeta/rest/services/PUBLIK/PERIZINAN_DAN_PERTANAHAN/MapServer/1","retrievedAt":"2026-08-24T04:32:16Z","geometryProcessing":"web display simplification tolerance 0.00035 degrees","name":"PT ERYTHRINA NUGRAHA MEGAH","permitNumber":"SK.72/Kpts-II/2001","permitDate":"2001-03-15","areaHa":42762.0,"provinceCode":"62","region":"kalimantan"},"geometry":{"type":"Polygon","coordinates":[[[111.90539,-1.58565,0.0,null],[111.90869,-1.58008,0.0,null],[111.91191,-1.57907,0.0,null],[111.91378,-1.57684,0.0,null],[111.91295,-1.57327,0.0,null],[111.91173,-1.56044,0.0,null],[111.9091,-1.55497,0.0,null],[111.90709,-1.54058,0.0,null],[111.90719,-1.53365,0.0,null],[111.90517,-1.51505,0.0,null],[111.90519,-1.50511,0.0,null],[111.90436,-1.49362,0.0,null],[111.90572,-1.48774,0.0,null],[111.9059,-1.484,0.0,null],[111.90374,-1.47464,0.0,null],[111.90268,-1.467,0.0,null],[111.89827,-1.45637,0.0,null],[111.89632,-1.44985,0.0,null],[111.89158,-1.4397,0.0,null],[111.88892,-1.43522,0.0,null],[111.88586,-1.42793,0.0,null],[111.87967,-1.41803,0.0,null],[111.86903,-1.4253,0.0,null],[111.68793,-1.5415,0.0,null],[111.65587,-1.56029,0.0,null],[111.64937,-1.5648,0.0,null],[111.69662,-1.65146,0.0,null],[111.83672,-1.61778,0.0,null],[111.84567,-1.61364,0.0,null],[111.85706,-1.6074,0.0,null],[111.8611,-1.60459,0.0,null],[111.87019,-1.60296,0.0,null],[111.87478,-1.60084,0.0,null],[111.87713,-1.59917,0.0,null],[111.88029,-1.59443,0.0,null],[111.88476,-1.59215,0.0,null],[111.88615,-1.59019,0.0,null],[111.88783,-1.58921,0.0,null],[111.89565,-1.58832,0.0,null],[111.89973,-1.58634,0.0,null],[111.90418,-1.58637,0.0,null],[111.90539,-1.58565,0.0,null]]]}},{"type":"Feature","properties":{"inventoryId":"big-forestry-ha:148","sector":"PBPH","subtype":"IUPHHK-HA","quality":"OFFICIAL","sourceDataset":"big-forestry-ha","sourceRecordId":"148","source":"BIG Kebijakan Satu Peta","sourceUrl":"https://kspservices.big.go.id/satupeta/rest/services/PUBLIK/PERIZINAN_DAN_PERTANAHAN/MapServer/1","retrievedAt":"2026-08-24T04:32:16Z","geometryProcessing":"web display simplification tolerance 0.00035 degrees","name":"PT FITAMAYA ASMAPARA","permitNumber":"SK.430/Menhut-II/2006","permitDate":"2006-08-29","areaHa":43880.0,"provinceCode":"62","region":"kalimantan"},"geometry":{"type":"Polygon","coordinates":[[[113.14384,-0.63412,0.0,null],[113.14211,-0.61966,0.0,null],[113.05663,-0.63179,0.0,null],[113.05682,-0.63313,0.0,null],[113.05583,-0.63469,0.0,null],[113.05512,-0.6349,0.0,null],[113.05437,-0.63437,0.0,null],[113.05393,-0.63474,0.0,null],[113.05499,-0.63695,0.0,null],[113.05449,-0.63913,0.0,null],[113.05044,-0.64165,0.0,null],[113.04975,-0.64281,0.0,null],[113.05052,-0.6502,0.0,null],[113.05198,-0.64846,0.0,null],[113.05612,-0.64886,0.0,null],[113.05727,-0.64837,0.0,null],[113.05884,-0.64656,0.0,null],[113.06053,-0.6467,0.0,null],[113.06116,-0.64867,0.0,null],[113.06053,-0.64982,0.0,null],[113.06271,-0.6535,0.0,null],[113.06302,-0.65688,0.0,null],[113.06718,-0.65896,0.0,null],[113.06732,-0.66197,0.0,null],[113.07033,-0.66196,0.0,null],[113.07075,-0.66383,0.0,null],[113.07156,-0.66468,0.0,null],[113.0739,-0.66495,0.0,null],[113.07584,-0.66645,0.0,null],[113.07653,-0.66965,0.0,null],[113.0783,-0.6702,0.0,null],[113.08105,-0.6727,0.0,null],[113.08327,-0.67362,0.0,null],[113.08394,-0.67503,0.0,null],[113.08558,-0.67604,0.0,null],[113.08565,-0.67724,0.0,null],[113.08437,-0.67822,0.0,null],[113.08386,-0.68036,0.0,null],[113.08243,-0.68222,0.0,null],[113.08415,-0.68499,0.0,null],[113.08449,-0.68767,0.0,null],[113.08522,-0.68867,0.0,null],[113.08564,-0.69064,0.0,null],[113.08524,-0.69448,0.0,null],[113.08644,-0.6966,0.0,null],[113.08836,-0.69755,0.0,null],[113.08919,-0.69877,0.0,null],[113.08918,-0.70041,0.0,null],[113.08781,-0.70207,0.0,null],[113.08816,-0.70449,0.0,null],[113.08987,-0.7087,0.0,null],[113.08896,-0.7101,0.0,null],[113.08596,-0.70967,0.0,null],[113.08419,-0.71034,0.0,null],[113.08091,-0.71571,0.0,null],[113.08121,-0.71785,0.0,null],[113.08422,-0.72259,0.0,null],[113.0835,-0.72353,0.0,null],[113.08019,-0.72438,0.0,null],[113.08113,-0.72613,0.0,null],[113.08102,-0.72733,0.0,null],[113.07916,-0.73086,0.0,null],[113.08044,-0.73259,0.0,null],[113.07933,-0.73596,0.0,null],[113.08028,-0.73781,0.0,null],[113.0808,-0.74461,0.0,null],[113.07844,-0.74866,0.0,null],[113.0803,-0.75346,0.0,null],[113.07925,-0.75585,0.0,null],[113.07929,-0.75883,0.0,null],[113.07809,-0.75935,0.0,null],[113.07749,-0.76095,0.0,null],[113.07634,-0.76681,0.0,null],[113.07761,-0.7687,0.0,null],[113.07909,-0.76876,0.0,null],[113.07976,-0.76962,0.0,null],[113.07953,-0.77502,0.0,null],[113.0828,-0.7797,0.0,null],[113.08232,-0.78078,0.0,null],[113.07972,-0.78186,0.0,null],[113.08065,-0.78391,0.0,null],[113.07994,-0.78531,0.0,null],[113.07811,-0.78665,0.0,null],[113.07955,-0.78998,0.0,null],[113.07766,-0.79038,0.0,null],[113.07608,-0.78971,0.0,null],[113.07567,-0.79023,0.0,null],[113.07847,-0.79213,0.0,null],[113.08101,-0.79573,0.0,null],[113.08071,-0.79785,0.0,null],[113.07894,-0.79946,0.0,null],[113.07862,-0.80094,0.0,null],[113.08045,-0.80479,0.0,null],[113.0807,-0.81296,0.0,null],[113.08274,-0.82269,0.0,null],[113.08411,-0.82414,0.0,null],[113.08622,-0.82241,0.0,null],[113.08733,-0.82218,0.0,null],[113.08865,-0.8242,0.0,null],[113.09173,-0.82539,0.0,null],[113.0919,-0.82649,0.0,null],[113.09034,-0.82851,0.0,null],[113.08721,-0.82778,0.0,null],[113.08706,-0.82922,0.0,null],[113.08868,-0.83001,0.0,null],[113.08962,-0.83162,0.0,null],[113.08975,-0.83489,0.0,null],[113.08805,-0.83585,0.0,null],[113.08494,-0.83489,0.0,null],[113.08295,-0.83564,0.0,null],[113.08319,-0.83787,0.0,null],[113.08262,-0.83936,0.0,null],[113.07721,-0.84569,0.0,null],[113.07899,-0.84826,0.0,null],[113.07823,-0.8517,0.0,null],[113.07423,-0.856,0.0,null],[113.06873,-0.8604,0.0,null],[113.06885,-0.86129,0.0,null],[113.07167,-0.86112,0.0,null],[113.07333,-0.86159,0.0,null],[113.07402,-0.86263,0.0,null],[113.07382,-0.8634,0.0,null],[113.06897,-0.86588,0.0,null],[113.06665,-0.86799,0.0,null],[113.06273,-0.86802,0.0,null],[113.05973,-0.86663,0.0,null],[113.05875,-0.86713,0.0,null],[113.05751,-0.86902,0.0,null],[113.05452,-0.86965,0.0,null],[113.05411,-0.87329,0.0,null],[113.05602,-0.87588,0.0,null],[113.05639,-0.87754,0.0,null],[113.05619,-0.87914,0.0,null],[113.05486,-0.8812,0.0,null],[113.05712,-0.88364,0.0,null],[113.06052,-0.88471,0.0,null],[113.06071,-0.88727,0.0,null],[113.06372,-0.89178,0.0,null],[113.06445,-0.89187,0.0,null],[113.06695,-0.88974,0.0,null],[113.0688,-0.88952,0.0,null],[113.06988,-0.89021,0.0,null],[113.07036,-0.89215,0.0,null],[113.07372,-0.89326,0.0,null],[113.0705,-0.89957,0.0,null],[113.077,-0.90104,0.0,null],[113.07637,-0.90314,0.0,null],[113.07834,-0.90465,0.0,null],[113.07972,-0.90711,0.0,null],[113.08249,-0.91021,0.0,null],[113.08289,-0.91155,0.0,null],[113.08239,-0.91359,0.0,null],[113.08024,-0.91624,0.0,null],[113.08222,-0.91729,0.0,null],[113.08298,-0.9184,0.0,null],[113.08269,-0.92298,0.0,null],[113.08464,-0.92585,0.0,null],[113.08693,-0.92795,0.0,null],[113.09207,-0.93061,0.0,null],[113.09327,-0.93234,0.0,null],[113.09305,-0.9347,0.0,null],[113.09409,-0.93669,0.0,null],[113.09976,-0.93811,0.0,null],[113.0968,-0.94376,0.0,null],[113.09647,-0.94698,0.0,null],[113.09774,-0.95031,0.0,null],[113.09975,-0.95006,0.0,null],[113.10443,-0.94676,0.0,null],[113.10608,-0.94264,0.0,null],[113.10906,-0.94371,0.0,null],[113.11001,-0.94694,0.0,null],[113.11104,-0.94687,0.0,null],[113.11264,-0.9448,0.0,null],[113.11476,-0.94847,0.0,null],[113.11633,-0.94814,0.0,null],[113.12224,-0.95181,0.0,null],[113.12446,-0.95179,0.0,null],[113.12658,-0.95293,0.0,null],[113.12859,-0.95113,0.0,null],[113.12701,-0.9472,0.0,null],[113.12858,-0.94605,0.0,null],[113.13027,-0.94608,0.0,null],[113.13312,-0.94449,0.0,null],[113.13244,-0.94396,0.0,null],[113.13084,-0.94425,0.0,null],[113.13124,-0.94118,0.0,null],[113.13188,-0.94008,0.0,null],[113.13707,-0.94145,0.0,null],[113.13996,-0.94041,0.0,null],[113.14181,-0.9381,0.0,null],[113.14387,-0.93776,0.0,null],[113.14517,-0.93688,0.0,null],[113.14623,-0.93493,0.0,null],[113.14628,-0.93312,0.0,null],[113.14697,-0.93248,0.0,null],[113.14889,-0.93421,0.0,null],[113.1502,-0.93223,0.0,null],[113.14948,-0.92573,0.0,null],[113.15217,-0.92308,0.0,null],[113.15558,-0.92265,0.0,null],[113.15948,-0.92466,0.0,null],[113.16038,-0.92463,0.0,null],[113.16283,-0.92307,0.0,null],[113.1642,-0.92049,0.0,null],[113.16767,-0.91756,0.0,null],[113.17147,-0.91781,0.0,null],[113.17484,-0.91627,0.0,null],[113.17706,-0.91588,0.0,null],[113.18026,-0.91114,0.0,null],[113.18296,-0.9124,0.0,null],[113.18555,-0.91176,0.0,null],[113.18611,-0.9111,0.0,null],[113.18577,-0.90933,0.0,null],[113.18774,-0.90942,0.0,null],[113.19045,-0.90857,0.0,null],[113.1911,-0.90632,0.0,null],[113.19312,-0.90529,0.0,null],[113.19543,-0.90541,0.0,null],[113.19546,-0.90387,0.0,null],[113.1977,-0.90351,0.0,null],[113.19679,-0.90215,0.0,null],[113.19724,-0.90119,0.0,null],[113.20106,-0.90078,0.0,null],[113.20687,-0.90166,0.0,null],[113.20895,-0.90366,0.0,null],[113.20893,-0.90447,0.0,null],[113.20993,-0.90549,0.0,null],[113.20974,-0.90761,0.0,null],[113.21064,-0.90801,0.0,null],[113.21228,-0.9067,0.0,null],[113.21381,-0.90718,0.0,null],[113.21521,-0.90632,0.0,null],[113.21595,-0.90504,0.0,null],[113.21476,-0.90347,0.0,null],[113.21521,-0.90137,0.0,null],[113.21619,-0.90183,0.0,null],[113.21681,-0.90376,0.0,null],[113.21793,-0.90382,0.0,null],[113.21787,-0.90511,0.0,null],[113.21829,-0.90534,0.0,null],[113.22167,-0.90492,0.0,null],[113.2224,-0.90385,0.0,null],[113.22366,-0.90362,0.0,null],[113.22368,-0.90253,0.0,null],[113.22626,-0.90383,0.0,null],[113.22727,-0.90177,0.0,null],[113.2294,-0.90078,0.0,null],[113.22966,-0.90173,0.0,null],[113.23122,-0.90085,0.0,null],[113.23367,-0.9017,0.0,null],[113.2355,-0.90122,0.0,null],[113.23565,-0.89963,0.0,null],[113.23708,-0.8988,0.0,null],[113.23798,-0.89666,0.0,null],[113.23884,-0.89166,0.0,null],[113.24067,-0.89119,0.0,null],[113.24415,-0.88812,0.0,null],[113.24474,-0.88743,0.0,null],[113.24493,-0.88548,0.0,null],[113.28555,-0.8831,0.0,null],[113.28514,-0.88212,0.0,null],[113.28598,-0.88067,0.0,null],[113.28657,-0.88162,0.0,null],[113.28717,-0.87979,0.0,null],[113.28988,-0.87808,0.0,null],[113.29014,-0.87634,0.0,null],[113.29183,-0.87617,0.0,null],[113.29221,-0.87448,0.0,null],[113.29414,-0.87372,0.0,null],[113.29502,-0.87258,0.0,null],[113.29578,-0.87308,0.0,null],[113.29626,-0.8726,0.0,null],[113.29609,-0.87182,0.0,null],[113.29721,-0.87099,0.0,null],[113.29726,-0.86951,0.0,null],[113.29802,-0.86946,0.0,null],[113.29785,-0.86768,0.0,null],[113.29871,-0.86737,0.0,null],[113.29933,-0.8633,0.0,null],[113.30043,-0.86519,0.0,null],[113.30009,-0.86611,0.0,null],[113.30063,-0.86616,0.0,null],[113.30093,-0.86528,0.0,null],[113.30171,-0.86492,0.0,null],[113.3029,-0.86523,0.0,null],[113.30263,-0.86711,0.0,null],[113.30437,-0.86635,0.0,null],[113.30442,-0.86727,0.0,null],[113.30511,-0.86652,0.0,null],[113.3045,-0.86561,0.0,null],[113.30673,-0.86425,0.0,null],[113.30984,-0.86466,0.0,null],[113.31018,-0.86394,0.0,null],[113.30673,-0.85916,0.0,null],[113.30532,-0.85302,0.0,null],[113.30523,-0.84843,0.0,null],[113.16708,-0.81494,0.0,null],[113.1578,-0.74882,0.0,null],[113.14384,-0.63412,0.0,null]]]}},{"type":"Feature","properties":{"inventoryId":"big-forestry-ha:63","sector":"PBPH","subtype":"IUPHHK-HA","quality":"OFFICIAL","sourceDataset":"big-forestry-ha","sourceRecordId":"63","source":"BIG Kebijakan Satu Peta","sourceUrl":"https://kspservices.big.go.id/satupeta/rest/services/PUBLIK/PERIZINAN_DAN_PERTANAHAN/MapServer/1","retrievedAt":"2026-08-24T04:32:16Z","geometryProcessing":"web display simplification tolerance 0.00035 degrees","name":"PT GAUNG SATYA GRAHA AGRINDO","permitNumber":"SK.102/Kpts-II/2001","permitDate":"2001-03-15","areaHa":49950.0,"provinceCode":"62","region":"kalimantan"},"geometry":{"type":"Polygon","coordinates":[[[113.03905,-0.61486,0.0,null],[113.038,-0.61443,0.0,null],[113.03429,-0.61568,0.0,null],[113.03389,-0.61318,0.0,null],[113.03049,-0.61128,0.0,null],[113.02669,-0.61238,0.0,null],[113.0209,-0.61558,0.0,null],[112.98549,-0.61778,0.0,null],[112.98139,-0.63248,0.0,null],[112.97749,-0.63558,0.0,null],[112.96899,-0.63418,0.0,null],[112.96459,-0.63088,0.0,null],[112.96229,-0.62618,0.0,null],[112.96379,-0.61978,0.0,null],[112.92469,-0.62288,0.0,null],[112.9434,-0.65088,0.0,null],[112.94711,-0.65139,0.0,null],[112.95163,-0.65294,0.0,null],[112.95565,-0.65618,0.0,null],[112.96513,-0.66086,0.0,null],[112.96806,-0.66287,0.0,null],[112.97015,-0.66484,0.0,null],[112.97303,-0.67617,0.0,null],[112.97423,-0.67908,0.0,null],[112.97694,-0.68169,0.0,null],[112.98387,-0.6838,0.0,null],[112.98859,-0.6844,0.0,null],[112.99274,-0.68627,0.0,null],[112.99593,-0.68967,0.0,null],[112.99763,-0.69279,0.0,null],[112.99794,-0.6949,0.0,null],[112.99743,-0.69771,0.0,null],[112.99603,-0.70153,0.0,null],[112.99452,-0.70364,0.0,null],[112.98608,-0.71077,0.0,null],[112.98458,-0.71278,0.0,null],[112.98377,-0.71704,0.0,null],[112.98528,-0.72407,0.0,null],[112.98508,-0.72749,0.0,null],[112.98287,-0.73382,0.0,null],[112.98287,-0.73583,0.0,null],[112.98387,-0.73974,0.0,null],[112.98628,-0.74482,0.0,null],[112.99171,-0.75235,0.0,null],[112.99301,-0.75737,0.0,null],[112.99231,-0.76269,0.0,null],[112.98657,-0.77777,0.0,null],[112.99117,-0.78697,0.0,null],[112.9921,-0.78997,0.0,null],[112.99194,-0.79199,0.0,null],[112.98157,-0.81887,0.0,null],[112.9769,-0.82729,0.0,null],[112.94877,-0.86347,0.0,null],[112.93038,-0.88552,0.0,null],[112.92652,-0.89074,0.0,null],[112.92627,-0.89454,0.0,null],[112.92509,-0.89438,0.0,null],[112.92383,-0.89306,0.0,null],[112.92214,-0.8944,0.0,null],[112.92197,-0.89503,0.0,null],[112.92321,-0.89669,0.0,null],[112.9226,-0.8993,0.0,null],[112.92109,-0.90038,0.0,null],[112.91975,-0.90257,0.0,null],[112.91664,-0.90353,0.0,null],[112.9106,-0.90486,0.0,null],[112.9051,-0.90402,0.0,null],[112.90459,-0.90458,0.0,null],[112.90424,-0.90757,0.0,null],[112.90234,-0.90886,0.0,null],[112.90148,-0.90873,0.0,null],[112.90337,-0.91592,0.0,null],[112.91081,-0.92596,0.0,null],[112.91412,-0.92903,0.0,null],[112.92546,-0.93411,0.0,null],[112.92794,-0.93671,0.0,null],[112.92972,-0.94109,0.0,null],[112.93206,-0.95496,0.0,null],[112.93586,-0.97045,0.0,null],[112.9374,-0.97317,0.0,null],[112.94189,-0.97836,0.0,null],[112.94366,-0.9799,0.0,null],[112.94933,-0.98238,0.0,null],[112.95406,-0.9825,0.0,null],[112.96197,-0.98404,0.0,null],[112.968,-0.98368,0.0,null],[112.97273,-0.98451,0.0,null],[112.98383,-0.9887,0.0,null],[112.99695,-0.99863,0.0,null],[112.99931,-1.00182,0.0,null],[113.00675,-1.01635,0.0,null],[113.01101,-1.0206,0.0,null],[113.01361,-1.02226,0.0,null],[113.0155,-1.02273,0.0,null],[113.02081,-1.02226,0.0,null],[113.02318,-1.02131,0.0,null],[113.02731,-1.01801,0.0,null],[113.03393,-1.01074,0.0,null],[113.0422,-0.99928,0.0,null],[113.06335,-0.9633,0.0,null],[113.06595,-0.95952,0.0,null],[113.07233,-0.95219,0.0,null],[113.08001,-0.94144,0.0,null],[113.08537,-0.93086,0.0,null],[113.08559,-0.92886,0.0,null],[113.08482,-0.92805,0.0,null],[113.0855,-0.9267,0.0,null],[113.0825,-0.92252,0.0,null],[113.08298,-0.9184,0.0,null],[113.08222,-0.91729,0.0,null],[113.08025,-0.91637,0.0,null],[113.08239,-0.91359,0.0,null],[113.08288,-0.91172,0.0,null],[113.0826,-0.91043,0.0,null],[113.07834,-0.90465,0.0,null],[113.07637,-0.90314,0.0,null],[113.077,-0.90104,0.0,null],[113.0705,-0.89957,0.0,null],[113.07372,-0.89326,0.0,null],[113.07036,-0.89215,0.0,null],[113.06988,-0.89021,0.0,null],[113.06893,-0.88954,0.0,null],[113.06695,-0.88974,0.0,null],[113.06441,-0.89189,0.0,null],[113.06347,-0.89156,0.0,null],[113.06071,-0.88727,0.0,null],[113.06052,-0.88471,0.0,null],[113.05712,-0.88364,0.0,null],[113.05491,-0.88133,0.0,null],[113.05629,-0.87888,0.0,null],[113.05638,-0.87735,0.0,null],[113.05602,-0.87588,0.0,null],[113.05422,-0.87364,0.0,null],[113.05403,-0.87242,0.0,null],[113.05461,-0.86954,0.0,null],[113.05751,-0.86902,0.0,null],[113.05927,-0.86678,0.0,null],[113.06042,-0.86661,0.0,null],[113.06273,-0.86802,0.0,null],[113.06665,-0.86799,0.0,null],[113.06897,-0.86588,0.0,null],[113.07382,-0.8634,0.0,null],[113.07402,-0.86263,0.0,null],[113.07333,-0.86159,0.0,null],[113.07167,-0.86112,0.0,null],[113.06885,-0.86129,0.0,null],[113.06873,-0.8604,0.0,null],[113.07423,-0.856,0.0,null],[113.07823,-0.8517,0.0,null],[113.07899,-0.84826,0.0,null],[113.07721,-0.84569,0.0,null],[113.08262,-0.83936,0.0,null],[113.08319,-0.83787,0.0,null],[113.08295,-0.83564,0.0,null],[113.08494,-0.83489,0.0,null],[113.08805,-0.83585,0.0,null],[113.08975,-0.83489,0.0,null],[113.08962,-0.83162,0.0,null],[113.08868,-0.83001,0.0,null],[113.08706,-0.82922,0.0,null],[113.08721,-0.82778,0.0,null],[113.08783,-0.82757,0.0,null],[113.09018,-0.82854,0.0,null],[113.09154,-0.82716,0.0,null],[113.08903,-0.82643,0.0,null],[113.08801,-0.82559,0.0,null],[113.08546,-0.82632,0.0,null],[113.07918,-0.82612,0.0,null],[113.07658,-0.82541,0.0,null],[113.06985,-0.81974,0.0,null],[113.06063,-0.81017,0.0,null],[113.05591,-0.80166,0.0,null],[113.05532,-0.79641,0.0,null],[113.05591,-0.79286,0.0,null],[113.06323,-0.78104,0.0,null],[113.06441,-0.7788,0.0,null],[113.06441,-0.77715,0.0,null],[113.06347,-0.77478,0.0,null],[113.05662,-0.76409,0.0,null],[113.05473,-0.76031,0.0,null],[113.05402,-0.75641,0.0,null],[113.05543,-0.73331,0.0,null],[113.05413,-0.71972,0.0,null],[113.05295,-0.71559,0.0,null],[113.0526,-0.70909,0.0,null],[113.05354,-0.70271,0.0,null],[113.05473,-0.6994,0.0,null],[113.05331,-0.69231,0.0,null],[113.05378,-0.68558,0.0,null],[113.05543,-0.68002,0.0,null],[113.0565,-0.67813,0.0,null],[113.06489,-0.67435,0.0,null],[113.06972,-0.67991,0.0,null],[113.07142,-0.68285,0.0,null],[113.07332,-0.6896,0.0,null],[113.07384,-0.69902,0.0,null],[113.07643,-0.70585,0.0,null],[113.08093,-0.71234,0.0,null],[113.08263,-0.7132,0.0,null],[113.08464,-0.71005,0.0,null],[113.08596,-0.70967,0.0,null],[113.08896,-0.7101,0.0,null],[113.08987,-0.70893,0.0,null],[113.08816,-0.70449,0.0,null],[113.08781,-0.70207,0.0,null],[113.08918,-0.70041,0.0,null],[113.08919,-0.69877,0.0,null],[113.08836,-0.69755,0.0,null],[113.08644,-0.6966,0.0,null],[113.08524,-0.69448,0.0,null],[113.08564,-0.69064,0.0,null],[113.08522,-0.68867,0.0,null],[113.08449,-0.68767,0.0,null],[113.08415,-0.68499,0.0,null],[113.08243,-0.68222,0.0,null],[113.08386,-0.68036,0.0,null],[113.08437,-0.67822,0.0,null],[113.08565,-0.67724,0.0,null],[113.08578,-0.67651,0.0,null],[113.0838,-0.67487,0.0,null],[113.08327,-0.67362,0.0,null],[113.08105,-0.6727,0.0,null],[113.0783,-0.6702,0.0,null],[113.07653,-0.66965,0.0,null],[113.07584,-0.66645,0.0,null],[113.0739,-0.66495,0.0,null],[113.07156,-0.66468,0.0,null],[113.07075,-0.66383,0.0,null],[113.07033,-0.66196,0.0,null],[113.06732,-0.66197,0.0,null],[113.06718,-0.65896,0.0,null],[113.06302,-0.65688,0.0,null],[113.06271,-0.6535,0.0,null],[113.06053,-0.64982,0.0,null],[113.06116,-0.64909,0.0,null],[113.06106,-0.64728,0.0,null],[113.06053,-0.6467,0.0,null],[113.05884,-0.64656,0.0,null],[113.05727,-0.64837,0.0,null],[113.05612,-0.64886,0.0,null],[113.05198,-0.64846,0.0,null],[113.05052,-0.6502,0.0,null],[113.04979,-0.6426,0.0,null],[113.05478,-0.63858,0.0,null],[113.05493,-0.63666,0.0,null],[113.05391,-0.63486,0.0,null],[113.05437,-0.63437,0.0,null],[113.05567,-0.63483,0.0,null],[113.05682,-0.63313,0.0,null],[113.05623,-0.62919,0.0,null],[113.05262,-0.62264,0.0,null],[113.05252,-0.61932,0.0,null],[113.04955,-0.62062,0.0,null],[113.04609,-0.61715,0.0,null],[113.04313,-0.61611,0.0,null],[113.03943,-0.61625,0.0,null],[113.03905,-0.61486,0.0,null]]]}},{"type":"Feature","properties":{"inventoryId":"big-forestry-ha:146","sector":"PBPH","subtype":"IUPHHK-HA","quality":"OFFICIAL","sourceDataset":"big-forestry-ha","sourceRecordId":"146","source":"BIG Kebijakan Satu Peta","sourceUrl":"https://kspservices.big.go.id/satupeta/rest/services/PUBLIK/PERIZINAN_DAN_PERTANAHAN/MapServer/1","retrievedAt":"2026-08-24T04:32:16Z","geometryProcessing":"web display simplification tolerance 0.00035 degrees","name":"PT GRAHA SENTOSA PERMAI","permitNumber":"SK.381/Menhut-II/2005","permitDate":"2005-11-09","areaHa":44970.0,"provinceCode":"62","region":"kalimantan"},"geometry":{"type":"Polygon","coordinates":[[[112.64934,-0.97247,0.0,null],[112.65141,-0.97169,0.0,null],[112.6547,-0.9731,0.0,null],[112.6578,-0.97301,0.0,null],[112.66017,-0.97429,0.0,null],[112.66039,-0.97539,0.0,null],[112.65793,-0.97828,0.0,null],[112.65808,-0.97929,0.0,null],[112.66138,-0.98194,0.0,null],[112.66354,-0.98162,0.0,null],[112.66416,-0.98209,0.0,null],[112.66441,-0.98692,0.0,null],[112.70653,-0.98692,0.0,null],[112.7063,-0.98507,0.0,null],[112.7105,-0.98265,0.0,null],[112.71241,-0.98053,0.0,null],[112.71246,-0.97979,0.0,null],[112.70587,-0.97359,0.0,null],[112.69992,-0.97225,0.0,null],[112.69944,-0.97442,0.0,null],[112.69852,-0.97484,0.0,null],[112.69257,-0.96934,0.0,null],[112.69263,-0.96836,0.0,null],[112.69587,-0.96505,0.0,null],[112.69382,-0.96053,0.0,null],[112.69349,-0.95809,0.0,null],[112.69191,-0.95585,0.0,null],[112.69531,-0.95308,0.0,null],[112.69628,-0.95161,0.0,null],[112.70085,-0.95253,0.0,null],[112.70146,-0.95423,0.0,null],[112.70019,-0.95465,0.0,null],[112.70021,-0.95518,0.0,null],[112.70294,-0.95488,0.0,null],[112.7086,-0.95044,0.0,null],[112.70957,-0.9479,0.0,null],[112.70974,-0.94555,0.0,null],[112.71344,-0.95059,0.0,null],[112.72143,-0.95953,0.0,null],[112.73355,-0.96607,0.0,null],[112.74391,-0.96742,0.0,null],[112.77271,-0.96817,0.0,null],[112.78146,-0.96976,0.0,null],[112.78907,-0.97243,0.0,null],[112.79653,-0.97621,0.0,null],[112.79936,-0.97302,0.0,null],[112.79905,-0.96428,0.0,null],[112.86229,-0.96436,0.0,null],[112.86226,-0.98058,0.0,null],[112.90494,-0.98063,0.0,null],[112.90494,-1.01839,0.0,null],[112.86847,-1.01758,0.0,null],[112.85077,-1.01666,0.0,null],[112.86606,-1.03572,0.0,null],[112.91518,-1.06859,0.0,null],[112.95573,-1.06701,0.0,null],[112.98946,-1.0642,0.0,null],[112.99754,-1.0529,0.0,null],[112.99863,-1.05243,0.0,null],[112.99694,-1.05106,0.0,null],[112.99612,-1.04916,0.0,null],[112.99654,-1.04677,0.0,null],[112.99939,-1.04415,0.0,null],[113.00369,-1.0436,0.0,null],[113.00347,-1.04208,0.0,null],[113.00108,-1.03928,0.0,null],[112.99617,-1.03718,0.0,null],[112.99075,-1.0357,0.0,null],[112.98876,-1.03441,0.0,null],[112.9828,-1.02759,0.0,null],[112.98192,-1.02536,0.0,null],[112.9819,-1.02194,0.0,null],[112.97853,-1.01905,0.0,null],[112.97593,-1.01823,0.0,null],[112.9731,-1.01922,0.0,null],[112.9717,-1.01886,0.0,null],[112.97139,-1.01817,0.0,null],[112.97243,-1.01395,0.0,null],[112.97548,-1.0083,0.0,null],[112.97238,-1.0063,0.0,null],[112.96904,-1.00147,0.0,null],[112.96715,-0.99983,0.0,null],[112.96385,-0.99846,0.0,null],[112.95405,-0.99821,0.0,null],[112.95095,-0.99434,0.0,null],[112.94946,-0.99378,0.0,null],[112.94771,-0.99616,0.0,null],[112.94801,-1.00255,0.0,null],[112.94643,-1.00431,0.0,null],[112.94428,-1.00424,0.0,null],[112.94251,-1.00297,0.0,null],[112.94135,-1.0,0.0,null],[112.93979,-0.99815,0.0,null],[112.9371,-0.99689,0.0,null],[112.93244,-0.99585,0.0,null],[112.93002,-0.99259,0.0,null],[112.92799,-0.99295,0.0,null],[112.92366,-0.99546,0.0,null],[112.92254,-0.9951,0.0,null],[112.92194,-0.99568,0.0,null],[112.92049,-0.9949,0.0,null],[112.9197,-0.99119,0.0,null],[112.92138,-0.98959,0.0,null],[112.92297,-0.98891,0.0,null],[112.92278,-0.98751,0.0,null],[112.92127,-0.98592,0.0,null],[112.91857,-0.98571,0.0,null],[112.91473,-0.98805,0.0,null],[112.91291,-0.98677,0.0,null],[112.9122,-0.98499,0.0,null],[112.91261,-0.98263,0.0,null],[112.91471,-0.97899,0.0,null],[112.91571,-0.97471,0.0,null],[112.91795,-0.97032,0.0,null],[112.91771,-0.9679,0.0,null],[112.91559,-0.96356,0.0,null],[112.91539,-0.95827,0.0,null],[112.91229,-0.95392,0.0,null],[112.91195,-0.95232,0.0,null],[112.91303,-0.95053,0.0,null],[112.91528,-0.95059,0.0,null],[112.91788,-0.95153,0.0,null],[112.91752,-0.94462,0.0,null],[112.91689,-0.94229,0.0,null],[112.9203,-0.94007,0.0,null],[112.91858,-0.93841,0.0,null],[112.91334,-0.93783,0.0,null],[112.91065,-0.94134,0.0,null],[112.90856,-0.94064,0.0,null],[112.90479,-0.93641,0.0,null],[112.90672,-0.93286,0.0,null],[112.90665,-0.93204,0.0,null],[112.90294,-0.9288,0.0,null],[112.90128,-0.92834,0.0,null],[112.89859,-0.92872,0.0,null],[112.89784,-0.92811,0.0,null],[112.89826,-0.92635,0.0,null],[112.90067,-0.92239,0.0,null],[112.90102,-0.91997,0.0,null],[112.8935,-0.91357,0.0,null],[112.89405,-0.91227,0.0,null],[112.89867,-0.90723,0.0,null],[112.90066,-0.90643,0.0,null],[112.90269,-0.90734,0.0,null],[112.90354,-0.90717,0.0,null],[112.90498,-0.90377,0.0,null],[112.91063,-0.90458,0.0,null],[112.9143,-0.90332,0.0,null],[112.9171,-0.90311,0.0,null],[112.92013,-0.90172,0.0,null],[112.92047,-0.90035,0.0,null],[112.92211,-0.89915,0.0,null],[112.92288,-0.89709,0.0,null],[112.92148,-0.89526,0.0,null],[112.92214,-0.89332,0.0,null],[112.92417,-0.89253,0.0,null],[112.92527,-0.89408,0.0,null],[112.92622,-0.89394,0.0,null],[112.92628,-0.89163,0.0,null],[112.92548,-0.88919,0.0,null],[112.92763,-0.88453,0.0,null],[112.92756,-0.88155,0.0,null],[112.92302,-0.88009,0.0,null],[112.92252,-0.87907,0.0,null],[112.92199,-0.87487,0.0,null],[112.92363,-0.87391,0.0,null],[112.92456,-0.87149,0.0,null],[112.92377,-0.86821,0.0,null],[112.92457,-0.86393,0.0,null],[112.93548,-0.85859,0.0,null],[112.93536,-0.85788,0.0,null],[112.9333,-0.85761,0.0,null],[112.93258,-0.85385,0.0,null],[112.93453,-0.85334,0.0,null],[112.9392,-0.85008,0.0,null],[112.93942,-0.84878,0.0,null],[112.93875,-0.84722,0.0,null],[112.9391,-0.84628,0.0,null],[112.94663,-0.83979,0.0,null],[112.94629,-0.83797,0.0,null],[112.94493,-0.83665,0.0,null],[112.945,-0.83476,0.0,null],[112.94593,-0.83468,0.0,null],[112.94643,-0.8354,0.0,null],[112.94823,-0.83572,0.0,null],[112.95088,-0.83737,0.0,null],[112.95064,-0.83478,0.0,null],[112.94845,-0.83183,0.0,null],[112.94921,-0.83028,0.0,null],[112.95358,-0.82951,0.0,null],[112.95533,-0.83056,0.0,null],[112.95623,-0.83045,0.0,null],[112.95737,-0.82886,0.0,null],[112.95699,-0.82629,0.0,null],[112.95972,-0.82668,0.0,null],[112.96249,-0.82564,0.0,null],[112.96878,-0.82516,0.0,null],[112.97473,-0.82519,0.0,null],[112.97702,-0.82569,0.0,null],[112.97693,-0.8237,0.0,null],[112.97551,-0.82133,0.0,null],[112.97568,-0.81839,0.0,null],[112.97393,-0.81858,0.0,null],[112.97209,-0.81712,0.0,null],[112.97343,-0.81598,0.0,null],[112.97496,-0.81555,0.0,null],[112.97596,-0.81335,0.0,null],[112.97737,-0.81335,0.0,null],[112.98067,-0.80703,0.0,null],[112.98149,-0.80671,0.0,null],[112.98319,-0.80715,0.0,null],[112.98558,-0.80404,0.0,null],[112.98358,-0.80166,0.0,null],[112.98348,-0.8003,0.0,null],[112.98696,-0.79601,0.0,null],[112.98736,-0.79466,0.0,null],[112.99023,-0.79229,0.0,null],[112.991,-0.79094,0.0,null],[112.9909,-0.78991,0.0,null],[112.9858,-0.79052,0.0,null],[112.98369,-0.79007,0.0,null],[112.98382,-0.78883,0.0,null],[112.98536,-0.78812,0.0,null],[112.98609,-0.78654,0.0,null],[112.98523,-0.78104,0.0,null],[112.98389,-0.78244,0.0,null],[112.98288,-0.78621,0.0,null],[112.98207,-0.78623,0.0,null],[112.98218,-0.7842,0.0,null],[112.9804,-0.77972,0.0,null],[112.97917,-0.7827,0.0,null],[112.97661,-0.78383,0.0,null],[112.97626,-0.78625,0.0,null],[112.97388,-0.78697,0.0,null],[112.97242,-0.78512,0.0,null],[112.97239,-0.78304,0.0,null],[112.97011,-0.78253,0.0,null],[112.97062,-0.78081,0.0,null],[112.97035,-0.77964,0.0,null],[112.9685,-0.77818,0.0,null],[112.96634,-0.77836,0.0,null],[112.96493,-0.77665,0.0,null],[112.9637,-0.77649,0.0,null],[112.9619,-0.7773,0.0,null],[112.96318,-0.77274,0.0,null],[112.96192,-0.77121,0.0,null],[112.96194,-0.76922,0.0,null],[112.95987,-0.76817,0.0,null],[112.96144,-0.76573,0.0,null],[112.96133,-0.76311,0.0,null],[112.9596,-0.76427,0.0,null],[112.95879,-0.76203,0.0,null],[112.95794,-0.76201,0.0,null],[112.95722,-0.76269,0.0,null],[112.957,-0.76564,0.0,null],[112.95529,-0.76589,0.0,null],[112.95601,-0.76354,0.0,null],[112.95493,-0.76327,0.0,null],[112.95322,-0.76565,0.0,null],[112.95185,-0.76585,0.0,null],[112.9512,-0.76551,0.0,null],[112.95035,-0.76357,0.0,null],[112.94767,-0.76423,0.0,null],[112.94707,-0.76242,0.0,null],[112.94529,-0.76425,0.0,null],[112.94338,-0.7628,0.0,null],[112.9415,-0.76391,0.0,null],[112.93982,-0.76344,0.0,null],[112.93937,-0.76261,0.0,null],[112.92779,-0.76176,0.0,null],[112.92042,-0.77137,0.0,null],[112.92302,-0.78655,0.0,null],[112.92112,-0.79669,0.0,null],[112.92727,-0.81624,0.0,null],[112.91227,-0.82052,0.0,null],[112.90529,-0.81377,0.0,null],[112.89807,-0.81952,0.0,null],[112.89449,-0.83145,0.0,null],[112.88123,-0.84886,0.0,null],[112.87426,-0.86162,0.0,null],[112.87119,-0.87133,0.0,null],[112.86058,-0.8791,0.0,null],[112.79283,-0.86149,0.0,null],[112.79379,-0.8515,0.0,null],[112.78104,-0.84305,0.0,null],[112.75938,-0.84678,0.0,null],[112.76198,-0.89066,0.0,null],[112.75163,-0.90085,0.0,null],[112.73498,-0.89719,0.0,null],[112.72355,-0.87579,0.0,null],[112.68548,-0.90194,0.0,null],[112.67713,-0.91655,0.0,null],[112.66283,-0.91312,0.0,null],[112.65247,-0.91196,0.0,null],[112.64956,-0.91275,0.0,null],[112.65153,-0.91345,0.0,null],[112.65176,-0.91885,0.0,null],[112.6552,-0.91851,0.0,null],[112.65474,-0.92016,0.0,null],[112.6517,-0.92197,0.0,null],[112.65284,-0.92805,0.0,null],[112.65092,-0.93047,0.0,null],[112.65081,-0.93292,0.0,null],[112.65522,-0.93712,0.0,null],[112.65601,-0.93899,0.0,null],[112.65556,-0.93996,0.0,null],[112.65178,-0.94252,0.0,null],[112.65285,-0.94343,0.0,null],[112.65229,-0.94533,0.0,null],[112.65266,-0.95011,0.0,null],[112.65207,-0.95802,0.0,null],[112.64846,-0.96095,0.0,null],[112.6467,-0.96398,0.0,null],[112.64672,-0.97328,0.0,null],[112.64712,-0.97359,0.0,null],[112.64934,-0.97247,0.0,null]]]}},{"type":"Feature","properties":{"inventoryId":"big-forestry-ha:36","sector":"PBPH","subtype":"IUPHHK-HA","quality":"OFFICIAL","sourceDataset":"big-forestry-ha","sourceRecordId":"36","source":"BIG Kebijakan Satu Peta","sourceUrl":"https://kspservices.big.go.id/satupeta/rest/services/PUBLIK/PERIZINAN_DAN_PERTANAHAN/MapServer/1","retrievedAt":"2026-08-24T04:32:16Z","geometryProcessing":"web display simplification tolerance 0.00035 degrees","name":"PT GREATY SUKSES ABADI","permitNumber":"SK.634/Menhut-II/2013","permitDate":"2013-01-09","areaHa":39190.0,"provinceCode":"64","region":"kalimantan"},"geometry":{"type":"Polygon","coordinates":[[[116.33112,-1.11983,0.0,null],[116.32986,-1.11645,0.0,null],[116.33008,-1.1155,0.0,null],[116.32761,-1.11571,0.0,null],[116.31722,-1.12453,0.0,null],[116.1735,-1.16832,0.0,null],[116.14639,-1.1788,0.0,null],[116.14944,-1.18385,0.0,null],[116.14887,-1.18421,0.0,null],[116.15181,-1.18851,0.0,null],[116.15324,-1.19327,0.0,null],[116.15609,-1.1966,0.0,null],[116.16275,-1.20231,0.0,null],[116.16751,-1.2054,0.0,null],[116.17275,-1.20588,0.0,null],[116.17489,-1.20778,0.0,null],[116.18107,-1.21682,0.0,null],[116.18916,-1.21896,0.0,null],[116.19416,-1.22372,0.0,null],[116.19678,-1.22777,0.0,null],[116.20511,-1.23134,0.0,null],[116.21129,-1.233,0.0,null],[116.21819,-1.23324,0.0,null],[116.22248,-1.23134,0.0,null],[116.22486,-1.22801,0.0,null],[116.22676,-1.22134,0.0,null],[116.23033,-1.21254,0.0,null],[116.23271,-1.20992,0.0,null],[116.24009,-1.20992,0.0,null],[116.24603,-1.21254,0.0,null],[116.24984,-1.22325,0.0,null],[116.25555,-1.2242,0.0,null],[116.25983,-1.24276,0.0,null],[116.25983,-1.24609,0.0,null],[116.25856,-1.24668,0.0,null],[116.25759,-1.24813,0.0,null],[116.26058,-1.24809,0.0,null],[116.3066,-1.22299,0.0,null],[116.33179,-1.22923,0.0,null],[116.33131,-1.22566,0.0,null],[116.33226,-1.22395,0.0,null],[116.33188,-1.22053,0.0,null],[116.33311,-1.21301,0.0,null],[116.33511,-1.21129,0.0,null],[116.33559,-1.21015,0.0,null],[116.33768,-1.2091,0.0,null],[116.34054,-1.21025,0.0,null],[116.34435,-1.20967,0.0,null],[116.34596,-1.21025,0.0,null],[116.34653,-1.20739,0.0,null],[116.34768,-1.20539,0.0,null],[116.35063,-1.20377,0.0,null],[116.35377,-1.20111,0.0,null],[116.35367,-1.20035,0.0,null],[116.35063,-1.1993,0.0,null],[116.34501,-1.19473,0.0,null],[116.34197,-1.19321,0.0,null],[116.3393,-1.19054,0.0,null],[116.33835,-1.18645,0.0,null],[116.33549,-1.18302,0.0,null],[116.33388,-1.18331,0.0,null],[116.33264,-1.18245,0.0,null],[116.33245,-1.18007,0.0,null],[116.33026,-1.17665,0.0,null],[116.32816,-1.17465,0.0,null],[116.32807,-1.17065,0.0,null],[116.32702,-1.16999,0.0,null],[116.32245,-1.16941,0.0,null],[116.32179,-1.16856,0.0,null],[116.32169,-1.16513,0.0,null],[116.32074,-1.16199,0.0,null],[116.31931,-1.16085,0.0,null],[116.31912,-1.15866,0.0,null],[116.31703,-1.15752,0.0,null],[116.31589,-1.15523,0.0,null],[116.31513,-1.15466,0.0,null],[116.30846,-1.15419,0.0,null],[116.30742,-1.15238,0.0,null],[116.3058,-1.15285,0.0,null],[116.3037,-1.15181,0.0,null],[116.30421,-1.15001,0.0,null],[116.30718,-1.14679,0.0,null],[116.30915,-1.14662,0.0,null],[116.30974,-1.14254,0.0,null],[116.31139,-1.14062,0.0,null],[116.31098,-1.1378,0.0,null],[116.31441,-1.13405,0.0,null],[116.31817,-1.13465,0.0,null],[116.32214,-1.13415,0.0,null],[116.32362,-1.13314,0.0,null],[116.32509,-1.13378,0.0,null],[116.32618,-1.13116,0.0,null],[116.32865,-1.13166,0.0,null],[116.33188,-1.12999,0.0,null],[116.33171,-1.12401,0.0,null],[116.33579,-1.12358,0.0,null],[116.33597,-1.12287,0.0,null],[116.33445,-1.12125,0.0,null],[116.33112,-1.11983,0.0,null]]]}},{"type":"Feature","properties":{"inventoryId":"big-forestry-ha:98","sector":"PBPH","subtype":"IUPHHK-HA","quality":"OFFICIAL","sourceDataset":"big-forestry-ha","sourceRecordId":"98","source":"BIG Kebijakan Satu Peta","sourceUrl":"https://kspservices.big.go.id/satupeta/rest/services/PUBLIK/PERIZINAN_DAN_PERTANAHAN/MapServer/1","retrievedAt":"2026-08-24T04:32:16Z","geometryProcessing":"web display simplification tolerance 0.00035 degrees","name":"PT GREATY SUKSES ABADI UNIT SUNGAI TELAKAI","permitNumber":"SK.24/Menhut-II/2013","permitDate":"2013-01-09","areaHa":39190.0,"provinceCode":"64","region":"kalimantan"},"geometry":{"type":"Polygon","coordinates":[[[116.10427,-1.31661,0.0,null],[116.10427,-1.30695,0.0,null],[116.09922,-1.30573,0.0,null],[116.08047,-1.29536,0.0,null],[116.06732,-1.27766,0.0,null],[116.05922,-1.26207,0.0,null],[116.05634,-1.24304,0.0,null],[116.03997,-1.24304,0.0,null],[116.0312,-1.25854,0.0,null],[116.01772,-1.28778,0.0,null],[116.01387,-1.30265,0.0,null],[116.01321,-1.31458,0.0,null],[116.01705,-1.33489,0.0,null],[116.02473,-1.3563,0.0,null],[116.02786,-1.36871,0.0,null],[116.02431,-1.37983,0.0,null],[116.01864,-1.38787,0.0,null],[116.02555,-1.40221,0.0,null],[116.02765,-1.4214,0.0,null],[116.0291,-1.42356,0.0,null],[116.02754,-1.42861,0.0,null],[116.02965,-1.43943,0.0,null],[116.01445,-1.47421,0.0,null],[116.01661,-1.48848,0.0,null],[116.01623,-1.48878,0.0,null],[116.0506,-1.51644,0.0,null],[116.06213,-1.52795,0.0,null],[116.06829,-1.54108,0.0,null],[116.06902,-1.56191,0.0,null],[116.07419,-1.56149,0.0,null],[116.07642,-1.55405,0.0,null],[116.13012,-1.47155,0.0,null],[116.13206,-1.47227,0.0,null],[116.14316,-1.45535,0.0,null],[116.14099,-1.45313,0.0,null],[116.14316,-1.44842,0.0,null],[116.14526,-1.44698,0.0,null],[116.14526,-1.44409,0.0,null],[116.16268,-1.42301,0.0,null],[116.16452,-1.42379,0.0,null],[116.18831,-1.38839,0.0,null],[116.19558,-1.38029,0.0,null],[116.19492,-1.37619,0.0,null],[116.19853,-1.36395,0.0,null],[116.19058,-1.34788,0.0,null],[116.18602,-1.34387,0.0,null],[116.1759,-1.34203,0.0,null],[116.16063,-1.32662,0.0,null],[116.15901,-1.32695,0.0,null],[116.15162,-1.32359,0.0,null],[116.1508,-1.32234,0.0,null],[116.15135,-1.32102,0.0,null],[116.15104,-1.31659,0.0,null],[116.10427,-1.31661,0.0,null]]]}},{"type":"Feature","properties":{"inventoryId":"big-forestry-ha:30","sector":"PBPH","subtype":"IUPHHK-HA","quality":"OFFICIAL","sourceDataset":"big-forestry-ha","sourceRecordId":"30","source":"BIG Kebijakan Satu Peta","sourceUrl":"https://kspservices.big.go.id/satupeta/rest/services/PUBLIK/PERIZINAN_DAN_PERTANAHAN/MapServer/1","retrievedAt":"2026-08-24T04:32:16Z","geometryProcessing":"web display simplification tolerance 0.00035 degrees","name":"PT GUNUNG GAJAH ABADI","permitNumber":"SK.469/Menhut-II/2012","permitDate":"2012-08-29","areaHa":74980.0,"provinceCode":"64","region":"kalimantan"},"geometry":{"type":"Polygon","coordinates":[[[116.93999,1.52338,0.0,null],[116.92575,1.56397,0.0,null],[116.91273,1.58503,0.0,null],[116.91082,1.58995,0.0,null],[116.91055,1.59914,0.0,null],[116.8002,1.63283,0.0,null],[116.80634,1.60899,0.0,null],[116.79987,1.58406,0.0,null],[116.79034,1.57359,0.0,null],[116.7785,1.55704,0.0,null],[116.76752,1.541,0.0,null],[116.76381,1.5336,0.0,null],[116.75909,1.5259,0.0,null],[116.7533,1.52097,0.0,null],[116.75063,1.51938,0.0,null],[116.74564,1.51735,0.0,null],[116.74362,1.5171,0.0,null],[116.73451,1.5182,0.0,null],[116.72463,1.52084,0.0,null],[116.7148,1.52228,0.0,null],[116.71192,1.51884,0.0,null],[116.70795,1.50699,0.0,null],[116.68142,1.4766,0.0,null],[116.67915,1.46799,0.0,null],[116.68709,1.44145,0.0,null],[116.6859,1.42049,0.0,null],[116.68704,1.41523,0.0,null],[116.80336,1.34016,0.0,null],[116.81456,1.34937,0.0,null],[116.84298,1.36332,0.0,null],[116.89275,1.33996,0.0,null],[116.9006,1.33379,0.0,null],[116.92083,1.34497,0.0,null],[117.03278,1.4155,0.0,null],[116.97123,1.51038,0.0,null],[116.96879,1.51143,0.0,null],[116.96539,1.51072,0.0,null],[116.96369,1.50462,0.0,null],[116.96304,1.4945,0.0,null],[116.96065,1.49132,0.0,null],[116.95769,1.49022,0.0,null],[116.95374,1.49045,0.0,null],[116.95131,1.49203,0.0,null],[116.9495,1.49486,0.0,null],[116.94499,1.50656,0.0,null],[116.93999,1.52338,0.0,null]]]}},{"type":"Feature","properties":{"inventoryId":"big-forestry-ha:85","sector":"PBPH","subtype":"IUPHHK-HA","quality":"OFFICIAL","sourceDataset":"big-forestry-ha","sourceRecordId":"85","source":"BIG Kebijakan Satu Peta","sourceUrl":"https://kspservices.big.go.id/satupeta/rest/services/PUBLIK/PERIZINAN_DAN_PERTANAHAN/MapServer/1","retrievedAt":"2026-08-24T04:32:16Z","geometryProcessing":"web display simplification tolerance 0.00035 degrees","name":"PT GUNUNG MERANTI","permitNumber":"SK.941/Kpts-VI/1999","permitDate":"1999-10-14","areaHa":95265.0,"provinceCode":"62","region":"kalimantan"},"geometry":{"type":"Polygon","coordinates":[[[114.02692,-0.27258,0.0,null],[113.93152,-0.27332,0.0,null],[113.87808,-0.27565,0.0,null],[113.7945,-0.27575,0.0,null],[113.77278,-0.27649,0.0,null],[113.78617,-0.50298,0.0,null],[113.80548,-0.50153,0.0,null],[113.80713,-0.53809,0.0,null],[113.84833,-0.53711,0.0,null],[113.87512,-0.5813,0.0,null],[113.87268,-0.60059,0.0,null],[113.90747,-0.67908,0.0,null],[113.92493,-0.6795,0.0,null],[113.92712,-0.68268,0.0,null],[113.93011,-0.69031,0.0,null],[113.93408,-0.69098,0.0,null],[113.93628,-0.69531,0.0,null],[113.93732,-0.69928,0.0,null],[113.9411,-0.70001,0.0,null],[113.9447,-0.6991,0.0,null],[113.94769,-0.70111,0.0,null],[113.95209,-0.70209,0.0,null],[113.95428,-0.7049,0.0,null],[113.95691,-0.7066,0.0,null],[113.95892,-0.7088,0.0,null],[113.96051,-0.71588,0.0,null],[113.9635,-0.71259,0.0,null],[113.96631,-0.71149,0.0,null],[113.96771,-0.70972,0.0,null],[113.97113,-0.70831,0.0,null],[113.9729,-0.70569,0.0,null],[113.97449,-0.70178,0.0,null],[113.97632,-0.70001,0.0,null],[113.97528,-0.69629,0.0,null],[113.97913,-0.69312,0.0,null],[113.98169,-0.68909,0.0,null],[113.98248,-0.68671,0.0,null],[113.98413,-0.68701,0.0,null],[113.98413,-0.6825,0.0,null],[113.98688,-0.68048,0.0,null],[113.98871,-0.67749,0.0,null],[113.99689,-0.65869,0.0,null],[113.99908,-0.6521,0.0,null],[114.00568,-0.65332,0.0,null],[114.06637,-0.63857,0.0,null],[114.06663,-0.62531,0.0,null],[114.05328,-0.61719,0.0,null],[114.04669,-0.60358,0.0,null],[114.0437,-0.57141,0.0,null],[114.04608,-0.55609,0.0,null],[114.02991,-0.52771,0.0,null],[114.0213,-0.52283,0.0,null],[114.01892,-0.51178,0.0,null],[114.02008,-0.48132,0.0,null],[114.0213,-0.46802,0.0,null],[114.02368,-0.45001,0.0,null],[114.02808,-0.43488,0.0,null],[114.0293,-0.42499,0.0,null],[114.02753,-0.3905,0.0,null],[114.0293,-0.3725,0.0,null],[114.02209,-0.34772,0.0,null],[114.01929,-0.33081,0.0,null],[114.01868,-0.31989,0.0,null],[114.0199,-0.30621,0.0,null],[114.02692,-0.27258,0.0,null]],[[113.91309,-0.39648,0.0,null],[113.92548,-0.39178,0.0,null],[113.92987,-0.38013,0.0,null],[113.93591,-0.37421,0.0,null],[113.9527,-0.36133,0.0,null],[113.9599,-0.3504,0.0,null],[113.96149,-0.34131,0.0,null],[113.94873,-0.315,0.0,null],[113.96509,-0.30341,0.0,null],[113.99988,-0.31781,0.0,null],[114.0127,-0.33551,0.0,null],[114.01508,-0.36932,0.0,null],[114.00232,-0.3866,0.0,null],[113.98029,-0.41479,0.0,null],[113.98169,-0.42218,0.0,null],[113.98907,-0.43842,0.0,null],[113.99109,-0.4505,0.0,null],[113.96613,-0.45459,0.0,null],[113.96271,-0.43378,0.0,null],[113.9361,-0.41589,0.0,null],[113.8999,-0.44769,0.0,null],[113.88989,-0.43451,0.0,null],[113.89093,-0.42828,0.0,null],[113.89447,-0.4248,0.0,null],[113.89368,-0.42242,0.0,null],[113.89587,-0.41498,0.0,null],[113.89752,-0.41321,0.0,null],[113.90393,-0.41211,0.0,null],[113.91388,-0.40259,0.0,null],[113.91309,-0.39648,0.0,null]],[[113.87207,-0.45032,0.0,null],[113.88373,-0.45361,0.0,null],[113.89288,-0.46381,0.0,null],[113.89349,-0.4682,0.0,null],[113.8963,-0.4751,0.0,null],[113.8905,-0.47198,0.0,null],[113.89331,-0.47931,0.0,null],[113.88373,-0.47479,0.0,null],[113.87592,-0.47351,0.0,null],[113.86328,-0.47241,0.0,null],[113.86188,-0.4671,0.0,null],[113.8559,-0.46161,0.0,null],[113.84369,-0.4696,0.0,null],[113.83612,-0.4801,0.0,null],[113.82391,-0.47791,0.0,null],[113.82147,-0.47931,0.0,null],[113.81049,-0.46741,0.0,null],[113.80872,-0.46283,0.0,null],[113.80969,-0.45032,0.0,null],[113.83008,-0.41949,0.0,null],[113.83789,-0.40051,0.0,null],[113.85052,-0.40051,0.0,null],[113.85553,-0.42688,0.0,null],[113.85449,-0.43298,0.0,null],[113.86572,-0.44031,0.0,null],[113.87207,-0.45032,0.0,null]]]}},{"type":"Feature","properties":{"inventoryId":"big-forestry-ha:158","sector":"PBPH","subtype":"IUPHHK-HA","quality":"OFFICIAL","sourceDataset":"big-forestry-ha","sourceRecordId":"158","source":"BIG Kebijakan Satu Peta","sourceUrl":"https://kspservices.big.go.id/satupeta/rest/services/PUBLIK/PERIZINAN_DAN_PERTANAHAN/MapServer/1","retrievedAt":"2026-08-24T04:32:16Z","geometryProcessing":"web display simplification tolerance 0.00035 degrees","name":"PT GUNUNG SIDI SUKSES MAKMUR","permitNumber":"SK.123/Menhut-II/2010","permitDate":"2010-03-18","areaHa":34255.0,"provinceCode":"65","region":"kalimantan"},"geometry":{"type":"MultiPolygon","coordinates":[[[[116.45862,3.04887,0.0,null],[116.4574,3.0498,0.0,null],[116.45626,3.05207,0.0,null],[116.45644,3.05351,0.0,null],[116.45783,3.056,0.0,null],[116.4578,3.05806,0.0,null],[116.45443,3.07238,0.0,null],[116.45499,3.07349,0.0,null],[116.45613,3.07407,0.0,null],[116.45587,3.07433,0.0,null],[116.45995,3.07476,0.0,null],[116.45145,3.08836,0.0,null],[116.44831,3.08385,0.0,null],[116.44714,3.08034,0.0,null],[116.43718,3.06452,0.0,null],[116.4281,3.05281,0.0,null],[116.41375,3.04402,0.0,null],[116.40233,3.03817,0.0,null],[116.39101,3.03042,0.0,null],[116.39061,3.01878,0.0,null],[116.38884,3.01672,0.0,null],[116.39001,3.01211,0.0,null],[116.30548,2.95318,0.0,null],[116.27717,2.94121,0.0,null],[116.24859,2.9348,0.0,null],[116.24695,2.99811,0.0,null],[116.23401,2.98108,0.0,null],[116.21423,2.95862,0.0,null],[116.19244,2.93951,0.0,null],[116.17472,2.94198,0.0,null],[116.16023,2.93271,0.0,null],[116.20622,2.85975,0.0,null],[116.20746,2.85668,0.0,null],[116.20952,2.8547,0.0,null],[116.21151,2.85469,0.0,null],[116.21298,2.85372,0.0,null],[116.21187,2.85069,0.0,null],[116.2143,2.84813,0.0,null],[116.2136,2.8464,0.0,null],[116.21569,2.84419,0.0,null],[116.21585,2.84153,0.0,null],[116.21833,2.84167,0.0,null],[116.21919,2.84117,0.0,null],[116.22195,2.83659,0.0,null],[116.22409,2.83941,0.0,null],[116.22691,2.84087,0.0,null],[116.22993,2.84348,0.0,null],[116.2307,2.84604,0.0,null],[116.23222,2.84567,0.0,null],[116.23248,2.84608,0.0,null],[116.23509,2.84614,0.0,null],[116.23592,2.84697,0.0,null],[116.23759,2.8466,0.0,null],[116.24186,2.84165,0.0,null],[116.24285,2.84171,0.0,null],[116.24791,2.84462,0.0,null],[116.2499,2.84443,0.0,null],[116.25367,2.84515,0.0,null],[116.25528,2.8469,0.0,null],[116.2548,2.84865,0.0,null],[116.25604,2.85262,0.0,null],[116.25633,2.85681,0.0,null],[116.25751,2.85922,0.0,null],[116.26022,2.86235,0.0,null],[116.26072,2.86583,0.0,null],[116.26245,2.8684,0.0,null],[116.26251,2.87254,0.0,null],[116.26384,2.87369,0.0,null],[116.2651,2.87366,0.0,null],[116.26658,2.87492,0.0,null],[116.26854,2.87531,0.0,null],[116.27058,2.87851,0.0,null],[116.27117,2.88098,0.0,null],[116.27094,2.88787,0.0,null],[116.27169,2.89272,0.0,null],[116.27108,2.89493,0.0,null],[116.27211,2.89743,0.0,null],[116.27195,2.90331,0.0,null],[116.27357,2.91199,0.0,null],[116.27682,2.91588,0.0,null],[116.27938,2.916,0.0,null],[116.28203,2.91793,0.0,null],[116.28781,2.92044,0.0,null],[116.29003,2.92303,0.0,null],[116.29475,2.92562,0.0,null],[116.30006,2.93119,0.0,null],[116.30109,2.9316,0.0,null],[116.30675,2.93223,0.0,null],[116.31771,2.93052,0.0,null],[116.31962,2.92915,0.0,null],[116.32169,2.92612,0.0,null],[116.3225,2.926,0.0,null],[116.32695,2.92989,0.0,null],[116.33062,2.93052,0.0,null],[116.33495,2.93021,0.0,null],[116.33649,2.9308,0.0,null],[116.33676,2.9338,0.0,null],[116.33787,2.93617,0.0,null],[116.34267,2.93998,0.0,null],[116.3461,2.94583,0.0,null],[116.34805,2.94557,0.0,null],[116.35033,2.94678,0.0,null],[116.35263,2.94521,0.0,null],[116.35509,2.94611,0.0,null],[116.35693,2.94749,0.0,null],[116.35889,2.94728,0.0,null],[116.36022,2.9492,0.0,null],[116.36164,2.94971,0.0,null],[116.36462,2.9492,0.0,null],[116.36568,2.94748,0.0,null],[116.36673,2.94732,0.0,null],[116.36963,2.953,0.0,null],[116.37045,2.95315,0.0,null],[116.37356,2.95144,0.0,null],[116.37417,2.95433,0.0,null],[116.37709,2.9555,0.0,null],[116.37905,2.95524,0.0,null],[116.38041,2.95294,0.0,null],[116.3826,2.95402,0.0,null],[116.38719,2.95355,0.0,null],[116.38929,2.95786,0.0,null],[116.39206,2.95909,0.0,null],[116.39707,2.96469,0.0,null],[116.39809,2.96426,0.0,null],[116.3983,2.96065,0.0,null],[116.39909,2.96018,0.0,null],[116.40217,2.96111,0.0,null],[116.40361,2.9654,0.0,null],[116.40558,2.96653,0.0,null],[116.40808,2.96666,0.0,null],[116.40999,2.96338,0.0,null],[116.41125,2.96315,0.0,null],[116.41424,2.96828,0.0,null],[116.41615,2.97479,0.0,null],[116.41894,2.97353,0.0,null],[116.42067,2.97609,0.0,null],[116.4252,2.97654,0.0,null],[116.42764,2.97894,0.0,null],[116.42824,2.9801,0.0,null],[116.42808,2.98084,0.0,null],[116.42662,2.98196,0.0,null],[116.42686,2.98551,0.0,null],[116.42878,2.98651,0.0,null],[116.4303,2.98635,0.0,null],[116.43136,2.98759,0.0,null],[116.42964,2.99182,0.0,null],[116.43018,2.99336,0.0,null],[116.4323,2.99534,0.0,null],[116.43114,2.99803,0.0,null],[116.4312,3.0,0.0,null],[116.43314,3.00196,0.0,null],[116.43609,3.00168,0.0,null],[116.43698,3.00366,0.0,null],[116.43886,3.00515,0.0,null],[116.44106,3.00862,0.0,null],[116.44107,3.00973,0.0,null],[116.43711,3.00926,0.0,null],[116.43474,3.00989,0.0,null],[116.43393,3.01075,0.0,null],[116.43409,3.01227,0.0,null],[116.43638,3.01603,0.0,null],[116.43629,3.01754,0.0,null],[116.43496,3.01939,0.0,null],[116.43518,3.0207,0.0,null],[116.43591,3.02154,0.0,null],[116.43692,3.02133,0.0,null],[116.43884,3.01816,0.0,null],[116.4403,3.01778,0.0,null],[116.44114,3.01858,0.0,null],[116.44074,3.0203,0.0,null],[116.44163,3.02228,0.0,null],[116.44172,3.02472,0.0,null],[116.44249,3.02544,0.0,null],[116.44382,3.02525,0.0,null],[116.44527,3.02332,0.0,null],[116.44687,3.02323,0.0,null],[116.44932,3.02408,0.0,null],[116.45173,3.0267,0.0,null],[116.45492,3.02589,0.0,null],[116.45657,3.02739,0.0,null],[116.45998,3.029,0.0,null],[116.45945,3.03217,0.0,null],[116.46066,3.03567,0.0,null],[116.45696,3.03778,0.0,null],[116.45606,3.03939,0.0,null],[116.46203,3.04953,0.0,null],[116.46147,3.04999,0.0,null],[116.45987,3.04892,0.0,null],[116.45862,3.04887,0.0,null]]],[[[116.05128,2.75652,0.0,null],[116.05213,2.75516,0.0,null],[116.06031,2.74823,0.0,null],[116.06699,2.746,0.0,null],[116.07343,2.74501,0.0,null],[116.08086,2.746,0.0,null],[116.09572,2.75021,0.0,null],[116.13163,2.76383,0.0,null],[116.13956,2.76556,0.0,null],[116.14402,2.76581,0.0,null],[116.14897,2.76383,0.0,null],[116.15962,2.7569,0.0,null],[116.16309,2.7564,0.0,null],[116.1876,2.76284,0.0,null],[116.21311,2.77052,0.0,null],[116.2468,2.77918,0.0,null],[116.26,2.78688,0.0,null],[116.24343,2.80993,0.0,null],[116.21844,2.80097,0.0,null],[116.19254,2.84277,0.0,null],[116.19182,2.84202,0.0,null],[116.18434,2.84284,0.0,null],[116.18199,2.84048,0.0,null],[116.18209,2.83845,0.0,null],[116.18142,2.83736,0.0,null],[116.18054,2.83808,0.0,null],[116.18052,2.84151,0.0,null],[116.17955,2.84239,0.0,null],[116.17642,2.84261,0.0,null],[116.1753,2.84376,0.0,null],[116.17465,2.84333,0.0,null],[116.17486,2.8416,0.0,null],[116.17437,2.84093,0.0,null],[116.17238,2.84246,0.0,null],[116.17177,2.84236,0.0,null],[116.17219,2.83885,0.0,null],[116.17097,2.83852,0.0,null],[116.17011,2.84001,0.0,null],[116.16917,2.83907,0.0,null],[116.16745,2.8395,0.0,null],[116.16469,2.84466,0.0,null],[116.16337,2.84327,0.0,null],[116.16232,2.8438,0.0,null],[116.16101,2.84362,0.0,null],[116.16041,2.84168,0.0,null],[116.15933,2.84193,0.0,null],[116.15849,2.84287,0.0,null],[116.15802,2.84101,0.0,null],[116.15704,2.84037,0.0,null],[116.15608,2.84079,0.0,null],[116.15617,2.84217,0.0,null],[116.15494,2.84238,0.0,null],[116.15513,2.83772,0.0,null],[116.1501,2.83926,0.0,null],[116.15058,2.8376,0.0,null],[116.14856,2.83435,0.0,null],[116.14589,2.83385,0.0,null],[116.14335,2.83262,0.0,null],[116.14262,2.83343,0.0,null],[116.14226,2.83556,0.0,null],[116.1405,2.83494,0.0,null],[116.14101,2.8328,0.0,null],[116.14059,2.83127,0.0,null],[116.13901,2.83132,0.0,null],[116.13797,2.83273,0.0,null],[116.13792,2.83409,0.0,null],[116.1361,2.83367,0.0,null],[116.13419,2.83405,0.0,null],[116.1335,2.83452,0.0,null],[116.13325,2.83565,0.0,null],[116.13233,2.83593,0.0,null],[116.13379,2.83087,0.0,null],[116.13311,2.83006,0.0,null],[116.13215,2.83,0.0,null],[116.13179,2.82738,0.0,null],[116.13388,2.82594,0.0,null],[116.13429,2.82404,0.0,null],[116.13612,2.82364,0.0,null],[116.13572,2.8226,0.0,null],[116.13291,2.82182,0.0,null],[116.13348,2.82065,0.0,null],[116.13501,2.81973,0.0,null],[116.13511,2.81852,0.0,null],[116.13459,2.81804,0.0,null],[116.13282,2.81811,0.0,null],[116.13229,2.81568,0.0,null],[116.13155,2.81475,0.0,null],[116.13145,2.81292,0.0,null],[116.12979,2.81303,0.0,null],[116.12928,2.81184,0.0,null],[116.12643,2.81097,0.0,null],[116.1261,2.80865,0.0,null],[116.12464,2.80874,0.0,null],[116.1246,2.80731,0.0,null],[116.12568,2.80502,0.0,null],[116.12215,2.80453,0.0,null],[116.12136,2.80492,0.0,null],[116.12264,2.80309,0.0,null],[116.12225,2.8014,0.0,null],[116.12087,2.80155,0.0,null],[116.12047,2.79983,0.0,null],[116.11773,2.79918,0.0,null],[116.11603,2.79712,0.0,null],[116.11512,2.7968,0.0,null],[116.10935,2.7969,0.0,null],[116.10866,2.79732,0.0,null],[116.1043,2.79678,0.0,null],[116.10265,2.79721,0.0,null],[116.10031,2.79581,0.0,null],[116.09701,2.79644,0.0,null],[116.09643,2.79407,0.0,null],[116.09404,2.79332,0.0,null],[116.09396,2.7916,0.0,null],[116.09322,2.79066,0.0,null],[116.08916,2.78864,0.0,null],[116.08854,2.7874,0.0,null],[116.08676,2.78669,0.0,null],[116.08466,2.78444,0.0,null],[116.08396,2.78464,0.0,null],[116.08297,2.78636,0.0,null],[116.08075,2.78234,0.0,null],[116.07687,2.78039,0.0,null],[116.07405,2.7739,0.0,null],[116.07229,2.77342,0.0,null],[116.0719,2.77236,0.0,null],[116.06979,2.7709,0.0,null],[116.0693,2.76926,0.0,null],[116.06765,2.76903,0.0,null],[116.06644,2.76803,0.0,null],[116.06389,2.76958,0.0,null],[116.06179,2.76834,0.0,null],[116.06088,2.76631,0.0,null],[116.05978,2.76558,0.0,null],[116.06195,2.76345,0.0,null],[116.0616,2.76092,0.0,null],[116.05907,2.75999,0.0,null],[116.05835,2.75893,0.0,null],[116.05699,2.75871,0.0,null],[116.0565,2.75763,0.0,null],[116.05553,2.75726,0.0,null],[116.05483,2.75721,0.0,null],[116.05372,2.75828,0.0,null],[116.05164,2.75798,0.0,null],[116.05128,2.75652,0.0,null]]]]}},{"type":"Feature","properties":{"inventoryId":"big-forestry-ha:31","sector":"PBPH","subtype":"IUPHHK-HA","quality":"OFFICIAL","sourceDataset":"big-forestry-ha","sourceRecordId":"31","source":"BIG Kebijakan Satu Peta","sourceUrl":"https://kspservices.big.go.id/satupeta/rest/services/PUBLIK/PERIZINAN_DAN_PERTANAHAN/MapServer/1","retrievedAt":"2026-08-24T04:32:16Z","geometryProcessing":"web display simplification tolerance 0.00035 degrees","name":"PT HANURATA","permitNumber":"SK.685/Menhut-II/2013","permitDate":"2013-10-11","areaHa":86440.0,"provinceCode":"64","region":"kalimantan"},"geometry":{"type":"Polygon","coordinates":[[[118.71468,1.09629,0.0,null],[118.67507,1.09886,0.0,null],[118.60544,1.10473,0.0,null],[118.59593,1.11396,0.0,null],[118.59789,1.12542,0.0,null],[118.59761,1.14164,0.0,null],[118.59258,1.171,0.0,null],[118.58363,1.19757,0.0,null],[118.56817,1.22403,0.0,null],[118.56857,1.22448,0.0,null],[118.56654,1.22787,0.0,null],[118.51114,1.25955,0.0,null],[118.50454,1.25954,0.0,null],[118.48128,1.25559,0.0,null],[118.46518,1.24605,0.0,null],[118.45845,1.20675,0.0,null],[118.44832,1.16642,0.0,null],[118.45059,1.13756,0.0,null],[118.41976,1.11488,0.0,null],[118.41991,1.10068,0.0,null],[118.43414,1.08395,0.0,null],[118.44033,1.08063,0.0,null],[118.44033,1.05751,0.0,null],[118.46617,1.02774,0.0,null],[118.51543,1.02412,0.0,null],[118.52912,1.013,0.0,null],[118.5306,1.01051,0.0,null],[118.53324,1.01049,0.0,null],[118.5373,1.00697,0.0,null],[118.53779,1.00526,0.0,null],[118.5368,1.00283,0.0,null],[118.53861,1.00134,0.0,null],[118.53823,1.00058,0.0,null],[118.53735,1.00044,0.0,null],[118.53384,1.00111,0.0,null],[118.53329,1.00062,0.0,null],[118.53343,0.99887,0.0,null],[118.53625,0.99666,0.0,null],[118.53636,0.9958,0.0,null],[118.53577,0.99526,0.0,null],[118.53405,0.99516,0.0,null],[118.53626,0.99391,0.0,null],[118.54054,0.99505,0.0,null],[118.5407,0.99349,0.0,null],[118.53741,0.99283,0.0,null],[118.53641,0.98943,0.0,null],[118.53561,0.98932,0.0,null],[118.53352,0.99101,0.0,null],[118.53284,0.99092,0.0,null],[118.53264,0.99005,0.0,null],[118.53418,0.98697,0.0,null],[118.52801,0.98618,0.0,null],[118.52702,0.98393,0.0,null],[118.52455,0.98455,0.0,null],[118.52054,0.98273,0.0,null],[118.52156,0.98037,0.0,null],[118.52305,0.98133,0.0,null],[118.52482,0.98125,0.0,null],[118.52548,0.9807,0.0,null],[118.52517,0.97809,0.0,null],[118.52854,0.9774,0.0,null],[118.53095,0.9762,0.0,null],[118.53208,0.97389,0.0,null],[118.53077,0.97271,0.0,null],[118.52743,0.97139,0.0,null],[118.52392,0.97139,0.0,null],[118.5235,0.97206,0.0,null],[118.52437,0.97545,0.0,null],[118.52316,0.97673,0.0,null],[118.5224,0.97651,0.0,null],[118.52002,0.97269,0.0,null],[118.51929,0.97251,0.0,null],[118.51715,0.97412,0.0,null],[118.51465,0.97355,0.0,null],[118.51197,0.97385,0.0,null],[118.51129,0.97338,0.0,null],[118.5125,0.97001,0.0,null],[118.51219,0.96922,0.0,null],[118.51044,0.96893,0.0,null],[118.50804,0.96996,0.0,null],[118.50699,0.96854,0.0,null],[118.50772,0.96696,0.0,null],[118.50941,0.9664,0.0,null],[118.51198,0.96711,0.0,null],[118.51352,0.96654,0.0,null],[118.51356,0.96296,0.0,null],[118.5075,0.96331,0.0,null],[118.50729,0.96266,0.0,null],[118.56302,0.95645,0.0,null],[118.55758,0.9501,0.0,null],[118.55441,0.94361,0.0,null],[118.55471,0.93893,0.0,null],[118.55743,0.93394,0.0,null],[118.56438,0.92729,0.0,null],[118.56483,0.91385,0.0,null],[118.58538,0.9078,0.0,null],[118.62572,0.90554,0.0,null],[118.61948,0.89515,0.0,null],[118.62781,0.90835,0.0,null],[118.74606,0.9038,0.0,null],[118.76325,0.94406,0.0,null],[118.77618,0.96861,0.0,null],[118.78727,0.98359,0.0,null],[118.77705,0.98669,0.0,null],[118.75337,1.05439,0.0,null],[118.75281,1.05999,0.0,null],[118.75924,1.0832,0.0,null],[118.76595,1.09494,0.0,null],[118.75616,1.10585,0.0,null],[118.74694,1.10557,0.0,null],[118.7324,1.09774,0.0,null],[118.72261,1.09578,0.0,null],[118.71468,1.09629,0.0,null]]]}},{"type":"Feature","properties":{"inventoryId":"big-forestry-ha:150","sector":"PBPH","subtype":"IUPHHK-HA","quality":"OFFICIAL","sourceDataset":"big-forestry-ha","sourceRecordId":"150","source":"BIG Kebijakan Satu Peta","sourceUrl":"https://kspservices.big.go.id/satupeta/rest/services/PUBLIK/PERIZINAN_DAN_PERTANAHAN/MapServer/1","retrievedAt":"2026-08-24T04:32:16Z","geometryProcessing":"web display simplification tolerance 0.00035 degrees","name":"PT HARAPAN KALTIM LESTARI","permitNumber":"SK.187/Menhut-II/2006","permitDate":"2006-05-19","areaHa":44430.0,"provinceCode":"64","region":"kalimantan"},"geometry":{"type":"Polygon","coordinates":[[[115.29282,-0.2227,0.0,null],[115.29316,-0.22226,0.0,null],[115.28976,-0.2231,0.0,null],[115.2764,-0.24748,0.0,null],[115.27123,-0.25301,0.0,null],[115.26134,-0.25935,0.0,null],[115.25924,-0.2681,0.0,null],[115.26054,-0.29303,0.0,null],[115.26586,-0.36223,0.0,null],[115.2716,-0.39982,0.0,null],[115.29046,-0.44411,0.0,null],[115.3193,-0.49279,0.0,null],[115.33967,-0.51945,0.0,null],[115.34653,-0.55256,0.0,null],[115.37514,-0.57803,0.0,null],[115.37015,-0.62522,0.0,null],[115.37585,-0.65427,0.0,null],[115.37924,-0.65103,0.0,null],[115.38503,-0.63978,0.0,null],[115.38668,-0.6249,0.0,null],[115.39582,-0.6279,0.0,null],[115.4013,-0.62791,0.0,null],[115.40768,-0.62346,0.0,null],[115.41149,-0.62153,0.0,null],[115.4167,-0.62159,0.0,null],[115.42699,-0.60561,0.0,null],[115.44558,-0.59485,0.0,null],[115.45406,-0.58465,0.0,null],[115.45695,-0.55845,0.0,null],[115.46416,-0.54578,0.0,null],[115.46555,-0.52105,0.0,null],[115.4804,-0.50154,0.0,null],[115.50954,-0.47841,0.0,null],[115.50821,-0.47752,0.0,null],[115.50719,-0.4781,0.0,null],[115.50782,-0.47863,0.0,null],[115.5077,-0.4793,0.0,null],[115.50588,-0.47958,0.0,null],[115.50451,-0.47766,0.0,null],[115.50464,-0.47906,0.0,null],[115.50351,-0.47941,0.0,null],[115.50161,-0.47798,0.0,null],[115.50038,-0.47818,0.0,null],[115.49989,-0.47729,0.0,null],[115.49843,-0.47747,0.0,null],[115.49719,-0.47621,0.0,null],[115.49653,-0.47674,0.0,null],[115.49565,-0.47614,0.0,null],[115.49557,-0.47495,0.0,null],[115.49374,-0.4745,0.0,null],[115.49478,-0.47283,0.0,null],[115.49419,-0.47184,0.0,null],[115.49424,-0.47043,0.0,null],[115.49305,-0.46912,0.0,null],[115.49296,-0.47012,0.0,null],[115.49191,-0.47079,0.0,null],[115.49065,-0.46995,0.0,null],[115.49136,-0.46829,0.0,null],[115.4897,-0.46988,0.0,null],[115.487,-0.46924,0.0,null],[115.48827,-0.47045,0.0,null],[115.48806,-0.47129,0.0,null],[115.48577,-0.47026,0.0,null],[115.48484,-0.46807,0.0,null],[115.48444,-0.46848,0.0,null],[115.4848,-0.46991,0.0,null],[115.4832,-0.47038,0.0,null],[115.48384,-0.46855,0.0,null],[115.48351,-0.46757,0.0,null],[115.48394,-0.46534,0.0,null],[115.48323,-0.46491,0.0,null],[115.48184,-0.4652,0.0,null],[115.48184,-0.46703,0.0,null],[115.48115,-0.46672,0.0,null],[115.48004,-0.46458,0.0,null],[115.47835,-0.46575,0.0,null],[115.47859,-0.46624,0.0,null],[115.47958,-0.46593,0.0,null],[115.48025,-0.46691,0.0,null],[115.47723,-0.46772,0.0,null],[115.47694,-0.46929,0.0,null],[115.47537,-0.46922,0.0,null],[115.47521,-0.46693,0.0,null],[115.47392,-0.46941,0.0,null],[115.47349,-0.46926,0.0,null],[115.47347,-0.46798,0.0,null],[115.47214,-0.46922,0.0,null],[115.47085,-0.46891,0.0,null],[115.47109,-0.47062,0.0,null],[115.47038,-0.47067,0.0,null],[115.4694,-0.46972,0.0,null],[115.46807,-0.47007,0.0,null],[115.46728,-0.47126,0.0,null],[115.46771,-0.47271,0.0,null],[115.46652,-0.47427,0.0,null],[115.46485,-0.4732,0.0,null],[115.46459,-0.47049,0.0,null],[115.464,-0.47313,0.0,null],[115.46333,-0.47397,0.0,null],[115.46264,-0.47392,0.0,null],[115.46177,-0.47204,0.0,null],[115.44181,-0.45569,0.0,null],[115.38774,-0.41365,0.0,null],[115.33621,-0.35896,0.0,null],[115.29538,-0.29199,0.0,null],[115.29308,-0.28014,0.0,null],[115.30127,-0.26996,0.0,null],[115.30041,-0.25284,0.0,null],[115.30383,-0.23985,0.0,null],[115.3128,-0.22239,0.0,null],[115.29282,-0.2227,0.0,null]]]}},{"type":"Feature","properties":{"inventoryId":"big-forestry-ha:6","sector":"PBPH","subtype":"IUPHHK-HA","quality":"OFFICIAL","sourceDataset":"big-forestry-ha","sourceRecordId":"6","source":"BIG Kebijakan Satu Peta","sourceUrl":"https://kspservices.big.go.id/satupeta/rest/services/PUBLIK/PERIZINAN_DAN_PERTANAHAN/MapServer/1","retrievedAt":"2026-08-24T04:32:16Z","geometryProcessing":"web display simplification tolerance 0.00035 degrees","name":"PT HARAPAN KITA UTAMA","permitNumber":"SK.803/Kpts-VI/1999","permitDate":"1999-09-30","areaHa":40500.0,"provinceCode":"61","region":"kalimantan"},"geometry":{"type":"MultiPolygon","coordinates":[[[[112.61248,0.19504,0.0,null],[112.61048,0.19894,0.0,null],[112.60638,0.20214,0.0,null],[112.59658,0.20744,0.0,null],[112.59178,0.20934,0.0,null],[112.57858,0.21204,0.0,null],[112.56988,0.21154,0.0,null],[112.56218,0.20864,0.0,null],[112.54378,0.20004,0.0,null],[112.53168,0.19114,0.0,null],[112.52448,0.18654,0.0,null],[112.51978,0.18464,0.0,null],[112.51528,0.18384,0.0,null],[112.51018,0.18504,0.0,null],[112.50018,0.19034,0.0,null],[112.49078,0.19424,0.0,null],[112.48478,0.19514,0.0,null],[112.47818,0.19464,0.0,null],[112.48198,0.18754,0.0,null],[112.48728,0.16884,0.0,null],[112.49568,0.15034,0.0,null],[112.53298,0.14714,0.0,null],[112.53678,0.14624,0.0,null],[112.53858,0.14324,0.0,null],[112.54028,0.13854,0.0,null],[112.54176,0.13192,0.0,null],[112.54292,0.13074,0.0,null],[112.54507,0.12105,0.0,null],[112.5475,0.11793,0.0,null],[112.54923,0.11701,0.0,null],[112.5802,0.11609,0.0,null],[112.61914,0.09007,0.0,null],[112.62525,0.08886,0.0,null],[112.62918,0.08869,0.0,null],[112.65439,0.10206,0.0,null],[112.65628,0.10184,0.0,null],[112.66398,0.09614,0.0,null],[112.66772,0.09242,0.0,null],[112.67068,0.0888,0.0,null],[112.67691,0.07849,0.0,null],[112.68655,0.06653,0.0,null],[112.69434,0.05884,0.0,null],[112.70698,0.04801,0.0,null],[112.70688,0.0469,0.0,null],[112.71238,0.04294,0.0,null],[112.72048,0.03824,0.0,null],[112.72448,0.03704,0.0,null],[112.72848,0.03764,0.0,null],[112.73068,0.04124,0.0,null],[112.72778,0.05164,0.0,null],[112.73018,0.05454,0.0,null],[112.73468,0.05444,0.0,null],[112.75528,0.04984,0.0,null],[112.76398,0.04674,0.0,null],[112.76418,0.04444,0.0,null],[112.76088,0.04194,0.0,null],[112.75408,0.03934,0.0,null],[112.75188,0.03644,0.0,null],[112.75168,0.03314,0.0,null],[112.75308,0.03054,0.0,null],[112.75658,0.02664,0.0,null],[112.76728,0.01954,0.0,null],[112.77018,0.01834,0.0,null],[112.77298,0.01444,0.0,null],[112.77688,0.01244,0.0,null],[112.78068,0.01194,0.0,null],[112.78408,0.01044,0.0,null],[112.78878,0.00944,0.0,null],[112.80758,0.00824,0.0,null],[112.84068,0.00194,0.0,null],[112.90688,-0.02146,0.0,null],[112.90218,-0.00836,0.0,null],[112.89878,-0.00156,0.0,null],[112.87918,0.03174,0.0,null],[112.87658,0.04224,0.0,null],[112.87738,0.05614,0.0,null],[112.88065,0.07105,0.0,null],[112.87556,0.07299,0.0,null],[112.8699,0.07379,0.0,null],[112.86491,0.07585,0.0,null],[112.85426,0.07738,0.0,null],[112.8464,0.07918,0.0,null],[112.84507,0.08033,0.0,null],[112.84058,0.06924,0.0,null],[112.83528,0.06174,0.0,null],[112.83428,0.05164,0.0,null],[112.83298,0.04714,0.0,null],[112.83108,0.04414,0.0,null],[112.82828,0.04244,0.0,null],[112.82008,0.04124,0.0,null],[112.81568,0.04184,0.0,null],[112.79908,0.04584,0.0,null],[112.78654,0.04947,0.0,null],[112.78832,0.0446,0.0,null],[112.77837,0.05235,0.0,null],[112.77404,0.06339,0.0,null],[112.76748,0.08336,0.0,null],[112.75684,0.10261,0.0,null],[112.75372,0.10487,0.0,null],[112.74915,0.10712,0.0,null],[112.73498,0.11117,0.0,null],[112.71796,0.11965,0.0,null],[112.71508,0.12619,0.0,null],[112.73446,0.18132,0.0,null],[112.72148,0.18534,0.0,null],[112.70828,0.18834,0.0,null],[112.69488,0.18914,0.0,null],[112.68978,0.18874,0.0,null],[112.66548,0.18914,0.0,null],[112.65578,0.18554,0.0,null],[112.65208,0.18324,0.0,null],[112.64978,0.17824,0.0,null],[112.65088,0.16944,0.0,null],[112.65508,0.15854,0.0,null],[112.65718,0.14894,0.0,null],[112.65768,0.14454,0.0,null],[112.65568,0.14094,0.0,null],[112.65128,0.13924,0.0,null],[112.63228,0.13934,0.0,null],[112.62668,0.14034,0.0,null],[112.62428,0.14264,0.0,null],[112.62248,0.14904,0.0,null],[112.61458,0.14484,0.0,null],[112.60198,0.14184,0.0,null],[112.59798,0.14144,0.0,null],[112.59058,0.14204,0.0,null],[112.58578,0.14424,0.0,null],[112.58568,0.14834,0.0,null],[112.58778,0.15044,0.0,null],[112.59108,0.15204,0.0,null],[112.60358,0.15544,0.0,null],[112.60708,0.15794,0.0,null],[112.60918,0.16054,0.0,null],[112.60968,0.16364,0.0,null],[112.61028,0.17004,0.0,null],[112.60968,0.17604,0.0,null],[112.60598,0.17964,0.0,null],[112.60258,0.18054,0.0,null],[112.59848,0.17974,0.0,null],[112.59218,0.17554,0.0,null],[112.58668,0.17344,0.0,null],[112.58088,0.17154,0.0,null],[112.57798,0.17184,0.0,null],[112.57558,0.17334,0.0,null],[112.57438,0.17664,0.0,null],[112.57348,0.18684,0.0,null],[112.57268,0.19044,0.0,null],[112.57358,0.19324,0.0,null],[112.58278,0.19084,0.0,null],[112.58878,0.19034,0.0,null],[112.60348,0.19194,0.0,null],[112.61248,0.19504,0.0,null]]],[[[112.49598,0.27944,0.0,null],[112.45898,0.27784,0.0,null],[112.45828,0.27524,0.0,null],[112.45818,0.27134,0.0,null],[112.45998,0.26634,0.0,null],[112.46008,0.25334,0.0,null],[112.45208,0.25274,0.0,null],[112.44968,0.26104,0.0,null],[112.44248,0.26044,0.0,null],[112.44048,0.24674,0.0,null],[112.44638,0.23814,0.0,null],[112.45458,0.22144,0.0,null],[112.45828,0.21514,0.0,null],[112.46588,0.21234,0.0,null],[112.48038,0.21224,0.0,null],[112.48408,0.21354,0.0,null],[112.48708,0.21634,0.0,null],[112.49148,0.22444,0.0,null],[112.49488,0.22734,0.0,null],[112.49988,0.22984,0.0,null],[112.50598,0.23134,0.0,null],[112.52208,0.23174,0.0,null],[112.52538,0.23384,0.0,null],[112.52748,0.23644,0.0,null],[112.53068,0.24404,0.0,null],[112.53128,0.24844,0.0,null],[112.52968,0.27224,0.0,null],[112.49748,0.27034,0.0,null],[112.49598,0.27944,0.0,null]]]]}},{"type":"Feature","properties":{"inventoryId":"big-forestry-ha:46","sector":"PBPH","subtype":"IUPHHK-HA","quality":"OFFICIAL","sourceDataset":"big-forestry-ha","sourceRecordId":"46","source":"BIG Kebijakan Satu Peta","sourceUrl":"https://kspservices.big.go.id/satupeta/rest/services/PUBLIK/PERIZINAN_DAN_PERTANAHAN/MapServer/1","retrievedAt":"2026-08-24T04:32:16Z","geometryProcessing":"web display simplification tolerance 0.00035 degrees","name":"PT HASIL KALIMANTAN JAYA","permitNumber":"SK.116/Kpts-II/2000","permitDate":"2000-12-29","areaHa":49500.0,"provinceCode":"62","region":"kalimantan"},"geometry":{"type":"Polygon","coordinates":[[[113.57647,-1.56432,0.0,null],[113.72082,-1.16205,0.0,null],[113.69895,-1.16277,0.0,null],[113.68553,-1.13832,0.0,null],[113.6855,-1.13186,0.0,null],[113.68658,-1.13002,0.0,null],[113.6899,-1.12847,0.0,null],[113.69775,-1.1264,0.0,null],[113.70595,-1.12555,0.0,null],[113.70884,-1.12452,0.0,null],[113.71099,-1.12113,0.0,null],[113.71255,-1.11031,0.0,null],[113.71239,-1.10787,0.0,null],[113.71131,-1.10492,0.0,null],[113.70819,-1.10194,0.0,null],[113.70307,-1.09944,0.0,null],[113.69479,-1.09801,0.0,null],[113.67959,-1.07455,0.0,null],[113.68138,-1.05215,0.0,null],[113.69453,-1.03355,0.0,null],[113.69656,-1.02987,0.0,null],[113.69823,-1.02457,0.0,null],[113.69885,-1.01898,0.0,null],[113.69831,-1.01498,0.0,null],[113.69595,-1.01073,0.0,null],[113.69457,-1.0094,0.0,null],[113.69244,-1.00863,0.0,null],[113.6863,-1.00843,0.0,null],[113.68389,-1.009,0.0,null],[113.67876,-1.0115,0.0,null],[113.64304,-1.03181,0.0,null],[113.63949,-1.03465,0.0,null],[113.63842,-1.03718,0.0,null],[113.63744,-1.04517,0.0,null],[113.64601,-1.0905,0.0,null],[113.64729,-1.09376,0.0,null],[113.65293,-1.09691,0.0,null],[113.65388,-1.09856,0.0,null],[113.65371,-1.10078,0.0,null],[113.64955,-1.10673,0.0,null],[113.64875,-1.1095,0.0,null],[113.64893,-1.11205,0.0,null],[113.64989,-1.11333,0.0,null],[113.65179,-1.11398,0.0,null],[113.65529,-1.11324,0.0,null],[113.65729,-1.11218,0.0,null],[113.6586,-1.11026,0.0,null],[113.65928,-1.10796,0.0,null],[113.66049,-1.10087,0.0,null],[113.66225,-1.0986,0.0,null],[113.66404,-1.09843,0.0,null],[113.66604,-1.0993,0.0,null],[113.66706,-1.1009,0.0,null],[113.66663,-1.10601,0.0,null],[113.66714,-1.11143,0.0,null],[113.67578,-1.11636,0.0,null],[113.67787,-1.11867,0.0,null],[113.6777,-1.12089,0.0,null],[113.6651,-1.14282,0.0,null],[113.66084,-1.15849,0.0,null],[113.65933,-1.16088,0.0,null],[113.65662,-1.16199,0.0,null],[113.64352,-1.1616,0.0,null],[113.64075,-1.1599,0.0,null],[113.63995,-1.15772,0.0,null],[113.63988,-1.15504,0.0,null],[113.64187,-1.14917,0.0,null],[113.64188,-1.12694,0.0,null],[113.64082,-1.12467,0.0,null],[113.63866,-1.12335,0.0,null],[113.63672,-1.12324,0.0,null],[113.6352,-1.12397,0.0,null],[113.61157,-1.15317,0.0,null],[113.6114,-1.15651,0.0,null],[113.61257,-1.15948,0.0,null],[113.61754,-1.16648,0.0,null],[113.61898,-1.16972,0.0,null],[113.61988,-1.17285,0.0,null],[113.62,-1.17562,0.0,null],[113.61937,-1.17789,0.0,null],[113.61753,-1.18021,0.0,null],[113.61452,-1.18133,0.0,null],[113.61206,-1.18162,0.0,null],[113.60383,-1.18089,0.0,null],[113.60062,-1.18162,0.0,null],[113.59943,-1.18254,0.0,null],[113.59621,-1.18847,0.0,null],[113.59505,-1.19262,0.0,null],[113.59464,-1.19648,0.0,null],[113.59494,-1.20418,0.0,null],[113.59559,-1.2065,0.0,null],[113.59907,-1.2114,0.0,null],[113.60497,-1.21231,0.0,null],[113.61858,-1.21173,0.0,null],[113.60676,-1.24296,0.0,null],[113.61053,-1.25013,0.0,null],[113.61082,-1.25182,0.0,null],[113.61452,-1.25254,0.0,null],[113.61877,-1.25176,0.0,null],[113.62392,-1.24326,0.0,null],[113.62694,-1.36054,0.0,null],[113.56906,-1.36177,0.0,null],[113.56879,-1.38723,0.0,null],[113.57896,-1.39373,0.0,null],[113.58942,-1.40236,0.0,null],[113.59254,-1.40744,0.0,null],[113.59318,-1.40982,0.0,null],[113.59281,-1.41327,0.0,null],[113.59138,-1.41653,0.0,null],[113.58843,-1.41927,0.0,null],[113.5843,-1.42143,0.0,null],[113.57867,-1.4232,0.0,null],[113.57236,-1.42428,0.0,null],[113.56649,-1.42447,0.0,null],[113.55968,-1.42305,0.0,null],[113.55291,-1.42038,0.0,null],[113.53937,-1.41085,0.0,null],[113.53127,-1.40388,0.0,null],[113.52386,-1.39611,0.0,null],[113.52114,-1.39218,0.0,null],[113.51889,-1.37915,0.0,null],[113.5207,-1.36438,0.0,null],[113.5284,-1.34136,0.0,null],[113.52922,-1.3351,0.0,null],[113.52887,-1.32897,0.0,null],[113.52768,-1.32603,0.0,null],[113.52538,-1.32253,0.0,null],[113.51791,-1.31435,0.0,null],[113.51206,-1.30277,0.0,null],[113.50992,-1.30099,0.0,null],[113.4995,-1.30489,0.0,null],[113.49296,-1.30959,0.0,null],[113.48454,-1.31455,0.0,null],[113.48168,-1.31811,0.0,null],[113.4807,-1.32152,0.0,null],[113.48105,-1.32517,0.0,null],[113.48307,-1.32749,0.0,null],[113.48863,-1.32872,0.0,null],[113.49274,-1.33239,0.0,null],[113.49461,-1.33313,0.0,null],[113.49808,-1.33295,0.0,null],[113.50513,-1.33108,0.0,null],[113.50718,-1.33127,0.0,null],[113.50865,-1.3381,0.0,null],[113.50895,-1.34765,0.0,null],[113.50856,-1.35114,0.0,null],[113.50558,-1.35717,0.0,null],[113.50358,-1.35926,0.0,null],[113.50069,-1.36071,0.0,null],[113.4965,-1.36105,0.0,null],[113.49205,-1.35955,0.0,null],[113.48552,-1.35287,0.0,null],[113.48137,-1.34974,0.0,null],[113.47703,-1.34767,0.0,null],[113.4727,-1.3473,0.0,null],[113.46798,-1.34766,0.0,null],[113.45993,-1.34928,0.0,null],[113.45593,-1.34834,0.0,null],[113.4407,-1.3385,0.0,null],[113.43893,-1.33648,0.0,null],[113.43781,-1.3257,0.0,null],[113.43638,-1.32316,0.0,null],[113.43382,-1.32191,0.0,null],[113.42697,-1.32262,0.0,null],[113.42307,-1.32575,0.0,null],[113.41814,-1.33519,0.0,null],[113.41069,-1.34141,0.0,null],[113.40963,-1.34393,0.0,null],[113.41066,-1.34864,0.0,null],[113.42053,-1.36402,0.0,null],[113.42031,-1.38198,0.0,null],[113.42146,-1.38569,0.0,null],[113.42326,-1.38777,0.0,null],[113.47646,-1.42108,0.0,null],[113.47836,-1.42137,0.0,null],[113.47999,-1.42039,0.0,null],[113.48051,-1.41775,0.0,null],[113.48241,-1.4143,0.0,null],[113.4842,-1.41199,0.0,null],[113.48886,-1.4088,0.0,null],[113.49437,-1.40845,0.0,null],[113.49753,-1.409,0.0,null],[113.50043,-1.41072,0.0,null],[113.50268,-1.4141,0.0,null],[113.50384,-1.41749,0.0,null],[113.50392,-1.42041,0.0,null],[113.50258,-1.42948,0.0,null],[113.52335,-1.48,0.0,null],[113.52622,-1.47748,0.0,null],[113.53003,-1.47726,0.0,null],[113.53484,-1.4823,0.0,null],[113.53556,-1.48671,0.0,null],[113.54646,-1.52947,0.0,null],[113.54941,-1.53919,0.0,null],[113.55568,-1.54911,0.0,null],[113.56192,-1.5565,0.0,null],[113.57647,-1.56432,0.0,null]]]}},{"type":"Feature","properties":{"inventoryId":"big-forestry-ha:42","sector":"PBPH","subtype":"IUPHHK-HA","quality":"OFFICIAL","sourceDataset":"big-forestry-ha","sourceRecordId":"42","source":"BIG Kebijakan Satu Peta","sourceUrl":"https://kspservices.big.go.id/satupeta/rest/services/PUBLIK/PERIZINAN_DAN_PERTANAHAN/MapServer/1","retrievedAt":"2026-08-24T04:32:16Z","geometryProcessing":"web display simplification tolerance 0.00035 degrees","name":"PT HASNUR JAYA UTAMA","permitNumber":"SK.28/Kpts-II/2001","permitDate":"2001-02-09","areaHa":38445.0,"provinceCode":"62","region":"kalimantan"},"geometry":{"type":"MultiPolygon","coordinates":[[[[115.28879,-1.55593,0.0,null],[115.28206,-1.55114,0.0,null],[115.27915,-1.54465,0.0,null],[115.17744,-1.54565,0.0,null],[115.18241,-1.61744,0.0,null],[115.20992,-1.61772,0.0,null],[115.20795,-1.65805,0.0,null],[115.21895,-1.65854,0.0,null],[115.21891,-1.65927,0.0,null],[115.21948,-1.65903,0.0,null],[115.21888,-1.6931,0.0,null],[115.22881,-1.69603,0.0,null],[115.23202,-1.74067,0.0,null],[115.23028,-1.74123,0.0,null],[115.23031,-1.74178,0.0,null],[115.20292,-1.75875,0.0,null],[115.19885,-1.7778,0.0,null],[115.19576,-1.77848,0.0,null],[115.19585,-1.79401,0.0,null],[115.22989,-1.7904,0.0,null],[115.29843,-1.78188,0.0,null],[115.29105,-1.75528,0.0,null],[115.28988,-1.73727,0.0,null],[115.28988,-1.72357,0.0,null],[115.29377,-1.70203,0.0,null],[115.29805,-1.68754,0.0,null],[115.30934,-1.67188,0.0,null],[115.32864,-1.64208,0.0,null],[115.34386,-1.61562,0.0,null],[115.36323,-1.57873,0.0,null],[115.37757,-1.5455,0.0,null],[115.29684,-1.54536,0.0,null],[115.29847,-1.54767,0.0,null],[115.29782,-1.55295,0.0,null],[115.29552,-1.5556,0.0,null],[115.29207,-1.55643,0.0,null],[115.28879,-1.55593,0.0,null]]],[[[115.59438,-1.44993,0.0,null],[115.5811,-1.43076,0.0,null],[115.54247,-1.42644,0.0,null],[115.52206,-1.43093,0.0,null],[115.51452,-1.43617,0.0,null],[115.50145,-1.4522,0.0,null],[115.49105,-1.46089,0.0,null],[115.54455,-1.46299,0.0,null],[115.57256,-1.46245,0.0,null],[115.57216,-1.46512,0.0,null],[115.58445,-1.46572,0.0,null],[115.59438,-1.44993,0.0,null]]]]}},{"type":"Feature","properties":{"inventoryId":"big-forestry-ha:51","sector":"PBPH","subtype":"IUPHHK-HA","quality":"OFFICIAL","sourceDataset":"big-forestry-ha","sourceRecordId":"51","source":"BIG Kebijakan Satu Peta","sourceUrl":"https://kspservices.big.go.id/satupeta/rest/services/PUBLIK/PERIZINAN_DAN_PERTANAHAN/MapServer/1","retrievedAt":"2026-08-24T04:32:16Z","geometryProcessing":"web display simplification tolerance 0.00035 degrees","name":"PT HUTAN DOMAS RAYA","permitNumber":"SK.78/Kpts-II/2000","permitDate":"2000-12-22","areaHa":99870.0,"provinceCode":"62","region":"kalimantan"},"geometry":{"type":"Polygon","coordinates":[[[113.61331,-0.68664,0.0,null],[113.61402,-0.68824,0.0,null],[113.61391,-0.68661,0.0,null],[113.62663,-0.6865,0.0,null],[113.63894,-0.66347,0.0,null],[113.65123,-0.64877,0.0,null],[113.66319,-0.63701,0.0,null],[113.6857,-0.62052,0.0,null],[113.7053,-0.60725,0.0,null],[113.71325,-0.59761,0.0,null],[113.71714,-0.59393,0.0,null],[113.70407,-0.5966,0.0,null],[113.70067,-0.5968,0.0,null],[113.69746,-0.588,0.0,null],[113.70546,-0.5694,0.0,null],[113.704,-0.56768,0.0,null],[113.70614,-0.56336,0.0,null],[113.70627,-0.55789,0.0,null],[113.71086,-0.5475,0.0,null],[113.71226,-0.5448,0.0,null],[113.72058,-0.53953,0.0,null],[113.69561,-0.48591,0.0,null],[113.68827,-0.46549,0.0,null],[113.68724,-0.45515,0.0,null],[113.69013,-0.42988,0.0,null],[113.69222,-0.42526,0.0,null],[113.67377,-0.41257,0.0,null],[113.65988,-0.40965,0.0,null],[113.65358,-0.40539,0.0,null],[113.64785,-0.39449,0.0,null],[113.6443,-0.38429,0.0,null],[113.63908,-0.3795,0.0,null],[113.63249,-0.38561,0.0,null],[113.62794,-0.39382,0.0,null],[113.61824,-0.43027,0.0,null],[113.60858,-0.43849,0.0,null],[113.60126,-0.43615,0.0,null],[113.59033,-0.415,0.0,null],[113.57663,-0.39501,0.0,null],[113.57182,-0.38384,0.0,null],[113.57174,-0.36907,0.0,null],[113.57395,-0.35037,0.0,null],[113.53665,-0.33465,0.0,null],[113.52577,-0.36581,0.0,null],[113.51753,-0.37703,0.0,null],[113.50711,-0.38493,0.0,null],[113.4872,-0.39005,0.0,null],[113.47424,-0.38857,0.0,null],[113.46277,-0.38178,0.0,null],[113.45705,-0.37655,0.0,null],[113.4519,-0.36991,0.0,null],[113.44931,-0.36315,0.0,null],[113.44957,-0.34716,0.0,null],[113.42673,-0.33164,0.0,null],[113.42019,-0.3718,0.0,null],[113.36449,-0.61023,0.0,null],[113.35206,-0.66567,0.0,null],[113.61331,-0.68664,0.0,null]]]}},{"type":"Feature","properties":{"inventoryId":"big-forestry-ha:47","sector":"PBPH","subtype":"IUPHHK-HA","quality":"OFFICIAL","sourceDataset":"big-forestry-ha","sourceRecordId":"47","source":"BIG Kebijakan Satu Peta","sourceUrl":"https://kspservices.big.go.id/satupeta/rest/services/PUBLIK/PERIZINAN_DAN_PERTANAHAN/MapServer/1","retrievedAt":"2026-08-24T04:32:16Z","geometryProcessing":"web display simplification tolerance 0.00035 degrees","name":"PT HUTAN MULYA","permitNumber":"SK.265/Menhut-II/2004","permitDate":"2004-07-21","areaHa":51000.0,"provinceCode":"62","region":"kalimantan"},"geometry":{"type":"Polygon","coordinates":[[[113.03779,-1.19677,0.0,null],[112.74436,-1.16581,0.0,null],[112.74212,-1.17191,0.0,null],[112.73277,-1.18889,0.0,null],[112.73114,-1.19102,0.0,null],[112.72943,-1.19501,0.0,null],[112.72829,-1.1982,0.0,null],[112.72815,-1.2016,0.0,null],[112.72674,-1.20558,0.0,null],[112.72659,-1.20944,0.0,null],[112.73651,-1.22519,0.0,null],[112.73698,-1.22747,0.0,null],[112.7326,-1.24518,0.0,null],[112.7339,-1.25408,0.0,null],[112.73724,-1.25688,0.0,null],[112.744,-1.26098,0.0,null],[112.79529,-1.28943,0.0,null],[112.80246,-1.29064,0.0,null],[112.81979,-1.2917,0.0,null],[112.82513,-1.29325,0.0,null],[112.83294,-1.29659,0.0,null],[112.83594,-1.29937,0.0,null],[112.84106,-1.31031,0.0,null],[112.85165,-1.3217,0.0,null],[112.87732,-1.35191,0.0,null],[112.88677,-1.36127,0.0,null],[112.89031,-1.36553,0.0,null],[112.89553,-1.37029,0.0,null],[112.89963,-1.37752,0.0,null],[112.90742,-1.39514,0.0,null],[112.91473,-1.40249,0.0,null],[112.91694,-1.40291,0.0,null],[112.92073,-1.40194,0.0,null],[112.92381,-1.39798,0.0,null],[112.92549,-1.39229,0.0,null],[112.93082,-1.38356,0.0,null],[112.93632,-1.37632,0.0,null],[112.94115,-1.37224,0.0,null],[112.9432,-1.37193,0.0,null],[112.94733,-1.3729,0.0,null],[112.95409,-1.37728,0.0,null],[112.96089,-1.38033,0.0,null],[112.96797,-1.38147,0.0,null],[112.97163,-1.38079,0.0,null],[112.97343,-1.37882,0.0,null],[112.98421,-1.35691,0.0,null],[112.98744,-1.35158,0.0,null],[112.99226,-1.34859,0.0,null],[112.99493,-1.34879,0.0,null],[112.99918,-1.35077,0.0,null],[113.0029,-1.35355,0.0,null],[113.0093,-1.36175,0.0,null],[113.01308,-1.36925,0.0,null],[113.01744,-1.37498,0.0,null],[113.02205,-1.37839,0.0,null],[113.02612,-1.38104,0.0,null],[113.02827,-1.38131,0.0,null],[113.03175,-1.38078,0.0,null],[113.03603,-1.37868,0.0,null],[113.04056,-1.37422,0.0,null],[113.04428,-1.36769,0.0,null],[113.04855,-1.36253,0.0,null],[113.05013,-1.35762,0.0,null],[113.05704,-1.34587,0.0,null],[113.05891,-1.3413,0.0,null],[113.05944,-1.33645,0.0,null],[113.05865,-1.32879,0.0,null],[113.05707,-1.32443,0.0,null],[113.05283,-1.32052,0.0,null],[113.04964,-1.31867,0.0,null],[113.03794,-1.31594,0.0,null],[113.01502,-1.31608,0.0,null],[113.01321,-1.31567,0.0,null],[113.01831,-1.31055,0.0,null],[113.02178,-1.30954,0.0,null],[113.03082,-1.31088,0.0,null],[113.03561,-1.3127,0.0,null],[113.04066,-1.31252,0.0,null],[113.04546,-1.31084,0.0,null],[113.04919,-1.3074,0.0,null],[113.05212,-1.30198,0.0,null],[113.05265,-1.29875,0.0,null],[113.0524,-1.29523,0.0,null],[113.04949,-1.28984,0.0,null],[113.04447,-1.28433,0.0,null],[113.03786,-1.28158,0.0,null],[113.02489,-1.28005,0.0,null],[113.00719,-1.30545,0.0,null],[113.00321,-1.30546,0.0,null],[113.0003,-1.30496,0.0,null],[112.99741,-1.30319,0.0,null],[112.9922,-1.29552,0.0,null],[112.97802,-1.29021,0.0,null],[112.9678,-1.28823,0.0,null],[112.96078,-1.28415,0.0,null],[112.95739,-1.28366,0.0,null],[112.95319,-1.28525,0.0,null],[112.94045,-1.28407,0.0,null],[112.92465,-1.28474,0.0,null],[112.91718,-1.28323,0.0,null],[112.91696,-1.27692,0.0,null],[112.91595,-1.27299,0.0,null],[112.91415,-1.27221,0.0,null],[112.9108,-1.27222,0.0,null],[112.90849,-1.27144,0.0,null],[112.90747,-1.26671,0.0,null],[112.90258,-1.26197,0.0,null],[112.90129,-1.2596,0.0,null],[112.89871,-1.25802,0.0,null],[112.89819,-1.25618,0.0,null],[112.8982,-1.25355,0.0,null],[112.89897,-1.25172,0.0,null],[112.89846,-1.24909,0.0,null],[112.89794,-1.24752,0.0,null],[112.89458,-1.24618,0.0,null],[112.89458,-1.24382,0.0,null],[112.90365,-1.24259,0.0,null],[112.9099,-1.2377,0.0,null],[112.91203,-1.22737,0.0,null],[112.91179,-1.22362,0.0,null],[112.91444,-1.21698,0.0,null],[112.963,-1.21977,0.0,null],[112.96691,-1.22036,0.0,null],[112.96899,-1.22189,0.0,null],[112.97358,-1.23267,0.0,null],[112.97822,-1.24076,0.0,null],[112.98603,-1.24864,0.0,null],[112.99545,-1.25349,0.0,null],[113.00044,-1.25529,0.0,null],[113.01389,-1.2546,0.0,null],[113.02127,-1.25313,0.0,null],[113.02602,-1.2514,0.0,null],[113.02917,-1.25168,0.0,null],[113.03365,-1.25428,0.0,null],[113.04446,-1.26704,0.0,null],[113.04684,-1.26763,0.0,null],[113.05209,-1.26703,0.0,null],[113.05602,-1.26224,0.0,null],[113.05626,-1.25732,0.0,null],[113.03779,-1.19677,0.0,null]]]}},{"type":"Feature","properties":{"inventoryId":"big-forestry-ha:78","sector":"PBPH","subtype":"IUPHHK-HA","quality":"OFFICIAL","sourceDataset":"big-forestry-ha","sourceRecordId":"78","source":"BIG Kebijakan Satu Peta","sourceUrl":"https://kspservices.big.go.id/satupeta/rest/services/PUBLIK/PERIZINAN_DAN_PERTANAHAN/MapServer/1","retrievedAt":"2026-08-24T04:32:16Z","geometryProcessing":"web display simplification tolerance 0.00035 degrees","name":"PT HUTANI KALIMANTAN ABADI PERMAI","permitNumber":"SK.323/Menhut-II/2009","permitDate":"2009-05-18","areaHa":35400.0,"provinceCode":"65","region":"kalimantan"},"geometry":{"type":"Polygon","coordinates":[[[116.44923,2.56089,0.0,null],[116.44615,2.55693,0.0,null],[116.44125,2.55263,0.0,null],[116.43946,2.55174,0.0,null],[116.4352,2.54607,0.0,null],[116.47495,2.5296,0.0,null],[116.48552,2.5281,0.0,null],[116.49176,2.53583,0.0,null],[116.49667,2.53024,0.0,null],[116.50827,2.5237,0.0,null],[116.51322,2.52349,0.0,null],[116.52283,2.52996,0.0,null],[116.52835,2.52804,0.0,null],[116.53534,2.5432,0.0,null],[116.54164,2.54526,0.0,null],[116.54744,2.52805,0.0,null],[116.55338,2.52926,0.0,null],[116.5601,2.53709,0.0,null],[116.56646,2.54897,0.0,null],[116.56808,2.56255,0.0,null],[116.57586,2.56917,0.0,null],[116.58603,2.59058,0.0,null],[116.59048,2.60182,0.0,null],[116.58984,2.60865,0.0,null],[116.58581,2.61874,0.0,null],[116.58908,2.6267,0.0,null],[116.60207,2.63923,0.0,null],[116.6049,2.63845,0.0,null],[116.60539,2.6366,0.0,null],[116.60292,2.63041,0.0,null],[116.59776,2.62408,0.0,null],[116.59859,2.61864,0.0,null],[116.60137,2.61363,0.0,null],[116.60229,2.60901,0.0,null],[116.60498,2.60645,0.0,null],[116.60335,2.59891,0.0,null],[116.60603,2.59481,0.0,null],[116.60307,2.59123,0.0,null],[116.59925,2.589,0.0,null],[116.59749,2.58525,0.0,null],[116.60202,2.57828,0.0,null],[116.6081,2.57217,0.0,null],[116.60846,2.5647,0.0,null],[116.60308,2.55894,0.0,null],[116.59637,2.55595,0.0,null],[116.58894,2.55602,0.0,null],[116.58435,2.5536,0.0,null],[116.58583,2.54485,0.0,null],[116.59029,2.53397,0.0,null],[116.59178,2.52579,0.0,null],[116.59578,2.51913,0.0,null],[116.60994,2.51205,0.0,null],[116.63652,2.49496,0.0,null],[116.6502,2.48819,0.0,null],[116.66113,2.48151,0.0,null],[116.66734,2.47667,0.0,null],[116.67116,2.4796,0.0,null],[116.67233,2.4814,0.0,null],[116.67492,2.48278,0.0,null],[116.67395,2.48388,0.0,null],[116.67478,2.48537,0.0,null],[116.67431,2.48703,0.0,null],[116.67513,2.48879,0.0,null],[116.66843,2.48996,0.0,null],[116.66086,2.49612,0.0,null],[116.65531,2.51022,0.0,null],[116.66083,2.53139,0.0,null],[116.67016,2.54379,0.0,null],[116.68037,2.56899,0.0,null],[116.69351,2.59298,0.0,null],[116.70092,2.60415,0.0,null],[116.68711,2.61689,0.0,null],[116.68517,2.61407,0.0,null],[116.67551,2.61195,0.0,null],[116.668,2.6149,0.0,null],[116.65815,2.6156,0.0,null],[116.65489,2.61848,0.0,null],[116.654,2.62116,0.0,null],[116.64764,2.62315,0.0,null],[116.64416,2.62951,0.0,null],[116.63157,2.64253,0.0,null],[116.63369,2.64587,0.0,null],[116.65434,2.63871,0.0,null],[116.65345,2.65013,0.0,null],[116.62691,2.6775,0.0,null],[116.62956,2.68077,0.0,null],[116.60548,2.70489,0.0,null],[116.60167,2.70349,0.0,null],[116.59558,2.70969,0.0,null],[116.59689,2.7155,0.0,null],[116.59637,2.71319,0.0,null],[116.57706,2.73363,0.0,null],[116.57524,2.73028,0.0,null],[116.56627,2.71969,0.0,null],[116.56445,2.71569,0.0,null],[116.55809,2.70948,0.0,null],[116.55668,2.70573,0.0,null],[116.55344,2.70131,0.0,null],[116.54976,2.69385,0.0,null],[116.54679,2.69037,0.0,null],[116.54412,2.68451,0.0,null],[116.53976,2.68238,0.0,null],[116.53308,2.67497,0.0,null],[116.52797,2.67122,0.0,null],[116.52349,2.66487,0.0,null],[116.52045,2.66342,0.0,null],[116.51715,2.65838,0.0,null],[116.51183,2.654,0.0,null],[116.50638,2.64768,0.0,null],[116.50458,2.64378,0.0,null],[116.50072,2.63844,0.0,null],[116.49262,2.62908,0.0,null],[116.49103,2.62352,0.0,null],[116.49039,2.61891,0.0,null],[116.48813,2.61428,0.0,null],[116.48622,2.60696,0.0,null],[116.48014,2.59386,0.0,null],[116.47706,2.59053,0.0,null],[116.47598,2.5886,0.0,null],[116.47309,2.58687,0.0,null],[116.46726,2.58193,0.0,null],[116.46311,2.58014,0.0,null],[116.46012,2.57455,0.0,null],[116.45152,2.56466,0.0,null],[116.44923,2.56089,0.0,null]]]}},{"type":"Feature","properties":{"inventoryId":"big-forestry-ha:137","sector":"PBPH","subtype":"IUPHHK-HA","quality":"OFFICIAL","sourceDataset":"big-forestry-ha","sourceRecordId":"137","source":"BIG Kebijakan Satu Peta","sourceUrl":"https://kspservices.big.go.id/satupeta/rest/services/PUBLIK/PERIZINAN_DAN_PERTANAHAN/MapServer/1","retrievedAt":"2026-08-24T04:32:16Z","geometryProcessing":"web display simplification tolerance 0.00035 degrees","name":"PT HUTANINDO LESTARI RAYA TIMBER","permitNumber":"SK.15/Kpts-II/2001","permitDate":"2001-01-26","areaHa":98000.0,"provinceCode":"62","region":"kalimantan"},"geometry":{"type":"Polygon","coordinates":[[[111.76335,-1.35265,0.0,null],[111.68697,-1.35133,0.0,null],[111.68667,-1.31696,0.0,null],[111.6334,-1.27038,0.0,null],[111.6409,-1.20278,0.0,null],[111.61462,-1.07351,0.0,null],[111.61331,-1.07421,0.0,null],[111.57859,-1.19968,0.0,null],[111.57559,-1.20648,0.0,null],[111.57349,-1.20988,0.0,null],[111.55749,-1.22808,0.0,null],[111.42809,-1.35868,0.0,null],[111.42083,-1.36519,0.0,null],[111.47304,-1.42669,0.0,null],[111.54017,-1.43708,0.0,null],[111.64581,-1.56597,0.0,null],[111.64937,-1.5648,0.0,null],[111.65587,-1.56029,0.0,null],[111.68793,-1.5415,0.0,null],[111.86903,-1.4253,0.0,null],[111.86903,-1.32331,0.0,null],[111.76926,-1.32335,0.0,null],[111.76876,-1.35274,0.0,null],[111.76335,-1.35265,0.0,null]]]}},{"type":"Feature","properties":{"inventoryId":"big-forestry-ha:67","sector":"PBPH","subtype":"IUPHHK-HA","quality":"OFFICIAL","sourceDataset":"big-forestry-ha","sourceRecordId":"67","source":"BIG Kebijakan Satu Peta","sourceUrl":"https://kspservices.big.go.id/satupeta/rest/services/PUBLIK/PERIZINAN_DAN_PERTANAHAN/MapServer/1","retrievedAt":"2026-08-24T04:32:16Z","geometryProcessing":"web display simplification tolerance 0.00035 degrees","name":"PT INDEXIM UTAMA CORP.","permitNumber":"SK.806/Kpts-VI/1999","permitDate":"1999-09-30","areaHa":52480.0,"provinceCode":"62","region":"kalimantan"},"geometry":{"type":"Polygon","coordinates":[[[115.543,-1.14543,0.0,null],[115.53812,-1.14282,0.0,null],[115.5053,-1.14073,0.0,null],[115.47773,-1.14886,0.0,null],[115.47005,-1.34272,0.0,null],[115.5002,-1.35526,0.0,null],[115.5013,-1.34845,0.0,null],[115.50565,-1.33621,0.0,null],[115.50458,-1.33204,0.0,null],[115.50957,-1.32711,0.0,null],[115.51356,-1.3277,0.0,null],[115.52546,-1.31818,0.0,null],[115.52575,-1.31402,0.0,null],[115.5314,-1.30962,0.0,null],[115.53366,-1.30486,0.0,null],[115.53842,-1.30171,0.0,null],[115.53842,-1.29635,0.0,null],[115.53027,-1.29272,0.0,null],[115.53129,-1.29082,0.0,null],[115.53444,-1.29005,0.0,null],[115.5414,-1.29278,0.0,null],[115.54279,-1.29166,0.0,null],[115.54531,-1.29157,0.0,null],[115.55055,-1.2872,0.0,null],[115.55224,-1.28356,0.0,null],[115.5571,-1.28005,0.0,null],[115.57293,-1.27393,0.0,null],[115.57935,-1.27494,0.0,null],[115.59273,-1.26387,0.0,null],[115.59613,-1.26357,0.0,null],[115.59624,-1.26536,0.0,null],[115.59036,-1.27981,0.0,null],[115.5847,-1.28564,0.0,null],[115.58221,-1.29433,0.0,null],[115.57602,-1.30034,0.0,null],[115.57602,-1.30533,0.0,null],[115.56531,-1.31812,0.0,null],[115.56252,-1.31646,0.0,null],[115.56061,-1.31812,0.0,null],[115.55954,-1.32336,0.0,null],[115.55383,-1.33073,0.0,null],[115.54981,-1.33304,0.0,null],[115.54919,-1.33887,0.0,null],[115.54562,-1.34011,0.0,null],[115.54531,-1.34105,0.0,null],[115.54217,-1.34132,0.0,null],[115.53938,-1.34697,0.0,null],[115.53075,-1.35322,0.0,null],[115.5296,-1.36153,0.0,null],[115.52866,-1.3642,0.0,null],[115.55466,-1.3756,0.0,null],[115.56947,-1.3708,0.0,null],[115.57049,-1.37238,0.0,null],[115.57159,-1.37163,0.0,null],[115.57155,-1.37016,0.0,null],[115.57572,-1.36881,0.0,null],[115.57634,-1.37075,0.0,null],[115.60284,-1.36293,0.0,null],[115.64371,-1.33625,0.0,null],[115.68156,-1.31972,0.0,null],[115.70174,-1.30596,0.0,null],[115.70479,-1.29828,0.0,null],[115.74439,-1.25068,0.0,null],[115.77697,-1.20468,0.0,null],[115.77874,-1.20075,0.0,null],[115.76545,-1.17727,0.0,null],[115.7533,-1.18656,0.0,null],[115.73851,-1.19502,0.0,null],[115.70046,-1.1692,0.0,null],[115.69755,-1.16629,0.0,null],[115.68281,-1.1479,0.0,null],[115.67909,-1.14227,0.0,null],[115.65725,-1.15719,0.0,null],[115.65078,-1.16659,0.0,null],[115.65077,-1.16812,0.0,null],[115.64959,-1.16904,0.0,null],[115.64644,-1.16889,0.0,null],[115.64469,-1.17016,0.0,null],[115.64286,-1.17484,0.0,null],[115.6432,-1.17863,0.0,null],[115.63607,-1.17789,0.0,null],[115.60784,-1.17697,0.0,null],[115.58575,-1.19381,0.0,null],[115.57457,-1.19964,0.0,null],[115.56584,-1.2034,0.0,null],[115.55163,-1.21162,0.0,null],[115.55591,-1.20935,0.0,null],[115.55059,-1.21253,0.0,null],[115.53704,-1.22344,0.0,null],[115.52119,-1.23924,0.0,null],[115.51714,-1.2416,0.0,null],[115.51403,-1.24141,0.0,null],[115.51011,-1.23966,0.0,null],[115.50764,-1.23697,0.0,null],[115.50429,-1.23026,0.0,null],[115.50365,-1.22401,0.0,null],[115.50446,-1.21911,0.0,null],[115.50922,-1.21235,0.0,null],[115.5271,-1.19298,0.0,null],[115.53344,-1.18397,0.0,null],[115.53735,-1.17525,0.0,null],[115.54111,-1.16956,0.0,null],[115.54242,-1.16552,0.0,null],[115.54318,-1.15601,0.0,null],[115.54389,-1.15626,0.0,null],[115.543,-1.14543,0.0,null]]]}},{"type":"Feature","properties":{"inventoryId":"big-forestry-ha:213","sector":"PBPH","subtype":"IUPHHK-HA","quality":"OFFICIAL","sourceDataset":"big-forestry-ha","sourceRecordId":"213","source":"BIG Kebijakan Satu Peta","sourceUrl":"https://kspservices.big.go.id/satupeta/rest/services/PUBLIK/PERIZINAN_DAN_PERTANAHAN/MapServer/1","retrievedAt":"2026-08-24T04:32:16Z","geometryProcessing":"web display simplification tolerance 0.00035 degrees","name":"PT INHUTANI I (UNIT LABANAN)","permitNumber":"SK.484/Menhut-II/06","permitDate":"2006-10-19","areaHa":138210.0,"provinceCode":"64","region":"kalimantan"},"geometry":{"type":"MultiPolygon","coordinates":[[[[117.33006,1.96077,0.0,null],[117.32864,1.96209,0.0,null],[117.3282,1.96545,0.0,null],[117.32878,1.96891,0.0,null],[117.33055,1.97408,0.0,null],[117.33202,1.97619,0.0,null],[117.33353,1.97692,0.0,null],[117.33682,1.97721,0.0,null],[117.33559,1.98266,0.0,null],[117.33225,1.98593,0.0,null],[117.33056,1.98662,0.0,null],[117.32833,1.98635,0.0,null],[117.32607,1.98462,0.0,null],[117.32452,1.98427,0.0,null],[117.32096,1.98644,0.0,null],[117.32076,1.98917,0.0,null],[117.31893,1.99045,0.0,null],[117.31262,1.98986,0.0,null],[117.31203,1.99271,0.0,null],[117.31317,1.99471,0.0,null],[117.31542,1.99535,0.0,null],[117.32065,1.99555,0.0,null],[117.32287,1.99702,0.0,null],[117.32326,1.99833,0.0,null],[117.32226,2.00009,0.0,null],[117.32178,2.00257,0.0,null],[117.32239,2.00434,0.0,null],[117.32384,2.00489,0.0,null],[117.29402,2.03557,0.0,null],[117.27884,2.02291,0.0,null],[117.27263,2.01496,0.0,null],[117.27008,2.00656,0.0,null],[117.24614,2.02201,0.0,null],[117.21965,2.07241,0.0,null],[117.22963,2.07802,0.0,null],[117.23716,2.0853,0.0,null],[117.2375,2.09022,0.0,null],[117.21544,2.12752,0.0,null],[117.1997,2.14701,0.0,null],[117.19427,2.14802,0.0,null],[117.16966,2.14891,0.0,null],[117.14728,2.14802,0.0,null],[117.11192,2.1311,0.0,null],[117.10992,2.13626,0.0,null],[117.10793,2.1488,0.0,null],[117.1076,2.15239,0.0,null],[117.10804,2.16583,0.0,null],[117.10749,2.17322,0.0,null],[117.081,2.20559,0.0,null],[117.06581,2.20861,0.0,null],[117.05052,2.22496,0.0,null],[117.0309,2.21914,0.0,null],[116.99953,2.22317,0.0,null],[116.99332,2.22474,0.0,null],[116.99155,2.22597,0.0,null],[116.98324,2.23572,0.0,null],[116.97847,2.23695,0.0,null],[116.97149,2.2356,0.0,null],[116.96694,2.23381,0.0,null],[116.96063,2.23068,0.0,null],[116.95209,2.22519,0.0,null],[116.94378,2.21824,0.0,null],[116.94101,2.21522,0.0,null],[116.93868,2.20962,0.0,null],[116.9358,2.20491,0.0,null],[116.92244,2.21665,0.0,null],[116.89136,2.16695,0.0,null],[116.86667,2.12389,0.0,null],[116.8587,2.09361,0.0,null],[116.8678,2.08692,0.0,null],[116.9051,2.06267,0.0,null],[116.90531,2.0619,0.0,null],[116.91404,2.05602,0.0,null],[116.91649,2.04433,0.0,null],[116.91566,2.02595,0.0,null],[116.89888,2.00588,0.0,null],[116.89026,1.98448,0.0,null],[116.90132,1.96141,0.0,null],[117.04664,1.87439,0.0,null],[117.08787,1.84886,0.0,null],[117.13863,1.82074,0.0,null],[117.14905,1.83161,0.0,null],[117.15127,1.83239,0.0,null],[117.15437,1.83217,0.0,null],[117.15958,1.8306,0.0,null],[117.16978,1.82455,0.0,null],[117.17332,1.82175,0.0,null],[117.17964,1.81458,0.0,null],[117.18274,1.8129,0.0,null],[117.18684,1.81246,0.0,null],[117.19815,1.81559,0.0,null],[117.20325,1.81604,0.0,null],[117.19793,1.82276,0.0,null],[117.19627,1.82567,0.0,null],[117.19571,1.82724,0.0,null],[117.19571,1.83614,0.0,null],[117.19715,1.84533,0.0,null],[117.20181,1.85698,0.0,null],[117.2058,1.87299,0.0,null],[117.20524,1.88223,0.0,null],[117.20912,1.88481,0.0,null],[117.16357,1.89175,0.0,null],[117.1741,1.95823,0.0,null],[117.27152,1.94215,0.0,null],[117.26111,1.8768,0.0,null],[117.21533,1.88386,0.0,null],[117.21611,1.85496,0.0,null],[117.21333,1.85003,0.0,null],[117.21256,1.8469,0.0,null],[117.21212,1.8385,0.0,null],[117.21821,1.82192,0.0,null],[117.22527,1.81101,0.0,null],[117.22653,1.81394,0.0,null],[117.2284,1.81433,0.0,null],[117.22741,1.82058,0.0,null],[117.22774,1.82674,0.0,null],[117.23085,1.83648,0.0,null],[117.2324,1.8395,0.0,null],[117.23705,1.8432,0.0,null],[117.24426,1.84667,0.0,null],[117.25069,1.85059,0.0,null],[117.25534,1.8544,0.0,null],[117.25889,1.85832,0.0,null],[117.26133,1.86134,0.0,null],[117.26554,1.86907,0.0,null],[117.27097,1.88358,0.0,null],[117.27862,1.89545,0.0,null],[117.28128,1.89847,0.0,null],[117.28394,1.90116,0.0,null],[117.28682,1.90307,0.0,null],[117.29945,1.90844,0.0,null],[117.30932,1.90867,0.0,null],[117.34389,1.94404,0.0,null],[117.34963,1.95525,0.0,null],[117.34659,1.9573,0.0,null],[117.34238,1.96496,0.0,null],[117.34121,1.96571,0.0,null],[117.33769,1.96198,0.0,null],[117.33429,1.96022,0.0,null],[117.33223,1.95984,0.0,null],[117.33006,1.96077,0.0,null]]],[[[117.32304,2.00331,0.0,null],[117.32431,2.00419,0.0,null],[117.3233,2.00405,0.0,null],[117.32304,2.00331,0.0,null]]],[[[117.31467,1.99418,0.0,null],[117.3148,1.99426,0.0,null],[117.31479,1.99425,0.0,null],[117.31455,1.99421,0.0,null],[117.31434,1.99416,0.0,null],[117.31404,1.99404,0.0,null],[117.31396,1.994,0.0,null],[117.31384,1.99392,0.0,null],[117.31373,1.99377,0.0,null],[117.31364,1.99364,0.0,null],[117.3136,1.99354,0.0,null],[117.31467,1.99418,0.0,null]]],[[[117.32149,1.98724,0.0,null],[117.32149,1.98772,0.0,null],[117.32139,1.98805,0.0,null],[117.32136,1.98789,0.0,null],[117.32135,1.98767,0.0,null],[117.32136,1.98742,0.0,null],[117.32137,1.9872,0.0,null],[117.32141,1.98699,0.0,null],[117.32152,1.98676,0.0,null],[117.32158,1.98669,0.0,null],[117.32149,1.98724,0.0,null]]]]}},{"type":"Feature","properties":{"inventoryId":"big-forestry-ha:119","sector":"PBPH","subtype":"IUPHHK-HA","quality":"OFFICIAL","sourceDataset":"big-forestry-ha","sourceRecordId":"119","source":"BIG Kebijakan Satu Peta","sourceUrl":"https://kspservices.big.go.id/satupeta/rest/services/PUBLIK/PERIZINAN_DAN_PERTANAHAN/MapServer/1","retrievedAt":"2026-08-24T04:32:16Z","geometryProcessing":"web display simplification tolerance 0.00035 degrees","name":"PT INHUTANI I UNIT KUNYIT-SIMENDURUT","permitNumber":"SK.560/Menhut-II/2006","permitDate":"2006-12-29","areaHa":120760.0,"provinceCode":"65","region":"kalimantan"},"geometry":{"type":"MultiPolygon","coordinates":[[[[116.69862,4.20039,0.0,null],[116.69751,4.202,0.0,null],[116.66002,4.20148,0.0,null],[116.66927,4.17741,0.0,null],[116.67002,4.16806,0.0,null],[116.66381,4.15995,0.0,null],[116.63377,4.15745,0.0,null],[116.61677,4.15083,0.0,null],[116.60212,4.13998,0.0,null],[116.59492,4.1401,0.0,null],[116.57132,4.16066,0.0,null],[116.55729,4.16189,0.0,null],[116.54723,4.16737,0.0,null],[116.54518,4.17183,0.0,null],[116.54126,4.17382,0.0,null],[116.53921,4.18011,0.0,null],[116.52651,4.14601,0.0,null],[116.52787,4.1397,0.0,null],[116.5333,4.13132,0.0,null],[116.5361,4.12226,0.0,null],[116.54008,4.11214,0.0,null],[116.54099,4.10849,0.0,null],[116.54152,4.10118,0.0,null],[116.54853,4.08009,0.0,null],[116.55331,4.05177,0.0,null],[116.55619,4.04096,0.0,null],[116.55558,4.03936,0.0,null],[116.55494,4.0303,0.0,null],[116.55236,4.01926,0.0,null],[116.54664,3.99917,0.0,null],[116.54486,3.99003,0.0,null],[116.54584,3.97907,0.0,null],[116.54793,3.96521,0.0,null],[116.55066,3.95638,0.0,null],[116.55555,3.94876,0.0,null],[116.5587,3.9449,0.0,null],[116.56555,3.93978,0.0,null],[116.5727,3.93656,0.0,null],[116.57874,3.93498,0.0,null],[116.60463,3.93125,0.0,null],[116.62017,3.92996,0.0,null],[116.61964,3.95904,0.0,null],[116.62211,3.98371,0.0,null],[116.62491,3.9914,0.0,null],[116.62883,3.99594,0.0,null],[116.63378,3.9997,0.0,null],[116.63814,4.00145,0.0,null],[116.69894,4.01767,0.0,null],[116.73287,4.02634,0.0,null],[116.74416,4.02871,0.0,null],[116.75838,4.03374,0.0,null],[116.80269,4.04309,0.0,null],[116.81918,4.04888,0.0,null],[116.84355,4.05413,0.0,null],[116.87732,4.0638,0.0,null],[116.88172,4.06532,0.0,null],[116.88998,4.07012,0.0,null],[116.9017,4.08161,0.0,null],[116.90473,4.08588,0.0,null],[116.91318,4.11092,0.0,null],[116.9191,4.14396,0.0,null],[116.92061,4.14845,0.0,null],[116.92602,4.15716,0.0,null],[116.92139,4.15614,0.0,null],[116.91883,4.15632,0.0,null],[116.91857,4.15552,0.0,null],[116.91963,4.15339,0.0,null],[116.91949,4.15193,0.0,null],[116.91903,4.15123,0.0,null],[116.91736,4.15085,0.0,null],[116.91485,4.15123,0.0,null],[116.91213,4.1532,0.0,null],[116.90752,4.15375,0.0,null],[116.90549,4.15474,0.0,null],[116.90126,4.15488,0.0,null],[116.89676,4.15921,0.0,null],[116.89336,4.15886,0.0,null],[116.89212,4.16129,0.0,null],[116.89127,4.16174,0.0,null],[116.891,4.1637,0.0,null],[116.89021,4.16414,0.0,null],[116.88504,4.16238,0.0,null],[116.88066,4.16355,0.0,null],[116.8804,4.16474,0.0,null],[116.88326,4.16604,0.0,null],[116.88367,4.16678,0.0,null],[116.88221,4.16835,0.0,null],[116.88058,4.16916,0.0,null],[116.87841,4.17179,0.0,null],[116.8764,4.17259,0.0,null],[116.87618,4.17324,0.0,null],[116.87727,4.17554,0.0,null],[116.82512,4.17525,0.0,null],[116.82495,4.17405,0.0,null],[116.82615,4.17083,0.0,null],[116.82491,4.16854,0.0,null],[116.82636,4.16711,0.0,null],[116.82399,4.16549,0.0,null],[116.82223,4.16518,0.0,null],[116.82195,4.16422,0.0,null],[116.82252,4.16152,0.0,null],[116.81858,4.16154,0.0,null],[116.81506,4.15855,0.0,null],[116.81555,4.15731,0.0,null],[116.81749,4.15662,0.0,null],[116.81731,4.15537,0.0,null],[116.81554,4.15551,0.0,null],[116.81392,4.1548,0.0,null],[116.81199,4.15591,0.0,null],[116.81024,4.156,0.0,null],[116.80986,4.15676,0.0,null],[116.81017,4.15839,0.0,null],[116.80848,4.15806,0.0,null],[116.80664,4.15941,0.0,null],[116.80619,4.15684,0.0,null],[116.80417,4.15644,0.0,null],[116.8017,4.1579,0.0,null],[116.79917,4.15744,0.0,null],[116.79766,4.15843,0.0,null],[116.79603,4.15772,0.0,null],[116.79521,4.1586,0.0,null],[116.79491,4.16117,0.0,null],[116.79353,4.16102,0.0,null],[116.78908,4.16315,0.0,null],[116.78538,4.16207,0.0,null],[116.78351,4.16527,0.0,null],[116.78154,4.16605,0.0,null],[116.78078,4.16692,0.0,null],[116.77975,4.16913,0.0,null],[116.7756,4.16856,0.0,null],[116.77621,4.17044,0.0,null],[116.77488,4.16976,0.0,null],[116.77503,4.17091,0.0,null],[116.77376,4.17042,0.0,null],[116.77418,4.17142,0.0,null],[116.77257,4.1696,0.0,null],[116.77126,4.17052,0.0,null],[116.76848,4.16915,0.0,null],[116.76587,4.1701,0.0,null],[116.76512,4.16836,0.0,null],[116.76416,4.16845,0.0,null],[116.76219,4.16994,0.0,null],[116.76127,4.16972,0.0,null],[116.76102,4.16861,0.0,null],[116.76356,4.16539,0.0,null],[116.76275,4.16436,0.0,null],[116.76108,4.16499,0.0,null],[116.76107,4.16707,0.0,null],[116.76034,4.16827,0.0,null],[116.75895,4.16845,0.0,null],[116.75823,4.16645,0.0,null],[116.75683,4.16869,0.0,null],[116.75078,4.168,0.0,null],[116.75001,4.16443,0.0,null],[116.7492,4.16503,0.0,null],[116.74837,4.167,0.0,null],[116.74857,4.16988,0.0,null],[116.74998,4.17036,0.0,null],[116.74754,4.17129,0.0,null],[116.74705,4.17474,0.0,null],[116.74621,4.17573,0.0,null],[116.74525,4.17549,0.0,null],[116.74392,4.17257,0.0,null],[116.73995,4.17133,0.0,null],[116.73946,4.17231,0.0,null],[116.74074,4.17575,0.0,null],[116.73735,4.17409,0.0,null],[116.73654,4.17582,0.0,null],[116.73721,4.17727,0.0,null],[116.73612,4.17849,0.0,null],[116.73549,4.17678,0.0,null],[116.73441,4.17671,0.0,null],[116.73455,4.17552,0.0,null],[116.73332,4.17559,0.0,null],[116.73146,4.18098,0.0,null],[116.73083,4.18133,0.0,null],[116.72999,4.18025,0.0,null],[116.72873,4.18126,0.0,null],[116.72975,4.18379,0.0,null],[116.72655,4.18285,0.0,null],[116.72593,4.18624,0.0,null],[116.72333,4.1867,0.0,null],[116.71994,4.19077,0.0,null],[116.7177,4.19197,0.0,null],[116.71761,4.19278,0.0,null],[116.71581,4.19336,0.0,null],[116.71556,4.19535,0.0,null],[116.71284,4.19546,0.0,null],[116.71324,4.19842,0.0,null],[116.71213,4.19954,0.0,null],[116.71066,4.20043,0.0,null],[116.70969,4.19994,0.0,null],[116.70838,4.20097,0.0,null],[116.70705,4.20112,0.0,null],[116.70654,4.20046,0.0,null],[116.70496,4.20064,0.0,null],[116.70393,4.19919,0.0,null],[116.70223,4.19881,0.0,null],[116.70098,4.1972,0.0,null],[116.70046,4.19817,0.0,null],[116.70139,4.19964,0.0,null],[116.69939,4.20094,0.0,null],[116.69862,4.20039,0.0,null]]],[[[116.47896,4.15968,0.0,null],[116.47624,4.16258,0.0,null],[116.47559,4.16497,0.0,null],[116.47341,4.16823,0.0,null],[116.47307,4.16992,0.0,null],[116.46968,4.17312,0.0,null],[116.45709,4.1432,0.0,null],[116.45962,4.14077,0.0,null],[116.46593,4.13973,0.0,null],[116.47516,4.14091,0.0,null],[116.48318,4.14009,0.0,null],[116.48964,4.13609,0.0,null],[116.49239,4.13351,0.0,null],[116.49641,4.12817,0.0,null],[116.49856,4.11931,0.0,null],[116.4977,4.11033,0.0,null],[116.4888,4.09472,0.0,null],[116.47803,4.08013,0.0,null],[116.4739,4.07189,0.0,null],[116.46816,4.06488,0.0,null],[116.46297,4.05743,0.0,null],[116.4597,4.049,0.0,null],[116.45547,4.03104,0.0,null],[116.45098,4.02318,0.0,null],[116.42613,3.99686,0.0,null],[116.41908,3.99108,0.0,null],[116.41491,3.98877,0.0,null],[116.41162,3.98782,0.0,null],[116.40723,3.98914,0.0,null],[116.39894,3.92584,0.0,null],[116.4067,3.92584,0.0,null],[116.42021,3.92733,0.0,null],[116.43902,3.94564,0.0,null],[116.4526,3.95139,0.0,null],[116.46483,3.95019,0.0,null],[116.47642,3.94301,0.0,null],[116.48975,3.9248,0.0,null],[116.50914,3.90904,0.0,null],[116.52684,3.89929,0.0,null],[116.58725,3.87659,0.0,null],[116.59651,3.8688,0.0,null],[116.60316,3.86011,0.0,null],[116.60488,3.85116,0.0,null],[116.60395,3.84483,0.0,null],[116.59916,3.83792,0.0,null],[116.59423,3.83337,0.0,null],[116.58688,3.83109,0.0,null],[116.53582,3.82838,0.0,null],[116.50395,3.81112,0.0,null],[116.47688,3.78446,0.0,null],[116.44785,3.73191,0.0,null],[116.45182,3.72876,0.0,null],[116.4543,3.72351,0.0,null],[116.47141,3.70701,0.0,null],[116.47984,3.70449,0.0,null],[116.49397,3.70471,0.0,null],[116.50177,3.70588,0.0,null],[116.51778,3.71241,0.0,null],[116.51807,3.71597,0.0,null],[116.52164,3.72089,0.0,null],[116.54026,3.73847,0.0,null],[116.54924,3.7487,0.0,null],[116.5564,3.75519,0.0,null],[116.56455,3.76027,0.0,null],[116.57303,3.76039,0.0,null],[116.58132,3.75818,0.0,null],[116.58733,3.75521,0.0,null],[116.59086,3.75461,0.0,null],[116.59147,3.75417,0.0,null],[116.59161,3.75292,0.0,null],[116.59391,3.75341,0.0,null],[116.5947,3.75301,0.0,null],[116.59475,3.75119,0.0,null],[116.59573,3.75172,0.0,null],[116.59661,3.75128,0.0,null],[116.59661,3.75061,0.0,null],[116.59519,3.74909,0.0,null],[116.59538,3.74842,0.0,null],[116.59817,3.74709,0.0,null],[116.59888,3.74453,0.0,null],[116.60233,3.7419,0.0,null],[116.60036,3.74146,0.0,null],[116.59953,3.74026,0.0,null],[116.60012,3.73942,0.0,null],[116.60167,3.73955,0.0,null],[116.6037,3.73871,0.0,null],[116.60596,3.73632,0.0,null],[116.60724,3.73277,0.0,null],[116.60588,3.73122,0.0,null],[116.60704,3.73046,0.0,null],[116.60704,3.72984,0.0,null],[116.60571,3.72944,0.0,null],[116.60518,3.72815,0.0,null],[116.60545,3.72752,0.0,null],[116.60616,3.72793,0.0,null],[116.60673,3.7269,0.0,null],[116.60757,3.72664,0.0,null],[116.60797,3.7249,0.0,null],[116.60917,3.72481,0.0,null],[116.6113,3.7233,0.0,null],[116.61032,3.72245,0.0,null],[116.61072,3.72049,0.0,null],[116.60871,3.71848,0.0,null],[116.60943,3.71645,0.0,null],[116.61192,3.71399,0.0,null],[116.6125,3.7119,0.0,null],[116.61331,3.71132,0.0,null],[116.69661,3.76676,0.0,null],[116.69196,3.77404,0.0,null],[116.68655,3.7852,0.0,null],[116.6659,3.81861,0.0,null],[116.65852,3.82887,0.0,null],[116.64642,3.84737,0.0,null],[116.62933,3.86451,0.0,null],[116.61317,3.88444,0.0,null],[116.59623,3.89881,0.0,null],[116.5882,3.90343,0.0,null],[116.57537,3.9087,0.0,null],[116.5437,3.91221,0.0,null],[116.53437,3.91737,0.0,null],[116.5285,3.92353,0.0,null],[116.51761,3.94065,0.0,null],[116.51335,3.9636,0.0,null],[116.51184,3.97476,0.0,null],[116.51228,3.99022,0.0,null],[116.51439,4.00202,0.0,null],[116.52096,4.02325,0.0,null],[116.52207,4.03045,0.0,null],[116.52193,4.04796,0.0,null],[116.52037,4.07107,0.0,null],[116.51388,4.0981,0.0,null],[116.51269,4.10534,0.0,null],[116.51209,4.12084,0.0,null],[116.50674,4.13082,0.0,null],[116.50142,4.13443,0.0,null],[116.49594,4.13594,0.0,null],[116.49223,4.13927,0.0,null],[116.49117,4.14246,0.0,null],[116.49028,4.1429,0.0,null],[116.48926,4.14547,0.0,null],[116.48818,4.1465,0.0,null],[116.48739,4.1506,0.0,null],[116.48611,4.15196,0.0,null],[116.48634,4.15328,0.0,null],[116.48586,4.15444,0.0,null],[116.48458,4.1561,0.0,null],[116.48088,4.15787,0.0,null],[116.48019,4.15946,0.0,null],[116.47896,4.15968,0.0,null]]]]}},{"type":"Feature","properties":{"inventoryId":"big-forestry-ha:80","sector":"PBPH","subtype":"IUPHHK-HA","quality":"OFFICIAL","sourceDataset":"big-forestry-ha","sourceRecordId":"80","source":"BIG Kebijakan Satu Peta","sourceUrl":"https://kspservices.big.go.id/satupeta/rest/services/PUBLIK/PERIZINAN_DAN_PERTANAHAN/MapServer/1","retrievedAt":"2026-08-24T04:32:16Z","geometryProcessing":"web display simplification tolerance 0.00035 degrees","name":"PT INHUTANI I UNIT MERAANG","permitNumber":"SK.561/Menhut-II/06","permitDate":"2006-12-29","areaHa":70700.0,"provinceCode":"64","region":"kalimantan"},"geometry":{"type":"Polygon","coordinates":[[[117.55523,1.95743,0.0,null],[117.55903,1.9704,0.0,null],[117.56593,1.97178,0.0,null],[117.5661,1.97324,0.0,null],[117.55967,2.00379,0.0,null],[117.5524,2.00545,0.0,null],[117.5505,2.00886,0.0,null],[117.54874,2.00995,0.0,null],[117.5463,2.01009,0.0,null],[117.54699,2.01162,0.0,null],[117.525,2.01713,0.0,null],[117.525,2.02262,0.0,null],[117.52204,2.02414,0.0,null],[117.51992,2.02607,0.0,null],[117.4976,2.02504,0.0,null],[117.48592,2.01536,0.0,null],[117.47968,1.99477,0.0,null],[117.48415,1.9765,0.0,null],[117.49092,1.96408,0.0,null],[117.47953,1.94077,0.0,null],[117.47894,1.94064,0.0,null],[117.4679,1.94607,0.0,null],[117.47001,1.94818,0.0,null],[117.47627,1.94621,0.0,null],[117.47869,1.95148,0.0,null],[117.47764,1.95223,0.0,null],[117.47425,1.95073,0.0,null],[117.47276,1.95073,0.0,null],[117.4623,1.95301,0.0,null],[117.45557,1.95577,0.0,null],[117.43741,1.98167,0.0,null],[117.43073,1.9815,0.0,null],[117.42729,1.96417,0.0,null],[117.41602,1.95408,0.0,null],[117.38363,1.94742,0.0,null],[117.37297,1.94657,0.0,null],[117.3685,1.94375,0.0,null],[117.36359,1.94219,0.0,null],[117.36277,1.93757,0.0,null],[117.36399,1.9384,0.0,null],[117.36755,1.93853,0.0,null],[117.36453,1.92784,0.0,null],[117.35727,1.91147,0.0,null],[117.34951,1.89734,0.0,null],[117.34456,1.88958,0.0,null],[117.33457,1.87761,0.0,null],[117.32477,1.87024,0.0,null],[117.29276,1.84956,0.0,null],[117.28541,1.84425,0.0,null],[117.27827,1.8364,0.0,null],[117.26942,1.82253,0.0,null],[117.26407,1.81184,0.0,null],[117.26137,1.80314,0.0,null],[117.26791,1.77932,0.0,null],[117.25185,1.78581,0.0,null],[117.25115,1.7854,0.0,null],[117.24593,1.7788,0.0,null],[117.24275,1.77171,0.0,null],[117.23715,1.76158,0.0,null],[117.23708,1.75867,0.0,null],[117.23166,1.74592,0.0,null],[117.22856,1.74254,0.0,null],[117.25195,1.71518,0.0,null],[117.26811,1.70078,0.0,null],[117.27682,1.69843,0.0,null],[117.28243,1.69593,0.0,null],[117.293,1.70973,0.0,null],[117.3031,1.72144,0.0,null],[117.30842,1.72943,0.0,null],[117.32553,1.81168,0.0,null],[117.33381,1.83913,0.0,null],[117.34029,1.85422,0.0,null],[117.35241,1.86205,0.0,null],[117.35892,1.8597,0.0,null],[117.36609,1.86531,0.0,null],[117.37715,1.86561,0.0,null],[117.41406,1.83119,0.0,null],[117.44679,1.7906,0.0,null],[117.44977,1.78477,0.0,null],[117.4495,1.79415,0.0,null],[117.45361,1.79196,0.0,null],[117.45616,1.79126,0.0,null],[117.46534,1.77489,0.0,null],[117.4612,1.77158,0.0,null],[117.45814,1.77508,0.0,null],[117.45242,1.77964,0.0,null],[117.46017,1.76464,0.0,null],[117.47095,1.73465,0.0,null],[117.48824,1.6988,0.0,null],[117.49474,1.67172,0.0,null],[117.49446,1.65429,0.0,null],[117.54812,1.68956,0.0,null],[117.57995,1.71074,0.0,null],[117.56753,1.72016,0.0,null],[117.56327,1.73407,0.0,null],[117.56525,1.7465,0.0,null],[117.58243,1.76908,0.0,null],[117.60542,1.78235,0.0,null],[117.60499,1.78318,0.0,null],[117.57502,1.80111,0.0,null],[117.55179,1.80773,0.0,null],[117.55098,1.82382,0.0,null],[117.54042,1.83323,0.0,null],[117.54279,1.84816,0.0,null],[117.53941,1.86207,0.0,null],[117.54538,1.88648,0.0,null],[117.54356,1.92568,0.0,null],[117.55522,1.93836,0.0,null],[117.55523,1.95743,0.0,null]]]}},{"type":"Feature","properties":{"inventoryId":"big-forestry-ha:14","sector":"PBPH","subtype":"IUPHHK-HA","quality":"OFFICIAL","sourceDataset":"big-forestry-ha","sourceRecordId":"14","source":"BIG Kebijakan Satu Peta","sourceUrl":"https://kspservices.big.go.id/satupeta/rest/services/PUBLIK/PERIZINAN_DAN_PERTANAHAN/MapServer/1","retrievedAt":"2026-08-24T04:32:16Z","geometryProcessing":"web display simplification tolerance 0.00035 degrees","name":"PT INHUTANI I UNIT PIMPING","permitNumber":"SK.200/Menhut-II/2006","permitDate":"2006-06-02","areaHa":45480.0,"provinceCode":"65","region":"kalimantan"},"geometry":{"type":"Polygon","coordinates":[[[117.04476,3.07555,0.0,null],[117.03639,3.08859,0.0,null],[117.02639,3.06208,0.0,null],[117.00759,3.04214,0.0,null],[117.00723,3.04241,0.0,null],[117.0183,3.0218,0.0,null],[117.01832,3.01986,0.0,null],[117.01746,3.01774,0.0,null],[116.99673,2.99937,0.0,null],[116.98937,2.99424,0.0,null],[116.98032,2.9921,0.0,null],[116.97562,2.99156,0.0,null],[116.97647,2.96171,0.0,null],[116.98957,2.94203,0.0,null],[117.04623,2.93749,0.0,null],[117.0588,2.92687,0.0,null],[117.07809,2.90932,0.0,null],[117.08109,2.90933,0.0,null],[117.08513,2.90837,0.0,null],[117.08969,2.90564,0.0,null],[117.09232,2.90095,0.0,null],[117.09504,2.89373,0.0,null],[117.1081,2.88318,0.0,null],[117.13226,2.8622,0.0,null],[117.16903,2.86266,0.0,null],[117.19764,2.89461,0.0,null],[117.27532,2.8939,0.0,null],[117.26966,2.91623,0.0,null],[117.23515,2.99872,0.0,null],[117.22973,3.00613,0.0,null],[117.20685,3.02963,0.0,null],[117.09373,3.02387,0.0,null],[117.04476,3.07555,0.0,null]]]}},{"type":"Feature","properties":{"inventoryId":"big-forestry-ha:16","sector":"PBPH","subtype":"IUPHHK-HA","quality":"OFFICIAL","sourceDataset":"big-forestry-ha","sourceRecordId":"16","source":"BIG Kebijakan Satu Peta","sourceUrl":"https://kspservices.big.go.id/satupeta/rest/services/PUBLIK/PERIZINAN_DAN_PERTANAHAN/MapServer/1","retrievedAt":"2026-08-24T04:32:16Z","geometryProcessing":"web display simplification tolerance 0.00035 degrees","name":"PT INHUTANI I UNIT SAMBARATA","permitNumber":"SK.195/Menhut-II/2006","permitDate":"2006-06-01","areaHa":106020.0,"provinceCode":"64","region":"kalimantan"},"geometry":{"type":"Polygon","coordinates":[[[117.39404,2.66493,0.0,null],[117.39107,2.66889,0.0,null],[117.3846,2.67363,0.0,null],[117.35987,2.63704,0.0,null],[117.38335,2.56991,0.0,null],[117.06266,2.61271,0.0,null],[117.0114,2.58213,0.0,null],[117.01032,2.58289,0.0,null],[117.01169,2.57993,0.0,null],[117.01141,2.57812,0.0,null],[117.00997,2.57673,0.0,null],[117.01088,2.57483,0.0,null],[117.01185,2.57492,0.0,null],[117.01361,2.57663,0.0,null],[117.01454,2.57687,0.0,null],[117.01672,2.57525,0.0,null],[117.01881,2.57246,0.0,null],[117.02348,2.57233,0.0,null],[117.02368,2.57163,0.0,null],[117.02283,2.57029,0.0,null],[117.02312,2.56927,0.0,null],[117.02726,2.56811,0.0,null],[117.02841,2.56672,0.0,null],[117.02849,2.56566,0.0,null],[117.02809,2.56253,0.0,null],[117.02706,2.5604,0.0,null],[117.02148,2.55683,0.0,null],[117.01987,2.55466,0.0,null],[117.01953,2.55267,0.0,null],[117.02066,2.54959,0.0,null],[117.01977,2.54741,0.0,null],[117.01934,2.54278,0.0,null],[117.01647,2.53205,0.0,null],[117.01796,2.52805,0.0,null],[117.01797,2.52386,0.0,null],[117.01322,2.5182,0.0,null],[117.01323,2.5151,0.0,null],[117.01525,2.51402,0.0,null],[117.02184,2.51622,0.0,null],[117.02515,2.51605,0.0,null],[117.02846,2.51224,0.0,null],[117.03213,2.50989,0.0,null],[117.03469,2.50644,0.0,null],[117.03506,2.50426,0.0,null],[117.03433,2.50171,0.0,null],[117.03725,2.4979,0.0,null],[117.03835,2.49555,0.0,null],[117.03835,2.49191,0.0,null],[117.03961,2.4892,0.0,null],[117.04265,2.48601,0.0,null],[117.04331,2.4828,0.0,null],[117.04552,2.47914,0.0,null],[117.04574,2.47618,0.0,null],[117.04726,2.47447,0.0,null],[117.04746,2.47172,0.0,null],[117.04907,2.46683,0.0,null],[117.05131,2.46498,0.0,null],[117.05094,2.46279,0.0,null],[117.05707,2.45653,0.0,null],[117.06113,2.45451,0.0,null],[117.0628,2.4525,0.0,null],[117.06115,2.44355,0.0,null],[117.05875,2.44008,0.0,null],[117.05302,2.43517,0.0,null],[117.05303,2.43297,0.0,null],[117.04841,2.42349,0.0,null],[117.04804,2.41837,0.0,null],[117.04656,2.41601,0.0,null],[117.04656,2.41308,0.0,null],[117.05379,2.40993,0.0,null],[117.05823,2.40203,0.0,null],[117.06155,2.39836,0.0,null],[117.06422,2.39239,0.0,null],[117.06403,2.39019,0.0,null],[117.06108,2.38837,0.0,null],[117.05994,2.377,0.0,null],[117.05809,2.37352,0.0,null],[117.0766,2.36144,0.0,null],[117.0736,2.35918,0.0,null],[117.08385,2.35271,0.0,null],[117.09318,2.34775,0.0,null],[117.09039,2.33688,0.0,null],[117.08851,2.33182,0.0,null],[117.08634,2.32238,0.0,null],[117.0852,2.30523,0.0,null],[117.08605,2.30201,0.0,null],[117.0883,2.30336,0.0,null],[117.09336,2.29345,0.0,null],[117.09032,2.29216,0.0,null],[117.09281,2.28831,0.0,null],[117.10895,2.27264,0.0,null],[117.11895,2.26141,0.0,null],[117.17371,2.2507,0.0,null],[117.18164,2.25537,0.0,null],[117.20102,2.2644,0.0,null],[117.20973,2.26564,0.0,null],[117.2089,2.27303,0.0,null],[117.21626,2.29056,0.0,null],[117.23409,2.29964,0.0,null],[117.25423,2.30157,0.0,null],[117.25999,2.3117,0.0,null],[117.25456,2.33904,0.0,null],[117.24385,2.34708,0.0,null],[117.22523,2.37949,0.0,null],[117.21532,2.38223,0.0,null],[117.16911,2.35843,0.0,null],[117.15824,2.37419,0.0,null],[117.14009,2.38923,0.0,null],[117.13593,2.40755,0.0,null],[117.1369,2.41008,0.0,null],[117.13776,2.4107,0.0,null],[117.15208,2.43712,0.0,null],[117.1536,2.4389,0.0,null],[117.16279,2.44327,0.0,null],[117.16706,2.44596,0.0,null],[117.1724,2.45421,0.0,null],[117.17763,2.46079,0.0,null],[117.17883,2.46128,0.0,null],[117.18179,2.46087,0.0,null],[117.18489,2.4596,0.0,null],[117.19054,2.45878,0.0,null],[117.19278,2.43546,0.0,null],[117.22414,2.40657,0.0,null],[117.22837,2.41017,0.0,null],[117.24678,2.38882,0.0,null],[117.25049,2.37466,0.0,null],[117.2565,2.3744,0.0,null],[117.26341,2.38238,0.0,null],[117.273,2.37955,0.0,null],[117.27412,2.37439,0.0,null],[117.27478,2.37347,0.0,null],[117.27455,2.36977,0.0,null],[117.27479,2.36796,0.0,null],[117.27559,2.36697,0.0,null],[117.27563,2.36251,0.0,null],[117.27741,2.35092,0.0,null],[117.29045,2.3414,0.0,null],[117.30912,2.34937,0.0,null],[117.31508,2.35733,0.0,null],[117.31549,2.36419,0.0,null],[117.33304,2.37404,0.0,null],[117.33826,2.38977,0.0,null],[117.33635,2.39962,0.0,null],[117.3295,2.40967,0.0,null],[117.32707,2.4277,0.0,null],[117.33382,2.46104,0.0,null],[117.3447,2.47496,0.0,null],[117.34842,2.48706,0.0,null],[117.34899,2.50059,0.0,null],[117.34306,2.51526,0.0,null],[117.34174,2.52422,0.0,null],[117.34342,2.53432,0.0,null],[117.35438,2.54592,0.0,null],[117.3673,2.55077,0.0,null],[117.38618,2.55374,0.0,null],[117.4147,2.55421,0.0,null],[117.42886,2.55672,0.0,null],[117.46123,2.54608,0.0,null],[117.47017,2.5408,0.0,null],[117.48217,2.5677,0.0,null],[117.48252,2.60546,0.0,null],[117.47508,2.61599,0.0,null],[117.46667,2.62452,0.0,null],[117.46158,2.62833,0.0,null],[117.44985,2.63535,0.0,null],[117.44604,2.63702,0.0,null],[117.4399,2.6387,0.0,null],[117.43354,2.63991,0.0,null],[117.42092,2.64062,0.0,null],[117.41679,2.64152,0.0,null],[117.41263,2.64339,0.0,null],[117.40763,2.64757,0.0,null],[117.39479,2.66378,0.0,null],[117.39412,2.6647,0.0,null],[117.39609,2.66297,0.0,null],[117.39404,2.66493,0.0,null]]]}},{"type":"Feature","properties":{"inventoryId":"big-forestry-ha:72","sector":"PBPH","subtype":"IUPHHK-HA","quality":"OFFICIAL","sourceDataset":"big-forestry-ha","sourceRecordId":"72","source":"BIG Kebijakan Satu Peta","sourceUrl":"https://kspservices.big.go.id/satupeta/rest/services/PUBLIK/PERIZINAN_DAN_PERTANAHAN/MapServer/1","retrievedAt":"2026-08-24T04:32:16Z","geometryProcessing":"web display simplification tolerance 0.00035 degrees","name":"PT INHUTANI I UNIT SEGAH HULU","permitNumber":"SK.44/Menhut-II/2006","permitDate":"2006-03-02","areaHa":54230.0,"provinceCode":"65","region":"kalimantan"},"geometry":{"type":"Polygon","coordinates":[[[116.885,2.58564,0.0,null],[116.87752,2.58866,0.0,null],[116.86353,2.59285,0.0,null],[116.84955,2.59061,0.0,null],[116.83858,2.58665,0.0,null],[116.83161,2.5812,0.0,null],[116.74674,2.58159,0.0,null],[116.74697,2.58216,0.0,null],[116.73051,2.54359,0.0,null],[116.69885,2.50029,0.0,null],[116.69673,2.49843,0.0,null],[116.69154,2.49699,0.0,null],[116.67836,2.49682,0.0,null],[116.67853,2.49569,0.0,null],[116.68074,2.49538,0.0,null],[116.68013,2.49476,0.0,null],[116.68037,2.49414,0.0,null],[116.6813,2.49395,0.0,null],[116.67988,2.49302,0.0,null],[116.67883,2.49339,0.0,null],[116.67779,2.49525,0.0,null],[116.6768,2.4942,0.0,null],[116.67779,2.49221,0.0,null],[116.67741,2.49141,0.0,null],[116.67651,2.49135,0.0,null],[116.67593,2.48933,0.0,null],[116.67431,2.48703,0.0,null],[116.67482,2.48571,0.0,null],[116.67399,2.4836,0.0,null],[116.67503,2.48301,0.0,null],[116.67378,2.48251,0.0,null],[116.67357,2.48167,0.0,null],[116.67233,2.4814,0.0,null],[116.67119,2.47983,0.0,null],[116.67154,2.47734,0.0,null],[116.66855,2.4741,0.0,null],[116.66777,2.46977,0.0,null],[116.66627,2.4657,0.0,null],[116.67674,2.45403,0.0,null],[116.69316,2.44251,0.0,null],[116.71098,2.43578,0.0,null],[116.72721,2.43338,0.0,null],[116.73923,2.44063,0.0,null],[116.7506,2.45207,0.0,null],[116.77748,2.48374,0.0,null],[116.79294,2.50572,0.0,null],[116.81549,2.51846,0.0,null],[116.83993,2.53786,0.0,null],[116.84571,2.54687,0.0,null],[116.8496,2.5487,0.0,null],[116.8513,2.5551,0.0,null],[116.8535,2.5596,0.0,null],[116.8564,2.558,0.0,null],[116.86052,2.55721,0.0,null],[116.86511,2.55815,0.0,null],[116.89267,2.55107,0.0,null],[116.90342,2.54969,0.0,null],[116.9229,2.54738,0.0,null],[116.94911,2.54773,0.0,null],[116.96589,2.53109,0.0,null],[116.96589,2.51774,0.0,null],[116.95723,2.50797,0.0,null],[116.93564,2.4986,0.0,null],[116.92617,2.48381,0.0,null],[116.92327,2.46145,0.0,null],[116.91765,2.45532,0.0,null],[116.91726,2.45312,0.0,null],[116.89565,2.42898,0.0,null],[116.88169,2.38118,0.0,null],[116.88069,2.38028,0.0,null],[116.89277,2.37026,0.0,null],[116.90617,2.37662,0.0,null],[116.91402,2.38653,0.0,null],[116.93011,2.35475,0.0,null],[116.93236,2.35179,0.0,null],[116.93806,2.34649,0.0,null],[116.94016,2.34254,0.0,null],[116.94405,2.33939,0.0,null],[116.95383,2.3295,0.0,null],[116.96001,2.32671,0.0,null],[116.96358,2.32322,0.0,null],[116.97401,2.31635,0.0,null],[116.97813,2.31269,0.0,null],[116.98235,2.30993,0.0,null],[116.99462,2.29824,0.0,null],[116.99788,2.29666,0.0,null],[117.00252,2.29629,0.0,null],[117.00571,2.29771,0.0,null],[117.00705,2.30091,0.0,null],[117.00794,2.30572,0.0,null],[117.00214,2.31971,0.0,null],[116.9945,2.32785,0.0,null],[116.99112,2.33316,0.0,null],[116.98531,2.33875,0.0,null],[116.98079,2.35089,0.0,null],[116.97999,2.35807,0.0,null],[116.97849,2.36224,0.0,null],[116.97939,2.36664,0.0,null],[116.98245,2.37166,0.0,null],[116.98459,2.37408,0.0,null],[116.98978,2.37317,0.0,null],[116.99783,2.3697,0.0,null],[117.00201,2.36977,0.0,null],[117.00697,2.37085,0.0,null],[117.01056,2.37071,0.0,null],[117.01461,2.36838,0.0,null],[117.02262,2.36174,0.0,null],[117.0305,2.36068,0.0,null],[117.03642,2.35879,0.0,null],[117.03939,2.35624,0.0,null],[117.04179,2.35945,0.0,null],[117.04076,2.36173,0.0,null],[117.04245,2.36169,0.0,null],[117.04355,2.36272,0.0,null],[117.0442,2.36259,0.0,null],[117.04433,2.36143,0.0,null],[117.04601,2.36169,0.0,null],[117.04949,2.36558,0.0,null],[117.04949,2.36682,0.0,null],[117.04858,2.36623,0.0,null],[117.04845,2.36662,0.0,null],[117.04949,2.36909,0.0,null],[117.05207,2.36844,0.0,null],[117.05311,2.36883,0.0,null],[117.05375,2.37032,0.0,null],[117.05492,2.37052,0.0,null],[117.0573,2.36974,0.0,null],[117.0593,2.37156,0.0,null],[117.05974,2.37244,0.0,null],[117.05809,2.37352,0.0,null],[117.05994,2.377,0.0,null],[117.06108,2.38837,0.0,null],[117.06403,2.39019,0.0,null],[117.06422,2.39239,0.0,null],[117.06155,2.39836,0.0,null],[117.05823,2.40203,0.0,null],[117.05379,2.40993,0.0,null],[117.04656,2.41308,0.0,null],[117.04656,2.41601,0.0,null],[117.04804,2.41837,0.0,null],[117.04841,2.42349,0.0,null],[117.05303,2.43297,0.0,null],[117.05302,2.43517,0.0,null],[117.05875,2.44008,0.0,null],[117.06115,2.44355,0.0,null],[117.0628,2.4525,0.0,null],[117.06113,2.45451,0.0,null],[117.05707,2.45653,0.0,null],[117.05094,2.46279,0.0,null],[117.05131,2.46498,0.0,null],[117.04907,2.46683,0.0,null],[117.04746,2.47172,0.0,null],[117.04726,2.47447,0.0,null],[117.04574,2.47618,0.0,null],[117.04552,2.47914,0.0,null],[117.04331,2.4828,0.0,null],[117.04265,2.48601,0.0,null],[117.03961,2.4892,0.0,null],[117.03835,2.49191,0.0,null],[117.03835,2.49555,0.0,null],[117.03725,2.4979,0.0,null],[117.03433,2.50171,0.0,null],[117.03506,2.50426,0.0,null],[117.03469,2.50644,0.0,null],[117.03213,2.50989,0.0,null],[117.02846,2.51224,0.0,null],[117.02515,2.51605,0.0,null],[117.02184,2.51622,0.0,null],[117.01525,2.51402,0.0,null],[117.01323,2.5151,0.0,null],[117.01322,2.5182,0.0,null],[117.01797,2.52386,0.0,null],[117.01796,2.52805,0.0,null],[117.01647,2.53205,0.0,null],[117.01934,2.54278,0.0,null],[117.01977,2.54741,0.0,null],[117.02066,2.54959,0.0,null],[117.01953,2.55267,0.0,null],[117.01987,2.55466,0.0,null],[117.02148,2.55683,0.0,null],[117.02706,2.5604,0.0,null],[117.02809,2.56253,0.0,null],[117.02841,2.56672,0.0,null],[117.02726,2.56811,0.0,null],[117.02312,2.56927,0.0,null],[117.02283,2.57029,0.0,null],[117.02368,2.57163,0.0,null],[117.02348,2.57233,0.0,null],[117.01881,2.57246,0.0,null],[117.01487,2.57678,0.0,null],[117.01385,2.57678,0.0,null],[117.01185,2.57492,0.0,null],[117.01088,2.57483,0.0,null],[117.00997,2.57673,0.0,null],[117.01141,2.57812,0.0,null],[117.01167,2.58004,0.0,null],[117.01032,2.58289,0.0,null],[117.00917,2.58081,0.0,null],[117.00787,2.58262,0.0,null],[117.00848,2.58562,0.0,null],[116.99902,2.57978,0.0,null],[116.98518,2.57314,0.0,null],[116.97543,2.57022,0.0,null],[116.97416,2.57161,0.0,null],[116.94792,2.57156,0.0,null],[116.9205,2.57527,0.0,null],[116.8918,2.58359,0.0,null],[116.89071,2.58333,0.0,null],[116.885,2.58564,0.0,null]]]}},{"type":"Feature","properties":{"inventoryId":"big-forestry-ha:75","sector":"PBPH","subtype":"IUPHHK-HA","quality":"OFFICIAL","sourceDataset":"big-forestry-ha","sourceRecordId":"75","source":"BIG Kebijakan Satu Peta","sourceUrl":"https://kspservices.big.go.id/satupeta/rest/services/PUBLIK/PERIZINAN_DAN_PERTANAHAN/MapServer/1","retrievedAt":"2026-08-24T04:32:16Z","geometryProcessing":"web display simplification tolerance 0.00035 degrees","name":"PT INHUTANI II (UNIT PULAU LAUT)","permitNumber":"SK.193/Menhut-II/2006","permitDate":"2006-05-24","areaHa":40950.0,"provinceCode":"63","region":"kalimantan"},"geometry":{"type":"Polygon","coordinates":[[[116.20128,-3.30508,0.0,null],[116.198,-3.30195,0.0,null],[116.19659,-3.2993,0.0,null],[116.19175,-3.29789,0.0,null],[116.18784,-3.30086,0.0,null],[116.18534,-3.30586,0.0,null],[116.18393,-3.30696,0.0,null],[116.17487,-3.30696,0.0,null],[116.17424,-3.30586,0.0,null],[116.17287,-3.30516,0.0,null],[116.16955,-3.30492,0.0,null],[116.1683,-3.30571,0.0,null],[116.16533,-3.30586,0.0,null],[116.16361,-3.30836,0.0,null],[116.16393,-3.30977,0.0,null],[116.16549,-3.31055,0.0,null],[116.16705,-3.31024,0.0,null],[116.16862,-3.30883,0.0,null],[116.17002,-3.30883,0.0,null],[116.16979,-3.31125,0.0,null],[116.17205,-3.31196,0.0,null],[116.17956,-3.31227,0.0,null],[116.18331,-3.3118,0.0,null],[116.18534,-3.31336,0.0,null],[116.1905,-3.31321,0.0,null],[116.19159,-3.3143,0.0,null],[116.1919,-3.31618,0.0,null],[116.18971,-3.31868,0.0,null],[116.18862,-3.3254,0.0,null],[116.18737,-3.32696,0.0,null],[116.18549,-3.33274,0.0,null],[116.18378,-3.33321,0.0,null],[116.1844,-3.33493,0.0,null],[116.18362,-3.3365,0.0,null],[116.18534,-3.33837,0.0,null],[116.18534,-3.33962,0.0,null],[116.18393,-3.34478,0.0,null],[116.18424,-3.34994,0.0,null],[116.18315,-3.35494,0.0,null],[116.18159,-3.35963,0.0,null],[116.17815,-3.36213,0.0,null],[116.17831,-3.36463,0.0,null],[116.17471,-3.36682,0.0,null],[116.17049,-3.36729,0.0,null],[116.16471,-3.38073,0.0,null],[116.1533,-3.37869,0.0,null],[116.14923,-3.38604,0.0,null],[116.1447,-3.38839,0.0,null],[116.14048,-3.39542,0.0,null],[116.13611,-3.39948,0.0,null],[116.13189,-3.40948,0.0,null],[116.11938,-3.42371,0.0,null],[116.12079,-3.44965,0.0,null],[116.12548,-3.45497,0.0,null],[116.12563,-3.45778,0.0,null],[116.1247,-3.46122,0.0,null],[116.12548,-3.46247,0.0,null],[116.12376,-3.46513,0.0,null],[116.1197,-3.46559,0.0,null],[116.11626,-3.4645,0.0,null],[116.10813,-3.46481,0.0,null],[116.10407,-3.46544,0.0,null],[116.1036,-3.46716,0.0,null],[116.10016,-3.46731,0.0,null],[116.09735,-3.46481,0.0,null],[116.09344,-3.46544,0.0,null],[116.08906,-3.46481,0.0,null],[116.08515,-3.46684,0.0,null],[116.08297,-3.46716,0.0,null],[116.08125,-3.46669,0.0,null],[116.07875,-3.4595,0.0,null],[116.07781,-3.45872,0.0,null],[116.07664,-3.4588,0.0,null],[116.07625,-3.46091,0.0,null],[116.07703,-3.46481,0.0,null],[116.07515,-3.467,0.0,null],[116.06968,-3.46856,0.0,null],[116.06968,-3.47122,0.0,null],[116.06906,-3.472,0.0,null],[116.06609,-3.47357,0.0,null],[116.06515,-3.47263,0.0,null],[116.06593,-3.46966,0.0,null],[116.06437,-3.47013,0.0,null],[116.06343,-3.472,0.0,null],[116.05827,-3.47357,0.0,null],[116.05655,-3.47528,0.0,null],[116.05624,-3.47919,0.0,null],[116.05499,-3.48263,0.0,null],[116.05405,-3.48341,0.0,null],[116.05296,-3.48576,0.0,null],[116.05296,-3.48951,0.0,null],[116.05405,-3.4906,0.0,null],[116.05577,-3.49029,0.0,null],[116.05718,-3.48935,0.0,null],[116.06077,-3.48935,0.0,null],[116.06187,-3.48857,0.0,null],[116.06374,-3.48888,0.0,null],[116.06445,-3.4899,0.0,null],[116.0628,-3.49279,0.0,null],[116.05968,-3.4942,0.0,null],[116.05718,-3.49763,0.0,null],[116.05718,-3.49888,0.0,null],[116.06812,-3.51186,0.0,null],[116.06687,-3.52155,0.0,null],[116.06937,-3.52358,0.0,null],[116.06749,-3.53202,0.0,null],[116.06812,-3.53952,0.0,null],[116.06718,-3.54249,0.0,null],[116.06577,-3.54343,0.0,null],[116.05937,-3.58891,0.0,null],[116.05046,-3.59735,0.0,null],[116.04796,-3.59766,0.0,null],[116.04233,-3.60188,0.0,null],[116.0403,-3.60251,0.0,null],[116.0342,-3.60907,0.0,null],[116.01998,-3.61939,0.0,null],[116.01998,-3.62251,0.0,null],[116.01779,-3.62204,0.0,null],[116.01701,-3.62314,0.0,null],[116.01717,-3.62525,0.0,null],[116.01935,-3.62611,0.0,null],[116.02201,-3.62626,0.0,null],[116.02186,-3.62751,0.0,null],[116.01513,-3.63564,0.0,null],[116.01889,-3.63971,0.0,null],[116.01795,-3.64471,0.0,null],[116.03827,-3.66268,0.0,null],[116.04249,-3.67049,0.0,null],[116.04477,-3.68223,0.0,null],[116.13701,-3.68595,0.0,null],[116.13727,-3.68035,0.0,null],[116.12277,-3.67281,0.0,null],[116.11842,-3.66904,0.0,null],[116.11176,-3.66904,0.0,null],[116.11031,-3.6212,0.0,null],[116.12422,-3.62033,0.0,null],[116.12625,-3.61975,0.0,null],[116.12838,-3.6183,0.0,null],[116.13243,-3.62064,0.0,null],[116.14314,-3.6172,0.0,null],[116.15877,-3.62111,0.0,null],[116.16064,-3.61939,0.0,null],[116.16768,-3.63142,0.0,null],[116.21894,-3.63423,0.0,null],[116.22301,-3.63955,0.0,null],[116.22801,-3.64283,0.0,null],[116.23363,-3.64346,0.0,null],[116.23785,-3.64283,0.0,null],[116.24082,-3.65252,0.0,null],[116.2477,-3.65487,0.0,null],[116.25294,-3.67331,0.0,null],[116.25536,-3.67237,0.0,null],[116.25708,-3.67081,0.0,null],[116.26098,-3.67659,0.0,null],[116.26489,-3.67815,0.0,null],[116.26567,-3.68644,0.0,null],[116.2588,-3.68753,0.0,null],[116.2563,-3.68972,0.0,null],[116.25473,-3.69222,0.0,null],[116.25107,-3.70307,0.0,null],[116.27017,-3.71974,0.0,null],[116.27021,-3.703,0.0,null],[116.27177,-3.69175,0.0,null],[116.2799,-3.69253,0.0,null],[116.28146,-3.68222,0.0,null],[116.27646,-3.66565,0.0,null],[116.2688,-3.65221,0.0,null],[116.2602,-3.64002,0.0,null],[116.25551,-3.63549,0.0,null],[116.25083,-3.63158,0.0,null],[116.23926,-3.62439,0.0,null],[116.2341,-3.62158,0.0,null],[116.22332,-3.61704,0.0,null],[116.20144,-3.60548,0.0,null],[116.18534,-3.6047,0.0,null],[116.18534,-3.59063,0.0,null],[116.18362,-3.59032,0.0,null],[116.1844,-3.57609,0.0,null],[116.16721,-3.57328,0.0,null],[116.16783,-3.55953,0.0,null],[116.16346,-3.5589,0.0,null],[116.15971,-3.53843,0.0,null],[116.16205,-3.52467,0.0,null],[116.16283,-3.50983,0.0,null],[116.16018,-3.50936,0.0,null],[116.16252,-3.45887,0.0,null],[116.16643,-3.45919,0.0,null],[116.1669,-3.45669,0.0,null],[116.18049,-3.45762,0.0,null],[116.18237,-3.43043,0.0,null],[116.21128,-3.43137,0.0,null],[116.21285,-3.42887,0.0,null],[116.21332,-3.42746,0.0,null],[116.21066,-3.42089,0.0,null],[116.20753,-3.41886,0.0,null],[116.20316,-3.41839,0.0,null],[116.20159,-3.41589,0.0,null],[116.20659,-3.40698,0.0,null],[116.2105,-3.40292,0.0,null],[116.2116,-3.39995,0.0,null],[116.21566,-3.39511,0.0,null],[116.21566,-3.39386,0.0,null],[116.21769,-3.38979,0.0,null],[116.218,-3.38745,0.0,null],[116.22222,-3.38073,0.0,null],[116.22566,-3.3626,0.0,null],[116.22894,-3.354,0.0,null],[116.23066,-3.35119,0.0,null],[116.23199,-3.34619,0.0,null],[116.23082,-3.34587,0.0,null],[116.2266,-3.34759,0.0,null],[116.22597,-3.34853,0.0,null],[116.22551,-3.34962,0.0,null],[116.22613,-3.35525,0.0,null],[116.22504,-3.35963,0.0,null],[116.22129,-3.37151,0.0,null],[116.21613,-3.38041,0.0,null],[116.2155,-3.38557,0.0,null],[116.21457,-3.38698,0.0,null],[116.19628,-3.3887,0.0,null],[116.18503,-3.38182,0.0,null],[116.18409,-3.37979,0.0,null],[116.18378,-3.37729,0.0,null],[116.18565,-3.37135,0.0,null],[116.1894,-3.36463,0.0,null],[116.19128,-3.35838,0.0,null],[116.19175,-3.35119,0.0,null],[116.19112,-3.34509,0.0,null],[116.18784,-3.33462,0.0,null],[116.19362,-3.32931,0.0,null],[116.19581,-3.32634,0.0,null],[116.20128,-3.30508,0.0,null]]]}},{"type":"Feature","properties":{"inventoryId":"big-forestry-ha:224","sector":"PBPH","subtype":"IUPHHK-HA","quality":"OFFICIAL","sourceDataset":"big-forestry-ha","sourceRecordId":"224","source":"BIG Kebijakan Satu Peta","sourceUrl":"https://kspservices.big.go.id/satupeta/rest/services/PUBLIK/PERIZINAN_DAN_PERTANAHAN/MapServer/1","retrievedAt":"2026-08-24T04:32:16Z","geometryProcessing":"web display simplification tolerance 0.00035 degrees","name":"PT INHUTANI II UNIT MALINAU","permitNumber":"SK.664/Menhut-II/2011","permitDate":"2011-11-24","areaHa":29040.0,"provinceCode":"65","region":"kalimantan"},"geometry":{"type":"MultiPolygon","coordinates":[[[[116.50075,3.22357,0.0,null],[116.49509,3.22519,0.0,null],[116.4947,3.22266,0.0,null],[116.49369,3.22183,0.0,null],[116.49222,3.22183,0.0,null],[116.48992,3.22064,0.0,null],[116.48936,3.21588,0.0,null],[116.48843,3.21398,0.0,null],[116.48614,3.21277,0.0,null],[116.48247,3.21277,0.0,null],[116.48095,3.21472,0.0,null],[116.48029,3.21481,0.0,null],[116.47829,3.21196,0.0,null],[116.47871,3.21042,0.0,null],[116.48312,3.20901,0.0,null],[116.48348,3.20747,0.0,null],[116.47863,3.20261,0.0,null],[116.47903,3.20045,0.0,null],[116.48087,3.1969,0.0,null],[116.48092,3.19462,0.0,null],[116.47987,3.19305,0.0,null],[116.4774,3.19256,0.0,null],[116.47711,3.19133,0.0,null],[116.47745,3.19029,0.0,null],[116.47955,3.1881,0.0,null],[116.47943,3.18527,0.0,null],[116.47865,3.18435,0.0,null],[116.47578,3.18496,0.0,null],[116.47351,3.18327,0.0,null],[116.47106,3.18258,0.0,null],[116.46926,3.18122,0.0,null],[116.46833,3.17954,0.0,null],[116.46704,3.17474,0.0,null],[116.46764,3.17247,0.0,null],[116.46568,3.16918,0.0,null],[116.4666,3.16779,0.0,null],[116.46975,3.16717,0.0,null],[116.46984,3.16299,0.0,null],[116.46907,3.16039,0.0,null],[116.46595,3.1598,0.0,null],[116.46413,3.15796,0.0,null],[116.46186,3.14822,0.0,null],[116.46259,3.1461,0.0,null],[116.46555,3.14411,0.0,null],[116.46682,3.14399,0.0,null],[116.47053,3.14189,0.0,null],[116.47188,3.13687,0.0,null],[116.47336,3.13514,0.0,null],[116.47347,3.13372,0.0,null],[116.47289,3.13211,0.0,null],[116.4718,3.13102,0.0,null],[116.47003,3.13078,0.0,null],[116.46628,3.13182,0.0,null],[116.46478,3.13151,0.0,null],[116.46297,3.12995,0.0,null],[116.4629,3.12927,0.0,null],[116.4652,3.12794,0.0,null],[116.46709,3.12593,0.0,null],[116.46804,3.12379,0.0,null],[116.468,3.12197,0.0,null],[116.46748,3.12065,0.0,null],[116.46614,3.11969,0.0,null],[116.46418,3.11305,0.0,null],[116.46171,3.1118,0.0,null],[116.46115,3.11076,0.0,null],[116.46255,3.10847,0.0,null],[116.46436,3.10695,0.0,null],[116.46552,3.10012,0.0,null],[116.47038,3.09581,0.0,null],[116.47011,3.09206,0.0,null],[116.4707,3.08954,0.0,null],[116.46914,3.08592,0.0,null],[116.46951,3.08498,0.0,null],[116.47468,3.08299,0.0,null],[116.47907,3.08313,0.0,null],[116.4797,3.08128,0.0,null],[116.47939,3.07939,0.0,null],[116.48027,3.07772,0.0,null],[116.47884,3.07669,0.0,null],[116.47791,3.07457,0.0,null],[116.47589,3.07399,0.0,null],[116.47316,3.07191,0.0,null],[116.47406,3.06939,0.0,null],[116.47424,3.06687,0.0,null],[116.4754,3.06624,0.0,null],[116.47509,3.06565,0.0,null],[116.47289,3.06525,0.0,null],[116.47202,3.06324,0.0,null],[116.47753,3.06153,0.0,null],[116.47968,3.06185,0.0,null],[116.48004,3.06145,0.0,null],[116.47995,3.05946,0.0,null],[116.48174,3.05798,0.0,null],[116.48201,3.05699,0.0,null],[116.48197,3.05582,0.0,null],[116.48022,3.05514,0.0,null],[116.47921,3.05345,0.0,null],[116.48081,3.05141,0.0,null],[116.48081,3.05012,0.0,null],[116.47874,3.05012,0.0,null],[116.47702,3.05159,0.0,null],[116.47685,3.05253,0.0,null],[116.47591,3.05262,0.0,null],[116.4748,3.05042,0.0,null],[116.47256,3.04937,0.0,null],[116.47326,3.04824,0.0,null],[116.47424,3.04866,0.0,null],[116.47607,3.04539,0.0,null],[116.47591,3.04161,0.0,null],[116.47677,3.04057,0.0,null],[116.47753,3.03731,0.0,null],[116.47753,3.02034,0.0,null],[116.47878,3.00922,0.0,null],[116.4816,2.99452,0.0,null],[116.48476,2.98167,0.0,null],[116.48721,2.96706,0.0,null],[116.49079,2.95266,0.0,null],[116.49124,2.94819,0.0,null],[116.49381,2.94036,0.0,null],[116.49887,2.93114,0.0,null],[116.50213,2.92204,0.0,null],[116.50416,2.91324,0.0,null],[116.50525,2.90174,0.0,null],[116.50741,2.89204,0.0,null],[116.50729,2.88201,0.0,null],[116.50579,2.86896,0.0,null],[116.51308,2.87378,0.0,null],[116.54138,2.90294,0.0,null],[116.57889,2.94554,0.0,null],[116.62871,3.01474,0.0,null],[116.63541,3.02574,0.0,null],[116.63508,3.02705,0.0,null],[116.61754,3.0078,0.0,null],[116.60016,3.08195,0.0,null],[116.61253,3.11678,0.0,null],[116.60889,3.13125,0.0,null],[116.58573,3.17093,0.0,null],[116.58253,3.17576,0.0,null],[116.58039,3.17796,0.0,null],[116.58039,3.17919,0.0,null],[116.57972,3.17986,0.0,null],[116.58006,3.18211,0.0,null],[116.58252,3.18211,0.0,null],[116.58331,3.1829,0.0,null],[116.58331,3.18379,0.0,null],[116.5814,3.18402,0.0,null],[116.58185,3.18593,0.0,null],[116.58254,3.18662,0.0,null],[116.5835,3.18566,0.0,null],[116.58601,3.18526,0.0,null],[116.50075,3.22357,0.0,null]]],[[[116.4699,3.08868,0.0,null],[116.47025,3.09067,0.0,null],[116.46978,3.0913,0.0,null],[116.46923,3.08958,0.0,null],[116.4699,3.08868,0.0,null]]],[[[116.46747,3.13238,0.0,null],[116.46603,3.13309,0.0,null],[116.46494,3.13207,0.0,null],[116.46747,3.13238,0.0,null]]],[[[116.46687,3.17213,0.0,null],[116.46713,3.17281,0.0,null],[116.46655,3.1737,0.0,null],[116.46687,3.17213,0.0,null]]],[[[116.48305,3.21313,0.0,null],[116.48311,3.21316,0.0,null],[116.48311,3.2132,0.0,null],[116.4831,3.21324,0.0,null],[116.48309,3.21326,0.0,null],[116.48305,3.2133,0.0,null],[116.48291,3.21339,0.0,null],[116.48283,3.21347,0.0,null],[116.48282,3.21348,0.0,null],[116.48277,3.21351,0.0,null],[116.48246,3.21385,0.0,null],[116.48242,3.21387,0.0,null],[116.48229,3.21394,0.0,null],[116.48218,3.21399,0.0,null],[116.48203,3.21404,0.0,null],[116.48188,3.21404,0.0,null],[116.48176,3.21403,0.0,null],[116.48171,3.214,0.0,null],[116.48171,3.21394,0.0,null],[116.48172,3.21389,0.0,null],[116.48175,3.21385,0.0,null],[116.48179,3.21382,0.0,null],[116.48187,3.21376,0.0,null],[116.48196,3.2137,0.0,null],[116.48204,3.2136,0.0,null],[116.48211,3.21349,0.0,null],[116.48215,3.21342,0.0,null],[116.4823,3.21326,0.0,null],[116.4824,3.2132,0.0,null],[116.48248,3.21318,0.0,null],[116.48255,3.21315,0.0,null],[116.48284,3.21312,0.0,null],[116.48301,3.21312,0.0,null],[116.48305,3.21313,0.0,null]]],[[[116.46605,3.17064,0.0,null],[116.46613,3.17069,0.0,null],[116.46623,3.17079,0.0,null],[116.46628,3.17084,0.0,null],[116.46645,3.17108,0.0,null],[116.4666,3.17131,0.0,null],[116.46665,3.1714,0.0,null],[116.46667,3.17145,0.0,null],[116.46667,3.17151,0.0,null],[116.46666,3.17156,0.0,null],[116.46664,3.1716,0.0,null],[116.46655,3.17173,0.0,null],[116.46649,3.17175,0.0,null],[116.46611,3.17085,0.0,null],[116.46601,3.17065,0.0,null],[116.46602,3.17062,0.0,null],[116.46605,3.17064,0.0,null]]],[[[116.46709,3.12068,0.0,null],[116.46717,3.12075,0.0,null],[116.46731,3.12086,0.0,null],[116.46735,3.12096,0.0,null],[116.46683,3.12068,0.0,null],[116.46691,3.12066,0.0,null],[116.46701,3.12065,0.0,null],[116.46709,3.12068,0.0,null]]]]}},{"type":"Feature","properties":{"inventoryId":"big-forestry-ha:23","sector":"PBPH","subtype":"IUPHHK-HA","quality":"OFFICIAL","sourceDataset":"big-forestry-ha","sourceRecordId":"23","source":"BIG Kebijakan Satu Peta","sourceUrl":"https://kspservices.big.go.id/satupeta/rest/services/PUBLIK/PERIZINAN_DAN_PERTANAHAN/MapServer/1","retrievedAt":"2026-08-24T04:32:16Z","geometryProcessing":"web display simplification tolerance 0.00035 degrees","name":"PT INHUTANI II UNIT SEI SEMAMU","permitNumber":"SK.578/Menhut-II/2009","permitDate":"2009-10-01","areaHa":71375.0,"provinceCode":"65","region":"kalimantan"},"geometry":{"type":"Polygon","coordinates":[[[116.23778,3.83578,0.0,null],[116.23701,3.83621,0.0,null],[116.19194,3.83754,0.0,null],[116.16347,3.83147,0.0,null],[116.15614,3.83381,0.0,null],[116.14874,3.82629,0.0,null],[116.14282,3.8247,0.0,null],[116.13236,3.82315,0.0,null],[116.11878,3.82248,0.0,null],[116.10446,3.81771,0.0,null],[116.01602,3.80664,0.0,null],[115.99596,3.79924,0.0,null],[115.99596,3.76921,0.0,null],[116.00754,3.66807,0.0,null],[116.01992,3.61668,0.0,null],[116.03108,3.61435,0.0,null],[116.03798,3.60968,0.0,null],[116.04265,3.60634,0.0,null],[116.04577,3.60211,0.0,null],[116.05356,3.59588,0.0,null],[116.05846,3.58853,0.0,null],[116.06691,3.5794,0.0,null],[116.0727,3.57495,0.0,null],[116.07871,3.5725,0.0,null],[116.08628,3.57072,0.0,null],[116.0914,3.57184,0.0,null],[116.10431,3.57985,0.0,null],[116.11566,3.58029,0.0,null],[116.12791,3.58297,0.0,null],[116.1446,3.5941,0.0,null],[116.15417,3.59588,0.0,null],[116.15773,3.59565,0.0,null],[116.16285,3.59432,0.0,null],[116.16931,3.5941,0.0,null],[116.17265,3.58786,0.0,null],[116.17465,3.58252,0.0,null],[116.17746,3.58079,0.0,null],[116.2183,3.60501,0.0,null],[116.27763,3.6373,0.0,null],[116.28138,3.64082,0.0,null],[116.2855,3.64758,0.0,null],[116.27939,3.65029,0.0,null],[116.26913,3.65815,0.0,null],[116.26067,3.66998,0.0,null],[116.25694,3.68061,0.0,null],[116.25626,3.68789,0.0,null],[116.2566,3.70322,0.0,null],[116.25983,3.71942,0.0,null],[116.26314,3.77636,0.0,null],[116.26001,3.80913,0.0,null],[116.25502,3.82151,0.0,null],[116.25172,3.82585,0.0,null],[116.25002,3.82608,0.0,null],[116.24847,3.82511,0.0,null],[116.24967,3.82212,0.0,null],[116.24581,3.82168,0.0,null],[116.24481,3.82467,0.0,null],[116.24648,3.82621,0.0,null],[116.24648,3.82966,0.0,null],[116.24747,3.83042,0.0,null],[116.23778,3.83578,0.0,null]]]}},{"type":"Feature","properties":{"inventoryId":"big-forestry-ha:102","sector":"PBPH","subtype":"IUPHHK-HA","quality":"OFFICIAL","sourceDataset":"big-forestry-ha","sourceRecordId":"102","source":"BIG Kebijakan Satu Peta","sourceUrl":"https://kspservices.big.go.id/satupeta/rest/services/PUBLIK/PERIZINAN_DAN_PERTANAHAN/MapServer/1","retrievedAt":"2026-08-24T04:32:16Z","geometryProcessing":"web display simplification tolerance 0.00035 degrees","name":"PT INHUTANI II UNIT SEI TUBU","permitNumber":"1/1/IUPHHK-HA/PMDN/2015","permitDate":"2015-02-13","areaHa":91510.0,"provinceCode":"65","region":"kalimantan"},"geometry":{"type":"Polygon","coordinates":[[[116.23234,3.14349,0.0,null],[116.2269,3.16376,0.0,null],[116.22232,3.20156,0.0,null],[116.16669,3.23389,0.0,null],[116.16028,3.22375,0.0,null],[116.15637,3.21893,0.0,null],[116.15173,3.21649,0.0,null],[116.14093,3.21362,0.0,null],[116.08795,3.20306,0.0,null],[116.08289,3.18127,0.0,null],[116.07318,3.16565,0.0,null],[116.05895,3.15105,0.0,null],[116.06137,3.14243,0.0,null],[116.06055,3.10581,0.0,null],[116.02063,3.09691,0.0,null],[115.99479,3.09226,0.0,null],[115.97757,3.09284,0.0,null],[115.95251,3.11933,0.0,null],[115.94254,3.13193,0.0,null],[115.92629,3.14075,0.0,null],[115.91453,3.13166,0.0,null],[115.91413,3.12953,0.0,null],[115.91075,3.12912,0.0,null],[115.90892,3.12819,0.0,null],[115.90834,3.12606,0.0,null],[115.90717,3.12482,0.0,null],[115.90607,3.12721,0.0,null],[115.90465,3.12615,0.0,null],[115.90391,3.12654,0.0,null],[115.90292,3.12606,0.0,null],[115.90238,3.12758,0.0,null],[115.8985,3.13055,0.0,null],[115.896,3.13116,0.0,null],[115.89552,3.13251,0.0,null],[115.89228,3.13338,0.0,null],[115.89038,3.13218,0.0,null],[115.88868,3.13211,0.0,null],[115.88283,3.126,0.0,null],[115.88111,3.12738,0.0,null],[115.8749,3.1253,0.0,null],[115.87416,3.12532,0.0,null],[115.87371,3.12692,0.0,null],[115.86862,3.12686,0.0,null],[115.87274,3.10034,0.0,null],[115.91388,3.05414,0.0,null],[115.92029,3.02203,0.0,null],[115.8941,2.94128,0.0,null],[115.8844,2.89264,0.0,null],[115.9088,2.89235,0.0,null],[115.90899,2.8946,0.0,null],[115.91008,2.89604,0.0,null],[115.91326,2.89695,0.0,null],[115.925,2.89163,0.0,null],[115.92883,2.89232,0.0,null],[115.93327,2.89698,0.0,null],[115.93557,2.90065,0.0,null],[115.93708,2.90449,0.0,null],[115.93936,2.91309,0.0,null],[115.94012,2.92144,0.0,null],[115.93959,2.92396,0.0,null],[115.93623,2.92974,0.0,null],[115.93288,2.93381,0.0,null],[115.9298,2.94032,0.0,null],[115.92915,2.94583,0.0,null],[115.92985,2.94792,0.0,null],[115.9316,2.95016,0.0,null],[115.94105,2.9573,0.0,null],[115.94287,2.95796,0.0,null],[115.94467,2.95785,0.0,null],[115.94822,2.95654,0.0,null],[115.96433,2.9463,0.0,null],[115.96799,2.94462,0.0,null],[115.97982,2.94742,0.0,null],[115.98798,2.95121,0.0,null],[116.00604,2.96227,0.0,null],[116.01625,2.96987,0.0,null],[116.02292,2.97598,0.0,null],[116.02867,2.98027,0.0,null],[116.05546,2.99239,0.0,null],[116.06663,3.00001,0.0,null],[116.07354,3.00762,0.0,null],[116.07788,3.01123,0.0,null],[116.08104,3.01304,0.0,null],[116.08916,3.01467,0.0,null],[116.09676,3.01759,0.0,null],[116.11001,3.02135,0.0,null],[116.11717,3.02576,0.0,null],[116.12974,3.03239,0.0,null],[116.14013,3.03578,0.0,null],[116.15014,3.03764,0.0,null],[116.16664,3.03703,0.0,null],[116.17182,3.03577,0.0,null],[116.18743,3.02773,0.0,null],[116.20081,3.02343,0.0,null],[116.21877,3.01251,0.0,null],[116.22128,3.00998,0.0,null],[116.22196,3.0082,0.0,null],[116.22242,2.99879,0.0,null],[116.21203,2.99212,0.0,null],[116.20824,2.99163,0.0,null],[116.20082,2.99314,0.0,null],[116.19567,2.9952,0.0,null],[116.18669,3.00001,0.0,null],[116.1773,3.00415,0.0,null],[116.16885,3.00485,0.0,null],[116.16461,3.0034,0.0,null],[116.16395,3.0,0.0,null],[116.14246,2.98194,0.0,null],[116.13479,2.97728,0.0,null],[116.12626,2.97444,0.0,null],[116.11741,2.9729,0.0,null],[116.10907,2.96954,0.0,null],[116.10062,2.96384,0.0,null],[116.09439,2.95765,0.0,null],[116.09145,2.95184,0.0,null],[116.08956,2.94142,0.0,null],[116.08929,2.93238,0.0,null],[116.09044,2.91439,0.0,null],[116.08945,2.89944,0.0,null],[116.09086,2.89325,0.0,null],[116.09393,2.88986,0.0,null],[116.0992,2.88832,0.0,null],[116.10378,2.88825,0.0,null],[116.12168,2.88991,0.0,null],[116.13339,2.89009,0.0,null],[116.13699,2.88957,0.0,null],[116.13999,2.88809,0.0,null],[116.14204,2.88583,0.0,null],[116.14244,2.88186,0.0,null],[116.14001,2.87597,0.0,null],[116.13187,2.8605,0.0,null],[116.12937,2.85708,0.0,null],[116.12037,2.84821,0.0,null],[116.11656,2.84355,0.0,null],[116.11577,2.83963,0.0,null],[116.11634,2.8339,0.0,null],[116.11459,2.8301,0.0,null],[116.11169,2.82785,0.0,null],[116.10376,2.82358,0.0,null],[116.08077,2.80939,0.0,null],[116.07558,2.80711,0.0,null],[116.06228,2.80426,0.0,null],[116.08875,2.78885,0.0,null],[116.09304,2.79138,0.0,null],[116.09373,2.79374,0.0,null],[116.09602,2.79429,0.0,null],[116.09666,2.79684,0.0,null],[116.10067,2.79633,0.0,null],[116.1027,2.79767,0.0,null],[116.10416,2.79721,0.0,null],[116.10842,2.79771,0.0,null],[116.11432,2.7972,0.0,null],[116.11785,2.79988,0.0,null],[116.11974,2.8002,0.0,null],[116.12032,2.80219,0.0,null],[116.12171,2.80207,0.0,null],[116.12087,2.80548,0.0,null],[116.12213,2.80504,0.0,null],[116.12489,2.80525,0.0,null],[116.12399,2.80665,0.0,null],[116.12427,2.80939,0.0,null],[116.12568,2.80921,0.0,null],[116.12622,2.8117,0.0,null],[116.12845,2.81196,0.0,null],[116.12961,2.81357,0.0,null],[116.13101,2.81327,0.0,null],[116.13246,2.81837,0.0,null],[116.13472,2.81887,0.0,null],[116.13263,2.82093,0.0,null],[116.13256,2.82246,0.0,null],[116.13573,2.82323,0.0,null],[116.13394,2.82383,0.0,null],[116.13335,2.82588,0.0,null],[116.13122,2.82735,0.0,null],[116.13176,2.8308,0.0,null],[116.13264,2.83232,0.0,null],[116.13188,2.83654,0.0,null],[116.13313,2.83646,0.0,null],[116.13485,2.83432,0.0,null],[116.13802,2.83465,0.0,null],[116.13871,2.83396,0.0,null],[116.13888,2.83229,0.0,null],[116.13979,2.83179,0.0,null],[116.1402,2.83241,0.0,null],[116.13985,2.83501,0.0,null],[116.14103,2.83588,0.0,null],[116.14307,2.83582,0.0,null],[116.14334,2.83329,0.0,null],[116.14843,2.83503,0.0,null],[116.14872,2.83625,0.0,null],[116.15002,2.83764,0.0,null],[116.14926,2.83901,0.0,null],[116.14978,2.83979,0.0,null],[116.15287,2.83923,0.0,null],[116.1546,2.83831,0.0,null],[116.15445,2.84082,0.0,null],[116.1529,2.84089,0.0,null],[116.15359,2.84369,0.0,null],[116.15674,2.84283,0.0,null],[116.15681,2.84081,0.0,null],[116.1578,2.84158,0.0,null],[116.15832,2.84327,0.0,null],[116.15887,2.84337,0.0,null],[116.16032,2.84212,0.0,null],[116.16068,2.84393,0.0,null],[116.16192,2.84437,0.0,null],[116.16322,2.84407,0.0,null],[116.16481,2.84528,0.0,null],[116.1679,2.83987,0.0,null],[116.16885,2.83967,0.0,null],[116.17046,2.84057,0.0,null],[116.17123,2.83908,0.0,null],[116.17176,2.83983,0.0,null],[116.17113,2.84233,0.0,null],[116.17172,2.84284,0.0,null],[116.17263,2.84278,0.0,null],[116.17416,2.84151,0.0,null],[116.17433,2.84351,0.0,null],[116.17554,2.8441,0.0,null],[116.17699,2.84303,0.0,null],[116.18011,2.84253,0.0,null],[116.18075,2.84111,0.0,null],[116.18066,2.83844,0.0,null],[116.18143,2.83776,0.0,null],[116.18159,2.84031,0.0,null],[116.18407,2.84318,0.0,null],[116.18633,2.84755,0.0,null],[116.18826,2.84646,0.0,null],[116.19132,2.84681,0.0,null],[116.19111,2.84858,0.0,null],[116.19235,2.84959,0.0,null],[116.19317,2.85174,0.0,null],[116.19098,2.85127,0.0,null],[116.18827,2.85596,0.0,null],[116.19014,2.85813,0.0,null],[116.19338,2.85945,0.0,null],[116.19483,2.85886,0.0,null],[116.19561,2.85955,0.0,null],[116.19848,2.85718,0.0,null],[116.19943,2.85835,0.0,null],[116.20216,2.85991,0.0,null],[116.20348,2.85867,0.0,null],[116.2063,2.85962,0.0,null],[116.16095,2.93158,0.0,null],[116.14911,2.92413,0.0,null],[116.14252,2.93091,0.0,null],[116.1308,2.92914,0.0,null],[116.12927,2.93158,0.0,null],[116.13214,2.94037,0.0,null],[116.14404,2.95337,0.0,null],[116.16931,2.97296,0.0,null],[116.18121,2.97821,0.0,null],[116.18604,2.96985,0.0,null],[116.19244,2.93951,0.0,null],[116.21423,2.95862,0.0,null],[116.23401,2.98108,0.0,null],[116.28284,3.04535,0.0,null],[116.26988,3.07296,0.0,null],[116.25938,3.07125,0.0,null],[116.25021,3.0895,0.0,null],[116.24965,3.10418,0.0,null],[116.23234,3.14349,0.0,null]],[[116.10683,3.09419,0.0,null],[116.10662,3.09721,0.0,null],[116.10988,3.10237,0.0,null],[116.1097,3.1035,0.0,null],[116.11052,3.10364,0.0,null],[116.11236,3.10846,0.0,null],[116.1134,3.10917,0.0,null],[116.11374,3.11097,0.0,null],[116.11311,3.11168,0.0,null],[116.11436,3.11663,0.0,null],[116.11815,3.11525,0.0,null],[116.11878,3.1129,0.0,null],[116.12008,3.11211,0.0,null],[116.11979,3.10825,0.0,null],[116.11749,3.10795,0.0,null],[116.1181,3.10574,0.0,null],[116.11754,3.10259,0.0,null],[116.11445,3.10158,0.0,null],[116.11387,3.09898,0.0,null],[116.1107,3.09801,0.0,null],[116.11016,3.09591,0.0,null],[116.109,3.09478,0.0,null],[116.10921,3.09336,0.0,null],[116.10826,3.09322,0.0,null],[116.10683,3.09419,0.0,null]],[[116.14154,3.05888,0.0,null],[116.14253,3.06156,0.0,null],[116.14411,3.05964,0.0,null],[116.14298,3.05832,0.0,null],[116.14335,3.05764,0.0,null],[116.14565,3.05872,0.0,null],[116.14765,3.05658,0.0,null],[116.14688,3.05489,0.0,null],[116.14662,3.05599,0.0,null],[116.14486,3.05517,0.0,null],[116.1466,3.053,0.0,null],[116.1468,3.04903,0.0,null],[116.14553,3.04852,0.0,null],[116.14342,3.05198,0.0,null],[116.14129,3.05184,0.0,null],[116.1402,3.05235,0.0,null],[116.13978,3.05336,0.0,null],[116.141,3.05543,0.0,null],[116.13997,3.05713,0.0,null],[116.1384,3.05736,0.0,null],[116.1384,3.05782,0.0,null],[116.13944,3.05863,0.0,null],[116.14154,3.05888,0.0,null]]]}},{"type":"Feature","properties":{"inventoryId":"big-forestry-ha:70","sector":"PBPH","subtype":"IUPHHK-HA","quality":"OFFICIAL","sourceDataset":"big-forestry-ha","sourceRecordId":"70","source":"BIG Kebijakan Satu Peta","sourceUrl":"https://kspservices.big.go.id/satupeta/rest/services/PUBLIK/PERIZINAN_DAN_PERTANAHAN/MapServer/1","retrievedAt":"2026-08-24T04:32:16Z","geometryProcessing":"web display simplification tolerance 0.00035 degrees","name":"PT INHUTANI IUNIT PANGEAN","permitNumber":"SK.45/Menhut-II/2006","permitDate":"2006-03-02","areaHa":50230.0,"provinceCode":"65","region":"kalimantan"},"geometry":{"type":"Polygon","coordinates":[[[116.46084,2.53545,0.0,null],[116.43431,2.54637,0.0,null],[116.43896,2.55254,0.0,null],[116.44143,2.55391,0.0,null],[116.4469,2.55885,0.0,null],[116.45108,2.56532,0.0,null],[116.45915,2.5749,0.0,null],[116.46217,2.58079,0.0,null],[116.46944,2.58465,0.0,null],[116.47208,2.58735,0.0,null],[116.47533,2.5895,0.0,null],[116.47861,2.59317,0.0,null],[116.48143,2.59937,0.0,null],[116.48268,2.60065,0.0,null],[116.48558,2.60782,0.0,null],[116.48651,2.61145,0.0,null],[116.48644,2.61344,0.0,null],[116.48977,2.61988,0.0,null],[116.48956,2.62123,0.0,null],[116.49073,2.62479,0.0,null],[116.49092,2.62773,0.0,null],[116.49208,2.63028,0.0,null],[116.49572,2.63393,0.0,null],[116.50263,2.64269,0.0,null],[116.50849,2.65186,0.0,null],[116.51606,2.65909,0.0,null],[116.51883,2.66322,0.0,null],[116.52399,2.66802,0.0,null],[116.5269,2.6718,0.0,null],[116.53267,2.67585,0.0,null],[116.53863,2.68283,0.0,null],[116.54411,2.6864,0.0,null],[116.54487,2.68916,0.0,null],[116.54976,2.69488,0.0,null],[116.55301,2.70191,0.0,null],[116.55819,2.71093,0.0,null],[116.56309,2.71556,0.0,null],[116.56667,2.72166,0.0,null],[116.57329,2.72906,0.0,null],[116.57666,2.73407,0.0,null],[116.54636,2.76635,0.0,null],[116.52486,2.74821,0.0,null],[116.51282,2.73882,0.0,null],[116.47474,2.71632,0.0,null],[116.46922,2.71389,0.0,null],[116.45174,2.70422,0.0,null],[116.44397,2.70086,0.0,null],[116.42866,2.69771,0.0,null],[116.42096,2.69532,0.0,null],[116.4114,2.69366,0.0,null],[116.40099,2.69013,0.0,null],[116.38241,2.68238,0.0,null],[116.37541,2.68119,0.0,null],[116.37032,2.67948,0.0,null],[116.36124,2.64904,0.0,null],[116.32352,2.53052,0.0,null],[116.36362,2.53445,0.0,null],[116.37202,2.52451,0.0,null],[116.36619,2.51328,0.0,null],[116.34766,2.49845,0.0,null],[116.34118,2.49474,0.0,null],[116.31578,2.48622,0.0,null],[116.2821,2.36907,0.0,null],[116.27236,2.33703,0.0,null],[116.28785,2.34981,0.0,null],[116.30371,2.3668,0.0,null],[116.30701,2.37153,0.0,null],[116.31145,2.37645,0.0,null],[116.31868,2.38794,0.0,null],[116.32731,2.39943,0.0,null],[116.33162,2.40773,0.0,null],[116.33669,2.41552,0.0,null],[116.34595,2.42497,0.0,null],[116.35421,2.43028,0.0,null],[116.36526,2.43514,0.0,null],[116.37974,2.43861,0.0,null],[116.4134,2.44357,0.0,null],[116.42001,2.44537,0.0,null],[116.4275,2.44857,0.0,null],[116.4308,2.45062,0.0,null],[116.43423,2.45368,0.0,null],[116.44044,2.46084,0.0,null],[116.44603,2.46863,0.0,null],[116.45161,2.47782,0.0,null],[116.45554,2.48612,0.0,null],[116.46149,2.49665,0.0,null],[116.47265,2.52269,0.0,null],[116.47441,2.5301,0.0,null],[116.46084,2.53545,0.0,null]]]}},{"type":"Feature","properties":{"inventoryId":"big-forestry-ha:140","sector":"PBPH","subtype":"IUPHHK-HA","quality":"OFFICIAL","sourceDataset":"big-forestry-ha","sourceRecordId":"140","source":"BIG Kebijakan Satu Peta","sourceUrl":"https://kspservices.big.go.id/satupeta/rest/services/PUBLIK/PERIZINAN_DAN_PERTANAHAN/MapServer/1","retrievedAt":"2026-08-24T04:32:16Z","geometryProcessing":"web display simplification tolerance 0.00035 degrees","name":"PT INTERTROPIC ADITAMA","permitNumber":"SK.161/Menhut-II/2005","permitDate":"2005-06-07","areaHa":46230.0,"provinceCode":"64","region":"kalimantan"},"geometry":{"type":"Polygon","coordinates":[[[116.68521,1.16788,0.0,null],[116.68531,1.16884,0.0,null],[116.68682,1.17056,0.0,null],[116.66913,1.205,0.0,null],[116.66906,1.23478,0.0,null],[116.67209,1.24843,0.0,null],[116.66885,1.25742,0.0,null],[116.66625,1.26179,0.0,null],[116.66564,1.26497,0.0,null],[116.66423,1.26825,0.0,null],[116.66323,1.26862,0.0,null],[116.66138,1.26717,0.0,null],[116.65711,1.27077,0.0,null],[116.65542,1.27156,0.0,null],[116.65527,1.273,0.0,null],[116.6572,1.27547,0.0,null],[116.65707,1.2773,0.0,null],[116.65322,1.28136,0.0,null],[116.65299,1.28388,0.0,null],[116.65218,1.28544,0.0,null],[116.64836,1.28639,0.0,null],[116.64704,1.28845,0.0,null],[116.64689,1.2899,0.0,null],[116.6484,1.29303,0.0,null],[116.64739,1.29418,0.0,null],[116.64484,1.2953,0.0,null],[116.64458,1.29815,0.0,null],[116.64143,1.30075,0.0,null],[116.64043,1.30318,0.0,null],[116.64066,1.3073,0.0,null],[116.64013,1.3081,0.0,null],[116.63643,1.3089,0.0,null],[116.63522,1.30857,0.0,null],[116.63435,1.30758,0.0,null],[116.63485,1.30609,0.0,null],[116.63458,1.30443,0.0,null],[116.63386,1.30417,0.0,null],[116.62938,1.30676,0.0,null],[116.6252,1.30821,0.0,null],[116.62215,1.31134,0.0,null],[116.61938,1.31246,0.0,null],[116.61693,1.31511,0.0,null],[116.61608,1.31469,0.0,null],[116.61457,1.31227,0.0,null],[116.61073,1.31148,0.0,null],[116.60898,1.31375,0.0,null],[116.60851,1.31656,0.0,null],[116.60756,1.31818,0.0,null],[116.60451,1.31809,0.0,null],[116.60124,1.31983,0.0,null],[116.59947,1.31854,0.0,null],[116.5981,1.31833,0.0,null],[116.59726,1.31951,0.0,null],[116.59833,1.32111,0.0,null],[116.59822,1.32174,0.0,null],[116.59378,1.3218,0.0,null],[116.59328,1.32272,0.0,null],[116.59366,1.3243,0.0,null],[116.59189,1.3254,0.0,null],[116.58232,1.32798,0.0,null],[116.57207,1.32996,0.0,null],[116.57121,1.3307,0.0,null],[116.57115,1.33257,0.0,null],[116.56689,1.3344,0.0,null],[116.5628,1.3341,0.0,null],[116.56071,1.33243,0.0,null],[116.55717,1.33294,0.0,null],[116.55683,1.3351,0.0,null],[116.55537,1.33749,0.0,null],[116.55569,1.3388,0.0,null],[116.55406,1.3401,0.0,null],[116.34772,1.30842,0.0,null],[116.36106,1.253,0.0,null],[116.36914,1.25422,0.0,null],[116.38279,1.2621,0.0,null],[116.3825,1.26917,0.0,null],[116.38417,1.27656,0.0,null],[116.39472,1.28155,0.0,null],[116.39973,1.27794,0.0,null],[116.39863,1.26598,0.0,null],[116.40225,1.26014,0.0,null],[116.40616,1.2612,0.0,null],[116.41065,1.25896,0.0,null],[116.41499,1.2578,0.0,null],[116.4217,1.23869,0.0,null],[116.42824,1.23612,0.0,null],[116.4336,1.23037,0.0,null],[116.43415,1.22342,0.0,null],[116.43833,1.22286,0.0,null],[116.44109,1.2173,0.0,null],[116.44303,1.21702,0.0,null],[116.44467,1.21779,0.0,null],[116.44608,1.21772,0.0,null],[116.44728,1.2202,0.0,null],[116.44885,1.22038,0.0,null],[116.45091,1.22252,0.0,null],[116.45215,1.22228,0.0,null],[116.45225,1.22345,0.0,null],[116.45318,1.22442,0.0,null],[116.45362,1.2231,0.0,null],[116.45465,1.2229,0.0,null],[116.45565,1.22342,0.0,null],[116.45572,1.22428,0.0,null],[116.45479,1.22514,0.0,null],[116.4552,1.22625,0.0,null],[116.45616,1.22614,0.0,null],[116.4586,1.22718,0.0,null],[116.46532,1.23167,0.0,null],[116.46576,1.23063,0.0,null],[116.46721,1.23371,0.0,null],[116.46844,1.23374,0.0,null],[116.4689,1.23248,0.0,null],[116.47281,1.23572,0.0,null],[116.47269,1.23654,0.0,null],[116.47479,1.23689,0.0,null],[116.47575,1.23872,0.0,null],[116.4753,1.23996,0.0,null],[116.47605,1.24079,0.0,null],[116.4752,1.24172,0.0,null],[116.4775,1.24248,0.0,null],[116.48031,1.24428,0.0,null],[116.48113,1.24393,0.0,null],[116.4823,1.24431,0.0,null],[116.48297,1.24663,0.0,null],[116.48432,1.24531,0.0,null],[116.48333,1.24369,0.0,null],[116.48364,1.24265,0.0,null],[116.48206,1.24024,0.0,null],[116.48285,1.23868,0.0,null],[116.48127,1.23803,0.0,null],[116.48141,1.23578,0.0,null],[116.48055,1.23523,0.0,null],[116.48028,1.23319,0.0,null],[116.48163,1.23133,0.0,null],[116.4786,1.22458,0.0,null],[116.51471,1.24002,0.0,null],[116.51944,1.2339,0.0,null],[116.52408,1.23551,0.0,null],[116.53854,1.21311,0.0,null],[116.54381,1.21536,0.0,null],[116.56157,1.18453,0.0,null],[116.56629,1.18474,0.0,null],[116.56684,1.17949,0.0,null],[116.57037,1.17526,0.0,null],[116.57397,1.16873,0.0,null],[116.57231,1.16291,0.0,null],[116.56795,1.16027,0.0,null],[116.5572,1.15962,0.0,null],[116.55879,1.15609,0.0,null],[116.55892,1.14584,0.0,null],[116.66686,1.13156,0.0,null],[116.65603,1.15573,0.0,null],[116.68521,1.16788,0.0,null]]]}},{"type":"Feature","properties":{"inventoryId":"big-forestry-ha:112","sector":"PBPH","subtype":"IUPHHK-HA","quality":"OFFICIAL","sourceDataset":"big-forestry-ha","sourceRecordId":"112","source":"BIG Kebijakan Satu Peta","sourceUrl":"https://kspservices.big.go.id/satupeta/rest/services/PUBLIK/PERIZINAN_DAN_PERTANAHAN/MapServer/1","retrievedAt":"2026-08-24T04:32:16Z","geometryProcessing":"web display simplification tolerance 0.00035 degrees","name":"PT INTRACAWOOD MANUFACTURING","permitNumber":"5/1/IUPHHK-HA/PMDN/2017","permitDate":"2017-03-10","areaHa":11585.0,"provinceCode":"65","region":"kalimantan"},"geometry":{"type":"Polygon","coordinates":[[[116.92185,4.25256,0.0,null],[116.9219,4.25358,0.0,null],[116.88871,4.2527,0.0,null],[116.82752,4.25256,0.0,null],[116.8268,4.25012,0.0,null],[116.83153,4.24829,0.0,null],[116.83246,4.24664,0.0,null],[116.83247,4.2439,0.0,null],[116.83509,4.24301,0.0,null],[116.83682,4.24374,0.0,null],[116.83774,4.24295,0.0,null],[116.83773,4.24192,0.0,null],[116.83607,4.24079,0.0,null],[116.83657,4.23875,0.0,null],[116.83438,4.23655,0.0,null],[116.83402,4.23552,0.0,null],[116.83769,4.23471,0.0,null],[116.84066,4.22929,0.0,null],[116.83949,4.22836,0.0,null],[116.83701,4.22957,0.0,null],[116.83618,4.22932,0.0,null],[116.83673,4.22815,0.0,null],[116.83817,4.2271,0.0,null],[116.83834,4.22135,0.0,null],[116.84013,4.21845,0.0,null],[116.8389,4.21652,0.0,null],[116.84096,4.2144,0.0,null],[116.84007,4.21277,0.0,null],[116.8366,4.21015,0.0,null],[116.8398,4.20839,0.0,null],[116.83814,4.20494,0.0,null],[116.83863,4.20295,0.0,null],[116.84125,4.20149,0.0,null],[116.84402,4.20441,0.0,null],[116.84512,4.2043,0.0,null],[116.84462,4.20084,0.0,null],[116.8449,4.19634,0.0,null],[116.84542,4.19607,0.0,null],[116.84838,4.19797,0.0,null],[116.85214,4.19638,0.0,null],[116.85327,4.1946,0.0,null],[116.85301,4.19298,0.0,null],[116.85059,4.19241,0.0,null],[116.84818,4.19275,0.0,null],[116.84772,4.19193,0.0,null],[116.84891,4.19046,0.0,null],[116.85243,4.18836,0.0,null],[116.85448,4.18805,0.0,null],[116.856,4.18858,0.0,null],[116.85916,4.19234,0.0,null],[116.86091,4.19185,0.0,null],[116.86335,4.19022,0.0,null],[116.86556,4.19008,0.0,null],[116.86831,4.1913,0.0,null],[116.86914,4.19107,0.0,null],[116.86961,4.18951,0.0,null],[116.86821,4.18793,0.0,null],[116.8686,4.18623,0.0,null],[116.86753,4.18508,0.0,null],[116.86952,4.18289,0.0,null],[116.87079,4.17936,0.0,null],[116.87325,4.17689,0.0,null],[116.8766,4.17735,0.0,null],[116.87745,4.1769,0.0,null],[116.87786,4.17587,0.0,null],[116.87693,4.17298,0.0,null],[116.8786,4.1727,0.0,null],[116.88096,4.16963,0.0,null],[116.88409,4.1674,0.0,null],[116.88348,4.16533,0.0,null],[116.88129,4.16471,0.0,null],[116.88109,4.16375,0.0,null],[116.883,4.16381,0.0,null],[116.88468,4.16279,0.0,null],[116.88636,4.16314,0.0,null],[116.88789,4.16694,0.0,null],[116.88907,4.1678,0.0,null],[116.89209,4.16799,0.0,null],[116.89419,4.16668,0.0,null],[116.89597,4.16447,0.0,null],[116.89998,4.16308,0.0,null],[116.90228,4.16025,0.0,null],[116.90674,4.15959,0.0,null],[116.91358,4.15715,0.0,null],[116.91561,4.16018,0.0,null],[116.91752,4.16117,0.0,null],[116.9231,4.162,0.0,null],[116.92494,4.16411,0.0,null],[116.92836,4.16622,0.0,null],[116.93427,4.16694,0.0,null],[116.93795,4.16866,0.0,null],[116.94117,4.16866,0.0,null],[116.94255,4.17176,0.0,null],[116.94518,4.17377,0.0,null],[116.94905,4.17357,0.0,null],[116.95181,4.17047,0.0,null],[116.95464,4.17166,0.0,null],[116.95851,4.17153,0.0,null],[116.95845,4.17384,0.0,null],[116.95943,4.17701,0.0,null],[116.96559,4.18513,0.0,null],[116.9658,4.18972,0.0,null],[116.96681,4.19094,0.0,null],[116.96593,4.1924,0.0,null],[116.96597,4.19351,0.0,null],[116.96826,4.19517,0.0,null],[116.968,4.19574,0.0,null],[116.96644,4.19556,0.0,null],[116.96487,4.19612,0.0,null],[116.96262,4.19832,0.0,null],[116.96309,4.20381,0.0,null],[116.96243,4.20616,0.0,null],[116.96427,4.20595,0.0,null],[116.96607,4.20715,0.0,null],[116.9685,4.20636,0.0,null],[116.97057,4.2085,0.0,null],[116.97435,4.20834,0.0,null],[116.97399,4.21066,0.0,null],[116.97098,4.21458,0.0,null],[116.97226,4.21465,0.0,null],[116.97469,4.21744,0.0,null],[116.97605,4.2201,0.0,null],[116.97846,4.22102,0.0,null],[116.97923,4.22405,0.0,null],[116.97854,4.22428,0.0,null],[116.97664,4.22354,0.0,null],[116.97578,4.22436,0.0,null],[116.97583,4.22633,0.0,null],[116.97506,4.22678,0.0,null],[116.97364,4.22542,0.0,null],[116.97207,4.22566,0.0,null],[116.9737,4.22841,0.0,null],[116.97317,4.22946,0.0,null],[116.97229,4.2292,0.0,null],[116.9701,4.22453,0.0,null],[116.96776,4.22428,0.0,null],[116.96551,4.22449,0.0,null],[116.96428,4.22545,0.0,null],[116.96387,4.22753,0.0,null],[116.96553,4.22847,0.0,null],[116.96456,4.22967,0.0,null],[116.95876,4.22595,0.0,null],[116.95557,4.22928,0.0,null],[116.95245,4.22809,0.0,null],[116.95143,4.22839,0.0,null],[116.94809,4.23062,0.0,null],[116.94724,4.23184,0.0,null],[116.94748,4.23249,0.0,null],[116.95002,4.23331,0.0,null],[116.95081,4.2352,0.0,null],[116.95014,4.23962,0.0,null],[116.94848,4.24056,0.0,null],[116.947,4.24017,0.0,null],[116.9449,4.23855,0.0,null],[116.94338,4.23088,0.0,null],[116.94252,4.23061,0.0,null],[116.93995,4.23163,0.0,null],[116.93839,4.23273,0.0,null],[116.93768,4.23613,0.0,null],[116.93572,4.23496,0.0,null],[116.93333,4.23548,0.0,null],[116.9311,4.23875,0.0,null],[116.9287,4.24011,0.0,null],[116.92898,4.24154,0.0,null],[116.92718,4.24411,0.0,null],[116.92731,4.24557,0.0,null],[116.92792,4.24594,0.0,null],[116.92931,4.24421,0.0,null],[116.93089,4.2448,0.0,null],[116.93289,4.24408,0.0,null],[116.93591,4.24423,0.0,null],[116.93673,4.24498,0.0,null],[116.93647,4.24636,0.0,null],[116.93154,4.24879,0.0,null],[116.92981,4.24886,0.0,null],[116.92314,4.24577,0.0,null],[116.92276,4.24473,0.0,null],[116.92204,4.24639,0.0,null],[116.9245,4.24855,0.0,null],[116.92393,4.25048,0.0,null],[116.92185,4.25256,0.0,null]]]}},{"type":"Feature","properties":{"inventoryId":"big-forestry-ha:139","sector":"PBPH","subtype":"IUPHHK-HA","quality":"OFFICIAL","sourceDataset":"big-forestry-ha","sourceRecordId":"139","source":"BIG Kebijakan Satu Peta","sourceUrl":"https://kspservices.big.go.id/satupeta/rest/services/PUBLIK/PERIZINAN_DAN_PERTANAHAN/MapServer/1","retrievedAt":"2026-08-24T04:32:16Z","geometryProcessing":"web display simplification tolerance 0.00035 degrees","name":"PT INTRACAWOOD MANUFACTURING","permitNumber":"SK.103/Menhut-II/2010","permitDate":"2010-03-05","areaHa":199571.0,"provinceCode":"65","region":"kalimantan"},"geometry":{"type":"Polygon","coordinates":[[[116.74177,3.50432,0.0,null],[116.7355,3.5108,0.0,null],[116.74633,3.53497,0.0,null],[116.74664,3.54306,0.0,null],[116.7365,3.54309,0.0,null],[116.7247,3.53616,0.0,null],[116.71889,3.51308,0.0,null],[116.72594,3.49517,0.0,null],[116.71963,3.47523,0.0,null],[116.71461,3.46833,0.0,null],[116.7049,3.46892,0.0,null],[116.69565,3.4811,0.0,null],[116.68939,3.5103,0.0,null],[116.68099,3.52512,0.0,null],[116.67257,3.5281,0.0,null],[116.6641,3.52205,0.0,null],[116.6646,3.51042,0.0,null],[116.67556,3.49103,0.0,null],[116.68701,3.4638,0.0,null],[116.68487,3.45867,0.0,null],[116.67635,3.46183,0.0,null],[116.66765,3.48082,0.0,null],[116.66452,3.48398,0.0,null],[116.66121,3.48094,0.0,null],[116.6651,3.47995,0.0,null],[116.66558,3.47921,0.0,null],[116.66546,3.47774,0.0,null],[116.66341,3.4789,0.0,null],[116.66202,3.47661,0.0,null],[116.66063,3.47639,0.0,null],[116.65944,3.47544,0.0,null],[116.65814,3.47548,0.0,null],[116.6563,3.47141,0.0,null],[116.65643,3.46937,0.0,null],[116.65713,3.46826,0.0,null],[116.66141,3.46589,0.0,null],[116.66283,3.46429,0.0,null],[116.66096,3.4627,0.0,null],[116.65787,3.46221,0.0,null],[116.65806,3.4595,0.0,null],[116.65996,3.45712,0.0,null],[116.65691,3.45547,0.0,null],[116.65856,3.45397,0.0,null],[116.64524,3.45453,0.0,null],[116.65115,3.17168,0.0,null],[116.62643,3.14691,0.0,null],[116.62603,3.11471,0.0,null],[116.62559,3.11396,0.0,null],[116.61644,3.12776,0.0,null],[116.60016,3.08195,0.0,null],[116.61754,3.0078,0.0,null],[116.6852,3.08201,0.0,null],[116.73624,3.11262,0.0,null],[116.78186,3.11162,0.0,null],[116.81969,3.06906,0.0,null],[116.83948,3.06092,0.0,null],[116.8574,3.06598,0.0,null],[116.91025,3.1031,0.0,null],[116.93899,3.11431,0.0,null],[116.967,3.10106,0.0,null],[116.9784,3.0889,0.0,null],[117.00759,3.04214,0.0,null],[117.02639,3.06208,0.0,null],[117.03639,3.08859,0.0,null],[117.04476,3.07555,0.0,null],[117.09373,3.02387,0.0,null],[117.20922,3.02975,0.0,null],[117.19112,3.05149,0.0,null],[117.17171,3.07295,0.0,null],[117.15645,3.09304,0.0,null],[117.15629,3.10949,0.0,null],[117.09893,3.14506,0.0,null],[117.08097,3.2048,0.0,null],[117.05715,3.20419,0.0,null],[117.05662,3.22881,0.0,null],[117.05686,3.25703,0.0,null],[117.05854,3.28468,0.0,null],[117.05183,3.28482,0.0,null],[117.04295,3.26943,0.0,null],[117.03434,3.26629,0.0,null],[117.02254,3.26933,0.0,null],[117.01069,3.26267,0.0,null],[117.01678,3.29037,0.0,null],[117.0216,3.30557,0.0,null],[117.01696,3.30977,0.0,null],[117.01566,3.31028,0.0,null],[117.00966,3.31052,0.0,null],[117.0056,3.30272,0.0,null],[116.98689,3.2971,0.0,null],[116.9735,3.29689,0.0,null],[116.95896,3.29063,0.0,null],[116.94523,3.27664,0.0,null],[116.93471,3.29753,0.0,null],[116.92569,3.30243,0.0,null],[116.91748,3.31057,0.0,null],[116.91677,3.32465,0.0,null],[116.92272,3.33634,0.0,null],[116.93217,3.34474,0.0,null],[116.94499,3.35321,0.0,null],[116.9473,3.36387,0.0,null],[116.94214,3.379,0.0,null],[116.92817,3.40087,0.0,null],[116.92503,3.41479,0.0,null],[116.92841,3.4437,0.0,null],[116.90835,3.46131,0.0,null],[116.89331,3.48517,0.0,null],[116.88025,3.4915,0.0,null],[116.88384,3.5063,0.0,null],[116.87511,3.51534,0.0,null],[116.85598,3.51523,0.0,null],[116.81952,3.49864,0.0,null],[116.79266,3.49367,0.0,null],[116.76575,3.48422,0.0,null],[116.75675,3.49945,0.0,null],[116.74652,3.4994,0.0,null],[116.74177,3.50432,0.0,null]]]}},{"type":"Feature","properties":{"inventoryId":"big-forestry-ha:92","sector":"PBPH","subtype":"IUPHHK-HA","quality":"OFFICIAL","sourceDataset":"big-forestry-ha","sourceRecordId":"92","source":"BIG Kebijakan Satu Peta","sourceUrl":"https://kspservices.big.go.id/satupeta/rest/services/PUBLIK/PERIZINAN_DAN_PERTANAHAN/MapServer/1","retrievedAt":"2026-08-24T04:32:16Z","geometryProcessing":"web display simplification tolerance 0.00035 degrees","name":"PT INTRADO JAYA INTIGA","permitNumber":"SK.398/Menhut-II/2005","permitDate":"2005-11-23","areaHa":51040.0,"provinceCode":"62","region":"kalimantan"},"geometry":{"type":"MultiPolygon","coordinates":[[[[111.91022,-1.78215,0.0,null],[111.88319,-1.75111,0.0,null],[111.83672,-1.61778,0.0,null],[111.69662,-1.65146,0.0,null],[111.71944,-1.69304,0.0,null],[111.8342,-1.83598,0.0,null],[111.84039,-1.83628,0.0,null],[111.84144,-1.84002,0.0,null],[111.84315,-1.83992,0.0,null],[111.84134,-1.84212,0.0,null],[111.84277,-1.8448,0.0,null],[111.84144,-1.84682,0.0,null],[111.84648,-1.84777,0.0,null],[111.84582,-1.84949,0.0,null],[111.84763,-1.84892,0.0,null],[111.84763,-1.85141,0.0,null],[111.84867,-1.85093,0.0,null],[111.84934,-1.8515,0.0,null],[111.8502,-1.85131,0.0,null],[111.85163,-1.85303,0.0,null],[111.8502,-1.85552,0.0,null],[111.85201,-1.85763,0.0,null],[111.85391,-1.85801,0.0,null],[111.85477,-1.85945,0.0,null],[111.85401,-1.85993,0.0,null],[111.85229,-1.85907,0.0,null],[111.8521,-1.86012,0.0,null],[111.85401,-1.86194,0.0,null],[111.85467,-1.8606,0.0,null],[111.85515,-1.86366,0.0,null],[111.85839,-1.86289,0.0,null],[111.86048,-1.86701,0.0,null],[111.86248,-1.86567,0.0,null],[111.8641,-1.86643,0.0,null],[111.86938,-1.86695,0.0,null],[111.86981,-1.86639,0.0,null],[111.87244,-1.86822,0.0,null],[111.87324,-1.87107,0.0,null],[111.87463,-1.87078,0.0,null],[111.88129,-1.87626,0.0,null],[111.90102,-1.86899,0.0,null],[111.90058,-1.86299,0.0,null],[111.90095,-1.85868,0.0,null],[111.90341,-1.8438,0.0,null],[111.90487,-1.83741,0.0,null],[111.90615,-1.83421,0.0,null],[111.90798,-1.83183,0.0,null],[111.90926,-1.83156,0.0,null],[111.91008,-1.83193,0.0,null],[111.91167,-1.83543,0.0,null],[111.91718,-1.84983,0.0,null],[111.92068,-1.85555,0.0,null],[111.92496,-1.86088,0.0,null],[111.93987,-1.87035,0.0,null],[111.95659,-1.87926,0.0,null],[111.96408,-1.88401,0.0,null],[111.97486,-1.8926,0.0,null],[111.98016,-1.89826,0.0,null],[111.98327,-1.89799,0.0,null],[111.99094,-1.89598,0.0,null],[111.99451,-1.89424,0.0,null],[111.99698,-1.89232,0.0,null],[112.00502,-1.88159,0.0,null],[112.00876,-1.87748,0.0,null],[112.01077,-1.87684,0.0,null],[112.01662,-1.87738,0.0,null],[112.02064,-1.87939,0.0,null],[112.02749,-1.88543,0.0,null],[112.0359,-1.8973,0.0,null],[112.04221,-1.90041,0.0,null],[112.0507,-1.90178,0.0,null],[112.04897,-1.89511,0.0,null],[112.04696,-1.89027,0.0,null],[112.04422,-1.8852,0.0,null],[112.03709,-1.87661,0.0,null],[112.03142,-1.86555,0.0,null],[112.02165,-1.83284,0.0,null],[112.01406,-1.81831,0.0,null],[112.0086,-1.8063,0.0,null],[112.00487,-1.80184,0.0,null],[112.00304,-1.79869,0.0,null],[111.99475,-1.78189,0.0,null],[111.95121,-1.78339,0.0,null],[111.91022,-1.78215,0.0,null]]],[[[112.02602,-1.92112,0.0,null],[112.02253,-1.91944,0.0,null],[112.02008,-1.91648,0.0,null],[112.01643,-1.90223,0.0,null],[112.01157,-1.90616,0.0,null],[112.00396,-1.92125,0.0,null],[111.99893,-1.9275,0.0,null],[111.99184,-1.93331,0.0,null],[112.00009,-1.94362,0.0,null],[112.00267,-1.94762,0.0,null],[112.00512,-1.9493,0.0,null],[112.00796,-1.95278,0.0,null],[112.01222,-1.95471,0.0,null],[112.02137,-1.95639,0.0,null],[112.0246,-1.95936,0.0,null],[112.0304,-1.96825,0.0,null],[112.0344,-1.97032,0.0,null],[112.0362,-1.97199,0.0,null],[112.04869,-1.9728,0.0,null],[112.05271,-1.97256,0.0,null],[112.05502,-1.97135,0.0,null],[112.05558,-1.96154,0.0,null],[112.05498,-1.9605,0.0,null],[112.05271,-1.96094,0.0,null],[112.05222,-1.96027,0.0,null],[112.05289,-1.94755,0.0,null],[112.0554,-1.94765,0.0,null],[112.05635,-1.94532,0.0,null],[112.06013,-1.94325,0.0,null],[112.06068,-1.94601,0.0,null],[112.05961,-1.94961,0.0,null],[112.05787,-1.95152,0.0,null],[112.06062,-1.95606,0.0,null],[112.06206,-1.96001,0.0,null],[112.06334,-1.96146,0.0,null],[112.06597,-1.963,0.0,null],[112.07078,-1.96397,0.0,null],[112.07269,-1.96605,0.0,null],[112.0743,-1.96647,0.0,null],[112.07427,-1.96726,0.0,null],[112.07249,-1.96829,0.0,null],[112.06945,-1.97271,0.0,null],[112.07208,-1.97788,0.0,null],[112.07341,-1.9782,0.0,null],[112.07635,-1.9775,0.0,null],[112.07704,-1.9783,0.0,null],[112.08075,-1.97843,0.0,null],[112.09133,-1.97771,0.0,null],[112.09416,-1.97832,0.0,null],[112.09817,-1.97809,0.0,null],[112.10041,-1.98095,0.0,null],[112.13047,-1.97992,0.0,null],[112.11977,-1.97193,0.0,null],[112.10507,-1.96335,0.0,null],[112.09888,-1.96039,0.0,null],[112.09565,-1.95755,0.0,null],[112.07953,-1.94839,0.0,null],[112.07644,-1.94569,0.0,null],[112.07128,-1.93988,0.0,null],[112.06844,-1.93389,0.0,null],[112.05455,-1.91085,0.0,null],[112.05245,-1.9099,0.0,null],[112.05,-1.9099,0.0,null],[112.04678,-1.91145,0.0,null],[112.03698,-1.91944,0.0,null],[112.03337,-1.92151,0.0,null],[112.0295,-1.92176,0.0,null],[112.02602,-1.92112,0.0,null]]]]}},{"type":"Feature","properties":{"inventoryId":"big-forestry-ha:152","sector":"PBPH","subtype":"IUPHHK-HA","quality":"OFFICIAL","sourceDataset":"big-forestry-ha","sourceRecordId":"152","source":"BIG Kebijakan Satu Peta","sourceUrl":"https://kspservices.big.go.id/satupeta/rest/services/PUBLIK/PERIZINAN_DAN_PERTANAHAN/MapServer/1","retrievedAt":"2026-08-24T04:32:16Z","geometryProcessing":"web display simplification tolerance 0.00035 degrees","name":"PT ITCI KARTIKA UTAMA","permitNumber":"SK.160/Menhut-II/2012","permitDate":"2012-03-27","areaHa":173395.0,"provinceCode":"64","region":"kalimantan"},"geometry":{"type":"Polygon","coordinates":[[[116.58535,-0.45269,0.0,null],[116.58374,-0.45249,0.0,null],[116.58259,-0.45869,0.0,null],[116.58118,-0.46022,0.0,null],[116.58111,-0.46161,0.0,null],[116.57887,-0.46264,0.0,null],[116.57955,-0.46505,0.0,null],[116.57928,-0.46888,0.0,null],[116.58076,-0.47063,0.0,null],[116.58072,-0.47228,0.0,null],[116.57916,-0.4734,0.0,null],[116.57702,-0.47299,0.0,null],[116.57356,-0.47633,0.0,null],[116.57158,-0.47708,0.0,null],[116.57148,-0.48016,0.0,null],[116.57058,-0.48145,0.0,null],[116.5675,-0.4816,0.0,null],[116.56576,-0.48288,0.0,null],[116.56461,-0.48598,0.0,null],[116.56204,-0.48765,0.0,null],[116.56017,-0.48815,0.0,null],[116.56127,-0.48946,0.0,null],[116.55983,-0.49148,0.0,null],[116.55816,-0.49237,0.0,null],[116.55709,-0.49539,0.0,null],[116.56125,-0.49679,0.0,null],[116.56139,-0.503,0.0,null],[116.55836,-0.50849,0.0,null],[116.5575,-0.50806,0.0,null],[116.55402,-0.50262,0.0,null],[116.552,-0.50281,0.0,null],[116.54911,-0.50173,0.0,null],[116.54794,-0.50272,0.0,null],[116.54665,-0.50261,0.0,null],[116.54306,-0.50371,0.0,null],[116.54183,-0.50709,0.0,null],[116.53902,-0.50992,0.0,null],[116.53963,-0.51157,0.0,null],[116.53938,-0.51398,0.0,null],[116.53798,-0.51579,0.0,null],[116.53545,-0.51651,0.0,null],[116.53231,-0.51997,0.0,null],[116.5323,-0.52291,0.0,null],[116.53494,-0.5255,0.0,null],[116.53511,-0.52636,0.0,null],[116.53277,-0.5283,0.0,null],[116.52934,-0.52843,0.0,null],[116.52788,-0.53038,0.0,null],[116.52824,-0.53373,0.0,null],[116.52612,-0.53748,0.0,null],[116.52532,-0.54211,0.0,null],[116.5258,-0.544,0.0,null],[116.52272,-0.54543,0.0,null],[116.52174,-0.54675,0.0,null],[116.51964,-0.54641,0.0,null],[116.51849,-0.54681,0.0,null],[116.5182,-0.54958,0.0,null],[116.51644,-0.55133,0.0,null],[116.51522,-0.55351,0.0,null],[116.51508,-0.55498,0.0,null],[116.51375,-0.55616,0.0,null],[116.51398,-0.56263,0.0,null],[116.51322,-0.56343,0.0,null],[116.5122,-0.56317,0.0,null],[116.50925,-0.56468,0.0,null],[116.50812,-0.56614,0.0,null],[116.5057,-0.56677,0.0,null],[116.50349,-0.56885,0.0,null],[116.50007,-0.57066,0.0,null],[116.49982,-0.57122,0.0,null],[116.50092,-0.57296,0.0,null],[116.49714,-0.57392,0.0,null],[116.49529,-0.57559,0.0,null],[116.49341,-0.57562,0.0,null],[116.49072,-0.5771,0.0,null],[116.48916,-0.57719,0.0,null],[116.48814,-0.58009,0.0,null],[116.48925,-0.58335,0.0,null],[116.48819,-0.58482,0.0,null],[116.4847,-0.586,0.0,null],[116.48313,-0.58788,0.0,null],[116.4801,-0.58694,0.0,null],[116.47835,-0.58565,0.0,null],[116.4733,-0.57471,0.0,null],[116.46317,-0.57558,0.0,null],[116.44824,-0.58259,0.0,null],[116.43719,-0.58293,0.0,null],[116.43749,-0.58427,0.0,null],[116.43175,-0.58492,0.0,null],[116.43057,-0.58314,0.0,null],[116.42769,-0.58323,0.0,null],[116.42717,-0.58578,0.0,null],[116.42598,-0.58712,0.0,null],[116.42397,-0.58792,0.0,null],[116.42315,-0.58983,0.0,null],[116.42315,-0.592,0.0,null],[116.42374,-0.59301,0.0,null],[116.42411,-0.59748,0.0,null],[116.42581,-0.60518,0.0,null],[116.42436,-0.60573,0.0,null],[116.42382,-0.60793,0.0,null],[116.42462,-0.60963,0.0,null],[116.42295,-0.61239,0.0,null],[116.42295,-0.61536,0.0,null],[116.42398,-0.61777,0.0,null],[116.42342,-0.62104,0.0,null],[116.42398,-0.62435,0.0,null],[116.42199,-0.62756,0.0,null],[116.41998,-0.63382,0.0,null],[116.41944,-0.63655,0.0,null],[116.42049,-0.63755,0.0,null],[116.42011,-0.6386,0.0,null],[116.41724,-0.64502,0.0,null],[116.41643,-0.64822,0.0,null],[116.41283,-0.65315,0.0,null],[116.41213,-0.65623,0.0,null],[116.40897,-0.65982,0.0,null],[116.40784,-0.6582,0.0,null],[116.40468,-0.65755,0.0,null],[116.40175,-0.65477,0.0,null],[116.40149,-0.65167,0.0,null],[116.3995,-0.6508,0.0,null],[116.39921,-0.6498,0.0,null],[116.3959,-0.64996,0.0,null],[116.3963,-0.65054,0.0,null],[116.39209,-0.65178,0.0,null],[116.38728,-0.65848,0.0,null],[116.38756,-0.66075,0.0,null],[116.39038,-0.66331,0.0,null],[116.3901,-0.66785,0.0,null],[116.38756,-0.67353,0.0,null],[116.38446,-0.67296,0.0,null],[116.38277,-0.67381,0.0,null],[116.38277,-0.68147,0.0,null],[116.38051,-0.68573,0.0,null],[116.38361,-0.68914,0.0,null],[116.38502,-0.69566,0.0,null],[116.37938,-0.69566,0.0,null],[116.37487,-0.70531,0.0,null],[116.37092,-0.70588,0.0,null],[116.36444,-0.70446,0.0,null],[116.35965,-0.70247,0.0,null],[116.35795,-0.70105,0.0,null],[116.35485,-0.69679,0.0,null],[116.35288,-0.69878,0.0,null],[116.35062,-0.69906,0.0,null],[116.34809,-0.6985,0.0,null],[116.34142,-0.7005,0.0,null],[116.33689,-0.70647,0.0,null],[116.33017,-0.71846,0.0,null],[116.32594,-0.72734,0.0,null],[116.32096,-0.73558,0.0,null],[116.31649,-0.74025,0.0,null],[116.30731,-0.74799,0.0,null],[116.29523,-0.7569,0.0,null],[116.29333,-0.76019,0.0,null],[116.28932,-0.76888,0.0,null],[116.28807,-0.77328,0.0,null],[116.28588,-0.79965,0.0,null],[116.28152,-0.80216,0.0,null],[116.2759,-0.80373,0.0,null],[116.27154,-0.80404,0.0,null],[116.2657,-0.80359,0.0,null],[116.26556,-0.80525,0.0,null],[116.26604,-0.80534,0.0,null],[116.26649,-0.80458,0.0,null],[116.26785,-0.8051,0.0,null],[116.26706,-0.80575,0.0,null],[116.26721,-0.80725,0.0,null],[116.26424,-0.80666,0.0,null],[116.26409,-0.80705,0.0,null],[116.26506,-0.80722,0.0,null],[116.26504,-0.80762,0.0,null],[116.26188,-0.81027,0.0,null],[116.26352,-0.81143,0.0,null],[116.26397,-0.81512,0.0,null],[116.26311,-0.81524,0.0,null],[116.26279,-0.81412,0.0,null],[116.26083,-0.81396,0.0,null],[116.26031,-0.8149,0.0,null],[116.26103,-0.81626,0.0,null],[116.25941,-0.81728,0.0,null],[116.25969,-0.81798,0.0,null],[116.25922,-0.81876,0.0,null],[116.26006,-0.81894,0.0,null],[116.25934,-0.81971,0.0,null],[116.26094,-0.82171,0.0,null],[116.25994,-0.82344,0.0,null],[116.25999,-0.82538,0.0,null],[116.2605,-0.82591,0.0,null],[116.25979,-0.83159,0.0,null],[116.26233,-0.83745,0.0,null],[116.26187,-0.8381,0.0,null],[116.25916,-0.83848,0.0,null],[116.25808,-0.84045,0.0,null],[116.25857,-0.84139,0.0,null],[116.25905,-0.84018,0.0,null],[116.25913,-0.84083,0.0,null],[116.26054,-0.8417,0.0,null],[116.25714,-0.84255,0.0,null],[116.25721,-0.84325,0.0,null],[116.25877,-0.8443,0.0,null],[116.25898,-0.84501,0.0,null],[116.25755,-0.84564,0.0,null],[116.25668,-0.84806,0.0,null],[116.25714,-0.84834,0.0,null],[116.25908,-0.84738,0.0,null],[116.25975,-0.84954,0.0,null],[116.2569,-0.85089,0.0,null],[116.25604,-0.85247,0.0,null],[116.25475,-0.85248,0.0,null],[116.25351,-0.8534,0.0,null],[116.25319,-0.85428,0.0,null],[116.25525,-0.85551,0.0,null],[116.25539,-0.85663,0.0,null],[116.25319,-0.858,0.0,null],[116.2527,-0.85782,0.0,null],[116.25256,-0.8568,0.0,null],[116.25218,-0.85701,0.0,null],[116.25309,-0.85907,0.0,null],[116.2542,-0.8583,0.0,null],[116.25528,-0.85837,0.0,null],[116.25486,-0.85946,0.0,null],[116.2555,-0.85955,0.0,null],[116.25557,-0.86125,0.0,null],[116.25706,-0.86308,0.0,null],[116.25636,-0.86476,0.0,null],[116.25699,-0.8663,0.0,null],[116.25591,-0.86805,0.0,null],[116.25643,-0.87033,0.0,null],[116.25403,-0.87193,0.0,null],[116.25402,-0.87295,0.0,null],[116.25348,-0.87329,0.0,null],[116.25413,-0.87309,0.0,null],[116.25612,-0.87544,0.0,null],[116.25521,-0.87737,0.0,null],[116.25591,-0.878,0.0,null],[116.25622,-0.88031,0.0,null],[116.2584,-0.8803,0.0,null],[116.25953,-0.88214,0.0,null],[116.26117,-0.88151,0.0,null],[116.2595,-0.88435,0.0,null],[116.25863,-0.88445,0.0,null],[116.25769,-0.88371,0.0,null],[116.25661,-0.88564,0.0,null],[116.25709,-0.88705,0.0,null],[116.25758,-0.88705,0.0,null],[116.25762,-0.88616,0.0,null],[116.25861,-0.88647,0.0,null],[116.25877,-0.88712,0.0,null],[116.25999,-0.88706,0.0,null],[116.25989,-0.88843,0.0,null],[116.26058,-0.88931,0.0,null],[116.25968,-0.89071,0.0,null],[116.2603,-0.89152,0.0,null],[116.2611,-0.89106,0.0,null],[116.26127,-0.89173,0.0,null],[116.26339,-0.89232,0.0,null],[116.26513,-0.89082,0.0,null],[116.26449,-0.89194,0.0,null],[116.26546,-0.89292,0.0,null],[116.26836,-0.89185,0.0,null],[116.26997,-0.89185,0.0,null],[116.27062,-0.89254,0.0,null],[116.27003,-0.89471,0.0,null],[116.27142,-0.89271,0.0,null],[116.27268,-0.89202,0.0,null],[116.27407,-0.8932,0.0,null],[116.27576,-0.89255,0.0,null],[116.28036,-0.89526,0.0,null],[116.2811,-0.89613,0.0,null],[116.28064,-0.89943,0.0,null],[116.28312,-0.90052,0.0,null],[116.28343,-0.90199,0.0,null],[116.28472,-0.90332,0.0,null],[116.2836,-0.90553,0.0,null],[116.28371,-0.90707,0.0,null],[116.28493,-0.90728,0.0,null],[116.28842,-0.90543,0.0,null],[116.28946,-0.90557,0.0,null],[116.28957,-0.90876,0.0,null],[116.29111,-0.90994,0.0,null],[116.29118,-0.91225,0.0,null],[116.29058,-0.91401,0.0,null],[116.29212,-0.91541,0.0,null],[116.29187,-0.91691,0.0,null],[116.2903,-0.91853,0.0,null],[116.2903,-0.91958,0.0,null],[116.29445,-0.91927,0.0,null],[116.29613,-0.92042,0.0,null],[116.29558,-0.92361,0.0,null],[116.2968,-0.92504,0.0,null],[116.29648,-0.92644,0.0,null],[116.30039,-0.92746,0.0,null],[116.3017,-0.92901,0.0,null],[116.30453,-0.92846,0.0,null],[116.31015,-0.92975,0.0,null],[116.33186,-0.94891,0.0,null],[116.33148,-0.96897,0.0,null],[116.32745,-0.97541,0.0,null],[116.3373,-0.98844,0.0,null],[116.35593,-1.01621,0.0,null],[116.38924,-0.9644,0.0,null],[116.39335,-0.96899,0.0,null],[116.4107,-0.96871,0.0,null],[116.42244,-0.9705,0.0,null],[116.4374,-0.96225,0.0,null],[116.43744,-0.95266,0.0,null],[116.45071,-0.94889,0.0,null],[116.4755,-0.94455,0.0,null],[116.55279,-0.99892,0.0,null],[116.57657,-1.02467,0.0,null],[116.58031,-1.02987,0.0,null],[116.58116,-1.03035,0.0,null],[116.58116,-1.03196,0.0,null],[116.58202,-1.03349,0.0,null],[116.58345,-1.03349,0.0,null],[116.58469,-1.03463,0.0,null],[116.58307,-1.03587,0.0,null],[116.58288,-1.03691,0.0,null],[116.58116,-1.03587,0.0,null],[116.58164,-1.03939,0.0,null],[116.5844,-1.03929,0.0,null],[116.58564,-1.04063,0.0,null],[116.58619,-1.03355,0.0,null],[116.58526,-1.03349,0.0,null],[116.58399,-1.03243,0.0,null],[116.58412,-1.03146,0.0,null],[116.58331,-1.03037,0.0,null],[116.58433,-1.02083,0.0,null],[116.5852,-1.01988,0.0,null],[116.58675,-1.01963,0.0,null],[116.58734,-1.01606,0.0,null],[116.59003,-1.01601,0.0,null],[116.59124,-1.01227,0.0,null],[116.59331,-1.00976,0.0,null],[116.5933,-1.00755,0.0,null],[116.59436,-1.007,0.0,null],[116.59667,-1.00771,0.0,null],[116.59963,-1.00717,0.0,null],[116.60075,-1.00799,0.0,null],[116.60077,-1.01026,0.0,null],[116.6025,-1.01065,0.0,null],[116.60473,-1.00896,0.0,null],[116.60558,-1.00681,0.0,null],[116.60737,-1.00447,0.0,null],[116.60681,-1.00078,0.0,null],[116.60566,-0.99952,0.0,null],[116.60536,-0.99799,0.0,null],[116.60334,-0.99833,0.0,null],[116.60265,-0.99562,0.0,null],[116.6006,-0.99559,0.0,null],[116.59958,-0.99472,0.0,null],[116.60005,-0.99231,0.0,null],[116.59944,-0.99094,0.0,null],[116.59934,-0.98828,0.0,null],[116.59999,-0.98654,0.0,null],[116.59911,-0.98498,0.0,null],[116.59909,-0.97774,0.0,null],[116.60284,-0.97302,0.0,null],[116.60558,-0.97072,0.0,null],[116.60703,-0.96838,0.0,null],[116.60873,-0.96786,0.0,null],[116.61118,-0.96919,0.0,null],[116.6131,-0.968,0.0,null],[116.61518,-0.96803,0.0,null],[116.61596,-0.96545,0.0,null],[116.6178,-0.96528,0.0,null],[116.61891,-0.9635,0.0,null],[116.61987,-0.95843,0.0,null],[116.62142,-0.95737,0.0,null],[116.62225,-0.95525,0.0,null],[116.62416,-0.95404,0.0,null],[116.62652,-0.95136,0.0,null],[116.62646,-0.95043,0.0,null],[116.62441,-0.94721,0.0,null],[116.62469,-0.94375,0.0,null],[116.62351,-0.94379,0.0,null],[116.62277,-0.94266,0.0,null],[116.62276,-0.94091,0.0,null],[116.62473,-0.93743,0.0,null],[116.62341,-0.93645,0.0,null],[116.62257,-0.93664,0.0,null],[116.62242,-0.93729,0.0,null],[116.62085,-0.93748,0.0,null],[116.61826,-0.94073,0.0,null],[116.61605,-0.94111,0.0,null],[116.61451,-0.94257,0.0,null],[116.61249,-0.94349,0.0,null],[116.61042,-0.94702,0.0,null],[116.60862,-0.94742,0.0,null],[116.60698,-0.94694,0.0,null],[116.60798,-0.94553,0.0,null],[116.60678,-0.94346,0.0,null],[116.60733,-0.94267,0.0,null],[116.60756,-0.91964,0.0,null],[116.61019,-0.9194,0.0,null],[116.61178,-0.91756,0.0,null],[116.61552,-0.91628,0.0,null],[116.61922,-0.91269,0.0,null],[116.62071,-0.91216,0.0,null],[116.62139,-0.91064,0.0,null],[116.62377,-0.90812,0.0,null],[116.62679,-0.90746,0.0,null],[116.62682,-0.88805,0.0,null],[116.6308,-0.88804,0.0,null],[116.63253,-0.88499,0.0,null],[116.63266,-0.88354,0.0,null],[116.63387,-0.88293,0.0,null],[116.63493,-0.88086,0.0,null],[116.63496,-0.87998,0.0,null],[116.63398,-0.8808,0.0,null],[116.6332,-0.88009,0.0,null],[116.63227,-0.88021,0.0,null],[116.63196,-0.87932,0.0,null],[116.62947,-0.87907,0.0,null],[116.63001,-0.87781,0.0,null],[116.63251,-0.87578,0.0,null],[116.63336,-0.87349,0.0,null],[116.633,-0.87176,0.0,null],[116.63412,-0.87066,0.0,null],[116.63374,-0.8697,0.0,null],[116.63408,-0.86862,0.0,null],[116.63538,-0.86821,0.0,null],[116.63376,-0.86738,0.0,null],[116.63502,-0.86352,0.0,null],[116.63629,-0.86266,0.0,null],[116.63791,-0.86363,0.0,null],[116.63921,-0.86152,0.0,null],[116.63962,-0.86033,0.0,null],[116.63913,-0.85886,0.0,null],[116.63979,-0.85724,0.0,null],[116.63945,-0.85521,0.0,null],[116.64238,-0.85383,0.0,null],[116.64303,-0.85262,0.0,null],[116.64466,-0.85251,0.0,null],[116.64621,-0.85118,0.0,null],[116.64713,-0.85146,0.0,null],[116.64936,-0.84939,0.0,null],[116.65185,-0.85036,0.0,null],[116.65323,-0.85176,0.0,null],[116.65545,-0.85225,0.0,null],[116.65535,-0.8533,0.0,null],[116.65663,-0.85414,0.0,null],[116.65814,-0.85648,0.0,null],[116.65896,-0.85439,0.0,null],[116.66092,-0.85336,0.0,null],[116.66201,-0.85205,0.0,null],[116.66319,-0.8517,0.0,null],[116.66416,-0.85056,0.0,null],[116.66578,-0.85073,0.0,null],[116.66631,-0.85142,0.0,null],[116.66577,-0.85295,0.0,null],[116.66684,-0.85561,0.0,null],[116.66637,-0.85686,0.0,null],[116.66665,-0.85798,0.0,null],[116.66699,-0.8565,0.0,null],[116.67175,-0.85604,0.0,null],[116.67257,-0.85371,0.0,null],[116.67631,-0.8533,0.0,null],[116.67754,-0.85194,0.0,null],[116.68175,-0.85287,0.0,null],[116.68224,-0.85391,0.0,null],[116.68128,-0.85529,0.0,null],[116.69184,-0.85565,0.0,null],[116.68935,-0.85662,0.0,null],[116.68896,-0.85769,0.0,null],[116.68795,-0.85764,0.0,null],[116.68544,-0.85914,0.0,null],[116.68501,-0.86136,0.0,null],[116.68123,-0.86632,0.0,null],[116.67992,-0.86662,0.0,null],[116.67731,-0.86602,0.0,null],[116.67566,-0.86491,0.0,null],[116.67546,-0.86392,0.0,null],[116.67163,-0.864,0.0,null],[116.66937,-0.86851,0.0,null],[116.66735,-0.86935,0.0,null],[116.66469,-0.87181,0.0,null],[116.66096,-0.87373,0.0,null],[116.65829,-0.87596,0.0,null],[116.65448,-0.87763,0.0,null],[116.65384,-0.87707,0.0,null],[116.6522,-0.87722,0.0,null],[116.65198,-0.87671,0.0,null],[116.64764,-0.87973,0.0,null],[116.64672,-0.87953,0.0,null],[116.64505,-0.88039,0.0,null],[116.64408,-0.88117,0.0,null],[116.64415,-0.88223,0.0,null],[116.64244,-0.88372,0.0,null],[116.64122,-0.88654,0.0,null],[116.63946,-0.88769,0.0,null],[116.63913,-0.8886,0.0,null],[116.64195,-0.88872,0.0,null],[116.65077,-0.88219,0.0,null],[116.66717,-0.88248,0.0,null],[116.6704,-0.88076,0.0,null],[116.67119,-0.87881,0.0,null],[116.67287,-0.87691,0.0,null],[116.67726,-0.87346,0.0,null],[116.68285,-0.87291,0.0,null],[116.68445,-0.87356,0.0,null],[116.68726,-0.87243,0.0,null],[116.68803,-0.87153,0.0,null],[116.68784,-0.87041,0.0,null],[116.68963,-0.8691,0.0,null],[116.69063,-0.869,0.0,null],[116.69266,-0.86624,0.0,null],[116.69573,-0.86408,0.0,null],[116.69596,-0.86318,0.0,null],[116.69486,-0.86372,0.0,null],[116.69474,-0.86274,0.0,null],[116.69369,-0.86195,0.0,null],[116.69398,-0.86107,0.0,null],[116.69613,-0.85938,0.0,null],[116.69696,-0.85662,0.0,null],[116.69837,-0.85623,0.0,null],[116.69911,-0.85484,0.0,null],[116.70054,-0.85469,0.0,null],[116.70035,-0.85333,0.0,null],[116.70162,-0.85268,0.0,null],[116.70339,-0.84998,0.0,null],[116.7066,-0.84958,0.0,null],[116.70646,-0.84678,0.0,null],[116.70735,-0.84572,0.0,null],[116.71166,-0.84455,0.0,null],[116.71174,-0.84197,0.0,null],[116.71048,-0.83978,0.0,null],[116.71113,-0.83978,0.0,null],[116.71369,-0.83632,0.0,null],[116.71444,-0.83363,0.0,null],[116.71601,-0.83196,0.0,null],[116.71759,-0.83213,0.0,null],[116.71806,-0.83129,0.0,null],[116.71971,-0.83133,0.0,null],[116.72034,-0.82692,0.0,null],[116.7216,-0.82577,0.0,null],[116.72293,-0.82563,0.0,null],[116.72205,-0.82258,0.0,null],[116.72079,-0.82236,0.0,null],[116.7183,-0.82044,0.0,null],[116.71834,-0.81802,0.0,null],[116.71681,-0.8156,0.0,null],[116.71758,-0.81409,0.0,null],[116.71898,-0.81467,0.0,null],[116.72198,-0.81329,0.0,null],[116.72503,-0.81378,0.0,null],[116.72575,-0.81446,0.0,null],[116.72496,-0.81586,0.0,null],[116.72546,-0.81603,0.0,null],[116.72714,-0.8125,0.0,null],[116.72673,-0.81039,0.0,null],[116.72721,-0.8095,0.0,null],[116.72649,-0.80842,0.0,null],[116.72635,-0.80623,0.0,null],[116.729,-0.806,0.0,null],[116.73063,-0.80496,0.0,null],[116.73057,-0.8069,0.0,null],[116.73234,-0.80667,0.0,null],[116.73377,-0.80538,0.0,null],[116.73476,-0.80031,0.0,null],[116.73328,-0.79987,0.0,null],[116.73211,-0.80036,0.0,null],[116.73215,-0.79883,0.0,null],[116.7291,-0.79601,0.0,null],[116.72884,-0.79509,0.0,null],[116.7279,-0.79613,0.0,null],[116.72364,-0.79446,0.0,null],[116.7246,-0.79701,0.0,null],[116.71881,-0.79673,0.0,null],[116.71828,-0.79845,0.0,null],[116.71642,-0.79626,0.0,null],[116.71674,-0.79419,0.0,null],[116.71532,-0.79321,0.0,null],[116.71477,-0.79198,0.0,null],[116.71521,-0.7878,0.0,null],[116.71621,-0.78605,0.0,null],[116.71833,-0.78605,0.0,null],[116.71944,-0.78714,0.0,null],[116.72074,-0.7853,0.0,null],[116.72005,-0.78367,0.0,null],[116.72073,-0.7827,0.0,null],[116.72001,-0.78173,0.0,null],[116.72048,-0.77924,0.0,null],[116.72017,-0.77765,0.0,null],[116.71465,-0.77451,0.0,null],[116.71499,-0.77318,0.0,null],[116.7168,-0.77139,0.0,null],[116.71674,-0.76853,0.0,null],[116.71581,-0.76716,0.0,null],[116.71635,-0.76445,0.0,null],[116.71962,-0.76073,0.0,null],[116.72272,-0.76181,0.0,null],[116.72458,-0.76123,0.0,null],[116.72499,-0.76042,0.0,null],[116.7272,-0.75931,0.0,null],[116.7285,-0.75703,0.0,null],[116.72836,-0.75624,0.0,null],[116.72602,-0.75516,0.0,null],[116.72618,-0.75316,0.0,null],[116.72522,-0.75152,0.0,null],[116.72358,-0.75083,0.0,null],[116.72229,-0.7515,0.0,null],[116.72145,-0.7508,0.0,null],[116.71841,-0.75051,0.0,null],[116.71702,-0.74586,0.0,null],[116.7152,-0.74451,0.0,null],[116.71521,-0.74243,0.0,null],[116.71448,-0.74051,0.0,null],[116.7149,-0.73695,0.0,null],[116.71254,-0.73588,0.0,null],[116.712,-0.73158,0.0,null],[116.70673,-0.72947,0.0,null],[116.70352,-0.7299,0.0,null],[116.70232,-0.72925,0.0,null],[116.69579,-0.72957,0.0,null],[116.6929,-0.73045,0.0,null],[116.692,-0.73322,0.0,null],[116.68852,-0.73564,0.0,null],[116.6882,-0.73682,0.0,null],[116.68707,-0.73785,0.0,null],[116.68624,-0.74085,0.0,null],[116.68475,-0.74187,0.0,null],[116.68086,-0.7392,0.0,null],[116.67961,-0.7399,0.0,null],[116.67637,-0.73902,0.0,null],[116.67481,-0.7394,0.0,null],[116.67381,-0.73829,0.0,null],[116.67356,-0.73628,0.0,null],[116.67072,-0.73311,0.0,null],[116.67099,-0.73003,0.0,null],[116.67395,-0.72789,0.0,null],[116.67493,-0.72459,0.0,null],[116.67413,-0.721,0.0,null],[116.67277,-0.72006,0.0,null],[116.67205,-0.72046,0.0,null],[116.67199,-0.71542,0.0,null],[116.67251,-0.71483,0.0,null],[116.67015,-0.71386,0.0,null],[116.66969,-0.71306,0.0,null],[116.67004,-0.70998,0.0,null],[116.67148,-0.71247,0.0,null],[116.67313,-0.71041,0.0,null],[116.67131,-0.7091,0.0,null],[116.6711,-0.70821,0.0,null],[116.67196,-0.70572,0.0,null],[116.67164,-0.70465,0.0,null],[116.67275,-0.70454,0.0,null],[116.67311,-0.70346,0.0,null],[116.67144,-0.70401,0.0,null],[116.67055,-0.70374,0.0,null],[116.6701,-0.70282,0.0,null],[116.67068,-0.70164,0.0,null],[116.67013,-0.69916,0.0,null],[116.66776,-0.69775,0.0,null],[116.66069,-0.69787,0.0,null],[116.65907,-0.7061,0.0,null],[116.65956,-0.71054,0.0,null],[116.66043,-0.71201,0.0,null],[116.65912,-0.71349,0.0,null],[116.65601,-0.71447,0.0,null],[116.65492,-0.71894,0.0,null],[116.65298,-0.71869,0.0,null],[116.65223,-0.71733,0.0,null],[116.64893,-0.71492,0.0,null],[116.64838,-0.71369,0.0,null],[116.64386,-0.71451,0.0,null],[116.64219,-0.71254,0.0,null],[116.64124,-0.71223,0.0,null],[116.64112,-0.7067,0.0,null],[116.63917,-0.70735,0.0,null],[116.6379,-0.70652,0.0,null],[116.63778,-0.70514,0.0,null],[116.63852,-0.70327,0.0,null],[116.63799,-0.69975,0.0,null],[116.63837,-0.69846,0.0,null],[116.63793,-0.69797,0.0,null],[116.63909,-0.69572,0.0,null],[116.6378,-0.69495,0.0,null],[116.64087,-0.69067,0.0,null],[116.64104,-0.68386,0.0,null],[116.64229,-0.68015,0.0,null],[116.64138,-0.67843,0.0,null],[116.6424,-0.676,0.0,null],[116.64132,-0.67469,0.0,null],[116.64236,-0.67142,0.0,null],[116.64229,-0.66894,0.0,null],[116.6431,-0.66741,0.0,null],[116.64255,-0.6645,0.0,null],[116.64329,-0.66368,0.0,null],[116.64324,-0.66249,0.0,null],[116.64554,-0.66083,0.0,null],[116.64651,-0.65929,0.0,null],[116.64792,-0.65425,0.0,null],[116.64767,-0.65357,0.0,null],[116.64691,-0.65354,0.0,null],[116.64489,-0.65502,0.0,null],[116.64398,-0.65498,0.0,null],[116.64278,-0.65241,0.0,null],[116.64254,-0.65016,0.0,null],[116.64183,-0.64974,0.0,null],[116.64198,-0.64859,0.0,null],[116.64164,-0.64832,0.0,null],[116.64147,-0.64916,0.0,null],[116.64088,-0.64917,0.0,null],[116.64006,-0.64774,0.0,null],[116.63994,-0.64448,0.0,null],[116.63833,-0.64432,0.0,null],[116.63577,-0.64628,0.0,null],[116.63382,-0.64578,0.0,null],[116.63104,-0.64845,0.0,null],[116.62977,-0.64821,0.0,null],[116.62804,-0.64872,0.0,null],[116.62788,-0.65076,0.0,null],[116.62673,-0.65229,0.0,null],[116.62613,-0.6548,0.0,null],[116.62458,-0.65544,0.0,null],[116.6232,-0.65783,0.0,null],[116.62023,-0.65786,0.0,null],[116.61922,-0.65886,0.0,null],[116.61777,-0.658,0.0,null],[116.61371,-0.65974,0.0,null],[116.61233,-0.65927,0.0,null],[116.61185,-0.66273,0.0,null],[116.61225,-0.66532,0.0,null],[116.61154,-0.66682,0.0,null],[116.61216,-0.66832,0.0,null],[116.61143,-0.67008,0.0,null],[116.60903,-0.67138,0.0,null],[116.60882,-0.67373,0.0,null],[116.60797,-0.67455,0.0,null],[116.60443,-0.67685,0.0,null],[116.60267,-0.67919,0.0,null],[116.60097,-0.67939,0.0,null],[116.60041,-0.68096,0.0,null],[116.59836,-0.68113,0.0,null],[116.59647,-0.68401,0.0,null],[116.59397,-0.68591,0.0,null],[116.5934,-0.68555,0.0,null],[116.59323,-0.68136,0.0,null],[116.59212,-0.67971,0.0,null],[116.59104,-0.67935,0.0,null],[116.58935,-0.68076,0.0,null],[116.58834,-0.68298,0.0,null],[116.58447,-0.68368,0.0,null],[116.58297,-0.68585,0.0,null],[116.57864,-0.68443,0.0,null],[116.57605,-0.68481,0.0,null],[116.57634,-0.68414,0.0,null],[116.57577,-0.68296,0.0,null],[116.57421,-0.68167,0.0,null],[116.57472,-0.62589,0.0,null],[116.57592,-0.62716,0.0,null],[116.57664,-0.62621,0.0,null],[116.57868,-0.62771,0.0,null],[116.57921,-0.62553,0.0,null],[116.5808,-0.62521,0.0,null],[116.58144,-0.62435,0.0,null],[116.58091,-0.623,0.0,null],[116.58203,-0.62217,0.0,null],[116.58271,-0.62003,0.0,null],[116.58138,-0.6181,0.0,null],[116.57908,-0.61699,0.0,null],[116.57845,-0.61593,0.0,null],[116.5771,-0.61571,0.0,null],[116.57695,-0.61498,0.0,null],[116.57833,-0.61506,0.0,null],[116.58163,-0.61362,0.0,null],[116.58156,-0.61206,0.0,null],[116.5826,-0.61097,0.0,null],[116.58223,-0.61027,0.0,null],[116.58113,-0.61065,0.0,null],[116.58195,-0.6091,0.0,null],[116.58181,-0.60818,0.0,null],[116.58386,-0.60859,0.0,null],[116.58483,-0.60816,0.0,null],[116.58573,-0.60669,0.0,null],[116.5851,-0.60547,0.0,null],[116.58563,-0.6038,0.0,null],[116.58613,-0.60381,0.0,null],[116.58702,-0.60524,0.0,null],[116.58904,-0.60487,0.0,null],[116.58911,-0.60663,0.0,null],[116.59068,-0.6067,0.0,null],[116.592,-0.60501,0.0,null],[116.59251,-0.60516,0.0,null],[116.59283,-0.60634,0.0,null],[116.59401,-0.60679,0.0,null],[116.59408,-0.60589,0.0,null],[116.59298,-0.60444,0.0,null],[116.59317,-0.60313,0.0,null],[116.59371,-0.6031,0.0,null],[116.59489,-0.60483,0.0,null],[116.59452,-0.60389,0.0,null],[116.59494,-0.60314,0.0,null],[116.59697,-0.60409,0.0,null],[116.59744,-0.60353,0.0,null],[116.59734,-0.60217,0.0,null],[116.5992,-0.60222,0.0,null],[116.59997,-0.60328,0.0,null],[116.60154,-0.60279,0.0,null],[116.60422,-0.60385,0.0,null],[116.60354,-0.60612,0.0,null],[116.60458,-0.60839,0.0,null],[116.60257,-0.60995,0.0,null],[116.6034,-0.61151,0.0,null],[116.6025,-0.61312,0.0,null],[116.6036,-0.61578,0.0,null],[116.60197,-0.61858,0.0,null],[116.60295,-0.61881,0.0,null],[116.60265,-0.62038,0.0,null],[116.6034,-0.62154,0.0,null],[116.60496,-0.62164,0.0,null],[116.60539,-0.62215,0.0,null],[116.60496,-0.62324,0.0,null],[116.60305,-0.6244,0.0,null],[116.60519,-0.62598,0.0,null],[116.60399,-0.62648,0.0,null],[116.60501,-0.63102,0.0,null],[116.60704,-0.63298,0.0,null],[116.60698,-0.63378,0.0,null],[116.60827,-0.63513,0.0,null],[116.60818,-0.63598,0.0,null],[116.60656,-0.63633,0.0,null],[116.60625,-0.63502,0.0,null],[116.60596,-0.63655,0.0,null],[116.60696,-0.63915,0.0,null],[116.60535,-0.64079,0.0,null],[116.60915,-0.64247,0.0,null],[116.60979,-0.64434,0.0,null],[116.61456,-0.63731,0.0,null],[116.61285,-0.63731,0.0,null],[116.61243,-0.63667,0.0,null],[116.61291,-0.63559,0.0,null],[116.61226,-0.63501,0.0,null],[116.61168,-0.63163,0.0,null],[116.6129,-0.63045,0.0,null],[116.61392,-0.63089,0.0,null],[116.61478,-0.63043,0.0,null],[116.61724,-0.63143,0.0,null],[116.61965,-0.62944,0.0,null],[116.62035,-0.62956,0.0,null],[116.62106,-0.63345,0.0,null],[116.62176,-0.63406,0.0,null],[116.62157,-0.635,0.0,null],[116.62277,-0.63543,0.0,null],[116.62217,-0.63659,0.0,null],[116.62261,-0.63743,0.0,null],[116.62442,-0.63593,0.0,null],[116.62398,-0.63508,0.0,null],[116.62521,-0.63371,0.0,null],[116.62717,-0.63357,0.0,null],[116.62816,-0.63454,0.0,null],[116.62816,-0.63542,0.0,null],[116.62946,-0.63456,0.0,null],[116.62887,-0.63363,0.0,null],[116.62916,-0.63329,0.0,null],[116.63145,-0.63392,0.0,null],[116.63267,-0.63245,0.0,null],[116.6335,-0.63326,0.0,null],[116.6327,-0.63553,0.0,null],[116.63377,-0.63539,0.0,null],[116.63496,-0.63628,0.0,null],[116.63473,-0.63508,0.0,null],[116.6362,-0.63458,0.0,null],[116.63735,-0.63501,0.0,null],[116.6379,-0.63616,0.0,null],[116.64429,-0.62682,0.0,null],[116.64425,-0.62632,0.0,null],[116.64244,-0.62556,0.0,null],[116.64238,-0.62452,0.0,null],[116.64587,-0.62358,0.0,null],[116.64632,-0.62418,0.0,null],[116.64745,-0.62343,0.0,null],[116.64884,-0.62406,0.0,null],[116.65166,-0.62399,0.0,null],[116.65317,-0.62646,0.0,null],[116.65623,-0.62787,0.0,null],[116.65526,-0.62596,0.0,null],[116.65595,-0.62482,0.0,null],[116.65423,-0.62388,0.0,null],[116.65671,-0.62133,0.0,null],[116.65889,-0.62298,0.0,null],[116.66016,-0.62539,0.0,null],[116.65974,-0.62778,0.0,null],[116.65879,-0.62924,0.0,null],[116.65993,-0.6292,0.0,null],[116.66366,-0.63173,0.0,null],[116.66176,-0.63639,0.0,null],[116.66284,-0.63723,0.0,null],[116.66424,-0.63698,0.0,null],[116.66357,-0.64015,0.0,null],[116.66467,-0.63907,0.0,null],[116.66646,-0.63928,0.0,null],[116.66669,-0.63784,0.0,null],[116.66802,-0.63745,0.0,null],[116.66926,-0.638,0.0,null],[116.66917,-0.63997,0.0,null],[116.67263,-0.6414,0.0,null],[116.67354,-0.64012,0.0,null],[116.67121,-0.63764,0.0,null],[116.67146,-0.63684,0.0,null],[116.67339,-0.63637,0.0,null],[116.67399,-0.6378,0.0,null],[116.67556,-0.636,0.0,null],[116.67723,-0.63667,0.0,null],[116.6781,-0.63825,0.0,null],[116.67984,-0.63782,0.0,null],[116.69739,-0.62614,0.0,null],[116.69834,-0.62465,0.0,null],[116.7002,-0.62384,0.0,null],[116.70194,-0.62133,0.0,null],[116.70346,-0.62107,0.0,null],[116.70413,-0.62025,0.0,null],[116.70634,-0.62057,0.0,null],[116.70773,-0.61867,0.0,null],[116.70808,-0.613,0.0,null],[116.70868,-0.61286,0.0,null],[116.70912,-0.6008,0.0,null],[116.7074,-0.60031,0.0,null],[116.70752,-0.59716,0.0,null],[116.7087,-0.5971,0.0,null],[116.70995,-0.59607,0.0,null],[116.71261,-0.59608,0.0,null],[116.71403,-0.59451,0.0,null],[116.71403,-0.59376,0.0,null],[116.71787,-0.59233,0.0,null],[116.71911,-0.59081,0.0,null],[116.72086,-0.5909,0.0,null],[116.72277,-0.58922,0.0,null],[116.72437,-0.58936,0.0,null],[116.72536,-0.58544,0.0,null],[116.72706,-0.58328,0.0,null],[116.72737,-0.58095,0.0,null],[116.73049,-0.57732,0.0,null],[116.73184,-0.57485,0.0,null],[116.73066,-0.57213,0.0,null],[116.73117,-0.57047,0.0,null],[116.73059,-0.57047,0.0,null],[116.72875,-0.57249,0.0,null],[116.72728,-0.57225,0.0,null],[116.7239,-0.57431,0.0,null],[116.72253,-0.57338,0.0,null],[116.722,-0.57212,0.0,null],[116.72052,-0.5714,0.0,null],[116.72064,-0.56797,0.0,null],[116.71821,-0.56835,0.0,null],[116.71678,-0.5693,0.0,null],[116.71628,-0.56872,0.0,null],[116.71672,-0.56689,0.0,null],[116.71504,-0.56618,0.0,null],[116.70136,-0.56623,0.0,null],[116.7012,-0.54924,0.0,null],[116.69978,-0.54841,0.0,null],[116.69893,-0.54687,0.0,null],[116.69986,-0.54403,0.0,null],[116.70103,-0.5424,0.0,null],[116.70052,-0.53969,0.0,null],[116.70212,-0.5382,0.0,null],[116.70488,-0.5379,0.0,null],[116.70693,-0.53894,0.0,null],[116.70898,-0.53783,0.0,null],[116.7102,-0.53794,0.0,null],[116.70977,-0.53579,0.0,null],[116.71099,-0.53397,0.0,null],[116.70996,-0.53313,0.0,null],[116.71104,-0.53144,0.0,null],[116.71081,-0.52948,0.0,null],[116.71218,-0.52803,0.0,null],[116.71195,-0.52719,0.0,null],[116.70927,-0.526,0.0,null],[116.70946,-0.52502,0.0,null],[116.71025,-0.52448,0.0,null],[116.70966,-0.52232,0.0,null],[116.71045,-0.51995,0.0,null],[116.71412,-0.51597,0.0,null],[116.71399,-0.51421,0.0,null],[116.71517,-0.51081,0.0,null],[116.71628,-0.50984,0.0,null],[116.7161,-0.50844,0.0,null],[116.71676,-0.50756,0.0,null],[116.71851,-0.50693,0.0,null],[116.71862,-0.50341,0.0,null],[116.71931,-0.50198,0.0,null],[116.72028,-0.50187,0.0,null],[116.72078,-0.50089,0.0,null],[116.72184,-0.50057,0.0,null],[116.72298,-0.49847,0.0,null],[116.72288,-0.49668,0.0,null],[116.72464,-0.49618,0.0,null],[116.72693,-0.49324,0.0,null],[116.72904,-0.49322,0.0,null],[116.73296,-0.49436,0.0,null],[116.73512,-0.49183,0.0,null],[116.736,-0.49392,0.0,null],[116.73546,-0.49566,0.0,null],[116.73778,-0.49224,0.0,null],[116.73798,-0.49088,0.0,null],[116.73951,-0.48945,0.0,null],[116.73941,-0.48872,0.0,null],[116.74037,-0.48826,0.0,null],[116.74028,-0.48701,0.0,null],[116.74125,-0.48559,0.0,null],[116.74148,-0.4835,0.0,null],[116.74315,-0.48153,0.0,null],[116.74311,-0.47753,0.0,null],[116.74369,-0.4768,0.0,null],[116.74296,-0.47371,0.0,null],[116.74131,-0.47268,0.0,null],[116.74143,-0.46758,0.0,null],[116.73604,-0.46517,0.0,null],[116.73471,-0.46613,0.0,null],[116.73045,-0.46708,0.0,null],[116.7308,-0.46868,0.0,null],[116.7302,-0.47089,0.0,null],[116.72791,-0.47226,0.0,null],[116.72683,-0.4743,0.0,null],[116.72652,-0.47661,0.0,null],[116.7256,-0.47706,0.0,null],[116.72508,-0.47688,0.0,null],[116.72515,-0.47542,0.0,null],[116.72413,-0.47389,0.0,null],[116.72276,-0.47321,0.0,null],[116.72074,-0.47319,0.0,null],[116.71769,-0.47437,0.0,null],[116.71554,-0.47345,0.0,null],[116.7131,-0.47368,0.0,null],[116.7121,-0.47306,0.0,null],[116.71034,-0.47404,0.0,null],[116.7079,-0.47261,0.0,null],[116.70678,-0.47272,0.0,null],[116.70544,-0.47155,0.0,null],[116.70469,-0.47257,0.0,null],[116.70209,-0.47264,0.0,null],[116.69239,-0.46978,0.0,null],[116.68965,-0.47037,0.0,null],[116.6894,-0.4712,0.0,null],[116.68815,-0.47192,0.0,null],[116.68743,-0.47424,0.0,null],[116.68618,-0.47437,0.0,null],[116.68618,-0.47296,0.0,null],[116.68479,-0.4717,0.0,null],[116.68014,-0.47029,0.0,null],[116.67807,-0.47109,0.0,null],[116.67431,-0.46686,0.0,null],[116.67244,-0.46626,0.0,null],[116.67136,-0.46468,0.0,null],[116.6694,-0.46365,0.0,null],[116.66883,-0.46176,0.0,null],[116.66577,-0.46237,0.0,null],[116.66378,-0.46162,0.0,null],[116.66047,-0.46665,0.0,null],[116.65849,-0.46776,0.0,null],[116.65679,-0.46955,0.0,null],[116.65445,-0.47029,0.0,null],[116.60027,-0.46896,0.0,null],[116.60157,-0.46478,0.0,null],[116.60054,-0.46174,0.0,null],[116.59459,-0.46108,0.0,null],[116.59333,-0.45807,0.0,null],[116.59128,-0.45797,0.0,null],[116.59056,-0.4574,0.0,null],[116.59024,-0.45397,0.0,null],[116.58773,-0.45362,0.0,null],[116.58657,-0.45249,0.0,null],[116.58535,-0.45269,0.0,null]],[[116.50557,-0.76621,0.0,null],[116.51238,-0.76287,0.0,null],[116.52,-0.72825,0.0,null],[116.52825,-0.72832,0.0,null],[116.53668,-0.73898,0.0,null],[116.54327,-0.73665,0.0,null],[116.54915,-0.74096,0.0,null],[116.55345,-0.73915,0.0,null],[116.55905,-0.74214,0.0,null],[116.5659,-0.77679,0.0,null],[116.57242,-0.78688,0.0,null],[116.57394,-0.79292,0.0,null],[116.57146,-0.79933,0.0,null],[116.57346,-0.80463,0.0,null],[116.57201,-0.81001,0.0,null],[116.57658,-0.81638,0.0,null],[116.58431,-0.81536,0.0,null],[116.59012,-0.82186,0.0,null],[116.59881,-0.82421,0.0,null],[116.60038,-0.83751,0.0,null],[116.60918,-0.84651,0.0,null],[116.60397,-0.85079,0.0,null],[116.60804,-0.85738,0.0,null],[116.60104,-0.87059,0.0,null],[116.59638,-0.86595,0.0,null],[116.58796,-0.87068,0.0,null],[116.58535,-0.86743,0.0,null],[116.58113,-0.86799,0.0,null],[116.57691,-0.86285,0.0,null],[116.56928,-0.86588,0.0,null],[116.55548,-0.90162,0.0,null],[116.54957,-0.9014,0.0,null],[116.54996,-0.89655,0.0,null],[116.52956,-0.89146,0.0,null],[116.52673,-0.88451,0.0,null],[116.51865,-0.88521,0.0,null],[116.51588,-0.87206,0.0,null],[116.49687,-0.85253,0.0,null],[116.48895,-0.83537,0.0,null],[116.48228,-0.82828,0.0,null],[116.46606,-0.82638,0.0,null],[116.46137,-0.81479,0.0,null],[116.46884,-0.80832,0.0,null],[116.4677,-0.79932,0.0,null],[116.45732,-0.79749,0.0,null],[116.45468,-0.79287,0.0,null],[116.44816,-0.79004,0.0,null],[116.45518,-0.78248,0.0,null],[116.45566,-0.77529,0.0,null],[116.46332,-0.77125,0.0,null],[116.46563,-0.77748,0.0,null],[116.47622,-0.77389,0.0,null],[116.50241,-0.78555,0.0,null],[116.50741,-0.77458,0.0,null],[116.50557,-0.76621,0.0,null]]]}},{"type":"Feature","properties":{"inventoryId":"big-forestry-ha:138","sector":"PBPH","subtype":"IUPHHK-HA","quality":"OFFICIAL","sourceDataset":"big-forestry-ha","sourceRecordId":"138","source":"BIG Kebijakan Satu Peta","sourceUrl":"https://kspservices.big.go.id/satupeta/rest/services/PUBLIK/PERIZINAN_DAN_PERTANAHAN/MapServer/1","retrievedAt":"2026-08-24T04:32:16Z","geometryProcessing":"web display simplification tolerance 0.00035 degrees","name":"PT ITCI KAYAN HUTANI","permitNumber":"SK.160/Menhut-II/2005","permitDate":"2005-06-07","areaHa":218375.0,"provinceCode":"65","region":"kalimantan"},"geometry":{"type":"MultiPolygon","coordinates":[[[[116.97647,2.96171,0.0,null],[116.97484,3.02244,0.0,null],[116.93727,3.03572,0.0,null],[116.92618,3.04917,0.0,null],[116.92809,3.06294,0.0,null],[116.92094,3.07356,0.0,null],[116.83817,3.03539,0.0,null],[116.77412,3.00486,0.0,null],[116.7606,2.99909,0.0,null],[116.71085,2.98639,0.0,null],[116.70556,2.98399,0.0,null],[116.70451,2.98279,0.0,null],[116.70709,2.9792,0.0,null],[116.71273,2.96828,0.0,null],[116.71305,2.96469,0.0,null],[116.71248,2.95691,0.0,null],[116.71128,2.95422,0.0,null],[116.70631,2.94972,0.0,null],[116.6995,2.95121,0.0,null],[116.69525,2.9539,0.0,null],[116.68827,2.96152,0.0,null],[116.68562,2.96665,0.0,null],[116.6796,2.97438,0.0,null],[116.66299,2.96883,0.0,null],[116.66658,2.9407,0.0,null],[116.65683,2.92213,0.0,null],[116.64283,2.92593,0.0,null],[116.64792,2.93911,0.0,null],[116.64074,2.95661,0.0,null],[116.61419,2.94192,0.0,null],[116.59624,2.93082,0.0,null],[116.59014,2.92655,0.0,null],[116.58457,2.92101,0.0,null],[116.576,2.91022,0.0,null],[116.56761,2.89106,0.0,null],[116.56404,2.87624,0.0,null],[116.56451,2.8725,0.0,null],[116.57249,2.86256,0.0,null],[116.57704,2.85927,0.0,null],[116.58007,2.85778,0.0,null],[116.58952,2.84133,0.0,null],[116.59074,2.83609,0.0,null],[116.57822,2.8283,0.0,null],[116.56538,2.82634,0.0,null],[116.55614,2.83231,0.0,null],[116.54675,2.83574,0.0,null],[116.53622,2.82361,0.0,null],[116.53004,2.81777,0.0,null],[116.52115,2.81073,0.0,null],[116.5112,2.80383,0.0,null],[116.59637,2.71319,0.0,null],[116.60318,2.74323,0.0,null],[116.62849,2.76678,0.0,null],[116.62746,2.76803,0.0,null],[116.62698,2.7702,0.0,null],[116.62675,2.78191,0.0,null],[116.62962,2.7964,0.0,null],[116.63199,2.80231,0.0,null],[116.64262,2.8149,0.0,null],[116.65373,2.82628,0.0,null],[116.65755,2.83388,0.0,null],[116.65873,2.8351,0.0,null],[116.66389,2.83792,0.0,null],[116.66514,2.84,0.0,null],[116.67311,2.84253,0.0,null],[116.67541,2.84289,0.0,null],[116.67892,2.84062,0.0,null],[116.68098,2.84086,0.0,null],[116.68448,2.84421,0.0,null],[116.68458,2.84804,0.0,null],[116.68892,2.85236,0.0,null],[116.69374,2.85584,0.0,null],[116.69809,2.85704,0.0,null],[116.70597,2.85166,0.0,null],[116.70966,2.85112,0.0,null],[116.71172,2.85197,0.0,null],[116.71292,2.85316,0.0,null],[116.71509,2.85652,0.0,null],[116.7164,2.86047,0.0,null],[116.71736,2.86107,0.0,null],[116.72087,2.86227,0.0,null],[116.72595,2.86132,0.0,null],[116.72957,2.86324,0.0,null],[116.73163,2.86312,0.0,null],[116.73515,2.86097,0.0,null],[116.73746,2.85702,0.0,null],[116.73746,2.85558,0.0,null],[116.73518,2.85091,0.0,null],[116.73557,2.84589,0.0,null],[116.73521,2.84385,0.0,null],[116.73232,2.84073,0.0,null],[116.72847,2.83786,0.0,null],[116.72219,2.83522,0.0,null],[116.72014,2.83342,0.0,null],[116.71473,2.82635,0.0,null],[116.71172,2.82419,0.0,null],[116.70374,2.82035,0.0,null],[116.70218,2.81831,0.0,null],[116.70171,2.81616,0.0,null],[116.70208,2.81365,0.0,null],[116.70681,2.81126,0.0,null],[116.70754,2.80898,0.0,null],[116.70622,2.80719,0.0,null],[116.69802,2.80107,0.0,null],[116.68597,2.77454,0.0,null],[116.70188,2.76031,0.0,null],[116.7065,2.75218,0.0,null],[116.72245,2.7583,0.0,null],[116.7208,2.77649,0.0,null],[116.72137,2.7838,0.0,null],[116.72257,2.78595,0.0,null],[116.72448,2.79302,0.0,null],[116.72641,2.79542,0.0,null],[116.72942,2.79745,0.0,null],[116.73341,2.79901,0.0,null],[116.7357,2.79878,0.0,null],[116.73814,2.79639,0.0,null],[116.74055,2.79579,0.0,null],[116.74261,2.79759,0.0,null],[116.74589,2.80843,0.0,null],[116.74733,2.8107,0.0,null],[116.75565,2.81622,0.0,null],[116.76833,2.82066,0.0,null],[116.77994,2.82151,0.0,null],[116.78224,2.82092,0.0,null],[116.78394,2.81972,0.0,null],[116.78442,2.81864,0.0,null],[116.78289,2.80918,0.0,null],[116.7869,2.80715,0.0,null],[116.78678,2.80524,0.0,null],[116.78596,2.79889,0.0,null],[116.77908,2.79446,0.0,null],[116.77885,2.7911,0.0,null],[116.77936,2.78739,0.0,null],[116.78107,2.78165,0.0,null],[116.7835,2.77914,0.0,null],[116.78969,2.77543,0.0,null],[116.79226,2.76693,0.0,null],[116.79143,2.7637,0.0,null],[116.78806,2.75759,0.0,null],[116.78796,2.75508,0.0,null],[116.78919,2.74862,0.0,null],[116.78979,2.73623,0.0,null],[116.78944,2.73215,0.0,null],[116.78792,2.72724,0.0,null],[116.78766,2.72449,0.0,null],[116.78818,2.72284,0.0,null],[116.79334,2.72302,0.0,null],[116.79156,2.73374,0.0,null],[116.79374,2.73947,0.0,null],[116.8128,2.75017,0.0,null],[116.81336,2.75003,0.0,null],[116.81342,2.75909,0.0,null],[116.82654,2.76229,0.0,null],[116.89134,2.8715,0.0,null],[116.90669,2.87245,0.0,null],[116.91403,2.88693,0.0,null],[116.95242,2.88706,0.0,null],[116.95349,2.887,0.0,null],[116.95464,2.88561,0.0,null],[116.98888,2.84233,0.0,null],[116.99344,2.82854,0.0,null],[117.06124,2.82671,0.0,null],[117.09532,2.82673,0.0,null],[117.09695,2.79546,0.0,null],[117.12006,2.79558,0.0,null],[117.12045,2.78466,0.0,null],[117.17826,2.7847,0.0,null],[117.18966,2.80072,0.0,null],[117.20376,2.80038,0.0,null],[117.20953,2.80769,0.0,null],[117.25025,2.81148,0.0,null],[117.25056,2.77717,0.0,null],[117.26409,2.7771,0.0,null],[117.28812,2.815,0.0,null],[117.28652,2.86659,0.0,null],[117.28481,2.86976,0.0,null],[117.2825,2.87039,0.0,null],[117.28121,2.87371,0.0,null],[117.28166,2.87479,0.0,null],[117.28136,2.87593,0.0,null],[117.28026,2.87627,0.0,null],[117.27838,2.87492,0.0,null],[117.2772,2.87478,0.0,null],[117.27553,2.87649,0.0,null],[117.27404,2.87979,0.0,null],[117.27302,2.88451,0.0,null],[117.27224,2.88533,0.0,null],[117.27122,2.89001,0.0,null],[117.26953,2.89173,0.0,null],[117.26967,2.89408,0.0,null],[117.19764,2.89461,0.0,null],[117.16903,2.86266,0.0,null],[117.13226,2.8622,0.0,null],[117.1081,2.88318,0.0,null],[117.09504,2.89373,0.0,null],[117.09549,2.89265,0.0,null],[117.09513,2.8885,0.0,null],[117.09273,2.88041,0.0,null],[117.08873,2.8713,0.0,null],[117.08371,2.8652,0.0,null],[117.08292,2.86349,0.0,null],[117.07828,2.8588,0.0,null],[117.07776,2.85768,0.0,null],[117.07835,2.85456,0.0,null],[117.08176,2.84901,0.0,null],[117.08218,2.84689,0.0,null],[117.07978,2.84372,0.0,null],[117.07154,2.836,0.0,null],[117.05269,2.82856,0.0,null],[117.04617,2.83075,0.0,null],[117.04499,2.83257,0.0,null],[117.04443,2.83241,0.0,null],[117.04412,2.83392,0.0,null],[117.04095,2.83884,0.0,null],[117.0416,2.85678,0.0,null],[117.04225,2.8605,0.0,null],[117.04095,2.86947,0.0,null],[117.03333,2.87231,0.0,null],[117.01005,2.86925,0.0,null],[117.00722,2.87428,0.0,null],[117.01332,2.88435,0.0,null],[117.01941,2.88675,0.0,null],[117.02419,2.88938,0.0,null],[117.0329,2.89178,0.0,null],[117.04073,2.89528,0.0,null],[117.04465,2.89725,0.0,null],[117.04639,2.89944,0.0,null],[117.05248,2.90294,0.0,null],[117.06044,2.90619,0.0,null],[117.06946,2.90526,0.0,null],[117.07475,2.9071,0.0,null],[117.07809,2.90932,0.0,null],[117.0588,2.92687,0.0,null],[117.04623,2.93749,0.0,null],[116.98957,2.94203,0.0,null],[116.97647,2.96171,0.0,null]]],[[[116.94857,2.7801,0.0,null],[116.94691,2.78391,0.0,null],[116.94694,2.78237,0.0,null],[116.94595,2.78091,0.0,null],[116.9429,2.7801,0.0,null],[116.93836,2.78245,0.0,null],[116.91875,2.76335,0.0,null],[116.91654,2.75554,0.0,null],[116.91697,2.75287,0.0,null],[116.92,2.7484,0.0,null],[116.92263,2.74608,0.0,null],[116.92232,2.74248,0.0,null],[116.92147,2.7399,0.0,null],[116.91852,2.73656,0.0,null],[116.91403,2.73357,0.0,null],[116.91117,2.73687,0.0,null],[116.90856,2.73663,0.0,null],[116.90786,2.73496,0.0,null],[116.9066,2.73419,0.0,null],[116.90562,2.7356,0.0,null],[116.90384,2.73588,0.0,null],[116.90134,2.73342,0.0,null],[116.89946,2.73268,0.0,null],[116.89841,2.73097,0.0,null],[116.89769,2.73197,0.0,null],[116.89372,2.73074,0.0,null],[116.8905,2.72233,0.0,null],[116.88528,2.71612,0.0,null],[116.87879,2.71302,0.0,null],[116.86821,2.71511,0.0,null],[116.84142,2.67809,0.0,null],[116.82836,2.67806,0.0,null],[116.81544,2.66312,0.0,null],[116.809,2.66315,0.0,null],[116.75551,2.60263,0.0,null],[116.74674,2.58159,0.0,null],[116.83161,2.5812,0.0,null],[116.83858,2.58665,0.0,null],[116.84955,2.59061,0.0,null],[116.86353,2.59285,0.0,null],[116.87752,2.58866,0.0,null],[116.89071,2.58333,0.0,null],[116.8918,2.58359,0.0,null],[116.9205,2.57527,0.0,null],[116.94792,2.57156,0.0,null],[116.97416,2.57161,0.0,null],[116.97543,2.57022,0.0,null],[116.98518,2.57314,0.0,null],[116.99902,2.57978,0.0,null],[117.00848,2.58562,0.0,null],[117.00787,2.58262,0.0,null],[117.00917,2.58081,0.0,null],[117.01032,2.58289,0.0,null],[117.0114,2.58213,0.0,null],[117.06266,2.61271,0.0,null],[117.38335,2.56991,0.0,null],[117.34379,2.68244,0.0,null],[117.32538,2.7316,0.0,null],[117.31868,2.73099,0.0,null],[117.31483,2.72822,0.0,null],[117.3127,2.72291,0.0,null],[117.30862,2.72269,0.0,null],[117.30733,2.72205,0.0,null],[117.30627,2.71993,0.0,null],[117.30607,2.7178,0.0,null],[117.3106,2.71143,0.0,null],[117.31104,2.70973,0.0,null],[117.31063,2.70399,0.0,null],[117.30828,2.70101,0.0,null],[117.30678,2.70059,0.0,null],[117.30247,2.7025,0.0,null],[117.29579,2.71014,0.0,null],[117.29492,2.71333,0.0,null],[117.29466,2.7231,0.0,null],[117.29121,2.72862,0.0,null],[117.28948,2.72969,0.0,null],[117.28712,2.72947,0.0,null],[117.28478,2.72437,0.0,null],[117.28136,2.72203,0.0,null],[117.26096,2.72222,0.0,null],[117.25452,2.72008,0.0,null],[117.25131,2.71753,0.0,null],[117.24213,2.70711,0.0,null],[117.23698,2.70349,0.0,null],[117.23119,2.70157,0.0,null],[117.22368,2.70241,0.0,null],[117.21873,2.70453,0.0,null],[117.21549,2.7092,0.0,null],[117.21397,2.71303,0.0,null],[117.21373,2.71961,0.0,null],[117.21197,2.73045,0.0,null],[117.20765,2.73555,0.0,null],[117.20486,2.73639,0.0,null],[117.20293,2.73533,0.0,null],[117.20143,2.73363,0.0,null],[117.20059,2.7298,0.0,null],[117.1991,2.7281,0.0,null],[117.19738,2.72725,0.0,null],[117.19437,2.72724,0.0,null],[117.17931,2.73594,0.0,null],[117.17211,2.73583,0.0,null],[117.16999,2.73009,0.0,null],[117.16959,2.72371,0.0,null],[117.17051,2.70905,0.0,null],[117.16881,2.70501,0.0,null],[117.16452,2.70245,0.0,null],[117.15681,2.69926,0.0,null],[117.15081,2.69564,0.0,null],[117.14631,2.69393,0.0,null],[117.13686,2.69413,0.0,null],[117.13364,2.69541,0.0,null],[117.12934,2.69455,0.0,null],[117.11865,2.68328,0.0,null],[117.11459,2.67987,0.0,null],[117.10838,2.6754,0.0,null],[117.10344,2.6754,0.0,null],[117.10236,2.67858,0.0,null],[117.09998,2.68113,0.0,null],[117.09783,2.68155,0.0,null],[117.09547,2.68113,0.0,null],[117.09419,2.67921,0.0,null],[117.0927,2.67815,0.0,null],[117.09033,2.67814,0.0,null],[117.08926,2.67963,0.0,null],[117.08771,2.68983,0.0,null],[117.09003,2.69791,0.0,null],[117.09196,2.69897,0.0,null],[117.09411,2.69898,0.0,null],[117.09604,2.70025,0.0,null],[117.09753,2.70217,0.0,null],[117.09816,2.70621,0.0,null],[117.09987,2.70876,0.0,null],[117.10136,2.71301,0.0,null],[117.10328,2.7145,0.0,null],[117.1039,2.72109,0.0,null],[117.10196,2.723,0.0,null],[117.09422,2.72342,0.0,null],[117.09207,2.72511,0.0,null],[117.09077,2.72788,0.0,null],[117.08839,2.73085,0.0,null],[117.08549,2.73308,0.0,null],[117.07331,2.74006,0.0,null],[117.07216,2.73949,0.0,null],[117.06906,2.74805,0.0,null],[117.06225,2.75731,0.0,null],[117.06254,2.74364,0.0,null],[116.98994,2.73851,0.0,null],[116.98924,2.73839,0.0,null],[116.98848,2.7313,0.0,null],[116.96129,2.73127,0.0,null],[116.96094,2.77967,0.0,null],[116.95167,2.77602,0.0,null],[116.94857,2.7801,0.0,null]],[[117.03589,2.7326,0.0,null],[117.04168,2.73431,0.0,null],[117.04726,2.73516,0.0,null],[117.0522,2.7341,0.0,null],[117.06274,2.7288,0.0,null],[117.06469,2.72625,0.0,null],[117.0675,2.72052,0.0,null],[117.06751,2.71797,0.0,null],[117.06561,2.71244,0.0,null],[117.06499,2.70521,0.0,null],[117.05902,2.69479,0.0,null],[117.05833,2.68775,0.0,null],[117.05714,2.68417,0.0,null],[117.05521,2.68183,0.0,null],[117.05027,2.68203,0.0,null],[117.04275,2.68415,0.0,null],[117.03931,2.68457,0.0,null],[117.03674,2.68414,0.0,null],[117.02816,2.68073,0.0,null],[117.01828,2.68094,0.0,null],[117.01247,2.68433,0.0,null],[117.01053,2.68645,0.0,null],[117.0088,2.6907,0.0,null],[117.00857,2.69368,0.0,null],[117.00984,2.69644,0.0,null],[117.01498,2.70006,0.0,null],[117.01345,2.70792,0.0,null],[117.01344,2.71111,0.0,null],[117.01641,2.71855,0.0,null],[117.01919,2.72132,0.0,null],[117.0254,2.72579,0.0,null],[117.02946,2.73004,0.0,null],[117.03589,2.7326,0.0,null]]]]}},{"type":"Feature","properties":{"inventoryId":"big-forestry-ha:208","sector":"PBPH","subtype":"IUPHHK-HA","quality":"OFFICIAL","sourceDataset":"big-forestry-ha","sourceRecordId":"208","source":"BIG Kebijakan Satu Peta","sourceUrl":"https://kspservices.big.go.id/satupeta/rest/services/PUBLIK/PERIZINAN_DAN_PERTANAHAN/MapServer/1","retrievedAt":"2026-08-24T04:32:16Z","geometryProcessing":"web display simplification tolerance 0.00035 degrees","name":"PT JAYA TIMBER TRADING INDUSTRI","permitNumber":"SK.96/Menhut-II/2011","permitDate":"2011-03-14","areaHa":52200.0,"provinceCode":"64","region":"kalimantan"},"geometry":{"type":"MultiPolygon","coordinates":[[[[115.8959,0.58534,0.0,null],[115.8842,0.59888,0.0,null],[115.88572,0.60225,0.0,null],[115.88411,0.60393,0.0,null],[115.76676,0.59074,0.0,null],[115.75976,0.564,0.0,null],[115.76538,0.55646,0.0,null],[115.76539,0.51753,0.0,null],[115.7561,0.47975,0.0,null],[115.75725,0.45722,0.0,null],[115.77686,0.40536,0.0,null],[115.80711,0.36153,0.0,null],[115.84801,0.38793,0.0,null],[115.86341,0.39923,0.0,null],[115.87188,0.4098,0.0,null],[115.87702,0.42193,0.0,null],[115.89632,0.48356,0.0,null],[115.9027,0.50021,0.0,null],[115.93011,0.53743,0.0,null],[115.93716,0.54804,0.0,null],[115.91437,0.57114,0.0,null],[115.9083,0.571,0.0,null],[115.8959,0.58534,0.0,null]]],[[[115.7557,0.24268,0.0,null],[115.74602,0.25271,0.0,null],[115.74224,0.25871,0.0,null],[115.72587,0.28034,0.0,null],[115.71901,0.29172,0.0,null],[115.71293,0.2994,0.0,null],[115.70193,0.3267,0.0,null],[115.69642,0.34231,0.0,null],[115.69227,0.35094,0.0,null],[115.68812,0.36237,0.0,null],[115.68015,0.40158,0.0,null],[115.66979,0.44292,0.0,null],[115.65885,0.46821,0.0,null],[115.65398,0.47586,0.0,null],[115.62016,0.51335,0.0,null],[115.60102,0.53179,0.0,null],[115.57725,0.55682,0.0,null],[115.56584,0.54768,0.0,null],[115.57848,0.53538,0.0,null],[115.5905,0.52111,0.0,null],[115.60097,0.5047,0.0,null],[115.60491,0.49307,0.0,null],[115.60725,0.4618,0.0,null],[115.6321,0.4539,0.0,null],[115.62833,0.4493,0.0,null],[115.62203,0.43925,0.0,null],[115.61909,0.42968,0.0,null],[115.62677,0.40346,0.0,null],[115.6379,0.38238,0.0,null],[115.64458,0.34156,0.0,null],[115.64912,0.3217,0.0,null],[115.64864,0.30963,0.0,null],[115.6944,0.27028,0.0,null],[115.70574,0.24584,0.0,null],[115.71674,0.21436,0.0,null],[115.72477,0.20451,0.0,null],[115.73217,0.19637,0.0,null],[115.73409,0.19491,0.0,null],[115.73637,0.20877,0.0,null],[115.74372,0.22549,0.0,null],[115.75289,0.23833,0.0,null],[115.7604,0.23558,0.0,null],[115.7557,0.24268,0.0,null]]]]}},{"type":"Feature","properties":{"inventoryId":"big-forestry-ha:115","sector":"PBPH","subtype":"IUPHHK-HA","quality":"OFFICIAL","sourceDataset":"big-forestry-ha","sourceRecordId":"115","source":"BIG Kebijakan Satu Peta","sourceUrl":"https://kspservices.big.go.id/satupeta/rest/services/PUBLIK/PERIZINAN_DAN_PERTANAHAN/MapServer/1","retrievedAt":"2026-08-24T04:32:16Z","geometryProcessing":"web display simplification tolerance 0.00035 degrees","name":"PT JOLOY MOSAK","permitNumber":"SK.227/Menhut-II/2011","permitDate":"2011-04-15","areaHa":15575.0,"provinceCode":"62","region":"kalimantan"},"geometry":{"type":"Polygon","coordinates":[[[114.70462,-0.97294,0.0,null],[114.69876,-0.96916,0.0,null],[114.69758,-0.96723,0.0,null],[114.685,-0.97333,0.0,null],[114.64722,-0.97361,0.0,null],[114.64611,-0.98083,0.0,null],[114.64456,-0.98169,0.0,null],[114.64992,-0.98992,0.0,null],[114.65786,-0.98986,0.0,null],[114.67444,-0.985,0.0,null],[114.67811,-0.99814,0.0,null],[114.70203,-1.01672,0.0,null],[114.69708,-1.01981,0.0,null],[114.67953,-1.023,0.0,null],[114.6685,-1.02675,0.0,null],[114.64997,-1.03011,0.0,null],[114.63439,-1.03628,0.0,null],[114.6102,-1.055,0.0,null],[114.60144,-1.06536,0.0,null],[114.59691,-1.07401,0.0,null],[114.59499,-1.07467,0.0,null],[114.59297,-1.0764,0.0,null],[114.592,-1.07594,0.0,null],[114.59153,-1.07392,0.0,null],[114.58983,-1.07467,0.0,null],[114.58844,-1.0739,0.0,null],[114.58774,-1.07206,0.0,null],[114.58848,-1.06935,0.0,null],[114.58665,-1.06935,0.0,null],[114.5854,-1.06819,0.0,null],[114.58657,-1.06333,0.0,null],[114.58625,-1.06153,0.0,null],[114.58321,-1.06075,0.0,null],[114.58109,-1.05821,0.0,null],[114.58113,-1.0577,0.0,null],[114.58233,-1.0571,0.0,null],[114.58253,-1.05621,0.0,null],[114.58126,-1.05236,0.0,null],[114.57845,-1.05236,0.0,null],[114.57935,-1.05049,0.0,null],[114.57918,-1.0482,0.0,null],[114.57831,-1.04807,0.0,null],[114.57572,-1.04959,0.0,null],[114.57534,-1.04843,0.0,null],[114.57311,-1.04891,0.0,null],[114.57347,-1.04706,0.0,null],[114.57206,-1.04546,0.0,null],[114.57156,-1.04664,0.0,null],[114.57047,-1.04636,0.0,null],[114.56995,-1.04828,0.0,null],[114.56902,-1.0481,0.0,null],[114.56835,-1.04397,0.0,null],[114.56759,-1.04292,0.0,null],[114.56939,-1.04205,0.0,null],[114.56994,-1.03911,0.0,null],[114.56894,-1.03823,0.0,null],[114.56692,-1.03829,0.0,null],[114.56423,-1.03604,0.0,null],[114.5638,-1.03494,0.0,null],[114.56266,-1.03446,0.0,null],[114.5625,-1.03343,0.0,null],[114.56376,-1.03266,0.0,null],[114.56364,-1.03206,0.0,null],[114.56218,-1.03131,0.0,null],[114.55879,-1.03205,0.0,null],[114.55716,-1.02957,0.0,null],[114.55441,-1.0302,0.0,null],[114.55371,-1.0316,0.0,null],[114.55127,-1.03006,0.0,null],[114.55001,-1.03154,0.0,null],[114.54726,-1.03206,0.0,null],[114.54377,-1.02923,0.0,null],[114.53976,-1.03035,0.0,null],[114.53834,-1.02944,0.0,null],[114.54083,-1.06917,0.0,null],[114.53834,-1.07306,0.0,null],[114.53444,-1.10889,0.0,null],[114.545,-1.10667,0.0,null],[114.57278,-1.10611,0.0,null],[114.59334,-1.09889,0.0,null],[114.60084,-1.10611,0.0,null],[114.595,-1.11361,0.0,null],[114.59822,-1.11414,0.0,null],[114.61811,-1.08662,0.0,null],[114.66149,-1.07247,0.0,null],[114.70754,-1.05654,0.0,null],[114.72285,-1.05875,0.0,null],[114.73041,-1.0645,0.0,null],[114.73085,-1.06876,0.0,null],[114.73478,-1.07108,0.0,null],[114.73407,-1.06582,0.0,null],[114.73479,-1.06182,0.0,null],[114.73598,-1.05928,0.0,null],[114.7382,-1.0566,0.0,null],[114.74176,-1.05444,0.0,null],[114.73112,-1.04199,0.0,null],[114.72846,-1.02555,0.0,null],[114.73538,-1.01498,0.0,null],[114.7297,-0.99907,0.0,null],[114.73983,-0.97368,0.0,null],[114.738,-0.97318,0.0,null],[114.73666,-0.97501,0.0,null],[114.73406,-0.97488,0.0,null],[114.73388,-0.97659,0.0,null],[114.73083,-0.9786,0.0,null],[114.73141,-0.97764,0.0,null],[114.73081,-0.97679,0.0,null],[114.73098,-0.97599,0.0,null],[114.72947,-0.97552,0.0,null],[114.7295,-0.97367,0.0,null],[114.72794,-0.9715,0.0,null],[114.72791,-0.97058,0.0,null],[114.72402,-0.96876,0.0,null],[114.72316,-0.96883,0.0,null],[114.72273,-0.9701,0.0,null],[114.7208,-0.96839,0.0,null],[114.7196,-0.96976,0.0,null],[114.71788,-0.97033,0.0,null],[114.71678,-0.96993,0.0,null],[114.71288,-0.97239,0.0,null],[114.71218,-0.97193,0.0,null],[114.71309,-0.97181,0.0,null],[114.71305,-0.97132,0.0,null],[114.71203,-0.9709,0.0,null],[114.71281,-0.9707,0.0,null],[114.71264,-0.96869,0.0,null],[114.7086,-0.97249,0.0,null],[114.70462,-0.97294,0.0,null]]]}},{"type":"Feature","properties":{"inventoryId":"big-forestry-ha:74","sector":"PBPH","subtype":"IUPHHK-HA","quality":"OFFICIAL","sourceDataset":"big-forestry-ha","sourceRecordId":"74","source":"BIG Kebijakan Satu Peta","sourceUrl":"https://kspservices.big.go.id/satupeta/rest/services/PUBLIK/PERIZINAN_DAN_PERTANAHAN/MapServer/1","retrievedAt":"2026-08-24T04:32:16Z","geometryProcessing":"web display simplification tolerance 0.00035 degrees","name":"PT KAHAYAN TERANG ABADI","permitNumber":"3/1/IUPHHK-PB/PMDN/2015","permitDate":"2015-06-05","areaHa":50000.0,"provinceCode":"62","region":"kalimantan"},"geometry":{"type":"Polygon","coordinates":[[[113.94051,-0.22434,0.0,null],[113.94051,-0.18674,0.0,null],[113.95312,-0.18081,0.0,null],[113.95325,-0.17567,0.0,null],[113.93561,-0.1597,0.0,null],[113.91703,-0.15973,0.0,null],[113.91687,-0.18419,0.0,null],[113.90511,-0.18426,0.0,null],[113.90513,-0.19499,0.0,null],[113.86248,-0.19501,0.0,null],[113.88255,-0.21081,0.0,null],[113.88432,-0.22319,0.0,null],[113.87948,-0.22893,0.0,null],[113.87171,-0.22129,0.0,null],[113.84155,-0.21841,0.0,null],[113.83964,-0.217,0.0,null],[113.83478,-0.20948,0.0,null],[113.8224,-0.20019,0.0,null],[113.81311,-0.19223,0.0,null],[113.79321,-0.19224,0.0,null],[113.77835,-0.18622,0.0,null],[113.75838,-0.18208,0.0,null],[113.74927,-0.1818,0.0,null],[113.75131,-0.20593,0.0,null],[113.7715,-0.21001,0.0,null],[113.77891,-0.21046,0.0,null],[113.75942,-0.22748,0.0,null],[113.74874,-0.23243,0.0,null],[113.71483,-0.25066,0.0,null],[113.70841,-0.25683,0.0,null],[113.70713,-0.26543,0.0,null],[113.71084,-0.27835,0.0,null],[113.71982,-0.29341,0.0,null],[113.72624,-0.30574,0.0,null],[113.72952,-0.31622,0.0,null],[113.73707,-0.32396,0.0,null],[113.74434,-0.32898,0.0,null],[113.69963,-0.43071,0.0,null],[113.69636,-0.45553,0.0,null],[113.6975,-0.46313,0.0,null],[113.70392,-0.48551,0.0,null],[113.70863,-0.49397,0.0,null],[113.72769,-0.53499,0.0,null],[113.73276,-0.5314,0.0,null],[113.74809,-0.53215,0.0,null],[113.76166,-0.5335,0.0,null],[113.76258,-0.53717,0.0,null],[113.76266,-0.5504,0.0,null],[113.75838,-0.56703,0.0,null],[113.74126,-0.5872,0.0,null],[113.72285,-0.60239,0.0,null],[113.70729,-0.61998,0.0,null],[113.69569,-0.62688,0.0,null],[113.70339,-0.64678,0.0,null],[113.70139,-0.65358,0.0,null],[113.68949,-0.65608,0.0,null],[113.6872,-0.63874,0.0,null],[113.67464,-0.64589,0.0,null],[113.67339,-0.67238,0.0,null],[113.65759,-0.68748,0.0,null],[113.65329,-0.68528,0.0,null],[113.65245,-0.6842,0.0,null],[113.64638,-0.69403,0.0,null],[113.6887,-0.69839,0.0,null],[113.70824,-0.70264,0.0,null],[113.73809,-0.65963,0.0,null],[113.75529,-0.63199,0.0,null],[113.77679,-0.59022,0.0,null],[113.78539,-0.55521,0.0,null],[113.78662,-0.53616,0.0,null],[113.78637,-0.50297,0.0,null],[113.77278,-0.27649,0.0,null],[113.7945,-0.27575,0.0,null],[113.87808,-0.27565,0.0,null],[113.93304,-0.27331,0.0,null],[113.93406,-0.25513,0.0,null],[113.93588,-0.24519,0.0,null],[113.94035,-0.23743,0.0,null],[113.94051,-0.22434,0.0,null]]]}},{"type":"Feature","properties":{"inventoryId":"big-forestry-ha:88","sector":"PBPH","subtype":"IUPHHK-HA","quality":"OFFICIAL","sourceDataset":"big-forestry-ha","sourceRecordId":"88","source":"BIG Kebijakan Satu Peta","sourceUrl":"https://kspservices.big.go.id/satupeta/rest/services/PUBLIK/PERIZINAN_DAN_PERTANAHAN/MapServer/1","retrievedAt":"2026-08-24T04:32:16Z","geometryProcessing":"web display simplification tolerance 0.00035 degrees","name":"PT KALIMANTAN SATYA KENCANA","permitNumber":"SK.101/Kpts-II/2001","permitDate":"2001-05-15","areaHa":48000.0,"provinceCode":"61","region":"kalimantan"},"geometry":{"type":"Polygon","coordinates":[[[111.96711,-0.61699,0.0,null],[111.95107,-0.6051,0.0,null],[111.9268,-0.58858,0.0,null],[111.86397,-0.54785,0.0,null],[111.85561,-0.54556,0.0,null],[111.84593,-0.54861,0.0,null],[111.84255,-0.55128,0.0,null],[111.84364,-0.5566,0.0,null],[111.85152,-0.56558,0.0,null],[111.85274,-0.56791,0.0,null],[111.85358,-0.57406,0.0,null],[111.8543,-0.57577,0.0,null],[111.85404,-0.57676,0.0,null],[111.85592,-0.58909,0.0,null],[111.8586,-0.59234,0.0,null],[111.86358,-0.59432,0.0,null],[111.86356,-0.59612,0.0,null],[111.86222,-0.59654,0.0,null],[111.86373,-0.60074,0.0,null],[111.86133,-0.62481,0.0,null],[111.85471,-0.62886,0.0,null],[111.85207,-0.62817,0.0,null],[111.85211,-0.63151,0.0,null],[111.85217,-0.63237,0.0,null],[111.85343,-0.63376,0.0,null],[111.85447,-0.63388,0.0,null],[111.85821,-0.63691,0.0,null],[111.85901,-0.63682,0.0,null],[111.85979,-0.63783,0.0,null],[111.86378,-0.63982,0.0,null],[111.86882,-0.6433,0.0,null],[111.86645,-0.65507,0.0,null],[111.86574,-0.65696,0.0,null],[111.8584,-0.66238,0.0,null],[111.84633,-0.65859,0.0,null],[111.84477,-0.66045,0.0,null],[111.83847,-0.67155,0.0,null],[111.82512,-0.66815,0.0,null],[111.82346,-0.67036,0.0,null],[111.82382,-0.67163,0.0,null],[111.82193,-0.67241,0.0,null],[111.81564,-0.68061,0.0,null],[111.81257,-0.686,0.0,null],[111.80194,-0.71422,0.0,null],[111.80207,-0.71889,0.0,null],[111.803,-0.72196,0.0,null],[111.81092,-0.73478,0.0,null],[111.82417,-0.74568,0.0,null],[111.8318,-0.75397,0.0,null],[111.83405,-0.75553,0.0,null],[111.83721,-0.75516,0.0,null],[111.84232,-0.7556,0.0,null],[111.84739,-0.75707,0.0,null],[111.8536,-0.7607,0.0,null],[111.85754,-0.7665,0.0,null],[111.86164,-0.77581,0.0,null],[111.86156,-0.78333,0.0,null],[111.85966,-0.79651,0.0,null],[111.85738,-0.80025,0.0,null],[111.85467,-0.80244,0.0,null],[111.85316,-0.8054,0.0,null],[111.85397,-0.81227,0.0,null],[111.85312,-0.81401,0.0,null],[111.84886,-0.81802,0.0,null],[111.84448,-0.82319,0.0,null],[111.84177,-0.82756,0.0,null],[111.83939,-0.83789,0.0,null],[111.83686,-0.84266,0.0,null],[111.82855,-0.85137,0.0,null],[111.82511,-0.85358,0.0,null],[111.82352,-0.85374,0.0,null],[111.81492,-0.84713,0.0,null],[111.81303,-0.8423,0.0,null],[111.81289,-0.83887,0.0,null],[111.81389,-0.83201,0.0,null],[111.81339,-0.83053,0.0,null],[111.81106,-0.82773,0.0,null],[111.80487,-0.82462,0.0,null],[111.80334,-0.82288,0.0,null],[111.80279,-0.81457,0.0,null],[111.80149,-0.813,0.0,null],[111.7998,-0.81276,0.0,null],[111.79666,-0.81399,0.0,null],[111.79385,-0.81681,0.0,null],[111.78816,-0.82614,0.0,null],[111.7838,-0.82993,0.0,null],[111.77366,-0.84195,0.0,null],[111.77067,-0.84656,0.0,null],[111.76913,-0.8505,0.0,null],[111.76883,-0.85206,0.0,null],[111.76995,-0.85582,0.0,null],[111.78017,-0.86519,0.0,null],[111.78311,-0.86953,0.0,null],[111.78323,-0.87159,0.0,null],[111.78195,-0.87484,0.0,null],[111.76623,-0.86446,0.0,null],[111.75692,-0.85707,0.0,null],[111.75381,-0.85532,0.0,null],[111.74854,-0.85442,0.0,null],[111.74714,-0.85515,0.0,null],[111.74616,-0.85655,0.0,null],[111.74638,-0.85821,0.0,null],[111.74887,-0.86262,0.0,null],[111.7487,-0.86452,0.0,null],[111.74766,-0.86586,0.0,null],[111.74355,-0.86465,0.0,null],[111.74004,-0.86428,0.0,null],[111.73276,-0.86504,0.0,null],[111.72906,-0.86617,0.0,null],[111.72495,-0.86978,0.0,null],[111.72109,-0.87504,0.0,null],[111.71942,-0.8822,0.0,null],[111.71809,-0.88333,0.0,null],[111.71249,-0.88314,0.0,null],[111.70947,-0.88636,0.0,null],[111.70802,-0.88961,0.0,null],[111.70782,-0.89294,0.0,null],[111.71056,-0.89775,0.0,null],[111.71632,-0.89754,0.0,null],[111.72013,-0.89825,0.0,null],[111.72708,-0.90316,0.0,null],[111.73986,-0.90808,0.0,null],[111.74643,-0.90365,0.0,null],[111.75006,-0.90235,0.0,null],[111.75489,-0.90241,0.0,null],[111.75742,-0.90103,0.0,null],[111.75925,-0.9012,0.0,null],[111.76318,-0.89888,0.0,null],[111.78489,-0.89909,0.0,null],[111.79643,-0.89736,0.0,null],[111.79725,-0.89711,0.0,null],[111.79946,-0.89453,0.0,null],[111.80594,-0.89355,0.0,null],[111.80707,-0.89491,0.0,null],[111.80711,-0.89586,0.0,null],[111.81118,-0.90073,0.0,null],[111.81949,-0.90027,0.0,null],[111.82164,-0.89902,0.0,null],[111.82158,-0.89776,0.0,null],[111.8231,-0.89705,0.0,null],[111.82362,-0.89613,0.0,null],[111.82814,-0.89395,0.0,null],[111.83294,-0.89326,0.0,null],[111.83994,-0.89331,0.0,null],[111.84171,-0.89059,0.0,null],[111.84167,-0.8887,0.0,null],[111.84423,-0.88402,0.0,null],[111.845,-0.88406,0.0,null],[111.84469,-0.88236,0.0,null],[111.84199,-0.88215,0.0,null],[111.84138,-0.88142,0.0,null],[111.84334,-0.88094,0.0,null],[111.84368,-0.88019,0.0,null],[111.84631,-0.88006,0.0,null],[111.84667,-0.87922,0.0,null],[111.84971,-0.87901,0.0,null],[111.85161,-0.87749,0.0,null],[111.85391,-0.87376,0.0,null],[111.85715,-0.86644,0.0,null],[111.86157,-0.85925,0.0,null],[111.87293,-0.85098,0.0,null],[111.88494,-0.85041,0.0,null],[111.88615,-0.84456,0.0,null],[111.88764,-0.84177,0.0,null],[111.88934,-0.84092,0.0,null],[111.89572,-0.84006,0.0,null],[111.90075,-0.84034,0.0,null],[111.90689,-0.78671,0.0,null],[111.90685,-0.78277,0.0,null],[111.90844,-0.77411,0.0,null],[111.91002,-0.77242,0.0,null],[111.9186,-0.76614,0.0,null],[111.93022,-0.76675,0.0,null],[111.94327,-0.78241,0.0,null],[111.94645,-0.78728,0.0,null],[111.95411,-0.78749,0.0,null],[111.95708,-0.78835,0.0,null],[111.9607,-0.7907,0.0,null],[111.96784,-0.79807,0.0,null],[111.97622,-0.80013,0.0,null],[112.02833,-0.77917,0.0,null],[112.01985,-0.76097,0.0,null],[112.0002,-0.70443,0.0,null],[112.01224,-0.68162,0.0,null],[112.0072,-0.67512,0.0,null],[112.0066,-0.67066,0.0,null],[112.00422,-0.66709,0.0,null],[112.00333,-0.66084,0.0,null],[112.0066,-0.65519,0.0,null],[112.00417,-0.6511,0.0,null],[111.99504,-0.64697,0.0,null],[111.98984,-0.63443,0.0,null],[111.96711,-0.61699,0.0,null]],[[111.93061,-0.65531,0.0,null],[111.94072,-0.65412,0.0,null],[111.95066,-0.6519,0.0,null],[111.95672,-0.65283,0.0,null],[111.95803,-0.66446,0.0,null],[111.96244,-0.67078,0.0,null],[111.96048,-0.67993,0.0,null],[111.95968,-0.68681,0.0,null],[111.94816,-0.69339,0.0,null],[111.94072,-0.69576,0.0,null],[111.92793,-0.69695,0.0,null],[111.92169,-0.69457,0.0,null],[111.91692,-0.69619,0.0,null],[111.91396,-0.70171,0.0,null],[111.9089,-0.70528,0.0,null],[111.90384,-0.70528,0.0,null],[111.89994,-0.69558,0.0,null],[111.90146,-0.68684,0.0,null],[111.90414,-0.6806,0.0,null],[111.91039,-0.67167,0.0,null],[111.91931,-0.66394,0.0,null],[111.91871,-0.65918,0.0,null],[111.9202,-0.65621,0.0,null],[111.92318,-0.6565,0.0,null],[111.93061,-0.65531,0.0,null]],[[111.85469,-0.70147,0.0,null],[111.85857,-0.70405,0.0,null],[111.85822,-0.70573,0.0,null],[111.85724,-0.70702,0.0,null],[111.85683,-0.70858,0.0,null],[111.85732,-0.71017,0.0,null],[111.85651,-0.71162,0.0,null],[111.85962,-0.71763,0.0,null],[111.85707,-0.72165,0.0,null],[111.85596,-0.72478,0.0,null],[111.85476,-0.72636,0.0,null],[111.85291,-0.72692,0.0,null],[111.84792,-0.72631,0.0,null],[111.84545,-0.7277,0.0,null],[111.84512,-0.72736,0.0,null],[111.84309,-0.72781,0.0,null],[111.83848,-0.72667,0.0,null],[111.83726,-0.72544,0.0,null],[111.83744,-0.72359,0.0,null],[111.83928,-0.72079,0.0,null],[111.84021,-0.71744,0.0,null],[111.83851,-0.71619,0.0,null],[111.8381,-0.71405,0.0,null],[111.83645,-0.71215,0.0,null],[111.83612,-0.71049,0.0,null],[111.83652,-0.70647,0.0,null],[111.83732,-0.70667,0.0,null],[111.83924,-0.70456,0.0,null],[111.8426,-0.70326,0.0,null],[111.84895,-0.70161,0.0,null],[111.85223,-0.70192,0.0,null],[111.85469,-0.70147,0.0,null]],[[111.90074,-0.6175,0.0,null],[111.90373,-0.61889,0.0,null],[111.90491,-0.62046,0.0,null],[111.90421,-0.6261,0.0,null],[111.90264,-0.62884,0.0,null],[111.89606,-0.63205,0.0,null],[111.89334,-0.63648,0.0,null],[111.89161,-0.63704,0.0,null],[111.88271,-0.63659,0.0,null],[111.88106,-0.63623,0.0,null],[111.87852,-0.63446,0.0,null],[111.87775,-0.63299,0.0,null],[111.87788,-0.63138,0.0,null],[111.8788,-0.62963,0.0,null],[111.87909,-0.6279,0.0,null],[111.87866,-0.62695,0.0,null],[111.87954,-0.62291,0.0,null],[111.88081,-0.62075,0.0,null],[111.88437,-0.62025,0.0,null],[111.89091,-0.62151,0.0,null],[111.89416,-0.62034,0.0,null],[111.89526,-0.619,0.0,null],[111.89693,-0.6182,0.0,null],[111.90074,-0.6175,0.0,null]]]}},{"type":"Feature","properties":{"inventoryId":"big-forestry-ha:91","sector":"PBPH","subtype":"IUPHHK-HA","quality":"OFFICIAL","sourceDataset":"big-forestry-ha","sourceRecordId":"91","source":"BIG Kebijakan Satu Peta","sourceUrl":"https://kspservices.big.go.id/satupeta/rest/services/PUBLIK/PERIZINAN_DAN_PERTANAHAN/MapServer/1","retrievedAt":"2026-08-24T04:32:16Z","geometryProcessing":"web display simplification tolerance 0.00035 degrees","name":"PT KANDELIA ALAM","permitNumber":"SK.249/Menhut-II/2008","permitDate":"2008-06-24","areaHa":18130.0,"provinceCode":"61","region":"kalimantan"},"geometry":{"type":"Polygon","coordinates":[[[109.42205,-0.52631,0.0,null],[109.41966,-0.52699,0.0,null],[109.41813,-0.53033,0.0,null],[109.41653,-0.53062,0.0,null],[109.41273,-0.52943,0.0,null],[109.41148,-0.53144,0.0,null],[109.40974,-0.53249,0.0,null],[109.40782,-0.53215,0.0,null],[109.40526,-0.52992,0.0,null],[109.40407,-0.53048,0.0,null],[109.40448,-0.53223,0.0,null],[109.3835,-0.53224,0.0,null],[109.37957,-0.53628,0.0,null],[109.37641,-0.53445,0.0,null],[109.37334,-0.53615,0.0,null],[109.37464,-0.53993,0.0,null],[109.37352,-0.5428,0.0,null],[109.37132,-0.54155,0.0,null],[109.37011,-0.54357,0.0,null],[109.3701,-0.54506,0.0,null],[109.37213,-0.54634,0.0,null],[109.37207,-0.54814,0.0,null],[109.3698,-0.54921,0.0,null],[109.36734,-0.54826,0.0,null],[109.36627,-0.54846,0.0,null],[109.36452,-0.55127,0.0,null],[109.36528,-0.55343,0.0,null],[109.3668,-0.55485,0.0,null],[109.37021,-0.55304,0.0,null],[109.37145,-0.55291,0.0,null],[109.37421,-0.55416,0.0,null],[109.37538,-0.55554,0.0,null],[109.37538,-0.55853,0.0,null],[109.37476,-0.55929,0.0,null],[109.372,-0.56033,0.0,null],[109.37365,-0.56297,0.0,null],[109.37758,-0.56241,0.0,null],[109.3791,-0.56415,0.0,null],[109.39533,-0.56433,0.0,null],[109.40112,-0.56509,0.0,null],[109.41146,-0.56787,0.0,null],[109.41449,-0.57009,0.0,null],[109.42882,-0.59397,0.0,null],[109.45325,-0.62128,0.0,null],[109.45711,-0.62211,0.0,null],[109.46055,-0.63065,0.0,null],[109.4814,-0.63833,0.0,null],[109.48895,-0.64815,0.0,null],[109.49115,-0.65273,0.0,null],[109.50074,-0.6571,0.0,null],[109.50246,-0.65717,0.0,null],[109.5057,-0.65433,0.0,null],[109.51411,-0.65003,0.0,null],[109.5169,-0.64986,0.0,null],[109.52421,-0.65687,0.0,null],[109.53393,-0.66187,0.0,null],[109.54527,-0.66225,0.0,null],[109.55174,-0.66579,0.0,null],[109.60702,-0.66664,0.0,null],[109.61405,-0.65866,0.0,null],[109.62558,-0.65395,0.0,null],[109.6513,-0.64873,0.0,null],[109.6501,-0.63944,0.0,null],[109.6582,-0.63982,0.0,null],[109.66622,-0.63899,0.0,null],[109.68615,-0.627,0.0,null],[109.67981,-0.61409,0.0,null],[109.66664,-0.62061,0.0,null],[109.64537,-0.62661,0.0,null],[109.63055,-0.62633,0.0,null],[109.62245,-0.61206,0.0,null],[109.62532,-0.6062,0.0,null],[109.63332,-0.60072,0.0,null],[109.63966,-0.59461,0.0,null],[109.63452,-0.58778,0.0,null],[109.60536,-0.60082,0.0,null],[109.60597,-0.63045,0.0,null],[109.60259,-0.63843,0.0,null],[109.59528,-0.64592,0.0,null],[109.58936,-0.64606,0.0,null],[109.58525,-0.64401,0.0,null],[109.57933,-0.63402,0.0,null],[109.55865,-0.63352,0.0,null],[109.53621,-0.6203,0.0,null],[109.5318,-0.61357,0.0,null],[109.53804,-0.60715,0.0,null],[109.53843,-0.59358,0.0,null],[109.51802,-0.5933,0.0,null],[109.51782,-0.57699,0.0,null],[109.46219,-0.5708,0.0,null],[109.47347,-0.53642,0.0,null],[109.44337,-0.5362,0.0,null],[109.43025,-0.5322,0.0,null],[109.42205,-0.52631,0.0,null]]]}},{"type":"Feature","properties":{"inventoryId":"big-forestry-ha:89","sector":"PBPH","subtype":"IUPHHK-HA","quality":"OFFICIAL","sourceDataset":"big-forestry-ha","sourceRecordId":"89","source":"BIG Kebijakan Satu Peta","sourceUrl":"https://kspservices.big.go.id/satupeta/rest/services/PUBLIK/PERIZINAN_DAN_PERTANAHAN/MapServer/1","retrievedAt":"2026-08-24T04:32:16Z","geometryProcessing":"web display simplification tolerance 0.00035 degrees","name":"PT KARDA TRADES","permitNumber":"SK.76/Kpts-II/2000","permitDate":"2000-12-22","areaHa":98400.0,"provinceCode":"62","region":"kalimantan"},"geometry":{"type":"Polygon","coordinates":[[[111.64581,-1.56597,0.0,null],[111.54017,-1.43708,0.0,null],[111.47304,-1.42669,0.0,null],[111.4209,-1.36527,0.0,null],[111.40901,-1.37413,0.0,null],[111.40049,-1.3797,0.0,null],[111.38933,-1.3907,0.0,null],[111.38593,-1.40089,0.0,null],[111.38496,-1.40591,0.0,null],[111.38464,-1.40979,0.0,null],[111.38577,-1.43389,0.0,null],[111.3848,-1.44069,0.0,null],[111.38127,-1.44526,0.0,null],[111.37785,-1.4478,0.0,null],[111.37461,-1.44797,0.0,null],[111.37138,-1.44667,0.0,null],[111.35568,-1.43438,0.0,null],[111.35164,-1.43438,0.0,null],[111.34824,-1.43535,0.0,null],[111.34485,-1.43923,0.0,null],[111.34242,-1.44376,0.0,null],[111.33983,-1.45605,0.0,null],[111.33789,-1.47692,0.0,null],[111.33821,-1.48533,0.0,null],[111.33724,-1.49035,0.0,null],[111.33399,-1.49753,0.0,null],[111.33091,-1.50183,0.0,null],[111.3283,-1.50403,0.0,null],[111.32622,-1.50533,0.0,null],[111.32347,-1.50529,0.0,null],[111.32078,-1.50388,0.0,null],[111.3178,-1.50133,0.0,null],[111.31412,-1.49227,0.0,null],[111.31171,-1.48335,0.0,null],[111.31058,-1.47386,0.0,null],[111.3093,-1.45205,0.0,null],[111.30817,-1.44865,0.0,null],[111.3052,-1.44525,0.0,null],[111.30208,-1.44398,0.0,null],[111.30067,-1.44398,0.0,null],[111.29854,-1.44638,0.0,null],[111.28868,-1.50087,0.0,null],[111.29997,-1.53754,0.0,null],[111.29856,-1.64057,0.0,null],[111.29946,-1.64006,0.0,null],[111.29945,-1.64233,0.0,null],[111.30031,-1.64228,0.0,null],[111.30198,-1.64088,0.0,null],[111.30515,-1.63965,0.0,null],[111.30832,-1.63696,0.0,null],[111.30988,-1.63674,0.0,null],[111.31587,-1.64095,0.0,null],[111.31828,-1.64075,0.0,null],[111.31934,-1.63981,0.0,null],[111.32122,-1.63943,0.0,null],[111.32319,-1.64029,0.0,null],[111.32559,-1.64242,0.0,null],[111.33174,-1.64419,0.0,null],[111.33552,-1.64443,0.0,null],[111.33931,-1.64627,0.0,null],[111.34026,-1.64729,0.0,null],[111.341,-1.65077,0.0,null],[111.34094,-1.65168,0.0,null],[111.33927,-1.65285,0.0,null],[111.33939,-1.65362,0.0,null],[111.34143,-1.65453,0.0,null],[111.34218,-1.65609,0.0,null],[111.34438,-1.65611,0.0,null],[111.34526,-1.65907,0.0,null],[111.34654,-1.65907,0.0,null],[111.34801,-1.65808,0.0,null],[111.35007,-1.65472,0.0,null],[111.35115,-1.65482,0.0,null],[111.35194,-1.6571,0.0,null],[111.35155,-1.65818,0.0,null],[111.3488,-1.65996,0.0,null],[111.3488,-1.66125,0.0,null],[111.34733,-1.66194,0.0,null],[111.34826,-1.66426,0.0,null],[111.3462,-1.66535,0.0,null],[111.34413,-1.66535,0.0,null],[111.34453,-1.66841,0.0,null],[111.34316,-1.6717,0.0,null],[111.34328,-1.67291,0.0,null],[111.3448,-1.67434,0.0,null],[111.34524,-1.677,0.0,null],[111.34753,-1.67975,0.0,null],[111.34789,-1.68139,0.0,null],[111.34843,-1.68194,0.0,null],[111.34905,-1.68103,0.0,null],[111.34843,-1.67814,0.0,null],[111.34996,-1.67697,0.0,null],[111.35069,-1.67715,0.0,null],[111.35233,-1.67909,0.0,null],[111.35464,-1.67987,0.0,null],[111.35572,-1.67918,0.0,null],[111.36171,-1.67857,0.0,null],[111.36272,-1.67923,0.0,null],[111.36333,-1.68055,0.0,null],[111.36566,-1.68205,0.0,null],[111.36942,-1.68328,0.0,null],[111.36942,-1.68506,0.0,null],[111.37041,-1.68506,0.0,null],[111.37129,-1.68762,0.0,null],[111.37188,-1.68674,0.0,null],[111.37345,-1.68664,0.0,null],[111.37394,-1.68762,0.0,null],[111.37325,-1.68851,0.0,null],[111.37325,-1.69049,0.0,null],[111.3763,-1.69088,0.0,null],[111.37698,-1.69227,0.0,null],[111.37659,-1.69286,0.0,null],[111.37541,-1.69276,0.0,null],[111.37502,-1.69345,0.0,null],[111.37659,-1.69503,0.0,null],[111.37625,-1.69864,0.0,null],[111.37474,-1.70056,0.0,null],[111.3737,-1.70105,0.0,null],[111.37341,-1.70253,0.0,null],[111.37217,-1.70405,0.0,null],[111.37434,-1.70534,0.0,null],[111.37405,-1.70593,0.0,null],[111.37301,-1.70615,0.0,null],[111.37301,-1.70694,0.0,null],[111.37519,-1.70648,0.0,null],[111.37629,-1.70713,0.0,null],[111.37814,-1.70707,0.0,null],[111.37929,-1.7101,0.0,null],[111.37885,-1.71102,0.0,null],[111.37759,-1.71103,0.0,null],[111.37635,-1.71267,0.0,null],[111.37704,-1.71663,0.0,null],[111.37675,-1.71831,0.0,null],[111.37356,-1.72152,0.0,null],[111.37287,-1.72369,0.0,null],[111.37356,-1.72685,0.0,null],[111.37444,-1.72685,0.0,null],[111.37582,-1.72814,0.0,null],[111.37444,-1.7315,0.0,null],[111.37463,-1.73336,0.0,null],[111.45172,-1.73301,0.0,null],[111.45149,-1.72984,0.0,null],[111.45206,-1.72906,0.0,null],[111.45392,-1.7289,0.0,null],[111.45659,-1.72962,0.0,null],[111.45727,-1.72907,0.0,null],[111.45692,-1.72702,0.0,null],[111.4538,-1.72527,0.0,null],[111.45344,-1.72326,0.0,null],[111.47003,-1.6999,0.0,null],[111.52487,-1.65108,0.0,null],[111.64581,-1.56597,0.0,null]]]}},{"type":"Feature","properties":{"inventoryId":"big-forestry-ha:128","sector":"PBPH","subtype":"IUPHHK-HA","quality":"OFFICIAL","sourceDataset":"big-forestry-ha","sourceRecordId":"128","source":"BIG Kebijakan Satu Peta","sourceUrl":"https://kspservices.big.go.id/satupeta/rest/services/PUBLIK/PERIZINAN_DAN_PERTANAHAN/MapServer/1","retrievedAt":"2026-08-24T04:32:16Z","geometryProcessing":"web display simplification tolerance 0.00035 degrees","name":"PT KARUNIA HUTAN LESTARI","permitNumber":"SK.315/Menhut-II/2009","permitDate":"2009-05-29","areaHa":40550.0,"provinceCode":"61","region":"kalimantan"},"geometry":{"type":"Polygon","coordinates":[[[110.91771,-0.74462,0.0,null],[110.9147,-0.74244,0.0,null],[110.91256,-0.74642,0.0,null],[110.91139,-0.74692,0.0,null],[110.90812,-0.74466,0.0,null],[110.90502,-0.74634,0.0,null],[110.90084,-0.75195,0.0,null],[110.89933,-0.75212,0.0,null],[110.89774,-0.75011,0.0,null],[110.89456,-0.75563,0.0,null],[110.8928,-0.76124,0.0,null],[110.88874,-0.76698,0.0,null],[110.88815,-0.77418,0.0,null],[110.88648,-0.77794,0.0,null],[110.87907,-0.7882,0.0,null],[110.87287,-0.79523,0.0,null],[110.86752,-0.79749,0.0,null],[110.86911,-0.80235,0.0,null],[110.85944,-0.81169,0.0,null],[110.85517,-0.81922,0.0,null],[110.85073,-0.82014,0.0,null],[110.84638,-0.82483,0.0,null],[110.8416,-0.82491,0.0,null],[110.84085,-0.82542,0.0,null],[110.84068,-0.82734,0.0,null],[110.84328,-0.83144,0.0,null],[110.84328,-0.83312,0.0,null],[110.83769,-0.83773,0.0,null],[110.83321,-0.84269,0.0,null],[110.82778,-0.84617,0.0,null],[110.8245,-0.85019,0.0,null],[110.82406,-0.85391,0.0,null],[110.8254,-0.85558,0.0,null],[110.82755,-0.86201,0.0,null],[110.83438,-0.86342,0.0,null],[110.83478,-0.86389,0.0,null],[110.83284,-0.86677,0.0,null],[110.83002,-0.86878,0.0,null],[110.82734,-0.87172,0.0,null],[110.825,-0.8728,0.0,null],[110.82051,-0.87179,0.0,null],[110.81703,-0.86985,0.0,null],[110.80886,-0.87012,0.0,null],[110.79604,-0.86891,0.0,null],[110.77975,-0.86977,0.0,null],[110.77126,-0.86791,0.0,null],[110.76631,-0.86868,0.0,null],[110.75859,-0.87116,0.0,null],[110.75488,-0.87116,0.0,null],[110.74005,-0.86621,0.0,null],[110.73341,-0.86544,0.0,null],[110.72136,-0.86729,0.0,null],[110.70514,-0.86081,0.0,null],[110.69804,-0.86127,0.0,null],[110.69232,-0.86343,0.0,null],[110.68475,-0.86868,0.0,null],[110.6802,-0.87343,0.0,null],[110.67763,-0.87793,0.0,null],[110.67859,-0.88044,0.0,null],[110.68072,-0.88257,0.0,null],[110.68902,-0.88373,0.0,null],[110.69307,-0.88566,0.0,null],[110.69541,-0.88849,0.0,null],[110.69443,-0.90188,0.0,null],[110.69003,-0.91487,0.0,null],[110.67949,-0.93065,0.0,null],[110.67798,-0.93611,0.0,null],[110.78908,-0.97573,0.0,null],[110.85474,-0.97635,0.0,null],[110.86566,-0.96407,0.0,null],[110.8689,-0.96138,0.0,null],[110.87212,-0.95996,0.0,null],[110.87608,-0.96072,0.0,null],[110.87958,-0.96212,0.0,null],[110.88885,-0.96894,0.0,null],[110.89303,-0.97476,0.0,null],[110.89407,-0.97796,0.0,null],[110.91572,-0.97864,0.0,null],[110.93209,-0.90049,0.0,null],[110.92922,-0.89903,0.0,null],[110.9269,-0.8958,0.0,null],[110.92625,-0.88962,0.0,null],[110.92716,-0.88718,0.0,null],[110.93034,-0.88269,0.0,null],[110.93213,-0.87857,0.0,null],[110.93249,-0.87487,0.0,null],[110.9309,-0.86916,0.0,null],[110.93094,-0.86719,0.0,null],[110.93207,-0.86385,0.0,null],[110.9341,-0.86049,0.0,null],[110.93856,-0.85589,0.0,null],[110.94054,-0.85485,0.0,null],[110.94628,-0.78666,0.0,null],[110.94442,-0.76345,0.0,null],[110.93684,-0.7697,0.0,null],[110.93324,-0.77355,0.0,null],[110.93115,-0.77941,0.0,null],[110.92972,-0.78108,0.0,null],[110.92813,-0.782,0.0,null],[110.92587,-0.78092,0.0,null],[110.92771,-0.77472,0.0,null],[110.92713,-0.77187,0.0,null],[110.92311,-0.76928,0.0,null],[110.92219,-0.76719,0.0,null],[110.92202,-0.76451,0.0,null],[110.92236,-0.7635,0.0,null],[110.92311,-0.76325,0.0,null],[110.9257,-0.76375,0.0,null],[110.9273,-0.76317,0.0,null],[110.92838,-0.76174,0.0,null],[110.92738,-0.7599,0.0,null],[110.92462,-0.75923,0.0,null],[110.92056,-0.74881,0.0,null],[110.91771,-0.74462,0.0,null]]]}},{"type":"Feature","properties":{"inventoryId":"big-forestry-ha:53","sector":"PBPH","subtype":"IUPHHK-HA","quality":"OFFICIAL","sourceDataset":"big-forestry-ha","sourceRecordId":"53","source":"BIG Kebijakan Satu Peta","sourceUrl":"https://kspservices.big.go.id/satupeta/rest/services/PUBLIK/PERIZINAN_DAN_PERTANAHAN/MapServer/1","retrievedAt":"2026-08-24T04:32:16Z","geometryProcessing":"web display simplification tolerance 0.00035 degrees","name":"PT KARYA DELTA PERMAI","permitNumber":"SK.429/Menhut-II/2004","permitDate":"2004-10-18","areaHa":79400.0,"provinceCode":"62","region":"kalimantan"},"geometry":{"type":"Polygon","coordinates":[[[114.3978,-0.27362,0.0,null],[114.39677,-0.27105,0.0,null],[114.38211,-0.26684,0.0,null],[114.36987,-0.25313,0.0,null],[114.36286,-0.23139,0.0,null],[114.36794,-0.20326,0.0,null],[114.35411,-0.18234,0.0,null],[114.33678,-0.16576,0.0,null],[114.32621,-0.16465,0.0,null],[114.29459,-0.17078,0.0,null],[114.28339,-0.16519,0.0,null],[114.23105,-0.09829,0.0,null],[114.2293,-0.09958,0.0,null],[114.22842,-0.10868,0.0,null],[114.22723,-0.11029,0.0,null],[114.22318,-0.11094,0.0,null],[114.22015,-0.11291,0.0,null],[114.21803,-0.11296,0.0,null],[114.21699,-0.1117,0.0,null],[114.21393,-0.11065,0.0,null],[114.21291,-0.10732,0.0,null],[114.21069,-0.1047,0.0,null],[114.20583,-0.10351,0.0,null],[114.20351,-0.105,0.0,null],[114.20197,-0.10904,0.0,null],[114.20227,-0.11178,0.0,null],[114.20049,-0.11505,0.0,null],[114.19733,-0.11713,0.0,null],[114.19656,-0.11832,0.0,null],[114.19463,-0.1188,0.0,null],[114.19088,-0.12094,0.0,null],[114.18784,-0.12135,0.0,null],[114.18543,-0.12104,0.0,null],[114.18284,-0.11986,0.0,null],[114.17987,-0.11672,0.0,null],[114.17796,-0.11558,0.0,null],[114.17618,-0.11528,0.0,null],[114.17297,-0.11225,0.0,null],[114.17246,-0.10744,0.0,null],[114.17294,-0.10404,0.0,null],[114.17157,-0.10166,0.0,null],[114.17181,-0.10071,0.0,null],[114.17056,-0.09809,0.0,null],[114.16735,-0.09815,0.0,null],[114.16431,-0.10018,0.0,null],[114.16354,-0.1019,0.0,null],[114.16193,-0.10291,0.0,null],[114.16187,-0.10351,0.0,null],[114.15968,-0.10387,0.0,null],[114.15929,-0.10461,0.0,null],[114.15659,-0.10553,0.0,null],[114.15308,-0.10601,0.0,null],[114.15183,-0.10553,0.0,null],[114.15099,-0.10446,0.0,null],[114.14713,-0.1035,0.0,null],[114.1473,-0.10303,0.0,null],[114.14546,-0.1022,0.0,null],[114.1451,-0.10131,0.0,null],[114.14338,-0.10006,0.0,null],[114.14201,-0.09981,0.0,null],[114.14058,-0.10059,0.0,null],[114.13856,-0.10017,0.0,null],[114.12925,-0.10773,0.0,null],[114.12538,-0.10761,0.0,null],[114.123,-0.10839,0.0,null],[114.1167,-0.10779,0.0,null],[114.11402,-0.10832,0.0,null],[114.11349,-0.10928,0.0,null],[114.11235,-0.10964,0.0,null],[114.11001,-0.11374,0.0,null],[114.10727,-0.11707,0.0,null],[114.10495,-0.11707,0.0,null],[114.10358,-0.11802,0.0,null],[114.10257,-0.12213,0.0,null],[114.10013,-0.12689,0.0,null],[114.09775,-0.12837,0.0,null],[114.09005,-0.12932,0.0,null],[114.08575,-0.13031,0.0,null],[114.08488,-0.1313,0.0,null],[114.08439,-0.13724,0.0,null],[114.08586,-0.14282,0.0,null],[114.09051,-0.14368,0.0,null],[114.09115,-0.14442,0.0,null],[114.09272,-0.14467,0.0,null],[114.09543,-0.14689,0.0,null],[114.09863,-0.148,0.0,null],[114.10345,-0.15273,0.0,null],[114.10638,-0.15444,0.0,null],[114.11449,-0.15593,0.0,null],[114.11646,-0.15841,0.0,null],[114.11876,-0.16758,0.0,null],[114.12158,-0.1734,0.0,null],[114.12157,-0.17452,0.0,null],[114.12254,-0.17536,0.0,null],[114.12318,-0.18058,0.0,null],[114.12072,-0.18405,0.0,null],[114.12048,-0.18541,0.0,null],[114.12134,-0.18789,0.0,null],[114.12134,-0.19011,0.0,null],[114.12441,-0.19965,0.0,null],[114.12582,-0.20225,0.0,null],[114.12545,-0.20584,0.0,null],[114.12312,-0.21351,0.0,null],[114.11906,-0.21525,0.0,null],[114.11721,-0.2171,0.0,null],[114.1145,-0.22552,0.0,null],[114.11462,-0.22961,0.0,null],[114.1157,-0.23045,0.0,null],[114.11671,-0.23406,0.0,null],[114.11874,-0.23753,0.0,null],[114.11911,-0.24409,0.0,null],[114.12096,-0.24805,0.0,null],[114.1217,-0.25437,0.0,null],[114.12058,-0.25796,0.0,null],[114.12222,-0.26489,0.0,null],[114.13134,-0.267,0.0,null],[114.14453,-0.28452,0.0,null],[114.15353,-0.29043,0.0,null],[114.18398,-0.29523,0.0,null],[114.19808,-0.29934,0.0,null],[114.21755,-0.30976,0.0,null],[114.2296,-0.31885,0.0,null],[114.23463,-0.3261,0.0,null],[114.23546,-0.33246,0.0,null],[114.23387,-0.33871,0.0,null],[114.22878,-0.34258,0.0,null],[114.20978,-0.34477,0.0,null],[114.18211,-0.3443,0.0,null],[114.17403,-0.35039,0.0,null],[114.1871,-0.37368,0.0,null],[114.19978,-0.38443,0.0,null],[114.21388,-0.39057,0.0,null],[114.23005,-0.38966,0.0,null],[114.24339,-0.3852,0.0,null],[114.25522,-0.37867,0.0,null],[114.25148,-0.37744,0.0,null],[114.26169,-0.37138,0.0,null],[114.27339,-0.36278,0.0,null],[114.28329,-0.35988,0.0,null],[114.26969,-0.35768,0.0,null],[114.26399,-0.35608,0.0,null],[114.25239,-0.35788,0.0,null],[114.24789,-0.35688,0.0,null],[114.24373,-0.35255,0.0,null],[114.24539,-0.34888,0.0,null],[114.24347,-0.34632,0.0,null],[114.24409,-0.34208,0.0,null],[114.25176,-0.3221,0.0,null],[114.25369,-0.31288,0.0,null],[114.24946,-0.2978,0.0,null],[114.24189,-0.28788,0.0,null],[114.24159,-0.28448,0.0,null],[114.23841,-0.28285,0.0,null],[114.23626,-0.2759,0.0,null],[114.23586,-0.2713,0.0,null],[114.23719,-0.26708,0.0,null],[114.23646,-0.2637,0.0,null],[114.23669,-0.25708,0.0,null],[114.23456,-0.2504,0.0,null],[114.23526,-0.2457,0.0,null],[114.23959,-0.23998,0.0,null],[114.24979,-0.22148,0.0,null],[114.25019,-0.21778,0.0,null],[114.25379,-0.21628,0.0,null],[114.25849,-0.21668,0.0,null],[114.26429,-0.21908,0.0,null],[114.26653,-0.2219,0.0,null],[114.26946,-0.2316,0.0,null],[114.27406,-0.241,0.0,null],[114.28085,-0.25738,0.0,null],[114.29119,-0.28718,0.0,null],[114.29446,-0.2949,0.0,null],[114.29939,-0.30368,0.0,null],[114.30036,-0.3065,0.0,null],[114.30589,-0.31408,0.0,null],[114.31399,-0.32268,0.0,null],[114.32109,-0.32858,0.0,null],[114.33154,-0.33597,0.0,null],[114.34199,-0.34588,0.0,null],[114.34859,-0.35638,0.0,null],[114.34969,-0.36388,0.0,null],[114.35187,-0.36705,0.0,null],[114.35276,-0.3705,0.0,null],[114.35336,-0.3752,0.0,null],[114.35261,-0.38026,0.0,null],[114.34756,-0.3858,0.0,null],[114.32849,-0.39188,0.0,null],[114.32529,-0.39308,0.0,null],[114.32279,-0.39498,0.0,null],[114.31399,-0.39238,0.0,null],[114.31119,-0.39088,0.0,null],[114.30619,-0.38468,0.0,null],[114.30429,-0.38078,0.0,null],[114.30256,-0.375,0.0,null],[114.29946,-0.3703,0.0,null],[114.29669,-0.36748,0.0,null],[114.29829,-0.38238,0.0,null],[114.29726,-0.38659,0.0,null],[114.29744,-0.4007,0.0,null],[114.29466,-0.42093,0.0,null],[114.29489,-0.43388,0.0,null],[114.44098,-0.43223,0.0,null],[114.44195,-0.4359,0.0,null],[114.44173,-0.44036,0.0,null],[114.44307,-0.4429,0.0,null],[114.44322,-0.44473,0.0,null],[114.44579,-0.44723,0.0,null],[114.44597,-0.45182,0.0,null],[114.44679,-0.45576,0.0,null],[114.44962,-0.45821,0.0,null],[114.44993,-0.46193,0.0,null],[114.45373,-0.46536,0.0,null],[114.45802,-0.46679,0.0,null],[114.46183,-0.46975,0.0,null],[114.48103,-0.45672,0.0,null],[114.52541,-0.42108,0.0,null],[114.5222,-0.4192,0.0,null],[114.51729,-0.42038,0.0,null],[114.51159,-0.41338,0.0,null],[114.50889,-0.40748,0.0,null],[114.50746,-0.3995,0.0,null],[114.50829,-0.38328,0.0,null],[114.51576,-0.36397,0.0,null],[114.49915,-0.36852,0.0,null],[114.48749,-0.36913,0.0,null],[114.47417,-0.36776,0.0,null],[114.46024,-0.36489,0.0,null],[114.44631,-0.35823,0.0,null],[114.43102,-0.34339,0.0,null],[114.41991,-0.32797,0.0,null],[114.4082,-0.30209,0.0,null],[114.40263,-0.28577,0.0,null],[114.3978,-0.27362,0.0,null]]]}},{"type":"Feature","properties":{"inventoryId":"big-forestry-ha:22","sector":"PBPH","subtype":"IUPHHK-HA","quality":"OFFICIAL","sourceDataset":"big-forestry-ha","sourceRecordId":"22","source":"BIG Kebijakan Satu Peta","sourceUrl":"https://kspservices.big.go.id/satupeta/rest/services/PUBLIK/PERIZINAN_DAN_PERTANAHAN/MapServer/1","retrievedAt":"2026-08-24T04:32:16Z","geometryProcessing":"web display simplification tolerance 0.00035 degrees","name":"PT KARYA JAYA PARAKAWAN","permitNumber":"SK.722/Menhut-II/2010","permitDate":"2010-12-30","areaHa":19440.0,"provinceCode":"65","region":"kalimantan"},"geometry":{"type":"Polygon","coordinates":[[[117.08124,3.98665,0.0,null],[117.08214,3.9874,0.0,null],[117.08147,3.98831,0.0,null],[117.07611,3.98664,0.0,null],[117.07311,3.98706,0.0,null],[117.06821,3.98535,0.0,null],[117.08491,3.85921,0.0,null],[117.08712,3.86026,0.0,null],[117.09033,3.85882,0.0,null],[117.09753,3.85864,0.0,null],[117.10161,3.86376,0.0,null],[117.10554,3.8659,0.0,null],[117.10803,3.8637,0.0,null],[117.10976,3.85995,0.0,null],[117.11345,3.8549,0.0,null],[117.11481,3.85389,0.0,null],[117.116,3.85163,0.0,null],[117.11535,3.8499,0.0,null],[117.11029,3.84883,0.0,null],[117.10794,3.84651,0.0,null],[117.10847,3.84431,0.0,null],[117.11038,3.84187,0.0,null],[117.11038,3.83979,0.0,null],[117.10854,3.83896,0.0,null],[117.1039,3.83979,0.0,null],[117.10259,3.83908,0.0,null],[117.1058,3.83669,0.0,null],[117.1105,3.83557,0.0,null],[117.11294,3.83277,0.0,null],[117.11463,3.82884,0.0,null],[117.1141,3.82717,0.0,null],[117.10654,3.82528,0.0,null],[117.10482,3.82361,0.0,null],[117.10482,3.82283,0.0,null],[117.10907,3.81885,0.0,null],[117.11002,3.81641,0.0,null],[117.10949,3.81409,0.0,null],[117.10735,3.81183,0.0,null],[117.10479,3.81052,0.0,null],[117.10012,3.81093,0.0,null],[117.0992,3.81023,0.0,null],[117.10313,3.80189,0.0,null],[117.10526,3.80285,0.0,null],[117.10586,3.80558,0.0,null],[117.10699,3.80731,0.0,null],[117.10961,3.80868,0.0,null],[117.11425,3.80969,0.0,null],[117.12656,3.80505,0.0,null],[117.13073,3.80451,0.0,null],[117.13197,3.80642,0.0,null],[117.1334,3.81177,0.0,null],[117.13454,3.81379,0.0,null],[117.13974,3.81861,0.0,null],[117.14045,3.82057,0.0,null],[117.14313,3.82372,0.0,null],[117.14426,3.82408,0.0,null],[117.14599,3.82355,0.0,null],[117.14866,3.82034,0.0,null],[117.15033,3.82002,0.0,null],[117.15241,3.82218,0.0,null],[117.15342,3.82664,0.0,null],[117.15473,3.82914,0.0,null],[117.15611,3.83054,0.0,null],[117.15871,3.83069,0.0,null],[117.15978,3.82974,0.0,null],[117.16056,3.82652,0.0,null],[117.16199,3.82361,0.0,null],[117.16327,3.82315,0.0,null],[117.16437,3.82426,0.0,null],[117.1646,3.82539,0.0,null],[117.16389,3.82979,0.0,null],[117.16562,3.83247,0.0,null],[117.16705,3.83328,0.0,null],[117.17269,3.83402,0.0,null],[117.174,3.83378,0.0,null],[117.1762,3.83218,0.0,null],[117.17639,3.83102,0.0,null],[117.1749,3.82765,0.0,null],[117.17264,3.81754,0.0,null],[117.17275,3.81403,0.0,null],[117.17311,3.81338,0.0,null],[117.17418,3.81349,0.0,null],[117.1749,3.81689,0.0,null],[117.1768,3.81885,0.0,null],[117.17977,3.81885,0.0,null],[117.18233,3.81695,0.0,null],[117.18411,3.81385,0.0,null],[117.18352,3.80862,0.0,null],[117.18471,3.80749,0.0,null],[117.18649,3.8085,0.0,null],[117.19274,3.80981,0.0,null],[117.19756,3.81242,0.0,null],[117.19893,3.81486,0.0,null],[117.19791,3.81552,0.0,null],[117.195,3.81492,0.0,null],[117.19108,3.81284,0.0,null],[117.18923,3.81278,0.0,null],[117.18798,3.81344,0.0,null],[117.18727,3.81421,0.0,null],[117.18685,3.81641,0.0,null],[117.18787,3.82028,0.0,null],[117.19066,3.82289,0.0,null],[117.19268,3.82343,0.0,null],[117.19815,3.82307,0.0,null],[117.20078,3.82348,0.0,null],[117.20422,3.82528,0.0,null],[117.20612,3.82729,0.0,null],[117.20506,3.83253,0.0,null],[117.20506,3.83354,0.0,null],[117.20607,3.83485,0.0,null],[117.20982,3.83521,0.0,null],[117.21445,3.8301,0.0,null],[117.21583,3.8249,0.0,null],[117.21648,3.81718,0.0,null],[117.21749,3.81605,0.0,null],[117.22481,3.81926,0.0,null],[117.22873,3.81968,0.0,null],[117.23016,3.81932,0.0,null],[117.23135,3.81784,0.0,null],[117.23183,3.81349,0.0,null],[117.23218,3.81356,0.0,null],[117.23438,3.82069,0.0,null],[117.23849,3.82456,0.0,null],[117.24306,3.82563,0.0,null],[117.24449,3.82509,0.0,null],[117.24548,3.82361,0.0,null],[117.24723,3.8151,0.0,null],[117.24881,3.81367,0.0,null],[117.25095,3.81557,0.0,null],[117.25362,3.82028,0.0,null],[117.25381,3.82384,0.0,null],[117.25333,3.82527,0.0,null],[117.25,3.83003,0.0,null],[117.24982,3.83128,0.0,null],[117.25014,3.83247,0.0,null],[117.25223,3.83432,0.0,null],[117.25645,3.83449,0.0,null],[117.26038,3.83551,0.0,null],[117.26299,3.83521,0.0,null],[117.26841,3.82991,0.0,null],[117.27352,3.8214,0.0,null],[117.27448,3.82039,0.0,null],[117.27525,3.8204,0.0,null],[117.27602,3.82058,0.0,null],[117.27751,3.82391,0.0,null],[117.27448,3.82938,0.0,null],[117.27406,3.832,0.0,null],[117.27584,3.83426,0.0,null],[117.27769,3.83533,0.0,null],[117.27989,3.83616,0.0,null],[117.28405,3.83616,0.0,null],[117.28584,3.83562,0.0,null],[117.29036,3.83253,0.0,null],[117.29333,3.8273,0.0,null],[117.29547,3.82504,0.0,null],[117.29702,3.82563,0.0,null],[117.30184,3.83253,0.0,null],[117.30303,3.83318,0.0,null],[117.30487,3.83325,0.0,null],[117.30648,3.83206,0.0,null],[117.30714,3.82973,0.0,null],[117.31124,3.82159,0.0,null],[117.31609,3.8157,0.0,null],[117.32198,3.81248,0.0,null],[117.32638,3.80261,0.0,null],[117.32915,3.7988,0.0,null],[117.33009,3.79839,0.0,null],[117.33081,3.79833,0.0,null],[117.33789,3.80368,0.0,null],[117.33771,3.80499,0.0,null],[117.33551,3.80725,0.0,null],[117.33307,3.81153,0.0,null],[117.33075,3.8179,0.0,null],[117.33051,3.81992,0.0,null],[117.33102,3.8239,0.0,null],[117.33316,3.8267,0.0,null],[117.33601,3.82855,0.0,null],[117.33863,3.82949,0.0,null],[117.34209,3.82986,0.0,null],[117.34934,3.82914,0.0,null],[117.3563,3.82599,0.0,null],[117.37186,3.81599,0.0,null],[117.37868,3.81392,0.0,null],[117.38474,3.811,0.0,null],[117.38771,3.81028,0.0,null],[117.39056,3.81177,0.0,null],[117.39086,3.81302,0.0,null],[117.38979,3.81885,0.0,null],[117.38812,3.82254,0.0,null],[117.38925,3.82593,0.0,null],[117.39033,3.82736,0.0,null],[117.39117,3.82763,0.0,null],[117.3936,3.82694,0.0,null],[117.398,3.82319,0.0,null],[117.3999,3.81802,0.0,null],[117.40089,3.80921,0.0,null],[117.40302,3.80154,0.0,null],[117.406,3.79761,0.0,null],[117.40862,3.79624,0.0,null],[117.41558,3.79357,0.0,null],[117.42081,3.79297,0.0,null],[117.42346,3.79393,0.0,null],[117.42857,3.78893,0.0,null],[117.43048,3.78786,0.0,null],[117.43232,3.7878,0.0,null],[117.43363,3.78839,0.0,null],[117.43857,3.79113,0.0,null],[117.44035,3.7928,0.0,null],[117.44267,3.79274,0.0,null],[117.4444,3.79035,0.0,null],[117.44601,3.78226,0.0,null],[117.44756,3.78058,0.0,null],[117.45761,3.78458,0.0,null],[117.46463,3.78994,0.0,null],[117.46773,3.7897,0.0,null],[117.47011,3.7869,0.0,null],[117.47028,3.78447,0.0,null],[117.46927,3.78179,0.0,null],[117.46303,3.77536,0.0,null],[117.46278,3.77374,0.0,null],[117.46445,3.77143,0.0,null],[117.47254,3.76525,0.0,null],[117.47665,3.75996,0.0,null],[117.47813,3.75907,0.0,null],[117.48032,3.76351,0.0,null],[117.48362,3.7672,0.0,null],[117.49213,3.77362,0.0,null],[117.49474,3.775,0.0,null],[117.49766,3.77589,0.0,null],[117.49969,3.77547,0.0,null],[117.50022,3.77428,0.0,null],[117.49972,3.76744,0.0,null],[117.50138,3.76631,0.0,null],[117.50542,3.76708,0.0,null],[117.51058,3.77093,0.0,null],[117.49047,3.84207,0.0,null],[117.53839,3.86446,0.0,null],[117.44411,3.88794,0.0,null],[117.39852,3.89775,0.0,null],[117.38396,3.90906,0.0,null],[117.36396,3.93793,0.0,null],[117.36002,3.93399,0.0,null],[117.35116,3.93036,0.0,null],[117.34328,3.93054,0.0,null],[117.32837,3.9347,0.0,null],[117.32928,3.84855,0.0,null],[117.14069,3.84784,0.0,null],[117.13943,3.93232,0.0,null],[117.13936,3.93277,0.0,null],[117.13601,3.93371,0.0,null],[117.1333,3.93548,0.0,null],[117.12995,3.94105,0.0,null],[117.12785,3.95483,0.0,null],[117.12553,3.96528,0.0,null],[117.12517,3.96968,0.0,null],[117.12271,3.97334,0.0,null],[117.12127,3.97334,0.0,null],[117.12039,3.97193,0.0,null],[117.11563,3.95581,0.0,null],[117.11281,3.94831,0.0,null],[117.11079,3.94559,0.0,null],[117.11051,3.93558,0.0,null],[117.10915,3.93188,0.0,null],[117.10136,3.92439,0.0,null],[117.09909,3.92325,0.0,null],[117.09685,3.92337,0.0,null],[117.09549,3.92431,0.0,null],[117.09473,3.92613,0.0,null],[117.09486,3.94427,0.0,null],[117.09372,3.94898,0.0,null],[117.09388,3.9523,0.0,null],[117.09572,3.95605,0.0,null],[117.10136,3.96085,0.0,null],[117.10676,3.96812,0.0,null],[117.10519,3.96851,0.0,null],[117.09948,3.96823,0.0,null],[117.09674,3.96895,0.0,null],[117.09404,3.97106,0.0,null],[117.08933,3.9766,0.0,null],[117.08679,3.97834,0.0,null],[117.07524,3.97229,0.0,null],[117.07126,3.97203,0.0,null],[117.07153,3.97496,0.0,null],[117.07239,3.97681,0.0,null],[117.08124,3.98665,0.0,null]]]}},{"type":"Feature","properties":{"inventoryId":"big-forestry-ha:154","sector":"PBPH","subtype":"IUPHHK-HA","quality":"OFFICIAL","sourceDataset":"big-forestry-ha","sourceRecordId":"154","source":"BIG Kebijakan Satu Peta","sourceUrl":"https://kspservices.big.go.id/satupeta/rest/services/PUBLIK/PERIZINAN_DAN_PERTANAHAN/MapServer/1","retrievedAt":"2026-08-24T04:32:16Z","geometryProcessing":"web display simplification tolerance 0.00035 degrees","name":"PT KARYA LESTARI","permitNumber":"SK.846/Kpts-VI/1999","permitDate":"1999-10-08","areaHa":49123.0,"provinceCode":"64","region":"kalimantan"},"geometry":{"type":"Polygon","coordinates":[[[116.92028,1.75712,0.0,null],[116.91912,1.75762,0.0,null],[116.91831,1.75569,0.0,null],[116.91757,1.75523,0.0,null],[116.91714,1.75686,0.0,null],[116.91871,1.76009,0.0,null],[116.91778,1.7626,0.0,null],[116.91613,1.76317,0.0,null],[116.91473,1.76467,0.0,null],[116.9137,1.76353,0.0,null],[116.91238,1.76358,0.0,null],[116.91115,1.76419,0.0,null],[116.91059,1.76556,0.0,null],[116.90775,1.76459,0.0,null],[116.90715,1.76591,0.0,null],[116.90753,1.7678,0.0,null],[116.90707,1.7681,0.0,null],[116.9057,1.76732,0.0,null],[116.90452,1.76482,0.0,null],[116.90519,1.76184,0.0,null],[116.90455,1.76103,0.0,null],[116.90232,1.76403,0.0,null],[116.90053,1.76465,0.0,null],[116.89948,1.76262,0.0,null],[116.89951,1.76053,0.0,null],[116.89814,1.76007,0.0,null],[116.89618,1.76029,0.0,null],[116.89095,1.76578,0.0,null],[116.88865,1.76555,0.0,null],[116.88796,1.76761,0.0,null],[116.88542,1.76838,0.0,null],[116.88456,1.76818,0.0,null],[116.88361,1.7667,0.0,null],[116.88195,1.76816,0.0,null],[116.88166,1.7659,0.0,null],[116.87768,1.76801,0.0,null],[116.87766,1.76655,0.0,null],[116.87633,1.76599,0.0,null],[116.87556,1.76433,0.0,null],[116.87473,1.76435,0.0,null],[116.87417,1.76597,0.0,null],[116.87333,1.7661,0.0,null],[116.87311,1.76425,0.0,null],[116.87203,1.76375,0.0,null],[116.87133,1.7618,0.0,null],[116.86879,1.7622,0.0,null],[116.86826,1.76342,0.0,null],[116.87091,1.76524,0.0,null],[116.86947,1.76588,0.0,null],[116.86935,1.76712,0.0,null],[116.86832,1.76812,0.0,null],[116.86839,1.76925,0.0,null],[116.86708,1.77025,0.0,null],[116.867,1.77089,0.0,null],[116.86782,1.77213,0.0,null],[116.87012,1.77176,0.0,null],[116.87042,1.77325,0.0,null],[116.86962,1.77416,0.0,null],[116.86866,1.77425,0.0,null],[116.86687,1.77298,0.0,null],[116.86453,1.77262,0.0,null],[116.86368,1.77764,0.0,null],[116.86419,1.77976,0.0,null],[116.86268,1.77945,0.0,null],[116.85965,1.78091,0.0,null],[116.85898,1.78192,0.0,null],[116.85758,1.78192,0.0,null],[116.85743,1.78305,0.0,null],[116.85846,1.78416,0.0,null],[116.85786,1.78513,0.0,null],[116.85048,1.78261,0.0,null],[116.8494,1.78305,0.0,null],[116.84902,1.78392,0.0,null],[116.84316,1.7851,0.0,null],[116.84235,1.78593,0.0,null],[116.84236,1.7876,0.0,null],[116.84151,1.7887,0.0,null],[116.84147,1.78605,0.0,null],[116.8406,1.78525,0.0,null],[116.83977,1.78572,0.0,null],[116.8384,1.78823,0.0,null],[116.83756,1.78817,0.0,null],[116.83667,1.78542,0.0,null],[116.83801,1.78362,0.0,null],[116.83589,1.78324,0.0,null],[116.83356,1.78409,0.0,null],[116.83457,1.78566,0.0,null],[116.834,1.78622,0.0,null],[116.8331,1.78655,0.0,null],[116.83077,1.78564,0.0,null],[116.82966,1.78698,0.0,null],[116.82758,1.78731,0.0,null],[116.82752,1.7898,0.0,null],[116.82589,1.7883,0.0,null],[116.8242,1.78776,0.0,null],[116.8236,1.78981,0.0,null],[116.82174,1.7915,0.0,null],[116.82084,1.7893,0.0,null],[116.81898,1.78917,0.0,null],[116.81497,1.78606,0.0,null],[116.81298,1.78571,0.0,null],[116.81246,1.78331,0.0,null],[116.8107,1.78099,0.0,null],[116.80874,1.77995,0.0,null],[116.8086,1.78137,0.0,null],[116.81025,1.78374,0.0,null],[116.80959,1.78427,0.0,null],[116.80838,1.78388,0.0,null],[116.80861,1.78673,0.0,null],[116.80915,1.78706,0.0,null],[116.81014,1.78653,0.0,null],[116.81053,1.78703,0.0,null],[116.80832,1.78864,0.0,null],[116.80884,1.79061,0.0,null],[116.80803,1.79059,0.0,null],[116.8063,1.78613,0.0,null],[116.80146,1.78735,0.0,null],[116.79877,1.78564,0.0,null],[116.79972,1.7882,0.0,null],[116.79709,1.7885,0.0,null],[116.79553,1.78974,0.0,null],[116.79602,1.79066,0.0,null],[116.79916,1.79006,0.0,null],[116.79805,1.79121,0.0,null],[116.79625,1.79187,0.0,null],[116.79595,1.795,0.0,null],[116.79519,1.7952,0.0,null],[116.79465,1.79315,0.0,null],[116.7937,1.79277,0.0,null],[116.79153,1.79579,0.0,null],[116.79153,1.79633,0.0,null],[116.79422,1.79892,0.0,null],[116.79381,1.80138,0.0,null],[116.79291,1.80129,0.0,null],[116.79229,1.7999,0.0,null],[116.79049,1.79973,0.0,null],[116.78929,1.802,0.0,null],[116.78835,1.79938,0.0,null],[116.78619,1.79956,0.0,null],[116.78434,1.79894,0.0,null],[116.78276,1.80056,0.0,null],[116.77883,1.79988,0.0,null],[116.77533,1.80105,0.0,null],[116.77383,1.79973,0.0,null],[116.77472,1.79812,0.0,null],[116.77456,1.79709,0.0,null],[116.77156,1.79668,0.0,null],[116.77048,1.79737,0.0,null],[116.76754,1.79591,0.0,null],[116.76782,1.7953,0.0,null],[116.76997,1.7948,0.0,null],[116.77009,1.7927,0.0,null],[116.769,1.79258,0.0,null],[116.76642,1.79396,0.0,null],[116.76516,1.79322,0.0,null],[116.76497,1.79236,0.0,null],[116.7663,1.79029,0.0,null],[116.76542,1.7885,0.0,null],[116.76464,1.78862,0.0,null],[116.76442,1.78992,0.0,null],[116.76302,1.7904,0.0,null],[116.75937,1.79107,0.0,null],[116.75807,1.7906,0.0,null],[116.75814,1.78999,0.0,null],[116.76125,1.78781,0.0,null],[116.76191,1.78525,0.0,null],[116.76151,1.7844,0.0,null],[116.75989,1.78505,0.0,null],[116.75965,1.78391,0.0,null],[116.76037,1.78273,0.0,null],[116.75924,1.78127,0.0,null],[116.75536,1.78171,0.0,null],[116.75378,1.78262,0.0,null],[116.75154,1.78172,0.0,null],[116.7519,1.78306,0.0,null],[116.75114,1.78445,0.0,null],[116.74872,1.78137,0.0,null],[116.74232,1.78084,0.0,null],[116.72791,1.77254,0.0,null],[116.70267,1.74658,0.0,null],[116.698,1.741,0.0,null],[116.68892,1.73439,0.0,null],[116.68508,1.73237,0.0,null],[116.6796,1.72769,0.0,null],[116.67966,1.72006,0.0,null],[116.67351,1.71246,0.0,null],[116.66915,1.69788,0.0,null],[116.66871,1.69479,0.0,null],[116.6711,1.68584,0.0,null],[116.6705,1.6775,0.0,null],[116.66852,1.67574,0.0,null],[116.72701,1.65823,0.0,null],[116.8002,1.63283,0.0,null],[116.95567,1.58536,0.0,null],[116.95618,1.60438,0.0,null],[116.93655,1.61027,0.0,null],[116.93566,1.6099,0.0,null],[116.93449,1.60805,0.0,null],[116.9321,1.60795,0.0,null],[116.92957,1.60641,0.0,null],[116.9287,1.60635,0.0,null],[116.92694,1.60778,0.0,null],[116.91754,1.63596,0.0,null],[116.91847,1.63711,0.0,null],[116.92138,1.63871,0.0,null],[116.92131,1.64073,0.0,null],[116.91868,1.64519,0.0,null],[116.92087,1.64675,0.0,null],[116.92128,1.64471,0.0,null],[116.923,1.64395,0.0,null],[116.92468,1.64532,0.0,null],[116.92651,1.64579,0.0,null],[116.92703,1.64718,0.0,null],[116.92864,1.64798,0.0,null],[116.92934,1.64914,0.0,null],[116.92908,1.64991,0.0,null],[116.92713,1.65069,0.0,null],[116.92778,1.65414,0.0,null],[116.93002,1.65456,0.0,null],[116.93219,1.65612,0.0,null],[116.93353,1.65642,0.0,null],[116.93443,1.65746,0.0,null],[116.93353,1.70254,0.0,null],[116.94665,1.70783,0.0,null],[116.98074,1.70766,0.0,null],[116.9819,1.70888,0.0,null],[116.98161,1.71013,0.0,null],[116.98336,1.71069,0.0,null],[116.98406,1.71152,0.0,null],[116.98407,1.71377,0.0,null],[116.98326,1.71478,0.0,null],[116.98377,1.71554,0.0,null],[116.98347,1.71746,0.0,null],[116.98477,1.71979,0.0,null],[116.98547,1.72013,0.0,null],[116.98546,1.7213,0.0,null],[116.98888,1.72504,0.0,null],[116.98973,1.73305,0.0,null],[116.99062,1.73422,0.0,null],[116.99104,1.73265,0.0,null],[116.99185,1.73272,0.0,null],[116.99448,1.73636,0.0,null],[116.99571,1.73724,0.0,null],[116.99353,1.73837,0.0,null],[116.99371,1.74247,0.0,null],[116.99509,1.74337,0.0,null],[116.99436,1.74597,0.0,null],[116.9959,1.74669,0.0,null],[116.99591,1.74777,0.0,null],[116.9954,1.74881,0.0,null],[116.9916,1.74914,0.0,null],[116.9902,1.74851,0.0,null],[116.98857,1.74917,0.0,null],[116.98785,1.75086,0.0,null],[116.99069,1.75236,0.0,null],[116.99109,1.7533,0.0,null],[116.98788,1.75411,0.0,null],[116.98528,1.75588,0.0,null],[116.98428,1.75554,0.0,null],[116.98434,1.7509,0.0,null],[116.98138,1.75117,0.0,null],[116.9809,1.75242,0.0,null],[116.98203,1.75477,0.0,null],[116.98213,1.75626,0.0,null],[116.97873,1.75587,0.0,null],[116.97625,1.75367,0.0,null],[116.97438,1.75638,0.0,null],[116.97202,1.75621,0.0,null],[116.9687,1.75913,0.0,null],[116.96667,1.75648,0.0,null],[116.96706,1.75399,0.0,null],[116.96639,1.75342,0.0,null],[116.96177,1.75657,0.0,null],[116.96038,1.75673,0.0,null],[116.95997,1.75849,0.0,null],[116.9576,1.75662,0.0,null],[116.95455,1.75523,0.0,null],[116.95379,1.75534,0.0,null],[116.95253,1.7568,0.0,null],[116.95142,1.75529,0.0,null],[116.94851,1.75319,0.0,null],[116.94741,1.75428,0.0,null],[116.94376,1.75436,0.0,null],[116.94213,1.7554,0.0,null],[116.93807,1.75454,0.0,null],[116.93514,1.75611,0.0,null],[116.93095,1.75459,0.0,null],[116.91872,1.75245,0.0,null],[116.91816,1.75308,0.0,null],[116.91825,1.75465,0.0,null],[116.92016,1.75621,0.0,null],[116.92028,1.75712,0.0,null]]]}},{"type":"Feature","properties":{"inventoryId":"big-forestry-ha:125","sector":"PBPH","subtype":"IUPHHK-HA","quality":"OFFICIAL","sourceDataset":"big-forestry-ha","sourceRecordId":"125","source":"BIG Kebijakan Satu Peta","sourceUrl":"https://kspservices.big.go.id/satupeta/rest/services/PUBLIK/PERIZINAN_DAN_PERTANAHAN/MapServer/1","retrievedAt":"2026-08-24T04:32:16Z","geometryProcessing":"web display simplification tolerance 0.00035 degrees","name":"PT KARYA REKANAN BINABERSAMA","permitNumber":"SK.263/Menhut-II/2004","permitDate":"2004-07-21","areaHa":43810.0,"provinceCode":"61","region":"kalimantan"},"geometry":{"type":"Polygon","coordinates":[[[112.25764,0.22333,0.0,null],[112.25427,0.22669,0.0,null],[112.25492,0.22402,0.0,null],[112.254,0.22328,0.0,null],[112.25116,0.22381,0.0,null],[112.24989,0.22603,0.0,null],[112.24896,0.22629,0.0,null],[112.24789,0.22566,0.0,null],[112.25024,0.22268,0.0,null],[112.25039,0.22175,0.0,null],[112.2497,0.22124,0.0,null],[112.24824,0.22141,0.0,null],[112.24552,0.22292,0.0,null],[112.24385,0.22222,0.0,null],[112.24191,0.22339,0.0,null],[112.24012,0.22084,0.0,null],[112.2378,0.21951,0.0,null],[112.23584,0.21992,0.0,null],[112.23541,0.22111,0.0,null],[112.23325,0.22091,0.0,null],[112.23079,0.21852,0.0,null],[112.23189,0.21563,0.0,null],[112.23083,0.21038,0.0,null],[112.2258,0.20929,0.0,null],[112.22296,0.20794,0.0,null],[112.21739,0.20814,0.0,null],[112.2138,0.20902,0.0,null],[112.21317,0.20965,0.0,null],[112.21301,0.21103,0.0,null],[112.21395,0.21431,0.0,null],[112.213,0.21479,0.0,null],[112.21158,0.2129,0.0,null],[112.21017,0.21219,0.0,null],[112.21166,0.21045,0.0,null],[112.2116,0.20987,0.0,null],[112.20906,0.20914,0.0,null],[112.20813,0.20752,0.0,null],[112.20833,0.20669,0.0,null],[112.2095,0.20589,0.0,null],[112.21164,0.20573,0.0,null],[112.21269,0.19994,0.0,null],[112.21129,0.19994,0.0,null],[112.21026,0.199,0.0,null],[112.2085,0.20004,0.0,null],[112.20405,0.198,0.0,null],[112.2016,0.19847,0.0,null],[112.20002,0.19615,0.0,null],[112.19681,0.19363,0.0,null],[112.19593,0.19037,0.0,null],[112.19433,0.18795,0.0,null],[112.19292,0.18801,0.0,null],[112.19189,0.19219,0.0,null],[112.19064,0.19253,0.0,null],[112.18926,0.18865,0.0,null],[112.18593,0.18604,0.0,null],[112.18084,0.1848,0.0,null],[112.17744,0.18874,0.0,null],[112.16572,0.18124,0.0,null],[112.16987,0.1751,0.0,null],[112.17394,0.16716,0.0,null],[112.17517,0.16319,0.0,null],[112.17592,0.1579,0.0,null],[112.17545,0.15365,0.0,null],[112.17422,0.15144,0.0,null],[112.1642,0.14495,0.0,null],[112.15617,0.1424,0.0,null],[112.14628,0.14044,0.0,null],[112.12358,0.14194,0.0,null],[112.09883,0.14239,0.0,null],[112.08238,0.14054,0.0,null],[112.07368,0.13174,0.0,null],[112.03478,0.08934,0.0,null],[112.03504,0.08886,0.0,null],[112.03763,0.08944,0.0,null],[112.04671,0.08969,0.0,null],[112.05796,0.08788,0.0,null],[112.0704,0.09263,0.0,null],[112.08463,0.10348,0.0,null],[112.09137,0.10585,0.0,null],[112.09763,0.09603,0.0,null],[112.10121,0.08541,0.0,null],[112.10679,0.0781,0.0,null],[112.10921,0.07678,0.0,null],[112.12698,0.07716,0.0,null],[112.13575,0.07535,0.0,null],[112.13964,0.06899,0.0,null],[112.1369,0.06231,0.0,null],[112.13466,0.05959,0.0,null],[112.13223,0.05875,0.0,null],[112.12131,0.05729,0.0,null],[112.11058,0.05281,0.0,null],[112.10613,0.05212,0.0,null],[112.10059,0.05362,0.0,null],[112.07244,0.06545,0.0,null],[112.05565,0.04984,0.0,null],[112.06161,0.03442,0.0,null],[112.08863,0.00671,0.0,null],[112.09838,-0.00107,0.0,null],[112.10356,-0.00013,0.0,null],[112.1059,-0.00064,0.0,null],[112.10667,-0.00141,0.0,null],[112.10739,-0.00046,0.0,null],[112.11335,0.00239,0.0,null],[112.11034,0.00485,0.0,null],[112.10905,0.00784,0.0,null],[112.10838,0.00782,0.0,null],[112.10684,0.00458,0.0,null],[112.10592,0.00459,0.0,null],[112.10581,0.00539,0.0,null],[112.10831,0.01061,0.0,null],[112.11081,0.01325,0.0,null],[112.10704,0.01531,0.0,null],[112.10401,0.01502,0.0,null],[112.10485,0.01714,0.0,null],[112.10825,0.02048,0.0,null],[112.10876,0.02234,0.0,null],[112.11,0.02301,0.0,null],[112.10707,0.02393,0.0,null],[112.10673,0.02471,0.0,null],[112.11185,0.02494,0.0,null],[112.11383,0.02646,0.0,null],[112.11179,0.02938,0.0,null],[112.11291,0.03259,0.0,null],[112.11822,0.03362,0.0,null],[112.12038,0.032,0.0,null],[112.12305,0.03117,0.0,null],[112.12908,0.03603,0.0,null],[112.13025,0.03784,0.0,null],[112.1325,0.03791,0.0,null],[112.13397,0.03762,0.0,null],[112.13484,0.03659,0.0,null],[112.13536,0.03542,0.0,null],[112.13489,0.03382,0.0,null],[112.13521,0.03331,0.0,null],[112.13911,0.03211,0.0,null],[112.14066,0.0336,0.0,null],[112.14019,0.03789,0.0,null],[112.14388,0.03806,0.0,null],[112.14734,0.0361,0.0,null],[112.14877,0.03897,0.0,null],[112.14843,0.04022,0.0,null],[112.14912,0.04034,0.0,null],[112.15027,0.03938,0.0,null],[112.14974,0.0366,0.0,null],[112.15224,0.03545,0.0,null],[112.15651,0.03486,0.0,null],[112.16111,0.03748,0.0,null],[112.16392,0.03717,0.0,null],[112.16673,0.03571,0.0,null],[112.16911,0.03646,0.0,null],[112.17513,0.03653,0.0,null],[112.17693,0.03709,0.0,null],[112.17824,0.03306,0.0,null],[112.17875,0.03285,0.0,null],[112.18074,0.03646,0.0,null],[112.18049,0.038,0.0,null],[112.18305,0.03992,0.0,null],[112.18259,0.04044,0.0,null],[112.17963,0.04005,0.0,null],[112.17906,0.04076,0.0,null],[112.17963,0.0429,0.0,null],[112.18113,0.04493,0.0,null],[112.18109,0.04636,0.0,null],[112.18291,0.04607,0.0,null],[112.18356,0.04687,0.0,null],[112.18287,0.04849,0.0,null],[112.18369,0.04939,0.0,null],[112.18139,0.05286,0.0,null],[112.18144,0.05447,0.0,null],[112.18352,0.05788,0.0,null],[112.19012,0.06117,0.0,null],[112.19602,0.06273,0.0,null],[112.20675,0.06363,0.0,null],[112.2184,0.0629,0.0,null],[112.22229,0.06389,0.0,null],[112.22426,0.06567,0.0,null],[112.22547,0.06787,0.0,null],[112.22582,0.0708,0.0,null],[112.22422,0.07831,0.0,null],[112.22215,0.08229,0.0,null],[112.21869,0.08643,0.0,null],[112.21319,0.09105,0.0,null],[112.19815,0.10037,0.0,null],[112.19634,0.10213,0.0,null],[112.19416,0.10716,0.0,null],[112.19468,0.11796,0.0,null],[112.20036,0.13961,0.0,null],[112.20336,0.14207,0.0,null],[112.20964,0.14543,0.0,null],[112.21664,0.14807,0.0,null],[112.22957,0.14705,0.0,null],[112.23368,0.14794,0.0,null],[112.23962,0.15041,0.0,null],[112.24201,0.15065,0.0,null],[112.24434,0.14992,0.0,null],[112.24802,0.14712,0.0,null],[112.24969,0.14485,0.0,null],[112.25126,0.13482,0.0,null],[112.25421,0.128,0.0,null],[112.25656,0.12564,0.0,null],[112.26243,0.12146,0.0,null],[112.27126,0.11705,0.0,null],[112.27678,0.11514,0.0,null],[112.28614,0.11404,0.0,null],[112.3002,0.11107,0.0,null],[112.30806,0.11008,0.0,null],[112.30999,0.10921,0.0,null],[112.32213,0.10895,0.0,null],[112.32955,0.10731,0.0,null],[112.33837,0.10652,0.0,null],[112.34302,0.10672,0.0,null],[112.34485,0.10781,0.0,null],[112.34554,0.10928,0.0,null],[112.3459,0.11293,0.0,null],[112.34239,0.12184,0.0,null],[112.34188,0.12402,0.0,null],[112.34245,0.12729,0.0,null],[112.34544,0.12979,0.0,null],[112.35123,0.13125,0.0,null],[112.35647,0.13108,0.0,null],[112.36078,0.12992,0.0,null],[112.37229,0.12482,0.0,null],[112.37472,0.12331,0.0,null],[112.37863,0.11916,0.0,null],[112.38187,0.11325,0.0,null],[112.38699,0.09594,0.0,null],[112.39037,0.09105,0.0,null],[112.39322,0.08853,0.0,null],[112.39806,0.08582,0.0,null],[112.41283,0.07962,0.0,null],[112.42267,0.07683,0.0,null],[112.43838,0.07391,0.0,null],[112.44657,0.07027,0.0,null],[112.45337,0.06598,0.0,null],[112.45949,0.0636,0.0,null],[112.46171,0.07528,0.0,null],[112.46671,0.08556,0.0,null],[112.47428,0.09641,0.0,null],[112.48754,0.10973,0.0,null],[112.48731,0.11259,0.0,null],[112.48921,0.11788,0.0,null],[112.48921,0.12026,0.0,null],[112.48695,0.12181,0.0,null],[112.48118,0.12234,0.0,null],[112.47672,0.12407,0.0,null],[112.47226,0.1271,0.0,null],[112.47154,0.12823,0.0,null],[112.46393,0.13121,0.0,null],[112.46066,0.13585,0.0,null],[112.45316,0.13686,0.0,null],[112.44965,0.13864,0.0,null],[112.44697,0.13888,0.0,null],[112.44019,0.14191,0.0,null],[112.43853,0.14298,0.0,null],[112.4374,0.14584,0.0,null],[112.43638,0.14679,0.0,null],[112.43305,0.14852,0.0,null],[112.4321,0.15072,0.0,null],[112.42847,0.15054,0.0,null],[112.42705,0.15256,0.0,null],[112.42508,0.15363,0.0,null],[112.4249,0.1556,0.0,null],[112.42431,0.15601,0.0,null],[112.42306,0.15589,0.0,null],[112.41937,0.15708,0.0,null],[112.41664,0.15922,0.0,null],[112.41396,0.15881,0.0,null],[112.41271,0.15988,0.0,null],[112.41116,0.15988,0.0,null],[112.40997,0.16065,0.0,null],[112.4095,0.16273,0.0,null],[112.40855,0.16363,0.0,null],[112.40295,0.16458,0.0,null],[112.40087,0.16577,0.0,null],[112.39962,0.16535,0.0,null],[112.39818,0.16255,0.0,null],[112.35912,0.18313,0.0,null],[112.34748,0.18084,0.0,null],[112.32542,0.19726,0.0,null],[112.32154,0.2074,0.0,null],[112.3173,0.20575,0.0,null],[112.31576,0.209,0.0,null],[112.3143,0.21014,0.0,null],[112.31312,0.21025,0.0,null],[112.31043,0.20682,0.0,null],[112.30502,0.20652,0.0,null],[112.29966,0.20785,0.0,null],[112.29546,0.20499,0.0,null],[112.29317,0.20539,0.0,null],[112.2915,0.20695,0.0,null],[112.29041,0.21053,0.0,null],[112.28736,0.21164,0.0,null],[112.27813,0.21845,0.0,null],[112.27583,0.22194,0.0,null],[112.27573,0.22515,0.0,null],[112.26899,0.22377,0.0,null],[112.26763,0.22425,0.0,null],[112.26652,0.22616,0.0,null],[112.26447,0.22666,0.0,null],[112.26209,0.2239,0.0,null],[112.25899,0.22299,0.0,null],[112.25764,0.22333,0.0,null]]]}},{"type":"Feature","properties":{"inventoryId":"big-forestry-ha:27","sector":"PBPH","subtype":"IUPHHK-HA","quality":"OFFICIAL","sourceDataset":"big-forestry-ha","sourceRecordId":"27","source":"BIG Kebijakan Satu Peta","sourceUrl":"https://kspservices.big.go.id/satupeta/rest/services/PUBLIK/PERIZINAN_DAN_PERTANAHAN/MapServer/1","retrievedAt":"2026-08-24T04:32:16Z","geometryProcessing":"web display simplification tolerance 0.00035 degrees","name":"PT KARYA WIJAYA SUKSES","permitNumber":"SK.192/Menhut-II/2006","permitDate":"2006-05-24","areaHa":22320.0,"provinceCode":"64","region":"kalimantan"},"geometry":{"type":"Polygon","coordinates":[[[114.8653,0.86594,0.0,null],[114.86311,0.86737,0.0,null],[114.86302,0.8687,0.0,null],[114.80727,0.87806,0.0,null],[114.71418,0.76915,0.0,null],[114.69927,0.77216,0.0,null],[114.68098,0.74883,0.0,null],[114.68177,0.73606,0.0,null],[114.686,0.71942,0.0,null],[114.7018,0.72396,0.0,null],[114.73455,0.7239,0.0,null],[114.73866,0.72281,0.0,null],[114.74201,0.72284,0.0,null],[114.75182,0.7199,0.0,null],[114.75668,0.71934,0.0,null],[114.77311,0.71969,0.0,null],[114.78709,0.72251,0.0,null],[114.80848,0.73316,0.0,null],[114.82955,0.75117,0.0,null],[114.84977,0.76386,0.0,null],[114.85818,0.76794,0.0,null],[114.86486,0.76976,0.0,null],[114.86472,0.77173,0.0,null],[114.86198,0.77479,0.0,null],[114.86171,0.77837,0.0,null],[114.86243,0.78184,0.0,null],[114.86071,0.78743,0.0,null],[114.86202,0.79045,0.0,null],[114.86191,0.79371,0.0,null],[114.86275,0.79443,0.0,null],[114.86238,0.79588,0.0,null],[114.86106,0.79697,0.0,null],[114.86094,0.79926,0.0,null],[114.86022,0.80022,0.0,null],[114.85854,0.80046,0.0,null],[114.85457,0.79969,0.0,null],[114.85326,0.80034,0.0,null],[114.85219,0.80227,0.0,null],[114.85282,0.80702,0.0,null],[114.85484,0.80682,0.0,null],[114.85545,0.80845,0.0,null],[114.85659,0.80811,0.0,null],[114.85747,0.8098,0.0,null],[114.85767,0.81116,0.0,null],[114.85706,0.81184,0.0,null],[114.8568,0.81367,0.0,null],[114.85747,0.81441,0.0,null],[114.85545,0.81821,0.0,null],[114.85545,0.82025,0.0,null],[114.8547,0.82126,0.0,null],[114.85349,0.82153,0.0,null],[114.85005,0.82689,0.0,null],[114.85072,0.82899,0.0,null],[114.85065,0.83109,0.0,null],[114.84876,0.83706,0.0,null],[114.8489,0.83794,0.0,null],[114.85281,0.84133,0.0,null],[114.85307,0.84215,0.0,null],[114.85388,0.84181,0.0,null],[114.85644,0.84303,0.0,null],[114.85651,0.84432,0.0,null],[114.86337,0.84615,0.0,null],[114.8629,0.84954,0.0,null],[114.86189,0.85009,0.0,null],[114.86337,0.85239,0.0,null],[114.86506,0.85233,0.0,null],[114.86513,0.85287,0.0,null],[114.86317,0.8549,0.0,null],[114.86337,0.85565,0.0,null],[114.86472,0.85612,0.0,null],[114.86411,0.85917,0.0,null],[114.86443,0.86103,0.0,null],[114.86738,0.86231,0.0,null],[114.86683,0.8633,0.0,null],[114.86344,0.86428,0.0,null],[114.86333,0.8655,0.0,null],[114.86475,0.86528,0.0,null],[114.8653,0.86594,0.0,null]]]}},{"type":"Feature","properties":{"inventoryId":"big-forestry-ha:127","sector":"PBPH","subtype":"IUPHHK-HA","quality":"OFFICIAL","sourceDataset":"big-forestry-ha","sourceRecordId":"127","source":"BIG Kebijakan Satu Peta","sourceUrl":"https://kspservices.big.go.id/satupeta/rest/services/PUBLIK/PERIZINAN_DAN_PERTANAHAN/MapServer/1","retrievedAt":"2026-08-24T04:32:16Z","geometryProcessing":"web display simplification tolerance 0.00035 degrees","name":"PT KAWEDAR WOOD INDUSTRY","permitNumber":"SK.414/Menhut-II/2009","permitDate":"2009-07-09","areaHa":69050.0,"provinceCode":"61","region":"kalimantan"},"geometry":{"type":"MultiPolygon","coordinates":[[[[113.26172,0.64875,0.0,null],[113.26701,0.66116,0.0,null],[113.25374,0.65664,0.0,null],[113.23783,0.65262,0.0,null],[113.2232,0.64266,0.0,null],[113.2146,0.6393,0.0,null],[113.19584,0.64098,0.0,null],[113.18249,0.64122,0.0,null],[113.17864,0.64213,0.0,null],[113.17291,0.64524,0.0,null],[113.16783,0.64488,0.0,null],[113.16638,0.64385,0.0,null],[113.16328,0.63938,0.0,null],[113.15852,0.62977,0.0,null],[113.15095,0.62368,0.0,null],[113.15053,0.6227,0.0,null],[113.15116,0.61792,0.0,null],[113.15385,0.60757,0.0,null],[113.18777,0.5871,0.0,null],[113.19248,0.58364,0.0,null],[113.20856,0.55979,0.0,null],[113.22682,0.53421,0.0,null],[113.24104,0.54954,0.0,null],[113.2483,0.55523,0.0,null],[113.24957,0.55764,0.0,null],[113.2511,0.57055,0.0,null],[113.25262,0.57841,0.0,null],[113.25632,0.58575,0.0,null],[113.27328,0.57407,0.0,null],[113.28975,0.56049,0.0,null],[113.30085,0.54667,0.0,null],[113.3057,0.53944,0.0,null],[113.30954,0.53031,0.0,null],[113.31161,0.52379,0.0,null],[113.31507,0.50656,0.0,null],[113.31316,0.49909,0.0,null],[113.30654,0.47978,0.0,null],[113.29418,0.47182,0.0,null],[113.28856,0.46904,0.0,null],[113.28002,0.46779,0.0,null],[113.26854,0.47237,0.0,null],[113.25016,0.48101,0.0,null],[113.25025,0.47815,0.0,null],[113.25379,0.46833,0.0,null],[113.25543,0.46586,0.0,null],[113.2616,0.4586,0.0,null],[113.27778,0.44473,0.0,null],[113.28513,0.43338,0.0,null],[113.28441,0.42525,0.0,null],[113.28356,0.42226,0.0,null],[113.26742,0.39839,0.0,null],[113.2646,0.39675,0.0,null],[113.25989,0.39257,0.0,null],[113.24383,0.38412,0.0,null],[113.22449,0.3688,0.0,null],[113.2105,0.35145,0.0,null],[113.19917,0.34433,0.0,null],[113.18875,0.33573,0.0,null],[113.17481,0.32229,0.0,null],[113.17278,0.31887,0.0,null],[113.17196,0.31619,0.0,null],[113.17174,0.31157,0.0,null],[113.17346,0.30992,0.0,null],[113.18248,0.30521,0.0,null],[113.18743,0.30348,0.0,null],[113.20571,0.29894,0.0,null],[113.21506,0.29736,0.0,null],[113.23367,0.29544,0.0,null],[113.24187,0.29553,0.0,null],[113.25575,0.29759,0.0,null],[113.26909,0.30205,0.0,null],[113.31393,0.32025,0.0,null],[113.34315,0.32958,0.0,null],[113.35302,0.33217,0.0,null],[113.38372,0.33821,0.0,null],[113.38884,0.33805,0.0,null],[113.39541,0.33698,0.0,null],[113.40893,0.3324,0.0,null],[113.42061,0.33708,0.0,null],[113.42436,0.33791,0.0,null],[113.42611,0.33896,0.0,null],[113.43,0.34358,0.0,null],[113.43687,0.34949,0.0,null],[113.44858,0.35361,0.0,null],[113.45229,0.35197,0.0,null],[113.4612,0.34971,0.0,null],[113.47066,0.34982,0.0,null],[113.47367,0.35057,0.0,null],[113.48134,0.35893,0.0,null],[113.48415,0.36827,0.0,null],[113.48449,0.37235,0.0,null],[113.47563,0.38592,0.0,null],[113.45258,0.39913,0.0,null],[113.41965,0.4116,0.0,null],[113.39195,0.40961,0.0,null],[113.38413,0.40962,0.0,null],[113.37543,0.41175,0.0,null],[113.3711,0.42265,0.0,null],[113.38842,0.43623,0.0,null],[113.40102,0.44925,0.0,null],[113.40943,0.4705,0.0,null],[113.39483,0.48147,0.0,null],[113.37261,0.47561,0.0,null],[113.36665,0.47344,0.0,null],[113.357,0.4689,0.0,null],[113.34266,0.48049,0.0,null],[113.34243,0.4927,0.0,null],[113.35495,0.51353,0.0,null],[113.3568,0.51863,0.0,null],[113.3604,0.55102,0.0,null],[113.36551,0.57211,0.0,null],[113.36982,0.59824,0.0,null],[113.37166,0.62766,0.0,null],[113.37133,0.63085,0.0,null],[113.36977,0.63511,0.0,null],[113.36541,0.64123,0.0,null],[113.36305,0.64327,0.0,null],[113.36075,0.64408,0.0,null],[113.3526,0.64539,0.0,null],[113.34794,0.64552,0.0,null],[113.34272,0.64441,0.0,null],[113.32775,0.63714,0.0,null],[113.30386,0.62314,0.0,null],[113.29827,0.61938,0.0,null],[113.28559,0.60708,0.0,null],[113.27969,0.60232,0.0,null],[113.27748,0.60126,0.0,null],[113.27487,0.60091,0.0,null],[113.268,0.60099,0.0,null],[113.26664,0.60185,0.0,null],[113.26557,0.60352,0.0,null],[113.26465,0.60867,0.0,null],[113.25426,0.61122,0.0,null],[113.25146,0.61341,0.0,null],[113.24984,0.61896,0.0,null],[113.25042,0.62393,0.0,null],[113.26172,0.64875,0.0,null]]],[[[113.33149,-0.02329,0.0,null],[113.324,-0.01354,0.0,null],[113.31852,-0.01068,0.0,null],[113.31519,-0.01045,0.0,null],[113.31281,-0.00914,0.0,null],[113.31067,-0.007,0.0,null],[113.31091,-0.0014,0.0,null],[113.29235,0.00716,0.0,null],[113.28664,0.01073,0.0,null],[113.27439,0.02346,0.0,null],[113.27322,0.02107,0.0,null],[113.27364,0.01897,0.0,null],[113.27064,0.01788,0.0,null],[113.27001,0.01712,0.0,null],[113.26985,0.01327,0.0,null],[113.26898,0.01257,0.0,null],[113.25965,-0.01275,0.0,null],[113.2544,-0.03745,0.0,null],[113.25154,-0.04435,0.0,null],[113.25344,-0.04614,0.0,null],[113.25511,-0.05375,0.0,null],[113.25344,-0.06232,0.0,null],[113.25107,-0.06731,0.0,null],[113.24666,-0.07017,0.0,null],[113.24167,-0.07195,0.0,null],[113.22501,-0.07303,0.0,null],[113.20693,-0.07088,0.0,null],[113.20038,-0.07088,0.0,null],[113.19586,-0.07243,0.0,null],[113.18218,-0.08016,0.0,null],[113.16517,-0.09575,0.0,null],[113.15636,-0.10182,0.0,null],[113.14803,-0.10622,0.0,null],[113.14244,-0.10824,0.0,null],[113.1315,-0.108,0.0,null],[113.12591,-0.10574,0.0,null],[113.11805,-0.09444,0.0,null],[113.11377,-0.09016,0.0,null],[113.11151,-0.08897,0.0,null],[113.10699,-0.08861,0.0,null],[113.08676,-0.09694,0.0,null],[113.08308,-0.09741,0.0,null],[113.07411,-0.09538,0.0,null],[113.08136,-0.10518,0.0,null],[113.0885,-0.12247,0.0,null],[113.09113,-0.136,0.0,null],[113.09489,-0.14502,0.0,null],[113.09978,-0.14653,0.0,null],[113.10654,-0.14577,0.0,null],[113.11181,-0.14239,0.0,null],[113.11594,-0.136,0.0,null],[113.14075,-0.15029,0.0,null],[113.13455,-0.16025,0.0,null],[113.1244,-0.17378,0.0,null],[113.10636,-0.19445,0.0,null],[113.1041,-0.21174,0.0,null],[113.10297,-0.22753,0.0,null],[113.10316,-0.25741,0.0,null],[113.10391,-0.27358,0.0,null],[113.13173,-0.27884,0.0,null],[113.13586,-0.27771,0.0,null],[113.14263,-0.2717,0.0,null],[113.14526,-0.2717,0.0,null],[113.14752,-0.27282,0.0,null],[113.14564,-0.27884,0.0,null],[113.14,-0.28861,0.0,null],[113.13098,-0.29876,0.0,null],[113.1197,-0.30665,0.0,null],[113.09765,-0.31634,0.0,null],[113.09765,-0.32034,0.0,null],[113.09913,-0.3228,0.0,null],[113.10108,-0.32213,0.0,null],[113.10323,-0.32047,0.0,null],[113.10515,-0.32008,0.0,null],[113.1073,-0.31855,0.0,null],[113.11377,-0.31667,0.0,null],[113.12187,-0.31318,0.0,null],[113.1233,-0.31205,0.0,null],[113.14054,-0.3072,0.0,null],[113.14729,-0.30372,0.0,null],[113.15235,-0.30187,0.0,null],[113.16176,-0.29946,0.0,null],[113.17064,-0.29465,0.0,null],[113.17408,-0.29356,0.0,null],[113.18284,-0.28902,0.0,null],[113.18704,-0.28639,0.0,null],[113.188,-0.28463,0.0,null],[113.19006,-0.28373,0.0,null],[113.19385,-0.28317,0.0,null],[113.19688,-0.28022,0.0,null],[113.20405,-0.28057,0.0,null],[113.2061,-0.27914,0.0,null],[113.2073,-0.27624,0.0,null],[113.21373,-0.27486,0.0,null],[113.2196,-0.27141,0.0,null],[113.22706,-0.26596,0.0,null],[113.22584,-0.26279,0.0,null],[113.22906,-0.26314,0.0,null],[113.2237,-0.2472,0.0,null],[113.2237,-0.24411,0.0,null],[113.22442,-0.24149,0.0,null],[113.23084,-0.23388,0.0,null],[113.23096,-0.23185,0.0,null],[113.23322,-0.22936,0.0,null],[113.23167,-0.22936,0.0,null],[113.23084,-0.22995,0.0,null],[113.23001,-0.22959,0.0,null],[113.22894,-0.22745,0.0,null],[113.22834,-0.22745,0.0,null],[113.22882,-0.22614,0.0,null],[113.27224,-0.14286,0.0,null],[113.2952,-0.11597,0.0,null],[113.3171,-0.1017,0.0,null],[113.35374,-0.08873,0.0,null],[113.36623,-0.07886,0.0,null],[113.36076,-0.07493,0.0,null],[113.35731,-0.07326,0.0,null],[113.35671,-0.06981,0.0,null],[113.35576,-0.06874,0.0,null],[113.35279,-0.06779,0.0,null],[113.35207,-0.06708,0.0,null],[113.35207,-0.06541,0.0,null],[113.3541,-0.06458,0.0,null],[113.35433,-0.06339,0.0,null],[113.35326,-0.06244,0.0,null],[113.35076,-0.05792,0.0,null],[113.34839,-0.0578,0.0,null],[113.34886,-0.05506,0.0,null],[113.35005,-0.05411,0.0,null],[113.35112,-0.05161,0.0,null],[113.3491,-0.05125,0.0,null],[113.3485,-0.04697,0.0,null],[113.35005,-0.04269,0.0,null],[113.35136,-0.04066,0.0,null],[113.35422,-0.03864,0.0,null],[113.35505,-0.03912,0.0,null],[113.356,-0.03829,0.0,null],[113.3541,-0.03602,0.0,null],[113.35445,-0.03472,0.0,null],[113.35659,-0.03472,0.0,null],[113.35778,-0.03412,0.0,null],[113.35469,-0.03186,0.0,null],[113.35422,-0.03031,0.0,null],[113.35505,-0.02877,0.0,null],[113.35172,-0.02484,0.0,null],[113.34969,-0.02472,0.0,null],[113.34922,-0.02663,0.0,null],[113.3472,-0.02817,0.0,null],[113.34589,-0.02817,0.0,null],[113.34351,-0.02532,0.0,null],[113.34386,-0.02365,0.0,null],[113.34256,-0.02139,0.0,null],[113.34315,-0.02068,0.0,null],[113.34148,-0.02044,0.0,null],[113.34077,-0.01961,0.0,null],[113.33946,-0.01925,0.0,null],[113.33875,-0.01949,0.0,null],[113.33875,-0.0202,0.0,null],[113.33958,-0.02115,0.0,null],[113.33827,-0.02258,0.0,null],[113.33363,-0.02365,0.0,null],[113.33149,-0.02329,0.0,null]]],[[[113.05292,0.7681,0.0,null],[113.04884,0.77446,0.0,null],[113.04896,0.77832,0.0,null],[113.05158,0.78206,0.0,null],[113.05922,0.78853,0.0,null],[113.06059,0.7933,0.0,null],[113.0581,0.79659,0.0,null],[113.05424,0.79806,0.0,null],[113.05196,0.79761,0.0,null],[113.04604,0.79273,0.0,null],[113.04035,0.78921,0.0,null],[113.02637,0.78591,0.0,null],[113.01875,0.78568,0.0,null],[113.01269,0.77343,0.0,null],[113.00589,0.75897,0.0,null],[113.00488,0.74947,0.0,null],[113.02093,0.70186,0.0,null],[113.06072,0.71697,0.0,null],[113.06915,0.71961,0.0,null],[113.09175,0.72222,0.0,null],[113.11503,0.72638,0.0,null],[113.14385,0.70411,0.0,null],[113.14961,0.70564,0.0,null],[113.15383,0.70762,0.0,null],[113.15648,0.71224,0.0,null],[113.15645,0.71579,0.0,null],[113.15235,0.72754,0.0,null],[113.14643,0.73263,0.0,null],[113.14574,0.74619,0.0,null],[113.08399,0.77921,0.0,null],[113.07443,0.77206,0.0,null],[113.06691,0.76786,0.0,null],[113.05724,0.76627,0.0,null],[113.05292,0.7681,0.0,null]]]]}},{"type":"Feature","properties":{"inventoryId":"big-forestry-ha:48","sector":"PBPH","subtype":"IUPHHK-HA","quality":"OFFICIAL","sourceDataset":"big-forestry-ha","sourceRecordId":"48","source":"BIG Kebijakan Satu Peta","sourceUrl":"https://kspservices.big.go.id/satupeta/rest/services/PUBLIK/PERIZINAN_DAN_PERTANAHAN/MapServer/1","retrievedAt":"2026-08-24T04:32:16Z","geometryProcessing":"web display simplification tolerance 0.00035 degrees","name":"PT KAYU ARA JAYA RAYA","permitNumber":"SK.850/Kpts-VI/1999","permitDate":"1999-10-11","areaHa":85210.0,"provinceCode":"62","region":"kalimantan"},"geometry":{"type":"Polygon","coordinates":[[[113.89834,-0.04085,0.0,null],[113.89836,-0.03436,0.0,null],[113.98878,-0.03263,0.0,null],[113.97626,-0.00404,0.0,null],[113.96356,0.00577,0.0,null],[113.95257,0.01938,0.0,null],[113.95037,0.03784,0.0,null],[113.95306,0.051,0.0,null],[113.97681,0.09367,0.0,null],[113.99036,0.10967,0.0,null],[113.99861,0.1378,0.0,null],[114.00022,0.15109,0.0,null],[113.85057,0.15195,0.0,null],[113.81119,0.033,0.0,null],[113.58304,0.02978,0.0,null],[113.59292,0.01456,0.0,null],[113.60705,-0.01348,0.0,null],[113.60356,-0.05903,0.0,null],[113.60099,-0.0721,0.0,null],[113.60208,-0.07258,0.0,null],[113.60341,-0.07524,0.0,null],[113.60474,-0.07648,0.0,null],[113.60532,-0.07577,0.0,null],[113.60408,-0.07334,0.0,null],[113.60427,-0.07243,0.0,null],[113.61096,-0.07255,0.0,null],[113.61831,-0.07843,0.0,null],[113.61904,-0.08077,0.0,null],[113.61842,-0.08414,0.0,null],[113.61876,-0.08557,0.0,null],[113.61995,-0.08609,0.0,null],[113.62142,-0.08519,0.0,null],[113.62218,-0.08633,0.0,null],[113.62171,-0.09233,0.0,null],[113.62025,-0.09289,0.0,null],[113.61671,-0.09262,0.0,null],[113.61581,-0.09366,0.0,null],[113.61624,-0.09585,0.0,null],[113.61942,-0.09937,0.0,null],[113.62052,-0.0999,0.0,null],[113.62495,-0.09837,0.0,null],[113.62871,-0.09852,0.0,null],[113.62994,-0.10009,0.0,null],[113.63065,-0.10266,0.0,null],[113.63412,-0.10338,0.0,null],[113.63584,-0.10446,0.0,null],[113.63637,-0.10741,0.0,null],[113.63699,-0.10808,0.0,null],[113.63765,-0.10794,0.0,null],[113.63822,-0.10256,0.0,null],[113.64179,-0.10123,0.0,null],[113.64365,-0.0997,0.0,null],[113.64477,-0.09972,0.0,null],[113.6457,-0.10266,0.0,null],[113.64655,-0.10366,0.0,null],[113.64815,-0.10361,0.0,null],[113.64834,-0.10061,0.0,null],[113.64981,-0.09723,0.0,null],[113.65186,-0.09837,0.0,null],[113.65234,-0.10346,0.0,null],[113.65591,-0.10493,0.0,null],[113.65685,-0.1048,0.0,null],[113.65847,-0.10052,0.0,null],[113.65985,-0.09913,0.0,null],[113.66443,-0.10017,0.0,null],[113.66776,-0.09989,0.0,null],[113.66804,-0.10218,0.0,null],[113.66695,-0.10446,0.0,null],[113.66685,-0.10613,0.0,null],[113.66875,-0.10841,0.0,null],[113.67246,-0.11008,0.0,null],[113.67303,-0.11203,0.0,null],[113.67361,-0.11208,0.0,null],[113.67827,-0.11037,0.0,null],[113.67561,-0.10741,0.0,null],[113.67565,-0.10546,0.0,null],[113.67668,-0.10443,0.0,null],[113.68231,-0.10451,0.0,null],[113.6899,-0.10632,0.0,null],[113.69228,-0.10232,0.0,null],[113.69319,-0.1018,0.0,null],[113.69571,-0.10323,0.0,null],[113.69976,-0.10413,0.0,null],[113.70592,-0.10427,0.0,null],[113.70792,-0.10561,0.0,null],[113.71078,-0.10932,0.0,null],[113.70906,-0.11446,0.0,null],[113.70911,-0.11541,0.0,null],[113.70996,-0.11593,0.0,null],[113.71115,-0.11555,0.0,null],[113.71201,-0.11298,0.0,null],[113.7132,-0.11227,0.0,null],[113.7142,-0.11275,0.0,null],[113.71544,-0.1157,0.0,null],[113.71629,-0.11612,0.0,null],[113.71836,-0.1137,0.0,null],[113.72027,-0.11336,0.0,null],[113.72236,-0.11374,0.0,null],[113.72488,-0.11094,0.0,null],[113.72774,-0.11027,0.0,null],[113.72928,-0.1114,0.0,null],[113.72997,-0.1129,0.0,null],[113.72969,-0.11474,0.0,null],[113.72839,-0.11617,0.0,null],[113.72841,-0.11746,0.0,null],[113.72932,-0.11895,0.0,null],[113.7317,-0.11496,0.0,null],[113.7333,-0.11413,0.0,null],[113.73435,-0.11431,0.0,null],[113.73712,-0.11624,0.0,null],[113.73937,-0.11994,0.0,null],[113.73949,-0.12138,0.0,null],[113.73772,-0.12305,0.0,null],[113.73819,-0.12377,0.0,null],[113.74127,-0.12544,0.0,null],[113.7427,-0.12317,0.0,null],[113.74436,-0.12317,0.0,null],[113.74638,-0.12962,0.0,null],[113.7478,-0.13715,0.0,null],[113.74899,-0.13882,0.0,null],[113.74958,-0.14122,0.0,null],[113.75385,-0.14133,0.0,null],[113.75516,-0.14073,0.0,null],[113.75671,-0.14121,0.0,null],[113.75682,-0.14265,0.0,null],[113.75552,-0.14396,0.0,null],[113.75278,-0.14492,0.0,null],[113.75112,-0.14695,0.0,null],[113.75159,-0.14946,0.0,null],[113.75291,-0.15197,0.0,null],[113.75504,-0.14958,0.0,null],[113.75777,-0.14779,0.0,null],[113.76489,-0.14648,0.0,null],[113.76643,-0.14755,0.0,null],[113.76821,-0.15221,0.0,null],[113.76893,-0.15269,0.0,null],[113.77179,-0.15231,0.0,null],[113.77273,-0.15281,0.0,null],[113.77415,-0.15508,0.0,null],[113.777,-0.15652,0.0,null],[113.77914,-0.15663,0.0,null],[113.78056,-0.15389,0.0,null],[113.78234,-0.15305,0.0,null],[113.78484,-0.1522,0.0,null],[113.78911,-0.15221,0.0,null],[113.79018,-0.15377,0.0,null],[113.79231,-0.16034,0.0,null],[113.7967,-0.16082,0.0,null],[113.79776,-0.16142,0.0,null],[113.79979,-0.16333,0.0,null],[113.8008,-0.16644,0.0,null],[113.80199,-0.16703,0.0,null],[113.80305,-0.16476,0.0,null],[113.80531,-0.16357,0.0,null],[113.80578,-0.16273,0.0,null],[113.80329,-0.16058,0.0,null],[113.80293,-0.15962,0.0,null],[113.80341,-0.15867,0.0,null],[113.80495,-0.15795,0.0,null],[113.80816,-0.15484,0.0,null],[113.81053,-0.15496,0.0,null],[113.81113,-0.15604,0.0,null],[113.8116,-0.16297,0.0,null],[113.81255,-0.16321,0.0,null],[113.8148,-0.16178,0.0,null],[113.82098,-0.16046,0.0,null],[113.82418,-0.16249,0.0,null],[113.82952,-0.16261,0.0,null],[113.83368,-0.16142,0.0,null],[113.83486,-0.16178,0.0,null],[113.83534,-0.16417,0.0,null],[113.83237,-0.16632,0.0,null],[113.83142,-0.16787,0.0,null],[113.83083,-0.17206,0.0,null],[113.83166,-0.17254,0.0,null],[113.83427,-0.1723,0.0,null],[113.83665,-0.17039,0.0,null],[113.83842,-0.17051,0.0,null],[113.83913,-0.17134,0.0,null],[113.83913,-0.1723,0.0,null],[113.83736,-0.17755,0.0,null],[113.83771,-0.17875,0.0,null],[113.84709,-0.17851,0.0,null],[113.84982,-0.17529,0.0,null],[113.85089,-0.17481,0.0,null],[113.85226,-0.17553,0.0,null],[113.85427,-0.1778,0.0,null],[113.85593,-0.17828,0.0,null],[113.85842,-0.17732,0.0,null],[113.8589,-0.17361,0.0,null],[113.85962,-0.17272,0.0,null],[113.8614,-0.17266,0.0,null],[113.86781,-0.17469,0.0,null],[113.87231,-0.17278,0.0,null],[113.87481,-0.1723,0.0,null],[113.87611,-0.17278,0.0,null],[113.87754,-0.17481,0.0,null],[113.87659,-0.17696,0.0,null],[113.87659,-0.17792,0.0,null],[113.87742,-0.17864,0.0,null],[113.88371,-0.17971,0.0,null],[113.88668,-0.18043,0.0,null],[113.8881,-0.1815,0.0,null],[113.88929,-0.18151,0.0,null],[113.89059,-0.18103,0.0,null],[113.89119,-0.17649,0.0,null],[113.89226,-0.17589,0.0,null],[113.89594,-0.17804,0.0,null],[113.89855,-0.17697,0.0,null],[113.89938,-0.17589,0.0,null],[113.89986,-0.17302,0.0,null],[113.90247,-0.17063,0.0,null],[113.903,-0.16932,0.0,null],[113.90273,-0.16799,0.0,null],[113.90075,-0.16657,0.0,null],[113.89742,-0.15749,0.0,null],[113.89793,-0.15603,0.0,null],[113.89834,-0.04085,0.0,null]]]}},{"type":"Feature","properties":{"inventoryId":"big-forestry-ha:255","sector":"PBPH","subtype":"IUPHHK-HA","quality":"OFFICIAL","sourceDataset":"big-forestry-ha","sourceRecordId":"255","source":"BIG Kebijakan Satu Peta","sourceUrl":"https://kspservices.big.go.id/satupeta/rest/services/PUBLIK/PERIZINAN_DAN_PERTANAHAN/MapServer/1","retrievedAt":"2026-08-24T04:32:16Z","geometryProcessing":"web display simplification tolerance 0.00035 degrees","name":"PT KAYU TRIBUANA RAMA","permitNumber":"SK.1002/Kpts-VI/1999","permitDate":"1999-10-14","areaHa":98765.0,"provinceCode":"62","region":"kalimantan"},"geometry":{"type":"Polygon","coordinates":[[[112.31266,-1.21662,0.0,null],[112.31341,-1.21548,0.0,null],[112.31259,-1.21557,0.0,null],[112.29968,-1.23403,0.0,null],[112.27514,-1.2698,0.0,null],[112.26497,-1.28554,0.0,null],[112.25322,-1.30478,0.0,null],[112.23329,-1.34124,0.0,null],[112.21488,-1.38227,0.0,null],[112.20505,-1.40583,0.0,null],[112.20305,-1.42933,0.0,null],[112.23648,-1.43723,0.0,null],[112.26316,-1.44054,0.0,null],[112.25181,-1.43162,0.0,null],[112.26057,-1.41345,0.0,null],[112.2802,-1.40713,0.0,null],[112.30517,-1.39099,0.0,null],[112.32869,-1.39569,0.0,null],[112.34994,-1.40664,0.0,null],[112.35513,-1.44152,0.0,null],[112.33161,-1.44898,0.0,null],[112.33583,-1.45222,0.0,null],[112.33729,-1.45254,0.0,null],[112.3394,-1.45044,0.0,null],[112.34135,-1.45044,0.0,null],[112.35432,-1.45482,0.0,null],[112.36016,-1.45433,0.0,null],[112.36405,-1.45271,0.0,null],[112.36811,-1.4493,0.0,null],[112.37022,-1.44622,0.0,null],[112.37168,-1.44265,0.0,null],[112.37265,-1.43616,0.0,null],[112.37622,-1.42465,0.0,null],[112.37768,-1.41345,0.0,null],[112.37898,-1.40989,0.0,null],[112.38222,-1.40843,0.0,null],[112.38611,-1.41021,0.0,null],[112.38871,-1.41443,0.0,null],[112.39147,-1.42059,0.0,null],[112.39731,-1.44946,0.0,null],[112.39796,-1.45741,0.0,null],[112.3965,-1.47888,0.0,null],[112.39738,-1.48127,0.0,null],[112.4014,-1.48242,0.0,null],[112.40402,-1.48457,0.0,null],[112.40593,-1.48461,0.0,null],[112.40812,-1.48555,0.0,null],[112.41036,-1.48506,0.0,null],[112.40772,-1.4828,0.0,null],[112.40667,-1.47936,0.0,null],[112.40719,-1.47806,0.0,null],[112.40797,-1.47767,0.0,null],[112.40975,-1.47941,0.0,null],[112.41171,-1.47946,0.0,null],[112.41141,-1.47808,0.0,null],[112.41199,-1.4753,0.0,null],[112.41158,-1.47386,0.0,null],[112.4135,-1.47152,0.0,null],[112.41585,-1.47359,0.0,null],[112.4187,-1.47407,0.0,null],[112.42326,-1.47377,0.0,null],[112.42395,-1.47322,0.0,null],[112.42585,-1.4731,0.0,null],[112.4272,-1.4705,0.0,null],[112.43292,-1.46927,0.0,null],[112.43374,-1.46991,0.0,null],[112.43467,-1.47223,0.0,null],[112.4377,-1.47262,0.0,null],[112.4376,-1.46999,0.0,null],[112.43927,-1.46862,0.0,null],[112.44082,-1.46942,0.0,null],[112.44151,-1.46628,0.0,null],[112.44348,-1.4636,0.0,null],[112.4475,-1.46325,0.0,null],[112.44807,-1.46105,0.0,null],[112.44942,-1.45999,0.0,null],[112.44983,-1.46007,0.0,null],[112.45001,-1.46247,0.0,null],[112.45166,-1.46471,0.0,null],[112.45179,-1.46797,0.0,null],[112.45225,-1.46824,0.0,null],[112.45257,-1.46658,0.0,null],[112.45501,-1.46527,0.0,null],[112.45589,-1.46563,0.0,null],[112.45553,-1.46646,0.0,null],[112.45621,-1.46709,0.0,null],[112.45781,-1.4675,0.0,null],[112.46021,-1.46721,0.0,null],[112.4605,-1.46436,0.0,null],[112.46236,-1.46189,0.0,null],[112.46352,-1.46156,0.0,null],[112.46567,-1.46265,0.0,null],[112.46676,-1.46205,0.0,null],[112.46724,-1.4615,0.0,null],[112.46392,-1.45886,0.0,null],[112.45896,-1.45164,0.0,null],[112.45637,-1.44334,0.0,null],[112.45232,-1.43545,0.0,null],[112.45139,-1.42974,0.0,null],[112.4519,-1.4286,0.0,null],[112.45336,-1.42746,0.0,null],[112.45533,-1.42683,0.0,null],[112.46177,-1.4314,0.0,null],[112.46602,-1.43358,0.0,null],[112.46976,-1.43721,0.0,null],[112.47422,-1.44355,0.0,null],[112.48045,-1.44967,0.0,null],[112.48087,-1.45102,0.0,null],[112.48056,-1.45631,0.0,null],[112.479,-1.46067,0.0,null],[112.47689,-1.46191,0.0,null],[112.47163,-1.46306,0.0,null],[112.46867,-1.46227,0.0,null],[112.46784,-1.4715,0.0,null],[112.46697,-1.47421,0.0,null],[112.46714,-1.4796,0.0,null],[112.46662,-1.48324,0.0,null],[112.46908,-1.48739,0.0,null],[112.46963,-1.48711,0.0,null],[112.46891,-1.48493,0.0,null],[112.4692,-1.48395,0.0,null],[112.47165,-1.48173,0.0,null],[112.47317,-1.48169,0.0,null],[112.47798,-1.48944,0.0,null],[112.48048,-1.4899,0.0,null],[112.4802,-1.49122,0.0,null],[112.48059,-1.49177,0.0,null],[112.47978,-1.49312,0.0,null],[112.48199,-1.49442,0.0,null],[112.48542,-1.49504,0.0,null],[112.48791,-1.49729,0.0,null],[112.48647,-1.49393,0.0,null],[112.48718,-1.49316,0.0,null],[112.49056,-1.4943,0.0,null],[112.49478,-1.4942,0.0,null],[112.4973,-1.49372,0.0,null],[112.49721,-1.49258,0.0,null],[112.49853,-1.49195,0.0,null],[112.50316,-1.49241,0.0,null],[112.50326,-1.49,0.0,null],[112.50423,-1.48681,0.0,null],[112.5044,-1.48043,0.0,null],[112.50622,-1.48106,0.0,null],[112.50783,-1.48275,0.0,null],[112.50902,-1.48227,0.0,null],[112.51081,-1.48,0.0,null],[112.51313,-1.47843,0.0,null],[112.51639,-1.47994,0.0,null],[112.51833,-1.47594,0.0,null],[112.52143,-1.47265,0.0,null],[112.52256,-1.46969,0.0,null],[112.52364,-1.46846,0.0,null],[112.52468,-1.46904,0.0,null],[112.52519,-1.47065,0.0,null],[112.52457,-1.47102,0.0,null],[112.52464,-1.4724,0.0,null],[112.52364,-1.47216,0.0,null],[112.52376,-1.47442,0.0,null],[112.52718,-1.47579,0.0,null],[112.52802,-1.47851,0.0,null],[112.52963,-1.47929,0.0,null],[112.53537,-1.47674,0.0,null],[112.5385,-1.47645,0.0,null],[112.54066,-1.47434,0.0,null],[112.54196,-1.47485,0.0,null],[112.54235,-1.47565,0.0,null],[112.54171,-1.47658,0.0,null],[112.54197,-1.47747,0.0,null],[112.54059,-1.47916,0.0,null],[112.54084,-1.48105,0.0,null],[112.54187,-1.48333,0.0,null],[112.54329,-1.48456,0.0,null],[112.54453,-1.4848,0.0,null],[112.54877,-1.48249,0.0,null],[112.55072,-1.48035,0.0,null],[112.5523,-1.48402,0.0,null],[112.5538,-1.48292,0.0,null],[112.55683,-1.48308,0.0,null],[112.55958,-1.47858,0.0,null],[112.55846,-1.47453,0.0,null],[112.55901,-1.47379,0.0,null],[112.56155,-1.47591,0.0,null],[112.5684,-1.47751,0.0,null],[112.57001,-1.47158,0.0,null],[112.57271,-1.46799,0.0,null],[112.57743,-1.46518,0.0,null],[112.58182,-1.46428,0.0,null],[112.58497,-1.46473,0.0,null],[112.59216,-1.46799,0.0,null],[112.5943,-1.46776,0.0,null],[112.59621,-1.4663,0.0,null],[112.59801,-1.46349,0.0,null],[112.59992,-1.45646,0.0,null],[112.60037,-1.43453,0.0,null],[112.60093,-1.43206,0.0,null],[112.61083,-1.4148,0.0,null],[112.61173,-1.41233,0.0,null],[112.61195,-1.4103,0.0,null],[112.6106,-1.40176,0.0,null],[112.60858,-1.39698,0.0,null],[112.597,-1.37977,0.0,null],[112.58159,-1.37123,0.0,null],[112.57732,-1.36769,0.0,null],[112.57136,-1.35892,0.0,null],[112.57114,-1.35442,0.0,null],[112.57159,-1.35194,0.0,null],[112.57361,-1.34925,0.0,null],[112.57867,-1.34621,0.0,null],[112.58294,-1.34486,0.0,null],[112.59599,-1.34227,0.0,null],[112.60127,-1.34272,0.0,null],[112.61105,-1.34666,0.0,null],[112.61297,-1.34655,0.0,null],[112.61488,-1.34554,0.0,null],[112.61634,-1.34329,0.0,null],[112.61656,-1.34126,0.0,null],[112.61573,-1.33657,0.0,null],[112.616,-1.32893,0.0,null],[112.61762,-1.32182,0.0,null],[112.61888,-1.31885,0.0,null],[112.62095,-1.31633,0.0,null],[112.62527,-1.31229,0.0,null],[112.62707,-1.31184,0.0,null],[112.63291,-1.31193,0.0,null],[112.63507,-1.31265,0.0,null],[112.63705,-1.31453,0.0,null],[112.64065,-1.31822,0.0,null],[112.64422,-1.3235,0.0,null],[112.65646,-1.29964,0.0,null],[112.62769,-1.28885,0.0,null],[112.62491,-1.29618,0.0,null],[112.62357,-1.29827,0.0,null],[112.61822,-1.30267,0.0,null],[112.61378,-1.30245,0.0,null],[112.61107,-1.30375,0.0,null],[112.60446,-1.30191,0.0,null],[112.60121,-1.30007,0.0,null],[112.58843,-1.28886,0.0,null],[112.57998,-1.28886,0.0,null],[112.5763,-1.28799,0.0,null],[112.56536,-1.28409,0.0,null],[112.55691,-1.27792,0.0,null],[112.55529,-1.27727,0.0,null],[112.55074,-1.27727,0.0,null],[112.54662,-1.27835,0.0,null],[112.54511,-1.28101,0.0,null],[112.54348,-1.28675,0.0,null],[112.54229,-1.28783,0.0,null],[112.54012,-1.28859,0.0,null],[112.5346,-1.28881,0.0,null],[112.5242,-1.28491,0.0,null],[112.51207,-1.28534,0.0,null],[112.50774,-1.28447,0.0,null],[112.50384,-1.28328,0.0,null],[112.49777,-1.28014,0.0,null],[112.4929,-1.27673,0.0,null],[112.4851,-1.26915,0.0,null],[112.47925,-1.26113,0.0,null],[112.47134,-1.25485,0.0,null],[112.46842,-1.25387,0.0,null],[112.46019,-1.25279,0.0,null],[112.45445,-1.25312,0.0,null],[112.44567,-1.25214,0.0,null],[112.43885,-1.24889,0.0,null],[112.43278,-1.24391,0.0,null],[112.43018,-1.24023,0.0,null],[112.42888,-1.2378,0.0,null],[112.42673,-1.22765,0.0,null],[112.38832,-1.22207,0.0,null],[112.31266,-1.21662,0.0,null]]]}},{"type":"Feature","properties":{"inventoryId":"big-forestry-ha:147","sector":"PBPH","subtype":"IUPHHK-HA","quality":"OFFICIAL","sourceDataset":"big-forestry-ha","sourceRecordId":"147","source":"BIG Kebijakan Satu Peta","sourceUrl":"https://kspservices.big.go.id/satupeta/rest/services/PUBLIK/PERIZINAN_DAN_PERTANAHAN/MapServer/1","retrievedAt":"2026-08-24T04:32:16Z","geometryProcessing":"web display simplification tolerance 0.00035 degrees","name":"PT KAYU WAJA","permitNumber":"SK.81/Kpts-II/2000","permitDate":"2000-12-22","areaHa":38450.0,"provinceCode":"62","region":"kalimantan"},"geometry":{"type":"Polygon","coordinates":[[[112.64996,-0.91264,0.0,null],[112.64922,-0.91198,0.0,null],[112.557,-0.92426,0.0,null],[112.44819,-0.9379,0.0,null],[112.45947,-0.96747,0.0,null],[112.44629,-0.98175,0.0,null],[112.44739,-0.99994,0.0,null],[112.46124,-1.02106,0.0,null],[112.47357,-1.02631,0.0,null],[112.48083,-1.03467,0.0,null],[112.50922,-1.04028,0.0,null],[112.51524,-1.04365,0.0,null],[112.51742,-1.04773,0.0,null],[112.51956,-1.04987,0.0,null],[112.52134,-1.05144,0.0,null],[112.52291,-1.05194,0.0,null],[112.52891,-1.05587,0.0,null],[112.52941,-1.05751,0.0,null],[112.5282,-1.05894,0.0,null],[112.5272,-1.06158,0.0,null],[112.5307,-1.06793,0.0,null],[112.53277,-1.069,0.0,null],[112.53455,-1.06765,0.0,null],[112.5399,-1.06644,0.0,null],[112.54119,-1.06751,0.0,null],[112.54083,-1.06872,0.0,null],[112.53969,-1.06979,0.0,null],[112.5409,-1.07207,0.0,null],[112.54126,-1.07414,0.0,null],[112.53876,-1.07921,0.0,null],[112.54062,-1.07957,0.0,null],[112.54112,-1.08178,0.0,null],[112.54333,-1.08442,0.0,null],[112.54269,-1.08692,0.0,null],[112.54162,-1.08821,0.0,null],[112.54133,-1.08985,0.0,null],[112.54212,-1.09256,0.0,null],[112.5414,-1.09356,0.0,null],[112.54233,-1.09613,0.0,null],[112.54412,-1.09849,0.0,null],[112.54647,-1.09627,0.0,null],[112.55025,-1.09535,0.0,null],[112.54954,-1.09242,0.0,null],[112.55254,-1.09056,0.0,null],[112.55526,-1.0905,0.0,null],[112.57917,-1.06363,0.0,null],[112.58987,-1.06405,0.0,null],[112.59783,-1.07137,0.0,null],[112.61353,-1.0887,0.0,null],[112.6257,-1.09632,0.0,null],[112.64321,-1.10014,0.0,null],[112.65938,-1.09959,0.0,null],[112.66638,-1.10115,0.0,null],[112.67861,-1.11171,0.0,null],[112.68526,-1.10898,0.0,null],[112.6865,-1.1019,0.0,null],[112.6836,-1.07404,0.0,null],[112.6781,-1.06811,0.0,null],[112.67053,-1.06333,0.0,null],[112.66528,-1.05856,0.0,null],[112.66259,-1.05186,0.0,null],[112.66471,-1.03848,0.0,null],[112.67215,-1.02067,0.0,null],[112.67219,-1.01958,0.0,null],[112.67099,-1.01849,0.0,null],[112.67116,-1.0137,0.0,null],[112.67031,-1.01244,0.0,null],[112.66597,-1.01107,0.0,null],[112.66094,-1.00861,0.0,null],[112.6606,-1.00741,0.0,null],[112.66174,-1.00513,0.0,null],[112.66311,-0.99993,0.0,null],[112.66677,-0.99868,0.0,null],[112.66637,-0.99622,0.0,null],[112.66408,-0.99525,0.0,null],[112.66294,-0.992,0.0,null],[112.66457,-0.98692,0.0,null],[112.66416,-0.98209,0.0,null],[112.66354,-0.98162,0.0,null],[112.66138,-0.98194,0.0,null],[112.65855,-0.97999,0.0,null],[112.65793,-0.97828,0.0,null],[112.66039,-0.97539,0.0,null],[112.66039,-0.97455,0.0,null],[112.6578,-0.97301,0.0,null],[112.6547,-0.9731,0.0,null],[112.65141,-0.97169,0.0,null],[112.64712,-0.97359,0.0,null],[112.64672,-0.97328,0.0,null],[112.6467,-0.96398,0.0,null],[112.64846,-0.96095,0.0,null],[112.65168,-0.95846,0.0,null],[112.65219,-0.95735,0.0,null],[112.65203,-0.95407,0.0,null],[112.65266,-0.95011,0.0,null],[112.65229,-0.94533,0.0,null],[112.65285,-0.94343,0.0,null],[112.65178,-0.94252,0.0,null],[112.65556,-0.93996,0.0,null],[112.65601,-0.93899,0.0,null],[112.65522,-0.93712,0.0,null],[112.65081,-0.93292,0.0,null],[112.65092,-0.93047,0.0,null],[112.65284,-0.92805,0.0,null],[112.6517,-0.92197,0.0,null],[112.65474,-0.92016,0.0,null],[112.6552,-0.91851,0.0,null],[112.65176,-0.91885,0.0,null],[112.65153,-0.91345,0.0,null],[112.64996,-0.91264,0.0,null]]]}},{"type":"Feature","properties":{"inventoryId":"big-forestry-ha:12","sector":"PBPH","subtype":"IUPHHK-HA","quality":"OFFICIAL","sourceDataset":"big-forestry-ha","sourceRecordId":"12","source":"BIG Kebijakan Satu Peta","sourceUrl":"https://kspservices.big.go.id/satupeta/rest/services/PUBLIK/PERIZINAN_DAN_PERTANAHAN/MapServer/1","retrievedAt":"2026-08-24T04:32:16Z","geometryProcessing":"web display simplification tolerance 0.00035 degrees","name":"PT KEDAP SAYAAQ","permitNumber":"SK.292/Menhut-II/2008","permitDate":"2008-08-28","areaHa":18000.0,"provinceCode":"64","region":"kalimantan"},"geometry":{"type":"MultiPolygon","coordinates":[[[[115.56858,-0.02342,0.0,null],[115.56799,-0.01319,0.0,null],[115.53297,-0.00768,0.0,null],[115.52412,0.01593,0.0,null],[115.51428,0.02124,0.0,null],[115.50188,0.05843,0.0,null],[115.49201,0.1361,0.0,null],[115.45663,0.12178,0.0,null],[115.43518,0.0903,0.0,null],[115.41724,0.05315,0.0,null],[115.41387,0.02248,0.0,null],[115.41628,-0.00787,0.0,null],[115.46568,-0.00827,0.0,null],[115.46647,-0.02362,0.0,null],[115.56858,-0.02342,0.0,null]]],[[[115.59584,0.06544,0.0,null],[115.61851,0.07683,0.0,null],[115.65524,0.09662,0.0,null],[115.59339,0.12272,0.0,null],[115.59362,0.07929,0.0,null],[115.59584,0.06544,0.0,null]]]]}},{"type":"Feature","properties":{"inventoryId":"big-forestry-ha:18","sector":"PBPH","subtype":"IUPHHK-HA","quality":"OFFICIAL","sourceDataset":"big-forestry-ha","sourceRecordId":"18","source":"BIG Kebijakan Satu Peta","sourceUrl":"https://kspservices.big.go.id/satupeta/rest/services/PUBLIK/PERIZINAN_DAN_PERTANAHAN/MapServer/1","retrievedAt":"2026-08-24T04:32:16Z","geometryProcessing":"web display simplification tolerance 0.00035 degrees","name":"PT KEDUNG MADU TROPICAL WOOD","permitNumber":"SK.269/Menhut-II/2007","permitDate":"2007-06-08","areaHa":50400.0,"provinceCode":"64","region":"kalimantan"},"geometry":{"type":"Polygon","coordinates":[[[117.48244,1.6251,0.0,null],[117.47202,1.63207,0.0,null],[117.46301,1.60509,0.0,null],[117.44603,1.59613,0.0,null],[117.43874,1.59742,0.0,null],[117.43037,1.6168,0.0,null],[117.42889,1.6284,0.0,null],[117.41935,1.6204,0.0,null],[117.40384,1.60907,0.0,null],[117.39651,1.60254,0.0,null],[117.38393,1.58913,0.0,null],[117.38047,1.58476,0.0,null],[117.37391,1.57569,0.0,null],[117.36756,1.56498,0.0,null],[117.36145,1.55226,0.0,null],[117.35355,1.53105,0.0,null],[117.34797,1.5113,0.0,null],[117.33996,1.4868,0.0,null],[117.33487,1.46486,0.0,null],[117.35301,1.44387,0.0,null],[117.36079,1.41863,0.0,null],[117.35983,1.40186,0.0,null],[117.35646,1.3859,0.0,null],[117.35154,1.37475,0.0,null],[117.34261,1.36321,0.0,null],[117.33813,1.35605,0.0,null],[117.35077,1.34163,0.0,null],[117.37094,1.32623,0.0,null],[117.37457,1.32455,0.0,null],[117.37435,1.32364,0.0,null],[117.3817,1.31805,0.0,null],[117.39215,1.31174,0.0,null],[117.40045,1.31204,0.0,null],[117.41295,1.32687,0.0,null],[117.42499,1.33298,0.0,null],[117.43692,1.33281,0.0,null],[117.45634,1.33014,0.0,null],[117.46988,1.33393,0.0,null],[117.4994,1.41769,0.0,null],[117.49934,1.41873,0.0,null],[117.49796,1.42011,0.0,null],[117.49879,1.41977,0.0,null],[117.4992,1.42081,0.0,null],[117.50024,1.42143,0.0,null],[117.50031,1.42233,0.0,null],[117.49768,1.42344,0.0,null],[117.49727,1.42407,0.0,null],[117.49817,1.42462,0.0,null],[117.49989,1.424,0.0,null],[117.50261,1.42091,0.0,null],[117.50378,1.42112,0.0,null],[117.50703,1.42299,0.0,null],[117.51082,1.42285,0.0,null],[117.51205,1.42341,0.0,null],[117.5133,1.42528,0.0,null],[117.5175,1.42833,0.0,null],[117.51806,1.42792,0.0,null],[117.5173,1.42729,0.0,null],[117.51936,1.42722,0.0,null],[117.51888,1.42639,0.0,null],[117.5195,1.42583,0.0,null],[117.52309,1.42394,0.0,null],[117.52718,1.42342,0.0,null],[117.52824,1.42174,0.0,null],[117.53159,1.41986,0.0,null],[117.53625,1.41849,0.0,null],[117.54015,1.41513,0.0,null],[117.54266,1.41723,0.0,null],[117.54138,1.41946,0.0,null],[117.54161,1.41988,0.0,null],[117.54266,1.41968,0.0,null],[117.54395,1.4176,0.0,null],[117.54273,1.41533,0.0,null],[117.54303,1.41439,0.0,null],[117.54519,1.41344,0.0,null],[117.54733,1.41356,0.0,null],[117.5494,1.41081,0.0,null],[117.55171,1.412,0.0,null],[117.55352,1.41114,0.0,null],[117.55435,1.41478,0.0,null],[117.55507,1.41543,0.0,null],[117.55614,1.41543,0.0,null],[117.55862,1.41364,0.0,null],[117.55963,1.40881,0.0,null],[117.56052,1.40761,0.0,null],[117.56521,1.41042,0.0,null],[117.56818,1.40851,0.0,null],[117.56912,1.40731,0.0,null],[117.57455,1.40764,0.0,null],[117.57614,1.40648,0.0,null],[117.57822,1.4418,0.0,null],[117.55891,1.44625,0.0,null],[117.55283,1.45132,0.0,null],[117.54993,1.45552,0.0,null],[117.54964,1.46073,0.0,null],[117.55196,1.47289,0.0,null],[117.55399,1.47839,0.0,null],[117.55659,1.4823,0.0,null],[117.56616,1.49027,0.0,null],[117.57848,1.49794,0.0,null],[117.58282,1.50243,0.0,null],[117.58804,1.5101,0.0,null],[117.59122,1.51126,0.0,null],[117.59586,1.51097,0.0,null],[117.59803,1.50909,0.0,null],[117.59991,1.50417,0.0,null],[117.60093,1.49838,0.0,null],[117.60064,1.48772,0.0,null],[117.61129,1.50085,0.0,null],[117.61112,1.53945,0.0,null],[117.60868,1.54984,0.0,null],[117.48244,1.6251,0.0,null]]]}},{"type":"Feature","properties":{"inventoryId":"big-forestry-ha:26","sector":"PBPH","subtype":"IUPHHK-HA","quality":"OFFICIAL","sourceDataset":"big-forestry-ha","sourceRecordId":"26","source":"BIG Kebijakan Satu Peta","sourceUrl":"https://kspservices.big.go.id/satupeta/rest/services/PUBLIK/PERIZINAN_DAN_PERTANAHAN/MapServer/1","retrievedAt":"2026-08-24T04:32:16Z","geometryProcessing":"web display simplification tolerance 0.00035 degrees","name":"PT KEMAKMURAN BERKAH TIMBER","permitNumber":"SK.217/Menhut-II/2008","permitDate":"2008-06-09","areaHa":82810.0,"provinceCode":"64","region":"kalimantan"},"geometry":{"type":"Polygon","coordinates":[[[114.99174,1.25959,0.0,null],[114.99183,1.26112,0.0,null],[114.98737,1.25703,0.0,null],[114.98632,1.25685,0.0,null],[114.98565,1.25461,0.0,null],[114.98342,1.25447,0.0,null],[114.98338,1.2539,0.0,null],[114.98463,1.25279,0.0,null],[114.98412,1.25215,0.0,null],[114.98309,1.2521,0.0,null],[114.98325,1.25132,0.0,null],[114.98154,1.24973,0.0,null],[114.98131,1.24831,0.0,null],[114.98044,1.24734,0.0,null],[114.97771,1.24588,0.0,null],[114.9775,1.24409,0.0,null],[114.9786,1.24191,0.0,null],[114.97764,1.24111,0.0,null],[114.97987,1.23887,0.0,null],[114.97968,1.23799,0.0,null],[114.97817,1.23756,0.0,null],[114.97665,1.23558,0.0,null],[114.97582,1.23555,0.0,null],[114.97455,1.23168,0.0,null],[114.97266,1.2311,0.0,null],[114.97221,1.23193,0.0,null],[114.97163,1.23025,0.0,null],[114.97027,1.23016,0.0,null],[114.96828,1.23141,0.0,null],[114.96748,1.23331,0.0,null],[114.96599,1.23418,0.0,null],[114.96811,1.22732,0.0,null],[114.96788,1.22632,0.0,null],[114.96698,1.22653,0.0,null],[114.96479,1.22424,0.0,null],[114.96229,1.22577,0.0,null],[114.96114,1.22482,0.0,null],[114.95977,1.22611,0.0,null],[114.95919,1.22719,0.0,null],[114.95979,1.22801,0.0,null],[114.95962,1.22871,0.0,null],[114.95784,1.22957,0.0,null],[114.95744,1.23201,0.0,null],[114.958,1.23208,0.0,null],[114.95818,1.23357,0.0,null],[114.95703,1.23438,0.0,null],[114.95649,1.23397,0.0,null],[114.95562,1.23478,0.0,null],[114.95191,1.23329,0.0,null],[114.95009,1.23604,0.0,null],[114.94759,1.23763,0.0,null],[114.94733,1.23614,0.0,null],[114.94349,1.23634,0.0,null],[114.94456,1.23905,0.0,null],[114.94568,1.24017,0.0,null],[114.94443,1.24081,0.0,null],[114.94429,1.24142,0.0,null],[114.94225,1.24207,0.0,null],[114.94072,1.24407,0.0,null],[114.9391,1.24447,0.0,null],[114.93801,1.24591,0.0,null],[114.93687,1.24616,0.0,null],[114.93506,1.24433,0.0,null],[114.93385,1.24399,0.0,null],[114.93304,1.24426,0.0,null],[114.93284,1.24521,0.0,null],[114.93171,1.24523,0.0,null],[114.93014,1.24311,0.0,null],[114.92818,1.24426,0.0,null],[114.92873,1.24643,0.0,null],[114.9263,1.24799,0.0,null],[114.92537,1.25099,0.0,null],[114.92467,1.25077,0.0,null],[114.92403,1.24839,0.0,null],[114.92245,1.24778,0.0,null],[114.92184,1.24926,0.0,null],[114.92097,1.24975,0.0,null],[114.91929,1.24764,0.0,null],[114.91715,1.24822,0.0,null],[114.917,1.249,0.0,null],[114.91584,1.24912,0.0,null],[114.91477,1.25008,0.0,null],[114.91358,1.24963,0.0,null],[114.91907,1.24569,0.0,null],[114.92695,1.2385,0.0,null],[114.93231,1.23224,0.0,null],[114.93914,1.22287,0.0,null],[114.94218,1.21578,0.0,null],[114.94437,1.20769,0.0,null],[114.94403,1.20213,0.0,null],[114.93729,1.18361,0.0,null],[114.93476,1.18058,0.0,null],[114.92346,1.17605,0.0,null],[114.91891,1.17656,0.0,null],[114.90878,1.17962,0.0,null],[114.89495,1.17931,0.0,null],[114.8528,1.17536,0.0,null],[114.84774,1.17453,0.0,null],[114.84404,1.17083,0.0,null],[114.84069,1.1646,0.0,null],[114.83869,1.15516,0.0,null],[114.83871,1.14774,0.0,null],[114.8399,1.14234,0.0,null],[114.84363,1.12902,0.0,null],[114.84634,1.12244,0.0,null],[114.84786,1.12143,0.0,null],[114.84871,1.11738,0.0,null],[114.86646,1.08667,0.0,null],[114.87137,1.07487,0.0,null],[114.86852,1.06612,0.0,null],[114.85001,1.05792,0.0,null],[114.84748,1.05776,0.0,null],[114.82336,1.0681,0.0,null],[114.81965,1.06913,0.0,null],[114.79637,1.06887,0.0,null],[114.77914,1.06978,0.0,null],[114.77492,1.07232,0.0,null],[114.76648,1.07453,0.0,null],[114.76159,1.07504,0.0,null],[114.75856,1.07437,0.0,null],[114.75317,1.07184,0.0,null],[114.7488,1.071,0.0,null],[114.72965,1.06997,0.0,null],[114.7174,1.0681,0.0,null],[114.71337,1.06557,0.0,null],[114.71169,1.06203,0.0,null],[114.70783,1.04081,0.0,null],[114.70547,1.03575,0.0,null],[114.70279,1.03272,0.0,null],[114.69658,1.03238,0.0,null],[114.68735,1.03423,0.0,null],[114.67577,1.0408,0.0,null],[114.66587,1.04787,0.0,null],[114.65278,1.05528,0.0,null],[114.60288,0.97533,0.0,null],[114.58464,0.97383,0.0,null],[114.52038,0.9887,0.0,null],[114.50285,1.01567,0.0,null],[114.49033,0.99974,0.0,null],[114.48335,0.98234,0.0,null],[114.51658,0.94732,0.0,null],[114.54333,0.94339,0.0,null],[114.54521,0.94214,0.0,null],[114.54741,0.9424,0.0,null],[114.54897,0.94105,0.0,null],[114.55105,0.94145,0.0,null],[114.55336,0.93989,0.0,null],[114.55776,0.94089,0.0,null],[114.55847,0.94222,0.0,null],[114.56029,0.94193,0.0,null],[114.56295,0.94305,0.0,null],[114.56404,0.9426,0.0,null],[114.56341,0.94053,0.0,null],[114.56379,0.93919,0.0,null],[114.56542,0.9403,0.0,null],[114.56889,0.94058,0.0,null],[114.57477,0.94225,0.0,null],[114.57609,0.94109,0.0,null],[114.57912,0.94079,0.0,null],[114.57979,0.93994,0.0,null],[114.57898,0.93885,0.0,null],[114.57618,0.93036,0.0,null],[114.57741,0.9237,0.0,null],[114.57829,0.92317,0.0,null],[114.57918,0.92373,0.0,null],[114.58362,0.92106,0.0,null],[114.58761,0.91968,0.0,null],[114.59176,0.91657,0.0,null],[114.59267,0.91666,0.0,null],[114.59521,0.91939,0.0,null],[114.59911,0.92024,0.0,null],[114.60309,0.91731,0.0,null],[114.60576,0.91797,0.0,null],[114.6069,0.91658,0.0,null],[114.60793,0.91656,0.0,null],[114.6123,0.91324,0.0,null],[114.61645,0.91337,0.0,null],[114.61759,0.9151,0.0,null],[114.61991,0.9156,0.0,null],[114.6201,0.91374,0.0,null],[114.61777,0.90892,0.0,null],[114.6209,0.90486,0.0,null],[114.62219,0.9044,0.0,null],[114.62437,0.90475,0.0,null],[114.62942,0.90657,0.0,null],[114.63129,0.90369,0.0,null],[114.63284,0.90334,0.0,null],[114.63712,0.90534,0.0,null],[114.64225,0.90536,0.0,null],[114.64358,0.90385,0.0,null],[114.64375,0.90285,0.0,null],[114.64068,0.90173,0.0,null],[114.64135,0.8976,0.0,null],[114.64281,0.89548,0.0,null],[114.64466,0.89478,0.0,null],[114.64617,0.89767,0.0,null],[114.64795,0.89746,0.0,null],[114.65213,0.89529,0.0,null],[114.65301,0.89552,0.0,null],[114.65522,0.89788,0.0,null],[114.65643,0.8975,0.0,null],[114.659,0.89337,0.0,null],[114.66185,0.89726,0.0,null],[114.6661,0.89813,0.0,null],[114.66733,0.89786,0.0,null],[114.66867,0.89649,0.0,null],[114.67017,0.89305,0.0,null],[114.66861,0.89131,0.0,null],[114.6683,0.88738,0.0,null],[114.66729,0.88452,0.0,null],[114.66594,0.88261,0.0,null],[114.66621,0.88131,0.0,null],[114.67077,0.88338,0.0,null],[114.67493,0.88652,0.0,null],[114.68042,0.88492,0.0,null],[114.68211,0.8871,0.0,null],[114.68321,0.88723,0.0,null],[114.6825,0.88718,0.0,null],[114.68345,0.88692,0.0,null],[114.68417,0.88395,0.0,null],[114.68563,0.88357,0.0,null],[114.68708,0.88493,0.0,null],[114.68685,0.88672,0.0,null],[114.68773,0.88778,0.0,null],[114.69473,0.88842,0.0,null],[114.70025,0.89105,0.0,null],[114.70176,0.89068,0.0,null],[114.70412,0.88853,0.0,null],[114.70592,0.88318,0.0,null],[114.70728,0.88093,0.0,null],[114.70868,0.87998,0.0,null],[114.71015,0.88039,0.0,null],[114.7132,0.88499,0.0,null],[114.71409,0.88554,0.0,null],[114.71679,0.88606,0.0,null],[114.72528,0.8862,0.0,null],[114.72691,0.88938,0.0,null],[114.72635,0.90019,0.0,null],[114.7288,0.90147,0.0,null],[114.73326,0.90123,0.0,null],[114.73595,0.90285,0.0,null],[114.74156,0.90258,0.0,null],[114.74336,0.90299,0.0,null],[114.74477,0.90404,0.0,null],[114.74474,0.90714,0.0,null],[114.74774,0.90863,0.0,null],[114.74924,0.91064,0.0,null],[114.74914,0.91193,0.0,null],[114.74764,0.91408,0.0,null],[114.74725,0.91722,0.0,null],[114.75094,0.91904,0.0,null],[114.75306,0.92084,0.0,null],[114.75542,0.92162,0.0,null],[114.75898,0.92437,0.0,null],[114.76542,0.92456,0.0,null],[114.77076,0.92641,0.0,null],[114.77416,0.92529,0.0,null],[114.77508,0.92275,0.0,null],[114.77599,0.92286,0.0,null],[114.77562,0.92382,0.0,null],[114.77663,0.92283,0.0,null],[114.77861,0.9226,0.0,null],[114.78017,0.92344,0.0,null],[114.78059,0.92448,0.0,null],[114.78204,0.92491,0.0,null],[114.78386,0.92412,0.0,null],[114.79082,0.92494,0.0,null],[114.79452,0.92284,0.0,null],[114.79765,0.92348,0.0,null],[114.80161,0.92173,0.0,null],[114.80382,0.92006,0.0,null],[114.80924,0.91817,0.0,null],[114.81241,0.91959,0.0,null],[114.81446,0.91981,0.0,null],[114.81922,0.92249,0.0,null],[114.82082,0.92218,0.0,null],[114.82332,0.92055,0.0,null],[114.82631,0.9199,0.0,null],[114.82916,0.92054,0.0,null],[114.83093,0.92006,0.0,null],[114.83466,0.92176,0.0,null],[114.83805,0.92185,0.0,null],[114.84094,0.92322,0.0,null],[114.84163,0.92421,0.0,null],[114.84164,0.92574,0.0,null],[114.84261,0.92696,0.0,null],[114.8448,0.92728,0.0,null],[114.84857,0.9292,0.0,null],[114.85304,0.92806,0.0,null],[114.85454,0.92687,0.0,null],[114.85741,0.92646,0.0,null],[114.85869,0.92483,0.0,null],[114.86007,0.92502,0.0,null],[114.86097,0.92447,0.0,null],[114.86478,0.92523,0.0,null],[114.86691,0.92489,0.0,null],[114.87111,0.92598,0.0,null],[114.87316,0.92557,0.0,null],[114.87337,0.92619,0.0,null],[114.87423,0.9257,0.0,null],[114.87934,0.92636,0.0,null],[114.88189,0.9257,0.0,null],[114.88266,0.92606,0.0,null],[114.88268,0.92738,0.0,null],[114.88349,0.92793,0.0,null],[114.88629,0.92685,0.0,null],[114.88899,0.9279,0.0,null],[114.89267,0.92693,0.0,null],[114.89595,0.92686,0.0,null],[114.89734,0.92748,0.0,null],[114.90459,0.92796,0.0,null],[114.90565,0.92734,0.0,null],[114.90772,0.92737,0.0,null],[114.9081,0.92656,0.0,null],[114.91024,0.92578,0.0,null],[114.91303,0.92152,0.0,null],[114.91359,0.91776,0.0,null],[114.9131,0.91407,0.0,null],[114.91446,0.91119,0.0,null],[114.91468,0.90761,0.0,null],[114.91432,0.90741,0.0,null],[114.91631,0.9046,0.0,null],[114.91677,0.90246,0.0,null],[114.91647,0.9012,0.0,null],[114.91729,0.89915,0.0,null],[114.91975,0.89721,0.0,null],[114.93134,0.89516,0.0,null],[114.93554,0.8959,0.0,null],[114.93914,0.89772,0.0,null],[114.94251,0.89777,0.0,null],[114.94391,0.8983,0.0,null],[114.94939,0.89745,0.0,null],[114.95329,0.8982,0.0,null],[114.95476,0.8978,0.0,null],[114.9562,0.89844,0.0,null],[114.95778,0.89716,0.0,null],[114.96127,0.89695,0.0,null],[114.96864,0.89795,0.0,null],[114.97088,0.89743,0.0,null],[114.97691,0.90241,0.0,null],[114.98175,0.90152,0.0,null],[114.98226,0.90431,0.0,null],[114.97946,0.90464,0.0,null],[114.9791,0.90808,0.0,null],[114.97741,0.91001,0.0,null],[114.97754,0.91521,0.0,null],[114.98003,0.92165,0.0,null],[114.9798,0.92507,0.0,null],[114.97481,0.92944,0.0,null],[114.97233,0.92979,0.0,null],[114.97044,0.931,0.0,null],[114.96875,0.92939,0.0,null],[114.96663,0.92947,0.0,null],[114.96544,0.93126,0.0,null],[114.96162,0.93247,0.0,null],[114.96006,0.93032,0.0,null],[114.95853,0.92975,0.0,null],[114.95738,0.9285,0.0,null],[114.95239,0.92947,0.0,null],[114.94944,0.92948,0.0,null],[114.94867,0.92701,0.0,null],[114.94527,0.92504,0.0,null],[114.9444,0.92298,0.0,null],[114.9427,0.92136,0.0,null],[114.9428,0.91972,0.0,null],[114.94208,0.91933,0.0,null],[114.94099,0.92113,0.0,null],[114.93867,0.92108,0.0,null],[114.93747,0.92168,0.0,null],[114.93171,0.92702,0.0,null],[114.93076,0.92945,0.0,null],[114.92908,0.93009,0.0,null],[114.92832,0.93205,0.0,null],[114.92835,0.934,0.0,null],[114.92764,0.93508,0.0,null],[114.92636,0.93558,0.0,null],[114.92343,0.93417,0.0,null],[114.92188,0.93434,0.0,null],[114.92289,0.93646,0.0,null],[114.92228,0.93988,0.0,null],[114.92334,0.94196,0.0,null],[114.92306,0.94414,0.0,null],[114.92481,0.94566,0.0,null],[114.92761,0.947,0.0,null],[114.92681,0.94837,0.0,null],[114.92738,0.95168,0.0,null],[114.92655,0.95498,0.0,null],[114.92821,0.95618,0.0,null],[114.92863,0.95788,0.0,null],[114.92535,0.96207,0.0,null],[114.91764,0.96584,0.0,null],[114.9171,0.96776,0.0,null],[114.91494,0.96697,0.0,null],[114.91417,0.96802,0.0,null],[114.91492,0.97037,0.0,null],[114.91715,0.97266,0.0,null],[114.91653,0.97572,0.0,null],[114.91553,0.97727,0.0,null],[114.91562,0.97835,0.0,null],[114.92016,0.981,0.0,null],[114.92167,0.98331,0.0,null],[114.92112,0.98494,0.0,null],[114.92165,0.98649,0.0,null],[114.92479,0.98865,0.0,null],[114.92292,0.99213,0.0,null],[114.92271,0.99404,0.0,null],[114.92353,0.99512,0.0,null],[114.9255,0.99588,0.0,null],[114.92429,0.99868,0.0,null],[114.92501,1.00094,0.0,null],[114.92696,1.00289,0.0,null],[114.92602,1.00505,0.0,null],[114.92616,1.00637,0.0,null],[114.92767,1.00712,0.0,null],[114.92822,1.01003,0.0,null],[114.93102,1.01432,0.0,null],[114.93103,1.01641,0.0,null],[114.93232,1.01795,0.0,null],[114.93174,1.02,0.0,null],[114.93058,1.02148,0.0,null],[114.92958,1.02621,0.0,null],[114.93026,1.03164,0.0,null],[114.93566,1.0372,0.0,null],[114.93716,1.03754,0.0,null],[114.94071,1.03702,0.0,null],[114.94166,1.03919,0.0,null],[114.94123,1.0418,0.0,null],[114.94167,1.04334,0.0,null],[114.94776,1.04891,0.0,null],[114.94769,1.05088,0.0,null],[114.94636,1.05351,0.0,null],[114.94711,1.05555,0.0,null],[114.94846,1.05662,0.0,null],[114.94962,1.05601,0.0,null],[114.95094,1.05624,0.0,null],[114.95051,1.05806,0.0,null],[114.95135,1.05916,0.0,null],[114.95386,1.05909,0.0,null],[114.95513,1.06345,0.0,null],[114.99242,1.07527,0.0,null],[114.99389,1.07523,0.0,null],[114.99174,1.25959,0.0,null]]]}},{"type":"Feature","properties":{"inventoryId":"big-forestry-ha:101","sector":"PBPH","subtype":"IUPHHK-HA","quality":"OFFICIAL","sourceDataset":"big-forestry-ha","sourceRecordId":"101","source":"BIG Kebijakan Satu Peta","sourceUrl":"https://kspservices.big.go.id/satupeta/rest/services/PUBLIK/PERIZINAN_DAN_PERTANAHAN/MapServer/1","retrievedAt":"2026-08-24T04:32:16Z","geometryProcessing":"web display simplification tolerance 0.00035 degrees","name":"PT KIANI LESTARI","permitNumber":"SK.434/Menhut-II/2012","permitDate":"2012-08-09","areaHa":134950.0,"provinceCode":"64","dossierId":"kiani","region":"kalimantan"},"geometry":{"type":"MultiPolygon","coordinates":[[[[117.26194,1.2086,0.0,null],[117.25079,1.21458,0.0,null],[117.23862,1.20794,0.0,null],[117.22939,1.21358,0.0,null],[117.18199,1.11718,0.0,null],[117.06016,1.0873,0.0,null],[117.05047,1.07838,0.0,null],[117.06024,1.08088,0.0,null],[117.0604,1.07098,0.0,null],[117.0629,1.06234,0.0,null],[117.06566,1.05724,0.0,null],[117.0647,1.05771,0.0,null],[117.06332,1.05747,0.0,null],[117.05795,1.06204,0.0,null],[117.05654,1.06642,0.0,null],[117.05515,1.06618,0.0,null],[117.05352,1.06709,0.0,null],[117.05283,1.06662,0.0,null],[117.04771,1.06936,0.0,null],[117.04468,1.07257,0.0,null],[117.04304,1.07612,0.0,null],[117.03015,1.07559,0.0,null],[117.02888,1.0428,0.0,null],[117.02752,1.04253,0.0,null],[117.02691,1.04153,0.0,null],[117.02301,1.04165,0.0,null],[117.02263,1.0372,0.0,null],[117.01682,1.03723,0.0,null],[117.00391,1.02766,0.0,null],[117.02065,0.96008,0.0,null],[117.06491,0.93818,0.0,null],[117.07979,0.94099,0.0,null],[117.09392,0.94267,0.0,null],[117.15561,0.9167,0.0,null],[117.16034,0.91524,0.0,null],[117.1804,0.90408,0.0,null],[117.19009,0.90099,0.0,null],[117.19518,0.89848,0.0,null],[117.15941,0.83081,0.0,null],[117.15288,0.83819,0.0,null],[117.12481,0.85357,0.0,null],[117.10731,0.85745,0.0,null],[117.06489,0.85747,0.0,null],[117.03447,0.84428,0.0,null],[117.00876,0.84441,0.0,null],[116.99106,0.85422,0.0,null],[116.96892,0.87332,0.0,null],[116.94683,0.91132,0.0,null],[116.94615,0.91033,0.0,null],[116.94432,0.91092,0.0,null],[116.9411,0.90726,0.0,null],[116.93404,0.92237,0.0,null],[116.8839,0.8753,0.0,null],[116.86323,0.83444,0.0,null],[116.85806,0.81014,0.0,null],[116.86004,0.7673,0.0,null],[116.86425,0.75443,0.0,null],[116.86804,0.7209,0.0,null],[116.87154,0.71976,0.0,null],[116.87258,0.72,0.0,null],[116.87537,0.71934,0.0,null],[116.87887,0.71729,0.0,null],[116.883,0.72051,0.0,null],[116.88387,0.72398,0.0,null],[116.88615,0.72667,0.0,null],[116.8879,0.72679,0.0,null],[116.88819,0.72991,0.0,null],[116.88937,0.73129,0.0,null],[116.8902,0.73132,0.0,null],[116.89093,0.72987,0.0,null],[116.89049,0.73227,0.0,null],[116.89143,0.73375,0.0,null],[116.89305,0.73451,0.0,null],[116.89277,0.73573,0.0,null],[116.89505,0.73435,0.0,null],[116.89622,0.73446,0.0,null],[116.89876,0.73086,0.0,null],[116.90101,0.7308,0.0,null],[116.90043,0.73004,0.0,null],[116.90063,0.72763,0.0,null],[116.90006,0.72695,0.0,null],[116.9017,0.7276,0.0,null],[116.90343,0.73056,0.0,null],[116.92032,0.7312,0.0,null],[116.91723,0.73386,0.0,null],[116.91569,0.7336,0.0,null],[116.91492,0.73519,0.0,null],[116.91488,0.7361,0.0,null],[116.91583,0.73734,0.0,null],[116.91512,0.73982,0.0,null],[116.916,0.73996,0.0,null],[116.91647,0.74241,0.0,null],[116.91769,0.74329,0.0,null],[116.91612,0.74457,0.0,null],[116.91589,0.74633,0.0,null],[116.91416,0.74841,0.0,null],[116.91385,0.75112,0.0,null],[116.91402,0.75285,0.0,null],[116.91616,0.75569,0.0,null],[116.9155,0.75914,0.0,null],[116.91652,0.76535,0.0,null],[116.92517,0.76905,0.0,null],[116.92593,0.76881,0.0,null],[116.92654,0.76716,0.0,null],[116.92958,0.76328,0.0,null],[116.93113,0.76409,0.0,null],[116.9328,0.7662,0.0,null],[116.93446,0.76673,0.0,null],[116.94039,0.76504,0.0,null],[116.9416,0.7639,0.0,null],[116.94312,0.76356,0.0,null],[116.94524,0.76749,0.0,null],[116.94521,0.77005,0.0,null],[116.94181,0.77012,0.0,null],[116.94128,0.77179,0.0,null],[116.93981,0.77249,0.0,null],[116.93806,0.77555,0.0,null],[116.93824,0.77646,0.0,null],[116.93751,0.77779,0.0,null],[116.93606,0.77841,0.0,null],[116.93601,0.78022,0.0,null],[116.93803,0.78169,0.0,null],[116.93791,0.78253,0.0,null],[116.94139,0.78329,0.0,null],[116.9423,0.78475,0.0,null],[116.94538,0.78624,0.0,null],[116.94541,0.78714,0.0,null],[116.94543,0.79074,0.0,null],[116.94381,0.79376,0.0,null],[116.94412,0.79642,0.0,null],[116.94258,0.79797,0.0,null],[116.94331,0.80335,0.0,null],[116.94208,0.80447,0.0,null],[116.94179,0.8062,0.0,null],[116.94331,0.80918,0.0,null],[116.94315,0.80996,0.0,null],[116.93908,0.81463,0.0,null],[116.93694,0.81572,0.0,null],[116.93801,0.81808,0.0,null],[116.93874,0.81811,0.0,null],[116.93926,0.81739,0.0,null],[116.94153,0.81862,0.0,null],[116.94191,0.82032,0.0,null],[116.9415,0.82198,0.0,null],[116.94179,0.82369,0.0,null],[116.94317,0.82586,0.0,null],[116.943,0.82736,0.0,null],[116.94472,0.82912,0.0,null],[116.94874,0.83063,0.0,null],[116.95676,0.83038,0.0,null],[116.96564,0.82926,0.0,null],[116.96238,0.81147,0.0,null],[116.9617,0.8109,0.0,null],[116.96165,0.80553,0.0,null],[116.96064,0.80307,0.0,null],[116.96254,0.79617,0.0,null],[116.96156,0.79082,0.0,null],[116.95991,0.78663,0.0,null],[116.95989,0.77665,0.0,null],[116.95928,0.77501,0.0,null],[116.96005,0.76516,0.0,null],[116.96056,0.76357,0.0,null],[116.96301,0.7612,0.0,null],[116.96259,0.7604,0.0,null],[116.96325,0.75887,0.0,null],[116.96397,0.75835,0.0,null],[116.96749,0.75847,0.0,null],[116.96912,0.75791,0.0,null],[116.97039,0.76016,0.0,null],[116.97187,0.76102,0.0,null],[116.97279,0.76094,0.0,null],[116.97301,0.75923,0.0,null],[116.97446,0.75876,0.0,null],[116.97595,0.76086,0.0,null],[116.97941,0.76153,0.0,null],[116.97972,0.76245,0.0,null],[116.9807,0.7621,0.0,null],[116.98286,0.76423,0.0,null],[116.98448,0.76451,0.0,null],[116.98674,0.76601,0.0,null],[116.98847,0.76616,0.0,null],[116.99281,0.7687,0.0,null],[116.99714,0.76737,0.0,null],[116.9999,0.76739,0.0,null],[116.9992,0.76677,0.0,null],[116.99927,0.76514,0.0,null],[116.9961,0.76066,0.0,null],[116.99638,0.75823,0.0,null],[116.99983,0.75698,0.0,null],[117.00272,0.75497,0.0,null],[117.00454,0.75494,0.0,null],[117.00521,0.75145,0.0,null],[117.00591,0.75094,0.0,null],[117.00859,0.75104,0.0,null],[117.01066,0.74925,0.0,null],[117.01234,0.74866,0.0,null],[117.01337,0.7462,0.0,null],[117.01754,0.7448,0.0,null],[117.02051,0.74642,0.0,null],[117.02258,0.74678,0.0,null],[117.02373,0.74644,0.0,null],[117.02484,0.74447,0.0,null],[117.02865,0.74239,0.0,null],[117.03215,0.74212,0.0,null],[117.03641,0.74293,0.0,null],[117.03894,0.74043,0.0,null],[117.04194,0.74131,0.0,null],[117.04554,0.74382,0.0,null],[117.04638,0.74377,0.0,null],[117.0523,0.74157,0.0,null],[117.05332,0.74014,0.0,null],[117.054,0.73668,0.0,null],[117.0548,0.73627,0.0,null],[117.06364,0.7366,0.0,null],[117.06608,0.73563,0.0,null],[117.06883,0.73319,0.0,null],[117.07218,0.73247,0.0,null],[117.0718,0.73181,0.0,null],[117.06594,0.73124,0.0,null],[117.06421,0.73008,0.0,null],[117.06374,0.72847,0.0,null],[117.06178,0.72591,0.0,null],[117.06282,0.71904,0.0,null],[117.05871,0.7169,0.0,null],[117.05764,0.71431,0.0,null],[117.05713,0.71116,0.0,null],[117.05844,0.70599,0.0,null],[117.05738,0.70231,0.0,null],[117.05527,0.69951,0.0,null],[117.05486,0.69761,0.0,null],[117.05642,0.69601,0.0,null],[117.05603,0.69359,0.0,null],[117.05683,0.69012,0.0,null],[117.05828,0.68887,0.0,null],[117.05704,0.68295,0.0,null],[117.05888,0.67577,0.0,null],[117.05817,0.66811,0.0,null],[117.06042,0.65964,0.0,null],[117.05974,0.65936,0.0,null],[117.05904,0.66037,0.0,null],[117.05567,0.66169,0.0,null],[117.05421,0.66155,0.0,null],[117.05415,0.65892,0.0,null],[117.0559,0.65702,0.0,null],[117.05495,0.65614,0.0,null],[117.05438,0.65723,0.0,null],[117.05327,0.65682,0.0,null],[117.05446,0.65514,0.0,null],[117.05451,0.65388,0.0,null],[117.05238,0.64864,0.0,null],[117.05391,0.64616,0.0,null],[117.05142,0.64578,0.0,null],[117.05104,0.64527,0.0,null],[117.05157,0.64255,0.0,null],[117.05281,0.64391,0.0,null],[117.05353,0.64312,0.0,null],[117.05585,0.64247,0.0,null],[117.05597,0.6403,0.0,null],[117.05512,0.63754,0.0,null],[117.0563,0.63525,0.0,null],[117.0553,0.63342,0.0,null],[117.05566,0.63254,0.0,null],[117.05692,0.63204,0.0,null],[117.05814,0.63065,0.0,null],[117.05768,0.6279,0.0,null],[117.057,0.62749,0.0,null],[117.05532,0.62771,0.0,null],[117.05836,0.62439,0.0,null],[117.05652,0.62357,0.0,null],[117.057,0.62133,0.0,null],[117.05619,0.61945,0.0,null],[117.05454,0.61965,0.0,null],[117.05325,0.61831,0.0,null],[117.05357,0.61639,0.0,null],[117.05504,0.61612,0.0,null],[117.05644,0.61396,0.0,null],[117.05462,0.61218,0.0,null],[117.05645,0.61165,0.0,null],[117.05706,0.6103,0.0,null],[117.05696,0.60944,0.0,null],[117.05539,0.60842,0.0,null],[117.05799,0.60733,0.0,null],[117.05873,0.60612,0.0,null],[117.05818,0.60586,0.0,null],[117.05611,0.60744,0.0,null],[117.05573,0.60631,0.0,null],[117.05606,0.60375,0.0,null],[117.05923,0.60303,0.0,null],[117.05933,0.6011,0.0,null],[117.06083,0.60154,0.0,null],[117.05931,0.59903,0.0,null],[117.05955,0.59809,0.0,null],[117.06207,0.59871,0.0,null],[117.06377,0.59778,0.0,null],[117.06404,0.5966,0.0,null],[117.06714,0.59722,0.0,null],[117.06906,0.59604,0.0,null],[117.06747,0.59315,0.0,null],[117.06748,0.59099,0.0,null],[117.06507,0.58827,0.0,null],[117.06668,0.58613,0.0,null],[117.06674,0.58453,0.0,null],[117.06363,0.5841,0.0,null],[117.06548,0.58179,0.0,null],[117.06635,0.57953,0.0,null],[117.06895,0.57909,0.0,null],[117.06948,0.57842,0.0,null],[117.06911,0.57771,0.0,null],[117.0673,0.57774,0.0,null],[117.06754,0.5755,0.0,null],[117.06462,0.57521,0.0,null],[117.06416,0.57275,0.0,null],[117.06628,0.57177,0.0,null],[117.06906,0.57179,0.0,null],[117.07022,0.56905,0.0,null],[117.17824,0.84325,0.0,null],[117.20199,0.9029,0.0,null],[117.24222,1.00121,0.0,null],[117.24315,1.00251,0.0,null],[117.24389,1.00246,0.0,null],[117.24599,1.00414,0.0,null],[117.24554,1.00523,0.0,null],[117.24575,1.00725,0.0,null],[117.24692,1.00782,0.0,null],[117.2487,1.01067,0.0,null],[117.24883,1.01166,0.0,null],[117.24803,1.01288,0.0,null],[117.24869,1.0152,0.0,null],[117.24973,1.01575,0.0,null],[117.24923,1.01498,0.0,null],[117.24975,1.01377,0.0,null],[117.25311,1.0145,0.0,null],[117.25226,1.01567,0.0,null],[117.2531,1.01599,0.0,null],[117.25323,1.01779,0.0,null],[117.25475,1.02032,0.0,null],[117.26623,1.05531,0.0,null],[117.31778,1.12397,0.0,null],[117.32802,1.16019,0.0,null],[117.33468,1.16009,0.0,null],[117.33672,1.16863,0.0,null],[117.26194,1.2086,0.0,null]],[[117.1793,1.09155,0.0,null],[117.18313,1.10322,0.0,null],[117.21444,1.13742,0.0,null],[117.22656,1.13207,0.0,null],[117.22567,1.1256,0.0,null],[117.21386,1.10018,0.0,null],[117.21336,1.08983,0.0,null],[117.21929,1.07744,0.0,null],[117.21829,1.05975,0.0,null],[117.21363,1.05016,0.0,null],[117.19163,1.02661,0.0,null],[117.18691,0.99218,0.0,null],[117.16834,0.96356,0.0,null],[117.15808,0.95458,0.0,null],[117.14417,0.95313,0.0,null],[117.13883,0.96418,0.0,null],[117.14473,0.98928,0.0,null],[117.1455,1.01244,0.0,null],[117.15511,1.03736,0.0,null],[117.1633,1.05457,0.0,null],[117.1679,1.07153,0.0,null],[117.1793,1.09155,0.0,null]]],[[[116.76736,0.85241,0.0,null],[116.76429,0.85335,0.0,null],[116.69556,0.71512,0.0,null],[116.75878,0.60196,0.0,null],[116.7604,0.60171,0.0,null],[116.76146,0.59713,0.0,null],[116.7645,0.59163,0.0,null],[116.7667,0.58963,0.0,null],[116.76693,0.58724,0.0,null],[116.77011,0.58151,0.0,null],[116.7744,0.57766,0.0,null],[116.77551,0.57175,0.0,null],[116.78471,0.55481,0.0,null],[116.80136,0.6063,0.0,null],[116.81314,0.67875,0.0,null],[116.80266,0.78149,0.0,null],[116.81325,0.82986,0.0,null],[116.80475,0.8334,0.0,null],[116.80083,0.83372,0.0,null],[116.79803,0.83486,0.0,null],[116.79489,0.83408,0.0,null],[116.79435,0.83539,0.0,null],[116.78929,0.83756,0.0,null],[116.78869,0.83912,0.0,null],[116.78949,0.84244,0.0,null],[116.78795,0.84223,0.0,null],[116.78438,0.84298,0.0,null],[116.77993,0.83878,0.0,null],[116.77475,0.83932,0.0,null],[116.77145,0.84223,0.0,null],[116.76956,0.84528,0.0,null],[116.76909,0.84786,0.0,null],[116.77131,0.85254,0.0,null],[116.76736,0.85241,0.0,null]]],[[[116.82125,0.85761,0.0,null],[116.83655,0.90033,0.0,null],[116.8356,0.90956,0.0,null],[116.79306,0.91056,0.0,null],[116.76641,0.85646,0.0,null],[116.76774,0.85525,0.0,null],[116.76983,0.85681,0.0,null],[116.77259,0.85579,0.0,null],[116.7738,0.85464,0.0,null],[116.77448,0.85078,0.0,null],[116.77427,0.84786,0.0,null],[116.77515,0.8461,0.0,null],[116.77677,0.84623,0.0,null],[116.78013,0.84806,0.0,null],[116.78168,0.85064,0.0,null],[116.78653,0.85315,0.0,null],[116.78788,0.85261,0.0,null],[116.7905,0.84983,0.0,null],[116.79401,0.84332,0.0,null],[116.79529,0.8425,0.0,null],[116.79621,0.8448,0.0,null],[116.79758,0.84623,0.0,null],[116.80175,0.84828,0.0,null],[116.80364,0.85147,0.0,null],[116.80738,0.85185,0.0,null],[116.80823,0.85266,0.0,null],[116.80946,0.85456,0.0,null],[116.80984,0.85652,0.0,null],[116.81112,0.8569,0.0,null],[116.8115,0.85471,0.0,null],[116.81244,0.85423,0.0,null],[116.81363,0.85437,0.0,null],[116.81628,0.85314,0.0,null],[116.81864,0.85285,0.0,null],[116.8193,0.85199,0.0,null],[116.82125,0.85761,0.0,null]]]]}},{"type":"Feature","properties":{"inventoryId":"big-forestry-ha:252","sector":"PBPH","subtype":"IUPHHK-HA","quality":"OFFICIAL","sourceDataset":"big-forestry-ha","sourceRecordId":"252","source":"BIG Kebijakan Satu Peta","sourceUrl":"https://kspservices.big.go.id/satupeta/rest/services/PUBLIK/PERIZINAN_DAN_PERTANAHAN/MapServer/1","retrievedAt":"2026-08-24T04:32:16Z","geometryProcessing":"web display simplification tolerance 0.00035 degrees","name":"PT KODECO TIMBER","permitNumber":"SK.573/MenLHK/Setjen/HPL.0/10/2017","permitDate":"2017-10-24","areaHa":65330.0,"provinceCode":"63","region":"kalimantan"},"geometry":{"type":"MultiPolygon","coordinates":[[[[115.85743,-3.03466,0.0,null],[115.86805,-3.03386,0.0,null],[115.87174,-3.03486,0.0,null],[115.8726,-3.03578,0.0,null],[115.8726,-3.03674,0.0,null],[115.87402,-3.03806,0.0,null],[115.87747,-3.03734,0.0,null],[115.87843,-3.03782,0.0,null],[115.88152,-3.0413,0.0,null],[115.88294,-3.04381,0.0,null],[115.88553,-3.04341,0.0,null],[115.88667,-3.04518,0.0,null],[115.88744,-3.04464,0.0,null],[115.88978,-3.04464,0.0,null],[115.89096,-3.03672,0.0,null],[115.89387,-3.02823,0.0,null],[115.89382,-3.02692,0.0,null],[115.89161,-3.02684,0.0,null],[115.89076,-3.02514,0.0,null],[115.89201,-3.02525,0.0,null],[115.89297,-3.02303,0.0,null],[115.89528,-3.02308,0.0,null],[115.89482,-3.02631,0.0,null],[115.8971,-3.02258,0.0,null],[115.90021,-3.01912,0.0,null],[115.90588,-3.01566,0.0,null],[115.92615,-3.01082,0.0,null],[115.92844,-3.00988,0.0,null],[115.93145,-3.00703,0.0,null],[115.9314,-3.00467,0.0,null],[115.92822,-3.00124,0.0,null],[115.92021,-2.99866,0.0,null],[115.91929,-2.99656,0.0,null],[115.92006,-2.98974,0.0,null],[115.91713,-2.98818,0.0,null],[115.91546,-2.98577,0.0,null],[115.91481,-2.98369,0.0,null],[115.91637,-2.98152,0.0,null],[115.9178,-2.98096,0.0,null],[115.92336,-2.98411,0.0,null],[115.9259,-2.98142,0.0,null],[115.92529,-2.97537,0.0,null],[115.92564,-2.97429,0.0,null],[115.92829,-2.97218,0.0,null],[115.93415,-2.97372,0.0,null],[115.93595,-2.97177,0.0,null],[115.93375,-2.96894,0.0,null],[115.92853,-2.96568,0.0,null],[115.92342,-2.96362,0.0,null],[115.92157,-2.9605,0.0,null],[115.92164,-2.95881,0.0,null],[115.91875,-2.96251,0.0,null],[115.91645,-2.96924,0.0,null],[115.91379,-2.97181,0.0,null],[115.908,-2.97442,0.0,null],[115.90411,-2.97439,0.0,null],[115.90054,-2.97298,0.0,null],[115.88816,-2.96397,0.0,null],[115.88321,-2.96226,0.0,null],[115.88129,-2.96081,0.0,null],[115.87905,-2.9571,0.0,null],[115.87892,-2.95411,0.0,null],[115.88136,-2.946,0.0,null],[115.88345,-2.9433,0.0,null],[115.89098,-2.94058,0.0,null],[115.89266,-2.93646,0.0,null],[115.8947,-2.93313,0.0,null],[115.89649,-2.93142,0.0,null],[115.90107,-2.93035,0.0,null],[115.91505,-2.92994,0.0,null],[115.92091,-2.93148,0.0,null],[115.92526,-2.93384,0.0,null],[115.92665,-2.93193,0.0,null],[115.92791,-2.93142,0.0,null],[115.92916,-2.93143,0.0,null],[115.93195,-2.93289,0.0,null],[115.93619,-2.93609,0.0,null],[115.94193,-2.94713,0.0,null],[115.94555,-2.9558,0.0,null],[115.94949,-2.9606,0.0,null],[115.95309,-2.96051,0.0,null],[115.96184,-2.95363,0.0,null],[115.96312,-2.95157,0.0,null],[115.96356,-2.94857,0.0,null],[115.96278,-2.9469,0.0,null],[115.95934,-2.94336,0.0,null],[115.95609,-2.93885,0.0,null],[115.95462,-2.93647,0.0,null],[115.95377,-2.93238,0.0,null],[115.9489,-2.92802,0.0,null],[115.94724,-2.92427,0.0,null],[115.94566,-2.91756,0.0,null],[115.94251,-2.91415,0.0,null],[115.93773,-2.91273,0.0,null],[115.93689,-2.91186,0.0,null],[115.93537,-2.90989,0.0,null],[115.93507,-2.90541,0.0,null],[115.93664,-2.9034,0.0,null],[115.93904,-2.90267,0.0,null],[115.94627,-2.90437,0.0,null],[115.94951,-2.90437,0.0,null],[115.95191,-2.90353,0.0,null],[115.95594,-2.90099,0.0,null],[115.96401,-2.8934,0.0,null],[115.96403,-2.88929,0.0,null],[115.96502,-2.8878,0.0,null],[115.96825,-2.88523,0.0,null],[115.96907,-2.88277,0.0,null],[115.97397,-2.87535,0.0,null],[115.97673,-2.86769,0.0,null],[115.97815,-2.86856,0.0,null],[115.97834,-2.87104,0.0,null],[115.97941,-2.87295,0.0,null],[115.98343,-2.87185,0.0,null],[115.98277,-2.8631,0.0,null],[115.98355,-2.85996,0.0,null],[115.98341,-2.85137,0.0,null],[115.97985,-2.84659,0.0,null],[115.97362,-2.84539,0.0,null],[115.97362,-2.84322,0.0,null],[115.97046,-2.83988,0.0,null],[115.97196,-2.83801,0.0,null],[115.97234,-2.83639,0.0,null],[115.97157,-2.8317,0.0,null],[115.96898,-2.82973,0.0,null],[115.96702,-2.8273,0.0,null],[115.96526,-2.8275,0.0,null],[115.96527,-2.82595,0.0,null],[115.96403,-2.82413,0.0,null],[115.96572,-2.82201,0.0,null],[115.96393,-2.82127,0.0,null],[115.96342,-2.82031,0.0,null],[115.96396,-2.81812,0.0,null],[115.96673,-2.81566,0.0,null],[115.96823,-2.81232,0.0,null],[115.97184,-2.81213,0.0,null],[115.97454,-2.81296,0.0,null],[115.97545,-2.80962,0.0,null],[115.97841,-2.80992,0.0,null],[115.98159,-2.80642,0.0,null],[115.98451,-2.80483,0.0,null],[115.98686,-2.8015,0.0,null],[115.98694,-2.79928,0.0,null],[115.98903,-2.79975,0.0,null],[115.99102,-2.79855,0.0,null],[115.99136,-2.79507,0.0,null],[115.99245,-2.79355,0.0,null],[115.99156,-2.79293,0.0,null],[115.99181,-2.79005,0.0,null],[115.99118,-2.78951,0.0,null],[115.98874,-2.78979,0.0,null],[115.98909,-2.78906,0.0,null],[115.99156,-2.78852,0.0,null],[115.99263,-2.78758,0.0,null],[115.99309,-2.78501,0.0,null],[115.99186,-2.78324,0.0,null],[115.99041,-2.78345,0.0,null],[115.9891,-2.78128,0.0,null],[115.98889,-2.7793,0.0,null],[115.98938,-2.77919,0.0,null],[115.99014,-2.78021,0.0,null],[115.99061,-2.7796,0.0,null],[115.99005,-2.77722,0.0,null],[115.98784,-2.77582,0.0,null],[115.99003,-2.77579,0.0,null],[115.98923,-2.7736,0.0,null],[115.98797,-2.77458,0.0,null],[115.98642,-2.77432,0.0,null],[115.98594,-2.77385,0.0,null],[115.98597,-2.77111,0.0,null],[115.98509,-2.76923,0.0,null],[115.98395,-2.76972,0.0,null],[115.98327,-2.77133,0.0,null],[115.98234,-2.76938,0.0,null],[115.98246,-2.7685,0.0,null],[115.98383,-2.76759,0.0,null],[115.98395,-2.76627,0.0,null],[115.98578,-2.764,0.0,null],[115.98327,-2.76454,0.0,null],[115.98329,-2.76179,0.0,null],[115.98148,-2.7594,0.0,null],[115.98075,-2.75914,0.0,null],[115.97942,-2.75999,0.0,null],[115.97888,-2.75976,0.0,null],[115.97942,-2.75593,0.0,null],[115.97885,-2.7544,0.0,null],[115.97799,-2.75371,0.0,null],[115.97623,-2.75434,0.0,null],[115.97578,-2.75391,0.0,null],[115.97593,-2.75291,0.0,null],[115.97527,-2.752,0.0,null],[115.97596,-2.75011,0.0,null],[115.97511,-2.74918,0.0,null],[115.97477,-2.74693,0.0,null],[115.97293,-2.74446,0.0,null],[115.97455,-2.74314,0.0,null],[115.97245,-2.74223,0.0,null],[115.97336,-2.74028,0.0,null],[115.97224,-2.73942,0.0,null],[115.97157,-2.73529,0.0,null],[115.97262,-2.73421,0.0,null],[115.9732,-2.73232,0.0,null],[115.97335,-2.72826,0.0,null],[115.97417,-2.72563,0.0,null],[115.97595,-2.72346,0.0,null],[115.97534,-2.72248,0.0,null],[115.97383,-2.72231,0.0,null],[115.97322,-2.72165,0.0,null],[115.97386,-2.71853,0.0,null],[115.97316,-2.71611,0.0,null],[115.97116,-2.71396,0.0,null],[115.96501,-2.71118,0.0,null],[115.96266,-2.70812,0.0,null],[115.9599,-2.70836,0.0,null],[115.95866,-2.70792,0.0,null],[115.95886,-2.70573,0.0,null],[115.95713,-2.70537,0.0,null],[115.95233,-2.70604,0.0,null],[115.95222,-2.70558,0.0,null],[115.9539,-2.70448,0.0,null],[115.9539,-2.70381,0.0,null],[115.95318,-2.70349,0.0,null],[115.95116,-2.70426,0.0,null],[115.95058,-2.70248,0.0,null],[115.94758,-2.7038,0.0,null],[115.9467,-2.70746,0.0,null],[115.94556,-2.70799,0.0,null],[115.94489,-2.70769,0.0,null],[115.94442,-2.70647,0.0,null],[115.94451,-2.70456,0.0,null],[115.94395,-2.70337,0.0,null],[115.94082,-2.70306,0.0,null],[115.93924,-2.70366,0.0,null],[115.9395,-2.70723,0.0,null],[115.9324,-2.71011,0.0,null],[115.93266,-2.71152,0.0,null],[115.93203,-2.71215,0.0,null],[115.92886,-2.71262,0.0,null],[115.92754,-2.7138,0.0,null],[115.92246,-2.7148,0.0,null],[115.918,-2.71733,0.0,null],[115.9177,-2.71837,0.0,null],[115.92024,-2.72002,0.0,null],[115.91923,-2.72222,0.0,null],[115.91685,-2.72346,0.0,null],[115.91715,-2.72662,0.0,null],[115.91287,-2.72688,0.0,null],[115.91021,-2.72966,0.0,null],[115.9091,-2.7288,0.0,null],[115.90936,-2.72753,0.0,null],[115.90856,-2.727,0.0,null],[115.90335,-2.73079,0.0,null],[115.89909,-2.73062,0.0,null],[115.89802,-2.73145,0.0,null],[115.89827,-2.73276,0.0,null],[115.89764,-2.73358,0.0,null],[115.89556,-2.73377,0.0,null],[115.89522,-2.73344,0.0,null],[115.89584,-2.73075,0.0,null],[115.89415,-2.73065,0.0,null],[115.89192,-2.72853,0.0,null],[115.89137,-2.72645,0.0,null],[115.88956,-2.72567,0.0,null],[115.88784,-2.72743,0.0,null],[115.88646,-2.72728,0.0,null],[115.88585,-2.72905,0.0,null],[115.88352,-2.72924,0.0,null],[115.88505,-2.73167,0.0,null],[115.88482,-2.73235,0.0,null],[115.88282,-2.72992,0.0,null],[115.8815,-2.73214,0.0,null],[115.87979,-2.73181,0.0,null],[115.87832,-2.73316,0.0,null],[115.87915,-2.7354,0.0,null],[115.87868,-2.73704,0.0,null],[115.8742,-2.73675,0.0,null],[115.87434,-2.73852,0.0,null],[115.87229,-2.7393,0.0,null],[115.87209,-2.74107,0.0,null],[115.87015,-2.74281,0.0,null],[115.86896,-2.7428,0.0,null],[115.8688,-2.74028,0.0,null],[115.86692,-2.74134,0.0,null],[115.86613,-2.74117,0.0,null],[115.86585,-2.73836,0.0,null],[115.86461,-2.7374,0.0,null],[115.86333,-2.73864,0.0,null],[115.86265,-2.73863,0.0,null],[115.86251,-2.73612,0.0,null],[115.86113,-2.73479,0.0,null],[115.86013,-2.73466,0.0,null],[115.85829,-2.7369,0.0,null],[115.85557,-2.73832,0.0,null],[115.85638,-2.74081,0.0,null],[115.85559,-2.74276,0.0,null],[115.85643,-2.74384,0.0,null],[115.85524,-2.74493,0.0,null],[115.85495,-2.74707,0.0,null],[115.85098,-2.74782,0.0,null],[115.84213,-2.7541,0.0,null],[115.83482,-2.75448,0.0,null],[115.8345,-2.75593,0.0,null],[115.83165,-2.75838,0.0,null],[115.82554,-2.76163,0.0,null],[115.82257,-2.76433,0.0,null],[115.81662,-2.75964,0.0,null],[115.81449,-2.75843,0.0,null],[115.81203,-2.75801,0.0,null],[115.8116,-2.76175,0.0,null],[115.80818,-2.76555,0.0,null],[115.8081,-2.76675,0.0,null],[115.81314,-2.77046,0.0,null],[115.81415,-2.77255,0.0,null],[115.81424,-2.77438,0.0,null],[115.80989,-2.78312,0.0,null],[115.81526,-2.78995,0.0,null],[115.82053,-2.80433,0.0,null],[115.83237,-2.79515,0.0,null],[115.83753,-2.78839,0.0,null],[115.84028,-2.78276,0.0,null],[115.84416,-2.77847,0.0,null],[115.84986,-2.77459,0.0,null],[115.8518,-2.77426,0.0,null],[115.85479,-2.77733,0.0,null],[115.85451,-2.78118,0.0,null],[115.85252,-2.78555,0.0,null],[115.85446,-2.78999,0.0,null],[115.8567,-2.78943,0.0,null],[115.86118,-2.7822,0.0,null],[115.86143,-2.78019,0.0,null],[115.86248,-2.77859,0.0,null],[115.86442,-2.77808,0.0,null],[115.8663,-2.78292,0.0,null],[115.86556,-2.78789,0.0,null],[115.86772,-2.79798,0.0,null],[115.86591,-2.80135,0.0,null],[115.86324,-2.80456,0.0,null],[115.86231,-2.80657,0.0,null],[115.86257,-2.80824,0.0,null],[115.86583,-2.80751,0.0,null],[115.8736,-2.80699,0.0,null],[115.87518,-2.80804,0.0,null],[115.87771,-2.81116,0.0,null],[115.87788,-2.81525,0.0,null],[115.8769,-2.81687,0.0,null],[115.87505,-2.81781,0.0,null],[115.87186,-2.81821,0.0,null],[115.86819,-2.81547,0.0,null],[115.86721,-2.81536,0.0,null],[115.86625,-2.8154,0.0,null],[115.8652,-2.81695,0.0,null],[115.8653,-2.81805,0.0,null],[115.86604,-2.81869,0.0,null],[115.87211,-2.8208,0.0,null],[115.87516,-2.82336,0.0,null],[115.87599,-2.82539,0.0,null],[115.87573,-2.8278,0.0,null],[115.87446,-2.82872,0.0,null],[115.86615,-2.83149,0.0,null],[115.86265,-2.82961,0.0,null],[115.85994,-2.82733,0.0,null],[115.85292,-2.82664,0.0,null],[115.84993,-2.83689,0.0,null],[115.85058,-2.83998,0.0,null],[115.85241,-2.84146,0.0,null],[115.85316,-2.84333,0.0,null],[115.85183,-2.84574,0.0,null],[115.84829,-2.84946,0.0,null],[115.84799,-2.85095,0.0,null],[115.85002,-2.85731,0.0,null],[115.84983,-2.85847,0.0,null],[115.84836,-2.86135,0.0,null],[115.84629,-2.8634,0.0,null],[115.8437,-2.86347,0.0,null],[115.83967,-2.86229,0.0,null],[115.83528,-2.87273,0.0,null],[115.83637,-2.89854,0.0,null],[115.84973,-2.91954,0.0,null],[115.84524,-2.92717,0.0,null],[115.79285,-2.94075,0.0,null],[115.78148,-2.9313,0.0,null],[115.76854,-2.93094,0.0,null],[115.75184,-2.90681,0.0,null],[115.747,-2.90849,0.0,null],[115.74474,-2.91011,0.0,null],[115.73624,-2.91954,0.0,null],[115.73635,-2.92035,0.0,null],[115.73137,-2.9285,0.0,null],[115.7245,-2.9462,0.0,null],[115.72287,-2.94849,0.0,null],[115.71461,-2.95559,0.0,null],[115.70654,-2.95937,0.0,null],[115.7064,-2.96461,0.0,null],[115.70544,-2.96545,0.0,null],[115.70351,-2.96953,0.0,null],[115.70158,-2.97555,0.0,null],[115.69562,-2.98102,0.0,null],[115.695,-2.99131,0.0,null],[115.69332,-2.99375,0.0,null],[115.69169,-2.99798,0.0,null],[115.68887,-2.99977,0.0,null],[115.68821,-3.00518,0.0,null],[115.69194,-3.01049,0.0,null],[115.69261,-3.01298,0.0,null],[115.6918,-3.01506,0.0,null],[115.69074,-3.01584,0.0,null],[115.69226,-3.01584,0.0,null],[115.69218,-3.0167,0.0,null],[115.6917,-3.0167,0.0,null],[115.6917,-3.02397,0.0,null],[115.68549,-3.02908,0.0,null],[115.6833,-3.0333,0.0,null],[115.68178,-3.0417,0.0,null],[115.67559,-3.0417,0.0,null],[115.68006,-3.04707,0.0,null],[115.68546,-3.05071,0.0,null],[115.69538,-3.05157,0.0,null],[115.7082,-3.05416,0.0,null],[115.72859,-3.05689,0.0,null],[115.73244,-3.05999,0.0,null],[115.7373,-3.0707,0.0,null],[115.74023,-3.08398,0.0,null],[115.74446,-3.09044,0.0,null],[115.74176,-3.09623,0.0,null],[115.74137,-3.11327,0.0,null],[115.7424,-3.11276,0.0,null],[115.74218,-3.10941,0.0,null],[115.74647,-3.09933,0.0,null],[115.74486,-3.0986,0.0,null],[115.74405,-3.10006,0.0,null],[115.74329,-3.09992,0.0,null],[115.7429,-3.09925,0.0,null],[115.74324,-3.09764,0.0,null],[115.74441,-3.09502,0.0,null],[115.7459,-3.09375,0.0,null],[115.74805,-3.09472,0.0,null],[115.74863,-3.09341,0.0,null],[115.7459,-3.08995,0.0,null],[115.746,-3.0872,0.0,null],[115.74703,-3.08528,0.0,null],[115.74774,-3.08709,0.0,null],[115.74936,-3.08843,0.0,null],[115.75154,-3.08694,0.0,null],[115.75128,-3.08145,0.0,null],[115.75285,-3.08012,0.0,null],[115.75318,-3.07806,0.0,null],[115.75339,-3.07302,0.0,null],[115.75191,-3.07129,0.0,null],[115.74949,-3.07134,0.0,null],[115.74856,-3.07059,0.0,null],[115.74632,-3.06499,0.0,null],[115.74815,-3.06137,0.0,null],[115.7505,-3.06102,0.0,null],[115.75179,-3.06183,0.0,null],[115.75255,-3.0651,0.0,null],[115.75428,-3.06445,0.0,null],[115.75433,-3.06324,0.0,null],[115.78306,-3.06254,0.0,null],[115.78598,-3.06497,0.0,null],[115.78993,-3.06561,0.0,null],[115.79785,-3.06506,0.0,null],[115.79924,-3.06598,0.0,null],[115.79892,-3.06777,0.0,null],[115.80009,-3.07032,0.0,null],[115.80194,-3.07004,0.0,null],[115.80343,-3.07093,0.0,null],[115.80343,-3.07051,0.0,null],[115.81153,-3.07033,0.0,null],[115.81326,-3.071,0.0,null],[115.81326,-3.05611,0.0,null],[115.81965,-3.05006,0.0,null],[115.83275,-3.04249,0.0,null],[115.84807,-3.03717,0.0,null],[115.85743,-3.03466,0.0,null]],[[115.92494,-2.84994,0.0,null],[115.92947,-2.84927,0.0,null],[115.92975,-2.85064,0.0,null],[115.92501,-2.85129,0.0,null],[115.92494,-2.84994,0.0,null]],[[115.73456,-3.01564,0.0,null],[115.73187,-3.01546,0.0,null],[115.73142,-3.01445,0.0,null],[115.73426,-3.01395,0.0,null],[115.73413,-3.01262,0.0,null],[115.7354,-3.01209,0.0,null],[115.73648,-3.01252,0.0,null],[115.73607,-3.01494,0.0,null],[115.73456,-3.01564,0.0,null]],[[115.73932,-3.01236,0.0,null],[115.73832,-3.01177,0.0,null],[115.73723,-3.0078,0.0,null],[115.73766,-3.00715,0.0,null],[115.74061,-3.00682,0.0,null],[115.74142,-3.01075,0.0,null],[115.74396,-3.01271,0.0,null],[115.74668,-3.01361,0.0,null],[115.74692,-3.01465,0.0,null],[115.74458,-3.01432,0.0,null],[115.74317,-3.01526,0.0,null],[115.74083,-3.01221,0.0,null],[115.73971,-3.0127,0.0,null],[115.73932,-3.01236,0.0,null]],[[115.88301,-2.92607,0.0,null],[115.88306,-2.9244,0.0,null],[115.88434,-2.92228,0.0,null],[115.88441,-2.92055,0.0,null],[115.88557,-2.91901,0.0,null],[115.88659,-2.91543,0.0,null],[115.8881,-2.9132,0.0,null],[115.89167,-2.91103,0.0,null],[115.90228,-2.91088,0.0,null],[115.90926,-2.91254,0.0,null],[115.91116,-2.91362,0.0,null],[115.91385,-2.9165,0.0,null],[115.91237,-2.9199,0.0,null],[115.91088,-2.92154,0.0,null],[115.90466,-2.92554,0.0,null],[115.90113,-2.92574,0.0,null],[115.8958,-2.92726,0.0,null],[115.89055,-2.92745,0.0,null],[115.8884,-2.92824,0.0,null],[115.88382,-2.92723,0.0,null],[115.88301,-2.92607,0.0,null]],[[115.93985,-2.85386,0.0,null],[115.94465,-2.8535,0.0,null],[115.94761,-2.85438,0.0,null],[115.94963,-2.85641,0.0,null],[115.94984,-2.8582,0.0,null],[115.94786,-2.86119,0.0,null],[115.9451,-2.86277,0.0,null],[115.93966,-2.86435,0.0,null],[115.93704,-2.86434,0.0,null],[115.93595,-2.86479,0.0,null],[115.93565,-2.86565,0.0,null],[115.94036,-2.86839,0.0,null],[115.94316,-2.87158,0.0,null],[115.94809,-2.87467,0.0,null],[115.95001,-2.87653,0.0,null],[115.95014,-2.87895,0.0,null],[115.94887,-2.88056,0.0,null],[115.94608,-2.88019,0.0,null],[115.94099,-2.87635,0.0,null],[115.93764,-2.87517,0.0,null],[115.93417,-2.87485,0.0,null],[115.93033,-2.87644,0.0,null],[115.92421,-2.88246,0.0,null],[115.92181,-2.88191,0.0,null],[115.92086,-2.88064,0.0,null],[115.92057,-2.87632,0.0,null],[115.92228,-2.87253,0.0,null],[115.92125,-2.86347,0.0,null],[115.92175,-2.86013,0.0,null],[115.92331,-2.85818,0.0,null],[115.92837,-2.85579,0.0,null],[115.93985,-2.85386,0.0,null]],[[115.95638,-2.75277,0.0,null],[115.96024,-2.74997,0.0,null],[115.96139,-2.74976,0.0,null],[115.96342,-2.75115,0.0,null],[115.96391,-2.75247,0.0,null],[115.96324,-2.75593,0.0,null],[115.96373,-2.75824,0.0,null],[115.96796,-2.7619,0.0,null],[115.96851,-2.76341,0.0,null],[115.96815,-2.76455,0.0,null],[115.96522,-2.76626,0.0,null],[115.96132,-2.76773,0.0,null],[115.95492,-2.76907,0.0,null],[115.95192,-2.77124,0.0,null],[115.95028,-2.77544,0.0,null],[115.95191,-2.7853,0.0,null],[115.9512,-2.78754,0.0,null],[115.94691,-2.7927,0.0,null],[115.94456,-2.79401,0.0,null],[115.9404,-2.79409,0.0,null],[115.93716,-2.7928,0.0,null],[115.9324,-2.79028,0.0,null],[115.92461,-2.78395,0.0,null],[115.92169,-2.77983,0.0,null],[115.92132,-2.77782,0.0,null],[115.92378,-2.7734,0.0,null],[115.92405,-2.7696,0.0,null],[115.91768,-2.77284,0.0,null],[115.91614,-2.77225,0.0,null],[115.91411,-2.77005,0.0,null],[115.91318,-2.76705,0.0,null],[115.91329,-2.76285,0.0,null],[115.91764,-2.757,0.0,null],[115.92762,-2.75747,0.0,null],[115.93309,-2.75371,0.0,null],[115.93515,-2.75332,0.0,null],[115.93669,-2.75379,0.0,null],[115.94238,-2.7593,0.0,null],[115.94534,-2.7599,0.0,null],[115.9486,-2.75888,0.0,null],[115.95159,-2.757,0.0,null],[115.95638,-2.75277,0.0,null]],[[115.92687,-2.79446,0.0,null],[115.92902,-2.79626,0.0,null],[115.92984,-2.79851,0.0,null],[115.92976,-2.80053,0.0,null],[115.9281,-2.80109,0.0,null],[115.92445,-2.8009,0.0,null],[115.92297,-2.80174,0.0,null],[115.9215,-2.80404,0.0,null],[115.92171,-2.80566,0.0,null],[115.92528,-2.80759,0.0,null],[115.93064,-2.80733,0.0,null],[115.94069,-2.80228,0.0,null],[115.94377,-2.8019,0.0,null],[115.94884,-2.80274,0.0,null],[115.95248,-2.80812,0.0,null],[115.95166,-2.814,0.0,null],[115.94926,-2.81398,0.0,null],[115.94575,-2.8075,0.0,null],[115.94349,-2.8061,0.0,null],[115.94184,-2.80609,0.0,null],[115.93798,-2.80894,0.0,null],[115.93396,-2.8156,0.0,null],[115.93106,-2.81916,0.0,null],[115.92629,-2.82235,0.0,null],[115.92257,-2.82261,0.0,null],[115.91747,-2.81987,0.0,null],[115.91499,-2.81783,0.0,null],[115.91141,-2.81653,0.0,null],[115.90899,-2.81854,0.0,null],[115.91013,-2.82344,0.0,null],[115.91335,-2.83038,0.0,null],[115.91101,-2.83896,0.0,null],[115.91238,-2.84404,0.0,null],[115.90977,-2.84667,0.0,null],[115.90772,-2.84602,0.0,null],[115.90609,-2.8448,0.0,null],[115.90317,-2.84114,0.0,null],[115.89915,-2.83875,0.0,null],[115.89514,-2.83544,0.0,null],[115.89159,-2.82792,0.0,null],[115.89196,-2.82112,0.0,null],[115.8878,-2.81648,0.0,null],[115.88702,-2.81481,0.0,null],[115.88787,-2.8106,0.0,null],[115.89123,-2.80665,0.0,null],[115.89377,-2.80488,0.0,null],[115.89446,-2.80379,0.0,null],[115.89458,-2.79877,0.0,null],[115.89609,-2.79648,0.0,null],[115.89818,-2.79465,0.0,null],[115.90018,-2.79404,0.0,null],[115.90263,-2.79434,0.0,null],[115.90953,-2.79837,0.0,null],[115.91074,-2.79814,0.0,null],[115.91111,-2.79607,0.0,null],[115.90938,-2.79231,0.0,null],[115.91139,-2.78754,0.0,null],[115.90845,-2.78493,0.0,null],[115.90743,-2.78055,0.0,null],[115.90866,-2.77773,0.0,null],[115.91056,-2.77659,0.0,null],[115.91475,-2.77823,0.0,null],[115.91717,-2.78136,0.0,null],[115.9178,-2.78534,0.0,null],[115.92047,-2.79084,0.0,null],[115.92687,-2.79446,0.0,null]],[[115.87548,-2.96749,0.0,null],[115.87613,-2.97194,0.0,null],[115.87404,-2.9777,0.0,null],[115.87486,-2.977,0.0,null],[115.87748,-2.97896,0.0,null],[115.87995,-2.97895,0.0,null],[115.8804,-2.97711,0.0,null],[115.88202,-2.97476,0.0,null],[115.89704,-2.97901,0.0,null],[115.90905,-2.98578,0.0,null],[115.90978,-2.98704,0.0,null],[115.90853,-2.99124,0.0,null],[115.90738,-2.99245,0.0,null],[115.9044,-2.99317,0.0,null],[115.90268,-2.99299,0.0,null],[115.91572,-3.00646,0.0,null],[115.90938,-3.00821,0.0,null],[115.90288,-3.00202,0.0,null],[115.88905,-3.00794,0.0,null],[115.89035,-3.00738,0.0,null],[115.89005,-3.00838,0.0,null],[115.89083,-3.0085,0.0,null],[115.89169,-3.01001,0.0,null],[115.89316,-3.01003,0.0,null],[115.89457,-3.0096,0.0,null],[115.8937,-3.00825,0.0,null],[115.89449,-3.00809,0.0,null],[115.89545,-3.0069,0.0,null],[115.89661,-3.00772,0.0,null],[115.89551,-3.00847,0.0,null],[115.89589,-3.00936,0.0,null],[115.89708,-3.00913,0.0,null],[115.89894,-3.0056,0.0,null],[115.9004,-3.00589,0.0,null],[115.90043,-3.00644,0.0,null],[115.90245,-3.00725,0.0,null],[115.90223,-3.00841,0.0,null],[115.90088,-3.00928,0.0,null],[115.89987,-3.00911,0.0,null],[115.90037,-3.00841,0.0,null],[115.9015,-3.00816,0.0,null],[115.90138,-3.00775,0.0,null],[115.90052,-3.00833,0.0,null],[115.89996,-3.00803,0.0,null],[115.89977,-3.00925,0.0,null],[115.89888,-3.00981,0.0,null],[115.89765,-3.00983,0.0,null],[115.89816,-3.01118,0.0,null],[115.89892,-3.01075,0.0,null],[115.89927,-3.01129,0.0,null],[115.89704,-3.01237,0.0,null],[115.89785,-3.01328,0.0,null],[115.89744,-3.0139,0.0,null],[115.89807,-3.01477,0.0,null],[115.89712,-3.01748,0.0,null],[115.8996,-3.01934,0.0,null],[115.89826,-3.01854,0.0,null],[115.89738,-3.01947,0.0,null],[115.89795,-3.02055,0.0,null],[115.89528,-3.01826,0.0,null],[115.8955,-3.01731,0.0,null],[115.89687,-3.01661,0.0,null],[115.89726,-3.0148,0.0,null],[115.89532,-3.01305,0.0,null],[115.89429,-3.01342,0.0,null],[115.89501,-3.01562,0.0,null],[115.89422,-3.01566,0.0,null],[115.89418,-3.01682,0.0,null],[115.89143,-3.01719,0.0,null],[115.89138,-3.01823,0.0,null],[115.89065,-3.01882,0.0,null],[115.89091,-3.01975,0.0,null],[115.88898,-3.01958,0.0,null],[115.88847,-3.01823,0.0,null],[115.88659,-3.01902,0.0,null],[115.88619,-3.01863,0.0,null],[115.88665,-3.01619,0.0,null],[115.88372,-3.01556,0.0,null],[115.88353,-3.01653,0.0,null],[115.8786,-3.0125,0.0,null],[115.88028,-3.01177,0.0,null],[115.87379,-3.0146,0.0,null],[115.84963,-2.97815,0.0,null],[115.8483,-2.97505,0.0,null],[115.87548,-2.96749,0.0,null]],[[115.81349,-2.97654,0.0,null],[115.81282,-2.97796,0.0,null],[115.81362,-2.97812,0.0,null],[115.81354,-2.97751,0.0,null],[115.81396,-2.97903,0.0,null],[115.8147,-2.9796,0.0,null],[115.81393,-2.98004,0.0,null],[115.81349,-2.98207,0.0,null],[115.81152,-2.98266,0.0,null],[115.8121,-2.98274,0.0,null],[115.81216,-2.98494,0.0,null],[115.81291,-2.98482,0.0,null],[115.81386,-2.98415,0.0,null],[115.81437,-2.98276,0.0,null],[115.81637,-2.9824,0.0,null],[115.81606,-2.98034,0.0,null],[115.81673,-2.9787,0.0,null],[115.81763,-2.97884,0.0,null],[115.8185,-2.97985,0.0,null],[115.8184,-2.98048,0.0,null],[115.82008,-2.98116,0.0,null],[115.82013,-2.98057,0.0,null],[115.81914,-2.98069,0.0,null],[115.82021,-2.97999,0.0,null],[115.81956,-2.97966,0.0,null],[115.82105,-2.97907,0.0,null],[115.82104,-2.97805,0.0,null],[115.82126,-2.97841,0.0,null],[115.82188,-2.97741,0.0,null],[115.8229,-2.97734,0.0,null],[115.82295,-2.976,0.0,null],[115.82449,-2.97319,0.0,null],[115.82525,-2.97272,0.0,null],[115.82528,-2.97323,0.0,null],[115.82537,-2.97088,0.0,null],[115.82489,-2.97065,0.0,null],[115.82448,-2.97135,0.0,null],[115.82331,-2.97085,0.0,null],[115.82318,-2.97126,0.0,null],[115.82387,-2.97148,0.0,null],[115.8235,-2.9734,0.0,null],[115.8219,-2.97391,0.0,null],[115.81945,-2.97373,0.0,null],[115.81955,-2.96809,0.0,null],[115.82017,-2.96914,0.0,null],[115.8223,-2.96788,0.0,null],[115.82097,-2.96756,0.0,null],[115.82073,-2.96608,0.0,null],[115.81989,-2.96571,0.0,null],[115.8194,-2.96416,0.0,null],[115.81793,-2.96312,0.0,null],[115.81714,-2.96124,0.0,null],[115.81542,-2.96015,0.0,null],[115.81491,-2.95914,0.0,null],[115.81341,-2.95878,0.0,null],[115.81354,-2.96441,0.0,null],[115.80925,-2.96399,0.0,null],[115.81011,-2.96158,0.0,null],[115.80976,-2.96098,0.0,null],[115.8113,-2.96096,0.0,null],[115.81153,-2.95215,0.0,null],[115.80946,-2.95176,0.0,null],[115.80953,-2.94918,0.0,null],[115.81016,-2.94768,0.0,null],[115.80985,-2.94624,0.0,null],[115.8168,-2.94622,0.0,null],[115.81709,-2.93726,0.0,null],[115.82255,-2.93699,0.0,null],[115.82084,-2.93793,0.0,null],[115.82104,-2.93833,0.0,null],[115.8218,-2.93798,0.0,null],[115.82214,-2.93854,0.0,null],[115.8201,-2.94049,0.0,null],[115.82006,-2.9413,0.0,null],[115.82057,-2.94213,0.0,null],[115.82157,-2.94193,0.0,null],[115.81883,-2.94421,0.0,null],[115.81843,-2.9452,0.0,null],[115.81925,-2.94624,0.0,null],[115.81722,-2.95063,0.0,null],[115.81751,-2.95212,0.0,null],[115.8198,-2.95225,0.0,null],[115.81982,-2.94705,0.0,null],[115.82086,-2.94723,0.0,null],[115.81994,-2.94734,0.0,null],[115.82035,-2.94793,0.0,null],[115.82003,-2.94827,0.0,null],[115.82164,-2.94837,0.0,null],[115.82214,-2.94635,0.0,null],[115.82556,-2.94754,0.0,null],[115.8256,-2.94652,0.0,null],[115.82636,-2.94726,0.0,null],[115.82671,-2.94662,0.0,null],[115.8296,-2.94694,0.0,null],[115.83098,-2.94656,0.0,null],[115.83099,-2.94457,0.0,null],[115.83355,-2.94409,0.0,null],[115.83355,-2.94224,0.0,null],[115.83478,-2.94125,0.0,null],[115.83603,-2.94145,0.0,null],[115.8361,-2.9406,0.0,null],[115.83677,-2.94074,0.0,null],[115.83734,-2.93995,0.0,null],[115.83658,-2.94023,0.0,null],[115.83695,-2.93936,0.0,null],[115.83758,-2.93981,0.0,null],[115.83806,-2.93943,0.0,null],[115.83976,-2.93978,0.0,null],[115.83965,-2.94386,0.0,null],[115.84094,-2.94463,0.0,null],[115.84079,-2.94604,0.0,null],[115.84176,-2.94606,0.0,null],[115.84195,-2.94763,0.0,null],[115.84042,-2.94773,0.0,null],[115.83974,-2.94835,0.0,null],[115.83983,-2.94898,0.0,null],[115.84054,-2.94905,0.0,null],[115.84143,-2.95025,0.0,null],[115.84204,-2.94938,0.0,null],[115.84275,-2.94933,0.0,null],[115.84317,-2.95059,0.0,null],[115.84244,-2.95066,0.0,null],[115.84238,-2.95116,0.0,null],[115.8434,-2.95103,0.0,null],[115.84447,-2.95174,0.0,null],[115.84408,-2.95208,0.0,null],[115.84455,-2.95245,0.0,null],[115.84367,-2.9532,0.0,null],[115.84531,-2.95331,0.0,null],[115.84483,-2.9545,0.0,null],[115.84674,-2.95573,0.0,null],[115.84718,-2.95585,0.0,null],[115.84719,-2.9542,0.0,null],[115.84735,-2.95541,0.0,null],[115.84836,-2.95547,0.0,null],[115.84797,-2.95573,0.0,null],[115.84914,-2.9556,0.0,null],[115.85019,-2.95384,0.0,null],[115.85087,-2.95521,0.0,null],[115.85037,-2.95559,0.0,null],[115.85089,-2.95641,0.0,null],[115.85046,-2.95769,0.0,null],[115.8498,-2.95791,0.0,null],[115.84963,-2.95644,0.0,null],[115.84761,-2.95613,0.0,null],[115.84703,-2.9582,0.0,null],[115.84763,-2.95849,0.0,null],[115.84793,-2.95803,0.0,null],[115.84852,-2.95852,0.0,null],[115.84896,-2.95756,0.0,null],[115.84895,-2.95854,0.0,null],[115.84967,-2.95939,0.0,null],[115.85008,-2.9583,0.0,null],[115.85146,-2.95866,0.0,null],[115.85146,-2.95945,0.0,null],[115.85081,-2.95968,0.0,null],[115.85121,-2.95986,0.0,null],[115.84991,-2.96099,0.0,null],[115.85086,-2.96191,0.0,null],[115.84953,-2.96262,0.0,null],[115.84837,-2.96142,0.0,null],[115.84919,-2.96094,0.0,null],[115.84863,-2.95955,0.0,null],[115.84714,-2.96001,0.0,null],[115.84602,-2.96132,0.0,null],[115.84594,-2.96232,0.0,null],[115.84666,-2.96281,0.0,null],[115.84784,-2.96265,0.0,null],[115.84798,-2.96338,0.0,null],[115.8467,-2.96418,0.0,null],[115.84614,-2.96541,0.0,null],[115.84632,-2.96674,0.0,null],[115.84509,-2.96765,0.0,null],[115.84822,-2.96891,0.0,null],[115.85001,-2.96848,0.0,null],[115.85112,-2.96882,0.0,null],[115.85047,-2.97055,0.0,null],[115.85109,-2.9706,0.0,null],[115.85077,-2.97154,0.0,null],[115.8522,-2.97183,0.0,null],[115.85117,-2.97208,0.0,null],[115.85024,-2.97163,0.0,null],[115.84988,-2.97251,0.0,null],[115.84925,-2.97258,0.0,null],[115.8494,-2.97127,0.0,null],[115.8486,-2.97054,0.0,null],[115.84702,-2.97233,0.0,null],[115.84595,-2.97213,0.0,null],[115.84584,-2.9712,0.0,null],[115.845,-2.97168,0.0,null],[115.8449,-2.97072,0.0,null],[115.84428,-2.97089,0.0,null],[115.84532,-2.97026,0.0,null],[115.84497,-2.96963,0.0,null],[115.84314,-2.97075,0.0,null],[115.84402,-2.97225,0.0,null],[115.84308,-2.97156,0.0,null],[115.84205,-2.97237,0.0,null],[115.84193,-2.97408,0.0,null],[115.83999,-2.97432,0.0,null],[115.84105,-2.97506,0.0,null],[115.83974,-2.97579,0.0,null],[115.83949,-2.97793,0.0,null],[115.84154,-2.98016,0.0,null],[115.84324,-2.98046,0.0,null],[115.84433,-2.97993,0.0,null],[115.84429,-2.97821,0.0,null],[115.84551,-2.97753,0.0,null],[115.84572,-2.97632,0.0,null],[115.84612,-2.97803,0.0,null],[115.84564,-2.97846,0.0,null],[115.84608,-2.97843,0.0,null],[115.84454,-2.97893,0.0,null],[115.84469,-2.97954,0.0,null],[115.84568,-2.97972,0.0,null],[115.84601,-2.9808,0.0,null],[115.84443,-2.98136,0.0,null],[115.84422,-2.98338,0.0,null],[115.84531,-2.98306,0.0,null],[115.84617,-2.98382,0.0,null],[115.84422,-2.98342,0.0,null],[115.84412,-2.98873,0.0,null],[115.84518,-2.98889,0.0,null],[115.84548,-2.98735,0.0,null],[115.8463,-2.9874,0.0,null],[115.84694,-2.98811,0.0,null],[115.84688,-2.98982,0.0,null],[115.84959,-2.9903,0.0,null],[115.84959,-2.99463,0.0,null],[115.85231,-2.99551,0.0,null],[115.85211,-3.0005,0.0,null],[115.84953,-3.0007,0.0,null],[115.84949,-3.00309,0.0,null],[115.84565,-3.00301,0.0,null],[115.84018,-3.00427,0.0,null],[115.83667,-3.00836,0.0,null],[115.82486,-3.00691,0.0,null],[115.82484,-3.00094,0.0,null],[115.82351,-3.00129,0.0,null],[115.82325,-3.00189,0.0,null],[115.8213,-3.00179,0.0,null],[115.82119,-3.00102,0.0,null],[115.81768,-3.00102,0.0,null],[115.81747,-3.00205,0.0,null],[115.81655,-3.00213,0.0,null],[115.81647,-3.00538,0.0,null],[115.81436,-3.00497,0.0,null],[115.81384,-3.00418,0.0,null],[115.81428,-3.00304,0.0,null],[115.81368,-3.00139,0.0,null],[115.81476,-3.00097,0.0,null],[115.81452,-2.99932,0.0,null],[115.81569,-2.99913,0.0,null],[115.81566,-2.99726,0.0,null],[115.81383,-2.99711,0.0,null],[115.81406,-2.99567,0.0,null],[115.81318,-2.99522,0.0,null],[115.81257,-2.99638,0.0,null],[115.81323,-2.99747,0.0,null],[115.81125,-2.99777,0.0,null],[115.8108,-2.99862,0.0,null],[115.81298,-2.99959,0.0,null],[115.81088,-2.99899,0.0,null],[115.80983,-3.00041,0.0,null],[115.81013,-2.99842,0.0,null],[115.81055,-2.9983,0.0,null],[115.81033,-2.9974,0.0,null],[115.80956,-2.99751,0.0,null],[115.80958,-2.99665,0.0,null],[115.80922,-2.99723,0.0,null],[115.80819,-2.99728,0.0,null],[115.80856,-2.99761,0.0,null],[115.80808,-2.99811,0.0,null],[115.80695,-2.99654,0.0,null],[115.80921,-2.99618,0.0,null],[115.80939,-2.99535,0.0,null],[115.80819,-2.99531,0.0,null],[115.80901,-2.99454,0.0,null],[115.80934,-2.99493,0.0,null],[115.80946,-2.99415,0.0,null],[115.80792,-2.99505,0.0,null],[115.80696,-2.99498,0.0,null],[115.80743,-2.9948,0.0,null],[115.80753,-2.99358,0.0,null],[115.80682,-2.99417,0.0,null],[115.80584,-2.99402,0.0,null],[115.80581,-2.99358,0.0,null],[115.80717,-2.99315,0.0,null],[115.8063,-2.99311,0.0,null],[115.80544,-2.99187,0.0,null],[115.80536,-2.99451,0.0,null],[115.80621,-2.99496,0.0,null],[115.80584,-2.99543,0.0,null],[115.80623,-2.99589,0.0,null],[115.80456,-2.99577,0.0,null],[115.80344,-2.99698,0.0,null],[115.80339,-2.99823,0.0,null],[115.80254,-2.99825,0.0,null],[115.80293,-2.99766,0.0,null],[115.80265,-2.99535,0.0,null],[115.80314,-2.99524,0.0,null],[115.80377,-2.99614,0.0,null],[115.80426,-2.99458,0.0,null],[115.8049,-2.99418,0.0,null],[115.8042,-2.99447,0.0,null],[115.80453,-2.99352,0.0,null],[115.80398,-2.993,0.0,null],[115.80479,-2.99274,0.0,null],[115.80363,-2.9926,0.0,null],[115.80467,-2.99269,0.0,null],[115.80463,-2.99221,0.0,null],[115.80164,-2.99191,0.0,null],[115.8006,-2.99095,0.0,null],[115.80005,-2.99125,0.0,null],[115.79584,-2.99036,0.0,null],[115.79567,-2.98812,0.0,null],[115.79522,-2.98894,0.0,null],[115.79445,-2.98901,0.0,null],[115.79292,-2.98826,0.0,null],[115.79256,-2.98738,0.0,null],[115.79075,-2.98791,0.0,null],[115.79127,-2.98862,0.0,null],[115.79083,-2.9893,0.0,null],[115.79004,-2.98925,0.0,null],[115.78962,-2.98772,0.0,null],[115.79078,-2.98767,0.0,null],[115.79081,-2.987,0.0,null],[115.79283,-2.9868,0.0,null],[115.793,-2.98583,0.0,null],[115.79185,-2.98436,0.0,null],[115.79336,-2.9828,0.0,null],[115.7908,-2.98155,0.0,null],[115.79142,-2.97906,0.0,null],[115.79047,-2.97808,0.0,null],[115.78718,-2.9778,0.0,null],[115.78707,-2.9782,0.0,null],[115.78341,-2.96455,0.0,null],[115.79066,-2.95287,0.0,null],[115.79262,-2.95289,0.0,null],[115.79221,-2.96402,0.0,null],[115.79363,-2.96449,0.0,null],[115.79329,-2.96648,0.0,null],[115.79486,-2.96651,0.0,null],[115.79492,-2.96508,0.0,null],[115.79548,-2.96475,0.0,null],[115.7965,-2.96561,0.0,null],[115.79668,-2.96422,0.0,null],[115.79776,-2.96419,0.0,null],[115.79938,-2.96679,0.0,null],[115.79984,-2.96661,0.0,null],[115.7991,-2.96587,0.0,null],[115.80009,-2.96567,0.0,null],[115.80047,-2.96715,0.0,null],[115.79769,-2.96757,0.0,null],[115.79769,-2.96851,0.0,null],[115.80027,-2.96891,0.0,null],[115.80031,-2.96761,0.0,null],[115.80145,-2.96647,0.0,null],[115.80188,-2.9676,0.0,null],[115.80554,-2.96759,0.0,null],[115.8067,-2.96861,0.0,null],[115.80657,-2.96944,0.0,null],[115.80545,-2.96876,0.0,null],[115.80546,-2.96958,0.0,null],[115.80406,-2.9712,0.0,null],[115.8049,-2.97125,0.0,null],[115.80462,-2.97248,0.0,null],[115.80371,-2.97255,0.0,null],[115.80416,-2.97333,0.0,null],[115.80371,-2.97501,0.0,null],[115.8056,-2.97744,0.0,null],[115.80438,-2.9779,0.0,null],[115.80481,-2.97898,0.0,null],[115.80532,-2.97911,0.0,null],[115.80578,-2.97829,0.0,null],[115.80649,-2.97839,0.0,null],[115.80613,-2.97912,0.0,null],[115.80847,-2.97863,0.0,null],[115.80838,-2.97941,0.0,null],[115.80893,-2.97986,0.0,null],[115.81004,-2.97772,0.0,null],[115.8096,-2.97717,0.0,null],[115.8112,-2.97678,0.0,null],[115.81124,-2.97609,0.0,null],[115.81274,-2.97653,0.0,null],[115.81165,-2.97568,0.0,null],[115.81258,-2.97384,0.0,null],[115.81386,-2.97387,0.0,null],[115.81478,-2.97603,0.0,null],[115.81349,-2.97654,0.0,null]]],[[[115.9709,-3.22823,0.0,null],[115.97072,-3.18725,0.0,null],[115.97014,-3.18473,0.0,null],[115.97021,-3.17762,0.0,null],[115.96843,-3.17529,0.0,null],[115.9689,-3.16065,0.0,null],[115.96356,-3.14913,0.0,null],[115.96226,-3.145,0.0,null],[115.96178,-3.14073,0.0,null],[115.96183,-3.13061,0.0,null],[115.96145,-3.12795,0.0,null],[115.96043,-3.12564,0.0,null],[115.94917,-3.11068,0.0,null],[115.94687,-3.10546,0.0,null],[115.94609,-3.10216,0.0,null],[115.94049,-3.10185,0.0,null],[115.9405,-3.10278,0.0,null],[115.90928,-3.10276,0.0,null],[115.90958,-3.12674,0.0,null],[115.9078,-3.12674,0.0,null],[115.90777,-3.16105,0.0,null],[115.92693,-3.16108,0.0,null],[115.92694,-3.15508,0.0,null],[115.93587,-3.15509,0.0,null],[115.93683,-3.15671,0.0,null],[115.93681,-3.17716,0.0,null],[115.94802,-3.17717,0.0,null],[115.94922,-3.17949,0.0,null],[115.95062,-3.18755,0.0,null],[115.95141,-3.18921,0.0,null],[115.95069,-3.19805,0.0,null],[115.94683,-3.20515,0.0,null],[115.94267,-3.20728,0.0,null],[115.9385,-3.21154,0.0,null],[115.93316,-3.21414,0.0,null],[115.93103,-3.21611,0.0,null],[115.92812,-3.22203,0.0,null],[115.9278,-3.22621,0.0,null],[115.9289,-3.23127,0.0,null],[115.93085,-3.23656,0.0,null],[115.93784,-3.24541,0.0,null],[115.94024,-3.24761,0.0,null],[115.94027,-3.24831,0.0,null],[115.93876,-3.24967,0.0,null],[115.93837,-3.25094,0.0,null],[115.93838,-3.2526,0.0,null],[115.93949,-3.25404,0.0,null],[115.93992,-3.25587,0.0,null],[115.93886,-3.25909,0.0,null],[115.93903,-3.2612,0.0,null],[115.93989,-3.26257,0.0,null],[115.94114,-3.26328,0.0,null],[115.94212,-3.26644,0.0,null],[115.94442,-3.26769,0.0,null],[115.94379,-3.26935,0.0,null],[115.94118,-3.27255,0.0,null],[115.94086,-3.27674,0.0,null],[115.94286,-3.28005,0.0,null],[115.94808,-3.28025,0.0,null],[115.94585,-3.28593,0.0,null],[115.94581,-3.28937,0.0,null],[115.94735,-3.29156,0.0,null],[115.94952,-3.29311,0.0,null],[115.94658,-3.29567,0.0,null],[115.94327,-3.30202,0.0,null],[115.94209,-3.32129,0.0,null],[115.94335,-3.32551,0.0,null],[115.94609,-3.32985,0.0,null],[115.94871,-3.33236,0.0,null],[115.95122,-3.33338,0.0,null],[115.95373,-3.33236,0.0,null],[115.9583,-3.3287,0.0,null],[115.96013,-3.32962,0.0,null],[115.96645,-3.33788,0.0,null],[115.96871,-3.34454,0.0,null],[115.97422,-3.34251,0.0,null],[115.97318,-3.34189,0.0,null],[115.96527,-3.32921,0.0,null],[115.96431,-3.32855,0.0,null],[115.97019,-3.32856,0.0,null],[115.97021,-3.3178,0.0,null],[115.97221,-3.3176,0.0,null],[115.97222,-3.31246,0.0,null],[115.97356,-3.30846,0.0,null],[115.97384,-3.30535,0.0,null],[115.97439,-3.30593,0.0,null],[115.97601,-3.30497,0.0,null],[115.97671,-3.30231,0.0,null],[115.97671,-3.29991,0.0,null],[115.97591,-3.30063,0.0,null],[115.97679,-3.29531,0.0,null],[115.97585,-3.29241,0.0,null],[115.97545,-3.28528,0.0,null],[115.97996,-3.28497,0.0,null],[115.98145,-3.28405,0.0,null],[115.98221,-3.28249,0.0,null],[115.9819,-3.27871,0.0,null],[115.97819,-3.2742,0.0,null],[115.97614,-3.26802,0.0,null],[115.97743,-3.26449,0.0,null],[115.97863,-3.26298,0.0,null],[115.98017,-3.26141,0.0,null],[115.98087,-3.2629,0.0,null],[115.98202,-3.26139,0.0,null],[115.9825,-3.25733,0.0,null],[115.98158,-3.25488,0.0,null],[115.98158,-3.25147,0.0,null],[115.98041,-3.24418,0.0,null],[115.97977,-3.23699,0.0,null],[115.98041,-3.23602,0.0,null],[115.98037,-3.23454,0.0,null],[115.9709,-3.22823,0.0,null]]],[[[115.92701,-3.25264,0.0,null],[115.92557,-3.25057,0.0,null],[115.93007,-3.26499,0.0,null],[115.93121,-3.2741,0.0,null],[115.93136,-3.28623,0.0,null],[115.93815,-3.28714,0.0,null],[115.93777,-3.26675,0.0,null],[115.93279,-3.26654,0.0,null],[115.9328,-3.26133,0.0,null],[115.93005,-3.26133,0.0,null],[115.92701,-3.25264,0.0,null]]],[[[115.82288,-2.95964,0.0,null],[115.8229,-2.95968,0.0,null],[115.82292,-2.95974,0.0,null],[115.82295,-2.95974,0.0,null],[115.82298,-2.95972,0.0,null],[115.82298,-2.9597,0.0,null],[115.82298,-2.95965,0.0,null],[115.82295,-2.95962,0.0,null],[115.82292,-2.95964,0.0,null],[115.8229,-2.95964,0.0,null],[115.82288,-2.95962,0.0,null],[115.82288,-2.95964,0.0,null]]],[[[115.84739,-2.97129,0.0,null],[115.84735,-2.9713,0.0,null],[115.84734,-2.97135,0.0,null],[115.84738,-2.97139,0.0,null],[115.84738,-2.97139,0.0,null],[115.84745,-2.97134,0.0,null],[115.84741,-2.97133,0.0,null],[115.84739,-2.97129,0.0,null]]],[[[115.81872,-2.98061,0.0,null],[115.81874,-2.98061,0.0,null],[115.81869,-2.98053,0.0,null],[115.81866,-2.98052,0.0,null],[115.81863,-2.98057,0.0,null],[115.81867,-2.98061,0.0,null],[115.81872,-2.98061,0.0,null]]],[[[115.84914,-2.96944,0.0,null],[115.84915,-2.96944,0.0,null],[115.84918,-2.96941,0.0,null],[115.84912,-2.96935,0.0,null],[115.84914,-2.96944,0.0,null],[115.84914,-2.96944,0.0,null]]],[[[115.88372,-3.01027,0.0,null],[115.88606,-3.00925,0.0,null],[115.88606,-3.00925,0.0,null],[115.88372,-3.01027,0.0,null],[115.88372,-3.01027,0.0,null]]],[[[115.88626,-3.00916,0.0,null],[115.88875,-3.00808,0.0,null],[115.88875,-3.00808,0.0,null],[115.88626,-3.00916,0.0,null],[115.88626,-3.00916,0.0,null]]],[[[115.88221,-3.01093,0.0,null],[115.88325,-3.01047,0.0,null],[115.88325,-3.01047,0.0,null],[115.88221,-3.01093,0.0,null],[115.88221,-3.01093,0.0,null]]],[[[115.88078,-3.01155,0.0,null],[115.88177,-3.01112,0.0,null],[115.88177,-3.01112,0.0,null],[115.88078,-3.01155,0.0,null],[115.88078,-3.01155,0.0,null]]],[[[115.81349,-2.97654,0.0,null],[115.81349,-2.97653,0.0,null],[115.81349,-2.97653,0.0,null],[115.81349,-2.97654,0.0,null],[115.81349,-2.97654,0.0,null]]],[[[115.83769,-3.00289,0.0,null],[115.8377,-3.0029,0.0,null],[115.8377,-3.0029,0.0,null],[115.83769,-3.00289,0.0,null]]],[[[115.83454,-2.99741,0.0,null],[115.83454,-2.99742,0.0,null],[115.83454,-2.99741,0.0,null],[115.83454,-2.99741,0.0,null]]],[[[115.84943,-2.97202,0.0,null],[115.84943,-2.97202,0.0,null],[115.84943,-2.97201,0.0,null],[115.84943,-2.97202,0.0,null]]],[[[115.84238,-2.95091,0.0,null],[115.84238,-2.95091,0.0,null],[115.84237,-2.95091,0.0,null],[115.84238,-2.95091,0.0,null]]],[[[115.80329,-2.99628,0.0,null],[115.80329,-2.99628,0.0,null],[115.80329,-2.99628,0.0,null],[115.80329,-2.99628,0.0,null]]],[[[115.78727,-2.97124,0.0,null],[115.78727,-2.97124,0.0,null],[115.78727,-2.97124,0.0,null],[115.78727,-2.97124,0.0,null]]],[[[115.83454,-2.99741,0.0,null],[115.83454,-2.99741,0.0,null],[115.83454,-2.99741,0.0,null],[115.83454,-2.99741,0.0,null]]],[[[115.78669,-2.96222,0.0,null],[115.78669,-2.96222,0.0,null],[115.78669,-2.96222,0.0,null],[115.78669,-2.96222,0.0,null]]]]}},{"type":"Feature","properties":{"inventoryId":"big-forestry-ha:155","sector":"PBPH","subtype":"IUPHHK-HA","quality":"OFFICIAL","sourceDataset":"big-forestry-ha","sourceRecordId":"155","source":"BIG Kebijakan Satu Peta","sourceUrl":"https://kspservices.big.go.id/satupeta/rest/services/PUBLIK/PERIZINAN_DAN_PERTANAHAN/MapServer/1","retrievedAt":"2026-08-24T04:32:16Z","geometryProcessing":"web display simplification tolerance 0.00035 degrees","name":"PT MARDHIKA INSAN MULIA (UNIT LABANAN)","permitNumber":"SK.938/Kpts-VI/1999","permitDate":"1999-10-14","areaHa":46080.0,"provinceCode":"64","region":"kalimantan"},"geometry":{"type":"Polygon","coordinates":[[[117.04664,1.87439,0.0,null],[116.95106,1.93191,0.0,null],[116.94542,1.89405,0.0,null],[116.94787,1.89236,0.0,null],[116.94996,1.88923,0.0,null],[116.9492,1.88676,0.0,null],[116.9478,1.88566,0.0,null],[116.94751,1.88304,0.0,null],[116.94883,1.88069,0.0,null],[116.94874,1.87959,0.0,null],[116.95143,1.87807,0.0,null],[116.94962,1.87355,0.0,null],[116.95103,1.87238,0.0,null],[116.95055,1.87068,0.0,null],[116.95154,1.86789,0.0,null],[116.95013,1.86636,0.0,null],[116.94972,1.86447,0.0,null],[116.95085,1.86256,0.0,null],[116.94987,1.86115,0.0,null],[116.95045,1.85958,0.0,null],[116.94971,1.85773,0.0,null],[116.9518,1.85698,0.0,null],[116.95282,1.85566,0.0,null],[116.95431,1.85558,0.0,null],[116.95753,1.85423,0.0,null],[116.95741,1.85341,0.0,null],[116.95571,1.85209,0.0,null],[116.95305,1.84775,0.0,null],[116.95129,1.84613,0.0,null],[116.95163,1.84556,0.0,null],[116.95472,1.84447,0.0,null],[116.95599,1.84233,0.0,null],[116.95548,1.84079,0.0,null],[116.95123,1.83921,0.0,null],[116.95039,1.83825,0.0,null],[116.95056,1.83261,0.0,null],[116.95232,1.83063,0.0,null],[116.95209,1.82729,0.0,null],[116.95147,1.82588,0.0,null],[116.95068,1.82528,0.0,null],[116.94932,1.82544,0.0,null],[116.94814,1.8291,0.0,null],[116.94699,1.83093,0.0,null],[116.94528,1.83194,0.0,null],[116.93599,1.83073,0.0,null],[116.92552,1.8331,0.0,null],[116.91867,1.83304,0.0,null],[116.91439,1.83372,0.0,null],[116.91341,1.83425,0.0,null],[116.9125,1.83628,0.0,null],[116.90849,1.83765,0.0,null],[116.90643,1.83923,0.0,null],[116.9001,1.83627,0.0,null],[116.89547,1.83652,0.0,null],[116.89391,1.83272,0.0,null],[116.89392,1.82922,0.0,null],[116.89294,1.82839,0.0,null],[116.88678,1.83294,0.0,null],[116.88551,1.8345,0.0,null],[116.88463,1.83476,0.0,null],[116.88246,1.83408,0.0,null],[116.87887,1.8393,0.0,null],[116.87677,1.84085,0.0,null],[116.87597,1.84082,0.0,null],[116.87511,1.83946,0.0,null],[116.87651,1.83624,0.0,null],[116.8765,1.8351,0.0,null],[116.87422,1.8339,0.0,null],[116.86995,1.83437,0.0,null],[116.86852,1.83551,0.0,null],[116.86772,1.84036,0.0,null],[116.8683,1.84213,0.0,null],[116.87045,1.84397,0.0,null],[116.86924,1.84486,0.0,null],[116.8655,1.84503,0.0,null],[116.84698,1.7844,0.0,null],[116.84913,1.78418,0.0,null],[116.84965,1.7831,0.0,null],[116.85066,1.78289,0.0,null],[116.85226,1.7838,0.0,null],[116.85791,1.78531,0.0,null],[116.85869,1.78426,0.0,null],[116.8577,1.78309,0.0,null],[116.85785,1.78204,0.0,null],[116.85919,1.78211,0.0,null],[116.85978,1.78115,0.0,null],[116.86254,1.77974,0.0,null],[116.86436,1.77996,0.0,null],[116.86393,1.77772,0.0,null],[116.86457,1.773,0.0,null],[116.86692,1.77337,0.0,null],[116.86858,1.77449,0.0,null],[116.86985,1.77432,0.0,null],[116.87071,1.77345,0.0,null],[116.87023,1.77155,0.0,null],[116.86799,1.77186,0.0,null],[116.86733,1.77085,0.0,null],[116.86878,1.76941,0.0,null],[116.86868,1.76823,0.0,null],[116.8696,1.76747,0.0,null],[116.86977,1.766,0.0,null],[116.87126,1.76533,0.0,null],[116.87097,1.76451,0.0,null],[116.86855,1.76318,0.0,null],[116.86877,1.76258,0.0,null],[116.87018,1.76206,0.0,null],[116.87117,1.76204,0.0,null],[116.87165,1.76386,0.0,null],[116.87291,1.7644,0.0,null],[116.87288,1.76616,0.0,null],[116.87406,1.76644,0.0,null],[116.8748,1.76462,0.0,null],[116.87555,1.76467,0.0,null],[116.876,1.76604,0.0,null],[116.87744,1.76674,0.0,null],[116.87752,1.76826,0.0,null],[116.88143,1.76612,0.0,null],[116.88175,1.76849,0.0,null],[116.88243,1.76841,0.0,null],[116.88356,1.76708,0.0,null],[116.88454,1.76854,0.0,null],[116.8854,1.76872,0.0,null],[116.88817,1.76789,0.0,null],[116.88899,1.76573,0.0,null],[116.89012,1.76636,0.0,null],[116.89092,1.76613,0.0,null],[116.89657,1.76043,0.0,null],[116.89924,1.7606,0.0,null],[116.89913,1.76282,0.0,null],[116.90066,1.76505,0.0,null],[116.90263,1.7641,0.0,null],[116.90453,1.76127,0.0,null],[116.90503,1.76205,0.0,null],[116.90428,1.76502,0.0,null],[116.90537,1.76725,0.0,null],[116.90691,1.76842,0.0,null],[116.90774,1.76781,0.0,null],[116.90742,1.76608,0.0,null],[116.90787,1.76484,0.0,null],[116.91089,1.76588,0.0,null],[116.91133,1.76441,0.0,null],[116.91202,1.76403,0.0,null],[116.91349,1.76367,0.0,null],[116.91494,1.76489,0.0,null],[116.91642,1.76326,0.0,null],[116.91803,1.76274,0.0,null],[116.91899,1.76011,0.0,null],[116.91869,1.75875,0.0,null],[116.91757,1.75734,0.0,null],[116.9174,1.75577,0.0,null],[116.91806,1.7557,0.0,null],[116.91937,1.75792,0.0,null],[116.9201,1.75773,0.0,null],[116.92061,1.75676,0.0,null],[116.92047,1.75607,0.0,null],[116.91848,1.75448,0.0,null],[116.91881,1.75273,0.0,null],[116.92701,1.75388,0.0,null],[116.93501,1.75631,0.0,null],[116.93821,1.75481,0.0,null],[116.9423,1.75572,0.0,null],[116.94382,1.75456,0.0,null],[116.94743,1.75456,0.0,null],[116.94872,1.75344,0.0,null],[116.9526,1.75717,0.0,null],[116.95393,1.75562,0.0,null],[116.95468,1.75547,0.0,null],[116.96008,1.75883,0.0,null],[116.9605,1.75705,0.0,null],[116.96175,1.75688,0.0,null],[116.96655,1.75371,0.0,null],[116.96692,1.75415,0.0,null],[116.96631,1.75635,0.0,null],[116.96781,1.7589,0.0,null],[116.96885,1.75938,0.0,null],[116.97227,1.75638,0.0,null],[116.97466,1.75665,0.0,null],[116.97634,1.75395,0.0,null],[116.97853,1.75606,0.0,null],[116.9824,1.75651,0.0,null],[116.98234,1.75485,0.0,null],[116.98112,1.7522,0.0,null],[116.98142,1.75129,0.0,null],[116.9841,1.75098,0.0,null],[116.98409,1.75547,0.0,null],[116.98497,1.75616,0.0,null],[116.98782,1.75428,0.0,null],[116.99125,1.7534,0.0,null],[116.99085,1.75234,0.0,null],[116.98817,1.75093,0.0,null],[116.98806,1.75,0.0,null],[116.98894,1.74919,0.0,null],[116.99027,1.74875,0.0,null],[116.99158,1.74929,0.0,null],[116.99582,1.74886,0.0,null],[116.99615,1.74665,0.0,null],[116.99446,1.74583,0.0,null],[116.99526,1.74337,0.0,null],[116.99386,1.74243,0.0,null],[116.99375,1.7384,0.0,null],[116.99593,1.73778,0.0,null],[116.99588,1.73724,0.0,null],[116.99194,1.73259,0.0,null],[116.99096,1.73245,0.0,null],[116.99081,1.73383,0.0,null],[116.99027,1.73352,0.0,null],[116.98931,1.72977,0.0,null],[116.98897,1.72485,0.0,null],[116.9856,1.72065,0.0,null],[116.98606,1.72022,0.0,null],[116.98725,1.72059,0.0,null],[116.9876,1.72226,0.0,null],[116.98989,1.72121,0.0,null],[116.9915,1.72194,0.0,null],[116.99418,1.71779,0.0,null],[116.9953,1.71748,0.0,null],[116.99582,1.71862,0.0,null],[116.99356,1.72054,0.0,null],[116.99282,1.72249,0.0,null],[116.99298,1.72438,0.0,null],[116.99451,1.72628,0.0,null],[116.99744,1.7273,0.0,null],[116.99757,1.72533,0.0,null],[116.99874,1.72394,0.0,null],[116.99979,1.72441,0.0,null],[116.99967,1.72577,0.0,null],[117.00078,1.72643,0.0,null],[117.00404,1.72422,0.0,null],[117.00634,1.72488,0.0,null],[117.00763,1.72281,0.0,null],[117.00741,1.69119,0.0,null],[117.03358,1.67712,0.0,null],[117.03345,1.67582,0.0,null],[117.03604,1.67469,0.0,null],[117.03636,1.67389,0.0,null],[117.03424,1.67272,0.0,null],[117.03434,1.67056,0.0,null],[117.03228,1.66924,0.0,null],[117.03035,1.6692,0.0,null],[117.02818,1.66118,0.0,null],[117.01109,1.63484,0.0,null],[117.00841,1.63654,0.0,null],[116.99781,1.62749,0.0,null],[116.9978,1.62607,0.0,null],[116.99519,1.622,0.0,null],[116.99501,1.61971,0.0,null],[116.99394,1.61971,0.0,null],[116.99273,1.62131,0.0,null],[116.99224,1.62091,0.0,null],[116.99211,1.61697,0.0,null],[116.99366,1.61346,0.0,null],[116.99292,1.61316,0.0,null],[116.9919,1.61382,0.0,null],[116.98998,1.61307,0.0,null],[117.00594,1.59534,0.0,null],[117.01033,1.57968,0.0,null],[117.01396,1.57835,0.0,null],[117.01505,1.57549,0.0,null],[117.02339,1.58084,0.0,null],[117.03627,1.57025,0.0,null],[117.04025,1.55586,0.0,null],[117.0587,1.55022,0.0,null],[117.09158,1.65888,0.0,null],[117.08566,1.65904,0.0,null],[117.08579,1.67031,0.0,null],[117.0948,1.66954,0.0,null],[117.1006,1.6887,0.0,null],[117.1459,1.76503,0.0,null],[117.14839,1.77599,0.0,null],[117.14813,1.78301,0.0,null],[117.14706,1.78768,0.0,null],[117.14737,1.79277,0.0,null],[117.14699,1.7959,0.0,null],[117.15431,1.81146,0.0,null],[117.13873,1.82085,0.0,null],[117.08787,1.84886,0.0,null],[117.04664,1.87439,0.0,null]]]}},{"type":"Feature","properties":{"inventoryId":"big-forestry-ha:81","sector":"PBPH","subtype":"IUPHHK-HA","quality":"OFFICIAL","sourceDataset":"big-forestry-ha","sourceRecordId":"81","source":"BIG Kebijakan Satu Peta","sourceUrl":"https://kspservices.big.go.id/satupeta/rest/services/PUBLIK/PERIZINAN_DAN_PERTANAHAN/MapServer/1","retrievedAt":"2026-08-24T04:32:16Z","geometryProcessing":"web display simplification tolerance 0.00035 degrees","name":"PT MARDHIKA INSAN MULIA TABALAR","permitNumber":"SK.48/MENLHK/SETJEN/ HPL.1/2/2017","permitDate":"2017-02-02","areaHa":25630.0,"provinceCode":"64","region":"kalimantan"},"geometry":{"type":"Polygon","coordinates":[[[117.73397,1.83036,0.0,null],[117.7317,1.83468,0.0,null],[117.7251,1.8315,0.0,null],[117.71867,1.82941,0.0,null],[117.71026,1.8245,0.0,null],[117.68286,1.78646,0.0,null],[117.66614,1.77237,0.0,null],[117.65754,1.76649,0.0,null],[117.65846,1.76308,0.0,null],[117.65065,1.74991,0.0,null],[117.63415,1.73806,0.0,null],[117.62171,1.71788,0.0,null],[117.61255,1.71239,0.0,null],[117.59609,1.70857,0.0,null],[117.58327,1.70819,0.0,null],[117.57994,1.71074,0.0,null],[117.54812,1.68956,0.0,null],[117.63533,1.64298,0.0,null],[117.6878,1.61431,0.0,null],[117.69,1.62942,0.0,null],[117.6834,1.64875,0.0,null],[117.67626,1.65322,0.0,null],[117.67316,1.65928,0.0,null],[117.67067,1.66583,0.0,null],[117.66965,1.67463,0.0,null],[117.67013,1.67612,0.0,null],[117.669,1.6845,0.0,null],[117.66555,1.69747,0.0,null],[117.66656,1.71003,0.0,null],[117.66894,1.71381,0.0,null],[117.68948,1.72384,0.0,null],[117.70556,1.72471,0.0,null],[117.73301,1.70556,0.0,null],[117.73699,1.69463,0.0,null],[117.74896,1.69134,0.0,null],[117.75549,1.68608,0.0,null],[117.77882,1.67702,0.0,null],[117.79059,1.66502,0.0,null],[117.80131,1.60775,0.0,null],[117.80523,1.59677,0.0,null],[117.81203,1.58518,0.0,null],[117.81518,1.58413,0.0,null],[117.83356,1.56217,0.0,null],[117.83283,1.54929,0.0,null],[117.84459,1.53563,0.0,null],[117.83457,1.5822,0.0,null],[117.83389,1.59376,0.0,null],[117.83422,1.59776,0.0,null],[117.8401,1.61309,0.0,null],[117.8382,1.6446,0.0,null],[117.835,1.6475,0.0,null],[117.82056,1.65137,0.0,null],[117.8055,1.66392,0.0,null],[117.79774,1.6677,0.0,null],[117.79203,1.67134,0.0,null],[117.78363,1.67519,0.0,null],[117.78204,1.67699,0.0,null],[117.77907,1.67898,0.0,null],[117.77479,1.681,0.0,null],[117.76402,1.69444,0.0,null],[117.76287,1.69445,0.0,null],[117.74836,1.7089,0.0,null],[117.72418,1.71283,0.0,null],[117.72274,1.71719,0.0,null],[117.72496,1.71956,0.0,null],[117.75252,1.71544,0.0,null],[117.76453,1.718,0.0,null],[117.76293,1.73073,0.0,null],[117.76706,1.731,0.0,null],[117.76673,1.73446,0.0,null],[117.76824,1.7346,0.0,null],[117.76626,1.74191,0.0,null],[117.77197,1.74209,0.0,null],[117.77139,1.73491,0.0,null],[117.77219,1.73498,0.0,null],[117.77528,1.73191,0.0,null],[117.77845,1.73203,0.0,null],[117.77744,1.75018,0.0,null],[117.75758,1.75357,0.0,null],[117.75728,1.76196,0.0,null],[117.77031,1.7619,0.0,null],[117.77101,1.77241,0.0,null],[117.7784,1.77225,0.0,null],[117.77911,1.78111,0.0,null],[117.78422,1.78099,0.0,null],[117.78524,1.77534,0.0,null],[117.79178,1.7757,0.0,null],[117.79148,1.78117,0.0,null],[117.78839,1.78117,0.0,null],[117.78875,1.78997,0.0,null],[117.79844,1.78968,0.0,null],[117.79884,1.80038,0.0,null],[117.78845,1.8005,0.0,null],[117.78839,1.81228,0.0,null],[117.79464,1.81222,0.0,null],[117.7941,1.81746,0.0,null],[117.78292,1.81823,0.0,null],[117.78315,1.82429,0.0,null],[117.78029,1.82558,0.0,null],[117.77863,1.82537,0.0,null],[117.77887,1.81657,0.0,null],[117.76732,1.81661,0.0,null],[117.76675,1.82353,0.0,null],[117.75955,1.82343,0.0,null],[117.75945,1.81936,0.0,null],[117.74935,1.81921,0.0,null],[117.74888,1.8122,0.0,null],[117.74196,1.81201,0.0,null],[117.74205,1.81864,0.0,null],[117.73125,1.81882,0.0,null],[117.73052,1.82343,0.0,null],[117.7373,1.82374,0.0,null],[117.74432,1.8224,0.0,null],[117.74851,1.82968,0.0,null],[117.73486,1.82868,0.0,null],[117.73397,1.83036,0.0,null]]]}},{"type":"Feature","properties":{"inventoryId":"big-forestry-ha:142","sector":"PBPH","subtype":"IUPHHK-HA","quality":"OFFICIAL","sourceDataset":"big-forestry-ha","sourceRecordId":"142","source":"BIG Kebijakan Satu Peta","sourceUrl":"https://kspservices.big.go.id/satupeta/rest/services/PUBLIK/PERIZINAN_DAN_PERTANAHAN/MapServer/1","retrievedAt":"2026-08-24T04:32:16Z","geometryProcessing":"web display simplification tolerance 0.00035 degrees","name":"PT MELAPI TIMBER","permitNumber":"SK.105/Menhut-II/2005","permitDate":"2005-04-25","areaHa":78300.0,"provinceCode":"64","region":"kalimantan"},"geometry":{"type":"Polygon","coordinates":[[[116.25107,0.86132,0.0,null],[116.2433,0.86676,0.0,null],[116.21375,0.84235,0.0,null],[116.20171,0.8307,0.0,null],[116.20087,0.83085,0.0,null],[116.20126,0.83028,0.0,null],[116.19952,0.82861,0.0,null],[116.11735,0.75312,0.0,null],[116.11767,0.7443,0.0,null],[116.11102,0.72088,0.0,null],[116.0979,0.70947,0.0,null],[116.08827,0.71095,0.0,null],[116.07471,0.7179,0.0,null],[115.99867,0.64991,0.0,null],[116.0906,0.63497,0.0,null],[116.13336,0.61594,0.0,null],[116.13871,0.61094,0.0,null],[116.12817,0.60315,0.0,null],[116.12543,0.58736,0.0,null],[116.12641,0.57919,0.0,null],[116.11969,0.57648,0.0,null],[116.10651,0.57428,0.0,null],[116.10193,0.57172,0.0,null],[116.15527,0.56012,0.0,null],[116.16193,0.52148,0.0,null],[116.16852,0.47247,0.0,null],[116.17609,0.40771,0.0,null],[116.18048,0.40369,0.0,null],[116.18073,0.40448,0.0,null],[116.18213,0.40448,0.0,null],[116.18372,0.40527,0.0,null],[116.18451,0.40692,0.0,null],[116.18408,0.40869,0.0,null],[116.1853,0.40948,0.0,null],[116.18408,0.41107,0.0,null],[116.18433,0.41351,0.0,null],[116.18652,0.41467,0.0,null],[116.18549,0.41553,0.0,null],[116.18689,0.41748,0.0,null],[116.18707,0.4187,0.0,null],[116.18811,0.41852,0.0,null],[116.18848,0.41931,0.0,null],[116.19092,0.41968,0.0,null],[116.19189,0.41888,0.0,null],[116.19269,0.42047,0.0,null],[116.19409,0.4201,0.0,null],[116.19452,0.42047,0.0,null],[116.19348,0.42169,0.0,null],[116.19348,0.42291,0.0,null],[116.19489,0.42249,0.0,null],[116.19489,0.42389,0.0,null],[116.19568,0.42468,0.0,null],[116.20007,0.42493,0.0,null],[116.20068,0.42731,0.0,null],[116.20288,0.42767,0.0,null],[116.20313,0.42987,0.0,null],[116.2027,0.43073,0.0,null],[116.2041,0.43329,0.0,null],[116.20569,0.43188,0.0,null],[116.20648,0.4325,0.0,null],[116.20569,0.4339,0.0,null],[116.20587,0.43488,0.0,null],[116.20673,0.43451,0.0,null],[116.20831,0.4353,0.0,null],[116.20812,0.43746,0.0,null],[116.20892,0.43793,0.0,null],[116.20789,0.43951,0.0,null],[116.20929,0.4397,0.0,null],[116.20947,0.43909,0.0,null],[116.21069,0.43872,0.0,null],[116.21112,0.43927,0.0,null],[116.20911,0.44092,0.0,null],[116.20929,0.44153,0.0,null],[116.21112,0.44189,0.0,null],[116.21149,0.44269,0.0,null],[116.21069,0.44348,0.0,null],[116.21332,0.44513,0.0,null],[116.21228,0.44647,0.0,null],[116.21368,0.44751,0.0,null],[116.21448,0.44928,0.0,null],[116.21613,0.45007,0.0,null],[116.21692,0.45172,0.0,null],[116.21613,0.45228,0.0,null],[116.21753,0.45428,0.0,null],[116.21753,0.45648,0.0,null],[116.2193,0.45648,0.0,null],[116.21945,0.45697,0.0,null],[116.21808,0.45813,0.0,null],[116.21771,0.45929,0.0,null],[116.2171,0.45947,0.0,null],[116.21753,0.45789,0.0,null],[116.21667,0.45752,0.0,null],[116.21588,0.45789,0.0,null],[116.21631,0.45868,0.0,null],[116.21588,0.45929,0.0,null],[116.21429,0.45947,0.0,null],[116.21472,0.46033,0.0,null],[116.21411,0.46088,0.0,null],[116.21173,0.46051,0.0,null],[116.21173,0.46271,0.0,null],[116.21008,0.4621,0.0,null],[116.21149,0.46448,0.0,null],[116.21088,0.4649,0.0,null],[116.21088,0.46613,0.0,null],[116.2121,0.4679,0.0,null],[116.21088,0.4679,0.0,null],[116.21051,0.46991,0.0,null],[116.2113,0.47028,0.0,null],[116.21008,0.4715,0.0,null],[116.21033,0.47211,0.0,null],[116.21149,0.47211,0.0,null],[116.21191,0.4729,0.0,null],[116.21112,0.47388,0.0,null],[116.21088,0.47308,0.0,null],[116.20911,0.47369,0.0,null],[116.21051,0.4751,0.0,null],[116.21051,0.47589,0.0,null],[116.20947,0.47589,0.0,null],[116.20929,0.47809,0.0,null],[116.20868,0.47852,0.0,null],[116.20868,0.47913,0.0,null],[116.20947,0.47931,0.0,null],[116.20911,0.4801,0.0,null],[116.20789,0.48029,0.0,null],[116.20709,0.48151,0.0,null],[116.20709,0.4823,0.0,null],[116.20892,0.4845,0.0,null],[116.20929,0.4859,0.0,null],[116.20728,0.48712,0.0,null],[116.20911,0.48889,0.0,null],[116.20789,0.48969,0.0,null],[116.20868,0.49109,0.0,null],[116.20691,0.49188,0.0,null],[116.20648,0.49292,0.0,null],[116.20508,0.49329,0.0,null],[116.20453,0.49512,0.0,null],[116.20331,0.49469,0.0,null],[116.20209,0.4953,0.0,null],[116.20392,0.49707,0.0,null],[116.20349,0.49792,0.0,null],[116.20428,0.49908,0.0,null],[116.20428,0.50031,0.0,null],[116.20569,0.50012,0.0,null],[116.20392,0.50269,0.0,null],[116.20428,0.50348,0.0,null],[116.20532,0.5025,0.0,null],[116.20612,0.50293,0.0,null],[116.20508,0.50427,0.0,null],[116.20532,0.50592,0.0,null],[116.20691,0.50549,0.0,null],[116.20709,0.50708,0.0,null],[116.2063,0.5083,0.0,null],[116.20813,0.50989,0.0,null],[116.20892,0.51331,0.0,null],[116.21033,0.51489,0.0,null],[116.21088,0.51691,0.0,null],[116.20752,0.51831,0.0,null],[116.20648,0.52008,0.0,null],[116.20251,0.52332,0.0,null],[116.20471,0.52393,0.0,null],[116.20532,0.52631,0.0,null],[116.2063,0.5271,0.0,null],[116.20569,0.52869,0.0,null],[116.20709,0.53131,0.0,null],[116.20612,0.53351,0.0,null],[116.20648,0.53528,0.0,null],[116.20471,0.53693,0.0,null],[116.20471,0.53772,0.0,null],[116.20648,0.53809,0.0,null],[116.20892,0.5401,0.0,null],[116.20929,0.5423,0.0,null],[116.20868,0.54352,0.0,null],[116.20911,0.54413,0.0,null],[116.21069,0.54413,0.0,null],[116.21252,0.54547,0.0,null],[116.21368,0.55133,0.0,null],[116.22211,0.5675,0.0,null],[116.22852,0.57428,0.0,null],[116.23328,0.57373,0.0,null],[116.24231,0.56409,0.0,null],[116.25653,0.56787,0.0,null],[116.25909,0.57129,0.0,null],[116.26208,0.58252,0.0,null],[116.26672,0.58673,0.0,null],[116.27533,0.58911,0.0,null],[116.2851,0.5899,0.0,null],[116.29608,0.5849,0.0,null],[116.30908,0.57312,0.0,null],[116.32129,0.56653,0.0,null],[116.33008,0.56329,0.0,null],[116.33948,0.56311,0.0,null],[116.35168,0.56512,0.0,null],[116.35977,0.56764,0.0,null],[116.35981,0.56936,0.0,null],[116.35826,0.57009,0.0,null],[116.35769,0.57141,0.0,null],[116.35931,0.57568,0.0,null],[116.36047,0.57568,0.0,null],[116.36145,0.57643,0.0,null],[116.36151,0.57753,0.0,null],[116.36104,0.57783,0.0,null],[116.46148,0.6811,0.0,null],[116.4587,0.6872,0.0,null],[116.46059,0.68913,0.0,null],[116.44687,0.72058,0.0,null],[116.44556,0.72014,0.0,null],[116.44457,0.72071,0.0,null],[116.44409,0.72308,0.0,null],[116.44312,0.7243,0.0,null],[116.43811,0.7265,0.0,null],[116.43347,0.72748,0.0,null],[116.43292,0.72729,0.0,null],[116.43091,0.7229,0.0,null],[116.42969,0.7229,0.0,null],[116.42932,0.72229,0.0,null],[116.42908,0.71973,0.0,null],[116.42969,0.71808,0.0,null],[116.42889,0.71729,0.0,null],[116.42908,0.71393,0.0,null],[116.42828,0.71368,0.0,null],[116.4209,0.71527,0.0,null],[116.41827,0.71808,0.0,null],[116.41632,0.71887,0.0,null],[116.41467,0.71887,0.0,null],[116.41309,0.71991,0.0,null],[116.41168,0.72308,0.0,null],[116.40869,0.72388,0.0,null],[116.40912,0.72333,0.0,null],[116.40835,0.72206,0.0,null],[116.40903,0.72177,0.0,null],[116.40929,0.72081,0.0,null],[116.40784,0.72121,0.0,null],[116.40726,0.71945,0.0,null],[116.40521,0.71882,0.0,null],[116.40549,0.71796,0.0,null],[116.40395,0.71613,0.0,null],[116.40368,0.71493,0.0,null],[116.40286,0.71467,0.0,null],[116.40373,0.71304,0.0,null],[116.40241,0.71224,0.0,null],[116.40168,0.71069,0.0,null],[116.40274,0.70983,0.0,null],[116.40225,0.70892,0.0,null],[116.40267,0.70657,0.0,null],[116.40182,0.70549,0.0,null],[116.40052,0.70529,0.0,null],[116.4006,0.70395,0.0,null],[116.39901,0.70492,0.0,null],[116.39761,0.70472,0.0,null],[116.39727,0.70428,0.0,null],[116.39806,0.70392,0.0,null],[116.39804,0.70274,0.0,null],[116.39644,0.70232,0.0,null],[116.39521,0.70277,0.0,null],[116.39678,0.70106,0.0,null],[116.39789,0.701,0.0,null],[116.39771,0.70042,0.0,null],[116.39712,0.7005,0.0,null],[116.39715,0.69965,0.0,null],[116.39577,0.69894,0.0,null],[116.39663,0.6973,0.0,null],[116.39476,0.69638,0.0,null],[116.39546,0.69614,0.0,null],[116.39532,0.69514,0.0,null],[116.39616,0.695,0.0,null],[116.39611,0.69418,0.0,null],[116.39486,0.69409,0.0,null],[116.39594,0.69236,0.0,null],[116.39442,0.69111,0.0,null],[116.39339,0.69182,0.0,null],[116.3924,0.69015,0.0,null],[116.39287,0.68889,0.0,null],[116.39232,0.6891,0.0,null],[116.39135,0.68792,0.0,null],[116.38964,0.68866,0.0,null],[116.38373,0.68848,0.0,null],[116.38108,0.68771,0.0,null],[116.37823,0.68579,0.0,null],[116.37713,0.6844,0.0,null],[116.37551,0.68407,0.0,null],[116.37396,0.68469,0.0,null],[116.36697,0.68417,0.0,null],[116.36433,0.68367,0.0,null],[116.36264,0.68208,0.0,null],[116.36169,0.68732,0.0,null],[116.35983,0.6892,0.0,null],[116.35761,0.69037,0.0,null],[116.35702,0.68728,0.0,null],[116.35395,0.68607,0.0,null],[116.35042,0.68868,0.0,null],[116.34432,0.68935,0.0,null],[116.34252,0.68812,0.0,null],[116.34009,0.6889,0.0,null],[116.33885,0.69116,0.0,null],[116.33716,0.69085,0.0,null],[116.33392,0.69214,0.0,null],[116.32632,0.69017,0.0,null],[116.32357,0.69224,0.0,null],[116.32117,0.69154,0.0,null],[116.32093,0.69069,0.0,null],[116.31812,0.69171,0.0,null],[116.31348,0.69128,0.0,null],[116.31049,0.69189,0.0,null],[116.30527,0.69169,0.0,null],[116.3009,0.69249,0.0,null],[116.28967,0.68988,0.0,null],[116.28321,0.68429,0.0,null],[116.27649,0.68292,0.0,null],[116.27098,0.68321,0.0,null],[116.26945,0.68268,0.0,null],[116.26879,0.68319,0.0,null],[116.26702,0.68317,0.0,null],[116.26292,0.67988,0.0,null],[116.25333,0.67875,0.0,null],[116.24973,0.67674,0.0,null],[116.24976,0.67788,0.0,null],[116.24718,0.68041,0.0,null],[116.24707,0.68129,0.0,null],[116.24866,0.68429,0.0,null],[116.2489,0.68776,0.0,null],[116.24652,0.69769,0.0,null],[116.24728,0.70044,0.0,null],[116.24645,0.70294,0.0,null],[116.24643,0.70563,0.0,null],[116.24735,0.71255,0.0,null],[116.24406,0.71769,0.0,null],[116.2439,0.71945,0.0,null],[116.24462,0.72188,0.0,null],[116.24198,0.72721,0.0,null],[116.24191,0.7334,0.0,null],[116.24558,0.73944,0.0,null],[116.24495,0.74741,0.0,null],[116.24393,0.75262,0.0,null],[116.24557,0.75574,0.0,null],[116.24733,0.75764,0.0,null],[116.24821,0.76009,0.0,null],[116.248,0.76274,0.0,null],[116.24655,0.76385,0.0,null],[116.24907,0.76647,0.0,null],[116.25297,0.76835,0.0,null],[116.25418,0.76964,0.0,null],[116.25428,0.77052,0.0,null],[116.25314,0.77282,0.0,null],[116.25413,0.77528,0.0,null],[116.25585,0.77549,0.0,null],[116.25747,0.77482,0.0,null],[116.25794,0.7739,0.0,null],[116.25804,0.77908,0.0,null],[116.25752,0.78144,0.0,null],[116.25395,0.78365,0.0,null],[116.25045,0.7956,0.0,null],[116.24091,0.80476,0.0,null],[116.24076,0.80611,0.0,null],[116.24414,0.81137,0.0,null],[116.25211,0.8128,0.0,null],[116.24712,0.83414,0.0,null],[116.24374,0.83847,0.0,null],[116.2436,0.8439,0.0,null],[116.25359,0.84664,0.0,null],[116.26653,0.83593,0.0,null],[116.26663,0.83638,0.0,null],[116.2661,0.85023,0.0,null],[116.26301,0.85301,0.0,null],[116.26334,0.85944,0.0,null],[116.25935,0.86146,0.0,null],[116.25303,0.85996,0.0,null],[116.25107,0.86132,0.0,null]]]}},{"type":"Feature","properties":{"inventoryId":"big-forestry-ha:50","sector":"PBPH","subtype":"IUPHHK-HA","quality":"OFFICIAL","sourceDataset":"big-forestry-ha","sourceRecordId":"50","source":"BIG Kebijakan Satu Peta","sourceUrl":"https://kspservices.big.go.id/satupeta/rest/services/PUBLIK/PERIZINAN_DAN_PERTANAHAN/MapServer/1","retrievedAt":"2026-08-24T04:32:16Z","geometryProcessing":"web display simplification tolerance 0.00035 degrees","name":"PT MENORAH LOGGINGINDO","permitNumber":"SK.516/Menhut-II/2005","permitDate":"2005-12-28","areaHa":57830.0,"provinceCode":"62","region":"kalimantan"},"geometry":{"type":"Polygon","coordinates":[[[114.60579,0.08785,0.0,null],[114.60209,0.0959,0.0,null],[114.59478,0.12647,0.0,null],[114.59348,0.138,0.0,null],[114.59248,0.15978,0.0,null],[114.58945,0.17643,0.0,null],[114.59224,0.17488,0.0,null],[114.59507,0.17758,0.0,null],[114.59736,0.17866,0.0,null],[114.59761,0.17939,0.0,null],[114.59374,0.18316,0.0,null],[114.5955,0.19337,0.0,null],[114.59448,0.199,0.0,null],[114.58994,0.21447,0.0,null],[114.5844,0.21352,0.0,null],[114.5779,0.20163,0.0,null],[114.57045,0.20131,0.0,null],[114.56109,0.21384,0.0,null],[114.55475,0.21209,0.0,null],[114.53969,0.1872,0.0,null],[114.53462,0.15978,0.0,null],[114.52812,0.15788,0.0,null],[114.51925,0.16137,0.0,null],[114.49737,0.15709,0.0,null],[114.49261,0.16152,0.0,null],[114.49557,0.18657,0.0,null],[114.49199,0.19895,0.0,null],[114.48061,0.21805,0.0,null],[114.45086,0.25137,0.0,null],[114.43913,0.254,0.0,null],[114.42942,0.25199,0.0,null],[114.41893,0.24582,0.0,null],[114.4123,0.2358,0.0,null],[114.40551,0.22299,0.0,null],[114.37605,0.2267,0.0,null],[114.35785,0.22808,0.0,null],[114.32823,0.22916,0.0,null],[114.31821,0.21235,0.0,null],[114.31096,0.20865,0.0,null],[114.30371,0.19847,0.0,null],[114.30217,0.18891,0.0,null],[114.30278,0.1812,0.0,null],[114.30803,0.17611,0.0,null],[114.32488,0.17173,0.0,null],[114.32972,0.16913,0.0,null],[114.33115,0.16558,0.0,null],[114.32756,0.16418,0.0,null],[114.32639,0.15304,0.0,null],[114.32665,0.14305,0.0,null],[114.32729,0.13953,0.0,null],[114.32896,0.13958,0.0,null],[114.33457,0.1374,0.0,null],[114.33572,0.13567,0.0,null],[114.33575,0.1339,0.0,null],[114.33926,0.12339,0.0,null],[114.33986,0.11987,0.0,null],[114.34049,0.1134,0.0,null],[114.34,0.1069,0.0,null],[114.33676,0.08688,0.0,null],[114.3374,0.07532,0.0,null],[114.33914,0.06844,0.0,null],[114.35181,0.04501,0.0,null],[114.36057,0.02192,0.0,null],[114.36119,0.0167,0.0,null],[114.36359,0.00803,0.0,null],[114.36486,-0.00066,0.0,null],[114.36671,-0.00818,0.0,null],[114.37535,-0.01982,0.0,null],[114.3828,-0.02352,0.0,null],[114.39188,-0.02546,0.0,null],[114.39197,-0.05447,0.0,null],[114.39004,-0.07003,0.0,null],[114.38528,-0.08079,0.0,null],[114.37849,-0.08522,0.0,null],[114.37836,-0.06707,0.0,null],[114.37507,-0.05136,0.0,null],[114.36534,-0.0443,0.0,null],[114.35162,-0.04696,0.0,null],[114.34594,-0.05187,0.0,null],[114.33684,-0.06215,0.0,null],[114.332,-0.07048,0.0,null],[114.31795,-0.08959,0.0,null],[114.31284,-0.10366,0.0,null],[114.30991,-0.11545,0.0,null],[114.3095,-0.1244,0.0,null],[114.31219,-0.13685,0.0,null],[114.31292,-0.14585,0.0,null],[114.30878,-0.15174,0.0,null],[114.30244,-0.15212,0.0,null],[114.29794,-0.14658,0.0,null],[114.28593,-0.10941,0.0,null],[114.28011,-0.10574,0.0,null],[114.271,-0.10534,0.0,null],[114.26817,-0.10425,0.0,null],[114.25006,-0.10153,0.0,null],[114.24375,-0.10213,0.0,null],[114.2406,-0.10159,0.0,null],[114.23505,-0.09855,0.0,null],[114.23105,-0.09829,0.0,null],[114.28339,-0.16519,0.0,null],[114.29459,-0.17078,0.0,null],[114.32621,-0.16465,0.0,null],[114.33678,-0.16576,0.0,null],[114.35411,-0.18234,0.0,null],[114.36794,-0.20326,0.0,null],[114.3726,-0.19637,0.0,null],[114.37426,-0.19,0.0,null],[114.39166,-0.1457,0.0,null],[114.40726,-0.1067,0.0,null],[114.41246,-0.0963,0.0,null],[114.42016,-0.0829,0.0,null],[114.42746,-0.0735,0.0,null],[114.43569,-0.0735,0.0,null],[114.42139,0.04972,0.0,null],[114.41799,0.04942,0.0,null],[114.41319,0.05192,0.0,null],[114.41349,0.04932,0.0,null],[114.40966,0.0505,0.0,null],[114.40586,0.0549,0.0,null],[114.40318,0.06228,0.0,null],[114.40176,0.0735,0.0,null],[114.39499,0.09072,0.0,null],[114.3909,0.09711,0.0,null],[114.39209,0.10732,0.0,null],[114.39469,0.11672,0.0,null],[114.39442,0.12473,0.0,null],[114.38954,0.1337,0.0,null],[114.39306,0.13412,0.0,null],[114.39206,0.1405,0.0,null],[114.39056,0.1491,0.0,null],[114.38746,0.1594,0.0,null],[114.38266,0.1675,0.0,null],[114.37806,0.1735,0.0,null],[114.37736,0.1783,0.0,null],[114.37736,0.1812,0.0,null],[114.37826,0.1855,0.0,null],[114.38136,0.1915,0.0,null],[114.38406,0.1937,0.0,null],[114.40376,0.1931,0.0,null],[114.40885,0.19659,0.0,null],[114.42106,0.2083,0.0,null],[114.42587,0.21029,0.0,null],[114.42866,0.2102,0.0,null],[114.43096,0.209,0.0,null],[114.43766,0.2031,0.0,null],[114.44326,0.1957,0.0,null],[114.44316,0.1873,0.0,null],[114.44206,0.1774,0.0,null],[114.44626,0.1573,0.0,null],[114.44906,0.1499,0.0,null],[114.45176,0.1456,0.0,null],[114.45536,0.1413,0.0,null],[114.46166,0.1383,0.0,null],[114.48467,0.13671,0.0,null],[114.51576,0.136,0.0,null],[114.53975,0.1366,0.0,null],[114.54926,0.1424,0.0,null],[114.55646,0.1452,0.0,null],[114.56086,0.1443,0.0,null],[114.56276,0.14269,0.0,null],[114.56446,0.1398,0.0,null],[114.56486,0.1355,0.0,null],[114.56156,0.1259,0.0,null],[114.56096,0.1215,0.0,null],[114.56126,0.1187,0.0,null],[114.56636,0.1056,0.0,null],[114.56626,0.10209,0.0,null],[114.56586,0.0995,0.0,null],[114.56026,0.0907,0.0,null],[114.55726,0.0889,0.0,null],[114.55328,0.08928,0.0,null],[114.55921,0.086,0.0,null],[114.57349,0.05354,0.0,null],[114.57564,0.04743,0.0,null],[114.57638,0.04709,0.0,null],[114.596,0.05019,0.0,null],[114.6099,0.0711,0.0,null],[114.6099,0.0789,0.0,null],[114.60579,0.08785,0.0,null]]]}},{"type":"Feature","properties":{"inventoryId":"big-forestry-ha:65","sector":"PBPH","subtype":"IUPHHK-HA","quality":"OFFICIAL","sourceDataset":"big-forestry-ha","sourceRecordId":"65","source":"BIG Kebijakan Satu Peta","sourceUrl":"https://kspservices.big.go.id/satupeta/rest/services/PUBLIK/PERIZINAN_DAN_PERTANAHAN/MapServer/1","retrievedAt":"2026-08-24T04:32:16Z","geometryProcessing":"web display simplification tolerance 0.00035 degrees","name":"PT MERANTI MUSTIKA","permitNumber":"4/1/IUPHHK-PB/PMDN/2015","permitDate":"2015-12-21","areaHa":49320.0,"provinceCode":"62","region":"kalimantan"},"geometry":{"type":"Polygon","coordinates":[[[112.36027,-1.09655,0.0,null],[112.35566,-1.08253,0.0,null],[112.35216,-1.06486,0.0,null],[112.34863,-1.05472,0.0,null],[112.34502,-1.04918,0.0,null],[112.33505,-1.04078,0.0,null],[112.32159,-1.03192,0.0,null],[112.31757,-1.02599,0.0,null],[112.31191,-0.99469,0.0,null],[112.30732,-0.98355,0.0,null],[112.30197,-0.97743,0.0,null],[112.28959,-0.97281,0.0,null],[112.28031,-0.96708,0.0,null],[112.27181,-0.95474,0.0,null],[112.26508,-0.93898,0.0,null],[112.26514,-0.92949,0.0,null],[112.2675,-0.91298,0.0,null],[112.26583,-0.90766,0.0,null],[112.26017,-0.9034,0.0,null],[112.25239,-0.91027,0.0,null],[112.24501,-0.92108,0.0,null],[112.24218,-0.93411,0.0,null],[112.24351,-0.94702,0.0,null],[112.25094,-0.96323,0.0,null],[112.25832,-0.97591,0.0,null],[112.26376,-0.9914,0.0,null],[112.27007,-1.0248,0.0,null],[112.26897,-1.04158,0.0,null],[112.26261,-1.06542,0.0,null],[112.24032,-1.0846,0.0,null],[112.22307,-1.09813,0.0,null],[112.20305,-1.10528,0.0,null],[112.18322,-1.10194,0.0,null],[112.16768,-1.08857,0.0,null],[112.1639,-1.07355,0.0,null],[112.16228,-1.05658,0.0,null],[112.16377,-1.03648,0.0,null],[112.16799,-1.01371,0.0,null],[112.17936,-0.99398,0.0,null],[112.17291,-0.98764,0.0,null],[112.11959,-1.01944,0.0,null],[112.11195,-1.05531,0.0,null],[112.1069,-1.05704,0.0,null],[112.10604,-1.06184,0.0,null],[112.12138,-1.1017,0.0,null],[112.12036,-1.10255,0.0,null],[112.11531,-1.10381,0.0,null],[112.11112,-1.10212,0.0,null],[112.11043,-1.10459,0.0,null],[112.10791,-1.10638,0.0,null],[112.10204,-1.10514,0.0,null],[112.10202,-1.10616,0.0,null],[112.10274,-1.1068,0.0,null],[112.10191,-1.10779,0.0,null],[112.10194,-1.10861,0.0,null],[112.1027,-1.10952,0.0,null],[112.10144,-1.11044,0.0,null],[112.10131,-1.11343,0.0,null],[112.10008,-1.11558,0.0,null],[112.09908,-1.11569,0.0,null],[112.09693,-1.11471,0.0,null],[112.09726,-1.11635,0.0,null],[112.09651,-1.11765,0.0,null],[112.09467,-1.11858,0.0,null],[112.09358,-1.1171,0.0,null],[112.0922,-1.1182,0.0,null],[112.09241,-1.12126,0.0,null],[112.09185,-1.12218,0.0,null],[112.09329,-1.12642,0.0,null],[112.09114,-1.12988,0.0,null],[112.09221,-1.132,0.0,null],[112.09071,-1.13434,0.0,null],[112.09228,-1.13652,0.0,null],[112.09129,-1.13804,0.0,null],[112.0915,-1.1412,0.0,null],[112.0907,-1.14513,0.0,null],[112.08944,-1.14768,0.0,null],[112.09006,-1.14909,0.0,null],[112.08999,-1.15183,0.0,null],[112.0908,-1.15335,0.0,null],[112.09018,-1.1551,0.0,null],[112.09069,-1.15725,0.0,null],[112.09007,-1.15913,0.0,null],[112.08881,-1.1594,0.0,null],[112.08551,-1.16318,0.0,null],[112.08588,-1.1665,0.0,null],[112.08681,-1.16795,0.0,null],[112.08534,-1.16879,0.0,null],[112.08476,-1.17434,0.0,null],[112.08345,-1.17643,0.0,null],[112.08428,-1.1772,0.0,null],[112.08527,-1.18059,0.0,null],[112.08447,-1.18145,0.0,null],[112.08273,-1.1811,0.0,null],[112.08314,-1.18228,0.0,null],[112.08194,-1.18269,0.0,null],[112.08355,-1.18535,0.0,null],[112.08275,-1.19016,0.0,null],[112.08297,-1.1921,0.0,null],[112.08475,-1.19212,0.0,null],[112.09364,-1.18884,0.0,null],[112.09503,-1.18931,0.0,null],[112.09631,-1.1913,0.0,null],[112.0973,-1.19178,0.0,null],[112.10088,-1.19162,0.0,null],[112.10928,-1.187,0.0,null],[112.11812,-1.18524,0.0,null],[112.11975,-1.18298,0.0,null],[112.11962,-1.17997,0.0,null],[112.12047,-1.1781,0.0,null],[112.1222,-1.17732,0.0,null],[112.12471,-1.17507,0.0,null],[112.12791,-1.17373,0.0,null],[112.13146,-1.17394,0.0,null],[112.13363,-1.17316,0.0,null],[112.13636,-1.17466,0.0,null],[112.14019,-1.17426,0.0,null],[112.14081,-1.17409,0.0,null],[112.14081,-1.17292,0.0,null],[112.14247,-1.17259,0.0,null],[112.1427,-1.17165,0.0,null],[112.14332,-1.17142,0.0,null],[112.147,-1.17245,0.0,null],[112.14834,-1.17358,0.0,null],[112.15101,-1.17313,0.0,null],[112.15093,-1.17212,0.0,null],[112.15375,-1.16952,0.0,null],[112.15627,-1.1696,0.0,null],[112.15903,-1.16859,0.0,null],[112.1597,-1.16446,0.0,null],[112.16113,-1.16277,0.0,null],[112.1623,-1.16252,0.0,null],[112.16415,-1.16327,0.0,null],[112.16515,-1.16218,0.0,null],[112.16767,-1.16412,0.0,null],[112.16817,-1.16277,0.0,null],[112.16926,-1.16243,0.0,null],[112.17069,-1.1642,0.0,null],[112.17538,-1.16545,0.0,null],[112.17697,-1.16658,0.0,null],[112.17748,-1.16791,0.0,null],[112.17698,-1.16993,0.0,null],[112.1774,-1.17077,0.0,null],[112.17883,-1.17145,0.0,null],[112.18042,-1.17516,0.0,null],[112.22054,-1.16363,0.0,null],[112.24582,-1.16449,0.0,null],[112.25297,-1.16418,0.0,null],[112.25742,-1.16331,0.0,null],[112.26001,-1.16219,0.0,null],[112.26185,-1.16056,0.0,null],[112.26148,-1.15995,0.0,null],[112.26296,-1.15958,0.0,null],[112.2646,-1.15997,0.0,null],[112.2653,-1.15926,0.0,null],[112.26645,-1.15928,0.0,null],[112.26768,-1.15598,0.0,null],[112.27109,-1.15138,0.0,null],[112.30709,-1.16298,0.0,null],[112.31769,-1.15918,0.0,null],[112.32234,-1.16581,0.0,null],[112.32586,-1.16528,0.0,null],[112.32554,-1.1665,0.0,null],[112.32747,-1.17094,0.0,null],[112.33109,-1.17287,0.0,null],[112.3316,-1.17243,0.0,null],[112.33177,-1.17003,0.0,null],[112.33091,-1.1695,0.0,null],[112.3309,-1.16884,0.0,null],[112.33285,-1.16735,0.0,null],[112.33493,-1.16838,0.0,null],[112.33568,-1.16672,0.0,null],[112.33706,-1.16653,0.0,null],[112.33779,-1.16702,0.0,null],[112.33781,-1.16828,0.0,null],[112.33885,-1.16874,0.0,null],[112.34,-1.16808,0.0,null],[112.34101,-1.16631,0.0,null],[112.34414,-1.16521,0.0,null],[112.34462,-1.16528,0.0,null],[112.34569,-1.16881,0.0,null],[112.34926,-1.16944,0.0,null],[112.35162,-1.16797,0.0,null],[112.35216,-1.16339,0.0,null],[112.35277,-1.16287,0.0,null],[112.3541,-1.1631,0.0,null],[112.36398,-1.17081,0.0,null],[112.36353,-1.17199,0.0,null],[112.36024,-1.17492,0.0,null],[112.35825,-1.17764,0.0,null],[112.35803,-1.18218,0.0,null],[112.35721,-1.18524,0.0,null],[112.35781,-1.18618,0.0,null],[112.36103,-1.18606,0.0,null],[112.36635,-1.18411,0.0,null],[112.37124,-1.18362,0.0,null],[112.37587,-1.17469,0.0,null],[112.38131,-1.17159,0.0,null],[112.38309,-1.1655,0.0,null],[112.38441,-1.16478,0.0,null],[112.38937,-1.16854,0.0,null],[112.39389,-1.17093,0.0,null],[112.39305,-1.17807,0.0,null],[112.39347,-1.18059,0.0,null],[112.39443,-1.18139,0.0,null],[112.39759,-1.17801,0.0,null],[112.40064,-1.17588,0.0,null],[112.40265,-1.17304,0.0,null],[112.40538,-1.17098,0.0,null],[112.41013,-1.16957,0.0,null],[112.41515,-1.16962,0.0,null],[112.41688,-1.16761,0.0,null],[112.41885,-1.16263,0.0,null],[112.42191,-1.16047,0.0,null],[112.42275,-1.15725,0.0,null],[112.42436,-1.15617,0.0,null],[112.42971,-1.15567,0.0,null],[112.43052,-1.15474,0.0,null],[112.43336,-1.15353,0.0,null],[112.43427,-1.15157,0.0,null],[112.4331,-1.14807,0.0,null],[112.43345,-1.14704,0.0,null],[112.43499,-1.14653,0.0,null],[112.43503,-1.14416,0.0,null],[112.43269,-1.14023,0.0,null],[112.43021,-1.13983,0.0,null],[112.43046,-1.13902,0.0,null],[112.43358,-1.13696,0.0,null],[112.43426,-1.13487,0.0,null],[112.43394,-1.13239,0.0,null],[112.4311,-1.12552,0.0,null],[112.42859,-1.12132,0.0,null],[112.42823,-1.11829,0.0,null],[112.42428,-1.11412,0.0,null],[112.42744,-1.10996,0.0,null],[112.42475,-1.10882,0.0,null],[112.42485,-1.10459,0.0,null],[112.4239,-1.10308,0.0,null],[112.42156,-1.10147,0.0,null],[112.4211,-1.09842,0.0,null],[112.41817,-1.09653,0.0,null],[112.41573,-1.09608,0.0,null],[112.41711,-1.09488,0.0,null],[112.41561,-1.09372,0.0,null],[112.4152,-1.08314,0.0,null],[112.41558,-1.07808,0.0,null],[112.41633,-1.07574,0.0,null],[112.42175,-1.06686,0.0,null],[112.42185,-1.06442,0.0,null],[112.41998,-1.05881,0.0,null],[112.41745,-1.05666,0.0,null],[112.41221,-1.05423,0.0,null],[112.40781,-1.04852,0.0,null],[112.40547,-1.0474,0.0,null],[112.4039,-1.0474,0.0,null],[112.40108,-1.06399,0.0,null],[112.38644,-1.10553,0.0,null],[112.37912,-1.11675,0.0,null],[112.37248,-1.12318,0.0,null],[112.36648,-1.12513,0.0,null],[112.36322,-1.12021,0.0,null],[112.3595,-1.10999,0.0,null],[112.36027,-1.09655,0.0,null]]]}},{"type":"Feature","properties":{"inventoryId":"big-forestry-ha:159","sector":"PBPH","subtype":"IUPHHK-HA","quality":"OFFICIAL","sourceDataset":"big-forestry-ha","sourceRecordId":"159","source":"BIG Kebijakan Satu Peta","sourceUrl":"https://kspservices.big.go.id/satupeta/rest/services/PUBLIK/PERIZINAN_DAN_PERTANAHAN/MapServer/1","retrievedAt":"2026-08-24T04:32:16Z","geometryProcessing":"web display simplification tolerance 0.00035 degrees","name":"PT MERANTI SAKTI INDONESIA","permitNumber":"SK.87/Kpts-II/2001","permitDate":"2001-03-15","areaHa":46200.0,"provinceCode":"65","region":"kalimantan"},"geometry":{"type":"Polygon","coordinates":[[[116.46891,3.08517,0.0,null],[116.46665,3.08333,0.0,null],[116.46418,3.08013,0.0,null],[116.46259,3.07622,0.0,null],[116.46033,3.07269,0.0,null],[116.45686,3.0737,0.0,null],[116.45554,3.07341,0.0,null],[116.45495,3.07263,0.0,null],[116.45822,3.05736,0.0,null],[116.45811,3.05575,0.0,null],[116.45664,3.05235,0.0,null],[116.45729,3.05089,0.0,null],[116.46189,3.05033,0.0,null],[116.46247,3.04951,0.0,null],[116.45648,3.03966,0.0,null],[116.45703,3.03814,0.0,null],[116.46103,3.03588,0.0,null],[116.45978,3.03221,0.0,null],[116.46046,3.02919,0.0,null],[116.45963,3.02808,0.0,null],[116.45685,3.0271,0.0,null],[116.45483,3.02545,0.0,null],[116.45199,3.02641,0.0,null],[116.44951,3.02388,0.0,null],[116.4474,3.02302,0.0,null],[116.44514,3.02313,0.0,null],[116.44409,3.02386,0.0,null],[116.44386,3.02496,0.0,null],[116.44267,3.02516,0.0,null],[116.44113,3.0202,0.0,null],[116.44136,3.0184,0.0,null],[116.44039,3.01753,0.0,null],[116.43861,3.01782,0.0,null],[116.43706,3.02049,0.0,null],[116.43583,3.02079,0.0,null],[116.43548,3.01923,0.0,null],[116.43662,3.01775,0.0,null],[116.4368,3.01608,0.0,null],[116.43456,3.01217,0.0,null],[116.43437,3.01065,0.0,null],[116.43652,3.0097,0.0,null],[116.4389,3.0096,0.0,null],[116.44106,3.01044,0.0,null],[116.44164,3.00894,0.0,null],[116.43935,3.00527,0.0,null],[116.4372,3.00337,0.0,null],[116.43723,3.00238,0.0,null],[116.43634,3.00115,0.0,null],[116.43328,3.00145,0.0,null],[116.43214,3.00046,0.0,null],[116.43169,2.99822,0.0,null],[116.43267,2.99517,0.0,null],[116.43017,2.99209,0.0,null],[116.43002,2.991,0.0,null],[116.43189,2.9879,0.0,null],[116.43026,2.98595,0.0,null],[116.42704,2.98502,0.0,null],[116.42685,2.98289,0.0,null],[116.42853,2.98034,0.0,null],[116.42793,2.97878,0.0,null],[116.42574,2.97644,0.0,null],[116.42127,2.97595,0.0,null],[116.4191,2.97322,0.0,null],[116.41794,2.9732,0.0,null],[116.41645,2.97422,0.0,null],[116.41459,2.96811,0.0,null],[116.41256,2.96495,0.0,null],[116.41201,2.96301,0.0,null],[116.41118,2.96259,0.0,null],[116.40996,2.96297,0.0,null],[116.40807,2.96637,0.0,null],[116.40627,2.96617,0.0,null],[116.40421,2.96526,0.0,null],[116.40284,2.96109,0.0,null],[116.39981,2.95961,0.0,null],[116.39834,2.95989,0.0,null],[116.39779,2.96062,0.0,null],[116.39784,2.96367,0.0,null],[116.39718,2.96413,0.0,null],[116.39242,2.9587,0.0,null],[116.38948,2.95744,0.0,null],[116.38831,2.95403,0.0,null],[116.38717,2.95295,0.0,null],[116.38294,2.95337,0.0,null],[116.38019,2.9525,0.0,null],[116.37874,2.95485,0.0,null],[116.37723,2.95518,0.0,null],[116.37455,2.95432,0.0,null],[116.3746,2.95176,0.0,null],[116.37368,2.95096,0.0,null],[116.36987,2.95275,0.0,null],[116.36717,2.94709,0.0,null],[116.36649,2.94668,0.0,null],[116.36486,2.94757,0.0,null],[116.36439,2.94895,0.0,null],[116.36179,2.94946,0.0,null],[116.36023,2.94895,0.0,null],[116.35905,2.94707,0.0,null],[116.35702,2.9473,0.0,null],[116.35362,2.94512,0.0,null],[116.35192,2.94519,0.0,null],[116.35042,2.94649,0.0,null],[116.34779,2.94522,0.0,null],[116.346,2.94545,0.0,null],[116.34267,2.93941,0.0,null],[116.34091,2.93856,0.0,null],[116.3379,2.93567,0.0,null],[116.33706,2.9338,0.0,null],[116.33711,2.93059,0.0,null],[116.33664,2.93003,0.0,null],[116.33085,2.93023,0.0,null],[116.32744,2.92974,0.0,null],[116.32519,2.9284,0.0,null],[116.32233,2.92552,0.0,null],[116.32118,2.92613,0.0,null],[116.31871,2.92967,0.0,null],[116.31753,2.93029,0.0,null],[116.30696,2.93196,0.0,null],[116.30365,2.93191,0.0,null],[116.30072,2.93106,0.0,null],[116.29475,2.92526,0.0,null],[116.29013,2.92281,0.0,null],[116.28749,2.91978,0.0,null],[116.282,2.91759,0.0,null],[116.27895,2.91545,0.0,null],[116.27717,2.9158,0.0,null],[116.27381,2.91183,0.0,null],[116.27223,2.90204,0.0,null],[116.27236,2.89724,0.0,null],[116.27134,2.89494,0.0,null],[116.27205,2.89273,0.0,null],[116.27141,2.89109,0.0,null],[116.27146,2.88098,0.0,null],[116.2707,2.87805,0.0,null],[116.26837,2.87488,0.0,null],[116.26691,2.87468,0.0,null],[116.2653,2.87335,0.0,null],[116.26391,2.87335,0.0,null],[116.26297,2.87258,0.0,null],[116.26275,2.868,0.0,null],[116.26119,2.86576,0.0,null],[116.26066,2.86266,0.0,null],[116.25683,2.85718,0.0,null],[116.25667,2.85399,0.0,null],[116.25507,2.84871,0.0,null],[116.25557,2.84724,0.0,null],[116.25528,2.84639,0.0,null],[116.25399,2.84501,0.0,null],[116.24809,2.84389,0.0,null],[116.25077,2.83849,0.0,null],[116.25069,2.83758,0.0,null],[116.27103,2.81318,0.0,null],[116.28692,2.8167,0.0,null],[116.3099,2.81582,0.0,null],[116.34984,2.82967,0.0,null],[116.38744,2.81296,0.0,null],[116.4478,2.81977,0.0,null],[116.4535,2.8247,0.0,null],[116.45625,2.82468,0.0,null],[116.48379,2.84067,0.0,null],[116.50569,2.86656,0.0,null],[116.50729,2.88201,0.0,null],[116.50741,2.89204,0.0,null],[116.50525,2.90174,0.0,null],[116.50416,2.91324,0.0,null],[116.50213,2.92204,0.0,null],[116.49887,2.93114,0.0,null],[116.49381,2.94036,0.0,null],[116.49124,2.94819,0.0,null],[116.49079,2.95266,0.0,null],[116.48721,2.96706,0.0,null],[116.48476,2.98167,0.0,null],[116.4816,2.99452,0.0,null],[116.47878,3.00922,0.0,null],[116.47753,3.02034,0.0,null],[116.47753,3.03731,0.0,null],[116.47677,3.04057,0.0,null],[116.47591,3.04161,0.0,null],[116.47607,3.04539,0.0,null],[116.47424,3.04866,0.0,null],[116.47326,3.04824,0.0,null],[116.47256,3.04937,0.0,null],[116.4748,3.05042,0.0,null],[116.47591,3.05262,0.0,null],[116.47685,3.05253,0.0,null],[116.47702,3.05159,0.0,null],[116.47874,3.05012,0.0,null],[116.48081,3.05012,0.0,null],[116.48081,3.05141,0.0,null],[116.47921,3.05345,0.0,null],[116.48022,3.05514,0.0,null],[116.48197,3.05582,0.0,null],[116.48201,3.05699,0.0,null],[116.48174,3.05798,0.0,null],[116.47995,3.05946,0.0,null],[116.48004,3.06145,0.0,null],[116.47968,3.06185,0.0,null],[116.47753,3.06153,0.0,null],[116.47202,3.06324,0.0,null],[116.47289,3.06525,0.0,null],[116.47509,3.06565,0.0,null],[116.4754,3.06624,0.0,null],[116.47424,3.06687,0.0,null],[116.47406,3.06939,0.0,null],[116.47316,3.07191,0.0,null],[116.47589,3.07399,0.0,null],[116.47791,3.07457,0.0,null],[116.47884,3.07669,0.0,null],[116.48027,3.07772,0.0,null],[116.47939,3.07939,0.0,null],[116.4797,3.08128,0.0,null],[116.47907,3.08313,0.0,null],[116.47468,3.08299,0.0,null],[116.46891,3.08517,0.0,null]]]}},{"type":"Feature","properties":{"inventoryId":"big-forestry-ha:56","sector":"PBPH","subtype":"IUPHHK-HA","quality":"OFFICIAL","sourceDataset":"big-forestry-ha","sourceRecordId":"56","source":"BIG Kebijakan Satu Peta","sourceUrl":"https://kspservices.big.go.id/satupeta/rest/services/PUBLIK/PERIZINAN_DAN_PERTANAHAN/MapServer/1","retrievedAt":"2026-08-24T04:32:16Z","geometryProcessing":"web display simplification tolerance 0.00035 degrees","name":"PT MITRA PERDANA PALANGKA","permitNumber":"SK.397/Menhut-II/2005","permitDate":"2005-11-23","areaHa":56000.0,"provinceCode":"62","region":"kalimantan"},"geometry":{"type":"Polygon","coordinates":[[[114.04658,0.38606,0.0,null],[114.05581,0.39603,0.0,null],[114.06632,0.40326,0.0,null],[114.07248,0.41866,0.0,null],[114.05881,0.42073,0.0,null],[113.9215,0.40039,0.0,null],[113.87543,0.39943,0.0,null],[113.79104,0.11381,0.0,null],[113.83717,0.11148,0.0,null],[113.85057,0.15195,0.0,null],[114.00022,0.15109,0.0,null],[113.9947,0.17508,0.0,null],[113.99991,0.19037,0.0,null],[114.00021,0.19361,0.0,null],[114.00739,0.21148,0.0,null],[114.01517,0.22393,0.0,null],[114.01992,0.22906,0.0,null],[114.0294,0.23772,0.0,null],[114.05206,0.24861,0.0,null],[114.0703,0.25108,0.0,null],[114.08659,0.26949,0.0,null],[114.06526,0.27198,0.0,null],[114.04131,0.25727,0.0,null],[114.01485,0.25287,0.0,null],[114.01263,0.25443,0.0,null],[114.00188,0.27088,0.0,null],[113.99989,0.27318,0.0,null],[113.99609,0.2849,0.0,null],[113.99213,0.29408,0.0,null],[113.98756,0.30704,0.0,null],[113.98656,0.31024,0.0,null],[113.98611,0.31455,0.0,null],[113.98627,0.32286,0.0,null],[113.98746,0.33415,0.0,null],[114.00092,0.3514,0.0,null],[114.00776,0.36179,0.0,null],[114.00816,0.37939,0.0,null],[114.01986,0.38449,0.0,null],[114.03126,0.38244,0.0,null],[114.04658,0.38606,0.0,null]]]}},{"type":"Feature","properties":{"inventoryId":"big-forestry-ha:39","sector":"PBPH","subtype":"IUPHHK-HA","quality":"OFFICIAL","sourceDataset":"big-forestry-ha","sourceRecordId":"39","source":"BIG Kebijakan Satu Peta","sourceUrl":"https://kspservices.big.go.id/satupeta/rest/services/PUBLIK/PERIZINAN_DAN_PERTANAHAN/MapServer/1","retrievedAt":"2026-08-24T04:32:16Z","geometryProcessing":"web display simplification tolerance 0.00035 degrees","name":"PT MOHAIRSON PAWAN KHATULISTIWA","permitNumber":"SK.216/Menhut-II/2008","permitDate":"2008-06-09","areaHa":48440.0,"provinceCode":"61","region":"kalimantan"},"geometry":{"type":"Polygon","coordinates":[[[110.30721,-1.51817,0.0,null],[110.31181,-1.51028,0.0,null],[110.30877,-1.50741,0.0,null],[110.30249,-1.50232,0.0,null],[110.29728,-1.49891,0.0,null],[110.28935,-1.49189,0.0,null],[110.2823,-1.48669,0.0,null],[110.27434,-1.48388,0.0,null],[110.27233,-1.48263,0.0,null],[110.26688,-1.47555,0.0,null],[110.25785,-1.47039,0.0,null],[110.25099,-1.46809,0.0,null],[110.2466,-1.47495,0.0,null],[110.24469,-1.47685,0.0,null],[110.24191,-1.47868,0.0,null],[110.22408,-1.48472,0.0,null],[110.22281,-1.48637,0.0,null],[110.22112,-1.49101,0.0,null],[110.21943,-1.49236,0.0,null],[110.21428,-1.49439,0.0,null],[110.20988,-1.49689,0.0,null],[110.20782,-1.50016,0.0,null],[110.20371,-1.50173,0.0,null],[110.20278,-1.50373,0.0,null],[110.2016,-1.50466,0.0,null],[110.19881,-1.50476,0.0,null],[110.1968,-1.50564,0.0,null],[110.1939,-1.50919,0.0,null],[110.18636,-1.51291,0.0,null],[110.1848,-1.51423,0.0,null],[110.18259,-1.5177,0.0,null],[110.18103,-1.51873,0.0,null],[110.17466,-1.52049,0.0,null],[110.16409,-1.51995,0.0,null],[110.16174,-1.52029,0.0,null],[110.15801,-1.52198,0.0,null],[110.12243,-1.57652,0.0,null],[110.10715,-1.62963,0.0,null],[110.08043,-1.69379,0.0,null],[110.04465,-1.759,0.0,null],[110.03009,-1.78834,0.0,null],[110.02647,-1.80105,0.0,null],[110.0251,-1.8114,0.0,null],[110.02647,-1.81314,0.0,null],[110.02859,-1.81389,0.0,null],[110.03553,-1.81354,0.0,null],[110.04025,-1.81178,0.0,null],[110.05915,-1.79794,0.0,null],[110.06219,-1.79466,0.0,null],[110.12907,-1.6907,0.0,null],[110.13772,-1.67341,0.0,null],[110.13949,-1.67223,0.0,null],[110.16998,-1.68264,0.0,null],[110.17766,-1.68677,0.0,null],[110.18533,-1.69306,0.0,null],[110.20755,-1.70603,0.0,null],[110.21267,-1.70662,0.0,null],[110.21621,-1.70406,0.0,null],[110.22152,-1.70131,0.0,null],[110.22821,-1.69384,0.0,null],[110.23332,-1.685,0.0,null],[110.24982,-1.66245,0.0,null],[110.2516,-1.65862,0.0,null],[110.25444,-1.64866,0.0,null],[110.25646,-1.64356,0.0,null],[110.25865,-1.64154,0.0,null],[110.26117,-1.64057,0.0,null],[110.26765,-1.64065,0.0,null],[110.27761,-1.6447,0.0,null],[110.28231,-1.6455,0.0,null],[110.28507,-1.64534,0.0,null],[110.31405,-1.62883,0.0,null],[110.32749,-1.61908,0.0,null],[110.33882,-1.60642,0.0,null],[110.34316,-1.60011,0.0,null],[110.34488,-1.59627,0.0,null],[110.34562,-1.58914,0.0,null],[110.34496,-1.58783,0.0,null],[110.34209,-1.58726,0.0,null],[110.33269,-1.58374,0.0,null],[110.31908,-1.57794,0.0,null],[110.31128,-1.57222,0.0,null],[110.3063,-1.567,0.0,null],[110.30199,-1.56091,0.0,null],[110.29967,-1.5542,0.0,null],[110.3,-1.54309,0.0,null],[110.30091,-1.53607,0.0,null],[110.3029,-1.52911,0.0,null],[110.30721,-1.51817,0.0,null]]]}},{"type":"Feature","properties":{"inventoryId":"big-forestry-ha:33","sector":"PBPH","subtype":"IUPHHK-HA","quality":"OFFICIAL","sourceDataset":"big-forestry-ha","sourceRecordId":"33","source":"BIG Kebijakan Satu Peta","sourceUrl":"https://kspservices.big.go.id/satupeta/rest/services/PUBLIK/PERIZINAN_DAN_PERTANAHAN/MapServer/1","retrievedAt":"2026-08-24T04:32:16Z","geometryProcessing":"web display simplification tolerance 0.00035 degrees","name":"PT MUTIARA KALJA PERMAI (SK.506)","permitNumber":"SK.506/Menhut-II/2009","permitDate":"2009-09-03","areaHa":65875.0,"provinceCode":"64","region":"kalimantan"},"geometry":{"type":"MultiPolygon","coordinates":[[[[115.98289,0.85747,0.0,null],[115.98649,0.8804,0.0,null],[115.98837,0.88423,0.0,null],[115.98919,0.88876,0.0,null],[116.00166,0.91796,0.0,null],[116.0154,0.94112,0.0,null],[116.01918,0.97242,0.0,null],[116.01608,0.9875,0.0,null],[116.00899,1.01577,0.0,null],[116.00004,1.04442,0.0,null],[115.95971,1.06403,0.0,null],[115.99971,1.11818,0.0,null],[115.98793,1.14553,0.0,null],[115.98603,1.16094,0.0,null],[115.98996,1.17313,0.0,null],[116.00053,1.17795,0.0,null],[116.01596,1.17989,0.0,null],[116.03353,1.17683,0.0,null],[116.04909,1.17684,0.0,null],[116.04572,1.17371,0.0,null],[116.05623,1.17355,0.0,null],[116.03907,1.2899,0.0,null],[116.02084,1.28884,0.0,null],[116.00782,1.28748,0.0,null],[115.9906,1.28671,0.0,null],[115.98338,1.28321,0.0,null],[115.97047,1.27357,0.0,null],[115.95378,1.25664,0.0,null],[115.93999,1.24125,0.0,null],[115.9268,1.23013,0.0,null],[115.9162,1.22297,0.0,null],[115.87142,1.18664,0.0,null],[115.87158,1.18607,0.0,null],[115.86359,1.17946,0.0,null],[115.8588,1.17627,0.0,null],[115.8619,1.14948,0.0,null],[115.86607,1.12295,0.0,null],[115.87296,1.10207,0.0,null],[115.88064,1.08881,0.0,null],[115.89027,1.081,0.0,null],[115.90395,1.07942,0.0,null],[115.92668,1.09858,0.0,null],[115.93944,1.09392,0.0,null],[115.94169,1.08416,0.0,null],[115.93768,1.03517,0.0,null],[115.94184,1.0099,0.0,null],[115.96118,1.00333,0.0,null],[115.96103,0.9751,0.0,null],[115.96819,0.96706,0.0,null],[115.98798,0.96005,0.0,null],[115.99793,0.94697,0.0,null],[115.98561,0.9278,0.0,null],[115.93907,0.89804,0.0,null],[115.92306,0.89659,0.0,null],[115.92124,0.89494,0.0,null],[115.91814,0.88756,0.0,null],[115.915,0.88412,0.0,null],[115.9115,0.88222,0.0,null],[115.90763,0.88099,0.0,null],[115.90548,0.8789,0.0,null],[115.89566,0.87236,0.0,null],[115.89442,0.87068,0.0,null],[115.89234,0.86501,0.0,null],[115.89292,0.85749,0.0,null],[115.89247,0.85676,0.0,null],[115.89258,0.84866,0.0,null],[115.90469,0.81552,0.0,null],[115.91994,0.80385,0.0,null],[115.92125,0.79668,0.0,null],[115.91521,0.78638,0.0,null],[115.91211,0.7856,0.0,null],[115.93825,0.73907,0.0,null],[115.95921,0.77061,0.0,null],[115.97639,0.76726,0.0,null],[115.99265,0.76827,0.0,null],[115.99744,0.76915,0.0,null],[115.99252,0.77794,0.0,null],[115.98521,0.79537,0.0,null],[115.98313,0.8119,0.0,null],[115.98033,0.81365,0.0,null],[115.9806,0.82964,0.0,null],[115.98289,0.85747,0.0,null]]],[[[116.09071,0.87107,0.0,null],[116.13273,0.88613,0.0,null],[116.14658,0.89819,0.0,null],[116.14919,0.90639,0.0,null],[116.12268,0.96362,0.0,null],[116.10598,0.98523,0.0,null],[116.09223,0.98294,0.0,null],[116.07928,0.9657,0.0,null],[116.07305,0.92001,0.0,null],[116.07446,0.85583,0.0,null],[116.09071,0.87107,0.0,null]]],[[[116.28555,1.182,0.0,null],[116.23834,1.15513,0.0,null],[116.24238,1.14583,0.0,null],[116.2438,1.13643,0.0,null],[116.26279,1.12139,0.0,null],[116.27101,1.09275,0.0,null],[116.27925,1.08306,0.0,null],[116.28555,1.182,0.0,null]]],[[[116.2097,0.83797,0.0,null],[116.21538,0.84369,0.0,null],[116.21529,0.90128,0.0,null],[116.20303,0.88376,0.0,null],[116.1749,0.86906,0.0,null],[116.20087,0.83085,0.0,null],[116.20171,0.8307,0.0,null],[116.2097,0.83797,0.0,null]]]]}},{"type":"Feature","properties":{"inventoryId":"big-forestry-ha:19","sector":"PBPH","subtype":"IUPHHK-HA","quality":"OFFICIAL","sourceDataset":"big-forestry-ha","sourceRecordId":"19","source":"BIG Kebijakan Satu Peta","sourceUrl":"https://kspservices.big.go.id/satupeta/rest/services/PUBLIK/PERIZINAN_DAN_PERTANAHAN/MapServer/1","retrievedAt":"2026-08-24T04:32:16Z","geometryProcessing":"web display simplification tolerance 0.00035 degrees","name":"PT MUTIARA KALJA PERMAI (SK.553)","permitNumber":"SK.553/Menhut-II/2013","permitDate":"2013-08-02","areaHa":75120.0,"provinceCode":"64","region":"kalimantan"},"geometry":{"type":"Polygon","coordinates":[[[115.86312,1.14171,0.0,null],[115.86102,1.15508,0.0,null],[115.82663,1.15795,0.0,null],[115.80947,1.14227,0.0,null],[115.78721,1.13147,0.0,null],[115.76179,1.12994,0.0,null],[115.74905,1.13192,0.0,null],[115.74651,1.1318,0.0,null],[115.73104,1.12984,0.0,null],[115.721,1.12743,0.0,null],[115.71212,1.1237,0.0,null],[115.69872,1.11636,0.0,null],[115.6767,1.10067,0.0,null],[115.6703,1.09363,0.0,null],[115.66711,1.08916,0.0,null],[115.66387,1.08328,0.0,null],[115.72348,1.05633,0.0,null],[115.73747,1.06908,0.0,null],[115.7417,1.06847,0.0,null],[115.74224,0.92144,0.0,null],[115.75615,0.91258,0.0,null],[115.79089,0.91229,0.0,null],[115.80328,0.90496,0.0,null],[115.81319,0.89309,0.0,null],[115.82467,0.88121,0.0,null],[115.83781,0.86879,0.0,null],[115.84178,0.85298,0.0,null],[115.86046,0.83482,0.0,null],[115.87241,0.81984,0.0,null],[115.88263,0.79655,0.0,null],[115.88723,0.77936,0.0,null],[115.91521,0.78638,0.0,null],[115.92125,0.79668,0.0,null],[115.91994,0.80385,0.0,null],[115.90469,0.81552,0.0,null],[115.89258,0.84866,0.0,null],[115.89247,0.85676,0.0,null],[115.89292,0.85749,0.0,null],[115.89234,0.86501,0.0,null],[115.89442,0.87068,0.0,null],[115.89566,0.87236,0.0,null],[115.90548,0.8789,0.0,null],[115.90763,0.88099,0.0,null],[115.9115,0.88222,0.0,null],[115.915,0.88412,0.0,null],[115.91814,0.88756,0.0,null],[115.92124,0.89494,0.0,null],[115.92306,0.89659,0.0,null],[115.93907,0.89804,0.0,null],[115.98561,0.9278,0.0,null],[115.99793,0.94697,0.0,null],[115.98798,0.96005,0.0,null],[115.96819,0.96706,0.0,null],[115.96103,0.9751,0.0,null],[115.96118,1.00333,0.0,null],[115.94184,1.0099,0.0,null],[115.93768,1.03517,0.0,null],[115.94169,1.08416,0.0,null],[115.93944,1.09392,0.0,null],[115.92668,1.09858,0.0,null],[115.90395,1.07942,0.0,null],[115.89027,1.081,0.0,null],[115.88064,1.08881,0.0,null],[115.87296,1.10207,0.0,null],[115.86607,1.12295,0.0,null],[115.86312,1.14171,0.0,null]]]}},{"type":"Feature","properties":{"inventoryId":"big-forestry-ha:153","sector":"PBPH","subtype":"IUPHHK-HA","quality":"OFFICIAL","sourceDataset":"big-forestry-ha","sourceRecordId":"153","source":"BIG Kebijakan Satu Peta","sourceUrl":"https://kspservices.big.go.id/satupeta/rest/services/PUBLIK/PERIZINAN_DAN_PERTANAHAN/MapServer/1","retrievedAt":"2026-08-24T04:32:16Z","geometryProcessing":"web display simplification tolerance 0.00035 degrees","name":"PT NADILA INDODAYA","permitNumber":"SK.503/Menhut-II/2006","permitDate":"2006-11-06","areaHa":44090.0,"provinceCode":"64","region":"kalimantan"},"geometry":{"type":"MultiPolygon","coordinates":[[[[118.53131,1.01046,0.0,null],[118.5306,1.01051,0.0,null],[118.52912,1.013,0.0,null],[118.51543,1.02412,0.0,null],[118.46617,1.02774,0.0,null],[118.44033,1.05751,0.0,null],[118.44033,1.08063,0.0,null],[118.43414,1.08395,0.0,null],[118.41991,1.10068,0.0,null],[118.41976,1.11488,0.0,null],[118.45059,1.13756,0.0,null],[118.44832,1.16642,0.0,null],[118.45845,1.20675,0.0,null],[118.46518,1.24605,0.0,null],[118.46389,1.2453,0.0,null],[118.45123,1.23197,0.0,null],[118.44215,1.21153,0.0,null],[118.43075,1.19454,0.0,null],[118.42421,1.18638,0.0,null],[118.42326,1.15134,0.0,null],[118.36236,1.06946,0.0,null],[118.42098,1.02444,0.0,null],[118.44334,1.00646,0.0,null],[118.39071,0.9477,0.0,null],[118.41335,0.9418,0.0,null],[118.44061,0.93581,0.0,null],[118.4406,0.93518,0.0,null],[118.43818,0.93513,0.0,null],[118.43654,0.9345,0.0,null],[118.4378,0.93083,0.0,null],[118.43724,0.92754,0.0,null],[118.43763,0.92692,0.0,null],[118.43917,0.92651,0.0,null],[118.44079,0.9269,0.0,null],[118.44504,0.92987,0.0,null],[118.44816,0.92958,0.0,null],[118.44961,0.92853,0.0,null],[118.45038,0.9257,0.0,null],[118.44843,0.92066,0.0,null],[118.4493,0.9195,0.0,null],[118.45442,0.91871,0.0,null],[118.45524,0.91757,0.0,null],[118.45579,0.91459,0.0,null],[118.45684,0.91351,0.0,null],[118.46575,0.91431,0.0,null],[118.46812,0.91389,0.0,null],[118.47053,0.9127,0.0,null],[118.47471,0.908,0.0,null],[118.47759,0.90706,0.0,null],[118.47947,0.90544,0.0,null],[118.48025,0.90324,0.0,null],[118.51451,0.86913,0.0,null],[118.59866,0.86159,0.0,null],[118.60003,0.86269,0.0,null],[118.62572,0.90554,0.0,null],[118.58538,0.9078,0.0,null],[118.56483,0.91385,0.0,null],[118.56438,0.92729,0.0,null],[118.55743,0.93394,0.0,null],[118.55471,0.93893,0.0,null],[118.55441,0.94361,0.0,null],[118.55758,0.9501,0.0,null],[118.56302,0.95645,0.0,null],[118.50729,0.96266,0.0,null],[118.5075,0.96331,0.0,null],[118.51356,0.96296,0.0,null],[118.51352,0.96654,0.0,null],[118.51198,0.96711,0.0,null],[118.50941,0.9664,0.0,null],[118.50772,0.96696,0.0,null],[118.50699,0.96854,0.0,null],[118.50804,0.96996,0.0,null],[118.51044,0.96893,0.0,null],[118.51219,0.96922,0.0,null],[118.5125,0.97001,0.0,null],[118.51129,0.97338,0.0,null],[118.51197,0.97385,0.0,null],[118.51465,0.97355,0.0,null],[118.51715,0.97412,0.0,null],[118.51929,0.97251,0.0,null],[118.52002,0.97269,0.0,null],[118.5224,0.97651,0.0,null],[118.52316,0.97673,0.0,null],[118.52437,0.97545,0.0,null],[118.5235,0.97206,0.0,null],[118.52392,0.97139,0.0,null],[118.52743,0.97139,0.0,null],[118.53077,0.97271,0.0,null],[118.53208,0.97389,0.0,null],[118.53095,0.9762,0.0,null],[118.52854,0.9774,0.0,null],[118.52517,0.97809,0.0,null],[118.52548,0.9807,0.0,null],[118.52482,0.98125,0.0,null],[118.52305,0.98133,0.0,null],[118.52156,0.98037,0.0,null],[118.52054,0.98273,0.0,null],[118.52455,0.98455,0.0,null],[118.52702,0.98393,0.0,null],[118.52801,0.98618,0.0,null],[118.53418,0.98697,0.0,null],[118.53264,0.99005,0.0,null],[118.53284,0.99092,0.0,null],[118.53352,0.99101,0.0,null],[118.53561,0.98932,0.0,null],[118.53641,0.98943,0.0,null],[118.53741,0.99283,0.0,null],[118.5407,0.99349,0.0,null],[118.54054,0.99505,0.0,null],[118.53626,0.99391,0.0,null],[118.53405,0.99516,0.0,null],[118.53577,0.99526,0.0,null],[118.53636,0.9958,0.0,null],[118.53625,0.99666,0.0,null],[118.53343,0.99887,0.0,null],[118.53329,1.00062,0.0,null],[118.53384,1.00111,0.0,null],[118.53735,1.00044,0.0,null],[118.53823,1.00058,0.0,null],[118.53861,1.00134,0.0,null],[118.5368,1.00283,0.0,null],[118.53779,1.00526,0.0,null],[118.5373,1.00697,0.0,null],[118.53324,1.01049,0.0,null],[118.53131,1.01046,0.0,null]]],[[[118.16488,1.09579,0.0,null],[118.17383,1.10721,0.0,null],[118.16976,1.11819,0.0,null],[118.2013,1.16677,0.0,null],[118.23808,1.168,0.0,null],[118.22611,1.1801,0.0,null],[118.22117,1.18208,0.0,null],[118.18155,1.17701,0.0,null],[118.15384,1.15547,0.0,null],[118.151,1.15177,0.0,null],[118.14927,1.14819,0.0,null],[118.14865,1.14486,0.0,null],[118.14927,1.14239,0.0,null],[118.15087,1.13955,0.0,null],[118.15161,1.13609,0.0,null],[118.151,1.13424,0.0,null],[118.12662,1.09381,0.0,null],[118.07965,1.09338,0.0,null],[118.05298,1.10523,0.0,null],[118.02614,1.10283,0.0,null],[118.01762,1.08974,0.0,null],[118.01984,1.07592,0.0,null],[118.02867,1.06499,0.0,null],[118.04323,1.05721,0.0,null],[118.07743,1.05919,0.0,null],[118.12952,1.03932,0.0,null],[118.14248,1.06808,0.0,null],[118.16488,1.09579,0.0,null]]]]}},{"type":"Feature","properties":{"inventoryId":"big-forestry-ha:29","sector":"PBPH","subtype":"IUPHHK-HA","quality":"OFFICIAL","sourceDataset":"big-forestry-ha","sourceRecordId":"29","source":"BIG Kebijakan Satu Peta","sourceUrl":"https://kspservices.big.go.id/satupeta/rest/services/PUBLIK/PERIZINAN_DAN_PERTANAHAN/MapServer/1","retrievedAt":"2026-08-24T04:32:16Z","geometryProcessing":"web display simplification tolerance 0.00035 degrees","name":"PT NARKATA RIMBA","permitNumber":"SK.433/Menhut-II/2012","permitDate":"2012-08-09","areaHa":65925.0,"provinceCode":"64","region":"kalimantan"},"geometry":{"type":"Polygon","coordinates":[[[116.5032,1.3397,0.0,null],[116.50462,1.34189,0.0,null],[116.50546,1.34233,0.0,null],[116.50736,1.34187,0.0,null],[116.5092,1.3424,0.0,null],[116.51083,1.34213,0.0,null],[116.51299,1.34302,0.0,null],[116.51405,1.34271,0.0,null],[116.5141,1.34205,0.0,null],[116.51567,1.34113,0.0,null],[116.52242,1.34282,0.0,null],[116.5239,1.34617,0.0,null],[116.52893,1.34921,0.0,null],[116.52809,1.35306,0.0,null],[116.52975,1.35667,0.0,null],[116.53141,1.35761,0.0,null],[116.53337,1.35714,0.0,null],[116.53546,1.3553,0.0,null],[116.5375,1.35508,0.0,null],[116.54079,1.3528,0.0,null],[116.5397,1.35164,0.0,null],[116.53713,1.35205,0.0,null],[116.5353,1.3507,0.0,null],[116.53598,1.34747,0.0,null],[116.53473,1.34493,0.0,null],[116.53511,1.34182,0.0,null],[116.53767,1.34343,0.0,null],[116.54158,1.34058,0.0,null],[116.5428,1.34044,0.0,null],[116.54408,1.3411,0.0,null],[116.54762,1.34049,0.0,null],[116.54922,1.34329,0.0,null],[116.55126,1.34111,0.0,null],[116.5537,1.34076,0.0,null],[116.55556,1.33965,0.0,null],[116.55623,1.33688,0.0,null],[116.55733,1.33522,0.0,null],[116.5576,1.333,0.0,null],[116.5607,1.33269,0.0,null],[116.56184,1.33411,0.0,null],[116.56333,1.33475,0.0,null],[116.56652,1.33474,0.0,null],[116.56889,1.3338,0.0,null],[116.57201,1.34347,0.0,null],[116.57485,1.34255,0.0,null],[116.57598,1.34125,0.0,null],[116.57953,1.33919,0.0,null],[116.58158,1.33938,0.0,null],[116.58731,1.33774,0.0,null],[116.58992,1.33848,0.0,null],[116.59406,1.33864,0.0,null],[116.5951,1.34355,0.0,null],[116.5965,1.34468,0.0,null],[116.59698,1.34647,0.0,null],[116.59574,1.34842,0.0,null],[116.5953,1.35096,0.0,null],[116.59436,1.35261,0.0,null],[116.59032,1.35747,0.0,null],[116.59049,1.35924,0.0,null],[116.59536,1.36002,0.0,null],[116.59731,1.35912,0.0,null],[116.59922,1.36132,0.0,null],[116.6033,1.3618,0.0,null],[116.60581,1.36287,0.0,null],[116.60731,1.36356,0.0,null],[116.60857,1.36717,0.0,null],[116.6098,1.36742,0.0,null],[116.61081,1.36844,0.0,null],[116.61092,1.36757,0.0,null],[116.61135,1.36758,0.0,null],[116.61214,1.36867,0.0,null],[116.61535,1.3704,0.0,null],[116.61696,1.36986,0.0,null],[116.61608,1.36772,0.0,null],[116.61604,1.3656,0.0,null],[116.61641,1.36408,0.0,null],[116.61755,1.36273,0.0,null],[116.61897,1.36234,0.0,null],[116.62333,1.36296,0.0,null],[116.62813,1.36186,0.0,null],[116.62945,1.36226,0.0,null],[116.63029,1.36409,0.0,null],[116.63188,1.36526,0.0,null],[116.63409,1.36574,0.0,null],[116.63651,1.36547,0.0,null],[116.63841,1.3669,0.0,null],[116.64211,1.36778,0.0,null],[116.64468,1.36925,0.0,null],[116.6471,1.36786,0.0,null],[116.64777,1.36961,0.0,null],[116.64963,1.37099,0.0,null],[116.65166,1.37026,0.0,null],[116.65706,1.36989,0.0,null],[116.66061,1.37161,0.0,null],[116.66594,1.37318,0.0,null],[116.66677,1.37201,0.0,null],[116.66631,1.36959,0.0,null],[116.66745,1.36851,0.0,null],[116.66834,1.36654,0.0,null],[116.66779,1.36458,0.0,null],[116.66819,1.36325,0.0,null],[116.66941,1.36296,0.0,null],[116.67216,1.36473,0.0,null],[116.68324,1.36307,0.0,null],[116.68753,1.35936,0.0,null],[116.68834,1.35576,0.0,null],[116.69179,1.35754,0.0,null],[116.69168,1.35441,0.0,null],[116.69275,1.35246,0.0,null],[116.69631,1.3532,0.0,null],[116.69791,1.35224,0.0,null],[116.69919,1.34962,0.0,null],[116.69777,1.34845,0.0,null],[116.69772,1.34727,0.0,null],[116.69872,1.34643,0.0,null],[116.70093,1.34591,0.0,null],[116.70103,1.34274,0.0,null],[116.70158,1.34152,0.0,null],[116.70085,1.33735,0.0,null],[116.69983,1.33485,0.0,null],[116.69969,1.3266,0.0,null],[116.71214,1.34057,0.0,null],[116.72155,1.35914,0.0,null],[116.74381,1.36642,0.0,null],[116.7851,1.33732,0.0,null],[116.80212,1.33912,0.0,null],[116.80336,1.34016,0.0,null],[116.68704,1.41523,0.0,null],[116.6859,1.42049,0.0,null],[116.68709,1.44145,0.0,null],[116.67915,1.46799,0.0,null],[116.68142,1.4766,0.0,null],[116.70795,1.50699,0.0,null],[116.71161,1.51797,0.0,null],[116.50493,1.54293,0.0,null],[116.50496,1.53537,0.0,null],[116.5063,1.52771,0.0,null],[116.50591,1.52618,0.0,null],[116.50323,1.52312,0.0,null],[116.50247,1.51814,0.0,null],[116.49863,1.51106,0.0,null],[116.49844,1.50398,0.0,null],[116.49787,1.5013,0.0,null],[116.49365,1.48962,0.0,null],[116.49212,1.48196,0.0,null],[116.49113,1.48038,0.0,null],[116.48846,1.48002,0.0,null],[116.48604,1.48099,0.0,null],[116.48276,1.48014,0.0,null],[116.48312,1.48269,0.0,null],[116.4847,1.48402,0.0,null],[116.48507,1.48523,0.0,null],[116.47548,1.48511,0.0,null],[116.47366,1.48632,0.0,null],[116.47184,1.48657,0.0,null],[116.46832,1.48596,0.0,null],[116.46662,1.4862,0.0,null],[116.46431,1.48717,0.0,null],[116.46055,1.49008,0.0,null],[116.45861,1.49081,0.0,null],[116.45472,1.49117,0.0,null],[116.45072,1.4896,0.0,null],[116.44914,1.48826,0.0,null],[116.43949,1.48728,0.0,null],[116.43536,1.48631,0.0,null],[116.43051,1.48352,0.0,null],[116.4259,1.48171,0.0,null],[116.41643,1.48158,0.0,null],[116.41242,1.48013,0.0,null],[116.40975,1.47819,0.0,null],[116.40781,1.47552,0.0,null],[116.40381,1.47467,0.0,null],[116.40235,1.47382,0.0,null],[116.39883,1.46606,0.0,null],[116.39786,1.46497,0.0,null],[116.39216,1.46255,0.0,null],[116.38779,1.45782,0.0,null],[116.38087,1.45903,0.0,null],[116.3763,1.46143,0.0,null],[116.3655,1.46955,0.0,null],[116.36247,1.47343,0.0,null],[116.35992,1.47501,0.0,null],[116.35555,1.47646,0.0,null],[116.34972,1.47719,0.0,null],[116.3462,1.47634,0.0,null],[116.34354,1.47485,0.0,null],[116.34412,1.47187,0.0,null],[116.34765,1.46798,0.0,null],[116.34751,1.46673,0.0,null],[116.34513,1.46728,0.0,null],[116.34379,1.46587,0.0,null],[116.34673,1.46493,0.0,null],[116.34725,1.46379,0.0,null],[116.34659,1.46025,0.0,null],[116.34522,1.45859,0.0,null],[116.34504,1.45672,0.0,null],[116.34594,1.45457,0.0,null],[116.34542,1.45271,0.0,null],[116.34532,1.44633,0.0,null],[116.34414,1.44313,0.0,null],[116.34155,1.44124,0.0,null],[116.34198,1.43999,0.0,null],[116.34163,1.43308,0.0,null],[116.34101,1.43223,0.0,null],[116.33923,1.43152,0.0,null],[116.33863,1.42998,0.0,null],[116.34136,1.42682,0.0,null],[116.34091,1.42385,0.0,null],[116.34422,1.42412,0.0,null],[116.3463,1.42256,0.0,null],[116.3465,1.42159,0.0,null],[116.3456,1.42037,0.0,null],[116.34515,1.41818,0.0,null],[116.35001,1.41462,0.0,null],[116.35019,1.41349,0.0,null],[116.3519,1.41221,0.0,null],[116.35266,1.41231,0.0,null],[116.35271,1.41378,0.0,null],[116.35354,1.41441,0.0,null],[116.35471,1.41412,0.0,null],[116.35577,1.4125,0.0,null],[116.36033,1.41332,0.0,null],[116.36041,1.40938,0.0,null],[116.3611,1.40738,0.0,null],[116.36324,1.40699,0.0,null],[116.3638,1.40798,0.0,null],[116.36449,1.40802,0.0,null],[116.3659,1.40645,0.0,null],[116.37041,1.40905,0.0,null],[116.37142,1.40806,0.0,null],[116.37337,1.40764,0.0,null],[116.37376,1.40591,0.0,null],[116.37768,1.40555,0.0,null],[116.38067,1.403,0.0,null],[116.38252,1.40335,0.0,null],[116.38681,1.40631,0.0,null],[116.38846,1.40512,0.0,null],[116.38953,1.40577,0.0,null],[116.39088,1.40546,0.0,null],[116.39453,1.40394,0.0,null],[116.39545,1.40202,0.0,null],[116.39769,1.40017,0.0,null],[116.39776,1.39781,0.0,null],[116.39866,1.39638,0.0,null],[116.40078,1.39652,0.0,null],[116.40323,1.39399,0.0,null],[116.40383,1.39423,0.0,null],[116.40417,1.39546,0.0,null],[116.40554,1.39606,0.0,null],[116.40705,1.39219,0.0,null],[116.40936,1.39223,0.0,null],[116.41082,1.39074,0.0,null],[116.41396,1.3896,0.0,null],[116.41582,1.38983,0.0,null],[116.41738,1.38861,0.0,null],[116.4176,1.38699,0.0,null],[116.41917,1.38583,0.0,null],[116.42108,1.3874,0.0,null],[116.42209,1.38701,0.0,null],[116.42271,1.38514,0.0,null],[116.42393,1.38428,0.0,null],[116.42465,1.38171,0.0,null],[116.42438,1.37926,0.0,null],[116.42736,1.37867,0.0,null],[116.42943,1.37256,0.0,null],[116.43058,1.37192,0.0,null],[116.43096,1.37099,0.0,null],[116.43404,1.3697,0.0,null],[116.43621,1.36708,0.0,null],[116.4372,1.36377,0.0,null],[116.43977,1.36451,0.0,null],[116.44172,1.3626,0.0,null],[116.44202,1.36085,0.0,null],[116.44437,1.36105,0.0,null],[116.44543,1.36036,0.0,null],[116.44591,1.35798,0.0,null],[116.44864,1.35438,0.0,null],[116.44775,1.35267,0.0,null],[116.44532,1.35156,0.0,null],[116.44517,1.35082,0.0,null],[116.44669,1.35129,0.0,null],[116.44755,1.35057,0.0,null],[116.44698,1.34846,0.0,null],[116.44875,1.34531,0.0,null],[116.45175,1.34384,0.0,null],[116.4528,1.34174,0.0,null],[116.45447,1.34149,0.0,null],[116.46126,1.33807,0.0,null],[116.46252,1.33575,0.0,null],[116.46462,1.33566,0.0,null],[116.46505,1.33786,0.0,null],[116.46728,1.33881,0.0,null],[116.47071,1.33749,0.0,null],[116.47183,1.33253,0.0,null],[116.4732,1.33248,0.0,null],[116.47634,1.33523,0.0,null],[116.47778,1.33577,0.0,null],[116.48009,1.3338,0.0,null],[116.48091,1.33178,0.0,null],[116.48177,1.33338,0.0,null],[116.48882,1.33646,0.0,null],[116.49328,1.33566,0.0,null],[116.4956,1.33364,0.0,null],[116.49624,1.33599,0.0,null],[116.49865,1.3367,0.0,null],[116.50054,1.33839,0.0,null],[116.50118,1.33822,0.0,null],[116.5032,1.3397,0.0,null]]]}},{"type":"Feature","properties":{"inventoryId":"big-forestry-ha:99","sector":"PBPH","subtype":"IUPHHK-HA","quality":"OFFICIAL","sourceDataset":"big-forestry-ha","sourceRecordId":"99","source":"BIG Kebijakan Satu Peta","sourceUrl":"https://kspservices.big.go.id/satupeta/rest/services/PUBLIK/PERIZINAN_DAN_PERTANAHAN/MapServer/1","retrievedAt":"2026-08-24T04:32:16Z","geometryProcessing":"web display simplification tolerance 0.00035 degrees","name":"PT NUSANTARA ALAM RAYA SEJAHTERA","permitNumber":"SK.693/Menhut-II/2014","permitDate":"2014-08-15","areaHa":133040.0,"provinceCode":"62","region":"kalimantan"},"geometry":{"type":"MultiPolygon","coordinates":[[[[114.05465,0.49942,0.0,null],[114.03324,0.48848,0.0,null],[114.02277,0.4761,0.0,null],[114.01563,0.46088,0.0,null],[114.01182,0.44184,0.0,null],[114.01155,0.43276,0.0,null],[114.01202,0.43269,0.0,null],[114.01146,0.4279,0.0,null],[114.07248,0.41866,0.0,null],[114.06632,0.40326,0.0,null],[114.05581,0.39603,0.0,null],[114.04658,0.38606,0.0,null],[114.03126,0.38244,0.0,null],[114.01986,0.38449,0.0,null],[114.00816,0.37939,0.0,null],[114.00776,0.36179,0.0,null],[114.00092,0.3514,0.0,null],[113.98746,0.33415,0.0,null],[113.98627,0.32286,0.0,null],[113.98611,0.31455,0.0,null],[113.98656,0.31024,0.0,null],[113.99213,0.29408,0.0,null],[113.99609,0.2849,0.0,null],[113.99989,0.27318,0.0,null],[114.00188,0.27088,0.0,null],[114.01263,0.25443,0.0,null],[114.01485,0.25287,0.0,null],[114.04131,0.25727,0.0,null],[114.06526,0.27198,0.0,null],[114.08659,0.26949,0.0,null],[114.0703,0.25108,0.0,null],[114.05206,0.24861,0.0,null],[114.0294,0.23772,0.0,null],[114.01621,0.2252,0.0,null],[114.00739,0.21148,0.0,null],[114.00021,0.19361,0.0,null],[113.99991,0.19037,0.0,null],[113.99458,0.17437,0.0,null],[114.00022,0.15109,0.0,null],[113.99861,0.1378,0.0,null],[113.99526,0.12534,0.0,null],[113.99036,0.10967,0.0,null],[113.97681,0.09367,0.0,null],[113.95306,0.051,0.0,null],[113.95037,0.03784,0.0,null],[113.95257,0.01938,0.0,null],[113.96356,0.00577,0.0,null],[113.97626,-0.00404,0.0,null],[113.98471,-0.02333,0.0,null],[114.04164,-0.02355,0.0,null],[114.08451,0.05785,0.0,null],[114.10526,0.06094,0.0,null],[114.11675,0.06491,0.0,null],[114.12823,0.06801,0.0,null],[114.1459,0.07905,0.0,null],[114.15273,0.07957,0.0,null],[114.16358,0.07475,0.0,null],[114.16834,0.06048,0.0,null],[114.16953,0.03014,0.0,null],[114.23449,-0.04186,0.0,null],[114.23308,-0.04196,0.0,null],[114.23502,-0.04405,0.0,null],[114.24449,-0.05065,0.0,null],[114.25948,-0.0535,0.0,null],[114.26876,-0.04827,0.0,null],[114.27352,-0.0416,0.0,null],[114.27637,-0.02971,0.0,null],[114.27689,-0.02168,0.0,null],[114.27375,-0.01043,0.0,null],[114.27304,0.00218,0.0,null],[114.27328,0.01669,0.0,null],[114.26685,0.03406,0.0,null],[114.264,0.08784,0.0,null],[114.25643,0.10205,0.0,null],[114.25253,0.1079,0.0,null],[114.25044,0.10871,0.0,null],[114.24778,0.11152,0.0,null],[114.24402,0.11373,0.0,null],[114.24131,0.11825,0.0,null],[114.23695,0.13528,0.0,null],[114.23486,0.13918,0.0,null],[114.23069,0.14959,0.0,null],[114.22352,0.15636,0.0,null],[114.21452,0.15953,0.0,null],[114.20869,0.15878,0.0,null],[114.20289,0.15633,0.0,null],[114.19826,0.15505,0.0,null],[114.19016,0.15139,0.0,null],[114.18213,0.14377,0.0,null],[114.14764,0.18303,0.0,null],[114.24313,0.22997,0.0,null],[114.247,0.2401,0.0,null],[114.24781,0.24725,0.0,null],[114.23637,0.26096,0.0,null],[114.22974,0.26527,0.0,null],[114.22973,0.26857,0.0,null],[114.22169,0.27385,0.0,null],[114.20741,0.28908,0.0,null],[114.19409,0.31287,0.0,null],[114.18933,0.3262,0.0,null],[114.18743,0.41233,0.0,null],[114.18314,0.43089,0.0,null],[114.1824,0.43979,0.0,null],[114.17898,0.43839,0.0,null],[114.15946,0.4373,0.0,null],[114.14526,0.4403,0.0,null],[114.13926,0.4482,0.0,null],[114.13506,0.4465,0.0,null],[114.06402,0.50663,0.0,null],[114.05465,0.49942,0.0,null]]],[[[114.58444,0.45962,0.0,null],[114.56235,0.44991,0.0,null],[114.53209,0.45943,0.0,null],[114.52257,0.44191,0.0,null],[114.50713,0.38184,0.0,null],[114.50878,0.35227,0.0,null],[114.51493,0.35313,0.0,null],[114.54934,0.34011,0.0,null],[114.57909,0.34867,0.0,null],[114.57873,0.35035,0.0,null],[114.5793,0.35054,0.0,null],[114.61658,0.35346,0.0,null],[114.6154,0.40091,0.0,null],[114.58444,0.45962,0.0,null]]],[[[114.74646,0.42374,0.0,null],[114.76031,0.44835,0.0,null],[114.77039,0.45967,0.0,null],[114.76992,0.47747,0.0,null],[114.77512,0.47889,0.0,null],[114.77506,0.48277,0.0,null],[114.77,0.48991,0.0,null],[114.75409,0.48931,0.0,null],[114.72895,0.47028,0.0,null],[114.71676,0.4505,0.0,null],[114.71706,0.42968,0.0,null],[114.72539,0.40395,0.0,null],[114.73301,0.40131,0.0,null],[114.74646,0.42374,0.0,null]]]]}},{"type":"Feature","properties":{"inventoryId":"big-forestry-ha:141","sector":"PBPH","subtype":"IUPHHK-HA","quality":"OFFICIAL","sourceDataset":"big-forestry-ha","sourceRecordId":"141","source":"BIG Kebijakan Satu Peta","sourceUrl":"https://kspservices.big.go.id/satupeta/rest/services/PUBLIK/PERIZINAN_DAN_PERTANAHAN/MapServer/1","retrievedAt":"2026-08-24T04:32:16Z","geometryProcessing":"web display simplification tolerance 0.00035 degrees","name":"PT OCEANIS TIMBER PRODUCT","permitNumber":"SK.456/Menhut-II/2005","permitDate":"2005-12-09","areaHa":67030.0,"provinceCode":"64","region":"kalimantan"},"geometry":{"type":"Polygon","coordinates":[[[116.40188,1.26074,0.0,null],[116.39863,1.26598,0.0,null],[116.39973,1.27794,0.0,null],[116.39472,1.28155,0.0,null],[116.38417,1.27656,0.0,null],[116.3825,1.26917,0.0,null],[116.38279,1.2621,0.0,null],[116.36914,1.25422,0.0,null],[116.36106,1.253,0.0,null],[116.38743,1.13731,0.0,null],[116.3911,1.13691,0.0,null],[116.39432,1.13804,0.0,null],[116.39711,1.13651,0.0,null],[116.40215,1.13489,0.0,null],[116.40369,1.13295,0.0,null],[116.4061,1.13167,0.0,null],[116.40979,1.1323,0.0,null],[116.41201,1.13032,0.0,null],[116.4133,1.12426,0.0,null],[116.41525,1.12173,0.0,null],[116.41394,1.11574,0.0,null],[116.41599,1.11268,0.0,null],[116.41724,1.10871,0.0,null],[116.41815,1.10835,0.0,null],[116.41993,1.10916,0.0,null],[116.42086,1.10899,0.0,null],[116.42229,1.10707,0.0,null],[116.42155,1.10584,0.0,null],[116.42677,1.10592,0.0,null],[116.42832,1.10541,0.0,null],[116.42979,1.10316,0.0,null],[116.43215,1.10164,0.0,null],[116.43391,1.09853,0.0,null],[116.43921,1.09825,0.0,null],[116.44281,1.09705,0.0,null],[116.44955,1.09664,0.0,null],[116.45444,1.0927,0.0,null],[116.45455,1.09222,0.0,null],[116.4534,1.09126,0.0,null],[116.45313,1.08585,0.0,null],[116.4538,1.08349,0.0,null],[116.45517,1.08137,0.0,null],[116.45478,1.07918,0.0,null],[116.45097,1.07604,0.0,null],[116.44955,1.07319,0.0,null],[116.44698,1.07265,0.0,null],[116.44613,1.07152,0.0,null],[116.44655,1.06938,0.0,null],[116.44782,1.06765,0.0,null],[116.44808,1.06572,0.0,null],[116.4468,1.06494,0.0,null],[116.44383,1.06465,0.0,null],[116.44151,1.06609,0.0,null],[116.44057,1.06589,0.0,null],[116.44057,1.06428,0.0,null],[116.44238,1.06229,0.0,null],[116.44257,1.06081,0.0,null],[116.44168,1.05891,0.0,null],[116.44031,1.05819,0.0,null],[116.43944,1.05853,0.0,null],[116.43841,1.0541,0.0,null],[116.43652,1.05051,0.0,null],[116.43975,1.04992,0.0,null],[116.44248,1.04679,0.0,null],[116.4434,1.04655,0.0,null],[116.44926,1.04606,0.0,null],[116.45111,1.04718,0.0,null],[116.45297,1.0467,0.0,null],[116.45653,1.04201,0.0,null],[116.45933,1.04126,0.0,null],[116.4632,1.03871,0.0,null],[116.46608,1.03473,0.0,null],[116.46788,1.02989,0.0,null],[116.47374,1.02695,0.0,null],[116.47703,1.02634,0.0,null],[116.47769,1.02556,0.0,null],[116.47774,1.02417,0.0,null],[116.48798,1.01192,0.0,null],[116.50904,1.02741,0.0,null],[116.52484,0.96011,0.0,null],[116.54064,0.97171,0.0,null],[116.58666,0.96264,0.0,null],[116.58653,0.96312,0.0,null],[116.59885,0.96073,0.0,null],[116.61825,0.96529,0.0,null],[116.63171,0.98546,0.0,null],[116.66742,0.93715,0.0,null],[116.66715,1.08824,0.0,null],[116.68324,1.09632,0.0,null],[116.66686,1.13156,0.0,null],[116.55892,1.14584,0.0,null],[116.55879,1.15609,0.0,null],[116.5572,1.15962,0.0,null],[116.56795,1.16027,0.0,null],[116.57231,1.16291,0.0,null],[116.57397,1.16873,0.0,null],[116.57037,1.17526,0.0,null],[116.56684,1.17949,0.0,null],[116.56629,1.18474,0.0,null],[116.56157,1.18453,0.0,null],[116.54381,1.21536,0.0,null],[116.53854,1.21311,0.0,null],[116.52408,1.23551,0.0,null],[116.51944,1.2339,0.0,null],[116.51471,1.24002,0.0,null],[116.4786,1.22458,0.0,null],[116.48163,1.23133,0.0,null],[116.48028,1.23319,0.0,null],[116.48055,1.23523,0.0,null],[116.48141,1.23578,0.0,null],[116.48127,1.23803,0.0,null],[116.48285,1.23868,0.0,null],[116.48206,1.24024,0.0,null],[116.48364,1.24265,0.0,null],[116.48333,1.24369,0.0,null],[116.48432,1.24531,0.0,null],[116.48297,1.24663,0.0,null],[116.4823,1.24431,0.0,null],[116.48113,1.24393,0.0,null],[116.48031,1.24428,0.0,null],[116.4775,1.24248,0.0,null],[116.4752,1.24172,0.0,null],[116.47605,1.24079,0.0,null],[116.4753,1.23996,0.0,null],[116.47575,1.23872,0.0,null],[116.47479,1.23689,0.0,null],[116.47269,1.23654,0.0,null],[116.47281,1.23572,0.0,null],[116.4689,1.23248,0.0,null],[116.46844,1.23374,0.0,null],[116.46721,1.23371,0.0,null],[116.46576,1.23063,0.0,null],[116.46532,1.23167,0.0,null],[116.4586,1.22718,0.0,null],[116.45616,1.22614,0.0,null],[116.4552,1.22625,0.0,null],[116.45479,1.22514,0.0,null],[116.45572,1.22428,0.0,null],[116.45565,1.22342,0.0,null],[116.45465,1.2229,0.0,null],[116.45362,1.2231,0.0,null],[116.45318,1.22442,0.0,null],[116.45225,1.22345,0.0,null],[116.45215,1.22228,0.0,null],[116.45091,1.22252,0.0,null],[116.44885,1.22038,0.0,null],[116.44728,1.2202,0.0,null],[116.44608,1.21772,0.0,null],[116.44467,1.21779,0.0,null],[116.44303,1.21702,0.0,null],[116.44109,1.2173,0.0,null],[116.43833,1.22286,0.0,null],[116.43415,1.22342,0.0,null],[116.4336,1.23037,0.0,null],[116.42824,1.23612,0.0,null],[116.4217,1.23869,0.0,null],[116.41499,1.2578,0.0,null],[116.41065,1.25896,0.0,null],[116.40616,1.2612,0.0,null],[116.40225,1.26014,0.0,null],[116.40188,1.26074,0.0,null]]]}},{"type":"Feature","properties":{"inventoryId":"big-forestry-ha:20","sector":"PBPH","subtype":"IUPHHK-HA","quality":"OFFICIAL","sourceDataset":"big-forestry-ha","sourceRecordId":"20","source":"BIG Kebijakan Satu Peta","sourceUrl":"https://kspservices.big.go.id/satupeta/rest/services/PUBLIK/PERIZINAN_DAN_PERTANAHAN/MapServer/1","retrievedAt":"2026-08-24T04:32:16Z","geometryProcessing":"web display simplification tolerance 0.00035 degrees","name":"PT PANAMBANGAN","permitNumber":"SK.411/Menhut-II/2004","permitDate":"2004-10-18","areaHa":43240.0,"provinceCode":"64","region":"kalimantan"},"geometry":{"type":"Polygon","coordinates":[[[117.41829,1.066,0.0,null],[117.35705,1.09881,0.0,null],[117.34512,1.10239,0.0,null],[117.341,1.10164,0.0,null],[117.32763,1.07,0.0,null],[117.2943,1.03667,0.0,null],[117.26206,0.9936,0.0,null],[117.23915,0.9937,0.0,null],[117.206,0.91257,0.0,null],[117.22934,0.90197,0.0,null],[117.23967,0.90302,0.0,null],[117.24426,0.90264,0.0,null],[117.25092,0.90132,0.0,null],[117.25604,0.89903,0.0,null],[117.26628,0.89276,0.0,null],[117.27034,0.88908,0.0,null],[117.27505,0.88286,0.0,null],[117.28178,0.87592,0.0,null],[117.32146,0.8562,0.0,null],[117.33011,0.90624,0.0,null],[117.35659,0.89989,0.0,null],[117.37056,0.89894,0.0,null],[117.39329,0.89928,0.0,null],[117.42288,0.901,0.0,null],[117.42154,0.90512,0.0,null],[117.41368,0.91687,0.0,null],[117.41099,0.92379,0.0,null],[117.39221,0.95828,0.0,null],[117.41441,0.96807,0.0,null],[117.45129,0.9858,0.0,null],[117.45453,0.9905,0.0,null],[117.45591,0.99349,0.0,null],[117.46058,0.99926,0.0,null],[117.46795,1.01652,0.0,null],[117.48082,1.02598,0.0,null],[117.50311,1.03959,0.0,null],[117.50311,1.0531,0.0,null],[117.48136,1.06803,0.0,null],[117.47633,1.06738,0.0,null],[117.47624,1.06827,0.0,null],[117.47625,1.06737,0.0,null],[117.4325,1.06147,0.0,null],[117.41829,1.066,0.0,null]]]}},{"type":"Feature","properties":{"inventoryId":"big-forestry-ha:116","sector":"PBPH","subtype":"IUPHHK-HA","quality":"OFFICIAL","sourceDataset":"big-forestry-ha","sourceRecordId":"116","source":"BIG Kebijakan Satu Peta","sourceUrl":"https://kspservices.big.go.id/satupeta/rest/services/PUBLIK/PERIZINAN_DAN_PERTANAHAN/MapServer/1","retrievedAt":"2026-08-24T04:32:16Z","geometryProcessing":"web display simplification tolerance 0.00035 degrees","name":"PT PANDUJAYA GEMILANG AGUNG","permitNumber":"SK.111/Kpts-II/2000","permitDate":"2000-12-29","areaHa":49500.0,"provinceCode":"62","region":"kalimantan"},"geometry":{"type":"Polygon","coordinates":[[[114.49913,-0.75568,0.0,null],[114.4945,-0.75568,0.0,null],[114.48831,-0.74875,0.0,null],[114.48267,-0.74875,0.0,null],[114.47943,-0.75201,0.0,null],[114.47367,-0.75308,0.0,null],[114.46681,-0.75678,0.0,null],[114.46535,-0.79992,0.0,null],[114.39207,-0.79944,0.0,null],[114.31241,-0.87966,0.0,null],[114.27099,-0.8418,0.0,null],[114.26152,-0.8381,0.0,null],[114.26137,-0.83292,0.0,null],[114.23798,-0.81154,0.0,null],[114.12493,-0.85219,0.0,null],[114.09799,-0.87031,0.0,null],[114.09495,-0.92613,0.0,null],[114.12973,-0.92676,0.0,null],[114.22737,-0.92512,0.0,null],[114.22519,-0.92932,0.0,null],[114.39815,-0.93375,0.0,null],[114.40841,-0.9159,0.0,null],[114.42921,-0.89762,0.0,null],[114.45722,-0.88848,0.0,null],[114.46738,-0.88393,0.0,null],[114.48242,-0.88857,0.0,null],[114.51543,-0.8604,0.0,null],[114.51569,-0.85908,0.0,null],[114.51788,-0.85697,0.0,null],[114.51629,-0.85572,0.0,null],[114.51393,-0.85619,0.0,null],[114.51451,-0.8546,0.0,null],[114.51356,-0.85403,0.0,null],[114.51301,-0.85391,0.0,null],[114.51112,-0.85532,0.0,null],[114.50792,-0.85394,0.0,null],[114.50797,-0.85101,0.0,null],[114.50951,-0.84895,0.0,null],[114.51138,-0.84952,0.0,null],[114.51313,-0.84793,0.0,null],[114.5132,-0.84737,0.0,null],[114.51206,-0.84717,0.0,null],[114.51374,-0.84603,0.0,null],[114.51299,-0.84477,0.0,null],[114.51351,-0.84413,0.0,null],[114.51518,-0.84401,0.0,null],[114.51605,-0.84243,0.0,null],[114.51362,-0.83843,0.0,null],[114.51236,-0.83303,0.0,null],[114.50554,-0.82188,0.0,null],[114.50555,-0.81146,0.0,null],[114.52151,-0.78357,0.0,null],[114.52396,-0.77756,0.0,null],[114.52405,-0.76785,0.0,null],[114.51993,-0.75486,0.0,null],[114.514,-0.75177,0.0,null],[114.49913,-0.75568,0.0,null]]]}},{"type":"Feature","properties":{"inventoryId":"big-forestry-ha:54","sector":"PBPH","subtype":"IUPHHK-HA","quality":"OFFICIAL","sourceDataset":"big-forestry-ha","sourceRecordId":"54","source":"BIG Kebijakan Satu Peta","sourceUrl":"https://kspservices.big.go.id/satupeta/rest/services/PUBLIK/PERIZINAN_DAN_PERTANAHAN/MapServer/1","retrievedAt":"2026-08-24T04:32:16Z","geometryProcessing":"web display simplification tolerance 0.00035 degrees","name":"PT PEMANTANG ABADITAMA","permitNumber":"SK.942/Kpts-VI/1999","permitDate":"1999-10-14","areaHa":49370.0,"provinceCode":"62","region":"kalimantan"},"geometry":{"type":"Polygon","coordinates":[[[114.70633,-0.14905,0.0,null],[114.70226,-0.14089,0.0,null],[114.69536,-0.13035,0.0,null],[114.69113,-0.12175,0.0,null],[114.58108,-0.09502,0.0,null],[114.56787,-0.12852,0.0,null],[114.55607,-0.161,0.0,null],[114.51309,-0.26988,0.0,null],[114.51608,-0.26973,0.0,null],[114.51724,-0.27129,0.0,null],[114.51837,-0.27075,0.0,null],[114.52069,-0.26813,0.0,null],[114.52354,-0.26873,0.0,null],[114.52319,-0.26706,0.0,null],[114.52599,-0.26635,0.0,null],[114.5274,-0.26758,0.0,null],[114.53058,-0.26801,0.0,null],[114.53167,-0.26611,0.0,null],[114.53292,-0.26564,0.0,null],[114.53435,-0.26385,0.0,null],[114.53708,-0.26212,0.0,null],[114.54109,-0.2652,0.0,null],[114.54362,-0.26557,0.0,null],[114.54446,-0.26486,0.0,null],[114.54439,-0.26188,0.0,null],[114.54826,-0.26189,0.0,null],[114.5488,-0.26034,0.0,null],[114.55131,-0.25796,0.0,null],[114.55131,-0.25463,0.0,null],[114.55005,-0.25314,0.0,null],[114.54975,-0.25112,0.0,null],[114.55238,-0.25154,0.0,null],[114.5526,-0.25082,0.0,null],[114.55668,-0.24987,0.0,null],[114.55698,-0.24939,0.0,null],[114.56142,-0.25087,0.0,null],[114.566,-0.25467,0.0,null],[114.56709,-0.25766,0.0,null],[114.56922,-0.26074,0.0,null],[114.5728,-0.26088,0.0,null],[114.57369,-0.26195,0.0,null],[114.57381,-0.2642,0.0,null],[114.57529,-0.2645,0.0,null],[114.57644,-0.26586,0.0,null],[114.57854,-0.26641,0.0,null],[114.58204,-0.26592,0.0,null],[114.58405,-0.26693,0.0,null],[114.58793,-0.26759,0.0,null],[114.58977,-0.26972,0.0,null],[114.59063,-0.27248,0.0,null],[114.59074,-0.27646,0.0,null],[114.58997,-0.2783,0.0,null],[114.59122,-0.28199,0.0,null],[114.59567,-0.28205,0.0,null],[114.59725,-0.28377,0.0,null],[114.5992,-0.28396,0.0,null],[114.59946,-0.28515,0.0,null],[114.59898,-0.28674,0.0,null],[114.60606,-0.28717,0.0,null],[114.60665,-0.28818,0.0,null],[114.60623,-0.28997,0.0,null],[114.60734,-0.29274,0.0,null],[114.60963,-0.29181,0.0,null],[114.61224,-0.293,0.0,null],[114.61308,-0.29228,0.0,null],[114.6151,-0.29205,0.0,null],[114.61745,-0.29441,0.0,null],[114.61975,-0.29366,0.0,null],[114.62005,-0.29428,0.0,null],[114.62138,-0.29443,0.0,null],[114.62167,-0.29353,0.0,null],[114.61953,-0.2927,0.0,null],[114.61953,-0.29116,0.0,null],[114.62126,-0.28955,0.0,null],[114.62349,-0.28978,0.0,null],[114.6247,-0.28907,0.0,null],[114.6275,-0.28901,0.0,null],[114.62935,-0.28515,0.0,null],[114.63209,-0.28217,0.0,null],[114.63345,-0.28146,0.0,null],[114.63393,-0.28322,0.0,null],[114.63566,-0.2823,0.0,null],[114.63689,-0.27739,0.0,null],[114.63912,-0.27523,0.0,null],[114.64111,-0.27484,0.0,null],[114.64655,-0.27466,0.0,null],[114.65589,-0.27682,0.0,null],[114.66245,-0.2776,0.0,null],[114.67661,-0.27656,0.0,null],[114.69098,-0.27357,0.0,null],[114.69801,-0.27296,0.0,null],[114.7066,-0.27392,0.0,null],[114.71793,-0.28091,0.0,null],[114.7213,-0.2835,0.0,null],[114.7243,-0.28681,0.0,null],[114.72838,-0.29326,0.0,null],[114.73294,-0.30338,0.0,null],[114.73952,-0.32216,0.0,null],[114.74233,-0.33699,0.0,null],[114.74273,-0.34271,0.0,null],[114.74236,-0.35634,0.0,null],[114.73916,-0.36408,0.0,null],[114.73521,-0.36682,0.0,null],[114.72484,-0.36497,0.0,null],[114.72109,-0.36777,0.0,null],[114.72103,-0.37068,0.0,null],[114.72167,-0.37184,0.0,null],[114.72395,-0.37348,0.0,null],[114.72775,-0.37431,0.0,null],[114.73673,-0.3739,0.0,null],[114.73796,-0.37483,0.0,null],[114.73852,-0.37628,0.0,null],[114.7371,-0.37943,0.0,null],[114.73331,-0.38443,0.0,null],[114.73004,-0.39162,0.0,null],[114.72195,-0.39715,0.0,null],[114.71964,-0.39918,0.0,null],[114.71891,-0.40126,0.0,null],[114.86618,-0.30727,0.0,null],[114.85538,-0.29527,0.0,null],[114.85203,-0.29009,0.0,null],[114.84544,-0.27732,0.0,null],[114.83926,-0.26,0.0,null],[114.83309,-0.23921,0.0,null],[114.82938,-0.24042,0.0,null],[114.8298,-0.24292,0.0,null],[114.82867,-0.24453,0.0,null],[114.82183,-0.24631,0.0,null],[114.81921,-0.24518,0.0,null],[114.81785,-0.2478,0.0,null],[114.81815,-0.2503,0.0,null],[114.81702,-0.25125,0.0,null],[114.81564,-0.25125,0.0,null],[114.81326,-0.24987,0.0,null],[114.80928,-0.25077,0.0,null],[114.80785,-0.25226,0.0,null],[114.80851,-0.25547,0.0,null],[114.80785,-0.25773,0.0,null],[114.80479,-0.25785,0.0,null],[114.80253,-0.25696,0.0,null],[114.80028,-0.26047,0.0,null],[114.79866,-0.26047,0.0,null],[114.79604,-0.25867,0.0,null],[114.79449,-0.2591,0.0,null],[114.79515,-0.26184,0.0,null],[114.79754,-0.26648,0.0,null],[114.797,-0.26749,0.0,null],[114.79557,-0.26826,0.0,null],[114.79474,-0.26778,0.0,null],[114.79247,-0.26844,0.0,null],[114.79206,-0.27366,0.0,null],[114.79069,-0.27402,0.0,null],[114.78973,-0.27295,0.0,null],[114.78867,-0.27307,0.0,null],[114.78984,-0.27495,0.0,null],[114.79329,-0.27679,0.0,null],[114.79324,-0.27741,0.0,null],[114.79093,-0.27902,0.0,null],[114.78928,-0.28009,0.0,null],[114.78899,-0.27966,0.0,null],[114.78863,-0.28065,0.0,null],[114.77489,-0.26224,0.0,null],[114.76093,-0.23855,0.0,null],[114.7542,-0.2226,0.0,null],[114.75448,-0.21862,0.0,null],[114.7499,-0.17516,0.0,null],[114.74479,-0.16266,0.0,null],[114.74387,-0.16128,0.0,null],[114.74316,-0.16174,0.0,null],[114.74323,-0.16296,0.0,null],[114.74215,-0.16283,0.0,null],[114.741,-0.16066,0.0,null],[114.73804,-0.16154,0.0,null],[114.7377,-0.16337,0.0,null],[114.73568,-0.16283,0.0,null],[114.73554,-0.16391,0.0,null],[114.73454,-0.16398,0.0,null],[114.73003,-0.16255,0.0,null],[114.72868,-0.16147,0.0,null],[114.72343,-0.16066,0.0,null],[114.72302,-0.15984,0.0,null],[114.7243,-0.15971,0.0,null],[114.72241,-0.15794,0.0,null],[114.72195,-0.15279,0.0,null],[114.72127,-0.15232,0.0,null],[114.71912,-0.15143,0.0,null],[114.71872,-0.15175,0.0,null],[114.70633,-0.14905,0.0,null]]]}},{"type":"Feature","properties":{"inventoryId":"big-forestry-ha:76","sector":"PBPH","subtype":"IUPHHK-HA","quality":"OFFICIAL","sourceDataset":"big-forestry-ha","sourceRecordId":"76","source":"BIG Kebijakan Satu Peta","sourceUrl":"https://kspservices.big.go.id/satupeta/rest/services/PUBLIK/PERIZINAN_DAN_PERTANAHAN/MapServer/1","retrievedAt":"2026-08-24T04:32:16Z","geometryProcessing":"web display simplification tolerance 0.00035 degrees","name":"PT PERMATA BORNEO ABADI","permitNumber":"SK.300/Menhut-II/2008","permitDate":"2008-09-03","areaHa":34000.0,"provinceCode":"65","region":"kalimantan"},"geometry":{"type":"Polygon","coordinates":[[[116.30621,3.55022,0.0,null],[116.29603,3.56668,0.0,null],[116.28772,3.58146,0.0,null],[116.28302,3.59438,0.0,null],[116.27887,3.60863,0.0,null],[116.27612,3.62651,0.0,null],[116.27763,3.6373,0.0,null],[116.2183,3.60501,0.0,null],[116.17767,3.58104,0.0,null],[116.18843,3.57377,0.0,null],[116.19153,3.56624,0.0,null],[116.19219,3.55397,0.0,null],[116.19158,3.55212,0.0,null],[116.18474,3.54102,0.0,null],[116.17556,3.53396,0.0,null],[116.17021,3.53253,0.0,null],[116.12308,3.53276,0.0,null],[116.11108,3.53155,0.0,null],[116.03462,3.51544,0.0,null],[116.03135,3.50943,0.0,null],[116.03232,3.50491,0.0,null],[116.03966,3.49863,0.0,null],[116.05772,3.4904,0.0,null],[116.07294,3.48447,0.0,null],[116.09966,3.47775,0.0,null],[116.1032,3.47969,0.0,null],[116.10958,3.48819,0.0,null],[116.11683,3.49421,0.0,null],[116.12471,3.49642,0.0,null],[116.13073,3.49482,0.0,null],[116.13798,3.49111,0.0,null],[116.15117,3.4804,0.0,null],[116.15922,3.47005,0.0,null],[116.16975,3.4619,0.0,null],[116.18409,3.4596,0.0,null],[116.19108,3.45695,0.0,null],[116.21462,3.44341,0.0,null],[116.2286,3.43359,0.0,null],[116.23798,3.42456,0.0,null],[116.23904,3.42084,0.0,null],[116.23736,3.41837,0.0,null],[116.21683,3.40341,0.0,null],[116.20842,3.3989,0.0,null],[116.19453,3.39447,0.0,null],[116.18674,3.39137,0.0,null],[116.18373,3.38323,0.0,null],[116.18524,3.37748,0.0,null],[116.18763,3.37545,0.0,null],[116.20205,3.375,0.0,null],[116.23382,3.38306,0.0,null],[116.24084,3.39599,0.0,null],[116.2467,3.39774,0.0,null],[116.24979,3.396,0.0,null],[116.25268,3.3955,0.0,null],[116.25433,3.39622,0.0,null],[116.25595,3.39602,0.0,null],[116.25848,3.39812,0.0,null],[116.26072,3.40097,0.0,null],[116.26354,3.40169,0.0,null],[116.26925,3.40661,0.0,null],[116.27207,3.40746,0.0,null],[116.27361,3.40902,0.0,null],[116.27547,3.40972,0.0,null],[116.28111,3.41334,0.0,null],[116.28246,3.41485,0.0,null],[116.28403,3.41541,0.0,null],[116.28611,3.41934,0.0,null],[116.28886,3.42172,0.0,null],[116.29773,3.43606,0.0,null],[116.29792,3.43853,0.0,null],[116.29991,3.44008,0.0,null],[116.30328,3.44573,0.0,null],[116.30364,3.44929,0.0,null],[116.30602,3.45373,0.0,null],[116.30966,3.45568,0.0,null],[116.31306,3.45888,0.0,null],[116.3189,3.45771,0.0,null],[116.32372,3.46315,0.0,null],[116.32809,3.4654,0.0,null],[116.33464,3.474,0.0,null],[116.33522,3.47547,0.0,null],[116.33139,3.4753,0.0,null],[116.32899,3.47585,0.0,null],[116.32166,3.47495,0.0,null],[116.31785,3.47656,0.0,null],[116.31248,3.47504,0.0,null],[116.30624,3.47008,0.0,null],[116.30514,3.46959,0.0,null],[116.30189,3.4697,0.0,null],[116.29924,3.46784,0.0,null],[116.29538,3.46865,0.0,null],[116.29123,3.46762,0.0,null],[116.28861,3.46907,0.0,null],[116.28215,3.46818,0.0,null],[116.27494,3.46897,0.0,null],[116.27211,3.47122,0.0,null],[116.26878,3.47223,0.0,null],[116.26759,3.47418,0.0,null],[116.2648,3.47668,0.0,null],[116.26159,3.47836,0.0,null],[116.2598,3.4849,0.0,null],[116.25356,3.48892,0.0,null],[116.25266,3.49065,0.0,null],[116.2497,3.49304,0.0,null],[116.24827,3.50114,0.0,null],[116.24624,3.50369,0.0,null],[116.24585,3.5065,0.0,null],[116.24318,3.51023,0.0,null],[116.2427,3.51207,0.0,null],[116.24063,3.51454,0.0,null],[116.23994,3.51499,0.0,null],[116.23654,3.51452,0.0,null],[116.23323,3.51489,0.0,null],[116.22957,3.5181,0.0,null],[116.23134,3.53226,0.0,null],[116.23869,3.5427,0.0,null],[116.24356,3.54518,0.0,null],[116.2486,3.54482,0.0,null],[116.25373,3.54252,0.0,null],[116.28187,3.51792,0.0,null],[116.29196,3.51128,0.0,null],[116.31311,3.51155,0.0,null],[116.31692,3.51323,0.0,null],[116.32391,3.52553,0.0,null],[116.30621,3.55022,0.0,null]]]}},{"type":"Feature","properties":{"inventoryId":"big-forestry-ha:62","sector":"PBPH","subtype":"IUPHHK-HA","quality":"OFFICIAL","sourceDataset":"big-forestry-ha","sourceRecordId":"62","source":"BIG Kebijakan Satu Peta","sourceUrl":"https://kspservices.big.go.id/satupeta/rest/services/PUBLIK/PERIZINAN_DAN_PERTANAHAN/MapServer/1","retrievedAt":"2026-08-24T04:32:16Z","geometryProcessing":"web display simplification tolerance 0.00035 degrees","name":"PT PRABA NUGRAHA TECHNOLOGY","permitNumber":"SK.939/Kpts-VI/1999","permitDate":"1999-10-14","areaHa":42600.0,"provinceCode":"62","region":"kalimantan"},"geometry":{"type":"Polygon","coordinates":[[[113.84858,-0.77939,0.0,null],[113.84905,-0.78129,0.0,null],[113.84847,-0.78508,0.0,null],[113.8432,-0.79755,0.0,null],[113.8512,-0.8064,0.0,null],[113.85442,-0.8065,0.0,null],[113.85934,-0.80549,0.0,null],[113.86237,-0.80575,0.0,null],[113.8673,-0.80486,0.0,null],[113.87537,-0.81016,0.0,null],[113.88093,-0.81206,0.0,null],[113.88472,-0.81509,0.0,null],[113.88535,-0.81484,0.0,null],[113.88547,-0.81307,0.0,null],[113.88737,-0.81155,0.0,null],[113.89242,-0.81256,0.0,null],[113.89431,-0.81458,0.0,null],[113.8962,-0.81458,0.0,null],[113.89772,-0.81042,0.0,null],[113.90479,-0.80638,0.0,null],[113.92423,-0.8051,0.0,null],[113.93256,-0.80549,0.0,null],[113.93471,-0.80751,0.0,null],[113.93572,-0.81016,0.0,null],[113.93547,-0.81307,0.0,null],[113.93345,-0.81786,0.0,null],[113.92966,-0.82329,0.0,null],[113.92827,-0.82809,0.0,null],[113.93483,-0.83024,0.0,null],[113.93749,-0.83554,0.0,null],[113.93938,-0.83579,0.0,null],[113.93988,-0.83365,0.0,null],[113.93875,-0.82607,0.0,null],[113.94468,-0.81408,0.0,null],[113.94695,-0.81345,0.0,null],[113.96172,-0.81944,0.0,null],[113.9693,-0.82399,0.0,null],[113.97081,-0.82613,0.0,null],[113.97296,-0.8274,0.0,null],[113.97624,-0.83068,0.0,null],[113.97738,-0.83333,0.0,null],[113.97687,-0.83724,0.0,null],[113.97372,-0.83876,0.0,null],[113.97018,-0.84154,0.0,null],[113.96576,-0.84242,0.0,null],[113.96513,-0.84318,0.0,null],[113.96576,-0.8452,0.0,null],[113.96766,-0.84507,0.0,null],[113.99265,-0.83295,0.0,null],[113.99337,-0.83121,0.0,null],[113.99325,-0.82916,0.0,null],[113.9915,-0.81998,0.0,null],[113.9846,-0.79919,0.0,null],[113.97676,-0.78471,0.0,null],[113.95939,-0.76006,0.0,null],[113.94816,-0.74816,0.0,null],[113.94254,-0.74482,0.0,null],[113.93991,-0.74462,0.0,null],[113.93857,-0.74491,0.0,null],[113.9319,-0.74924,0.0,null],[113.9212,-0.75064,0.0,null],[113.90874,-0.7505,0.0,null],[113.8964,-0.74712,0.0,null],[113.88406,-0.74128,0.0,null],[113.87195,-0.73333,0.0,null],[113.85932,-0.72204,0.0,null],[113.853,-0.71499,0.0,null],[113.84785,-0.70792,0.0,null],[113.84265,-0.6973,0.0,null],[113.84148,-0.68885,0.0,null],[113.84376,-0.68119,0.0,null],[113.8461,-0.67639,0.0,null],[113.85002,-0.67034,0.0,null],[113.86253,-0.66075,0.0,null],[113.88202,-0.64956,0.0,null],[113.89031,-0.6454,0.0,null],[113.89252,-0.64563,0.0,null],[113.87268,-0.60059,0.0,null],[113.87512,-0.5813,0.0,null],[113.84833,-0.53711,0.0,null],[113.80713,-0.53809,0.0,null],[113.80548,-0.50153,0.0,null],[113.78637,-0.50297,0.0,null],[113.78662,-0.53616,0.0,null],[113.78539,-0.55521,0.0,null],[113.77679,-0.59022,0.0,null],[113.75529,-0.63199,0.0,null],[113.73809,-0.65963,0.0,null],[113.70824,-0.70264,0.0,null],[113.71917,-0.70667,0.0,null],[113.72133,-0.70798,0.0,null],[113.72331,-0.71342,0.0,null],[113.7574,-0.72532,0.0,null],[113.7731,-0.72944,0.0,null],[113.7861,-0.73372,0.0,null],[113.82479,-0.74847,0.0,null],[113.83177,-0.75291,0.0,null],[113.8397,-0.76084,0.0,null],[113.84683,-0.77273,0.0,null],[113.84858,-0.77939,0.0,null]]]}},{"type":"Feature","properties":{"inventoryId":"big-forestry-ha:83","sector":"PBPH","subtype":"IUPHHK-HA","quality":"OFFICIAL","sourceDataset":"big-forestry-ha","sourceRecordId":"83","source":"BIG Kebijakan Satu Peta","sourceUrl":"https://kspservices.big.go.id/satupeta/rest/services/PUBLIK/PERIZINAN_DAN_PERTANAHAN/MapServer/1","retrievedAt":"2026-08-24T04:32:16Z","geometryProcessing":"web display simplification tolerance 0.00035 degrees","name":"PT RANGGAU ABDINUSA","permitNumber":"SK.170/Menhut-II/2009","permitDate":"2009-04-14","areaHa":29920.0,"provinceCode":"62","region":"kalimantan"},"geometry":{"type":"Polygon","coordinates":[[[114.08691,-0.45052,0.0,null],[114.07556,-0.4509,0.0,null],[114.04596,-0.46494,0.0,null],[114.04308,-0.46789,0.0,null],[114.03806,-0.47464,0.0,null],[114.03064,-0.47669,0.0,null],[114.0206,-0.48052,0.0,null],[114.01892,-0.51178,0.0,null],[114.0213,-0.52283,0.0,null],[114.02991,-0.52771,0.0,null],[114.0395,-0.54454,0.0,null],[114.0426,-0.54303,0.0,null],[114.04442,-0.53968,0.0,null],[114.04493,-0.53743,0.0,null],[114.04614,-0.53612,0.0,null],[114.04639,-0.53466,0.0,null],[114.04798,-0.53424,0.0,null],[114.04886,-0.53115,0.0,null],[114.05056,-0.52857,0.0,null],[114.05192,-0.52967,0.0,null],[114.05723,-0.52941,0.0,null],[114.06203,-0.53103,0.0,null],[114.06839,-0.52806,0.0,null],[114.07069,-0.52745,0.0,null],[114.07366,-0.52758,0.0,null],[114.07468,-0.52853,0.0,null],[114.07472,-0.53826,0.0,null],[114.07866,-0.5398,0.0,null],[114.08916,-0.5454,0.0,null],[114.09396,-0.5486,0.0,null],[114.09737,-0.55389,0.0,null],[114.10479,-0.56188,0.0,null],[114.10509,-0.56928,0.0,null],[114.11206,-0.5979,0.0,null],[114.1048,-0.61114,0.0,null],[114.08955,-0.6222,0.0,null],[114.08396,-0.6251,0.0,null],[114.06663,-0.62531,0.0,null],[114.06629,-0.67691,0.0,null],[114.06577,-0.68596,0.0,null],[114.09606,-0.70616,0.0,null],[114.10895,-0.70649,0.0,null],[114.11466,-0.7002,0.0,null],[114.11926,-0.6965,0.0,null],[114.12926,-0.6895,0.0,null],[114.13906,-0.6842,0.0,null],[114.14683,-0.6769,0.0,null],[114.15042,-0.67464,0.0,null],[114.15677,-0.67293,0.0,null],[114.16103,-0.67098,0.0,null],[114.16589,-0.66117,0.0,null],[114.17079,-0.65346,0.0,null],[114.1741,-0.6498,0.0,null],[114.18104,-0.64578,0.0,null],[114.18723,-0.64359,0.0,null],[114.19011,-0.64111,0.0,null],[114.1923,-0.6374,0.0,null],[114.19325,-0.63345,0.0,null],[114.19542,-0.61363,0.0,null],[114.20003,-0.60397,0.0,null],[114.20374,-0.5995,0.0,null],[114.20765,-0.59697,0.0,null],[114.21457,-0.59402,0.0,null],[114.22784,-0.59037,0.0,null],[114.22595,-0.58962,0.0,null],[114.2241,-0.59127,0.0,null],[114.22409,-0.58161,0.0,null],[114.22654,-0.58165,0.0,null],[114.2279,-0.58242,0.0,null],[114.22792,-0.58539,0.0,null],[114.2318,-0.58775,0.0,null],[114.23791,-0.57573,0.0,null],[114.23996,-0.57394,0.0,null],[114.24134,-0.57173,0.0,null],[114.24186,-0.56492,0.0,null],[114.24379,-0.56357,0.0,null],[114.24548,-0.56131,0.0,null],[114.24372,-0.55645,0.0,null],[114.23865,-0.54958,0.0,null],[114.22702,-0.54967,0.0,null],[114.22406,-0.54915,0.0,null],[114.21647,-0.54539,0.0,null],[114.21307,-0.54467,0.0,null],[114.20272,-0.54577,0.0,null],[114.19467,-0.5506,0.0,null],[114.18947,-0.55606,0.0,null],[114.18567,-0.55827,0.0,null],[114.18169,-0.55886,0.0,null],[114.17422,-0.55788,0.0,null],[114.17089,-0.55635,0.0,null],[114.16822,-0.55384,0.0,null],[114.166,-0.54892,0.0,null],[114.16582,-0.54387,0.0,null],[114.15896,-0.53727,0.0,null],[114.15649,-0.53356,0.0,null],[114.15206,-0.52892,0.0,null],[114.14847,-0.52768,0.0,null],[114.14359,-0.52714,0.0,null],[114.14081,-0.52761,0.0,null],[114.13802,-0.52978,0.0,null],[114.13384,-0.52992,0.0,null],[114.13012,-0.52847,0.0,null],[114.12589,-0.52492,0.0,null],[114.12303,-0.52081,0.0,null],[114.11801,-0.51108,0.0,null],[114.11523,-0.50244,0.0,null],[114.11375,-0.49513,0.0,null],[114.11356,-0.4924,0.0,null],[114.11497,-0.48728,0.0,null],[114.11399,-0.48209,0.0,null],[114.11283,-0.47995,0.0,null],[114.10999,-0.47736,0.0,null],[114.10852,-0.47441,0.0,null],[114.10569,-0.47096,0.0,null],[114.10324,-0.46951,0.0,null],[114.08691,-0.45052,0.0,null]]]}},{"type":"Feature","properties":{"inventoryId":"big-forestry-ha:34","sector":"PBPH","subtype":"IUPHHK-HA","quality":"OFFICIAL","sourceDataset":"big-forestry-ha","sourceRecordId":"34","source":"BIG Kebijakan Satu Peta","sourceUrl":"https://kspservices.big.go.id/satupeta/rest/services/PUBLIK/PERIZINAN_DAN_PERTANAHAN/MapServer/1","retrievedAt":"2026-08-24T04:32:16Z","geometryProcessing":"web display simplification tolerance 0.00035 degrees","name":"PT RATAH TIMBER","permitNumber":"SK.359/Menhut-II/2009","permitDate":"2009-06-18","areaHa":93425.0,"provinceCode":"64","region":"kalimantan"},"geometry":{"type":"MultiPolygon","coordinates":[[[[115.30133,0.17352,0.0,null],[115.30048,0.17871,0.0,null],[115.30109,0.18311,0.0,null],[115.30652,0.18549,0.0,null],[115.30591,0.18671,0.0,null],[115.30109,0.18829,0.0,null],[115.26648,0.22467,0.0,null],[115.24847,0.22827,0.0,null],[115.19611,0.19928,0.0,null],[115.15588,0.12469,0.0,null],[115.12793,0.12329,0.0,null],[115.10791,0.13428,0.0,null],[115.0921,0.1355,0.0,null],[115.07831,0.1347,0.0,null],[115.0647,0.13013,0.0,null],[115.03271,0.11627,0.0,null],[115.01929,0.11768,0.0,null],[115.01312,0.12231,0.0,null],[115.0007,0.13421,0.0,null],[114.99565,0.1378,0.0,null],[114.99203,0.12408,0.0,null],[114.98292,0.09557,0.0,null],[114.9744,0.07566,0.0,null],[114.97758,0.03352,0.0,null],[114.97247,-0.00216,0.0,null],[114.97782,-0.01957,0.0,null],[114.99419,-0.01832,0.0,null],[115.00803,0.00218,0.0,null],[115.02326,-0.01495,0.0,null],[115.02208,-0.03096,0.0,null],[115.00523,-0.08301,0.0,null],[115.0127,-0.10086,0.0,null],[115.02028,-0.11219,0.0,null],[115.03436,-0.11099,0.0,null],[115.03784,-0.10235,0.0,null],[115.0459,-0.0882,0.0,null],[115.05292,-0.0874,0.0,null],[115.06293,-0.06708,0.0,null],[115.06909,-0.04602,0.0,null],[115.08868,-0.01898,0.0,null],[115.10931,0.01331,0.0,null],[115.11951,0.01251,0.0,null],[115.13068,0.02509,0.0,null],[115.1579,0.0401,0.0,null],[115.18347,0.05328,0.0,null],[115.2049,0.05353,0.0,null],[115.21631,0.05933,0.0,null],[115.26971,0.06732,0.0,null],[115.30908,0.06567,0.0,null],[115.35229,0.07831,0.0,null],[115.38031,0.07269,0.0,null],[115.39368,0.06451,0.0,null],[115.39471,0.06091,0.0,null],[115.39423,0.05179,0.0,null],[115.40099,0.05179,0.0,null],[115.40287,0.04874,0.0,null],[115.40418,0.04395,0.0,null],[115.40287,0.03844,0.0,null],[115.39866,0.02653,0.0,null],[115.3962,0.02349,0.0,null],[115.39431,0.002,0.0,null],[115.39373,0.00011,0.0,null],[115.39736,-0.01585,0.0,null],[115.41612,-0.00611,0.0,null],[115.41387,0.02248,0.0,null],[115.41724,0.05315,0.0,null],[115.43518,0.0903,0.0,null],[115.45663,0.12178,0.0,null],[115.49403,0.13692,0.0,null],[115.49268,0.15588,0.0,null],[115.48328,0.17853,0.0,null],[115.47827,0.18811,0.0,null],[115.45728,0.20868,0.0,null],[115.42151,0.22009,0.0,null],[115.38788,0.19751,0.0,null],[115.3855,0.19751,0.0,null],[115.36469,0.19348,0.0,null],[115.36267,0.1925,0.0,null],[115.36151,0.1911,0.0,null],[115.36188,0.18768,0.0,null],[115.36108,0.18628,0.0,null],[115.35913,0.18549,0.0,null],[115.35712,0.18652,0.0,null],[115.34692,0.18347,0.0,null],[115.32648,0.16449,0.0,null],[115.32373,0.16852,0.0,null],[115.31732,0.17291,0.0,null],[115.31268,0.17273,0.0,null],[115.3125,0.1745,0.0,null],[115.31152,0.17468,0.0,null],[115.3103,0.1745,0.0,null],[115.31012,0.17273,0.0,null],[115.30133,0.17352,0.0,null]]],[[[115.10098,0.1925,0.0,null],[115.13214,0.22837,0.0,null],[115.08098,0.22871,0.0,null],[115.0395,0.23064,0.0,null],[115.03902,0.229,0.0,null],[115.03045,0.22631,0.0,null],[115.00478,0.22016,0.0,null],[114.97438,0.19372,0.0,null],[114.97917,0.18273,0.0,null],[114.98441,0.1659,0.0,null],[114.9911,0.17411,0.0,null],[114.99551,0.17837,0.0,null],[115.00402,0.18384,0.0,null],[115.01451,0.18657,0.0,null],[115.02758,0.18794,0.0,null],[115.0408,0.18688,0.0,null],[115.07104,0.18004,0.0,null],[115.08487,0.17913,0.0,null],[115.08913,0.18019,0.0,null],[115.10098,0.1925,0.0,null]]]]}},{"type":"Feature","properties":{"inventoryId":"big-forestry-ha:151","sector":"PBPH","subtype":"IUPHHK-HA","quality":"OFFICIAL","sourceDataset":"big-forestry-ha","sourceRecordId":"151","source":"BIG Kebijakan Satu Peta","sourceUrl":"https://kspservices.big.go.id/satupeta/rest/services/PUBLIK/PERIZINAN_DAN_PERTANAHAN/MapServer/1","retrievedAt":"2026-08-24T04:32:16Z","geometryProcessing":"web display simplification tolerance 0.00035 degrees","name":"PT RIMBA KARYA RAYATAMA","permitNumber":"SK.186/Menhut-II/2006","permitDate":"2006-05-19","areaHa":40630.0,"provinceCode":"64","region":"kalimantan"},"geometry":{"type":"Polygon","coordinates":[[[115.50035,-0.47759,0.0,null],[115.5006,-0.47798,0.0,null],[115.50171,-0.47772,0.0,null],[115.50377,-0.47916,0.0,null],[115.50441,-0.47892,0.0,null],[115.50458,-0.47736,0.0,null],[115.50548,-0.47869,0.0,null],[115.55099,-0.44014,0.0,null],[115.57697,-0.41943,0.0,null],[115.57104,-0.41141,0.0,null],[115.54388,-0.39252,0.0,null],[115.53991,-0.39413,0.0,null],[115.53992,-0.39124,0.0,null],[115.53756,-0.38959,0.0,null],[115.53706,-0.38849,0.0,null],[115.53656,-0.39,0.0,null],[115.53492,-0.3909,0.0,null],[115.53457,-0.38989,0.0,null],[115.5353,-0.38795,0.0,null],[115.5351,-0.38676,0.0,null],[115.5343,-0.38699,0.0,null],[115.53417,-0.38913,0.0,null],[115.53297,-0.39112,0.0,null],[115.53222,-0.39137,0.0,null],[115.5317,-0.39084,0.0,null],[115.53242,-0.38829,0.0,null],[115.52994,-0.38554,0.0,null],[115.52702,-0.38675,0.0,null],[115.52609,-0.38769,0.0,null],[115.5232,-0.38542,0.0,null],[115.52143,-0.38701,0.0,null],[115.52053,-0.38659,0.0,null],[115.52055,-0.38509,0.0,null],[115.51976,-0.38382,0.0,null],[115.52065,-0.38199,0.0,null],[115.51715,-0.37748,0.0,null],[115.51527,-0.37607,0.0,null],[115.51351,-0.37554,0.0,null],[115.51323,-0.37432,0.0,null],[115.51382,-0.37286,0.0,null],[115.51311,-0.37132,0.0,null],[115.51251,-0.37142,0.0,null],[115.51206,-0.37298,0.0,null],[115.51131,-0.37272,0.0,null],[115.51157,-0.37047,0.0,null],[115.51073,-0.36895,0.0,null],[115.51127,-0.36825,0.0,null],[115.51583,-0.36852,0.0,null],[115.51593,-0.36807,0.0,null],[115.51423,-0.36712,0.0,null],[115.51711,-0.36526,0.0,null],[115.51691,-0.36271,0.0,null],[115.51879,-0.36015,0.0,null],[115.51714,-0.35914,0.0,null],[115.51657,-0.35762,0.0,null],[115.51442,-0.35699,0.0,null],[115.51397,-0.35334,0.0,null],[115.51286,-0.3534,0.0,null],[115.51222,-0.35273,0.0,null],[115.51106,-0.35315,0.0,null],[115.51005,-0.35258,0.0,null],[115.50968,-0.34608,0.0,null],[115.50868,-0.3459,0.0,null],[115.50646,-0.34723,0.0,null],[115.50658,-0.3467,0.0,null],[115.50594,-0.34623,0.0,null],[115.50681,-0.34496,0.0,null],[115.50651,-0.34273,0.0,null],[115.50584,-0.34339,0.0,null],[115.50479,-0.34325,0.0,null],[115.50371,-0.34426,0.0,null],[115.50258,-0.344,0.0,null],[115.50237,-0.34314,0.0,null],[115.50472,-0.34185,0.0,null],[115.50403,-0.33991,0.0,null],[115.50309,-0.33977,0.0,null],[115.50151,-0.34173,0.0,null],[115.50091,-0.34177,0.0,null],[115.50072,-0.34049,0.0,null],[115.50168,-0.33881,0.0,null],[115.50335,-0.33834,0.0,null],[115.50051,-0.33733,0.0,null],[115.4997,-0.33616,0.0,null],[115.49724,-0.33591,0.0,null],[115.49389,-0.33433,0.0,null],[115.49406,-0.33329,0.0,null],[115.49691,-0.33176,0.0,null],[115.49592,-0.33031,0.0,null],[115.49431,-0.32962,0.0,null],[115.49645,-0.32749,0.0,null],[115.49424,-0.32767,0.0,null],[115.49244,-0.32574,0.0,null],[115.48953,-0.32507,0.0,null],[115.48942,-0.32449,0.0,null],[115.49115,-0.3225,0.0,null],[115.49096,-0.32091,0.0,null],[115.49032,-0.32209,0.0,null],[115.48887,-0.32291,0.0,null],[115.48713,-0.32324,0.0,null],[115.48674,-0.3228,0.0,null],[115.48735,-0.32145,0.0,null],[115.48944,-0.32075,0.0,null],[115.4904,-0.31911,0.0,null],[115.48773,-0.31909,0.0,null],[115.48784,-0.32036,0.0,null],[115.48737,-0.32073,0.0,null],[115.48393,-0.32011,0.0,null],[115.4849,-0.31799,0.0,null],[115.48435,-0.3161,0.0,null],[115.48659,-0.31353,0.0,null],[115.48474,-0.31378,0.0,null],[115.48249,-0.31308,0.0,null],[115.48176,-0.31169,0.0,null],[115.4824,-0.31082,0.0,null],[115.48585,-0.31031,0.0,null],[115.48614,-0.30888,0.0,null],[115.48453,-0.30803,0.0,null],[115.48501,-0.30601,0.0,null],[115.48468,-0.30513,0.0,null],[115.47902,-0.30191,0.0,null],[115.47913,-0.30082,0.0,null],[115.48144,-0.3019,0.0,null],[115.48242,-0.3012,0.0,null],[115.48044,-0.30033,0.0,null],[115.48123,-0.29767,0.0,null],[115.47847,-0.28933,0.0,null],[115.47371,-0.26935,0.0,null],[115.46191,-0.25431,0.0,null],[115.45091,-0.2467,0.0,null],[115.43067,-0.25627,0.0,null],[115.39709,-0.26891,0.0,null],[115.38865,-0.27099,0.0,null],[115.36881,-0.27154,0.0,null],[115.36092,-0.27237,0.0,null],[115.3337,-0.27729,0.0,null],[115.31675,-0.27771,0.0,null],[115.30881,-0.27569,0.0,null],[115.30023,-0.2713,0.0,null],[115.29308,-0.28014,0.0,null],[115.29538,-0.29199,0.0,null],[115.33621,-0.35896,0.0,null],[115.38774,-0.41365,0.0,null],[115.44181,-0.45569,0.0,null],[115.46177,-0.47204,0.0,null],[115.46276,-0.47365,0.0,null],[115.46353,-0.47303,0.0,null],[115.46436,-0.47022,0.0,null],[115.46505,-0.47031,0.0,null],[115.46495,-0.47181,0.0,null],[115.46614,-0.47391,0.0,null],[115.46724,-0.4726,0.0,null],[115.46698,-0.47112,0.0,null],[115.46783,-0.46986,0.0,null],[115.46936,-0.46941,0.0,null],[115.47074,-0.47031,0.0,null],[115.47074,-0.46867,0.0,null],[115.47216,-0.46889,0.0,null],[115.47366,-0.46765,0.0,null],[115.47402,-0.46903,0.0,null],[115.47523,-0.46663,0.0,null],[115.47583,-0.46701,0.0,null],[115.47552,-0.46891,0.0,null],[115.47654,-0.46915,0.0,null],[115.47711,-0.46748,0.0,null],[115.47992,-0.46667,0.0,null],[115.47966,-0.46617,0.0,null],[115.47844,-0.46648,0.0,null],[115.47809,-0.46606,0.0,null],[115.47811,-0.46539,0.0,null],[115.47928,-0.46453,0.0,null],[115.48075,-0.46468,0.0,null],[115.48174,-0.46668,0.0,null],[115.48142,-0.46506,0.0,null],[115.48323,-0.46465,0.0,null],[115.48439,-0.46537,0.0,null],[115.48415,-0.46848,0.0,null],[115.48338,-0.47015,0.0,null],[115.4846,-0.46974,0.0,null],[115.48427,-0.46836,0.0,null],[115.48506,-0.46765,0.0,null],[115.48601,-0.47008,0.0,null],[115.48789,-0.471,0.0,null],[115.48794,-0.47036,0.0,null],[115.48653,-0.46905,0.0,null],[115.48943,-0.46943,0.0,null],[115.49048,-0.46836,0.0,null],[115.49178,-0.46798,0.0,null],[115.49093,-0.46967,0.0,null],[115.49159,-0.47036,0.0,null],[115.49262,-0.46993,0.0,null],[115.493,-0.4687,0.0,null],[115.4945,-0.47017,0.0,null],[115.49512,-0.47279,0.0,null],[115.49404,-0.47448,0.0,null],[115.49583,-0.47469,0.0,null],[115.49626,-0.47633,0.0,null],[115.49733,-0.47591,0.0,null],[115.49861,-0.47724,0.0,null],[115.5,-0.47704,0.0,null],[115.50035,-0.47759,0.0,null]]]}},{"type":"Feature","properties":{"inventoryId":"big-forestry-ha:25","sector":"PBPH","subtype":"IUPHHK-HA","quality":"OFFICIAL","sourceDataset":"big-forestry-ha","sourceRecordId":"25","source":"BIG Kebijakan Satu Peta","sourceUrl":"https://kspservices.big.go.id/satupeta/rest/services/PUBLIK/PERIZINAN_DAN_PERTANAHAN/MapServer/1","retrievedAt":"2026-08-24T04:32:16Z","geometryProcessing":"web display simplification tolerance 0.00035 degrees","name":"PT RIMBA KARYA RAYATAMA (SK 384-MALINAU)","permitNumber":"SK.384/Menhut-II/2009","permitDate":"2009-07-02","areaHa":143970.0,"provinceCode":"65","region":"kalimantan"},"geometry":{"type":"Polygon","coordinates":[[[114.98656,1.64659,0.0,null],[114.98672,1.60703,0.0,null],[114.9683,1.59245,0.0,null],[114.93928,1.57418,0.0,null],[114.92834,1.54849,0.0,null],[114.92691,1.53805,0.0,null],[114.93925,1.52017,0.0,null],[114.95713,1.50213,0.0,null],[114.96346,1.4939,0.0,null],[114.96562,1.47849,0.0,null],[114.9652,1.47365,0.0,null],[114.95967,1.4697,0.0,null],[114.95365,1.46954,0.0,null],[114.94783,1.47091,0.0,null],[114.93008,1.48678,0.0,null],[114.91774,1.50086,0.0,null],[114.90619,1.50656,0.0,null],[114.8959,1.50735,0.0,null],[114.87423,1.50482,0.0,null],[114.85413,1.49912,0.0,null],[114.83736,1.49549,0.0,null],[114.8304,1.49549,0.0,null],[114.81426,1.50023,0.0,null],[114.79638,1.50973,0.0,null],[114.76739,1.52714,0.0,null],[114.74879,1.48702,0.0,null],[114.7363,1.46651,0.0,null],[114.72109,1.44533,0.0,null],[114.71417,1.43691,0.0,null],[114.7044,1.42714,0.0,null],[114.64153,1.37093,0.0,null],[114.64221,1.36862,0.0,null],[114.64357,1.36686,0.0,null],[114.65348,1.35858,0.0,null],[114.65715,1.35722,0.0,null],[114.66408,1.35589,0.0,null],[114.67821,1.34773,0.0,null],[114.71559,1.34239,0.0,null],[114.77573,1.31623,0.0,null],[114.78952,1.32056,0.0,null],[114.81171,1.32657,0.0,null],[114.83188,1.32123,0.0,null],[114.87658,1.30441,0.0,null],[114.89794,1.30007,0.0,null],[114.92464,1.28879,0.0,null],[114.93423,1.28056,0.0,null],[114.94204,1.27119,0.0,null],[114.94699,1.26842,0.0,null],[114.94871,1.26802,0.0,null],[114.94855,1.26689,0.0,null],[114.94952,1.26713,0.0,null],[114.97488,1.26072,0.0,null],[114.98457,1.25992,0.0,null],[114.99182,1.26116,0.0,null],[114.99389,1.07523,0.0,null],[115.06196,1.07348,0.0,null],[115.0706,1.13374,0.0,null],[115.06308,1.1545,0.0,null],[115.07989,1.18635,0.0,null],[115.08361,1.20687,0.0,null],[115.09221,1.21753,0.0,null],[115.09302,1.21794,0.0,null],[115.09318,1.22251,0.0,null],[115.09446,1.22705,0.0,null],[115.09789,1.23349,0.0,null],[115.09952,1.24001,0.0,null],[115.09982,1.24434,0.0,null],[115.09809,1.24992,0.0,null],[115.09674,1.2515,0.0,null],[115.09479,1.25558,0.0,null],[115.09322,1.25616,0.0,null],[115.09204,1.25802,0.0,null],[115.0899,1.25922,0.0,null],[115.08786,1.26196,0.0,null],[115.08157,1.26737,0.0,null],[115.07774,1.26892,0.0,null],[115.0757,1.26832,0.0,null],[115.07173,1.26854,0.0,null],[115.06856,1.26938,0.0,null],[115.06649,1.26913,0.0,null],[115.06473,1.26745,0.0,null],[115.06137,1.26871,0.0,null],[115.05939,1.2684,0.0,null],[115.05419,1.26581,0.0,null],[115.05135,1.26691,0.0,null],[115.04553,1.26762,0.0,null],[115.0446,1.27196,0.0,null],[115.04292,1.27429,0.0,null],[115.04297,1.27502,0.0,null],[115.04788,1.27828,0.0,null],[115.04819,1.28246,0.0,null],[115.04665,1.28445,0.0,null],[115.04735,1.2883,0.0,null],[115.04649,1.29297,0.0,null],[115.04464,1.29589,0.0,null],[115.0464,1.29859,0.0,null],[115.04843,1.30029,0.0,null],[115.05023,1.30401,0.0,null],[115.05297,1.30529,0.0,null],[115.0557,1.30532,0.0,null],[115.05661,1.30734,0.0,null],[115.05873,1.30842,0.0,null],[115.05997,1.31045,0.0,null],[115.05959,1.31281,0.0,null],[115.06064,1.31569,0.0,null],[115.06018,1.31932,0.0,null],[115.05849,1.31923,0.0,null],[115.05831,1.32145,0.0,null],[115.05746,1.32287,0.0,null],[115.05245,1.32591,0.0,null],[115.05062,1.32632,0.0,null],[115.05035,1.32827,0.0,null],[115.04859,1.32807,0.0,null],[115.04966,1.32972,0.0,null],[115.04861,1.33102,0.0,null],[115.0502,1.33334,0.0,null],[115.04994,1.33784,0.0,null],[115.05056,1.33855,0.0,null],[115.0519,1.33875,0.0,null],[115.05254,1.34049,0.0,null],[115.05431,1.34271,0.0,null],[115.05369,1.34681,0.0,null],[115.05522,1.34822,0.0,null],[115.05463,1.34996,0.0,null],[115.05699,1.35169,0.0,null],[115.05772,1.35307,0.0,null],[115.05885,1.35327,0.0,null],[115.05933,1.35633,0.0,null],[115.06085,1.3561,0.0,null],[115.06185,1.3575,0.0,null],[115.06127,1.3606,0.0,null],[115.06254,1.36196,0.0,null],[115.06132,1.36234,0.0,null],[115.0622,1.36328,0.0,null],[115.06136,1.36446,0.0,null],[115.06253,1.36498,0.0,null],[115.06226,1.36808,0.0,null],[115.06391,1.3687,0.0,null],[115.06295,1.37064,0.0,null],[115.0634,1.37079,0.0,null],[115.06406,1.36996,0.0,null],[115.06562,1.37065,0.0,null],[115.06501,1.37146,0.0,null],[115.06601,1.37178,0.0,null],[115.06552,1.37286,0.0,null],[115.06596,1.37355,0.0,null],[115.06672,1.37354,0.0,null],[115.0673,1.37254,0.0,null],[115.06786,1.37275,0.0,null],[115.0676,1.37474,0.0,null],[115.06879,1.37663,0.0,null],[115.06626,1.37796,0.0,null],[115.06595,1.37883,0.0,null],[115.06803,1.38461,0.0,null],[115.06977,1.38621,0.0,null],[115.06983,1.38767,0.0,null],[115.07309,1.38721,0.0,null],[115.07758,1.38941,0.0,null],[115.08037,1.38931,0.0,null],[115.08382,1.39123,0.0,null],[115.08718,1.39022,0.0,null],[115.08986,1.39154,0.0,null],[115.09317,1.39502,0.0,null],[115.09626,1.40119,0.0,null],[115.09782,1.40184,0.0,null],[115.09876,1.40518,0.0,null],[115.09865,1.40693,0.0,null],[115.10072,1.40776,0.0,null],[115.10144,1.41123,0.0,null],[115.10271,1.41274,0.0,null],[115.1043,1.41353,0.0,null],[115.10588,1.41608,0.0,null],[115.10848,1.64542,0.0,null],[114.98656,1.64659,0.0,null]]]}},{"type":"Feature","properties":{"inventoryId":"big-forestry-ha:77","sector":"PBPH","subtype":"IUPHHK-HA","quality":"OFFICIAL","sourceDataset":"big-forestry-ha","sourceRecordId":"77","source":"BIG Kebijakan Satu Peta","sourceUrl":"https://kspservices.big.go.id/satupeta/rest/services/PUBLIK/PERIZINAN_DAN_PERTANAHAN/MapServer/1","retrievedAt":"2026-08-24T04:32:16Z","geometryProcessing":"web display simplification tolerance 0.00035 degrees","name":"PT RIMBA MAKMUR SENTOSA","permitNumber":"SK.178/Menhut-II/2007","permitDate":"2007-05-01","areaHa":43530.0,"provinceCode":"65","region":"kalimantan"},"geometry":{"type":"Polygon","coordinates":[[[116.45176,3.3387,0.0,null],[116.45351,3.34513,0.0,null],[116.44687,3.33731,0.0,null],[116.43231,3.34199,0.0,null],[116.40601,3.34353,0.0,null],[116.37008,3.33522,0.0,null],[116.34698,3.31268,0.0,null],[116.34016,3.2833,0.0,null],[116.32125,3.26211,0.0,null],[116.30819,3.25124,0.0,null],[116.29102,3.249,0.0,null],[116.27993,3.24129,0.0,null],[116.27978,3.23018,0.0,null],[116.29871,3.21239,0.0,null],[116.30767,3.19902,0.0,null],[116.30834,3.18385,0.0,null],[116.30003,3.17624,0.0,null],[116.28425,3.17722,0.0,null],[116.27371,3.16441,0.0,null],[116.27488,3.13472,0.0,null],[116.27543,3.09098,0.0,null],[116.26988,3.07296,0.0,null],[116.28284,3.04535,0.0,null],[116.24695,2.99811,0.0,null],[116.24859,2.9348,0.0,null],[116.27717,2.94121,0.0,null],[116.30548,2.95318,0.0,null],[116.39001,3.01211,0.0,null],[116.38638,3.02646,0.0,null],[116.37745,3.02177,0.0,null],[116.33035,3.01094,0.0,null],[116.32611,3.05535,0.0,null],[116.33668,3.12492,0.0,null],[116.3511,3.13223,0.0,null],[116.36383,3.14981,0.0,null],[116.37207,3.15354,0.0,null],[116.38275,3.16902,0.0,null],[116.39797,3.2078,0.0,null],[116.42155,3.27222,0.0,null],[116.43345,3.29034,0.0,null],[116.43683,3.30265,0.0,null],[116.45176,3.3387,0.0,null]]]}},{"type":"Feature","properties":{"inventoryId":"big-forestry-ha:57","sector":"PBPH","subtype":"IUPHHK-HA","quality":"OFFICIAL","sourceDataset":"big-forestry-ha","sourceRecordId":"57","source":"BIG Kebijakan Satu Peta","sourceUrl":"https://kspservices.big.go.id/satupeta/rest/services/PUBLIK/PERIZINAN_DAN_PERTANAHAN/MapServer/1","retrievedAt":"2026-08-24T04:32:16Z","geometryProcessing":"web display simplification tolerance 0.00035 degrees","name":"PT RINANDA INTI LESTARI","permitNumber":"SK.103/Kpts-II/2001","permitDate":"2001-03-15","areaHa":30160.0,"provinceCode":"62","region":"kalimantan"},"geometry":{"type":"Polygon","coordinates":[[[113.1638,-1.15421,0.0,null],[113.15268,-1.14563,0.0,null],[113.11692,-1.15379,0.0,null],[113.11306,-1.17046,0.0,null],[113.10929,-1.18056,0.0,null],[113.10537,-1.18886,0.0,null],[113.10491,-1.19685,0.0,null],[113.10311,-1.20619,0.0,null],[113.10588,-1.21146,0.0,null],[113.10798,-1.21403,0.0,null],[113.11064,-1.22378,0.0,null],[113.11178,-1.2313,0.0,null],[113.11131,-1.23663,0.0,null],[113.11388,-1.24034,0.0,null],[113.11359,-1.24282,0.0,null],[113.11159,-1.24653,0.0,null],[113.11188,-1.24957,0.0,null],[113.11388,-1.25224,0.0,null],[113.11512,-1.25633,0.0,null],[113.11597,-1.257,0.0,null],[113.11753,-1.26051,0.0,null],[113.11929,-1.26208,0.0,null],[113.12077,-1.26456,0.0,null],[113.11929,-1.27469,0.0,null],[113.1202,-1.27655,0.0,null],[113.12167,-1.2836,0.0,null],[113.12148,-1.28855,0.0,null],[113.12224,-1.29321,0.0,null],[113.12058,-1.29913,0.0,null],[113.11825,-1.30384,0.0,null],[113.11787,-1.30965,0.0,null],[113.11715,-1.31136,0.0,null],[113.1191,-1.32207,0.0,null],[113.1221,-1.33207,0.0,null],[113.13562,-1.36854,0.0,null],[113.1487,-1.37011,0.0,null],[113.1587,-1.37016,0.0,null],[113.17163,-1.36888,0.0,null],[113.18414,-1.36631,0.0,null],[113.19656,-1.36155,0.0,null],[113.2007,-1.35841,0.0,null],[113.20749,-1.35151,0.0,null],[113.2161,-1.34713,0.0,null],[113.22736,-1.3446,0.0,null],[113.2433,-1.34308,0.0,null],[113.24673,-1.3327,0.0,null],[113.2493,-1.31514,0.0,null],[113.2493,-1.29701,0.0,null],[113.2472,-1.286,0.0,null],[113.2423,-1.27377,0.0,null],[113.23826,-1.2569,0.0,null],[113.23607,-1.25024,0.0,null],[113.23026,-1.23756,0.0,null],[113.22969,-1.23256,0.0,null],[113.23021,-1.22714,0.0,null],[113.23302,-1.21755,0.0,null],[113.23695,-1.20915,0.0,null],[113.1638,-1.15421,0.0,null]]]}},{"type":"Feature","properties":{"inventoryId":"big-forestry-ha:160","sector":"PBPH","subtype":"IUPHHK-HA","quality":"OFFICIAL","sourceDataset":"big-forestry-ha","sourceRecordId":"160","source":"BIG Kebijakan Satu Peta","sourceUrl":"https://kspservices.big.go.id/satupeta/rest/services/PUBLIK/PERIZINAN_DAN_PERTANAHAN/MapServer/1","retrievedAt":"2026-08-24T04:32:16Z","geometryProcessing":"web display simplification tolerance 0.00035 degrees","name":"PT RODAMAS Tbr KALIMANTAN","permitNumber":"SK.59/Menhut-II/2014","permitDate":"2014-01-20","areaHa":69620.0,"provinceCode":"64","region":"kalimantan"},"geometry":{"type":"MultiPolygon","coordinates":[[[[115.07815,1.05844,0.0,null],[115.0776,1.06109,0.0,null],[115.07521,1.06356,0.0,null],[115.07634,1.06615,0.0,null],[115.0763,1.06778,0.0,null],[115.07874,1.07038,0.0,null],[115.07866,1.07149,0.0,null],[115.07755,1.07308,0.0,null],[114.99242,1.07527,0.0,null],[114.95562,1.0636,0.0,null],[114.95547,1.06151,0.0,null],[114.95423,1.05873,0.0,null],[114.95335,1.05833,0.0,null],[114.95121,1.05871,0.0,null],[114.95112,1.05613,0.0,null],[114.94856,1.05614,0.0,null],[114.94717,1.05479,0.0,null],[114.94679,1.05366,0.0,null],[114.94812,1.0502,0.0,null],[114.94806,1.04837,0.0,null],[114.94239,1.04367,0.0,null],[114.94154,1.04184,0.0,null],[114.94202,1.03876,0.0,null],[114.94099,1.03676,0.0,null],[114.93971,1.03641,0.0,null],[114.9377,1.03712,0.0,null],[114.93624,1.03691,0.0,null],[114.93182,1.03329,0.0,null],[114.93073,1.03179,0.0,null],[114.93063,1.02847,0.0,null],[114.92985,1.02652,0.0,null],[114.93073,1.02218,0.0,null],[114.932,1.02021,0.0,null],[114.93253,1.01799,0.0,null],[114.93143,1.01646,0.0,null],[114.93147,1.01462,0.0,null],[114.93073,1.01301,0.0,null],[114.92821,1.00936,0.0,null],[114.92792,1.00717,0.0,null],[114.92636,1.00612,0.0,null],[114.92719,1.00292,0.0,null],[114.92566,1.00122,0.0,null],[114.92462,0.9987,0.0,null],[114.92624,0.99587,0.0,null],[114.92379,0.99493,0.0,null],[114.92306,0.99399,0.0,null],[114.9233,0.99196,0.0,null],[114.92491,0.99093,0.0,null],[114.92506,0.98857,0.0,null],[114.92159,0.98585,0.0,null],[114.92205,0.98339,0.0,null],[114.92105,0.98156,0.0,null],[114.91956,0.98001,0.0,null],[114.91716,0.97919,0.0,null],[114.91575,0.97804,0.0,null],[114.9167,0.976,0.0,null],[114.91745,0.97197,0.0,null],[114.91524,0.97025,0.0,null],[114.9145,0.9675,0.0,null],[114.91732,0.96795,0.0,null],[114.91797,0.96595,0.0,null],[114.92604,0.96193,0.0,null],[114.92895,0.95784,0.0,null],[114.92854,0.95612,0.0,null],[114.92683,0.95499,0.0,null],[114.92758,0.95161,0.0,null],[114.92705,0.94833,0.0,null],[114.92788,0.94695,0.0,null],[114.92327,0.944,0.0,null],[114.9236,0.942,0.0,null],[114.92248,0.9399,0.0,null],[114.92305,0.93626,0.0,null],[114.92207,0.93453,0.0,null],[114.924,0.93464,0.0,null],[114.92626,0.93588,0.0,null],[114.92751,0.93557,0.0,null],[114.92849,0.93408,0.0,null],[114.92852,0.93214,0.0,null],[114.92933,0.93006,0.0,null],[114.93084,0.92975,0.0,null],[114.9315,0.92768,0.0,null],[114.9337,0.92508,0.0,null],[114.93821,0.92132,0.0,null],[114.94114,0.92126,0.0,null],[114.94218,0.91949,0.0,null],[114.94268,0.91981,0.0,null],[114.94259,0.92139,0.0,null],[114.94443,0.92319,0.0,null],[114.94518,0.92513,0.0,null],[114.94863,0.92716,0.0,null],[114.94921,0.92954,0.0,null],[114.95247,0.92961,0.0,null],[114.95742,0.92865,0.0,null],[114.95847,0.92997,0.0,null],[114.96,0.9306,0.0,null],[114.96159,0.93259,0.0,null],[114.9655,0.93135,0.0,null],[114.96693,0.92954,0.0,null],[114.96866,0.92953,0.0,null],[114.97025,0.93119,0.0,null],[114.97218,0.92995,0.0,null],[114.97474,0.92961,0.0,null],[114.97748,0.92683,0.0,null],[114.97979,0.92535,0.0,null],[114.97986,0.92415,0.0,null],[115.00702,0.92441,0.0,null],[115.01559,0.92819,0.0,null],[115.03201,0.93113,0.0,null],[115.04117,0.92987,0.0,null],[115.05039,0.9266,0.0,null],[115.05956,0.91657,0.0,null],[115.0606,0.92008,0.0,null],[115.06213,0.92153,0.0,null],[115.06266,0.92293,0.0,null],[115.06433,0.92367,0.0,null],[115.06621,0.92377,0.0,null],[115.06835,0.92242,0.0,null],[115.06906,0.92144,0.0,null],[115.06968,0.91771,0.0,null],[115.07061,0.91673,0.0,null],[115.07218,0.91726,0.0,null],[115.07473,0.91995,0.0,null],[115.07911,0.92224,0.0,null],[115.08056,0.92397,0.0,null],[115.08334,0.93069,0.0,null],[115.08432,0.93172,0.0,null],[115.08574,0.93642,0.0,null],[115.08919,0.93867,0.0,null],[115.09254,0.94286,0.0,null],[115.09369,0.94595,0.0,null],[115.09451,0.95208,0.0,null],[115.0936,0.95403,0.0,null],[115.09371,0.95496,0.0,null],[115.09507,0.95725,0.0,null],[115.096,0.96166,0.0,null],[115.09686,0.9626,0.0,null],[115.09852,0.96313,0.0,null],[115.09966,0.96466,0.0,null],[115.09999,0.96652,0.0,null],[115.09908,0.97204,0.0,null],[115.09961,0.97361,0.0,null],[115.10174,0.97461,0.0,null],[115.1024,0.97667,0.0,null],[115.10085,0.97997,0.0,null],[115.09757,0.98179,0.0,null],[115.09456,0.98258,0.0,null],[115.09021,0.98684,0.0,null],[115.08085,0.99143,0.0,null],[115.07977,0.99333,0.0,null],[115.07881,0.99778,0.0,null],[115.07945,1.00392,0.0,null],[115.07847,1.00984,0.0,null],[115.07965,1.01363,0.0,null],[115.08274,1.01573,0.0,null],[115.08358,1.0199,0.0,null],[115.0827,1.02315,0.0,null],[115.08351,1.02567,0.0,null],[115.08226,1.03372,0.0,null],[115.08296,1.0355,0.0,null],[115.08541,1.03826,0.0,null],[115.08705,1.04235,0.0,null],[115.08597,1.04456,0.0,null],[115.08553,1.04719,0.0,null],[115.07977,1.05012,0.0,null],[115.0795,1.05201,0.0,null],[115.07821,1.05376,0.0,null],[115.07902,1.05681,0.0,null],[115.07815,1.05844,0.0,null]]],[[[114.85897,0.92395,0.0,null],[114.85517,0.92485,0.0,null],[114.85017,0.92735,0.0,null],[114.84817,0.92745,0.0,null],[114.84537,0.92615,0.0,null],[114.84187,0.92245,0.0,null],[114.83747,0.92035,0.0,null],[114.82587,0.91795,0.0,null],[114.82117,0.91905,0.0,null],[114.81777,0.91915,0.0,null],[114.81237,0.91705,0.0,null],[114.81017,0.91685,0.0,null],[114.80757,0.91675,0.0,null],[114.80347,0.91775,0.0,null],[114.79877,0.92135,0.0,null],[114.79857,0.91905,0.0,null],[114.80649,0.90191,0.0,null],[114.7864,0.86506,0.0,null],[114.77702,0.85576,0.0,null],[114.74001,0.84943,0.0,null],[114.69997,0.86145,0.0,null],[114.64591,0.83676,0.0,null],[114.63927,0.83345,0.0,null],[114.6391,0.83234,0.0,null],[114.63521,0.83149,0.0,null],[114.58422,0.80777,0.0,null],[114.56333,0.79378,0.0,null],[114.60929,0.79037,0.0,null],[114.71418,0.76915,0.0,null],[114.80727,0.87806,0.0,null],[114.93391,0.8568,0.0,null],[114.98804,0.78339,0.0,null],[114.99357,0.78825,0.0,null],[114.99807,0.79815,0.0,null],[115.00367,0.81205,0.0,null],[115.00587,0.82606,0.0,null],[115.00353,0.84155,0.0,null],[115.00043,0.85154,0.0,null],[114.99746,0.85821,0.0,null],[114.98779,0.87377,0.0,null],[114.9807,0.8782,0.0,null],[114.97416,0.87984,0.0,null],[114.95977,0.88185,0.0,null],[114.93441,0.88153,0.0,null],[114.92767,0.88296,0.0,null],[114.92097,0.88595,0.0,null],[114.91191,0.8952,0.0,null],[114.91072,0.9005,0.0,null],[114.91167,0.91435,0.0,null],[114.91097,0.92175,0.0,null],[114.90817,0.92435,0.0,null],[114.90477,0.92605,0.0,null],[114.90207,0.92645,0.0,null],[114.89657,0.92555,0.0,null],[114.89037,0.92595,0.0,null],[114.88167,0.92415,0.0,null],[114.87927,0.92475,0.0,null],[114.86247,0.92355,0.0,null],[114.85897,0.92395,0.0,null]]],[[[114.54522,0.94192,0.0,null],[114.54308,0.94343,0.0,null],[114.51658,0.94732,0.0,null],[114.50598,0.95863,0.0,null],[114.4386,0.91746,0.0,null],[114.43871,0.90247,0.0,null],[114.4416,0.88564,0.0,null],[114.43357,0.86955,0.0,null],[114.41144,0.86085,0.0,null],[114.43047,0.85885,0.0,null],[114.45167,0.86095,0.0,null],[114.47251,0.86163,0.0,null],[114.43972,0.80806,0.0,null],[114.48747,0.82445,0.0,null],[114.54587,0.85665,0.0,null],[114.59043,0.88222,0.0,null],[114.59663,0.88948,0.0,null],[114.59634,0.88969,0.0,null],[114.59776,0.89138,0.0,null],[114.59153,0.89488,0.0,null],[114.55674,0.89577,0.0,null],[114.53684,0.88906,0.0,null],[114.52716,0.88966,0.0,null],[114.52679,0.8952,0.0,null],[114.55011,0.91238,0.0,null],[114.57336,0.9186,0.0,null],[114.58352,0.92026,0.0,null],[114.5816,0.92134,0.0,null],[114.58015,0.92119,0.0,null],[114.57671,0.92394,0.0,null],[114.57638,0.9285,0.0,null],[114.57577,0.93016,0.0,null],[114.57921,0.94029,0.0,null],[114.57594,0.94079,0.0,null],[114.57364,0.9419,0.0,null],[114.5688,0.94031,0.0,null],[114.56505,0.94008,0.0,null],[114.56376,0.93893,0.0,null],[114.56317,0.94062,0.0,null],[114.56377,0.9423,0.0,null],[114.56299,0.94271,0.0,null],[114.56058,0.94168,0.0,null],[114.55861,0.94191,0.0,null],[114.55755,0.9405,0.0,null],[114.55344,0.9397,0.0,null],[114.55116,0.94112,0.0,null],[114.54887,0.94082,0.0,null],[114.5472,0.9421,0.0,null],[114.54522,0.94192,0.0,null]]]]}},{"type":"Feature","properties":{"inventoryId":"big-forestry-ha:95","sector":"PBPH","subtype":"IUPHHK-HA","quality":"OFFICIAL","sourceDataset":"big-forestry-ha","sourceRecordId":"95","source":"BIG Kebijakan Satu Peta","sourceUrl":"https://kspservices.big.go.id/satupeta/rest/services/PUBLIK/PERIZINAN_DAN_PERTANAHAN/MapServer/1","retrievedAt":"2026-08-24T04:32:16Z","geometryProcessing":"web display simplification tolerance 0.00035 degrees","name":"PT SAMUDERA REJEKI PERKASA","permitNumber":"SK.819/Menhut-II/2014","permitDate":"2014-09-25","areaHa":89190.0,"provinceCode":"62","region":"kalimantan"},"geometry":{"type":"MultiPolygon","coordinates":[[[[114.80653,-0.03173,0.0,null],[114.8056,-0.02174,0.0,null],[114.82935,-0.00481,0.0,null],[114.82279,0.00486,0.0,null],[114.82174,0.021,0.0,null],[114.81981,0.03906,0.0,null],[114.8142,0.05467,0.0,null],[114.81402,0.07065,0.0,null],[114.81068,0.07132,0.0,null],[114.80663,0.07549,0.0,null],[114.80262,0.06782,0.0,null],[114.80105,0.04748,0.0,null],[114.79731,0.03677,0.0,null],[114.7998,0.03175,0.0,null],[114.80317,0.02818,0.0,null],[114.80792,0.02781,0.0,null],[114.81089,0.02443,0.0,null],[114.80998,0.01935,0.0,null],[114.81111,0.01375,0.0,null],[114.79374,0.00789,0.0,null],[114.78491,-0.02075,0.0,null],[114.77965,-0.02881,0.0,null],[114.77035,-0.03443,0.0,null],[114.7586,-0.03478,0.0,null],[114.73791,-0.03232,0.0,null],[114.72581,-0.02737,0.0,null],[114.70809,-0.02408,0.0,null],[114.69248,-0.02004,0.0,null],[114.68914,-0.00938,0.0,null],[114.65421,-0.02788,0.0,null],[114.6539,-0.0332,0.0,null],[114.64793,-0.04214,0.0,null],[114.63793,-0.04214,0.0,null],[114.63347,-0.04031,0.0,null],[114.6267,-0.04423,0.0,null],[114.59804,-0.04994,0.0,null],[114.58108,-0.09502,0.0,null],[114.69113,-0.12175,0.0,null],[114.69536,-0.13035,0.0,null],[114.70134,-0.12636,0.0,null],[114.73226,-0.12187,0.0,null],[114.73625,-0.11539,0.0,null],[114.72253,-0.10018,0.0,null],[114.72577,-0.09469,0.0,null],[114.75578,-0.10402,0.0,null],[114.7645,-0.10417,0.0,null],[114.76942,-0.10215,0.0,null],[114.772,-0.09854,0.0,null],[114.7739,-0.09464,0.0,null],[114.77447,-0.09071,0.0,null],[114.77315,-0.08472,0.0,null],[114.77489,-0.0725,0.0,null],[114.77389,-0.06652,0.0,null],[114.77738,-0.06029,0.0,null],[114.78162,-0.05605,0.0,null],[114.79957,-0.04109,0.0,null],[114.80677,-0.03659,0.0,null],[114.80653,-0.03173,0.0,null]]],[[[114.6836,0.05039,0.0,null],[114.68991,0.05317,0.0,null],[114.7037,0.05568,0.0,null],[114.69564,0.06326,0.0,null],[114.70178,0.07361,0.0,null],[114.70178,0.08554,0.0,null],[114.71075,0.12043,0.0,null],[114.68468,0.13015,0.0,null],[114.66913,0.14224,0.0,null],[114.63276,0.17367,0.0,null],[114.61434,0.16463,0.0,null],[114.59354,0.14289,0.0,null],[114.59348,0.138,0.0,null],[114.59478,0.12647,0.0,null],[114.60209,0.0959,0.0,null],[114.6099,0.0789,0.0,null],[114.6099,0.0711,0.0,null],[114.596,0.05019,0.0,null],[114.57638,0.04709,0.0,null],[114.57564,0.04743,0.0,null],[114.54551,0.03668,0.0,null],[114.54616,-0.00486,0.0,null],[114.56934,-0.01886,0.0,null],[114.58015,-0.02321,0.0,null],[114.59099,-0.00088,0.0,null],[114.59879,-0.00188,0.0,null],[114.63112,-0.00109,0.0,null],[114.63724,0.00157,0.0,null],[114.64214,0.01398,0.0,null],[114.6546,0.01416,0.0,null],[114.65758,0.02257,0.0,null],[114.67564,0.04046,0.0,null],[114.68415,0.03978,0.0,null],[114.6836,0.05039,0.0,null]]],[[[114.8437,-0.08466,0.0,null],[114.84241,-0.08594,0.0,null],[114.83494,-0.10298,0.0,null],[114.83308,-0.10777,0.0,null],[114.83389,-0.1094,0.0,null],[114.8335,-0.11077,0.0,null],[114.83191,-0.11068,0.0,null],[114.83167,-0.11274,0.0,null],[114.82899,-0.11255,0.0,null],[114.82841,-0.11395,0.0,null],[114.82818,-0.12399,0.0,null],[114.83164,-0.12573,0.0,null],[114.83432,-0.12783,0.0,null],[114.83872,-0.13911,0.0,null],[114.83719,-0.15422,0.0,null],[114.83581,-0.16094,0.0,null],[114.83663,-0.16286,0.0,null],[114.8387,-0.16417,0.0,null],[114.83899,-0.16577,0.0,null],[114.8398,-0.16669,0.0,null],[114.83977,-0.16984,0.0,null],[114.83911,-0.17193,0.0,null],[114.83996,-0.17363,0.0,null],[114.84143,-0.17499,0.0,null],[114.84407,-0.17619,0.0,null],[114.84558,-0.17778,0.0,null],[114.84624,-0.17945,0.0,null],[114.84593,-0.18193,0.0,null],[114.84321,-0.18499,0.0,null],[114.84325,-0.18568,0.0,null],[114.84379,-0.18623,0.0,null],[114.84596,-0.18626,0.0,null],[114.84755,-0.18462,0.0,null],[114.84885,-0.18522,0.0,null],[114.85089,-0.1875,0.0,null],[114.85259,-0.18568,0.0,null],[114.85395,-0.18539,0.0,null],[114.85561,-0.18812,0.0,null],[114.8542,-0.19016,0.0,null],[114.85478,-0.19303,0.0,null],[114.85662,-0.19351,0.0,null],[114.85929,-0.19367,0.0,null],[114.86087,-0.19256,0.0,null],[114.86565,-0.19095,0.0,null],[114.86627,-0.18998,0.0,null],[114.86573,-0.18882,0.0,null],[114.86793,-0.18801,0.0,null],[114.86941,-0.18998,0.0,null],[114.87394,-0.19355,0.0,null],[114.8751,-0.19746,0.0,null],[114.87456,-0.19901,0.0,null],[114.87251,-0.19924,0.0,null],[114.87158,-0.2001,0.0,null],[114.87189,-0.20355,0.0,null],[114.8701,-0.20696,0.0,null],[114.87084,-0.20854,0.0,null],[114.87177,-0.20893,0.0,null],[114.8734,-0.20839,0.0,null],[114.87491,-0.20622,0.0,null],[114.8765,-0.20541,0.0,null],[114.88422,-0.20852,0.0,null],[114.88692,-0.20626,0.0,null],[114.88797,-0.20645,0.0,null],[114.88897,-0.20723,0.0,null],[114.88917,-0.20843,0.0,null],[114.88793,-0.21025,0.0,null],[114.88553,-0.21168,0.0,null],[114.88669,-0.21501,0.0,null],[114.88502,-0.21959,0.0,null],[114.89741,-0.2286,0.0,null],[114.91902,-0.2372,0.0,null],[114.92743,-0.23758,0.0,null],[114.92705,-0.22573,0.0,null],[114.9347,-0.20317,0.0,null],[114.93835,-0.18964,0.0,null],[114.93513,-0.18947,0.0,null],[114.93229,-0.18848,0.0,null],[114.9302,-0.18608,0.0,null],[114.92859,-0.18187,0.0,null],[114.92873,-0.17804,0.0,null],[114.93116,-0.16941,0.0,null],[114.93338,-0.16502,0.0,null],[114.93373,-0.1613,0.0,null],[114.9129,-0.16148,0.0,null],[114.90124,-0.15728,0.0,null],[114.89359,-0.15269,0.0,null],[114.88671,-0.14772,0.0,null],[114.87887,-0.13931,0.0,null],[114.86969,-0.11808,0.0,null],[114.86663,-0.10718,0.0,null],[114.8607,-0.09648,0.0,null],[114.85573,-0.09112,0.0,null],[114.84885,-0.08692,0.0,null],[114.8437,-0.08466,0.0,null]]],[[[114.79403,0.0894,0.0,null],[114.79143,0.09818,0.0,null],[114.79297,0.10648,0.0,null],[114.79163,0.11777,0.0,null],[114.78175,0.12132,0.0,null],[114.7793,0.13096,0.0,null],[114.78088,0.14254,0.0,null],[114.79438,0.1799,0.0,null],[114.79816,0.18583,0.0,null],[114.80509,0.19968,0.0,null],[114.80508,0.2243,0.0,null],[114.7876,0.21761,0.0,null],[114.75994,0.19911,0.0,null],[114.75853,0.18814,0.0,null],[114.75758,0.18701,0.0,null],[114.75716,0.1841,0.0,null],[114.75386,0.1779,0.0,null],[114.74436,0.1669,0.0,null],[114.73146,0.1487,0.0,null],[114.72861,0.14323,0.0,null],[114.72448,0.13115,0.0,null],[114.76755,0.12798,0.0,null],[114.7693,0.11921,0.0,null],[114.76193,0.10483,0.0,null],[114.74966,0.08729,0.0,null],[114.73608,0.06966,0.0,null],[114.72669,0.05885,0.0,null],[114.73586,0.05832,0.0,null],[114.7555,0.07157,0.0,null],[114.77445,0.07956,0.0,null],[114.7814,0.0886,0.0,null],[114.78546,0.0867,0.0,null],[114.78697,0.08116,0.0,null],[114.79403,0.0894,0.0,null]]]]}},{"type":"Feature","properties":{"inventoryId":"big-forestry-ha:64","sector":"PBPH","subtype":"IUPHHK-HA","quality":"OFFICIAL","sourceDataset":"big-forestry-ha","sourceRecordId":"64","source":"BIG Kebijakan Satu Peta","sourceUrl":"https://kspservices.big.go.id/satupeta/rest/services/PUBLIK/PERIZINAN_DAN_PERTANAHAN/MapServer/1","retrievedAt":"2026-08-24T04:32:16Z","geometryProcessing":"web display simplification tolerance 0.00035 degrees","name":"PT SARANA PIRANTI UTAMA","permitNumber":"SK.104/Kpts-II/2001","permitDate":"2001-03-15","areaHa":49700.0,"provinceCode":"62","region":"kalimantan"},"geometry":{"type":"Polygon","coordinates":[[[112.92469,-0.62288,0.0,null],[112.91439,-0.60748,0.0,null],[112.90589,-0.59228,0.0,null],[112.90249,-0.58418,0.0,null],[112.89975,-0.57409,0.0,null],[112.89125,-0.58101,0.0,null],[112.87925,-0.57698,0.0,null],[112.87024,-0.58213,0.0,null],[112.85991,-0.59691,0.0,null],[112.85092,-0.61302,0.0,null],[112.81674,-0.6343,0.0,null],[112.81315,-0.65245,0.0,null],[112.79693,-0.65785,0.0,null],[112.7965,-0.67254,0.0,null],[112.79181,-0.7102,0.0,null],[112.78657,-0.72001,0.0,null],[112.76267,-0.74018,0.0,null],[112.78104,-0.84305,0.0,null],[112.79379,-0.8515,0.0,null],[112.79283,-0.86149,0.0,null],[112.86058,-0.8791,0.0,null],[112.87119,-0.87133,0.0,null],[112.87426,-0.86162,0.0,null],[112.88123,-0.84886,0.0,null],[112.89449,-0.83145,0.0,null],[112.89807,-0.81952,0.0,null],[112.90529,-0.81377,0.0,null],[112.91227,-0.82052,0.0,null],[112.92727,-0.81624,0.0,null],[112.92112,-0.79669,0.0,null],[112.92302,-0.78655,0.0,null],[112.92042,-0.77137,0.0,null],[112.92779,-0.76176,0.0,null],[112.93937,-0.76261,0.0,null],[112.93982,-0.76344,0.0,null],[112.9415,-0.76391,0.0,null],[112.94338,-0.7628,0.0,null],[112.94529,-0.76425,0.0,null],[112.94707,-0.76242,0.0,null],[112.94767,-0.76423,0.0,null],[112.95035,-0.76357,0.0,null],[112.9512,-0.76551,0.0,null],[112.95185,-0.76585,0.0,null],[112.95322,-0.76565,0.0,null],[112.95439,-0.76366,0.0,null],[112.95581,-0.76332,0.0,null],[112.95601,-0.76384,0.0,null],[112.95516,-0.76519,0.0,null],[112.95556,-0.76596,0.0,null],[112.957,-0.76564,0.0,null],[112.95722,-0.76269,0.0,null],[112.95879,-0.76203,0.0,null],[112.9596,-0.76427,0.0,null],[112.96133,-0.76311,0.0,null],[112.96144,-0.76573,0.0,null],[112.95987,-0.76817,0.0,null],[112.96194,-0.76922,0.0,null],[112.96192,-0.77121,0.0,null],[112.96318,-0.77274,0.0,null],[112.9619,-0.7773,0.0,null],[112.96428,-0.77647,0.0,null],[112.96556,-0.77712,0.0,null],[112.96634,-0.77836,0.0,null],[112.9685,-0.77818,0.0,null],[112.97035,-0.77964,0.0,null],[112.97062,-0.78081,0.0,null],[112.97011,-0.78253,0.0,null],[112.97239,-0.78304,0.0,null],[112.97242,-0.78512,0.0,null],[112.9735,-0.78679,0.0,null],[112.97626,-0.78625,0.0,null],[112.97681,-0.78352,0.0,null],[112.97917,-0.7827,0.0,null],[112.98009,-0.77986,0.0,null],[112.98074,-0.77972,0.0,null],[112.98084,-0.78147,0.0,null],[112.98218,-0.7842,0.0,null],[112.98219,-0.78643,0.0,null],[112.98328,-0.78567,0.0,null],[112.98427,-0.78162,0.0,null],[112.98501,-0.78101,0.0,null],[112.98541,-0.78137,0.0,null],[112.98609,-0.78654,0.0,null],[112.98536,-0.78812,0.0,null],[112.98364,-0.7891,0.0,null],[112.98387,-0.79029,0.0,null],[112.98703,-0.79036,0.0,null],[112.99108,-0.78693,0.0,null],[112.98533,-0.77524,0.0,null],[112.97139,-0.75018,0.0,null],[112.96779,-0.73638,0.0,null],[112.96639,-0.72858,0.0,null],[112.96589,-0.70808,0.0,null],[112.96449,-0.69618,0.0,null],[112.96089,-0.68288,0.0,null],[112.95569,-0.67208,0.0,null],[112.94259,-0.64948,0.0,null],[112.92469,-0.62288,0.0,null]]]}},{"type":"Feature","properties":{"inventoryId":"big-forestry-ha:71","sector":"PBPH","subtype":"IUPHHK-HA","quality":"OFFICIAL","sourceDataset":"big-forestry-ha","sourceRecordId":"71","source":"BIG Kebijakan Satu Peta","sourceUrl":"https://kspservices.big.go.id/satupeta/rest/services/PUBLIK/PERIZINAN_DAN_PERTANAHAN/MapServer/1","retrievedAt":"2026-08-24T04:32:16Z","geometryProcessing":"web display simplification tolerance 0.00035 degrees","name":"PT SARANA TRISARA BHAKTI","permitNumber":"SK.523/Menhut-II/2009","permitDate":"2009-09-09","areaHa":35090.0,"provinceCode":"65","region":"kalimantan"},"geometry":{"type":"Polygon","coordinates":[[[115.9093,2.84455,0.0,null],[115.89196,2.84584,0.0,null],[115.8819,2.85193,0.0,null],[115.87279,2.87029,0.0,null],[115.87028,2.87935,0.0,null],[115.86873,2.88025,0.0,null],[115.86245,2.88173,0.0,null],[115.85184,2.88073,0.0,null],[115.84487,2.88114,0.0,null],[115.84575,2.86866,0.0,null],[115.85294,2.85185,0.0,null],[115.83914,2.84327,0.0,null],[115.83839,2.84113,0.0,null],[115.84031,2.8398,0.0,null],[115.84345,2.8389,0.0,null],[115.84591,2.83596,0.0,null],[115.84452,2.83367,0.0,null],[115.84479,2.83165,0.0,null],[115.8458,2.83031,0.0,null],[115.84654,2.83063,0.0,null],[115.84782,2.83015,0.0,null],[115.8483,2.82872,0.0,null],[115.84825,2.82722,0.0,null],[115.84708,2.82461,0.0,null],[115.84745,2.82051,0.0,null],[115.84681,2.81646,0.0,null],[115.8442,2.81203,0.0,null],[115.83828,2.80921,0.0,null],[115.83125,2.80335,0.0,null],[115.82725,2.80169,0.0,null],[115.82437,2.79882,0.0,null],[115.82235,2.79487,0.0,null],[115.81931,2.79482,0.0,null],[115.81878,2.79322,0.0,null],[115.82016,2.79077,0.0,null],[115.82,2.78832,0.0,null],[115.81782,2.78336,0.0,null],[115.8168,2.78235,0.0,null],[115.81227,2.78027,0.0,null],[115.80972,2.78128,0.0,null],[115.80796,2.78378,0.0,null],[115.80673,2.78315,0.0,null],[115.80561,2.78149,0.0,null],[115.80646,2.77728,0.0,null],[115.80316,2.7743,0.0,null],[115.80167,2.77446,0.0,null],[115.80268,2.76838,0.0,null],[115.80156,2.76582,0.0,null],[115.7982,2.76156,0.0,null],[115.79852,2.75666,0.0,null],[115.79698,2.75404,0.0,null],[115.79687,2.75239,0.0,null],[115.79767,2.75149,0.0,null],[115.7973,2.75042,0.0,null],[115.79516,2.7493,0.0,null],[115.7941,2.74973,0.0,null],[115.79399,2.75255,0.0,null],[115.79239,2.75218,0.0,null],[115.78957,2.75255,0.0,null],[115.78397,2.7541,0.0,null],[115.77816,2.75186,0.0,null],[115.77704,2.75047,0.0,null],[115.77742,2.74967,0.0,null],[115.77688,2.74887,0.0,null],[115.77406,2.74632,0.0,null],[115.77438,2.74115,0.0,null],[115.77177,2.73534,0.0,null],[115.77065,2.72979,0.0,null],[115.76873,2.72473,0.0,null],[115.78562,2.72446,0.0,null],[115.80092,2.71151,0.0,null],[115.82539,2.67601,0.0,null],[115.82976,2.65539,0.0,null],[115.82028,2.60189,0.0,null],[115.81936,2.58276,0.0,null],[115.81962,2.57821,0.0,null],[115.82197,2.56416,0.0,null],[115.82626,2.55336,0.0,null],[115.8489,2.53188,0.0,null],[115.87519,2.51132,0.0,null],[115.87896,2.50872,0.0,null],[115.88365,2.5069,0.0,null],[115.8882,2.50625,0.0,null],[115.90395,2.50937,0.0,null],[115.91423,2.51211,0.0,null],[115.92359,2.51744,0.0,null],[115.92737,2.51887,0.0,null],[115.93305,2.51932,0.0,null],[115.93793,2.51839,0.0,null],[115.93682,2.51982,0.0,null],[115.93662,2.52163,0.0,null],[115.93452,2.52564,0.0,null],[115.9338,2.53013,0.0,null],[115.93533,2.54321,0.0,null],[115.94043,2.55508,0.0,null],[115.95566,2.57013,0.0,null],[115.98907,2.59336,0.0,null],[116.00917,2.61399,0.0,null],[115.98332,2.61139,0.0,null],[115.96654,2.6123,0.0,null],[115.95079,2.61712,0.0,null],[115.92789,2.62727,0.0,null],[115.91813,2.6339,0.0,null],[115.89119,2.66253,0.0,null],[115.8722,2.69181,0.0,null],[115.86556,2.70599,0.0,null],[115.8584,2.73228,0.0,null],[115.85085,2.73475,0.0,null],[115.84357,2.73917,0.0,null],[115.8355,2.74789,0.0,null],[115.83524,2.75726,0.0,null],[115.83849,2.76923,0.0,null],[115.84669,2.78563,0.0,null],[115.86452,2.81191,0.0,null],[115.88833,2.81803,0.0,null],[115.90551,2.83182,0.0,null],[115.9093,2.84455,0.0,null]]]}},{"type":"Feature","properties":{"inventoryId":"big-forestry-ha:161","sector":"PBPH","subtype":"IUPHHK-HA","quality":"OFFICIAL","sourceDataset":"big-forestry-ha","sourceRecordId":"161","source":"BIG Kebijakan Satu Peta","sourceUrl":"https://kspservices.big.go.id/satupeta/rest/services/PUBLIK/PERIZINAN_DAN_PERTANAHAN/MapServer/1","retrievedAt":"2026-08-24T04:32:16Z","geometryProcessing":"web display simplification tolerance 0.00035 degrees","name":"PT SARANG SAPTA PUTRA","permitNumber":"SK.398/Menhut-II/2006","permitDate":"2006-07-17","areaHa":51100.0,"provinceCode":"62","region":"kalimantan"},"geometry":{"type":"Polygon","coordinates":[[[114.48928,0.34956,0.0,null],[114.49228,0.36594,0.0,null],[114.4715,0.39349,0.0,null],[114.42673,0.36396,0.0,null],[114.41222,0.36867,0.0,null],[114.39209,0.38719,0.0,null],[114.37289,0.36388,0.0,null],[114.34238,0.35956,0.0,null],[114.32083,0.36973,0.0,null],[114.29199,0.33582,0.0,null],[114.26947,0.32941,0.0,null],[114.26223,0.34001,0.0,null],[114.24316,0.33952,0.0,null],[114.23988,0.35027,0.0,null],[114.22945,0.35574,0.0,null],[114.22974,0.26527,0.0,null],[114.23637,0.26096,0.0,null],[114.24781,0.24725,0.0,null],[114.247,0.2401,0.0,null],[114.24313,0.22997,0.0,null],[114.14764,0.18303,0.0,null],[114.18213,0.14377,0.0,null],[114.19016,0.15139,0.0,null],[114.19826,0.15505,0.0,null],[114.20289,0.15633,0.0,null],[114.20869,0.15878,0.0,null],[114.21452,0.15953,0.0,null],[114.22352,0.15636,0.0,null],[114.23069,0.14959,0.0,null],[114.23486,0.13918,0.0,null],[114.23695,0.13528,0.0,null],[114.24131,0.11825,0.0,null],[114.24402,0.11373,0.0,null],[114.24778,0.11152,0.0,null],[114.25044,0.10871,0.0,null],[114.25448,0.10714,0.0,null],[114.28953,0.1047,0.0,null],[114.289,0.1035,0.0,null],[114.28909,0.10137,0.0,null],[114.28983,0.10001,0.0,null],[114.29232,0.09781,0.0,null],[114.2922,0.09721,0.0,null],[114.29393,0.09674,0.0,null],[114.29655,0.09394,0.0,null],[114.29779,0.09394,0.0,null],[114.29828,0.09256,0.0,null],[114.2977,0.09152,0.0,null],[114.29803,0.08964,0.0,null],[114.29928,0.08912,0.0,null],[114.29964,0.08835,0.0,null],[114.30065,0.08311,0.0,null],[114.29998,0.08004,0.0,null],[114.29784,0.07593,0.0,null],[114.2979,0.07397,0.0,null],[114.29842,0.07348,0.0,null],[114.29799,0.07316,0.0,null],[114.29819,0.07207,0.0,null],[114.29719,0.07039,0.0,null],[114.29696,0.06816,0.0,null],[114.29595,0.06805,0.0,null],[114.29598,0.06484,0.0,null],[114.29381,0.06044,0.0,null],[114.29357,0.05659,0.0,null],[114.29216,0.05316,0.0,null],[114.292,0.04943,0.0,null],[114.29311,0.04406,0.0,null],[114.29473,0.04254,0.0,null],[114.29497,0.04064,0.0,null],[114.29395,0.0385,0.0,null],[114.29292,0.03862,0.0,null],[114.29159,0.03326,0.0,null],[114.29006,0.03011,0.0,null],[114.29152,0.01674,0.0,null],[114.29285,0.01471,0.0,null],[114.2936,0.01441,0.0,null],[114.29497,0.01078,0.0,null],[114.29628,0.00959,0.0,null],[114.29812,0.00834,0.0,null],[114.30169,0.00845,0.0,null],[114.30508,0.00751,0.0,null],[114.30752,0.00525,0.0,null],[114.30822,0.00095,0.0,null],[114.31012,-0.0033,0.0,null],[114.31007,-0.00516,0.0,null],[114.31139,-0.00736,0.0,null],[114.31338,-0.00879,0.0,null],[114.31472,-0.01285,0.0,null],[114.31451,-0.01381,0.0,null],[114.31077,-0.01867,0.0,null],[114.3106,-0.0204,0.0,null],[114.31473,-0.0216,0.0,null],[114.31651,-0.02296,0.0,null],[114.31701,-0.02452,0.0,null],[114.31671,-0.02549,0.0,null],[114.36671,-0.00818,0.0,null],[114.36486,-0.00066,0.0,null],[114.36359,0.00803,0.0,null],[114.36119,0.0167,0.0,null],[114.36057,0.02192,0.0,null],[114.35181,0.04501,0.0,null],[114.33914,0.06844,0.0,null],[114.3374,0.07532,0.0,null],[114.33676,0.08688,0.0,null],[114.34,0.1069,0.0,null],[114.34049,0.1134,0.0,null],[114.33986,0.11987,0.0,null],[114.33926,0.12339,0.0,null],[114.33575,0.1339,0.0,null],[114.33572,0.13567,0.0,null],[114.33457,0.1374,0.0,null],[114.32896,0.13958,0.0,null],[114.32729,0.13953,0.0,null],[114.32665,0.14305,0.0,null],[114.32639,0.15304,0.0,null],[114.32756,0.16418,0.0,null],[114.33115,0.16558,0.0,null],[114.29585,0.16368,0.0,null],[114.26373,0.1643,0.0,null],[114.26189,0.16784,0.0,null],[114.26059,0.17289,0.0,null],[114.25902,0.17539,0.0,null],[114.25902,0.18106,0.0,null],[114.26087,0.18613,0.0,null],[114.26116,0.18914,0.0,null],[114.26275,0.19153,0.0,null],[114.26476,0.20105,0.0,null],[114.26671,0.20406,0.0,null],[114.27028,0.20621,0.0,null],[114.27306,0.20882,0.0,null],[114.27439,0.21247,0.0,null],[114.27358,0.21353,0.0,null],[114.27115,0.21473,0.0,null],[114.26431,0.22145,0.0,null],[114.26443,0.22365,0.0,null],[114.26721,0.22948,0.0,null],[114.26652,0.23123,0.0,null],[114.26158,0.23194,0.0,null],[114.25973,0.23388,0.0,null],[114.25894,0.23402,0.0,null],[114.25761,0.23357,0.0,null],[114.25546,0.23121,0.0,null],[114.25369,0.23114,0.0,null],[114.25203,0.2333,0.0,null],[114.25376,0.23655,0.0,null],[114.2588,0.24304,0.0,null],[114.25797,0.24569,0.0,null],[114.25815,0.24935,0.0,null],[114.2601,0.25073,0.0,null],[114.26433,0.24937,0.0,null],[114.26566,0.24949,0.0,null],[114.26898,0.25081,0.0,null],[114.27589,0.25519,0.0,null],[114.27906,0.25835,0.0,null],[114.28566,0.27058,0.0,null],[114.28689,0.27136,0.0,null],[114.34823,0.2745,0.0,null],[114.35031,0.27574,0.0,null],[114.35304,0.27598,0.0,null],[114.3536,0.2769,0.0,null],[114.35404,0.27667,0.0,null],[114.35467,0.28216,0.0,null],[114.35461,0.2839,0.0,null],[114.35311,0.28791,0.0,null],[114.35282,0.29259,0.0,null],[114.35317,0.29581,0.0,null],[114.35396,0.29634,0.0,null],[114.35578,0.29626,0.0,null],[114.35987,0.29242,0.0,null],[114.36131,0.28887,0.0,null],[114.36166,0.28587,0.0,null],[114.36258,0.28427,0.0,null],[114.36808,0.28272,0.0,null],[114.37087,0.28409,0.0,null],[114.37693,0.28427,0.0,null],[114.37827,0.28965,0.0,null],[114.37913,0.29063,0.0,null],[114.38322,0.29085,0.0,null],[114.38559,0.29342,0.0,null],[114.38707,0.29416,0.0,null],[114.38909,0.29396,0.0,null],[114.39314,0.29154,0.0,null],[114.39496,0.29308,0.0,null],[114.39676,0.29597,0.0,null],[114.39995,0.29582,0.0,null],[114.40248,0.29457,0.0,null],[114.40575,0.2945,0.0,null],[114.40804,0.29124,0.0,null],[114.41217,0.29015,0.0,null],[114.41369,0.29078,0.0,null],[114.41539,0.29271,0.0,null],[114.41811,0.29817,0.0,null],[114.41913,0.29812,0.0,null],[114.42562,0.29468,0.0,null],[114.42669,0.2921,0.0,null],[114.42779,0.29112,0.0,null],[114.42878,0.29106,0.0,null],[114.43023,0.29235,0.0,null],[114.43017,0.29409,0.0,null],[114.42893,0.29663,0.0,null],[114.42663,0.29803,0.0,null],[114.42523,0.3001,0.0,null],[114.42527,0.30154,0.0,null],[114.42617,0.30213,0.0,null],[114.4303,0.30151,0.0,null],[114.43339,0.2995,0.0,null],[114.43868,0.29076,0.0,null],[114.44355,0.29034,0.0,null],[114.44786,0.28702,0.0,null],[114.45126,0.28573,0.0,null],[114.45316,0.28213,0.0,null],[114.4541,0.27886,0.0,null],[114.4539,0.27649,0.0,null],[114.45135,0.272,0.0,null],[114.45112,0.26923,0.0,null],[114.45307,0.26871,0.0,null],[114.45799,0.26974,0.0,null],[114.45962,0.26901,0.0,null],[114.46033,0.26755,0.0,null],[114.45946,0.26415,0.0,null],[114.45985,0.26279,0.0,null],[114.46181,0.26256,0.0,null],[114.46619,0.26335,0.0,null],[114.46835,0.26279,0.0,null],[114.47226,0.26055,0.0,null],[114.4746,0.26003,0.0,null],[114.47742,0.2606,0.0,null],[114.48024,0.25995,0.0,null],[114.48635,0.26008,0.0,null],[114.48697,0.26124,0.0,null],[114.48782,0.26148,0.0,null],[114.49055,0.26044,0.0,null],[114.48878,0.28731,0.0,null],[114.48928,0.34956,0.0,null]]]}},{"type":"Feature","properties":{"inventoryId":"big-forestry-ha:145","sector":"PBPH","subtype":"IUPHHK-HA","quality":"OFFICIAL","sourceDataset":"big-forestry-ha","sourceRecordId":"145","source":"BIG Kebijakan Satu Peta","sourceUrl":"https://kspservices.big.go.id/satupeta/rest/services/PUBLIK/PERIZINAN_DAN_PERTANAHAN/MapServer/1","retrievedAt":"2026-08-24T04:32:16Z","geometryProcessing":"web display simplification tolerance 0.00035 degrees","name":"PT SARI BUMI KUSUMA","permitNumber":"SK.58/Menhut-II/2007","permitDate":"2007-02-22","areaHa":75200.0,"provinceCode":"61","region":"kalimantan"},"geometry":{"type":"Polygon","coordinates":[[[113.02346,-0.07242,0.0,null],[113.02122,-0.06383,0.0,null],[113.01671,-0.06308,0.0,null],[113.00919,-0.08488,0.0,null],[113.00205,-0.10142,0.0,null],[112.99566,-0.12172,0.0,null],[112.98551,-0.14465,0.0,null],[112.9731,-0.16194,0.0,null],[112.95581,-0.18186,0.0,null],[112.95243,-0.19088,0.0,null],[112.95206,-0.19689,0.0,null],[112.95318,-0.20291,0.0,null],[112.97047,-0.22058,0.0,null],[112.99641,-0.22133,0.0,null],[113.00806,-0.21193,0.0,null],[113.02573,-0.17885,0.0,null],[113.05993,-0.17472,0.0,null],[113.0667,-0.22208,0.0,null],[113.03325,-0.25478,0.0,null],[113.03607,-0.26098,0.0,null],[113.06351,-0.27564,0.0,null],[113.07516,-0.28466,0.0,null],[113.07666,-0.28842,0.0,null],[113.07741,-0.29594,0.0,null],[113.07403,-0.31022,0.0,null],[113.07065,-0.31661,0.0,null],[113.06351,-0.32376,0.0,null],[113.04922,-0.32977,0.0,null],[113.02968,-0.33466,0.0,null],[113.01238,-0.33766,0.0,null],[113.00543,-0.34048,0.0,null],[112.98889,-0.35063,0.0,null],[112.85921,-0.37995,0.0,null],[112.85771,-0.38484,0.0,null],[112.8562,-0.38747,0.0,null],[112.85282,-0.3901,0.0,null],[112.84794,-0.3901,0.0,null],[112.84042,-0.38446,0.0,null],[112.75378,-0.40607,0.0,null],[112.68123,-0.43803,0.0,null],[112.67108,-0.43539,0.0,null],[112.66995,-0.42412,0.0,null],[112.66695,-0.40833,0.0,null],[112.67371,-0.376,0.0,null],[112.66319,-0.36247,0.0,null],[112.63913,-0.36398,0.0,null],[112.62034,-0.38615,0.0,null],[112.63575,-0.39781,0.0,null],[112.64214,-0.42299,0.0,null],[112.63537,-0.42487,0.0,null],[112.63312,-0.42825,0.0,null],[112.63011,-0.44291,0.0,null],[112.61658,-0.4493,0.0,null],[112.60718,-0.44592,0.0,null],[112.60417,-0.44404,0.0,null],[112.59854,-0.42299,0.0,null],[112.58651,-0.41735,0.0,null],[112.58294,-0.4134,0.0,null],[112.57993,-0.39461,0.0,null],[112.52167,-0.41754,0.0,null],[112.51377,-0.43859,0.0,null],[112.51828,-0.45776,0.0,null],[112.52167,-0.46152,0.0,null],[112.52881,-0.4649,0.0,null],[112.54422,-0.46152,0.0,null],[112.56489,-0.47242,0.0,null],[112.58235,-0.49662,0.0,null],[112.63271,-0.46393,0.0,null],[112.63998,-0.46706,0.0,null],[112.65338,-0.47026,0.0,null],[112.66808,-0.47466,0.0,null],[112.68008,-0.47726,0.0,null],[112.69688,-0.47876,0.0,null],[112.70348,-0.47866,0.0,null],[112.71778,-0.47686,0.0,null],[112.72538,-0.47556,0.0,null],[112.74138,-0.47166,0.0,null],[112.7575,-0.46627,0.0,null],[112.77901,-0.45703,0.0,null],[112.80382,-0.45072,0.0,null],[112.86248,-0.4463,0.0,null],[112.89098,-0.45153,0.0,null],[112.91264,-0.4604,0.0,null],[112.91353,-0.44629,0.0,null],[112.91917,-0.43878,0.0,null],[112.92894,-0.41585,0.0,null],[112.94341,-0.39348,0.0,null],[112.95807,-0.3886,0.0,null],[112.98626,-0.39198,0.0,null],[113.00994,-0.39687,0.0,null],[113.02009,-0.3995,0.0,null],[113.02798,-0.40664,0.0,null],[113.04076,-0.43182,0.0,null],[113.04866,-0.43934,0.0,null],[113.06482,-0.44498,0.0,null],[113.08813,-0.44874,0.0,null],[113.11744,-0.44949,0.0,null],[113.14207,-0.44254,0.0,null],[113.15785,-0.44028,0.0,null],[113.1696,-0.44146,0.0,null],[113.17751,-0.44505,0.0,null],[113.19308,-0.44467,0.0,null],[113.20647,-0.44094,0.0,null],[113.21601,-0.43594,0.0,null],[113.18891,-0.41959,0.0,null],[113.1684,-0.40298,0.0,null],[113.15511,-0.39072,0.0,null],[113.13832,-0.37873,0.0,null],[113.12811,-0.37767,0.0,null],[113.05632,-0.38889,0.0,null],[113.04121,-0.38725,0.0,null],[113.02994,-0.38442,0.0,null],[113.01585,-0.3743,0.0,null],[113.04739,-0.36232,0.0,null],[113.07286,-0.34319,0.0,null],[113.0916,-0.31934,0.0,null],[113.10279,-0.3138,0.0,null],[113.1197,-0.30665,0.0,null],[113.13098,-0.29876,0.0,null],[113.14,-0.28861,0.0,null],[113.14564,-0.27884,0.0,null],[113.14752,-0.27282,0.0,null],[113.14526,-0.2717,0.0,null],[113.14263,-0.2717,0.0,null],[113.13586,-0.27771,0.0,null],[113.13173,-0.27884,0.0,null],[113.10391,-0.27358,0.0,null],[113.10316,-0.25741,0.0,null],[113.10297,-0.22753,0.0,null],[113.1041,-0.21174,0.0,null],[113.10636,-0.19445,0.0,null],[113.1244,-0.17378,0.0,null],[113.13455,-0.16025,0.0,null],[113.14075,-0.15029,0.0,null],[113.11594,-0.136,0.0,null],[113.11181,-0.14239,0.0,null],[113.10654,-0.14577,0.0,null],[113.09978,-0.14653,0.0,null],[113.09489,-0.14502,0.0,null],[113.09113,-0.136,0.0,null],[113.0885,-0.12247,0.0,null],[113.08136,-0.10518,0.0,null],[113.06745,-0.08638,0.0,null],[113.03701,-0.11157,0.0,null],[113.03475,-0.11082,0.0,null],[113.02423,-0.09541,0.0,null],[113.02346,-0.07242,0.0,null]]]}},{"type":"Feature","properties":{"inventoryId":"big-forestry-ha:135","sector":"PBPH","subtype":"IUPHHK-HA","quality":"OFFICIAL","sourceDataset":"big-forestry-ha","sourceRecordId":"135","source":"BIG Kebijakan Satu Peta","sourceUrl":"https://kspservices.big.go.id/satupeta/rest/services/PUBLIK/PERIZINAN_DAN_PERTANAHAN/MapServer/1","retrievedAt":"2026-08-24T04:32:16Z","geometryProcessing":"web display simplification tolerance 0.00035 degrees","name":"PT SARI BUMI KUSUMA (UNIT I DAN II)","permitNumber":"SK.201/Kpts-II/1998","permitDate":"1998-02-27","areaHa":208300.0,"provinceCode":"62","region":"kalimantan"},"geometry":{"type":"MultiPolygon","coordinates":[[[[112.27167,-0.64459,0.0,null],[112.26021,-0.64234,0.0,null],[112.23744,-0.64734,0.0,null],[112.22743,-0.64283,0.0,null],[112.21211,-0.64895,0.0,null],[112.20141,-0.6563,0.0,null],[112.19392,-0.66884,0.0,null],[112.18911,-0.69292,0.0,null],[112.19427,-0.70978,0.0,null],[112.21187,-0.72522,0.0,null],[112.21575,-0.7326,0.0,null],[112.21184,-0.74929,0.0,null],[112.20443,-0.75523,0.0,null],[112.18477,-0.75791,0.0,null],[112.16715,-0.74888,0.0,null],[112.15389,-0.74365,0.0,null],[112.12449,-0.7307,0.0,null],[112.11507,-0.72368,0.0,null],[112.08673,-0.71911,0.0,null],[112.08744,-0.72648,0.0,null],[112.10565,-0.75832,0.0,null],[112.11513,-0.77984,0.0,null],[112.11562,-0.78849,0.0,null],[112.11086,-0.79479,0.0,null],[112.10463,-0.79338,0.0,null],[112.09311,-0.77184,0.0,null],[112.08131,-0.76453,0.0,null],[112.0688,-0.76474,0.0,null],[112.06054,-0.77087,0.0,null],[112.04788,-0.79174,0.0,null],[112.03465,-0.80264,0.0,null],[112.02237,-0.80859,0.0,null],[112.0089,-0.81376,0.0,null],[112.00048,-0.81216,0.0,null],[111.99372,-0.81573,0.0,null],[111.99293,-0.83065,0.0,null],[111.99047,-0.84367,0.0,null],[111.98741,-0.85195,0.0,null],[111.97892,-0.85617,0.0,null],[111.97044,-0.85273,0.0,null],[111.96895,-0.83987,0.0,null],[111.97013,-0.82528,0.0,null],[111.96846,-0.80965,0.0,null],[111.96363,-0.79948,0.0,null],[111.9567,-0.79806,0.0,null],[111.95387,-0.80268,0.0,null],[111.95157,-0.81439,0.0,null],[111.94848,-0.8145,0.0,null],[111.94659,-0.82028,0.0,null],[111.94489,-0.82258,0.0,null],[111.94149,-0.83198,0.0,null],[111.94134,-0.84001,0.0,null],[111.9386,-0.8383,0.0,null],[111.93525,-0.83855,0.0,null],[111.93486,-0.8415,0.0,null],[111.93556,-0.8557,0.0,null],[111.93726,-0.86499,0.0,null],[111.93886,-0.8814,0.0,null],[111.94182,-0.89009,0.0,null],[111.93769,-0.89648,0.0,null],[111.92969,-0.90158,0.0,null],[111.92369,-0.89798,0.0,null],[111.92249,-0.89128,0.0,null],[111.92749,-0.87768,0.0,null],[111.92309,-0.87598,0.0,null],[111.92157,-0.88216,0.0,null],[111.90722,-0.92449,0.0,null],[111.907,-0.95676,0.0,null],[111.92322,-0.98434,0.0,null],[111.96495,-0.98342,0.0,null],[112.00418,-0.93258,0.0,null],[112.03383,-0.8988,0.0,null],[112.06078,-0.89086,0.0,null],[112.09591,-0.88835,0.0,null],[112.13417,-0.88315,0.0,null],[112.12351,-0.91967,0.0,null],[112.09872,-0.97339,0.0,null],[112.0976,-1.01478,0.0,null],[112.108,-1.01864,0.0,null],[112.11959,-1.01944,0.0,null],[112.17291,-0.98764,0.0,null],[112.17936,-0.99398,0.0,null],[112.16799,-1.01371,0.0,null],[112.16377,-1.03648,0.0,null],[112.16228,-1.05658,0.0,null],[112.1639,-1.07355,0.0,null],[112.16768,-1.08857,0.0,null],[112.18322,-1.10194,0.0,null],[112.20305,-1.10528,0.0,null],[112.22307,-1.09813,0.0,null],[112.24032,-1.0846,0.0,null],[112.26261,-1.06542,0.0,null],[112.26897,-1.04158,0.0,null],[112.27007,-1.0248,0.0,null],[112.26376,-0.9914,0.0,null],[112.25832,-0.97591,0.0,null],[112.25094,-0.96323,0.0,null],[112.24351,-0.94702,0.0,null],[112.24218,-0.93411,0.0,null],[112.24501,-0.92108,0.0,null],[112.25239,-0.91027,0.0,null],[112.26017,-0.9034,0.0,null],[112.26583,-0.90766,0.0,null],[112.2675,-0.91298,0.0,null],[112.26514,-0.92949,0.0,null],[112.26508,-0.93898,0.0,null],[112.27181,-0.95474,0.0,null],[112.28031,-0.96708,0.0,null],[112.28959,-0.97281,0.0,null],[112.30197,-0.97743,0.0,null],[112.30732,-0.98355,0.0,null],[112.31191,-0.99469,0.0,null],[112.31757,-1.02599,0.0,null],[112.32159,-1.03192,0.0,null],[112.33505,-1.04078,0.0,null],[112.34502,-1.04918,0.0,null],[112.34863,-1.05472,0.0,null],[112.35216,-1.06486,0.0,null],[112.35566,-1.08253,0.0,null],[112.36027,-1.09655,0.0,null],[112.3595,-1.10999,0.0,null],[112.36322,-1.12021,0.0,null],[112.36648,-1.12513,0.0,null],[112.37248,-1.12318,0.0,null],[112.37912,-1.11675,0.0,null],[112.38644,-1.10553,0.0,null],[112.40108,-1.06399,0.0,null],[112.40421,-1.04561,0.0,null],[112.39932,-1.03067,0.0,null],[112.38719,-1.01554,0.0,null],[112.38694,-1.00377,0.0,null],[112.3909,-0.98979,0.0,null],[112.38882,-0.97155,0.0,null],[112.38286,-0.95418,0.0,null],[112.39923,-0.93424,0.0,null],[112.40396,-0.92512,0.0,null],[112.40708,-0.91155,0.0,null],[112.40648,-0.91028,0.0,null],[112.40672,-0.90689,0.0,null],[112.40595,-0.9057,0.0,null],[112.40574,-0.90332,0.0,null],[112.40591,-0.89655,0.0,null],[112.40942,-0.89309,0.0,null],[112.41075,-0.88995,0.0,null],[112.41102,-0.88755,0.0,null],[112.41045,-0.88416,0.0,null],[112.41132,-0.88076,0.0,null],[112.41106,-0.8767,0.0,null],[112.4379,-0.88432,0.0,null],[112.4457,-0.87197,0.0,null],[112.43614,-0.85751,0.0,null],[112.40877,-0.80995,0.0,null],[112.40012,-0.7714,0.0,null],[112.38632,-0.74632,0.0,null],[112.38405,-0.74912,0.0,null],[112.38506,-0.75806,0.0,null],[112.39077,-0.76444,0.0,null],[112.38791,-0.77634,0.0,null],[112.38063,-0.78184,0.0,null],[112.3721,-0.78432,0.0,null],[112.36496,-0.78233,0.0,null],[112.35425,-0.77494,0.0,null],[112.34841,-0.77416,0.0,null],[112.34584,-0.78082,0.0,null],[112.33972,-0.78188,0.0,null],[112.33662,-0.77808,0.0,null],[112.33508,-0.7699,0.0,null],[112.34434,-0.7591,0.0,null],[112.34533,-0.74944,0.0,null],[112.34576,-0.73011,0.0,null],[112.34194,-0.72298,0.0,null],[112.33527,-0.72173,0.0,null],[112.33152,-0.72643,0.0,null],[112.32882,-0.73224,0.0,null],[112.32429,-0.73355,0.0,null],[112.31742,-0.72981,0.0,null],[112.30781,-0.73155,0.0,null],[112.29606,-0.73575,0.0,null],[112.29044,-0.73204,0.0,null],[112.28809,-0.72725,0.0,null],[112.29104,-0.71392,0.0,null],[112.28974,-0.70116,0.0,null],[112.28278,-0.68894,0.0,null],[112.28248,-0.66633,0.0,null],[112.27758,-0.65169,0.0,null],[112.27167,-0.64459,0.0,null]]],[[[111.07952,-1.64358,0.0,null],[111.07959,-1.59968,0.0,null],[111.29908,-1.53431,0.0,null],[111.2953,-1.52341,0.0,null],[111.28868,-1.50087,0.0,null],[111.29665,-1.45689,0.0,null],[111.27917,-1.45762,0.0,null],[111.26606,-1.46073,0.0,null],[111.24767,-1.466,0.0,null],[111.23189,-1.47245,0.0,null],[111.2221,-1.47838,0.0,null],[111.20325,-1.49224,0.0,null],[111.1942,-1.50188,0.0,null],[111.18407,-1.51082,0.0,null],[111.17381,-1.5183,0.0,null],[111.15077,-1.53219,0.0,null],[111.12522,-1.54521,0.0,null],[111.05695,-1.56475,0.0,null],[111.04462,-1.56665,0.0,null],[111.02073,-1.5679,0.0,null],[111.00069,-1.57561,0.0,null],[110.99417,-1.57926,0.0,null],[110.99767,-1.59192,0.0,null],[110.9984,-1.59688,0.0,null],[110.9978,-1.59883,0.0,null],[110.98729,-1.6081,0.0,null],[110.97653,-1.61875,0.0,null],[110.96976,-1.62421,0.0,null],[110.94162,-1.64407,0.0,null],[110.9222,-1.65566,0.0,null],[110.91673,-1.65834,0.0,null],[110.91303,-1.66105,0.0,null],[110.90957,-1.66545,0.0,null],[110.90108,-1.6741,0.0,null],[110.89693,-1.68412,0.0,null],[110.90356,-1.68824,0.0,null],[110.91095,-1.69499,0.0,null],[110.91911,-1.70731,0.0,null],[110.92313,-1.71035,0.0,null],[110.92703,-1.71143,0.0,null],[110.93167,-1.71043,0.0,null],[110.93597,-1.70794,0.0,null],[110.94051,-1.70416,0.0,null],[110.9448,-1.69806,0.0,null],[110.94854,-1.69092,0.0,null],[110.96004,-1.66486,0.0,null],[110.9637,-1.65845,0.0,null],[110.96957,-1.65278,0.0,null],[110.97684,-1.65087,0.0,null],[110.99163,-1.65131,0.0,null],[110.9954,-1.65195,0.0,null],[110.99835,-1.6534,0.0,null],[111.00071,-1.65621,0.0,null],[111.00263,-1.6606,0.0,null],[111.00431,-1.66855,0.0,null],[111.00378,-1.67213,0.0,null],[111.00201,-1.6761,0.0,null],[110.99912,-1.6797,0.0,null],[110.9761,-1.70288,0.0,null],[110.99342,-1.70988,0.0,null],[111.00567,-1.71993,0.0,null],[111.01376,-1.73441,0.0,null],[111.01339,-1.7378,0.0,null],[111.01554,-1.74127,0.0,null],[111.01582,-1.7649,0.0,null],[111.00821,-1.7872,0.0,null],[110.98611,-1.84307,0.0,null],[110.9702,-1.89749,0.0,null],[110.96821,-1.9238,0.0,null],[110.96905,-1.92883,0.0,null],[110.9722,-1.93323,0.0,null],[110.97591,-1.93532,0.0,null],[110.99352,-1.92067,0.0,null],[111.00618,-1.89803,0.0,null],[111.00887,-1.88903,0.0,null],[111.0136,-1.87986,0.0,null],[111.01603,-1.8766,0.0,null],[111.01949,-1.87404,0.0,null],[111.02234,-1.87346,0.0,null],[111.02486,-1.87439,0.0,null],[111.02626,-1.87933,0.0,null],[111.02486,-1.8916,0.0,null],[111.02135,-1.90521,0.0,null],[111.01286,-1.92104,0.0,null],[111.00327,-1.95242,0.0,null],[111.02328,-1.95516,0.0,null],[111.07722,-1.96398,0.0,null],[111.07901,-1.96319,0.0,null],[111.07952,-1.64358,0.0,null]]]]}},{"type":"Feature","properties":{"inventoryId":"big-forestry-ha:86","sector":"PBPH","subtype":"IUPHHK-HA","quality":"OFFICIAL","sourceDataset":"big-forestry-ha","sourceRecordId":"86","source":"BIG Kebijakan Satu Peta","sourceUrl":"https://kspservices.big.go.id/satupeta/rest/services/PUBLIK/PERIZINAN_DAN_PERTANAHAN/MapServer/1","retrievedAt":"2026-08-24T04:32:16Z","geometryProcessing":"web display simplification tolerance 0.00035 degrees","name":"PT SARMIENTO PARAKANCA TIMBER","permitNumber":"SK.266/Menhut-II/2004","permitDate":"2004-07-21","areaHa":216580.0,"provinceCode":"62","region":"kalimantan"},"geometry":{"type":"Polygon","coordinates":[[[112.31119,-1.21754,0.0,null],[112.31925,-1.20618,0.0,null],[112.25044,-1.19069,0.0,null],[112.19722,-1.18397,0.0,null],[112.19876,-1.18608,0.0,null],[112.19665,-1.19008,0.0,null],[112.15868,-1.19633,0.0,null],[112.12021,-1.2009,0.0,null],[112.0355,-1.22891,0.0,null],[112.03949,-1.2305,0.0,null],[112.04428,-1.23437,0.0,null],[112.0466,-1.23833,0.0,null],[112.04756,-1.2429,0.0,null],[112.04715,-1.24731,0.0,null],[112.04485,-1.2522,0.0,null],[112.04167,-1.25529,0.0,null],[112.03734,-1.25721,0.0,null],[112.03371,-1.25756,0.0,null],[112.03016,-1.25672,0.0,null],[112.02657,-1.25438,0.0,null],[112.02442,-1.25168,0.0,null],[112.02314,-1.24824,0.0,null],[112.02194,-1.24116,0.0,null],[112.02269,-1.23677,0.0,null],[112.02527,-1.2323,0.0,null],[112.02308,-1.23303,0.0,null],[111.97658,-1.26255,0.0,null],[111.93811,-1.28832,0.0,null],[111.93789,-1.28791,0.0,null],[111.92959,-1.29338,0.0,null],[111.9281,-1.29536,0.0,null],[111.93003,-1.29672,0.0,null],[111.93117,-1.29836,0.0,null],[111.93097,-1.30015,0.0,null],[111.92971,-1.30062,0.0,null],[111.92888,-1.30205,0.0,null],[111.93078,-1.30622,0.0,null],[111.93336,-1.30742,0.0,null],[111.93889,-1.30667,0.0,null],[111.94229,-1.30827,0.0,null],[111.94453,-1.30825,0.0,null],[111.94671,-1.30711,0.0,null],[111.94825,-1.30726,0.0,null],[111.94964,-1.30837,0.0,null],[111.9503,-1.31128,0.0,null],[111.95198,-1.31385,0.0,null],[111.95579,-1.31659,0.0,null],[111.95687,-1.31858,0.0,null],[111.95754,-1.32297,0.0,null],[111.95696,-1.32399,0.0,null],[111.95429,-1.32505,0.0,null],[111.954,-1.32803,0.0,null],[111.95459,-1.32997,0.0,null],[111.95665,-1.33144,0.0,null],[111.95761,-1.33286,0.0,null],[111.95726,-1.33776,0.0,null],[111.95762,-1.34123,0.0,null],[111.95704,-1.34189,0.0,null],[111.95697,-1.344,0.0,null],[111.95855,-1.34979,0.0,null],[111.95839,-1.35203,0.0,null],[111.95739,-1.35271,0.0,null],[111.9565,-1.35524,0.0,null],[111.95613,-1.35942,0.0,null],[111.95653,-1.36064,0.0,null],[111.95901,-1.36198,0.0,null],[111.96167,-1.36172,0.0,null],[111.96413,-1.3631,0.0,null],[111.96832,-1.36181,0.0,null],[111.97092,-1.36461,0.0,null],[111.97195,-1.36504,0.0,null],[111.97739,-1.36436,0.0,null],[111.98135,-1.36475,0.0,null],[111.98268,-1.36565,0.0,null],[111.98153,-1.36909,0.0,null],[111.98163,-1.3717,0.0,null],[111.97851,-1.37684,0.0,null],[111.97835,-1.37863,0.0,null],[111.97747,-1.38038,0.0,null],[111.97486,-1.38189,0.0,null],[111.97263,-1.38584,0.0,null],[111.9731,-1.38707,0.0,null],[111.97544,-1.38851,0.0,null],[111.97627,-1.3922,0.0,null],[111.97557,-1.39695,0.0,null],[111.97218,-1.4005,0.0,null],[111.97077,-1.40753,0.0,null],[111.97349,-1.40849,0.0,null],[111.97502,-1.41063,0.0,null],[111.97499,-1.42233,0.0,null],[111.97544,-1.42426,0.0,null],[111.97662,-1.42533,0.0,null],[111.97691,-1.4283,0.0,null],[111.97853,-1.4291,0.0,null],[111.98001,-1.43169,0.0,null],[111.98071,-1.43447,0.0,null],[111.98289,-1.43512,0.0,null],[111.98478,-1.43465,0.0,null],[111.98575,-1.43494,0.0,null],[111.98678,-1.43725,0.0,null],[111.99107,-1.43987,0.0,null],[111.99386,-1.43967,0.0,null],[111.99852,-1.43555,0.0,null],[112.00157,-1.43577,0.0,null],[112.00432,-1.437,0.0,null],[112.01089,-1.43796,0.0,null],[112.01161,-1.43842,0.0,null],[112.01221,-1.44019,0.0,null],[112.01156,-1.44219,0.0,null],[112.01038,-1.4428,0.0,null],[112.00848,-1.44173,0.0,null],[112.00726,-1.44205,0.0,null],[112.00723,-1.44319,0.0,null],[112.00849,-1.44598,0.0,null],[112.00588,-1.44941,0.0,null],[112.00147,-1.4522,0.0,null],[111.99883,-1.45238,0.0,null],[111.99749,-1.45372,0.0,null],[111.9971,-1.45583,0.0,null],[111.99948,-1.45994,0.0,null],[111.99958,-1.46105,0.0,null],[111.99826,-1.4641,0.0,null],[111.99677,-1.46586,0.0,null],[111.99642,-1.46786,0.0,null],[111.99843,-1.46949,0.0,null],[111.99917,-1.47132,0.0,null],[112.0017,-1.47428,0.0,null],[112.00163,-1.4788,0.0,null],[112.00405,-1.48158,0.0,null],[112.00458,-1.48341,0.0,null],[112.00288,-1.48641,0.0,null],[111.99725,-1.49217,0.0,null],[111.99837,-1.495,0.0,null],[111.99846,-1.49907,0.0,null],[111.99548,-1.50283,0.0,null],[111.99315,-1.50368,0.0,null],[111.99154,-1.50589,0.0,null],[111.98892,-1.50562,0.0,null],[111.98434,-1.50767,0.0,null],[111.98086,-1.50779,0.0,null],[111.97949,-1.50941,0.0,null],[111.97967,-1.51082,0.0,null],[111.98207,-1.5103,0.0,null],[111.98496,-1.51159,0.0,null],[111.98618,-1.51586,0.0,null],[111.98591,-1.51811,0.0,null],[111.98497,-1.52045,0.0,null],[111.98309,-1.52281,0.0,null],[111.97958,-1.5322,0.0,null],[111.97795,-1.53411,0.0,null],[111.97749,-1.54348,0.0,null],[111.97414,-1.54634,0.0,null],[111.97163,-1.55029,0.0,null],[111.96933,-1.55188,0.0,null],[111.9701,-1.55471,0.0,null],[111.96999,-1.55815,0.0,null],[111.97123,-1.56031,0.0,null],[111.97224,-1.56515,0.0,null],[111.97254,-1.57008,0.0,null],[111.97198,-1.57316,0.0,null],[111.9731,-1.57319,0.0,null],[111.97064,-1.57394,0.0,null],[111.96728,-1.57767,0.0,null],[111.96431,-1.57895,0.0,null],[111.96372,-1.58079,0.0,null],[111.96439,-1.58245,0.0,null],[111.96631,-1.58398,0.0,null],[111.96725,-1.58568,0.0,null],[111.96844,-1.58631,0.0,null],[111.9704,-1.5848,0.0,null],[111.97229,-1.58501,0.0,null],[111.97343,-1.5855,0.0,null],[111.97459,-1.58796,0.0,null],[111.9746,-1.589,0.0,null],[111.97323,-1.59154,0.0,null],[111.97256,-1.59735,0.0,null],[111.97377,-1.61542,0.0,null],[111.97412,-1.61618,0.0,null],[111.97552,-1.61587,0.0,null],[111.97761,-1.61826,0.0,null],[111.97896,-1.61843,0.0,null],[111.98034,-1.61947,0.0,null],[111.9805,-1.62076,0.0,null],[111.97926,-1.62312,0.0,null],[111.9794,-1.62513,0.0,null],[111.98221,-1.63086,0.0,null],[111.98287,-1.63718,0.0,null],[111.98163,-1.63974,0.0,null],[111.97954,-1.6401,0.0,null],[111.97845,-1.64204,0.0,null],[111.9771,-1.64234,0.0,null],[111.97699,-1.6432,0.0,null],[111.97937,-1.64447,0.0,null],[111.98075,-1.6459,0.0,null],[111.98144,-1.64768,0.0,null],[111.98146,-1.65349,0.0,null],[111.98661,-1.66886,0.0,null],[111.98842,-1.68102,0.0,null],[111.99142,-1.68535,0.0,null],[111.9915,-1.69064,0.0,null],[111.99297,-1.69335,0.0,null],[111.99414,-1.69815,0.0,null],[111.99759,-1.70354,0.0,null],[111.99794,-1.70951,0.0,null],[112.00006,-1.71711,0.0,null],[111.99972,-1.7195,0.0,null],[112.00298,-1.72887,0.0,null],[112.00273,-1.73325,0.0,null],[112.00753,-1.74379,0.0,null],[112.00666,-1.74882,0.0,null],[112.00926,-1.75272,0.0,null],[112.01114,-1.76479,0.0,null],[112.0126,-1.76748,0.0,null],[112.01301,-1.77211,0.0,null],[112.01513,-1.77959,0.0,null],[112.01669,-1.78101,0.0,null],[112.01924,-1.77987,0.0,null],[112.02281,-1.77952,0.0,null],[112.02827,-1.78139,0.0,null],[112.03273,-1.78098,0.0,null],[112.03627,-1.78449,0.0,null],[112.03724,-1.78278,0.0,null],[112.04183,-1.7822,0.0,null],[112.04397,-1.78363,0.0,null],[112.0463,-1.78807,0.0,null],[112.04921,-1.78933,0.0,null],[112.05054,-1.79096,0.0,null],[112.05245,-1.79178,0.0,null],[112.05328,-1.79401,0.0,null],[112.05947,-1.80055,0.0,null],[112.05857,-1.8032,0.0,null],[112.0589,-1.80596,0.0,null],[112.06162,-1.81306,0.0,null],[112.06522,-1.81454,0.0,null],[112.06632,-1.81589,0.0,null],[112.0666,-1.81831,0.0,null],[112.06557,-1.82078,0.0,null],[112.06578,-1.82496,0.0,null],[112.0673,-1.82806,0.0,null],[112.06758,-1.83081,0.0,null],[112.06594,-1.84096,0.0,null],[112.06615,-1.84717,0.0,null],[112.06941,-1.85264,0.0,null],[112.06892,-1.85575,0.0,null],[112.07104,-1.85963,0.0,null],[112.07183,-1.86343,0.0,null],[112.07373,-1.86837,0.0,null],[112.07656,-1.86989,0.0,null],[112.07788,-1.86918,0.0,null],[112.07967,-1.86956,0.0,null],[112.08213,-1.87124,0.0,null],[112.0835,-1.87402,0.0,null],[112.08267,-1.88037,0.0,null],[112.08396,-1.88278,0.0,null],[112.08561,-1.88433,0.0,null],[112.09048,-1.885,0.0,null],[112.09743,-1.88426,0.0,null],[112.10349,-1.88582,0.0,null],[112.10508,-1.88659,0.0,null],[112.10636,-1.88828,0.0,null],[112.10741,-1.89214,0.0,null],[112.10705,-1.89795,0.0,null],[112.10627,-1.89971,0.0,null],[112.1031,-1.90281,0.0,null],[112.10315,-1.90645,0.0,null],[112.10427,-1.90837,0.0,null],[112.10561,-1.90942,0.0,null],[112.10929,-1.90929,0.0,null],[112.11084,-1.90984,0.0,null],[112.11281,-1.91436,0.0,null],[112.12119,-1.92365,0.0,null],[112.12185,-1.92645,0.0,null],[112.12218,-1.93447,0.0,null],[112.12929,-1.93601,0.0,null],[112.13423,-1.93832,0.0,null],[112.1358,-1.94004,0.0,null],[112.13897,-1.94572,0.0,null],[112.14003,-1.94654,0.0,null],[112.1418,-1.94652,0.0,null],[112.14621,-1.94385,0.0,null],[112.14919,-1.94449,0.0,null],[112.15444,-1.95044,0.0,null],[112.15671,-1.94755,0.0,null],[112.15926,-1.94686,0.0,null],[112.16188,-1.94916,0.0,null],[112.16379,-1.95204,0.0,null],[112.16254,-1.94866,0.0,null],[112.16461,-1.94687,0.0,null],[112.16519,-1.94796,0.0,null],[112.1662,-1.94781,0.0,null],[112.16665,-1.94603,0.0,null],[112.16604,-1.94435,0.0,null],[112.16885,-1.94184,0.0,null],[112.16798,-1.94107,0.0,null],[112.16802,-1.94044,0.0,null],[112.17007,-1.93977,0.0,null],[112.17072,-1.93753,0.0,null],[112.16919,-1.93603,0.0,null],[112.17051,-1.9353,0.0,null],[112.16709,-1.9345,0.0,null],[112.16746,-1.93224,0.0,null],[112.1722,-1.93256,0.0,null],[112.17369,-1.93161,0.0,null],[112.17534,-1.93146,0.0,null],[112.17429,-1.92909,0.0,null],[112.17448,-1.92736,0.0,null],[112.17381,-1.92641,0.0,null],[112.17432,-1.92542,0.0,null],[112.17266,-1.92469,0.0,null],[112.17218,-1.92375,0.0,null],[112.17425,-1.91979,0.0,null],[112.17494,-1.91963,0.0,null],[112.17487,-1.91895,0.0,null],[112.17576,-1.91847,0.0,null],[112.17654,-1.91916,0.0,null],[112.17849,-1.91703,0.0,null],[112.17872,-1.91541,0.0,null],[112.17787,-1.91187,0.0,null],[112.17931,-1.91066,0.0,null],[112.17909,-1.90783,0.0,null],[112.30911,-1.90826,0.0,null],[112.29731,-1.8687,0.0,null],[112.28821,-1.87196,0.0,null],[112.25661,-1.79054,0.0,null],[112.27037,-1.79103,0.0,null],[112.26244,-1.76573,0.0,null],[112.24834,-1.72441,0.0,null],[112.22872,-1.65843,0.0,null],[112.21877,-1.62047,0.0,null],[112.20659,-1.56169,0.0,null],[112.20243,-1.51642,0.0,null],[112.20197,-1.44207,0.0,null],[112.20505,-1.40583,0.0,null],[112.21488,-1.38227,0.0,null],[112.23329,-1.34124,0.0,null],[112.25834,-1.29595,0.0,null],[112.27514,-1.2698,0.0,null],[112.31119,-1.21754,0.0,null]]]}},{"type":"Feature","properties":{"inventoryId":"big-forestry-ha:223","sector":"PBPH","subtype":"IUPHHK-HA","quality":"OFFICIAL","sourceDataset":"big-forestry-ha","sourceRecordId":"223","source":"BIG Kebijakan Satu Peta","sourceUrl":"https://kspservices.big.go.id/satupeta/rest/services/PUBLIK/PERIZINAN_DAN_PERTANAHAN/MapServer/1","retrievedAt":"2026-08-24T04:32:16Z","geometryProcessing":"web display simplification tolerance 0.00035 degrees","name":"PT SEGARA INDOCHEM","permitNumber":"SK.990/Kpts-IV/1999","permitDate":"2009-10-14","areaHa":85725.0,"provinceCode":"64","region":"kalimantan"},"geometry":{"type":"MultiPolygon","coordinates":[[[[117.31227,1.34288,0.0,null],[117.31439,1.3434,0.0,null],[117.32592,1.33656,0.0,null],[117.32468,1.33258,0.0,null],[117.32264,1.3298,0.0,null],[117.3222,1.32581,0.0,null],[117.31937,1.32383,0.0,null],[117.31578,1.32385,0.0,null],[117.30655,1.3211,0.0,null],[117.30051,1.31794,0.0,null],[117.2961,1.31676,0.0,null],[117.29452,1.31757,0.0,null],[117.29254,1.31997,0.0,null],[117.29099,1.32437,0.0,null],[117.2934,1.32635,0.0,null],[117.29588,1.33312,0.0,null],[117.29952,1.33709,0.0,null],[117.30828,1.34172,0.0,null],[117.27775,1.33381,0.0,null],[117.26549,1.33745,0.0,null],[117.26091,1.36224,0.0,null],[117.25803,1.37227,0.0,null],[117.25831,1.38199,0.0,null],[117.23,1.3731,0.0,null],[117.21907,1.36001,0.0,null],[117.21892,1.34168,0.0,null],[117.20975,1.34771,0.0,null],[117.19697,1.3445,0.0,null],[117.18938,1.3404,0.0,null],[117.18701,1.33551,0.0,null],[117.19003,1.33225,0.0,null],[117.19996,1.33138,0.0,null],[117.20794,1.32671,0.0,null],[117.22193,1.32305,0.0,null],[117.23975,1.31696,0.0,null],[117.25139,1.31751,0.0,null],[117.25322,1.3053,0.0,null],[117.24232,1.29709,0.0,null],[117.23826,1.29152,0.0,null],[117.23092,1.27721,0.0,null],[117.22243,1.26808,0.0,null],[117.2168,1.26413,0.0,null],[117.22024,1.22192,0.0,null],[117.22972,1.215,0.0,null],[117.24529,1.22498,0.0,null],[117.33378,1.17915,0.0,null],[117.34472,1.18253,0.0,null],[117.35565,1.18223,0.0,null],[117.3646,1.17865,0.0,null],[117.36957,1.17308,0.0,null],[117.37375,1.16672,0.0,null],[117.37653,1.15698,0.0,null],[117.37634,1.14922,0.0,null],[117.37534,1.14306,0.0,null],[117.37117,1.13033,0.0,null],[117.36918,1.12595,0.0,null],[117.35705,1.12029,0.0,null],[117.34512,1.10239,0.0,null],[117.35705,1.09881,0.0,null],[117.41829,1.066,0.0,null],[117.4325,1.06147,0.0,null],[117.47625,1.06737,0.0,null],[117.47685,1.06931,0.0,null],[117.4786,1.06947,0.0,null],[117.47921,1.0702,0.0,null],[117.47917,1.07613,0.0,null],[117.48069,1.07575,0.0,null],[117.48103,1.07638,0.0,null],[117.48001,1.07841,0.0,null],[117.47688,1.08095,0.0,null],[117.4767,1.08174,0.0,null],[117.4775,1.08204,0.0,null],[117.47876,1.08133,0.0,null],[117.47915,1.08349,0.0,null],[117.48123,1.08477,0.0,null],[117.48237,1.08701,0.0,null],[117.48447,1.08692,0.0,null],[117.48534,1.09146,0.0,null],[117.48596,1.09172,0.0,null],[117.48777,1.0903,0.0,null],[117.48902,1.09008,0.0,null],[117.48862,1.08886,0.0,null],[117.4871,1.08734,0.0,null],[117.48746,1.08658,0.0,null],[117.48916,1.08613,0.0,null],[117.49096,1.08713,0.0,null],[117.49446,1.09237,0.0,null],[117.49529,1.09272,0.0,null],[117.49619,1.09163,0.0,null],[117.49687,1.09178,0.0,null],[117.4692,1.12019,0.0,null],[117.45111,1.14574,0.0,null],[117.44076,1.1706,0.0,null],[117.44037,1.19078,0.0,null],[117.44693,1.20927,0.0,null],[117.46363,1.22459,0.0,null],[117.47676,1.24358,0.0,null],[117.46719,1.24031,0.0,null],[117.46242,1.24035,0.0,null],[117.45566,1.24159,0.0,null],[117.44252,1.24168,0.0,null],[117.44135,1.24369,0.0,null],[117.44258,1.24687,0.0,null],[117.44658,1.24805,0.0,null],[117.46009,1.24596,0.0,null],[117.47205,1.24747,0.0,null],[117.4773,1.2451,0.0,null],[117.48133,1.2563,0.0,null],[117.48008,1.274,0.0,null],[117.47318,1.2736,0.0,null],[117.46662,1.27738,0.0,null],[117.45548,1.28573,0.0,null],[117.449,1.29185,0.0,null],[117.43878,1.28029,0.0,null],[117.42663,1.27738,0.0,null],[117.3993,1.25549,0.0,null],[117.39035,1.22817,0.0,null],[117.40269,1.18865,0.0,null],[117.39876,1.18316,0.0,null],[117.3823,1.19659,0.0,null],[117.37205,1.19233,0.0,null],[117.36796,1.19694,0.0,null],[117.37502,1.22975,0.0,null],[117.38425,1.24912,0.0,null],[117.38775,1.26784,0.0,null],[117.40353,1.28989,0.0,null],[117.42124,1.30607,0.0,null],[117.40636,1.31228,0.0,null],[117.39215,1.31174,0.0,null],[117.3817,1.31805,0.0,null],[117.37439,1.32375,0.0,null],[117.36637,1.28729,0.0,null],[117.36013,1.27699,0.0,null],[117.3302,1.22836,0.0,null],[117.30864,1.21196,0.0,null],[117.30627,1.21241,0.0,null],[117.28805,1.22665,0.0,null],[117.27394,1.23208,0.0,null],[117.26963,1.25621,0.0,null],[117.30191,1.28506,0.0,null],[117.31265,1.29313,0.0,null],[117.36427,1.32941,0.0,null],[117.37094,1.32623,0.0,null],[117.35077,1.34163,0.0,null],[117.33813,1.35605,0.0,null],[117.34261,1.36321,0.0,null],[117.35154,1.37475,0.0,null],[117.35646,1.3859,0.0,null],[117.35983,1.40186,0.0,null],[117.36079,1.41863,0.0,null],[117.3551,1.43709,0.0,null],[117.33417,1.41651,0.0,null],[117.32324,1.4091,0.0,null],[117.32184,1.40119,0.0,null],[117.33061,1.3916,0.0,null],[117.33399,1.38164,0.0,null],[117.3315,1.37321,0.0,null],[117.31227,1.34288,0.0,null]]],[[[117.66438,1.51747,0.0,null],[117.67176,1.53583,0.0,null],[117.67957,1.56047,0.0,null],[117.68925,1.59615,0.0,null],[117.68746,1.60385,0.0,null],[117.6878,1.61431,0.0,null],[117.63533,1.64298,0.0,null],[117.54813,1.68956,0.0,null],[117.49446,1.65429,0.0,null],[117.49429,1.64499,0.0,null],[117.49145,1.63381,0.0,null],[117.48244,1.6251,0.0,null],[117.63799,1.53219,0.0,null],[117.61528,1.4989,0.0,null],[117.61218,1.50193,0.0,null],[117.60004,1.48689,0.0,null],[117.60063,1.48599,0.0,null],[117.60973,1.48829,0.0,null],[117.6115,1.49351,0.0,null],[117.61471,1.49384,0.0,null],[117.62487,1.48317,0.0,null],[117.61979,1.47205,0.0,null],[117.6067,1.45333,0.0,null],[117.61995,1.45376,0.0,null],[117.6224,1.45765,0.0,null],[117.6228,1.46314,0.0,null],[117.6272,1.47476,0.0,null],[117.63003,1.47843,0.0,null],[117.63534,1.4801,0.0,null],[117.6389,1.48225,0.0,null],[117.645,1.4896,0.0,null],[117.64858,1.48772,0.0,null],[117.64858,1.48369,0.0,null],[117.64707,1.47858,0.0,null],[117.64644,1.47388,0.0,null],[117.66438,1.51747,0.0,null]]],[[[117.73847,1.59054,0.0,null],[117.73334,1.55753,0.0,null],[117.73266,1.55568,0.0,null],[117.73119,1.54311,0.0,null],[117.71595,1.4981,0.0,null],[117.72217,1.48898,0.0,null],[117.72868,1.49911,0.0,null],[117.73264,1.50744,0.0,null],[117.73897,1.51267,0.0,null],[117.75159,1.51686,0.0,null],[117.76322,1.525,0.0,null],[117.77327,1.52669,0.0,null],[117.76806,1.56661,0.0,null],[117.75864,1.58306,0.0,null],[117.73889,1.59224,0.0,null],[117.73847,1.59054,0.0,null]]],[[[117.29051,1.42505,0.0,null],[117.29428,1.42937,0.0,null],[117.30638,1.4374,0.0,null],[117.30682,1.44831,0.0,null],[117.30223,1.45527,0.0,null],[117.29203,1.44603,0.0,null],[117.28387,1.42563,0.0,null],[117.28192,1.42042,0.0,null],[117.28373,1.42039,0.0,null],[117.29051,1.42505,0.0,null]]],[[[117.31226,1.34288,0.0,null],[117.31227,1.34288,0.0,null],[117.31227,1.34288,0.0,null],[117.31226,1.34288,0.0,null]]]]}},{"type":"Feature","properties":{"inventoryId":"big-forestry-ha:94","sector":"PBPH","subtype":"IUPHHK-HA","quality":"OFFICIAL","sourceDataset":"big-forestry-ha","sourceRecordId":"94","source":"BIG Kebijakan Satu Peta","sourceUrl":"https://kspservices.big.go.id/satupeta/rest/services/PUBLIK/PERIZINAN_DAN_PERTANAHAN/MapServer/1","retrievedAt":"2026-08-24T04:32:16Z","geometryProcessing":"web display simplification tolerance 0.00035 degrees","name":"PT SEROJA UNIVERSUM NARWASTU","permitNumber":"SK.97/Menhut-II/2008","permitDate":"2008-04-08","areaHa":36500.0,"provinceCode":"64","region":"kalimantan"},"geometry":{"type":"Polygon","coordinates":[[[115.19543,0.38923,0.0,null],[115.18657,0.3908,0.0,null],[115.17976,0.39331,0.0,null],[115.1608,0.40235,0.0,null],[115.14865,0.40905,0.0,null],[115.14235,0.41699,0.0,null],[115.1326,0.43328,0.0,null],[115.1116,0.45145,0.0,null],[115.11008,0.45407,0.0,null],[115.10892,0.45201,0.0,null],[115.10822,0.44876,0.0,null],[115.10825,0.44319,0.0,null],[115.10915,0.44061,0.0,null],[115.11318,0.43321,0.0,null],[115.11513,0.43086,0.0,null],[115.11871,0.42368,0.0,null],[115.12041,0.41725,0.0,null],[115.12035,0.41065,0.0,null],[115.11926,0.40543,0.0,null],[115.11456,0.39497,0.0,null],[115.10408,0.38612,0.0,null],[115.09775,0.3817,0.0,null],[115.09158,0.37436,0.0,null],[115.09065,0.37163,0.0,null],[115.09088,0.365,0.0,null],[115.09152,0.36268,0.0,null],[115.09398,0.35891,0.0,null],[115.09568,0.35705,0.0,null],[115.09788,0.35582,0.0,null],[115.10541,0.35489,0.0,null],[115.17658,0.36411,0.0,null],[115.18569,0.36406,0.0,null],[115.19259,0.35945,0.0,null],[115.19333,0.35845,0.0,null],[115.1964,0.35064,0.0,null],[115.19512,0.34169,0.0,null],[115.18846,0.33563,0.0,null],[115.17983,0.33314,0.0,null],[115.16197,0.33119,0.0,null],[115.12609,0.32933,0.0,null],[115.11856,0.32442,0.0,null],[115.1133,0.31709,0.0,null],[115.1096,0.30885,0.0,null],[115.08218,0.27305,0.0,null],[115.04718,0.24472,0.0,null],[115.04155,0.23768,0.0,null],[115.0395,0.23064,0.0,null],[115.08098,0.22871,0.0,null],[115.12231,0.22843,0.0,null],[115.14378,0.25668,0.0,null],[115.14678,0.27272,0.0,null],[115.14541,0.276,0.0,null],[115.15282,0.27276,0.0,null],[115.16142,0.26487,0.0,null],[115.16504,0.26295,0.0,null],[115.16984,0.26313,0.0,null],[115.17674,0.26508,0.0,null],[115.18113,0.26465,0.0,null],[115.18559,0.26301,0.0,null],[115.19851,0.25419,0.0,null],[115.2065,0.24736,0.0,null],[115.20888,0.2461,0.0,null],[115.21355,0.24621,0.0,null],[115.21677,0.24804,0.0,null],[115.22271,0.25452,0.0,null],[115.22166,0.25642,0.0,null],[115.2216,0.25838,0.0,null],[115.22284,0.25884,0.0,null],[115.22504,0.25831,0.0,null],[115.22875,0.25923,0.0,null],[115.23019,0.25838,0.0,null],[115.23253,0.25321,0.0,null],[115.23363,0.25269,0.0,null],[115.23656,0.25426,0.0,null],[115.23831,0.2557,0.0,null],[115.2415,0.26133,0.0,null],[115.23909,0.2644,0.0,null],[115.23955,0.26558,0.0,null],[115.24468,0.26408,0.0,null],[115.24735,0.26009,0.0,null],[115.24982,0.25832,0.0,null],[115.25119,0.25825,0.0,null],[115.25309,0.25931,0.0,null],[115.25506,0.26246,0.0,null],[115.25494,0.26389,0.0,null],[115.25232,0.26656,0.0,null],[115.25226,0.26746,0.0,null],[115.25368,0.26882,0.0,null],[115.25583,0.26847,0.0,null],[115.25815,0.26686,0.0,null],[115.26053,0.26353,0.0,null],[115.26196,0.26311,0.0,null],[115.26315,0.26341,0.0,null],[115.26701,0.26704,0.0,null],[115.27351,0.26891,0.0,null],[115.2759,0.3076,0.0,null],[115.34637,0.33688,0.0,null],[115.34688,0.34174,0.0,null],[115.30486,0.3924,0.0,null],[115.29513,0.39775,0.0,null],[115.29283,0.39952,0.0,null],[115.28695,0.40595,0.0,null],[115.28266,0.40843,0.0,null],[115.26856,0.41174,0.0,null],[115.26366,0.41235,0.0,null],[115.25481,0.41065,0.0,null],[115.25071,0.40968,0.0,null],[115.24451,0.40717,0.0,null],[115.22475,0.39474,0.0,null],[115.21708,0.39097,0.0,null],[115.20995,0.38926,0.0,null],[115.19543,0.38923,0.0,null]]]}},{"type":"Feature","properties":{"inventoryId":"big-forestry-ha:130","sector":"PBPH","subtype":"IUPHHK-HA","quality":"OFFICIAL","sourceDataset":"big-forestry-ha","sourceRecordId":"130","source":"BIG Kebijakan Satu Peta","sourceUrl":"https://kspservices.big.go.id/satupeta/rest/services/PUBLIK/PERIZINAN_DAN_PERTANAHAN/MapServer/1","retrievedAt":"2026-08-24T04:32:16Z","geometryProcessing":"web display simplification tolerance 0.00035 degrees","name":"PT SEWAKA LAHAN SENTOSA","permitNumber":"SK.236/Menhut-II/2007","permitDate":"2007-07-04","areaHa":32180.0,"provinceCode":"61","region":"kalimantan"},"geometry":{"type":"MultiPolygon","coordinates":[[[[111.14431,-0.71872,0.0,null],[111.00982,-0.71872,0.0,null],[111.00982,-0.77864,0.0,null],[110.99872,-0.79097,0.0,null],[110.9944,-0.80517,0.0,null],[110.99287,-0.82036,0.0,null],[110.98626,-0.83198,0.0,null],[110.98885,-0.89431,0.0,null],[110.98383,-0.9126,0.0,null],[110.9767,-0.92371,0.0,null],[110.98115,-0.93904,0.0,null],[110.97845,-0.96797,0.0,null],[111.00988,-0.96023,0.0,null],[111.00992,-0.95377,0.0,null],[111.01116,-0.9527,0.0,null],[111.01408,-0.95252,0.0,null],[111.01658,-0.95014,0.0,null],[111.01729,-0.94723,0.0,null],[111.02003,-0.94622,0.0,null],[111.02026,-0.94568,0.0,null],[111.01949,-0.94432,0.0,null],[111.02116,-0.94164,0.0,null],[111.02116,-0.94057,0.0,null],[111.02538,-0.94307,0.0,null],[111.0274,-0.94265,0.0,null],[111.02788,-0.94146,0.0,null],[111.02972,-0.94063,0.0,null],[111.03157,-0.94075,0.0,null],[111.03187,-0.93866,0.0,null],[111.03252,-0.93872,0.0,null],[111.0349,-0.9417,0.0,null],[111.03674,-0.93991,0.0,null],[111.0377,-0.93979,0.0,null],[111.03925,-0.94182,0.0,null],[111.03966,-0.94366,0.0,null],[111.04008,-0.9436,0.0,null],[111.04127,-0.94128,0.0,null],[111.04317,-0.93973,0.0,null],[111.04459,-0.94081,0.0,null],[111.04585,-0.94027,0.0,null],[111.04668,-0.9414,0.0,null],[111.04739,-0.9411,0.0,null],[111.04807,-0.9383,0.0,null],[111.05054,-0.93379,0.0,null],[111.05334,-0.93218,0.0,null],[111.05373,-0.93017,0.0,null],[111.05507,-0.9293,0.0,null],[111.0554,-0.92775,0.0,null],[111.05673,-0.92802,0.0,null],[111.0576,-0.9295,0.0,null],[111.059,-0.93023,0.0,null],[111.06107,-0.92883,0.0,null],[111.06347,-0.92815,0.0,null],[111.06567,-0.92545,0.0,null],[111.06832,-0.92511,0.0,null],[111.07122,-0.92647,0.0,null],[111.07263,-0.92545,0.0,null],[111.07426,-0.92748,0.0,null],[111.07493,-0.92762,0.0,null],[111.07883,-0.92355,0.0,null],[111.08122,-0.92212,0.0,null],[111.08117,-0.91092,0.0,null],[111.07757,-0.90545,0.0,null],[111.07029,-0.90532,0.0,null],[111.06185,-0.88493,0.0,null],[111.02162,-0.86291,0.0,null],[111.0053,-0.81733,0.0,null],[111.02941,-0.79004,0.0,null],[111.03191,-0.7897,0.0,null],[111.03422,-0.78703,0.0,null],[111.04595,-0.78742,0.0,null],[111.04963,-0.78634,0.0,null],[111.05098,-0.78486,0.0,null],[111.05112,-0.78368,0.0,null],[111.05327,-0.78206,0.0,null],[111.05545,-0.7817,0.0,null],[111.05955,-0.77983,0.0,null],[111.061,-0.77858,0.0,null],[111.06526,-0.77692,0.0,null],[111.06726,-0.77543,0.0,null],[111.07103,-0.77601,0.0,null],[111.07209,-0.77554,0.0,null],[111.07459,-0.77174,0.0,null],[111.07654,-0.77227,0.0,null],[111.0795,-0.7717,0.0,null],[111.08051,-0.77035,0.0,null],[111.08071,-0.76734,0.0,null],[111.08213,-0.76572,0.0,null],[111.08324,-0.76286,0.0,null],[111.10348,-0.74961,0.0,null],[111.12049,-0.73995,0.0,null],[111.13682,-0.72686,0.0,null],[111.14431,-0.71872,0.0,null]],[[111.09292,-0.73565,0.0,null],[111.0927,-0.73268,0.0,null],[111.09358,-0.73136,0.0,null],[111.09456,-0.73059,0.0,null],[111.09663,-0.7307,0.0,null],[111.09772,-0.73257,0.0,null],[111.09718,-0.73499,0.0,null],[111.0962,-0.73587,0.0,null],[111.09292,-0.73565,0.0,null]]],[[[110.90397,-1.33346,0.0,null],[110.90266,-1.33324,0.0,null],[110.89619,-1.32924,0.0,null],[110.88991,-1.31172,0.0,null],[110.87887,-1.30449,0.0,null],[110.83451,-1.30335,0.0,null],[110.83166,-1.30601,0.0,null],[110.83033,-1.30849,0.0,null],[110.82835,-1.31725,0.0,null],[110.82861,-1.3576,0.0,null],[110.85704,-1.37341,0.0,null],[110.86183,-1.37027,0.0,null],[110.91671,-1.37171,0.0,null],[110.91756,-1.36947,0.0,null],[110.91995,-1.34767,0.0,null],[110.94412,-1.34348,0.0,null],[110.94602,-1.33799,0.0,null],[110.94661,-1.33814,0.0,null],[110.94797,-1.33495,0.0,null],[110.94915,-1.32405,0.0,null],[110.94644,-1.30906,0.0,null],[110.93835,-1.30535,0.0,null],[110.92985,-1.30975,0.0,null],[110.91645,-1.32955,0.0,null],[110.91345,-1.33245,0.0,null],[110.91029,-1.33382,0.0,null],[110.90704,-1.334,0.0,null],[110.90397,-1.33346,0.0,null]]],[[[110.88798,-1.14076,0.0,null],[110.89908,-1.12916,0.0,null],[110.90582,-1.10276,0.0,null],[110.92298,-1.07116,0.0,null],[110.88618,-1.07116,0.0,null],[110.85788,-1.08796,0.0,null],[110.85818,-1.10426,0.0,null],[110.84378,-1.11666,0.0,null],[110.84158,-1.11976,0.0,null],[110.83758,-1.13146,0.0,null],[110.83678,-1.13636,0.0,null],[110.83918,-1.13806,0.0,null],[110.8423,-1.13919,0.0,null],[110.84182,-1.14079,0.0,null],[110.8437,-1.14206,0.0,null],[110.84588,-1.14683,0.0,null],[110.84836,-1.14778,0.0,null],[110.85112,-1.14759,0.0,null],[110.85558,-1.14966,0.0,null],[110.85597,-1.16044,0.0,null],[110.86073,-1.16529,0.0,null],[110.86289,-1.16884,0.0,null],[110.86324,-1.17085,0.0,null],[110.86283,-1.17252,0.0,null],[110.85984,-1.17556,0.0,null],[110.85751,-1.17881,0.0,null],[110.85722,-1.18014,0.0,null],[110.85746,-1.18128,0.0,null],[110.86085,-1.18508,0.0,null],[110.86197,-1.18851,0.0,null],[110.86247,-1.20517,0.0,null],[110.8633,-1.20773,0.0,null],[110.86484,-1.2087,0.0,null],[110.87381,-1.21081,0.0,null],[110.88147,-1.21629,0.0,null],[110.88162,-1.21468,0.0,null],[110.88998,-1.22156,0.0,null],[110.88638,-1.17426,0.0,null],[110.88798,-1.14076,0.0,null]]]]}},{"type":"Feature","properties":{"inventoryId":"big-forestry-ha:43","sector":"PBPH","subtype":"IUPHHK-HA","quality":"OFFICIAL","sourceDataset":"big-forestry-ha","sourceRecordId":"43","source":"BIG Kebijakan Satu Peta","sourceUrl":"https://kspservices.big.go.id/satupeta/rest/services/PUBLIK/PERIZINAN_DAN_PERTANAHAN/MapServer/1","retrievedAt":"2026-08-24T04:32:16Z","geometryProcessing":"web display simplification tolerance 0.00035 degrees","name":"PT SIKATAN WANA RAYA","permitNumber":"SK.107/Kpts-II/2000","permitDate":"2000-12-29","areaHa":49400.0,"provinceCode":"62","region":"kalimantan"},"geometry":{"type":"Polygon","coordinates":[[[113.61317,-0.68663,0.0,null],[113.35206,-0.66567,0.0,null],[113.3501,-0.67201,0.0,null],[113.35022,-0.67335,0.0,null],[113.34917,-0.67564,0.0,null],[113.35066,-0.67917,0.0,null],[113.35402,-0.68032,0.0,null],[113.35419,-0.68238,0.0,null],[113.35513,-0.68317,0.0,null],[113.36347,-0.68183,0.0,null],[113.36709,-0.6842,0.0,null],[113.36749,-0.68711,0.0,null],[113.36653,-0.68903,0.0,null],[113.36468,-0.69002,0.0,null],[113.36306,-0.69178,0.0,null],[113.36025,-0.69247,0.0,null],[113.35921,-0.69445,0.0,null],[113.36001,-0.69718,0.0,null],[113.3596,-0.69795,0.0,null],[113.35694,-0.69948,0.0,null],[113.35403,-0.69846,0.0,null],[113.35254,-0.69912,0.0,null],[113.35268,-0.7002,0.0,null],[113.35545,-0.70088,0.0,null],[113.35589,-0.70487,0.0,null],[113.355,-0.70825,0.0,null],[113.3536,-0.70933,0.0,null],[113.35258,-0.71527,0.0,null],[113.35052,-0.71658,0.0,null],[113.35079,-0.71912,0.0,null],[113.3489,-0.7204,0.0,null],[113.34957,-0.72446,0.0,null],[113.34699,-0.72565,0.0,null],[113.34587,-0.72712,0.0,null],[113.34913,-0.73029,0.0,null],[113.3487,-0.73133,0.0,null],[113.34667,-0.73258,0.0,null],[113.34579,-0.73401,0.0,null],[113.34655,-0.7359,0.0,null],[113.3465,-0.73821,0.0,null],[113.34995,-0.7407,0.0,null],[113.34647,-0.74786,0.0,null],[113.34678,-0.75,0.0,null],[113.3484,-0.75354,0.0,null],[113.35156,-0.75792,0.0,null],[113.35121,-0.7632,0.0,null],[113.34851,-0.7657,0.0,null],[113.34274,-0.76811,0.0,null],[113.34215,-0.7724,0.0,null],[113.33979,-0.77659,0.0,null],[113.33362,-0.77797,0.0,null],[113.32891,-0.78051,0.0,null],[113.32796,-0.78177,0.0,null],[113.32805,-0.78294,0.0,null],[113.3298,-0.78563,0.0,null],[113.3354,-0.78333,0.0,null],[113.338,-0.78329,0.0,null],[113.33954,-0.78398,0.0,null],[113.33938,-0.78573,0.0,null],[113.34028,-0.78888,0.0,null],[113.34133,-0.79998,0.0,null],[113.34472,-0.81222,0.0,null],[113.34541,-0.81787,0.0,null],[113.34483,-0.82168,0.0,null],[113.34301,-0.82384,0.0,null],[113.34261,-0.82563,0.0,null],[113.3399,-0.82865,0.0,null],[113.33969,-0.83263,0.0,null],[113.33823,-0.83729,0.0,null],[113.33503,-0.84182,0.0,null],[113.33447,-0.84582,0.0,null],[113.33665,-0.8473,0.0,null],[113.34261,-0.8479,0.0,null],[113.35185,-0.85056,0.0,null],[113.36344,-0.85755,0.0,null],[113.36546,-0.86034,0.0,null],[113.37093,-0.87093,0.0,null],[113.37478,-0.87592,0.0,null],[113.37772,-0.87857,0.0,null],[113.38189,-0.88053,0.0,null],[113.38662,-0.88154,0.0,null],[113.39549,-0.88161,0.0,null],[113.40583,-0.87751,0.0,null],[113.409,-0.87574,0.0,null],[113.41882,-0.87261,0.0,null],[113.429,-0.87287,0.0,null],[113.43775,-0.87232,0.0,null],[113.44203,-0.87195,0.0,null],[113.44692,-0.87058,0.0,null],[113.45674,-0.86545,0.0,null],[113.46069,-0.86208,0.0,null],[113.46328,-0.85791,0.0,null],[113.46957,-0.83666,0.0,null],[113.47295,-0.81224,0.0,null],[113.47514,-0.79954,0.0,null],[113.47652,-0.79597,0.0,null],[113.48043,-0.79402,0.0,null],[113.48494,-0.79266,0.0,null],[113.48983,-0.7927,0.0,null],[113.49315,-0.79352,0.0,null],[113.49568,-0.79652,0.0,null],[113.49606,-0.7993,0.0,null],[113.49545,-0.80326,0.0,null],[113.49348,-0.80702,0.0,null],[113.49247,-0.81237,0.0,null],[113.4916,-0.82329,0.0,null],[113.4926,-0.838,0.0,null],[113.49451,-0.85074,0.0,null],[113.49705,-0.85833,0.0,null],[113.50626,-0.86696,0.0,null],[113.51116,-0.87019,0.0,null],[113.52451,-0.87462,0.0,null],[113.52888,-0.87442,0.0,null],[113.54244,-0.87646,0.0,null],[113.54732,-0.87651,0.0,null],[113.55093,-0.87517,0.0,null],[113.55445,-0.87226,0.0,null],[113.55725,-0.86636,0.0,null],[113.55827,-0.8628,0.0,null],[113.55935,-0.85666,0.0,null],[113.55845,-0.85346,0.0,null],[113.55676,-0.85125,0.0,null],[113.5541,-0.84962,0.0,null],[113.55081,-0.84998,0.0,null],[113.54865,-0.85174,0.0,null],[113.54102,-0.85563,0.0,null],[113.53829,-0.8556,0.0,null],[113.53519,-0.85498,0.0,null],[113.53249,-0.85318,0.0,null],[113.53159,-0.84999,0.0,null],[113.53145,-0.84682,0.0,null],[113.53268,-0.84345,0.0,null],[113.53844,-0.83595,0.0,null],[113.54223,-0.82805,0.0,null],[113.54934,-0.80609,0.0,null],[113.55155,-0.79521,0.0,null],[113.55399,-0.77208,0.0,null],[113.55362,-0.76239,0.0,null],[113.55217,-0.75172,0.0,null],[113.54943,-0.74262,0.0,null],[113.54671,-0.73963,0.0,null],[113.54259,-0.73209,0.0,null],[113.54155,-0.72362,0.0,null],[113.54269,-0.7195,0.0,null],[113.545,-0.71738,0.0,null],[113.54907,-0.71607,0.0,null],[113.56209,-0.71649,0.0,null],[113.56753,-0.71796,0.0,null],[113.57623,-0.71815,0.0,null],[113.58006,-0.71745,0.0,null],[113.58141,-0.71811,0.0,null],[113.58538,-0.71469,0.0,null],[113.5872,-0.70966,0.0,null],[113.59456,-0.70651,0.0,null],[113.59626,-0.69991,0.0,null],[113.59851,-0.69545,0.0,null],[113.5979,-0.69343,0.0,null],[113.59853,-0.69182,0.0,null],[113.6013,-0.69064,0.0,null],[113.60332,-0.69074,0.0,null],[113.60486,-0.69145,0.0,null],[113.6058,-0.69275,0.0,null],[113.60603,-0.69438,0.0,null],[113.60752,-0.69513,0.0,null],[113.60858,-0.69147,0.0,null],[113.61003,-0.69126,0.0,null],[113.61329,-0.69233,0.0,null],[113.61405,-0.68937,0.0,null],[113.61317,-0.68663,0.0,null]]]}},{"type":"Feature","properties":{"inventoryId":"big-forestry-ha:66","sector":"PBPH","subtype":"IUPHHK-HA","quality":"OFFICIAL","sourceDataset":"big-forestry-ha","sourceRecordId":"66","source":"BIG Kebijakan Satu Peta","sourceUrl":"https://kspservices.big.go.id/satupeta/rest/services/PUBLIK/PERIZINAN_DAN_PERTANAHAN/MapServer/1","retrievedAt":"2026-08-24T04:32:16Z","geometryProcessing":"web display simplification tolerance 0.00035 degrees","name":"PT SINDO LUMBER","permitNumber":"SK.297/Menhut-II/2010","permitDate":"2010-05-05","areaHa":36215.0,"provinceCode":"62","region":"kalimantan"},"geometry":{"type":"MultiPolygon","coordinates":[[[[115.47005,-1.34272,0.0,null],[115.47772,-1.14915,0.0,null],[115.45808,-1.16265,0.0,null],[115.3635,-1.21928,0.0,null],[115.35929,-1.22407,0.0,null],[115.33133,-1.22955,0.0,null],[115.31487,-1.22825,0.0,null],[115.29161,-1.23496,0.0,null],[115.28927,-1.23609,0.0,null],[115.28535,-1.24575,0.0,null],[115.2924,-1.25568,0.0,null],[115.30965,-1.27214,0.0,null],[115.31228,-1.27946,0.0,null],[115.31205,-1.2861,0.0,null],[115.34774,-1.28658,0.0,null],[115.34788,-1.39499,0.0,null],[115.31658,-1.39616,0.0,null],[115.31286,-1.4052,0.0,null],[115.3169,-1.40726,0.0,null],[115.31681,-1.40924,0.0,null],[115.3122,-1.41168,0.0,null],[115.30967,-1.41394,0.0,null],[115.3076,-1.41412,0.0,null],[115.30353,-1.41341,0.0,null],[115.28274,-1.43465,0.0,null],[115.28009,-1.4517,0.0,null],[115.3457,-1.45226,0.0,null],[115.34189,-1.43606,0.0,null],[115.37969,-1.40923,0.0,null],[115.44863,-1.36161,0.0,null],[115.46772,-1.34347,0.0,null],[115.46968,-1.34204,0.0,null],[115.47005,-1.34272,0.0,null]]],[[[115.47005,-1.34272,0.0,null],[115.47453,-1.34478,0.0,null],[115.47453,-1.34463,0.0,null],[115.47077,-1.34303,0.0,null],[115.47005,-1.34272,0.0,null]]]]}},{"type":"Feature","properties":{"inventoryId":"big-forestry-ha:37","sector":"PBPH","subtype":"IUPHHK-HA","quality":"OFFICIAL","sourceDataset":"big-forestry-ha","sourceRecordId":"37","source":"BIG Kebijakan Satu Peta","sourceUrl":"https://kspservices.big.go.id/satupeta/rest/services/PUBLIK/PERIZINAN_DAN_PERTANAHAN/MapServer/1","retrievedAt":"2026-08-24T04:32:16Z","geometryProcessing":"web display simplification tolerance 0.00035 degrees","name":"PT SINERGI BUMI LESTARI","permitNumber":"SK.559/Menhut-II/2006","permitDate":"2006-12-29","areaHa":12770.0,"provinceCode":"61","region":"kalimantan"},"geometry":{"type":"MultiPolygon","coordinates":[[[[111.38478,-0.85096,0.0,null],[111.38448,-0.84676,0.0,null],[111.38208,-0.84296,0.0,null],[111.37868,-0.84146,0.0,null],[111.37088,-0.83976,0.0,null],[111.36198,-0.83936,0.0,null],[111.35548,-0.84126,0.0,null],[111.35328,-0.84356,0.0,null],[111.35238,-0.84556,0.0,null],[111.35348,-0.84766,0.0,null],[111.35608,-0.84906,0.0,null],[111.35718,-0.85126,0.0,null],[111.35598,-0.85296,0.0,null],[111.35268,-0.85296,0.0,null],[111.34848,-0.85156,0.0,null],[111.34768,-0.85436,0.0,null],[111.34888,-0.85696,0.0,null],[111.34888,-0.86006,0.0,null],[111.34748,-0.86306,0.0,null],[111.34048,-0.86686,0.0,null],[111.34078,-0.86976,0.0,null],[111.34198,-0.87246,0.0,null],[111.33968,-0.87476,0.0,null],[111.33348,-0.87216,0.0,null],[111.32978,-0.87186,0.0,null],[111.32728,-0.87486,0.0,null],[111.32398,-0.87326,0.0,null],[111.31818,-0.87346,0.0,null],[111.31508,-0.87486,0.0,null],[111.31268,-0.88126,0.0,null],[111.30718,-0.88796,0.0,null],[111.30308,-0.89096,0.0,null],[111.30048,-0.89416,0.0,null],[111.29558,-0.89536,0.0,null],[111.29398,-0.89696,0.0,null],[111.29398,-0.90166,0.0,null],[111.29228,-0.90336,0.0,null],[111.28858,-0.90486,0.0,null],[111.28648,-0.90846,0.0,null],[111.28328,-0.92046,0.0,null],[111.27308,-0.93156,0.0,null],[111.36578,-0.93546,0.0,null],[111.36868,-0.93216,0.0,null],[111.37408,-0.92036,0.0,null],[111.37348,-0.91476,0.0,null],[111.37528,-0.89526,0.0,null],[111.37448,-0.88906,0.0,null],[111.37198,-0.88116,0.0,null],[111.37368,-0.87766,0.0,null],[111.37448,-0.87386,0.0,null],[111.38038,-0.86206,0.0,null],[111.38378,-0.85646,0.0,null],[111.38478,-0.85096,0.0,null]]],[[[111.43208,-0.70226,0.0,null],[111.43208,-0.69726,0.0,null],[111.42988,-0.69606,0.0,null],[111.42718,-0.69746,0.0,null],[111.42498,-0.70276,0.0,null],[111.42278,-0.70346,0.0,null],[111.42078,-0.69856,0.0,null],[111.41868,-0.69716,0.0,null],[111.41388,-0.69666,0.0,null],[111.41178,-0.69696,0.0,null],[111.40638,-0.70036,0.0,null],[111.41268,-0.70626,0.0,null],[111.41578,-0.71036,0.0,null],[111.41738,-0.71846,0.0,null],[111.41468,-0.72526,0.0,null],[111.40998,-0.73076,0.0,null],[111.38808,-0.74336,0.0,null],[111.37998,-0.74906,0.0,null],[111.36208,-0.75306,0.0,null],[111.35828,-0.75946,0.0,null],[111.34078,-0.79476,0.0,null],[111.35828,-0.79776,0.0,null],[111.36028,-0.79126,0.0,null],[111.36448,-0.78706,0.0,null],[111.36578,-0.78486,0.0,null],[111.36578,-0.78206,0.0,null],[111.36448,-0.77566,0.0,null],[111.36438,-0.76726,0.0,null],[111.36748,-0.77046,0.0,null],[111.36978,-0.77726,0.0,null],[111.37198,-0.77896,0.0,null],[111.37488,-0.77836,0.0,null],[111.37738,-0.77676,0.0,null],[111.37788,-0.78056,0.0,null],[111.38548,-0.77456,0.0,null],[111.38678,-0.76746,0.0,null],[111.38848,-0.76446,0.0,null],[111.39008,-0.76786,0.0,null],[111.38958,-0.77486,0.0,null],[111.39298,-0.77896,0.0,null],[111.39208,-0.78136,0.0,null],[111.39348,-0.78436,0.0,null],[111.39308,-0.78796,0.0,null],[111.39628,-0.78736,0.0,null],[111.39718,-0.78996,0.0,null],[111.39968,-0.79216,0.0,null],[111.40298,-0.79026,0.0,null],[111.41328,-0.78016,0.0,null],[111.42238,-0.76986,0.0,null],[111.42878,-0.76136,0.0,null],[111.42608,-0.75816,0.0,null],[111.42248,-0.75606,0.0,null],[111.42288,-0.75326,0.0,null],[111.42998,-0.74726,0.0,null],[111.42918,-0.74406,0.0,null],[111.43038,-0.74096,0.0,null],[111.42688,-0.73446,0.0,null],[111.42518,-0.72976,0.0,null],[111.42568,-0.72006,0.0,null],[111.42798,-0.71336,0.0,null],[111.42998,-0.70996,0.0,null],[111.43438,-0.70716,0.0,null],[111.43738,-0.70656,0.0,null],[111.43998,-0.70106,0.0,null],[111.43768,-0.69956,0.0,null],[111.43348,-0.70396,0.0,null],[111.43208,-0.70226,0.0,null]]],[[[111.32838,-0.67666,0.0,null],[111.32908,-0.66856,0.0,null],[111.32778,-0.66396,0.0,null],[111.32418,-0.66176,0.0,null],[111.32118,-0.65836,0.0,null],[111.32158,-0.65126,0.0,null],[111.32328,-0.64996,0.0,null],[111.32688,-0.64976,0.0,null],[111.32438,-0.64626,0.0,null],[111.32038,-0.64906,0.0,null],[111.31588,-0.65526,0.0,null],[111.31578,-0.66066,0.0,null],[111.32108,-0.67956,0.0,null],[111.32488,-0.70236,0.0,null],[111.33148,-0.72076,0.0,null],[111.33328,-0.72736,0.0,null],[111.35138,-0.72866,0.0,null],[111.35658,-0.71616,0.0,null],[111.36618,-0.70346,0.0,null],[111.37608,-0.69816,0.0,null],[111.37248,-0.69806,0.0,null],[111.37108,-0.69586,0.0,null],[111.36658,-0.69696,0.0,null],[111.36508,-0.69866,0.0,null],[111.36298,-0.69676,0.0,null],[111.36228,-0.69396,0.0,null],[111.35858,-0.69256,0.0,null],[111.35508,-0.69776,0.0,null],[111.35158,-0.70036,0.0,null],[111.34808,-0.70106,0.0,null],[111.34498,-0.69876,0.0,null],[111.34628,-0.69476,0.0,null],[111.34628,-0.69106,0.0,null],[111.34438,-0.68846,0.0,null],[111.34468,-0.68446,0.0,null],[111.34378,-0.68006,0.0,null],[111.34168,-0.67816,0.0,null],[111.33868,-0.67716,0.0,null],[111.33598,-0.67766,0.0,null],[111.33428,-0.68036,0.0,null],[111.33068,-0.68046,0.0,null],[111.32838,-0.67666,0.0,null]]]]}},{"type":"Feature","properties":{"inventoryId":"big-forestry-ha:117","sector":"PBPH","subtype":"IUPHHK-HA","quality":"OFFICIAL","sourceDataset":"big-forestry-ha","sourceRecordId":"117","source":"BIG Kebijakan Satu Peta","sourceUrl":"https://kspservices.big.go.id/satupeta/rest/services/PUBLIK/PERIZINAN_DAN_PERTANAHAN/MapServer/1","retrievedAt":"2026-08-24T04:32:16Z","geometryProcessing":"web display simplification tolerance 0.00035 degrees","name":"PT SINERGI HUTAN SEJATI","permitNumber":"SK.409/Menhut-II/2004","permitDate":"2004-10-18","areaHa":68980.0,"provinceCode":"62","region":"kalimantan"},"geometry":{"type":"Polygon","coordinates":[[[114.59738,-1.11055,0.0,null],[114.60084,-1.10611,0.0,null],[114.59334,-1.09889,0.0,null],[114.57278,-1.10611,0.0,null],[114.54484,-1.1067,0.0,null],[114.55765,-1.18233,0.0,null],[114.58805,-1.21913,0.0,null],[114.61025,-1.24063,0.0,null],[114.62165,-1.25293,0.0,null],[114.63065,-1.26953,0.0,null],[114.63235,-1.28473,0.0,null],[114.59756,-1.48423,0.0,null],[114.81745,-1.48553,0.0,null],[114.82735,-1.49963,0.0,null],[114.83965,-1.47933,0.0,null],[114.84795,-1.45983,0.0,null],[114.84835,-1.44643,0.0,null],[114.84725,-1.44033,0.0,null],[114.84475,-1.43163,0.0,null],[114.81675,-1.38043,0.0,null],[114.80885,-1.36193,0.0,null],[114.80005,-1.34933,0.0,null],[114.79275,-1.34433,0.0,null],[114.77545,-1.34543,0.0,null],[114.76905,-1.34713,0.0,null],[114.75055,-1.34543,0.0,null],[114.73475,-1.33743,0.0,null],[114.73205,-1.33403,0.0,null],[114.72815,-1.31433,0.0,null],[114.72785,-1.28863,0.0,null],[114.73065,-1.27683,0.0,null],[114.74055,-1.25023,0.0,null],[114.74145,-1.24343,0.0,null],[114.74055,-1.23393,0.0,null],[114.73535,-1.21993,0.0,null],[114.72455,-1.20283,0.0,null],[114.71205,-1.18803,0.0,null],[114.70805,-1.17813,0.0,null],[114.70365,-1.17403,0.0,null],[114.68965,-1.17353,0.0,null],[114.68425,-1.17143,0.0,null],[114.67515,-1.17063,0.0,null],[114.66485,-1.17333,0.0,null],[114.65295,-1.17883,0.0,null],[114.64085,-1.17903,0.0,null],[114.62005,-1.16533,0.0,null],[114.61005,-1.15703,0.0,null],[114.59485,-1.13843,0.0,null],[114.59065,-1.13073,0.0,null],[114.59035,-1.12633,0.0,null],[114.59205,-1.11973,0.0,null],[114.59485,-1.11363,0.0,null],[114.59738,-1.11055,0.0,null]]]}},{"type":"Feature","properties":{"inventoryId":"big-forestry-ha:131","sector":"PBPH","subtype":"IUPHHK-HA","quality":"OFFICIAL","sourceDataset":"big-forestry-ha","sourceRecordId":"131","source":"BIG Kebijakan Satu Peta","sourceUrl":"https://kspservices.big.go.id/satupeta/rest/services/PUBLIK/PERIZINAN_DAN_PERTANAHAN/MapServer/1","retrievedAt":"2026-08-24T04:32:16Z","geometryProcessing":"web display simplification tolerance 0.00035 degrees","name":"PT SUKA JAYA MAKMUR","permitNumber":"SK.106/Kpts-II/2000","permitDate":"2000-12-29","areaHa":171300.0,"provinceCode":"61","region":"kalimantan"},"geometry":{"type":"MultiPolygon","coordinates":[[[[111.00701,-0.96871,0.0,null],[111.00746,-0.96577,0.0,null],[111.00988,-0.96023,0.0,null],[110.94164,-0.97703,0.0,null],[110.91586,-0.97787,0.0,null],[110.91572,-0.97864,0.0,null],[110.90441,-0.97834,0.0,null],[110.90443,-0.99371,0.0,null],[110.89881,-0.99594,0.0,null],[110.89967,-0.99961,0.0,null],[110.90032,-1.01081,0.0,null],[110.90226,-1.02165,0.0,null],[110.90262,-1.02705,0.0,null],[110.90246,-1.03102,0.0,null],[110.90083,-1.03621,0.0,null],[110.93898,-1.01451,0.0,null],[110.96599,-1.00185,0.0,null],[110.9859,-0.99802,0.0,null],[111.00142,-1.00561,0.0,null],[111.00482,-1.01941,0.0,null],[111.00134,-1.03124,0.0,null],[110.99928,-1.03314,0.0,null],[111.00259,-1.03273,0.0,null],[111.0042,-1.03366,0.0,null],[111.01066,-1.03473,0.0,null],[111.01452,-1.05353,0.0,null],[111.00215,-1.06067,0.0,null],[110.99406,-1.06233,0.0,null],[110.99001,-1.064,0.0,null],[110.98787,-1.06733,0.0,null],[110.98406,-1.06804,0.0,null],[110.97091,-1.07366,0.0,null],[110.96692,-1.07225,0.0,null],[110.96573,-1.06957,0.0,null],[110.96382,-1.07017,0.0,null],[110.96168,-1.06755,0.0,null],[110.95621,-1.06827,0.0,null],[110.94693,-1.06803,0.0,null],[110.94217,-1.06755,0.0,null],[110.93789,-1.06636,0.0,null],[110.93503,-1.06731,0.0,null],[110.93218,-1.07112,0.0,null],[110.92956,-1.07778,0.0,null],[110.92575,-1.0823,0.0,null],[110.9198,-1.08706,0.0,null],[110.91725,-1.09265,0.0,null],[110.91533,-1.10587,0.0,null],[110.90212,-1.11646,0.0,null],[110.9007,-1.12149,0.0,null],[110.90113,-1.13749,0.0,null],[110.90396,-1.12998,0.0,null],[110.90891,-1.12149,0.0,null],[110.91666,-1.11254,0.0,null],[110.92962,-1.10184,0.0,null],[110.94872,-1.08831,0.0,null],[110.9594,-1.08185,0.0,null],[110.96991,-1.07769,0.0,null],[110.98551,-1.07277,0.0,null],[110.99902,-1.07265,0.0,null],[111.00313,-1.0738,0.0,null],[111.00401,-1.07554,0.0,null],[111.0046,-1.07565,0.0,null],[111.01217,-1.07207,0.0,null],[111.0221,-1.08014,0.0,null],[111.02522,-1.08399,0.0,null],[111.03292,-1.09145,0.0,null],[111.03746,-1.09502,0.0,null],[111.04189,-1.09741,0.0,null],[111.04488,-1.10135,0.0,null],[111.04933,-1.10524,0.0,null],[111.05185,-1.10839,0.0,null],[111.05159,-1.11059,0.0,null],[111.05467,-1.11152,0.0,null],[111.05307,-1.11288,0.0,null],[111.05137,-1.11318,0.0,null],[111.05182,-1.11771,0.0,null],[111.05336,-1.11882,0.0,null],[111.05719,-1.12653,0.0,null],[111.04055,-1.16562,0.0,null],[111.02892,-1.19896,0.0,null],[111.02749,-1.21595,0.0,null],[111.02697,-1.22971,0.0,null],[111.02771,-1.24198,0.0,null],[111.0331,-1.26993,0.0,null],[111.02964,-1.28566,0.0,null],[111.02221,-1.31342,0.0,null],[111.02121,-1.31599,0.0,null],[111.01882,-1.31763,0.0,null],[111.01922,-1.319,0.0,null],[111.02093,-1.31914,0.0,null],[111.02164,-1.32114,0.0,null],[111.02157,-1.32304,0.0,null],[111.02247,-1.32322,0.0,null],[111.02197,-1.32969,0.0,null],[111.02324,-1.34007,0.0,null],[110.96118,-1.36875,0.0,null],[110.96805,-1.39626,0.0,null],[110.97053,-1.41107,0.0,null],[110.9763,-1.43754,0.0,null],[110.97637,-1.44035,0.0,null],[110.97857,-1.44949,0.0,null],[110.97887,-1.45292,0.0,null],[110.98327,-1.45639,0.0,null],[110.99007,-1.46091,0.0,null],[111.00456,-1.45676,0.0,null],[111.04182,-1.4404,0.0,null],[111.06782,-1.45025,0.0,null],[111.07146,-1.45205,0.0,null],[111.0775,-1.45698,0.0,null],[111.08219,-1.45838,0.0,null],[111.13172,-1.4479,0.0,null],[111.13371,-1.44694,0.0,null],[111.17377,-1.42092,0.0,null],[111.18111,-1.41551,0.0,null],[111.20423,-1.39392,0.0,null],[111.22156,-1.38412,0.0,null],[111.23026,-1.38187,0.0,null],[111.25871,-1.38258,0.0,null],[111.26812,-1.37995,0.0,null],[111.28344,-1.36117,0.0,null],[111.29708,-1.33863,0.0,null],[111.30982,-1.31072,0.0,null],[111.31014,-1.30329,0.0,null],[111.31382,-1.29141,0.0,null],[111.31436,-1.28986,0.0,null],[111.31826,-1.28456,0.0,null],[111.3183,-1.2836,0.0,null],[111.32077,-1.28085,0.0,null],[111.3297,-1.27314,0.0,null],[111.33319,-1.26473,0.0,null],[111.33936,-1.25708,0.0,null],[111.35358,-1.2421,0.0,null],[111.37583,-1.21706,0.0,null],[111.3779,-1.21556,0.0,null],[111.38767,-1.20539,0.0,null],[111.3906,-1.19493,0.0,null],[111.39555,-1.18225,0.0,null],[111.38535,-1.18318,0.0,null],[111.37181,-1.17475,0.0,null],[111.37316,-1.17279,0.0,null],[111.37098,-1.16941,0.0,null],[111.37249,-1.16857,0.0,null],[111.3709,-1.16621,0.0,null],[111.36734,-1.16715,0.0,null],[111.35103,-1.16207,0.0,null],[111.34484,-1.16726,0.0,null],[111.34065,-1.16524,0.0,null],[111.34325,-1.15957,0.0,null],[111.34118,-1.15489,0.0,null],[111.34201,-1.14739,0.0,null],[111.33268,-1.14375,0.0,null],[111.33528,-1.14013,0.0,null],[111.34793,-1.13861,0.0,null],[111.35291,-1.14118,0.0,null],[111.36009,-1.14042,0.0,null],[111.35829,-1.13262,0.0,null],[111.36114,-1.12519,0.0,null],[111.35959,-1.11998,0.0,null],[111.3555,-1.11689,0.0,null],[111.35731,-1.11332,0.0,null],[111.35574,-1.10858,0.0,null],[111.35731,-1.10727,0.0,null],[111.36968,-1.11296,0.0,null],[111.37197,-1.1073,0.0,null],[111.37996,-1.10499,0.0,null],[111.38508,-1.09954,0.0,null],[111.39985,-1.09542,0.0,null],[111.40229,-1.0858,0.0,null],[111.41059,-1.08592,0.0,null],[111.40726,-1.08118,0.0,null],[111.40849,-1.08048,0.0,null],[111.41585,-1.0799,0.0,null],[111.41883,-1.07148,0.0,null],[111.4255,-1.06786,0.0,null],[111.42187,-1.05658,0.0,null],[111.41533,-1.04197,0.0,null],[111.4096,-1.02373,0.0,null],[111.40516,-1.01503,0.0,null],[111.38293,-0.99678,0.0,null],[111.38644,-1.04939,0.0,null],[111.3404,-1.06084,0.0,null],[111.21513,-1.06024,0.0,null],[111.21192,-1.06186,0.0,null],[111.20208,-1.0689,0.0,null],[111.19227,-1.065,0.0,null],[111.1904,-1.05988,0.0,null],[111.14244,-1.0599,0.0,null],[111.14423,-1.06112,0.0,null],[111.15458,-1.0734,0.0,null],[111.16355,-1.08635,0.0,null],[111.16712,-1.09966,0.0,null],[111.16531,-1.10945,0.0,null],[111.16037,-1.11441,0.0,null],[111.15235,-1.11931,0.0,null],[111.13465,-1.11832,0.0,null],[111.12063,-1.11453,0.0,null],[111.11316,-1.13032,0.0,null],[111.11661,-1.15092,0.0,null],[111.10859,-1.15559,0.0,null],[111.08642,-1.1648,0.0,null],[111.0725,-1.1682,0.0,null],[111.0679,-1.16741,0.0,null],[111.06605,-1.16482,0.0,null],[111.06191,-1.14367,0.0,null],[111.0734,-1.10788,0.0,null],[111.08849,-1.10276,0.0,null],[111.07942,-1.09669,0.0,null],[111.07596,-1.09181,0.0,null],[111.07495,-1.09016,0.0,null],[111.07374,-1.08556,0.0,null],[111.07378,-1.07916,0.0,null],[111.07756,-1.07484,0.0,null],[111.08422,-1.06908,0.0,null],[111.09606,-1.06283,0.0,null],[111.10348,-1.0603,0.0,null],[111.02659,-1.0601,0.0,null],[111.01094,-1.00382,0.0,null],[111.01223,-0.9986,0.0,null],[111.01104,-0.99265,0.0,null],[111.00989,-0.9913,0.0,null],[111.01092,-0.98736,0.0,null],[111.00955,-0.98696,0.0,null],[111.00787,-0.9839,0.0,null],[111.00889,-0.98217,0.0,null],[111.00688,-0.97636,0.0,null],[111.00684,-0.97469,0.0,null],[111.00585,-0.97277,0.0,null],[111.00616,-0.96921,0.0,null],[111.00701,-0.96871,0.0,null]],[[111.23824,-1.18064,0.0,null],[111.24209,-1.17977,0.0,null],[111.2555,-1.18235,0.0,null],[111.25919,-1.1904,0.0,null],[111.25958,-1.22061,0.0,null],[111.25273,-1.25855,0.0,null],[111.2529,-1.26604,0.0,null],[111.25235,-1.26734,0.0,null],[111.24889,-1.2693,0.0,null],[111.24516,-1.27043,0.0,null],[111.23151,-1.27224,0.0,null],[111.21379,-1.27555,0.0,null],[111.20187,-1.27453,0.0,null],[111.18954,-1.27014,0.0,null],[111.16534,-1.281,0.0,null],[111.16356,-1.27723,0.0,null],[111.15967,-1.26434,0.0,null],[111.15354,-1.24753,0.0,null],[111.1461,-1.2401,0.0,null],[111.14189,-1.23402,0.0,null],[111.14155,-1.22921,0.0,null],[111.14848,-1.22016,0.0,null],[111.15633,-1.20857,0.0,null],[111.16117,-1.20261,0.0,null],[111.17026,-1.18967,0.0,null],[111.18199,-1.18311,0.0,null],[111.19666,-1.18073,0.0,null],[111.21531,-1.18477,0.0,null],[111.23044,-1.18352,0.0,null],[111.23824,-1.18064,0.0,null]],[[111.1769,-1.28045,0.0,null],[111.17786,-1.28,0.0,null],[111.18163,-1.28148,0.0,null],[111.18594,-1.29248,0.0,null],[111.18572,-1.29595,0.0,null],[111.19079,-1.30095,0.0,null],[111.19553,-1.31168,0.0,null],[111.19553,-1.31523,0.0,null],[111.16443,-1.31363,0.0,null],[111.16457,-1.31924,0.0,null],[111.16383,-1.32831,0.0,null],[111.15339,-1.35132,0.0,null],[111.14932,-1.36693,0.0,null],[111.14955,-1.38294,0.0,null],[111.14506,-1.39232,0.0,null],[111.13399,-1.39443,0.0,null],[111.12093,-1.39084,0.0,null],[111.11493,-1.38799,0.0,null],[111.10844,-1.37335,0.0,null],[111.11179,-1.35981,0.0,null],[111.10922,-1.35484,0.0,null],[111.11041,-1.34934,0.0,null],[111.11496,-1.34751,0.0,null],[111.12026,-1.33944,0.0,null],[111.12121,-1.33207,0.0,null],[111.11688,-1.32395,0.0,null],[111.10829,-1.32374,0.0,null],[111.10285,-1.31853,0.0,null],[111.10261,-1.3121,0.0,null],[111.1062,-1.30708,0.0,null],[111.10665,-1.29688,0.0,null],[111.11017,-1.29005,0.0,null],[111.11715,-1.28838,0.0,null],[111.12505,-1.28246,0.0,null],[111.13456,-1.28269,0.0,null],[111.13557,-1.2831,0.0,null],[111.13607,-1.28406,0.0,null],[111.13732,-1.2832,0.0,null],[111.13877,-1.28577,0.0,null],[111.13844,-1.28815,0.0,null],[111.1398,-1.28818,0.0,null],[111.14122,-1.28927,0.0,null],[111.14052,-1.29013,0.0,null],[111.14062,-1.29127,0.0,null],[111.14332,-1.29232,0.0,null],[111.14609,-1.2923,0.0,null],[111.14582,-1.29561,0.0,null],[111.14403,-1.29711,0.0,null],[111.14245,-1.29706,0.0,null],[111.14175,-1.29784,0.0,null],[111.15023,-1.29909,0.0,null],[111.15364,-1.30398,0.0,null],[111.15461,-1.30244,0.0,null],[111.15285,-1.29964,0.0,null],[111.15444,-1.29686,0.0,null],[111.15608,-1.29693,0.0,null],[111.1574,-1.2952,0.0,null],[111.15776,-1.29707,0.0,null],[111.16076,-1.29669,0.0,null],[111.16202,-1.2954,0.0,null],[111.16488,-1.29446,0.0,null],[111.1654,-1.29397,0.0,null],[111.16523,-1.29226,0.0,null],[111.16309,-1.28972,0.0,null],[111.16296,-1.28865,0.0,null],[111.16578,-1.28738,0.0,null],[111.1665,-1.28624,0.0,null],[111.16759,-1.28722,0.0,null],[111.17017,-1.28813,0.0,null],[111.17187,-1.2878,0.0,null],[111.17507,-1.28443,0.0,null],[111.17499,-1.28137,0.0,null],[111.1769,-1.28045,0.0,null]]],[[[110.9179,-1.37809,0.0,null],[110.91951,-1.37412,0.0,null],[110.91871,-1.3719,0.0,null],[110.86183,-1.37027,0.0,null],[110.84349,-1.38102,0.0,null],[110.83497,-1.3952,0.0,null],[110.83383,-1.40957,0.0,null],[110.84858,-1.42783,0.0,null],[110.8517,-1.44141,0.0,null],[110.84389,-1.45069,0.0,null],[110.82721,-1.4565,0.0,null],[110.81215,-1.45647,0.0,null],[110.77044,-1.44217,0.0,null],[110.74786,-1.43851,0.0,null],[110.68616,-1.46402,0.0,null],[110.67685,-1.47157,0.0,null],[110.67236,-1.48881,0.0,null],[110.68075,-1.49514,0.0,null],[110.68827,-1.49666,0.0,null],[110.69874,-1.49559,0.0,null],[110.70962,-1.49942,0.0,null],[110.7144,-1.50335,0.0,null],[110.72599,-1.50961,0.0,null],[110.73223,-1.52541,0.0,null],[110.73189,-1.56362,0.0,null],[110.73118,-1.56921,0.0,null],[110.73145,-1.63499,0.0,null],[110.73402,-1.63499,0.0,null],[110.73478,-1.63777,0.0,null],[110.74771,-1.62866,0.0,null],[110.7612,-1.62188,0.0,null],[110.78296,-1.57634,0.0,null],[110.79054,-1.57349,0.0,null],[110.79723,-1.57708,0.0,null],[110.79708,-1.58741,0.0,null],[110.80376,-1.59593,0.0,null],[110.81699,-1.60256,0.0,null],[110.81615,-1.60137,0.0,null],[110.81729,-1.60012,0.0,null],[110.81766,-1.5983,0.0,null],[110.81858,-1.59755,0.0,null],[110.82005,-1.59788,0.0,null],[110.82133,-1.59725,0.0,null],[110.82139,-1.59849,0.0,null],[110.82064,-1.59812,0.0,null],[110.82066,-1.59916,0.0,null],[110.82492,-1.60083,0.0,null],[110.82583,-1.60018,0.0,null],[110.8255,-1.59941,0.0,null],[110.8279,-1.59737,0.0,null],[110.82969,-1.5969,0.0,null],[110.8315,-1.59794,0.0,null],[110.83251,-1.59713,0.0,null],[110.83348,-1.59535,0.0,null],[110.83477,-1.5947,0.0,null],[110.83501,-1.59135,0.0,null],[110.83663,-1.59013,0.0,null],[110.83811,-1.58986,0.0,null],[110.83936,-1.58782,0.0,null],[110.84097,-1.58771,0.0,null],[110.84155,-1.58696,0.0,null],[110.84527,-1.58704,0.0,null],[110.84583,-1.58673,0.0,null],[110.84528,-1.58448,0.0,null],[110.84708,-1.58343,0.0,null],[110.84833,-1.58435,0.0,null],[110.849,-1.58377,0.0,null],[110.84903,-1.58232,0.0,null],[110.85051,-1.58173,0.0,null],[110.85073,-1.58006,0.0,null],[110.85434,-1.58074,0.0,null],[110.85655,-1.5789,0.0,null],[110.85656,-1.57786,0.0,null],[110.85778,-1.57816,0.0,null],[110.8584,-1.5767,0.0,null],[110.86106,-1.57581,0.0,null],[110.86185,-1.57364,0.0,null],[110.86348,-1.57284,0.0,null],[110.86543,-1.57013,0.0,null],[110.86756,-1.57103,0.0,null],[110.86868,-1.57082,0.0,null],[110.87404,-1.56578,0.0,null],[110.9195,-1.54317,0.0,null],[110.91695,-1.52792,0.0,null],[110.96481,-1.49679,0.0,null],[110.96647,-1.49078,0.0,null],[110.96565,-1.49031,0.0,null],[110.96668,-1.48818,0.0,null],[110.94652,-1.47475,0.0,null],[110.93061,-1.47088,0.0,null],[110.92692,-1.47383,0.0,null],[110.92495,-1.47947,0.0,null],[110.91581,-1.48711,0.0,null],[110.9082,-1.49586,0.0,null],[110.89789,-1.51197,0.0,null],[110.86,-1.51194,0.0,null],[110.8523,-1.50638,0.0,null],[110.85245,-1.49561,0.0,null],[110.88175,-1.45538,0.0,null],[110.89203,-1.44566,0.0,null],[110.90394,-1.42855,0.0,null],[110.91483,-1.42266,0.0,null],[110.92767,-1.42797,0.0,null],[110.93183,-1.42702,0.0,null],[110.93572,-1.41848,0.0,null],[110.93401,-1.41413,0.0,null],[110.92998,-1.40584,0.0,null],[110.9157,-1.39464,0.0,null],[110.91121,-1.38415,0.0,null],[110.9124,-1.38196,0.0,null],[110.91483,-1.38156,0.0,null],[110.91479,-1.37942,0.0,null],[110.91645,-1.37813,0.0,null],[110.91769,-1.37865,0.0,null],[110.9179,-1.37809,0.0,null]]]]}},{"type":"Feature","properties":{"inventoryId":"big-forestry-ha:3","sector":"PBPH","subtype":"IUPHHK-HA","quality":"OFFICIAL","sourceDataset":"big-forestry-ha","sourceRecordId":"3","source":"BIG Kebijakan Satu Peta","sourceUrl":"https://kspservices.big.go.id/satupeta/rest/services/PUBLIK/PERIZINAN_DAN_PERTANAHAN/MapServer/1","retrievedAt":"2026-08-24T04:32:16Z","geometryProcessing":"web display simplification tolerance 0.00035 degrees","name":"PT SUMALINDO LESTARI JAYA (EKS PT GIRI)","permitNumber":"SK.438/Menhut-II/2009","permitDate":"2009-07-27","areaHa":69765.0,"provinceCode":"65","region":"kalimantan"},"geometry":{"type":"Polygon","coordinates":[[[115.34702,1.9921,0.0,null],[115.33335,2.00186,0.0,null],[115.31935,2.00349,0.0,null],[115.28257,1.98721,0.0,null],[115.26271,1.9794,0.0,null],[115.25782,1.9768,0.0,null],[115.24968,1.97126,0.0,null],[115.24708,1.96866,0.0,null],[115.2448,1.96377,0.0,null],[115.2461,1.9527,0.0,null],[115.2461,1.93968,0.0,null],[115.24285,1.93643,0.0,null],[115.23699,1.93545,0.0,null],[115.23341,1.93838,0.0,null],[115.23015,1.94229,0.0,null],[115.22494,1.94261,0.0,null],[115.22038,1.94131,0.0,null],[115.20704,1.93382,0.0,null],[115.20346,1.9348,0.0,null],[115.20183,1.93578,0.0,null],[115.2002,1.93773,0.0,null],[115.19955,1.94131,0.0,null],[115.19955,1.94717,0.0,null],[115.1989,1.94945,0.0,null],[115.19499,1.95368,0.0,null],[115.18229,1.95173,0.0,null],[115.17578,1.95856,0.0,null],[115.1722,1.96019,0.0,null],[115.1696,1.95856,0.0,null],[115.16309,1.95661,0.0,null],[115.15006,1.95075,0.0,null],[115.13607,1.94391,0.0,null],[115.13379,1.94131,0.0,null],[115.11588,1.93154,0.0,null],[115.10742,1.92764,0.0,null],[115.08853,1.91527,0.0,null],[115.09472,1.84755,0.0,null],[115.09928,1.85211,0.0,null],[115.10774,1.8736,0.0,null],[115.11165,1.88857,0.0,null],[115.11751,1.90062,0.0,null],[115.12435,1.9068,0.0,null],[115.13053,1.91103,0.0,null],[115.13997,1.91494,0.0,null],[115.15234,1.91722,0.0,null],[115.16211,1.92048,0.0,null],[115.19108,1.92145,0.0,null],[115.19955,1.91787,0.0,null],[115.20573,1.91396,0.0,null],[115.21062,1.90778,0.0,null],[115.21843,1.89411,0.0,null],[115.22104,1.88629,0.0,null],[115.22429,1.8788,0.0,null],[115.22885,1.86448,0.0,null],[115.22917,1.85764,0.0,null],[115.23048,1.84983,0.0,null],[115.23145,1.83225,0.0,null],[115.23015,1.82183,0.0,null],[115.22787,1.815,0.0,null],[115.22299,1.80621,0.0,null],[115.21648,1.79676,0.0,null],[115.2129,1.78993,0.0,null],[115.21159,1.78146,0.0,null],[115.21225,1.77332,0.0,null],[115.21387,1.76519,0.0,null],[115.22006,1.75509,0.0,null],[115.22462,1.74923,0.0,null],[115.23894,1.73491,0.0,null],[115.25099,1.72384,0.0,null],[115.25978,1.71896,0.0,null],[115.26726,1.7157,0.0,null],[115.27964,1.70333,0.0,null],[115.28647,1.68901,0.0,null],[115.28843,1.68347,0.0,null],[115.2894,1.67826,0.0,null],[115.2897,1.67136,0.0,null],[115.29041,1.67028,0.0,null],[115.29186,1.66265,0.0,null],[115.29591,1.65092,0.0,null],[115.3008,1.64148,0.0,null],[115.30926,1.63431,0.0,null],[115.31642,1.63073,0.0,null],[115.33042,1.62552,0.0,null],[115.34995,1.61511,0.0,null],[115.37112,1.59818,0.0,null],[115.37795,1.61413,0.0,null],[115.38186,1.62064,0.0,null],[115.38804,1.63464,0.0,null],[115.38349,1.63887,0.0,null],[115.37958,1.64408,0.0,null],[115.37339,1.66492,0.0,null],[115.36558,1.67696,0.0,null],[115.36395,1.6851,0.0,null],[115.36721,1.69291,0.0,null],[115.37307,1.70073,0.0,null],[115.37698,1.71017,0.0,null],[115.38088,1.71765,0.0,null],[115.38381,1.72644,0.0,null],[115.38544,1.73523,0.0,null],[115.38284,1.75086,0.0,null],[115.37502,1.78016,0.0,null],[115.36981,1.80848,0.0,null],[115.36753,1.81695,0.0,null],[115.36656,1.82737,0.0,null],[115.3607,1.8456,0.0,null],[115.35679,1.85504,0.0,null],[115.35354,1.86513,0.0,null],[115.35256,1.87099,0.0,null],[115.35256,1.87848,0.0,null],[115.35809,1.89866,0.0,null],[115.35907,1.90452,0.0,null],[115.362,1.91396,0.0,null],[115.36526,1.92048,0.0,null],[115.36916,1.92601,0.0,null],[115.3747,1.93187,0.0,null],[115.38674,1.94229,0.0,null],[115.39358,1.94619,0.0,null],[115.40725,1.95075,0.0,null],[115.41376,1.9501,0.0,null],[115.41962,1.94815,0.0,null],[115.42613,1.94294,0.0,null],[115.43004,1.93708,0.0,null],[115.43265,1.93154,0.0,null],[115.44144,1.91657,0.0,null],[115.44437,1.92015,0.0,null],[115.4512,1.92341,0.0,null],[115.45641,1.92829,0.0,null],[115.4665,1.94164,0.0,null],[115.47008,1.95108,0.0,null],[115.46976,1.95726,0.0,null],[115.46846,1.96573,0.0,null],[115.46455,1.9807,0.0,null],[115.45869,1.99177,0.0,null],[115.45543,1.98949,0.0,null],[115.44274,1.98298,0.0,null],[115.43753,1.982,0.0,null],[115.42939,1.98331,0.0,null],[115.42093,1.98624,0.0,null],[115.41637,1.98689,0.0,null],[115.4079,1.99112,0.0,null],[115.40335,1.996,0.0,null],[115.39586,1.99568,0.0,null],[115.39065,1.99438,0.0,null],[115.37502,1.99307,0.0,null],[115.35581,1.99177,0.0,null],[115.34702,1.9921,0.0,null]]]}},{"type":"Feature","properties":{"inventoryId":"big-forestry-ha:82","sector":"PBPH","subtype":"IUPHHK-HA","quality":"OFFICIAL","sourceDataset":"big-forestry-ha","sourceRecordId":"82","source":"BIG Kebijakan Satu Peta","sourceUrl":"https://kspservices.big.go.id/satupeta/rest/services/PUBLIK/PERIZINAN_DAN_PERTANAHAN/MapServer/1","retrievedAt":"2026-08-24T04:32:16Z","geometryProcessing":"web display simplification tolerance 0.00035 degrees","name":"PT SUMALINDO LESTARI JAYA II","permitNumber":"SK.400/Menhut-II/2004","permitDate":"2004-10-18","areaHa":267600.0,"provinceCode":"65","region":"kalimantan"},"geometry":{"type":"Polygon","coordinates":[[[115.25814,1.65036,0.0,null],[115.25022,1.65693,0.0,null],[115.22409,1.68298,0.0,null],[115.2081,1.69291,0.0,null],[115.18919,1.70183,0.0,null],[115.17148,1.72003,0.0,null],[115.15478,1.72653,0.0,null],[115.1485,1.73095,0.0,null],[115.142,1.74602,0.0,null],[115.13045,1.73908,0.0,null],[115.10932,1.7224,0.0,null],[115.10595,1.41647,0.0,null],[115.1043,1.41353,0.0,null],[115.10271,1.41274,0.0,null],[115.10136,1.4111,0.0,null],[115.10072,1.40776,0.0,null],[115.09865,1.40693,0.0,null],[115.09876,1.40518,0.0,null],[115.09782,1.40184,0.0,null],[115.09626,1.40119,0.0,null],[115.09317,1.39502,0.0,null],[115.08986,1.39154,0.0,null],[115.08718,1.39022,0.0,null],[115.08382,1.39123,0.0,null],[115.08037,1.38931,0.0,null],[115.07758,1.38941,0.0,null],[115.07309,1.38721,0.0,null],[115.06971,1.38752,0.0,null],[115.06977,1.38621,0.0,null],[115.06803,1.38461,0.0,null],[115.06595,1.37883,0.0,null],[115.06626,1.37796,0.0,null],[115.06879,1.37663,0.0,null],[115.0676,1.37474,0.0,null],[115.06786,1.37275,0.0,null],[115.0673,1.37254,0.0,null],[115.06672,1.37354,0.0,null],[115.06596,1.37355,0.0,null],[115.06552,1.37286,0.0,null],[115.06601,1.37178,0.0,null],[115.06501,1.37146,0.0,null],[115.06562,1.37065,0.0,null],[115.06406,1.36996,0.0,null],[115.0634,1.37079,0.0,null],[115.06295,1.37064,0.0,null],[115.06391,1.3687,0.0,null],[115.06226,1.36808,0.0,null],[115.06253,1.36498,0.0,null],[115.06136,1.36446,0.0,null],[115.0622,1.36328,0.0,null],[115.06132,1.36234,0.0,null],[115.06254,1.36196,0.0,null],[115.06127,1.3606,0.0,null],[115.06185,1.3575,0.0,null],[115.06085,1.3561,0.0,null],[115.05933,1.35633,0.0,null],[115.05885,1.35327,0.0,null],[115.05772,1.35307,0.0,null],[115.05699,1.35169,0.0,null],[115.05463,1.34996,0.0,null],[115.05522,1.34822,0.0,null],[115.05369,1.34681,0.0,null],[115.05431,1.34271,0.0,null],[115.05254,1.34049,0.0,null],[115.0519,1.33875,0.0,null],[115.05056,1.33855,0.0,null],[115.04994,1.33784,0.0,null],[115.0502,1.33334,0.0,null],[115.04861,1.33102,0.0,null],[115.04966,1.32972,0.0,null],[115.04859,1.32807,0.0,null],[115.05035,1.32827,0.0,null],[115.05062,1.32632,0.0,null],[115.05245,1.32591,0.0,null],[115.05792,1.32241,0.0,null],[115.05849,1.31923,0.0,null],[115.06025,1.31916,0.0,null],[115.06064,1.31569,0.0,null],[115.05959,1.31281,0.0,null],[115.06002,1.31064,0.0,null],[115.05878,1.30847,0.0,null],[115.05673,1.30747,0.0,null],[115.05559,1.30526,0.0,null],[115.05297,1.30529,0.0,null],[115.05023,1.30401,0.0,null],[115.04843,1.30029,0.0,null],[115.0464,1.29859,0.0,null],[115.04464,1.29589,0.0,null],[115.04649,1.29297,0.0,null],[115.04735,1.2883,0.0,null],[115.04665,1.28445,0.0,null],[115.04819,1.28246,0.0,null],[115.04788,1.27828,0.0,null],[115.04297,1.27502,0.0,null],[115.04292,1.27429,0.0,null],[115.0446,1.27196,0.0,null],[115.04535,1.26785,0.0,null],[115.05135,1.26691,0.0,null],[115.05419,1.26581,0.0,null],[115.06064,1.26869,0.0,null],[115.06445,1.26744,0.0,null],[115.06549,1.26771,0.0,null],[115.06695,1.26928,0.0,null],[115.0757,1.26832,0.0,null],[115.07774,1.26892,0.0,null],[115.08161,1.26735,0.0,null],[115.08371,1.26588,0.0,null],[115.08786,1.26196,0.0,null],[115.0899,1.25922,0.0,null],[115.09204,1.25802,0.0,null],[115.09335,1.25606,0.0,null],[115.09471,1.25568,0.0,null],[115.09674,1.2515,0.0,null],[115.09809,1.24992,0.0,null],[115.09982,1.24434,0.0,null],[115.09952,1.24001,0.0,null],[115.09797,1.23376,0.0,null],[115.09441,1.22693,0.0,null],[115.09305,1.22143,0.0,null],[115.09382,1.21292,0.0,null],[115.09563,1.20835,0.0,null],[115.09568,1.20672,0.0,null],[115.09746,1.20477,0.0,null],[115.09875,1.20008,0.0,null],[115.10147,1.197,0.0,null],[115.11122,1.19375,0.0,null],[115.11566,1.1934,0.0,null],[115.11718,1.19209,0.0,null],[115.11776,1.19027,0.0,null],[115.11782,1.18844,0.0,null],[115.11622,1.18609,0.0,null],[115.11503,1.18101,0.0,null],[115.11228,1.17886,0.0,null],[115.10747,1.17681,0.0,null],[115.10534,1.17463,0.0,null],[115.10079,1.17246,0.0,null],[115.09754,1.16811,0.0,null],[115.09328,1.16502,0.0,null],[115.08846,1.15806,0.0,null],[115.08351,1.15326,0.0,null],[115.08295,1.15206,0.0,null],[115.08312,1.14966,0.0,null],[115.08146,1.14443,0.0,null],[115.08192,1.14214,0.0,null],[115.08381,1.1409,0.0,null],[115.08496,1.13811,0.0,null],[115.08539,1.13538,0.0,null],[115.08491,1.13287,0.0,null],[115.08602,1.12591,0.0,null],[115.08565,1.12175,0.0,null],[115.08838,1.1135,0.0,null],[115.0914,1.10824,0.0,null],[115.09039,1.10638,0.0,null],[115.08901,1.09935,0.0,null],[115.08733,1.09829,0.0,null],[115.08422,1.09826,0.0,null],[115.0811,1.09579,0.0,null],[115.07981,1.09375,0.0,null],[115.07944,1.09078,0.0,null],[115.08171,1.08483,0.0,null],[115.0818,1.08195,0.0,null],[115.08099,1.07881,0.0,null],[115.07824,1.07468,0.0,null],[115.07827,1.07282,0.0,null],[115.07918,1.07021,0.0,null],[115.0766,1.0675,0.0,null],[115.07672,1.06561,0.0,null],[115.07564,1.06322,0.0,null],[115.07753,1.06194,0.0,null],[115.0784,1.05864,0.0,null],[115.07936,1.05723,0.0,null],[115.07853,1.05415,0.0,null],[115.07881,1.05325,0.0,null],[115.08017,1.05253,0.0,null],[115.08019,1.0505,0.0,null],[115.08596,1.04728,0.0,null],[115.08766,1.04175,0.0,null],[115.08508,1.03641,0.0,null],[115.08343,1.03531,0.0,null],[115.08274,1.03397,0.0,null],[115.08282,1.03243,0.0,null],[115.08358,1.03136,0.0,null],[115.08427,1.01972,0.0,null],[115.08325,1.01675,0.0,null],[115.08344,1.01546,0.0,null],[115.08012,1.01361,0.0,null],[115.07904,1.01008,0.0,null],[115.07898,1.00827,0.0,null],[115.08008,1.004,0.0,null],[115.07951,1.00127,0.0,null],[115.08001,1.0,0.0,null],[115.07927,0.99789,0.0,null],[115.07998,0.99375,0.0,null],[115.0812,0.99178,0.0,null],[115.08736,0.98911,0.0,null],[115.08851,0.98796,0.0,null],[115.09153,0.9866,0.0,null],[115.09492,0.98284,0.0,null],[115.09674,0.98284,0.0,null],[115.10147,0.98025,0.0,null],[115.10283,0.9784,0.0,null],[115.10335,0.97516,0.0,null],[115.10068,0.9735,0.0,null],[115.09996,0.97245,0.0,null],[115.10058,0.96982,0.0,null],[115.10021,0.9641,0.0,null],[115.0993,0.96265,0.0,null],[115.09624,0.96054,0.0,null],[115.09559,0.95709,0.0,null],[115.09432,0.95499,0.0,null],[115.09481,0.95266,0.0,null],[115.0946,0.94999,0.0,null],[115.09311,0.94336,0.0,null],[115.0892,0.93815,0.0,null],[115.08615,0.93608,0.0,null],[115.08097,0.92303,0.0,null],[115.07811,0.92012,0.0,null],[115.07405,0.91786,0.0,null],[115.07126,0.91533,0.0,null],[115.06964,0.91597,0.0,null],[115.06893,0.91706,0.0,null],[115.06811,0.92107,0.0,null],[115.0673,0.92239,0.0,null],[115.06622,0.9225,0.0,null],[115.064,0.92157,0.0,null],[115.06106,0.91825,0.0,null],[115.0603,0.91599,0.0,null],[115.06266,0.90949,0.0,null],[115.0615,0.90624,0.0,null],[115.05934,0.90427,0.0,null],[115.05696,0.90417,0.0,null],[115.04974,0.90826,0.0,null],[115.04807,0.91051,0.0,null],[115.04692,0.91493,0.0,null],[115.04475,0.91563,0.0,null],[115.0415,0.91447,0.0,null],[115.03872,0.91121,0.0,null],[115.0378,0.90598,0.0,null],[115.03625,0.90343,0.0,null],[115.02971,0.89905,0.0,null],[115.02711,0.89889,0.0,null],[115.02429,0.90011,0.0,null],[115.0209,0.90029,0.0,null],[115.02036,0.89947,0.0,null],[115.02083,0.89654,0.0,null],[115.01984,0.89559,0.0,null],[115.01687,0.89482,0.0,null],[115.01484,0.89543,0.0,null],[115.01242,0.89526,0.0,null],[115.00987,0.89643,0.0,null],[115.00875,0.89641,0.0,null],[115.00589,0.89374,0.0,null],[115.04228,0.88345,0.0,null],[115.03778,0.86453,0.0,null],[115.03946,0.85477,0.0,null],[115.05463,0.82763,0.0,null],[115.05798,0.80771,0.0,null],[115.05848,0.78772,0.0,null],[115.06591,0.76688,0.0,null],[115.08168,0.75203,0.0,null],[115.09888,0.75353,0.0,null],[115.10802,0.7354,0.0,null],[115.1203,0.72712,0.0,null],[115.13358,0.71577,0.0,null],[115.14543,0.73569,0.0,null],[115.12066,0.76367,0.0,null],[115.1208,0.77438,0.0,null],[115.10353,0.79094,0.0,null],[115.08615,0.84079,0.0,null],[115.09303,0.85996,0.0,null],[115.10074,0.86982,0.0,null],[115.1153,0.8726,0.0,null],[115.14978,0.86746,0.0,null],[115.15485,0.88531,0.0,null],[115.16036,0.8947,0.0,null],[115.15892,0.92537,0.0,null],[115.1722,0.94934,0.0,null],[115.18433,0.95276,0.0,null],[115.19932,0.9357,0.0,null],[115.2121,0.93784,0.0,null],[115.23123,0.93009,0.0,null],[115.22338,1.12344,0.0,null],[115.24008,1.13822,0.0,null],[115.25536,1.14893,0.0,null],[115.26821,1.15514,0.0,null],[115.28691,1.16342,0.0,null],[115.30718,1.16866,0.0,null],[115.32767,1.17027,0.0,null],[115.34052,1.17548,0.0,null],[115.35608,1.18947,0.0,null],[115.36936,1.20639,0.0,null],[115.38085,1.2156,0.0,null],[115.39784,1.22131,0.0,null],[115.42554,1.21853,0.0,null],[115.42222,1.22875,0.0,null],[115.42047,1.24058,0.0,null],[115.42547,1.25372,0.0,null],[115.43446,1.26385,0.0,null],[115.45566,1.2777,0.0,null],[115.44332,1.29104,0.0,null],[115.44374,1.29633,0.0,null],[115.4486,1.30476,0.0,null],[115.45224,1.3468,0.0,null],[115.45595,1.35844,0.0,null],[115.46385,1.36662,0.0,null],[115.47465,1.37428,0.0,null],[115.47444,1.38778,0.0,null],[115.48243,1.3997,0.0,null],[115.47251,1.40191,0.0,null],[115.46701,1.41105,0.0,null],[115.46934,1.42591,0.0,null],[115.47506,1.42775,0.0,null],[115.48372,1.41936,0.0,null],[115.49158,1.41903,0.0,null],[115.49418,1.41379,0.0,null],[115.49807,1.39524,0.0,null],[115.50577,1.39224,0.0,null],[115.51149,1.4003,0.0,null],[115.51927,1.40644,0.0,null],[115.52658,1.42156,0.0,null],[115.52676,1.43121,0.0,null],[115.51688,1.44281,0.0,null],[115.50763,1.46916,0.0,null],[115.50149,1.46869,0.0,null],[115.49864,1.4602,0.0,null],[115.49764,1.44649,0.0,null],[115.49045,1.44528,0.0,null],[115.4809,1.45281,0.0,null],[115.46366,1.44534,0.0,null],[115.45645,1.44727,0.0,null],[115.46252,1.4729,0.0,null],[115.4588,1.47861,0.0,null],[115.45152,1.47547,0.0,null],[115.43403,1.45884,0.0,null],[115.41297,1.43453,0.0,null],[115.40327,1.43264,0.0,null],[115.39768,1.44025,0.0,null],[115.3997,1.45324,0.0,null],[115.3945,1.46265,0.0,null],[115.37451,1.47218,0.0,null],[115.37575,1.47405,0.0,null],[115.37882,1.47687,0.0,null],[115.37963,1.47989,0.0,null],[115.3814,1.48118,0.0,null],[115.38361,1.47997,0.0,null],[115.3848,1.48076,0.0,null],[115.38657,1.485,0.0,null],[115.38676,1.48879,0.0,null],[115.38753,1.49099,0.0,null],[115.38461,1.49274,0.0,null],[115.38314,1.49242,0.0,null],[115.38048,1.49386,0.0,null],[115.38084,1.49537,0.0,null],[115.38282,1.49837,0.0,null],[115.38768,1.50129,0.0,null],[115.38737,1.50468,0.0,null],[115.38595,1.50758,0.0,null],[115.38608,1.50846,0.0,null],[115.3924,1.5127,0.0,null],[115.39347,1.51565,0.0,null],[115.3969,1.51571,0.0,null],[115.39704,1.51736,0.0,null],[115.41923,1.53645,0.0,null],[115.42146,1.54677,0.0,null],[115.41295,1.54724,0.0,null],[115.38592,1.53665,0.0,null],[115.38033,1.54048,0.0,null],[115.37764,1.54814,0.0,null],[115.38146,1.56269,0.0,null],[115.39139,1.58342,0.0,null],[115.37686,1.59447,0.0,null],[115.36472,1.60004,0.0,null],[115.34538,1.61474,0.0,null],[115.30561,1.63501,0.0,null],[115.29419,1.64986,0.0,null],[115.29041,1.67028,0.0,null],[115.28577,1.67734,0.0,null],[115.28306,1.6782,0.0,null],[115.28213,1.66735,0.0,null],[115.2787,1.65415,0.0,null],[115.27535,1.64679,0.0,null],[115.26607,1.64401,0.0,null],[115.25814,1.65036,0.0,null]]]}},{"type":"Feature","properties":{"inventoryId":"big-forestry-ha:73","sector":"PBPH","subtype":"IUPHHK-HA","quality":"OFFICIAL","sourceDataset":"big-forestry-ha","sourceRecordId":"73","source":"BIG Kebijakan Satu Peta","sourceUrl":"https://kspservices.big.go.id/satupeta/rest/services/PUBLIK/PERIZINAN_DAN_PERTANAHAN/MapServer/1","retrievedAt":"2026-08-24T04:32:16Z","geometryProcessing":"web display simplification tolerance 0.00035 degrees","name":"PT SUMALINDO LESTARI JAYA IV","permitNumber":"SK.582/Menhut-II/2009","permitDate":"2009-10-02","areaHa":63550.0,"provinceCode":"64","region":"kalimantan"},"geometry":{"type":"Polygon","coordinates":[[[116.68258,2.3206,0.0,null],[116.68227,2.32192,0.0,null],[116.68102,2.32234,0.0,null],[116.68132,2.3231,0.0,null],[116.68841,2.3269,0.0,null],[116.71958,2.33556,0.0,null],[116.72504,2.33644,0.0,null],[116.73264,2.33656,0.0,null],[116.7394,2.33819,0.0,null],[116.74509,2.3389,0.0,null],[116.75664,2.33881,0.0,null],[116.77999,2.34099,0.0,null],[116.81034,2.3482,0.0,null],[116.82391,2.35029,0.0,null],[116.83222,2.35432,0.0,null],[116.83858,2.35504,0.0,null],[116.84536,2.35494,0.0,null],[116.8755,2.35769,0.0,null],[116.87886,2.35901,0.0,null],[116.88572,2.36497,0.0,null],[116.87664,2.37355,0.0,null],[116.85051,2.36598,0.0,null],[116.82535,2.36496,0.0,null],[116.79016,2.34931,0.0,null],[116.75598,2.34965,0.0,null],[116.73573,2.35375,0.0,null],[116.70932,2.34671,0.0,null],[116.68096,2.33579,0.0,null],[116.67672,2.33305,0.0,null],[116.6754,2.333,0.0,null],[116.67329,2.33094,0.0,null],[116.67275,2.33114,0.0,null],[116.67278,2.33222,0.0,null],[116.67243,2.33125,0.0,null],[116.67313,2.33064,0.0,null],[116.65988,2.32172,0.0,null],[116.60669,2.25654,0.0,null],[116.59171,2.23093,0.0,null],[116.58243,2.2042,0.0,null],[116.57591,2.15847,0.0,null],[116.58111,2.13236,0.0,null],[116.57888,2.11924,0.0,null],[116.592,2.09418,0.0,null],[116.61393,2.07942,0.0,null],[116.6573,2.06635,0.0,null],[116.68593,2.06925,0.0,null],[116.73715,2.08457,0.0,null],[116.75254,2.09264,0.0,null],[116.80387,2.09277,0.0,null],[116.85647,2.09513,0.0,null],[116.8587,2.09361,0.0,null],[116.86667,2.12389,0.0,null],[116.89136,2.16695,0.0,null],[116.921,2.21439,0.0,null],[116.92094,2.2163,0.0,null],[116.92142,2.21709,0.0,null],[116.91653,2.21984,0.0,null],[116.91317,2.22045,0.0,null],[116.90971,2.21984,0.0,null],[116.90523,2.218,0.0,null],[116.90116,2.21505,0.0,null],[116.89739,2.21648,0.0,null],[116.89627,2.2181,0.0,null],[116.89515,2.22645,0.0,null],[116.89271,2.23704,0.0,null],[116.88833,2.24366,0.0,null],[116.881,2.2513,0.0,null],[116.88202,2.27278,0.0,null],[116.86481,2.2738,0.0,null],[116.85493,2.27339,0.0,null],[116.84882,2.27461,0.0,null],[116.84648,2.27298,0.0,null],[116.83029,2.26628,0.0,null],[116.84342,2.25595,0.0,null],[116.83085,2.24007,0.0,null],[116.79055,2.18666,0.0,null],[116.74151,2.18433,0.0,null],[116.7329,2.20238,0.0,null],[116.7334,2.2008,0.0,null],[116.72968,2.20042,0.0,null],[116.71948,2.20259,0.0,null],[116.71621,2.20274,0.0,null],[116.71226,2.20154,0.0,null],[116.70876,2.199,0.0,null],[116.70534,2.19892,0.0,null],[116.70348,2.19735,0.0,null],[116.70243,2.19547,0.0,null],[116.70072,2.19405,0.0,null],[116.70102,2.18828,0.0,null],[116.69968,2.18394,0.0,null],[116.69685,2.18094,0.0,null],[116.69343,2.18034,0.0,null],[116.69239,2.18162,0.0,null],[116.69268,2.18379,0.0,null],[116.69492,2.18431,0.0,null],[116.69767,2.18896,0.0,null],[116.69648,2.19607,0.0,null],[116.69767,2.19884,0.0,null],[116.69655,2.19974,0.0,null],[116.69409,2.19944,0.0,null],[116.69253,2.19989,0.0,null],[116.69194,2.20131,0.0,null],[116.70132,2.20416,0.0,null],[116.70563,2.20424,0.0,null],[116.70973,2.20559,0.0,null],[116.71881,2.20686,0.0,null],[116.72119,2.20439,0.0,null],[116.7321,2.20402,0.0,null],[116.72189,2.22488,0.0,null],[116.72541,2.26811,0.0,null],[116.72233,2.26893,0.0,null],[116.72193,2.26959,0.0,null],[116.72292,2.27204,0.0,null],[116.71768,2.27446,0.0,null],[116.71341,2.27858,0.0,null],[116.70598,2.28866,0.0,null],[116.70568,2.29049,0.0,null],[116.70486,2.29151,0.0,null],[116.70048,2.29314,0.0,null],[116.69906,2.29579,0.0,null],[116.69865,2.29813,0.0,null],[116.6958,2.29935,0.0,null],[116.69448,2.30088,0.0,null],[116.69386,2.30475,0.0,null],[116.69295,2.30668,0.0,null],[116.69152,2.3077,0.0,null],[116.68592,2.30943,0.0,null],[116.6846,2.31065,0.0,null],[116.68358,2.3133,0.0,null],[116.68328,2.3188,0.0,null],[116.68258,2.3206,0.0,null]]]}},{"type":"Feature","properties":{"inventoryId":"big-forestry-ha:28","sector":"PBPH","subtype":"IUPHHK-HA","quality":"OFFICIAL","sourceDataset":"big-forestry-ha","sourceRecordId":"28","source":"BIG Kebijakan Satu Peta","sourceUrl":"https://kspservices.big.go.id/satupeta/rest/services/PUBLIK/PERIZINAN_DAN_PERTANAHAN/MapServer/1","retrievedAt":"2026-08-24T04:32:16Z","geometryProcessing":"web display simplification tolerance 0.00035 degrees","name":"PT SUMALINDO LESTARI JAYA V","permitNumber":"SK.321/Menhut-II/2009","permitDate":"2009-05-29","areaHa":61465.0,"provinceCode":"64","region":"kalimantan"},"geometry":{"type":"MultiPolygon","coordinates":[[[[115.30322,0.74378,0.0,null],[115.25158,0.73976,0.0,null],[115.25142,0.7283,0.0,null],[115.24927,0.72588,0.0,null],[115.24688,0.72557,0.0,null],[115.24292,0.72791,0.0,null],[115.23924,0.72864,0.0,null],[115.2369,0.72857,0.0,null],[115.23267,0.72688,0.0,null],[115.23033,0.72664,0.0,null],[115.21166,0.72631,0.0,null],[115.20415,0.7287,0.0,null],[115.19499,0.73488,0.0,null],[115.18919,0.73766,0.0,null],[115.17486,0.73731,0.0,null],[115.17271,0.73833,0.0,null],[115.17049,0.73844,0.0,null],[115.17078,0.72727,0.0,null],[115.16823,0.72135,0.0,null],[115.16631,0.71859,0.0,null],[115.16359,0.71616,0.0,null],[115.15795,0.71397,0.0,null],[115.15446,0.71386,0.0,null],[115.14443,0.71679,0.0,null],[115.13702,0.71993,0.0,null],[115.1379,0.70845,0.0,null],[115.13677,0.70485,0.0,null],[115.14291,0.69865,0.0,null],[115.14404,0.69587,0.0,null],[115.14379,0.69319,0.0,null],[115.14429,0.6914,0.0,null],[115.14722,0.685,0.0,null],[115.14769,0.681,0.0,null],[115.14674,0.6756,0.0,null],[115.14738,0.671,0.0,null],[115.14621,0.66799,0.0,null],[115.14737,0.66375,0.0,null],[115.14864,0.66205,0.0,null],[115.1488,0.66,0.0,null],[115.15149,0.65327,0.0,null],[115.15288,0.64657,0.0,null],[115.15394,0.64622,0.0,null],[115.15439,0.64399,0.0,null],[115.15759,0.64069,0.0,null],[115.15954,0.63553,0.0,null],[115.16134,0.62829,0.0,null],[115.16357,0.62405,0.0,null],[115.16192,0.62091,0.0,null],[115.15923,0.61919,0.0,null],[115.15803,0.61943,0.0,null],[115.15719,0.62077,0.0,null],[115.15028,0.62053,0.0,null],[115.14551,0.62178,0.0,null],[115.14374,0.61933,0.0,null],[115.13995,0.61754,0.0,null],[115.13888,0.61424,0.0,null],[115.13795,0.61351,0.0,null],[115.13674,0.60925,0.0,null],[115.1341,0.606,0.0,null],[115.13334,0.59931,0.0,null],[115.13476,0.59413,0.0,null],[115.13451,0.5914,0.0,null],[115.13241,0.58778,0.0,null],[115.12939,0.58641,0.0,null],[115.12844,0.58366,0.0,null],[115.12491,0.58108,0.0,null],[115.12784,0.57474,0.0,null],[115.13007,0.57356,0.0,null],[115.13453,0.57527,0.0,null],[115.13838,0.57269,0.0,null],[115.13934,0.57107,0.0,null],[115.14112,0.57058,0.0,null],[115.14246,0.56867,0.0,null],[115.14687,0.56505,0.0,null],[115.15319,0.56234,0.0,null],[115.16121,0.56057,0.0,null],[115.16397,0.55732,0.0,null],[115.1656,0.55663,0.0,null],[115.16976,0.55276,0.0,null],[115.17228,0.55199,0.0,null],[115.17398,0.5502,0.0,null],[115.17801,0.54867,0.0,null],[115.18094,0.54659,0.0,null],[115.18324,0.54612,0.0,null],[115.18606,0.54465,0.0,null],[115.18835,0.54257,0.0,null],[115.18959,0.54262,0.0,null],[115.19032,0.54173,0.0,null],[115.19141,0.54146,0.0,null],[115.19355,0.53853,0.0,null],[115.19458,0.536,0.0,null],[115.19813,0.53449,0.0,null],[115.20032,0.53515,0.0,null],[115.20212,0.53684,0.0,null],[115.20438,0.54033,0.0,null],[115.20447,0.54266,0.0,null],[115.20321,0.54731,0.0,null],[115.2048,0.5501,0.0,null],[115.20948,0.5513,0.0,null],[115.21656,0.54934,0.0,null],[115.21918,0.54968,0.0,null],[115.22391,0.54535,0.0,null],[115.23051,0.53271,0.0,null],[115.23188,0.53109,0.0,null],[115.23655,0.53154,0.0,null],[115.23771,0.53062,0.0,null],[115.23898,0.53065,0.0,null],[115.24329,0.52718,0.0,null],[115.2447,0.52491,0.0,null],[115.24635,0.51782,0.0,null],[115.24785,0.51587,0.0,null],[115.26245,0.51976,0.0,null],[115.2694,0.52221,0.0,null],[115.27766,0.52791,0.0,null],[115.28426,0.53643,0.0,null],[115.2998,0.54692,0.0,null],[115.30728,0.55034,0.0,null],[115.31904,0.55345,0.0,null],[115.32351,0.55412,0.0,null],[115.33144,0.55684,0.0,null],[115.33668,0.55961,0.0,null],[115.33929,0.56208,0.0,null],[115.34916,0.56832,0.0,null],[115.35509,0.56816,0.0,null],[115.35935,0.56671,0.0,null],[115.36546,0.56271,0.0,null],[115.36629,0.57151,0.0,null],[115.36491,0.5744,0.0,null],[115.39813,0.61428,0.0,null],[115.39124,0.62138,0.0,null],[115.38192,0.66822,0.0,null],[115.38071,0.66978,0.0,null],[115.36997,0.67066,0.0,null],[115.34875,0.6546,0.0,null],[115.34794,0.65705,0.0,null],[115.24258,0.57366,0.0,null],[115.24086,0.57243,0.0,null],[115.2394,0.57421,0.0,null],[115.23293,0.59433,0.0,null],[115.23461,0.61723,0.0,null],[115.24585,0.63741,0.0,null],[115.25481,0.65568,0.0,null],[115.26,0.67927,0.0,null],[115.26977,0.70112,0.0,null],[115.27882,0.71175,0.0,null],[115.30322,0.74378,0.0,null]]],[[[114.19754,0.70754,0.0,null],[114.18898,0.70757,0.0,null],[114.18685,0.70687,0.0,null],[114.18326,0.70693,0.0,null],[114.17226,0.70517,0.0,null],[114.16814,0.70502,0.0,null],[114.14015,0.69726,0.0,null],[114.1386,0.69634,0.0,null],[114.14327,0.68886,0.0,null],[114.14556,0.68172,0.0,null],[114.14561,0.68017,0.0,null],[114.15044,0.66991,0.0,null],[114.16161,0.65641,0.0,null],[114.16639,0.65182,0.0,null],[114.17358,0.64655,0.0,null],[114.17707,0.64294,0.0,null],[114.18365,0.63354,0.0,null],[114.18468,0.62991,0.0,null],[114.18564,0.62856,0.0,null],[114.18629,0.61897,0.0,null],[114.18425,0.61289,0.0,null],[114.17743,0.59932,0.0,null],[114.17484,0.59088,0.0,null],[114.17505,0.58435,0.0,null],[114.17574,0.5806,0.0,null],[114.18168,0.56613,0.0,null],[114.18256,0.56005,0.0,null],[114.19144,0.55918,0.0,null],[114.19836,0.56054,0.0,null],[114.20093,0.5605,0.0,null],[114.20271,0.56127,0.0,null],[114.20811,0.56139,0.0,null],[114.20753,0.56238,0.0,null],[114.20676,0.56772,0.0,null],[114.20638,0.57842,0.0,null],[114.20699,0.5807,0.0,null],[114.21122,0.58784,0.0,null],[114.21545,0.59188,0.0,null],[114.22584,0.59788,0.0,null],[114.24825,0.61346,0.0,null],[114.25327,0.61612,0.0,null],[114.26475,0.6197,0.0,null],[114.29779,0.62513,0.0,null],[114.30659,0.62515,0.0,null],[114.31483,0.62323,0.0,null],[114.32397,0.61964,0.0,null],[114.33291,0.6148,0.0,null],[114.33841,0.6127,0.0,null],[114.35143,0.60893,0.0,null],[114.36889,0.60502,0.0,null],[114.3803,0.60105,0.0,null],[114.38494,0.59879,0.0,null],[114.40308,0.58755,0.0,null],[114.4084,0.58099,0.0,null],[114.41137,0.57472,0.0,null],[114.42094,0.5762,0.0,null],[114.43238,0.58081,0.0,null],[114.43571,0.58178,0.0,null],[114.43909,0.58182,0.0,null],[114.43131,0.623,0.0,null],[114.42801,0.62288,0.0,null],[114.41757,0.62003,0.0,null],[114.40234,0.61457,0.0,null],[114.40052,0.6146,0.0,null],[114.39288,0.61181,0.0,null],[114.37686,0.62033,0.0,null],[114.36597,0.62452,0.0,null],[114.31631,0.64627,0.0,null],[114.30916,0.64879,0.0,null],[114.30486,0.6511,0.0,null],[114.2826,0.65858,0.0,null],[114.26041,0.66709,0.0,null],[114.23656,0.67522,0.0,null],[114.22469,0.67543,0.0,null],[114.22292,0.67495,0.0,null],[114.21252,0.67512,0.0,null],[114.20966,0.67455,0.0,null],[114.20007,0.67471,0.0,null],[114.19783,0.67418,0.0,null],[114.19418,0.67424,0.0,null],[114.18919,0.67307,0.0,null],[114.18108,0.67327,0.0,null],[114.17926,0.6769,0.0,null],[114.18018,0.68083,0.0,null],[114.18259,0.68468,0.0,null],[114.188,0.69071,0.0,null],[114.19401,0.69427,0.0,null],[114.20153,0.70038,0.0,null],[114.20266,0.70282,0.0,null],[114.2023,0.70528,0.0,null],[114.20039,0.70669,0.0,null],[114.19754,0.70754,0.0,null]]],[[[114.66975,0.71161,0.0,null],[114.68113,0.71808,0.0,null],[114.686,0.71942,0.0,null],[114.68177,0.73606,0.0,null],[114.68098,0.74883,0.0,null],[114.69927,0.77216,0.0,null],[114.64568,0.78302,0.0,null],[114.64788,0.70738,0.0,null],[114.65511,0.70981,0.0,null],[114.66473,0.71147,0.0,null],[114.66975,0.71161,0.0,null]]],[[[115.42501,0.48732,0.0,null],[115.4237,0.4886,0.0,null],[115.4213,0.48137,0.0,null],[115.44776,0.43234,0.0,null],[115.45213,0.43263,0.0,null],[115.45339,0.43132,0.0,null],[115.46236,0.43151,0.0,null],[115.48272,0.45009,0.0,null],[115.48251,0.45269,0.0,null],[115.46016,0.4678,0.0,null],[115.4267,0.4856,0.0,null],[115.42501,0.48732,0.0,null]]]]}},{"type":"Feature","properties":{"inventoryId":"big-forestry-ha:55","sector":"PBPH","subtype":"IUPHHK-HA","quality":"OFFICIAL","sourceDataset":"big-forestry-ha","sourceRecordId":"55","source":"BIG Kebijakan Satu Peta","sourceUrl":"https://kspservices.big.go.id/satupeta/rest/services/PUBLIK/PERIZINAN_DAN_PERTANAHAN/MapServer/1","retrievedAt":"2026-08-24T04:32:16Z","geometryProcessing":"web display simplification tolerance 0.00035 degrees","name":"PT TAMAN RAJA PERSADA","permitNumber":"SK.262/Menhut-II/2008","permitDate":"2008-07-16","areaHa":58500.0,"provinceCode":"62","region":"kalimantan"},"geometry":{"type":"Polygon","coordinates":[[[114.5305,0.09403,0.0,null],[114.51859,0.09502,0.0,null],[114.51339,0.09372,0.0,null],[114.50339,0.09292,0.0,null],[114.49409,0.09292,0.0,null],[114.48327,0.09068,0.0,null],[114.48049,0.08852,0.0,null],[114.47499,0.08852,0.0,null],[114.46086,0.0849,0.0,null],[114.45499,0.08182,0.0,null],[114.44546,0.0743,0.0,null],[114.43949,0.06832,0.0,null],[114.43369,0.06102,0.0,null],[114.42962,0.05408,0.0,null],[114.42526,0.0511,0.0,null],[114.42139,0.04972,0.0,null],[114.43569,-0.0735,0.0,null],[114.44039,-0.09888,0.0,null],[114.44499,-0.09958,0.0,null],[114.44859,-0.10388,0.0,null],[114.44999,-0.10788,0.0,null],[114.44909,-0.12328,0.0,null],[114.44289,-0.15178,0.0,null],[114.42949,-0.17858,0.0,null],[114.42369,-0.21018,0.0,null],[114.42089,-0.23758,0.0,null],[114.41159,-0.26158,0.0,null],[114.3978,-0.27362,0.0,null],[114.40263,-0.28577,0.0,null],[114.4082,-0.30209,0.0,null],[114.41822,-0.32444,0.0,null],[114.45933,-0.3252,0.0,null],[114.46388,-0.31134,0.0,null],[114.46713,-0.29747,0.0,null],[114.47421,-0.27507,0.0,null],[114.47774,-0.25999,0.0,null],[114.51749,-0.25887,0.0,null],[114.55607,-0.161,0.0,null],[114.56787,-0.12852,0.0,null],[114.5905,-0.07054,0.0,null],[114.59903,-0.04719,0.0,null],[114.60608,-0.02542,0.0,null],[114.60039,-0.02673,0.0,null],[114.59602,-0.02673,0.0,null],[114.57765,-0.02258,0.0,null],[114.56934,-0.01886,0.0,null],[114.54616,-0.00486,0.0,null],[114.54551,0.03668,0.0,null],[114.57586,0.04751,0.0,null],[114.55921,0.086,0.0,null],[114.55102,0.09042,0.0,null],[114.55039,0.09272,0.0,null],[114.5305,0.09403,0.0,null]]]}},{"type":"Feature","properties":{"inventoryId":"big-forestry-ha:122","sector":"PBPH","subtype":"IUPHHK-HA","quality":"OFFICIAL","sourceDataset":"big-forestry-ha","sourceRecordId":"122","source":"BIG Kebijakan Satu Peta","sourceUrl":"https://kspservices.big.go.id/satupeta/rest/services/PUBLIK/PERIZINAN_DAN_PERTANAHAN/MapServer/1","retrievedAt":"2026-08-24T04:32:16Z","geometryProcessing":"web display simplification tolerance 0.00035 degrees","name":"PT TIMBER DANA","permitNumber":"SK.186/Menhut-II/2014","permitDate":"2014-02-24","areaHa":72330.0,"provinceCode":"64","region":"kalimantan"},"geometry":{"type":"Polygon","coordinates":[[[115.68653,-0.83159,0.0,null],[115.36889,-0.72506,0.0,null],[115.38056,-0.79068,0.0,null],[115.37132,-0.8174,0.0,null],[115.35534,-0.85485,0.0,null],[115.35519,-0.86954,0.0,null],[115.35691,-0.89079,0.0,null],[115.38097,-0.90241,0.0,null],[115.40176,-0.90725,0.0,null],[115.41981,-0.90411,0.0,null],[115.43305,-0.90083,0.0,null],[115.44805,-0.89971,0.0,null],[115.45858,-0.90165,0.0,null],[115.46802,-0.90408,0.0,null],[115.47231,-0.90519,0.0,null],[115.49178,-0.91709,0.0,null],[115.49928,-0.92609,0.0,null],[115.52498,-0.93168,0.0,null],[115.53882,-0.93561,0.0,null],[115.55381,-0.94172,0.0,null],[115.56729,-0.94987,0.0,null],[115.58849,-0.96517,0.0,null],[115.60628,-0.97894,0.0,null],[115.65835,-1.03374,0.0,null],[115.67116,-1.03781,0.0,null],[115.69567,-1.05029,0.0,null],[115.70772,-1.02738,0.0,null],[115.7192,-1.01783,0.0,null],[115.71856,-1.01309,0.0,null],[115.72105,-1.00873,0.0,null],[115.72575,-1.00882,0.0,null],[115.72665,-1.00429,0.0,null],[115.72411,-0.99431,0.0,null],[115.71283,-0.99645,0.0,null],[115.71506,-0.98837,0.0,null],[115.73381,-0.97616,0.0,null],[115.74515,-0.9861,0.0,null],[115.74979,-0.9824,0.0,null],[115.75308,-0.97569,0.0,null],[115.76061,-0.97586,0.0,null],[115.76409,-0.98862,0.0,null],[115.77068,-0.99976,0.0,null],[115.78404,-1.00215,0.0,null],[115.79242,-0.99851,0.0,null],[115.8053,-0.98564,0.0,null],[115.81444,-0.9845,0.0,null],[115.8193,-0.98947,0.0,null],[115.83217,-0.99445,0.0,null],[115.84058,-0.99499,0.0,null],[115.8423,-0.99858,0.0,null],[115.80561,-1.01959,0.0,null],[115.80938,-1.02777,0.0,null],[115.80809,-1.0314,0.0,null],[115.80254,-1.02403,0.0,null],[115.8002,-1.0311,0.0,null],[115.78393,-1.05062,0.0,null],[115.77608,-1.05026,0.0,null],[115.77382,-1.0536,0.0,null],[115.76262,-1.05787,0.0,null],[115.76259,-1.06069,0.0,null],[115.76619,-1.06562,0.0,null],[115.76156,-1.0713,0.0,null],[115.7666,-1.07613,0.0,null],[115.75981,-1.08986,0.0,null],[115.76808,-1.09472,0.0,null],[115.77535,-1.08426,0.0,null],[115.79823,-1.07158,0.0,null],[115.83005,-1.07211,0.0,null],[115.86206,-1.1081,0.0,null],[115.86577,-1.13951,0.0,null],[115.86878,-1.1439,0.0,null],[115.8692,-1.15156,0.0,null],[115.8701,-1.15528,0.0,null],[115.88567,-1.17998,0.0,null],[115.88076,-1.20049,0.0,null],[115.88682,-1.20733,0.0,null],[115.89407,-1.21292,0.0,null],[115.90308,-1.22117,0.0,null],[115.90797,-1.22516,0.0,null],[115.91664,-1.23002,0.0,null],[115.9331,-1.22206,0.0,null],[115.91824,-1.19034,0.0,null],[115.89611,-1.1287,0.0,null],[115.88007,-1.05825,0.0,null],[115.87798,-1.02706,0.0,null],[115.87832,-1.01391,0.0,null],[115.88446,-0.99339,0.0,null],[115.89541,-0.97536,0.0,null],[115.8509,-0.98544,0.0,null],[115.73229,-0.95888,0.0,null],[115.69673,-0.9778,0.0,null],[115.6745,-0.97805,0.0,null],[115.67507,-0.94056,0.0,null],[115.65725,-0.94001,0.0,null],[115.64642,-0.94212,0.0,null],[115.63314,-0.94556,0.0,null],[115.6229,-0.95026,0.0,null],[115.61531,-0.95764,0.0,null],[115.60734,-0.95598,0.0,null],[115.5966,-0.93205,0.0,null],[115.58927,-0.92644,0.0,null],[115.58092,-0.92593,0.0,null],[115.5727,-0.92911,0.0,null],[115.56777,-0.92313,0.0,null],[115.56512,-0.923,0.0,null],[115.55987,-0.92115,0.0,null],[115.5586,-0.92115,0.0,null],[115.55747,-0.92204,0.0,null],[115.55418,-0.92153,0.0,null],[115.55216,-0.91987,0.0,null],[115.55064,-0.91936,0.0,null],[115.55266,-0.91402,0.0,null],[115.55267,-0.90651,0.0,null],[115.55368,-0.90498,0.0,null],[115.55419,-0.90091,0.0,null],[115.55571,-0.89887,0.0,null],[115.55887,-0.8962,0.0,null],[115.56355,-0.89557,0.0,null],[115.57126,-0.8957,0.0,null],[115.58492,-0.88208,0.0,null],[115.58771,-0.88005,0.0,null],[115.5891,-0.87737,0.0,null],[115.59125,-0.8761,0.0,null],[115.59251,-0.87457,0.0,null],[115.60111,-0.8742,0.0,null],[115.60548,-0.86866,0.0,null],[115.6056,-0.86739,0.0,null],[115.60712,-0.86561,0.0,null],[115.60687,-0.86408,0.0,null],[115.60839,-0.8609,0.0,null],[115.61016,-0.86013,0.0,null],[115.61193,-0.86192,0.0,null],[115.61724,-0.86014,0.0,null],[115.61926,-0.85861,0.0,null],[115.62116,-0.85899,0.0,null],[115.62483,-0.85759,0.0,null],[115.62597,-0.85798,0.0,null],[115.62719,-0.85472,0.0,null],[115.62459,-0.85217,0.0,null],[115.6251,-0.848,0.0,null],[115.6207,-0.84832,0.0,null],[115.61873,-0.84751,0.0,null],[115.61753,-0.8435,0.0,null],[115.61782,-0.84202,0.0,null],[115.62039,-0.84192,0.0,null],[115.62197,-0.84252,0.0,null],[115.62307,-0.84318,0.0,null],[115.62333,-0.84447,0.0,null],[115.62427,-0.84538,0.0,null],[115.6254,-0.8459,0.0,null],[115.62719,-0.84576,0.0,null],[115.62957,-0.84168,0.0,null],[115.62911,-0.83905,0.0,null],[115.6328,-0.83736,0.0,null],[115.63836,-0.83957,0.0,null],[115.64007,-0.8397,0.0,null],[115.64089,-0.83914,0.0,null],[115.64253,-0.83959,0.0,null],[115.64445,-0.84119,0.0,null],[115.64874,-0.84142,0.0,null],[115.6505,-0.83899,0.0,null],[115.65494,-0.83795,0.0,null],[115.65789,-0.83644,0.0,null],[115.65881,-0.8376,0.0,null],[115.65972,-0.83786,0.0,null],[115.66251,-0.83503,0.0,null],[115.6645,-0.83616,0.0,null],[115.66644,-0.83518,0.0,null],[115.66715,-0.83533,0.0,null],[115.66801,-0.83455,0.0,null],[115.66985,-0.83537,0.0,null],[115.67129,-0.83527,0.0,null],[115.67212,-0.83363,0.0,null],[115.67308,-0.83345,0.0,null],[115.67485,-0.8344,0.0,null],[115.67775,-0.83451,0.0,null],[115.6782,-0.83706,0.0,null],[115.68086,-0.83897,0.0,null],[115.68353,-0.84197,0.0,null],[115.6871,-0.8442,0.0,null],[115.69542,-0.84777,0.0,null],[115.69689,-0.8476,0.0,null],[115.71116,-0.85195,0.0,null],[115.71765,-0.84194,0.0,null],[115.68653,-0.83159,0.0,null]]]}},{"type":"Feature","properties":{"inventoryId":"big-forestry-ha:58","sector":"PBPH","subtype":"IUPHHK-HA","quality":"OFFICIAL","sourceDataset":"big-forestry-ha","sourceRecordId":"58","source":"BIG Kebijakan Satu Peta","sourceUrl":"https://kspservices.big.go.id/satupeta/rest/services/PUBLIK/PERIZINAN_DAN_PERTANAHAN/MapServer/1","retrievedAt":"2026-08-24T04:32:16Z","geometryProcessing":"web display simplification tolerance 0.00035 degrees","name":"PT TINGANG KARYA MANDIRI","permitNumber":"SK.73/Kpts-II/2000","permitDate":"2000-12-22","areaHa":44925.0,"provinceCode":"62","region":"kalimantan"},"geometry":{"type":"Polygon","coordinates":[[[114.78655,-1.48523,0.0,null],[114.59756,-1.48423,0.0,null],[114.59519,-1.56635,0.0,null],[114.58577,-1.56661,0.0,null],[114.58719,-1.58841,0.0,null],[114.64246,-1.66689,0.0,null],[114.76514,-1.66725,0.0,null],[114.76614,-1.66154,0.0,null],[114.77171,-1.64519,0.0,null],[114.78228,-1.61719,0.0,null],[114.79456,-1.59763,0.0,null],[114.78556,-1.60077,0.0,null],[114.75586,-1.61376,0.0,null],[114.739,-1.62219,0.0,null],[114.73643,-1.6077,0.0,null],[114.73601,-1.59341,0.0,null],[114.771,-1.57335,0.0,null],[114.78542,-1.55964,0.0,null],[114.79228,-1.55592,0.0,null],[114.7977,-1.55478,0.0,null],[114.80156,-1.55678,0.0,null],[114.80356,-1.55892,0.0,null],[114.81613,-1.537,0.0,null],[114.83086,-1.5045,0.0,null],[114.81745,-1.48553,0.0,null],[114.78655,-1.48523,0.0,null]]]}},{"type":"Feature","properties":{"inventoryId":"big-forestry-ha:5","sector":"PBPH","subtype":"IUPHHK-HA","quality":"OFFICIAL","sourceDataset":"big-forestry-ha","sourceRecordId":"5","source":"BIG Kebijakan Satu Peta","sourceUrl":"https://kspservices.big.go.id/satupeta/rest/services/PUBLIK/PERIZINAN_DAN_PERTANAHAN/MapServer/1","retrievedAt":"2026-08-24T04:32:16Z","geometryProcessing":"web display simplification tolerance 0.00035 degrees","name":"PT TORAS BANUA SUKSES","permitNumber":"SK.107/Menhut-II/2006","permitDate":"2006-04-17","areaHa":24920.0,"provinceCode":"61","region":"kalimantan"},"geometry":{"type":"Polygon","coordinates":[[[113.03708,1.00894,0.0,null],[113.03288,1.01684,0.0,null],[113.03488,1.02464,0.0,null],[113.00158,0.99594,0.0,null],[113.01398,0.99534,0.0,null],[113.01708,0.97204,0.0,null],[113.03888,0.97274,0.0,null],[113.04058,0.96684,0.0,null],[113.05808,0.96704,0.0,null],[113.05808,0.95844,0.0,null],[113.03268,0.95874,0.0,null],[113.02968,0.95664,0.0,null],[113.02478,0.95074,0.0,null],[113.01698,0.94614,0.0,null],[113.01018,0.94304,0.0,null],[113.00548,0.93884,0.0,null],[113.00288,0.93544,0.0,null],[113.00178,0.93294,0.0,null],[113.00228,0.93074,0.0,null],[113.00498,0.92874,0.0,null],[113.00938,0.92714,0.0,null],[113.01708,0.91784,0.0,null],[113.01938,0.91424,0.0,null],[113.02158,0.91354,0.0,null],[113.02398,0.91504,0.0,null],[113.02638,0.92384,0.0,null],[113.02788,0.92744,0.0,null],[113.03608,0.93504,0.0,null],[113.04068,0.93734,0.0,null],[113.04518,0.93834,0.0,null],[113.05038,0.93864,0.0,null],[113.05518,0.93984,0.0,null],[113.06208,0.94444,0.0,null],[113.06948,0.94624,0.0,null],[113.07368,0.94524,0.0,null],[113.07128,0.93834,0.0,null],[113.07378,0.93464,0.0,null],[113.06808,0.92854,0.0,null],[113.06738,0.92584,0.0,null],[113.06608,0.92354,0.0,null],[113.06018,0.92014,0.0,null],[113.05998,0.91704,0.0,null],[113.06258,0.91534,0.0,null],[113.06588,0.91434,0.0,null],[113.06908,0.91524,0.0,null],[113.07748,0.92134,0.0,null],[113.08458,0.92324,0.0,null],[113.08348,0.93024,0.0,null],[113.08398,0.93374,0.0,null],[113.08578,0.93714,0.0,null],[113.08888,0.93904,0.0,null],[113.09198,0.93374,0.0,null],[113.09398,0.93244,0.0,null],[113.09688,0.93404,0.0,null],[113.10058,0.93744,0.0,null],[113.10418,0.93884,0.0,null],[113.10788,0.93734,0.0,null],[113.10668,0.93054,0.0,null],[113.10928,0.93004,0.0,null],[113.11388,0.93324,0.0,null],[113.12198,0.94154,0.0,null],[113.12558,0.94424,0.0,null],[113.12928,0.94574,0.0,null],[113.13228,0.94564,0.0,null],[113.14128,0.94174,0.0,null],[113.14558,0.94244,0.0,null],[113.15308,0.94264,0.0,null],[113.17938,0.94094,0.0,null],[113.18348,0.93634,0.0,null],[113.18578,0.92834,0.0,null],[113.18218,0.92464,0.0,null],[113.17558,0.92364,0.0,null],[113.16938,0.92454,0.0,null],[113.16458,0.92434,0.0,null],[113.16168,0.92324,0.0,null],[113.15888,0.92124,0.0,null],[113.15668,0.91884,0.0,null],[113.15558,0.91484,0.0,null],[113.15818,0.90374,0.0,null],[113.15768,0.89954,0.0,null],[113.15448,0.89604,0.0,null],[113.15078,0.89884,0.0,null],[113.15008,0.90314,0.0,null],[113.15228,0.90894,0.0,null],[113.15238,0.91314,0.0,null],[113.14948,0.91484,0.0,null],[113.14578,0.91404,0.0,null],[113.14338,0.91444,0.0,null],[113.14058,0.91974,0.0,null],[113.13688,0.92194,0.0,null],[113.13098,0.91884,0.0,null],[113.12808,0.91914,0.0,null],[113.12118,0.92184,0.0,null],[113.11858,0.92014,0.0,null],[113.12068,0.91204,0.0,null],[113.11868,0.90864,0.0,null],[113.11608,0.90674,0.0,null],[113.11248,0.90124,0.0,null],[113.11008,0.89354,0.0,null],[113.10848,0.89064,0.0,null],[113.10328,0.88634,0.0,null],[113.14318,0.86084,0.0,null],[113.15438,0.85534,0.0,null],[113.15888,0.85834,0.0,null],[113.17808,0.85594,0.0,null],[113.20118,0.86174,0.0,null],[113.21808,0.87534,0.0,null],[113.23118,0.87574,0.0,null],[113.24028,0.86924,0.0,null],[113.25038,0.88124,0.0,null],[113.25218,0.92144,0.0,null],[113.24588,0.94304,0.0,null],[113.22878,0.95304,0.0,null],[113.21768,0.95794,0.0,null],[113.20888,0.96494,0.0,null],[113.17388,1.00364,0.0,null],[113.15738,1.01304,0.0,null],[113.15348,1.01404,0.0,null],[113.14878,1.01074,0.0,null],[113.14818,1.00804,0.0,null],[113.14828,1.00524,0.0,null],[113.14618,1.00254,0.0,null],[113.14718,0.99814,0.0,null],[113.14678,0.99444,0.0,null],[113.14358,0.99344,0.0,null],[113.14238,0.98774,0.0,null],[113.13928,0.98654,0.0,null],[113.13588,0.98234,0.0,null],[113.13238,0.98244,0.0,null],[113.10598,0.98384,0.0,null],[113.09008,0.98894,0.0,null],[113.08048,0.99594,0.0,null],[113.05808,0.99574,0.0,null],[113.03708,1.00894,0.0,null]]]}},{"type":"Feature","properties":{"inventoryId":"big-forestry-ha:68","sector":"PBPH","subtype":"IUPHHK-HA","quality":"OFFICIAL","sourceDataset":"big-forestry-ha","sourceRecordId":"68","source":"BIG Kebijakan Satu Peta","sourceUrl":"https://kspservices.big.go.id/satupeta/rest/services/PUBLIK/PERIZINAN_DAN_PERTANAHAN/MapServer/1","retrievedAt":"2026-08-24T04:32:16Z","geometryProcessing":"web display simplification tolerance 0.00035 degrees","name":"PT TRISETIA CITAGRAHA","permitNumber":"SK.395/Menhut-II/2006","permitDate":"2006-07-17","areaHa":28200.0,"provinceCode":"62","region":"kalimantan"},"geometry":{"type":"Polygon","coordinates":[[[115.45869,-1.37066,0.0,null],[115.38799,-1.41031,0.0,null],[115.35042,-1.43064,0.0,null],[115.34195,-1.43601,0.0,null],[115.3457,-1.45226,0.0,null],[115.29831,-1.45186,0.0,null],[115.30384,-1.45824,0.0,null],[115.30766,-1.46439,0.0,null],[115.30744,-1.47323,0.0,null],[115.30108,-1.48382,0.0,null],[115.29319,-1.49463,0.0,null],[115.29012,-1.5039,0.0,null],[115.28924,-1.51295,0.0,null],[115.28988,-1.5189,0.0,null],[115.28923,-1.51899,0.0,null],[115.29034,-1.52134,0.0,null],[115.27082,-1.52376,0.0,null],[115.26775,-1.52111,0.0,null],[115.26424,-1.51339,0.0,null],[115.26512,-1.50236,0.0,null],[115.26753,-1.49243,0.0,null],[115.27148,-1.48514,0.0,null],[115.2728,-1.47477,0.0,null],[115.26994,-1.46308,0.0,null],[115.26425,-1.44984,0.0,null],[115.24188,-1.45006,0.0,null],[115.24144,-1.45315,0.0,null],[115.2444,-1.46333,0.0,null],[115.24297,-1.46948,0.0,null],[115.24047,-1.47663,0.0,null],[115.23727,-1.48359,0.0,null],[115.22499,-1.50302,0.0,null],[115.21841,-1.511,0.0,null],[115.21719,-1.51164,0.0,null],[115.21666,-1.51295,0.0,null],[115.21162,-1.51494,0.0,null],[115.20701,-1.51494,0.0,null],[115.20372,-1.51207,0.0,null],[115.20219,-1.50103,0.0,null],[115.20306,-1.48978,0.0,null],[115.20482,-1.47742,0.0,null],[115.20372,-1.47212,0.0,null],[115.20526,-1.45888,0.0,null],[115.21846,-1.44982,0.0,null],[115.19994,-1.45044,0.0,null],[115.18981,-1.45021,0.0,null],[115.18926,-1.45127,0.0,null],[115.1875,-1.45138,0.0,null],[115.18421,-1.46175,0.0,null],[115.18399,-1.46617,0.0,null],[115.18289,-1.46837,0.0,null],[115.17741,-1.47102,0.0,null],[115.1739,-1.4761,0.0,null],[115.17127,-1.4836,0.0,null],[115.17127,-1.50501,0.0,null],[115.17324,-1.5103,0.0,null],[115.17653,-1.51427,0.0,null],[115.17957,-1.52619,0.0,null],[115.18161,-1.53796,0.0,null],[115.18161,-1.54561,0.0,null],[115.27915,-1.54465,0.0,null],[115.28206,-1.55114,0.0,null],[115.28317,-1.55193,0.0,null],[115.29795,-1.55191,0.0,null],[115.29847,-1.54767,0.0,null],[115.29684,-1.54536,0.0,null],[115.38063,-1.54553,0.0,null],[115.38917,-1.45812,0.0,null],[115.42007,-1.45924,0.0,null],[115.42281,-1.43802,0.0,null],[115.41667,-1.42274,0.0,null],[115.42467,-1.40753,0.0,null],[115.44994,-1.39858,0.0,null],[115.4673,-1.39767,0.0,null],[115.45869,-1.37066,0.0,null]]]}},{"type":"Feature","properties":{"inventoryId":"big-forestry-ha:134","sector":"PBPH","subtype":"IUPHHK-HA","quality":"OFFICIAL","sourceDataset":"big-forestry-ha","sourceRecordId":"134","source":"BIG Kebijakan Satu Peta","sourceUrl":"https://kspservices.big.go.id/satupeta/rest/services/PUBLIK/PERIZINAN_DAN_PERTANAHAN/MapServer/1","retrievedAt":"2026-08-24T04:32:16Z","geometryProcessing":"web display simplification tolerance 0.00035 degrees","name":"PT TRISETIA INTIGA","permitNumber":"SK.113/Menhut-II/2006","permitDate":"2006-04-19","areaHa":67070.0,"provinceCode":"62","region":"kalimantan"},"geometry":{"type":"Polygon","coordinates":[[[111.71944,-1.69304,0.0,null],[111.64937,-1.5648,0.0,null],[111.64581,-1.56597,0.0,null],[111.52487,-1.65108,0.0,null],[111.47003,-1.6999,0.0,null],[111.45864,-1.71589,0.0,null],[111.46329,-1.72008,0.0,null],[111.46648,-1.72945,0.0,null],[111.46688,-1.74483,0.0,null],[111.47433,-1.7957,0.0,null],[111.4809,-1.7986,0.0,null],[111.49139,-1.79617,0.0,null],[111.50134,-1.79665,0.0,null],[111.50838,-1.80226,0.0,null],[111.5159,-1.81345,0.0,null],[111.52535,-1.82301,0.0,null],[111.53836,-1.83094,0.0,null],[111.55247,-1.83367,0.0,null],[111.56273,-1.82782,0.0,null],[111.56941,-1.80631,0.0,null],[111.58307,-1.81461,0.0,null],[111.6028,-1.81686,0.0,null],[111.61541,-1.81178,0.0,null],[111.62359,-1.79901,0.0,null],[111.62885,-1.77064,0.0,null],[111.63221,-1.73842,0.0,null],[111.62828,-1.71261,0.0,null],[111.63923,-1.69935,0.0,null],[111.65184,-1.69451,0.0,null],[111.66154,-1.70397,0.0,null],[111.67214,-1.69402,0.0,null],[111.68113,-1.69714,0.0,null],[111.67875,-1.72334,0.0,null],[111.68156,-1.7329,0.0,null],[111.68315,-1.7828,0.0,null],[111.67943,-1.80436,0.0,null],[111.67594,-1.81566,0.0,null],[111.67199,-1.8179,0.0,null],[111.66888,-1.81466,0.0,null],[111.66629,-1.8056,0.0,null],[111.66412,-1.80617,0.0,null],[111.66409,-1.80969,0.0,null],[111.66193,-1.80976,0.0,null],[111.66137,-1.81136,0.0,null],[111.6587,-1.81491,0.0,null],[111.65616,-1.81722,0.0,null],[111.65616,-1.81901,0.0,null],[111.65787,-1.82372,0.0,null],[111.65741,-1.82755,0.0,null],[111.6579,-1.82878,0.0,null],[111.65774,-1.8305,0.0,null],[111.65622,-1.83213,0.0,null],[111.65661,-1.83498,0.0,null],[111.65005,-1.85656,0.0,null],[111.64411,-1.87301,0.0,null],[111.6512,-1.91077,0.0,null],[111.65921,-1.92226,0.0,null],[111.66826,-1.93965,0.0,null],[111.6782,-1.94518,0.0,null],[111.68948,-1.93842,0.0,null],[111.69807,-1.93678,0.0,null],[111.7049,-1.94213,0.0,null],[111.70592,-1.96838,0.0,null],[111.6985,-1.99594,0.0,null],[111.69894,-1.99639,0.0,null],[111.69944,-1.99491,0.0,null],[111.7006,-1.99495,0.0,null],[111.70128,-1.99703,0.0,null],[111.70202,-1.99755,0.0,null],[111.70308,-1.99461,0.0,null],[111.70448,-1.9941,0.0,null],[111.7051,-1.9953,0.0,null],[111.70347,-1.99583,0.0,null],[111.7037,-1.99655,0.0,null],[111.70474,-1.99664,0.0,null],[111.70715,-1.99819,0.0,null],[111.70953,-1.99846,0.0,null],[111.71126,-1.99703,0.0,null],[111.71208,-1.99519,0.0,null],[111.71099,-1.9933,0.0,null],[111.71127,-1.99243,0.0,null],[111.71301,-1.99175,0.0,null],[111.71163,-1.9913,0.0,null],[111.71218,-1.99015,0.0,null],[111.71496,-1.98901,0.0,null],[111.71646,-1.98912,0.0,null],[111.71614,-1.9905,0.0,null],[111.71719,-1.98986,0.0,null],[111.72065,-1.98956,0.0,null],[111.72202,-1.99045,0.0,null],[111.7227,-1.99208,0.0,null],[111.72348,-1.98893,0.0,null],[111.72524,-1.98738,0.0,null],[111.7272,-1.98732,0.0,null],[111.72733,-1.98627,0.0,null],[111.72902,-1.98641,0.0,null],[111.72854,-1.98539,0.0,null],[111.72937,-1.9853,0.0,null],[111.73052,-1.98409,0.0,null],[111.72967,-1.98296,0.0,null],[111.72993,-1.98249,0.0,null],[111.73344,-1.98187,0.0,null],[111.73426,-1.98016,0.0,null],[111.73649,-1.98068,0.0,null],[111.73629,-1.97948,0.0,null],[111.73693,-1.97937,0.0,null],[111.73707,-1.98003,0.0,null],[111.73793,-1.97881,0.0,null],[111.73882,-1.97901,0.0,null],[111.73944,-1.97745,0.0,null],[111.74018,-1.97747,0.0,null],[111.74053,-1.97575,0.0,null],[111.74169,-1.9755,0.0,null],[111.74159,-1.97487,0.0,null],[111.74023,-1.97396,0.0,null],[111.7404,-1.97205,0.0,null],[111.74122,-1.9715,0.0,null],[111.74033,-1.97088,0.0,null],[111.74042,-1.96981,0.0,null],[111.74227,-1.96688,0.0,null],[111.74401,-1.96687,0.0,null],[111.74572,-1.96795,0.0,null],[111.74561,-1.96732,0.0,null],[111.74382,-1.96654,0.0,null],[111.74328,-1.96552,0.0,null],[111.74357,-1.96521,0.0,null],[111.74536,-1.96609,0.0,null],[111.74655,-1.96544,0.0,null],[111.7468,-1.96349,0.0,null],[111.74569,-1.9621,0.0,null],[111.7474,-1.9615,0.0,null],[111.74597,-1.95755,0.0,null],[111.74089,-1.95697,0.0,null],[111.74041,-1.95536,0.0,null],[111.74096,-1.95507,0.0,null],[111.74251,-1.95593,0.0,null],[111.74451,-1.9553,0.0,null],[111.74655,-1.95372,0.0,null],[111.74533,-1.95226,0.0,null],[111.74599,-1.95058,0.0,null],[111.74517,-1.94638,0.0,null],[111.74718,-1.94574,0.0,null],[111.74767,-1.94501,0.0,null],[111.74666,-1.94377,0.0,null],[111.74688,-1.94261,0.0,null],[111.74618,-1.94172,0.0,null],[111.74844,-1.94087,0.0,null],[111.74831,-1.93975,0.0,null],[111.74736,-1.9399,0.0,null],[111.74708,-1.93909,0.0,null],[111.75005,-1.93371,0.0,null],[111.75022,-1.93176,0.0,null],[111.7496,-1.93112,0.0,null],[111.75032,-1.92947,0.0,null],[111.75155,-1.92747,0.0,null],[111.75278,-1.92728,0.0,null],[111.75242,-1.92646,0.0,null],[111.75378,-1.92467,0.0,null],[111.75554,-1.92468,0.0,null],[111.7548,-1.92194,0.0,null],[111.75556,-1.92055,0.0,null],[111.75424,-1.91997,0.0,null],[111.75371,-1.9189,0.0,null],[111.75598,-1.91758,0.0,null],[111.75671,-1.91598,0.0,null],[111.75657,-1.91415,0.0,null],[111.75847,-1.91395,0.0,null],[111.76007,-1.9118,0.0,null],[111.75886,-1.90769,0.0,null],[111.75947,-1.90706,0.0,null],[111.75884,-1.9065,0.0,null],[111.75983,-1.90628,0.0,null],[111.75983,-1.90513,0.0,null],[111.76078,-1.9046,0.0,null],[111.76047,-1.90329,0.0,null],[111.76207,-1.90267,0.0,null],[111.76135,-1.90212,0.0,null],[111.76254,-1.90107,0.0,null],[111.76193,-1.90004,0.0,null],[111.76371,-1.9004,0.0,null],[111.76422,-1.89996,0.0,null],[111.76396,-1.896,0.0,null],[111.76674,-1.89443,0.0,null],[111.76689,-1.89382,0.0,null],[111.76617,-1.89294,0.0,null],[111.76925,-1.8899,0.0,null],[111.77033,-1.89037,0.0,null],[111.77095,-1.88978,0.0,null],[111.77178,-1.89042,0.0,null],[111.77347,-1.8888,0.0,null],[111.7737,-1.88774,0.0,null],[111.77514,-1.88731,0.0,null],[111.77708,-1.88485,0.0,null],[111.77683,-1.88376,0.0,null],[111.77791,-1.88369,0.0,null],[111.77714,-1.88278,0.0,null],[111.77815,-1.88214,0.0,null],[111.77771,-1.88149,0.0,null],[111.77882,-1.88083,0.0,null],[111.77905,-1.87923,0.0,null],[111.7799,-1.87877,0.0,null],[111.77772,-1.87773,0.0,null],[111.7778,-1.87683,0.0,null],[111.77676,-1.87544,0.0,null],[111.7774,-1.87511,0.0,null],[111.77717,-1.87397,0.0,null],[111.77777,-1.87228,0.0,null],[111.77877,-1.87274,0.0,null],[111.77854,-1.87106,0.0,null],[111.77932,-1.87097,0.0,null],[111.77816,-1.86947,0.0,null],[111.77907,-1.8689,0.0,null],[111.77793,-1.86853,0.0,null],[111.77861,-1.8675,0.0,null],[111.77785,-1.8672,0.0,null],[111.78021,-1.86582,0.0,null],[111.77792,-1.86528,0.0,null],[111.77496,-1.8662,0.0,null],[111.76496,-1.8744,0.0,null],[111.75796,-1.8863,0.0,null],[111.75496,-1.8948,0.0,null],[111.75277,-1.89789,0.0,null],[111.74876,-1.9004,0.0,null],[111.74546,-1.9017,0.0,null],[111.74196,-1.9016,0.0,null],[111.73596,-1.8996,0.0,null],[111.73036,-1.8943,0.0,null],[111.72656,-1.8929,0.0,null],[111.71776,-1.8871,0.0,null],[111.71196,-1.8806,0.0,null],[111.70349,-1.86238,0.0,null],[111.69805,-1.84823,0.0,null],[111.69629,-1.83208,0.0,null],[111.70366,-1.8186,0.0,null],[111.71283,-1.80687,0.0,null],[111.71586,-1.8017,0.0,null],[111.71926,-1.7899,0.0,null],[111.71926,-1.7839,0.0,null],[111.72056,-1.7735,0.0,null],[111.72026,-1.7696,0.0,null],[111.72266,-1.7652,0.0,null],[111.72446,-1.7589,0.0,null],[111.72706,-1.7551,0.0,null],[111.72957,-1.75289,0.0,null],[111.73307,-1.7509,0.0,null],[111.73716,-1.7513,0.0,null],[111.74019,-1.75278,0.0,null],[111.74426,-1.7573,0.0,null],[111.75006,-1.78551,0.0,null],[111.75186,-1.7913,0.0,null],[111.75456,-1.797,0.0,null],[111.75629,-1.79988,0.0,null],[111.78126,-1.814,0.0,null],[111.78446,-1.8161,0.0,null],[111.78696,-1.819,0.0,null],[111.78876,-1.8212,0.0,null],[111.79156,-1.8272,0.0,null],[111.79266,-1.8319,0.0,null],[111.79404,-1.8444,0.0,null],[111.80105,-1.83481,0.0,null],[111.80039,-1.82414,0.0,null],[111.79596,-1.81839,0.0,null],[111.79579,-1.81068,0.0,null],[111.80006,-1.80723,0.0,null],[111.80577,-1.80082,0.0,null],[111.71944,-1.69304,0.0,null]]]}},{"type":"Feature","properties":{"inventoryId":"big-forestry-ha:143","sector":"PBPH","subtype":"IUPHHK-HA","quality":"OFFICIAL","sourceDataset":"big-forestry-ha","sourceRecordId":"143","source":"BIG Kebijakan Satu Peta","sourceUrl":"https://kspservices.big.go.id/satupeta/rest/services/PUBLIK/PERIZINAN_DAN_PERTANAHAN/MapServer/1","retrievedAt":"2026-08-24T04:32:16Z","geometryProcessing":"web display simplification tolerance 0.00035 degrees","name":"PT TRIWIRAASTA BARATA","permitNumber":"SK.323/Menhut-II/2012","permitDate":"2010-05-24","areaHa":53430.0,"provinceCode":"64","region":"kalimantan"},"geometry":{"type":"Polygon","coordinates":[[[115.77512,0.23018,0.0,null],[115.75289,0.23833,0.0,null],[115.74372,0.22549,0.0,null],[115.73637,0.20877,0.0,null],[115.73311,0.18899,0.0,null],[115.7323,0.17023,0.0,null],[115.73719,0.15575,0.0,null],[115.74351,0.14412,0.0,null],[115.60223,0.06832,0.0,null],[115.60595,0.04674,0.0,null],[115.61954,0.03499,0.0,null],[115.65846,0.04867,0.0,null],[115.70469,0.04838,0.0,null],[115.70048,0.03829,0.0,null],[115.70354,0.03625,0.0,null],[115.71925,0.02177,0.0,null],[115.72964,0.01402,0.0,null],[115.78667,-0.04045,0.0,null],[115.83157,-0.00858,0.0,null],[115.94086,0.06414,0.0,null],[115.93913,0.07581,0.0,null],[115.93399,0.08809,0.0,null],[115.91331,0.11448,0.0,null],[115.88245,0.12975,0.0,null],[115.88526,0.13046,0.0,null],[115.84119,0.15248,0.0,null],[115.83874,0.15228,0.0,null],[115.82997,0.15636,0.0,null],[115.80876,0.18715,0.0,null],[115.79245,0.22365,0.0,null],[115.79225,0.22997,0.0,null],[115.78817,0.22895,0.0,null],[115.77512,0.23018,0.0,null]]]}},{"type":"Feature","properties":{"inventoryId":"big-forestry-ha:79","sector":"PBPH","subtype":"IUPHHK-HA","quality":"OFFICIAL","sourceDataset":"big-forestry-ha","sourceRecordId":"79","source":"BIG Kebijakan Satu Peta","sourceUrl":"https://kspservices.big.go.id/satupeta/rest/services/PUBLIK/PERIZINAN_DAN_PERTANAHAN/MapServer/1","retrievedAt":"2026-08-24T04:32:16Z","geometryProcessing":"web display simplification tolerance 0.00035 degrees","name":"PT UTAMA DAMAI INDAH TIMBER","permitNumber":"SK.52/Menhut-II/2005","permitDate":"2005-02-23","areaHa":49250.0,"provinceCode":"64","region":"kalimantan"},"geometry":{"type":"MultiPolygon","coordinates":[[[[117.26467,1.62212,0.0,null],[117.26206,1.62253,0.0,null],[117.25755,1.62601,0.0,null],[117.25602,1.63255,0.0,null],[117.2563,1.64523,0.0,null],[117.25939,1.65442,0.0,null],[117.27423,1.68207,0.0,null],[117.27491,1.68667,0.0,null],[117.28211,1.69607,0.0,null],[117.27682,1.69843,0.0,null],[117.26811,1.70078,0.0,null],[117.25195,1.71518,0.0,null],[117.22856,1.74254,0.0,null],[117.22714,1.74061,0.0,null],[117.22128,1.73592,0.0,null],[117.21864,1.73045,0.0,null],[117.21793,1.72517,0.0,null],[117.21909,1.7193,0.0,null],[117.22274,1.71412,0.0,null],[117.22297,1.71245,0.0,null],[117.21397,1.68962,0.0,null],[117.21264,1.68167,0.0,null],[117.21256,1.66625,0.0,null],[117.20958,1.644,0.0,null],[117.20952,1.63724,0.0,null],[117.21226,1.62544,0.0,null],[117.21324,1.61856,0.0,null],[117.21622,1.6074,0.0,null],[117.21057,1.59555,0.0,null],[117.22226,1.57084,0.0,null],[117.22942,1.55122,0.0,null],[117.23568,1.52973,0.0,null],[117.23925,1.51356,0.0,null],[117.24253,1.49456,0.0,null],[117.24406,1.47926,0.0,null],[117.27767,1.47298,0.0,null],[117.28195,1.47907,0.0,null],[117.28426,1.48553,0.0,null],[117.28599,1.49881,0.0,null],[117.28865,1.50444,0.0,null],[117.29235,1.50889,0.0,null],[117.29386,1.52372,0.0,null],[117.29931,1.53157,0.0,null],[117.30583,1.53681,0.0,null],[117.31216,1.53861,0.0,null],[117.31673,1.5411,0.0,null],[117.31965,1.54384,0.0,null],[117.32451,1.55362,0.0,null],[117.3366,1.56791,0.0,null],[117.36298,1.58196,0.0,null],[117.3683,1.58683,0.0,null],[117.37275,1.59426,0.0,null],[117.37386,1.59725,0.0,null],[117.37221,1.61628,0.0,null],[117.37959,1.6374,0.0,null],[117.38194,1.63992,0.0,null],[117.39218,1.63444,0.0,null],[117.39904,1.63557,0.0,null],[117.40619,1.63796,0.0,null],[117.4073,1.6411,0.0,null],[117.40589,1.64972,0.0,null],[117.39356,1.66846,0.0,null],[117.39076,1.68284,0.0,null],[117.39192,1.68782,0.0,null],[117.39549,1.69175,0.0,null],[117.39493,1.70278,0.0,null],[117.38885,1.70716,0.0,null],[117.38445,1.71893,0.0,null],[117.35297,1.72686,0.0,null],[117.34631,1.72642,0.0,null],[117.34069,1.72444,0.0,null],[117.33496,1.72063,0.0,null],[117.32357,1.70925,0.0,null],[117.3185,1.70202,0.0,null],[117.28684,1.64015,0.0,null],[117.27504,1.62573,0.0,null],[117.27001,1.62283,0.0,null],[117.26467,1.62212,0.0,null]]],[[[117.02924,1.51839,0.0,null],[117.02924,1.52474,0.0,null],[117.03245,1.53764,0.0,null],[117.03504,1.55812,0.0,null],[116.95567,1.58536,0.0,null],[116.91055,1.59914,0.0,null],[116.91082,1.58995,0.0,null],[116.91273,1.58503,0.0,null],[116.92575,1.56397,0.0,null],[116.93999,1.52338,0.0,null],[116.94499,1.50656,0.0,null],[116.9495,1.49486,0.0,null],[116.95131,1.49203,0.0,null],[116.95374,1.49045,0.0,null],[116.95769,1.49022,0.0,null],[116.96065,1.49132,0.0,null],[116.96304,1.4945,0.0,null],[116.96369,1.50462,0.0,null],[116.96539,1.51072,0.0,null],[116.96879,1.51143,0.0,null],[116.97123,1.51038,0.0,null],[116.97838,1.49936,0.0,null],[117.02976,1.50408,0.0,null],[117.02924,1.51839,0.0,null]]],[[[117.3263,1.7441,0.0,null],[117.3417,1.77005,0.0,null],[117.35166,1.79095,0.0,null],[117.35145,1.82176,0.0,null],[117.35349,1.84262,0.0,null],[117.36574,1.85716,0.0,null],[117.35241,1.86205,0.0,null],[117.34029,1.85422,0.0,null],[117.33381,1.83913,0.0,null],[117.32553,1.81168,0.0,null],[117.30842,1.72943,0.0,null],[117.3263,1.7441,0.0,null]]]]}},{"type":"Feature","properties":{"inventoryId":"big-forestry-ha:100","sector":"PBPH","subtype":"IUPHHK-HA","quality":"OFFICIAL","sourceDataset":"big-forestry-ha","sourceRecordId":"100","source":"BIG Kebijakan Satu Peta","sourceUrl":"https://kspservices.big.go.id/satupeta/rest/services/PUBLIK/PERIZINAN_DAN_PERTANAHAN/MapServer/1","retrievedAt":"2026-08-24T04:32:16Z","geometryProcessing":"web display simplification tolerance 0.00035 degrees","name":"PT UTAN SIBAU PERSADA","permitNumber":"SK.168/Menhut-II/2012","permitDate":"2012-04-03","areaHa":73690.0,"provinceCode":"61","region":"kalimantan"},"geometry":{"type":"MultiPolygon","coordinates":[[[[113.12713,0.02613,0.0,null],[113.12388,0.02721,0.0,null],[113.11831,0.03061,0.0,null],[113.11599,0.03061,0.0,null],[113.11352,0.02953,0.0,null],[113.10764,0.02164,0.0,null],[113.10625,0.01839,0.0,null],[113.0982,0.00957,0.0,null],[113.09356,0.00756,0.0,null],[113.08056,0.00679,0.0,null],[113.04621,0.00648,0.0,null],[113.03972,0.0057,0.0,null],[113.02595,0.00601,0.0,null],[113.01821,0.00462,0.0,null],[113.01094,0.00446,0.0,null],[113.008,0.00493,0.0,null],[113.00042,0.00957,0.0,null],[112.99547,0.01375,0.0,null],[112.99299,0.01669,0.0,null],[112.98077,0.02117,0.0,null],[112.97164,0.01824,0.0,null],[112.96855,0.01576,0.0,null],[112.95493,-0.0011,0.0,null],[112.95508,-0.00389,0.0,null],[112.94905,-0.01163,0.0,null],[112.9407,-0.01921,0.0,null],[112.93528,-0.02137,0.0,null],[112.92368,-0.01751,0.0,null],[112.91749,-0.01859,0.0,null],[112.9048,-0.02338,0.0,null],[112.89939,-0.02354,0.0,null],[112.89227,-0.02122,0.0,null],[112.88547,-0.0138,0.0,null],[112.84068,0.00194,0.0,null],[112.83128,0.00404,0.0,null],[112.80758,0.00824,0.0,null],[112.78878,0.00944,0.0,null],[112.78408,0.01044,0.0,null],[112.77986,0.01204,0.0,null],[112.77654,0.00849,0.0,null],[112.77966,0.00806,0.0,null],[112.78161,0.00633,0.0,null],[112.7841,0.00609,0.0,null],[112.78529,0.00513,0.0,null],[112.7847,0.00358,0.0,null],[112.78233,0.00489,0.0,null],[112.77983,0.00525,0.0,null],[112.77555,0.00417,0.0,null],[112.77139,0.00489,0.0,null],[112.76925,0.00453,0.0,null],[112.76782,0.00214,0.0,null],[112.7683,-0.00384,0.0,null],[112.76699,-0.00492,0.0,null],[112.76331,-0.00564,0.0,null],[112.76295,-0.00647,0.0,null],[112.76331,-0.00934,0.0,null],[112.76498,-0.01042,0.0,null],[112.76984,-0.00564,0.0,null],[112.77103,-0.00504,0.0,null],[112.77341,-0.0054,0.0,null],[112.77377,-0.00611,0.0,null],[112.77341,-0.00827,0.0,null],[112.77174,-0.01078,0.0,null],[112.77103,-0.01317,0.0,null],[112.77127,-0.01473,0.0,null],[112.77222,-0.01616,0.0,null],[112.77508,-0.01832,0.0,null],[112.77615,-0.01808,0.0,null],[112.77626,-0.01401,0.0,null],[112.77721,-0.01281,0.0,null],[112.77947,-0.01066,0.0,null],[112.78197,-0.01054,0.0,null],[112.78233,-0.01269,0.0,null],[112.78114,-0.01449,0.0,null],[112.78042,-0.0182,0.0,null],[112.77805,-0.01844,0.0,null],[112.77662,-0.01999,0.0,null],[112.77655,-0.02236,0.0,null],[112.77763,-0.02254,0.0,null],[112.77975,-0.02472,0.0,null],[112.77837,-0.02634,0.0,null],[112.77914,-0.02825,0.0,null],[112.78036,-0.02825,0.0,null],[112.78311,-0.02658,0.0,null],[112.78588,-0.02769,0.0,null],[112.78868,-0.02531,0.0,null],[112.79606,-0.02486,0.0,null],[112.796,-0.02302,0.0,null],[112.79397,-0.02118,0.0,null],[112.78894,-0.02023,0.0,null],[112.78827,-0.01937,0.0,null],[112.78888,-0.01836,0.0,null],[112.79204,-0.01659,0.0,null],[112.79189,-0.01232,0.0,null],[112.79243,-0.01163,0.0,null],[112.79585,-0.01097,0.0,null],[112.79909,-0.01192,0.0,null],[112.80418,-0.01501,0.0,null],[112.80504,-0.01601,0.0,null],[112.80485,-0.01925,0.0,null],[112.80934,-0.02323,0.0,null],[112.8146,-0.02524,0.0,null],[112.81475,-0.02772,0.0,null],[112.82342,-0.03236,0.0,null],[112.82342,-0.03777,0.0,null],[112.82543,-0.03978,0.0,null],[112.81096,-0.06671,0.0,null],[112.81405,-0.06712,0.0,null],[112.8256,-0.06671,0.0,null],[112.83179,-0.06836,0.0,null],[112.8353,-0.07145,0.0,null],[112.83984,-0.08424,0.0,null],[112.84376,-0.08919,0.0,null],[112.84747,-0.09311,0.0,null],[112.85345,-0.09621,0.0,null],[112.85717,-0.09662,0.0,null],[112.86294,-0.10116,0.0,null],[112.86934,-0.10796,0.0,null],[112.87225,-0.11274,0.0,null],[112.87272,-0.11861,0.0,null],[112.87179,-0.12341,0.0,null],[112.86637,-0.13378,0.0,null],[112.86637,-0.13687,0.0,null],[112.86823,-0.14275,0.0,null],[112.86854,-0.14708,0.0,null],[112.86746,-0.15033,0.0,null],[112.86498,-0.15436,0.0,null],[112.86065,-0.15946,0.0,null],[112.85693,-0.17199,0.0,null],[112.85353,-0.17865,0.0,null],[112.8509,-0.1822,0.0,null],[112.83852,-0.18747,0.0,null],[112.84208,-0.19334,0.0,null],[112.83775,-0.22491,0.0,null],[112.84409,-0.22831,0.0,null],[112.85317,-0.2264,0.0,null],[112.85424,-0.22688,0.0,null],[112.85495,-0.22664,0.0,null],[112.85424,-0.22461,0.0,null],[112.85484,-0.22425,0.0,null],[112.85745,-0.22497,0.0,null],[112.85887,-0.22305,0.0,null],[112.86185,-0.22389,0.0,null],[112.86494,-0.22269,0.0,null],[112.86588,-0.22114,0.0,null],[112.86886,-0.22054,0.0,null],[112.87076,-0.22174,0.0,null],[112.87123,-0.22281,0.0,null],[112.87266,-0.22281,0.0,null],[112.87385,-0.2252,0.0,null],[112.87611,-0.22413,0.0,null],[112.87707,-0.22423,0.0,null],[112.87937,-0.23543,0.0,null],[112.8772,-0.241,0.0,null],[112.87411,-0.24394,0.0,null],[112.87179,-0.24502,0.0,null],[112.86266,-0.24518,0.0,null],[112.85384,-0.24347,0.0,null],[112.84502,-0.24332,0.0,null],[112.83759,-0.24812,0.0,null],[112.83048,-0.25585,0.0,null],[112.82816,-0.25956,0.0,null],[112.82676,-0.26405,0.0,null],[112.82676,-0.26792,0.0,null],[112.82816,-0.27303,0.0,null],[112.83233,-0.27643,0.0,null],[112.83636,-0.27798,0.0,null],[112.83945,-0.27875,0.0,null],[112.84332,-0.27829,0.0,null],[112.84904,-0.27318,0.0,null],[112.85167,-0.26838,0.0,null],[112.8543,-0.26544,0.0,null],[112.85678,-0.26405,0.0,null],[112.86746,-0.26173,0.0,null],[112.87426,-0.25956,0.0,null],[112.88153,-0.25477,0.0,null],[112.9049,-0.24873,0.0,null],[112.9182,-0.24347,0.0,null],[112.91341,-0.22336,0.0,null],[112.90295,-0.20882,0.0,null],[112.90408,-0.20241,0.0,null],[112.90421,-0.19691,0.0,null],[112.90575,-0.19404,0.0,null],[112.90575,-0.19093,0.0,null],[112.93352,-0.14848,0.0,null],[112.93058,-0.13734,0.0,null],[112.93151,-0.1344,0.0,null],[112.93368,-0.13192,0.0,null],[112.95023,-0.12217,0.0,null],[112.96601,-0.10964,0.0,null],[112.96988,-0.10515,0.0,null],[112.97096,-0.09927,0.0,null],[112.96957,-0.09587,0.0,null],[112.96431,-0.09309,0.0,null],[112.95565,-0.09061,0.0,null],[112.94141,-0.09247,0.0,null],[112.91124,-0.09231,0.0,null],[112.89855,-0.08024,0.0,null],[112.8936,-0.07452,0.0,null],[112.89113,-0.06446,0.0,null],[112.89144,-0.0575,0.0,null],[112.8953,-0.05224,0.0,null],[112.89995,-0.04899,0.0,null],[112.90985,-0.04791,0.0,null],[112.91109,-0.04682,0.0,null],[112.95951,-0.04512,0.0,null],[113.00005,-0.03321,0.0,null],[113.01067,-0.02775,0.0,null],[113.02834,-0.02035,0.0,null],[113.03226,-0.02218,0.0,null],[113.03635,-0.02932,0.0,null],[113.02346,-0.07242,0.0,null],[113.02423,-0.09541,0.0,null],[113.03475,-0.11082,0.0,null],[113.03701,-0.11157,0.0,null],[113.06319,-0.09,0.0,null],[113.07316,-0.08091,0.0,null],[113.07275,-0.07769,0.0,null],[113.07346,-0.07359,0.0,null],[113.07683,-0.06687,0.0,null],[113.09624,-0.04433,0.0,null],[113.10206,-0.03536,0.0,null],[113.10449,-0.03253,0.0,null],[113.11363,-0.0242,0.0,null],[113.11955,-0.02075,0.0,null],[113.12481,-0.01983,0.0,null],[113.14787,-0.02122,0.0,null],[113.16922,-0.02044,0.0,null],[113.17479,-0.01921,0.0,null],[113.18608,-0.01348,0.0,null],[113.19645,-0.0042,0.0,null],[113.20202,-0.0042,0.0,null],[113.20697,-0.00683,0.0,null],[113.2113,-0.01364,0.0,null],[113.21285,-0.01828,0.0,null],[113.21641,-0.02308,0.0,null],[113.22089,-0.02772,0.0,null],[113.23126,-0.02957,0.0,null],[113.24194,-0.03236,0.0,null],[113.24936,-0.03282,0.0,null],[113.25292,-0.0353,0.0,null],[113.25553,-0.03019,0.0,null],[113.25965,-0.01275,0.0,null],[113.26898,0.01257,0.0,null],[113.24054,0.02644,0.0,null],[113.24255,0.01437,0.0,null],[113.24518,0.00477,0.0,null],[113.24348,0.00153,0.0,null],[113.24194,0.0006,0.0,null],[113.23776,0.00044,0.0,null],[113.23296,0.00168,0.0,null],[113.22755,0.00524,0.0,null],[113.22306,0.01003,0.0,null],[113.22027,0.01514,0.0,null],[113.2161,0.01901,0.0,null],[113.21347,0.02056,0.0,null],[113.16489,0.02814,0.0,null],[113.16241,0.02767,0.0,null],[113.15653,0.02845,0.0,null],[113.15313,0.02984,0.0,null],[113.1491,0.02953,0.0,null],[113.14261,0.02659,0.0,null],[113.13626,0.0269,0.0,null],[113.13208,0.02551,0.0,null],[113.12713,0.02613,0.0,null]]],[[[112.59941,0.10305,0.0,null],[112.5802,0.11609,0.0,null],[112.54923,0.11701,0.0,null],[112.5475,0.11793,0.0,null],[112.54507,0.12105,0.0,null],[112.54292,0.13074,0.0,null],[112.53842,0.13533,0.0,null],[112.52604,0.13472,0.0,null],[112.5248,0.12868,0.0,null],[112.5248,0.12249,0.0,null],[112.51675,0.11754,0.0,null],[112.50871,0.11646,0.0,null],[112.50871,0.11336,0.0,null],[112.50654,0.1081,0.0,null],[112.50515,0.10656,0.0,null],[112.49819,0.10485,0.0,null],[112.49618,0.10052,0.0,null],[112.49417,0.10068,0.0,null],[112.48751,0.10315,0.0,null],[112.48024,0.09712,0.0,null],[112.47544,0.0917,0.0,null],[112.46926,0.08273,0.0,null],[112.46585,0.07639,0.0,null],[112.46384,0.07097,0.0,null],[112.46229,0.06292,0.0,null],[112.49355,0.05503,0.0,null],[112.49741,0.05581,0.0,null],[112.50577,0.05921,0.0,null],[112.51103,0.06262,0.0,null],[112.51722,0.06277,0.0,null],[112.53254,0.06184,0.0,null],[112.53872,0.06262,0.0,null],[112.55853,0.05875,0.0,null],[112.56178,0.05705,0.0,null],[112.57214,0.04823,0.0,null],[112.57648,0.04188,0.0,null],[112.57864,0.03554,0.0,null],[112.57895,0.03121,0.0,null],[112.57849,0.02904,0.0,null],[112.57555,0.02579,0.0,null],[112.57183,0.02424,0.0,null],[112.5658,0.02486,0.0,null],[112.55884,0.02688,0.0,null],[112.55404,0.02749,0.0,null],[112.55203,0.02688,0.0,null],[112.55095,0.02378,0.0,null],[112.55373,0.02022,0.0,null],[112.57044,0.00599,0.0,null],[112.5757,0.00011,0.0,null],[112.58359,-0.00252,0.0,null],[112.59288,-0.00732,0.0,null],[112.60928,-0.00948,0.0,null],[112.62227,-0.01366,0.0,null],[112.62722,-0.01614,0.0,null],[112.63326,-0.01707,0.0,null],[112.64672,-0.01691,0.0,null],[112.66312,-0.01954,0.0,null],[112.68478,-0.0166,0.0,null],[112.69716,-0.01737,0.0,null],[112.71511,-0.0132,0.0,null],[112.71619,-0.01211,0.0,null],[112.70954,0.02424,0.0,null],[112.70567,0.03461,0.0,null],[112.70698,0.04801,0.0,null],[112.69434,0.05884,0.0,null],[112.68655,0.06653,0.0,null],[112.67691,0.07849,0.0,null],[112.67068,0.0888,0.0,null],[112.66772,0.09242,0.0,null],[112.66398,0.09614,0.0,null],[112.65888,0.10004,0.0,null],[112.65628,0.10184,0.0,null],[112.65439,0.10206,0.0,null],[112.62918,0.08869,0.0,null],[112.62525,0.08886,0.0,null],[112.61914,0.09007,0.0,null],[112.59941,0.10305,0.0,null]]],[[[112.78993,-0.18983,0.0,null],[112.78376,-0.17763,0.0,null],[112.77911,-0.17175,0.0,null],[112.77478,-0.16773,0.0,null],[112.76726,-0.15695,0.0,null],[112.75303,-0.17112,0.0,null],[112.75339,-0.18085,0.0,null],[112.76203,-0.18121,0.0,null],[112.76239,-0.19381,0.0,null],[112.73862,-0.20101,0.0,null],[112.73862,-0.20313,0.0,null],[112.74009,-0.204,0.0,null],[112.74034,-0.20546,0.0,null],[112.73953,-0.21289,0.0,null],[112.74005,-0.21588,0.0,null],[112.74072,-0.21598,0.0,null],[112.74205,-0.21198,0.0,null],[112.74486,-0.21003,0.0,null],[112.75076,-0.20932,0.0,null],[112.757,-0.21022,0.0,null],[112.75823,-0.20927,0.0,null],[112.76051,-0.2047,0.0,null],[112.76308,-0.20299,0.0,null],[112.76689,-0.20151,0.0,null],[112.77431,-0.2017,0.0,null],[112.7776,-0.20256,0.0,null],[112.78288,-0.20655,0.0,null],[112.78531,-0.20879,0.0,null],[112.78679,-0.21265,0.0,null],[112.78778,-0.21365,0.0,null],[112.78669,-0.21569,0.0,null],[112.77884,-0.22112,0.0,null],[112.77884,-0.22264,0.0,null],[112.77988,-0.22354,0.0,null],[112.78217,-0.22416,0.0,null],[112.78474,-0.22397,0.0,null],[112.79054,-0.22078,0.0,null],[112.79321,-0.22021,0.0,null],[112.79773,-0.22269,0.0,null],[112.80657,-0.22428,0.0,null],[112.80025,-0.20956,0.0,null],[112.78993,-0.18983,0.0,null]]]]}},{"type":"Feature","properties":{"inventoryId":"big-forestry-ha:2","sector":"PBPH","subtype":"IUPHHK-HA","quality":"OFFICIAL","sourceDataset":"big-forestry-ha","sourceRecordId":"2","source":"BIG Kebijakan Satu Peta","sourceUrl":"https://kspservices.big.go.id/satupeta/rest/services/PUBLIK/PERIZINAN_DAN_PERTANAHAN/MapServer/1","retrievedAt":"2026-08-24T04:32:16Z","geometryProcessing":"web display simplification tolerance 0.00035 degrees","name":"PT WANA ADIPRIMA MANDIRI","permitNumber":"SK.196/Menhut-II/2006","permitDate":"2006-01-06","areaHa":33090.0,"provinceCode":"65","region":"kalimantan"},"geometry":{"type":"Polygon","coordinates":[[[116.43027,3.55111,0.0,null],[116.43064,3.57828,0.0,null],[116.51051,3.57833,0.0,null],[116.51036,3.63713,0.0,null],[116.5111,3.64329,0.0,null],[116.51816,3.64799,0.0,null],[116.51778,3.71241,0.0,null],[116.50177,3.70588,0.0,null],[116.49397,3.70471,0.0,null],[116.47984,3.70449,0.0,null],[116.47141,3.70701,0.0,null],[116.4543,3.72351,0.0,null],[116.45182,3.72876,0.0,null],[116.44785,3.73191,0.0,null],[116.43584,3.7066,0.0,null],[116.41983,3.68408,0.0,null],[116.39888,3.66275,0.0,null],[116.36723,3.6445,0.0,null],[116.35237,3.63867,0.0,null],[116.31152,3.63922,0.0,null],[116.29529,3.64329,0.0,null],[116.2855,3.64758,0.0,null],[116.28138,3.64082,0.0,null],[116.27763,3.6373,0.0,null],[116.27612,3.62651,0.0,null],[116.27887,3.60863,0.0,null],[116.28302,3.59438,0.0,null],[116.28772,3.58146,0.0,null],[116.29603,3.56668,0.0,null],[116.30621,3.55022,0.0,null],[116.32391,3.52553,0.0,null],[116.32274,3.52348,0.0,null],[116.32808,3.51597,0.0,null],[116.35401,3.51693,0.0,null],[116.37971,3.52563,0.0,null],[116.43028,3.54417,0.0,null],[116.43027,3.55111,0.0,null]]]}},{"type":"Feature","properties":{"inventoryId":"big-forestry-ha:156","sector":"PBPH","subtype":"IUPHHK-HA","quality":"OFFICIAL","sourceDataset":"big-forestry-ha","sourceRecordId":"156","source":"BIG Kebijakan Satu Peta","sourceUrl":"https://kspservices.big.go.id/satupeta/rest/services/PUBLIK/PERIZINAN_DAN_PERTANAHAN/MapServer/1","retrievedAt":"2026-08-24T04:32:16Z","geometryProcessing":"web display simplification tolerance 0.00035 degrees","name":"PT WANA BHAKTI PERSADA UTAMA","permitNumber":"SK.864/Kpts-II/1999","permitDate":"1999-10-13","areaHa":44402.0,"provinceCode":"64","region":"kalimantan"},"geometry":{"type":"Polygon","coordinates":[[[116.68696,1.94119,0.0,null],[116.68499,1.94079,0.0,null],[116.68354,1.93781,0.0,null],[116.68007,1.93868,0.0,null],[116.67817,1.93617,0.0,null],[116.67612,1.93573,0.0,null],[116.67464,1.93638,0.0,null],[116.67221,1.93403,0.0,null],[116.66655,1.93229,0.0,null],[116.66471,1.93244,0.0,null],[116.66169,1.93043,0.0,null],[116.66236,1.92926,0.0,null],[116.66168,1.92865,0.0,null],[116.65778,1.92971,0.0,null],[116.65545,1.92682,0.0,null],[116.64954,1.9278,0.0,null],[116.64692,1.92534,0.0,null],[116.64456,1.92533,0.0,null],[116.64488,1.92167,0.0,null],[116.64308,1.9196,0.0,null],[116.64394,1.9173,0.0,null],[116.64312,1.91562,0.0,null],[116.64003,1.91589,0.0,null],[116.63773,1.91446,0.0,null],[116.63627,1.91463,0.0,null],[116.63536,1.91555,0.0,null],[116.63539,1.91826,0.0,null],[116.63386,1.91885,0.0,null],[116.6327,1.92027,0.0,null],[116.63206,1.91968,0.0,null],[116.63171,1.91758,0.0,null],[116.62936,1.91686,0.0,null],[116.62865,1.90717,0.0,null],[116.63236,1.88773,0.0,null],[116.63702,1.87798,0.0,null],[116.64218,1.87135,0.0,null],[116.64302,1.86864,0.0,null],[116.64229,1.86128,0.0,null],[116.64424,1.85555,0.0,null],[116.6441,1.8517,0.0,null],[116.64217,1.84784,0.0,null],[116.64161,1.84351,0.0,null],[116.64363,1.83803,0.0,null],[116.64375,1.83348,0.0,null],[116.63802,1.82164,0.0,null],[116.63557,1.81821,0.0,null],[116.63436,1.81515,0.0,null],[116.63387,1.81056,0.0,null],[116.63268,1.80809,0.0,null],[116.62585,1.80493,0.0,null],[116.61948,1.79695,0.0,null],[116.58212,1.75419,0.0,null],[116.59162,1.75518,0.0,null],[116.59727,1.75458,0.0,null],[116.60093,1.75314,0.0,null],[116.60737,1.74784,0.0,null],[116.61063,1.7434,0.0,null],[116.61169,1.7379,0.0,null],[116.61128,1.73541,0.0,null],[116.60814,1.72947,0.0,null],[116.60363,1.72648,0.0,null],[116.60088,1.72609,0.0,null],[116.59509,1.7269,0.0,null],[116.585,1.7326,0.0,null],[116.58189,1.73293,0.0,null],[116.57966,1.73237,0.0,null],[116.57529,1.72971,0.0,null],[116.5717,1.72544,0.0,null],[116.56921,1.72338,0.0,null],[116.5629,1.72073,0.0,null],[116.55979,1.71769,0.0,null],[116.66852,1.67574,0.0,null],[116.6705,1.6775,0.0,null],[116.6711,1.68584,0.0,null],[116.66871,1.69479,0.0,null],[116.66915,1.69788,0.0,null],[116.67351,1.71246,0.0,null],[116.67966,1.72006,0.0,null],[116.6796,1.72769,0.0,null],[116.68508,1.73237,0.0,null],[116.68892,1.73439,0.0,null],[116.698,1.741,0.0,null],[116.70267,1.74658,0.0,null],[116.72791,1.77254,0.0,null],[116.74232,1.78084,0.0,null],[116.74844,1.78139,0.0,null],[116.75129,1.7849,0.0,null],[116.75222,1.78307,0.0,null],[116.75171,1.78186,0.0,null],[116.75364,1.78283,0.0,null],[116.75809,1.78122,0.0,null],[116.75917,1.78144,0.0,null],[116.76018,1.78278,0.0,null],[116.75946,1.7839,0.0,null],[116.75971,1.78519,0.0,null],[116.76016,1.78546,0.0,null],[116.76133,1.7846,0.0,null],[116.7618,1.78527,0.0,null],[116.76107,1.7878,0.0,null],[116.75797,1.7899,0.0,null],[116.75796,1.79075,0.0,null],[116.7597,1.79125,0.0,null],[116.76331,1.79052,0.0,null],[116.76469,1.78999,0.0,null],[116.76479,1.78871,0.0,null],[116.76525,1.78859,0.0,null],[116.76613,1.79008,0.0,null],[116.7648,1.79229,0.0,null],[116.76534,1.79374,0.0,null],[116.76671,1.7942,0.0,null],[116.76876,1.79284,0.0,null],[116.77003,1.793,0.0,null],[116.76982,1.79472,0.0,null],[116.76758,1.79523,0.0,null],[116.76753,1.79616,0.0,null],[116.77039,1.7976,0.0,null],[116.77159,1.7969,0.0,null],[116.77449,1.79735,0.0,null],[116.77343,1.79987,0.0,null],[116.77565,1.80138,0.0,null],[116.77876,1.80013,0.0,null],[116.78287,1.80081,0.0,null],[116.7845,1.79914,0.0,null],[116.78599,1.79973,0.0,null],[116.78803,1.79948,0.0,null],[116.78929,1.80224,0.0,null],[116.7903,1.80004,0.0,null],[116.79103,1.79985,0.0,null],[116.79212,1.80001,0.0,null],[116.79294,1.80157,0.0,null],[116.79397,1.80149,0.0,null],[116.79455,1.79936,0.0,null],[116.79189,1.79585,0.0,null],[116.79385,1.79303,0.0,null],[116.79444,1.79329,0.0,null],[116.79494,1.79524,0.0,null],[116.79603,1.79522,0.0,null],[116.79657,1.79197,0.0,null],[116.79841,1.79129,0.0,null],[116.79937,1.78995,0.0,null],[116.79868,1.78965,0.0,null],[116.79589,1.79046,0.0,null],[116.79568,1.78988,0.0,null],[116.79748,1.78855,0.0,null],[116.79993,1.78829,0.0,null],[116.80006,1.78759,0.0,null],[116.79902,1.78587,0.0,null],[116.80091,1.78738,0.0,null],[116.80195,1.78758,0.0,null],[116.80619,1.7863,0.0,null],[116.80782,1.79055,0.0,null],[116.80835,1.791,0.0,null],[116.80903,1.79076,0.0,null],[116.80866,1.78879,0.0,null],[116.81077,1.78724,0.0,null],[116.81032,1.78635,0.0,null],[116.80882,1.78671,0.0,null],[116.80866,1.78416,0.0,null],[116.80965,1.7845,0.0,null],[116.81042,1.78364,0.0,null],[116.80901,1.78171,0.0,null],[116.80897,1.78023,0.0,null],[116.81207,1.78358,0.0,null],[116.8128,1.78586,0.0,null],[116.8146,1.78604,0.0,null],[116.81885,1.78939,0.0,null],[116.82066,1.7895,0.0,null],[116.82109,1.7912,0.0,null],[116.82189,1.79173,0.0,null],[116.82365,1.79018,0.0,null],[116.82429,1.78805,0.0,null],[116.8257,1.78845,0.0,null],[116.82736,1.79003,0.0,null],[116.82809,1.78932,0.0,null],[116.82765,1.78761,0.0,null],[116.82983,1.78726,0.0,null],[116.83063,1.78594,0.0,null],[116.83292,1.78679,0.0,null],[116.83479,1.78615,0.0,null],[116.8338,1.78435,0.0,null],[116.83515,1.78362,0.0,null],[116.83773,1.78381,0.0,null],[116.83644,1.78525,0.0,null],[116.83689,1.78764,0.0,null],[116.83803,1.78868,0.0,null],[116.83875,1.78843,0.0,null],[116.84016,1.78568,0.0,null],[116.84114,1.78593,0.0,null],[116.84121,1.78896,0.0,null],[116.84232,1.78822,0.0,null],[116.84296,1.78555,0.0,null],[116.84698,1.7844,0.0,null],[116.8655,1.84503,0.0,null],[116.86315,1.84522,0.0,null],[116.8606,1.84401,0.0,null],[116.85951,1.84056,0.0,null],[116.85844,1.84014,0.0,null],[116.85768,1.8406,0.0,null],[116.85695,1.84191,0.0,null],[116.85692,1.84437,0.0,null],[116.85755,1.84555,0.0,null],[116.85948,1.84638,0.0,null],[116.86046,1.84844,0.0,null],[116.8576,1.84977,0.0,null],[116.85757,1.85135,0.0,null],[116.85896,1.85306,0.0,null],[116.85877,1.85429,0.0,null],[116.85692,1.85491,0.0,null],[116.85389,1.85359,0.0,null],[116.85138,1.85383,0.0,null],[116.85119,1.8561,0.0,null],[116.84974,1.8586,0.0,null],[116.8482,1.85973,0.0,null],[116.84818,1.86302,0.0,null],[116.84479,1.86707,0.0,null],[116.84383,1.86919,0.0,null],[116.84319,1.86943,0.0,null],[116.84248,1.86892,0.0,null],[116.84126,1.86544,0.0,null],[116.83935,1.86604,0.0,null],[116.83815,1.86815,0.0,null],[116.83799,1.87154,0.0,null],[116.83593,1.87218,0.0,null],[116.83388,1.87369,0.0,null],[116.83334,1.87511,0.0,null],[116.83389,1.87756,0.0,null],[116.8319,1.88034,0.0,null],[116.8307,1.88024,0.0,null],[116.8299,1.8808,0.0,null],[116.8291,1.87795,0.0,null],[116.82784,1.87757,0.0,null],[116.82324,1.87987,0.0,null],[116.82075,1.88411,0.0,null],[116.82163,1.88474,0.0,null],[116.82453,1.88434,0.0,null],[116.82505,1.8847,0.0,null],[116.82362,1.88771,0.0,null],[116.82431,1.88925,0.0,null],[116.81969,1.89199,0.0,null],[116.81975,1.89468,0.0,null],[116.81901,1.89514,0.0,null],[116.8174,1.89369,0.0,null],[116.81604,1.89385,0.0,null],[116.81501,1.89457,0.0,null],[116.81362,1.89783,0.0,null],[116.81269,1.89836,0.0,null],[116.81127,1.8982,0.0,null],[116.81066,1.89882,0.0,null],[116.80866,1.89881,0.0,null],[116.80583,1.90051,0.0,null],[116.80471,1.90171,0.0,null],[116.80356,1.90455,0.0,null],[116.80084,1.90716,0.0,null],[116.79992,1.90949,0.0,null],[116.79896,1.90998,0.0,null],[116.79396,1.90977,0.0,null],[116.79128,1.91104,0.0,null],[116.79055,1.91347,0.0,null],[116.78903,1.91507,0.0,null],[116.7833,1.91795,0.0,null],[116.77982,1.91839,0.0,null],[116.77838,1.91914,0.0,null],[116.77744,1.92296,0.0,null],[116.7758,1.92436,0.0,null],[116.77523,1.92392,0.0,null],[116.77568,1.92161,0.0,null],[116.77484,1.91981,0.0,null],[116.77122,1.91971,0.0,null],[116.77057,1.91788,0.0,null],[116.76976,1.91741,0.0,null],[116.76699,1.92118,0.0,null],[116.76719,1.92302,0.0,null],[116.76671,1.92373,0.0,null],[116.76369,1.92198,0.0,null],[116.75943,1.92048,0.0,null],[116.75801,1.92153,0.0,null],[116.75817,1.92387,0.0,null],[116.75554,1.92319,0.0,null],[116.75047,1.92471,0.0,null],[116.74852,1.92339,0.0,null],[116.74948,1.92044,0.0,null],[116.74792,1.91836,0.0,null],[116.74651,1.91892,0.0,null],[116.74608,1.92066,0.0,null],[116.74297,1.92095,0.0,null],[116.74176,1.91747,0.0,null],[116.74016,1.91661,0.0,null],[116.73797,1.91634,0.0,null],[116.73417,1.91715,0.0,null],[116.73397,1.91535,0.0,null],[116.73287,1.9143,0.0,null],[116.72996,1.91488,0.0,null],[116.72785,1.91401,0.0,null],[116.7266,1.91485,0.0,null],[116.72707,1.91774,0.0,null],[116.72592,1.91855,0.0,null],[116.72383,1.91895,0.0,null],[116.72036,1.91828,0.0,null],[116.71933,1.92132,0.0,null],[116.71517,1.92017,0.0,null],[116.71406,1.92149,0.0,null],[116.70882,1.92168,0.0,null],[116.70668,1.92433,0.0,null],[116.70309,1.92371,0.0,null],[116.70077,1.92404,0.0,null],[116.69985,1.92547,0.0,null],[116.70061,1.92759,0.0,null],[116.70049,1.92902,0.0,null],[116.69882,1.93163,0.0,null],[116.69575,1.93324,0.0,null],[116.69595,1.93695,0.0,null],[116.69511,1.93872,0.0,null],[116.69303,1.93978,0.0,null],[116.68988,1.94003,0.0,null],[116.68696,1.94119,0.0,null]]]}},{"type":"Feature","properties":{"inventoryId":"big-forestry-ha:60","sector":"PBPH","subtype":"IUPHHK-HA","quality":"OFFICIAL","sourceDataset":"big-forestry-ha","sourceRecordId":"60","source":"BIG Kebijakan Satu Peta","sourceUrl":"https://kspservices.big.go.id/satupeta/rest/services/PUBLIK/PERIZINAN_DAN_PERTANAHAN/MapServer/1","retrievedAt":"2026-08-24T04:32:16Z","geometryProcessing":"web display simplification tolerance 0.00035 degrees","name":"PT WANA INTI KAHURIPAN INTIGA","permitNumber":"SK.393/Menhut-II/2005","permitDate":"2005-11-22","areaHa":92475.0,"provinceCode":"62","region":"kalimantan"},"geometry":{"type":"Polygon","coordinates":[[[115.2522,-0.29205,0.0,null],[115.2538,-0.28704,0.0,null],[115.2543,-0.28321,0.0,null],[115.25433,-0.27381,0.0,null],[115.07087,-0.34189,0.0,null],[115.00472,-0.36753,0.0,null],[115.00118,-0.37033,0.0,null],[114.99569,-0.37342,0.0,null],[114.97976,-0.37815,0.0,null],[114.97504,-0.38068,0.0,null],[114.97181,-0.38347,0.0,null],[114.9669,-0.39059,0.0,null],[114.96078,-0.40165,0.0,null],[114.95161,-0.41432,0.0,null],[114.94896,-0.41773,0.0,null],[114.94267,-0.42333,0.0,null],[114.94308,-0.42441,0.0,null],[114.94234,-0.4259,0.0,null],[114.94247,-0.42997,0.0,null],[114.94503,-0.42991,0.0,null],[114.94543,-0.42828,0.0,null],[114.94597,-0.42787,0.0,null],[114.94665,-0.42828,0.0,null],[114.94792,-0.43086,0.0,null],[114.94678,-0.43167,0.0,null],[114.95021,-0.43398,0.0,null],[114.95035,-0.43554,0.0,null],[114.94799,-0.43364,0.0,null],[114.94671,-0.43384,0.0,null],[114.94718,-0.43825,0.0,null],[114.94523,-0.44001,0.0,null],[114.94199,-0.44055,0.0,null],[114.94213,-0.44218,0.0,null],[114.94152,-0.44299,0.0,null],[114.94018,-0.44292,0.0,null],[114.93687,-0.44089,0.0,null],[114.93539,-0.44231,0.0,null],[114.93485,-0.4457,0.0,null],[114.93176,-0.44482,0.0,null],[114.93014,-0.4451,0.0,null],[114.92994,-0.44652,0.0,null],[114.93108,-0.44726,0.0,null],[114.93236,-0.44753,0.0,null],[114.93512,-0.44672,0.0,null],[114.93593,-0.44713,0.0,null],[114.936,-0.45052,0.0,null],[114.93552,-0.45113,0.0,null],[114.93222,-0.45242,0.0,null],[114.93054,-0.45248,0.0,null],[114.92993,-0.45167,0.0,null],[114.92973,-0.4495,0.0,null],[114.92899,-0.44943,0.0,null],[114.9267,-0.45106,0.0,null],[114.92711,-0.45221,0.0,null],[114.92933,-0.45309,0.0,null],[114.9298,-0.45431,0.0,null],[114.9298,-0.45486,0.0,null],[114.92798,-0.45492,0.0,null],[114.92764,-0.45544,0.0,null],[114.92838,-0.45798,0.0,null],[114.92905,-0.45784,0.0,null],[114.93034,-0.45554,0.0,null],[114.93317,-0.45771,0.0,null],[114.93512,-0.45615,0.0,null],[114.93694,-0.45689,0.0,null],[114.93694,-0.45872,0.0,null],[114.93546,-0.46008,0.0,null],[114.93505,-0.46164,0.0,null],[114.93633,-0.46537,0.0,null],[114.93943,-0.46903,0.0,null],[114.93963,-0.47168,0.0,null],[114.93801,-0.47385,0.0,null],[114.93875,-0.47575,0.0,null],[114.93855,-0.4767,0.0,null],[114.93659,-0.47595,0.0,null],[114.93572,-0.47622,0.0,null],[114.93491,-0.47825,0.0,null],[114.93532,-0.47968,0.0,null],[114.93673,-0.48063,0.0,null],[114.93814,-0.47948,0.0,null],[114.93855,-0.47805,0.0,null],[114.93949,-0.47758,0.0,null],[114.94009,-0.4786,0.0,null],[114.94023,-0.48083,0.0,null],[114.93821,-0.48287,0.0,null],[114.93794,-0.48409,0.0,null],[114.93881,-0.48497,0.0,null],[114.94138,-0.48497,0.0,null],[114.94205,-0.48578,0.0,null],[114.94124,-0.48816,0.0,null],[114.94218,-0.48931,0.0,null],[114.94185,-0.49019,0.0,null],[114.93915,-0.49155,0.0,null],[114.93639,-0.48958,0.0,null],[114.93552,-0.49087,0.0,null],[114.93767,-0.49385,0.0,null],[114.93793,-0.49501,0.0,null],[114.93484,-0.4986,0.0,null],[114.93632,-0.49955,0.0,null],[114.93975,-0.50002,0.0,null],[114.93989,-0.50084,0.0,null],[114.93922,-0.50145,0.0,null],[114.93699,-0.50185,0.0,null],[114.93699,-0.50253,0.0,null],[114.94003,-0.50552,0.0,null],[114.94016,-0.50654,0.0,null],[114.93692,-0.51006,0.0,null],[114.93523,-0.51108,0.0,null],[114.93275,-0.51121,0.0,null],[114.9318,-0.51257,0.0,null],[114.93254,-0.51379,0.0,null],[114.93483,-0.51501,0.0,null],[114.93295,-0.51752,0.0,null],[114.93301,-0.51915,0.0,null],[114.93692,-0.52105,0.0,null],[114.93752,-0.52247,0.0,null],[114.93423,-0.52362,0.0,null],[114.93341,-0.52898,0.0,null],[114.93402,-0.53122,0.0,null],[114.93186,-0.53501,0.0,null],[114.93517,-0.534,0.0,null],[114.93671,-0.53502,0.0,null],[114.93752,-0.53698,0.0,null],[114.93591,-0.53766,0.0,null],[114.93496,-0.53922,0.0,null],[114.93617,-0.54037,0.0,null],[114.93556,-0.54193,0.0,null],[114.93186,-0.54512,0.0,null],[114.92923,-0.54525,0.0,null],[114.92728,-0.54627,0.0,null],[114.92593,-0.54776,0.0,null],[114.92465,-0.5481,0.0,null],[114.92377,-0.54803,0.0,null],[114.92265,-0.54612,0.0,null],[114.9144,-0.5513,0.0,null],[114.91077,-0.55455,0.0,null],[114.89875,-0.57332,0.0,null],[114.89268,-0.59047,0.0,null],[114.8947,-0.58913,0.0,null],[114.94124,-0.59758,0.0,null],[114.94458,-0.59774,0.0,null],[114.95835,-0.59744,0.0,null],[114.97386,-0.59517,0.0,null],[115.00611,-0.59155,0.0,null],[115.02973,-0.59902,0.0,null],[115.04101,-0.59746,0.0,null],[115.05801,-0.58093,0.0,null],[115.07826,-0.57555,0.0,null],[115.07698,-0.57351,0.0,null],[115.07805,-0.57323,0.0,null],[115.09057,-0.51098,0.0,null],[115.09184,-0.5075,0.0,null],[115.09392,-0.50396,0.0,null],[115.09588,-0.50169,0.0,null],[115.10551,-0.49872,0.0,null],[115.12663,-0.49589,0.0,null],[115.13079,-0.49665,0.0,null],[115.13233,-0.49787,0.0,null],[115.13338,-0.50047,0.0,null],[115.13185,-0.5176,0.0,null],[115.13197,-0.52628,0.0,null],[115.13503,-0.53727,0.0,null],[115.14154,-0.55066,0.0,null],[115.15268,-0.5408,0.0,null],[115.16374,-0.53372,0.0,null],[115.18174,-0.5259,0.0,null],[115.19051,-0.5234,0.0,null],[115.19295,-0.52221,0.0,null],[115.21095,-0.5179,0.0,null],[115.22335,-0.51695,0.0,null],[115.23887,-0.52111,0.0,null],[115.25107,-0.52575,0.0,null],[115.26237,-0.53286,0.0,null],[115.27037,-0.54036,0.0,null],[115.27603,-0.54791,0.0,null],[115.28076,-0.55587,0.0,null],[115.29238,-0.58084,0.0,null],[115.29866,-0.59999,0.0,null],[115.30236,-0.61577,0.0,null],[115.30209,-0.60867,0.0,null],[115.32143,-0.54672,0.0,null],[115.3202,-0.54238,0.0,null],[115.3178,-0.52653,0.0,null],[115.3147,-0.51943,0.0,null],[115.3117,-0.51537,0.0,null],[115.3069,-0.50709,0.0,null],[115.2992,-0.49716,0.0,null],[115.2933,-0.49207,0.0,null],[115.2854,-0.4878,0.0,null],[115.2782,-0.47805,0.0,null],[115.2615,-0.46189,0.0,null],[115.2559,-0.45434,0.0,null],[115.2531,-0.45188,0.0,null],[115.2488,-0.45192,0.0,null],[115.2464,-0.45096,0.0,null],[115.2444,-0.44726,0.0,null],[115.2446,-0.44274,0.0,null],[115.2473,-0.44067,0.0,null],[115.2547,-0.43667,0.0,null],[115.2581,-0.43359,0.0,null],[115.26,-0.42972,0.0,null],[115.2616,-0.42093,0.0,null],[115.2614,-0.40271,0.0,null],[115.26,-0.39238,0.0,null],[115.2584,-0.38651,0.0,null],[115.2564,-0.3832,0.0,null],[115.2534,-0.38189,0.0,null],[115.2497,-0.38119,0.0,null],[115.2455,-0.38141,0.0,null],[115.2415,-0.38093,0.0,null],[115.2394,-0.37958,0.0,null],[115.2389,-0.37579,0.0,null],[115.2393,-0.3664,0.0,null],[115.238,-0.35847,0.0,null],[115.2351,-0.34765,0.0,null],[115.2332,-0.33525,0.0,null],[115.231,-0.32765,0.0,null],[115.2284,-0.30543,0.0,null],[115.2292,-0.29749,0.0,null],[115.2316,-0.29512,0.0,null],[115.2361,-0.29555,0.0,null],[115.2433,-0.29871,0.0,null],[115.2478,-0.29805,0.0,null],[115.2502,-0.29569,0.0,null],[115.2522,-0.29205,0.0,null]]]}},{"type":"Feature","properties":{"inventoryId":"big-forestry-ha:129","sector":"PBPH","subtype":"IUPHHK-HA","quality":"OFFICIAL","sourceDataset":"big-forestry-ha","sourceRecordId":"129","source":"BIG Kebijakan Satu Peta","sourceUrl":"https://kspservices.big.go.id/satupeta/rest/services/PUBLIK/PERIZINAN_DAN_PERTANAHAN/MapServer/1","retrievedAt":"2026-08-24T04:32:16Z","geometryProcessing":"web display simplification tolerance 0.00035 degrees","name":"PT WANA MUKTI LESTARI","permitNumber":"SK.401/Menhut-II/2012","permitDate":"2012-08-01","areaHa":46235.0,"provinceCode":"61","region":"kalimantan"},"geometry":{"type":"MultiPolygon","coordinates":[[[[110.84588,-1.14683,0.0,null],[110.8437,-1.14206,0.0,null],[110.8414,-1.1405,0.0,null],[110.82713,-1.1386,0.0,null],[110.82579,-1.14187,0.0,null],[110.82118,-1.14707,0.0,null],[110.8191,-1.15704,0.0,null],[110.81493,-1.16581,0.0,null],[110.81314,-1.16831,0.0,null],[110.81046,-1.17063,0.0,null],[110.79669,-1.20865,0.0,null],[110.79348,-1.20778,0.0,null],[110.7754,-1.19929,0.0,null],[110.76596,-1.19921,0.0,null],[110.75568,-1.20081,0.0,null],[110.733,-1.20732,0.0,null],[110.72872,-1.20995,0.0,null],[110.72524,-1.21378,0.0,null],[110.72135,-1.22029,0.0,null],[110.7194,-1.22648,0.0,null],[110.72022,-1.23144,0.0,null],[110.7216,-1.23291,0.0,null],[110.73402,-1.23785,0.0,null],[110.74339,-1.24029,0.0,null],[110.74506,-1.24164,0.0,null],[110.74641,-1.24565,0.0,null],[110.74841,-1.24852,0.0,null],[110.74985,-1.25292,0.0,null],[110.75664,-1.26621,0.0,null],[110.76633,-1.27652,0.0,null],[110.77162,-1.29649,0.0,null],[110.77487,-1.30168,0.0,null],[110.7818,-1.31505,0.0,null],[110.78755,-1.32475,0.0,null],[110.79506,-1.33397,0.0,null],[110.79719,-1.33786,0.0,null],[110.80533,-1.34638,0.0,null],[110.81235,-1.37435,0.0,null],[110.81551,-1.38996,0.0,null],[110.8158,-1.39548,0.0,null],[110.82031,-1.39768,0.0,null],[110.83477,-1.39771,0.0,null],[110.83497,-1.3952,0.0,null],[110.84349,-1.38102,0.0,null],[110.85704,-1.37341,0.0,null],[110.82861,-1.3576,0.0,null],[110.82835,-1.31725,0.0,null],[110.83033,-1.30849,0.0,null],[110.83166,-1.30601,0.0,null],[110.83451,-1.30335,0.0,null],[110.87887,-1.30449,0.0,null],[110.88991,-1.31172,0.0,null],[110.89619,-1.32924,0.0,null],[110.90266,-1.33324,0.0,null],[110.90704,-1.334,0.0,null],[110.91029,-1.33382,0.0,null],[110.91345,-1.33245,0.0,null],[110.91645,-1.32955,0.0,null],[110.92985,-1.30975,0.0,null],[110.93835,-1.30535,0.0,null],[110.93959,-1.30563,0.0,null],[110.94644,-1.30906,0.0,null],[110.94915,-1.32405,0.0,null],[110.94797,-1.33495,0.0,null],[110.94651,-1.33838,0.0,null],[110.94924,-1.34776,0.0,null],[110.95483,-1.34318,0.0,null],[110.96022,-1.34343,0.0,null],[110.96349,-1.34644,0.0,null],[110.96813,-1.35435,0.0,null],[110.96863,-1.3563,0.0,null],[110.9762,-1.35183,0.0,null],[110.99628,-1.34156,0.0,null],[111.0221,-1.33141,0.0,null],[111.02247,-1.32322,0.0,null],[111.02157,-1.32304,0.0,null],[111.02164,-1.32114,0.0,null],[111.02093,-1.31914,0.0,null],[111.01922,-1.319,0.0,null],[111.01882,-1.31763,0.0,null],[111.02121,-1.31599,0.0,null],[111.02221,-1.31342,0.0,null],[111.02964,-1.28566,0.0,null],[111.0331,-1.26993,0.0,null],[111.02771,-1.24198,0.0,null],[111.02697,-1.22971,0.0,null],[111.02783,-1.2162,0.0,null],[111.02336,-1.21285,0.0,null],[111.01101,-1.21292,0.0,null],[111.01094,-1.21942,0.0,null],[110.97198,-1.21857,0.0,null],[110.94816,-1.22942,0.0,null],[110.93374,-1.2646,0.0,null],[110.93069,-1.26574,0.0,null],[110.92933,-1.26825,0.0,null],[110.92664,-1.27115,0.0,null],[110.92598,-1.27341,0.0,null],[110.92463,-1.27445,0.0,null],[110.91886,-1.27448,0.0,null],[110.91709,-1.27399,0.0,null],[110.91486,-1.2722,0.0,null],[110.914,-1.27295,0.0,null],[110.91545,-1.27525,0.0,null],[110.91469,-1.2773,0.0,null],[110.91415,-1.2774,0.0,null],[110.91276,-1.27604,0.0,null],[110.91017,-1.27633,0.0,null],[110.90884,-1.27534,0.0,null],[110.90912,-1.27367,0.0,null],[110.90585,-1.27037,0.0,null],[110.90294,-1.27023,0.0,null],[110.90149,-1.26958,0.0,null],[110.90095,-1.26671,0.0,null],[110.89765,-1.26332,0.0,null],[110.89598,-1.26455,0.0,null],[110.89302,-1.26547,0.0,null],[110.8817,-1.25638,0.0,null],[110.88379,-1.24939,0.0,null],[110.88453,-1.2427,0.0,null],[110.88334,-1.22664,0.0,null],[110.88185,-1.21663,0.0,null],[110.87729,-1.21287,0.0,null],[110.87381,-1.21081,0.0,null],[110.86484,-1.2087,0.0,null],[110.8633,-1.20773,0.0,null],[110.86247,-1.20517,0.0,null],[110.86197,-1.18851,0.0,null],[110.86085,-1.18508,0.0,null],[110.85746,-1.18128,0.0,null],[110.85722,-1.18014,0.0,null],[110.85751,-1.17881,0.0,null],[110.85984,-1.17556,0.0,null],[110.86283,-1.17252,0.0,null],[110.86324,-1.17085,0.0,null],[110.86289,-1.16884,0.0,null],[110.86073,-1.16529,0.0,null],[110.85597,-1.16044,0.0,null],[110.85558,-1.14966,0.0,null],[110.85112,-1.14759,0.0,null],[110.84836,-1.14778,0.0,null],[110.84588,-1.14683,0.0,null]]],[[[111.01452,-1.05353,0.0,null],[111.01066,-1.03473,0.0,null],[111.0042,-1.03366,0.0,null],[111.00259,-1.03273,0.0,null],[110.98189,-1.03499,0.0,null],[110.94638,-1.04082,0.0,null],[110.91077,-1.04559,0.0,null],[110.88782,-1.05177,0.0,null],[110.88472,-1.0553,0.0,null],[110.88003,-1.05677,0.0,null],[110.87929,-1.05895,0.0,null],[110.87639,-1.05896,0.0,null],[110.876,-1.05984,0.0,null],[110.87663,-1.06165,0.0,null],[110.8764,-1.0628,0.0,null],[110.87189,-1.06707,0.0,null],[110.87237,-1.06991,0.0,null],[110.86821,-1.07333,0.0,null],[110.86871,-1.07293,0.0,null],[110.86643,-1.08288,0.0,null],[110.88618,-1.07116,0.0,null],[110.92298,-1.07116,0.0,null],[110.90582,-1.10276,0.0,null],[110.90212,-1.11646,0.0,null],[110.91533,-1.10587,0.0,null],[110.91725,-1.09265,0.0,null],[110.9198,-1.08706,0.0,null],[110.92575,-1.0823,0.0,null],[110.92956,-1.07778,0.0,null],[110.93218,-1.07112,0.0,null],[110.93503,-1.06731,0.0,null],[110.93789,-1.06636,0.0,null],[110.94217,-1.06755,0.0,null],[110.94693,-1.06803,0.0,null],[110.95621,-1.06827,0.0,null],[110.96168,-1.06755,0.0,null],[110.96382,-1.07017,0.0,null],[110.96573,-1.06957,0.0,null],[110.96692,-1.07225,0.0,null],[110.97091,-1.07366,0.0,null],[110.98406,-1.06804,0.0,null],[110.98787,-1.06733,0.0,null],[110.99001,-1.064,0.0,null],[110.99406,-1.06233,0.0,null],[111.00215,-1.06067,0.0,null],[111.01452,-1.05353,0.0,null]]]]}},{"type":"Feature","properties":{"inventoryId":"big-forestry-ha:133","sector":"PBPH","subtype":"IUPHHK-HA","quality":"OFFICIAL","sourceDataset":"big-forestry-ha","sourceRecordId":"133","source":"BIG Kebijakan Satu Peta","sourceUrl":"https://kspservices.big.go.id/satupeta/rest/services/PUBLIK/PERIZINAN_DAN_PERTANAHAN/MapServer/1","retrievedAt":"2026-08-24T04:32:16Z","geometryProcessing":"web display simplification tolerance 0.00035 degrees","name":"PT WANASOKAN HASILINDO","permitNumber":"SK.162/Menhut-II/2005","permitDate":"2005-06-07","areaHa":49000.0,"provinceCode":"61","region":"kalimantan"},"geometry":{"type":"Polygon","coordinates":[[[111.32748,-0.81146,0.0,null],[111.34078,-0.79476,0.0,null],[111.35828,-0.75946,0.0,null],[111.36368,-0.75046,0.0,null],[111.36968,-0.74386,0.0,null],[111.36628,-0.74246,0.0,null],[111.36128,-0.73726,0.0,null],[111.35248,-0.73576,0.0,null],[111.33068,-0.73486,0.0,null],[111.33408,-0.74836,0.0,null],[111.33718,-0.75746,0.0,null],[111.33818,-0.76656,0.0,null],[111.33818,-0.77666,0.0,null],[111.33568,-0.79046,0.0,null],[111.30608,-0.81506,0.0,null],[111.27248,-0.79466,0.0,null],[111.26828,-0.79306,0.0,null],[111.25798,-0.79436,0.0,null],[111.25338,-0.79836,0.0,null],[111.24988,-0.80566,0.0,null],[111.24728,-0.81296,0.0,null],[111.24668,-0.81926,0.0,null],[111.24738,-0.82716,0.0,null],[111.24898,-0.83546,0.0,null],[111.25378,-0.84346,0.0,null],[111.26258,-0.85416,0.0,null],[111.26898,-0.86066,0.0,null],[111.27238,-0.86566,0.0,null],[111.27308,-0.87156,0.0,null],[111.27188,-0.88246,0.0,null],[111.26778,-0.90126,0.0,null],[111.26218,-0.91646,0.0,null],[111.25778,-0.92616,0.0,null],[111.25048,-0.93756,0.0,null],[111.23638,-0.95516,0.0,null],[111.22138,-0.96616,0.0,null],[111.21608,-0.96816,0.0,null],[111.20868,-0.96886,0.0,null],[111.19738,-0.96726,0.0,null],[111.18618,-0.96426,0.0,null],[111.17808,-0.96146,0.0,null],[111.16698,-0.95496,0.0,null],[111.15408,-0.95056,0.0,null],[111.14128,-0.94896,0.0,null],[111.12737,-0.94975,0.0,null],[111.11797,-0.95352,0.0,null],[111.10593,-0.96091,0.0,null],[111.0974,-0.96973,0.0,null],[111.09257,-0.97752,0.0,null],[111.08762,-0.99358,0.0,null],[111.08137,-1.0002,0.0,null],[111.06874,-1.00561,0.0,null],[111.05935,-1.0039,0.0,null],[111.05601,-0.99874,0.0,null],[111.05471,-0.99854,0.0,null],[111.0521,-0.99558,0.0,null],[111.04747,-0.98493,0.0,null],[111.04572,-0.9766,0.0,null],[111.04492,-0.97504,0.0,null],[111.04472,-0.96817,0.0,null],[111.04536,-0.96513,0.0,null],[111.04718,-0.96307,0.0,null],[111.05054,-0.96153,0.0,null],[111.04697,-0.94146,0.0,null],[111.04585,-0.94027,0.0,null],[111.04459,-0.94081,0.0,null],[111.04317,-0.93973,0.0,null],[111.04127,-0.94128,0.0,null],[111.03966,-0.94366,0.0,null],[111.03925,-0.94182,0.0,null],[111.0377,-0.93979,0.0,null],[111.03674,-0.93991,0.0,null],[111.0349,-0.9417,0.0,null],[111.03252,-0.93872,0.0,null],[111.03187,-0.93866,0.0,null],[111.03157,-0.94075,0.0,null],[111.02972,-0.94063,0.0,null],[111.02788,-0.94146,0.0,null],[111.0274,-0.94265,0.0,null],[111.02538,-0.94307,0.0,null],[111.02116,-0.94057,0.0,null],[111.02116,-0.94164,0.0,null],[111.01949,-0.94432,0.0,null],[111.02026,-0.94568,0.0,null],[111.02003,-0.94622,0.0,null],[111.01729,-0.94723,0.0,null],[111.01658,-0.95014,0.0,null],[111.01408,-0.95252,0.0,null],[111.01116,-0.9527,0.0,null],[111.00992,-0.95377,0.0,null],[111.00984,-0.96045,0.0,null],[111.00746,-0.96577,0.0,null],[111.00716,-0.96854,0.0,null],[111.00616,-0.96921,0.0,null],[111.00578,-0.97202,0.0,null],[111.00889,-0.98217,0.0,null],[111.00787,-0.9839,0.0,null],[111.00955,-0.98696,0.0,null],[111.01094,-0.98747,0.0,null],[111.00989,-0.9913,0.0,null],[111.01104,-0.99265,0.0,null],[111.01227,-0.99917,0.0,null],[111.01094,-1.00382,0.0,null],[111.02659,-1.0601,0.0,null],[111.10348,-1.0603,0.0,null],[111.12838,-1.05172,0.0,null],[111.14244,-1.0599,0.0,null],[111.1904,-1.05988,0.0,null],[111.18615,-1.04777,0.0,null],[111.18867,-1.03365,0.0,null],[111.19245,-1.02808,0.0,null],[111.19767,-1.02261,0.0,null],[111.20143,-1.01655,0.0,null],[111.20306,-1.01539,0.0,null],[111.20607,-1.01755,0.0,null],[111.21175,-1.01777,0.0,null],[111.21375,-1.01837,0.0,null],[111.21493,-1.02088,0.0,null],[111.21649,-1.02108,0.0,null],[111.2178,-1.02214,0.0,null],[111.22032,-1.02118,0.0,null],[111.22067,-1.02215,0.0,null],[111.21957,-1.02584,0.0,null],[111.22059,-1.03107,0.0,null],[111.21859,-1.04746,0.0,null],[111.21745,-1.05469,0.0,null],[111.21513,-1.06024,0.0,null],[111.3404,-1.06084,0.0,null],[111.38644,-1.04939,0.0,null],[111.38282,-0.9945,0.0,null],[111.32082,-0.99434,0.0,null],[111.31459,-0.99056,0.0,null],[111.30868,-0.98936,0.0,null],[111.30315,-0.98902,0.0,null],[111.29478,-0.99158,0.0,null],[111.28936,-0.99454,0.0,null],[111.28589,-0.99791,0.0,null],[111.28426,-1.0022,0.0,null],[111.24115,-1.00046,0.0,null],[111.24401,-0.9927,0.0,null],[111.25239,-0.97973,0.0,null],[111.26348,-0.96516,0.0,null],[111.26948,-0.95876,0.0,null],[111.28178,-0.95076,0.0,null],[111.28998,-0.94756,0.0,null],[111.29768,-0.94626,0.0,null],[111.30724,-0.94562,0.0,null],[111.31623,-0.94643,0.0,null],[111.32552,-0.94837,0.0,null],[111.37128,-0.9353,0.0,null],[111.33798,-0.93446,0.0,null],[111.27308,-0.93156,0.0,null],[111.28328,-0.92046,0.0,null],[111.28648,-0.90846,0.0,null],[111.28858,-0.90486,0.0,null],[111.29228,-0.90336,0.0,null],[111.29398,-0.90166,0.0,null],[111.29398,-0.89696,0.0,null],[111.29558,-0.89536,0.0,null],[111.29658,-0.89266,0.0,null],[111.29398,-0.88826,0.0,null],[111.29508,-0.84076,0.0,null],[111.29618,-0.82926,0.0,null],[111.31448,-0.82776,0.0,null],[111.32748,-0.81146,0.0,null]]]}},{"type":"Feature","properties":{"inventoryId":"big-forestry-ha:121","sector":"PBPH","subtype":"IUPHHK-HA","quality":"OFFICIAL","sourceDataset":"big-forestry-ha","sourceRecordId":"121","source":"BIG Kebijakan Satu Peta","sourceUrl":"https://kspservices.big.go.id/satupeta/rest/services/PUBLIK/PERIZINAN_DAN_PERTANAHAN/MapServer/1","retrievedAt":"2026-08-24T04:32:16Z","geometryProcessing":"web display simplification tolerance 0.00035 degrees","name":"PT WANGSA KARYA LESTARI","permitNumber":"SK.348/Menhut-II/2008","permitDate":"2008-10-22","areaHa":41530.0,"provinceCode":"64","region":"kalimantan"},"geometry":{"type":"Polygon","coordinates":[[[114.22207,0.98478,0.0,null],[114.21616,0.98985,0.0,null],[114.20816,0.99392,0.0,null],[114.21775,0.97092,0.0,null],[114.2241,0.95177,0.0,null],[114.106,0.86554,0.0,null],[114.1565,0.83662,0.0,null],[114.20443,0.83337,0.0,null],[114.22731,0.82978,0.0,null],[114.23776,0.82492,0.0,null],[114.23824,0.82544,0.0,null],[114.23801,0.826,0.0,null],[114.23609,0.82679,0.0,null],[114.2338,0.82953,0.0,null],[114.23386,0.83114,0.0,null],[114.23801,0.83271,0.0,null],[114.24042,0.83598,0.0,null],[114.24233,0.83701,0.0,null],[114.24444,0.83611,0.0,null],[114.24603,0.83653,0.0,null],[114.24582,0.84149,0.0,null],[114.24839,0.84073,0.0,null],[114.2506,0.84413,0.0,null],[114.25137,0.84698,0.0,null],[114.25239,0.84687,0.0,null],[114.25396,0.84841,0.0,null],[114.25595,0.84857,0.0,null],[114.25785,0.84665,0.0,null],[114.26017,0.84833,0.0,null],[114.26065,0.84986,0.0,null],[114.25918,0.85353,0.0,null],[114.25994,0.85618,0.0,null],[114.25848,0.8578,0.0,null],[114.25809,0.85918,0.0,null],[114.25877,0.86,0.0,null],[114.26139,0.86113,0.0,null],[114.26226,0.85923,0.0,null],[114.26283,0.85911,0.0,null],[114.26601,0.8621,0.0,null],[114.26579,0.86401,0.0,null],[114.2675,0.87049,0.0,null],[114.26901,0.87204,0.0,null],[114.27176,0.87711,0.0,null],[114.27168,0.87806,0.0,null],[114.26951,0.88097,0.0,null],[114.26944,0.88217,0.0,null],[114.27472,0.8873,0.0,null],[114.27596,0.88786,0.0,null],[114.27899,0.88682,0.0,null],[114.28099,0.88741,0.0,null],[114.29701,0.87375,0.0,null],[114.29663,0.86176,0.0,null],[114.31292,0.84072,0.0,null],[114.31445,0.83726,0.0,null],[114.31429,0.83418,0.0,null],[114.31375,0.83055,0.0,null],[114.30737,0.82032,0.0,null],[114.30354,0.81801,0.0,null],[114.2965,0.81509,0.0,null],[114.28695,0.81223,0.0,null],[114.28463,0.81054,0.0,null],[114.28173,0.80993,0.0,null],[114.28005,0.80701,0.0,null],[114.27931,0.80701,0.0,null],[114.27831,0.80552,0.0,null],[114.27682,0.8062,0.0,null],[114.2738,0.80321,0.0,null],[114.27306,0.79772,0.0,null],[114.27427,0.79664,0.0,null],[114.27367,0.7923,0.0,null],[114.27522,0.79061,0.0,null],[114.27441,0.7904,0.0,null],[114.27333,0.78884,0.0,null],[114.27428,0.7879,0.0,null],[114.27555,0.78735,0.0,null],[114.27845,0.7877,0.0,null],[114.27979,0.78729,0.0,null],[114.43066,0.80054,0.0,null],[114.43092,0.85862,0.0,null],[114.41177,0.86054,0.0,null],[114.39436,0.87676,0.0,null],[114.38945,0.88432,0.0,null],[114.38746,0.89313,0.0,null],[114.38706,0.90216,0.0,null],[114.38833,0.92924,0.0,null],[114.39009,0.93811,0.0,null],[114.39277,0.94673,0.0,null],[114.39388,0.9557,0.0,null],[114.38906,0.9633,0.0,null],[114.38018,0.96246,0.0,null],[114.37239,0.95798,0.0,null],[114.35116,0.94129,0.0,null],[114.33833,0.92866,0.0,null],[114.31232,0.93547,0.0,null],[114.30485,0.94046,0.0,null],[114.30096,0.94859,0.0,null],[114.29563,0.97516,0.0,null],[114.28707,0.97302,0.0,null],[114.27811,0.97347,0.0,null],[114.26921,0.97467,0.0,null],[114.26101,0.97104,0.0,null],[114.25219,0.96939,0.0,null],[114.24481,0.97445,0.0,null],[114.23146,0.98653,0.0,null],[114.22292,0.98405,0.0,null],[114.22207,0.98478,0.0,null]]]}},{"type":"Feature","properties":{"inventoryId":"big-forestry-ha:10","sector":"PBPH","subtype":"IUPHHK-HA","quality":"OFFICIAL","sourceDataset":"big-forestry-ha","sourceRecordId":"10","source":"BIG Kebijakan Satu Peta","sourceUrl":"https://kspservices.big.go.id/satupeta/rest/services/PUBLIK/PERIZINAN_DAN_PERTANAHAN/MapServer/1","retrievedAt":"2026-08-24T04:32:16Z","geometryProcessing":"web display simplification tolerance 0.00035 degrees","name":"PT WIDYA ARTHA PERDANA","permitNumber":"SK.439/Menhut-II/2006","permitDate":"2006-09-07","areaHa":14800.0,"provinceCode":"64","region":"kalimantan"},"geometry":{"type":"MultiPolygon","coordinates":[[[[117.79921,2.32274,0.0,null],[117.78463,2.33813,0.0,null],[117.7614,2.36455,0.0,null],[117.75068,2.37994,0.0,null],[117.7354,2.39881,0.0,null],[117.69887,2.4186,0.0,null],[117.6715,2.43445,0.0,null],[117.6696,2.43265,0.0,null],[117.68348,2.40382,0.0,null],[117.68699,2.38644,0.0,null],[117.67984,2.36787,0.0,null],[117.67916,2.35247,0.0,null],[117.69258,2.3254,0.0,null],[117.69535,2.3228,0.0,null],[117.79921,2.32274,0.0,null]]],[[[117.75243,1.71028,0.0,null],[117.74528,1.71342,0.0,null],[117.72279,1.71725,0.0,null],[117.72418,1.71283,0.0,null],[117.74836,1.7089,0.0,null],[117.76287,1.69445,0.0,null],[117.76402,1.69444,0.0,null],[117.77479,1.681,0.0,null],[117.77907,1.67898,0.0,null],[117.78204,1.67699,0.0,null],[117.78363,1.67519,0.0,null],[117.79203,1.67134,0.0,null],[117.79774,1.6677,0.0,null],[117.8055,1.66392,0.0,null],[117.82056,1.65137,0.0,null],[117.835,1.6475,0.0,null],[117.8382,1.6446,0.0,null],[117.8401,1.61309,0.0,null],[117.83897,1.6105,0.0,null],[117.84618,1.60522,0.0,null],[117.89407,1.6409,0.0,null],[117.90934,1.64405,0.0,null],[117.91218,1.64651,0.0,null],[117.91529,1.65342,0.0,null],[117.91815,1.65662,0.0,null],[117.91537,1.65841,0.0,null],[117.87611,1.64493,0.0,null],[117.86562,1.65053,0.0,null],[117.86034,1.65832,0.0,null],[117.85844,1.66811,0.0,null],[117.85273,1.6734,0.0,null],[117.86396,1.68191,0.0,null],[117.86387,1.68473,0.0,null],[117.85876,1.68461,0.0,null],[117.8581,1.69554,0.0,null],[117.85754,1.69603,0.0,null],[117.8506,1.68216,0.0,null],[117.83777,1.69722,0.0,null],[117.81887,1.68561,0.0,null],[117.81894,1.68284,0.0,null],[117.78926,1.68197,0.0,null],[117.77345,1.70055,0.0,null],[117.76414,1.70159,0.0,null],[117.75709,1.70812,0.0,null],[117.75243,1.71028,0.0,null]]]]}}]}
