{"type":"FeatureCollection","name":"meratus-kalimantan-concession-inventory-oil-palm-official","metadata":{"coverageId":"kalimantan","parentCoverageId":"indonesia","generatedAt":"2026-08-24T23:55:27Z","pipelineVersion":"2","count":311,"sectors":["Sawit"],"qualities":["OFFICIAL"],"geometryNote":"Web-display geometry is simplified; consult source records for authoritative geometry.","evidenceNote":"A public concession record does not imply fire causation, illegality, or wrongdoing."},"features":[{"type":"Feature","properties":{"inventoryId":"big-oil-palm-kutai-timur:68","sector":"Sawit","subtype":"Izin Lokasi Sawit","quality":"OFFICIAL","sourceDataset":"big-oil-palm-kutai-timur","sourceRecordId":"68","source":"BIG Kebijakan Satu Peta","sourceUrl":"https://kspservices.big.go.id/satupeta/rest/services/PUBLIK/PERIZINAN_DAN_PERTANAHAN/MapServer/38","retrievedAt":"2026-08-24T23:55:27Z","geometryProcessing":"web display simplification tolerance 0.00035 degrees","name":"Agratama Bangkit Sangsaka, PT","issuer":"Bupati Kutai Timur","permitNumber":"525.26/K.173/HK/III/2015","permitDate":"2015-03-17","areaHa":2667.0,"village":"-","subdistrict":"Kaubun_Sangkulirang","district":"Kutai Timur","status":"Tidak Aktif","coverageCaveat":"BIG public plantation location layer covers selected districts only; it is not complete Indonesia-wide plantation coverage.","region":"kalimantan"},"geometry":{"type":"MultiPolygon","coordinates":[[[[117.8822,1.13198],[117.8795,1.12914],[117.87697,1.12804],[117.87345,1.12848],[117.86994,1.13025],[117.86741,1.12771],[117.86752,1.12538],[117.86632,1.12139],[117.87584,1.12097],[117.88075,1.11754],[117.87843,1.11026],[117.87051,1.10299],[117.86971,1.09902],[117.87004,1.0935],[117.8695,1.0935],[117.87084,1.09052],[117.87301,1.09061],[117.87289,1.08723],[117.87,1.08455],[117.86976,1.08012],[117.86584,1.07587],[117.86568,1.07077],[117.86846,1.07216],[117.86994,1.07549],[117.87385,1.07636],[117.87271,1.07225],[117.87445,1.06884],[117.8768,1.06796],[117.8757,1.06383],[117.8829,1.05929],[117.88505,1.05974],[117.88757,1.06306],[117.892,1.05895],[117.89617,1.05799],[117.90086,1.06385],[117.90424,1.0573],[117.90396,1.06479],[117.90058,1.06665],[117.89365,1.06243],[117.88275,1.07247],[117.88365,1.09517],[117.88939,1.10087],[117.89058,1.11666],[117.8822,1.13198]]],[[[117.86275,0.99601],[117.85242,0.99979],[117.85385,0.99731],[117.85658,0.9947],[117.85767,0.9796],[117.86368,0.97985],[117.86378,0.97695],[117.8777,0.97734],[117.88022,0.98033],[117.86555,0.97957],[117.86275,0.99601]]],[[[117.82584,1.05405],[117.82278,1.05391],[117.82278,1.05],[117.81161,1.04996],[117.81179,1.04172],[117.82335,1.04166],[117.82584,1.05405]]],[[[117.87323,1.04707],[117.87223,1.05601],[117.8706,1.056],[117.86799,1.03772],[117.87628,1.03438],[117.87487,1.02854],[117.86454,1.02983],[117.86581,1.02213],[117.86888,1.02264],[117.87015,1.01609],[117.88481,1.0157],[117.88775,1.00698],[117.89897,1.00967],[117.90279,1.00428],[117.89514,0.99786],[117.89208,0.98842],[117.88391,0.98573],[117.88154,0.98191],[117.90676,0.9819],[117.90661,0.98307],[117.88388,0.98295],[117.8966,0.98938],[117.90626,1.0023],[117.90618,1.00643],[117.90041,1.014],[117.89503,1.01164],[117.88779,1.01429],[117.88779,1.01697],[117.88082,1.01697],[117.88083,1.02791],[117.87549,1.02791],[117.87701,1.03489],[117.88214,1.03488],[117.88194,1.03913],[117.87868,1.04647],[117.87287,1.04362],[117.87323,1.04707]]],[[[117.91751,1.04898],[117.91469,1.05325],[117.90884,1.05729],[117.90489,1.05701],[117.91432,1.053],[117.90329,1.05248],[117.90355,1.04951],[117.8971,1.04527],[117.89961,1.03977],[117.90297,1.04292],[117.90505,1.04397],[117.90783,1.04058],[117.91177,1.04268],[117.92253,1.03433],[117.92303,1.03459],[117.92217,1.03587],[117.92828,1.04092],[117.91751,1.04898]]]]}},{"type":"Feature","properties":{"inventoryId":"big-oil-palm-kutai-timur:51","sector":"Sawit","subtype":"Izin Lokasi Sawit","quality":"OFFICIAL","sourceDataset":"big-oil-palm-kutai-timur","sourceRecordId":"51","source":"BIG Kebijakan Satu Peta","sourceUrl":"https://kspservices.big.go.id/satupeta/rest/services/PUBLIK/PERIZINAN_DAN_PERTANAHAN/MapServer/38","retrievedAt":"2026-08-24T23:55:27Z","geometryProcessing":"web display simplification tolerance 0.00035 degrees","name":"Agro Inti Mandiri, PT","issuer":"Bupati Kutai Timur","permitNumber":"525.26/K.369/HK/VI/2018","permitDate":"2018-06-28","areaHa":1856.0,"village":"-","subdistrict":"Muara Wahau, Telen","district":"Kutai Timur","status":"Aktif","coverageCaveat":"BIG public plantation location layer covers selected districts only; it is not complete Indonesia-wide plantation coverage.","region":"kalimantan"},"geometry":{"type":"MultiPolygon","coordinates":[[[[116.67358,0.90818],[116.67092,0.91069],[116.66892,0.91089],[116.6686,0.90001],[116.67158,0.88303],[116.67858,0.86529],[116.67999,0.85819],[116.67992,0.85479],[116.685,0.85481],[116.68395,0.86725],[116.68522,0.86848],[116.68589,0.87008],[116.68708,0.87395],[116.68696,0.87896],[116.68795,0.88151],[116.68876,0.88185],[116.68791,0.8825],[116.6863,0.87915],[116.68418,0.87961],[116.68397,0.88246],[116.68545,0.88518],[116.68202,0.88584],[116.6802,0.88773],[116.67986,0.88901],[116.68085,0.89068],[116.68363,0.89104],[116.68711,0.8936],[116.68668,0.89399],[116.68307,0.89381],[116.68163,0.89525],[116.68178,0.89735],[116.68297,0.8983],[116.68515,0.89878],[116.68598,0.90006],[116.68361,0.89934],[116.68196,0.89958],[116.68079,0.90056],[116.68044,0.90219],[116.68101,0.90371],[116.68232,0.90463],[116.68715,0.90429],[116.68797,0.90501],[116.68793,0.90568],[116.68581,0.90503],[116.68442,0.90526],[116.68305,0.90612],[116.68178,0.90925],[116.67982,0.90842],[116.67887,0.90993],[116.67647,0.90822],[116.67358,0.90818]]],[[[116.68897,0.85482],[116.69203,0.88156],[116.6909,0.88151],[116.68918,0.87619],[116.68762,0.86809],[116.68712,0.86797],[116.6878,0.85481],[116.68897,0.85482]]],[[[116.68624,0.91566],[116.68479,0.91624],[116.68394,0.91737],[116.68416,0.91903],[116.68658,0.91991],[116.68521,0.92035],[116.68428,0.9217],[116.6846,0.92571],[116.68351,0.92619],[116.68303,0.92709],[116.68327,0.92856],[116.68448,0.9297],[116.68339,0.93092],[116.68477,0.93341],[116.68386,0.93503],[116.67986,0.93854],[116.67974,0.93935],[116.68021,0.94051],[116.6822,0.94137],[116.68101,0.94307],[116.68156,0.9442],[116.68269,0.94468],[116.68231,0.94583],[116.672,0.92808],[116.66977,0.91939],[116.66907,0.91313],[116.67164,0.91294],[116.67505,0.91023],[116.67879,0.91237],[116.68061,0.91167],[116.68174,0.91203],[116.68329,0.91111],[116.6844,0.91271],[116.68408,0.91344],[116.6845,0.91472],[116.68537,0.91536],[116.6866,0.91532],[116.68624,0.91566]]],[[[116.69437,0.92342],[116.69423,0.92707],[116.69556,0.93397],[116.69601,0.94319],[116.6953,0.94515],[116.69379,0.94632],[116.69353,0.94959],[116.69076,0.95412],[116.69018,0.95795],[116.68356,0.9477],[116.68497,0.94512],[116.68406,0.94273],[116.68469,0.94095],[116.68265,0.9392],[116.6858,0.9361],[116.68699,0.93311],[116.68662,0.93116],[116.68707,0.92914],[116.68539,0.92759],[116.68642,0.92701],[116.68674,0.92595],[116.6864,0.92224],[116.68785,0.92278],[116.69038,0.92248],[116.69127,0.92162],[116.69127,0.9207],[116.69012,0.91873],[116.68676,0.91767],[116.68822,0.91675],[116.68848,0.91422],[116.68789,0.91332],[116.68713,0.91324],[116.68771,0.91225],[116.68745,0.91109],[116.68539,0.91075],[116.68848,0.91017],[116.69013,0.90898],[116.69072,0.90704],[116.69025,0.90465],[116.68848,0.90233],[116.68733,0.90205],[116.68813,0.90068],[116.68761,0.89786],[116.68644,0.89679],[116.68392,0.89613],[116.68747,0.89605],[116.68906,0.89481],[116.68947,0.89356],[116.68822,0.89124],[116.6864,0.88987],[116.68232,0.88847],[116.68375,0.88739],[116.68753,0.88681],[116.68803,0.8861],[116.68785,0.88502],[116.68918,0.88484],[116.68967,0.88384],[116.69041,0.88373],[116.69199,0.88396],[116.69189,0.89394],[116.69136,0.89693],[116.6932,0.90635],[116.69338,0.91367],[116.69435,0.91682],[116.69437,0.92342]]],[[[116.69887,0.94781],[116.70037,0.96028],[116.69861,0.9618],[116.69632,0.96749],[116.69268,0.9619],[116.69359,0.95981],[116.69393,0.9565],[116.69562,0.95298],[116.69554,0.95025],[116.69633,0.94718],[116.69855,0.94486],[116.69887,0.94781]]],[[[116.70093,0.96573],[116.7019,0.97518],[116.70124,0.97552],[116.69842,0.97072],[116.69987,0.96539],[116.7008,0.9643],[116.70093,0.96573]]]]}},{"type":"Feature","properties":{"inventoryId":"big-oil-palm-kutai-timur:4","sector":"Sawit","subtype":"Izin Lokasi Sawit","quality":"OFFICIAL","sourceDataset":"big-oil-palm-kutai-timur","sourceRecordId":"4","source":"BIG Kebijakan Satu Peta","sourceUrl":"https://kspservices.big.go.id/satupeta/rest/services/PUBLIK/PERIZINAN_DAN_PERTANAHAN/MapServer/38","retrievedAt":"2026-08-24T23:55:27Z","geometryProcessing":"web display simplification tolerance 0.00035 degrees","name":"Andalas Wahana Sukses, PT (I)","issuer":"Bupati Kutai Timur","permitNumber":"525.26/K.116/HK/II/2015","permitDate":"2015-02-26","areaHa":5169.0,"village":"-","subdistrict":"Rantau Pulung","district":"Kutai Timur","status":"Aktif","coverageCaveat":"BIG public plantation location layer covers selected districts only; it is not complete Indonesia-wide plantation coverage.","region":"kalimantan"},"geometry":{"type":"Polygon","coordinates":[[[117.20036,0.76621],[117.17777,0.77959],[117.16832,0.79983],[117.14479,0.72847],[117.1462,0.72536],[117.14714,0.72118],[117.14981,0.71523],[117.17048,0.6898],[117.17128,0.68734],[117.20041,0.68754],[117.20036,0.76621]]]}},{"type":"Feature","properties":{"inventoryId":"big-oil-palm-kutai-timur:3","sector":"Sawit","subtype":"Izin Lokasi Sawit","quality":"OFFICIAL","sourceDataset":"big-oil-palm-kutai-timur","sourceRecordId":"3","source":"BIG Kebijakan Satu Peta","sourceUrl":"https://kspservices.big.go.id/satupeta/rest/services/PUBLIK/PERIZINAN_DAN_PERTANAHAN/MapServer/38","retrievedAt":"2026-08-24T23:55:27Z","geometryProcessing":"web display simplification tolerance 0.00035 degrees","name":"Andalas Wahana Sukses, PT (II)","issuer":"Bupati Kutai Timur","permitNumber":"525.26/K.894/HK/XII/2017","permitDate":"2017-12-29","areaHa":2266.0,"village":"-","subdistrict":"Rantau Pulung","district":"Kutai Timur","status":"Aktif","coverageCaveat":"BIG public plantation location layer covers selected districts only; it is not complete Indonesia-wide plantation coverage.","region":"kalimantan"},"geometry":{"type":"Polygon","coordinates":[[[117.15801,0.70515],[117.14981,0.71523],[117.14714,0.72118],[117.14538,0.72716],[117.14431,0.72761],[117.1427,0.7303],[117.1384,0.71329],[117.13827,0.70997],[117.13712,0.708],[117.13665,0.70495],[117.13382,0.70284],[117.13187,0.69972],[117.13207,0.69502],[117.13281,0.69457],[117.13779,0.6947],[117.14204,0.69219],[117.14312,0.68941],[117.14757,0.68622],[117.14786,0.68443],[117.14939,0.68384],[117.14986,0.68296],[117.15003,0.68231],[117.14945,0.68174],[117.14661,0.67999],[117.14714,0.67773],[117.14536,0.6776],[117.14548,0.67543],[117.14385,0.6727],[117.14433,0.67177],[117.14692,0.67112],[117.14692,0.67068],[117.14655,0.67018],[117.14483,0.67017],[117.14464,0.66667],[117.14194,0.66634],[117.14187,0.66568],[117.14332,0.66528],[117.14385,0.66449],[117.14424,0.6627],[117.14608,0.65932],[117.14924,0.65886],[117.15045,0.65972],[117.15254,0.65811],[117.15488,0.6579],[117.15629,0.65521],[117.15596,0.65468],[117.15456,0.6546],[117.15517,0.65337],[117.15743,0.65263],[117.15769,0.65432],[117.15872,0.65547],[117.15987,0.65324],[117.15994,0.65123],[117.1622,0.65161],[117.16165,0.65001],[117.1623,0.64759],[117.16419,0.647],[117.16197,0.64617],[117.16316,0.64543],[117.1649,0.64294],[117.16561,0.64069],[117.16314,0.64141],[117.16243,0.64097],[117.16166,0.64167],[117.16206,0.64019],[117.16351,0.64027],[117.16381,0.63533],[117.1654,0.63427],[117.16522,0.63353],[117.16421,0.63292],[117.16501,0.63113],[117.16431,0.62989],[117.16437,0.62742],[117.16343,0.62468],[117.16189,0.62367],[117.16201,0.62267],[117.16242,0.62221],[117.16689,0.62194],[117.16879,0.6201],[117.16986,0.62082],[117.17241,0.61904],[117.17347,0.61955],[117.17668,0.6195],[117.17756,0.61994],[117.17885,0.62349],[117.1809,0.62428],[117.1801,0.62652],[117.18299,0.6284],[117.18306,0.63222],[117.18518,0.63509],[117.1847,0.63594],[117.17285,0.63255],[117.17147,0.63638],[117.16984,0.6356],[117.16992,0.63794],[117.16939,0.63863],[117.16977,0.63929],[117.168,0.64042],[117.16785,0.64231],[117.16631,0.64224],[117.16658,0.64324],[117.16519,0.64332],[117.16562,0.64619],[117.16408,0.64863],[117.16489,0.64964],[117.16477,0.6503],[117.16289,0.65142],[117.16242,0.65281],[117.16566,0.65425],[117.167,0.65673],[117.16662,0.65727],[117.16731,0.65793],[117.1667,0.65998],[117.16454,0.66095],[117.16339,0.66041],[117.16327,0.66219],[117.1647,0.66227],[117.16485,0.66374],[117.16416,0.66599],[117.16312,0.66436],[117.16316,0.66653],[117.16766,0.66645],[117.16858,0.6692],[117.17081,0.66932],[117.17362,0.66807],[117.17484,0.66886],[117.17766,0.66722],[117.17048,0.6898],[117.15801,0.70515]]]}},{"type":"Feature","properties":{"inventoryId":"big-oil-palm-kutai-timur:112","sector":"Sawit","subtype":"Izin Lokasi Sawit","quality":"OFFICIAL","sourceDataset":"big-oil-palm-kutai-timur","sourceRecordId":"112","source":"BIG Kebijakan Satu Peta","sourceUrl":"https://kspservices.big.go.id/satupeta/rest/services/PUBLIK/PERIZINAN_DAN_PERTANAHAN/MapServer/38","retrievedAt":"2026-08-24T23:55:27Z","geometryProcessing":"web display simplification tolerance 0.00035 degrees","name":"Anugerah Alam Persada, PT","group":"Kirana Megantara","issuer":"Bupati Kutai Timur","permitNumber":"525.26/K.111/HK/III/2018","permitDate":"2018-03-01","areaHa":3000.0,"village":"Batu Lepoq","subdistrict":"Karangan","district":"Kutai Timur","status":"Aktif","coverageCaveat":"BIG public plantation location layer covers selected districts only; it is not complete Indonesia-wide plantation coverage.","region":"kalimantan"},"geometry":{"type":"Polygon","coordinates":[[[117.86836,1.28819],[117.87488,1.29027],[117.87339,1.29468],[117.8809,1.29607],[117.88241,1.29768],[117.88572,1.29818],[117.88558,1.30131],[117.88255,1.3014],[117.87341,1.30571],[117.85299,1.30418],[117.84863,1.30224],[117.84364,1.30214],[117.84092,1.30134],[117.83846,1.30217],[117.82858,1.30184],[117.8264,1.3026],[117.818,1.3014],[117.81398,1.27177],[117.81423,1.27092],[117.84252,1.27067],[117.84589,1.25474],[117.85487,1.25474],[117.86019,1.23323],[117.87542,1.25149],[117.85925,1.25184],[117.85929,1.26443],[117.87722,1.26443],[117.87723,1.2598],[117.88235,1.2598],[117.88909,1.26787],[117.85488,1.28394],[117.85875,1.28816],[117.86836,1.28819]]]}},{"type":"Feature","properties":{"inventoryId":"big-oil-palm-kutai-timur:41","sector":"Sawit","subtype":"Izin Lokasi Sawit","quality":"OFFICIAL","sourceDataset":"big-oil-palm-kutai-timur","sourceRecordId":"41","source":"BIG Kebijakan Satu Peta","sourceUrl":"https://kspservices.big.go.id/satupeta/rest/services/PUBLIK/PERIZINAN_DAN_PERTANAHAN/MapServer/38","retrievedAt":"2026-08-24T23:55:27Z","geometryProcessing":"web display simplification tolerance 0.00035 degrees","name":"Anugerah Energitama, PT","group":"Palma Serasih","issuer":"Bupati Kutai Timur","permitNumber":"525.26/K.317/HK/V/2015","permitDate":"2015-05-25","areaHa":2290.0,"village":"Tepian Langsat","subdistrict":"Bengalon, Rantau Pulung","district":"Kutai Timur","status":"Aktif","coverageCaveat":"BIG public plantation location layer covers selected districts only; it is not complete Indonesia-wide plantation coverage.","region":"kalimantan"},"geometry":{"type":"MultiPolygon","coordinates":[[[[117.12003,0.87027],[117.1151,0.87017],[117.1151,0.86211],[117.1122,0.86211],[117.1122,0.85032],[117.11405,0.84992],[117.14199,0.83457],[117.15394,0.81931],[117.16192,0.83606],[117.16014,0.84317],[117.15593,0.85019],[117.15224,0.8539],[117.13414,0.86752],[117.12877,0.86957],[117.12003,0.87027]]],[[[117.29043,0.85782],[117.28743,0.86353],[117.27829,0.87535],[117.28986,0.8533],[117.28724,0.85324],[117.2996,0.83206],[117.30491,0.82453],[117.31221,0.81884],[117.31221,0.81643],[117.29954,0.81175],[117.29995,0.8025],[117.32116,0.80251],[117.32112,0.80658],[117.31806,0.80797],[117.31807,0.81459],[117.32774,0.81003],[117.33836,0.80818],[117.33833,0.8141],[117.32724,0.81609],[117.3115,0.82407],[117.30099,0.83677],[117.29043,0.85782]]]]}},{"type":"Feature","properties":{"inventoryId":"big-oil-palm-kutai-timur:140","sector":"Sawit","subtype":"Izin Lokasi Sawit","quality":"OFFICIAL","sourceDataset":"big-oil-palm-kutai-timur","sourceRecordId":"140","source":"BIG Kebijakan Satu Peta","sourceUrl":"https://kspservices.big.go.id/satupeta/rest/services/PUBLIK/PERIZINAN_DAN_PERTANAHAN/MapServer/38","retrievedAt":"2026-08-24T23:55:27Z","geometryProcessing":"web display simplification tolerance 0.00035 degrees","name":"Anugerah Energitama, PT (Eks Agricinal)","group":"Palma Serasih","issuer":"Bupati Kutai Timur","permitNumber":"525.26/K.441/HK/VI/2017","permitDate":"2017-06-09","areaHa":1800.0,"village":"Tepian langsat","subdistrict":"Bengalon","district":"Kutai Timur","status":"Aktif","coverageCaveat":"BIG public plantation location layer covers selected districts only; it is not complete Indonesia-wide plantation coverage.","region":"kalimantan"},"geometry":{"type":"MultiPolygon","coordinates":[[[[117.25614,0.83381],[117.25349,0.835],[117.2506,0.83208],[117.24998,0.83202],[117.24888,0.83308],[117.24718,0.83128],[117.24651,0.82894],[117.24593,0.82851],[117.24741,0.8268],[117.24612,0.82622],[117.24684,0.82476],[117.24788,0.82474],[117.2479,0.82391],[117.24891,0.82391],[117.24938,0.82118],[117.24763,0.82007],[117.24786,0.81758],[117.24495,0.81725],[117.24478,0.82129],[117.24419,0.82243],[117.23389,0.82283],[117.23197,0.81957],[117.23395,0.81794],[117.24504,0.81073],[117.25279,0.80471],[117.28022,0.81427],[117.27921,0.81582],[117.27636,0.81606],[117.27546,0.81664],[117.27552,0.81823],[117.27604,0.81934],[117.27723,0.81953],[117.27768,0.82164],[117.2744,0.82508],[117.27289,0.82777],[117.27102,0.82823],[117.26806,0.82533],[117.26694,0.82503],[117.26461,0.82607],[117.26494,0.82826],[117.26774,0.8294],[117.26692,0.83203],[117.26518,0.83414],[117.26418,0.83455],[117.26331,0.83403],[117.26398,0.83151],[117.26336,0.83058],[117.26188,0.83114],[117.2588,0.83373],[117.25614,0.83381]]],[[[117.2898,0.85342],[117.27836,0.87519],[117.27077,0.88502],[117.27054,0.88463],[117.27581,0.87663],[117.28793,0.8533],[117.2898,0.85342]]],[[[117.27122,0.84441],[117.26543,0.8473],[117.26321,0.85035],[117.26304,0.85132],[117.26488,0.85507],[117.26774,0.85725],[117.26014,0.8672],[117.25298,0.85513],[117.25298,0.84427],[117.24746,0.84428],[117.24746,0.83326],[117.24567,0.83326],[117.24567,0.82964],[117.24201,0.82964],[117.24201,0.83054],[117.23925,0.83054],[117.23925,0.83194],[117.23682,0.82783],[117.23819,0.82765],[117.24125,0.82965],[117.24362,0.82796],[117.24432,0.82813],[117.24594,0.82912],[117.24648,0.83136],[117.24783,0.83296],[117.24903,0.83373],[117.25039,0.83255],[117.25358,0.8359],[117.25606,0.83437],[117.25859,0.83438],[117.26297,0.83109],[117.26337,0.83113],[117.26285,0.83411],[117.26334,0.83482],[117.26462,0.835],[117.2671,0.83299],[117.26831,0.82964],[117.26797,0.82867],[117.2657,0.82826],[117.26527,0.82758],[117.26556,0.82633],[117.2672,0.82575],[117.2705,0.82854],[117.27269,0.82836],[117.2781,0.82194],[117.27808,0.8197],[117.27832,0.82212],[117.27769,0.82643],[117.27899,0.82892],[117.28197,0.82989],[117.28213,0.83175],[117.28025,0.83281],[117.27819,0.83526],[117.27857,0.83758],[117.27643,0.83843],[117.27122,0.84441]]],[[[117.24015,0.83346],[117.23949,0.83235],[117.24015,0.83235],[117.24015,0.83346]]],[[[117.24302,0.82789],[117.24132,0.82903],[117.23801,0.82671],[117.23649,0.82725],[117.23582,0.82612],[117.23658,0.82525],[117.24081,0.82525],[117.24086,0.82627],[117.2446,0.82624],[117.24432,0.82757],[117.24302,0.82789]]]]}},{"type":"Feature","properties":{"inventoryId":"big-oil-palm-kutai-timur:37","sector":"Sawit","subtype":"Izin Lokasi Sawit","quality":"OFFICIAL","sourceDataset":"big-oil-palm-kutai-timur","sourceRecordId":"37","source":"BIG Kebijakan Satu Peta","sourceUrl":"https://kspservices.big.go.id/satupeta/rest/services/PUBLIK/PERIZINAN_DAN_PERTANAHAN/MapServer/38","retrievedAt":"2026-08-24T23:55:27Z","geometryProcessing":"web display simplification tolerance 0.00035 degrees","name":"Anugerah Energitama, PT (Eks KBN)","group":"Palma Serasih","issuer":"Bupati Kutai Timur","permitNumber":"525.26/K.625/HK/VII/2013","permitDate":"2013-07-08","areaHa":2156.0,"village":"Tepian Indah, Tepian Indah, Tepian Baru","subdistrict":"Bengalon","district":"Kutai Timur","status":"Aktif","coverageCaveat":"BIG public plantation location layer covers selected districts only; it is not complete Indonesia-wide plantation coverage.","region":"kalimantan"},"geometry":{"type":"Polygon","coordinates":[[[117.29592,0.78995],[117.29505,0.79047],[117.29561,0.79228],[117.29485,0.79412],[117.29395,0.79486],[117.28415,0.78017],[117.28415,0.77685],[117.2785,0.78147],[117.27853,0.77951],[117.28617,0.77413],[117.28616,0.73462],[117.29216,0.73462],[117.2936,0.73569],[117.2936,0.73779],[117.29495,0.7374],[117.29495,0.73779],[117.3009,0.73783],[117.3009,0.73462],[117.30271,0.73462],[117.30271,0.73248],[117.31095,0.73247],[117.31095,0.73346],[117.3191,0.73346],[117.32021,0.77727],[117.31919,0.77684],[117.31826,0.77721],[117.31869,0.77887],[117.31653,0.78087],[117.31716,0.78211],[117.31453,0.7832],[117.31316,0.78639],[117.31237,0.78622],[117.31076,0.78296],[117.31089,0.78197],[117.31271,0.7804],[117.31253,0.77962],[117.31125,0.77888],[117.30976,0.77995],[117.30906,0.78142],[117.30986,0.78422],[117.3096,0.78484],[117.30916,0.78366],[117.30694,0.78182],[117.30487,0.78147],[117.30451,0.78265],[117.30595,0.78309],[117.30625,0.7839],[117.3052,0.78633],[117.3039,0.78725],[117.303,0.78589],[117.30056,0.78522],[117.29928,0.79161],[117.29592,0.78995]]]}},{"type":"Feature","properties":{"inventoryId":"big-oil-palm-kutai-timur:43","sector":"Sawit","subtype":"Izin Lokasi Sawit","quality":"OFFICIAL","sourceDataset":"big-oil-palm-kutai-timur","sourceRecordId":"43","source":"BIG Kebijakan Satu Peta","sourceUrl":"https://kspservices.big.go.id/satupeta/rest/services/PUBLIK/PERIZINAN_DAN_PERTANAHAN/MapServer/38","retrievedAt":"2026-08-24T23:55:27Z","geometryProcessing":"web display simplification tolerance 0.00035 degrees","name":"Anugerah Energitama, PT (Eks KTI 1)","group":"Palma Serasih","issuer":"Bupati Kutai Timur","permitNumber":"525.26/K.952/HK/XI/2010","permitDate":"2010-10-08","areaHa":5000.0,"village":"Tepian Langsat","subdistrict":"Bengalon","district":"Kutai Timur","status":"Aktif","coverageCaveat":"BIG public plantation location layer covers selected districts only; it is not complete Indonesia-wide plantation coverage.","region":"kalimantan"},"geometry":{"type":"Polygon","coordinates":[[[117.12514,0.91496],[117.11642,0.92072],[117.11122,0.89668],[117.10736,0.89779],[117.09662,0.8699],[117.10449,0.86917],[117.11399,0.87022],[117.12423,0.87015],[117.13033,0.86918],[117.13414,0.86752],[117.15224,0.8539],[117.15532,0.85096],[117.16014,0.84317],[117.16209,0.83539],[117.16318,0.8336],[117.19715,0.89722],[117.19141,0.90001],[117.18234,0.90288],[117.16242,0.91396],[117.15817,0.91526],[117.1451,0.92083],[117.14372,0.91089],[117.14156,0.91104],[117.14136,0.90702],[117.1431,0.90682],[117.14285,0.90039],[117.14893,0.90026],[117.14875,0.8844],[117.13943,0.88474],[117.13931,0.89375],[117.13673,0.89506],[117.13669,0.89641],[117.13576,0.89711],[117.13654,0.91178],[117.13287,0.91413],[117.13318,0.90693],[117.12553,0.90901],[117.12582,0.91451],[117.12514,0.91496]]]}},{"type":"Feature","properties":{"inventoryId":"big-oil-palm-kutai-timur:45","sector":"Sawit","subtype":"Izin Lokasi Sawit","quality":"OFFICIAL","sourceDataset":"big-oil-palm-kutai-timur","sourceRecordId":"45","source":"BIG Kebijakan Satu Peta","sourceUrl":"https://kspservices.big.go.id/satupeta/rest/services/PUBLIK/PERIZINAN_DAN_PERTANAHAN/MapServer/38","retrievedAt":"2026-08-24T23:55:27Z","geometryProcessing":"web display simplification tolerance 0.00035 degrees","name":"Anugerah Energitama, PT (Eks KTI)","group":"Palma Serasih","issuer":"Bupati Kutai Timur","permitNumber":"525.26/K.445/HK/VI/2016","permitDate":"2016-06-14","areaHa":2025.0,"village":"-","subdistrict":"Telen","district":"Kutai Timur","status":"Aktif","coverageCaveat":"BIG public plantation location layer covers selected districts only; it is not complete Indonesia-wide plantation coverage.","region":"kalimantan"},"geometry":{"type":"Polygon","coordinates":[[[116.98067,0.86406],[116.9915,0.85449],[117.00888,0.84486],[117.03449,0.84478],[117.05607,0.85414],[117.07112,0.85416],[117.07112,0.87063],[117.06374,0.86903],[117.06779,0.87417],[117.04634,0.87424],[117.04023,0.8655],[117.03868,0.86511],[116.99287,0.86667],[116.99175,0.86714],[116.99235,0.86657],[116.9923,0.86542],[116.98067,0.86406]]]}},{"type":"Feature","properties":{"inventoryId":"big-oil-palm-kutai-timur:38","sector":"Sawit","subtype":"Izin Lokasi Sawit","quality":"OFFICIAL","sourceDataset":"big-oil-palm-kutai-timur","sourceRecordId":"38","source":"BIG Kebijakan Satu Peta","sourceUrl":"https://kspservices.big.go.id/satupeta/rest/services/PUBLIK/PERIZINAN_DAN_PERTANAHAN/MapServer/38","retrievedAt":"2026-08-24T23:55:27Z","geometryProcessing":"web display simplification tolerance 0.00035 degrees","name":"Anugerah Energitama, PT (Eks PDKT)","group":"Palma Serasih","issuer":"Bupati Kutai Timur","permitNumber":"525.26/K.717/HK/XI/2015","permitDate":"2015-11-03","areaHa":369.0,"village":"Juk Ayak","subdistrict":"Telen","district":"Kutai Timur","status":"Aktif","coverageCaveat":"BIG public plantation location layer covers selected districts only; it is not complete Indonesia-wide plantation coverage.","region":"kalimantan"},"geometry":{"type":"Polygon","coordinates":[[[117.14469,0.92041],[117.12477,0.92884],[117.125,0.9209],[117.12415,0.9175],[117.12514,0.91496],[117.12582,0.91451],[117.12553,0.90901],[117.13318,0.90693],[117.13287,0.91413],[117.13654,0.91178],[117.13629,0.90707],[117.14136,0.90707],[117.14156,0.91104],[117.14372,0.91089],[117.14469,0.92041]]]}},{"type":"Feature","properties":{"inventoryId":"big-oil-palm-kutai-timur:39","sector":"Sawit","subtype":"Izin Lokasi Sawit","quality":"OFFICIAL","sourceDataset":"big-oil-palm-kutai-timur","sourceRecordId":"39","source":"BIG Kebijakan Satu Peta","sourceUrl":"https://kspservices.big.go.id/satupeta/rest/services/PUBLIK/PERIZINAN_DAN_PERTANAHAN/MapServer/38","retrievedAt":"2026-08-24T23:55:27Z","geometryProcessing":"web display simplification tolerance 0.00035 degrees","name":"Anugerah Energitama, PT (Eks PPKS Medan)","group":"Palma Serasih","issuer":"Bupati Kutai Timur","permitNumber":"188.4.45/544/HK/IX/2009","permitDate":"2009-09-04","areaHa":2675.0,"village":"Tepian Langsat","subdistrict":"Bengalon","district":"Kutai Timur","status":"Aktif","coverageCaveat":"BIG public plantation location layer covers selected districts only; it is not complete Indonesia-wide plantation coverage.","region":"kalimantan"},"geometry":{"type":"Polygon","coordinates":[[[117.23083,0.90058],[117.22319,0.89861],[117.22036,0.89634],[117.21787,0.89177],[117.21663,0.88672],[117.22571,0.8893],[117.2368,0.89077],[117.23264,0.86181],[117.23157,0.85771],[117.22228,0.85993],[117.21956,0.85997],[117.21928,0.85737],[117.21922,0.84388],[117.22059,0.83309],[117.2217,0.82839],[117.22783,0.82159],[117.23139,0.81877],[117.27104,0.88555],[117.26362,0.89128],[117.25226,0.89652],[117.24005,0.90022],[117.23083,0.90058]]]}},{"type":"Feature","properties":{"inventoryId":"big-oil-palm-kutai-timur:139","sector":"Sawit","subtype":"Izin Lokasi Sawit","quality":"OFFICIAL","sourceDataset":"big-oil-palm-kutai-timur","sourceRecordId":"139","source":"BIG Kebijakan Satu Peta","sourceUrl":"https://kspservices.big.go.id/satupeta/rest/services/PUBLIK/PERIZINAN_DAN_PERTANAHAN/MapServer/38","retrievedAt":"2026-08-24T23:55:27Z","geometryProcessing":"web display simplification tolerance 0.00035 degrees","name":"Anugerah Energitama, PT (Tlse)","group":"Palma Serasih","issuer":"Bupati Kutai Timur","permitNumber":"188.4.45/231/HK/V/2009","permitDate":"2009-05-20","areaHa":2400.0,"village":"Tepian Langsat","subdistrict":"Bengalon","district":"Kutai Timur","status":"Aktif","coverageCaveat":"BIG public plantation location layer covers selected districts only; it is not complete Indonesia-wide plantation coverage.","region":"kalimantan"},"geometry":{"type":"Polygon","coordinates":[[[117.28729,0.8533],[117.2769,0.86913],[117.26711,0.87883],[117.26016,0.86718],[117.26774,0.85725],[117.26488,0.85507],[117.26304,0.85132],[117.26321,0.85035],[117.26543,0.8473],[117.27148,0.84426],[117.27643,0.83843],[117.27857,0.83758],[117.27819,0.83526],[117.28025,0.83281],[117.28205,0.832],[117.28197,0.82989],[117.27899,0.82892],[117.27769,0.82643],[117.27825,0.81987],[117.27604,0.81934],[117.27552,0.81823],[117.27546,0.81664],[117.27636,0.81606],[117.27921,0.81582],[117.28022,0.81427],[117.25097,0.804],[117.28415,0.77685],[117.28415,0.78017],[117.29454,0.79574],[117.29624,0.79355],[117.29555,0.79211],[117.29592,0.79142],[117.29905,0.79313],[117.2999,0.79297],[117.30075,0.78699],[117.30303,0.78742],[117.30403,0.78864],[117.30547,0.7876],[117.30547,0.79852],[117.29995,0.79852],[117.29995,0.80765],[117.29443,0.80765],[117.29443,0.81294],[117.29719,0.81293],[117.29719,0.82206],[117.29443,0.82206],[117.29443,0.82591],[117.29178,0.82591],[117.29178,0.82822],[117.28892,0.82822],[117.28892,0.83504],[117.28616,0.83504],[117.28616,0.84417],[117.28064,0.84417],[117.28064,0.8533],[117.28729,0.8533]]]}},{"type":"Feature","properties":{"inventoryId":"big-oil-palm-kutai-timur:108","sector":"Sawit","subtype":"Izin Lokasi Sawit","quality":"OFFICIAL","sourceDataset":"big-oil-palm-kutai-timur","sourceRecordId":"108","source":"BIG Kebijakan Satu Peta","sourceUrl":"https://kspservices.big.go.id/satupeta/rest/services/PUBLIK/PERIZINAN_DAN_PERTANAHAN/MapServer/38","retrievedAt":"2026-08-24T23:55:27Z","geometryProcessing":"web display simplification tolerance 0.00035 degrees","name":"Anugerah Lahan Kaltim, PT (HPK)","group":"Palma Serasih","issuer":"Bupati Kutai Timur","permitNumber":"525.26/K.419/HK/VII/2018","permitDate":"2018-07-25","areaHa":17120.0,"village":"-","subdistrict":"Bengalon","district":"Kutai Timur","status":"Aktif","coverageCaveat":"BIG public plantation location layer covers selected districts only; it is not complete Indonesia-wide plantation coverage.","region":"kalimantan"},"geometry":{"type":"Polygon","coordinates":[[[117.53276,0.94061],[117.52833,0.93233],[117.52568,0.93179],[117.52479,0.92769],[117.52073,0.9192],[117.51138,0.91906],[117.50205,0.92562],[117.50106,0.92583],[117.49799,0.92574],[117.49254,0.92334],[117.49073,0.92315],[117.48637,0.92411],[117.47896,0.92692],[117.47419,0.92592],[117.46772,0.92101],[117.46388,0.92521],[117.46757,0.92792],[117.46317,0.93605],[117.42414,0.9146],[117.46134,0.83272],[117.4634,0.84033],[117.46347,0.84307],[117.46719,0.85516],[117.4833,0.84735],[117.4833,0.85],[117.49167,0.85],[117.49167,0.86667],[117.5,0.8667],[117.5,0.875],[117.54488,0.875],[117.54736,0.88128],[117.54946,0.88189],[117.55079,0.88352],[117.5521,0.88406],[117.55374,0.88343],[117.55655,0.88442],[117.55982,0.89012],[117.56065,0.89247],[117.55987,0.8941],[117.56095,0.89555],[117.56264,0.89709],[117.56361,0.89727],[117.56467,0.89926],[117.6,0.93329],[117.6,0.95],[117.6083,0.95],[117.60833,0.98333],[117.60375,0.98333],[117.60375,1.00569],[117.5833,1.02271],[117.5833,1.0],[117.53871,1.0],[117.53875,0.99892],[117.53583,0.99467],[117.52808,0.98599],[117.52609,0.98304],[117.52248,0.97425],[117.53276,0.94061]]]}},{"type":"Feature","properties":{"inventoryId":"big-oil-palm-kutai-timur:69","sector":"Sawit","subtype":"Izin Lokasi Sawit","quality":"OFFICIAL","sourceDataset":"big-oil-palm-kutai-timur","sourceRecordId":"69","source":"BIG Kebijakan Satu Peta","sourceUrl":"https://kspservices.big.go.id/satupeta/rest/services/PUBLIK/PERIZINAN_DAN_PERTANAHAN/MapServer/38","retrievedAt":"2026-08-24T23:55:27Z","geometryProcessing":"web display simplification tolerance 0.00035 degrees","name":"Barito Makmur Lestari, PT","issuer":"Bupati Kutai Timur","permitNumber":"525.26/K.650/HK/X/2015","permitDate":"2015-10-13","areaHa":2700.0,"village":"-","subdistrict":"Kaubun & Sangkulirang","district":"Kutai Timur","status":"Tidak Aktif","coverageCaveat":"BIG public plantation location layer covers selected districts only; it is not complete Indonesia-wide plantation coverage.","region":"kalimantan"},"geometry":{"type":"MultiPolygon","coordinates":[[[[117.83529,1.09469],[117.83463,1.10516],[117.82277,1.09841],[117.82277,1.08678],[117.80869,1.08656],[117.80886,1.08557],[117.81238,1.08548],[117.81226,1.08403],[117.81288,1.08334],[117.81481,1.08296],[117.81504,1.07999],[117.81054,1.0798],[117.80988,1.07759],[117.80969,1.07315],[117.80483,1.07311],[117.80456,1.06965],[117.80984,1.06965],[117.80988,1.0628],[117.81868,1.06249],[117.81878,1.05142],[117.822,1.05304],[117.82262,1.0544],[117.82588,1.05416],[117.82664,1.05469],[117.82707,1.05627],[117.82985,1.06022],[117.82905,1.06439],[117.83055,1.06609],[117.83152,1.06949],[117.831,1.07101],[117.831,1.07574],[117.83288,1.07592],[117.83322,1.07716],[117.83416,1.07708],[117.83476,1.07823],[117.83571,1.07861],[117.83509,1.07935],[117.83573,1.08334],[117.83529,1.0858],[117.83591,1.08662],[117.83525,1.08704],[117.83525,1.08938],[117.83619,1.09051],[117.83498,1.09187],[117.83574,1.09395],[117.83529,1.09469]]],[[[117.86377,0.9773],[117.86131,0.978],[117.86331,0.97364],[117.87459,0.97364],[117.87549,0.97471],[117.8698,0.97481],[117.86621,0.97586],[117.86377,0.9773]]],[[[117.85316,0.98243],[117.8504,0.98195],[117.84885,0.97584],[117.84681,0.97661],[117.8468,0.97365],[117.85945,0.97364],[117.85492,0.98085],[117.85316,0.98243]]],[[[117.92156,0.99587],[117.921,0.99474],[117.91966,0.99401],[117.91289,0.99277],[117.91006,0.99053],[117.90931,0.9892],[117.90635,0.98824],[117.90502,0.98841],[117.90676,0.9819],[117.92323,0.98189],[117.92213,0.99576],[117.92156,0.99587]]],[[[117.84394,1.0209],[117.84331,1.01954],[117.84242,1.01954],[117.84245,1.01767],[117.84496,1.01939],[117.84459,1.02067],[117.84394,1.0209]]],[[[117.85037,1.02643],[117.8505,1.02731],[117.84854,1.02702],[117.84825,1.02637],[117.84745,1.02714],[117.84611,1.02708],[117.8455,1.02586],[117.84319,1.02548],[117.84234,1.02702],[117.84236,1.02518],[117.84579,1.02403],[117.84692,1.0253],[117.84803,1.02458],[117.84862,1.02522],[117.85044,1.02559],[117.85037,1.02643]]],[[[117.82749,1.03057],[117.82681,1.03046],[117.82679,0.99851],[117.84685,0.99103],[117.84706,0.98836],[117.85187,0.98733],[117.85264,0.98784],[117.8542,0.98764],[117.85389,0.9858],[117.85473,0.98556],[117.85468,0.98499],[117.8562,0.98566],[117.85661,0.98824],[117.85558,0.98982],[117.85639,0.99145],[117.85635,0.99411],[117.85397,0.99614],[117.85276,0.99753],[117.85257,0.99892],[117.85085,1.00026],[117.84791,1.00033],[117.84698,1.00148],[117.84744,1.00316],[117.8426,1.00339],[117.84227,1.00431],[117.84246,1.00141],[117.83918,1.00028],[117.83787,1.00196],[117.83704,1.00531],[117.83423,1.00543],[117.83421,1.00675],[117.83174,1.00708],[117.83141,1.00804],[117.82798,1.00809],[117.82741,1.00888],[117.82734,1.01075],[117.82789,1.01132],[117.8311,1.01185],[117.83098,1.01386],[117.8316,1.01505],[117.83676,1.01565],[117.83778,1.01941],[117.83968,1.02137],[117.8431,1.0216],[117.84487,1.02258],[117.84484,1.02362],[117.84297,1.02441],[117.84239,1.02297],[117.83712,1.02329],[117.83655,1.02415],[117.83652,1.02728],[117.83284,1.02709],[117.82872,1.02803],[117.82749,1.03057]]],[[[117.849,1.0296],[117.84881,1.03061],[117.8478,1.02959],[117.84724,1.03021],[117.84573,1.02988],[117.84477,1.03055],[117.84252,1.02904],[117.84308,1.02797],[117.84245,1.02723],[117.84301,1.02601],[117.84533,1.02604],[117.84595,1.02747],[117.84754,1.02747],[117.84804,1.02666],[117.84927,1.02816],[117.849,1.0296]]],[[[117.87553,1.03129],[117.87328,1.03046],[117.87168,1.0305],[117.87075,1.02906],[117.87487,1.02854],[117.87553,1.03129]]],[[[117.86868,1.0492],[117.86969,1.04967],[117.86999,1.05172],[117.86965,1.05089],[117.86727,1.0502],[117.86868,1.0492]]],[[[117.86204,1.07199],[117.86168,1.06921],[117.85902,1.06862],[117.85703,1.06587],[117.85757,1.06237],[117.86151,1.06301],[117.86271,1.06272],[117.86354,1.06165],[117.86517,1.06223],[117.86597,1.06073],[117.86502,1.05955],[117.86395,1.05574],[117.86332,1.05565],[117.86322,1.05294],[117.86757,1.05332],[117.86837,1.05167],[117.86938,1.05348],[117.87025,1.05356],[117.87045,1.0569],[117.87098,1.05772],[117.87212,1.05769],[117.87259,1.05841],[117.87226,1.06236],[117.87264,1.06308],[117.87,1.06476],[117.86777,1.06387],[117.86687,1.06512],[117.86582,1.06526],[117.8642,1.06861],[117.86482,1.06921],[117.86458,1.07124],[117.86204,1.07199]]],[[[117.85809,1.11189],[117.85505,1.11617],[117.85438,1.11969],[117.85203,1.11921],[117.85196,1.11675],[117.85008,1.1154],[117.85004,1.11393],[117.8426,1.1097],[117.84389,1.10753],[117.84563,1.10705],[117.84913,1.10945],[117.85208,1.10933],[117.85457,1.11153],[117.85633,1.11189],[117.85826,1.11122],[117.85809,1.11189]]],[[[117.87098,1.11932],[117.8709,1.11978],[117.87255,1.12112],[117.86632,1.12139],[117.86752,1.12538],[117.86742,1.12744],[117.86635,1.12682],[117.86394,1.12208],[117.86356,1.1188],[117.86473,1.11791],[117.86283,1.11667],[117.86425,1.11399],[117.86316,1.11196],[117.86568,1.10987],[117.86558,1.10923],[117.8647,1.10915],[117.86463,1.10839],[117.86368,1.10827],[117.86247,1.10664],[117.86163,1.10664],[117.86249,1.09989],[117.86137,1.09637],[117.86261,1.0947],[117.86268,1.09156],[117.86099,1.09068],[117.86061,1.09336],[117.85932,1.09465],[117.85889,1.09061],[117.85963,1.08953],[117.85996,1.08723],[117.85937,1.08539],[117.85692,1.08398],[117.85642,1.08283],[117.85732,1.08235],[117.85682,1.079],[117.85825,1.07646],[117.85896,1.07634],[117.85893,1.07861],[117.85966,1.07944],[117.8617,1.08025],[117.86425,1.08006],[117.86459,1.08096],[117.86372,1.08247],[117.86174,1.08243],[117.86118,1.08272],[117.86117,1.08355],[117.86188,1.08423],[117.86407,1.08454],[117.86428,1.08522],[117.86294,1.0851],[117.86268,1.08552],[117.86407,1.08962],[117.86521,1.08929],[117.86808,1.09092],[117.86647,1.09316],[117.86935,1.09356],[117.86938,1.09451],[117.86744,1.0962],[117.8699,1.09588],[117.86935,1.09864],[117.87015,1.10118],[117.86822,1.10121],[117.86657,1.10032],[117.86741,1.10302],[117.86795,1.10355],[117.86939,1.10295],[117.86985,1.10417],[117.86884,1.10446],[117.86902,1.10516],[117.87159,1.10525],[117.87174,1.10399],[117.87752,1.10938],[117.87704,1.11053],[117.87854,1.11118],[117.8783,1.11478],[117.88061,1.11715],[117.88012,1.11798],[117.87896,1.11688],[117.8783,1.11843],[117.87747,1.11821],[117.87521,1.11991],[117.87332,1.12011],[117.87098,1.11932]]]]}},{"type":"Feature","properties":{"inventoryId":"big-oil-palm-kutai-timur:128","sector":"Sawit","subtype":"Izin Lokasi Sawit","quality":"OFFICIAL","sourceDataset":"big-oil-palm-kutai-timur","sourceRecordId":"128","source":"BIG Kebijakan Satu Peta","sourceUrl":"https://kspservices.big.go.id/satupeta/rest/services/PUBLIK/PERIZINAN_DAN_PERTANAHAN/MapServer/38","retrievedAt":"2026-08-24T23:55:27Z","geometryProcessing":"web display simplification tolerance 0.00035 degrees","name":"Berkat Surya Bumi, PT","issuer":"Bupati Kutai Timur","permitNumber":"525.26/K.702/HK/X/2016","permitDate":"2016-10-18","areaHa":1448.9,"village":"-","subdistrict":"Kaubun, Sangkulirang","district":"Kutai Timur","status":"Aktif","coverageCaveat":"BIG public plantation location layer covers selected districts only; it is not complete Indonesia-wide plantation coverage.","region":"kalimantan"},"geometry":{"type":"MultiPolygon","coordinates":[[[[117.88237,1.05594],[117.88205,1.05658],[117.8767,1.05969],[117.8722,1.05685],[117.87323,1.04707],[117.87287,1.04362],[117.87868,1.04647],[117.88194,1.03913],[117.88214,1.03488],[117.87701,1.03489],[117.87549,1.02791],[117.88083,1.02791],[117.88083,1.02611],[117.88764,1.02632],[117.8897,1.0194],[117.88082,1.0191],[117.88082,1.01697],[117.88779,1.01697],[117.88779,1.01429],[117.89503,1.01164],[117.90041,1.014],[117.90618,1.00643],[117.90626,1.0023],[117.8965,0.98924],[117.89797,0.98916],[117.89957,0.99149],[117.90164,0.99325],[117.90371,0.99345],[117.90446,0.99253],[117.90944,0.99204],[117.91199,0.99489],[117.91613,0.99693],[117.92035,1.00058],[117.91804,1.0118],[117.91231,1.02073],[117.90626,1.02502],[117.90563,1.02682],[117.90141,1.02831],[117.89655,1.03404],[117.88867,1.04081],[117.88473,1.04835],[117.88601,1.0556],[117.88481,1.0559],[117.88399,1.05527],[117.88237,1.05594]]],[[[117.90661,0.98307],[117.90442,0.99164],[117.90318,0.9926],[117.90183,0.99261],[117.89972,0.99092],[117.89864,0.98876],[117.89558,0.98872],[117.88643,0.98445],[117.88681,0.98297],[117.90661,0.98307]]]]}},{"type":"Feature","properties":{"inventoryId":"big-oil-palm-kutai-timur:129","sector":"Sawit","subtype":"Izin Lokasi Sawit","quality":"OFFICIAL","sourceDataset":"big-oil-palm-kutai-timur","sourceRecordId":"129","source":"BIG Kebijakan Satu Peta","sourceUrl":"https://kspservices.big.go.id/satupeta/rest/services/PUBLIK/PERIZINAN_DAN_PERTANAHAN/MapServer/38","retrievedAt":"2026-08-24T23:55:27Z","geometryProcessing":"web display simplification tolerance 0.00035 degrees","name":"Bima Agri Sawit, PT","group":"Swakarsa/DSN","issuer":"Bupati Kutai Timur","permitNumber":"352/02.188.45/HK/X/2005","permitDate":"2005-10-24","areaHa":6476.0,"village":"Baay","subdistrict":"Karangan","district":"Kutai Timur","status":"Aktif","coverageCaveat":"BIG public plantation location layer covers selected districts only; it is not complete Indonesia-wide plantation coverage.","region":"kalimantan"},"geometry":{"type":"Polygon","coordinates":[[[117.61732,1.25165],[117.61766,1.29282],[117.65255,1.29331],[117.65256,1.3229],[117.58449,1.358],[117.58462,1.25007],[117.57319,1.2523],[117.57387,1.24959],[117.57394,1.24541],[117.56984,1.23658],[117.56895,1.22812],[117.59481,1.22812],[117.59509,1.2474],[117.59856,1.24724],[117.60424,1.25034],[117.60558,1.25042],[117.60885,1.24976],[117.61105,1.24817],[117.61727,1.24635],[117.61732,1.25165]]]}},{"type":"Feature","properties":{"inventoryId":"big-oil-palm-kutai-timur:130","sector":"Sawit","subtype":"Izin Lokasi Sawit","quality":"OFFICIAL","sourceDataset":"big-oil-palm-kutai-timur","sourceRecordId":"130","source":"BIG Kebijakan Satu Peta","sourceUrl":"https://kspservices.big.go.id/satupeta/rest/services/PUBLIK/PERIZINAN_DAN_PERTANAHAN/MapServer/38","retrievedAt":"2026-08-24T23:55:27Z","geometryProcessing":"web display simplification tolerance 0.00035 degrees","name":"Bima Palma Nugraha, PT","group":"Swakarsa/DSN","issuer":"Bupati Kutai Timur","permitNumber":"353/02.188.45/HK/2005","permitDate":"2005-10-24","areaHa":15000.0,"village":"Tepian Langsat","subdistrict":"Bengalon","district":"Kutai Timur","status":"Aktif","coverageCaveat":"BIG public plantation location layer covers selected districts only; it is not complete Indonesia-wide plantation coverage.","region":"kalimantan"},"geometry":{"type":"Polygon","coordinates":[[[117.33835,0.80911],[117.33854,0.67358],[117.35897,0.67384],[117.35886,0.77801],[117.36079,0.77613],[117.36261,0.77725],[117.36381,0.77976],[117.36554,0.78826],[117.36604,0.78907],[117.36713,0.78926],[117.36835,0.78826],[117.36839,0.78586],[117.36984,0.78118],[117.37068,0.78085],[117.37332,0.78179],[117.37482,0.78087],[117.37598,0.77803],[117.37507,0.77555],[117.37524,0.7743],[117.37932,0.7709],[117.38029,0.76889],[117.38359,0.76906],[117.3848,0.77229],[117.3876,0.77493],[117.38731,0.77574],[117.38441,0.77725],[117.38406,0.77867],[117.38445,0.77981],[117.38657,0.78019],[117.38859,0.77897],[117.3903,0.77326],[117.39394,0.76952],[117.39465,0.76308],[117.396,0.76096],[117.39638,0.7582],[117.39338,0.75738],[117.39505,0.75621],[117.3946,0.65619],[117.39936,0.6574],[117.40289,0.65622],[117.40462,0.65664],[117.40752,0.65907],[117.40953,0.65991],[117.41305,0.65998],[117.41395,0.66109],[117.41831,0.66206],[117.42225,0.66095],[117.42509,0.65916],[117.4251,0.66594],[117.43343,0.66594],[117.43343,0.69928],[117.44176,0.69928],[117.44177,0.73263],[117.4501,0.73263],[117.45011,0.7493],[117.45844,0.7493],[117.45845,0.76597],[117.46677,0.76597],[117.46678,0.78264],[117.47511,0.78264],[117.47511,0.80741],[117.37064,0.80393],[117.33835,0.80911]]]}},{"type":"Feature","properties":{"inventoryId":"big-oil-palm-kutai-timur:96","sector":"Sawit","subtype":"Izin Lokasi Sawit","quality":"OFFICIAL","sourceDataset":"big-oil-palm-kutai-timur","sourceRecordId":"96","source":"BIG Kebijakan Satu Peta","sourceUrl":"https://kspservices.big.go.id/satupeta/rest/services/PUBLIK/PERIZINAN_DAN_PERTANAHAN/MapServer/38","retrievedAt":"2026-08-24T23:55:27Z","geometryProcessing":"web display simplification tolerance 0.00035 degrees","name":"Bina Karya Nuansa Sejahtera, PT","issuer":"Bupati Kutai Timur","permitNumber":"525.26/K.374/HK/V/2017","permitDate":"2017-05-16","areaHa":592.0,"village":"-","subdistrict":"Sangkulirang","district":"Kutai Timur","status":"Aktif","coverageCaveat":"BIG public plantation location layer covers selected districts only; it is not complete Indonesia-wide plantation coverage.","region":"kalimantan"},"geometry":{"type":"MultiPolygon","coordinates":[[[[118.01395,1.22685],[118.01118,1.22383],[118.008,1.22311],[118.00757,1.22206],[118.00653,1.22159],[118.01061,1.20719],[118.00794,1.20004],[118.01662,1.19718],[118.02998,1.1948],[118.01395,1.22685]]],[[[118.01128,1.2267],[118.0118,1.22814],[118.01137,1.22871],[118.01194,1.22905],[117.99371,1.24514],[117.99,1.24417],[118.00334,1.23056],[118.00441,1.22907],[118.0058,1.22417],[118.00771,1.22598],[118.00828,1.22622],[118.01009,1.22541],[118.01128,1.2267]]]]}},{"type":"Feature","properties":{"inventoryId":"big-oil-palm-kutai-timur:83","sector":"Sawit","subtype":"Izin Lokasi Sawit","quality":"OFFICIAL","sourceDataset":"big-oil-palm-kutai-timur","sourceRecordId":"83","source":"BIG Kebijakan Satu Peta","sourceUrl":"https://kspservices.big.go.id/satupeta/rest/services/PUBLIK/PERIZINAN_DAN_PERTANAHAN/MapServer/38","retrievedAt":"2026-08-24T23:55:27Z","geometryProcessing":"web display simplification tolerance 0.00035 degrees","name":"Bumi Jaya Prima Delima, PT (HPK)","issuer":"Bupati Kutai Timur","permitNumber":"525.26/K.170/HK/II/2014","permitDate":"2014-02-19","areaHa":6331.0,"village":"-","subdistrict":"Busang_Telen","district":"Kutai Timur","status":"Tidak Aktif","coverageCaveat":"BIG public plantation location layer covers selected districts only; it is not complete Indonesia-wide plantation coverage.","region":"kalimantan"},"geometry":{"type":"MultiPolygon","coordinates":[[[[116.49988,0.85487],[116.49734,0.85719],[116.4949,0.85594],[116.49401,0.85356],[116.49436,0.85124],[116.49348,0.84815],[116.49407,0.84648],[116.49591,0.84505],[116.49741,0.84291],[116.49752,0.84142],[116.49669,0.83952],[116.49484,0.83898],[116.49204,0.84023],[116.49045,0.84291],[116.48961,0.84565],[116.48711,0.8482],[116.48605,0.84797],[116.48317,0.84451],[116.48135,0.84446],[116.47838,0.84553],[116.47504,0.84434],[116.47523,0.84327],[116.47802,0.84267],[116.47922,0.84113],[116.47815,0.83833],[116.47588,0.83809],[116.47535,0.83756],[116.47511,0.8366],[116.47594,0.83381],[116.47562,0.82905],[116.47323,0.82714],[116.47019,0.82743],[116.46919,0.82238],[116.46973,0.82156],[116.46806,0.81888],[116.46723,0.8184],[116.46568,0.81864],[116.4622,0.82071],[116.45846,0.8186],[116.45876,0.81544],[116.45948,0.81573],[116.46242,0.81409],[116.46472,0.81471],[116.43026,0.76609],[116.45654,0.73567],[116.46974,0.70622],[116.47026,0.70678],[116.45466,0.75936],[116.50626,0.8394],[116.51079,0.84489],[116.51188,0.84495],[116.51628,0.84997],[116.51557,0.85094],[116.51349,0.85148],[116.51189,0.85058],[116.50874,0.84702],[116.50665,0.8466],[116.5054,0.84694],[116.50233,0.84802],[116.50192,0.84999],[116.50276,0.85154],[116.50495,0.85153],[116.5062,0.85243],[116.5068,0.85374],[116.50645,0.85439],[116.5052,0.85493],[116.49988,0.85487]]],[[[116.52249,0.87117],[116.52238,0.87329],[116.5154,0.87547],[116.51344,0.87738],[116.51213,0.87904],[116.51231,0.88118],[116.50013,0.86466],[116.49621,0.86562],[116.49537,0.86254],[116.49412,0.86071],[116.49436,0.85652],[116.48846,0.8482],[116.48972,0.84705],[116.49072,0.84444],[116.49277,0.842],[116.49326,0.84045],[116.49451,0.83974],[116.49599,0.83998],[116.49688,0.84224],[116.49687,0.84289],[116.49356,0.84605],[116.49277,0.8486],[116.4935,0.85057],[116.49344,0.85384],[116.49403,0.85586],[116.49485,0.85674],[116.49801,0.85794],[116.5004,0.85527],[116.50343,0.8558],[116.50637,0.85539],[116.50727,0.85413],[116.50697,0.85229],[116.5062,0.8514],[116.50327,0.85056],[116.50262,0.84926],[116.50595,0.84759],[116.50828,0.848],[116.51161,0.85146],[116.51292,0.85199],[116.51524,0.85181],[116.51689,0.85079],[116.5173,0.85358],[116.51385,0.85644],[116.51385,0.85846],[116.51487,0.85995],[116.51672,0.8606],[116.51886,0.8606],[116.5207,0.85912],[116.52187,0.85929],[116.52263,0.86203],[116.52174,0.86239],[116.519,0.86167],[116.51686,0.86221],[116.51359,0.86506],[116.51287,0.86757],[116.51365,0.86965],[116.51532,0.87101],[116.51751,0.87107],[116.52097,0.86953],[116.52191,0.86965],[116.52249,0.87117]]],[[[116.51997,0.9294],[116.51035,0.93687],[116.51283,0.94103],[116.51595,0.94472],[116.48987,0.94538],[116.49235,0.94382],[116.49434,0.93716],[116.49774,0.93223],[116.49786,0.9302],[116.49679,0.92788],[116.4972,0.92539],[116.49638,0.92395],[116.49348,0.92586],[116.48973,0.9258],[116.48819,0.92497],[116.4845,0.92039],[116.48444,0.91313],[116.48578,0.91081],[116.48821,0.90968],[116.48994,0.90742],[116.48965,0.90171],[116.49239,0.89909],[116.4938,0.89469],[116.49548,0.89451],[116.49583,0.89499],[116.49512,0.8988],[116.49638,0.90159],[116.49834,0.90248],[116.50172,0.90141],[116.50239,0.90064],[116.50231,0.89867],[116.4978,0.89511],[116.49818,0.89284],[116.50014,0.88928],[116.50062,0.88868],[116.50204,0.88856],[116.50526,0.89207],[116.50693,0.89273],[116.50877,0.89243],[116.51157,0.88957],[116.51252,0.88957],[116.51395,0.88761],[116.51281,0.87982],[116.51311,0.87875],[116.51405,0.87776],[116.52328,0.87313],[116.52326,0.87042],[116.52254,0.86905],[116.5201,0.86893],[116.51653,0.87054],[116.51487,0.86994],[116.51385,0.86845],[116.51392,0.86596],[116.51653,0.86334],[116.51833,0.86256],[116.52189,0.86322],[116.52343,0.86215],[116.52326,0.86066],[116.52201,0.85858],[116.51987,0.85846],[116.51665,0.85989],[116.51553,0.8596],[116.51456,0.85825],[116.51493,0.85596],[116.5173,0.85484],[116.51802,0.85388],[116.51733,0.85027],[116.51822,0.8488],[116.51971,0.85106],[116.54927,0.85238],[116.54711,0.8546],[116.54801,0.85545],[116.53268,0.87027],[116.53418,0.87184],[116.52911,0.87575],[116.53491,0.88118],[116.53234,0.88372],[116.50571,0.90401],[116.51175,0.90982],[116.50447,0.91514],[116.51997,0.9294]]]]}},{"type":"Feature","properties":{"inventoryId":"big-oil-palm-kutai-timur:56","sector":"Sawit","subtype":"Izin Lokasi Sawit","quality":"OFFICIAL","sourceDataset":"big-oil-palm-kutai-timur","sourceRecordId":"56","source":"BIG Kebijakan Satu Peta","sourceUrl":"https://kspservices.big.go.id/satupeta/rest/services/PUBLIK/PERIZINAN_DAN_PERTANAHAN/MapServer/38","retrievedAt":"2026-08-24T23:55:27Z","geometryProcessing":"web display simplification tolerance 0.00035 degrees","name":"Bumi Mas Agro, PT","group":"Sinergy","issuer":"Bupati Kutai Timur","permitNumber":"525.26/K.207/HK/III/2013","permitDate":"2013-03-21","areaHa":14128.0,"village":"Marukangan, Susuk Dalam, Susuk Luar","subdistrict":"Sandaran","district":"Kutai Timur","status":"Aktif","coverageCaveat":"BIG public plantation location layer covers selected districts only; it is not complete Indonesia-wide plantation coverage.","region":"kalimantan"},"geometry":{"type":"Polygon","coordinates":[[[118.20528,0.92002],[118.14138,0.91338],[118.13908,0.90385],[118.15216,0.89256],[118.15215,0.88397],[118.19521,0.87509],[118.19553,0.87772],[118.19796,0.87791],[118.19818,0.87915],[118.20404,0.87778],[118.20942,0.87221],[118.22847,0.86851],[118.28326,0.86032],[118.2851,0.87367],[118.29591,0.8714],[118.30494,0.85708],[118.31111,0.85616],[118.32091,0.85316],[118.32075,0.88342],[118.38292,0.88771],[118.42963,0.84402],[118.43537,0.85325],[118.44382,0.85336],[118.44896,0.84623],[118.45776,0.85002],[118.46621,0.84024],[118.4765,0.83862],[118.47884,0.84435],[118.47067,0.84783],[118.47113,0.85185],[118.4779,0.85577],[118.47707,0.86411],[118.47796,0.86606],[118.46804,0.8763],[118.4718,0.89288],[118.46764,0.89366],[118.46361,0.89598],[118.46226,0.90023],[118.46279,0.90294],[118.46548,0.90511],[118.45693,0.90857],[118.44132,0.91786],[118.44146,0.89211],[118.31192,0.90557],[118.26675,0.9095],[118.26429,0.90001],[118.19881,0.90477],[118.20528,0.92002]]]}},{"type":"Feature","properties":{"inventoryId":"big-oil-palm-kutai-timur:19","sector":"Sawit","subtype":"Izin Lokasi Sawit","quality":"OFFICIAL","sourceDataset":"big-oil-palm-kutai-timur","sourceRecordId":"19","source":"BIG Kebijakan Satu Peta","sourceUrl":"https://kspservices.big.go.id/satupeta/rest/services/PUBLIK/PERIZINAN_DAN_PERTANAHAN/MapServer/38","retrievedAt":"2026-08-24T23:55:27Z","geometryProcessing":"web display simplification tolerance 0.00035 degrees","name":"Cipta Davia Mandiri, PT (I)","group":"Rea Kaltim","issuer":"Bupati Kutai Timur","permitNumber":"188.4.45/321/HK/VI/2009","permitDate":"2009-06-25","areaHa":20000.0,"village":"Long Nah, Sumber Sari, Sumber Agung","subdistrict":"Ma Ancalong, Ma Bengkal, L Mes","district":"Kutai Timur","status":"Aktif","coverageCaveat":"BIG public plantation location layer covers selected districts only; it is not complete Indonesia-wide plantation coverage.","region":"kalimantan"},"geometry":{"type":"Polygon","coordinates":[[[116.68026,0.57769],[116.67451,0.59019],[116.61418,0.59056],[116.61533,0.57772],[116.62065,0.48029],[116.59867,0.45494],[116.71544,0.45473],[116.71631,0.45845],[116.72018,0.46103],[116.72715,0.46134],[116.73755,0.4588],[116.73452,0.46347],[116.73058,0.46591],[116.73005,0.46816],[116.73068,0.47018],[116.73523,0.47079],[116.73654,0.4717],[116.73593,0.47323],[116.73088,0.4777],[116.72967,0.47973],[116.73018,0.48166],[116.7326,0.48278],[116.73896,0.47993],[116.74108,0.48034],[116.7431,0.48237],[116.7438,0.484],[116.743,0.48573],[116.74138,0.48593],[116.73785,0.48502],[116.73401,0.48502],[116.73098,0.48969],[116.73022,0.49466],[116.73058,0.49599],[116.7326,0.4967],[116.73876,0.50219],[116.7325,0.50575],[116.72444,0.50225],[116.71907,0.50719],[116.7172,0.51471],[116.71813,0.52811],[116.7193,0.53422],[116.72093,0.53587],[116.72794,0.53775],[116.73074,0.53963],[116.73424,0.54503],[116.73448,0.55279],[116.73541,0.5542],[116.73775,0.55467],[116.74358,0.55326],[116.74872,0.55091],[116.75506,0.54691],[116.76179,0.54154],[116.78632,0.56571],[116.76786,0.57037],[116.75685,0.58985],[116.72581,0.58983],[116.72757,0.58576],[116.69151,0.55584],[116.68026,0.57769]]]}},{"type":"Feature","properties":{"inventoryId":"big-oil-palm-kutai-timur:141","sector":"Sawit","subtype":"Izin Lokasi Sawit","quality":"OFFICIAL","sourceDataset":"big-oil-palm-kutai-timur","sourceRecordId":"141","source":"BIG Kebijakan Satu Peta","sourceUrl":"https://kspservices.big.go.id/satupeta/rest/services/PUBLIK/PERIZINAN_DAN_PERTANAHAN/MapServer/38","retrievedAt":"2026-08-24T23:55:27Z","geometryProcessing":"web display simplification tolerance 0.00035 degrees","name":"Cipta Davia Mandiri, PT (II)","group":"Rea Kaltim","issuer":"Bupati Kutai Timur","permitNumber":"525.26/K.389/HK/VII/2018","permitDate":"2018-07-16","areaHa":5454.0,"village":"-","subdistrict":"Muara Ancalong, Long Mesangat","district":"Kutai Timur","status":"Aktif","coverageCaveat":"BIG public plantation location layer covers selected districts only; it is not complete Indonesia-wide plantation coverage.","region":"kalimantan"},"geometry":{"type":"MultiPolygon","coordinates":[[[[116.69104,0.58926],[116.69156,0.59007],[116.66636,0.59025],[116.66627,0.58716],[116.66526,0.58633],[116.66222,0.58586],[116.66074,0.58437],[116.66103,0.58282],[116.66389,0.58354],[116.6652,0.58318],[116.66609,0.5821],[116.66573,0.57896],[116.66743,0.57354],[116.66653,0.57188],[116.66289,0.5698],[116.66642,0.5664],[116.66699,0.56266],[116.66328,0.5592],[116.66181,0.5611],[116.67209,0.52231],[116.67301,0.52189],[116.71897,0.52485],[116.7185,0.51638],[116.71999,0.5075],[116.72408,0.50262],[116.73119,0.50518],[116.72941,0.50627],[116.73031,0.50967],[116.73587,0.51083],[116.73629,0.51819],[116.73746,0.51961],[116.73899,0.51987],[116.74342,0.52343],[116.74482,0.52766],[116.74666,0.53047],[116.7594,0.54325],[116.75957,0.54415],[116.7603,0.54421],[116.76125,0.54579],[116.76198,0.54579],[116.766,0.54983],[116.76132,0.5476],[116.75952,0.55031],[116.75579,0.5498],[116.75463,0.54785],[116.74819,0.55115],[116.74679,0.55264],[116.74126,0.55316],[116.73804,0.55238],[116.73815,0.5505],[116.73706,0.54753],[116.7394,0.53898],[116.73458,0.53377],[116.73551,0.53133],[116.7318,0.52688],[116.72937,0.52885],[116.72833,0.5275],[116.7262,0.52978],[116.71357,0.53039],[116.71334,0.53858],[116.712,0.54394],[116.70874,0.54779],[116.70933,0.55291],[116.71276,0.5553],[116.71293,0.55742],[116.70879,0.55798],[116.70408,0.55714],[116.70218,0.55507],[116.69983,0.55659],[116.69897,0.55865],[116.69664,0.56071],[116.69421,0.56062],[116.69272,0.5597],[116.69122,0.56459],[116.69417,0.57689],[116.69583,0.58096],[116.69446,0.58254],[116.69172,0.58409],[116.69104,0.58926]],[[116.66898,0.56093],[116.66971,0.5593],[116.66926,0.55684],[116.66702,0.55701],[116.66568,0.55925],[116.66573,0.56093],[116.66618,0.56076],[116.66668,0.5583],[116.66747,0.55757],[116.66875,0.55818],[116.66842,0.55986],[116.66898,0.56093]]],[[[116.7732,0.56645],[116.77254,0.56915],[116.76593,0.57182],[116.75589,0.58962],[116.74079,0.58972],[116.74119,0.56449],[116.74257,0.56027],[116.76248,0.56015],[116.76762,0.55951],[116.76749,0.55523],[116.7683,0.55215],[116.76888,0.55471],[116.77079,0.5546],[116.77735,0.56103],[116.77662,0.5634],[116.77566,0.56419],[116.77488,0.56617],[116.77381,0.56594],[116.7732,0.56645]]],[[[116.66166,0.56926],[116.66428,0.57547],[116.66399,0.57979],[116.65942,0.58353],[116.65913,0.58756],[116.66219,0.59028],[116.64244,0.59042],[116.64726,0.57551],[116.65974,0.56921],[116.66061,0.56556],[116.66157,0.5648],[116.66294,0.56503],[116.66163,0.56807],[116.66166,0.56926]]]]}},{"type":"Feature","properties":{"inventoryId":"big-oil-palm-kutai-timur:106","sector":"Sawit","subtype":"Izin Lokasi Sawit","quality":"OFFICIAL","sourceDataset":"big-oil-palm-kutai-timur","sourceRecordId":"106","source":"BIG Kebijakan Satu Peta","sourceUrl":"https://kspservices.big.go.id/satupeta/rest/services/PUBLIK/PERIZINAN_DAN_PERTANAHAN/MapServer/38","retrievedAt":"2026-08-24T23:55:27Z","geometryProcessing":"web display simplification tolerance 0.00035 degrees","name":"Cipta Hijau Bumi Etam, PT (HPK)","group":"Palma Serasih","issuer":"Bupati Kutai Timur","permitNumber":"525.26/K.210/HK/III/2017","permitDate":"2017-03-01","areaHa":13600.0,"village":"-","subdistrict":"Muara Wahau, Telen","district":"Kutai Timur","status":"Tidak Aktif","coverageCaveat":"BIG public plantation location layer covers selected districts only; it is not complete Indonesia-wide plantation coverage.","region":"kalimantan"},"geometry":{"type":"MultiPolygon","coordinates":[[[[116.65834,0.98402],[116.65874,0.98539],[116.6593,0.98539],[116.66264,0.98261],[116.66058,0.98132],[116.65913,0.98188],[116.65936,0.97853],[116.65729,0.97619],[116.65836,0.97334],[116.65977,0.97189],[116.6614,0.9715],[116.66088,0.97003],[116.6619,0.97005],[116.66256,0.97184],[116.66351,0.97245],[116.66642,0.97178],[116.66714,0.96977],[116.66845,0.96863],[116.6691,0.96905],[116.67113,1.09025],[116.68741,1.09822],[116.68568,1.09857],[116.67083,1.12876],[116.67083,1.13199],[116.67007,1.13349],[116.66845,1.1337],[116.66883,1.13277],[116.66502,1.13323],[116.66579,1.13158],[116.55431,1.14516],[116.55471,1.14674],[116.55408,1.14656],[116.55429,1.144],[116.55201,1.14225],[116.55236,1.14071],[116.55183,1.13809],[116.5504,1.13791],[116.54951,1.141],[116.54843,1.14053],[116.5488,1.136],[116.54793,1.13492],[116.54725,1.13232],[116.54811,1.12934],[116.5499,1.12768],[116.55013,1.12452],[116.55192,1.1241],[116.55231,1.12304],[116.55135,1.12238],[116.54802,1.12428],[116.54689,1.1244],[116.54636,1.12375],[116.54881,1.11953],[116.55094,1.11822],[116.5509,1.11738],[116.54794,1.11726],[116.54586,1.11959],[116.54592,1.11625],[116.54507,1.11429],[116.54365,1.11302],[116.5453,1.11099],[116.54584,1.11119],[116.54633,1.11302],[116.54762,1.1132],[116.54822,1.11248],[116.54804,1.10713],[116.54768,1.10648],[116.54596,1.10611],[116.54565,1.10508],[116.54598,1.10322],[116.54864,1.10013],[116.54709,1.09727],[116.54672,1.09436],[116.54585,1.09325],[116.55554,1.08553],[116.56921,1.08524],[116.61467,1.10887],[116.62656,1.10977],[116.63726,1.102],[116.63917,1.09009],[116.62823,1.05842],[116.63162,1.00448],[116.61621,0.97743],[116.59894,0.96828],[116.59339,0.96799],[116.59312,0.96677],[116.59454,0.9663],[116.59727,0.96749],[116.59835,0.96719],[116.59925,0.96541],[116.59999,0.95993],[116.60224,0.95871],[116.60709,0.95899],[116.61315,0.96072],[116.61824,0.96464],[116.61926,0.96635],[116.62123,0.97274],[116.62217,0.9821],[116.62807,0.97766],[116.62953,0.98855],[116.66875,0.94982],[116.66906,0.96843],[116.66848,0.96821],[116.66724,0.96932],[116.6663,0.97156],[116.66351,0.97217],[116.66212,0.96994],[116.66083,0.96972],[116.6605,0.9705],[116.66117,0.97133],[116.66002,0.97144],[116.6578,0.97373],[116.65691,0.97589],[116.65913,0.97859],[116.65902,0.98204],[116.66064,0.98166],[116.66243,0.98243],[116.65924,0.98511],[116.65834,0.98402]],[[116.65646,0.98539],[116.65695,0.98662],[116.65576,0.98779],[116.6571,0.98924],[116.65482,0.98985],[116.65486,0.99064],[116.65592,0.99158],[116.65448,0.99231],[116.65604,0.9966],[116.65793,0.99794],[116.65615,0.99638],[116.65475,0.99235],[116.65609,0.99192],[116.65615,0.99131],[116.65516,0.99073],[116.65498,0.98991],[116.65734,0.98924],[116.65607,0.98802],[116.65729,0.98662],[116.65667,0.98507],[116.65646,0.98539]],[[116.65667,0.98507],[116.65705,0.98487],[116.65734,0.98472],[116.65734,0.98472],[116.65734,0.98472],[116.65734,0.98472],[116.65752,0.98462],[116.65783,0.98445],[116.658,0.98431],[116.65801,0.9843],[116.65809,0.98423],[116.6581,0.98423],[116.6581,0.98423],[116.65827,0.98409],[116.65834,0.98402],[116.65799,0.98409],[116.65794,0.9841],[116.65791,0.98411],[116.65791,0.98411],[116.65783,0.98415],[116.65778,0.98418],[116.6577,0.98422],[116.65757,0.9843],[116.65741,0.98439],[116.65725,0.98452],[116.65679,0.98489],[116.65679,0.98489],[116.65672,0.985],[116.65667,0.98507],[116.65667,0.98507]]],[[[116.54987,1.12676],[116.54787,1.12901],[116.54692,1.13168],[116.54727,1.13442],[116.54847,1.13603],[116.54841,1.13729],[116.54588,1.135],[116.53588,1.11796],[116.53615,1.1055],[116.54007,1.09784],[116.54568,1.09353],[116.54656,1.09458],[116.54699,1.09755],[116.54817,1.10023],[116.54586,1.10273],[116.54524,1.10498],[116.54585,1.10652],[116.54762,1.10676],[116.54801,1.11247],[116.54629,1.11259],[116.54606,1.11093],[116.54492,1.11075],[116.54373,1.11194],[116.54344,1.11319],[116.54546,1.11592],[116.54533,1.11978],[116.54617,1.11985],[116.54694,1.11824],[116.54813,1.11753],[116.55069,1.11765],[116.54855,1.11925],[116.54594,1.12377],[116.54612,1.12455],[116.54736,1.12473],[116.54927,1.12419],[116.55069,1.12294],[116.55167,1.123],[116.55185,1.12378],[116.54989,1.12413],[116.54987,1.12676]]]]}},{"type":"Feature","properties":{"inventoryId":"big-oil-palm-kutai-timur:132","sector":"Sawit","subtype":"Izin Lokasi Sawit","quality":"OFFICIAL","sourceDataset":"big-oil-palm-kutai-timur","sourceRecordId":"132","source":"BIG Kebijakan Satu Peta","sourceUrl":"https://kspservices.big.go.id/satupeta/rest/services/PUBLIK/PERIZINAN_DAN_PERTANAHAN/MapServer/38","retrievedAt":"2026-08-24T23:55:27Z","geometryProcessing":"web display simplification tolerance 0.00035 degrees","name":"Cipta Narada Lestari, PT","group":"Astra","issuer":"Bupati Kutai Timur","permitNumber":"525.26/K.463/2010","permitDate":"2010-05-17","areaHa":5540.0,"village":"Mandu Dalam, Skaa, Peridan","subdistrict":"Sangkulirang","district":"Kutai Timur","status":"Aktif","coverageCaveat":"BIG public plantation location layer covers selected districts only; it is not complete Indonesia-wide plantation coverage.","region":"kalimantan"},"geometry":{"type":"Polygon","coordinates":[[[118.02978,1.0189],[118.02982,1.02536],[118.02334,1.0253],[118.02318,1.07763],[118.01885,1.08135],[118.01705,1.0841],[118.01522,1.08987],[118.01473,1.09519],[118.01498,1.09794],[118.01595,1.1004],[118.01821,1.10397],[118.02101,1.10677],[118.02424,1.10834],[118.02844,1.10834],[118.03229,1.10982],[118.02053,1.1279],[118.0099,1.11144],[117.93064,1.11184],[117.99787,1.05821],[118.00452,1.02403],[118.00456,0.98755],[118.01492,0.98758],[118.01498,1.00559],[118.02039,1.00567],[118.02146,1.00902],[118.0259,1.00883],[118.02592,1.0189],[118.02978,1.0189]]]}},{"type":"Feature","properties":{"inventoryId":"big-oil-palm-kutai-timur:55","sector":"Sawit","subtype":"Izin Lokasi Sawit","quality":"OFFICIAL","sourceDataset":"big-oil-palm-kutai-timur","sourceRecordId":"55","source":"BIG Kebijakan Satu Peta","sourceUrl":"https://kspservices.big.go.id/satupeta/rest/services/PUBLIK/PERIZINAN_DAN_PERTANAHAN/MapServer/38","retrievedAt":"2026-08-24T23:55:27Z","geometryProcessing":"web display simplification tolerance 0.00035 degrees","name":"Citra Palma Sejati, PT","group":"Indo Gunta","issuer":"Bupati Kutai Timur","permitNumber":"525.26/K.655/HK/VII/2012","permitDate":"2012-07-24","areaHa":7336.0,"village":"-","subdistrict":"Sandaran","district":"Kutai Timur","status":"Aktif","coverageCaveat":"BIG public plantation location layer covers selected districts only; it is not complete Indonesia-wide plantation coverage.","region":"kalimantan"},"geometry":{"type":"Polygon","coordinates":[[[118.42963,0.84402],[118.38292,0.88771],[118.32075,0.88342],[118.32093,0.84998],[118.34042,0.84095],[118.34224,0.83902],[118.3431,0.83654],[118.34299,0.83279],[118.34029,0.82021],[118.34253,0.81693],[118.34579,0.81447],[118.36534,0.80682],[118.3708,0.80601],[118.38085,0.80727],[118.38606,0.80924],[118.39008,0.81167],[118.40583,0.8233],[118.4092,0.82169],[118.41354,0.82201],[118.41525,0.82344],[118.41097,0.82799],[118.41181,0.83239],[118.41627,0.8343],[118.42166,0.83816],[118.42334,0.84206],[118.42656,0.84238],[118.428,0.83947],[118.42768,0.8372],[118.43406,0.83619],[118.4336,0.8403],[118.42963,0.84402]]]}},{"type":"Feature","properties":{"inventoryId":"big-oil-palm-kutai-timur:118","sector":"Sawit","subtype":"Izin Lokasi Sawit","quality":"OFFICIAL","sourceDataset":"big-oil-palm-kutai-timur","sourceRecordId":"118","source":"BIG Kebijakan Satu Peta","sourceUrl":"https://kspservices.big.go.id/satupeta/rest/services/PUBLIK/PERIZINAN_DAN_PERTANAHAN/MapServer/38","retrievedAt":"2026-08-24T23:55:27Z","geometryProcessing":"web display simplification tolerance 0.00035 degrees","name":"Dewata Sawit Nugraha, PT","group":"Swakarsa/DSN","issuer":"Bupati Kutai Timur","permitNumber":"229/02.188.45/HK/V/2007","permitDate":"2007-05-30","areaHa":15109.0,"village":"Benhes, Dabeq, Diaklay","subdistrict":"Muara Wahau","district":"Kutai Timur","status":"Aktif","coverageCaveat":"BIG public plantation location layer covers selected districts only; it is not complete Indonesia-wide plantation coverage.","region":"kalimantan"},"geometry":{"type":"Polygon","coordinates":[[[116.78018,1.31515],[116.77571,1.31671],[116.76564,1.32213],[116.75608,1.32628],[116.74015,1.34167],[116.73713,1.34269],[116.73019,1.34203],[116.72405,1.33961],[116.71403,1.33457],[116.71102,1.33221],[116.7092,1.32973],[116.70624,1.32223],[116.70273,1.31623],[116.69381,1.31011],[116.68716,1.30015],[116.68221,1.29445],[116.6722,1.285],[116.66817,1.27914],[116.66709,1.26623],[116.70846,1.28703],[116.76152,1.25946],[116.78277,1.27444],[116.80699,1.28427],[116.89128,1.257],[116.93774,1.21494],[116.94392,1.215],[116.94735,1.21718],[116.95205,1.22209],[116.95584,1.22427],[116.95837,1.22718],[116.95855,1.22954],[116.95548,1.23318],[116.95331,1.233],[116.95069,1.23122],[116.94861,1.23154],[116.94554,1.23282],[116.93958,1.23372],[116.93759,1.23609],[116.93543,1.24136],[116.93579,1.24336],[116.93524,1.24718],[116.93001,1.24791],[116.92874,1.24918],[116.92964,1.25064],[116.93217,1.25263],[116.93271,1.25427],[116.93127,1.255],[116.9273,1.25554],[116.92332,1.25791],[116.9218,1.26126],[116.92263,1.26399],[116.92687,1.26779],[116.92605,1.27004],[116.92286,1.27254],[116.91308,1.27455],[116.91178,1.27336],[116.91131,1.27182],[116.90954,1.27182],[116.9066,1.27336],[116.90459,1.2736],[116.90141,1.27182],[116.90089,1.26587],[116.89869,1.26482],[116.89598,1.26458],[116.89351,1.26458],[116.89079,1.26553],[116.88879,1.26814],[116.88702,1.27586],[116.88702,1.27918],[116.88761,1.29212],[116.89118,1.29626],[116.87515,1.30409],[116.87384,1.30549],[116.87099,1.31131],[116.86675,1.31252],[116.86214,1.31535],[116.85872,1.31831],[116.84979,1.32099],[116.85357,1.32702],[116.84897,1.32844],[116.84265,1.33152],[116.83127,1.33521],[116.82718,1.33497],[116.82263,1.33375],[116.81938,1.33217],[116.7914,1.31672],[116.78018,1.31515]]]}},{"type":"Feature","properties":{"inventoryId":"big-oil-palm-kutai-timur:133","sector":"Sawit","subtype":"Izin Lokasi Sawit","quality":"OFFICIAL","sourceDataset":"big-oil-palm-kutai-timur","sourceRecordId":"133","source":"BIG Kebijakan Satu Peta","sourceUrl":"https://kspservices.big.go.id/satupeta/rest/services/PUBLIK/PERIZINAN_DAN_PERTANAHAN/MapServer/38","retrievedAt":"2026-08-24T23:55:27Z","geometryProcessing":"web display simplification tolerance 0.00035 degrees","name":"Dharma Agrotama Nusantara, PT","group":"Swakarsa/DSN","issuer":"Bupati Kutai Timur","permitNumber":"450/02.188.45/HK/XII/2006","permitDate":"2006-12-27","areaHa":10000.0,"village":"Benhes, Dabeq, Diaklay","subdistrict":"Muara Wahau","district":"Kutai Timur","status":"Aktif","coverageCaveat":"BIG public plantation location layer covers selected districts only; it is not complete Indonesia-wide plantation coverage.","region":"kalimantan"},"geometry":{"type":"Polygon","coordinates":[[[116.70575,1.28403],[116.66497,1.26404],[116.66516,1.26282],[116.66867,1.25661],[116.67107,1.2497],[116.67322,1.24753],[116.67371,1.24787],[116.67342,1.24986],[116.67383,1.25095],[116.67648,1.25024],[116.67722,1.25119],[116.67664,1.25383],[116.67418,1.25632],[116.67419,1.25821],[116.675,1.25935],[116.67599,1.25936],[116.67638,1.25735],[116.67735,1.25633],[116.67825,1.25629],[116.67896,1.25754],[116.68045,1.25754],[116.6844,1.2541],[116.68562,1.25382],[116.68864,1.25714],[116.69067,1.26249],[116.69291,1.26319],[116.69521,1.26211],[116.69784,1.25961],[116.69798,1.2589],[116.69434,1.25577],[116.69283,1.25184],[116.69022,1.25205],[116.68817,1.24685],[116.6892,1.24496],[116.69481,1.24252],[116.69727,1.23988],[116.69751,1.23707],[116.69473,1.23499],[116.69535,1.23263],[116.69988,1.22898],[116.71105,1.22779],[116.71569,1.22916],[116.71673,1.23009],[116.71908,1.23026],[116.71857,1.227],[116.72657,1.22729],[116.72548,1.21125],[116.84721,1.21002],[116.84746,1.24133],[116.77878,1.27147],[116.75849,1.25715],[116.70575,1.28403]]]}},{"type":"Feature","properties":{"inventoryId":"big-oil-palm-kutai-timur:134","sector":"Sawit","subtype":"Izin Lokasi Sawit","quality":"OFFICIAL","sourceDataset":"big-oil-palm-kutai-timur","sourceRecordId":"134","source":"BIG Kebijakan Satu Peta","sourceUrl":"https://kspservices.big.go.id/satupeta/rest/services/PUBLIK/PERIZINAN_DAN_PERTANAHAN/MapServer/38","retrievedAt":"2026-08-24T23:55:27Z","geometryProcessing":"web display simplification tolerance 0.00035 degrees","name":"Dharma Intisawit Nugraha, PT","group":"Swakarsa/DSN","issuer":"Bupati Kutai Timur","permitNumber":"175/02.188.45/HK/V/2006","permitDate":"2006-05-24","areaHa":10125.0,"village":"Muara Wahau, Dabeq, Benhes, Diak Lay","subdistrict":"Muara Wahau","district":"Kutai Timur","status":"Aktif","coverageCaveat":"BIG public plantation location layer covers selected districts only; it is not complete Indonesia-wide plantation coverage.","region":"kalimantan"},"geometry":{"type":"Polygon","coordinates":[[[116.88394,1.14031],[116.92174,1.22943],[116.89128,1.257],[116.80699,1.28427],[116.79247,1.27837],[116.78503,1.27474],[116.8655,1.2425],[116.86502,1.21658],[116.83121,1.15762],[116.84755,1.13915],[116.88394,1.14031]]]}},{"type":"Feature","properties":{"inventoryId":"big-oil-palm-kutai-timur:8","sector":"Sawit","subtype":"Izin Lokasi Sawit","quality":"OFFICIAL","sourceDataset":"big-oil-palm-kutai-timur","sourceRecordId":"8","source":"BIG Kebijakan Satu Peta","sourceUrl":"https://kspservices.big.go.id/satupeta/rest/services/PUBLIK/PERIZINAN_DAN_PERTANAHAN/MapServer/38","retrievedAt":"2026-08-24T23:55:27Z","geometryProcessing":"web display simplification tolerance 0.00035 degrees","name":"Dinamika Prima Artha, PT (I)","issuer":"Bupati Kutai Timur","permitNumber":"18.4.45/26/HK/I/2008","permitDate":"2008-01-01","areaHa":3322.0,"village":"Tepian Langsat","subdistrict":"Bengalon","district":"Kutai Timur","status":"Aktif","coverageCaveat":"BIG public plantation location layer covers selected districts only; it is not complete Indonesia-wide plantation coverage.","region":"kalimantan"},"geometry":{"type":"Polygon","coordinates":[[[117.37882,0.77032],[117.37483,0.77322],[117.37417,0.77545],[117.37439,0.77813],[117.37284,0.78036],[117.36983,0.77857],[117.37016,0.6674],[117.37527,0.66649],[117.37904,0.66783],[117.38347,0.6647],[117.38303,0.66001],[117.38547,0.65822],[117.3899,0.65979],[117.39461,0.65771],[117.39504,0.75435],[117.39235,0.75714],[117.39479,0.7596],[117.39302,0.76875],[117.38969,0.7721],[117.38836,0.77813],[117.38459,0.77902],[117.38792,0.7759],[117.3877,0.77411],[117.38526,0.77255],[117.38459,0.7692],[117.38326,0.76831],[117.37993,0.76808],[117.37882,0.77032]]]}},{"type":"Feature","properties":{"inventoryId":"big-oil-palm-kutai-timur:2","sector":"Sawit","subtype":"Izin Lokasi Sawit","quality":"OFFICIAL","sourceDataset":"big-oil-palm-kutai-timur","sourceRecordId":"2","source":"BIG Kebijakan Satu Peta","sourceUrl":"https://kspservices.big.go.id/satupeta/rest/services/PUBLIK/PERIZINAN_DAN_PERTANAHAN/MapServer/38","retrievedAt":"2026-08-24T23:55:27Z","geometryProcessing":"web display simplification tolerance 0.00035 degrees","name":"Dinamika Prima Artha, PT (II)","issuer":"Bupati Kutai Timur","permitNumber":"525.26/K.375/HK/V/2017","permitDate":"2017-05-16","areaHa":900.0,"village":"-","subdistrict":"Rantau Pulung","district":"Kutai Timur","status":"Aktif","coverageCaveat":"BIG public plantation location layer covers selected districts only; it is not complete Indonesia-wide plantation coverage.","region":"kalimantan"},"geometry":{"type":"Polygon","coordinates":[[[117.14479,0.72847],[117.16772,0.79802],[117.16633,0.8011],[117.15897,0.8058],[117.14009,0.74614],[117.14007,0.73712],[117.14431,0.72761],[117.14538,0.72716],[117.14479,0.72847]]]}},{"type":"Feature","properties":{"inventoryId":"big-oil-palm-kutai-timur:29","sector":"Sawit","subtype":"Izin Lokasi Sawit","quality":"OFFICIAL","sourceDataset":"big-oil-palm-kutai-timur","sourceRecordId":"29","source":"BIG Kebijakan Satu Peta","sourceUrl":"https://kspservices.big.go.id/satupeta/rest/services/PUBLIK/PERIZINAN_DAN_PERTANAHAN/MapServer/38","retrievedAt":"2026-08-24T23:55:27Z","geometryProcessing":"web display simplification tolerance 0.00035 degrees","name":"Equalindo Makmur Alam Lestari, PT (I)","issuer":"Bupati Kutai Timur","permitNumber":"525.26/K.943/HK/XII/2014","permitDate":"2014-12-12","areaHa":1246.0,"village":"Marah Haloq","subdistrict":"Telen","district":"Kutai Timur","status":"Aktif","coverageCaveat":"BIG public plantation location layer covers selected districts only; it is not complete Indonesia-wide plantation coverage.","region":"kalimantan"},"geometry":{"type":"Polygon","coordinates":[[[116.84242,0.85969],[116.84451,0.8625],[116.84364,0.86613],[116.84451,0.86851],[116.84604,0.86956],[116.85,0.87053],[116.85275,0.87349],[116.85783,0.87699],[116.85838,0.87896],[116.85699,0.87812],[116.85354,0.87807],[116.85014,0.87436],[116.84783,0.87474],[116.84735,0.87564],[116.84781,0.87983],[116.84379,0.88225],[116.84317,0.88448],[116.8439,0.88669],[116.84643,0.8892],[116.84469,0.89319],[116.84504,0.89472],[116.84666,0.89604],[116.84798,0.89619],[116.85554,0.89504],[116.85646,0.89762],[116.85784,0.89933],[116.86336,0.90019],[116.86771,0.90163],[116.86845,0.90234],[116.86807,0.90381],[116.86728,0.90444],[116.86388,0.90561],[116.86188,0.90737],[116.86162,0.9087],[116.86232,0.91189],[116.8637,0.91498],[116.86291,0.91721],[116.8607,0.91689],[116.86198,0.91495],[116.85987,0.90889],[116.83568,0.90949],[116.83662,0.9003],[116.82207,0.85979],[116.84242,0.85969]]]}},{"type":"Feature","properties":{"inventoryId":"big-oil-palm-kutai-timur:60","sector":"Sawit","subtype":"Izin Lokasi Sawit","quality":"OFFICIAL","sourceDataset":"big-oil-palm-kutai-timur","sourceRecordId":"60","source":"BIG Kebijakan Satu Peta","sourceUrl":"https://kspservices.big.go.id/satupeta/rest/services/PUBLIK/PERIZINAN_DAN_PERTANAHAN/MapServer/38","retrievedAt":"2026-08-24T23:55:27Z","geometryProcessing":"web display simplification tolerance 0.00035 degrees","name":"Equalindo Makmur Alam Sejahtera, PT (II)","issuer":"Bupati Kutai Timur","permitNumber":"525.26/K.814/HK/XI/2017","permitDate":"2017-11-09","areaHa":1814.0,"village":"-","subdistrict":"Telen","district":"Kutai Timur","status":"Aktif","coverageCaveat":"BIG public plantation location layer covers selected districts only; it is not complete Indonesia-wide plantation coverage.","region":"kalimantan"},"geometry":{"type":"MultiPolygon","coordinates":[[[[117.00631,0.95464],[117.00493,0.95394],[116.99852,0.95357],[116.99449,0.95404],[116.99301,0.95203],[116.99387,0.95099],[116.99421,0.94657],[116.99264,0.94528],[116.98789,0.94558],[116.99082,0.94177],[116.99373,0.94408],[116.9959,0.94097],[116.99497,0.93359],[116.99532,0.93248],[116.99313,0.93105],[116.99694,0.92751],[116.99733,0.9262],[116.99867,0.92732],[117.00215,0.92263],[117.0027,0.92286],[117.00373,0.92177],[117.00378,0.9211],[117.00256,0.92031],[117.01143,0.91588],[117.01096,0.91736],[117.01165,0.91831],[117.01173,0.92136],[117.00963,0.9255],[117.01033,0.92677],[117.01241,0.92632],[117.01298,0.92675],[117.01299,0.9279],[117.01217,0.92821],[117.01232,0.92987],[117.01479,0.93095],[117.01656,0.93082],[117.018,0.92991],[117.01795,0.93672],[117.0208,0.93924],[117.02649,0.9393],[117.02649,0.93685],[117.02951,0.93657],[117.02949,0.93137],[117.02316,0.91818],[117.02313,0.91154],[117.02465,0.91274],[117.02621,0.9124],[117.02716,0.91156],[117.02839,0.9123],[117.03055,0.91232],[117.03056,0.91656],[117.03149,0.91749],[117.03122,0.92002],[117.03339,0.92105],[117.03417,0.92419],[117.03572,0.92511],[117.03711,0.92772],[117.04129,0.92853],[117.0419,0.9309],[117.04722,0.94025],[117.04754,0.94268],[117.04939,0.94589],[117.03973,0.95066],[117.03898,0.94527],[117.01104,0.94538],[117.01103,0.95388],[117.00738,0.95349],[117.00631,0.95464]]],[[[117.01483,0.92842],[117.01276,0.9291],[117.01339,0.92779],[117.01324,0.92647],[117.01212,0.92599],[117.01048,0.92644],[117.00998,0.92544],[117.01206,0.92136],[117.01194,0.91808],[117.01131,0.91735],[117.01212,0.91473],[117.01197,0.91332],[117.0135,0.91267],[117.01404,0.91329],[117.01567,0.91332],[117.01682,0.91773],[117.01807,0.91773],[117.01797,0.92803],[117.0163,0.92898],[117.01483,0.92842]]],[[[116.98281,0.94013],[116.98244,0.93971],[116.98286,0.93906],[116.97518,0.93034],[116.97498,0.92281],[116.9741,0.92298],[116.97417,0.92223],[116.97624,0.92225],[116.97624,0.91997],[116.97729,0.91997],[116.97872,0.92087],[116.98036,0.91856],[116.98691,0.9231],[116.98872,0.92156],[116.99065,0.92273],[116.99133,0.92214],[116.9919,0.92253],[116.99264,0.92162],[116.99335,0.92224],[116.99042,0.92689],[116.99302,0.92872],[116.99162,0.93007],[116.98943,0.92857],[116.98888,0.92929],[116.98987,0.93713],[116.98857,0.93869],[116.98465,0.93724],[116.98281,0.94013]]]]}},{"type":"Feature","properties":{"inventoryId":"big-oil-palm-kutai-timur:24","sector":"Sawit","subtype":"Izin Lokasi Sawit","quality":"OFFICIAL","sourceDataset":"big-oil-palm-kutai-timur","sourceRecordId":"24","source":"BIG Kebijakan Satu Peta","sourceUrl":"https://kspservices.big.go.id/satupeta/rest/services/PUBLIK/PERIZINAN_DAN_PERTANAHAN/MapServer/38","retrievedAt":"2026-08-24T23:55:27Z","geometryProcessing":"web display simplification tolerance 0.00035 degrees","name":"Equalindo Makmur Alam Sejahtera, PT (III)","issuer":"Bupati Kutai Timur","permitNumber":"525.26/K.282/HK/IV/2018","permitDate":"2018-04-26","areaHa":2995.0,"village":"-","subdistrict":"Batu Ampar","district":"Kutai Timur","status":"Aktif","coverageCaveat":"BIG public plantation location layer covers selected districts only; it is not complete Indonesia-wide plantation coverage.","region":"kalimantan"},"geometry":{"type":"MultiPolygon","coordinates":[[[[116.86295,0.70753],[116.86337,0.70888],[116.8629,0.70962],[116.86309,0.71166],[116.86483,0.71366],[116.86422,0.71567],[116.86442,0.71794],[116.85114,0.71794],[116.84903,0.71611],[116.84485,0.71562],[116.83968,0.70861],[116.83672,0.70749],[116.8338,0.70897],[116.83317,0.70785],[116.83357,0.70524],[116.83209,0.69887],[116.83029,0.69599],[116.8286,0.68834],[116.83842,0.68766],[116.83997,0.68235],[116.84145,0.68237],[116.84145,0.67564],[116.84503,0.67492],[116.84675,0.67559],[116.85306,0.67477],[116.85598,0.67632],[116.8564,0.68119],[116.85784,0.68316],[116.85798,0.685],[116.85943,0.68719],[116.85993,0.6937],[116.86117,0.69543],[116.86104,0.69676],[116.86159,0.69788],[116.86391,0.69921],[116.86417,0.70092],[116.86263,0.70343],[116.86319,0.70505],[116.86295,0.70753]]],[[[116.84131,0.64613],[116.83952,0.64753],[116.83833,0.6474],[116.83597,0.64395],[116.83329,0.6424],[116.83183,0.64078],[116.82959,0.63646],[116.8295,0.63447],[116.82814,0.6321],[116.82813,0.63006],[116.82662,0.62902],[116.82532,0.62926],[116.82348,0.62212],[116.82599,0.60619],[116.8511,0.60601],[116.84087,0.63737],[116.84445,0.64587],[116.84131,0.64613]]],[[[116.84064,0.65104],[116.83944,0.65173],[116.83739,0.6517],[116.83088,0.64795],[116.82788,0.64809],[116.82362,0.64707],[116.82637,0.64087],[116.82669,0.63799],[116.82602,0.63589],[116.82607,0.63217],[116.82555,0.63014],[116.8265,0.62993],[116.82733,0.63052],[116.82725,0.63228],[116.82861,0.63468],[116.82875,0.63679],[116.8311,0.64132],[116.83273,0.64315],[116.83533,0.64459],[116.83753,0.64797],[116.83976,0.64843],[116.84146,0.64704],[116.8448,0.6467],[116.84553,0.64841],[116.84414,0.65031],[116.84307,0.65012],[116.84064,0.65104]]],[[[116.84172,0.65594],[116.84103,0.6564],[116.83968,0.6559],[116.83881,0.65353],[116.84061,0.652],[116.84281,0.65123],[116.84226,0.65257],[116.84258,0.65464],[116.84172,0.65594]]],[[[116.84414,0.65701],[116.84182,0.65968],[116.84237,0.65817],[116.8418,0.6569],[116.84335,0.65519],[116.84319,0.6526],[116.84368,0.65149],[116.84483,0.65094],[116.84588,0.64925],[116.84943,0.65766],[116.84883,0.65814],[116.84767,0.65709],[116.8449,0.65648],[116.84414,0.65701]]],[[[116.85531,0.67162],[116.85373,0.67124],[116.85198,0.67194],[116.8496,0.67153],[116.84822,0.67194],[116.84752,0.67107],[116.84628,0.67172],[116.84402,0.67076],[116.84506,0.66885],[116.84508,0.66758],[116.84189,0.66317],[116.84313,0.6624],[116.84547,0.65898],[116.84679,0.65928],[116.84935,0.66124],[116.85045,0.66009],[116.85531,0.67162]]],[[[116.84009,0.71734],[116.81031,0.71728],[116.81201,0.69746],[116.81951,0.69375],[116.82397,0.69488],[116.82498,0.69703],[116.82762,0.69935],[116.82875,0.70533],[116.82825,0.70884],[116.82869,0.71093],[116.83039,0.71231],[116.83385,0.71357],[116.83674,0.71243],[116.84009,0.71734]]]]}},{"type":"Feature","properties":{"inventoryId":"big-oil-palm-kutai-timur:113","sector":"Sawit","subtype":"Izin Lokasi Sawit","quality":"OFFICIAL","sourceDataset":"big-oil-palm-kutai-timur","sourceRecordId":"113","source":"BIG Kebijakan Satu Peta","sourceUrl":"https://kspservices.big.go.id/satupeta/rest/services/PUBLIK/PERIZINAN_DAN_PERTANAHAN/MapServer/38","retrievedAt":"2026-08-24T23:55:27Z","geometryProcessing":"web display simplification tolerance 0.00035 degrees","name":"Etam Bersama Lestari, PT","group":"Triputra Agro Persada","issuer":"Bupati Kutai Timur","permitNumber":"188.4.45/656/HK/X/2009","permitDate":"2009-10-15","areaHa":9977.0,"village":"Tepian Terap, Pelawan","subdistrict":"Sangkulirang, Karangan","district":"Kutai Timur","status":"Aktif","coverageCaveat":"BIG public plantation location layer covers selected districts only; it is not complete Indonesia-wide plantation coverage.","region":"kalimantan"},"geometry":{"type":"Polygon","coordinates":[[[117.95375,1.26033],[117.94652,1.26167],[117.93683,1.26727],[117.93218,1.27274],[117.92092,1.28005],[117.91863,1.27777],[117.91147,1.28817],[117.85875,1.28816],[117.85488,1.28394],[117.88909,1.26787],[117.86019,1.23323],[117.85487,1.25474],[117.84589,1.25474],[117.84252,1.27067],[117.81454,1.27068],[117.81441,1.26515],[117.81286,1.2595],[117.80778,1.24993],[117.81267,1.24903],[117.82241,1.25214],[117.82697,1.25157],[117.82877,1.24783],[117.82759,1.2397],[117.82881,1.23498],[117.83294,1.23255],[117.83773,1.2335],[117.84059,1.2323],[117.84113,1.22863],[117.83945,1.2236],[117.84087,1.21991],[117.84142,1.214],[117.84341,1.21059],[117.87615,1.21039],[117.87615,1.21438],[117.89302,1.21438],[117.89319,1.22365],[117.8937,1.22363],[117.8921,1.233],[117.90633,1.24301],[117.91487,1.24301],[117.91487,1.23758],[117.9324,1.23758],[117.93241,1.22439],[117.92949,1.22437],[117.9299,1.21259],[117.92937,1.19921],[117.95146,1.2],[117.95414,1.20214],[117.9574,1.20589],[117.96374,1.20803],[117.97284,1.20951],[117.98707,1.20818],[118.00503,1.20087],[118.00843,1.20981],[118.00541,1.22481],[117.98425,1.22487],[117.98437,1.2429],[117.9539,1.243],[117.95375,1.26033]]]}},{"type":"Feature","properties":{"inventoryId":"big-oil-palm-kutai-timur:145","sector":"Sawit","subtype":"Izin Lokasi Sawit","quality":"OFFICIAL","sourceDataset":"big-oil-palm-kutai-timur","sourceRecordId":"145","source":"BIG Kebijakan Satu Peta","sourceUrl":"https://kspservices.big.go.id/satupeta/rest/services/PUBLIK/PERIZINAN_DAN_PERTANAHAN/MapServer/38","retrievedAt":"2026-08-24T23:55:27Z","geometryProcessing":"web display simplification tolerance 0.00035 degrees","name":"Fairco Agro mandiri, PT (I)","issuer":"Bupati Kutai Timur","permitNumber":"543/02.188.45/HK/X/2007","permitDate":"2007-10-24","areaHa":13903.0,"village":"Cipta Graha, Bukit Makmur, Bumi Jaya","subdistrict":"Kaubun","district":"Kutai Timur","status":"Aktif","coverageCaveat":"BIG public plantation location layer covers selected districts only; it is not complete Indonesia-wide plantation coverage.","region":"kalimantan"},"geometry":{"type":"Polygon","coordinates":[[[117.86331,0.97364],[117.8468,0.97365],[117.84685,0.99103],[117.78336,1.01465],[117.78247,1.00805],[117.7638,0.9515],[117.76342,0.9515],[117.76068,0.94349],[117.76832,0.91493],[117.7694,0.91458],[117.76971,0.91389],[117.7893,0.91007],[117.84615,0.92659],[117.85815,0.91705],[117.9485,0.96345],[117.9485,0.99778],[117.92197,0.99779],[117.92323,0.98189],[117.88154,0.98191],[117.87459,0.97364],[117.86331,0.97364]]]}},{"type":"Feature","properties":{"inventoryId":"big-oil-palm-kutai-timur:71","sector":"Sawit","subtype":"Izin Lokasi Sawit","quality":"OFFICIAL","sourceDataset":"big-oil-palm-kutai-timur","sourceRecordId":"71","source":"BIG Kebijakan Satu Peta","sourceUrl":"https://kspservices.big.go.id/satupeta/rest/services/PUBLIK/PERIZINAN_DAN_PERTANAHAN/MapServer/38","retrievedAt":"2026-08-24T23:55:27Z","geometryProcessing":"web display simplification tolerance 0.00035 degrees","name":"Fairco Agro mandiri, PT (II)","issuer":"Bupati Kutai Timur","permitNumber":"525.26/K.873/HK/XII/2017","permitDate":"2017-12-13","areaHa":5932.0,"village":"Cipta Graha, Bukit Makmur, Bumi Jaya","subdistrict":"Kaubun, Sangkulirang","district":"Kutai Timur","status":"Aktif","coverageCaveat":"BIG public plantation location layer covers selected districts only; it is not complete Indonesia-wide plantation coverage.","region":"kalimantan"},"geometry":{"type":"MultiPolygon","coordinates":[[[[117.84685,0.99052],[117.84685,0.99103],[117.84177,0.99292],[117.84166,0.97382],[117.84285,0.97384],[117.84287,0.96451],[117.83751,0.96465],[117.83718,0.93687],[117.82491,0.93708],[117.82332,0.92644],[117.82597,0.92073],[117.84615,0.92659],[117.85815,0.91705],[117.90312,0.94015],[117.90284,0.9406],[117.91133,0.94525],[117.9485,0.96345],[117.94849,0.97557],[117.93811,0.97557],[117.93811,0.97835],[117.91998,0.97835],[117.91998,0.98189],[117.88154,0.98191],[117.87459,0.97364],[117.8468,0.97365],[117.84685,0.99052]]],[[[117.94382,0.99726],[117.94399,0.99778],[117.92197,0.99779],[117.9225,0.99113],[117.9243,0.9903],[117.92483,0.99214],[117.92589,0.99238],[117.92685,0.99371],[117.92763,0.99386],[117.92925,0.9927],[117.9333,0.99279],[117.93592,0.99551],[117.93736,0.99625],[117.939,0.99576],[117.93943,0.99668],[117.94018,0.99656],[117.9397,0.99554],[117.94066,0.99315],[117.94211,0.99301],[117.94382,0.99726]]]]}},{"type":"Feature","properties":{"inventoryId":"big-oil-palm-kutai-timur:23","sector":"Sawit","subtype":"Izin Lokasi Sawit","quality":"OFFICIAL","sourceDataset":"big-oil-palm-kutai-timur","sourceRecordId":"23","source":"BIG Kebijakan Satu Peta","sourceUrl":"https://kspservices.big.go.id/satupeta/rest/services/PUBLIK/PERIZINAN_DAN_PERTANAHAN/MapServer/38","retrievedAt":"2026-08-24T23:55:27Z","geometryProcessing":"web display simplification tolerance 0.00035 degrees","name":"Gemilang Sejahtera Abadi, PT (I)","group":"Teladan Group","issuer":"Bupati Kutai Timur","permitNumber":"188.4.45/331/HK/VI/2008","permitDate":"2008-06-27","areaHa":13803.0,"village":"-","subdistrict":"Long Mesangat","district":"Kutai Timur","status":"Aktif","coverageCaveat":"BIG public plantation location layer covers selected districts only; it is not complete Indonesia-wide plantation coverage.","region":"kalimantan"},"geometry":{"type":"Polygon","coordinates":[[[116.71437,0.66297],[116.68298,0.71729],[116.65652,0.66175],[116.60163,0.69612],[116.60132,0.69418],[116.60677,0.68312],[116.60892,0.67742],[116.61131,0.66066],[116.61196,0.65404],[116.61131,0.64221],[116.61424,0.59061],[116.75676,0.58961],[116.71437,0.66297]]]}},{"type":"Feature","properties":{"inventoryId":"big-oil-palm-kutai-timur:22","sector":"Sawit","subtype":"Izin Lokasi Sawit","quality":"OFFICIAL","sourceDataset":"big-oil-palm-kutai-timur","sourceRecordId":"22","source":"BIG Kebijakan Satu Peta","sourceUrl":"https://kspservices.big.go.id/satupeta/rest/services/PUBLIK/PERIZINAN_DAN_PERTANAHAN/MapServer/38","retrievedAt":"2026-08-24T23:55:27Z","geometryProcessing":"web display simplification tolerance 0.00035 degrees","name":"Gemilang Sejahtera Abadi, PT (II)","group":"Teladan Group","issuer":"Bupati Kutai Timur","permitNumber":"525.26/K.669/HK/VII/2013","permitDate":"2013-07-24","areaHa":1625.0,"village":"Melan, Long Bentuq, Long Segar, R Sentosa","subdistrict":"Busang, Long Mesangat","district":"Kutai Timur","status":"Aktif","coverageCaveat":"BIG public plantation location layer covers selected districts only; it is not complete Indonesia-wide plantation coverage.","region":"kalimantan"},"geometry":{"type":"Polygon","coordinates":[[[116.68874,0.73512],[116.68826,0.73461],[116.68694,0.73491],[116.68539,0.73364],[116.68312,0.73281],[116.68268,0.73199],[116.67499,0.73027],[116.67273,0.73027],[116.67191,0.72843],[116.67046,0.72767],[116.66888,0.72539],[116.65905,0.72031],[116.65672,0.72038],[116.65441,0.71748],[116.65817,0.71748],[116.65817,0.70878],[116.6482,0.70862],[116.6482,0.70934],[116.64758,0.70934],[116.64758,0.70851],[116.64684,0.70844],[116.64684,0.71432],[116.6438,0.71393],[116.63917,0.70912],[116.64911,0.68184],[116.66692,0.68184],[116.67917,0.7053],[116.68519,0.72392],[116.68954,0.73411],[116.68834,0.73431],[116.68874,0.73512]]]}},{"type":"Feature","properties":{"inventoryId":"big-oil-palm-kutai-timur:87","sector":"Sawit","subtype":"Izin Lokasi Sawit","quality":"OFFICIAL","sourceDataset":"big-oil-palm-kutai-timur","sourceRecordId":"87","source":"BIG Kebijakan Satu Peta","sourceUrl":"https://kspservices.big.go.id/satupeta/rest/services/PUBLIK/PERIZINAN_DAN_PERTANAHAN/MapServer/38","retrievedAt":"2026-08-24T23:55:27Z","geometryProcessing":"web display simplification tolerance 0.00035 degrees","name":"Gemilang Sejahtera Abadi, PT (III)","group":"Teladan Group","issuer":"Bupati Kutai Timur","permitNumber":"525.26/K.670/HK/VII/2013","permitDate":"2013-07-24","areaHa":866.0,"village":"-","subdistrict":"Long Mesangat","district":"Kutai Timur","status":"Aktif","coverageCaveat":"BIG public plantation location layer covers selected districts only; it is not complete Indonesia-wide plantation coverage.","region":"kalimantan"},"geometry":{"type":"MultiPolygon","coordinates":[[[[116.74799,0.60477],[116.69437,0.69758],[116.69437,0.69281],[116.69386,0.6928],[116.69372,0.69202],[116.70684,0.66888],[116.71061,0.66867],[116.71089,0.66199],[116.73911,0.61313],[116.73937,0.6117],[116.73187,0.60304],[116.73078,0.60313],[116.73099,0.60203],[116.72943,0.60024],[116.73201,0.59821],[116.73223,0.59739],[116.73066,0.59545],[116.73335,0.59327],[116.73403,0.59078],[116.74408,0.59078],[116.7488,0.59635],[116.75202,0.59078],[116.75593,0.59104],[116.74799,0.60477]]],[[[116.69119,0.701],[116.69142,0.70249],[116.68286,0.71671],[116.68159,0.71274],[116.68985,0.69844],[116.68985,0.69913],[116.69052,0.69913],[116.69052,0.70094],[116.69119,0.701]]]]}},{"type":"Feature","properties":{"inventoryId":"big-oil-palm-kutai-timur:32","sector":"Sawit","subtype":"Izin Lokasi Sawit","quality":"OFFICIAL","sourceDataset":"big-oil-palm-kutai-timur","sourceRecordId":"32","source":"BIG Kebijakan Satu Peta","sourceUrl":"https://kspservices.big.go.id/satupeta/rest/services/PUBLIK/PERIZINAN_DAN_PERTANAHAN/MapServer/38","retrievedAt":"2026-08-24T23:55:27Z","geometryProcessing":"web display simplification tolerance 0.00035 degrees","name":"Gunta Samba Jaya, PT (Miau Baru Est 1)","group":"Indo Gunta","issuer":"Bupati Kutai Timur","permitNumber":"525.26/K.431/HK/VI/2012","permitDate":"2012-05-31","areaHa":5312.0,"village":"Miau Baru","subdistrict":"Kongbeng","district":"Kutai Timur","status":"Aktif","coverageCaveat":"BIG public plantation location layer covers selected districts only; it is not complete Indonesia-wide plantation coverage.","region":"kalimantan"},"geometry":{"type":"MultiPolygon","coordinates":[[[[117.11202,1.35993],[117.11416,1.37048],[117.11156,1.37231],[117.09992,1.35104],[117.08186,1.34993],[117.03481,1.35416],[117.02834,1.35248],[117.02319,1.34049],[117.01224,1.31113],[117.00674,1.30097],[117.00445,1.29919],[117.0175,1.29154],[117.02513,1.29409],[117.02612,1.29678],[117.02846,1.29719],[117.02844,1.3138],[117.03656,1.31342],[117.03509,1.32428],[117.10062,1.32427],[117.09502,1.30398],[117.10118,1.30398],[117.11202,1.35993]]],[[[117.14838,1.32426],[117.14548,1.28923],[117.14972,1.25338],[117.14197,1.24778],[117.14462,1.23071],[117.15747,1.24283],[117.15807,1.26062],[117.16132,1.28226],[117.16243,1.28742],[117.1697,1.30785],[117.16312,1.30533],[117.14838,1.32426]]]]}},{"type":"Feature","properties":{"inventoryId":"big-oil-palm-kutai-timur:136","sector":"Sawit","subtype":"Izin Lokasi Sawit","quality":"OFFICIAL","sourceDataset":"big-oil-palm-kutai-timur","sourceRecordId":"136","source":"BIG Kebijakan Satu Peta","sourceUrl":"https://kspservices.big.go.id/satupeta/rest/services/PUBLIK/PERIZINAN_DAN_PERTANAHAN/MapServer/38","retrievedAt":"2026-08-24T23:55:27Z","geometryProcessing":"web display simplification tolerance 0.00035 degrees","name":"Gunta Samba Jaya, PT (Miau Baru Est 2)","group":"Indo Gunta","issuer":"Bupati Kutai Timur","permitNumber":"525.26/K.76/HK/I/2013","permitDate":"2013-01-09","areaHa":1238.0,"village":"Miau Baru","subdistrict":"Kongbeng","district":"Kutai Timur","status":"Aktif","coverageCaveat":"BIG public plantation location layer covers selected districts only; it is not complete Indonesia-wide plantation coverage.","region":"kalimantan"},"geometry":{"type":"Polygon","coordinates":[[[117.0073,1.29751],[117.00445,1.29919],[117.0018,1.29712],[116.99826,1.28876],[116.99345,1.27975],[116.99113,1.27396],[116.9891,1.27074],[116.97883,1.2593],[116.97611,1.25737],[116.97043,1.25469],[116.97609,1.24801],[116.99634,1.24842],[116.99915,1.2497],[117.00048,1.24975],[116.99996,1.25095],[117.00026,1.25211],[117.00503,1.2538],[117.00894,1.26403],[117.01039,1.27039],[117.0129,1.27754],[117.01777,1.28526],[117.0118,1.28363],[117.00829,1.28503],[117.0073,1.29751]]]}},{"type":"Feature","properties":{"inventoryId":"big-oil-palm-kutai-timur:25","sector":"Sawit","subtype":"Izin Lokasi Sawit","quality":"OFFICIAL","sourceDataset":"big-oil-palm-kutai-timur","sourceRecordId":"25","source":"BIG Kebijakan Satu Peta","sourceUrl":"https://kspservices.big.go.id/satupeta/rest/services/PUBLIK/PERIZINAN_DAN_PERTANAHAN/MapServer/38","retrievedAt":"2026-08-24T23:55:27Z","geometryProcessing":"web display simplification tolerance 0.00035 degrees","name":"Gunta Samba, PT (Elang Est)","group":"Indo Gunta","issuer":"Bupati Kutai Timur","permitNumber":"293/02.188.45/HK/IX/2005","permitDate":"2005-09-07","areaHa":4250.0,"village":"Miau Baru","subdistrict":"Kongbeng","district":"Kutai Timur","status":"Aktif","coverageCaveat":"BIG public plantation location layer covers selected districts only; it is not complete Indonesia-wide plantation coverage.","region":"kalimantan"},"geometry":{"type":"Polygon","coordinates":[[[117.14838,1.32426],[117.15049,1.35144],[117.11492,1.37309],[117.11388,1.3695],[117.11202,1.35993],[117.12094,1.36014],[117.12138,1.33928],[117.12109,1.32081],[117.10444,1.32078],[117.10041,1.30152],[117.0983,1.28813],[117.1233,1.28809],[117.13174,1.24036],[117.14972,1.25338],[117.14548,1.28923],[117.14838,1.32426]]]}},{"type":"Feature","properties":{"inventoryId":"big-oil-palm-kutai-timur:138","sector":"Sawit","subtype":"Izin Lokasi Sawit","quality":"OFFICIAL","sourceDataset":"big-oil-palm-kutai-timur","sourceRecordId":"138","source":"BIG Kebijakan Satu Peta","sourceUrl":"https://kspservices.big.go.id/satupeta/rest/services/PUBLIK/PERIZINAN_DAN_PERTANAHAN/MapServer/38","retrievedAt":"2026-08-24T23:55:27Z","geometryProcessing":"web display simplification tolerance 0.00035 degrees","name":"Gunta Samba, PT (Pengadan 1)","group":"Indo Gunta","issuer":"Bupati Kutai Timur","permitNumber":"179/02.188.45/HK/IX/2005","permitDate":"2005-06-14","areaHa":3360.0,"village":"Pengadan","subdistrict":"Karangan","district":"Kutai Timur","status":"Aktif","coverageCaveat":"BIG public plantation location layer covers selected districts only; it is not complete Indonesia-wide plantation coverage.","region":"kalimantan"},"geometry":{"type":"Polygon","coordinates":[[[117.76822,1.29293],[117.75613,1.29316],[117.74941,1.29487],[117.74371,1.29806],[117.73698,1.30011],[117.73744,1.2666],[117.76685,1.26671],[117.7673,1.26078],[117.77164,1.26055],[117.77141,1.24585],[117.77232,1.24277],[117.77848,1.2422],[117.78076,1.23787],[117.78463,1.23593],[117.78771,1.23582],[117.78976,1.23707],[117.79079,1.24026],[117.79227,1.24186],[117.79443,1.24277],[117.79934,1.24106],[117.80059,1.23844],[117.80287,1.22784],[117.81131,1.22442],[117.81359,1.22145],[117.81404,1.21883],[117.81552,1.21564],[117.81951,1.21621],[117.82225,1.21883],[117.82236,1.22385],[117.82863,1.22464],[117.82989,1.22613],[117.83308,1.22704],[117.83274,1.22829],[117.82647,1.23023],[117.82293,1.23308],[117.82111,1.24596],[117.80743,1.24414],[117.80355,1.24471],[117.80127,1.24722],[117.80127,1.24972],[117.80766,1.26147],[117.80823,1.26648],[117.80606,1.26842],[117.79808,1.26751],[117.79432,1.26842],[117.79284,1.26956],[117.79101,1.27332],[117.79466,1.2805],[117.79535,1.2829],[117.79375,1.28791],[117.79136,1.29156],[117.78942,1.29224],[117.77939,1.29213],[117.76822,1.29293]]]}},{"type":"Feature","properties":{"inventoryId":"big-oil-palm-kutai-timur:81","sector":"Sawit","subtype":"Izin Lokasi Sawit","quality":"OFFICIAL","sourceDataset":"big-oil-palm-kutai-timur","sourceRecordId":"81","source":"BIG Kebijakan Satu Peta","sourceUrl":"https://kspservices.big.go.id/satupeta/rest/services/PUBLIK/PERIZINAN_DAN_PERTANAHAN/MapServer/38","retrievedAt":"2026-08-24T23:55:27Z","geometryProcessing":"web display simplification tolerance 0.00035 degrees","name":"Gunta Samba, PT (Pengadan 2)","group":"Indo Gunta","issuer":"Bupati Kutai Timur","permitNumber":"525.26/K.446/HK/V/2013","permitDate":"2013-05-20","areaHa":849.0,"village":"Pengadan","subdistrict":"Karangan","district":"Kutai Timur","status":"Aktif","coverageCaveat":"BIG public plantation location layer covers selected districts only; it is not complete Indonesia-wide plantation coverage.","region":"kalimantan"},"geometry":{"type":"Polygon","coordinates":[[[117.75589,1.30197],[117.75574,1.3045],[117.75434,1.30248],[117.75287,1.30188],[117.75147,1.30194],[117.74547,1.30436],[117.7455,1.25875],[117.74857,1.25876],[117.74873,1.26267],[117.75437,1.2628],[117.75448,1.26859],[117.75981,1.26859],[117.76024,1.27756],[117.76575,1.27737],[117.76586,1.29538],[117.77113,1.29546],[117.77111,1.29651],[117.77356,1.29723],[117.76605,1.29911],[117.76344,1.29883],[117.76169,1.29786],[117.76001,1.29801],[117.75856,1.2988],[117.75589,1.30197]]]}},{"type":"Feature","properties":{"inventoryId":"big-oil-palm-kutai-timur:135","sector":"Sawit","subtype":"Izin Lokasi Sawit","quality":"OFFICIAL","sourceDataset":"big-oil-palm-kutai-timur","sourceRecordId":"135","source":"BIG Kebijakan Satu Peta","sourceUrl":"https://kspservices.big.go.id/satupeta/rest/services/PUBLIK/PERIZINAN_DAN_PERTANAHAN/MapServer/38","retrievedAt":"2026-08-24T23:55:27Z","geometryProcessing":"web display simplification tolerance 0.00035 degrees","name":"Gunta Samba, PT (Sempayau)","group":"Indo Gunta","issuer":"Bupati Kutai Timur","permitNumber":"356/02.188.45/HK/X/2006","permitDate":"2006-10-03","areaHa":10000.0,"village":"Sempayau, Pengadan","subdistrict":"Kaubun","district":"Kutai Timur","status":"Aktif","coverageCaveat":"BIG public plantation location layer covers selected districts only; it is not complete Indonesia-wide plantation coverage.","region":"kalimantan"},"geometry":{"type":"Polygon","coordinates":[[[117.73992,1.25701],[117.7376,1.25795],[117.73579,1.26081],[117.73403,1.25834],[117.72922,1.25612],[117.72768,1.25629],[117.72453,1.25942],[117.72297,1.26004],[117.72141,1.25868],[117.7214,1.21631],[117.79666,1.19511],[117.82234,1.16925],[117.8543,1.16924],[117.85393,1.14059],[117.8605,1.14123],[117.86371,1.1398],[117.86549,1.13836],[117.87068,1.1363],[117.8744,1.1319],[117.87692,1.13092],[117.8799,1.1305],[117.88241,1.13339],[117.88259,1.13851],[117.88428,1.14432],[117.88726,1.14768],[117.89285,1.1496],[117.89983,1.15016],[117.89988,1.15205],[117.88963,1.15828],[117.88733,1.16177],[117.88618,1.166],[117.88715,1.17936],[117.88583,1.18072],[117.88362,1.18132],[117.87898,1.18197],[117.86867,1.18166],[117.86345,1.18273],[117.86122,1.18432],[117.85873,1.19258],[117.85671,1.19664],[117.84625,1.20443],[117.84024,1.21131],[117.83955,1.21978],[117.8365,1.22311],[117.83633,1.22623],[117.83535,1.22762],[117.83391,1.22805],[117.8324,1.22462],[117.83146,1.22417],[117.82699,1.2249],[117.82569,1.22327],[117.82562,1.22162],[117.82759,1.21918],[117.82799,1.21786],[117.82655,1.21634],[117.82185,1.21647],[117.81817,1.21379],[117.81401,1.22063],[117.81371,1.2228],[117.80665,1.22664],[117.80127,1.23508],[117.80132,1.23878],[117.79882,1.24214],[117.79646,1.24372],[117.79552,1.24328],[117.79524,1.2423],[117.79523,1.23923],[117.79294,1.23794],[117.78884,1.23716],[117.78189,1.23719],[117.78088,1.24236],[117.78023,1.243],[117.77122,1.24215],[117.76994,1.24238],[117.76892,1.24331],[117.76994,1.2443],[117.77276,1.24458],[117.77169,1.24723],[117.77002,1.2487],[117.76618,1.24929],[117.76184,1.25196],[117.75102,1.25198],[117.74803,1.25268],[117.7453,1.25567],[117.7426,1.25542],[117.73992,1.25701]]]}},{"type":"Feature","properties":{"inventoryId":"big-oil-palm-kutai-timur:88","sector":"Sawit","subtype":"Izin Lokasi Sawit","quality":"OFFICIAL","sourceDataset":"big-oil-palm-kutai-timur","sourceRecordId":"88","source":"BIG Kebijakan Satu Peta","sourceUrl":"https://kspservices.big.go.id/satupeta/rest/services/PUBLIK/PERIZINAN_DAN_PERTANAHAN/MapServer/38","retrievedAt":"2026-08-24T23:55:27Z","geometryProcessing":"web display simplification tolerance 0.00035 degrees","name":"Hamparan Perkasa Mandiri, PT","group":"Triputra Agro Persada","issuer":"Bupati Kutai Timur","permitNumber":"188.4.45/7/HK/I/2008","permitDate":"2008-01-09","areaHa":11880.0,"village":"-","subdistrict":"Busang, Telen","district":"Kutai Timur","status":"Aktif","coverageCaveat":"BIG public plantation location layer covers selected districts only; it is not complete Indonesia-wide plantation coverage.","region":"kalimantan"},"geometry":{"type":"Polygon","coordinates":[[[116.66947,0.8151],[116.66382,0.83596],[116.66016,0.83633],[116.65639,0.83825],[116.62694,0.82583],[116.61611,0.81056],[116.59639,0.81861],[116.55273,0.77068],[116.56613,0.75657],[116.57946,0.73575],[116.58656,0.72127],[116.59475,0.698],[116.60197,0.69602],[116.65652,0.66175],[116.63942,0.70843],[116.64891,0.71832],[116.63238,0.76491],[116.63139,0.7902],[116.64701,0.79006],[116.65145,0.78943],[116.66808,0.78987],[116.67076,0.81031],[116.66947,0.8151]]]}},{"type":"Feature","properties":{"inventoryId":"big-oil-palm-kutai-timur:125","sector":"Sawit","subtype":"Izin Lokasi Sawit","quality":"OFFICIAL","sourceDataset":"big-oil-palm-kutai-timur","sourceRecordId":"125","source":"BIG Kebijakan Satu Peta","sourceUrl":"https://kspservices.big.go.id/satupeta/rest/services/PUBLIK/PERIZINAN_DAN_PERTANAHAN/MapServer/38","retrievedAt":"2026-08-24T23:55:27Z","geometryProcessing":"web display simplification tolerance 0.00035 degrees","name":"Hanucipta Pratama Karya, PT","issuer":"Bupati Kutai Timur","permitNumber":"525.26/K.106/HK/II/2018","permitDate":"2018-02-15","areaHa":500.0,"village":"-","subdistrict":"Sandaran","district":"Kutai Timur","status":"Aktif","coverageCaveat":"BIG public plantation location layer covers selected districts only; it is not complete Indonesia-wide plantation coverage.","region":"kalimantan"},"geometry":{"type":"Polygon","coordinates":[[[118.9159,1.04117],[118.90939,1.04096],[118.8979,1.03706],[118.89308,1.03653],[118.9078,1.03383],[118.92499,1.03163],[118.93341,1.02988],[118.94205,1.02912],[118.9433,1.03048],[118.94615,1.03124],[118.94728,1.03245],[118.94905,1.03271],[118.95012,1.03414],[118.94997,1.03528],[118.95104,1.03622],[118.94998,1.03931],[118.94807,1.03837],[118.944,1.03823],[118.93547,1.03923],[118.93188,1.04023],[118.93072,1.03949],[118.92847,1.04072],[118.92579,1.04105],[118.9159,1.04117]]]}},{"type":"Feature","properties":{"inventoryId":"big-oil-palm-kutai-timur:110","sector":"Sawit","subtype":"Izin Lokasi Sawit","quality":"OFFICIAL","sourceDataset":"big-oil-palm-kutai-timur","sourceRecordId":"110","source":"BIG Kebijakan Satu Peta","sourceUrl":"https://kspservices.big.go.id/satupeta/rest/services/PUBLIK/PERIZINAN_DAN_PERTANAHAN/MapServer/38","retrievedAt":"2026-08-24T23:55:27Z","geometryProcessing":"web display simplification tolerance 0.00035 degrees","name":"Hanusentra Agro Lestari, PT","issuer":"Bupati Kutai Timur","permitNumber":"525.26/K.115/HK/II/2013","permitDate":"2013-02-06","areaHa":6144.0,"village":"Pelawan, Tepian Terap, Mandu Dalam","subdistrict":"Sangkulirang","district":"Kutai Timur","status":"Aktif","coverageCaveat":"BIG public plantation location layer covers selected districts only; it is not complete Indonesia-wide plantation coverage.","region":"kalimantan"},"geometry":{"type":"Polygon","coordinates":[[[117.97847,1.20867],[117.97284,1.20951],[117.96374,1.20803],[117.95698,1.2057],[117.95414,1.20214],[117.95146,1.2],[117.93359,1.19936],[117.93242,1.19669],[117.90664,1.1967],[117.90175,1.19608],[117.89775,1.19232],[117.89304,1.19071],[117.89064,1.18874],[117.88646,1.18794],[117.88646,1.18472],[117.89428,1.18167],[117.89427,1.16073],[117.90414,1.15787],[117.90413,1.13863],[117.91249,1.13863],[117.91427,1.1346],[117.91899,1.13566],[117.92672,1.13916],[117.93143,1.13504],[117.92769,1.12842],[117.92376,1.12633],[117.98771,1.12392],[117.9828,1.12521],[117.98013,1.12664],[117.97488,1.13214],[117.97521,1.13766],[117.9767,1.14097],[117.97787,1.14594],[117.98206,1.15491],[117.98154,1.16121],[117.97511,1.16178],[117.97266,1.16341],[117.97107,1.16535],[117.96348,1.16692],[117.96057,1.16893],[117.95572,1.17428],[117.95444,1.17944],[117.9552,1.18694],[117.9575,1.19157],[117.96429,1.19738],[117.97036,1.19982],[117.974,1.2005],[117.97792,1.2003],[117.97847,1.20867]]]}},{"type":"Feature","properties":{"inventoryId":"big-oil-palm-kutai-timur:102","sector":"Sawit","subtype":"Izin Lokasi Sawit","quality":"OFFICIAL","sourceDataset":"big-oil-palm-kutai-timur","sourceRecordId":"102","source":"BIG Kebijakan Satu Peta","sourceUrl":"https://kspservices.big.go.id/satupeta/rest/services/PUBLIK/PERIZINAN_DAN_PERTANAHAN/MapServer/38","retrievedAt":"2026-08-24T23:55:27Z","geometryProcessing":"web display simplification tolerance 0.00035 degrees","name":"Hijau Alam Raya, PT","issuer":"Bupati Kutai Timur","permitNumber":"525.26/K.757/HK/XI/2015","permitDate":"2015-11-27","areaHa":1162.0,"village":"-","subdistrict":"Sangkulirang","district":"Kutai Timur","status":"Aktif","coverageCaveat":"BIG public plantation location layer covers selected districts only; it is not complete Indonesia-wide plantation coverage.","region":"kalimantan"},"geometry":{"type":"Polygon","coordinates":[[[118.00702,1.1251],[118.00567,1.12623],[118.0032,1.13617],[118.01034,1.14503],[118.00702,1.15107],[117.98184,1.16113],[117.97887,1.16438],[117.973,1.16486],[117.96696,1.16642],[117.96917,1.16332],[117.97153,1.16142],[117.97973,1.16022],[117.98194,1.15803],[117.98206,1.15491],[117.97787,1.14594],[117.9767,1.14097],[117.97521,1.13766],[117.97488,1.13214],[117.97736,1.12904],[117.98013,1.12664],[117.9828,1.12521],[117.98703,1.1241],[118.00866,1.12331],[118.0091,1.1235],[118.00702,1.1251]]]}},{"type":"Feature","properties":{"inventoryId":"big-oil-palm-kutai-timur:98","sector":"Sawit","subtype":"Izin Lokasi Sawit","quality":"OFFICIAL","sourceDataset":"big-oil-palm-kutai-timur","sourceRecordId":"98","source":"BIG Kebijakan Satu Peta","sourceUrl":"https://kspservices.big.go.id/satupeta/rest/services/PUBLIK/PERIZINAN_DAN_PERTANAHAN/MapServer/38","retrievedAt":"2026-08-24T23:55:27Z","geometryProcessing":"web display simplification tolerance 0.00035 degrees","name":"Indonesia Plantation Sinergi, PT","group":"Sinergy","issuer":"Bupati Kutai Timur","permitNumber":"525.26/K.499/HK/VIII/2011","permitDate":"2011-08-01","areaHa":12335.0,"village":"Selangkau, Kaliorang, Bual2","subdistrict":"Sangkulirang, kaliorang","district":"Kutai Timur","status":"Aktif","coverageCaveat":"BIG public plantation location layer covers selected districts only; it is not complete Indonesia-wide plantation coverage.","region":"kalimantan"},"geometry":{"type":"MultiPolygon","coordinates":[[[[117.92063,0.86748],[117.9207,0.87055],[117.88224,0.87083],[117.88248,0.84696],[117.86394,0.84696],[117.86737,0.84238],[117.86839,0.83914],[117.87199,0.83695],[117.87183,0.83141],[117.87267,0.82963],[117.87392,0.82961],[117.87392,0.82798],[117.88028,0.83122],[117.88313,0.83132],[117.88874,0.83288],[117.8933,0.83344],[117.89735,0.83485],[117.90781,0.83669],[117.91157,0.83807],[117.91482,0.83807],[117.91807,0.83701],[117.91912,0.8355],[117.91957,0.83159],[117.92174,0.8292],[117.92391,0.83013],[117.92545,0.83289],[117.92905,0.83306],[117.93042,0.83375],[117.93093,0.83513],[117.93134,0.81168],[117.98503,0.78124],[118.01766,0.78279],[118.01612,0.82661],[118.01647,0.83129],[118.0159,0.83503],[118.0112,0.84878],[118.00547,0.87056],[117.93043,0.87048],[117.93053,0.86712],[117.92063,0.86748]]],[[[117.83293,0.85882],[117.831,0.8593],[117.82853,0.86523],[117.82977,0.85534],[117.82949,0.8493],[117.82837,0.84272],[117.83392,0.84272],[117.83388,0.82028],[117.84746,0.82029],[117.84746,0.81888],[117.86442,0.81886],[117.86442,0.81213],[117.86564,0.8119],[117.86677,0.82057],[117.86506,0.82377],[117.8658,0.8238],[117.86636,0.82678],[117.8673,0.82872],[117.86846,0.82886],[117.86847,0.82972],[117.87246,0.82964],[117.87138,0.83127],[117.87149,0.83689],[117.86804,0.83887],[117.86701,0.84211],[117.86345,0.84696],[117.85662,0.84697],[117.85665,0.85587],[117.85132,0.85762],[117.84883,0.8593],[117.84547,0.85916],[117.84379,0.85853],[117.84188,0.85953],[117.83958,0.85891],[117.83293,0.85882]]],[[[117.85668,0.8665],[117.82854,0.86658],[117.82854,0.86613],[117.83152,0.85955],[117.83955,0.85936],[117.84196,0.85998],[117.8438,0.859],[117.84546,0.85962],[117.84882,0.85975],[117.85119,0.85818],[117.85665,0.85633],[117.85668,0.8665]]]]}},{"type":"Feature","properties":{"inventoryId":"big-oil-palm-kutai-timur:1","sector":"Sawit","subtype":"Izin Lokasi Sawit","quality":"OFFICIAL","sourceDataset":"big-oil-palm-kutai-timur","sourceRecordId":"1","source":"BIG Kebijakan Satu Peta","sourceUrl":"https://kspservices.big.go.id/satupeta/rest/services/PUBLIK/PERIZINAN_DAN_PERTANAHAN/MapServer/38","retrievedAt":"2026-08-24T23:55:27Z","geometryProcessing":"web display simplification tolerance 0.00035 degrees","name":"Kalimantan Agro Nusantara, PT (I)","issuer":"Bupati Kutai Timur","permitNumber":"525.26/K.723/HK/X/2014","permitDate":"2014-10-06","areaHa":2862.0,"village":"Tepian Makmur, Tepian Indah, Tepian baru","subdistrict":"Bengalon, Rantau Pulung","district":"Kutai Timur","status":"Aktif","coverageCaveat":"BIG public plantation location layer covers selected districts only; it is not complete Indonesia-wide plantation coverage.","region":"kalimantan"},"geometry":{"type":"MultiPolygon","coordinates":[[[[117.20044,0.76614],[117.20027,0.75012],[117.22792,0.73753],[117.22792,0.73966],[117.28132,0.71],[117.28158,0.73248],[117.27955,0.73248],[117.27957,0.72008],[117.20044,0.76614]]],[[[117.35591,0.66667],[117.35676,0.66471],[117.34695,0.65742],[117.34465,0.66172],[117.33442,0.66146],[117.33101,0.66573],[117.31863,0.66594],[117.31857,0.66029],[117.31329,0.66029],[117.31329,0.65555],[117.38089,0.65554],[117.35591,0.66667]]],[[[117.28542,0.68436],[117.28107,0.68691],[117.28114,0.69323],[117.27738,0.69332],[117.27763,0.67412],[117.27566,0.67412],[117.27552,0.66959],[117.26208,0.66982],[117.26341,0.66634],[117.28649,0.6662],[117.28661,0.672],[117.28535,0.672],[117.28542,0.68436]]],[[[117.21426,0.69346],[117.21297,0.69476],[117.21036,0.69298],[117.20751,0.69232],[117.20394,0.69312],[117.20202,0.69418],[117.2004,0.69361],[117.20036,0.68748],[117.20061,0.68694],[117.21179,0.68658],[117.21403,0.69049],[117.21426,0.69346]]],[[[117.22307,0.69898],[117.22221,0.70191],[117.22115,0.70205],[117.22089,0.70365],[117.21963,0.70398],[117.21864,0.70511],[117.21083,0.70551],[117.2103,0.70145],[117.20851,0.70065],[117.20824,0.69872],[117.20732,0.69725],[117.20857,0.69678],[117.21049,0.69712],[117.21149,0.69818],[117.21341,0.69758],[117.21381,0.69677],[117.21568,0.69642],[117.21838,0.69334],[117.21826,0.68883],[117.2288,0.68895],[117.2287,0.69292],[117.22539,0.69318],[117.22539,0.69845],[117.22307,0.69898]]],[[[117.22163,0.71011],[117.21965,0.70957],[117.21968,0.70863],[117.21238,0.70869],[117.21235,0.70954],[117.20769,0.70957],[117.20771,0.70773],[117.20603,0.70775],[117.20567,0.70696],[117.20036,0.70686],[117.20039,0.69564],[117.20268,0.69618],[117.20334,0.69492],[117.20639,0.69425],[117.2103,0.69485],[117.21056,0.69552],[117.20745,0.69565],[117.20652,0.69618],[117.20606,0.69812],[117.20685,0.69892],[117.20705,0.70098],[117.20877,0.70231],[117.20917,0.70558],[117.20996,0.70704],[117.21519,0.70711],[117.21877,0.70658],[117.22168,0.70498],[117.22453,0.70145],[117.22493,0.69985],[117.22632,0.69925],[117.22711,0.69731],[117.22718,0.69472],[117.23002,0.69432],[117.23042,0.68897],[117.24959,0.68917],[117.24966,0.70337],[117.24082,0.7038],[117.24084,0.70048],[117.23668,0.70048],[117.23665,0.70159],[117.23544,0.70178],[117.22614,0.7018],[117.22614,0.70361],[117.22398,0.70358],[117.22302,0.70636],[117.2216,0.70633],[117.22163,0.71011]]]]}},{"type":"Feature","properties":{"inventoryId":"big-oil-palm-kutai-timur:7","sector":"Sawit","subtype":"Izin Lokasi Sawit","quality":"OFFICIAL","sourceDataset":"big-oil-palm-kutai-timur","sourceRecordId":"7","source":"BIG Kebijakan Satu Peta","sourceUrl":"https://kspservices.big.go.id/satupeta/rest/services/PUBLIK/PERIZINAN_DAN_PERTANAHAN/MapServer/38","retrievedAt":"2026-08-24T23:55:27Z","geometryProcessing":"web display simplification tolerance 0.00035 degrees","name":"Kalimantan Agro Nusantara, PT (II)","issuer":"Bupati Kutai Timur","permitNumber":"525.26/K.449/HK/VII/2015","permitDate":"2015-07-22","areaHa":547.0,"village":"-","subdistrict":"Rantau Pulung","district":"Kutai Timur","status":"Aktif","coverageCaveat":"BIG public plantation location layer covers selected districts only; it is not complete Indonesia-wide plantation coverage.","region":"kalimantan"},"geometry":{"type":"Polygon","coordinates":[[[117.1742,0.66665],[117.17339,0.66835],[117.17081,0.66932],[117.16858,0.6692],[117.16766,0.66645],[117.16304,0.66626],[117.16312,0.66436],[117.16416,0.66599],[117.16485,0.66374],[117.1647,0.66227],[117.16327,0.66219],[117.16339,0.66041],[117.16454,0.66095],[117.1667,0.65998],[117.16731,0.65793],[117.16662,0.65727],[117.167,0.65673],[117.166,0.65464],[117.1642,0.65366],[117.16669,0.64782],[117.168,0.64042],[117.16977,0.63929],[117.16943,0.6384],[117.17085,0.6379],[117.17147,0.63638],[117.17497,0.63805],[117.17478,0.63898],[117.17539,0.6396],[117.1767,0.63933],[117.1767,0.63991],[117.1782,0.63933],[117.17932,0.64061],[117.18913,0.64337],[117.18241,0.65273],[117.17838,0.66502],[117.17547,0.6668],[117.1742,0.66665]]]}},{"type":"Feature","properties":{"inventoryId":"big-oil-palm-kutai-timur:21","sector":"Sawit","subtype":"Izin Lokasi Sawit","quality":"OFFICIAL","sourceDataset":"big-oil-palm-kutai-timur","sourceRecordId":"21","source":"BIG Kebijakan Satu Peta","sourceUrl":"https://kspservices.big.go.id/satupeta/rest/services/PUBLIK/PERIZINAN_DAN_PERTANAHAN/MapServer/38","retrievedAt":"2026-08-24T23:55:27Z","geometryProcessing":"web display simplification tolerance 0.00035 degrees","name":"Kalimantan Wahana Berjaya, PT","issuer":"Bupati Kutai Timur","permitNumber":"525.21/K.6/HK/I/2018","permitDate":"2018-01-08","areaHa":6210.0,"village":"-","subdistrict":"Muara Ancalong","district":"Kutai Timur","status":"Aktif","coverageCaveat":"BIG public plantation location layer covers selected districts only; it is not complete Indonesia-wide plantation coverage.","region":"kalimantan"},"geometry":{"type":"MultiPolygon","coordinates":[[[[116.63399,0.63625],[116.63467,0.64108],[116.63384,0.64186],[116.63305,0.64173],[116.62943,0.63953],[116.62753,0.63934],[116.62639,0.63848],[116.6194,0.63086],[116.61674,0.62722],[116.61664,0.62636],[116.61905,0.61782],[116.61984,0.61845],[116.62355,0.61788],[116.62716,0.61524],[116.63092,0.61548],[116.63453,0.61328],[116.63553,0.61319],[116.64015,0.61572],[116.64141,0.61666],[116.64128,0.61714],[116.64332,0.61731],[116.64418,0.61897],[116.6467,0.61821],[116.64864,0.61601],[116.65175,0.61609],[116.6522,0.61799],[116.64941,0.61836],[116.64826,0.62383],[116.64643,0.62515],[116.64346,0.62515],[116.64108,0.62955],[116.6431,0.63122],[116.64529,0.63077],[116.64645,0.63218],[116.64611,0.63261],[116.6435,0.63261],[116.64025,0.63371],[116.63963,0.63481],[116.635,0.6343],[116.63399,0.63625]]],[[[116.61795,0.47857],[116.61933,0.4805],[116.6197,0.48634],[116.61456,0.4851],[116.61544,0.47653],[116.61795,0.47857]]],[[[116.64526,0.61101],[116.64354,0.61261],[116.64447,0.615],[116.64339,0.6155],[116.64037,0.61353],[116.6401,0.61168],[116.63728,0.60779],[116.6363,0.59552],[116.63487,0.59056],[116.65307,0.59056],[116.65049,0.59339],[116.64872,0.59873],[116.65007,0.60008],[116.65175,0.60033],[116.65402,0.59949],[116.65526,0.59997],[116.65301,0.60254],[116.64968,0.60292],[116.64895,0.6018],[116.64816,0.60252],[116.64601,0.60023],[116.64488,0.60122],[116.64728,0.60382],[116.64648,0.60525],[116.64481,0.60457],[116.6443,0.60595],[116.64246,0.60599],[116.6421,0.60744],[116.64282,0.60742],[116.64325,0.60814],[116.64435,0.60754],[116.64538,0.60812],[116.64646,0.60797],[116.64704,0.60923],[116.64677,0.61106],[116.64526,0.61101]]],[[[116.62545,0.61381],[116.62317,0.61568],[116.62141,0.61568],[116.61513,0.61352],[116.61295,0.61333],[116.61425,0.59056],[116.633,0.59056],[116.63473,0.59516],[116.6353,0.60816],[116.63772,0.61194],[116.63468,0.61075],[116.63035,0.61304],[116.62673,0.61266],[116.62545,0.61381]]],[[[116.6147,0.6162],[116.61696,0.61668],[116.61479,0.62541],[116.61379,0.62742],[116.62044,0.63493],[116.61341,0.63594],[116.61169,0.63543],[116.61281,0.61577],[116.6147,0.6162]]],[[[116.63391,0.66107],[116.6345,0.66378],[116.63155,0.66208],[116.62625,0.6609],[116.62364,0.66115],[116.62255,0.66327],[116.62237,0.66209],[116.62244,0.65839],[116.62397,0.65663],[116.62301,0.65351],[116.62283,0.6506],[116.62579,0.64809],[116.62915,0.64661],[116.63132,0.64425],[116.63157,0.64324],[116.6324,0.64582],[116.63349,0.64624],[116.63403,0.64744],[116.63476,0.65223],[116.63439,0.65334],[116.63531,0.6541],[116.63555,0.65512],[116.63339,0.65821],[116.63391,0.66107]]],[[[116.60565,0.66611],[116.60532,0.66826],[116.60416,0.66817],[116.60388,0.65985],[116.60656,0.65789],[116.61185,0.65557],[116.61157,0.63754],[116.61398,0.63804],[116.62225,0.63685],[116.62411,0.63876],[116.62296,0.64001],[116.62182,0.63982],[116.62154,0.64125],[116.62287,0.64116],[116.62358,0.64053],[116.62506,0.64149],[116.6261,0.64097],[116.6291,0.64197],[116.62981,0.64173],[116.63005,0.64259],[116.62938,0.64393],[116.62734,0.64518],[116.62544,0.64465],[116.62206,0.64642],[116.61845,0.65174],[116.61806,0.65403],[116.62106,0.65499],[116.6202,0.65676],[116.62006,0.65964],[116.62101,0.66146],[116.6212,0.66337],[116.61982,0.6627],[116.6173,0.66356],[116.61474,0.6637],[116.61317,0.66208],[116.61198,0.66313],[116.61245,0.66457],[116.61128,0.6655],[116.61045,0.66518],[116.60784,0.66563],[116.6071,0.66649],[116.60639,0.66594],[116.60565,0.66611]]],[[[116.62363,0.66808],[116.62567,0.6705],[116.62744,0.67696],[116.6263,0.67969],[116.62454,0.68184],[116.61851,0.68563],[116.6176,0.68306],[116.61805,0.68011],[116.6198,0.67796],[116.61966,0.67193],[116.62198,0.66819],[116.62363,0.66808]]],[[[116.61496,0.68786],[116.60481,0.68727],[116.60419,0.669],[116.6058,0.66903],[116.60662,0.66758],[116.60843,0.6678],[116.6092,0.6669],[116.61141,0.66714],[116.61317,0.66589],[116.61379,0.66589],[116.61483,0.66733],[116.6156,0.66738],[116.61645,0.66704],[116.61674,0.66551],[116.61759,0.6657],[116.6185,0.66714],[116.6203,0.66666],[116.62049,0.66704],[116.6174,0.67231],[116.61764,0.67772],[116.6155,0.68145],[116.6164,0.68696],[116.61496,0.68786]]],[[[116.60862,0.69011],[116.61131,0.69016],[116.60508,0.69407],[116.6049,0.68962],[116.60751,0.68958],[116.60862,0.69011]]]]}},{"type":"Feature","properties":{"inventoryId":"big-oil-palm-kutai-timur:36","sector":"Sawit","subtype":"Izin Lokasi Sawit","quality":"OFFICIAL","sourceDataset":"big-oil-palm-kutai-timur","sourceRecordId":"36","source":"BIG Kebijakan Satu Peta","sourceUrl":"https://kspservices.big.go.id/satupeta/rest/services/PUBLIK/PERIZINAN_DAN_PERTANAHAN/MapServer/38","retrievedAt":"2026-08-24T23:55:27Z","geometryProcessing":"web display simplification tolerance 0.00035 degrees","name":"Kartanegara Kumalasakti, PT","group":"Rea Kaltim","issuer":"Bupati Kutai Timur","permitNumber":"525.26/K.434/HK/VI/2017","permitDate":"2017-06-08","areaHa":5150.0,"village":"-","subdistrict":"Busang,Telen,Ancalong","district":"Kutai Timur","status":"Tidak Aktif","coverageCaveat":"BIG public plantation location layer covers selected districts only; it is not complete Indonesia-wide plantation coverage.","region":"kalimantan"},"geometry":{"type":"MultiPolygon","coordinates":[[[[116.68897,0.81044],[116.67076,0.81031],[116.66808,0.78987],[116.65057,0.78961],[116.64729,0.7777],[116.64734,0.77344],[116.64846,0.77276],[116.64986,0.76764],[116.64837,0.76628],[116.64882,0.76437],[116.64662,0.76277],[116.62843,0.75842],[116.62836,0.75675],[116.62901,0.75555],[116.63042,0.7573],[116.63223,0.75817],[116.63535,0.75846],[116.63806,0.75846],[116.64007,0.75573],[116.64007,0.75366],[116.63794,0.75053],[116.63501,0.7489],[116.62768,0.74861],[116.6297,0.74115],[116.62847,0.7378],[116.62862,0.73646],[116.62941,0.7357],[116.63302,0.73493],[116.63487,0.73315],[116.63541,0.73115],[116.63501,0.72915],[116.63189,0.72616],[116.63249,0.72312],[116.6336,0.72173],[116.63519,0.72115],[116.6375,0.72217],[116.63866,0.72337],[116.63953,0.73021],[116.64296,0.73206],[116.64581,0.7321],[116.64791,0.73039],[116.64986,0.7249],[116.64986,0.7233],[116.64846,0.71994],[116.64425,0.71494],[116.65439,0.71746],[116.65672,0.72038],[116.65905,0.72031],[116.66888,0.72539],[116.67046,0.72767],[116.67191,0.72843],[116.67273,0.73027],[116.67499,0.73027],[116.68268,0.73199],[116.68312,0.73281],[116.68539,0.73364],[116.68694,0.73491],[116.68826,0.73461],[116.69705,0.75186],[116.69482,0.75245],[116.69247,0.75517],[116.68813,0.76308],[116.68977,0.7645],[116.6913,0.76745],[116.69505,0.77205],[116.69517,0.77347],[116.69411,0.77654],[116.69024,0.78256],[116.6886,0.77984],[116.68719,0.77973],[116.68579,0.78043],[116.68473,0.7828],[116.68778,0.78634],[116.6925,0.79515],[116.6918,0.80054],[116.69353,0.80403],[116.69353,0.80763],[116.69477,0.81022],[116.68897,0.81044]]],[[[116.62258,0.75516],[116.61821,0.75036],[116.61773,0.68669],[116.62308,0.68363],[116.6232,0.68796],[116.62425,0.69035],[116.62161,0.69599],[116.62135,0.6978],[116.62225,0.69916],[116.62789,0.69989],[116.62707,0.70659],[116.6291,0.70947],[116.63157,0.70923],[116.63573,0.70635],[116.63687,0.70637],[116.63708,0.70745],[116.6326,0.71046],[116.63062,0.71255],[116.63016,0.71449],[116.62646,0.71588],[116.62478,0.72005],[116.62423,0.73006],[116.6221,0.73528],[116.6221,0.73754],[116.62266,0.74306],[116.6249,0.74776],[116.62525,0.75033],[116.62646,0.75155],[116.6248,0.75233],[116.62258,0.75516]]]]}},{"type":"Feature","properties":{"inventoryId":"big-oil-palm-kutai-timur:76","sector":"Sawit","subtype":"Izin Lokasi Sawit","quality":"OFFICIAL","sourceDataset":"big-oil-palm-kutai-timur","sourceRecordId":"76","source":"BIG Kebijakan Satu Peta","sourceUrl":"https://kspservices.big.go.id/satupeta/rest/services/PUBLIK/PERIZINAN_DAN_PERTANAHAN/MapServer/38","retrievedAt":"2026-08-24T23:55:27Z","geometryProcessing":"web display simplification tolerance 0.00035 degrees","name":"Karya Bhakti Sejahtera Agrotama, PT (I)","group":"Sinergy","issuer":"Bupati Kutai Timur","permitNumber":"525.26/K.450/HK/V/2014","permitDate":"2014-05-22","areaHa":4470.0,"village":"Susuk Dalam","subdistrict":"Sandaran, Sangkulirang","district":"Kutai Timur","status":"Aktif","coverageCaveat":"BIG public plantation location layer covers selected districts only; it is not complete Indonesia-wide plantation coverage.","region":"kalimantan"},"geometry":{"type":"Polygon","coordinates":[[[118.17039,1.01704],[118.18014,1.01454],[118.1949,1.00681],[118.2061,1.00241],[118.20869,1.0002],[118.21175,0.996],[118.21616,0.99383],[118.22909,0.99017],[118.2313,0.99916],[118.22255,1.00491],[118.23539,1.00287],[118.24097,0.99928],[118.23975,0.98488],[118.27028,0.97653],[118.27899,0.97536],[118.31064,0.96672],[118.3293,0.96247],[118.34391,0.95583],[118.3465,0.95542],[118.34741,0.95629],[118.34823,0.96079],[118.31919,0.97516],[118.29043,0.9884],[118.15521,1.04058],[118.08704,1.06789],[118.07588,1.06675],[118.07874,1.06663],[118.11772,1.05301],[118.12879,1.04982],[118.12689,1.04217],[118.1286,1.04159],[118.12602,1.03228],[118.12814,1.03206],[118.13127,1.03315],[118.13517,1.03314],[118.14355,1.03173],[118.15756,1.02529],[118.16423,1.02013],[118.17039,1.01704]]]}},{"type":"Feature","properties":{"inventoryId":"big-oil-palm-kutai-timur:48","sector":"Sawit","subtype":"Izin Lokasi Sawit","quality":"OFFICIAL","sourceDataset":"big-oil-palm-kutai-timur","sourceRecordId":"48","source":"BIG Kebijakan Satu Peta","sourceUrl":"https://kspservices.big.go.id/satupeta/rest/services/PUBLIK/PERIZINAN_DAN_PERTANAHAN/MapServer/38","retrievedAt":"2026-08-24T23:55:27Z","geometryProcessing":"web display simplification tolerance 0.00035 degrees","name":"Karya Bhakti Sejahtera Agrotama, PT (II)","group":"Sinergy","issuer":"Bupati Kutai Timur","permitNumber":"525.26/K.356/HK/IV/2013","permitDate":"2013-05-06","areaHa":1425.0,"village":"-","subdistrict":"Sandaran","district":"Kutai Timur","status":"Aktif","coverageCaveat":"BIG public plantation location layer covers selected districts only; it is not complete Indonesia-wide plantation coverage.","region":"kalimantan"},"geometry":{"type":"Polygon","coordinates":[[[118.236,0.94068],[118.24097,0.99928],[118.23539,1.00287],[118.22255,1.00491],[118.2313,0.99916],[118.22901,0.98919],[118.21838,0.97403],[118.20938,0.9424],[118.236,0.94068]]]}},{"type":"Feature","properties":{"inventoryId":"big-oil-palm-kutai-timur:70","sector":"Sawit","subtype":"Izin Lokasi Sawit","quality":"OFFICIAL","sourceDataset":"big-oil-palm-kutai-timur","sourceRecordId":"70","source":"BIG Kebijakan Satu Peta","sourceUrl":"https://kspservices.big.go.id/satupeta/rest/services/PUBLIK/PERIZINAN_DAN_PERTANAHAN/MapServer/38","retrievedAt":"2026-08-24T23:55:27Z","geometryProcessing":"web display simplification tolerance 0.00035 degrees","name":"Karya Pembangunan, Koperasi","group":"Indo Gunta","issuer":"Bupati Kutai Timur","permitNumber":"188.4.45/365/HK/VII/2008","permitDate":"2008-07-18","areaHa":805.8,"village":"-","subdistrict":"Kaubun","district":"Kutai Timur","status":"Aktif","coverageCaveat":"BIG public plantation location layer covers selected districts only; it is not complete Indonesia-wide plantation coverage.","region":"kalimantan"},"geometry":{"type":"Polygon","coordinates":[[[117.82681,1.02406],[117.82682,1.04159],[117.81056,1.0417],[117.81056,1.00455],[117.82679,0.99851],[117.82681,1.02406]]]}},{"type":"Feature","properties":{"inventoryId":"big-oil-palm-kutai-timur:27","sector":"Sawit","subtype":"Izin Lokasi Sawit","quality":"OFFICIAL","sourceDataset":"big-oil-palm-kutai-timur","sourceRecordId":"27","source":"BIG Kebijakan Satu Peta","sourceUrl":"https://kspservices.big.go.id/satupeta/rest/services/PUBLIK/PERIZINAN_DAN_PERTANAHAN/MapServer/38","retrievedAt":"2026-08-24T23:55:27Z","geometryProcessing":"web display simplification tolerance 0.00035 degrees","name":"Karya Prima Agro Sejahtera, PT (I)","group":"Swakarsa/DSN","issuer":"Bupati Kutai Timur","permitNumber":"525.26/K.1036/HK/XI/2013","permitDate":"2013-11-29","areaHa":2947.0,"village":"Miau Baru","subdistrict":"Kongbeng","district":"Kutai Timur","status":"Aktif","coverageCaveat":"BIG public plantation location layer covers selected districts only; it is not complete Indonesia-wide plantation coverage.","region":"kalimantan"},"geometry":{"type":"MultiPolygon","coordinates":[[[[116.9157,1.17804],[116.91587,1.18068],[116.91903,1.18441],[116.91564,1.18618],[116.9086,1.18142],[116.90894,1.17791],[116.91144,1.17784],[116.91445,1.17641],[116.91591,1.17413],[116.91589,1.17266],[116.91353,1.16749],[116.91756,1.16425],[116.9161,1.1619],[116.91079,1.16156],[116.91262,1.15846],[116.91069,1.15577],[116.90629,1.15598],[116.90676,1.15053],[116.90124,1.14918],[116.90053,1.14542],[116.89725,1.14451],[116.89196,1.14549],[116.8908,1.1406],[116.89215,1.13519],[116.90074,1.13289],[116.90639,1.13354],[116.91209,1.13507],[116.91762,1.13465],[116.92856,1.1353],[116.94047,1.13497],[116.94007,1.18314],[116.93303,1.17959],[116.92721,1.17847],[116.9221,1.18015],[116.92086,1.17653],[116.918,1.17579],[116.9157,1.17804]]],[[[116.98106,1.17603],[116.98084,1.174],[116.9796,1.17423],[116.9796,1.17116],[116.95533,1.17122],[116.95523,1.13446],[116.96753,1.13462],[116.96772,1.15345],[116.96811,1.15426],[116.96966,1.1559],[116.97578,1.15956],[116.97818,1.16171],[116.98328,1.16112],[116.98345,1.16257],[116.98481,1.1641],[116.98583,1.16652],[116.98843,1.16919],[116.991,1.17046],[116.98797,1.17524],[116.98487,1.17486],[116.98106,1.17603]]],[[[116.96474,1.18218],[116.96152,1.18289],[116.96019,1.19272],[116.96024,1.19792],[116.95053,1.18268],[116.95313,1.18247],[116.95313,1.17954],[116.95553,1.17971],[116.96358,1.17719],[116.96474,1.18218]]]]}},{"type":"Feature","properties":{"inventoryId":"big-oil-palm-kutai-timur:35","sector":"Sawit","subtype":"Izin Lokasi Sawit","quality":"OFFICIAL","sourceDataset":"big-oil-palm-kutai-timur","sourceRecordId":"35","source":"BIG Kebijakan Satu Peta","sourceUrl":"https://kspservices.big.go.id/satupeta/rest/services/PUBLIK/PERIZINAN_DAN_PERTANAHAN/MapServer/38","retrievedAt":"2026-08-24T23:55:27Z","geometryProcessing":"web display simplification tolerance 0.00035 degrees","name":"Karya Prima Agro Sejahtera, PT (II)","group":"Swakarsa/DSN","issuer":"Bupati Kutai Timur","permitNumber":"525.26/K.105/HK/I/2014","permitDate":"2014-01-15","areaHa":2563.0,"village":"Miau Baru","subdistrict":"Kongbeng","district":"Kutai Timur","status":"Aktif","coverageCaveat":"BIG public plantation location layer covers selected districts only; it is not complete Indonesia-wide plantation coverage.","region":"kalimantan"},"geometry":{"type":"Polygon","coordinates":[[[116.90981,1.28796],[116.90476,1.28921],[116.89212,1.29776],[116.88848,1.29052],[116.88934,1.2808],[116.88839,1.27617],[116.89049,1.27146],[116.89164,1.26641],[116.89511,1.266],[116.89875,1.26659],[116.89985,1.26938],[116.90028,1.27334],[116.89948,1.28156],[116.90194,1.28462],[116.90551,1.28674],[116.90837,1.28535],[116.91,1.28143],[116.9056,1.27709],[116.90822,1.2753],[116.91039,1.27258],[116.91192,1.27639],[116.9156,1.27661],[116.92036,1.27608],[116.92483,1.27446],[116.92838,1.27139],[116.9333,1.27048],[116.93341,1.26622],[116.92488,1.2644],[116.92394,1.26022],[116.93241,1.25716],[116.93439,1.25521],[116.93423,1.25267],[116.9314,1.25023],[116.93601,1.24971],[116.93811,1.24753],[116.94253,1.23987],[116.94043,1.23513],[116.9469,1.23554],[116.95146,1.23313],[116.95576,1.23635],[116.96142,1.23027],[116.9602,1.22614],[116.95716,1.22278],[116.94838,1.21521],[116.9431,1.21242],[116.94586,1.20997],[116.94828,1.20673],[116.95542,1.20733],[116.95642,1.20591],[116.95578,1.20419],[116.95917,1.2042],[116.96114,1.20639],[116.96044,1.21602],[116.97104,1.22023],[116.97453,1.22108],[116.97617,1.22408],[116.97789,1.22544],[116.97385,1.25108],[116.97255,1.25239],[116.96426,1.25147],[116.92864,1.28085],[116.92499,1.28328],[116.92262,1.28613],[116.92048,1.28686],[116.91574,1.28645],[116.90981,1.28796]],[[116.91519,1.285],[116.91615,1.28479],[116.91438,1.28329],[116.91687,1.28295],[116.9167,1.28236],[116.91734,1.28169],[116.91671,1.28005],[116.91665,1.28054],[116.91468,1.27878],[116.91399,1.28139],[116.91119,1.28311],[116.91112,1.28483],[116.91403,1.28426],[116.91519,1.285]]]}},{"type":"Feature","properties":{"inventoryId":"big-oil-palm-kutai-timur:63","sector":"Sawit","subtype":"Izin Lokasi Sawit","quality":"OFFICIAL","sourceDataset":"big-oil-palm-kutai-timur","sourceRecordId":"63","source":"BIG Kebijakan Satu Peta","sourceUrl":"https://kspservices.big.go.id/satupeta/rest/services/PUBLIK/PERIZINAN_DAN_PERTANAHAN/MapServer/38","retrievedAt":"2026-08-24T23:55:27Z","geometryProcessing":"web display simplification tolerance 0.00035 degrees","name":"Karyanusa Ekadaya, PT (I)","group":"Astra","issuer":"Kepala Kantor Pertanahan Kabupaten Kutai","permitNumber":"18/PKT/BPN-10.3/UM-10/XI-1994","permitDate":"1994-01-11","areaHa":30000.0,"village":"Dabeq, Benhes, Jak Lay, Marah Halaq","subdistrict":"Muara Wahau","district":"Kutai Timur","status":"Aktif","coverageCaveat":"BIG public plantation location layer covers selected districts only; it is not complete Indonesia-wide plantation coverage.","region":"kalimantan"},"geometry":{"type":"Polygon","coordinates":[[[116.80337,1.03046],[116.79967,1.03055],[116.79975,1.03887],[116.77314,1.03933],[116.77236,1.01468],[116.7307,1.01647],[116.73136,1.03472],[116.70382,1.03417],[116.69631,1.01911],[116.69572,1.01891],[116.63376,0.92192],[116.67032,0.86498],[116.74608,0.8614],[116.75795,0.87374],[116.76836,0.88148],[116.79197,0.93149],[116.84049,1.0299],[116.80337,1.03046]]]}},{"type":"Feature","properties":{"inventoryId":"big-oil-palm-kutai-timur:66","sector":"Sawit","subtype":"Izin Lokasi Sawit","quality":"OFFICIAL","sourceDataset":"big-oil-palm-kutai-timur","sourceRecordId":"66","source":"BIG Kebijakan Satu Peta","sourceUrl":"https://kspservices.big.go.id/satupeta/rest/services/PUBLIK/PERIZINAN_DAN_PERTANAHAN/MapServer/38","retrievedAt":"2026-08-24T23:55:27Z","geometryProcessing":"web display simplification tolerance 0.00035 degrees","name":"Karyanusa Ekadaya, PT (II)","group":"Astra","issuer":"Bupati Kutai Timur","permitNumber":"525.26/K.816/HK/IX/2013","permitDate":"1899-12-30","areaHa":4027.0,"village":"Marah Haloq, Benhes, Diak Lay","subdistrict":"Muara Wahau","district":"Kutai Timur","status":"Aktif","coverageCaveat":"BIG public plantation location layer covers selected districts only; it is not complete Indonesia-wide plantation coverage.","region":"kalimantan"},"geometry":{"type":"MultiPolygon","coordinates":[[[[116.77314,1.03933],[116.77225,1.0411],[116.76991,1.05167],[116.75032,1.05507],[116.73923,1.0584],[116.73839,1.07693],[116.6871,1.04904],[116.68661,1.04571],[116.68583,1.04418],[116.68421,1.04243],[116.68238,1.042],[116.68187,1.04083],[116.68314,1.03822],[116.68256,1.03489],[116.68389,1.03376],[116.68402,1.03025],[116.68763,1.02682],[116.68837,1.02506],[116.68969,1.02419],[116.69125,1.02178],[116.69284,1.02078],[116.69666,1.01978],[116.70382,1.03417],[116.73136,1.03472],[116.7307,1.01647],[116.77236,1.01468],[116.77314,1.03933]]],[[[116.68996,1.0221],[116.68771,1.02442],[116.68692,1.02625],[116.68331,1.02968],[116.68304,1.03343],[116.68168,1.03467],[116.68222,1.03799],[116.68106,1.04009],[116.68114,1.0417],[116.68192,1.04279],[116.68377,1.04322],[116.68479,1.04424],[116.68574,1.04595],[116.68607,1.04848],[116.67643,1.04331],[116.67691,1.03249],[116.68489,1.02285],[116.69041,1.02141],[116.68996,1.0221]]]]}},{"type":"Feature","properties":{"inventoryId":"big-oil-palm-kutai-timur:101","sector":"Sawit","subtype":"Izin Lokasi Sawit","quality":"OFFICIAL","sourceDataset":"big-oil-palm-kutai-timur","sourceRecordId":"101","source":"BIG Kebijakan Satu Peta","sourceUrl":"https://kspservices.big.go.id/satupeta/rest/services/PUBLIK/PERIZINAN_DAN_PERTANAHAN/MapServer/38","retrievedAt":"2026-08-24T23:55:27Z","geometryProcessing":"web display simplification tolerance 0.00035 degrees","name":"Kemilau Indah Nusantara, PT (I)","issuer":"Bupati Kutai Timur","permitNumber":"525.26/K.560/HK/VI/2013","permitDate":"2013-06-19","areaHa":10094.0,"village":"Muara Bengalon","subdistrict":"Bengalon","district":"Kutai Timur","status":"Aktif","coverageCaveat":"BIG public plantation location layer covers selected districts only; it is not complete Indonesia-wide plantation coverage.","region":"kalimantan"},"geometry":{"type":"MultiPolygon","coordinates":[[[[117.62405,0.73559],[117.60964,0.74037],[117.60772,0.74173],[117.60525,0.74472],[117.60052,0.74472],[117.60052,0.72985],[117.62078,0.72985],[117.62076,0.68374],[117.63605,0.67501],[117.63744,0.67501],[117.63769,0.67372],[117.65602,0.65481],[117.65843,0.65481],[117.65842,0.65174],[117.66481,0.64164],[117.66585,0.63851],[117.66559,0.6345],[117.66208,0.62478],[117.6628,0.6217],[117.66375,0.62077],[117.66542,0.6206],[117.66832,0.62194],[117.67094,0.62169],[117.6724,0.61522],[117.67498,0.6203],[117.68337,0.62382],[117.6913,0.62593],[117.70053,0.62717],[117.69593,0.63794],[117.69039,0.63495],[117.68727,0.63838],[117.6652,0.62607],[117.66721,0.6348],[117.66658,0.64111],[117.67468,0.64435],[117.67778,0.64782],[117.67824,0.6477],[117.67744,0.64591],[117.67813,0.64446],[117.68039,0.64479],[117.67954,0.64553],[117.68253,0.64869],[117.68244,0.65094],[117.6829,0.65135],[117.68368,0.64977],[117.69795,0.63939],[117.70401,0.62643],[117.70505,0.62616],[117.71298,0.63743],[117.71125,0.65106],[117.71078,0.65209],[117.70957,0.65239],[117.71092,0.6528],[117.70995,0.66136],[117.70981,0.66978],[117.70906,0.67021],[117.7098,0.67033],[117.70972,0.67551],[117.70873,0.67565],[117.70971,0.67607],[117.70962,0.68169],[117.7085,0.68209],[117.70961,0.68229],[117.70949,0.68929],[117.71118,0.69637],[117.70246,0.70095],[117.71134,0.69704],[117.71252,0.70196],[117.72078,0.71522],[117.71849,0.71606],[117.7136,0.71951],[117.7144,0.72252],[117.72007,0.73069],[117.71232,0.73543],[117.66824,0.73539],[117.66748,0.73596],[117.66137,0.73511],[117.66151,0.72593],[117.65971,0.72593],[117.66072,0.7253],[117.6602,0.72242],[117.65856,0.72176],[117.65655,0.72207],[117.65608,0.72412],[117.65677,0.72551],[117.6587,0.72593],[117.64781,0.72593],[117.64781,0.72128],[117.6392,0.72128],[117.63916,0.72277],[117.62344,0.7231],[117.62405,0.73559]],[[117.70498,0.70211],[117.70662,0.70137],[117.70589,0.69972],[117.70425,0.70046],[117.70498,0.70211]]],[[[117.66163,0.64501],[117.65842,0.65006],[117.65841,0.64437],[117.65951,0.64105],[117.66413,0.64099],[117.66163,0.64501]]],[[[117.65477,0.65481],[117.63769,0.67246],[117.63734,0.65481],[117.65477,0.65481]]],[[[117.63431,0.67501],[117.62076,0.6827],[117.62076,0.67505],[117.63431,0.67501]]],[[[117.64618,0.74472],[117.60725,0.74472],[117.60938,0.74246],[117.61215,0.74109],[117.62335,0.73769],[117.62875,0.73533],[117.64618,0.73537],[117.64618,0.74472]]]]}},{"type":"Feature","properties":{"inventoryId":"big-oil-palm-kutai-timur:119","sector":"Sawit","subtype":"Izin Lokasi Sawit","quality":"OFFICIAL","sourceDataset":"big-oil-palm-kutai-timur","sourceRecordId":"119","source":"BIG Kebijakan Satu Peta","sourceUrl":"https://kspservices.big.go.id/satupeta/rest/services/PUBLIK/PERIZINAN_DAN_PERTANAHAN/MapServer/38","retrievedAt":"2026-08-24T23:55:27Z","geometryProcessing":"web display simplification tolerance 0.00035 degrees","name":"Kemilau Indah Nusantara, PT (II)","issuer":"Bupati Kutai Timur","permitNumber":"525.26/K.524/HK/VI/2014","permitDate":"2014-06-16","areaHa":5184.0,"village":"-","subdistrict":"Bengalon","district":"Kutai Timur","status":"Aktif","coverageCaveat":"BIG public plantation location layer covers selected districts only; it is not complete Indonesia-wide plantation coverage.","region":"kalimantan"},"geometry":{"type":"MultiPolygon","coordinates":[[[[117.55649,0.7332],[117.54951,0.73333],[117.54813,0.73223],[117.54872,0.72864],[117.5475,0.7237],[117.54868,0.72386],[117.54895,0.72089],[117.54592,0.72126],[117.54554,0.72188],[117.54475,0.72094],[117.54547,0.71231],[117.54677,0.7117],[117.55508,0.71196],[117.55876,0.71364],[117.56178,0.71649],[117.56667,0.71964],[117.56667,0.71681],[117.56263,0.71434],[117.55978,0.71086],[117.56194,0.71035],[117.55622,0.70801],[117.55937,0.70706],[117.56,0.70612],[117.55944,0.70498],[117.55536,0.70427],[117.55105,0.70521],[117.54836,0.70397],[117.54369,0.704],[117.54351,0.70346],[117.55366,0.70311],[117.57375,0.70523],[117.58233,0.70426],[117.58954,0.70146],[117.62076,0.68374],[117.62076,0.68948],[117.61656,0.69042],[117.61199,0.69283],[117.60874,0.6927],[117.60761,0.69343],[117.60594,0.69661],[117.60155,0.69657],[117.59888,0.69907],[117.59811,0.70235],[117.59631,0.70422],[117.59242,0.70736],[117.5879,0.709],[117.58631,0.713],[117.58672,0.71432],[117.58803,0.71696],[117.59387,0.72488],[117.59471,0.72985],[117.58315,0.72985],[117.58315,0.73333],[117.5783,0.73333],[117.57831,0.73217],[117.56762,0.73197],[117.56764,0.7313],[117.56493,0.73122],[117.5657,0.72851],[117.56496,0.72817],[117.56557,0.72646],[117.5645,0.72583],[117.56667,0.7249],[117.56667,0.72172],[117.56318,0.72325],[117.5588,0.72695],[117.5575,0.72906],[117.55649,0.7332]]],[[[117.63769,0.67195],[117.63325,0.67215],[117.63325,0.66954],[117.63195,0.66948],[117.63202,0.66667],[117.63333,0.66667],[117.63333,0.65443],[117.63597,0.65059],[117.63861,0.65087],[117.64019,0.65],[117.65,0.65],[117.65,0.6],[117.63686,0.6],[117.63764,0.58247],[117.65919,0.58247],[117.65919,0.58309],[117.65742,0.58432],[117.65638,0.58679],[117.65675,0.58946],[117.65628,0.58984],[117.65647,0.59069],[117.6577,0.59069],[117.65836,0.58936],[117.65817,0.58832],[117.65924,0.58738],[117.65929,0.59195],[117.65485,0.59159],[117.65238,0.59247],[117.65379,0.59511],[117.65328,0.59678],[117.65378,0.59955],[117.65559,0.60146],[117.65642,0.60402],[117.65603,0.60616],[117.65716,0.60742],[117.65634,0.60992],[117.6555,0.61085],[117.65762,0.61074],[117.65631,0.61398],[117.65722,0.61899],[117.65665,0.62259],[117.65758,0.62344],[117.65837,0.62313],[117.65842,0.65006],[117.65477,0.65481],[117.63734,0.65481],[117.63769,0.67195]]],[[[117.63595,0.67398],[117.6334,0.67501],[117.63335,0.67368],[117.63595,0.67358],[117.63595,0.67398]]],[[[117.58569,0.70223],[117.57929,0.70396],[117.57288,0.70429],[117.55371,0.70221],[117.5431,0.70257],[117.54188,0.70117],[117.53935,0.7],[117.56667,0.7],[117.56667,0.69182],[117.6,0.69182],[117.6,0.68333],[117.61666,0.68344],[117.61667,0.66667],[117.63018,0.66667],[117.6303,0.66948],[117.6292,0.66961],[117.62942,0.67501],[117.62076,0.67505],[117.62077,0.6827],[117.58569,0.70223]]],[[[117.53733,0.71874],[117.5372,0.72048],[117.536,0.72142],[117.53529,0.72102],[117.5342,0.71829],[117.533,0.71729],[117.52546,0.71671],[117.53235,0.70842],[117.53642,0.70499],[117.53846,0.70569],[117.53658,0.71717],[117.53733,0.71719],[117.53733,0.71874]]],[[[117.53152,0.70067],[117.5347,0.70275],[117.53572,0.70435],[117.53169,0.7078],[117.52462,0.71627],[117.51667,0.72228],[117.51673,0.70007],[117.53066,0.7],[117.53152,0.70067]]],[[[117.61279,0.72851],[117.61358,0.72887],[117.61279,0.72912],[117.61356,0.72985],[117.59657,0.72985],[117.59599,0.72443],[117.58866,0.71391],[117.5883,0.71255],[117.58903,0.71086],[117.59341,0.70995],[117.59775,0.70654],[117.6016,0.70153],[117.60354,0.70126],[117.60535,0.7018],[117.60711,0.70116],[117.60964,0.69561],[117.61209,0.69529],[117.61417,0.69329],[117.6167,0.69233],[117.62077,0.69163],[117.62078,0.72985],[117.61804,0.72985],[117.61719,0.72869],[117.61643,0.72894],[117.61584,0.7283],[117.61576,0.72641],[117.61485,0.72651],[117.61429,0.72807],[117.61289,0.72815],[117.61172,0.72689],[117.61228,0.72638],[117.61154,0.72464],[117.60938,0.72551],[117.60918,0.72684],[117.61093,0.72613],[117.61116,0.72797],[117.6118,0.72751],[117.61279,0.72851]]],[[[117.56242,0.73009],[117.56016,0.7293],[117.56354,0.72646],[117.56242,0.73009]]],[[[117.52273,0.71924],[117.52196,0.72438],[117.51914,0.7294],[117.5192,0.73141],[117.52062,0.73333],[117.51667,0.73333],[117.51667,0.72338],[117.52273,0.71924]]],[[[117.55972,0.73184],[117.55901,0.73333],[117.55855,0.73333],[117.55895,0.7314],[117.55972,0.73184]]],[[[117.5397,0.73333],[117.53079,0.73333],[117.52825,0.7316],[117.52513,0.73284],[117.52259,0.73222],[117.5212,0.73083],[117.52125,0.72981],[117.5242,0.72441],[117.52478,0.71977],[117.52642,0.71933],[117.53261,0.72017],[117.53428,0.72382],[117.5373,0.72613],[117.53969,0.72998],[117.5397,0.73333]]]]}},{"type":"Feature","properties":{"inventoryId":"big-oil-palm-kutai-timur:115","sector":"Sawit","subtype":"Izin Lokasi Sawit","quality":"OFFICIAL","sourceDataset":"big-oil-palm-kutai-timur","sourceRecordId":"115","source":"BIG Kebijakan Satu Peta","sourceUrl":"https://kspservices.big.go.id/satupeta/rest/services/PUBLIK/PERIZINAN_DAN_PERTANAHAN/MapServer/38","retrievedAt":"2026-08-24T23:55:27Z","geometryProcessing":"web display simplification tolerance 0.00035 degrees","name":"Khatulistiwa Alam Lestari, PT","issuer":"Bupati Kutai Timur","permitNumber":"525.26/K.585/HK/VIII/2016","permitDate":"2016-08-15","areaHa":490.0,"village":"-","subdistrict":"Karangan","district":"Kutai Timur","status":"Tidak Aktif","coverageCaveat":"BIG public plantation location layer covers selected districts only; it is not complete Indonesia-wide plantation coverage.","region":"kalimantan"},"geometry":{"type":"MultiPolygon","coordinates":[[[[117.8148,1.27626],[117.81714,1.29264],[117.82009,1.32966],[117.81582,1.32981],[117.81139,1.2759],[117.81154,1.27472],[117.81431,1.27356],[117.8148,1.27626]]],[[[117.80799,1.42741],[117.79276,1.42686],[117.80081,1.42153],[117.81494,1.41919],[117.82104,1.41651],[117.8214,1.42188],[117.82064,1.42712],[117.80799,1.42741]]]]}},{"type":"Feature","properties":{"inventoryId":"big-oil-palm-kutai-timur:147","sector":"Sawit","subtype":"Izin Lokasi Sawit","quality":"OFFICIAL","sourceDataset":"big-oil-palm-kutai-timur","sourceRecordId":"147","source":"BIG Kebijakan Satu Peta","sourceUrl":"https://kspservices.big.go.id/satupeta/rest/services/PUBLIK/PERIZINAN_DAN_PERTANAHAN/MapServer/38","retrievedAt":"2026-08-24T23:55:27Z","geometryProcessing":"web display simplification tolerance 0.00035 degrees","name":"Kop Sawit Wehea Tlan Sejahtera","group":"Swakarsa/DSN","issuer":"Bupati Kutai Timur","permitNumber":"525.26/K.591/HK/VIII/2017","permitDate":"2017-08-31","areaHa":398.0,"village":"-","subdistrict":"Muara Wahau","district":"Kutai Timur","status":"Aktif","coverageCaveat":"BIG public plantation location layer covers selected districts only; it is not complete Indonesia-wide plantation coverage.","region":"kalimantan"},"geometry":{"type":"Polygon","coordinates":[[[116.69357,1.25395],[116.69443,1.25663],[116.69551,1.25729],[116.69732,1.26011],[116.69352,1.26306],[116.69205,1.26315],[116.69089,1.26258],[116.68864,1.25586],[116.6872,1.25443],[116.68562,1.25382],[116.6844,1.2541],[116.68045,1.25754],[116.67802,1.25614],[116.67735,1.25633],[116.67651,1.25709],[116.67557,1.25953],[116.67471,1.25621],[116.67744,1.25324],[116.67763,1.25128],[116.67648,1.25024],[116.67393,1.25101],[116.67346,1.25008],[116.67393,1.24795],[116.67322,1.24753],[116.67211,1.24825],[116.66996,1.23807],[116.67651,1.23807],[116.67651,1.24084],[116.6967,1.24072],[116.6944,1.24277],[116.6892,1.24496],[116.68764,1.24789],[116.68944,1.2502],[116.69063,1.25324],[116.69306,1.25229],[116.69357,1.25395]]]}},{"type":"Feature","properties":{"inventoryId":"big-oil-palm-kutai-timur:77","sector":"Sawit","subtype":"Izin Lokasi Sawit","quality":"OFFICIAL","sourceDataset":"big-oil-palm-kutai-timur","sourceRecordId":"77","source":"BIG Kebijakan Satu Peta","sourceUrl":"https://kspservices.big.go.id/satupeta/rest/services/PUBLIK/PERIZINAN_DAN_PERTANAHAN/MapServer/38","retrievedAt":"2026-08-24T23:55:27Z","geometryProcessing":"web display simplification tolerance 0.00035 degrees","name":"Koperasi Alpha Omega","issuer":"Bupati Kutai Timur","permitNumber":"525.26/K.631/HK/IX/2016","permitDate":"2016-09-05","areaHa":258.0,"village":"-","subdistrict":"Kongbeng","district":"Kutai Timur","status":"Tidak Aktif","coverageCaveat":"BIG public plantation location layer covers selected districts only; it is not complete Indonesia-wide plantation coverage.","region":"kalimantan"},"geometry":{"type":"Polygon","coordinates":[[[117.06,1.07617],[117.06024,1.08088],[117.05078,1.07846],[117.04819,1.07607],[117.04304,1.07579],[117.04468,1.07257],[117.04771,1.06936],[117.05283,1.06662],[117.05352,1.06709],[117.05515,1.06618],[117.05654,1.06642],[117.05795,1.06204],[117.06332,1.05747],[117.0647,1.05771],[117.06566,1.05724],[117.0629,1.06234],[117.0619,1.06533],[117.0604,1.07098],[117.06,1.07617]]]}},{"type":"Feature","properties":{"inventoryId":"big-oil-palm-paser:2","sector":"Sawit","subtype":"Izin Lokasi Sawit","quality":"OFFICIAL","sourceDataset":"big-oil-palm-paser","sourceRecordId":"2","source":"BIG Kebijakan Satu Peta","sourceUrl":"https://kspservices.big.go.id/satupeta/rest/services/PUBLIK/PERIZINAN_DAN_PERTANAHAN/MapServer/39","retrievedAt":"2026-08-24T23:55:27Z","geometryProcessing":"web display simplification tolerance 0.00035 degrees","name":"KOPERASI BINA TANI LESTARI","group":"Tidak ada","issuer":"Bupati Paser","permitNumber":"503/14/PEM-SILP/VI/2011","permitDate":"2011-07-04","areaHa":1600.0,"village":"Riwang dan Lomu","subdistrict":"Batu Engau","district":"Paser","status":"Aktif","coverageCaveat":"BIG public plantation location layer covers selected districts only; it is not complete Indonesia-wide plantation coverage.","region":"kalimantan"},"geometry":{"type":"MultiPolygon","coordinates":[[[[116.30461,-2.25784],[116.30461,-2.2587],[116.29188,-2.25841],[116.29336,-2.26197],[116.29091,-2.26191],[116.29087,-2.2636],[116.28685,-2.26349],[116.28508,-2.26145],[116.28388,-2.26196],[116.28337,-2.2615],[116.26955,-2.26086],[116.26926,-2.26862],[116.27765,-2.26897],[116.27771,-2.27253],[116.28445,-2.27207],[116.2849,-2.27127],[116.28622,-2.2711],[116.29438,-2.27914],[116.29712,-2.2834],[116.30232,-2.28283],[116.3086,-2.28047],[116.30986,-2.2753],[116.30969,-2.27272],[116.30786,-2.26663],[116.30815,-2.26565],[116.30729,-2.26485],[116.30615,-2.26485],[116.30678,-2.26312],[116.30906,-2.26324],[116.30952,-2.26554],[116.31249,-2.26617],[116.31403,-2.26462],[116.31466,-2.26313],[116.31364,-2.25893],[116.31295,-2.25842],[116.31089,-2.25899],[116.30701,-2.2587],[116.30461,-2.25784]]],[[[116.27508,-2.31186],[116.27504,-2.31121],[116.2739,-2.31071],[116.27383,-2.30987],[116.26941,-2.30987],[116.26908,-2.31748],[116.26745,-2.31758],[116.26764,-2.33365],[116.26551,-2.33537],[116.26536,-2.33727],[116.26708,-2.33761],[116.26917,-2.3358],[116.29479,-2.33627],[116.2952,-2.31667],[116.29286,-2.31748],[116.28617,-2.31742],[116.28608,-2.31145],[116.27756,-2.31126],[116.2773,-2.31225],[116.27508,-2.31186]]]]}},{"type":"Feature","properties":{"inventoryId":"big-oil-palm-kutai-kartanegara:53","sector":"Sawit","subtype":"Izin Lokasi Sawit","quality":"OFFICIAL","sourceDataset":"big-oil-palm-kutai-kartanegara","sourceRecordId":"53","source":"BIG Kebijakan Satu Peta","sourceUrl":"https://kspservices.big.go.id/satupeta/rest/services/PUBLIK/PERIZINAN_DAN_PERTANAHAN/MapServer/37","retrievedAt":"2026-08-24T23:55:27Z","geometryProcessing":"web display simplification tolerance 0.00035 degrees","name":"KOPERASI BINA TANI MENAMANG KIWA","issuer":"Kepala BP2T Kab. Kutai Kartanegara","permitNumber":"003/IL.BID.I/VI/2015/BP2T","permitDate":"2015-06-10","areaHa":300.0,"village":"Menamang Kiri","subdistrict":"Muara Kaman","district":"Kutai Kartanegara","status":"Aktif","coverageCaveat":"BIG public plantation location layer covers selected districts only; it is not complete Indonesia-wide plantation coverage.","region":"kalimantan"},"geometry":{"type":"Polygon","coordinates":[[[116.88052,0.17021],[116.85472,0.17046],[116.85492,0.16513],[116.90852,0.16558],[116.90852,0.1689],[116.91776,0.1689],[116.91786,0.17021],[116.88052,0.17021]]]}},{"type":"Feature","properties":{"inventoryId":"big-oil-palm-kutai-kartanegara:52","sector":"Sawit","subtype":"Izin Lokasi Sawit","quality":"OFFICIAL","sourceDataset":"big-oil-palm-kutai-kartanegara","sourceRecordId":"52","source":"BIG Kebijakan Satu Peta","sourceUrl":"https://kspservices.big.go.id/satupeta/rest/services/PUBLIK/PERIZINAN_DAN_PERTANAHAN/MapServer/37","retrievedAt":"2026-08-24T23:55:27Z","geometryProcessing":"web display simplification tolerance 0.00035 degrees","name":"KOPERASI BINA TANI SAWIT LESTARI","issuer":"Pj. Bupati Kutai Kartanegara","permitNumber":"590/525.29/20/A.Ptn","permitDate":"2009-10-14","areaHa":1155.0,"village":"Sabintulung","subdistrict":"Muara Kaman","district":"Kutai Kartanegara","status":"Aktif","coverageCaveat":"BIG public plantation location layer covers selected districts only; it is not complete Indonesia-wide plantation coverage.","region":"kalimantan"},"geometry":{"type":"Polygon","coordinates":[[[116.76871,-0.08208],[116.77079,-0.08211],[116.75902,-0.09376],[116.75892,-0.11785],[116.78721,-0.11833],[116.78444,-0.11267],[116.78305,-0.10511],[116.78365,-0.09017],[116.78632,-0.09007],[116.78605,-0.06856],[116.78179,-0.07071],[116.76871,-0.08208]]]}},{"type":"Feature","properties":{"inventoryId":"big-oil-palm-kutai-kartanegara:63","sector":"Sawit","subtype":"Izin Lokasi Sawit","quality":"OFFICIAL","sourceDataset":"big-oil-palm-kutai-kartanegara","sourceRecordId":"63","source":"BIG Kebijakan Satu Peta","sourceUrl":"https://kspservices.big.go.id/satupeta/rest/services/PUBLIK/PERIZINAN_DAN_PERTANAHAN/MapServer/37","retrievedAt":"2026-08-24T23:55:27Z","geometryProcessing":"web display simplification tolerance 0.00035 degrees","name":"KOPERASI BINA TANI SAWIT SEDULANG","issuer":"Pj. Bupati Kutai Kartanegara","permitNumber":"590/525.29/018/A.Ptn","permitDate":"2009-10-14","areaHa":1600.0,"village":"Puan Cepak dan Sedulang","subdistrict":"Muara Kaman","district":"Kutai Kartanegara","coverageCaveat":"BIG public plantation location layer covers selected districts only; it is not complete Indonesia-wide plantation coverage.","region":"kalimantan"},"geometry":{"type":"Polygon","coordinates":[[[116.88803,0.12741],[116.83992,0.12767],[116.83998,0.10847],[116.88831,0.10865],[116.88711,-0.02],[116.89002,-0.01994],[116.89024,0.11034],[116.89942,0.11118],[116.89812,0.11895],[116.88729,0.11879],[116.88803,0.12741]]]}},{"type":"Feature","properties":{"inventoryId":"big-oil-palm-paser:3","sector":"Sawit","subtype":"Izin Lokasi Sawit","quality":"OFFICIAL","sourceDataset":"big-oil-palm-paser","sourceRecordId":"3","source":"BIG Kebijakan Satu Peta","sourceUrl":"https://kspservices.big.go.id/satupeta/rest/services/PUBLIK/PERIZINAN_DAN_PERTANAHAN/MapServer/39","retrievedAt":"2026-08-24T23:55:27Z","geometryProcessing":"web display simplification tolerance 0.00035 degrees","name":"KOPERASI MUFAKAT TAKA","group":"Tidak ada","issuer":"Kepala DPMPTS Paser","permitNumber":"503/03/BID-3.1/VII/2018","permitDate":"2018-07-17","areaHa":90.0,"village":"Muaratoyu","subdistrict":"Long Kali","district":"Paser","status":"Aktif","coverageCaveat":"BIG public plantation location layer covers selected districts only; it is not complete Indonesia-wide plantation coverage.","region":"kalimantan"},"geometry":{"type":"Polygon","coordinates":[[[116.4129,-1.31125],[116.41199,-1.31073],[116.40998,-1.31157],[116.406,-1.31081],[116.38501,-1.31167],[116.37576,-1.31121],[116.36752,-1.31168],[116.36773,-1.31294],[116.41705,-1.3126],[116.41672,-1.31103],[116.41615,-1.31073],[116.4129,-1.31125]]]}},{"type":"Feature","properties":{"inventoryId":"big-oil-palm-kutai-kartanegara:54","sector":"Sawit","subtype":"Izin Lokasi Sawit","quality":"OFFICIAL","sourceDataset":"big-oil-palm-kutai-kartanegara","sourceRecordId":"54","source":"BIG Kebijakan Satu Peta","sourceUrl":"https://kspservices.big.go.id/satupeta/rest/services/PUBLIK/PERIZINAN_DAN_PERTANAHAN/MapServer/37","retrievedAt":"2026-08-24T23:55:27Z","geometryProcessing":"web display simplification tolerance 0.00035 degrees","name":"KOPERASI PEGAWAI REPUBLIK INDONESIA AROMA","issuer":"Bupati Kutai Kartanegara","permitNumber":"590/525.29/008/A.Ptn","permitDate":"2012-03-12","areaHa":786.0,"village":"Jonggon","subdistrict":"Loa Kulu","district":"Kutai Kartanegara","status":"Aktif","coverageCaveat":"BIG public plantation location layer covers selected districts only; it is not complete Indonesia-wide plantation coverage.","region":"kalimantan"},"geometry":{"type":"MultiPolygon","coordinates":[[[[116.76717,-0.61933],[116.76669,-0.61667],[116.76584,-0.61682],[116.76443,-0.61824],[116.7646,-0.61966],[116.76344,-0.62083],[116.76344,-0.62259],[116.76261,-0.62267],[116.7612,-0.62142],[116.76053,-0.62234],[116.76136,-0.62593],[116.7602,-0.62568],[116.76169,-0.63036],[116.76327,-0.63169],[116.76427,-0.63387],[116.76227,-0.6393],[116.75962,-0.64164],[116.75613,-0.64356],[116.7553,-0.64556],[116.75381,-0.64723],[116.74544,-0.64769],[116.74521,-0.64812],[116.74706,-0.6486],[116.7488,-0.64818],[116.75531,-0.6519],[116.75657,-0.65077],[116.75962,-0.65055],[116.76157,-0.6482],[116.76454,-0.6461],[116.76477,-0.64218],[116.76925,-0.64072],[116.77264,-0.63754],[116.77463,-0.63705],[116.77516,-0.6359],[116.77229,-0.63775],[116.77025,-0.63651],[116.76717,-0.61933]]],[[[116.74368,-0.63161],[116.74094,-0.63211],[116.74086,-0.63654],[116.73837,-0.63579],[116.73762,-0.63328],[116.73679,-0.63286],[116.73497,-0.63554],[116.73298,-0.6357],[116.73264,-0.63762],[116.73007,-0.63904],[116.73024,-0.63988],[116.72949,-0.64005],[116.72791,-0.63888],[116.72667,-0.64013],[116.72667,-0.64197],[116.72808,-0.64113],[116.72874,-0.64539],[116.73005,-0.64675],[116.73248,-0.64531],[116.73613,-0.64732],[116.73812,-0.64748],[116.7391,-0.64692],[116.73913,-0.64808],[116.74111,-0.64732],[116.74311,-0.64864],[116.74352,-0.64717],[116.74504,-0.64726],[116.74451,-0.64489],[116.74468,-0.63478],[116.74526,-0.63328],[116.74368,-0.63161]]],[[[116.80434,-0.66429],[116.80631,-0.66314],[116.80945,-0.66273],[116.8031,-0.62959],[116.8031,-0.6646],[116.80434,-0.66429]]],[[[116.78722,-0.63302],[116.78711,-0.62999],[116.78867,-0.62721],[116.7785,-0.63375],[116.78051,-0.63464],[116.78244,-0.63413],[116.78389,-0.63504],[116.78722,-0.63302]]],[[[116.76285,-0.59523],[116.7625,-0.59333],[116.75863,-0.59324],[116.75772,-0.59382],[116.76192,-0.60243],[116.76473,-0.60576],[116.76285,-0.59523]]]]}},{"type":"Feature","properties":{"inventoryId":"big-oil-palm-kutai-kartanegara:69","sector":"Sawit","subtype":"Izin Lokasi Sawit","quality":"OFFICIAL","sourceDataset":"big-oil-palm-kutai-kartanegara","sourceRecordId":"69","source":"BIG Kebijakan Satu Peta","sourceUrl":"https://kspservices.big.go.id/satupeta/rest/services/PUBLIK/PERIZINAN_DAN_PERTANAHAN/MapServer/37","retrievedAt":"2026-08-24T23:55:27Z","geometryProcessing":"web display simplification tolerance 0.00035 degrees","name":"KOPERASI PERKEBUNAN AGUNG BAYA","issuer":"Bupati Kutai Kartanegara","permitNumber":"590/525.29/004/A.Ptn","permitDate":"2014-04-24","areaHa":981.66,"village":"Perian","subdistrict":"Muara Muntai","district":"Kutai Kartanegara","status":"Aktif","coverageCaveat":"BIG public plantation location layer covers selected districts only; it is not complete Indonesia-wide plantation coverage.","region":"kalimantan"},"geometry":{"type":"MultiPolygon","coordinates":[[[[116.41176,-0.58713],[116.40928,-0.58703],[116.40908,-0.59611],[116.40362,-0.59595],[116.40344,-0.60495],[116.40074,-0.60487],[116.40047,-0.61402],[116.39495,-0.61384],[116.39475,-0.62308],[116.38926,-0.62294],[116.38911,-0.632],[116.38614,-0.63193],[116.38592,-0.6371],[116.38823,-0.64077],[116.38895,-0.64077],[116.38973,-0.63929],[116.389,-0.63756],[116.38993,-0.63686],[116.39267,-0.63708],[116.39281,-0.63858],[116.3937,-0.63967],[116.39691,-0.63694],[116.39818,-0.63772],[116.39967,-0.63742],[116.39985,-0.6305],[116.40106,-0.62969],[116.4027,-0.62946],[116.4027,-0.63],[116.40369,-0.6301],[116.40367,-0.63106],[116.40502,-0.6321],[116.40771,-0.63184],[116.40696,-0.63112],[116.40779,-0.62943],[116.40676,-0.62917],[116.40645,-0.62795],[116.40567,-0.6278],[116.40596,-0.62529],[116.4081,-0.62337],[116.40946,-0.6234],[116.40935,-0.62494],[116.41055,-0.62581],[116.41149,-0.62466],[116.41237,-0.62535],[116.41473,-0.62406],[116.41479,-0.62463],[116.41558,-0.6244],[116.41649,-0.62292],[116.41653,-0.62115],[116.41594,-0.62152],[116.41647,-0.62053],[116.41594,-0.62015],[116.41717,-0.62002],[116.4174,-0.61924],[116.41681,-0.61884],[116.4178,-0.61819],[116.41657,-0.61797],[116.4164,-0.61902],[116.41579,-0.6188],[116.41612,-0.61765],[116.41595,-0.61647],[116.41542,-0.61633],[116.41539,-0.61454],[116.41576,-0.61247],[116.41509,-0.60874],[116.41552,-0.60533],[116.41486,-0.60519],[116.41588,-0.60425],[116.41608,-0.603],[116.41685,-0.60287],[116.41691,-0.60097],[116.4142,-0.60092],[116.41459,-0.58726],[116.41176,-0.58713]]],[[[116.42893,-0.56092],[116.42949,-0.55997],[116.42657,-0.5599],[116.42454,-0.56295],[116.42532,-0.56359],[116.42483,-0.56433],[116.42559,-0.56692],[116.42893,-0.56092]]],[[[116.43319,-0.55026],[116.43216,-0.55148],[116.43204,-0.55734],[116.43902,-0.55096],[116.43496,-0.5509],[116.43421,-0.55157],[116.43409,-0.55378],[116.43357,-0.55352],[116.43396,-0.55226],[116.43329,-0.55207],[116.43423,-0.55193],[116.4336,-0.551],[116.43409,-0.55028],[116.43319,-0.55026]]],[[[116.44349,-0.53889],[116.44186,-0.53887],[116.44197,-0.53935],[116.44121,-0.53961],[116.44071,-0.539],[116.4405,-0.54942],[116.44504,-0.54475],[116.44498,-0.54269],[116.44629,-0.54318],[116.44632,-0.54198],[116.44451,-0.54198],[116.44553,-0.54052],[116.44359,-0.54029],[116.44349,-0.53889]]]]}},{"type":"Feature","properties":{"inventoryId":"big-oil-palm-kutai-kartanegara:55","sector":"Sawit","subtype":"Izin Lokasi Sawit","quality":"OFFICIAL","sourceDataset":"big-oil-palm-kutai-kartanegara","sourceRecordId":"55","source":"BIG Kebijakan Satu Peta","sourceUrl":"https://kspservices.big.go.id/satupeta/rest/services/PUBLIK/PERIZINAN_DAN_PERTANAHAN/MapServer/37","retrievedAt":"2026-08-24T23:55:27Z","geometryProcessing":"web display simplification tolerance 0.00035 degrees","name":"KOPERASI PERKEBUNAN KELAPA SAWIT MAJU MEMBANGUN","issuer":"Bupati Kutai Kartanegara","permitNumber":"590/525.29/16/A.Ptn","permitDate":"2013-07-22","areaHa":800.0,"village":"Loleng","subdistrict":"Kota Bangun","district":"Kutai Kartanegara","status":"Aktif","coverageCaveat":"BIG public plantation location layer covers selected districts only; it is not complete Indonesia-wide plantation coverage.","region":"kalimantan"},"geometry":{"type":"MultiPolygon","coordinates":[[[[116.67579,-0.26861],[116.67705,-0.26703],[116.67289,-0.26361],[116.67462,-0.26161],[116.67393,-0.26104],[116.67482,-0.25993],[116.67274,-0.25603],[116.67213,-0.25585],[116.67122,-0.25879],[116.66747,-0.26224],[116.66443,-0.26364],[116.66019,-0.26465],[116.66073,-0.26592],[116.65932,-0.26875],[116.65662,-0.27115],[116.65741,-0.27301],[116.66059,-0.27607],[116.66194,-0.2782],[116.66315,-0.28384],[116.66811,-0.28491],[116.67036,-0.28842],[116.67234,-0.28939],[116.67402,-0.29179],[116.67718,-0.29342],[116.68068,-0.29264],[116.68291,-0.29297],[116.68517,-0.2949],[116.69059,-0.29629],[116.69447,-0.29921],[116.69853,-0.3001],[116.69951,-0.30111],[116.69989,-0.30256],[116.69879,-0.30531],[116.70382,-0.30646],[116.70354,-0.3042],[116.70091,-0.30407],[116.70019,-0.29406],[116.69072,-0.29147],[116.68127,-0.28793],[116.67859,-0.28749],[116.67884,-0.28572],[116.67796,-0.28558],[116.67828,-0.28372],[116.67741,-0.28358],[116.6779,-0.28082],[116.67693,-0.28066],[116.67708,-0.27978],[116.67538,-0.27952],[116.67583,-0.27675],[116.67666,-0.2769],[116.6768,-0.276],[116.67815,-0.27621],[116.67845,-0.27439],[116.68521,-0.27542],[116.68539,-0.27455],[116.6868,-0.27441],[116.68686,-0.2721],[116.68775,-0.26963],[116.68656,-0.26669],[116.68395,-0.26992],[116.68325,-0.26935],[116.68069,-0.27256],[116.67579,-0.26861]]],[[[116.67639,-0.24823],[116.67279,-0.24607],[116.67114,-0.24621],[116.67326,-0.25203],[116.67557,-0.25294],[116.67821,-0.25788],[116.68046,-0.25743],[116.67727,-0.24808],[116.67639,-0.24823]]]]}},{"type":"Feature","properties":{"inventoryId":"big-oil-palm-kutai-timur:54","sector":"Sawit","subtype":"Izin Lokasi Sawit","quality":"OFFICIAL","sourceDataset":"big-oil-palm-kutai-timur","sourceRecordId":"54","source":"BIG Kebijakan Satu Peta","sourceUrl":"https://kspservices.big.go.id/satupeta/rest/services/PUBLIK/PERIZINAN_DAN_PERTANAHAN/MapServer/38","retrievedAt":"2026-08-24T23:55:27Z","geometryProcessing":"web display simplification tolerance 0.00035 degrees","name":"Koperasi PRI Aroma","group":"Astra","issuer":"Bupati Kutai Timur","permitNumber":"525.26/K.792/HK/XII/2018","permitDate":"2018-12-31","areaHa":468.0,"village":"Marah Haloq","subdistrict":"Muara Wahau","district":"Kutai Timur","status":"Aktif","coverageCaveat":"BIG public plantation location layer covers selected districts only; it is not complete Indonesia-wide plantation coverage.","region":"kalimantan"},"geometry":{"type":"Polygon","coordinates":[[[116.72219,0.93995],[116.73297,0.93967],[116.73346,0.94009],[116.73356,0.95509],[116.72544,0.95512],[116.7185,0.96886],[116.71774,0.97336],[116.71209,0.98766],[116.70445,0.98396],[116.70741,0.98012],[116.7145,0.96816],[116.71548,0.95931],[116.71718,0.95646],[116.71692,0.95248],[116.71896,0.95192],[116.72021,0.95039],[116.72,0.94906],[116.72238,0.94783],[116.72305,0.94688],[116.72116,0.94432],[116.72121,0.9422],[116.72219,0.93995]]]}},{"type":"Feature","properties":{"inventoryId":"big-oil-palm-kutai-kartanegara:62","sector":"Sawit","subtype":"Izin Lokasi Sawit","quality":"OFFICIAL","sourceDataset":"big-oil-palm-kutai-kartanegara","sourceRecordId":"62","source":"BIG Kebijakan Satu Peta","sourceUrl":"https://kspservices.big.go.id/satupeta/rest/services/PUBLIK/PERIZINAN_DAN_PERTANAHAN/MapServer/37","retrievedAt":"2026-08-24T23:55:27Z","geometryProcessing":"web display simplification tolerance 0.00035 degrees","name":"KOPERASI SAWIT ETAM BERSAMA","issuer":"Bupati Kutai Kartanegara","permitNumber":"590/525.29/006/A.Ptn","permitDate":"2011-05-11","areaHa":400.0,"village":"Lebaho Ulaq","subdistrict":"Muara Kaman","district":"Kutai Kartanegara","status":"Aktif","coverageCaveat":"BIG public plantation location layer covers selected districts only; it is not complete Indonesia-wide plantation coverage.","region":"kalimantan"},"geometry":{"type":"MultiPolygon","coordinates":[[[[116.76112,-0.34878],[116.76112,-0.34838],[116.75758,-0.34892],[116.75449,-0.34859],[116.74936,-0.3526],[116.74308,-0.34842],[116.74231,-0.35055],[116.74428,-0.35248],[116.74382,-0.35761],[116.74113,-0.36216],[116.74206,-0.36434],[116.761,-0.36439],[116.76112,-0.34878]]],[[[116.7321,-0.34415],[116.73309,-0.34176],[116.72778,-0.33823],[116.72476,-0.34078],[116.72595,-0.34409],[116.72622,-0.34689],[116.72753,-0.34716],[116.7287,-0.34621],[116.73207,-0.34626],[116.7321,-0.34415]]]]}},{"type":"Feature","properties":{"inventoryId":"big-oil-palm-kutai-kartanegara:56","sector":"Sawit","subtype":"Izin Lokasi Sawit","quality":"OFFICIAL","sourceDataset":"big-oil-palm-kutai-kartanegara","sourceRecordId":"56","source":"BIG Kebijakan Satu Peta","sourceUrl":"https://kspservices.big.go.id/satupeta/rest/services/PUBLIK/PERIZINAN_DAN_PERTANAHAN/MapServer/37","retrievedAt":"2026-08-24T23:55:27Z","geometryProcessing":"web display simplification tolerance 0.00035 degrees","name":"KOPERASI SAWIT SENDOWAN","issuer":"Bupati Kutai Kartanegara","permitNumber":"590/525.29/015/A.Ptn","permitDate":"2010-10-26","areaHa":1500.0,"village":"Puan Cepak","subdistrict":"Muara Kaman","district":"Kutai Kartanegara","status":"Aktif","coverageCaveat":"BIG public plantation location layer covers selected districts only; it is not complete Indonesia-wide plantation coverage.","region":"kalimantan"},"geometry":{"type":"Polygon","coordinates":[[[116.8891,-0.10711],[116.90345,-0.10395],[116.92865,-0.09424],[116.90248,-0.0576],[116.89004,-0.06777],[116.88927,-0.07097],[116.8891,-0.10711]]]}},{"type":"Feature","properties":{"inventoryId":"big-oil-palm-kutai-kartanegara:57","sector":"Sawit","subtype":"Izin Lokasi Sawit","quality":"OFFICIAL","sourceDataset":"big-oil-palm-kutai-kartanegara","sourceRecordId":"57","source":"BIG Kebijakan Satu Peta","sourceUrl":"https://kspservices.big.go.id/satupeta/rest/services/PUBLIK/PERIZINAN_DAN_PERTANAHAN/MapServer/37","retrievedAt":"2026-08-24T23:55:27Z","geometryProcessing":"web display simplification tolerance 0.00035 degrees","name":"KOPERASI SAWIT SENDOWAN","issuer":"Bupati Kutai Kartanegara","permitNumber":"590/525.29/012/A.Ptn","permitDate":"2012-03-27","areaHa":2000.0,"village":"Sedulang","subdistrict":"Muara Kaman","district":"Kutai Kartanegara","status":"Aktif","coverageCaveat":"BIG public plantation location layer covers selected districts only; it is not complete Indonesia-wide plantation coverage.","region":"kalimantan"},"geometry":{"type":"Polygon","coordinates":[[[117.00002,0.12606],[117.00002,0.17741],[116.96285,0.17741],[116.96285,0.14788],[116.9746,0.14397],[116.97911,0.13296],[116.99402,0.11903],[116.99641,0.11904],[117.00002,0.12509],[117.00002,0.12606]]]}},{"type":"Feature","properties":{"inventoryId":"big-oil-palm-paser:1","sector":"Sawit","subtype":"Izin Lokasi Sawit","quality":"OFFICIAL","sourceDataset":"big-oil-palm-paser","sourceRecordId":"1","source":"BIG Kebijakan Satu Peta","sourceUrl":"https://kspservices.big.go.id/satupeta/rest/services/PUBLIK/PERIZINAN_DAN_PERTANAHAN/MapServer/39","retrievedAt":"2026-08-24T23:55:27Z","geometryProcessing":"web display simplification tolerance 0.00035 degrees","name":"KOPERASI SINAR HARAPAN JAYA","group":"Tidak ada","issuer":"Bupati Paser","permitNumber":"503/04/PEM-SILP/IV/2012 (Perpanjangan)","permitDate":"2012-04-03","areaHa":600.0,"village":"Bentetualan","subdistrict":"Long Kali","district":"Paser","status":"Aktif","coverageCaveat":"BIG public plantation location layer covers selected districts only; it is not complete Indonesia-wide plantation coverage.","region":"kalimantan"},"geometry":{"type":"Polygon","coordinates":[[[116.37692,-1.39283],[116.3769,-1.39079],[116.37221,-1.39359],[116.36924,-1.39357],[116.36674,-1.39515],[116.3666,-1.41352],[116.36445,-1.41605],[116.36442,-1.42127],[116.36879,-1.42304],[116.3691,-1.45067],[116.37726,-1.44656],[116.37692,-1.39283]]]}},{"type":"Feature","properties":{"inventoryId":"big-oil-palm-kutai-timur:28","sector":"Sawit","subtype":"Izin Lokasi Sawit","quality":"OFFICIAL","sourceDataset":"big-oil-palm-kutai-timur","sourceRecordId":"28","source":"BIG Kebijakan Satu Peta","sourceUrl":"https://kspservices.big.go.id/satupeta/rest/services/PUBLIK/PERIZINAN_DAN_PERTANAHAN/MapServer/38","retrievedAt":"2026-08-24T23:55:27Z","geometryProcessing":"web display simplification tolerance 0.00035 degrees","name":"Kresna Duta Agroindo, PT (Eks Matra)","group":"Sinar Mas","issuer":"Kepala Kantor Pertanahan Kabupaten Kutai","permitNumber":"12/PKT/BPN-163/UM-12/V/1998","permitDate":"2008-05-20","areaHa":7850.0,"village":"Nehes Liah Bing, Pesab","subdistrict":"Kongbeng","district":"Kutai Timur","status":"Aktif","coverageCaveat":"BIG public plantation location layer covers selected districts only; it is not complete Indonesia-wide plantation coverage.","region":"kalimantan"},"geometry":{"type":"Polygon","coordinates":[[[117.05622,1.11387],[117.01728,1.17282],[116.96536,1.17212],[116.96498,1.11352],[116.96862,1.11371],[116.96883,1.09852],[116.98726,1.09842],[116.98983,1.067],[117.01867,1.0661],[117.05622,1.1038],[117.05622,1.11387]]]}},{"type":"Feature","properties":{"inventoryId":"big-oil-palm-kutai-timur:146","sector":"Sawit","subtype":"Izin Lokasi Sawit","quality":"OFFICIAL","sourceDataset":"big-oil-palm-kutai-timur","sourceRecordId":"146","source":"BIG Kebijakan Satu Peta","sourceUrl":"https://kspservices.big.go.id/satupeta/rest/services/PUBLIK/PERIZINAN_DAN_PERTANAHAN/MapServer/38","retrievedAt":"2026-08-24T23:55:27Z","geometryProcessing":"web display simplification tolerance 0.00035 degrees","name":"Kresnaduta Agroindo, PT (Rantau Panjang)","group":"Sinar Mas","issuer":"Bupati Kutai Timur","permitNumber":"241/02.188.45/HK/VI/2007","permitDate":"2007-06-14","areaHa":4813.0,"village":"Juk Ayak, Marah Haloq, Marah Kenyah","subdistrict":"Muara Wahau","district":"Kutai Timur","status":"Aktif","coverageCaveat":"BIG public plantation location layer covers selected districts only; it is not complete Indonesia-wide plantation coverage.","region":"kalimantan"},"geometry":{"type":"Polygon","coordinates":[[[116.84271,1.03471],[116.78217,0.91074],[116.78795,0.91062],[116.79096,0.91625],[116.79443,0.92116],[116.82068,0.96911],[116.81654,0.93591],[116.8194,0.92969],[116.82008,0.92647],[116.82008,0.94123],[116.83863,0.94123],[116.83863,0.92282],[116.85693,0.92256],[116.85054,0.93217],[116.8515,0.94138],[116.85672,0.95091],[116.86462,0.94837],[116.86823,0.95955],[116.8608,0.97632],[116.8611,0.99041],[116.85439,0.99616],[116.85463,1.00222],[116.85676,1.0032],[116.85702,1.01365],[116.85271,1.0187],[116.85287,1.02983],[116.84271,1.03471]]]}},{"type":"Feature","properties":{"inventoryId":"big-oil-palm-kutai-timur:103","sector":"Sawit","subtype":"Izin Lokasi Sawit","quality":"OFFICIAL","sourceDataset":"big-oil-palm-kutai-timur","sourceRecordId":"103","source":"BIG Kebijakan Satu Peta","sourceUrl":"https://kspservices.big.go.id/satupeta/rest/services/PUBLIK/PERIZINAN_DAN_PERTANAHAN/MapServer/38","retrievedAt":"2026-08-24T23:55:27Z","geometryProcessing":"web display simplification tolerance 0.00035 degrees","name":"KSU Jengea Bong Pet Kuq","group":"Swakarsa/DSN","issuer":"Bupati Kutai Timur","permitNumber":"525.26/K.546/HK/VIII/2017","permitDate":"2017-08-07","areaHa":2442.0,"village":"-","subdistrict":"Muara Wahau","district":"Kutai Timur","status":"Aktif","coverageCaveat":"BIG public plantation location layer covers selected districts only; it is not complete Indonesia-wide plantation coverage.","region":"kalimantan"},"geometry":{"type":"MultiPolygon","coordinates":[[[[116.70252,1.22779],[116.69855,1.22851],[116.69431,1.23263],[116.69376,1.23434],[116.694,1.23555],[116.69679,1.23776],[116.69657,1.23925],[116.69549,1.24073],[116.67651,1.24084],[116.67651,1.23807],[116.66996,1.23807],[116.66924,1.23464],[116.66927,1.20744],[116.67182,1.20327],[116.67319,1.19979],[116.67479,1.19899],[116.675,1.19988],[116.67589,1.20012],[116.67681,1.19919],[116.67646,1.1973],[116.67964,1.19662],[116.68003,1.19312],[116.67753,1.19161],[116.68082,1.18359],[116.68234,1.1821],[116.68203,1.18102],[116.68309,1.17904],[116.68531,1.17857],[116.68462,1.1764],[116.68794,1.17185],[116.68821,1.17022],[116.69522,1.17162],[116.69698,1.17334],[116.69673,1.17542],[116.69214,1.18199],[116.69204,1.18341],[116.69274,1.18472],[116.69887,1.18645],[116.70096,1.18769],[116.70584,1.19351],[116.71033,1.19585],[116.71073,1.19796],[116.71161,1.19885],[116.71288,1.1989],[116.71412,1.198],[116.71485,1.196],[116.71419,1.19399],[116.71491,1.19439],[116.71483,1.19666],[116.71374,1.20003],[116.70755,1.21069],[116.70539,1.21707],[116.70644,1.21954],[116.71045,1.22369],[116.71711,1.22585],[116.71798,1.22903],[116.71114,1.22689],[116.70252,1.22779]]],[[[116.67558,1.19826],[116.6739,1.19846],[116.67696,1.19274],[116.67907,1.19329],[116.67882,1.1961],[116.67595,1.19643],[116.67558,1.19826]]]]}},{"type":"Feature","properties":{"inventoryId":"big-oil-palm-kutai-kartanegara:68","sector":"Sawit","subtype":"Izin Lokasi Sawit","quality":"OFFICIAL","sourceDataset":"big-oil-palm-kutai-kartanegara","sourceRecordId":"68","source":"BIG Kebijakan Satu Peta","sourceUrl":"https://kspservices.big.go.id/satupeta/rest/services/PUBLIK/PERIZINAN_DAN_PERTANAHAN/MapServer/37","retrievedAt":"2026-08-24T23:55:27Z","geometryProcessing":"web display simplification tolerance 0.00035 degrees","name":"KSU. ENGGELAM MANDIRI","issuer":"Bupati Kutai Kartanegara","permitNumber":"590/525.29/25/A.Ptn","permitDate":"2014-10-18","areaHa":1800.0,"village":"Enggelam","subdistrict":"Muara Wis","district":"Kutai Kartanegara","coverageCaveat":"BIG public plantation location layer covers selected districts only; it is not complete Indonesia-wide plantation coverage.","region":"kalimantan"},"geometry":{"type":"Polygon","coordinates":[[[116.19282,-0.12185],[116.18524,-0.15005],[116.21439,-0.15976],[116.25613,-0.17556],[116.26078,-0.16973],[116.25846,-0.16903],[116.25251,-0.16215],[116.25093,-0.1588],[116.24831,-0.15704],[116.24638,-0.15492],[116.24445,-0.15492],[116.2406,-0.15334],[116.23762,-0.15034],[116.23254,-0.14293],[116.22747,-0.1372],[116.2247,-0.14726],[116.2165,-0.15191],[116.21367,-0.14355],[116.21262,-0.13541],[116.21548,-0.12374],[116.19282,-0.12185]]]}},{"type":"Feature","properties":{"inventoryId":"big-oil-palm-kutai-barat:39","sector":"Sawit","subtype":"Izin Lokasi Sawit","quality":"OFFICIAL","sourceDataset":"big-oil-palm-kutai-barat","sourceRecordId":"39","source":"BIG Kebijakan Satu Peta","sourceUrl":"https://kspservices.big.go.id/satupeta/rest/services/PUBLIK/PERIZINAN_DAN_PERTANAHAN/MapServer/36","retrievedAt":"2026-08-24T23:55:27Z","geometryProcessing":"web display simplification tolerance 0.00035 degrees","name":"KSU. Sawit Mitra Bongan Jempang","issuer":"Kepala DPMPTSP","permitNumber":"525.29/K.70/2017","permitDate":"2017-08-04","areaHa":2059.0,"village":"Resak, Muara Siram, Bukit Harapan","subdistrict":"Bongan","district":"Kutai Barat","status":"aktif","coverageCaveat":"BIG public plantation location layer covers selected districts only; it is not complete Indonesia-wide plantation coverage.","region":"kalimantan"},"geometry":{"type":"MultiPolygon","coordinates":[[[[116.10614,-0.78196],[116.10237,-0.77127],[116.09079,-0.74418],[116.08788,-0.72854],[116.08379,-0.73531],[116.08104,-0.74926],[116.0895,-0.76806],[116.09329,-0.77946],[116.09419,-0.78399],[116.10265,-0.7868],[116.12616,-0.78492],[116.13842,-0.78208],[116.14775,-0.77835],[116.15902,-0.77272],[116.17498,-0.76991],[116.17491,-0.76613],[116.1518,-0.76177],[116.13208,-0.7726],[116.12538,-0.7719],[116.10707,-0.78454],[116.10614,-0.78196]]],[[[116.25952,-0.72012],[116.25709,-0.71873],[116.2567,-0.72012],[116.25438,-0.72009],[116.25306,-0.72166],[116.25259,-0.72119],[116.25222,-0.72242],[116.2527,-0.72427],[116.2518,-0.72432],[116.25181,-0.72535],[116.25064,-0.72512],[116.25092,-0.73115],[116.25024,-0.73141],[116.25019,-0.73342],[116.25096,-0.73344],[116.25025,-0.73561],[116.25303,-0.73571],[116.25469,-0.73123],[116.25702,-0.73123],[116.25705,-0.72893],[116.25849,-0.7289],[116.25947,-0.72438],[116.25859,-0.72338],[116.25886,-0.72098],[116.25952,-0.72012]]],[[[116.19319,-0.69355],[116.18911,-0.69559],[116.18714,-0.69559],[116.18679,-0.69474],[116.1846,-0.69564],[116.184,-0.69653],[116.18381,-0.69982],[116.18252,-0.70188],[116.18291,-0.70377],[116.17905,-0.70545],[116.17901,-0.70621],[116.18093,-0.70846],[116.18334,-0.70934],[116.18335,-0.70613],[116.19241,-0.70614],[116.19241,-0.71294],[116.20279,-0.71745],[116.20201,-0.71354],[116.20094,-0.71192],[116.19973,-0.71138],[116.19721,-0.7119],[116.19681,-0.711],[116.1972,-0.70792],[116.19598,-0.70579],[116.19812,-0.70267],[116.19805,-0.70099],[116.19533,-0.69819],[116.19539,-0.69665],[116.19617,-0.69552],[116.19335,-0.69419],[116.19319,-0.69355]]],[[[116.16897,-0.70498],[116.1723,-0.70492],[116.17274,-0.67688],[116.16732,-0.67674],[116.16897,-0.70498]]]]}},{"type":"Feature","properties":{"inventoryId":"big-oil-palm-kutai-timur:86","sector":"Sawit","subtype":"Izin Lokasi Sawit","quality":"OFFICIAL","sourceDataset":"big-oil-palm-kutai-timur","sourceRecordId":"86","source":"BIG Kebijakan Satu Peta","sourceUrl":"https://kspservices.big.go.id/satupeta/rest/services/PUBLIK/PERIZINAN_DAN_PERTANAHAN/MapServer/38","retrievedAt":"2026-08-24T23:55:27Z","geometryProcessing":"web display simplification tolerance 0.00035 degrees","name":"KUD Maju Bebaya","group":"Triputra Agro Persada","issuer":"Bupati Kutai Timur","permitNumber":"525.26/K.142/HK/II/2016","permitDate":"2016-02-11","areaHa":296.0,"village":"Long Tesak","subdistrict":"Muara Ancalong","district":"Kutai Timur","status":"Aktif","coverageCaveat":"BIG public plantation location layer covers selected districts only; it is not complete Indonesia-wide plantation coverage.","region":"kalimantan"},"geometry":{"type":"Polygon","coordinates":[[[116.5,0.71958],[116.5,0.72918],[116.47478,0.7094],[116.47787,0.70194],[116.5,0.71958]]]}},{"type":"Feature","properties":{"inventoryId":"big-oil-palm-kutai-timur:9","sector":"Sawit","subtype":"Izin Lokasi Sawit","quality":"OFFICIAL","sourceDataset":"big-oil-palm-kutai-timur","sourceRecordId":"9","source":"BIG Kebijakan Satu Peta","sourceUrl":"https://kspservices.big.go.id/satupeta/rest/services/PUBLIK/PERIZINAN_DAN_PERTANAHAN/MapServer/38","retrievedAt":"2026-08-24T23:55:27Z","geometryProcessing":"web display simplification tolerance 0.00035 degrees","name":"KUD Nengayetna","group":"Triputra Agro Persada","issuer":"Bupati Kutai Timur","permitNumber":"525.26/K.367/HK/V/2014","permitDate":"2014-12-05","areaHa":600.0,"village":"Busang","subdistrict":"Long Mesangat-Busang","district":"Kutai Timur","status":"Aktif","coverageCaveat":"BIG public plantation location layer covers selected districts only; it is not complete Indonesia-wide plantation coverage.","region":"kalimantan"},"geometry":{"type":"Polygon","coordinates":[[[116.64447,0.79034],[116.63139,0.7902],[116.63235,0.76578],[116.62511,0.75795],[116.64662,0.76277],[116.64882,0.76437],[116.64837,0.76628],[116.64986,0.76764],[116.64846,0.77276],[116.64734,0.77344],[116.64729,0.7777],[116.65062,0.78981],[116.64711,0.78976],[116.64693,0.79031],[116.64447,0.79034]]]}},{"type":"Feature","properties":{"inventoryId":"big-oil-palm-kutai-timur:111","sector":"Sawit","subtype":"Izin Lokasi Sawit","quality":"OFFICIAL","sourceDataset":"big-oil-palm-kutai-timur","sourceRecordId":"111","source":"BIG Kebijakan Satu Peta","sourceUrl":"https://kspservices.big.go.id/satupeta/rest/services/PUBLIK/PERIZINAN_DAN_PERTANAHAN/MapServer/38","retrievedAt":"2026-08-24T23:55:27Z","geometryProcessing":"web display simplification tolerance 0.00035 degrees","name":"Kutai Balian Nauli, PT","issuer":"Bupati Kutai Timur","permitNumber":"188.4.45/655/HK/X/2009","permitDate":"2009-10-15","areaHa":1736.7,"village":"Tepian Langsat","subdistrict":"Bengalon","district":"Kutai Timur","status":"Aktif","coverageCaveat":"BIG public plantation location layer covers selected districts only; it is not complete Indonesia-wide plantation coverage.","region":"kalimantan"},"geometry":{"type":"Polygon","coordinates":[[[117.35297,0.7482],[117.34775,0.75201],[117.34775,0.76231],[117.33497,0.76697],[117.33481,0.69837],[117.33498,0.69392],[117.33778,0.6939],[117.33709,0.69226],[117.34442,0.69226],[117.34442,0.69107],[117.34606,0.69107],[117.34865,0.69356],[117.34864,0.72162],[117.35297,0.72559],[117.35297,0.7482]]]}},{"type":"Feature","properties":{"inventoryId":"big-oil-palm-kutai-timur:92","sector":"Sawit","subtype":"Izin Lokasi Sawit","quality":"OFFICIAL","sourceDataset":"big-oil-palm-kutai-timur","sourceRecordId":"92","source":"BIG Kebijakan Satu Peta","sourceUrl":"https://kspservices.big.go.id/satupeta/rest/services/PUBLIK/PERIZINAN_DAN_PERTANAHAN/MapServer/38","retrievedAt":"2026-08-24T23:55:27Z","geometryProcessing":"web display simplification tolerance 0.00035 degrees","name":"Kutai Mitra Sejahtera, PT","group":"Rea Kaltim","issuer":"Bupati Kutai Timur","permitNumber":"525.26/K.826/HK/IX/2010","permitDate":"2010-09-29","areaHa":8120.84,"village":"Senyiur","subdistrict":"Ma Ancalong","district":"Kutai Timur","status":"Aktif","coverageCaveat":"BIG public plantation location layer covers selected districts only; it is not complete Indonesia-wide plantation coverage.","region":"kalimantan"},"geometry":{"type":"Polygon","coordinates":[[[116.46262,0.45049],[116.4357,0.47737],[116.43691,0.48151],[116.42932,0.4883],[116.42886,0.49136],[116.42793,0.49276],[116.42617,0.49369],[116.42432,0.4935],[116.42311,0.49453],[116.41951,0.50031],[116.41223,0.49918],[116.40879,0.497],[116.40558,0.4976],[116.402,0.49715],[116.39901,0.49798],[116.39177,0.49865],[116.3893,0.50158],[116.3893,0.50331],[116.38699,0.5082],[116.38714,0.50993],[116.38602,0.51015],[116.38542,0.5094],[116.38415,0.5106],[116.38363,0.51023],[116.38363,0.50662],[116.38221,0.50699],[116.38102,0.50963],[116.37803,0.50985],[116.37833,0.51459],[116.37762,0.51635],[116.37538,0.51643],[116.37493,0.51725],[116.3762,0.51808],[116.37612,0.51989],[116.37545,0.52019],[116.37366,0.51928],[116.37299,0.51981],[116.37276,0.52154],[116.37314,0.52207],[116.37411,0.52199],[116.37411,0.52297],[116.37336,0.52364],[116.3712,0.52364],[116.37105,0.52688],[116.36948,0.52838],[116.36842,0.52794],[116.36378,0.51524],[116.36326,0.51128],[116.35643,0.48511],[116.34787,0.44779],[116.38782,0.45056],[116.40265,0.43959],[116.43741,0.40003],[116.44523,0.40548],[116.46262,0.45049]]]}},{"type":"Feature","properties":{"inventoryId":"big-oil-palm-kutai-timur:93","sector":"Sawit","subtype":"Izin Lokasi Sawit","quality":"OFFICIAL","sourceDataset":"big-oil-palm-kutai-timur","sourceRecordId":"93","source":"BIG Kebijakan Satu Peta","sourceUrl":"https://kspservices.big.go.id/satupeta/rest/services/PUBLIK/PERIZINAN_DAN_PERTANAHAN/MapServer/38","retrievedAt":"2026-08-24T23:55:27Z","geometryProcessing":"web display simplification tolerance 0.00035 degrees","name":"Kutai Mitra Sejahtera, PT (HPK)","group":"Rea Kaltim","issuer":"Bupati Kutai Timur","permitNumber":"525.26/K.390/HK/VII/2018","permitDate":"2018-07-16","areaHa":1964.0,"village":"-","subdistrict":"Muara Ancalong","district":"Kutai Timur","status":"Tidak Aktif","coverageCaveat":"BIG public plantation location layer covers selected districts only; it is not complete Indonesia-wide plantation coverage.","region":"kalimantan"},"geometry":{"type":"Polygon","coordinates":[[[116.49763,0.4801],[116.50753,0.49058],[116.53111,0.4909],[116.46601,0.53425],[116.45116,0.52678],[116.47948,0.49413],[116.47868,0.49206],[116.49763,0.4801]]]}},{"type":"Feature","properties":{"inventoryId":"big-oil-palm-kutai-timur:143","sector":"Sawit","subtype":"Izin Lokasi Sawit","quality":"OFFICIAL","sourceDataset":"big-oil-palm-kutai-timur","sourceRecordId":"143","source":"BIG Kebijakan Satu Peta","sourceUrl":"https://kspservices.big.go.id/satupeta/rest/services/PUBLIK/PERIZINAN_DAN_PERTANAHAN/MapServer/38","retrievedAt":"2026-08-24T23:55:27Z","geometryProcessing":"web display simplification tolerance 0.00035 degrees","name":"Kutim Agro Mandiri, PT","group":"Triputra Agro Persada","issuer":"Bupati Kutai Timur","permitNumber":"525.26/K.377/HK/VI/2015","permitDate":"2015-06-10","areaHa":7192.0,"village":"-","subdistrict":"Long Masengat, Busang, Telen","district":"Kutai Timur","status":"Aktif","coverageCaveat":"BIG public plantation location layer covers selected districts only; it is not complete Indonesia-wide plantation coverage.","region":"kalimantan"},"geometry":{"type":"Polygon","coordinates":[[[116.79335,0.91116],[116.82036,0.96669],[116.82068,0.96911],[116.79443,0.92116],[116.79096,0.91625],[116.78795,0.91062],[116.78217,0.91074],[116.76836,0.88148],[116.76605,0.87844],[116.76534,0.87924],[116.75795,0.87374],[116.7258,0.81019],[116.69477,0.81022],[116.69353,0.80763],[116.69353,0.80403],[116.6918,0.80054],[116.6925,0.79515],[116.68778,0.78634],[116.68473,0.7828],[116.68579,0.78043],[116.68719,0.77973],[116.6886,0.77984],[116.69024,0.78256],[116.69411,0.77654],[116.69517,0.77347],[116.69505,0.77205],[116.6913,0.76745],[116.68977,0.7645],[116.68813,0.76308],[116.69247,0.75517],[116.69482,0.75245],[116.69705,0.75186],[116.6808,0.7191],[116.68244,0.71616],[116.68303,0.71722],[116.76737,0.57124],[116.77127,0.56966],[116.77563,0.57153],[116.69556,0.71512],[116.71438,0.75302],[116.71499,0.75238],[116.71438,0.75302],[116.75977,0.8445],[116.76429,0.85335],[116.76503,0.85293],[116.76687,0.85605],[116.76626,0.85664],[116.76737,0.85734],[116.76756,0.8588],[116.79335,0.91116]]]}},{"type":"Feature","properties":{"inventoryId":"big-oil-palm-kutai-timur:144","sector":"Sawit","subtype":"Izin Lokasi Sawit","quality":"OFFICIAL","sourceDataset":"big-oil-palm-kutai-timur","sourceRecordId":"144","source":"BIG Kebijakan Satu Peta","sourceUrl":"https://kspservices.big.go.id/satupeta/rest/services/PUBLIK/PERIZINAN_DAN_PERTANAHAN/MapServer/38","retrievedAt":"2026-08-24T23:55:27Z","geometryProcessing":"web display simplification tolerance 0.00035 degrees","name":"Lintas Khatulistiwa Utama, PT","group":"Indo Gunta","issuer":"Bupati Kutai Timur","permitNumber":"21/02.188.45/HK/I/2006","permitDate":"2006-01-17","areaHa":7281.0,"village":"Bumi Rapak","subdistrict":"Kaubun, Karangan","district":"Kutai Timur","status":"Aktif","coverageCaveat":"BIG public plantation location layer covers selected districts only; it is not complete Indonesia-wide plantation coverage.","region":"kalimantan"},"geometry":{"type":"Polygon","coordinates":[[[117.73106,1.01614],[117.7255,1.02242],[117.71814,1.01465],[117.69557,1.01269],[117.68971,1.0068],[117.68336,1.00806],[117.68313,1.00132],[117.66961,0.98636],[117.70107,0.98523],[117.70145,0.95136],[117.80379,0.9516],[117.80422,1.0069],[117.78334,1.01466],[117.78238,1.00779],[117.77036,0.97188],[117.73106,1.01614]]]}},{"type":"Feature","properties":{"inventoryId":"big-oil-palm-kutai-timur:99","sector":"Sawit","subtype":"Izin Lokasi Sawit","quality":"OFFICIAL","sourceDataset":"big-oil-palm-kutai-timur","sourceRecordId":"99","source":"BIG Kebijakan Satu Peta","sourceUrl":"https://kspservices.big.go.id/satupeta/rest/services/PUBLIK/PERIZINAN_DAN_PERTANAHAN/MapServer/38","retrievedAt":"2026-08-24T23:55:27Z","geometryProcessing":"web display simplification tolerance 0.00035 degrees","name":"Long Bagun Prima Sawit, PT (I)","group":"Indo Gunta","issuer":"Bupati Kutai Timur","permitNumber":"188.4.45/106/HK/III/2008","permitDate":"2008-03-18","areaHa":5092.0,"village":"Batu Lepoq","subdistrict":"Karangan","district":"Kutai Timur","status":"Aktif","coverageCaveat":"BIG public plantation location layer covers selected districts only; it is not complete Indonesia-wide plantation coverage.","region":"kalimantan"},"geometry":{"type":"Polygon","coordinates":[[[117.88818,1.4637],[117.88818,1.46857],[117.84287,1.46856],[117.84261,1.45576],[117.82974,1.45578],[117.82974,1.42264],[117.83429,1.42249],[117.83406,1.40459],[117.8366,1.40358],[117.84671,1.36933],[117.85299,1.3612],[117.85345,1.37048],[117.86891,1.41994],[117.87649,1.42635],[117.88165,1.42231],[117.88699,1.42195],[117.88716,1.43009],[117.90716,1.43018],[117.90707,1.45],[117.9,1.45],[117.9,1.45401],[117.89595,1.45384],[117.89601,1.45705],[117.89128,1.45696],[117.89131,1.46064],[117.88818,1.46063],[117.88818,1.4637]]]}},{"type":"Feature","properties":{"inventoryId":"big-oil-palm-kutai-timur:114","sector":"Sawit","subtype":"Izin Lokasi Sawit","quality":"OFFICIAL","sourceDataset":"big-oil-palm-kutai-timur","sourceRecordId":"114","source":"BIG Kebijakan Satu Peta","sourceUrl":"https://kspservices.big.go.id/satupeta/rest/services/PUBLIK/PERIZINAN_DAN_PERTANAHAN/MapServer/38","retrievedAt":"2026-08-24T23:55:27Z","geometryProcessing":"web display simplification tolerance 0.00035 degrees","name":"Long Bagun Prima Sawit, PT (II)","group":"Indo Gunta","issuer":"Bupati Kutai Timur","permitNumber":"525.26/K.157/HK/IV/2018","permitDate":"2018-04-02","areaHa":1944.0,"village":"-","subdistrict":"Karangan","district":"Kutai Timur","status":"Aktif","coverageCaveat":"BIG public plantation location layer covers selected districts only; it is not complete Indonesia-wide plantation coverage.","region":"kalimantan"},"geometry":{"type":"MultiPolygon","coordinates":[[[[117.82449,1.40477],[117.82193,1.4039],[117.82014,1.40442],[117.81934,1.40352],[117.81776,1.40326],[117.81555,1.39197],[117.81799,1.37566],[117.81757,1.36347],[117.81499,1.33008],[117.81998,1.32991],[117.82032,1.33785],[117.82319,1.36565],[117.82448,1.39137],[117.82449,1.40477]]],[[[117.83414,1.4103],[117.83135,1.40669],[117.82941,1.40546],[117.83164,1.40286],[117.83066,1.40178],[117.83057,1.39981],[117.83117,1.39822],[117.83827,1.39792],[117.8366,1.40358],[117.83406,1.40459],[117.83414,1.4103]]],[[[117.90095,1.43005],[117.88716,1.43009],[117.8871,1.42698],[117.89273,1.42523],[117.89737,1.42297],[117.89755,1.42971],[117.9009,1.42956],[117.90095,1.43005]]],[[[117.81942,1.44236],[117.81843,1.44299],[117.8214,1.42182],[117.82098,1.41469],[117.8191,1.40639],[117.822,1.40581],[117.82452,1.40669],[117.82481,1.41489],[117.82569,1.41428],[117.82569,1.41274],[117.82764,1.41161],[117.8282,1.40801],[117.82927,1.4074],[117.83019,1.40812],[117.83226,1.41097],[117.83243,1.41289],[117.83333,1.41344],[117.83281,1.416],[117.83422,1.41694],[117.83429,1.42249],[117.82974,1.42288],[117.82834,1.42224],[117.82741,1.42271],[117.82699,1.42379],[117.82533,1.42332],[117.82505,1.44278],[117.82335,1.44221],[117.81942,1.44236]]],[[[117.8274,1.44388],[117.82641,1.44254],[117.82579,1.44248],[117.82546,1.42842],[117.82974,1.42763],[117.82974,1.44252],[117.8293,1.44254],[117.8289,1.44376],[117.8274,1.44388]]],[[[117.82837,1.45223],[117.82603,1.45271],[117.82587,1.44608],[117.82736,1.44633],[117.8282,1.44581],[117.82974,1.44632],[117.82974,1.45223],[117.82837,1.45223]]],[[[117.89639,1.46122],[117.8946,1.46223],[117.88818,1.4637],[117.88818,1.46063],[117.89131,1.46064],[117.89128,1.45696],[117.89601,1.45705],[117.89595,1.45384],[117.9,1.45401],[117.9,1.45],[117.90707,1.45],[117.90711,1.44073],[117.90985,1.44075],[117.91016,1.45184],[117.90933,1.45239],[117.91001,1.45368],[117.90134,1.45995],[117.90017,1.45971],[117.89639,1.46122]]],[[[117.82451,1.45296],[117.82453,1.45364],[117.81551,1.46492],[117.81717,1.45208],[117.81871,1.45198],[117.81988,1.45088],[117.81985,1.44715],[117.82116,1.44681],[117.82176,1.44576],[117.82119,1.44423],[117.82328,1.44408],[117.82496,1.44467],[117.82451,1.45296]]],[[[117.83428,1.46386],[117.83166,1.4653],[117.82848,1.46376],[117.82761,1.46422],[117.82628,1.4637],[117.82608,1.45485],[117.82974,1.45406],[117.82974,1.45578],[117.84261,1.45576],[117.84266,1.45828],[117.83958,1.45905],[117.83368,1.45779],[117.8333,1.46046],[117.83494,1.46204],[117.83428,1.46386]]],[[[117.87855,1.46857],[117.87764,1.46966],[117.87649,1.46857],[117.87855,1.46857]]],[[[117.86124,1.47032],[117.85716,1.47156],[117.85671,1.46982],[117.85569,1.46927],[117.85215,1.46932],[117.85277,1.46857],[117.8657,1.46858],[117.86555,1.47014],[117.86124,1.47032]]],[[[117.84082,1.47099],[117.84026,1.47166],[117.84038,1.47038],[117.84229,1.46988],[117.84287,1.46856],[117.8504,1.46857],[117.84909,1.47094],[117.84523,1.47078],[117.84373,1.47149],[117.84082,1.47099]]],[[[117.84208,1.47473],[117.83955,1.47589],[117.83889,1.47552],[117.83876,1.47464],[117.84172,1.47307],[117.84439,1.47321],[117.84676,1.47242],[117.84564,1.47454],[117.84208,1.47473]]],[[[117.82495,1.46949],[117.8254,1.47212],[117.83109,1.4747],[117.8342,1.47967],[117.83894,1.48511],[117.82799,1.48508],[117.81961,1.47784],[117.81599,1.47642],[117.81551,1.46668],[117.81674,1.46638],[117.8246,1.45633],[117.82495,1.46949]]]]}},{"type":"Feature","properties":{"inventoryId":"big-oil-palm-kutai-timur:124","sector":"Sawit","subtype":"Izin Lokasi Sawit","quality":"OFFICIAL","sourceDataset":"big-oil-palm-kutai-timur","sourceRecordId":"124","source":"BIG Kebijakan Satu Peta","sourceUrl":"https://kspservices.big.go.id/satupeta/rest/services/PUBLIK/PERIZINAN_DAN_PERTANAHAN/MapServer/38","retrievedAt":"2026-08-24T23:55:27Z","geometryProcessing":"web display simplification tolerance 0.00035 degrees","name":"Maryam Decorindo Persada, PT","issuer":"Bupati Kutai Timur","permitNumber":"525.26/K.81/HK/I/2018","permitDate":"2018-01-23","areaHa":2500.0,"village":"-","subdistrict":"Sandaran","district":"Kutai Timur","status":"Aktif","coverageCaveat":"BIG public plantation location layer covers selected districts only; it is not complete Indonesia-wide plantation coverage.","region":"kalimantan"},"geometry":{"type":"MultiPolygon","coordinates":[[[[118.89308,1.03653],[118.88234,1.03634],[118.8807,1.03554],[118.87911,1.03364],[118.8763,1.02818],[118.87492,1.02283],[118.87482,1.01879],[118.86906,1.01518],[118.86563,1.01415],[118.86554,1.01129],[118.87948,1.01495],[118.90689,1.01347],[118.91009,1.01604],[118.91682,1.01942],[118.92527,1.02994],[118.92501,1.03159],[118.9078,1.03383],[118.89308,1.03653]]],[[[118.9365,1.01816],[118.93605,1.02023],[118.93718,1.02178],[118.93691,1.02304],[118.93782,1.02433],[118.93782,1.02536],[118.93845,1.02617],[118.94105,1.02709],[118.94205,1.02912],[118.92726,1.0309],[118.92671,1.02886],[118.91808,1.01813],[118.90959,1.01332],[118.92899,1.01227],[118.9351,1.01072],[118.93511,1.01191],[118.93586,1.01276],[118.93459,1.0161],[118.93551,1.01728],[118.93677,1.0177],[118.9365,1.01816]]],[[[118.98097,1.02779],[118.97927,1.03134],[118.97076,1.02748],[118.96609,1.028],[118.96443,1.02926],[118.9587,1.02796],[118.95582,1.02402],[118.95431,1.01864],[118.95442,1.01733],[118.9537,1.01688],[118.95349,1.01589],[118.95439,1.01489],[118.95316,1.01408],[118.95355,1.01092],[118.9533,1.00966],[118.95236,1.00861],[118.95347,1.00607],[118.95519,1.00563],[118.96933,1.0054],[118.97613,0.99721],[118.98012,0.99718],[118.98015,0.99849],[118.97801,0.99921],[118.97521,1.00189],[118.97317,1.00577],[118.97286,1.00779],[118.97396,1.01589],[118.9764,1.02128],[118.98097,1.02779]]],[[[118.95103,1.03156],[118.95101,1.03251],[118.94936,1.03081],[118.94804,1.03074],[118.94693,1.02957],[118.94425,1.02893],[118.94224,1.02572],[118.93959,1.02467],[118.9396,1.02375],[118.93877,1.02267],[118.93896,1.0211],[118.93781,1.01983],[118.93872,1.01665],[118.93639,1.01566],[118.93759,1.01356],[118.93696,1.01025],[118.9515,1.00656],[118.95051,1.00895],[118.95175,1.01105],[118.95118,1.01285],[118.95153,1.01543],[118.95414,1.02475],[118.95572,1.02652],[118.95416,1.02698],[118.95384,1.02851],[118.95103,1.03156]]]]}},{"type":"Feature","properties":{"inventoryId":"big-oil-palm-kutai-timur:100","sector":"Sawit","subtype":"Izin Lokasi Sawit","quality":"OFFICIAL","sourceDataset":"big-oil-palm-kutai-timur","sourceRecordId":"100","source":"BIG Kebijakan Satu Peta","sourceUrl":"https://kspservices.big.go.id/satupeta/rest/services/PUBLIK/PERIZINAN_DAN_PERTANAHAN/MapServer/38","retrievedAt":"2026-08-24T23:55:27Z","geometryProcessing":"web display simplification tolerance 0.00035 degrees","name":"Minanga Kutai Timur Agri, PT (I)","group":"Minanga Ogan","issuer":"Bupati Kutai Timur","permitNumber":"525.26/K.290/HK/IV/2018","permitDate":"2018-04-26","areaHa":1715.0,"village":"-","subdistrict":"Kaubun, Bengalon","district":"Kutai Timur","status":"Aktif","coverageCaveat":"BIG public plantation location layer covers selected districts only; it is not complete Indonesia-wide plantation coverage.","region":"kalimantan"},"geometry":{"type":"MultiPolygon","coordinates":[[[[117.76667,0.91344],[117.74167,0.92465],[117.74167,0.85394],[117.7514,0.85964],[117.74389,0.85964],[117.74389,0.87861],[117.74528,0.87861],[117.74528,0.88333],[117.75,0.88333],[117.75,0.88714],[117.75833,0.88714],[117.75833,0.89167],[117.76472,0.89167],[117.76472,0.89583],[117.76944,0.89583],[117.76944,0.89706],[117.75833,0.89998],[117.77058,0.91191],[117.76667,0.9125],[117.76667,0.91344]]],[[[117.76442,0.92999],[117.76068,0.94349],[117.76342,0.9515],[117.7416,0.95145],[117.74167,0.9282],[117.7502,0.92744],[117.76021,0.92571],[117.7618,0.92413],[117.76633,0.91513],[117.76861,0.91495],[117.76442,0.92999]]]]}},{"type":"Feature","properties":{"inventoryId":"big-oil-palm-kutai-timur:107","sector":"Sawit","subtype":"Izin Lokasi Sawit","quality":"OFFICIAL","sourceDataset":"big-oil-palm-kutai-timur","sourceRecordId":"107","source":"BIG Kebijakan Satu Peta","sourceUrl":"https://kspservices.big.go.id/satupeta/rest/services/PUBLIK/PERIZINAN_DAN_PERTANAHAN/MapServer/38","retrievedAt":"2026-08-24T23:55:27Z","geometryProcessing":"web display simplification tolerance 0.00035 degrees","name":"Minanga Kutai Timur Agri, PT (II)","group":"Minanga Ogan","issuer":"Bupati Kutai Timur","permitNumber":"525.26/K.289/HK/IV/2018","permitDate":"2018-04-26","areaHa":1024.0,"village":"-","subdistrict":"Bengalon","district":"Kutai Timur","status":"Aktif","coverageCaveat":"BIG public plantation location layer covers selected districts only; it is not complete Indonesia-wide plantation coverage.","region":"kalimantan"},"geometry":{"type":"MultiPolygon","coordinates":[[[[117.65833,0.83333],[117.65833,0.86667],[117.64167,0.86667],[117.64167,0.83333],[117.65833,0.83333]]],[[[117.68333,0.88333],[117.68333,0.91667],[117.675,0.91667],[117.675,0.88333],[117.68333,0.88333]]]]}},{"type":"Feature","properties":{"inventoryId":"big-oil-palm-kutai-timur:137","sector":"Sawit","subtype":"Izin Lokasi Sawit","quality":"OFFICIAL","sourceDataset":"big-oil-palm-kutai-timur","sourceRecordId":"137","source":"BIG Kebijakan Satu Peta","sourceUrl":"https://kspservices.big.go.id/satupeta/rest/services/PUBLIK/PERIZINAN_DAN_PERTANAHAN/MapServer/38","retrievedAt":"2026-08-24T23:55:27Z","geometryProcessing":"web display simplification tolerance 0.00035 degrees","name":"Mukti Sejahtera Abadi, PT","issuer":"Bupati Kutai Timur","permitNumber":"525.26/K.958/HK/X/2013","permitDate":"2013-10-31","areaHa":5290.0,"village":"-","subdistrict":"Batu Ampar","district":"Kutai Timur","status":"Aktif","coverageCaveat":"BIG public plantation location layer covers selected districts only; it is not complete Indonesia-wide plantation coverage.","region":"kalimantan"},"geometry":{"type":"MultiPolygon","coordinates":[[[[116.86649,0.71783],[116.85047,0.71781],[116.84887,0.7161],[116.84438,0.71547],[116.8381,0.70759],[116.83604,0.70747],[116.83275,0.70862],[116.83228,0.7081],[116.83224,0.70336],[116.83044,0.69697],[116.82855,0.69488],[116.82777,0.69034],[116.82603,0.6895],[116.82226,0.68996],[116.81872,0.68771],[116.81827,0.68318],[116.82045,0.68268],[116.82573,0.68284],[116.82688,0.68222],[116.82769,0.68116],[116.82796,0.67863],[116.8308,0.67463],[116.83073,0.67275],[116.82978,0.67084],[116.82623,0.66774],[116.82457,0.66406],[116.82593,0.66082],[116.8302,0.65571],[116.83085,0.65353],[116.83073,0.65139],[116.83008,0.65038],[116.82723,0.64859],[116.82427,0.64823],[116.82283,0.64698],[116.82559,0.63851],[116.8249,0.63187],[116.82197,0.62338],[116.8223,0.61956],[116.82506,0.60636],[116.85239,0.60611],[116.84161,0.63744],[116.86158,0.68448],[116.86649,0.701],[116.86649,0.71783]]],[[[116.84334,0.71788],[116.81008,0.71794],[116.81389,0.67929],[116.80579,0.62973],[116.80941,0.62973],[116.81255,0.61933],[116.81987,0.61854],[116.81928,0.62385],[116.82204,0.63154],[116.82236,0.6363],[116.82332,0.63785],[116.81988,0.64573],[116.81976,0.6474],[116.82012,0.64883],[116.82129,0.65028],[116.82642,0.6515],[116.82751,0.65256],[116.82765,0.65438],[116.82279,0.65963],[116.82196,0.66106],[116.8216,0.6638],[116.82196,0.66702],[116.82279,0.66893],[116.82641,0.6732],[116.82682,0.67502],[116.82456,0.68015],[116.81567,0.6823],[116.815,0.68411],[116.81585,0.68538],[116.81593,0.68876],[116.8171,0.69008],[116.8214,0.69254],[116.82554,0.69222],[116.82607,0.69638],[116.82807,0.69848],[116.8298,0.7045],[116.82966,0.70943],[116.83107,0.71093],[116.83305,0.7116],[116.83694,0.71029],[116.84146,0.71656],[116.84334,0.71788]]]]}},{"type":"Feature","properties":{"inventoryId":"big-oil-palm-kutai-timur:42","sector":"Sawit","subtype":"Izin Lokasi Sawit","quality":"OFFICIAL","sourceDataset":"big-oil-palm-kutai-timur","sourceRecordId":"42","source":"BIG Kebijakan Satu Peta","sourceUrl":"https://kspservices.big.go.id/satupeta/rest/services/PUBLIK/PERIZINAN_DAN_PERTANAHAN/MapServer/38","retrievedAt":"2026-08-24T23:55:27Z","geometryProcessing":"web display simplification tolerance 0.00035 degrees","name":"Multi Mandiri Perdana, PT / Sinergy Agro Industri, PT (II)","group":"Sinergy","issuer":"Bupati Kutai Timur","permitNumber":"188.4.45/513/HK/VIII/2009","permitDate":"2009-08-31","areaHa":4551.0,"village":"Susuk Dalam, Susuk Luar, Marukanagn","subdistrict":"Sandaran","district":"Kutai Timur","status":"Aktif","coverageCaveat":"BIG public plantation location layer covers selected districts only; it is not complete Indonesia-wide plantation coverage.","region":"kalimantan"},"geometry":{"type":"Polygon","coordinates":[[[118.2083,0.94123],[118.20836,0.93816],[118.20633,0.93113],[118.20528,0.92002],[118.19881,0.90477],[118.26429,0.90001],[118.26675,0.9095],[118.31192,0.90557],[118.31241,0.93573],[118.20829,0.94247],[118.2083,0.94123]]]}},{"type":"Feature","properties":{"inventoryId":"big-oil-palm-kutai-timur:52","sector":"Sawit","subtype":"Izin Lokasi Sawit","quality":"OFFICIAL","sourceDataset":"big-oil-palm-kutai-timur","sourceRecordId":"52","source":"BIG Kebijakan Satu Peta","sourceUrl":"https://kspservices.big.go.id/satupeta/rest/services/PUBLIK/PERIZINAN_DAN_PERTANAHAN/MapServer/38","retrievedAt":"2026-08-24T23:55:27Z","geometryProcessing":"web display simplification tolerance 0.00035 degrees","name":"Multi Pasific International, PT (Baay)","group":"Indo Gunta","issuer":"Bupati Kutai Timur","permitNumber":"525.26/K.449/HK/V/2014","permitDate":"2014-05-22","areaHa":3822.0,"village":"Baay","subdistrict":"Karangan","district":"Kutai Timur","status":"Aktif","coverageCaveat":"BIG public plantation location layer covers selected districts only; it is not complete Indonesia-wide plantation coverage.","region":"kalimantan"},"geometry":{"type":"Polygon","coordinates":[[[117.58449,1.358],[117.58448,1.36294],[117.57186,1.36205],[117.55912,1.35508],[117.55346,1.3513],[117.55052,1.34836],[117.54821,1.33758],[117.5437,1.32849],[117.5417,1.32197],[117.54168,1.31372],[117.54383,1.30787],[117.54927,1.29705],[117.56469,1.27371],[117.56709,1.26799],[117.58456,1.26772],[117.58449,1.358]]]}},{"type":"Feature","properties":{"inventoryId":"big-oil-palm-kutai-timur:73","sector":"Sawit","subtype":"Izin Lokasi Sawit","quality":"OFFICIAL","sourceDataset":"big-oil-palm-kutai-timur","sourceRecordId":"73","source":"BIG Kebijakan Satu Peta","sourceUrl":"https://kspservices.big.go.id/satupeta/rest/services/PUBLIK/PERIZINAN_DAN_PERTANAHAN/MapServer/38","retrievedAt":"2026-08-24T23:55:27Z","geometryProcessing":"web display simplification tolerance 0.00035 degrees","name":"Multi Pasific International, PT (Cipta Graha)","group":"Indo Gunta","issuer":"Bupati Kutai Timur","permitNumber":"525.26/K.993/HK/XI/2013","permitDate":"2013-11-19","areaHa":3719.0,"village":"Cipta Graha","subdistrict":"Kaubun","district":"Kutai Timur","status":"Aktif","coverageCaveat":"BIG public plantation location layer covers selected districts only; it is not complete Indonesia-wide plantation coverage.","region":"kalimantan"},"geometry":{"type":"Polygon","coordinates":[[[117.81056,1.0417],[117.75913,1.04221],[117.76144,1.03832],[117.76273,1.03736],[117.76194,1.03716],[117.76177,1.0362],[117.76046,1.0354],[117.76092,1.03356],[117.76,1.03287],[117.75868,1.03325],[117.75749,1.03127],[117.75559,1.03129],[117.75505,1.03232],[117.75342,1.03296],[117.75293,1.03471],[117.75356,1.03552],[117.75243,1.03656],[117.7492,1.03653],[117.74836,1.03426],[117.74494,1.03104],[117.74309,1.03003],[117.74042,1.02558],[117.74082,1.02415],[117.7402,1.02247],[117.739,1.02116],[117.73687,1.02072],[117.73625,1.01932],[117.73329,1.01863],[117.73106,1.01614],[117.77036,0.97188],[117.78238,1.00779],[117.78334,1.01466],[117.81056,1.00455],[117.81056,1.0417]]]}},{"type":"Feature","properties":{"inventoryId":"big-oil-palm-kutai-timur:62","sector":"Sawit","subtype":"Izin Lokasi Sawit","quality":"OFFICIAL","sourceDataset":"big-oil-palm-kutai-timur","sourceRecordId":"62","source":"BIG Kebijakan Satu Peta","sourceUrl":"https://kspservices.big.go.id/satupeta/rest/services/PUBLIK/PERIZINAN_DAN_PERTANAHAN/MapServer/38","retrievedAt":"2026-08-24T23:55:27Z","geometryProcessing":"web display simplification tolerance 0.00035 degrees","name":"Multi Pasific International, PT (Kerayaan)","group":"Indo Gunta","issuer":"Bupati Kutai Timur","permitNumber":"525.26/K.517/2010","permitDate":"2010-05-26","areaHa":3107.0,"village":"Kerayaan","subdistrict":"Sangkulirang","district":"Kutai Timur","status":"Aktif","coverageCaveat":"BIG public plantation location layer covers selected districts only; it is not complete Indonesia-wide plantation coverage.","region":"kalimantan"},"geometry":{"type":"Polygon","coordinates":[[[118.13515,1.03314],[118.13127,1.03315],[118.12814,1.03206],[118.12414,1.03245],[118.12361,1.03092],[118.11591,1.02933],[118.10789,1.0264],[118.09573,0.99971],[118.11516,0.98818],[118.11611,0.98964],[118.13589,0.97535],[118.1471,0.98961],[118.17039,1.01704],[118.16423,1.02013],[118.15756,1.02529],[118.14624,1.03054],[118.14355,1.03173],[118.13515,1.03314]]]}},{"type":"Feature","properties":{"inventoryId":"big-oil-palm-kutai-timur:79","sector":"Sawit","subtype":"Izin Lokasi Sawit","quality":"OFFICIAL","sourceDataset":"big-oil-palm-kutai-timur","sourceRecordId":"79","source":"BIG Kebijakan Satu Peta","sourceUrl":"https://kspservices.big.go.id/satupeta/rest/services/PUBLIK/PERIZINAN_DAN_PERTANAHAN/MapServer/38","retrievedAt":"2026-08-24T23:55:27Z","geometryProcessing":"web display simplification tolerance 0.00035 degrees","name":"Multi Pasific International, PT (Nuaring)","group":"Indo Gunta","issuer":"Bupati Kutai Timur","permitNumber":"525.26/K.160/HK/IV/2018","permitDate":"2018-04-05","areaHa":1836.0,"village":"Baay","subdistrict":"Karangan","district":"Kutai Timur","status":"Aktif","coverageCaveat":"BIG public plantation location layer covers selected districts only; it is not complete Indonesia-wide plantation coverage.","region":"kalimantan"},"geometry":{"type":"Polygon","coordinates":[[[117.64972,1.26662],[117.64885,1.26727],[117.64927,1.26842],[117.64738,1.26958],[117.64524,1.26836],[117.6469,1.26609],[117.64614,1.26535],[117.64479,1.2652],[117.64335,1.26223],[117.64178,1.26186],[117.64133,1.26238],[117.6382,1.26062],[117.63675,1.26086],[117.63652,1.26172],[117.63514,1.26262],[117.6341,1.26248],[117.63311,1.26316],[117.63231,1.26233],[117.63281,1.26151],[117.63258,1.26027],[117.63172,1.25994],[117.63071,1.26055],[117.63069,1.25772],[117.62959,1.25726],[117.62788,1.25794],[117.62785,1.25612],[117.62662,1.25571],[117.62741,1.25376],[117.62666,1.2526],[117.62542,1.25239],[117.62583,1.25171],[117.62521,1.2509],[117.62414,1.25117],[117.6234,1.2503],[117.62207,1.25081],[117.62124,1.25222],[117.61965,1.25241],[117.62001,1.25103],[117.61859,1.2507],[117.61762,1.25258],[117.61725,1.24694],[117.61347,1.2474],[117.61053,1.24849],[117.60851,1.25024],[117.60661,1.25107],[117.60644,1.24908],[117.60372,1.24912],[117.60383,1.25151],[117.59809,1.24822],[117.59407,1.24854],[117.59377,1.23183],[117.57459,1.2307],[117.57968,1.25143],[117.57454,1.25242],[117.57582,1.24431],[117.57113,1.23907],[117.56981,1.23378],[117.56981,1.22972],[117.56909,1.2287],[117.58301,1.21921],[117.61091,1.24067],[117.62277,1.23544],[117.62605,1.23173],[117.63104,1.22933],[117.63932,1.22715],[117.64762,1.22639],[117.64972,1.26662]]]}},{"type":"Feature","properties":{"inventoryId":"big-oil-palm-kutai-timur:64","sector":"Sawit","subtype":"Izin Lokasi Sawit","quality":"OFFICIAL","sourceDataset":"big-oil-palm-kutai-timur","sourceRecordId":"64","source":"BIG Kebijakan Satu Peta","sourceUrl":"https://kspservices.big.go.id/satupeta/rest/services/PUBLIK/PERIZINAN_DAN_PERTANAHAN/MapServer/38","retrievedAt":"2026-08-24T23:55:27Z","geometryProcessing":"web display simplification tolerance 0.00035 degrees","name":"Multi Pasific International, PT (Peridan)","group":"Indo Gunta","issuer":"Bupati Kutai Timur","permitNumber":"525.26/K.516/2010","permitDate":"2010-05-26","areaHa":3496.0,"village":"Peridan","subdistrict":"Sangkulirang","district":"Kutai Timur","status":"Aktif","coverageCaveat":"BIG public plantation location layer covers selected districts only; it is not complete Indonesia-wide plantation coverage.","region":"kalimantan"},"geometry":{"type":"Polygon","coordinates":[[[118.0308,1.01067],[118.03076,1.01889],[118.02592,1.0189],[118.0259,1.00883],[118.02146,1.00902],[118.02039,1.00567],[118.01498,1.00559],[118.01488,0.98463],[118.01207,0.98467],[118.01032,0.96919],[118.02138,0.9533],[118.04153,0.95364],[118.0536,0.94366],[118.06358,0.94987],[118.07363,0.96105],[118.09975,0.96399],[118.10422,0.96114],[118.112,0.95045],[118.11682,0.9523],[118.12892,0.9672],[118.11268,0.97833],[118.10312,0.97847],[118.10111,0.97509],[118.09471,0.97508],[118.09493,0.98012],[118.09108,0.98199],[118.09357,0.98769],[118.09549,0.99031],[118.09235,0.99243],[118.0988,1.00622],[118.09248,1.00522],[118.08608,0.9948],[118.08647,0.9897],[118.0891,0.98043],[118.0735,0.9803],[118.08259,0.96957],[118.04974,0.96958],[118.04979,0.96919],[118.04798,0.96919],[118.04798,0.96468],[118.03968,0.96466],[118.03976,0.97459],[118.03399,0.98021],[118.0307,0.99376],[118.0308,1.01067]]]}},{"type":"Feature","properties":{"inventoryId":"big-oil-palm-kutai-timur:123","sector":"Sawit","subtype":"Izin Lokasi Sawit","quality":"OFFICIAL","sourceDataset":"big-oil-palm-kutai-timur","sourceRecordId":"123","source":"BIG Kebijakan Satu Peta","sourceUrl":"https://kspservices.big.go.id/satupeta/rest/services/PUBLIK/PERIZINAN_DAN_PERTANAHAN/MapServer/38","retrievedAt":"2026-08-24T23:55:27Z","geometryProcessing":"web display simplification tolerance 0.00035 degrees","name":"Nadilla Indoagro Plantation, PT","issuer":"Bupati Kutai Timur","permitNumber":"525.21/K.283/HK/IV/2018","permitDate":"2018-04-26","areaHa":1456.0,"village":"-","subdistrict":"Sandaran","district":"Kutai Timur","status":"Aktif","coverageCaveat":"BIG public plantation location layer covers selected districts only; it is not complete Indonesia-wide plantation coverage.","region":"kalimantan"},"geometry":{"type":"MultiPolygon","coordinates":[[[[118.50472,0.91364],[118.50352,0.91876],[118.50008,0.91907],[118.50008,0.92087],[118.49619,0.924],[118.49198,0.93042],[118.48558,0.93495],[118.46909,0.94184],[118.46699,0.94198],[118.47169,0.93168],[118.47878,0.92332],[118.47515,0.91928],[118.4773,0.91588],[118.48474,0.91232],[118.48906,0.91208],[118.4949,0.9102],[118.50496,0.90978],[118.50472,0.91364]]],[[[118.55163,0.95879],[118.52843,0.96026],[118.52684,0.95933],[118.52499,0.95704],[118.52301,0.95722],[118.5203,0.95872],[118.51807,0.95894],[118.51746,0.95574],[118.51578,0.95319],[118.51334,0.95176],[118.50957,0.9509],[118.50419,0.95114],[118.49313,0.95401],[118.49768,0.95091],[118.50008,0.95066],[118.50009,0.94853],[118.50619,0.94837],[118.51009,0.94946],[118.51549,0.94858],[118.53158,0.94815],[118.54199,0.95015],[118.54254,0.94819],[118.55063,0.95412],[118.55163,0.95879]]],[[[118.49136,0.96469],[118.48651,0.96724],[118.48369,0.95758],[118.49006,0.95582],[118.49568,0.95553],[118.50419,0.95298],[118.50737,0.95265],[118.51046,0.95284],[118.51338,0.95373],[118.51489,0.95488],[118.51589,0.95672],[118.51627,0.95895],[118.50907,0.95791],[118.50216,0.96177],[118.49728,0.96332],[118.49371,0.96332],[118.49136,0.96469]]]]}},{"type":"Feature","properties":{"inventoryId":"big-oil-palm-kutai-timur:11","sector":"Sawit","subtype":"Izin Lokasi Sawit","quality":"OFFICIAL","sourceDataset":"big-oil-palm-kutai-timur","sourceRecordId":"11","source":"BIG Kebijakan Satu Peta","sourceUrl":"https://kspservices.big.go.id/satupeta/rest/services/PUBLIK/PERIZINAN_DAN_PERTANAHAN/MapServer/38","retrievedAt":"2026-08-24T23:55:27Z","geometryProcessing":"web display simplification tolerance 0.00035 degrees","name":"Nalapalma Cadudasa, PT (I)","group":"Nala","issuer":"Bupati Kutai Timur","permitNumber":"188.4.45/815/HK/XII/2009","permitDate":"2009-12-01","areaHa":10830.0,"village":"Senambah, Ngayau","subdistrict":"Ma. Bengkal","district":"Kutai Timur","status":"Aktif","coverageCaveat":"BIG public plantation location layer covers selected districts only; it is not complete Indonesia-wide plantation coverage.","region":"kalimantan"},"geometry":{"type":"Polygon","coordinates":[[[116.73506,0.38992],[116.73396,0.38909],[116.73425,0.38777],[116.73334,0.38561],[116.73671,0.38367],[116.73705,0.38232],[116.73571,0.37991],[116.73857,0.37951],[116.73907,0.3766],[116.73872,0.37569],[116.7359,0.3732],[116.73457,0.3702],[116.73563,0.36464],[116.73743,0.3631],[116.73643,0.36086],[116.73659,0.36012],[116.73761,0.35936],[116.73988,0.35904],[116.7421,0.35646],[116.74267,0.35506],[116.74211,0.35327],[116.74245,0.35212],[116.74451,0.35178],[116.74664,0.35251],[116.74825,0.35242],[116.74869,0.35174],[116.74766,0.34968],[116.74789,0.34883],[116.74966,0.34824],[116.75284,0.34558],[116.75699,0.34509],[116.75959,0.34294],[116.75977,0.34201],[116.75821,0.33988],[116.75845,0.33801],[116.7625,0.33392],[116.76305,0.3307],[116.76595,0.32574],[116.77192,0.32628],[116.77344,0.32583],[116.77418,0.32529],[116.7751,0.32291],[116.77733,0.32176],[116.78033,0.31764],[116.78085,0.31754],[116.78178,0.31863],[116.78271,0.31756],[116.78257,0.31624],[116.78153,0.31463],[116.7822,0.31126],[116.78115,0.3085],[116.78333,0.30425],[116.78242,0.30289],[116.77911,0.30126],[116.77935,0.29995],[116.78215,0.29982],[116.78243,0.29885],[116.78082,0.29642],[116.78059,0.29391],[116.77866,0.29226],[116.77943,0.29139],[116.78189,0.29129],[116.78268,0.28997],[116.78215,0.2893],[116.77831,0.28819],[116.7774,0.28638],[116.77878,0.28396],[116.77899,0.28145],[116.78225,0.27828],[116.78128,0.27656],[116.78256,0.27231],[116.78188,0.27],[116.78443,0.26839],[116.78526,0.267],[116.78437,0.26527],[116.78184,0.26501],[116.78265,0.25948],[116.78387,0.25825],[116.78482,0.25987],[116.78597,0.25994],[116.78683,0.25925],[116.78736,0.25758],[116.78875,0.25691],[116.78886,0.2534],[116.7919,0.24787],[116.79164,0.24276],[116.7924,0.24109],[116.79174,0.24035],[116.78936,0.23972],[116.78879,0.23825],[116.79082,0.23669],[116.79231,0.23678],[116.79258,0.2362],[116.79069,0.23322],[116.78648,0.23101],[116.78538,0.231],[116.78329,0.23297],[116.78243,0.23253],[116.78099,0.23033],[116.77871,0.23035],[116.77875,0.22847],[116.77714,0.22747],[116.77629,0.22588],[116.77784,0.22357],[116.7775,0.22085],[116.77689,0.22005],[116.77486,0.21925],[116.77203,0.21557],[116.77065,0.21062],[116.76949,0.20849],[116.76988,0.2078],[116.77452,0.20644],[116.77507,0.2051],[116.77075,0.20326],[116.76972,0.19959],[116.76749,0.20037],[116.76599,0.19955],[116.76594,0.19783],[116.76758,0.19531],[116.76613,0.19272],[116.76762,0.19068],[116.76813,0.18873],[116.76724,0.18686],[116.76817,0.18528],[116.76642,0.18354],[116.76836,0.18126],[116.76646,0.17534],[116.76896,0.17319],[116.76983,0.17022],[116.76809,0.16832],[116.76479,0.16704],[116.76443,0.16607],[116.76857,0.15974],[116.78036,0.17247],[116.83055,0.23778],[116.85532,0.27644],[116.85469,0.29347],[116.84004,0.3299],[116.78085,0.32652],[116.73506,0.38992]]]}},{"type":"Feature","properties":{"inventoryId":"big-oil-palm-kutai-timur:16","sector":"Sawit","subtype":"Izin Lokasi Sawit","quality":"OFFICIAL","sourceDataset":"big-oil-palm-kutai-timur","sourceRecordId":"16","source":"BIG Kebijakan Satu Peta","sourceUrl":"https://kspservices.big.go.id/satupeta/rest/services/PUBLIK/PERIZINAN_DAN_PERTANAHAN/MapServer/38","retrievedAt":"2026-08-24T23:55:27Z","geometryProcessing":"web display simplification tolerance 0.00035 degrees","name":"Nalapalma Cadudasa, PT (II)","group":"Nala","issuer":"Bupati Kutai Timur","permitNumber":"525.26/K.334/IV/2010","permitDate":"2010-04-14","areaHa":8475.0,"village":"Senambah, Ngayau, Mulupan","subdistrict":"Ma. Bengkal","district":"Kutai Timur","status":"Aktif","coverageCaveat":"BIG public plantation location layer covers selected districts only; it is not complete Indonesia-wide plantation coverage.","region":"kalimantan"},"geometry":{"type":"Polygon","coordinates":[[[116.76963,0.45113],[116.76987,0.45161],[116.76913,0.45272],[116.72797,0.45279],[116.7067,0.41713],[116.70678,0.41295],[116.70906,0.40935],[116.70825,0.40582],[116.71045,0.40197],[116.71516,0.40181],[116.71703,0.3996],[116.71748,0.39571],[116.72204,0.39243],[116.73221,0.39096],[116.73421,0.38926],[116.73506,0.38992],[116.78085,0.32652],[116.84002,0.32989],[116.83706,0.33609],[116.83045,0.3445],[116.82244,0.35963],[116.82166,0.36553],[116.79842,0.3656],[116.79804,0.37172],[116.79479,0.37669],[116.79701,0.38172],[116.79652,0.38252],[116.79571,0.38327],[116.79322,0.38207],[116.79049,0.38328],[116.79155,0.38776],[116.78894,0.38999],[116.78187,0.39248],[116.77639,0.39275],[116.77399,0.39407],[116.77225,0.39777],[116.77213,0.39945],[116.7709,0.39997],[116.77125,0.40711],[116.77423,0.42024],[116.77457,0.42705],[116.77229,0.42642],[116.77093,0.4248],[116.76572,0.42535],[116.76297,0.42437],[116.75858,0.42551],[116.75702,0.4286],[116.75571,0.42975],[116.75428,0.42909],[116.75443,0.4279],[116.75561,0.42883],[116.75607,0.42811],[116.75371,0.42509],[116.75234,0.42492],[116.75035,0.42583],[116.74819,0.42583],[116.74736,0.42649],[116.74771,0.42779],[116.74715,0.42947],[116.74797,0.42968],[116.74912,0.42828],[116.75087,0.42823],[116.75176,0.42902],[116.7514,0.43008],[116.75028,0.43074],[116.74339,0.43143],[116.74223,0.43212],[116.74131,0.434],[116.73966,0.43569],[116.73832,0.43868],[116.73905,0.43971],[116.74193,0.44073],[116.74313,0.43924],[116.74479,0.43896],[116.74532,0.43948],[116.7454,0.44309],[116.74697,0.44228],[116.74789,0.44306],[116.74818,0.44464],[116.74908,0.44459],[116.74931,0.44508],[116.74974,0.44496],[116.7497,0.44411],[116.7508,0.44367],[116.75203,0.44509],[116.75104,0.44516],[116.74993,0.44606],[116.7513,0.44718],[116.75308,0.4473],[116.75388,0.44681],[116.75513,0.44385],[116.75782,0.44437],[116.75827,0.44555],[116.75927,0.44531],[116.75798,0.44134],[116.75711,0.44143],[116.75686,0.44069],[116.75862,0.44073],[116.75947,0.44214],[116.7598,0.44082],[116.76132,0.44131],[116.76171,0.4396],[116.76399,0.43912],[116.76442,0.43741],[116.76545,0.4366],[116.76537,0.4329],[116.76412,0.43278],[116.76421,0.43215],[116.7624,0.43083],[116.76224,0.42939],[116.76306,0.42882],[116.76345,0.42988],[116.76458,0.4305],[116.76618,0.42976],[116.76714,0.42803],[116.76936,0.42848],[116.771,0.4281],[116.77221,0.42862],[116.77339,0.43103],[116.77284,0.43121],[116.77658,0.43891],[116.77666,0.44702],[116.77211,0.4471],[116.76963,0.45113]]]}},{"type":"Feature","properties":{"inventoryId":"big-oil-palm-kutai-timur:10","sector":"Sawit","subtype":"Izin Lokasi Sawit","quality":"OFFICIAL","sourceDataset":"big-oil-palm-kutai-timur","sourceRecordId":"10","source":"BIG Kebijakan Satu Peta","sourceUrl":"https://kspservices.big.go.id/satupeta/rest/services/PUBLIK/PERIZINAN_DAN_PERTANAHAN/MapServer/38","retrievedAt":"2026-08-24T23:55:27Z","geometryProcessing":"web display simplification tolerance 0.00035 degrees","name":"Nalapalma Cadudasa, PT (III)","group":"Nala","issuer":"Bupati Kutai Timur","permitNumber":"525.26/K.630/HK/X/2015","permitDate":"2015-10-06","areaHa":912.0,"village":"-","subdistrict":"Ma. Bengkal","district":"Kutai Timur","status":"Aktif","coverageCaveat":"BIG public plantation location layer covers selected districts only; it is not complete Indonesia-wide plantation coverage.","region":"kalimantan"},"geometry":{"type":"MultiPolygon","coordinates":[[[[116.78695,0.39752],[116.78887,0.40063],[116.78887,0.41126],[116.78729,0.41341],[116.77303,0.41345],[116.77165,0.40491],[116.77225,0.39777],[116.77399,0.39407],[116.77639,0.39275],[116.78187,0.39248],[116.78496,0.39165],[116.78894,0.38999],[116.79141,0.38827],[116.79305,0.39055],[116.79415,0.39441],[116.79093,0.39621],[116.7877,0.39552],[116.78695,0.39752]]],[[[116.85175,0.27088],[116.85532,0.27669],[116.85476,0.29282],[116.8477,0.3094],[116.84638,0.30945],[116.84996,0.28901],[116.85175,0.27088]]],[[[116.84619,0.31411],[116.8462,0.31595],[116.84547,0.316],[116.84614,0.31136],[116.84619,0.31411]]],[[[116.83612,0.34615],[116.83382,0.34615],[116.8349,0.34472],[116.83481,0.34272],[116.83341,0.34196],[116.83378,0.32836],[116.83827,0.32814],[116.84533,0.3164],[116.84472,0.34315],[116.84394,0.34315],[116.84387,0.34522],[116.8385,0.34529],[116.83612,0.34615]]]]}},{"type":"Feature","properties":{"inventoryId":"big-oil-palm-kutai-timur:5","sector":"Sawit","subtype":"Izin Lokasi Sawit","quality":"OFFICIAL","sourceDataset":"big-oil-palm-kutai-timur","sourceRecordId":"5","source":"BIG Kebijakan Satu Peta","sourceUrl":"https://kspservices.big.go.id/satupeta/rest/services/PUBLIK/PERIZINAN_DAN_PERTANAHAN/MapServer/38","retrievedAt":"2026-08-24T23:55:27Z","geometryProcessing":"web display simplification tolerance 0.00035 degrees","name":"Nusa Indah Kalimantan Plantation, PT","issuer":"Bupati Kutai Timur","permitNumber":"525.26/K.429/HK/V/2012","permitDate":"2012-05-21","areaHa":15944.0,"village":"Rantau Makmur, Mukti Jaya, Kebon Agung","subdistrict":"Rantau Pulung","district":"Kutai Timur","status":"Aktif","coverageCaveat":"BIG public plantation location layer covers selected districts only; it is not complete Indonesia-wide plantation coverage.","region":"kalimantan"},"geometry":{"type":"Polygon","coordinates":[[[117.26341,0.66634],[117.20823,0.66668],[117.20672,0.64077],[117.20534,0.64053],[117.20689,0.6384],[117.21916,0.60715],[117.25069,0.59959],[117.27006,0.59058],[117.2788,0.5733],[117.29753,0.56984],[117.30433,0.5618],[117.31563,0.56481],[117.325,0.55864],[117.325,0.59167],[117.34959,0.59218],[117.34959,0.60074],[117.37477,0.60074],[117.37477,0.61673],[117.39134,0.61673],[117.39136,0.63303],[117.40483,0.63333],[117.40483,0.65554],[117.31329,0.65555],[117.31329,0.66068],[117.30822,0.66068],[117.30822,0.66606],[117.26341,0.66634]]]}},{"type":"Feature","properties":{"inventoryId":"big-oil-palm-kutai-timur:84","sector":"Sawit","subtype":"Izin Lokasi Sawit","quality":"OFFICIAL","sourceDataset":"big-oil-palm-kutai-timur","sourceRecordId":"84","source":"BIG Kebijakan Satu Peta","sourceUrl":"https://kspservices.big.go.id/satupeta/rest/services/PUBLIK/PERIZINAN_DAN_PERTANAHAN/MapServer/38","retrievedAt":"2026-08-24T23:55:27Z","geometryProcessing":"web display simplification tolerance 0.00035 degrees","name":"Nusantara Agro Sentosa, PT (Busang)","group":"Palma Serasih","issuer":"Bupati Kutai Timur","permitNumber":"525.26/K.344/HK/V/2017","permitDate":"2017-05-08","areaHa":4809.0,"village":"-","subdistrict":"Busang","district":"Kutai Timur","status":"Aktif","coverageCaveat":"BIG public plantation location layer covers selected districts only; it is not complete Indonesia-wide plantation coverage.","region":"kalimantan"},"geometry":{"type":"MultiPolygon","coordinates":[[[[116.51065,1.02053],[116.50904,1.02741],[116.48798,1.01192],[116.47921,1.0231],[116.47824,1.02188],[116.476,1.02084],[116.47084,1.01983],[116.4701,1.01914],[116.46901,1.01591],[116.46697,1.01474],[116.46582,1.00779],[116.46468,1.00531],[116.46609,1.00306],[116.46586,0.99886],[116.4645,0.99773],[116.4626,0.99778],[116.46175,0.99862],[116.46113,1.00134],[116.45918,1.00304],[116.44905,0.99253],[116.45022,0.98939],[116.44948,0.98792],[116.44813,0.98718],[116.44441,0.98712],[116.44527,0.9855],[116.44568,0.98151],[116.44245,0.97791],[116.44368,0.97721],[116.44721,0.97704],[116.45185,0.97478],[116.45713,0.97363],[116.46047,0.97184],[116.46297,0.97145],[116.47523,0.96652],[116.4789,0.96591],[116.48264,0.96632],[116.48583,0.96578],[116.48889,0.96405],[116.49238,0.96062],[116.49369,0.95851],[116.49355,0.95591],[116.49532,0.95531],[116.49579,0.95617],[116.49753,0.9561],[116.49592,0.95781],[116.49561,0.9594],[116.4963,0.96058],[116.4991,0.96197],[116.50146,0.96511],[116.49942,0.96706],[116.49995,0.97024],[116.50086,0.97045],[116.50223,0.96877],[116.50401,0.97204],[116.50485,0.97189],[116.50656,0.97026],[116.50908,0.97232],[116.51226,0.97241],[116.51273,0.97495],[116.51208,0.97667],[116.5104,0.97632],[116.50967,0.97691],[116.51107,0.97887],[116.50954,0.97999],[116.50955,0.98153],[116.50794,0.98331],[116.50822,0.98387],[116.51073,0.98486],[116.51001,0.98585],[116.51036,0.98856],[116.51293,0.98871],[116.51391,0.99055],[116.51552,0.99158],[116.51672,0.99072],[116.51575,0.98826],[116.51785,0.98969],[116.51065,1.02053]]],[[[116.51491,0.98774],[116.51557,0.99067],[116.51333,0.98787],[116.51113,0.98797],[116.51091,0.98598],[116.51171,0.9847],[116.51088,0.98366],[116.50894,0.98319],[116.51046,0.98199],[116.51042,0.98031],[116.51125,0.98014],[116.51195,0.97914],[116.51167,0.97809],[116.51059,0.97723],[116.51272,0.97741],[116.5136,0.97524],[116.51306,0.97197],[116.51157,0.97114],[116.50947,0.97149],[116.50673,0.96929],[116.50425,0.97115],[116.50355,0.96879],[116.50252,0.9679],[116.50137,0.96815],[116.50056,0.96946],[116.50027,0.96738],[116.50238,0.96516],[116.49973,0.96129],[116.4965,0.95925],[116.49673,0.95822],[116.49839,0.95664],[116.49826,0.95554],[116.49499,0.95444],[116.49292,0.95523],[116.49246,0.95629],[116.4878,0.95442],[116.48618,0.95266],[116.48492,0.94967],[116.48674,0.94714],[116.49208,0.94532],[116.51595,0.94472],[116.52403,0.95114],[116.53008,0.95343],[116.53471,0.95442],[116.53749,0.95709],[116.53233,0.95802],[116.53333,0.96711],[116.52455,0.96087],[116.51809,0.98868],[116.5167,0.98805],[116.51596,0.98693],[116.51491,0.98774]]]]}},{"type":"Feature","properties":{"inventoryId":"big-oil-palm-kutai-timur:89","sector":"Sawit","subtype":"Izin Lokasi Sawit","quality":"OFFICIAL","sourceDataset":"big-oil-palm-kutai-timur","sourceRecordId":"89","source":"BIG Kebijakan Satu Peta","sourceUrl":"https://kspservices.big.go.id/satupeta/rest/services/PUBLIK/PERIZINAN_DAN_PERTANAHAN/MapServer/38","retrievedAt":"2026-08-24T23:55:27Z","geometryProcessing":"web display simplification tolerance 0.00035 degrees","name":"Nusantara Agro Sentosa, PT (Ma Ancalong)","group":"Palma Serasih","issuer":"Bupati Kutai Timur","permitNumber":"525.26/K.811/HK/XI/2017","permitDate":"2017-11-09","areaHa":3230.0,"village":"-","subdistrict":"M. Ancalong, Busang","district":"Kutai Timur","status":"Tidak Aktif","coverageCaveat":"BIG public plantation location layer covers selected districts only; it is not complete Indonesia-wide plantation coverage.","region":"kalimantan"},"geometry":{"type":"MultiPolygon","coordinates":[[[[116.5271,0.72235],[116.5129,0.72381],[116.4964,0.70899],[116.49859,0.70594],[116.49967,0.70599],[116.50058,0.70271],[116.50106,0.70275],[116.50157,0.70168],[116.50233,0.70168],[116.50251,0.70043],[116.50359,0.70024],[116.50332,0.69863],[116.50466,0.69898],[116.50456,0.69725],[116.5054,0.69727],[116.50867,0.6945],[116.50867,0.69208],[116.51012,0.69208],[116.51164,0.6935],[116.51238,0.69346],[116.51198,0.69113],[116.51244,0.68998],[116.51362,0.68902],[116.51622,0.69029],[116.51674,0.68873],[116.51837,0.68875],[116.51923,0.68646],[116.52322,0.68297],[116.52383,0.68077],[116.52501,0.68069],[116.52463,0.68192],[116.52522,0.68253],[116.52758,0.6828],[116.52855,0.68144],[116.52969,0.68255],[116.53059,0.68257],[116.5314,0.68071],[116.53216,0.68037],[116.5342,0.68181],[116.5363,0.69325],[116.5362,0.69709],[116.5346,0.69919],[116.53513,0.7016],[116.5404,0.71763],[116.5397,0.71862],[116.5353,0.71868],[116.5338,0.71992],[116.5326,0.72196],[116.5271,0.72235]]],[[[116.5028,0.64352],[116.50358,0.64577],[116.50301,0.64578],[116.50207,0.64509],[116.50154,0.643],[116.50031,0.64258],[116.50168,0.64056],[116.5028,0.64352]]],[[[116.5249,0.66365],[116.52364,0.66499],[116.51571,0.66187],[116.51638,0.66081],[116.51516,0.65999],[116.51487,0.65817],[116.51651,0.65706],[116.51712,0.65597],[116.51685,0.65402],[116.51663,0.65327],[116.51567,0.6531],[116.5143,0.65421],[116.51358,0.65409],[116.51368,0.65283],[116.5131,0.6521],[116.5175,0.6529],[116.5197,0.65387],[116.52585,0.66237],[116.5249,0.66365]]],[[[116.47997,0.67445],[116.47998,0.67625],[116.4705,0.66914],[116.4775,0.65106],[116.4793,0.65116],[116.4823,0.65019],[116.4831,0.64964],[116.4844,0.64677],[116.4859,0.64555],[116.4903,0.64416],[116.4936,0.64136],[116.4981,0.63924],[116.4985,0.64002],[116.50044,0.64048],[116.49939,0.64287],[116.50069,0.64375],[116.50171,0.64614],[116.50453,0.64754],[116.50654,0.6476],[116.50609,0.64812],[116.50643,0.64871],[116.50841,0.64921],[116.51023,0.65235],[116.51286,0.65304],[116.51248,0.65398],[116.51328,0.65497],[116.51459,0.65499],[116.51594,0.65427],[116.51615,0.65608],[116.51446,0.65723],[116.514,0.65884],[116.51432,0.66037],[116.51535,0.66108],[116.51486,0.66156],[116.51503,0.66252],[116.50995,0.66041],[116.50624,0.66238],[116.50563,0.66319],[116.50392,0.66338],[116.49967,0.66662],[116.49829,0.6687],[116.49539,0.66686],[116.49068,0.67163],[116.48649,0.67242],[116.48501,0.6741],[116.48292,0.67289],[116.48199,0.67475],[116.47997,0.67445]]],[[[116.48277,0.67541],[116.48276,0.6782],[116.48122,0.67719],[116.48092,0.67603],[116.48101,0.67549],[116.48277,0.67541]]],[[[116.51143,0.68992],[116.51111,0.6904],[116.51074,0.6899],[116.50981,0.68998],[116.51137,0.6887],[116.51004,0.68665],[116.50945,0.68004],[116.51092,0.67874],[116.51253,0.6787],[116.5132,0.67753],[116.51312,0.67629],[116.5093,0.67202],[116.50365,0.67165],[116.4991,0.66924],[116.49937,0.66843],[116.5004,0.66692],[116.50306,0.66562],[116.50443,0.66403],[116.50567,0.66426],[116.50671,0.66307],[116.50995,0.66133],[116.51417,0.66325],[116.51636,0.66313],[116.52322,0.66591],[116.52444,0.66551],[116.52635,0.66305],[116.5289,0.6667],[116.5307,0.6752],[116.53394,0.68074],[116.53157,0.67958],[116.53015,0.68167],[116.52863,0.68065],[116.5276,0.68213],[116.52558,0.68175],[116.5261,0.67977],[116.52467,0.68008],[116.52349,0.67952],[116.5229,0.68012],[116.52267,0.68219],[116.51921,0.68494],[116.51769,0.68703],[116.51792,0.68805],[116.51636,0.68776],[116.51586,0.68939],[116.51407,0.68826],[116.51278,0.6882],[116.51143,0.68992]]]]}},{"type":"Feature","properties":{"inventoryId":"big-oil-palm-kutai-timur:33","sector":"Sawit","subtype":"Izin Lokasi Sawit","quality":"OFFICIAL","sourceDataset":"big-oil-palm-kutai-timur","sourceRecordId":"33","source":"BIG Kebijakan Satu Peta","sourceUrl":"https://kspservices.big.go.id/satupeta/rest/services/PUBLIK/PERIZINAN_DAN_PERTANAHAN/MapServer/38","retrievedAt":"2026-08-24T23:55:27Z","geometryProcessing":"web display simplification tolerance 0.00035 degrees","name":"Nusaraya Agro Sawit, PT","group":"Palma Serasih","issuer":"Bupati Kutai Timur","permitNumber":"525.26/K.781/HK/X/2017","permitDate":"2017-10-30","areaHa":13154.0,"village":"-","subdistrict":"Kongbeng, Muara Wahau","district":"Kutai Timur","status":"Aktif","coverageCaveat":"BIG public plantation location layer covers selected districts only; it is not complete Indonesia-wide plantation coverage.","region":"kalimantan"},"geometry":{"type":"MultiPolygon","coordinates":[[[[116.7438,1.36641],[116.7425,1.36598],[116.74319,1.36455],[116.74266,1.36289],[116.73942,1.36151],[116.73901,1.3589],[116.73704,1.35598],[116.73537,1.35592],[116.73425,1.3583],[116.73335,1.35818],[116.73329,1.35682],[116.73234,1.35575],[116.73193,1.35384],[116.72913,1.35254],[116.72652,1.3498],[116.72639,1.34885],[116.72789,1.34617],[116.728,1.34486],[116.71574,1.33499],[116.71087,1.33029],[116.70872,1.32689],[116.70778,1.32374],[116.70819,1.32225],[116.70872,1.32142],[116.71223,1.32107],[116.714,1.31946],[116.71441,1.31779],[116.71426,1.3217],[116.70906,1.32207],[116.70938,1.32625],[116.72437,1.33973],[116.72724,1.34086],[116.73862,1.34036],[116.74675,1.33148],[116.76246,1.32123],[116.77543,1.3161],[116.78535,1.31417],[116.79406,1.31661],[116.82036,1.33175],[116.83021,1.33347],[116.83895,1.33151],[116.8484,1.328],[116.85755,1.3237],[116.85528,1.32079],[116.85952,1.3234],[116.86302,1.32648],[116.86363,1.32634],[116.86796,1.32477],[116.87482,1.3189],[116.88522,1.31338],[116.89167,1.3068],[116.89751,1.30228],[116.89355,1.29842],[116.89654,1.29561],[116.90341,1.29184],[116.922,1.28642],[116.92754,1.28383],[116.93316,1.27943],[116.94527,1.26803],[116.96,1.25599],[116.96495,1.25333],[116.96979,1.25428],[116.97743,1.2582],[116.98199,1.26238],[116.9891,1.27074],[116.99113,1.27396],[116.99345,1.27975],[116.99826,1.28876],[117.0018,1.29712],[117.00674,1.30097],[117.01157,1.30964],[117.02077,1.33378],[117.00306,1.30525],[116.99596,1.29059],[116.98344,1.27755],[116.94076,1.31234],[116.91404,1.3232],[116.89274,1.33995],[116.84298,1.36331],[116.81385,1.34901],[116.80212,1.33911],[116.7851,1.33731],[116.7438,1.36641]]],[[[117.06674,1.0933],[117.07282,1.09886],[117.0749,1.1093],[117.06438,1.13398],[117.05137,1.12394],[117.05441,1.11677],[117.05422,1.10882],[117.05353,1.10872],[117.05514,1.10615],[117.05419,1.09622],[117.05343,1.09323],[117.0517,1.09247],[117.04591,1.09253],[117.04416,1.09091],[117.03803,1.08232],[117.03439,1.08018],[117.02602,1.07771],[117.02007,1.07378],[117.01558,1.06936],[117.01402,1.06733],[117.01432,1.04519],[117.00428,1.04344],[117.00398,1.04035],[117.00266,1.04025],[117.0023,1.03579],[117.00137,1.03391],[116.99679,1.03391],[116.99729,1.03343],[116.99579,1.03089],[116.99748,1.01662],[117.00369,1.00848],[117.00384,1.01127],[117.00683,1.01588],[117.00391,1.02766],[117.01682,1.03724],[117.02264,1.0372],[117.023,1.04166],[117.02691,1.04153],[117.02746,1.04253],[117.02888,1.0428],[117.03012,1.07561],[117.03579,1.07613],[117.04819,1.07607],[117.06674,1.0933]]],[[[117.01832,1.17353],[117.0163,1.17366],[117.01588,1.17292],[117.01868,1.17245],[117.01832,1.17353]]],[[[117.0283,1.17608],[117.02715,1.17692],[117.02371,1.17495],[117.02196,1.17597],[117.02148,1.17522],[117.02196,1.17495],[117.02196,1.17312],[117.02053,1.17221],[117.01939,1.17285],[117.01886,1.17242],[117.03089,1.1704],[117.03277,1.16626],[117.03754,1.16915],[117.03337,1.17638],[117.03159,1.17665],[117.03011,1.1757],[117.0283,1.17608]]],[[[116.71459,1.31711],[116.71445,1.31698],[116.71443,1.31686],[116.71443,1.31685],[116.71451,1.31676],[116.71462,1.31663],[116.71459,1.31711]]],[[[116.70564,1.31117],[116.70159,1.31254],[116.7001,1.31468],[116.69945,1.31777],[116.70117,1.32099],[116.69944,1.32636],[116.67782,1.30219],[116.67415,1.28351],[116.67701,1.28883],[116.68444,1.2997],[116.69625,1.31108],[116.7095,1.31063],[116.71089,1.31381],[116.70944,1.31658],[116.7142,1.31644],[116.71219,1.31801],[116.71111,1.31807],[116.70866,1.31722],[116.70807,1.31623],[116.71011,1.31414],[116.71015,1.3129],[116.70939,1.31165],[116.70564,1.31117]]],[[[116.73882,1.35955],[116.73948,1.36217],[116.74263,1.36372],[116.74211,1.36586],[116.72155,1.35913],[116.71215,1.34056],[116.69979,1.32673],[116.70159,1.31974],[116.69984,1.31771],[116.70097,1.31397],[116.70233,1.31242],[116.70597,1.31165],[116.70912,1.31224],[116.70966,1.31403],[116.70792,1.31521],[116.70763,1.31659],[116.70811,1.31754],[116.71173,1.31849],[116.71387,1.3178],[116.71363,1.3191],[116.71244,1.32053],[116.70893,1.32071],[116.70805,1.3213],[116.70739,1.32356],[116.70805,1.32677],[116.71064,1.33065],[116.71461,1.33445],[116.72442,1.342],[116.72746,1.34504],[116.72758,1.34587],[116.72617,1.34783],[116.72617,1.34968],[116.72901,1.35301],[116.73175,1.35414],[116.73276,1.35788],[116.73431,1.35884],[116.73609,1.35634],[116.73882,1.35955]]]]}},{"type":"Feature","properties":{"inventoryId":"big-oil-palm-kutai-timur:40","sector":"Sawit","subtype":"Izin Lokasi Sawit","quality":"OFFICIAL","sourceDataset":"big-oil-palm-kutai-timur","sourceRecordId":"40","source":"BIG Kebijakan Satu Peta","sourceUrl":"https://kspservices.big.go.id/satupeta/rest/services/PUBLIK/PERIZINAN_DAN_PERTANAHAN/MapServer/38","retrievedAt":"2026-08-24T23:55:27Z","geometryProcessing":"web display simplification tolerance 0.00035 degrees","name":"PPKS Medan, PT","issuer":"Bupati Kutai Timur","permitNumber":"188.4.45/520/HK/IX/2009","permitDate":"2009-09-01","areaHa":645.0,"village":"Tepian Langsat","subdistrict":"Bengalon","district":"Kutai Timur","status":"Tidak Aktif","coverageCaveat":"BIG public plantation location layer covers selected districts only; it is not complete Indonesia-wide plantation coverage.","region":"kalimantan"},"geometry":{"type":"Polygon","coordinates":[[[117.2368,0.89075],[117.22571,0.8893],[117.2166,0.88675],[117.21688,0.87605],[117.21404,0.87025],[117.21375,0.86798],[117.21407,0.86663],[117.21474,0.86614],[117.21855,0.86656],[117.21932,0.86603],[117.21955,0.85986],[117.22228,0.85993],[117.23157,0.85771],[117.23264,0.86181],[117.2368,0.89075]]]}},{"type":"Feature","properties":{"inventoryId":"big-oil-palm-kutai-timur:26","sector":"Sawit","subtype":"Izin Lokasi Sawit","quality":"OFFICIAL","sourceDataset":"big-oil-palm-kutai-timur","sourceRecordId":"26","source":"BIG Kebijakan Satu Peta","sourceUrl":"https://kspservices.big.go.id/satupeta/rest/services/PUBLIK/PERIZINAN_DAN_PERTANAHAN/MapServer/38","retrievedAt":"2026-08-24T23:55:27Z","geometryProcessing":"web display simplification tolerance 0.00035 degrees","name":"Pradana Telen Agromas, PT","group":"Triputra Agro Persada","issuer":"Bupati Kutai Timur","permitNumber":"525.26/K.616/HK/IX/2015","permitDate":"2015-09-15","areaHa":2095.0,"village":"Long Segar, Long Noran, Marah Kenyah","subdistrict":"Telen","district":"Kutai Timur","status":"Aktif","coverageCaveat":"BIG public plantation location layer covers selected districts only; it is not complete Indonesia-wide plantation coverage.","region":"kalimantan"},"geometry":{"type":"MultiPolygon","coordinates":[[[[116.8106,0.79939],[116.80969,0.79958],[116.80904,0.79703],[116.80375,0.77225],[116.80938,0.71794],[116.84332,0.71794],[116.84652,0.71985],[116.84926,0.71979],[116.84914,0.72123],[116.84342,0.72345],[116.84206,0.72687],[116.84242,0.72791],[116.84073,0.72992],[116.83907,0.73103],[116.83294,0.73255],[116.83051,0.73422],[116.82951,0.73653],[116.83073,0.74195],[116.82873,0.7421],[116.82482,0.74128],[116.82276,0.74195],[116.82172,0.74492],[116.82158,0.74778],[116.81947,0.75435],[116.81818,0.75324],[116.81493,0.75432],[116.81416,0.75361],[116.8139,0.75755],[116.81453,0.76033],[116.81696,0.76253],[116.81715,0.76353],[116.81969,0.7636],[116.81988,0.76524],[116.81933,0.76639],[116.81401,0.7691],[116.8135,0.76973],[116.81342,0.77181],[116.81552,0.77337],[116.8212,0.77177],[116.82068,0.77535],[116.81704,0.78263],[116.81684,0.78456],[116.81822,0.78635],[116.82146,0.78734],[116.81335,0.79625],[116.81256,0.79922],[116.8106,0.79939]]],[[[116.81895,0.83047],[116.81935,0.83181],[116.82151,0.83418],[116.82171,0.83537],[116.82146,0.83676],[116.81938,0.83981],[116.81678,0.83171],[116.81427,0.83039],[116.80696,0.83548],[116.80573,0.83504],[116.80622,0.83264],[116.81325,0.82986],[116.8111,0.81979],[116.81374,0.81827],[116.81007,0.80085],[116.81087,0.8006],[116.81224,0.80056],[116.81251,0.80402],[116.81399,0.80566],[116.81694,0.80358],[116.81861,0.80487],[116.82387,0.80625],[116.82505,0.80823],[116.82491,0.81685],[116.82446,0.81769],[116.82156,0.81853],[116.82063,0.81962],[116.82058,0.82126],[116.82166,0.82408],[116.82141,0.82537],[116.81905,0.82854],[116.81895,0.83047]]]]}},{"type":"Feature","properties":{"inventoryId":"big-oil-palm-kutai-timur:91","sector":"Sawit","subtype":"Izin Lokasi Sawit","quality":"OFFICIAL","sourceDataset":"big-oil-palm-kutai-timur","sourceRecordId":"91","source":"BIG Kebijakan Satu Peta","sourceUrl":"https://kspservices.big.go.id/satupeta/rest/services/PUBLIK/PERIZINAN_DAN_PERTANAHAN/MapServer/38","retrievedAt":"2026-08-24T23:55:27Z","geometryProcessing":"web display simplification tolerance 0.00035 degrees","name":"Preya Sawit Makmur, PT","issuer":"Bupati Kutai Timur","permitNumber":"525.26/K.543/HK/VIII/2017","permitDate":"2017-08-07","areaHa":517.0,"village":"Senyiur","subdistrict":"Muara Ancalong","district":"Kutai Timur","status":"Aktif","coverageCaveat":"BIG public plantation location layer covers selected districts only; it is not complete Indonesia-wide plantation coverage.","region":"kalimantan"},"geometry":{"type":"Polygon","coordinates":[[[116.43738,0.40007],[116.40265,0.43959],[116.38782,0.45056],[116.38207,0.45006],[116.3825,0.44701],[116.38398,0.44659],[116.38494,0.44775],[116.38572,0.44787],[116.38589,0.4445],[116.38662,0.44559],[116.38855,0.44585],[116.38947,0.44426],[116.3921,0.44406],[116.39109,0.44154],[116.39143,0.4408],[116.39317,0.44026],[116.39338,0.4389],[116.39405,0.43856],[116.39439,0.44046],[116.39526,0.441],[116.39681,0.43965],[116.39729,0.43849],[116.39803,0.43842],[116.39877,0.43931],[116.3989,0.43775],[116.39681,0.43632],[116.39675,0.43578],[116.39742,0.43496],[116.39971,0.43442],[116.40046,0.43612],[116.40147,0.43598],[116.40073,0.43225],[116.40248,0.43089],[116.40511,0.43055],[116.40558,0.42933],[116.40558,0.42892],[116.40308,0.42879],[116.40322,0.42655],[116.40463,0.42709],[116.40652,0.42675],[116.40652,0.42465],[116.40363,0.42458],[116.40356,0.42173],[116.40477,0.4216],[116.40848,0.42377],[116.41104,0.42079],[116.40976,0.41827],[116.41104,0.41753],[116.41171,0.41773],[116.41198,0.41915],[116.41447,0.41983],[116.41447,0.41787],[116.41558,0.41443],[116.41718,0.41407],[116.41711,0.41162],[116.41866,0.41244],[116.4192,0.41223],[116.42001,0.41128],[116.41946,0.40972],[116.42014,0.40938],[116.42141,0.41014],[116.42258,0.40925],[116.42256,0.40837],[116.42115,0.4087],[116.42122,0.40687],[116.4198,0.4064],[116.42054,0.40592],[116.4223,0.40647],[116.4239,0.40495],[116.42802,0.40396],[116.42863,0.40321],[116.42786,0.40233],[116.42748,0.39961],[116.4287,0.40002],[116.42919,0.401],[116.43204,0.3991],[116.4322,0.40058],[116.43333,0.40079],[116.43342,0.3994],[116.4317,0.39767],[116.43262,0.39666],[116.43484,0.39586],[116.43568,0.39784],[116.43501,0.39973],[116.43736,0.39954],[116.43738,0.40007]]]}},{"type":"Feature","properties":{"inventoryId":"big-oil-palm-kutai-timur:90","sector":"Sawit","subtype":"Izin Lokasi Sawit","quality":"OFFICIAL","sourceDataset":"big-oil-palm-kutai-timur","sourceRecordId":"90","source":"BIG Kebijakan Satu Peta","sourceUrl":"https://kspservices.big.go.id/satupeta/rest/services/PUBLIK/PERIZINAN_DAN_PERTANAHAN/MapServer/38","retrievedAt":"2026-08-24T23:55:27Z","geometryProcessing":"web display simplification tolerance 0.00035 degrees","name":"Prima Cipta Selaras, PT","group":"Eagle High Plantation","issuer":"Bupati Kutai Timur","permitNumber":"525.26/K.174/HK/II/2014","permitDate":"2014-02-19","areaHa":10175.0,"village":"Senyiur dan Kelinjau","subdistrict":"Ma Ancalong","district":"Kutai Timur","status":"Aktif","coverageCaveat":"BIG public plantation location layer covers selected districts only; it is not complete Indonesia-wide plantation coverage.","region":"kalimantan"},"geometry":{"type":"MultiPolygon","coordinates":[[[[116.52353,0.48178],[116.52024,0.4818],[116.51723,0.47963],[116.51062,0.47057],[116.63196,0.39296],[116.6332,0.39389],[116.63511,0.39369],[116.63631,0.39253],[116.63766,0.38806],[116.63673,0.3864],[116.63507,0.38521],[116.63513,0.38402],[116.64119,0.38471],[116.64285,0.38556],[116.64306,0.38664],[116.64022,0.39496],[116.64118,0.39726],[116.64242,0.39741],[116.6472,0.39362],[116.6601,0.3919],[116.66094,0.39309],[116.66172,0.39725],[116.66296,0.39879],[116.67071,0.40216],[116.67078,0.40268],[116.66965,0.40266],[116.6646,0.40145],[116.66287,0.40206],[116.66238,0.40281],[116.66236,0.4063],[116.66382,0.40999],[116.66348,0.41209],[116.65987,0.41658],[116.66044,0.41876],[116.66413,0.41927],[116.66588,0.42118],[116.66686,0.4212],[116.66817,0.42108],[116.67165,0.41847],[116.67623,0.42015],[116.68185,0.41729],[116.68317,0.41716],[116.68513,0.41858],[116.68436,0.42851],[116.68282,0.43068],[116.67834,0.43372],[116.67796,0.43559],[116.6757,0.43738],[116.67647,0.4416],[116.67736,0.44315],[116.68034,0.44553],[116.68063,0.44779],[116.67894,0.44927],[116.67466,0.44987],[116.67353,0.45064],[116.67323,0.45154],[116.67412,0.45302],[116.67405,0.45481],[116.59888,0.45494],[116.59644,0.45159],[116.59394,0.44934],[116.58843,0.44885],[116.58509,0.44961],[116.5771,0.45469],[116.57346,0.45756],[116.56271,0.46812],[116.54056,0.46116],[116.53842,0.45928],[116.53424,0.45876],[116.53054,0.46125],[116.53413,0.46254],[116.53729,0.4629],[116.53851,0.46427],[116.55043,0.46799],[116.55055,0.4757],[116.53744,0.4759],[116.53789,0.47459],[116.5385,0.47479],[116.53853,0.47402],[116.5404,0.47296],[116.53255,0.47296],[116.53255,0.47529],[116.52353,0.47529],[116.52353,0.48178]],[[116.63841,0.40018],[116.63877,0.40167],[116.64269,0.40517],[116.64424,0.40572],[116.64549,0.40494],[116.64484,0.40411],[116.64388,0.40459],[116.64269,0.40387],[116.63889,0.39977],[116.63841,0.40018]]],[[[116.68689,0.44276],[116.68788,0.44526],[116.68763,0.44632],[116.68422,0.45029],[116.68572,0.45234],[116.68496,0.45479],[116.67462,0.45481],[116.67474,0.45088],[116.68037,0.44969],[116.68144,0.44868],[116.68107,0.4459],[116.68001,0.44428],[116.67858,0.44362],[116.67626,0.43928],[116.67638,0.43785],[116.67745,0.43673],[116.67823,0.43619],[116.68025,0.43648],[116.68281,0.43476],[116.686,0.43543],[116.68697,0.43809],[116.68698,0.44066],[116.68499,0.4415],[116.68463,0.44237],[116.68689,0.44276]]],[[[116.3549,0.5622],[116.3413,0.56008],[116.34093,0.54252],[116.33704,0.4766],[116.33799,0.47679],[116.33842,0.47599],[116.35289,0.47629],[116.35185,0.47154],[116.35191,0.46777],[116.35074,0.46771],[116.34904,0.4608],[116.34694,0.45547],[116.34764,0.45466],[116.34634,0.44908],[116.34813,0.44931],[116.35643,0.48511],[116.36326,0.51128],[116.36378,0.51524],[116.36842,0.52794],[116.36776,0.52853],[116.36709,0.53146],[116.36836,0.53169],[116.36866,0.53251],[116.36709,0.53379],[116.36683,0.53954],[116.36638,0.53954],[116.36638,0.53804],[116.36451,0.53774],[116.36384,0.54074],[116.36324,0.54119],[116.3616,0.54142],[116.36048,0.54029],[116.35988,0.54037],[116.35943,0.5415],[116.35996,0.5424],[116.35921,0.5445],[116.36078,0.5457],[116.36055,0.54661],[116.35689,0.54939],[116.35682,0.55209],[116.35637,0.55254],[116.35503,0.55179],[116.35406,0.55029],[116.35286,0.55187],[116.35338,0.55548],[116.35383,0.55578],[116.35465,0.5548],[116.3554,0.5548],[116.35689,0.55751],[116.357,0.5619],[116.3549,0.5622]]]]}},{"type":"Feature","properties":{"inventoryId":"big-oil-palm-kutai-kartanegara:8","sector":"Sawit","subtype":"Izin Lokasi Sawit","quality":"OFFICIAL","sourceDataset":"big-oil-palm-kutai-kartanegara","sourceRecordId":"8","source":"BIG Kebijakan Satu Peta","sourceUrl":"https://kspservices.big.go.id/satupeta/rest/services/PUBLIK/PERIZINAN_DAN_PERTANAHAN/MapServer/37","retrievedAt":"2026-08-24T23:55:27Z","geometryProcessing":"web display simplification tolerance 0.00035 degrees","name":"PT. AGRI EASTBORNEO KENCANA","issuer":"Bupati Kutai Kartanegara","permitNumber":"63/DPN.K/IL-51/X-2006","permitDate":"2006-10-04","areaHa":12000.0,"village":"Sedulang dan Menampang","subdistrict":"Muara Kaman","district":"Kutai Kartanegara","status":"Aktif","coverageCaveat":"BIG public plantation location layer covers selected districts only; it is not complete Indonesia-wide plantation coverage.","region":"kalimantan"},"geometry":{"type":"Polygon","coordinates":[[[116.83683,0.19109],[116.83648,0.22498],[116.81255,0.19348],[116.81322,0.16609],[116.84239,0.14942],[116.84218,0.12927],[116.88914,0.12927],[116.88906,0.11098],[116.9796,0.11098],[116.9796,0.11852],[116.97662,0.12469],[116.96827,0.13574],[116.96235,0.14192],[116.9535,0.14803],[116.95047,0.15293],[116.95124,0.16006],[116.95072,0.16609],[116.84933,0.16609],[116.83683,0.19109]]]}},{"type":"Feature","properties":{"inventoryId":"big-oil-palm-kutai-kartanegara:11","sector":"Sawit","subtype":"Izin Lokasi Sawit","quality":"OFFICIAL","sourceDataset":"big-oil-palm-kutai-kartanegara","sourceRecordId":"11","source":"BIG Kebijakan Satu Peta","sourceUrl":"https://kspservices.big.go.id/satupeta/rest/services/PUBLIK/PERIZINAN_DAN_PERTANAHAN/MapServer/37","retrievedAt":"2026-08-24T23:55:27Z","geometryProcessing":"web display simplification tolerance 0.00035 degrees","name":"PT. AGRO BUMI KALTIM","issuer":"Bupati Kutai Kartanegara","permitNumber":"590/525.29/26.A.Ptn","permitDate":"2013-11-28","areaHa":11600.0,"village":"Teluk Bingkai, Lamin Pulut dan Lamin Telihan","subdistrict":"Kenohan","district":"Kutai Kartanegara","status":"Aktif","coverageCaveat":"BIG public plantation location layer covers selected districts only; it is not complete Indonesia-wide plantation coverage.","region":"kalimantan"},"geometry":{"type":"Polygon","coordinates":[[[116.36766,0.08707],[116.36798,0.0878],[116.36201,0.09124],[116.35902,0.09407],[116.35629,0.09732],[116.35489,0.10001],[116.33868,0.11324],[116.29095,0.11182],[116.29777,0.10865],[116.29508,0.0855],[116.12397,0.0855],[116.12336,0.07164],[116.1275,0.07169],[116.13119,0.08323],[116.18463,0.07372],[116.28261,0.02784],[116.32702,0.02734],[116.34955,0.04678],[116.36766,0.08707]]]}},{"type":"Feature","properties":{"inventoryId":"big-oil-palm-kutai-kartanegara:12","sector":"Sawit","subtype":"Izin Lokasi Sawit","quality":"OFFICIAL","sourceDataset":"big-oil-palm-kutai-kartanegara","sourceRecordId":"12","source":"BIG Kebijakan Satu Peta","sourceUrl":"https://kspservices.big.go.id/satupeta/rest/services/PUBLIK/PERIZINAN_DAN_PERTANAHAN/MapServer/37","retrievedAt":"2026-08-24T23:55:27Z","geometryProcessing":"web display simplification tolerance 0.00035 degrees","name":"PT. AGRO BUMI KALTIM","issuer":"Bupati Kutai Kartanegara","permitNumber":"590/525.29/023/A.Ptn","permitDate":"2014-12-30","areaHa":2824.0,"village":"Kahala Ulu, Kembang Janggut, Hambau dan Loa Sakoh","subdistrict":"Kenohan dan Kembang Janggut","district":"Kutai Kartanegara","coverageCaveat":"BIG public plantation location layer covers selected districts only; it is not complete Indonesia-wide plantation coverage.","region":"kalimantan"},"geometry":{"type":"Polygon","coordinates":[[[116.37701,0.05444],[116.38044,0.0617],[116.38044,0.06659],[116.3964,0.06861],[116.40265,0.07968],[116.40465,0.08672],[116.40209,0.09526],[116.41244,0.09528],[116.39981,0.11281],[116.3929,0.11977],[116.38971,0.12218],[116.38705,0.12655],[116.38342,0.13029],[116.37451,0.13389],[116.37309,0.13231],[116.36721,0.13151],[116.36505,0.12854],[116.3664,0.12058],[116.36401,0.10899],[116.36412,0.1029],[116.36344,0.10061],[116.35933,0.10038],[116.35756,0.0982],[116.36874,0.08868],[116.36712,0.08438],[116.36801,0.07594],[116.37114,0.07057],[116.3704,0.05817],[116.37125,0.05444],[116.37701,0.05444]]]}},{"type":"Feature","properties":{"inventoryId":"big-oil-palm-paser:4","sector":"Sawit","subtype":"Izin Lokasi Sawit","quality":"OFFICIAL","sourceDataset":"big-oil-palm-paser","sourceRecordId":"4","source":"BIG Kebijakan Satu Peta","sourceUrl":"https://kspservices.big.go.id/satupeta/rest/services/PUBLIK/PERIZINAN_DAN_PERTANAHAN/MapServer/39","retrievedAt":"2026-08-24T23:55:27Z","geometryProcessing":"web display simplification tolerance 0.00035 degrees","name":"PT. AGRO INTI KENCANAMAS","group":"Tidak ada","issuer":"Bupati Paser","permitNumber":"460.1/144/BPN.44.4/2005","permitDate":"2005-04-26","areaHa":2000.0,"village":"Riwang,","subdistrict":"Batu Engau","district":"Paser","status":"Aktif","sourceRemark":"Saat penerbitan Ilok masih Kabupaten Pasir","coverageCaveat":"BIG public plantation location layer covers selected districts only; it is not complete Indonesia-wide plantation coverage.","region":"kalimantan"},"geometry":{"type":"Polygon","coordinates":[[[116.38667,-2.21397],[116.36242,-2.17016],[116.3441,-2.16836],[116.33172,-2.18199],[116.34349,-2.19169],[116.33876,-2.19845],[116.37299,-2.2183],[116.38667,-2.21397]]]}},{"type":"Feature","properties":{"inventoryId":"big-oil-palm-paser:5","sector":"Sawit","subtype":"Izin Lokasi Sawit","quality":"OFFICIAL","sourceDataset":"big-oil-palm-paser","sourceRecordId":"5","source":"BIG Kebijakan Satu Peta","sourceUrl":"https://kspservices.big.go.id/satupeta/rest/services/PUBLIK/PERIZINAN_DAN_PERTANAHAN/MapServer/39","retrievedAt":"2026-08-24T23:55:27Z","geometryProcessing":"web display simplification tolerance 0.00035 degrees","name":"PT. AGRO INTI KENCANAMAS","group":"Tidak ada","issuer":"Bupati Paser","permitNumber":"460.1/147/BPN.44.4/2005","permitDate":"2005-05-12","areaHa":12000.0,"village":"Riwang, Lomu","subdistrict":"Batu Engau","district":"Paser","status":"Aktif","sourceRemark":"Saat penerbitan Ilok masih Kabupaten Pasir","coverageCaveat":"BIG public plantation location layer covers selected districts only; it is not complete Indonesia-wide plantation coverage.","region":"kalimantan"},"geometry":{"type":"Polygon","coordinates":[[[116.33876,-2.19845],[116.3285,-2.19253],[116.27813,-2.20907],[116.26656,-2.20849],[116.26613,-2.23008],[116.25655,-2.22998],[116.25479,-2.27146],[116.28293,-2.27275],[116.28247,-2.31976],[116.34635,-2.32017],[116.37531,-2.30368],[116.37491,-2.29966],[116.35077,-2.30066],[116.35355,-2.23616],[116.35538,-2.23478],[116.3555,-2.23225],[116.36121,-2.22398],[116.36624,-2.21847],[116.36775,-2.21514],[116.33876,-2.19845]],[[116.29716,-2.23847],[116.3076,-2.23782],[116.30863,-2.23873],[116.30889,-2.24092],[116.30954,-2.24169],[116.31198,-2.24272],[116.3067,-2.25767],[116.29253,-2.25793],[116.29716,-2.23847]]]}},{"type":"Feature","properties":{"inventoryId":"big-oil-palm-paser:51","sector":"Sawit","subtype":"Izin Lokasi Sawit","quality":"OFFICIAL","sourceDataset":"big-oil-palm-paser","sourceRecordId":"51","source":"BIG Kebijakan Satu Peta","sourceUrl":"https://kspservices.big.go.id/satupeta/rest/services/PUBLIK/PERIZINAN_DAN_PERTANAHAN/MapServer/39","retrievedAt":"2026-08-24T23:55:27Z","geometryProcessing":"web display simplification tolerance 0.00035 degrees","name":"PT. AGRO INTI MANDIRI","group":"Tidak ada","issuer":"Bupati Paser","permitNumber":"503/02/PEM-SILP/I/2015 (Perpanjangan)","permitDate":"2015-01-15","areaHa":9000.0,"village":"Muara Toyu, Muara Pias, Tiwei, Long Gelang, Lombok","subdistrict":"Long Kali dan Long Ikis","district":"Paser","status":"Tidak Aktif","coverageCaveat":"BIG public plantation location layer covers selected districts only; it is not complete Indonesia-wide plantation coverage.","region":"kalimantan"},"geometry":{"type":"MultiPolygon","coordinates":[[[[116.17019,-1.41465],[116.17131,-1.41099],[116.16711,-1.40916],[116.16064,-1.4122],[116.1609,-1.41598],[116.15297,-1.42719],[116.15309,-1.45043],[116.13781,-1.46708],[116.13752,-1.4765],[116.12713,-1.47044],[116.07767,-1.5513],[116.07444,-1.57278],[116.0615,-1.59266],[116.05459,-1.6187],[116.05923,-1.61894],[116.06333,-1.62778],[116.05889,-1.62861],[116.05645,-1.63163],[116.08085,-1.63153],[116.07844,-1.57048],[116.12261,-1.57024],[116.12212,-1.53908],[116.09789,-1.5394],[116.11667,-1.49472],[116.13751,-1.50395],[116.12803,-1.53206],[116.13414,-1.53193],[116.13672,-1.52408],[116.15327,-1.52413],[116.14732,-1.50782],[116.14683,-1.48467],[116.14471,-1.48326],[116.1441,-1.48176],[116.14395,-1.47828],[116.14557,-1.47662],[116.14791,-1.47594],[116.14808,-1.46565],[116.16287,-1.44871],[116.16271,-1.43211],[116.16762,-1.42746],[116.18253,-1.43135],[116.18254,-1.42219],[116.17728,-1.42216],[116.17739,-1.41566],[116.17537,-1.41621],[116.17327,-1.41832],[116.17145,-1.41747],[116.16991,-1.41761],[116.17019,-1.41465]]],[[[116.27784,-1.33861],[116.27773,-1.33642],[116.27517,-1.3342],[116.27324,-1.33365],[116.27239,-1.33451],[116.27263,-1.33572],[116.27127,-1.34031],[116.27031,-1.34107],[116.26756,-1.34132],[116.26545,-1.3381],[116.26186,-1.33577],[116.26029,-1.33508],[116.25609,-1.335],[116.25547,-1.33615],[116.25642,-1.342],[116.25483,-1.34572],[116.25327,-1.34711],[116.25261,-1.34735],[116.25134,-1.34643],[116.2488,-1.34251],[116.21654,-1.36732],[116.23157,-1.38791],[116.24222,-1.38954],[116.25249,-1.39002],[116.26666,-1.38868],[116.26949,-1.38895],[116.27308,-1.38649],[116.27673,-1.38638],[116.27953,-1.38793],[116.28238,-1.38781],[116.2846,-1.38397],[116.27486,-1.3649],[116.27474,-1.36143],[116.28081,-1.35568],[116.28639,-1.36191],[116.29182,-1.35647],[116.28746,-1.34765],[116.27784,-1.33861]]]]}},{"type":"Feature","properties":{"inventoryId":"big-oil-palm-kutai-kartanegara:13","sector":"Sawit","subtype":"Izin Lokasi Sawit","quality":"OFFICIAL","sourceDataset":"big-oil-palm-kutai-kartanegara","sourceRecordId":"13","source":"BIG Kebijakan Satu Peta","sourceUrl":"https://kspservices.big.go.id/satupeta/rest/services/PUBLIK/PERIZINAN_DAN_PERTANAHAN/MapServer/37","retrievedAt":"2026-08-24T23:55:27Z","geometryProcessing":"web display simplification tolerance 0.00035 degrees","name":"PT. AGROJAYA TIRTA KENCANA","issuer":"Bupati Kutai Kartanegara","permitNumber":"62/DPN.K/IL-60/X/2006","permitDate":"2006-10-04","areaHa":20000.0,"village":"Sedulang,liang Buaya,Tunjungan,Sabintulung","subdistrict":"Muara Kaman","district":"Kutai Kartanegara","status":"Aktif","coverageCaveat":"BIG public plantation location layer covers selected districts only; it is not complete Indonesia-wide plantation coverage.","region":"kalimantan"},"geometry":{"type":"Polygon","coordinates":[[[116.88899,-0.01996],[116.88855,0.12807],[116.83921,0.12807],[116.78823,0.07304],[116.79434,0.04415],[116.79156,0.00943],[116.79601,-0.00724],[116.83026,-0.0336],[116.84809,-0.0336],[116.86644,-0.04211],[116.86665,-0.04792],[116.88911,-0.06053],[116.88899,-0.01996]]]}},{"type":"Feature","properties":{"inventoryId":"big-oil-palm-kutai-kartanegara:4","sector":"Sawit","subtype":"Izin Lokasi Sawit","quality":"OFFICIAL","sourceDataset":"big-oil-palm-kutai-kartanegara","sourceRecordId":"4","source":"BIG Kebijakan Satu Peta","sourceUrl":"https://kspservices.big.go.id/satupeta/rest/services/PUBLIK/PERIZINAN_DAN_PERTANAHAN/MapServer/37","retrievedAt":"2026-08-24T23:55:27Z","geometryProcessing":"web display simplification tolerance 0.00035 degrees","name":"PT. ALAM JAYA PERSADA","issuer":"Bupati Kutai Kartanegara","permitNumber":"45/DPtn/UM-44/XII-2005","permitDate":"2005-12-27","areaHa":13500.0,"village":"Muara Jawa Ilir, Sungai Merdeka, Senipah, Mara Sembilang, Salok Api Darat, Ambarawang Darat, Margo Mulyo dan Sungai Seluang","subdistrict":"Muara Jawa dan Samboja","district":"Kutai Kartanegara","status":"Aktif","coverageCaveat":"BIG public plantation location layer covers selected districts only; it is not complete Indonesia-wide plantation coverage.","region":"kalimantan"},"geometry":{"type":"MultiPolygon","coordinates":[[[[117.12918,-0.98806],[117.11563,-0.97406],[117.12286,-0.94966],[117.15697,-0.94921],[117.19085,-0.92165],[117.18385,-0.86947],[117.15787,-0.86992],[117.14703,-0.91555],[117.06819,-0.97338],[117.06638,-0.97971],[117.06729,-0.98174],[117.06683,-0.98603],[117.06503,-0.98806],[117.06367,-0.99642],[117.12918,-0.98806]]],[[[117.00675,-1.03257],[117.01285,-1.02127],[117.01149,-1.01811],[117.00087,-1.01088],[116.97535,-1.01314],[116.97377,-1.01449],[116.97173,-1.01992],[116.96857,-1.0233],[116.96631,-1.02918],[116.96405,-1.03302],[116.96112,-1.03595],[116.94824,-1.05719],[116.93604,-1.08046],[116.93582,-1.08226],[116.93898,-1.08497],[116.95682,-1.09062],[116.96834,-1.09514],[116.9767,-1.0992],[116.97874,-1.09966],[116.99206,-1.07142],[116.99681,-1.05674],[116.99861,-1.04883],[117.0011,-1.04273],[117.00675,-1.03257]],[[116.95253,-1.07549],[116.95253,-1.07097],[116.95434,-1.06735],[116.9584,-1.06509],[116.95999,-1.06216],[116.95908,-1.0547],[116.96044,-1.05177],[116.96631,-1.04657],[116.97535,-1.03731],[116.98009,-1.03731],[116.98212,-1.03844],[116.98371,-1.04228],[116.9828,-1.0477],[116.98574,-1.05086],[116.98642,-1.05267],[116.98619,-1.05628],[116.98099,-1.06374],[116.98099,-1.07436],[116.97648,-1.07887],[116.97354,-1.07955],[116.97196,-1.07887],[116.96812,-1.07955],[116.95953,-1.07571],[116.95389,-1.07752],[116.95253,-1.07549]]],[[[116.9392,-1.05967],[116.94237,-1.05244],[116.94711,-1.04657],[116.9505,-1.0407],[116.95185,-1.03595],[116.95208,-1.02918],[116.95276,-1.02579],[116.95795,-1.01833],[116.96541,-1.01291],[116.96699,-1.00636],[116.96496,-1.00365],[116.9566,-1.00252],[116.95163,-1.00591],[116.94124,-1.01065],[116.94079,-1.01359],[116.94259,-1.01766],[116.94282,-1.0215],[116.94214,-1.02511],[116.93288,-1.04138],[116.93198,-1.04386],[116.93175,-1.0468],[116.93288,-1.05222],[116.92949,-1.06058],[116.92746,-1.06284],[116.92452,-1.06464],[116.92158,-1.06532],[116.91413,-1.06261],[116.91232,-1.06261],[116.91074,-1.06419],[116.91097,-1.06713],[116.91323,-1.07368],[116.91707,-1.08046],[116.9182,-1.08113],[116.92068,-1.08],[116.92542,-1.07639],[116.93085,-1.07119],[116.93469,-1.06713],[116.9392,-1.05967]]]]}},{"type":"Feature","properties":{"inventoryId":"big-oil-palm-paser:52","sector":"Sawit","subtype":"Izin Lokasi Sawit","quality":"OFFICIAL","sourceDataset":"big-oil-palm-paser","sourceRecordId":"52","source":"BIG Kebijakan Satu Peta","sourceUrl":"https://kspservices.big.go.id/satupeta/rest/services/PUBLIK/PERIZINAN_DAN_PERTANAHAN/MapServer/39","retrievedAt":"2026-08-24T23:55:27Z","geometryProcessing":"web display simplification tolerance 0.00035 degrees","name":"PT. AMALIA HANI SEJAHTERA","group":"Tidak ada","issuer":"Bupati Paser","permitNumber":"503/05/PEM-SILP/XII/2013 (Perpanjangan I)","permitDate":"2013-12-24","areaHa":10000.0,"village":"Selerong, Muara Langon, Batu Butok, Busui","subdistrict":"Muara Komam","district":"Paser","status":"Tidak Aktif","coverageCaveat":"BIG public plantation location layer covers selected districts only; it is not complete Indonesia-wide plantation coverage.","region":"kalimantan"},"geometry":{"type":"MultiPolygon","coordinates":[[[[115.79991,-1.6837],[115.7831,-1.68367],[115.76653,-1.67508],[115.75709,-1.6751],[115.74976,-1.68143],[115.73288,-1.68143],[115.7225,-1.68375],[115.70752,-1.70063],[115.69995,-1.70748],[115.69472,-1.71937],[115.69634,-1.72388],[115.69634,-1.72749],[115.69381,-1.73223],[115.69409,-1.73517],[115.69294,-1.73618],[115.69581,-1.74216],[115.70404,-1.73393],[115.71691,-1.71778],[115.73243,-1.70926],[115.76626,-1.70174],[115.78195,-1.717],[115.811,-1.76983],[115.8202,-1.78089],[115.82608,-1.7905],[115.82472,-1.78043],[115.82098,-1.76675],[115.81896,-1.74779],[115.81645,-1.73284],[115.81148,-1.71625],[115.80682,-1.70429],[115.79991,-1.6837]]],[[[115.76637,-1.64796],[115.72849,-1.6427],[115.69634,-1.64357],[115.67444,-1.66299],[115.67506,-1.666],[115.6699,-1.67673],[115.66604,-1.68178],[115.66639,-1.68361],[115.66572,-1.68671],[115.666,-1.6891],[115.6647,-1.69663],[115.66489,-1.69776],[115.66675,-1.7003],[115.666,-1.70586],[115.66627,-1.7078],[115.67056,-1.70939],[115.67347,-1.70871],[115.67607,-1.70939],[115.67836,-1.71168],[115.67976,-1.71444],[115.6858,-1.70031],[115.69943,-1.68727],[115.70859,-1.6724],[115.72213,-1.6646],[115.73312,-1.66642],[115.74962,-1.65951],[115.76649,-1.65984],[115.76637,-1.64796]]]]}},{"type":"Feature","properties":{"inventoryId":"big-oil-palm-kutai-kartanegara:15","sector":"Sawit","subtype":"Izin Lokasi Sawit","quality":"OFFICIAL","sourceDataset":"big-oil-palm-kutai-kartanegara","sourceRecordId":"15","source":"BIG Kebijakan Satu Peta","sourceUrl":"https://kspservices.big.go.id/satupeta/rest/services/PUBLIK/PERIZINAN_DAN_PERTANAHAN/MapServer/37","retrievedAt":"2026-08-24T23:55:27Z","geometryProcessing":"web display simplification tolerance 0.00035 degrees","name":"PT. ANDALAS AGRIPALMA MANDIRI","issuer":"Bupati Kutai Kartanegara","permitNumber":"590/525.29/015/A.Ptn","permitDate":"2014-06-16","areaHa":2995.0,"village":"Handil Terusan dan Kutai Lama","subdistrict":"Anggana","district":"Kutai Kartanegara","status":"Aktif","coverageCaveat":"BIG public plantation location layer covers selected districts only; it is not complete Indonesia-wide plantation coverage.","region":"kalimantan"},"geometry":{"type":"MultiPolygon","coordinates":[[[[117.39235,-0.51037],[117.37321,-0.50608],[117.35092,-0.56072],[117.33745,-0.57133],[117.34326,-0.57177],[117.34186,-0.57428],[117.33777,-0.57379],[117.33986,-0.57435],[117.33729,-0.57751],[117.33416,-0.57656],[117.33366,-0.57694],[117.33218,-0.57572],[117.3313,-0.57708],[117.33085,-0.57677],[117.33021,-0.57731],[117.33759,-0.57958],[117.34387,-0.57977],[117.3475,-0.57918],[117.34676,-0.57567],[117.35281,-0.57259],[117.36169,-0.57039],[117.35991,-0.56758],[117.36485,-0.56467],[117.36685,-0.56712],[117.3623,-0.57013],[117.36683,-0.56892],[117.37208,-0.56509],[117.36846,-0.56134],[117.37156,-0.55939],[117.37472,-0.56267],[117.37518,-0.56218],[117.37265,-0.55902],[117.37478,-0.55774],[117.37693,-0.56068],[117.37768,-0.55996],[117.37532,-0.55694],[117.37635,-0.55598],[117.37928,-0.55867],[117.38092,-0.55582],[117.37913,-0.55438],[117.38238,-0.54986],[117.3821,-0.54946],[117.38323,-0.54863],[117.38269,-0.54731],[117.3911,-0.54566],[117.40472,-0.54071],[117.4098,-0.53779],[117.41024,-0.53394],[117.40987,-0.53316],[117.4057,-0.53316],[117.403,-0.53519],[117.39772,-0.53619],[117.39524,-0.53494],[117.39349,-0.53732],[117.38742,-0.54006],[117.38678,-0.53722],[117.38708,-0.53557],[117.38931,-0.53379],[117.3915,-0.53307],[117.39326,-0.53492],[117.39458,-0.53222],[117.39838,-0.51642],[117.39774,-0.51426],[117.39906,-0.51307],[117.39836,-0.51252],[117.39224,-0.51156],[117.39235,-0.51037]],[[117.38284,-0.52574],[117.38147,-0.52632],[117.38092,-0.52377],[117.3822,-0.52311],[117.38284,-0.52574]],[[117.38558,-0.54561],[117.38155,-0.54628],[117.37934,-0.54044],[117.38505,-0.53961],[117.38891,-0.5449],[117.38558,-0.54561]],[[117.37749,-0.55348],[117.37318,-0.55702],[117.37179,-0.55539],[117.37588,-0.55233],[117.37749,-0.55348]]],[[[117.41958,-0.52538],[117.42278,-0.52301],[117.4283,-0.51708],[117.42928,-0.51522],[117.42664,-0.5122],[117.42557,-0.50765],[117.42479,-0.50653],[117.42184,-0.50425],[117.41941,-0.50366],[117.41948,-0.51002],[117.41772,-0.51167],[117.41925,-0.51309],[117.41932,-0.51383],[117.41858,-0.51505],[117.41824,-0.51767],[117.42126,-0.52021],[117.41481,-0.52837],[117.41184,-0.53091],[117.41419,-0.53224],[117.41958,-0.52538]]],[[[117.3721,-0.50647],[117.36765,-0.50536],[117.36182,-0.50901],[117.3593,-0.51238],[117.36077,-0.51754],[117.36076,-0.52118],[117.36553,-0.52146],[117.3721,-0.50647]]],[[[117.4143,-0.51844],[117.41558,-0.51473],[117.4105,-0.5082],[117.40919,-0.5083],[117.40813,-0.51263],[117.40572,-0.51618],[117.4078,-0.51644],[117.4077,-0.51766],[117.40543,-0.51772],[117.40508,-0.51935],[117.40832,-0.51985],[117.41061,-0.51908],[117.41239,-0.52006],[117.4143,-0.51844]]],[[[117.4028,-0.53037],[117.40398,-0.52447],[117.40576,-0.52346],[117.40585,-0.52096],[117.40366,-0.52022],[117.40393,-0.5172],[117.40261,-0.51689],[117.40035,-0.51785],[117.39917,-0.51929],[117.39916,-0.52724],[117.39759,-0.52887],[117.39651,-0.53141],[117.40261,-0.53246],[117.4028,-0.53037]]],[[[117.4198,-0.52078],[117.4171,-0.51901],[117.41764,-0.51809],[117.41641,-0.51721],[117.41542,-0.51994],[117.41639,-0.52116],[117.41495,-0.52191],[117.41237,-0.52158],[117.4089,-0.52207],[117.40757,-0.52265],[117.40686,-0.52448],[117.40771,-0.52578],[117.41213,-0.52391],[117.41299,-0.52541],[117.41508,-0.52724],[117.4198,-0.52078]]],[[[117.40419,-0.52689],[117.40335,-0.53128],[117.40934,-0.53149],[117.41062,-0.52781],[117.40941,-0.52696],[117.40837,-0.5269],[117.40721,-0.52764],[117.40419,-0.52689]]],[[[117.33824,-0.56914],[117.33036,-0.56569],[117.32219,-0.56729],[117.32113,-0.57024],[117.32239,-0.57131],[117.32197,-0.57201],[117.32344,-0.57253],[117.32386,-0.57331],[117.32902,-0.57658],[117.33824,-0.56914]]]]}},{"type":"Feature","properties":{"inventoryId":"big-oil-palm-kutai-kartanegara:16","sector":"Sawit","subtype":"Izin Lokasi Sawit","quality":"OFFICIAL","sourceDataset":"big-oil-palm-kutai-kartanegara","sourceRecordId":"16","source":"BIG Kebijakan Satu Peta","sourceUrl":"https://kspservices.big.go.id/satupeta/rest/services/PUBLIK/PERIZINAN_DAN_PERTANAHAN/MapServer/37","retrievedAt":"2026-08-24T23:55:27Z","geometryProcessing":"web display simplification tolerance 0.00035 degrees","name":"PT. ANDRA KARYA UTAMA","issuer":"Plt. Bupati Kutai Kartanegara","permitNumber":"54/DPN.K/IL-54/VII-2008","permitDate":"2008-07-03","areaHa":7500.0,"village":"Sedulang","subdistrict":"Muara Kaman","district":"Kutai Kartanegara","status":"Aktif","coverageCaveat":"BIG public plantation location layer covers selected districts only; it is not complete Indonesia-wide plantation coverage.","region":"kalimantan"},"geometry":{"type":"Polygon","coordinates":[[[116.84143,0.14937],[116.84103,0.1502],[116.83586,0.15315],[116.81035,0.16677],[116.81015,0.2121],[116.78477,0.18254],[116.77121,0.16426],[116.77418,0.15349],[116.77831,0.14685],[116.79207,0.14797],[116.7988,0.14612],[116.80233,0.14586],[116.80846,0.13874],[116.81374,0.14252],[116.81511,0.14125],[116.81482,0.14081],[116.81906,0.13668],[116.81842,0.12881],[116.79272,0.11476],[116.78319,0.10069],[116.77011,0.09749],[116.76249,0.09813],[116.76009,0.08164],[116.75984,0.07431],[116.76762,0.07355],[116.77201,0.06176],[116.76259,0.04769],[116.76235,0.03766],[116.76671,0.03565],[116.76712,0.02831],[116.76278,0.02033],[116.75705,0.01797],[116.75659,0.00651],[116.75407,-0.0005],[116.75833,-0.00656],[116.76589,0.00303],[116.7752,-2e-05],[116.79044,0.00875],[116.79334,0.04345],[116.78754,0.07376],[116.84092,0.13117],[116.84143,0.14937]]]}},{"type":"Feature","properties":{"inventoryId":"big-oil-palm-kutai-barat:16","sector":"Sawit","subtype":"Izin Lokasi Sawit","quality":"OFFICIAL","sourceDataset":"big-oil-palm-kutai-barat","sourceRecordId":"16","source":"BIG Kebijakan Satu Peta","sourceUrl":"https://kspservices.big.go.id/satupeta/rest/services/PUBLIK/PERIZINAN_DAN_PERTANAHAN/MapServer/36","retrievedAt":"2026-08-24T23:55:27Z","geometryProcessing":"web display simplification tolerance 0.00035 degrees","name":"PT. Anekareksa International","issuer":"Kepala DPMPTSP","permitNumber":"525.29/K.022/2017","permitDate":"2017-02-01","areaHa":6432.0,"village":"Muhur, Muara Kelawit, Bentas, Betung, Kenyanyan, Dingin","subdistrict":"Siluq Ngurai, Muara Lawa","district":"Kutai Barat","status":"aktif","coverageCaveat":"BIG public plantation location layer covers selected districts only; it is not complete Indonesia-wide plantation coverage.","region":"kalimantan"},"geometry":{"type":"MultiPolygon","coordinates":[[[[115.87999,-0.53316],[115.89894,-0.53278],[115.89841,-0.53167],[115.88965,-0.52846],[115.89904,-0.51181],[115.89904,-0.50732],[115.87517,-0.5074],[115.86373,-0.53466],[115.83196,-0.51388],[115.83172,-0.5183],[115.80981,-0.51885],[115.80969,-0.53607],[115.84806,-0.5542],[115.84767,-0.60877],[115.85055,-0.60968],[115.85185,-0.68297],[115.86123,-0.68181],[115.8622,-0.55126],[115.85384,-0.54724],[115.85831,-0.54724],[115.85819,-0.54082],[115.87491,-0.54071],[115.87489,-0.53317],[115.87999,-0.53316]]],[[[115.93791,-0.56441],[115.93753,-0.56393],[115.93287,-0.5634],[115.92934,-0.56129],[115.92574,-0.55803],[115.92431,-0.55822],[115.92423,-0.56614],[115.92219,-0.5663],[115.92039,-0.56747],[115.91111,-0.56737],[115.91103,-0.58372],[115.9255,-0.58372],[115.92552,-0.59696],[115.92923,-0.59696],[115.92915,-0.60643],[115.93132,-0.60631],[115.93132,-0.61703],[115.9196,-0.58958],[115.89808,-0.5942],[115.89954,-0.60393],[115.93135,-0.62708],[115.93132,-0.61709],[115.93322,-0.62149],[115.94642,-0.57194],[115.94096,-0.56824],[115.93791,-0.56441]]]]}},{"type":"Feature","properties":{"inventoryId":"big-oil-palm-kutai-barat:10","sector":"Sawit","subtype":"Izin Lokasi Sawit","quality":"OFFICIAL","sourceDataset":"big-oil-palm-kutai-barat","sourceRecordId":"10","source":"BIG Kebijakan Satu Peta","sourceUrl":"https://kspservices.big.go.id/satupeta/rest/services/PUBLIK/PERIZINAN_DAN_PERTANAHAN/MapServer/36","retrievedAt":"2026-08-24T23:55:27Z","geometryProcessing":"web display simplification tolerance 0.00035 degrees","name":"PT. Anekareksa International Corporation","issuer":"Bupati","permitNumber":"525.26/K.767/2010","permitDate":"2010-09-03","areaHa":16256.0,"village":"Dingin, Kaliq, Muhur, Muara Kelawit, Bentas, Betung, Rikong, Muara Kiaq","subdistrict":"Muara Lawa, Siluq Ngurai","district":"Kutai Barat","status":"aktif","coverageCaveat":"BIG public plantation location layer covers selected districts only; it is not complete Indonesia-wide plantation coverage.","region":"kalimantan"},"geometry":{"type":"Polygon","coordinates":[[[115.86027,-0.53231],[115.8391,-0.51822],[115.81167,-0.50167],[115.785,-0.49295],[115.78497,-0.5192],[115.80052,-0.52651],[115.80058,-0.53162],[115.84806,-0.55412],[115.8475,-0.57778],[115.85,-0.57917],[115.85167,-0.68278],[115.86306,-0.68139],[115.86333,-0.68861],[115.89361,-0.68861],[115.89389,-0.70139],[115.91389,-0.70139],[115.8981,-0.59419],[115.91947,-0.58963],[115.93324,-0.62167],[115.94637,-0.57195],[115.9409,-0.56831],[115.93741,-0.56384],[115.933,-0.56356],[115.92928,-0.56128],[115.92554,-0.55807],[115.92111,-0.55873],[115.91656,-0.55684],[115.91058,-0.55067],[115.90825,-0.54646],[115.90907,-0.53778],[115.90028,-0.53547],[115.89823,-0.53156],[115.88966,-0.52846],[115.90222,-0.50667],[115.88845,-0.50077],[115.88389,-0.49972],[115.87604,-0.50553],[115.86375,-0.53475],[115.86027,-0.53231]]]}},{"type":"Feature","properties":{"inventoryId":"big-oil-palm-paser:49","sector":"Sawit","subtype":"Izin Lokasi Sawit","quality":"OFFICIAL","sourceDataset":"big-oil-palm-paser","sourceRecordId":"49","source":"BIG Kebijakan Satu Peta","sourceUrl":"https://kspservices.big.go.id/satupeta/rest/services/PUBLIK/PERIZINAN_DAN_PERTANAHAN/MapServer/39","retrievedAt":"2026-08-24T23:55:27Z","geometryProcessing":"web display simplification tolerance 0.00035 degrees","name":"PT. ANUGERAH ABADI MULTI USAHA","group":"CAA","issuer":"Kepala DPMPTS Paser","permitNumber":"503/1669.1/DPMPTSP-3/29 (Perubahan)","permitDate":"2018-11-28","areaHa":12300.0,"village":"Lempesu, Luan, Sungai Terik, Samurangau, Rantau Bintungan, Biu, Muser, Suweto, Lolo, dan Kuaro","subdistrict":"Pasir Belengkong, Batu Sopang, Muara Samu, Kuaro","district":"Paser","status":"Aktif","sourceRemark":"Tidak Ada Masa Berlaku","coverageCaveat":"BIG public plantation location layer covers selected districts only; it is not complete Indonesia-wide plantation coverage.","region":"kalimantan"},"geometry":{"type":"Polygon","coordinates":[[[116.02633,-1.84555],[116.0208,-1.84395],[116.00235,-1.84387],[115.9959,-1.85027],[115.99532,-1.8523],[115.99886,-1.8664],[115.99899,-1.87118],[115.99838,-1.87658],[115.99858,-1.90234],[116.00673,-1.90205],[116.00642,-1.91234],[115.98407,-1.91293],[115.97773,-1.92747],[115.96656,-1.93846],[115.97245,-1.94995],[115.99742,-1.95015],[115.99855,-1.95111],[115.99712,-1.95344],[115.99706,-1.95494],[115.99831,-1.9593],[115.99684,-1.96195],[115.99219,-1.96213],[115.99358,-1.959],[115.99298,-1.95822],[115.98966,-1.96219],[115.98797,-1.96177],[115.9849,-1.95912],[115.98382,-1.95888],[115.98297,-1.95936],[115.98249,-1.9646],[115.98128,-1.96677],[115.97447,-1.9684],[115.97158,-1.96979],[115.96965,-1.97256],[115.96797,-1.97889],[115.96923,-1.98775],[115.96851,-1.98865],[115.96483,-1.99004],[115.98712,-1.98991],[115.98959,-1.98791],[115.98982,-2.02226],[116.02964,-2.02764],[116.02974,-1.98732],[116.03726,-1.98584],[116.03995,-1.98736],[116.07594,-1.98773],[116.0761,-1.97505],[116.07406,-1.97151],[116.07478,-1.97061],[116.07867,-1.97067],[116.08017,-1.97423],[116.07849,-1.97643],[116.07922,-1.97695],[116.08224,-1.977],[116.08494,-1.98279],[116.08481,-1.98516],[116.08826,-1.98741],[116.08817,-1.98628],[116.08899,-1.98511],[116.08844,-1.98104],[116.08919,-1.9723],[116.09065,-1.97093],[116.08919,-1.96901],[116.08922,-1.96629],[116.08992,-1.9656],[116.09039,-1.9628],[116.09138,-1.96193],[116.08866,-1.96193],[116.08709,-1.96074],[116.08422,-1.96104],[116.08392,-1.96023],[116.0855,-1.95924],[116.08508,-1.95835],[116.08422,-1.95878],[116.08156,-1.95632],[116.07904,-1.95629],[116.07762,-1.95391],[116.07536,-1.95392],[116.0738,-1.95717],[116.07377,-1.95859],[116.07475,-1.96279],[116.07668,-1.96472],[116.02397,-1.96423],[116.02401,-1.94983],[116.03021,-1.94963],[116.03067,-1.95007],[116.03024,-1.95211],[116.03077,-1.95453],[116.03241,-1.95466],[116.03283,-1.95711],[116.03423,-1.9583],[116.03587,-1.95725],[116.03649,-1.95581],[116.03866,-1.9539],[116.04026,-1.95435],[116.04059,-1.9537],[116.04155,-1.95358],[116.04154,-1.94884],[116.04076,-1.94973],[116.03818,-1.94957],[116.03778,-1.95001],[116.03229,-1.95036],[116.03245,-1.94747],[116.03302,-1.94583],[116.03537,-1.94572],[116.03516,-1.94446],[116.03759,-1.94324],[116.0381,-1.94166],[116.0401,-1.94027],[116.04229,-1.94127],[116.04348,-1.94055],[116.04388,-1.93427],[116.04054,-1.93418],[116.0387,-1.93329],[116.03816,-1.93849],[116.03547,-1.93875],[116.03317,-1.93686],[116.03224,-1.93453],[116.03276,-1.93387],[116.03133,-1.93363],[116.03055,-1.93217],[116.02934,-1.932],[116.02868,-1.93295],[116.02781,-1.93306],[116.02717,-1.93154],[116.02497,-1.93221],[116.02409,-1.92768],[116.02414,-1.9233],[116.04888,-1.92349],[116.04924,-1.90901],[116.04657,-1.90686],[116.04664,-1.88669],[116.04319,-1.88675],[116.04324,-1.8701],[116.03995,-1.8701],[116.03995,-1.86375],[116.03793,-1.86333],[116.03575,-1.85895],[116.03601,-1.84727],[116.03378,-1.84728],[116.02633,-1.84555]]]}},{"type":"Feature","properties":{"inventoryId":"big-oil-palm-kutai-kartanegara:22","sector":"Sawit","subtype":"Izin Lokasi Sawit","quality":"OFFICIAL","sourceDataset":"big-oil-palm-kutai-kartanegara","sourceRecordId":"22","source":"BIG Kebijakan Satu Peta","sourceUrl":"https://kspservices.big.go.id/satupeta/rest/services/PUBLIK/PERIZINAN_DAN_PERTANAHAN/MapServer/37","retrievedAt":"2026-08-24T23:55:27Z","geometryProcessing":"web display simplification tolerance 0.00035 degrees","name":"PT. ANUGERAH UREA SAKTI","issuer":"Bupati Kutai Kartanegara","permitNumber":"59/DPN.K/IL-57/IX-2006","permitDate":"2006-09-26","areaHa":10500.0,"village":"Puan Cepak dan Sumber Sari","subdistrict":"Muara Kaman","district":"Kutai Kartanegara","status":"Aktif","coverageCaveat":"BIG public plantation location layer covers selected districts only; it is not complete Indonesia-wide plantation coverage.","region":"kalimantan"},"geometry":{"type":"MultiPolygon","coordinates":[[[[117.07564,-0.01721],[117.07294,-0.01367],[117.07016,-0.00756],[117.06861,0.01009],[117.06984,0.02117],[117.07272,0.02921],[117.07714,0.03748],[117.07719,0.04741],[117.04897,0.0461],[117.04885,0.0284],[117.04303,0.0187],[117.04368,-0.02535],[117.04879,-0.02296],[117.0613,-0.02558],[117.06477,-0.02957],[117.065,-0.03527],[117.06121,-0.03946],[117.05998,-0.04888],[117.05633,-0.0583],[117.05277,-0.05858],[117.04984,-0.05154],[117.04738,-0.0401],[117.04222,-0.04056],[117.0398,-0.04286],[117.03811,-0.04658],[117.04491,-0.05835],[117.0424,-0.06685],[117.04332,-0.07733],[117.05012,-0.08827],[117.04998,-0.09199],[117.04706,-0.09718],[117.04208,-0.09934],[117.03382,-0.10049],[117.02396,-0.1055],[117.01305,-0.11846],[117.00962,-0.12402],[117.00209,-0.14287],[117.00816,-0.14388],[117.01848,-0.15142],[117.01894,-0.14746],[117.022,-0.1397],[117.02642,-0.13174],[117.03208,-0.12457],[117.03578,-0.12352],[117.03921,-0.11966],[117.03966,-0.114],[117.04049,-0.11134],[117.04478,-0.10927],[117.05751,-0.10688],[117.06792,-0.09856],[117.06947,-0.09157],[117.07157,-0.07503],[117.0729,-0.07209],[117.07874,-0.06712],[117.07714,-0.05642],[117.07746,-0.0526],[117.07897,-0.04341],[117.08071,-0.0372],[117.08057,-0.03242],[117.08312,-0.023],[117.07564,-0.01721]]],[[[117.01522,-0.16514],[117.01311,-0.16275],[117.0054,-0.14977],[116.99987,-0.14787],[116.98583,-0.14655],[116.98486,-0.14782],[116.98497,-0.15483],[116.98714,-0.16252],[116.98611,-0.16873],[116.99445,-0.16925],[116.99553,-0.16873],[117.00015,-0.16936],[117.00512,-0.17212],[117.007,-0.17557],[117.01345,-0.1747],[117.01853,-0.17511],[117.02446,-0.17769],[117.0276,-0.17804],[117.0296,-0.18039],[117.0288,-0.18355],[117.02891,-0.18907],[117.08622,-0.18918],[117.08626,-0.1964],[117.09288,-0.2021],[117.09859,-0.20504],[117.10288,-0.21115],[117.10443,-0.2157],[117.11936,-0.21552],[117.11949,-0.16287],[117.1059,-0.17126],[117.02338,-0.17108],[117.01876,-0.16913],[117.01522,-0.16514]]]]}},{"type":"Feature","properties":{"inventoryId":"big-oil-palm-kutai-kartanegara:18","sector":"Sawit","subtype":"Izin Lokasi Sawit","quality":"OFFICIAL","sourceDataset":"big-oil-palm-kutai-kartanegara","sourceRecordId":"18","source":"BIG Kebijakan Satu Peta","sourceUrl":"https://kspservices.big.go.id/satupeta/rest/services/PUBLIK/PERIZINAN_DAN_PERTANAHAN/MapServer/37","retrievedAt":"2026-08-24T23:55:27Z","geometryProcessing":"web display simplification tolerance 0.00035 degrees","name":"PT. BAHTERA BAHAGIA","issuer":"Plt. Bupati Kutai Kartanegara","permitNumber":"139/DPN.K/IL-139/XII/2008","permitDate":"2008-12-09","areaHa":13000.0,"village":"Kota Bangun I, Kota Bangun II, Kota Bangun III, Sumber Sari, Sarinadi, Suka Bumi, Loleng, Kedang Ipil, Sedulang, Benua Baru, Wonosari dan Kedang Murung","subdistrict":"Kota Bangun","district":"Kutai Kartanegara","status":"Aktif","coverageCaveat":"BIG public plantation location layer covers selected districts only; it is not complete Indonesia-wide plantation coverage.","region":"kalimantan"},"geometry":{"type":"MultiPolygon","coordinates":[[[[116.72185,-0.36698],[116.72993,-0.36698],[116.72667,-0.35944],[116.72305,-0.35373],[116.71647,-0.35042],[116.71079,-0.35434],[116.70601,-0.35614],[116.70391,-0.35825],[116.70391,-0.3742],[116.65506,-0.37412],[116.65418,-0.38649],[116.65418,-0.39618],[116.64434,-0.39618],[116.6442,-0.42334],[116.75923,-0.42297],[116.75863,-0.38053],[116.75684,-0.37631],[116.75445,-0.37421],[116.74099,-0.37119],[116.7371,-0.37089],[116.7371,-0.38895],[116.72185,-0.38895],[116.72185,-0.36698]]],[[[116.67212,-0.29342],[116.66315,-0.28384],[116.65307,-0.27069],[116.64925,-0.27454],[116.64312,-0.27762],[116.63088,-0.28725],[116.61749,-0.29611],[116.593,-0.31421],[116.6106,-0.33501],[116.6137,-0.33793],[116.61764,-0.33713],[116.62633,-0.33693],[116.63225,-0.33395],[116.63896,-0.32819],[116.6437,-0.32839],[116.65001,-0.32283],[116.65482,-0.32104],[116.65475,-0.30673],[116.66936,-0.30216],[116.67153,-0.30932],[116.67488,-0.31071],[116.67705,-0.31349],[116.68455,-0.3123],[116.69265,-0.31428],[116.69699,-0.31846],[116.70094,-0.31428],[116.70345,-0.31023],[116.69798,-0.30773],[116.69659,-0.30256],[116.69423,-0.30157],[116.69048,-0.29879],[116.681,-0.29481],[116.67765,-0.29541],[116.67212,-0.29342]]],[[[116.63471,-0.35336],[116.67426,-0.31391],[116.67202,-0.3121],[116.66797,-0.31519],[116.66065,-0.31813],[116.65709,-0.32348],[116.65153,-0.3249],[116.64615,-0.33002],[116.64076,-0.33092],[116.63672,-0.33363],[116.63433,-0.33649],[116.63134,-0.3377],[116.62189,-0.33877],[116.63386,-0.35421],[116.63471,-0.35336]]],[[[116.71979,-0.34381],[116.70456,-0.32561],[116.69962,-0.32063],[116.69882,-0.32529],[116.70169,-0.33043],[116.7044,-0.33445],[116.70712,-0.33557],[116.71366,-0.34409],[116.71941,-0.34843],[116.72037,-0.35036],[116.72372,-0.35132],[116.72707,-0.35148],[116.72946,-0.35277],[116.73058,-0.36385],[116.73234,-0.3653],[116.7376,-0.36787],[116.74942,-0.37093],[116.75484,-0.37109],[116.75804,-0.37285],[116.75804,-0.34971],[116.75484,-0.34907],[116.74936,-0.3526],[116.72778,-0.33823],[116.72217,-0.34263],[116.71979,-0.34381]]],[[[116.59578,-0.40586],[116.60648,-0.40514],[116.60652,-0.395],[116.59534,-0.395],[116.59534,-0.36569],[116.60258,-0.36321],[116.60899,-0.35593],[116.61047,-0.34748],[116.60823,-0.34702],[116.57945,-0.37853],[116.57933,-0.42312],[116.5923,-0.42298],[116.59222,-0.40873],[116.59578,-0.40945],[116.59578,-0.40586]]]]}},{"type":"Feature","properties":{"inventoryId":"big-oil-palm-kutai-kartanegara:65","sector":"Sawit","subtype":"Izin Lokasi Sawit","quality":"OFFICIAL","sourceDataset":"big-oil-palm-kutai-kartanegara","sourceRecordId":"65","source":"BIG Kebijakan Satu Peta","sourceUrl":"https://kspservices.big.go.id/satupeta/rest/services/PUBLIK/PERIZINAN_DAN_PERTANAHAN/MapServer/37","retrievedAt":"2026-08-24T23:55:27Z","geometryProcessing":"web display simplification tolerance 0.00035 degrees","name":"PT. BANGUN BINA PERKASA","issuer":"Bupati Kutai Kartanegara","permitNumber":"590/525.29/15.1/A.Ptn","permitDate":"2013-05-06","areaHa":7000.0,"village":"Bukit Jering, Muara Siran, Muara Kaman Ulu","subdistrict":"Muara Kaman","district":"Kutai Kartanegara","coverageCaveat":"BIG public plantation location layer covers selected districts only; it is not complete Indonesia-wide plantation coverage.","region":"kalimantan"},"geometry":{"type":"MultiPolygon","coordinates":[[[[116.63418,-0.13193],[116.62803,-0.1255],[116.61832,-0.11876],[116.61553,-0.11047],[116.60694,-0.11143],[116.60914,-0.12307],[116.60144,-0.13455],[116.609,-0.14912],[116.6176,-0.18283],[116.61493,-0.19626],[116.60248,-0.20192],[116.58755,-0.18925],[116.58698,-0.19015],[116.58755,-0.19188],[116.58075,-0.19396],[116.58862,-0.20173],[116.60218,-0.21217],[116.60251,-0.21352],[116.60588,-0.21785],[116.60913,-0.22441],[116.61564,-0.2264],[116.61925,-0.22347],[116.6201,-0.22056],[116.62616,-0.2107],[116.62616,-0.20413],[116.62383,-0.19004],[116.62562,-0.18669],[116.63309,-0.18164],[116.63833,-0.17906],[116.64045,-0.1788],[116.64826,-0.17913],[116.66322,-0.18364],[116.66718,-0.18225],[116.66856,-0.17221],[116.66752,-0.16095],[116.6732,-0.14762],[116.67836,-0.13948],[116.67303,-0.13498],[116.66632,-0.12597],[116.65875,-0.1258],[116.65428,-0.13013],[116.63768,-0.1353],[116.63418,-0.13193]]],[[[116.54836,-0.17515],[116.53941,-0.17186],[116.53505,-0.1667],[116.52861,-0.1668],[116.53691,-0.17801],[116.54269,-0.17988],[116.55011,-0.17999],[116.56233,-0.1835],[116.56891,-0.18663],[116.56623,-0.1816],[116.56662,-0.17997],[116.57248,-0.17958],[116.57257,-0.17728],[116.5732,-0.17706],[116.57097,-0.17615],[116.56519,-0.17738],[116.54836,-0.17515]]],[[[116.73437,-0.12971],[116.72514,-0.11652],[116.72142,-0.10758],[116.72553,-0.09451],[116.74062,-0.07683],[116.7303,-0.07828],[116.71812,-0.08493],[116.71701,-0.0945],[116.70985,-0.10901],[116.70502,-0.11335],[116.70781,-0.12588],[116.71495,-0.13369],[116.71887,-0.13286],[116.72287,-0.13085],[116.7272,-0.13231],[116.73009,-0.13688],[116.72871,-0.1455],[116.74129,-0.1462],[116.74607,-0.14758],[116.75301,-0.15146],[116.75712,-0.15003],[116.75918,-0.14719],[116.73754,-0.13423],[116.73437,-0.12971]]]]}},{"type":"Feature","properties":{"inventoryId":"big-oil-palm-kutai-kartanegara:19","sector":"Sawit","subtype":"Izin Lokasi Sawit","quality":"OFFICIAL","sourceDataset":"big-oil-palm-kutai-kartanegara","sourceRecordId":"19","source":"BIG Kebijakan Satu Peta","sourceUrl":"https://kspservices.big.go.id/satupeta/rest/services/PUBLIK/PERIZINAN_DAN_PERTANAHAN/MapServer/37","retrievedAt":"2026-08-24T23:55:27Z","geometryProcessing":"web display simplification tolerance 0.00035 degrees","name":"PT. BEKACAK HIMBA BAHARI","issuer":"Bupati Kutai Kartanegara","permitNumber":"590/525.29/005/A.Ptn","permitDate":"2012-03-12","areaHa":1943.7,"village":"Menamang kanan","subdistrict":"Muara Kaman","district":"Kutai Kartanegara","status":"Aktif","coverageCaveat":"BIG public plantation location layer covers selected districts only; it is not complete Indonesia-wide plantation coverage.","region":"kalimantan"},"geometry":{"type":"Polygon","coordinates":[[[116.99971,0.17741],[117.00002,0.20563],[117.00786,0.20557],[117.00797,0.20704],[117.01004,0.20831],[117.01418,0.20857],[117.01561,0.20743],[117.01537,0.20975],[117.00659,0.21478],[117.00205,0.21277],[116.99656,0.21274],[116.99116,0.2183],[116.98627,0.21657],[116.98225,0.21436],[116.977,0.21264],[116.95814,0.20878],[116.95667,0.20782],[116.95637,0.20673],[116.95737,0.2061],[116.9601,0.20664],[116.95866,0.20519],[116.95868,0.20266],[116.95915,0.20203],[116.96035,0.20194],[116.96343,0.20429],[116.9662,0.20456],[116.96641,0.20411],[116.96243,0.20329],[116.9618,0.2023],[116.96226,0.2013],[116.96069,0.20058],[116.95774,0.20166],[116.95591,0.19976],[116.95058,0.19841],[116.95167,0.19687],[116.95413,0.19606],[116.95593,0.19443],[116.95569,0.19334],[116.95451,0.19271],[116.95435,0.19198],[116.95564,0.19189],[116.95554,0.19081],[116.95679,0.1899],[116.95421,0.19019],[116.96285,0.17737],[116.99971,0.17741]],[[116.98438,0.1972],[116.98435,0.19485],[116.97987,0.19497],[116.97979,0.19249],[116.97618,0.19257],[116.9763,0.19736],[116.98438,0.1972]]]}},{"type":"Feature","properties":{"inventoryId":"big-oil-palm-paser:6","sector":"Sawit","subtype":"Izin Lokasi Sawit","quality":"OFFICIAL","sourceDataset":"big-oil-palm-paser","sourceRecordId":"6","source":"BIG Kebijakan Satu Peta","sourceUrl":"https://kspservices.big.go.id/satupeta/rest/services/PUBLIK/PERIZINAN_DAN_PERTANAHAN/MapServer/39","retrievedAt":"2026-08-24T23:55:27Z","geometryProcessing":"web display simplification tolerance 0.00035 degrees","name":"PT. BERLIAN AGROSUBUR SEJAHTERA","group":"Tidak ada","issuer":"Bupati Paser","permitNumber":"503/02/PEM-SILP/II/2012","permitDate":"2012-02-16","areaHa":200.0,"village":"Sainperupuk","subdistrict":"Batu Engau","district":"Paser","status":"Aktif","coverageCaveat":"BIG public plantation location layer covers selected districts only; it is not complete Indonesia-wide plantation coverage.","region":"kalimantan"},"geometry":{"type":"MultiPolygon","coordinates":[[[[116.10162,-2.04639],[116.10172,-2.04566],[116.09836,-2.04504],[116.09887,-2.04925],[116.09054,-2.04871],[116.09054,-2.05133],[116.10138,-2.05171],[116.10136,-2.05331],[116.11204,-2.05288],[116.11171,-2.04604],[116.10414,-2.04668],[116.10439,-2.0489],[116.10122,-2.04906],[116.10162,-2.04639]]],[[[116.09154,-2.02022],[116.08846,-2.01853],[116.08644,-2.02276],[116.08627,-2.02648],[116.08675,-2.02859],[116.0899,-2.02785],[116.09037,-2.0304],[116.09153,-2.02951],[116.09141,-2.02569],[116.09257,-2.0253],[116.09296,-2.02341],[116.09154,-2.02022]]]]}},{"type":"Feature","properties":{"inventoryId":"big-oil-palm-kutai-barat:8","sector":"Sawit","subtype":"Izin Lokasi Sawit","quality":"OFFICIAL","sourceDataset":"big-oil-palm-kutai-barat","sourceRecordId":"8","source":"BIG Kebijakan Satu Peta","sourceUrl":"https://kspservices.big.go.id/satupeta/rest/services/PUBLIK/PERIZINAN_DAN_PERTANAHAN/MapServer/36","retrievedAt":"2026-08-24T23:55:27Z","geometryProcessing":"web display simplification tolerance 0.00035 degrees","name":"PT. Bhumi Inti Lestari","issuer":"Bupati","permitNumber":"525.26/K.1105/2010","permitDate":"2010-12-22","areaHa":6098.0,"village":"Muara Bunyut, Empakuq, Melak Ilir, Empas","subdistrict":"Melak","district":"Kutai Barat","coverageCaveat":"BIG public plantation location layer covers selected districts only; it is not complete Indonesia-wide plantation coverage.","region":"kalimantan"},"geometry":{"type":"Polygon","coordinates":[[[115.80257,-0.23927],[115.79548,-0.24339],[115.78757,-0.255],[115.7742,-0.27036],[115.76892,-0.27956],[115.77746,-0.29445],[115.79014,-0.29445],[115.79014,-0.30942],[115.77412,-0.30942],[115.77412,-0.31711],[115.77769,-0.3147],[115.78021,-0.31396],[115.78248,-0.31429],[115.7856,-0.31628],[115.78755,-0.31478],[115.78891,-0.31458],[115.7976,-0.33314],[115.79755,-0.335],[115.80097,-0.34274],[115.80284,-0.35016],[115.80837,-0.34614],[115.80836,-0.34085],[115.81513,-0.34085],[115.81515,-0.32501],[115.82504,-0.32501],[115.82507,-0.30842],[115.84984,-0.30834],[115.85194,-0.3017],[115.8507,-0.29574],[115.84001,-0.29573],[115.8428,-0.27928],[115.83889,-0.27697],[115.83659,-0.27266],[115.83327,-0.26988],[115.83363,-0.26667],[115.83325,-0.26442],[115.8368,-0.25955],[115.83963,-0.25741],[115.84082,-0.25732],[115.83903,-0.25284],[115.83686,-0.24328],[115.83168,-0.2397],[115.81758,-0.23854],[115.81292,-0.24125],[115.80735,-0.24205],[115.80257,-0.23927]]]}},{"type":"Feature","properties":{"inventoryId":"big-oil-palm-kutai-kartanegara:21","sector":"Sawit","subtype":"Izin Lokasi Sawit","quality":"OFFICIAL","sourceDataset":"big-oil-palm-kutai-kartanegara","sourceRecordId":"21","source":"BIG Kebijakan Satu Peta","sourceUrl":"https://kspservices.big.go.id/satupeta/rest/services/PUBLIK/PERIZINAN_DAN_PERTANAHAN/MapServer/37","retrievedAt":"2026-08-24T23:55:27Z","geometryProcessing":"web display simplification tolerance 0.00035 degrees","name":"PT. BINA GRAHA UTAMA MAKMUR","issuer":"Bupati Kutai Kartanegara","permitNumber":"590/525.29/009/A.Ptn","permitDate":"2009-07-23","areaHa":15000.0,"village":"Liang,Pela,Sebelimbingan, Muhuran,TelukMuda, Semayang,Tuana Tuha dan Kahala","subdistrict":"Kota Bangun dan Kenohan","district":"Kutai Kartanegara","status":"Aktif","coverageCaveat":"BIG public plantation location layer covers selected districts only; it is not complete Indonesia-wide plantation coverage.","region":"kalimantan"},"geometry":{"type":"MultiPolygon","coordinates":[[[[116.42151,-0.04713],[116.42061,-0.04313],[116.42134,-0.04002],[116.4248,-0.03546],[116.42626,-0.02561],[116.41696,-0.02033],[116.41696,-0.05094],[116.36516,-0.05094],[116.36513,-0.07891],[116.37026,-0.08865],[116.38688,-0.08864],[116.39315,-0.1017],[116.39431,-0.11279],[116.40191,-0.11769],[116.41077,-0.12615],[116.41646,-0.13607],[116.40917,-0.14103],[116.43266,-0.16758],[116.46283,-0.16448],[116.4703,-0.16809],[116.47486,-0.1786],[116.47743,-0.18934],[116.47684,-0.19518],[116.49189,-0.18957],[116.4975,-0.18829],[116.50544,-0.18467],[116.51489,-0.17849],[116.5129,-0.17709],[116.50998,-0.173],[116.50485,-0.17545],[116.49995,-0.1793],[116.49738,-0.17954],[116.49552,-0.17837],[116.4947,-0.17604],[116.49552,-0.17376],[116.49458,-0.17273],[116.49243,-0.17207],[116.49029,-0.17049],[116.4901,-0.16825],[116.49141,-0.16582],[116.4942,-0.16386],[116.49598,-0.16124],[116.49533,-0.16077],[116.48851,-0.16284],[116.48263,-0.16312],[116.47861,-0.16115],[116.47823,-0.15919],[116.47861,-0.15629],[116.48076,-0.14897],[116.4831,-0.14628],[116.48823,-0.14442],[116.48823,-0.14371],[116.48473,-0.14068],[116.47866,-0.13987],[116.47632,-0.13892],[116.47562,-0.13741],[116.47574,-0.13402],[116.47492,-0.13052],[116.47376,-0.12913],[116.47283,-0.12877],[116.46628,-0.13111],[116.44431,-0.12851],[116.44242,-0.13418],[116.44008,-0.12968],[116.43395,-0.12618],[116.42973,-0.12501],[116.42695,-0.12355],[116.42578,-0.12136],[116.4287,-0.1164],[116.42914,-0.11377],[116.42651,-0.10969],[116.41937,-0.10882],[116.41572,-0.10765],[116.41324,-0.1056],[116.41251,-0.10298],[116.41411,-0.09714],[116.41382,-0.09481],[116.41221,-0.09327],[116.41039,-0.08963],[116.41003,-0.08562],[116.40232,-0.07226],[116.43476,-0.07226],[116.43516,-0.06371],[116.43337,-0.06282],[116.42826,-0.06173],[116.42461,-0.0599],[116.42188,-0.05552],[116.42097,-0.05206],[116.42151,-0.04713]]],[[[116.51087,-0.14929],[116.50073,-0.13997],[116.48852,-0.12715],[116.47838,-0.11908],[116.47424,-0.1139],[116.46968,-0.09526],[116.4645,-0.08347],[116.4645,-0.11038],[116.46823,-0.11244],[116.46906,-0.12363],[116.47692,-0.12425],[116.48003,-0.13542],[116.48686,-0.13626],[116.49535,-0.14267],[116.49431,-0.14785],[116.48686,-0.14867],[116.48375,-0.15488],[116.48293,-0.15778],[116.48521,-0.15881],[116.4908,-0.15799],[116.49721,-0.15509],[116.4999,-0.15592],[116.50011,-0.16088],[116.49639,-0.16792],[116.49659,-0.16854],[116.49949,-0.16978],[116.4999,-0.1731],[116.50943,-0.16709],[116.51335,-0.16813],[116.5146,-0.17165],[116.51812,-0.17578],[116.52806,-0.16627],[116.52102,-0.15695],[116.51087,-0.14929]]],[[[116.53669,-0.17837],[116.53314,-0.17432],[116.52853,-0.16699],[116.51903,-0.17611],[116.52233,-0.17801],[116.52435,-0.18054],[116.52537,-0.18054],[116.52689,-0.17915],[116.52942,-0.1789],[116.5317,-0.18067],[116.53233,-0.18536],[116.52992,-0.18865],[116.52663,-0.18991],[116.52537,-0.19422],[116.52537,-0.1965],[116.52701,-0.19663],[116.5331,-0.19359],[116.53626,-0.19321],[116.53955,-0.19561],[116.54031,-0.19941],[116.54221,-0.20068],[116.55336,-0.20333],[116.55792,-0.19928],[116.5621,-0.19662],[116.5645,-0.19725],[116.56691,-0.19933],[116.56982,-0.20029],[116.57463,-0.19814],[116.58134,-0.20371],[116.5873,-0.20485],[116.59059,-0.20739],[116.59148,-0.21055],[116.59641,-0.21385],[116.60085,-0.21562],[116.60166,-0.21339],[116.5973,-0.20873],[116.59092,-0.20447],[116.58505,-0.19952],[116.57967,-0.19344],[116.57228,-0.18857],[116.56265,-0.18432],[116.54948,-0.18078],[116.54226,-0.1804],[116.53669,-0.17837]]],[[[116.54515,-0.21135],[116.53744,-0.20818],[116.53031,-0.207],[116.52477,-0.20284],[116.51785,-0.19929],[116.51944,-0.19177],[116.52201,-0.18544],[116.51547,-0.17891],[116.50579,-0.18525],[116.49768,-0.189],[116.48462,-0.19315],[116.47793,-0.19612],[116.49214,-0.20166],[116.50658,-0.20918],[116.50875,-0.21392],[116.50737,-0.22915],[116.5135,-0.2335],[116.52432,-0.23748],[116.53426,-0.23726],[116.54554,-0.23489],[116.56453,-0.22974],[116.57244,-0.22875],[116.58194,-0.22342],[116.59123,-0.21649],[116.58569,-0.21293],[116.58253,-0.20957],[116.57422,-0.20601],[116.56552,-0.20463],[116.56077,-0.20581],[116.55464,-0.21392],[116.55266,-0.21451],[116.54515,-0.21135]]]]}},{"type":"Feature","properties":{"inventoryId":"big-oil-palm-kutai-barat:18","sector":"Sawit","subtype":"Izin Lokasi Sawit","quality":"OFFICIAL","sourceDataset":"big-oil-palm-kutai-barat","sourceRecordId":"18","source":"BIG Kebijakan Satu Peta","sourceUrl":"https://kspservices.big.go.id/satupeta/rest/services/PUBLIK/PERIZINAN_DAN_PERTANAHAN/MapServer/36","retrievedAt":"2026-08-24T23:55:27Z","geometryProcessing":"web display simplification tolerance 0.00035 degrees","name":"PT. Borneo Citra Persada Abadi","group":"Borneo Agri Group","issuer":"Bupati","permitNumber":"525.29/K.436/2016","permitDate":"2016-03-07","areaHa":19830.0,"village":"Kendesiq, Rikong, Tendiq, Penawang, Lendian Liang Nayuq","subdistrict":"Siluq Ngurai","district":"Kutai Barat","status":"aktif","coverageCaveat":"BIG public plantation location layer covers selected districts only; it is not complete Indonesia-wide plantation coverage.","region":"kalimantan"},"geometry":{"type":"MultiPolygon","coordinates":[[[[115.9794,-0.74818],[115.9783,-0.74797],[115.97756,-0.7471],[115.97414,-0.7468],[115.97343,-0.74458],[115.97185,-0.74381],[115.97022,-0.74587],[115.96698,-0.74671],[115.96517,-0.74901],[115.96261,-0.7491],[115.96089,-0.74811],[115.96005,-0.7482],[115.95919,-0.75086],[115.95791,-0.75257],[115.95589,-0.75364],[115.95218,-0.7537],[115.95099,-0.7569],[115.94799,-0.75879],[115.9487,-0.76181],[115.97833,-0.76167],[115.98833,-0.82083],[115.98694,-0.87833],[115.97333,-0.90444],[115.96295,-0.91526],[115.96522,-0.91654],[115.9662,-0.91893],[115.96612,-0.92015],[115.96767,-0.92286],[115.96603,-0.92432],[115.96577,-0.9263],[115.96985,-0.92774],[115.96983,-0.92903],[115.97104,-0.93114],[115.97083,-0.93296],[115.9724,-0.93296],[115.97335,-0.93384],[115.97356,-0.93497],[115.97179,-0.93718],[116.00056,-0.93278],[116.03333,-0.93833],[116.03722,-0.92694],[116.04667,-0.92306],[116.07639,-0.84667],[116.01472,-0.84639],[116.01389,-0.78194],[115.99944,-0.78194],[115.99806,-0.76917],[115.98417,-0.76472],[115.98308,-0.74655],[115.9794,-0.74818]]],[[[115.94778,-0.91389],[115.93944,-0.91444],[115.91389,-0.92083],[115.90694,-0.94278],[115.91083,-0.95306],[115.88611,-0.97667],[115.88806,-0.97833],[115.91333,-0.9825],[115.95861,-0.97083],[115.95667,-0.95639],[115.95917,-0.94306],[115.96611,-0.93806],[115.97068,-0.93736],[115.97238,-0.93563],[115.97264,-0.93451],[115.97226,-0.93379],[115.96982,-0.93336],[115.97001,-0.9318],[115.96877,-0.92821],[115.96485,-0.92668],[115.96497,-0.92335],[115.96668,-0.92311],[115.96457,-0.91727],[115.96173,-0.91653],[115.96,-0.91833],[115.94778,-0.91389]]],[[[115.93056,-0.74448],[115.92882,-0.74098],[115.92507,-0.74014],[115.92224,-0.73464],[115.92038,-0.73449],[115.91889,-0.73548],[115.91889,-0.76194],[115.94598,-0.76182],[115.9462,-0.7587],[115.94755,-0.75709],[115.94943,-0.75626],[115.95026,-0.7548],[115.95019,-0.75319],[115.94263,-0.74934],[115.94097,-0.74785],[115.93529,-0.74682],[115.93298,-0.74407],[115.93056,-0.74448]]],[[[115.98056,-0.70417],[115.92139,-0.70472],[115.91889,-0.70778],[115.91889,-0.73332],[115.92117,-0.73289],[115.92347,-0.73336],[115.92616,-0.73882],[115.93018,-0.73983],[115.93094,-0.7428],[115.93403,-0.74282],[115.93674,-0.74569],[115.94066,-0.74589],[115.94606,-0.74996],[115.95022,-0.75108],[115.95138,-0.75214],[115.9559,-0.75209],[115.95721,-0.7507],[115.95771,-0.74814],[115.95987,-0.74615],[115.9618,-0.74601],[115.96365,-0.74757],[115.9647,-0.74692],[115.96534,-0.74546],[115.96895,-0.74482],[115.97105,-0.7424],[115.97399,-0.74293],[115.97568,-0.7451],[115.97818,-0.7452],[115.97934,-0.7463],[115.98086,-0.74527],[115.98298,-0.74484],[115.98056,-0.70417]]]]}},{"type":"Feature","properties":{"inventoryId":"big-oil-palm-kutai-barat:9","sector":"Sawit","subtype":"Izin Lokasi Sawit","quality":"OFFICIAL","sourceDataset":"big-oil-palm-kutai-barat","sourceRecordId":"9","source":"BIG Kebijakan Satu Peta","sourceUrl":"https://kspservices.big.go.id/satupeta/rest/services/PUBLIK/PERIZINAN_DAN_PERTANAHAN/MapServer/36","retrievedAt":"2026-08-24T23:55:27Z","geometryProcessing":"web display simplification tolerance 0.00035 degrees","name":"PT. Borneo Citra Persada Jaya","group":"Borneo Agri Group","issuer":"Bupati","permitNumber":"525.29/K.437/2016","permitDate":"2016-03-07","areaHa":18952.0,"village":"Dilang Puti, Suakong, Jelmu Sibak, Sambung, Kiaq, Tendiq, Penawang, Lendian Liang Nayuq","subdistrict":"Bentian Besar, Siluq Ngurai","district":"Kutai Barat","status":"aktif","coverageCaveat":"BIG public plantation location layer covers selected districts only; it is not complete Indonesia-wide plantation coverage.","region":"kalimantan"},"geometry":{"type":"MultiPolygon","coordinates":[[[[115.86611,-0.83333],[115.86361,-0.74806],[115.7807,-0.74806],[115.78013,-0.7713],[115.77733,-0.77137],[115.77722,-0.77722],[115.78051,-0.77953],[115.78108,-0.78637],[115.78061,-0.7901],[115.78212,-0.79307],[115.78219,-0.80388],[115.78112,-0.81016],[115.78465,-0.82371],[115.80839,-0.83189],[115.82377,-0.83267],[115.824,-0.83543],[115.82189,-0.83901],[115.81894,-0.84002],[115.81686,-0.84652],[115.82106,-0.86569],[115.82073,-0.87024],[115.81853,-0.87503],[115.82201,-0.88024],[115.82215,-0.88754],[115.82512,-0.89032],[115.82569,-0.89469],[115.82467,-0.90319],[115.82589,-0.90749],[115.82577,-0.91234],[115.82387,-0.91654],[115.86889,-0.91667],[115.86611,-0.83333]]],[[[115.82092,-0.913],[115.82192,-0.90966],[115.82042,-0.90503],[115.82074,-0.89257],[115.81777,-0.88611],[115.81869,-0.88165],[115.81593,-0.87857],[115.81474,-0.87354],[115.81731,-0.86655],[115.81222,-0.84469],[115.81519,-0.83889],[115.81947,-0.83539],[115.80527,-0.83508],[115.78027,-0.82626],[115.77669,-0.81341],[115.7741,-0.82778],[115.7737,-0.83568],[115.774,-0.85376],[115.77014,-0.87903],[115.76806,-0.91056],[115.76722,-0.91639],[115.81678,-0.91652],[115.82092,-0.913]]]]}},{"type":"Feature","properties":{"inventoryId":"big-oil-palm-kutai-barat:11","sector":"Sawit","subtype":"Izin Lokasi Sawit","quality":"OFFICIAL","sourceDataset":"big-oil-palm-kutai-barat","sourceRecordId":"11","source":"BIG Kebijakan Satu Peta","sourceUrl":"https://kspservices.big.go.id/satupeta/rest/services/PUBLIK/PERIZINAN_DAN_PERTANAHAN/MapServer/36","retrievedAt":"2026-08-24T23:55:27Z","geometryProcessing":"web display simplification tolerance 0.00035 degrees","name":"PT. Borneo Citra Persada Mandiri","group":"Borneo Agri Group","issuer":"Bupati","permitNumber":"525.29/K.438/2016","permitDate":"2016-03-07","areaHa":18911.0,"village":"Lotaq, Dingin, Penarong, Dilang Puti, Bentas, Betung, Kiaq, Tendiq","subdistrict":"Muara Lawa, Bentian Besar, Siluq Ngurai","district":"Kutai Barat","status":"aktif","coverageCaveat":"BIG public plantation location layer covers selected districts only; it is not complete Indonesia-wide plantation coverage.","region":"kalimantan"},"geometry":{"type":"Polygon","coordinates":[[[115.85056,-0.61412],[115.85055,-0.60968],[115.84767,-0.60877],[115.84778,-0.57556],[115.78528,-0.55139],[115.76806,-0.585],[115.77472,-0.59167],[115.7675,-0.60556],[115.7675,-0.60917],[115.75917,-0.60917],[115.75916,-0.61583],[115.75139,-0.61583],[115.75,-0.61806],[115.75361,-0.63278],[115.76194,-0.63528],[115.77694,-0.65167],[115.76944,-0.6575],[115.77083,-0.67083],[115.77583,-0.67528],[115.77568,-0.68736],[115.77333,-0.69333],[115.77944,-0.70639],[115.77861,-0.72667],[115.78111,-0.72694],[115.78056,-0.74861],[115.86389,-0.74861],[115.8625,-0.6825],[115.85083,-0.68361],[115.85056,-0.61412]]]}},{"type":"Feature","properties":{"inventoryId":"big-oil-palm-paser:7","sector":"Sawit","subtype":"Izin Lokasi Sawit","quality":"OFFICIAL","sourceDataset":"big-oil-palm-paser","sourceRecordId":"7","source":"BIG Kebijakan Satu Peta","sourceUrl":"https://kspservices.big.go.id/satupeta/rest/services/PUBLIK/PERIZINAN_DAN_PERTANAHAN/MapServer/39","retrievedAt":"2026-08-24T23:55:27Z","geometryProcessing":"web display simplification tolerance 0.00035 degrees","name":"PT. BORNEO INDAH MARJAYA","group":"Astra Internastional","issuer":"Bupati Paser","permitNumber":"503/07/PEM-SILP/V/2010","permitDate":"2010-05-07","areaHa":10311.0,"village":"Laburan","subdistrict":"Pasir Belengkong","district":"Paser","status":"Aktif","coverageCaveat":"BIG public plantation location layer covers selected districts only; it is not complete Indonesia-wide plantation coverage.","region":"kalimantan"},"geometry":{"type":"Polygon","coordinates":[[[116.45281,-1.99029],[116.37167,-1.98956],[116.37064,-1.99059],[116.36758,-1.99121],[116.36504,-1.99281],[116.36075,-1.99245],[116.35865,-1.99305],[116.35415,-1.99703],[116.34991,-1.99814],[116.34993,-2.01129],[116.33708,-2.01128],[116.33708,-2.01693],[116.32195,-2.01731],[116.32185,-2.03004],[116.33774,-2.03005],[116.33783,-2.04738],[116.34887,-2.04738],[116.34868,-2.05102],[116.37227,-2.07525],[116.38359,-2.0752],[116.41547,-2.04839],[116.45442,-2.01762],[116.45281,-1.99029]]]}},{"type":"Feature","properties":{"inventoryId":"big-oil-palm-paser:46","sector":"Sawit","subtype":"Izin Lokasi Sawit","quality":"OFFICIAL","sourceDataset":"big-oil-palm-paser","sourceRecordId":"46","source":"BIG Kebijakan Satu Peta","sourceUrl":"https://kspservices.big.go.id/satupeta/rest/services/PUBLIK/PERIZINAN_DAN_PERTANAHAN/MapServer/39","retrievedAt":"2026-08-24T23:55:27Z","geometryProcessing":"web display simplification tolerance 0.00035 degrees","name":"PT. BORNEO INTAN PASIFIC","group":"Tidak ada","issuer":"Kepala DPMPTS Paser","permitNumber":"503/008/BID-3.3/IX/2017","permitDate":"2017-09-13","areaHa":1824.0,"village":"Pulau Rantau","subdistrict":"Tanah Grogot","district":"Paser","status":"Tidak Aktif","coverageCaveat":"BIG public plantation location layer covers selected districts only; it is not complete Indonesia-wide plantation coverage.","region":"kalimantan"},"geometry":{"type":"Polygon","coordinates":[[[116.32517,-1.87244],[116.3236,-1.8704],[116.32076,-1.87357],[116.31678,-1.87426],[116.31496,-1.87574],[116.31416,-1.87746],[116.31393,-1.87849],[116.31598,-1.88283],[116.31336,-1.8866],[116.31538,-1.89061],[116.31558,-1.89267],[116.31466,-1.89637],[116.31395,-1.89555],[116.31375,-1.89256],[116.31191,-1.88969],[116.30997,-1.88763],[116.30844,-1.88742],[116.3065,-1.88629],[116.30333,-1.88239],[116.30272,-1.88249],[116.3021,-1.88578],[116.29924,-1.8866],[116.29873,-1.88721],[116.29536,-1.88608],[116.29294,-1.88435],[116.29125,-1.88518],[116.28869,-1.88782],[116.28928,-1.88967],[116.28802,-1.8917],[116.28416,-1.89322],[116.27436,-1.89151],[116.27443,-1.89267],[116.26604,-1.89862],[116.26753,-1.90326],[116.26735,-1.90974],[116.26497,-1.91444],[116.26289,-1.9167],[116.2686,-1.92241],[116.27508,-1.9167],[116.2777,-1.91177],[116.28151,-1.90814],[116.28573,-1.90504],[116.28772,-1.90486],[116.28919,-1.90146],[116.29025,-1.90374],[116.2937,-1.9025],[116.2944,-1.9031],[116.29386,-1.90398],[116.29537,-1.90362],[116.29615,-1.90487],[116.30102,-1.90599],[116.30824,-1.90899],[116.3089,-1.90707],[116.31008,-1.90791],[116.31096,-1.91015],[116.31293,-1.90926],[116.31452,-1.90597],[116.31612,-1.90513],[116.32056,-1.90623],[116.32098,-1.90687],[116.32057,-1.90851],[116.32353,-1.90977],[116.32442,-1.91119],[116.32993,-1.90814],[116.33011,-1.89541],[116.33266,-1.87845],[116.32886,-1.87667],[116.32517,-1.87244]]]}},{"type":"Feature","properties":{"inventoryId":"big-oil-palm-kutai-barat:12","sector":"Sawit","subtype":"Izin Lokasi Sawit","quality":"OFFICIAL","sourceDataset":"big-oil-palm-kutai-barat","sourceRecordId":"12","source":"BIG Kebijakan Satu Peta","sourceUrl":"https://kspservices.big.go.id/satupeta/rest/services/PUBLIK/PERIZINAN_DAN_PERTANAHAN/MapServer/36","retrievedAt":"2026-08-24T23:55:27Z","geometryProcessing":"web display simplification tolerance 0.00035 degrees","name":"PT. Borneo Persada Energy Jaya","group":"First Resources Group","issuer":"Bupati","permitNumber":"525.26/K.551/2013","permitDate":"2013-04-29","areaHa":5944.72,"village":"Damai Seberang, Sempant, Muara Tokong, Lumpat Dahuq, Bomboy","subdistrict":"Damai","district":"Kutai Barat","status":"aktif","coverageCaveat":"BIG public plantation location layer covers selected districts only; it is not complete Indonesia-wide plantation coverage.","region":"kalimantan"},"geometry":{"type":"MultiPolygon","coordinates":[[[[115.5654,-0.38947],[115.56278,-0.38667],[115.57361,-0.41417],[115.6,-0.41417],[115.61778,-0.44722],[115.61611,-0.46556],[115.62352,-0.46707],[115.62376,-0.46497],[115.62493,-0.46385],[115.62637,-0.46346],[115.62719,-0.46177],[115.62979,-0.46125],[115.63163,-0.46284],[115.63369,-0.46177],[115.63441,-0.45895],[115.63576,-0.45862],[115.6369,-0.45903],[115.63808,-0.45771],[115.63731,-0.45647],[115.63738,-0.45466],[115.63539,-0.45473],[115.63364,-0.45003],[115.63385,-0.4483],[115.63542,-0.44716],[115.63388,-0.44618],[115.63385,-0.44476],[115.63265,-0.4445],[115.63168,-0.44316],[115.63173,-0.44131],[115.63277,-0.44059],[115.63239,-0.43942],[115.63284,-0.43813],[115.63406,-0.43753],[115.63239,-0.43713],[115.63148,-0.4359],[115.6299,-0.43518],[115.62924,-0.4339],[115.62964,-0.43204],[115.63098,-0.43075],[115.63208,-0.43064],[115.63268,-0.4295],[115.63218,-0.4289],[115.63183,-0.42928],[115.6309,-0.429],[115.62828,-0.42623],[115.62822,-0.42504],[115.62915,-0.42421],[115.62915,-0.42261],[115.63046,-0.42168],[115.62949,-0.42126],[115.6279,-0.42155],[115.6265,-0.42057],[115.62523,-0.42051],[115.6242,-0.41951],[115.62413,-0.41773],[115.62539,-0.41646],[115.62355,-0.41526],[115.62347,-0.41446],[115.62535,-0.41111],[115.62648,-0.41144],[115.6262,-0.40606],[115.62245,-0.40441],[115.6193,-0.40006],[115.6173,-0.39979],[115.61502,-0.39779],[115.6127,-0.39838],[115.61089,-0.39704],[115.60916,-0.39479],[115.60872,-0.3915],[115.60741,-0.39007],[115.60503,-0.38957],[115.60468,-0.39074],[115.60318,-0.39141],[115.60149,-0.38986],[115.60037,-0.38787],[115.5999,-0.38802],[115.60002,-0.38983],[115.60109,-0.39206],[115.60097,-0.39314],[115.5999,-0.39412],[115.5988,-0.39407],[115.59747,-0.39271],[115.59436,-0.39156],[115.59301,-0.38926],[115.5917,-0.38821],[115.59096,-0.3883],[115.59003,-0.39007],[115.58904,-0.39019],[115.58215,-0.38694],[115.57842,-0.38876],[115.577,-0.38799],[115.57664,-0.38699],[115.57571,-0.38869],[115.57426,-0.38967],[115.57246,-0.38945],[115.57089,-0.38816],[115.56808,-0.38749],[115.56744,-0.38908],[115.5654,-0.38947]]],[[[115.65554,-0.4589],[115.65168,-0.45893],[115.65224,-0.46016],[115.65501,-0.45897],[115.65619,-0.45951],[115.6569,-0.4608],[115.65622,-0.46346],[115.65352,-0.46584],[115.65138,-0.4651],[115.65042,-0.46339],[115.64884,-0.46372],[115.64883,-0.465],[115.64765,-0.46601],[115.64517,-0.46585],[115.6447,-0.46431],[115.64555,-0.46262],[115.64519,-0.46138],[115.64315,-0.46223],[115.64072,-0.46187],[115.63736,-0.46222],[115.63632,-0.46158],[115.63597,-0.46314],[115.63362,-0.46464],[115.6342,-0.46762],[115.63327,-0.46874],[115.62992,-0.46868],[115.62839,-0.46761],[115.62818,-0.46673],[115.62624,-0.46621],[115.62605,-0.46783],[115.69694,-0.485],[115.69694,-0.47472],[115.70139,-0.47472],[115.70139,-0.46917],[115.68194,-0.46917],[115.68194,-0.46139],[115.67947,-0.46541],[115.67702,-0.46533],[115.67508,-0.46374],[115.67416,-0.4603],[115.67291,-0.45969],[115.67175,-0.46055],[115.67337,-0.46265],[115.67353,-0.46676],[115.67268,-0.46784],[115.66996,-0.46907],[115.6686,-0.46811],[115.66888,-0.46476],[115.66801,-0.46339],[115.66635,-0.46527],[115.66488,-0.46534],[115.66374,-0.46472],[115.66096,-0.46001],[115.65968,-0.46044],[115.65554,-0.4589]]],[[[115.67667,-0.40389],[115.63515,-0.42194],[115.63632,-0.42308],[115.63659,-0.42417],[115.63615,-0.42519],[115.63385,-0.42722],[115.63522,-0.42923],[115.63681,-0.42968],[115.63707,-0.43058],[115.63679,-0.43184],[115.63395,-0.43436],[115.63583,-0.43539],[115.63656,-0.43772],[115.63629,-0.43899],[115.63497,-0.43969],[115.63675,-0.44111],[115.63732,-0.44364],[115.63832,-0.44387],[115.63922,-0.44489],[115.63927,-0.44656],[115.6384,-0.4478],[115.63986,-0.4476],[115.63987,-0.44665],[115.64071,-0.44606],[115.64213,-0.44772],[115.64179,-0.44929],[115.63949,-0.45007],[115.63899,-0.45208],[115.63977,-0.45405],[115.64134,-0.45391],[115.64233,-0.45444],[115.64312,-0.45667],[115.64246,-0.45781],[115.64005,-0.45927],[115.64335,-0.45964],[115.64433,-0.45725],[115.64626,-0.45693],[115.6476,-0.45779],[115.6476,-0.46093],[115.64838,-0.46132],[115.64966,-0.46095],[115.64902,-0.45891],[115.65025,-0.45652],[115.656,-0.4565],[115.66037,-0.45771],[115.66116,-0.45504],[115.6631,-0.454],[115.66431,-0.45486],[115.66488,-0.45633],[115.66348,-0.45968],[115.66555,-0.46236],[115.66677,-0.4606],[115.6682,-0.4603],[115.66934,-0.46084],[115.66982,-0.45871],[115.67206,-0.45711],[115.67349,-0.45712],[115.67552,-0.45809],[115.67631,-0.45696],[115.67767,-0.45635],[115.68194,-0.45673],[115.68194,-0.44806],[115.67667,-0.44806],[115.67667,-0.40389]]]]}},{"type":"Feature","properties":{"inventoryId":"big-oil-palm-kutai-barat:13","sector":"Sawit","subtype":"Izin Lokasi Sawit","quality":"OFFICIAL","sourceDataset":"big-oil-palm-kutai-barat","sourceRecordId":"13","source":"BIG Kebijakan Satu Peta","sourceUrl":"https://kspservices.big.go.id/satupeta/rest/services/PUBLIK/PERIZINAN_DAN_PERTANAHAN/MapServer/36","retrievedAt":"2026-08-24T23:55:27Z","geometryProcessing":"web display simplification tolerance 0.00035 degrees","name":"PT. Borneo Surya Mining Jaya","group":"First Resources Group","issuer":"Bupati","permitNumber":"525.26/K.039a/2013","permitDate":"2013-01-17","areaHa":11210.0,"village":"Muara Nayan, Pentat, Lembonah, Ponak, Kenyanyan","subdistrict":"Siluq Ngurai, Jempang","district":"Kutai Barat","status":"aktif","coverageCaveat":"BIG public plantation location layer covers selected districts only; it is not complete Indonesia-wide plantation coverage.","region":"kalimantan"},"geometry":{"type":"Polygon","coordinates":[[[116.11417,-0.54917],[116.12,-0.54917],[116.12028,-0.53528],[116.08722,-0.53528],[116.08722,-0.55389],[116.09333,-0.55417],[116.09333,-0.56139],[116.06722,-0.56139],[116.06722,-0.57167],[116.04139,-0.57167],[116.04139,-0.59056],[116.01056,-0.59056],[116.01056,-0.62194],[115.9275,-0.62194],[115.93222,-0.62667],[116.0,-0.62667],[116.0,-0.66111],[116.0025,-0.67083],[116.03389,-0.67083],[116.03389,-0.64528],[116.08028,-0.64528],[116.08028,-0.62917],[116.11389,-0.62917],[116.11417,-0.54917]]]}},{"type":"Feature","properties":{"inventoryId":"big-oil-palm-paser:10","sector":"Sawit","subtype":"Izin Lokasi Sawit","quality":"OFFICIAL","sourceDataset":"big-oil-palm-paser","sourceRecordId":"10","source":"BIG Kebijakan Satu Peta","sourceUrl":"https://kspservices.big.go.id/satupeta/rest/services/PUBLIK/PERIZINAN_DAN_PERTANAHAN/MapServer/39","retrievedAt":"2026-08-24T23:55:27Z","geometryProcessing":"web display simplification tolerance 0.00035 degrees","name":"PT. BORNEO UTAMA BERKAT SETIA (dh.PT. BIS)","group":"Tidak ada","issuer":"Lembaga OSS","permitNumber":"NIB : 8120000782343 (OSS)","permitDate":"2019-06-24","areaHa":1300.0,"village":"Belimbing, Tiwei, dan Olung","subdistrict":"Long Ikis","district":"Paser","status":"Aktif","coverageCaveat":"BIG public plantation location layer covers selected districts only; it is not complete Indonesia-wide plantation coverage.","region":"kalimantan"},"geometry":{"type":"MultiPolygon","coordinates":[[[[116.17568,-1.43481],[116.17542,-1.43243],[116.16545,-1.43616],[116.16471,-1.43756],[116.16482,-1.43891],[116.16676,-1.43845],[116.16593,-1.44976],[116.16271,-1.44972],[116.16157,-1.45109],[116.16583,-1.45114],[116.16579,-1.45406],[116.16336,-1.4533],[116.16238,-1.45462],[116.16402,-1.45477],[116.16731,-1.45836],[116.16624,-1.45928],[116.17269,-1.45925],[116.17272,-1.46558],[116.16306,-1.4596],[116.15835,-1.45982],[116.15445,-1.46385],[116.15745,-1.46444],[116.15708,-1.46539],[116.15841,-1.46598],[116.1592,-1.46726],[116.1598,-1.46429],[116.16078,-1.46453],[116.16011,-1.46826],[116.16365,-1.46831],[116.16374,-1.46969],[116.16485,-1.46947],[116.16433,-1.46837],[116.1662,-1.46838],[116.1675,-1.46978],[116.16743,-1.47158],[116.1709,-1.47206],[116.17062,-1.47611],[116.16969,-1.47625],[116.16816,-1.47229],[116.16717,-1.47234],[116.16613,-1.47289],[116.16679,-1.47418],[116.16587,-1.47443],[116.16515,-1.47324],[116.16399,-1.47424],[116.16381,-1.47518],[116.16679,-1.47632],[116.1664,-1.47743],[116.16449,-1.47745],[116.16302,-1.47542],[116.16203,-1.47579],[116.16155,-1.47667],[116.15985,-1.47655],[116.15914,-1.47545],[116.15768,-1.47532],[116.15548,-1.478],[116.15533,-1.47921],[116.14671,-1.47904],[116.14663,-1.48133],[116.14771,-1.48133],[116.14739,-1.48699],[116.15021,-1.48699],[116.15189,-1.48383],[116.15182,-1.48045],[116.15714,-1.48068],[116.15802,-1.48286],[116.16092,-1.48431],[116.16167,-1.48292],[116.16459,-1.48241],[116.16665,-1.4848],[116.16992,-1.48538],[116.17175,-1.48439],[116.17432,-1.48584],[116.17857,-1.48396],[116.18056,-1.48209],[116.1822,-1.4826],[116.18246,-1.48493],[116.18486,-1.48519],[116.18328,-1.48864],[116.18158,-1.48695],[116.17622,-1.48837],[116.176,-1.48882],[116.17055,-1.48885],[116.17055,-1.48814],[116.16848,-1.48807],[116.16793,-1.48652],[116.16525,-1.48679],[116.16331,-1.48541],[116.16273,-1.48632],[116.15961,-1.48727],[116.15987,-1.48907],[116.16069,-1.48871],[116.16074,-1.49259],[116.15811,-1.49237],[116.15639,-1.50049],[116.15939,-1.5019],[116.15973,-1.49588],[116.16158,-1.4958],[116.1622,-1.48805],[116.16452,-1.48706],[116.16595,-1.48805],[116.16615,-1.49114],[116.16313,-1.49201],[116.16354,-1.49248],[116.176,-1.49252],[116.17597,-1.49372],[116.17976,-1.49398],[116.18434,-1.49282],[116.18434,-1.48953],[116.1853,-1.48728],[116.18578,-1.48722],[116.18584,-1.488],[116.18719,-1.48862],[116.18933,-1.48882],[116.18733,-1.49103],[116.1858,-1.49095],[116.18665,-1.49199],[116.18609,-1.49454],[116.18704,-1.49405],[116.18813,-1.49106],[116.19547,-1.49154],[116.1968,-1.49037],[116.19679,-1.50188],[116.19505,-1.50503],[116.19745,-1.50643],[116.20127,-1.50641],[116.20094,-1.5077],[116.20193,-1.50903],[116.20316,-1.50689],[116.20357,-1.50058],[116.20118,-1.50045],[116.19821,-1.50142],[116.19817,-1.49032],[116.20093,-1.49012],[116.20093,-1.48188],[116.19624,-1.48116],[116.19037,-1.48767],[116.18838,-1.48746],[116.18575,-1.48294],[116.18284,-1.48094],[116.17602,-1.48203],[116.177,-1.47878],[116.1758,-1.47748],[116.17214,-1.47745],[116.1722,-1.47224],[116.17466,-1.47258],[116.17396,-1.46639],[116.17409,-1.45925],[116.17645,-1.45924],[116.17568,-1.43481]]],[[[116.15242,-1.44808],[116.15149,-1.44328],[116.15214,-1.4406],[116.1471,-1.44855],[116.14726,-1.4518],[116.15265,-1.45246],[116.15299,-1.45102],[116.15354,-1.451],[116.15357,-1.44957],[116.15271,-1.44957],[116.15242,-1.44808]]]]}},{"type":"Feature","properties":{"inventoryId":"big-oil-palm-paser:11","sector":"Sawit","subtype":"Izin Lokasi Sawit","quality":"OFFICIAL","sourceDataset":"big-oil-palm-paser","sourceRecordId":"11","source":"BIG Kebijakan Satu Peta","sourceUrl":"https://kspservices.big.go.id/satupeta/rest/services/PUBLIK/PERIZINAN_DAN_PERTANAHAN/MapServer/39","retrievedAt":"2026-08-24T23:55:27Z","geometryProcessing":"web display simplification tolerance 0.00035 degrees","name":"PT. BUMI MULIA MAKMUR LESTARI","group":"Tidak ada","issuer":"Bupati Paser","permitNumber":"503/12/PEM-SILP/VI/2011","permitDate":"2011-06-20","areaHa":8257.0,"village":"Muser, Libur Dinding, Rantau Atas dan Petangis","subdistrict":"Muara Samu dan Batu Engau","district":"Paser","status":"Aktif","coverageCaveat":"BIG public plantation location layer covers selected districts only; it is not complete Indonesia-wide plantation coverage.","region":"kalimantan"},"geometry":{"type":"Polygon","coordinates":[[[115.9656,-2.07804],[115.95125,-2.02119],[115.93285,-2.02753],[115.94587,-2.0717],[115.94182,-2.07288],[115.94404,-2.07871],[115.93788,-2.0785],[115.9385,-2.08128],[115.94408,-2.08119],[115.94749,-2.08254],[115.94888,-2.0845],[115.94914,-2.08589],[115.94679,-2.08837],[115.94705,-2.09004],[115.9466,-2.09115],[115.94713,-2.09243],[115.94504,-2.09592],[115.9419,-2.09691],[115.94133,-2.09787],[115.93767,-2.0971],[115.93567,-2.0955],[115.93448,-2.0955],[115.93489,-2.10312],[115.93899,-2.10637],[115.93997,-2.13753],[115.96913,-2.15139],[116.01806,-2.15356],[116.02071,-2.07352],[116.00403,-2.07229],[116.00302,-2.08126],[115.9656,-2.07804]]]}},{"type":"Feature","properties":{"inventoryId":"big-oil-palm-paser:12","sector":"Sawit","subtype":"Izin Lokasi Sawit","quality":"OFFICIAL","sourceDataset":"big-oil-palm-paser","sourceRecordId":"12","source":"BIG Kebijakan Satu Peta","sourceUrl":"https://kspservices.big.go.id/satupeta/rest/services/PUBLIK/PERIZINAN_DAN_PERTANAHAN/MapServer/39","retrievedAt":"2026-08-24T23:55:27Z","geometryProcessing":"web display simplification tolerance 0.00035 degrees","name":"PT. BUMI PASIR AGRINDO","group":"Tidak ada","issuer":"Bupati Paser","permitNumber":"503/04/PEM-SILP/IV/2015 (Perpanjangan)","permitDate":"2015-04-21","areaHa":1290.0,"village":"Laburan","subdistrict":"Paser Belengkong","district":"Paser","status":"Aktif","coverageCaveat":"BIG public plantation location layer covers selected districts only; it is not complete Indonesia-wide plantation coverage.","region":"kalimantan"},"geometry":{"type":"MultiPolygon","coordinates":[[[[116.30541,-2.02024],[116.30542,-2.01871],[116.2945,-2.01865],[116.28869,-2.04128],[116.30297,-2.04266],[116.30253,-2.04037],[116.31234,-2.03961],[116.31269,-2.03882],[116.3187,-2.03976],[116.32011,-2.04182],[116.33533,-2.04913],[116.3359,-2.04844],[116.33597,-2.03127],[116.32016,-2.03084],[116.32,-2.0188],[116.3086,-2.01873],[116.30822,-2.02026],[116.30541,-2.02024]]],[[[116.27925,-2.04535],[116.28798,-2.0417],[116.28886,-2.03521],[116.28527,-2.03489],[116.28348,-2.03296],[116.28088,-2.03295],[116.27794,-2.03161],[116.27412,-2.03372],[116.27222,-2.04149],[116.27041,-2.04595],[116.27275,-2.04577],[116.27596,-2.04733],[116.27925,-2.04535]]],[[[116.29189,-2.02429],[116.29075,-2.02329],[116.28367,-2.02314],[116.28925,-2.02687],[116.28943,-2.02939],[116.29049,-2.0294],[116.29189,-2.02429]]]]}},{"type":"Feature","properties":{"inventoryId":"big-oil-palm-paser:48","sector":"Sawit","subtype":"Izin Lokasi Sawit","quality":"OFFICIAL","sourceDataset":"big-oil-palm-paser","sourceRecordId":"48","source":"BIG Kebijakan Satu Peta","sourceUrl":"https://kspservices.big.go.id/satupeta/rest/services/PUBLIK/PERIZINAN_DAN_PERTANAHAN/MapServer/39","retrievedAt":"2026-08-24T23:55:27Z","geometryProcessing":"web display simplification tolerance 0.00035 degrees","name":"PT. CIPTA BERKAH NUSANTARA","group":"Tidak ada","issuer":"Lembaga OSS","permitNumber":"NIB. 9120306162345","permitDate":"2020-06-02","areaHa":2956.75,"village":"Kerang, Kerang Dayo, Mengkudu, Lomu","subdistrict":"Batu Engau","district":"Paser","status":"Belum Aktif","sourceRemark":"Izin baru. Tahap perolehan lahan dan Proses penerbitan IUP","coverageCaveat":"BIG public plantation location layer covers selected districts only; it is not complete Indonesia-wide plantation coverage.","region":"kalimantan"},"geometry":{"type":"MultiPolygon","coordinates":[[[[116.24359,-2.28425],[116.24359,-2.28209],[116.23645,-2.28168],[116.20547,-2.28219],[116.20428,-2.28269],[116.20341,-2.28408],[116.20158,-2.28942],[116.19888,-2.2896],[116.19858,-2.29046],[116.19192,-2.29001],[116.18457,-2.28658],[116.18146,-2.28303],[116.18098,-2.2829],[116.18,-2.28411],[116.17994,-2.28282],[116.17776,-2.2831],[116.17736,-2.28246],[116.17654,-2.28243],[116.17518,-2.28286],[116.17515,-2.28527],[116.17632,-2.28556],[116.17589,-2.28707],[116.17653,-2.28837],[116.1751,-2.2897],[116.17503,-2.29503],[116.17578,-2.29668],[116.17653,-2.29711],[116.17631,-2.29884],[116.17728,-2.29938],[116.1791,-2.29873],[116.1813,-2.30038],[116.19655,-2.29461],[116.2083,-2.29567],[116.22241,-2.30015],[116.2313,-2.30199],[116.24358,-2.30541],[116.24359,-2.28425]]],[[[116.17927,-2.27794],[116.17796,-2.27368],[116.1753,-2.27266],[116.17521,-2.28057],[116.17588,-2.28042],[116.17625,-2.27903],[116.1779,-2.27837],[116.17886,-2.27879],[116.17939,-2.27978],[116.17904,-2.28035],[116.17965,-2.28064],[116.17995,-2.28014],[116.17927,-2.27794]]],[[[116.24835,-2.29824],[116.24664,-2.29897],[116.24656,-2.30516],[116.23957,-2.30641],[116.22444,-2.30761],[116.21969,-2.30661],[116.21475,-2.30652],[116.21403,-2.30693],[116.21416,-2.30781],[116.23583,-2.30911],[116.23646,-2.32471],[116.23759,-2.32645],[116.24114,-2.32911],[116.24302,-2.32958],[116.2501,-2.32962],[116.25427,-2.33129],[116.25468,-2.3],[116.24882,-2.3],[116.24835,-2.29824]]],[[[116.15318,-2.31424],[116.12151,-2.32042],[116.11693,-2.3198],[116.1169,-2.32216],[116.10191,-2.32153],[116.10124,-2.32268],[116.09829,-2.32263],[116.09534,-2.32023],[116.09377,-2.32033],[116.09306,-2.3198],[116.09306,-2.31813],[116.09168,-2.31812],[116.09211,-2.31695],[116.07054,-2.31765],[116.04729,-2.31966],[116.03999,-2.31899],[116.04041,-2.32152],[116.04155,-2.32117],[116.04145,-2.32235],[116.04261,-2.32393],[116.04395,-2.32465],[116.04398,-2.3269],[116.04728,-2.32663],[116.04856,-2.32745],[116.04905,-2.32666],[116.04844,-2.32612],[116.04969,-2.32592],[116.05005,-2.32686],[116.05515,-2.3269],[116.05526,-2.32752],[116.05686,-2.32758],[116.05727,-2.32701],[116.06089,-2.32676],[116.06091,-2.32634],[116.06307,-2.32573],[116.06848,-2.32546],[116.07473,-2.32836],[116.07661,-2.32861],[116.07686,-2.32481],[116.07851,-2.32481],[116.07852,-2.32668],[116.07917,-2.32668],[116.07916,-2.32718],[116.08207,-2.32597],[116.08713,-2.32642],[116.08843,-2.32695],[116.08833,-2.33095],[116.08799,-2.32985],[116.0874,-2.32981],[116.08666,-2.33041],[116.08172,-2.33063],[116.08169,-2.33395],[116.08378,-2.33334],[116.08978,-2.33327],[116.09531,-2.32792],[116.10019,-2.32689],[116.10488,-2.32698],[116.10712,-2.3277],[116.10876,-2.32904],[116.10779,-2.33229],[116.10879,-2.3333],[116.11079,-2.33432],[116.11386,-2.33437],[116.11464,-2.33362],[116.11717,-2.33525],[116.12329,-2.32494],[116.15099,-2.31762],[116.15135,-2.31556],[116.15299,-2.31564],[116.15318,-2.31424]]]]}},{"type":"Feature","properties":{"inventoryId":"big-oil-palm-kutai-barat:14","sector":"Sawit","subtype":"Izin Lokasi Sawit","quality":"OFFICIAL","sourceDataset":"big-oil-palm-kutai-barat","sourceRecordId":"14","source":"BIG Kebijakan Satu Peta","sourceUrl":"https://kspservices.big.go.id/satupeta/rest/services/PUBLIK/PERIZINAN_DAN_PERTANAHAN/MapServer/36","retrievedAt":"2026-08-24T23:55:27Z","geometryProcessing":"web display simplification tolerance 0.00035 degrees","name":"PT. Citra Agro Kencana","group":"First Resources Group","issuer":"Bupati","permitNumber":"525.26/K.543/2013","permitDate":"2013-04-29","areaHa":16001.07,"village":"Damai Seberang, Sempant, Muara Tokong, Lumpat Dahuq, Bomboy, Muara Begai","subdistrict":"Damai, Muara Lawa","district":"Kutai Barat","status":"aktif","coverageCaveat":"BIG public plantation location layer covers selected districts only; it is not complete Indonesia-wide plantation coverage.","region":"kalimantan"},"geometry":{"type":"MultiPolygon","coordinates":[[[[115.62605,-0.46783],[115.62503,-0.46913],[115.62376,-0.46968],[115.62165,-0.46932],[115.62221,-0.47016],[115.62208,-0.47176],[115.62106,-0.47268],[115.61942,-0.47248],[115.61747,-0.47009],[115.61765,-0.47222],[115.6201,-0.47325],[115.6214,-0.47538],[115.62091,-0.47691],[115.6187,-0.47711],[115.61792,-0.47855],[115.62202,-0.47848],[115.62523,-0.47906],[115.62603,-0.48024],[115.62598,-0.48144],[115.62508,-0.48256],[115.62331,-0.48303],[115.62055,-0.48564],[115.61299,-0.48839],[115.61411,-0.48987],[115.61423,-0.49092],[115.61387,-0.4922],[115.61227,-0.49399],[115.61265,-0.49451],[115.61437,-0.49384],[115.61587,-0.49489],[115.61724,-0.49442],[115.61832,-0.49499],[115.61919,-0.49768],[115.61857,-0.5],[115.63222,-0.5],[115.63199,-0.5231],[115.63944,-0.53027],[115.64195,-0.5336],[115.6443,-0.53803],[115.64694,-0.5475],[115.645,-0.57389],[115.64556,-0.58833],[115.64454,-0.59684],[115.64174,-0.60557],[115.64142,-0.61701],[115.64333,-0.63556],[115.6425,-0.6425],[115.63928,-0.66525],[115.6367,-0.67118],[115.63111,-0.67944],[115.65167,-0.67972],[115.65719,-0.67645],[115.66044,-0.67096],[115.66212,-0.662],[115.66425,-0.6264],[115.66389,-0.61889],[115.66558,-0.60919],[115.66549,-0.59698],[115.67693,-0.57274],[115.68393,-0.57037],[115.68987,-0.56935],[115.69227,-0.56981],[115.6925,-0.52444],[115.69694,-0.52444],[115.69694,-0.485],[115.62605,-0.46783]]],[[[115.61849,-0.46741],[115.61941,-0.46632],[115.61611,-0.46556],[115.61778,-0.44722],[115.6,-0.41417],[115.58444,-0.41417],[115.58453,-0.46369],[115.53931,-0.46385],[115.50822,-0.5],[115.51056,-0.5],[115.51139,-0.49722],[115.51667,-0.49472],[115.51555,-0.5],[115.51667,-0.5],[115.51667,-0.50194],[115.52028,-0.50778],[115.5375,-0.50556],[115.55056,-0.5],[115.61401,-0.5],[115.61479,-0.49809],[115.61676,-0.4977],[115.61674,-0.49732],[115.61551,-0.49748],[115.61405,-0.49648],[115.6121,-0.49751],[115.61093,-0.49645],[115.60964,-0.49414],[115.60967,-0.49321],[115.61167,-0.49073],[115.61033,-0.48806],[115.61069,-0.48699],[115.61203,-0.48589],[115.61795,-0.48408],[115.61661,-0.48387],[115.61534,-0.48256],[115.61566,-0.48066],[115.61517,-0.4789],[115.61658,-0.47588],[115.61805,-0.47479],[115.61562,-0.47378],[115.6152,-0.46932],[115.61676,-0.46754],[115.61849,-0.46741]]]]}},{"type":"Feature","properties":{"inventoryId":"big-oil-palm-kutai-barat:15","sector":"Sawit","subtype":"Izin Lokasi Sawit","quality":"OFFICIAL","sourceDataset":"big-oil-palm-kutai-barat","sourceRecordId":"15","source":"BIG Kebijakan Satu Peta","sourceUrl":"https://kspservices.big.go.id/satupeta/rest/services/PUBLIK/PERIZINAN_DAN_PERTANAHAN/MapServer/36","retrievedAt":"2026-08-24T23:55:27Z","geometryProcessing":"web display simplification tolerance 0.00035 degrees","name":"PT. Citra Palma Pertiwi","group":"Borneo Agri Group","issuer":"Bupati","permitNumber":"525.29/K.439/2016","permitDate":"2016-03-07","areaHa":14203.0,"village":"Jelmu Sibak, Tende, Sambung, Tukuq, Lendian Liang Nayuq","subdistrict":"Bentian Besar, Siluq Ngurai","district":"Kutai Barat","status":"aktif","coverageCaveat":"BIG public plantation location layer covers selected districts only; it is not complete Indonesia-wide plantation coverage.","region":"kalimantan"},"geometry":{"type":"MultiPolygon","coordinates":[[[[115.87,-0.95417],[115.86889,-0.9175],[115.7675,-0.91694],[115.75667,-0.96389],[115.78567,-0.96998],[115.78944,-0.96917],[115.85002,-0.9782],[115.85,-0.98444],[115.85374,-0.98519],[115.86056,-0.98333],[115.86252,-0.97802],[115.8628,-0.97222],[115.87,-0.95417]]],[[[115.75861,-0.99194],[115.76412,-0.98505],[115.76106,-0.97426],[115.75306,-0.97417],[115.75022,-0.97945],[115.75031,-0.98026],[115.74666,-0.98214],[115.74222,-0.98667],[115.73581,-0.99201],[115.72677,-0.99813],[115.72754,-1.00116],[115.73551,-1.00211],[115.74021,-1.0052],[115.74241,-1.00407],[115.74278,-1.00222],[115.74473,-1.00199],[115.74872,-1.00604],[115.75062,-1.00592],[115.75417,-1.00833],[115.75241,-1.01371],[115.75027,-1.01425],[115.74694,-1.0175],[115.74491,-1.01668],[115.74336,-1.0152],[115.74194,-1.0155],[115.74057,-1.01835],[115.73872,-1.02002],[115.73688,-1.01895],[115.73533,-1.02043],[115.73522,-1.024],[115.73444,-1.02611],[115.73117,-1.02757],[115.73337,-1.0306],[115.73373,-1.03227],[115.73313,-1.03453],[115.73081,-1.03554],[115.73058,-1.03768],[115.73176,-1.03935],[115.73248,-1.04244],[115.73083,-1.04583],[115.73063,-1.04797],[115.73182,-1.05077],[115.73438,-1.05184],[115.73527,-1.0541],[115.73528,-1.05722],[115.732,-1.05553],[115.73117,-1.05672],[115.72833,-1.05722],[115.72441,-1.05131],[115.71521,-1.03352],[115.70958,-1.02435],[115.69599,-1.04904],[115.68556,-1.04417],[115.66667,-1.03806],[115.66927,-1.05008],[115.6727,-1.05715],[115.67417,-1.05806],[115.67798,-1.05815],[115.68419,-1.05572],[115.68876,-1.05515],[115.69383,-1.05558],[115.69632,-1.05643],[115.70303,-1.06036],[115.70853,-1.06574],[115.72409,-1.08409],[115.72709,-1.0863],[115.7403,-1.08866],[115.74258,-1.0903],[115.74444,-1.09444],[115.75,-1.09028],[115.74209,-1.0806],[115.74547,-1.07622],[115.75427,-1.06699],[115.75674,-1.06352],[115.75784,-1.05826],[115.76056,-1.0525],[115.75812,-1.04191],[115.75977,-1.03956],[115.75962,-1.0382],[115.76417,-1.03194],[115.7774,-1.02664],[115.78222,-1.02417],[115.75861,-0.99194]]]]}},{"type":"Feature","properties":{"inventoryId":"big-oil-palm-kutai-barat:19","sector":"Sawit","subtype":"Izin Lokasi Sawit","quality":"OFFICIAL","sourceDataset":"big-oil-palm-kutai-barat","sourceRecordId":"19","source":"BIG Kebijakan Satu Peta","sourceUrl":"https://kspservices.big.go.id/satupeta/rest/services/PUBLIK/PERIZINAN_DAN_PERTANAHAN/MapServer/36","retrievedAt":"2026-08-24T23:55:27Z","geometryProcessing":"web display simplification tolerance 0.00035 degrees","name":"PT. Dana Palma Sejahtera","issuer":"Kepala DPMPTSP","permitNumber":"593.41/517/DPMPTSP-III/IV/2019","permitDate":"2019-04-25","areaHa":4748.0,"village":"Sambung","subdistrict":"Bentian Besar","district":"Kutai Barat","status":"aktif","coverageCaveat":"BIG public plantation location layer covers selected districts only; it is not complete Indonesia-wide plantation coverage.","region":"kalimantan"},"geometry":{"type":"Polygon","coordinates":[[[115.67434,-0.95128],[115.67434,-0.94095],[115.67247,-0.94093],[115.63722,-0.94889],[115.61472,-0.96222],[115.60694,-0.95889],[115.6065,-0.95592],[115.60487,-0.95204],[115.60624,-0.95095],[115.60271,-0.95387],[115.59921,-0.95789],[115.6039,-0.96117],[115.6109,-0.96396],[115.6305,-0.97493],[115.6429,-0.98423],[115.6471,-0.98863],[115.6542,-0.99453],[115.6584,-0.99956],[115.6607,-1.0051],[115.6618,-1.00915],[115.66616,-1.03635],[115.67081,-1.03793],[115.67803,-1.04172],[115.68556,-1.04417],[115.70311,-1.01454],[115.70175,-1.01229],[115.69538,-1.01454],[115.6878,-1.01856],[115.69028,-0.99683],[115.69459,-0.98921],[115.69102,-0.98092],[115.69235,-0.98009],[115.69185,-0.97843],[115.67973,-0.9787],[115.68031,-0.97834],[115.67613,-0.97883],[115.67609,-0.97834],[115.67433,-0.97834],[115.67434,-0.95128]]]}},{"type":"Feature","properties":{"inventoryId":"big-oil-palm-kutai-barat:20","sector":"Sawit","subtype":"Izin Lokasi Sawit","quality":"OFFICIAL","sourceDataset":"big-oil-palm-kutai-barat","sourceRecordId":"20","source":"BIG Kebijakan Satu Peta","sourceUrl":"https://kspservices.big.go.id/satupeta/rest/services/PUBLIK/PERIZINAN_DAN_PERTANAHAN/MapServer/36","retrievedAt":"2026-08-24T23:55:27Z","geometryProcessing":"web display simplification tolerance 0.00035 degrees","name":"PT. Delta Utama Resoruces","issuer":"Bupati","permitNumber":"525.29/K.973/2011","permitDate":"2011-11-21","areaHa":9855.0,"village":"Tanjung Isuy, Perigiq, Mancong, Muara Ohong, Tanjung Jone, Pulau Lanting, Tanjung Jan","subdistrict":"Jempang","district":"Kutai Barat","status":"aktif","coverageCaveat":"BIG public plantation location layer covers selected districts only; it is not complete Indonesia-wide plantation coverage.","region":"kalimantan"},"geometry":{"type":"Polygon","coordinates":[[[116.12528,-0.44278],[116.11889,-0.44194],[116.12,-0.45389],[116.11444,-0.45333],[116.11139,-0.45472],[116.10861,-0.45333],[116.10111,-0.455],[116.10111,-0.45889],[116.0975,-0.45917],[116.09556,-0.46111],[116.09371,-0.46118],[116.09167,-0.46028],[116.09083,-0.4625],[116.08967,-0.46325],[116.08722,-0.46333],[116.08389,-0.465],[116.08487,-0.46806],[116.08472,-0.47111],[116.08199,-0.47495],[116.07944,-0.47528],[116.07833,-0.47667],[116.07891,-0.47753],[116.07789,-0.47926],[116.07895,-0.48365],[116.07778,-0.48611],[116.05944,-0.49472],[116.07389,-0.54194],[116.08667,-0.54194],[116.08667,-0.53556],[116.12111,-0.53556],[116.12111,-0.53667],[116.21917,-0.53694],[116.21917,-0.49889],[116.21111,-0.5],[116.20917,-0.49917],[116.20628,-0.5],[116.20167,-0.49806],[116.19917,-0.50028],[116.20397,-0.51086],[116.19503,-0.51592],[116.19129,-0.51623],[116.18983,-0.51477],[116.19075,-0.50949],[116.18909,-0.50964],[116.18796,-0.50752],[116.18556,-0.50722],[116.18538,-0.50473],[116.18806,-0.50194],[116.18873,-0.49905],[116.18319,-0.50102],[116.18083,-0.505],[116.17808,-0.50319],[116.17487,-0.50342],[116.17361,-0.50083],[116.15,-0.49944],[116.14667,-0.50472],[116.14,-0.50278],[116.13843,-0.4991],[116.13444,-0.49639],[116.13444,-0.49306],[116.13222,-0.49278],[116.12639,-0.49722],[116.12056,-0.49139],[116.11761,-0.48395],[116.11972,-0.47889],[116.12239,-0.47867],[116.13111,-0.47389],[116.13483,-0.47416],[116.13722,-0.47333],[116.13855,-0.46707],[116.14083,-0.46556],[116.14472,-0.46139],[116.14361,-0.45611],[116.14411,-0.4487],[116.14146,-0.44511],[116.13667,-0.4425],[116.12978,-0.44252],[116.12745,-0.44419],[116.12528,-0.44278]]]}},{"type":"Feature","properties":{"inventoryId":"big-oil-palm-kutai-kartanegara:25","sector":"Sawit","subtype":"Izin Lokasi Sawit","quality":"OFFICIAL","sourceDataset":"big-oil-palm-kutai-kartanegara","sourceRecordId":"25","source":"BIG Kebijakan Satu Peta","sourceUrl":"https://kspservices.big.go.id/satupeta/rest/services/PUBLIK/PERIZINAN_DAN_PERTANAHAN/MapServer/37","retrievedAt":"2026-08-24T23:55:27Z","geometryProcessing":"web display simplification tolerance 0.00035 degrees","name":"PT. ENGGANG ALAM SAWITA","issuer":"Plt. Bupati Kutai Kartanegara","permitNumber":"70/DPN.K/IL-70/VIII-2008","permitDate":"2008-08-19","areaHa":12277.0,"village":"Long Beleh Modang, Gunung Sari, Long Lalang, Ritan Baru, Muara Ritan, Buluq Sen","subdistrict":"Kembang Janggut dan Tabang","district":"Kutai Kartanegara","status":"Aktif","coverageCaveat":"BIG public plantation location layer covers selected districts only; it is not complete Indonesia-wide plantation coverage.","region":"kalimantan"},"geometry":{"type":"MultiPolygon","coordinates":[[[[116.08672,0.43494],[116.08359,0.43532],[116.07951,0.44199],[116.07692,0.4431],[116.07469,0.4415],[116.07361,0.43794],[116.07336,0.43296],[116.07568,0.43085],[116.07917,0.42927],[116.08098,0.42702],[116.08142,0.42309],[116.07976,0.41742],[116.07766,0.41483],[116.07506,0.41323],[116.07099,0.41298],[116.06741,0.41594],[116.06469,0.421],[116.06506,0.42384],[116.06469,0.42693],[116.06111,0.42693],[116.05843,0.42527],[116.05843,0.42222],[116.05766,0.41866],[116.0558,0.41471],[116.0505,0.41335],[116.04741,0.411],[116.0479,0.40767],[116.05013,0.40471],[116.05508,0.40194],[116.05918,0.39563],[116.06276,0.3894],[116.06395,0.38483],[116.06928,0.379],[116.07145,0.37376],[116.08056,0.37376],[116.08403,0.37463],[116.08533,0.37769],[116.08793,0.38118],[116.10094,0.37769],[116.10528,0.37769],[116.1084,0.3831],[116.11091,0.38337],[116.11308,0.38162],[116.11605,0.37705],[116.11699,0.37245],[116.11959,0.37071],[116.12479,0.37027],[116.13607,0.37158],[116.14084,0.3694],[116.14504,0.36433],[116.14506,0.35878],[116.14375,0.35575],[116.14375,0.35298],[116.14611,0.35201],[116.15013,0.35256],[116.15318,0.35533],[116.15207,0.35797],[116.15198,0.36175],[116.15309,0.36607],[116.15519,0.36767],[116.15617,0.37138],[116.15494,0.37471],[116.15841,0.37883],[116.16041,0.37961],[116.15926,0.38113],[116.14654,0.38113],[116.1437,0.38273],[116.13803,0.38841],[116.1358,0.39273],[116.13482,0.39644],[116.13074,0.39668],[116.12642,0.39928],[116.12642,0.40545],[116.12469,0.40656],[116.12087,0.40705],[116.12062,0.41051],[116.11803,0.41286],[116.11642,0.41552],[116.1135,0.4166],[116.1071,0.41405],[116.10358,0.41434],[116.10321,0.42002],[116.10701,0.42659],[116.10626,0.42947],[116.10681,0.43133],[116.10336,0.43659],[116.10087,0.43866],[116.10007,0.441],[116.0915,0.44067],[116.08899,0.43659],[116.08672,0.43494]]],[[[116.04146,0.53311],[115.95954,0.53309],[115.96205,0.52159],[115.96623,0.51065],[115.96846,0.50785],[115.97264,0.50476],[115.9746,0.50027],[115.9746,0.49579],[115.97098,0.48344],[115.96819,0.4467],[115.96652,0.43996],[115.96903,0.42874],[115.96848,0.4049],[115.96987,0.40238],[115.97322,0.40013],[115.97684,0.40041],[115.98715,0.40855],[115.98713,0.52861],[116.04815,0.52862],[116.04146,0.53311]]],[[[116.17051,0.33869],[116.15907,0.3678],[116.15684,0.3646],[116.15557,0.36076],[116.15494,0.3582],[116.15557,0.35532],[116.15367,0.35308],[116.15367,0.34892],[116.15049,0.34508],[116.14795,0.34348],[116.14668,0.34029],[116.15017,0.33485],[116.14954,0.32845],[116.15144,0.32301],[116.15526,0.32045],[116.16352,0.31693],[116.16797,0.32077],[116.17178,0.32013],[116.17305,0.31661],[116.17242,0.31053],[116.16956,0.30669],[116.16829,0.3019],[116.1702,0.2987],[116.1756,0.29806],[116.18068,0.29838],[116.18291,0.29614],[116.18164,0.2923],[116.17115,0.28174],[116.16416,0.27822],[116.16702,0.27182],[116.17242,0.27118],[116.17973,0.27214],[116.19011,0.27728],[116.19308,0.27662],[116.20007,0.29358],[116.19022,0.30382],[116.181,0.31853],[116.17051,0.33869]]],[[[116.10057,0.28738],[116.07835,0.32428],[116.07708,0.33836],[116.08153,0.34476],[116.06945,0.34764],[116.06278,0.35115],[116.04848,0.35499],[116.04372,0.35442],[116.04121,0.35021],[116.03954,0.34516],[116.03898,0.33955],[116.04651,0.33254],[116.05626,0.32076],[116.07019,0.3087],[116.07939,0.29776],[116.08524,0.2857],[116.09555,0.28514],[116.10057,0.28738]]]]}},{"type":"Feature","properties":{"inventoryId":"big-oil-palm-kutai-barat:22","sector":"Sawit","subtype":"Izin Lokasi Sawit","quality":"OFFICIAL","sourceDataset":"big-oil-palm-kutai-barat","sourceRecordId":"22","source":"BIG Kebijakan Satu Peta","sourceUrl":"https://kspservices.big.go.id/satupeta/rest/services/PUBLIK/PERIZINAN_DAN_PERTANAHAN/MapServer/36","retrievedAt":"2026-08-24T23:55:27Z","geometryProcessing":"web display simplification tolerance 0.00035 degrees","name":"PT. Fangiono Agro Plantation","issuer":"Bupati","permitNumber":"525.29/K.793a/2012","permitDate":"2012-10-08","areaHa":13925.0,"village":"Danum Paroy, Long Gelawang, Long Hubung, Datah Bilang, Sukomulyo, Long Iram, Anah, Tering Lama, Tuku","subdistrict":"Long Hubung, Long Iram, Tering","district":"Kutai Barat","status":"aktif","coverageCaveat":"BIG public plantation location layer covers selected districts only; it is not complete Indonesia-wide plantation coverage.","region":"kalimantan"},"geometry":{"type":"MultiPolygon","coordinates":[[[[115.70111,0.03472],[115.69444,0.03583],[115.66889,0.03444],[115.64941,0.00245],[115.63684,0.00245],[115.63746,-0.00234],[115.64542,-0.0013],[115.64595,-0.0062],[115.64574,-0.01161],[115.63795,-0.01193],[115.63005,-0.0192],[115.62471,-0.02602],[115.61473,-0.03565],[115.6085,-0.0402],[115.60747,-0.04148],[115.60536,-0.04054],[115.60596,-0.04661],[115.60883,-0.05257],[115.61103,-0.0547],[115.61561,-0.0571],[115.61954,-0.05748],[115.62326,-0.05571],[115.62751,-0.05498],[115.63054,-0.05557],[115.63284,-0.05733],[115.63364,-0.05826],[115.63389,-0.06109],[115.63143,-0.0703],[115.63251,-0.07152],[115.63869,-0.06966],[115.64045,-0.06832],[115.65381,-0.07049],[115.65741,-0.07042],[115.65945,-0.06869],[115.66572,-0.06025],[115.66379,-0.05962],[115.66149,-0.05793],[115.65687,-0.05138],[115.65462,-0.05335],[115.65241,-0.05433],[115.64763,-0.05336],[115.64596,-0.05033],[115.64553,-0.04795],[115.6459,-0.0455],[115.64791,-0.04187],[115.65069,-0.03928],[115.65397,-0.03854],[115.65796,-0.03902],[115.66258,-0.04095],[115.66655,-0.04394],[115.6713,-0.05001],[115.6723,-0.0529],[115.6756,-0.05226],[115.67938,-0.05347],[115.67625,-0.05009],[115.67494,-0.0456],[115.67596,-0.0411],[115.67772,-0.03688],[115.67736,-0.03257],[115.67531,-0.03114],[115.66871,-0.02901],[115.66691,-0.02782],[115.66609,-0.02532],[115.66713,-0.00835],[115.66978,-0.00491],[115.67418,-0.0018],[115.67898,0.00081],[115.68346,0.0023],[115.68629,0.00258],[115.69179,0.00117],[115.69922,-0.00298],[115.70321,-0.00639],[115.70637,-0.01002],[115.70853,-0.01399],[115.71474,-0.01991],[115.71573,-0.02183],[115.71638,-0.02613],[115.71619,-0.03434],[115.71667,-0.04023],[115.71771,-0.0432],[115.71754,-0.04612],[115.71833,-0.05108],[115.71756,-0.0574],[115.71762,-0.06356],[115.71591,-0.07112],[115.71662,-0.07392],[115.7222,-0.07021],[115.72618,-0.06849],[115.72991,-0.06495],[115.73802,-0.05407],[115.74273,-0.05209],[115.75367,-0.038],[115.76919,-0.038],[115.7675,-0.03439],[115.7699,-0.03306],[115.7695,-0.03145],[115.7604,-0.00995],[115.7576,-0.00579],[115.7513,-0.00089],[115.73806,0.00556],[115.73028,0.01],[115.7137,0.02302],[115.70111,0.03472]],[[115.64032,-0.03639],[115.63913,-0.03549],[115.6377,-0.03304],[115.63764,-0.03124],[115.63485,-0.03016],[115.63455,-0.02622],[115.63568,-0.02364],[115.63669,-0.0231],[115.64216,-0.02376],[115.64519,-0.02795],[115.64608,-0.03022],[115.64656,-0.03322],[115.64626,-0.03525],[115.64305,-0.03681],[115.64032,-0.03639]]],[[[115.36717,0.28456],[115.36859,0.28888],[115.36645,0.29319],[115.36288,0.29175],[115.3586,0.27737],[115.35788,0.26874],[115.3636,0.26083],[115.3636,0.23926],[115.35932,0.23064],[115.36289,0.22488],[115.36717,0.21985],[115.36218,0.21266],[115.34932,0.21266],[115.34861,0.20978],[115.34361,0.21482],[115.34075,0.21194],[115.34075,0.20619],[115.33575,0.20475],[115.32932,0.20115],[115.32933,0.18574],[115.3333,0.1928],[115.342,0.19937],[115.3454,0.20097],[115.3491,0.2016],[115.3582,0.20122],[115.3757,0.20673],[115.3951,0.20842],[115.4029,0.20995],[115.4145,0.21349],[115.42043,0.21394],[115.42034,0.24719],[115.3921,0.24663],[115.38527,0.27411],[115.38808,0.2765],[115.38145,0.28384],[115.37716,0.28313],[115.37145,0.28312],[115.36717,0.28456]]]]}},{"type":"Feature","properties":{"inventoryId":"big-oil-palm-kutai-barat:24","sector":"Sawit","subtype":"Izin Lokasi Sawit","quality":"OFFICIAL","sourceDataset":"big-oil-palm-kutai-barat","sourceRecordId":"24","source":"BIG Kebijakan Satu Peta","sourceUrl":"https://kspservices.big.go.id/satupeta/rest/services/PUBLIK/PERIZINAN_DAN_PERTANAHAN/MapServer/36","retrievedAt":"2026-08-24T23:55:27Z","geometryProcessing":"web display simplification tolerance 0.00035 degrees","name":"PT. Farinda Bersaudara","group":"TSH Resources Berhad","issuer":"Bupati","permitNumber":"525.26/K.9794/2007","permitDate":"2007-11-14","areaHa":17085.0,"village":"Muara Siram, Penawai, Jambuk, Resak Kampung, Muara Gusik","subdistrict":"Bongan","district":"Kutai Barat","status":"aktif","coverageCaveat":"BIG public plantation location layer covers selected districts only; it is not complete Indonesia-wide plantation coverage.","region":"kalimantan"},"geometry":{"type":"MultiPolygon","coordinates":[[[[116.28856,-0.61371],[116.25789,-0.61357],[116.26059,-0.64449],[116.23729,-0.67008],[116.24313,-0.68583],[116.24062,-0.68937],[116.25237,-0.68437],[116.24961,-0.6911],[116.24673,-0.69473],[116.29775,-0.70675],[116.29846,-0.70627],[116.30039,-0.70198],[116.29877,-0.69736],[116.30733,-0.69055],[116.31305,-0.68687],[116.31109,-0.68175],[116.31106,-0.67625],[116.3082,-0.67656],[116.30516,-0.67456],[116.30586,-0.66978],[116.30809,-0.66206],[116.30453,-0.65362],[116.30538,-0.64992],[116.30435,-0.64547],[116.30027,-0.64589],[116.29344,-0.63305],[116.29429,-0.62898],[116.29142,-0.62566],[116.28767,-0.62312],[116.28892,-0.61826],[116.28856,-0.61371]]],[[[116.26731,-0.76026],[116.26601,-0.75009],[116.26181,-0.75005],[116.26137,-0.76838],[116.26189,-0.77504],[116.26838,-0.77636],[116.27135,-0.77624],[116.27486,-0.77427],[116.27359,-0.77096],[116.27403,-0.77059],[116.26866,-0.77066],[116.26731,-0.76026]]],[[[116.25858,-0.72813],[116.2619,-0.72793],[116.25898,-0.72624],[116.25858,-0.72813]]],[[[116.20637,-0.71868],[116.18096,-0.70846],[116.18016,-0.71519],[116.18205,-0.71853],[116.18197,-0.72004],[116.18358,-0.72183],[116.18391,-0.72312],[116.1822,-0.73038],[116.18223,-0.73508],[116.18316,-0.73623],[116.18393,-0.73927],[116.18399,-0.74273],[116.18311,-0.74817],[116.18032,-0.75191],[116.17657,-0.75466],[116.17386,-0.75799],[116.17475,-0.76528],[116.18754,-0.76573],[116.18854,-0.76719],[116.20008,-0.76933],[116.20062,-0.76511],[116.20067,-0.74701],[116.19533,-0.7461],[116.19539,-0.72494],[116.20388,-0.72533],[116.20684,-0.72496],[116.20637,-0.71868]]],[[[116.23004,-0.61701],[116.1912,-0.61728],[116.19109,-0.62683],[116.14618,-0.62613],[116.14663,-0.63948],[116.15117,-0.67554],[116.16111,-0.67634],[116.18013,-0.67672],[116.20239,-0.67463],[116.21521,-0.67413],[116.21615,-0.6728],[116.21543,-0.66753],[116.2161,-0.66522],[116.21787,-0.6642],[116.22115,-0.66463],[116.22257,-0.66397],[116.22307,-0.66244],[116.22892,-0.65781],[116.23004,-0.61701]]]]}},{"type":"Feature","properties":{"inventoryId":"big-oil-palm-paser:13","sector":"Sawit","subtype":"Izin Lokasi Sawit","quality":"OFFICIAL","sourceDataset":"big-oil-palm-paser","sourceRecordId":"13","source":"BIG Kebijakan Satu Peta","sourceUrl":"https://kspservices.big.go.id/satupeta/rest/services/PUBLIK/PERIZINAN_DAN_PERTANAHAN/MapServer/39","retrievedAt":"2026-08-24T23:55:27Z","geometryProcessing":"web display simplification tolerance 0.00035 degrees","name":"PT. GAWI MAKMUR KALIMANTAN","group":"Wing's","issuer":"Bupati Paser","permitNumber":"593.41/12/T.PRAJA-SILP/X/2008","permitDate":"2008-10-16","areaHa":8850.0,"village":"Mendik, Bente tualan","subdistrict":"Long Kali","district":"Paser","status":"Aktif","coverageCaveat":"BIG public plantation location layer covers selected districts only; it is not complete Indonesia-wide plantation coverage.","region":"kalimantan"},"geometry":{"type":"Polygon","coordinates":[[[116.45706,-1.35584],[116.45653,-1.34596],[116.43058,-1.35742],[116.41946,-1.36012],[116.41936,-1.35372],[116.3246,-1.39873],[116.33245,-1.41002],[116.35697,-1.40153],[116.37692,-1.39283],[116.37741,-1.47427],[116.38506,-1.47123],[116.39688,-1.46954],[116.39941,-1.4682],[116.40158,-1.46529],[116.40363,-1.46432],[116.4064,-1.4642],[116.41798,-1.45619],[116.42292,-1.44758],[116.42638,-1.44418],[116.42684,-1.38363],[116.4346,-1.38364],[116.43689,-1.37613],[116.43697,-1.36533],[116.45706,-1.35584]]]}},{"type":"Feature","properties":{"inventoryId":"big-oil-palm-kutai-kartanegara:26","sector":"Sawit","subtype":"Izin Lokasi Sawit","quality":"OFFICIAL","sourceDataset":"big-oil-palm-kutai-kartanegara","sourceRecordId":"26","source":"BIG Kebijakan Satu Peta","sourceUrl":"https://kspservices.big.go.id/satupeta/rest/services/PUBLIK/PERIZINAN_DAN_PERTANAHAN/MapServer/37","retrievedAt":"2026-08-24T23:55:27Z","geometryProcessing":"web display simplification tolerance 0.00035 degrees","name":"PT. HAMPARAN SENTOSA","issuer":"Bupati Kutai Kartanegara","permitNumber":"590/525.29/006/A.Ptn","permitDate":"2012-03-12","areaHa":12548.0,"village":"Menamang Kiri dan Menamang Kanan","subdistrict":"Muara Kaman","district":"Kutai Kartanegara","status":"Aktif","coverageCaveat":"BIG public plantation location layer covers selected districts only; it is not complete Indonesia-wide plantation coverage.","region":"kalimantan"},"geometry":{"type":"Polygon","coordinates":[[[116.87834,0.22164],[116.87834,0.26869],[116.89613,0.26869],[116.89643,0.2767],[116.91278,0.2767],[116.91264,0.32889],[116.88768,0.32894],[116.86659,0.29396],[116.84131,0.25432],[116.84198,0.19753],[116.8606,0.17025],[116.96285,0.17037],[116.96285,0.17737],[116.95421,0.19019],[116.95347,0.18882],[116.95366,0.18809],[116.95458,0.18701],[116.95587,0.1871],[116.95367,0.18665],[116.953,0.18556],[116.95276,0.18728],[116.95132,0.18737],[116.94992,0.18647],[116.95011,0.18764],[116.95261,0.19081],[116.95339,0.19434],[116.95325,0.19515],[116.95253,0.19551],[116.9502,0.19443],[116.9489,0.19216],[116.94755,0.19361],[116.94473,0.19289],[116.94329,0.19144],[116.93972,0.19406],[116.93773,0.19434],[116.9372,0.19271],[116.93887,0.19153],[116.93884,0.19072],[116.9368,0.1918],[116.93558,0.19361],[116.93467,0.19397],[116.93207,0.19316],[116.92888,0.19416],[116.92733,0.19171],[116.92641,0.1937],[116.92447,0.19479],[116.92389,0.1937],[116.92248,0.19352],[116.92083,0.19162],[116.91705,0.19171],[116.91377,0.19063],[116.91082,0.18656],[116.90632,0.18466],[116.90526,0.18511],[116.90434,0.18646],[116.90162,0.18701],[116.90014,0.18864],[116.90032,0.18954],[116.90173,0.1909],[116.90472,0.19099],[116.90721,0.18963],[116.90999,0.18936],[116.90986,0.19108],[116.91199,0.19153],[116.91178,0.19397],[116.90841,0.19651],[116.90759,0.19615],[116.90609,0.19361],[116.90408,0.19515],[116.89903,0.19687],[116.89935,0.19922],[116.90111,0.19976],[116.90184,0.20058],[116.90388,0.20022],[116.90434,0.20157],[116.90558,0.20221],[116.90649,0.20203],[116.90777,0.20022],[116.91215,0.19995],[116.91243,0.1975],[116.91589,0.19949],[116.91724,0.19814],[116.91827,0.19786],[116.91898,0.19895],[116.92141,0.19949],[116.92172,0.20157],[116.9227,0.2013],[116.92353,0.2023],[116.92488,0.20212],[116.92441,0.20031],[116.92484,0.19976],[116.92614,0.20022],[116.9265,0.20148],[116.9287,0.20239],[116.93154,0.20148],[116.93212,0.20275],[116.93132,0.20411],[116.9326,0.20411],[116.93281,0.20492],[116.93476,0.20356],[116.93503,0.20601],[116.93634,0.20727],[116.93938,0.20718],[116.94343,0.208],[116.94423,0.20646],[116.94617,0.20628],[116.94947,0.20755],[116.95056,0.20709],[116.95135,0.20592],[116.95266,0.20565],[116.95672,0.20836],[116.96955,0.21114],[116.96955,0.21929],[116.94219,0.21929],[116.94219,0.24561],[116.93868,0.24594],[116.9329,0.24536],[116.93222,0.24556],[116.93154,0.24697],[116.93009,0.24709],[116.92963,0.2477],[116.92972,0.2496],[116.9283,0.24997],[116.92846,0.25796],[116.92912,0.26044],[116.92718,0.25926],[116.92587,0.25943],[116.92301,0.25857],[116.9225,0.2593],[116.92298,0.25969],[116.92273,0.26051],[116.92123,0.26092],[116.91926,0.26339],[116.91969,0.25969],[116.91857,0.25975],[116.91761,0.26054],[116.91723,0.2602],[116.91643,0.2584],[116.91706,0.2552],[116.91638,0.25481],[116.91482,0.25569],[116.91482,0.23575],[116.9057,0.23575],[116.9057,0.21929],[116.87834,0.21929],[116.87834,0.22164]]]}},{"type":"Feature","properties":{"inventoryId":"big-oil-palm-kutai-barat:25","sector":"Sawit","subtype":"Izin Lokasi Sawit","quality":"OFFICIAL","sourceDataset":"big-oil-palm-kutai-barat","sourceRecordId":"25","source":"BIG Kebijakan Satu Peta","sourceUrl":"https://kspservices.big.go.id/satupeta/rest/services/PUBLIK/PERIZINAN_DAN_PERTANAHAN/MapServer/36","retrievedAt":"2026-08-24T23:55:27Z","geometryProcessing":"web display simplification tolerance 0.00035 degrees","name":"PT. Harapan Rimba Raya","group":"THA Group","issuer":"Bupati","permitNumber":"525.26/K.669/2007","permitDate":"2007-08-01","areaHa":12000.0,"village":"Besiq, Beremai","subdistrict":"Damai","district":"Kutai Barat","status":"aktif","coverageCaveat":"BIG public plantation location layer covers selected districts only; it is not complete Indonesia-wide plantation coverage.","region":"kalimantan"},"geometry":{"type":"Polygon","coordinates":[[[115.56917,-0.59174],[115.50798,-0.59172],[115.49713,-0.60477],[115.49501,-0.60832],[115.49507,-0.61084],[115.49242,-0.61484],[115.48712,-0.62018],[115.48712,-0.6224],[115.48844,-0.62284],[115.48844,-0.62729],[115.48579,-0.63174],[115.48579,-0.63707],[115.48711,-0.64286],[115.48888,-0.64686],[115.48843,-0.64953],[115.48623,-0.65131],[115.48225,-0.6513],[115.47076,-0.64952],[115.46635,-0.64997],[115.45398,-0.64685],[115.44437,-0.64257],[115.43905,-0.64208],[115.43692,-0.64257],[115.43654,-0.63858],[115.43063,-0.63608],[115.4288,-0.63407],[115.42767,-0.62915],[115.42499,-0.62802],[115.42095,-0.62845],[115.41801,-0.62951],[115.41695,-0.637],[115.41861,-0.64507],[115.41956,-0.64577],[115.42291,-0.65252],[115.43581,-0.67176],[115.44131,-0.67877],[115.44467,-0.68111],[115.44725,-0.68207],[115.45585,-0.68267],[115.46213,-0.68597],[115.46686,-0.69151],[115.48066,-0.70355],[115.48381,-0.70603],[115.48915,-0.70901],[115.49275,-0.71025],[115.50168,-0.71148],[115.51553,-0.71646],[115.53059,-0.72334],[115.53937,-0.72537],[115.54875,-0.72643],[115.56732,-0.72691],[115.57626,-0.72835],[115.58177,-0.728],[115.58434,-0.72602],[115.58442,-0.72399],[115.5826,-0.72048],[115.57809,-0.7142],[115.57751,-0.71138],[115.57334,-0.71138],[115.56472,-0.71389],[115.56417,-0.71332],[115.54418,-0.71332],[115.5325,-0.71194],[115.52889,-0.71084],[115.52583,-0.70889],[115.51861,-0.69805],[115.51195,-0.68499],[115.50639,-0.67194],[115.50362,-0.66277],[115.50222,-0.65277],[115.50222,-0.64915],[115.50361,-0.64917],[115.54222,-0.65417],[115.54696,-0.64971],[115.54834,-0.65026],[115.55083,-0.65306],[115.55278,-0.65444],[115.55362,-0.65444],[115.55613,-0.65249],[115.55862,-0.64749],[115.55889,-0.64584],[115.56001,-0.64388],[115.56083,-0.64361],[115.56168,-0.64444],[115.56085,-0.64527],[115.5614,-0.6461],[115.55944,-0.64695],[115.55973,-0.64888],[115.5625,-0.65],[115.56252,-0.6511],[115.56417,-0.65221],[115.56444,-0.65445],[115.5675,-0.65555],[115.56861,-0.6525],[115.57001,-0.65165],[115.57112,-0.65165],[115.57278,-0.65417],[115.57194,-0.65639],[115.57251,-0.65721],[115.57389,-0.65583],[115.57556,-0.65637],[115.57557,-0.65749],[115.57918,-0.65721],[115.58083,-0.65556],[115.58362,-0.6561],[115.58501,-0.65472],[115.58585,-0.65221],[115.58666,-0.65195],[115.5875,-0.65221],[115.58917,-0.65611],[115.60472,-0.65249],[115.59972,-0.64305],[115.58945,-0.62917],[115.58472,-0.62389],[115.58028,-0.61694],[115.57306,-0.60333],[115.57083,-0.59555],[115.57029,-0.59174],[115.56917,-0.59174]]]}},{"type":"Feature","properties":{"inventoryId":"big-oil-palm-paser:17","sector":"Sawit","subtype":"Izin Lokasi Sawit","quality":"OFFICIAL","sourceDataset":"big-oil-palm-paser","sourceRecordId":"17","source":"BIG Kebijakan Satu Peta","sourceUrl":"https://kspservices.big.go.id/satupeta/rest/services/PUBLIK/PERIZINAN_DAN_PERTANAHAN/MapServer/39","retrievedAt":"2026-08-24T23:55:27Z","geometryProcessing":"web display simplification tolerance 0.00035 degrees","name":"PT. INDO KENCANA AGRI","group":"Tidak ada","issuer":"Bupati Paser","permitNumber":"503/08/PEM-SILP/X/2015","permitDate":"2015-10-30","areaHa":4703.0,"village":"Perkuwin, Pinang Jatus, Lambakan, Kepala Telakai","subdistrict":"Long Kali","district":"Paser","status":"Belum Aktif","sourceRemark":"Proses HGU","coverageCaveat":"BIG public plantation location layer covers selected districts only; it is not complete Indonesia-wide plantation coverage.","region":"kalimantan"},"geometry":{"type":"MultiPolygon","coordinates":[[[[116.16333,-1.4229],[116.17039,-1.41223],[116.18379,-1.39553],[116.17832,-1.39991],[116.17731,-1.40177],[116.17313,-1.39709],[116.17022,-1.39514],[116.16724,-1.39455],[116.1667,-1.39273],[116.16475,-1.38982],[116.16253,-1.38818],[116.1669,-1.38602],[116.1709,-1.38633],[116.1681,-1.38418],[116.1628,-1.3819],[116.15891,-1.38177],[116.15435,-1.37458],[116.15262,-1.36927],[116.15279,-1.36397],[116.15397,-1.35761],[116.15726,-1.3511],[116.15898,-1.34995],[116.16093,-1.34703],[116.16161,-1.34359],[116.16124,-1.34053],[116.16235,-1.3385],[116.16304,-1.33505],[116.16277,-1.33357],[116.16881,-1.32664],[116.16485,-1.32732],[116.16117,-1.32663],[116.15832,-1.32736],[116.15104,-1.32299],[116.15016,-1.32188],[116.15079,-1.32108],[116.15058,-1.31848],[116.14698,-1.31811],[116.14427,-1.3162],[116.14075,-1.3177],[116.13845,-1.3222],[116.14075,-1.32465],[116.13858,-1.32588],[116.1356,-1.32533],[116.13127,-1.3256],[116.13005,-1.3271],[116.12991,-1.33078],[116.1314,-1.33473],[116.13397,-1.33583],[116.14041,-1.33662],[116.14037,-1.33903],[116.13911,-1.34175],[116.13907,-1.34365],[116.14022,-1.3447],[116.1368,-1.35146],[116.13513,-1.36056],[116.13087,-1.36445],[116.12361,-1.37354],[116.12107,-1.37777],[116.11865,-1.37982],[116.11852,-1.38686],[116.11898,-1.39011],[116.1083,-1.39542],[116.1059,-1.39743],[116.1061,-1.40205],[116.1082,-1.40674],[116.1098,-1.40721],[116.1265,-1.40728],[116.12722,-1.40695],[116.12722,-1.39689],[116.16333,-1.39689],[116.16333,-1.4229]]],[[[116.16333,-1.4229],[116.16012,-1.42196],[116.14506,-1.42583],[116.14541,-1.44573],[116.13208,-1.46044],[116.12936,-1.4706],[116.1168,-1.46161],[116.1118,-1.49046],[116.11194,-1.49012],[116.11874,-1.49333],[116.16333,-1.4229]]],[[[115.96664,-1.23624],[115.96668,-1.23479],[115.96566,-1.2339],[115.96442,-1.23578],[115.96196,-1.23683],[115.95759,-1.23596],[115.95663,-1.23637],[115.95627,-1.23719],[115.95643,-1.23973],[115.95877,-1.2433],[115.95934,-1.25218],[115.95672,-1.2555],[115.9516,-1.25425],[115.94966,-1.25536],[115.94901,-1.25913],[115.94792,-1.25923],[115.94655,-1.26084],[115.94757,-1.26245],[115.94826,-1.26265],[115.94874,-1.26202],[115.95031,-1.26328],[115.95031,-1.26543],[115.95133,-1.26846],[115.95099,-1.27237],[115.95334,-1.27012],[115.95644,-1.27099],[115.95796,-1.26933],[115.96696,-1.26435],[115.97027,-1.26352],[115.96917,-1.26034],[115.96958,-1.25896],[115.96668,-1.25536],[115.96176,-1.2457],[115.96216,-1.24474],[115.96498,-1.24267],[115.96629,-1.2405],[115.96664,-1.23624]]],[[[116.1196,-1.29349],[116.1213,-1.29138],[116.12161,-1.29013],[116.12098,-1.28624],[116.11987,-1.28337],[116.11543,-1.28211],[116.11283,-1.28029],[116.11063,-1.2828],[116.11162,-1.28548],[116.11657,-1.29016],[116.11567,-1.29508],[116.11598,-1.29651],[116.12318,-1.30421],[116.12704,-1.29979],[116.12499,-1.29886],[116.1244,-1.29782],[116.1246,-1.29677],[116.12614,-1.29521],[116.12182,-1.29486],[116.12096,-1.29412],[116.11987,-1.29429],[116.1196,-1.29349]]]]}},{"type":"Feature","properties":{"inventoryId":"big-oil-palm-paser:19","sector":"Sawit","subtype":"Izin Lokasi Sawit","quality":"OFFICIAL","sourceDataset":"big-oil-palm-paser","sourceRecordId":"19","source":"BIG Kebijakan Satu Peta","sourceUrl":"https://kspservices.big.go.id/satupeta/rest/services/PUBLIK/PERIZINAN_DAN_PERTANAHAN/MapServer/39","retrievedAt":"2026-08-24T23:55:27Z","geometryProcessing":"web display simplification tolerance 0.00035 degrees","name":"PT. INDOKARYA GEMA SAKTI","group":"BUMN","issuer":"Gubernur Kaltim","permitNumber":"188.44/05/BKPMD-AGR/VIII/1988","permitDate":"1988-08-15","areaHa":5000.0,"village":"Sungai Terik","subdistrict":"Batu Sopang","district":"Paser","status":"Tidak Aktif","sourceRemark":"Berlaku selama 6 bulan sejak tanggal diterbitkan; Saat penerbitan Ilok masih Kabupaten Pasir","coverageCaveat":"BIG public plantation location layer covers selected districts only; it is not complete Indonesia-wide plantation coverage.","region":"kalimantan"},"geometry":{"type":"Polygon","coordinates":[[[115.98706,-1.84892],[115.97952,-1.84675],[115.9771,-1.84776],[115.97596,-1.84896],[115.9734,-1.84923],[115.97016,-1.85383],[115.96792,-1.85474],[115.96693,-1.85573],[115.96156,-1.85738],[115.96015,-1.85706],[115.95983,-1.85771],[115.96072,-1.85944],[115.96033,-1.8611],[115.96124,-1.86339],[115.95982,-1.86431],[115.96007,-1.86658],[115.95816,-1.86782],[115.95541,-1.86771],[115.95468,-1.86815],[115.95432,-1.87013],[115.95282,-1.87167],[115.953,-1.87255],[115.95395,-1.87288],[115.9549,-1.87229],[115.95533,-1.87075],[115.95603,-1.87079],[115.95661,-1.87248],[115.95632,-1.87303],[115.95333,-1.87412],[115.95264,-1.87515],[115.95468,-1.87647],[115.95591,-1.87819],[115.95358,-1.87859],[115.9546,-1.88043],[115.95434,-1.88108],[115.95162,-1.88358],[115.95207,-1.88124],[115.95068,-1.88198],[115.94806,-1.87876],[115.94518,-1.87921],[115.94395,-1.88078],[115.94387,-1.88495],[115.94588,-1.88594],[115.9475,-1.88537],[115.9485,-1.88573],[115.94904,-1.88722],[115.94834,-1.88854],[115.94667,-1.88897],[115.94516,-1.89341],[115.94369,-1.89554],[115.93944,-1.89627],[115.93985,-1.89851],[115.94137,-1.90079],[115.93933,-1.90535],[115.9359,-1.90799],[115.9369,-1.90964],[115.9369,-1.91103],[115.93557,-1.91237],[115.93567,-1.91522],[115.93275,-1.92355],[115.93238,-1.92668],[115.93277,-1.93319],[115.93147,-1.93945],[115.9538,-1.93942],[115.9564,-1.93823],[115.96161,-1.93442],[115.96773,-1.93158],[115.97235,-1.9313],[115.9959,-1.88426],[115.99882,-1.85989],[115.99395,-1.85439],[115.99044,-1.84878],[115.98706,-1.84892]]]}},{"type":"Feature","properties":{"inventoryId":"big-oil-palm-kutai-barat:26","sector":"Sawit","subtype":"Izin Lokasi Sawit","quality":"OFFICIAL","sourceDataset":"big-oil-palm-kutai-barat","sourceRecordId":"26","source":"BIG Kebijakan Satu Peta","sourceUrl":"https://kspservices.big.go.id/satupeta/rest/services/PUBLIK/PERIZINAN_DAN_PERTANAHAN/MapServer/36","retrievedAt":"2026-08-24T23:55:27Z","geometryProcessing":"web display simplification tolerance 0.00035 degrees","name":"PT. Intitama Perkebunan Prima","issuer":"Bupati","permitNumber":"525.29/K.025b/2013","permitDate":"2013-01-07","areaHa":18998.0,"village":"Laham, Tri Pariq, Long Hubung, Datah Bilang, Mamahak Teboq","subdistrict":"Laham, Long Hubung, Long Bagun","district":"Kutai Barat","coverageCaveat":"BIG public plantation location layer covers selected districts only; it is not complete Indonesia-wide plantation coverage.","region":"kalimantan"},"geometry":{"type":"MultiPolygon","coordinates":[[[[115.40269,0.27361],[115.39995,0.27558],[115.39935,0.2789],[115.39087,0.27888],[115.38527,0.27411],[115.3921,0.24663],[115.42034,0.24719],[115.42042,0.21523],[115.42441,0.21578],[115.45007,0.20612],[115.46669,0.19125],[115.46946,0.19123],[115.47582,0.18034],[115.4868,0.15453],[115.4932,0.13429],[115.4943,0.1291],[115.4958,0.11342],[115.4962,0.1009],[115.4958,0.08863],[115.4933,0.06245],[115.4945,0.05255],[115.4986,0.04494],[115.50315,0.03828],[115.50507,0.02118],[115.50762,0.01859],[115.52142,0.02324],[115.51919,0.02467],[115.51735,0.02777],[115.51729,0.02896],[115.51848,0.03264],[115.52353,0.03621],[115.52463,0.03954],[115.52369,0.04773],[115.52026,0.05644],[115.51919,0.06096],[115.51984,0.0722],[115.52309,0.08204],[115.52285,0.08618],[115.52165,0.08889],[115.52653,0.0889],[115.52653,0.10764],[115.54299,0.10764],[115.54308,0.14611],[115.53375,0.14581],[115.53375,0.15641],[115.53014,0.15732],[115.52193,0.15724],[115.51972,0.15215],[115.51586,0.14787],[115.51508,0.14615],[115.51552,0.14284],[115.50479,0.14283],[115.50485,0.15685],[115.51979,0.15686],[115.51997,0.16804],[115.51387,0.1742],[115.5119,0.17826],[115.51037,0.18318],[115.51038,0.18509],[115.51263,0.18928],[115.51751,0.19406],[115.51788,0.19594],[115.51663,0.19814],[115.51437,0.19921],[115.50896,0.19915],[115.50693,0.1998],[115.50503,0.20081],[115.50348,0.20327],[115.48921,0.20328],[115.48922,0.20627],[115.48591,0.20825],[115.48362,0.21089],[115.47913,0.21319],[115.47674,0.21539],[115.47535,0.21759],[115.47041,0.22146],[115.44339,0.22135],[115.44335,0.23968],[115.44153,0.24111],[115.44067,0.24409],[115.44221,0.24983],[115.44472,0.25402],[115.44911,0.25473],[115.45367,0.25458],[115.45515,0.25387],[115.45705,0.25084],[115.45702,0.24798],[115.45988,0.2468],[115.46254,0.24696],[115.46635,0.24899],[115.47347,0.25438],[115.47407,0.25559],[115.47291,0.25804],[115.46963,0.26036],[115.46523,0.26167],[115.45459,0.26066],[115.44403,0.26548],[115.44082,0.26637],[115.42092,0.26689],[115.41705,0.26862],[115.40974,0.27391],[115.40665,0.27445],[115.40269,0.27361]]],[[[115.54788,0.25449],[115.5475,0.2607],[115.5464,0.2618],[115.5433,0.26308],[115.5421,0.2644],[115.54068,0.27],[115.51925,0.27],[115.51925,0.25222],[115.47292,0.25222],[115.46648,0.2459],[115.46172,0.24459],[115.45827,0.24525],[115.4534,0.24888],[115.44679,0.25084],[115.44507,0.25084],[115.44394,0.25049],[115.44287,0.2481],[115.44209,0.24311],[115.44263,0.24192],[115.44411,0.24085],[115.45209,0.23798],[115.45878,0.23669],[115.46336,0.23258],[115.46687,0.22782],[115.47169,0.22395],[115.47472,0.22074],[115.47829,0.22026],[115.481,0.21896],[115.48367,0.21598],[115.48611,0.21087],[115.4904,0.20795],[115.49153,0.20783],[115.49658,0.21104],[115.50384,0.21237],[115.50562,0.21153],[115.50609,0.21034],[115.50622,0.20842],[115.50562,0.20687],[115.50596,0.20528],[115.52563,0.20529],[115.52556,0.21361],[115.53111,0.21361],[115.53111,0.22222],[115.553,0.22222],[115.55306,0.23111],[115.56167,0.23123],[115.56167,0.24306],[115.5525,0.2433],[115.5492,0.24441],[115.5484,0.24597],[115.5479,0.24965],[115.54788,0.25449]]],[[[115.42501,0.31295],[115.42812,0.31295],[115.429,0.31827],[115.4303,0.32215],[115.4333,0.32835],[115.4405,0.34074],[115.44199,0.34668],[115.44158,0.35947],[115.39572,0.35947],[115.39668,0.35769],[115.39856,0.35598],[115.40278,0.35466],[115.40445,0.35139],[115.40635,0.34467],[115.40745,0.33355],[115.40632,0.32808],[115.39818,0.32257],[115.39946,0.30958],[115.40356,0.30892],[115.41045,0.31142],[115.41426,0.31077],[115.41711,0.3091],[115.41875,0.3038],[115.41822,0.30113],[115.41727,0.29941],[115.41465,0.29714],[115.41132,0.29583],[115.4021,0.29595],[115.39918,0.29447],[115.39847,0.29268],[115.39945,0.28917],[115.4023,0.28721],[115.40427,0.28465],[115.40391,0.2818],[115.40135,0.27793],[115.40135,0.27632],[115.40349,0.27489],[115.41004,0.27561],[115.41499,0.27221],[115.41499,0.27752],[115.41332,0.27752],[115.41332,0.28564],[115.42197,0.28564],[115.42185,0.29482],[115.42501,0.29482],[115.42501,0.31295]]]]}},{"type":"Feature","properties":{"inventoryId":"big-oil-palm-kutai-kartanegara:27","sector":"Sawit","subtype":"Izin Lokasi Sawit","quality":"OFFICIAL","sourceDataset":"big-oil-palm-kutai-kartanegara","sourceRecordId":"27","source":"BIG Kebijakan Satu Peta","sourceUrl":"https://kspservices.big.go.id/satupeta/rest/services/PUBLIK/PERIZINAN_DAN_PERTANAHAN/MapServer/37","retrievedAt":"2026-08-24T23:55:27Z","geometryProcessing":"web display simplification tolerance 0.00035 degrees","name":"PT. JAYA MANDIRI SUKSES","issuer":"Plt. Bupati Kutai Kartanegara","permitNumber":"18/DPN.K/IL-18/IV-2008","permitDate":"2008-04-10","areaHa":21000.0,"village":"Lebak Mantan, Lebak Cilong, Perian, Muara Leka, Kayu Batu dan Puandana","subdistrict":"Muara Muntai dan Muara Wis","district":"Kutai Kartanegara","status":"Aktif","coverageCaveat":"BIG public plantation location layer covers selected districts only; it is not complete Indonesia-wide plantation coverage.","region":"kalimantan"},"geometry":{"type":"Polygon","coordinates":[[[116.4888,-0.38713],[116.45775,-0.38708],[116.45775,-0.39577],[116.4127,-0.39577],[116.4127,-0.43574],[116.38977,-0.43572],[116.39005,-0.55894],[116.35095,-0.55888],[116.35095,-0.57166],[116.3999,-0.65427],[116.50974,-0.44638],[116.50978,-0.41384],[116.4888,-0.41384],[116.4888,-0.38713]]]}},{"type":"Feature","properties":{"inventoryId":"big-oil-palm-kutai-kartanegara:28","sector":"Sawit","subtype":"Izin Lokasi Sawit","quality":"OFFICIAL","sourceDataset":"big-oil-palm-kutai-kartanegara","sourceRecordId":"28","source":"BIG Kebijakan Satu Peta","sourceUrl":"https://kspservices.big.go.id/satupeta/rest/services/PUBLIK/PERIZINAN_DAN_PERTANAHAN/MapServer/37","retrievedAt":"2026-08-24T23:55:27Z","geometryProcessing":"web display simplification tolerance 0.00035 degrees","name":"PT. JAYA MANDIRI SUKSES","issuer":"Bupati Kutai Kartanegara","permitNumber":"590/525.29/003/A.Ptn","permitDate":"2014-04-24","areaHa":2296.17,"village":"Perian","subdistrict":"Muara Muntai","district":"Kutai Kartanegara","status":"Aktif","coverageCaveat":"BIG public plantation location layer covers selected districts only; it is not complete Indonesia-wide plantation coverage.","region":"kalimantan"},"geometry":{"type":"MultiPolygon","coordinates":[[[[116.41832,-0.56196],[116.41789,-0.56203],[116.41778,-0.56563],[116.41919,-0.56724],[116.37799,-0.62864],[116.39226,-0.65176],[116.3963,-0.65054],[116.3959,-0.64996],[116.39921,-0.6498],[116.3995,-0.6508],[116.40149,-0.65167],[116.40175,-0.65477],[116.40468,-0.65755],[116.40784,-0.6582],[116.40897,-0.65982],[116.41213,-0.65623],[116.41283,-0.65315],[116.41641,-0.64825],[116.41724,-0.64502],[116.42049,-0.63755],[116.41944,-0.63655],[116.42097,-0.63056],[116.42199,-0.62756],[116.42398,-0.62435],[116.42342,-0.62104],[116.42398,-0.61777],[116.42295,-0.61536],[116.42295,-0.61239],[116.42462,-0.60963],[116.42382,-0.60793],[116.42436,-0.60573],[116.42581,-0.60518],[116.42581,-0.60366],[116.42462,-0.60046],[116.42315,-0.58983],[116.42397,-0.58792],[116.42598,-0.58712],[116.42717,-0.58578],[116.42766,-0.5837],[116.42729,-0.5789],[116.42615,-0.57437],[116.42788,-0.57331],[116.4278,-0.57179],[116.42566,-0.57139],[116.42582,-0.569],[116.42365,-0.56869],[116.42307,-0.56686],[116.42155,-0.56703],[116.42114,-0.56658],[116.42145,-0.56539],[116.42085,-0.56549],[116.41972,-0.56426],[116.42006,-0.56231],[116.41832,-0.56196]],[[116.40928,-0.58709],[116.41459,-0.58726],[116.4142,-0.60092],[116.41691,-0.60097],[116.41685,-0.60287],[116.41608,-0.603],[116.41588,-0.60425],[116.41486,-0.60519],[116.41552,-0.60533],[116.41509,-0.60874],[116.41576,-0.61247],[116.41539,-0.61454],[116.41542,-0.61633],[116.41595,-0.61647],[116.41612,-0.61765],[116.41579,-0.6188],[116.4164,-0.61902],[116.41657,-0.61797],[116.4178,-0.61819],[116.41681,-0.61884],[116.4174,-0.61924],[116.41717,-0.62002],[116.41594,-0.62015],[116.41647,-0.62053],[116.41594,-0.62152],[116.41653,-0.62115],[116.41649,-0.62292],[116.41558,-0.6244],[116.41479,-0.62463],[116.41473,-0.62406],[116.41237,-0.62535],[116.41149,-0.62466],[116.41055,-0.62581],[116.40935,-0.62494],[116.40946,-0.6234],[116.4081,-0.62337],[116.40596,-0.62529],[116.40567,-0.6278],[116.40645,-0.62795],[116.40676,-0.62917],[116.40779,-0.62943],[116.40696,-0.63112],[116.40771,-0.63184],[116.40502,-0.6321],[116.40367,-0.63106],[116.40369,-0.6301],[116.4027,-0.63],[116.4027,-0.62946],[116.40106,-0.62969],[116.39985,-0.6305],[116.39967,-0.63742],[116.39818,-0.63772],[116.39691,-0.63694],[116.3937,-0.63967],[116.39281,-0.63858],[116.39267,-0.63708],[116.38993,-0.63686],[116.389,-0.63756],[116.38973,-0.63929],[116.38895,-0.64077],[116.38823,-0.64077],[116.38592,-0.6371],[116.38614,-0.63193],[116.38911,-0.632],[116.38926,-0.62294],[116.39475,-0.62308],[116.39495,-0.61384],[116.40047,-0.61402],[116.40074,-0.60487],[116.40344,-0.60495],[116.40362,-0.59595],[116.40908,-0.59611],[116.40928,-0.58709]]],[[[116.42505,-0.56219],[116.42445,-0.56237],[116.42453,-0.56295],[116.42505,-0.56219]]],[[[116.42203,-0.55198],[116.42101,-0.55076],[116.41844,-0.55071],[116.41953,-0.55296],[116.42102,-0.55313],[116.42251,-0.55257],[116.42203,-0.55198]]],[[[116.44071,-0.53903],[116.43886,-0.53908],[116.42576,-0.55824],[116.42638,-0.55621],[116.42542,-0.55618],[116.42499,-0.55954],[116.42531,-0.5618],[116.42657,-0.5599],[116.42949,-0.55997],[116.43204,-0.55734],[116.43216,-0.55148],[116.43297,-0.55025],[116.43409,-0.55028],[116.4336,-0.551],[116.43423,-0.55193],[116.43329,-0.55203],[116.43396,-0.55226],[116.43357,-0.55352],[116.43409,-0.55378],[116.43421,-0.55157],[116.43496,-0.5509],[116.43902,-0.55096],[116.4405,-0.54942],[116.44071,-0.53903]]],[[[116.39246,-0.4961],[116.39214,-0.49882],[116.39931,-0.49899],[116.41002,-0.50393],[116.41185,-0.50419],[116.41188,-0.50308],[116.40911,-0.50294],[116.40915,-0.50109],[116.40824,-0.50239],[116.40757,-0.50251],[116.40636,-0.50193],[116.4064,-0.49992],[116.40365,-0.49979],[116.40367,-0.49896],[116.40128,-0.49886],[116.40126,-0.49734],[116.40041,-0.49717],[116.40042,-0.49632],[116.39246,-0.4961]]]]}},{"type":"Feature","properties":{"inventoryId":"big-oil-palm-kutai-barat:29","sector":"Sawit","subtype":"Izin Lokasi Sawit","quality":"OFFICIAL","sourceDataset":"big-oil-palm-kutai-barat","sourceRecordId":"29","source":"BIG Kebijakan Satu Peta","sourceUrl":"https://kspservices.big.go.id/satupeta/rest/services/PUBLIK/PERIZINAN_DAN_PERTANAHAN/MapServer/36","retrievedAt":"2026-08-24T23:55:27Z","geometryProcessing":"web display simplification tolerance 0.00035 degrees","name":"PT. Kalimantan Agro Abadi","issuer":"Bupati","permitNumber":"525.29/K.2385/2015","permitDate":"2015-11-23","areaHa":16780.0,"village":"Intu Lingau, Lakan Bilem, Tutung, Pepas Eheng, Muut, Terajuk, Temula, Sentalar, Dempar","subdistrict":"Nyuatan","district":"Kutai Barat","status":"aktif","coverageCaveat":"BIG public plantation location layer covers selected districts only; it is not complete Indonesia-wide plantation coverage.","region":"kalimantan"},"geometry":{"type":"MultiPolygon","coordinates":[[[[115.62057,-0.24567],[115.58451,-0.18277],[115.58458,-0.20591],[115.59451,-0.23363],[115.59439,-0.23476],[115.58626,-0.25565],[115.53036,-0.2738],[115.52886,-0.27758],[115.52848,-0.28326],[115.52894,-0.28877],[115.52773,-0.2912],[115.5266,-0.29952],[115.52886,-0.30444],[115.53358,-0.30664],[115.53376,-0.30755],[115.5266,-0.3139],[115.524,-0.31782],[115.52537,-0.32068],[115.51881,-0.32746],[115.51669,-0.33067],[115.52005,-0.33388],[115.5204,-0.33637],[115.52536,-0.34386],[115.52359,-0.34529],[115.52341,-0.3485],[115.52518,-0.35117],[115.52625,-0.35188],[115.52607,-0.35527],[115.52093,-0.35812],[115.52093,-0.3674],[115.51969,-0.36847],[115.51881,-0.36846],[115.51615,-0.3715],[115.51609,-0.37328],[115.51911,-0.37679],[115.5201,-0.37555],[115.5223,-0.37561],[115.52271,-0.37865],[115.52236,-0.37888],[115.52177,-0.37584],[115.51986,-0.37632],[115.51968,-0.37697],[115.52187,-0.38],[115.52436,-0.3813],[115.52675,-0.3812],[115.52725,-0.38241],[115.53123,-0.38161],[115.53921,-0.37348],[115.5406,-0.37308],[115.5418,-0.37469],[115.5412,-0.37669],[115.5415,-0.3803],[115.54468,-0.3806],[115.54598,-0.38141],[115.54658,-0.38341],[115.55046,-0.38331],[115.55215,-0.38482],[115.55365,-0.38341],[115.55574,-0.38281],[115.56231,-0.38367],[115.56247,-0.38491],[115.56347,-0.38574],[115.56394,-0.38586],[115.56454,-0.38467],[115.56579,-0.38467],[115.56609,-0.38615],[115.56734,-0.38698],[115.5678,-0.38453],[115.56568,-0.37646],[115.57397,-0.3243],[115.59696,-0.28546],[115.59541,-0.28291],[115.59472,-0.27942],[115.59385,-0.27855],[115.58914,-0.27872],[115.58896,-0.28039],[115.58739,-0.28258],[115.58504,-0.28171],[115.5846,-0.2796],[115.58094,-0.28206],[115.57902,-0.281],[115.57855,-0.27919],[115.57613,-0.27663],[115.5771,-0.27064],[115.57989,-0.26871],[115.586,-0.26906],[115.58766,-0.26555],[115.58931,-0.26751],[115.59202,-0.26766],[115.59533,-0.26366],[115.59587,-0.26092],[115.59849,-0.26144],[115.60141,-0.26664],[115.60381,-0.26865],[115.60452,-0.27253],[115.62057,-0.24567]],[[115.53567,-0.29809],[115.53532,-0.29635],[115.53656,-0.29369],[115.53647,-0.29126],[115.53763,-0.28956],[115.53986,-0.28812],[115.54467,-0.28976],[115.54825,-0.29288],[115.55093,-0.29378],[115.55272,-0.29522],[115.55343,-0.29873],[115.55204,-0.30026],[115.54957,-0.29967],[115.5479,-0.29801],[115.54575,-0.30019],[115.54164,-0.29881],[115.53745,-0.29926],[115.53567,-0.29809]]],[[[115.55781,-0.06291],[115.55787,-0.06154],[115.55971,-0.05952],[115.56524,-0.05619],[115.57143,-0.05339],[115.58232,-0.04328],[115.58427,-0.03982],[115.58566,-0.0353],[115.58678,-0.02496],[115.55734,-0.025],[115.54488,-0.03536],[115.53775,-0.04215],[115.53683,-0.04695],[115.5401,-0.04884],[115.53925,-0.05017],[115.54005,-0.0507],[115.53939,-0.05179],[115.54086,-0.05265],[115.5402,-0.05389],[115.54091,-0.05436],[115.54015,-0.0555],[115.54124,-0.05608],[115.53939,-0.05893],[115.54024,-0.05936],[115.53944,-0.0606],[115.5402,-0.06117],[115.53939,-0.06236],[115.5402,-0.06288],[115.53958,-0.06398],[115.53699,-0.06281],[115.50853,-0.07813],[115.49673,-0.08375],[115.47817,-0.09984],[115.47588,-0.09622],[115.47569,-0.09451],[115.47217,-0.08651],[115.46756,-0.08117],[115.45533,-0.07163],[115.44682,-0.07163],[115.44681,-0.08623],[115.43247,-0.08623],[115.43398,-0.08672],[115.43926,-0.09157],[115.4469,-0.095],[115.45175,-0.10007],[115.45553,-0.10021],[115.46489,-0.10299],[115.46617,-0.10635],[115.46767,-0.10842],[115.46731,-0.10906],[115.45925,-0.11563],[115.45825,-0.11599],[115.45311,-0.11549],[115.44754,-0.11877],[115.4399,-0.12084],[115.43341,-0.12091],[115.43169,-0.12191],[115.42777,-0.12263],[115.40802,-0.1339],[115.39702,-0.13717],[115.39101,-0.14062],[115.38827,-0.14306],[115.38553,-0.14764],[115.38167,-0.16263],[115.37863,-0.16685],[115.37842,-0.17056],[115.39029,-0.1682],[115.40576,-0.16017],[115.42057,-0.15446],[115.42843,-0.14976],[115.43943,-0.14143],[115.44365,-0.13935],[115.45091,-0.13709],[115.45805,-0.13316],[115.46715,-0.12567],[115.47191,-0.12263],[115.49451,-0.11139],[115.50885,-0.10616],[115.52039,-0.09967],[115.52378,-0.09705],[115.54538,-0.08736],[115.55995,-0.08004],[115.5612,-0.07868],[115.56162,-0.07538],[115.55995,-0.07118],[115.55781,-0.06291]],[[115.39732,-0.16009],[115.39679,-0.15682],[115.39803,-0.15355],[115.40196,-0.14921],[115.40779,-0.14576],[115.41784,-0.14278],[115.4317,-0.13446],[115.4339,-0.13356],[115.43438,-0.13398],[115.39798,-0.16039],[115.39732,-0.16009]]]]}},{"type":"Feature","properties":{"inventoryId":"big-oil-palm-kutai-barat:30","sector":"Sawit","subtype":"Izin Lokasi Sawit","quality":"OFFICIAL","sourceDataset":"big-oil-palm-kutai-barat","sourceRecordId":"30","source":"BIG Kebijakan Satu Peta","sourceUrl":"https://kspservices.big.go.id/satupeta/rest/services/PUBLIK/PERIZINAN_DAN_PERTANAHAN/MapServer/36","retrievedAt":"2026-08-24T23:55:27Z","geometryProcessing":"web display simplification tolerance 0.00035 degrees","name":"PT. Kalimantan Agro Makmur","group":"Borneo Agri Group","issuer":"Bupati","permitNumber":"525.29/K.440/2016","permitDate":"2016-03-07","areaHa":17836.0,"village":"Abit, Sakaq Tada, Sakaq Lotoq, Muyub Hulu, Muyub Ilir, Muara Batuq","subdistrict":"Mook Manaart Bulant, Tering","district":"Kutai Barat","status":"aktif","coverageCaveat":"BIG public plantation location layer covers selected districts only; it is not complete Indonesia-wide plantation coverage.","region":"kalimantan"},"geometry":{"type":"MultiPolygon","coordinates":[[[[115.94247,-0.14704],[115.94163,-0.14823],[115.93792,-0.14924],[115.93243,-0.14866],[115.93112,-0.14928],[115.93036,-0.15554],[115.93063,-0.16069],[115.92973,-0.16364],[115.92361,-0.1681],[115.91686,-0.17023],[115.90387,-0.1788],[115.90177,-0.18397],[115.90001,-0.18623],[115.89719,-0.18688],[115.89331,-0.18669],[115.89028,-0.18897],[115.8986,-0.19776],[115.90306,-0.20083],[115.90689,-0.20172],[115.92646,-0.20515],[115.93072,-0.20538],[115.94634,-0.20848],[115.96629,-0.21105],[115.97828,-0.2115],[115.99804,-0.20866],[116.01806,-0.20778],[116.02079,-0.2],[116.01758,-0.19275],[116.01765,-0.18845],[116.01848,-0.18509],[116.01833,-0.18083],[115.94247,-0.14704]]],[[[116.07583,-0.21889],[116.06394,-0.20173],[116.06306,-0.19361],[116.04597,-0.2163],[116.03833,-0.22083],[116.03728,-0.21471],[116.03472,-0.21278],[116.01306,-0.22722],[116.01061,-0.23832],[116.01306,-0.25167],[116.02589,-0.26867],[116.03528,-0.27361],[116.04222,-0.26861],[116.04833,-0.25528],[116.07556,-0.23167],[116.07583,-0.21889]]],[[[115.89799,-0.17978],[115.89897,-0.17607],[115.9025,-0.17284],[115.90747,-0.1709],[115.91056,-0.168],[115.91395,-0.1662],[115.91995,-0.16512],[115.92574,-0.16237],[115.92571,-0.15438],[115.92725,-0.14886],[115.92833,-0.14071],[115.87167,-0.11528],[115.84694,-0.14083],[115.85265,-0.14844],[115.86718,-0.16055],[115.8816,-0.17691],[115.88793,-0.18514],[115.89166,-0.18271],[115.8965,-0.18295],[115.89799,-0.17978]]],[[[115.83236,0.04349],[115.83129,0.04275],[115.82815,0.04271],[115.82726,0.04214],[115.82473,0.04002],[115.82473,0.03729],[115.82402,0.03579],[115.82066,0.03535],[115.8186,0.03378],[115.81681,0.03367],[115.81574,0.03482],[115.81553,0.03658],[115.81396,0.0383],[115.8125,0.03851],[115.80704,0.03798],[115.80376,0.03697],[115.80219,0.0364],[115.8002,0.03431],[115.79799,0.03309],[115.79517,0.03263],[115.79314,0.0332],[115.79032,0.03162],[115.78479,0.03395],[115.7814,0.03474],[115.77965,0.03219],[115.77683,0.03213],[115.77436,0.03042],[115.77082,0.03],[115.76978,0.02782],[115.76984,0.02519],[115.7686,0.02321],[115.76735,0.02258],[115.76503,0.02261],[115.76233,0.02459],[115.76019,0.02318],[115.75938,0.02157],[115.76051,0.02109],[115.76111,0.01908],[115.76007,0.01819],[115.75924,0.01831],[115.75757,0.01681],[115.75537,0.01681],[115.75499,0.01591],[115.75362,0.01522],[115.75231,0.0084],[115.75279,0.00661],[115.75202,0.00523],[115.7494,0.00368],[115.74455,-0.00055],[115.76111,-0.01611],[115.76455,-0.00728],[115.7677,-0.00273],[115.76758,0.00301],[115.76859,0.00373],[115.76861,0.00667],[115.76978,0.0087],[115.77203,0.01085],[115.77691,0.0127],[115.78303,0.013],[115.78743,0.01492],[115.81528,0.01778],[115.8185,0.01923],[115.80763,0.01934],[115.80758,0.02636],[115.81592,0.02629],[115.81592,0.02414],[115.82478,0.02411],[115.82479,0.02206],[115.82992,0.02437],[115.835,0.02778],[115.83551,0.03083],[115.83788,0.03628],[115.83776,0.03819],[115.83639,0.04111],[115.83236,0.04349]]],[[[115.69917,0.04528],[115.67417,0.04528],[115.67172,0.04208],[115.67183,0.04039],[115.67081,0.04011],[115.6705,0.03714],[115.66931,0.03628],[115.66917,0.03444],[115.69444,0.03583],[115.70111,0.03472],[115.7137,0.02302],[115.7242,0.01452],[115.73028,0.01],[115.73806,0.00556],[115.74283,0.00107],[115.74597,0.005],[115.7473,0.00557],[115.74925,0.00533],[115.75048,0.00629],[115.74996,0.00897],[115.75096,0.01022],[115.75162,0.01543],[115.75357,0.0184],[115.75681,0.01907],[115.7559,0.02075],[115.75581,0.02194],[115.75638,0.02271],[115.76061,0.0264],[115.76194,0.02659],[115.76427,0.02616],[115.76532,0.02458],[115.76693,0.02415],[115.76693,0.02568],[115.76769,0.02596],[115.76779,0.02668],[115.76717,0.02778],[115.76736,0.02965],[115.77017,0.03171],[115.77259,0.03152],[115.77506,0.03209],[115.77391,0.03949],[115.7649,0.03879],[115.75611,0.03694],[115.74785,0.03247],[115.73556,0.02167],[115.69917,0.04528]]],[[[115.82301,0.04183],[115.82776,0.04547],[115.81661,0.04693],[115.81132,0.04663],[115.80246,0.04507],[115.79884,0.04262],[115.78972,0.03806],[115.78327,0.03849],[115.77952,0.03993],[115.77738,0.03976],[115.77741,0.03898],[115.77615,0.03771],[115.77672,0.03649],[115.77661,0.03503],[115.77715,0.03474],[115.77889,0.03537],[115.7791,0.03611],[115.7806,0.03714],[115.78314,0.03697],[115.78935,0.03467],[115.79099,0.03553],[115.79455,0.03549],[115.79733,0.03632],[115.80088,0.03896],[115.80466,0.0403],[115.81562,0.0407],[115.81661,0.04037],[115.81735,0.03716],[115.81828,0.03683],[115.82189,0.03831],[115.82208,0.04039],[115.82301,0.04183]]]]}},{"type":"Feature","properties":{"inventoryId":"big-oil-palm-kutai-kartanegara:29","sector":"Sawit","subtype":"Izin Lokasi Sawit","quality":"OFFICIAL","sourceDataset":"big-oil-palm-kutai-kartanegara","sourceRecordId":"29","source":"BIG Kebijakan Satu Peta","sourceUrl":"https://kspservices.big.go.id/satupeta/rest/services/PUBLIK/PERIZINAN_DAN_PERTANAHAN/MapServer/37","retrievedAt":"2026-08-24T23:55:27Z","geometryProcessing":"web display simplification tolerance 0.00035 degrees","name":"PT. KALPATARU SAWIT PLANTATION","issuer":"Plt. Bupati Kutai Kartanegara","permitNumber":"123/DPN.K/IL-123/XI-2008","permitDate":"2008-11-08","areaHa":20000.0,"village":"Makarti, Prangat Baru, Suka Damai, Tanjung Limau, Salo Cela, Badak Mekar, Badak Baru, Batu - batu dan Tanah Datar","subdistrict":"Muara Badak dan Marangkayu","district":"Kutai Kartanegara","coverageCaveat":"BIG public plantation location layer covers selected districts only; it is not complete Indonesia-wide plantation coverage.","region":"kalimantan"},"geometry":{"type":"Polygon","coordinates":[[[117.26111,-0.18611],[117.26241,-0.2074],[117.2471,-0.23672],[117.2366,-0.27439],[117.23209,-0.28483],[117.23919,-0.29389],[117.23919,-0.32733],[117.33301,-0.32827],[117.33301,-0.32427],[117.38284,-0.32427],[117.38333,-0.20833],[117.35833,-0.20833],[117.35833,-0.2],[117.30972,-0.2],[117.26111,-0.18611]]]}},{"type":"Feature","properties":{"inventoryId":"big-oil-palm-kutai-barat:27","sector":"Sawit","subtype":"Izin Lokasi Sawit","quality":"OFFICIAL","sourceDataset":"big-oil-palm-kutai-barat","sourceRecordId":"27","source":"BIG Kebijakan Satu Peta","sourceUrl":"https://kspservices.big.go.id/satupeta/rest/services/PUBLIK/PERIZINAN_DAN_PERTANAHAN/MapServer/36","retrievedAt":"2026-08-24T23:55:27Z","geometryProcessing":"web display simplification tolerance 0.00035 degrees","name":"PT. Kaltim Hijau Makmur","group":"CT Agro Group","issuer":"Bupati","permitNumber":"525.29/K.1095/2016","permitDate":"2016-12-06","areaHa":14533.85,"village":"Jelmu Sibak, Sambung, Tende, Randa Empas, Tukuq","subdistrict":"Bentian Besar","district":"Kutai Barat","status":"aktif","coverageCaveat":"BIG public plantation location layer covers selected districts only; it is not complete Indonesia-wide plantation coverage.","region":"kalimantan"},"geometry":{"type":"Polygon","coordinates":[[[115.76306,-0.88944],[115.68444,-0.88944],[115.68016,-0.89919],[115.67574,-0.90652],[115.66722,-0.91667],[115.66119,-0.92115],[115.64694,-0.92944],[115.61639,-0.94361],[115.59896,-0.95773],[115.6039,-0.96117],[115.6109,-0.96396],[115.6305,-0.97493],[115.6429,-0.98423],[115.6471,-0.98863],[115.6542,-0.99453],[115.65735,-0.99853],[115.69101,-0.98091],[115.69459,-0.98921],[115.69033,-0.99682],[115.6953,-1.00546],[115.70503,-0.99911],[115.70547,-0.99661],[115.70762,-0.99495],[115.7123,-0.9928],[115.71327,-0.99069],[115.71434,-0.99001],[115.71885,-0.99187],[115.7198,-0.99127],[115.72169,-0.99337],[115.72459,-0.9994],[115.74019,-0.98778],[115.7459,-0.98223],[115.7526,-0.97238],[115.7579,-0.95602],[115.7647,-0.92452],[115.76832,-0.90218],[115.76932,-0.88944],[115.76306,-0.88944]],[[115.75806,-0.92278],[115.75868,-0.91862],[115.76315,-0.91874],[115.76264,-0.9233],[115.7539,-0.95298],[115.74131,-0.94928],[115.75806,-0.92278]]]}},{"type":"Feature","properties":{"inventoryId":"big-oil-palm-kutai-barat:28","sector":"Sawit","subtype":"Izin Lokasi Sawit","quality":"OFFICIAL","sourceDataset":"big-oil-palm-kutai-barat","sourceRecordId":"28","source":"BIG Kebijakan Satu Peta","sourceUrl":"https://kspservices.big.go.id/satupeta/rest/services/PUBLIK/PERIZINAN_DAN_PERTANAHAN/MapServer/36","retrievedAt":"2026-08-24T23:55:27Z","geometryProcessing":"web display simplification tolerance 0.00035 degrees","name":"PT. Kedap Sayaaq Dua","issuer":"Bupati","permitNumber":"525.26/K.797/2006","permitDate":"2006-12-14","areaHa":20000.0,"village":"-","subdistrict":"Mook Manort Bulant","district":"Kutai Barat","status":"aktif","coverageCaveat":"BIG public plantation location layer covers selected districts only; it is not complete Indonesia-wide plantation coverage.","region":"kalimantan"},"geometry":{"type":"Polygon","coordinates":[[[115.78528,-0.04569],[115.77178,-0.038],[115.75367,-0.038],[115.75367,-0.08686],[115.77661,-0.08686],[115.77661,-0.12044],[115.79039,-0.12044],[115.79039,-0.14069],[115.81078,-0.14069],[115.81078,-0.21928],[115.85592,-0.21928],[115.85592,-0.25983],[115.93014,-0.25983],[115.93014,-0.26961],[115.96281,-0.26883],[115.96281,-0.27808],[116.00742,-0.27808],[116.00742,-0.22442],[115.96714,-0.25267],[115.8725,-0.22722],[115.91328,-0.20233],[115.91328,-0.19108],[115.90019,-0.19108],[115.90006,-0.13917],[115.83731,-0.13942],[115.83731,-0.12528],[115.82072,-0.09628],[115.78528,-0.04569]]]}},{"type":"Feature","properties":{"inventoryId":"big-oil-palm-kutai-barat:21","sector":"Sawit","subtype":"Izin Lokasi Sawit","quality":"OFFICIAL","sourceDataset":"big-oil-palm-kutai-barat","sourceRecordId":"21","source":"BIG Kebijakan Satu Peta","sourceUrl":"https://kspservices.big.go.id/satupeta/rest/services/PUBLIK/PERIZINAN_DAN_PERTANAHAN/MapServer/36","retrievedAt":"2026-08-24T23:55:27Z","geometryProcessing":"web display simplification tolerance 0.00035 degrees","name":"PT. Ketapang Agro Lestari","group":"First Resources Group","issuer":"Bupati","permitNumber":"525.29/K.1181/2012","permitDate":"2012-12-31","areaHa":9271.0,"village":"Penawang, Lendian Liang Nayuq","subdistrict":"Siluq Ngurai","district":"Kutai Barat","status":"aktif","coverageCaveat":"BIG public plantation location layer covers selected districts only; it is not complete Indonesia-wide plantation coverage.","region":"kalimantan"},"geometry":{"type":"Polygon","coordinates":[[[115.87083,-0.98194],[115.91,-0.94083],[115.90528,-0.93667],[115.91472,-0.90278],[115.90917,-0.87611],[115.915,-0.79306],[115.86472,-0.79306],[115.87,-0.95417],[115.85806,-0.98611],[115.87083,-0.98194]]]}},{"type":"Feature","properties":{"inventoryId":"big-oil-palm-kutai-barat:17","sector":"Sawit","subtype":"Izin Lokasi Sawit","quality":"OFFICIAL","sourceDataset":"big-oil-palm-kutai-barat","sourceRecordId":"17","source":"BIG Kebijakan Satu Peta","sourceUrl":"https://kspservices.big.go.id/satupeta/rest/services/PUBLIK/PERIZINAN_DAN_PERTANAHAN/MapServer/36","retrievedAt":"2026-08-24T23:55:27Z","geometryProcessing":"web display simplification tolerance 0.00035 degrees","name":"PT. Ketapang Hijau Lestari","issuer":"Bupati","permitNumber":"525.29/K.619/2011","permitDate":"2011-08-03","areaHa":12416.0,"village":"Besiq, Bermai, Muara Niliq, Mantar","subdistrict":"Damai","district":"Kutai Barat","status":"aktif","coverageCaveat":"BIG public plantation location layer covers selected districts only; it is not complete Indonesia-wide plantation coverage.","region":"kalimantan"},"geometry":{"type":"Polygon","coordinates":[[[115.63222,-0.5],[115.55056,-0.5],[115.5375,-0.50556],[115.52028,-0.50778],[115.51667,-0.50183],[115.51667,-0.51667],[115.50639,-0.51667],[115.48278,-0.60556],[115.47583,-0.60806],[115.46,-0.63333],[115.46157,-0.64883],[115.46635,-0.64997],[115.47076,-0.64952],[115.48004,-0.65093],[115.48917,-0.59972],[115.50162,-0.59964],[115.50798,-0.59172],[115.56917,-0.59174],[115.56917,-0.58056],[115.57106,-0.57931],[115.575,-0.56889],[115.57889,-0.56304],[115.58695,-0.55554],[115.59974,-0.54666],[115.6025,-0.54278],[115.60472,-0.54111],[115.60778,-0.53889],[115.60945,-0.53833],[115.61445,-0.53443],[115.62251,-0.53027],[115.62532,-0.52772],[115.62889,-0.52306],[115.62889,-0.52222],[115.63198,-0.52355],[115.63222,-0.5]]]}},{"type":"Feature","properties":{"inventoryId":"big-oil-palm-kutai-barat:23","sector":"Sawit","subtype":"Izin Lokasi Sawit","quality":"OFFICIAL","sourceDataset":"big-oil-palm-kutai-barat","sourceRecordId":"23","source":"BIG Kebijakan Satu Peta","sourceUrl":"https://kspservices.big.go.id/satupeta/rest/services/PUBLIK/PERIZINAN_DAN_PERTANAHAN/MapServer/36","retrievedAt":"2026-08-24T23:55:27Z","geometryProcessing":"web display simplification tolerance 0.00035 degrees","name":"PT. Ketapang Hijau Lestari","issuer":"Bupati","permitNumber":"525.29/K.587/2011","permitDate":"2011-07-27","areaHa":6065.0,"village":"Kelumpang, Karangan, Saka Lotoq, Gemuruh, Gn. Rampah, Abit, Muara Jawaq","subdistrict":"Mook Manort Bulant, Muara Pahu","district":"Kutai Barat","status":"aktif","coverageCaveat":"BIG public plantation location layer covers selected districts only; it is not complete Indonesia-wide plantation coverage.","region":"kalimantan"},"geometry":{"type":"MultiPolygon","coordinates":[[[[115.93283,-0.20807],[115.90982,-0.20444],[115.8725,-0.22722],[115.96714,-0.25267],[116.00488,-0.2262],[116.0045,-0.21041],[115.99328,-0.21077],[115.98009,-0.21308],[115.9721,-0.21375],[115.9458,-0.21053],[115.9375,-0.20842],[115.93283,-0.20807]]],[[[116.0273,-0.26939],[116.0259,-0.25777],[116.0265,-0.25276],[116.03606,-0.23193],[116.0383,-0.22469],[116.0383,-0.2209],[116.03728,-0.21471],[116.03468,-0.21163],[116.00742,-0.22975],[116.00742,-0.27198],[116.02805,-0.27198],[116.0273,-0.26939]]]]}},{"type":"Feature","properties":{"inventoryId":"big-oil-palm-kutai-kartanegara:9","sector":"Sawit","subtype":"Izin Lokasi Sawit","quality":"OFFICIAL","sourceDataset":"big-oil-palm-kutai-kartanegara","sourceRecordId":"9","source":"BIG Kebijakan Satu Peta","sourceUrl":"https://kspservices.big.go.id/satupeta/rest/services/PUBLIK/PERIZINAN_DAN_PERTANAHAN/MapServer/37","retrievedAt":"2026-08-24T23:55:27Z","geometryProcessing":"web display simplification tolerance 0.00035 degrees","name":"PT. KHALEDA AGRO PRIMA MALINDO","issuer":"Bupati Kutai Kartanegara","permitNumber":"50/DPN.K/IL-48/VIII-2006","permitDate":"2006-08-22","areaHa":20000.0,"village":"Puan Cepak dan Sedulang","subdistrict":"Muara Kaman","district":"Kutai Kartanegara","status":"Aktif","coverageCaveat":"BIG public plantation location layer covers selected districts only; it is not complete Indonesia-wide plantation coverage.","region":"kalimantan"},"geometry":{"type":"Polygon","coordinates":[[[116.98931,0.11109],[116.89024,0.11098],[116.88996,-0.05473],[116.96312,-0.05459],[116.9624,-0.051],[116.96171,-0.03008],[116.96233,-0.0196],[116.96944,0.03157],[116.97203,0.04631],[116.97667,0.06498],[116.98048,0.0786],[116.98452,0.09045],[116.98699,0.10278],[116.98931,0.11109]]]}},{"type":"Feature","properties":{"inventoryId":"big-oil-palm-kutai-kartanegara:10","sector":"Sawit","subtype":"Izin Lokasi Sawit","quality":"OFFICIAL","sourceDataset":"big-oil-palm-kutai-kartanegara","sourceRecordId":"10","source":"BIG Kebijakan Satu Peta","sourceUrl":"https://kspservices.big.go.id/satupeta/rest/services/PUBLIK/PERIZINAN_DAN_PERTANAHAN/MapServer/37","retrievedAt":"2026-08-24T23:55:27Z","geometryProcessing":"web display simplification tolerance 0.00035 degrees","name":"PT. KOTA BANGUN PLANTATION","issuer":"Plt. Bupati Kutai Kartanegara","permitNumber":"120/DPN.K/IL-120/XI-2008","permitDate":"2008-11-08","areaHa":18000.0,"village":"Jembayan, Loh Sumber, Bakungan, Jembayan Dalam, Loa Duri Ilir, Loa Duri Ulu dan Jahab","subdistrict":"Loa Kulu, Loa Janan dan Tenggarong","district":"Kutai Kartanegara","coverageCaveat":"BIG public plantation location layer covers selected districts only; it is not complete Indonesia-wide plantation coverage.","region":"kalimantan"},"geometry":{"type":"Polygon","coordinates":[[[116.92995,-0.57865],[116.92995,-0.66712],[117.0,-0.66667],[117.0,-0.65329],[117.06517,-0.65321],[117.0656,-0.6074],[117.0473,-0.6072],[117.01459,-0.58808],[117.00671,-0.57047],[117.01338,-0.54842],[117.01362,-0.52299],[116.99106,-0.52299],[116.99106,-0.50818],[116.98501,-0.5081],[116.98501,-0.47507],[116.96277,-0.47504],[116.96276,-0.49859],[116.97444,-0.52546],[116.95164,-0.53442],[116.9394,-0.54562],[116.9344,-0.56802],[116.92995,-0.57865]]]}},{"type":"Feature","properties":{"inventoryId":"big-oil-palm-kutai-kartanegara:14","sector":"Sawit","subtype":"Izin Lokasi Sawit","quality":"OFFICIAL","sourceDataset":"big-oil-palm-kutai-kartanegara","sourceRecordId":"14","source":"BIG Kebijakan Satu Peta","sourceUrl":"https://kspservices.big.go.id/satupeta/rest/services/PUBLIK/PERIZINAN_DAN_PERTANAHAN/MapServer/37","retrievedAt":"2026-08-24T23:55:27Z","geometryProcessing":"web display simplification tolerance 0.00035 degrees","name":"PT. KOTA BANGUN SAWIT SEJAHTERA","issuer":"Pj. Bupati Kutai Kartanegara","permitNumber":"590/525.29/027/A.Ptn","permitDate":"2009-11-19","areaHa":7500.0,"village":"Liang, Loleng, Kota Bangun Ulu, Kota Bangun Ilir dan Kota Bangun I","subdistrict":"Kota Bangun","district":"Kutai Kartanegara","coverageCaveat":"BIG public plantation location layer covers selected districts only; it is not complete Indonesia-wide plantation coverage.","region":"kalimantan"},"geometry":{"type":"MultiPolygon","coordinates":[[[[116.60619,-0.34328],[116.61086,-0.33795],[116.59053,-0.31461],[116.59019,-0.29195],[116.58719,-0.29061],[116.58253,-0.29028],[116.57319,-0.29061],[116.55819,-0.29261],[116.55819,-0.34261],[116.5322,-0.37094],[116.53786,-0.37661],[116.54586,-0.36994],[116.55586,-0.37328],[116.57637,-0.35816],[116.58089,-0.35305],[116.58992,-0.34595],[116.59386,-0.34661],[116.60253,-0.34595],[116.60619,-0.34328]]],[[[116.66752,-0.24195],[116.66476,-0.2392],[116.66266,-0.23793],[116.65973,-0.23814],[116.65637,-0.24215],[116.64589,-0.24426],[116.64169,-0.24426],[116.63708,-0.24236],[116.63352,-0.24194],[116.62806,-0.24511],[116.61947,-0.25313],[116.61569,-0.25334],[116.61318,-0.25165],[116.61003,-0.25081],[116.60584,-0.25165],[116.59787,-0.25461],[116.59368,-0.25883],[116.592,-0.266],[116.59886,-0.27528],[116.60819,-0.27628],[116.62353,-0.27228],[116.62619,-0.28895],[116.65586,-0.26795],[116.66752,-0.24195]]],[[[116.65129,-0.23155],[116.63786,-0.22295],[116.62915,-0.22549],[116.62407,-0.23118],[116.62068,-0.23316],[116.61586,-0.23395],[116.60819,-0.23295],[116.59486,-0.22595],[116.5746,-0.23941],[116.57372,-0.24736],[116.57939,-0.25454],[116.58586,-0.25962],[116.58983,-0.2644],[116.59095,-0.25629],[116.60185,-0.24806],[116.60794,-0.24764],[116.61213,-0.24806],[116.61674,-0.25165],[116.62031,-0.24827],[116.6266,-0.24363],[116.63016,-0.24004],[116.63561,-0.23941],[116.64568,-0.24194],[116.65427,-0.24025],[116.657,-0.23603],[116.65554,-0.23485],[116.65301,-0.23479],[116.65129,-0.23155]]]]}},{"type":"Feature","properties":{"inventoryId":"big-oil-palm-kutai-kartanegara:17","sector":"Sawit","subtype":"Izin Lokasi Sawit","quality":"OFFICIAL","sourceDataset":"big-oil-palm-kutai-kartanegara","sourceRecordId":"17","source":"BIG Kebijakan Satu Peta","sourceUrl":"https://kspservices.big.go.id/satupeta/rest/services/PUBLIK/PERIZINAN_DAN_PERTANAHAN/MapServer/37","retrievedAt":"2026-08-24T23:55:27Z","geometryProcessing":"web display simplification tolerance 0.00035 degrees","name":"PT. KUTAI AGRO JAYA","issuer":"Pj. Bupati Kutai Kartanegara","permitNumber":"590/525/008/A.Ptn","permitDate":"2009-07-23","areaHa":4300.0,"village":"Kedang Ipil, Sedulang, Benua Baru, Sumber Sari, Suka Bumi dan Kota Bangun I","subdistrict":"Kota Bangun","district":"Kutai Kartanegara","status":"Aktif","coverageCaveat":"BIG public plantation location layer covers selected districts only; it is not complete Indonesia-wide plantation coverage.","region":"kalimantan"},"geometry":{"type":"Polygon","coordinates":[[[116.67837,-0.31893],[116.67393,-0.32098],[116.67167,-0.32061],[116.66063,-0.33322],[116.65819,-0.33125],[116.64075,-0.34763],[116.64444,-0.35474],[116.64659,-0.35617],[116.64687,-0.36257],[116.64159,-0.35892],[116.64111,-0.35478],[116.63643,-0.35207],[116.63397,-0.35462],[116.62134,-0.33849],[116.61218,-0.345],[116.61941,-0.35049],[116.6151,-0.36198],[116.60059,-0.3716],[116.60079,-0.37781],[116.59662,-0.38202],[116.59207,-0.38209],[116.59212,-0.39415],[116.65322,-0.39421],[116.65333,-0.38889],[116.64947,-0.38879],[116.64986,-0.37418],[116.64779,-0.3711],[116.6507,-0.36696],[116.64912,-0.36206],[116.65159,-0.36032],[116.65418,-0.36324],[116.65421,-0.36563],[116.65839,-0.36721],[116.66391,-0.36376],[116.6659,-0.36093],[116.66963,-0.36177],[116.67002,-0.35063],[116.67065,-0.35069],[116.67069,-0.35019],[116.66996,-0.34888],[116.67424,-0.34508],[116.67824,-0.34496],[116.6783,-0.35023],[116.70147,-0.34852],[116.70268,-0.35002],[116.70578,-0.35008],[116.70689,-0.35241],[116.71317,-0.35021],[116.69777,-0.33576],[116.69509,-0.33847],[116.69269,-0.33613],[116.69089,-0.33674],[116.6921,-0.33375],[116.69408,-0.33256],[116.67837,-0.31893]]]}},{"type":"Feature","properties":{"inventoryId":"big-oil-palm-kutai-kartanegara:64","sector":"Sawit","subtype":"Izin Lokasi Sawit","quality":"OFFICIAL","sourceDataset":"big-oil-palm-kutai-kartanegara","sourceRecordId":"64","source":"BIG Kebijakan Satu Peta","sourceUrl":"https://kspservices.big.go.id/satupeta/rest/services/PUBLIK/PERIZINAN_DAN_PERTANAHAN/MapServer/37","retrievedAt":"2026-08-24T23:55:27Z","geometryProcessing":"web display simplification tolerance 0.00035 degrees","name":"PT. KUTAI AGRO JAYA","issuer":"Bupati Kutai Kartanegara","permitNumber":"590/525.29/020/A.Ptn","permitDate":"2014-12-30","areaHa":1413.0,"village":"Kedang Murung, Suka Bumi, Sumbersari, SP1 dan Lebaho Ulaq","subdistrict":"Kota Bangun dan Muara Kaman","district":"Kutai Kartanegara","status":"Aktif","coverageCaveat":"BIG public plantation location layer covers selected districts only; it is not complete Indonesia-wide plantation coverage.","region":"kalimantan"},"geometry":{"type":"MultiPolygon","coordinates":[[[[116.65887,-0.32927],[116.65737,-0.32758],[116.65675,-0.32413],[116.65375,-0.3251],[116.64484,-0.33152],[116.64003,-0.33284],[116.63479,-0.33777],[116.6243,-0.34023],[116.61897,-0.33933],[116.63392,-0.35468],[116.6363,-0.35199],[116.64111,-0.35478],[116.64156,-0.35865],[116.64687,-0.36257],[116.64659,-0.35617],[116.64444,-0.35474],[116.64075,-0.34763],[116.65595,-0.33336],[116.65616,-0.33249],[116.65885,-0.33046],[116.66059,-0.33009],[116.65966,-0.33158],[116.66035,-0.33201],[116.66063,-0.33322],[116.66382,-0.32959],[116.65936,-0.32983],[116.65887,-0.32927]]],[[[116.71465,-0.35147],[116.7126,-0.34979],[116.70613,-0.35246],[116.7091,-0.35254],[116.70908,-0.35474],[116.70774,-0.35908],[116.70683,-0.36027],[116.70799,-0.3617],[116.709,-0.35955],[116.71019,-0.35918],[116.71108,-0.36277],[116.7094,-0.36487],[116.70943,-0.36584],[116.71003,-0.36632],[116.70978,-0.36785],[116.71166,-0.3681],[116.71241,-0.36989],[116.71337,-0.37044],[116.7139,-0.37006],[116.71341,-0.37139],[116.71136,-0.37307],[116.71144,-0.37446],[116.71033,-0.37447],[116.71026,-0.38014],[116.71527,-0.38099],[116.71724,-0.37925],[116.7143,-0.37796],[116.7169,-0.37177],[116.71771,-0.37208],[116.72013,-0.36575],[116.72222,-0.36645],[116.72208,-0.36333],[116.72266,-0.36116],[116.72142,-0.36013],[116.7209,-0.3567],[116.71465,-0.35147]]],[[[116.69974,-0.34931],[116.70111,-0.34876],[116.68559,-0.34982],[116.68882,-0.35033],[116.69443,-0.34938],[116.69569,-0.34972],[116.69974,-0.34931]]],[[[116.67824,-0.34496],[116.67429,-0.34509],[116.66987,-0.34848],[116.67069,-0.35019],[116.67065,-0.35069],[116.67002,-0.35063],[116.66963,-0.36177],[116.6659,-0.36093],[116.66465,-0.3627],[116.66545,-0.36325],[116.67194,-0.36326],[116.67212,-0.35353],[116.67571,-0.35314],[116.67967,-0.35483],[116.68018,-0.35463],[116.68099,-0.35162],[116.68408,-0.34991],[116.6783,-0.35023],[116.67824,-0.34496]]],[[[116.61505,-0.3621],[116.61941,-0.35049],[116.6121,-0.34494],[116.60823,-0.34784],[116.60557,-0.35124],[116.60033,-0.35179],[116.60056,-0.37159],[116.61505,-0.3621]]]]}},{"type":"Feature","properties":{"inventoryId":"big-oil-palm-kutai-barat:31","sector":"Sawit","subtype":"Izin Lokasi Sawit","quality":"OFFICIAL","sourceDataset":"big-oil-palm-kutai-barat","sourceRecordId":"31","source":"BIG Kebijakan Satu Peta","sourceUrl":"https://kspservices.big.go.id/satupeta/rest/services/PUBLIK/PERIZINAN_DAN_PERTANAHAN/MapServer/36","retrievedAt":"2026-08-24T23:55:27Z","geometryProcessing":"web display simplification tolerance 0.00035 degrees","name":"PT. Kutai Agro Lestari","group":"CT Agro Group","issuer":"Bupati","permitNumber":"525.29/K.1096/2016","permitDate":"2016-12-06","areaHa":15976.55,"village":"Penarong, Dilang Puti, Suakong, Jelmu Sibak","subdistrict":"Bentian Besar","district":"Kutai Barat","status":"aktif","coverageCaveat":"BIG public plantation location layer covers selected districts only; it is not complete Indonesia-wide plantation coverage.","region":"kalimantan"},"geometry":{"type":"MultiPolygon","coordinates":[[[[115.70708,-0.88944],[115.76893,-0.88944],[115.77145,-0.86841],[115.774,-0.85376],[115.7737,-0.83568],[115.7741,-0.82778],[115.7772,-0.81058],[115.77667,-0.78139],[115.77944,-0.70694],[115.76306,-0.67278],[115.7525,-0.62889],[115.75137,-0.61939],[115.75194,-0.615],[115.74167,-0.615],[115.74166,-0.61973],[115.73278,-0.61972],[115.73277,-0.62412],[115.69861,-0.62417],[115.69889,-0.6275],[115.7375,-0.71139],[115.72833,-0.75028],[115.75806,-0.73583],[115.75664,-0.73847],[115.75652,-0.74099],[115.7571,-0.74338],[115.75915,-0.74544],[115.75904,-0.74755],[115.76111,-0.74833],[115.76166,-0.75222],[115.76566,-0.75444],[115.76778,-0.75972],[115.76326,-0.75939],[115.75936,-0.7615],[115.75746,-0.76519],[115.75735,-0.76836],[115.75933,-0.76956],[115.75889,-0.77111],[115.75306,-0.77528],[115.74906,-0.77429],[115.74333,-0.77111],[115.7395,-0.77009],[115.73639,-0.77093],[115.73022,-0.7678],[115.72833,-0.76889],[115.725,-0.76833],[115.7226,-0.77764],[115.72514,-0.81259],[115.7242,-0.82103],[115.72219,-0.82961],[115.71889,-0.84],[115.71139,-0.85139],[115.70306,-0.86083],[115.70292,-0.87003],[115.71597,-0.87591],[115.71667,-0.87889],[115.71619,-0.88186],[115.70944,-0.88444],[115.70708,-0.88944]]],[[[115.70111,-0.88694],[115.69855,-0.88581],[115.69962,-0.87885],[115.69861,-0.87333],[115.7001,-0.86324],[115.69111,-0.87056],[115.68639,-0.88278],[115.68444,-0.88944],[115.70708,-0.88944],[115.70111,-0.88694]]]]}},{"type":"Feature","properties":{"inventoryId":"big-oil-palm-kutai-kartanegara:20","sector":"Sawit","subtype":"Izin Lokasi Sawit","quality":"OFFICIAL","sourceDataset":"big-oil-palm-kutai-kartanegara","sourceRecordId":"20","source":"BIG Kebijakan Satu Peta","sourceUrl":"https://kspservices.big.go.id/satupeta/rest/services/PUBLIK/PERIZINAN_DAN_PERTANAHAN/MapServer/37","retrievedAt":"2026-08-24T23:55:27Z","geometryProcessing":"web display simplification tolerance 0.00035 degrees","name":"PT. KUTAI INTI UTAMA","issuer":"Plt. Bupati Kutai Kartanegara","permitNumber":"30/DPN.K/IL.3-/V-2008","permitDate":"2008-05-22","areaHa":21000.0,"village":"Loa Duri Ulu, Tani Bhakti, Batuah, Bukit Raya, Samboja Kuala, Sanipah, Teluk Dalam dan Muara Jawa Ilir","subdistrict":"Loa Janan, Samboja dan Muara Jawa","district":"Kutai Kartanegara","coverageCaveat":"BIG public plantation location layer covers selected districts only; it is not complete Indonesia-wide plantation coverage.","region":"kalimantan"},"geometry":{"type":"MultiPolygon","coordinates":[[[[117.09584,-0.75243],[117.09584,-0.66912],[117.11294,-0.64235],[117.07019,-0.60601],[117.07019,-0.65669],[117.01131,-0.65669],[117.00656,-0.67677],[117.02365,-0.73605],[117.02365,-0.7676],[117.07115,-0.7676],[117.08159,-0.78481],[117.09584,-0.78481],[117.09584,-0.75243]]],[[[117.19273,-0.83453],[117.14903,-0.83453],[117.13669,-0.85461],[117.11864,-0.8527],[117.10819,-0.88139],[117.11769,-0.88234],[117.11864,-0.92346],[117.06545,-0.92824],[117.05215,-0.94832],[117.02175,-0.95119],[117.00941,-0.96075],[117.00751,-0.98274],[117.03536,-0.99366],[117.06482,-0.95943],[117.06163,-0.95352],[117.07376,-0.94569],[117.08796,-0.96343],[117.15664,-0.91485],[117.16898,-0.88234],[117.19273,-0.88234],[117.19273,-0.83453]]]]}},{"type":"Feature","properties":{"inventoryId":"big-oil-palm-kutai-kartanegara:30","sector":"Sawit","subtype":"Izin Lokasi Sawit","quality":"OFFICIAL","sourceDataset":"big-oil-palm-kutai-kartanegara","sourceRecordId":"30","source":"BIG Kebijakan Satu Peta","sourceUrl":"https://kspservices.big.go.id/satupeta/rest/services/PUBLIK/PERIZINAN_DAN_PERTANAHAN/MapServer/37","retrievedAt":"2026-08-24T23:55:27Z","geometryProcessing":"web display simplification tolerance 0.00035 degrees","name":"PT. KUTAI SAWIT PLANTATION","issuer":"Plt. Bupati Kutai Kartanegara","permitNumber":"124/DPN.K/IL.124/XI-2008","permitDate":"2008-11-08","areaHa":20000.0,"village":"Sebuntal, Semangko, Santan Ulu, Prangat Baru, Makarti, Prangat Selatan dan Tanjung Limau","subdistrict":"Muara Badak dan Marangkayu","district":"Kutai Kartanegara","coverageCaveat":"BIG public plantation location layer covers selected districts only; it is not complete Indonesia-wide plantation coverage.","region":"kalimantan"},"geometry":{"type":"MultiPolygon","coordinates":[[[[117.39866,-0.0114],[117.39714,-0.00769],[117.39823,-0.00602],[117.38611,0.0],[117.35694,0.0],[117.34028,-0.06667],[117.31667,-0.1],[117.29051,-0.10354],[117.28979,-0.12563],[117.29975,-0.15528],[117.2931,-0.16124],[117.26943,-0.17054],[117.25723,-0.17427],[117.25982,-0.18618],[117.26114,-0.18654],[117.26111,-0.18611],[117.30972,-0.2],[117.35833,-0.2],[117.36354,-0.19132],[117.37083,-0.16842],[117.37083,-0.15],[117.36409,-0.14709],[117.36224,-0.14188],[117.36298,-0.13332],[117.36944,-0.12778],[117.38611,-0.07361],[117.41795,-0.07361],[117.41901,-0.07102],[117.43492,-0.07065],[117.43493,-0.03966],[117.43611,-0.04027],[117.43611,-0.025],[117.4315,-0.02508],[117.4303,-0.02428],[117.43116,-0.02255],[117.43209,-0.02215],[117.43196,-0.02141],[117.42977,-0.02281],[117.42726,-0.01901],[117.4258,-0.01995],[117.42527,-0.01948],[117.4254,-0.01868],[117.42288,-0.01614],[117.42169,-0.01688],[117.42202,-0.01821],[117.42093,-0.01868],[117.41957,-0.01728],[117.41851,-0.01895],[117.41649,-0.01957],[117.41407,-0.01908],[117.41367,-0.01835],[117.41546,-0.01561],[117.41506,-0.01514],[117.41427,-0.01621],[117.41354,-0.01581],[117.41155,-0.01454],[117.41043,-0.01241],[117.41003,-0.01381],[117.40784,-0.01474],[117.40658,-0.01434],[117.40745,-0.01274],[117.40634,-0.01302],[117.40519,-0.01134],[117.4038,-0.01294],[117.40241,-0.01354],[117.4021,-0.01153],[117.40044,-0.01051],[117.39968,-0.01153],[117.39866,-0.0114]]],[[[117.23883,0.0218],[117.23626,0.02065],[117.22978,0.01521],[117.21681,-0.00274],[117.20978,-0.00655],[117.20384,-0.01852],[117.2033,-0.02559],[117.19565,-0.04288],[117.19411,-0.05225],[117.19627,-0.05497],[117.20546,-0.05661],[117.21464,-0.0479],[117.22275,-0.04192],[117.2314,-0.03756],[117.24004,-0.03103],[117.24707,-0.02451],[117.24761,-0.01308],[117.25301,-0.00492],[117.26004,-0.00383],[117.27139,0.00161],[117.27949,0.00977],[117.28274,0.01575],[117.28219,0.02011],[117.27517,0.02119],[117.26681,0.01589],[117.2599,0.01693],[117.25437,0.01867],[117.24816,0.01886],[117.24297,0.0152],[117.23883,0.0218]]]]}},{"type":"Feature","properties":{"inventoryId":"big-oil-palm-paser:20","sector":"Sawit","subtype":"Izin Lokasi Sawit","quality":"OFFICIAL","sourceDataset":"big-oil-palm-paser","sourceRecordId":"20","source":"BIG Kebijakan Satu Peta","sourceUrl":"https://kspservices.big.go.id/satupeta/rest/services/PUBLIK/PERIZINAN_DAN_PERTANAHAN/MapServer/39","retrievedAt":"2026-08-24T23:55:27Z","geometryProcessing":"web display simplification tolerance 0.00035 degrees","name":"PT. LANGGAI AGRINDO AGUNG","group":"Tidak ada","issuer":"Bupati Paser","permitNumber":"503/04/PEM-SILP/III/2011","permitDate":"2011-03-07","areaHa":1328.12,"village":"Langgai","subdistrict":"Batu Engau","district":"Paser","status":"Aktif","coverageCaveat":"BIG public plantation location layer covers selected districts only; it is not complete Indonesia-wide plantation coverage.","region":"kalimantan"},"geometry":{"type":"Polygon","coordinates":[[[116.30966,-2.0678],[116.31971,-2.06779],[116.31903,-2.09164],[116.31425,-2.09297],[116.31339,-2.12311],[116.3168,-2.12353],[116.3216,-2.11805],[116.33904,-2.10457],[116.33806,-2.09635],[116.33523,-2.08572],[116.33676,-2.08287],[116.33192,-2.07755],[116.33159,-2.07206],[116.32735,-2.06156],[116.32596,-2.06147],[116.32255,-2.05844],[116.30942,-2.05672],[116.30966,-2.0678]]]}},{"type":"Feature","properties":{"inventoryId":"big-oil-palm-paser:8","sector":"Sawit","subtype":"Izin Lokasi Sawit","quality":"OFFICIAL","sourceDataset":"big-oil-palm-paser","sourceRecordId":"8","source":"BIG Kebijakan Satu Peta","sourceUrl":"https://kspservices.big.go.id/satupeta/rest/services/PUBLIK/PERIZINAN_DAN_PERTANAHAN/MapServer/39","retrievedAt":"2026-08-24T23:55:27Z","geometryProcessing":"web display simplification tolerance 0.00035 degrees","name":"PT. LANGGAI AGRINDO AGUNG","group":"Tidak ada","issuer":"Bupati Paser","permitNumber":"503/15/PEM-SILP/X/2010","permitDate":"2010-10-07","areaHa":1805.0,"village":"Langgai","subdistrict":"Batu Engau","district":"Paser","status":"Aktif","coverageCaveat":"BIG public plantation location layer covers selected districts only; it is not complete Indonesia-wide plantation coverage.","region":"kalimantan"},"geometry":{"type":"Polygon","coordinates":[[[116.3071,-2.12982],[116.30858,-2.12344],[116.31339,-2.12311],[116.31425,-2.09297],[116.31903,-2.09164],[116.31971,-2.06779],[116.30966,-2.0678],[116.30931,-2.09431],[116.28327,-2.09433],[116.30413,-2.13009],[116.3071,-2.12982]]]}},{"type":"Feature","properties":{"inventoryId":"big-oil-palm-paser:22","sector":"Sawit","subtype":"Izin Lokasi Sawit","quality":"OFFICIAL","sourceDataset":"big-oil-palm-paser","sourceRecordId":"22","source":"BIG Kebijakan Satu Peta","sourceUrl":"https://kspservices.big.go.id/satupeta/rest/services/PUBLIK/PERIZINAN_DAN_PERTANAHAN/MapServer/39","retrievedAt":"2026-08-24T23:55:27Z","geometryProcessing":"web display simplification tolerance 0.00035 degrees","name":"PT. LANGGENG MUARA MAKMUR","group":"Minamas Group","issuer":"Bupati Paser","permitNumber":"503/05/PEM-SILP/IV/2015","permitDate":"2015-04-22","areaHa":1162.22,"village":"Segendang, Keladen","subdistrict":"Tanjung Harapan","district":"Paser","status":"Aktif","coverageCaveat":"BIG public plantation location layer covers selected districts only; it is not complete Indonesia-wide plantation coverage.","region":"kalimantan"},"geometry":{"type":"Polygon","coordinates":[[[116.39592,-2.34037],[116.38069,-2.3396],[116.38068,-2.36013],[116.40609,-2.3701],[116.42205,-2.37478],[116.42236,-2.34973],[116.39583,-2.34493],[116.39592,-2.34037]]]}},{"type":"Feature","properties":{"inventoryId":"big-oil-palm-paser:9","sector":"Sawit","subtype":"Izin Lokasi Sawit","quality":"OFFICIAL","sourceDataset":"big-oil-palm-paser","sourceRecordId":"9","source":"BIG Kebijakan Satu Peta","sourceUrl":"https://kspservices.big.go.id/satupeta/rest/services/PUBLIK/PERIZINAN_DAN_PERTANAHAN/MapServer/39","retrievedAt":"2026-08-24T23:55:27Z","geometryProcessing":"web display simplification tolerance 0.00035 degrees","name":"PT. LANGGENG MUARA MAKMUR","group":"Minamas Group","issuer":"BPN Pasir","permitNumber":"460,1/24/BPN-PSR/1995","permitDate":"1995-11-22","areaHa":795.0,"village":"Lomu","subdistrict":"Tanjung Aru","district":"Paser","status":"Aktif","sourceRemark":"Saat penerbitan Ilok masih Kabupaten Pasir","coverageCaveat":"BIG public plantation location layer covers selected districts only; it is not complete Indonesia-wide plantation coverage.","region":"kalimantan"},"geometry":{"type":"Polygon","coordinates":[[[116.38069,-2.3396],[116.36514,-2.33404],[116.34549,-2.34146],[116.33535,-2.34339],[116.35573,-2.34614],[116.38068,-2.36013],[116.38069,-2.3396]]]}},{"type":"Feature","properties":{"inventoryId":"big-oil-palm-kutai-barat:32","sector":"Sawit","subtype":"Izin Lokasi Sawit","quality":"OFFICIAL","sourceDataset":"big-oil-palm-kutai-barat","sourceRecordId":"32","source":"BIG Kebijakan Satu Peta","sourceUrl":"https://kspservices.big.go.id/satupeta/rest/services/PUBLIK/PERIZINAN_DAN_PERTANAHAN/MapServer/36","retrievedAt":"2026-08-24T23:55:27Z","geometryProcessing":"web display simplification tolerance 0.00035 degrees","name":"PT. Lembah Sawit Subur","group":"CT Agro Group","issuer":"Bupati","permitNumber":"525.29/K.649/2012","permitDate":"2012-07-25","areaHa":4004.0,"village":"Bigung Baru, Linggang Melapeh, Melapeh Baru, Kelubaq, Tering Seberang, Balok Asa","subdistrict":"Linggang Bigung, Tering, Barong Tongkok","district":"Kutai Barat","status":"aktif","coverageCaveat":"BIG public plantation location layer covers selected districts only; it is not complete Indonesia-wide plantation coverage.","region":"kalimantan"},"geometry":{"type":"MultiPolygon","coordinates":[[[[115.61222,-0.07944],[115.56944,-0.07945],[115.56955,-0.12445],[115.59861,-0.12444],[115.59857,-0.13093],[115.60861,-0.13083],[115.62306,-0.10528],[115.61222,-0.07944]]],[[[115.62917,-0.2375],[115.62472,-0.23222],[115.65167,-0.23111],[115.64528,-0.21833],[115.63806,-0.22194],[115.63556,-0.22944],[115.61139,-0.22972],[115.61778,-0.24],[115.61861,-0.24222],[115.62333,-0.2425],[115.62333,-0.24528],[115.61972,-0.24722],[115.61833,-0.25],[115.62222,-0.25583],[115.63028,-0.25583],[115.63056,-0.24528],[115.62778,-0.24528],[115.62917,-0.2375]]],[[[115.55332,-0.13],[115.5225,-0.13],[115.52249,-0.1488],[115.55332,-0.1488],[115.55332,-0.13]]]]}},{"type":"Feature","properties":{"inventoryId":"big-oil-palm-kutai-barat:34","sector":"Sawit","subtype":"Izin Lokasi Sawit","quality":"OFFICIAL","sourceDataset":"big-oil-palm-kutai-barat","sourceRecordId":"34","source":"BIG Kebijakan Satu Peta","sourceUrl":"https://kspservices.big.go.id/satupeta/rest/services/PUBLIK/PERIZINAN_DAN_PERTANAHAN/MapServer/36","retrievedAt":"2026-08-24T23:55:27Z","geometryProcessing":"web display simplification tolerance 0.00035 degrees","name":"PT. Maha Karya Bersama","group":"First Resources Group","issuer":"Bupati","permitNumber":"525.29/K.1125/2013","permitDate":"2013-09-09","areaHa":24638.0,"village":"Damai, Mendika, Jengan Danum, Kaliq, Muhur, Tebisaq, Kelepapak, Dingin, Peninggir","subdistrict":"Damai, Siluq Ngurai, Muara Lawa","district":"Kutai Barat","status":"aktif","coverageCaveat":"BIG public plantation location layer covers selected districts only; it is not complete Indonesia-wide plantation coverage.","region":"kalimantan"},"geometry":{"type":"MultiPolygon","coordinates":[[[[115.88085,-0.33335],[115.84966,-0.33334],[115.84966,-0.38306],[115.83321,-0.38306],[115.8332,-0.39988],[115.81674,-0.39988],[115.81674,-0.42492],[115.79149,-0.42491],[115.79149,-0.43313],[115.75572,-0.43313],[115.76637,-0.45829],[115.78789,-0.46815],[115.7953,-0.47887],[115.79446,-0.48124],[115.79091,-0.48135],[115.78529,-0.48723],[115.80061,-0.49223],[115.82539,-0.45985],[115.83969,-0.46652],[115.85017,-0.46747],[115.85886,-0.46631],[115.8619,-0.47313],[115.87762,-0.46031],[115.89607,-0.43215],[115.92787,-0.4354],[115.91747,-0.46792],[115.89878,-0.48747],[115.88925,-0.4942],[115.90769,-0.50442],[115.92824,-0.47128],[115.95559,-0.47129],[115.95856,-0.4663],[115.96648,-0.4663],[115.977,-0.42805],[115.9973,-0.41447],[115.9973,-0.39992],[115.88084,-0.3999],[115.88085,-0.33335]]],[[[115.73151,-0.36834],[115.7215,-0.36686],[115.70372,-0.36964],[115.68694,-0.36778],[115.68694,-0.44838],[115.68793,-0.44689],[115.68893,-0.44646],[115.69291,-0.44679],[115.69387,-0.44752],[115.69454,-0.45356],[115.70145,-0.45368],[115.70771,-0.45176],[115.70979,-0.45242],[115.71121,-0.4544],[115.71442,-0.45308],[115.71836,-0.45253],[115.72046,-0.45324],[115.72181,-0.45491],[115.72441,-0.45578],[115.72661,-0.45542],[115.72848,-0.44901],[115.73281,-0.44328],[115.7396,-0.42925],[115.74185,-0.42248],[115.74439,-0.4208],[115.74429,-0.41854],[115.74676,-0.41721],[115.75095,-0.41262],[115.75635,-0.39823],[115.75732,-0.39122],[115.76163,-0.38613],[115.75115,-0.37612],[115.73151,-0.36834]]]]}},{"type":"Feature","properties":{"inventoryId":"big-oil-palm-kutai-barat:1","sector":"Sawit","subtype":"Izin Lokasi Sawit","quality":"OFFICIAL","sourceDataset":"big-oil-palm-kutai-barat","sourceRecordId":"1","source":"BIG Kebijakan Satu Peta","sourceUrl":"https://kspservices.big.go.id/satupeta/rest/services/PUBLIK/PERIZINAN_DAN_PERTANAHAN/MapServer/36","retrievedAt":"2026-08-24T23:55:27Z","geometryProcessing":"web display simplification tolerance 0.00035 degrees","name":"PT. Mahakam Hijau Makmur","group":"CT Agro Group","issuer":"Bupati","permitNumber":"525.29/K.647/2012","permitDate":"2012-07-25","areaHa":14700.0,"village":"Muara Bunyut, Tanjung Laong, Gunung Bayan, Dasaq, Jerang Melayu, Beloan, Rembayan, Kampung Baru","subdistrict":"Melak, Muara Pahu, Mook Manort Bulant","district":"Kutai Barat","status":"aktif","coverageCaveat":"BIG public plantation location layer covers selected districts only; it is not complete Indonesia-wide plantation coverage.","region":"kalimantan"},"geometry":{"type":"Polygon","coordinates":[[[115.91733,-0.28523],[115.91972,-0.28256],[115.91545,-0.28293],[115.91575,-0.28462],[115.91503,-0.28673],[115.91183,-0.28804],[115.91032,-0.29018],[115.90869,-0.29082],[115.90554,-0.29062],[115.90426,-0.28964],[115.90439,-0.2856],[115.90365,-0.28395],[115.89139,-0.285],[115.8884,-0.29161],[115.89106,-0.29229],[115.88953,-0.29837],[115.88873,-0.29816],[115.88886,-0.30328],[115.88089,-0.31702],[115.88139,-0.39972],[115.90054,-0.39968],[115.90433,-0.3944],[115.90987,-0.39436],[115.91289,-0.39713],[115.91586,-0.39732],[115.91843,-0.39429],[115.91936,-0.39107],[115.92536,-0.38964],[115.92938,-0.392],[115.92938,-0.37646],[115.93366,-0.37646],[115.93481,-0.37769],[115.93506,-0.37647],[115.93568,-0.37643],[115.93598,-0.3776],[115.93736,-0.37776],[115.93675,-0.37916],[115.93728,-0.37969],[115.93838,-0.3794],[115.94174,-0.37624],[115.94272,-0.37738],[115.94546,-0.37826],[115.94556,-0.38173],[115.94592,-0.38257],[115.94744,-0.38347],[115.9446,-0.38698],[115.94326,-0.39015],[115.94394,-0.39165],[115.9484,-0.39345],[115.95361,-0.39872],[115.95479,-0.3936],[115.95625,-0.39092],[115.95874,-0.38839],[115.96148,-0.38668],[115.96457,-0.38796],[115.96961,-0.39476],[115.9712,-0.39457],[115.97932,-0.3964],[115.98786,-0.38093],[116.01868,-0.38093],[116.02111,-0.37889],[116.07972,-0.37833],[116.07944,-0.33028],[116.05,-0.32972],[116.05,-0.32083],[115.98311,-0.32039],[115.98067,-0.32267],[115.97319,-0.32333],[115.9699,-0.32223],[115.96927,-0.3203],[115.96528,-0.32028],[115.92948,-0.28448],[115.92177,-0.29059],[115.91733,-0.28523]],[[115.89078,-0.31739],[115.89221,-0.31253],[115.89375,-0.31162],[115.89581,-0.31156],[115.90329,-0.31813],[115.90746,-0.32338],[115.90809,-0.32658],[115.90666,-0.32967],[115.90466,-0.32944],[115.90055,-0.32767],[115.89644,-0.32824],[115.89427,-0.33052],[115.89352,-0.33401],[115.89375,-0.3352],[115.89489,-0.33646],[115.89804,-0.33732],[115.89923,-0.33829],[115.89958,-0.3404],[115.89901,-0.34217],[115.89895,-0.34834],[115.90152,-0.35034],[115.90403,-0.3504],[115.90557,-0.35137],[115.90626,-0.35576],[115.90443,-0.35793],[115.90135,-0.35925],[115.89826,-0.35976],[115.89689,-0.36136],[115.89735,-0.36342],[115.90003,-0.36747],[115.90152,-0.36901],[115.90329,-0.36958],[115.90386,-0.37067],[115.90118,-0.37444],[115.90186,-0.37878],[115.90118,-0.381],[115.89986,-0.38198],[115.89609,-0.38238],[115.89507,-0.38295],[115.89461,-0.38654],[115.89381,-0.38797],[115.89244,-0.38843],[115.8897,-0.3878],[115.88741,-0.38797],[115.88524,-0.38934],[115.885,-0.39056],[115.88472,-0.33083],[115.8858,-0.32972],[115.88639,-0.32767],[115.8857,-0.32481],[115.88684,-0.32247],[115.88621,-0.32093],[115.88639,-0.31842],[115.8869,-0.31773],[115.88776,-0.31796],[115.8893,-0.32041],[115.89027,-0.31944],[115.89078,-0.31739]],[[116.01113,-0.34652],[116.01203,-0.34531],[116.01275,-0.34567],[116.01169,-0.34859],[116.00978,-0.34757],[116.01008,-0.34674],[116.01113,-0.34652]],[[116.01394,-0.34774],[116.01389,-0.34712],[116.01476,-0.34821],[116.01741,-0.34909],[116.01578,-0.35028],[116.01429,-0.35028],[116.01332,-0.34987],[116.01286,-0.34803],[116.01394,-0.34774]],[[116.03718,-0.35966],[116.03572,-0.35903],[116.03503,-0.35791],[116.03529,-0.3568],[116.03702,-0.35564],[116.04292,-0.35642],[116.04307,-0.35733],[116.04185,-0.35764],[116.04157,-0.35921],[116.03969,-0.35902],[116.03718,-0.35966]],[[116.05548,-0.35686],[116.05722,-0.35629],[116.05862,-0.35647],[116.06222,-0.35952],[116.06021,-0.36143],[116.05744,-0.3609],[116.05637,-0.35998],[116.056,-0.35861],[116.05403,-0.35752],[116.0543,-0.35686],[116.05548,-0.35686]],[[116.06286,-0.35893],[116.06288,-0.3575],[116.06441,-0.35749],[116.06286,-0.35893]],[[116.01176,-0.36938],[116.01053,-0.36873],[116.00946,-0.36706],[116.00818,-0.3669],[116.00723,-0.36599],[116.00711,-0.36484],[116.00799,-0.36458],[116.00865,-0.3629],[116.00968,-0.36308],[116.0139,-0.36618],[116.01302,-0.36892],[116.01176,-0.36938]],[[116.033,-0.36926],[116.03436,-0.36953],[116.03686,-0.37197],[116.03733,-0.37268],[116.03693,-0.3737],[116.03585,-0.3737],[116.03381,-0.37189],[116.03033,-0.37278],[116.03033,-0.37083],[116.033,-0.36926]],[[116.00241,-0.37366],[116.00244,-0.37425],[116.00393,-0.37448],[116.00385,-0.37561],[116.00299,-0.37588],[116.00102,-0.37518],[116.00064,-0.37432],[116.00064,-0.37265],[116.00143,-0.37156],[116.00263,-0.3725],[116.00375,-0.37154],[116.00373,-0.37333],[116.00241,-0.37366]]]}},{"type":"Feature","properties":{"inventoryId":"big-oil-palm-kutai-kartanegara:1","sector":"Sawit","subtype":"Izin Lokasi Sawit","quality":"OFFICIAL","sourceDataset":"big-oil-palm-kutai-kartanegara","sourceRecordId":"1","source":"BIG Kebijakan Satu Peta","sourceUrl":"https://kspservices.big.go.id/satupeta/rest/services/PUBLIK/PERIZINAN_DAN_PERTANAHAN/MapServer/37","retrievedAt":"2026-08-24T23:55:27Z","geometryProcessing":"web display simplification tolerance 0.00035 degrees","name":"PT. MAHAKAM SAWIT PLANTATION","issuer":"Plt. Bupati Kutai Kartanegara","permitNumber":"122/DPN.K/IL.122/XI-2008","permitDate":"2008-11-08","areaHa":19500.0,"village":"Benua Puhun, Lebaho Ulaq, Selerong, Senoni, Sanggulan, Tanjung Harapan dan Loa Ipuh Darat","subdistrict":"Muara Kaman, Sebulu dan Tenggarong","district":"Kutai Kartanegara","coverageCaveat":"BIG public plantation location layer covers selected districts only; it is not complete Indonesia-wide plantation coverage.","region":"kalimantan"},"geometry":{"type":"Polygon","coordinates":[[[116.79746,-0.28674],[116.79182,-0.28131],[116.78713,-0.27374],[116.78572,-0.26902],[116.79088,-0.25413],[116.79769,-0.23971],[116.76805,-0.23969],[116.76778,-0.30361],[116.76544,-0.31093],[116.76552,-0.31795],[116.76718,-0.32229],[116.76993,-0.32554],[116.77294,-0.32737],[116.77782,-0.3353],[116.77782,-0.33994],[116.77619,-0.34376],[116.77104,-0.34841],[116.76615,-0.34895],[116.75833,-0.3488],[116.76014,-0.42543],[116.7688,-0.43166],[116.77436,-0.4329],[116.77437,-0.43249],[116.78302,-0.4354],[116.79848,-0.44723],[116.79786,-0.46217],[116.80131,-0.47007],[116.79334,-0.484],[116.78333,-0.50694],[116.80154,-0.50385],[116.83433,-0.4952],[116.8613,-0.47653],[116.88056,-0.38333],[116.88056,-0.35833],[116.88889,-0.35],[116.88919,-0.33201],[116.87044,-0.33095],[116.86291,-0.32832],[116.85339,-0.32739],[116.83597,-0.32915],[116.83597,-0.32966],[116.83015,-0.33063],[116.82328,-0.33094],[116.81647,-0.32716],[116.81201,-0.32834],[116.80708,-0.32551],[116.80567,-0.3222],[116.8052,-0.31794],[116.80849,-0.30873],[116.81608,-0.30361],[116.82124,-0.2976],[116.82449,-0.29487],[116.82992,-0.29214],[116.82939,-0.28958],[116.82585,-0.28831],[116.81771,-0.28831],[116.80356,-0.29076],[116.79746,-0.28674]],[[116.83876,-0.33349],[116.84459,-0.33604],[116.84509,-0.34394],[116.84383,-0.35338],[116.83699,-0.35873],[116.82913,-0.3799],[116.81469,-0.3901],[116.8114,-0.39673],[116.80861,-0.40872],[116.80583,-0.41255],[116.80101,-0.41331],[116.79385,-0.4206],[116.7855,-0.42045],[116.77498,-0.4136],[116.77498,-0.40738],[116.77695,-0.40081],[116.77695,-0.39546],[116.77036,-0.39214],[116.7696,-0.38857],[116.77441,-0.38118],[116.78581,-0.36817],[116.78985,-0.35633],[116.7924,-0.35312],[116.80228,-0.34828],[116.81419,-0.34445],[116.82432,-0.33935],[116.83192,-0.33706],[116.83621,-0.33375],[116.83876,-0.33349]]]}},{"type":"Feature","properties":{"inventoryId":"big-oil-palm-kutai-kartanegara:2","sector":"Sawit","subtype":"Izin Lokasi Sawit","quality":"OFFICIAL","sourceDataset":"big-oil-palm-kutai-kartanegara","sourceRecordId":"2","source":"BIG Kebijakan Satu Peta","sourceUrl":"https://kspservices.big.go.id/satupeta/rest/services/PUBLIK/PERIZINAN_DAN_PERTANAHAN/MapServer/37","retrievedAt":"2026-08-24T23:55:27Z","geometryProcessing":"web display simplification tolerance 0.00035 degrees","name":"PT. MALAYA SAWIT KHATULISTIWA","issuer":"Plt. Bupati Kutai Kartanegara","permitNumber":"121/DPN.K/IL.121/XI-2008","permitDate":"2008-11-08","areaHa":19000.0,"village":"Beloro, Sebulu Ulu, Sebulu Modern, Ngadang, Sirbaya, Rapak Lambur, Pondok Labu, Mangkurawang, Maluhu, Loa Ipuh Darat dan Jahab","subdistrict":"Sebulu dan Tenggarong","district":"Kutai Kartanegara","coverageCaveat":"BIG public plantation location layer covers selected districts only; it is not complete Indonesia-wide plantation coverage.","region":"kalimantan"},"geometry":{"type":"MultiPolygon","coordinates":[[[[117.01853,-0.32585],[117.0127,-0.31641],[117.00532,-0.29182],[117.0024,-0.28827],[116.99918,-0.28796],[116.99441,-0.29275],[116.98712,-0.30178],[116.96944,-0.31528],[116.94034,-0.32724],[116.91223,-0.33281],[116.88889,-0.33194],[116.88889,-0.35],[116.88056,-0.35833],[116.88056,-0.38333],[116.86136,-0.47625],[116.89722,-0.45556],[116.925,-0.45556],[116.94444,-0.46111],[116.95694,-0.42639],[116.93056,-0.40972],[116.93611,-0.38056],[116.975,-0.375],[117.00009,-0.35405],[117.00934,-0.3494],[117.01965,-0.3451],[117.02659,-0.34582],[117.04583,-0.35972],[117.05556,-0.32639],[117.02975,-0.3291],[117.01853,-0.32585]]],[[[116.97231,-0.24173],[116.96164,-0.24157],[116.95063,-0.24262],[116.95049,-0.26175],[116.93509,-0.26299],[116.9348,-0.27868],[116.92256,-0.27906],[116.92208,-0.2982],[116.91969,-0.29839],[116.91969,-0.3135],[116.92648,-0.31216],[116.94112,-0.30728],[116.96226,-0.298],[116.97149,-0.28758],[116.97407,-0.28413],[116.97838,-0.27658],[116.98498,-0.27094],[116.98391,-0.25956],[116.98732,-0.2428],[116.98673,-0.24163],[116.97231,-0.24173]]]]}},{"type":"Feature","properties":{"inventoryId":"big-oil-palm-paser:28","sector":"Sawit","subtype":"Izin Lokasi Sawit","quality":"OFFICIAL","sourceDataset":"big-oil-palm-paser","sourceRecordId":"28","source":"BIG Kebijakan Satu Peta","sourceUrl":"https://kspservices.big.go.id/satupeta/rest/services/PUBLIK/PERIZINAN_DAN_PERTANAHAN/MapServer/39","retrievedAt":"2026-08-24T23:55:27Z","geometryProcessing":"web display simplification tolerance 0.00035 degrees","name":"PT. MALINDO AGRO PLANTATION","group":"Tidak ada","issuer":"Bupati Paser","permitNumber":"503/11/PEM-SILP/VI/2010","permitDate":"2010-06-30","areaHa":2500.0,"village":"Mendik dan Bentetualan","subdistrict":"Long Kali","district":"Paser","status":"Aktif","coverageCaveat":"BIG public plantation location layer covers selected districts only; it is not complete Indonesia-wide plantation coverage.","region":"kalimantan"},"geometry":{"type":"Polygon","coordinates":[[[116.36406,-1.39914],[116.36181,-1.4006],[116.34552,-1.40372],[116.33245,-1.41002],[116.32623,-1.40128],[116.31818,-1.40527],[116.31835,-1.40247],[116.31353,-1.40488],[116.31286,-1.40702],[116.31016,-1.41039],[116.30093,-1.41703],[116.30048,-1.41849],[116.30217,-1.42086],[116.30352,-1.42086],[116.3177,-1.41275],[116.3231,-1.41095],[116.32445,-1.41152],[116.32276,-1.42569],[116.3222,-1.42806],[116.31916,-1.42997],[116.31533,-1.43413],[116.30757,-1.43605],[116.30678,-1.441],[116.30768,-1.44291],[116.31005,-1.44516],[116.31196,-1.44595],[116.31657,-1.44662],[116.3186,-1.4482],[116.31871,-1.45023],[116.31972,-1.45124],[116.32456,-1.4509],[116.33154,-1.44865],[116.33548,-1.44955],[116.33604,-1.45034],[116.3393,-1.44786],[116.34144,-1.4401],[116.34875,-1.43807],[116.35393,-1.44404],[116.36248,-1.43481],[116.36248,-1.41973],[116.36445,-1.41733],[116.36406,-1.39914]]]}},{"type":"Feature","properties":{"inventoryId":"big-oil-palm-kutai-kartanegara:3","sector":"Sawit","subtype":"Izin Lokasi Sawit","quality":"OFFICIAL","sourceDataset":"big-oil-palm-kutai-kartanegara","sourceRecordId":"3","source":"BIG Kebijakan Satu Peta","sourceUrl":"https://kspservices.big.go.id/satupeta/rest/services/PUBLIK/PERIZINAN_DAN_PERTANAHAN/MapServer/37","retrievedAt":"2026-08-24T23:55:27Z","geometryProcessing":"web display simplification tolerance 0.00035 degrees","name":"PT. MANUNGGAL ADI JAYA","issuer":"Plt. Bupati Kutai Kartanegara","permitNumber":"19/DPN.K/IL.19/IV-2008","permitDate":"2008-04-10","areaHa":20000.0,"village":"Kahala, Tuana Tuha, Teluk Bingkai, Lamin Pulut dan Lamin Telihan","subdistrict":"Kenohan","district":"Kutai Kartanegara","status":"Aktif","coverageCaveat":"BIG public plantation location layer covers selected districts only; it is not complete Indonesia-wide plantation coverage.","region":"kalimantan"},"geometry":{"type":"Polygon","coordinates":[[[116.23007,0.04724],[116.22461,0.04849],[116.21294,0.05668],[116.20475,0.06164],[116.18935,0.06711],[116.14864,0.07331],[116.13883,0.07294],[116.13461,0.06847],[116.13361,0.06574],[116.13361,0.05407],[116.1351,0.04935],[116.14355,0.04166],[116.15273,0.01906],[116.16192,0.01906],[116.16564,0.01633],[116.16763,0.01286],[116.17061,0.00938],[116.17855,0.00566],[116.19246,0.00566],[116.20164,0.00293],[116.22647,-0.00775],[116.22995,-0.00874],[116.24248,-0.0106],[116.26781,-0.02699],[116.29388,-0.04859],[116.31213,-0.06485],[116.32454,-0.07429],[116.35831,-0.07652],[116.36501,-0.07851],[116.36501,-0.0507],[116.41665,-0.0507],[116.4164,-0.01619],[116.41367,-0.00601],[116.41318,-0.00055],[116.36228,0.04464],[116.35284,0.03322],[116.34374,0.02409],[116.33944,0.02155],[116.31759,0.01931],[116.29202,0.01931],[116.2806,0.0208],[116.2734,0.02378],[116.26818,0.02775],[116.25775,0.03793],[116.24819,0.04414],[116.24174,0.04551],[116.23901,0.047],[116.23007,0.04724]]]}},{"type":"Feature","properties":{"inventoryId":"big-oil-palm-kutai-kartanegara:5","sector":"Sawit","subtype":"Izin Lokasi Sawit","quality":"OFFICIAL","sourceDataset":"big-oil-palm-kutai-kartanegara","sourceRecordId":"5","source":"BIG Kebijakan Satu Peta","sourceUrl":"https://kspservices.big.go.id/satupeta/rest/services/PUBLIK/PERIZINAN_DAN_PERTANAHAN/MapServer/37","retrievedAt":"2026-08-24T23:55:27Z","geometryProcessing":"web display simplification tolerance 0.00035 degrees","name":"PT. MANUNGGAL ADI JAYA","issuer":"Bupati Kutai Kartanegara","permitNumber":"590/525.29/19/A.Ptn","permitDate":"2013-08-21","areaHa":1400.0,"village":"Lamin Pulut dan Lamin Telihan","subdistrict":"Kenohan","district":"Kutai Kartanegara","status":"Aktif","coverageCaveat":"BIG public plantation location layer covers selected districts only; it is not complete Indonesia-wide plantation coverage.","region":"kalimantan"},"geometry":{"type":"MultiPolygon","coordinates":[[[[116.18515,0.07347],[116.13119,0.08323],[116.1248,0.06325],[116.12563,0.06273],[116.12563,0.06128],[116.1275,0.06024],[116.12802,0.05899],[116.13361,0.05783],[116.13361,0.06574],[116.13461,0.06847],[116.13883,0.07294],[116.14864,0.07331],[116.18935,0.06711],[116.20475,0.06164],[116.21294,0.05668],[116.22461,0.04849],[116.23007,0.04724],[116.23901,0.047],[116.24174,0.04551],[116.24819,0.04414],[116.18515,0.07347]]],[[[116.30283,0.02761],[116.28261,0.02784],[116.24997,0.04329],[116.25775,0.03793],[116.26818,0.02775],[116.2734,0.02378],[116.2806,0.0208],[116.29202,0.01931],[116.31208,0.01931],[116.30283,0.02761]]]]}},{"type":"Feature","properties":{"inventoryId":"big-oil-palm-kutai-kartanegara:6","sector":"Sawit","subtype":"Izin Lokasi Sawit","quality":"OFFICIAL","sourceDataset":"big-oil-palm-kutai-kartanegara","sourceRecordId":"6","source":"BIG Kebijakan Satu Peta","sourceUrl":"https://kspservices.big.go.id/satupeta/rest/services/PUBLIK/PERIZINAN_DAN_PERTANAHAN/MapServer/37","retrievedAt":"2026-08-24T23:55:27Z","geometryProcessing":"web display simplification tolerance 0.00035 degrees","name":"PT. MITRA BANGGA UTAMA","issuer":"Plt. Bupati Kutai Kartanegara","permitNumber":"22/DPN.K/IL-22/IV-2008","permitDate":"2008-04-24","areaHa":12095.0,"village":"Kutai Lama, Sidomulyo dan Handil Terusan","subdistrict":"Anggana dan Muara Badak","district":"Kutai Kartanegara","status":"Aktif","coverageCaveat":"BIG public plantation location layer covers selected districts only; it is not complete Indonesia-wide plantation coverage.","region":"kalimantan"},"geometry":{"type":"Polygon","coordinates":[[[117.34485,-0.50774],[117.3612,-0.49473],[117.36332,-0.48437],[117.3799,-0.45842],[117.24101,-0.45841],[117.24102,-0.49777],[117.30769,-0.56101],[117.3472,-0.56101],[117.36486,-0.52207],[117.32684,-0.52208],[117.34485,-0.50774]]]}},{"type":"Feature","properties":{"inventoryId":"big-oil-palm-kutai-kartanegara:66","sector":"Sawit","subtype":"Izin Lokasi Sawit","quality":"OFFICIAL","sourceDataset":"big-oil-palm-kutai-kartanegara","sourceRecordId":"66","source":"BIG Kebijakan Satu Peta","sourceUrl":"https://kspservices.big.go.id/satupeta/rest/services/PUBLIK/PERIZINAN_DAN_PERTANAHAN/MapServer/37","retrievedAt":"2026-08-24T23:55:27Z","geometryProcessing":"web display simplification tolerance 0.00035 degrees","name":"PT. MITRA ULAM KALTIM","issuer":"Bupati Kutai Kartanegara","permitNumber":"590/525.29/018/A.Ptn","permitDate":"2014-09-19","areaHa":3400.0,"village":"Enggelam","subdistrict":"Muara Wis","district":"Kutai Kartanegara","coverageCaveat":"BIG public plantation location layer covers selected districts only; it is not complete Indonesia-wide plantation coverage.","region":"kalimantan"},"geometry":{"type":"Polygon","coordinates":[[[116.17946,-0.11291],[116.17988,-0.11371],[116.17733,-0.11379],[116.17672,-0.11433],[116.17591,-0.11398],[116.17422,-0.11514],[116.17422,-0.11466],[116.17341,-0.1148],[116.17341,-0.11548],[116.17234,-0.11602],[116.17166,-0.11575],[116.17012,-0.11731],[116.16269,-0.11716],[116.16115,-0.11833],[116.15845,-0.11805],[116.15778,-0.11833],[116.15718,-0.11982],[116.15488,-0.11968],[116.15428,-0.12023],[116.14983,-0.11941],[116.14639,-0.11629],[116.14464,-0.11568],[116.14227,-0.11602],[116.14046,-0.1146],[116.13729,-0.11439],[116.13637,-0.11324],[116.1333,-0.11604],[116.13946,-0.11765],[116.15164,-0.12377],[116.17111,-0.12775],[116.18233,-0.12823],[116.18459,-0.1272],[116.1912,-0.12099],[116.21543,-0.1232],[116.22132,-0.12563],[116.22572,-0.12545],[116.22645,-0.12877],[116.22939,-0.13375],[116.24148,-0.14741],[116.2501,-0.15387],[116.26568,-0.17233],[116.26788,-0.16956],[116.26898,-0.16014],[116.27045,-0.15332],[116.26864,-0.14446],[116.23004,-0.09736],[116.21166,-0.09462],[116.19363,-0.09856],[116.1817,-0.11073],[116.18104,-0.11086],[116.18083,-0.1127],[116.17946,-0.11291]]]}},{"type":"Feature","properties":{"inventoryId":"big-oil-palm-kutai-kartanegara:7","sector":"Sawit","subtype":"Izin Lokasi Sawit","quality":"OFFICIAL","sourceDataset":"big-oil-palm-kutai-kartanegara","sourceRecordId":"7","source":"BIG Kebijakan Satu Peta","sourceUrl":"https://kspservices.big.go.id/satupeta/rest/services/PUBLIK/PERIZINAN_DAN_PERTANAHAN/MapServer/37","retrievedAt":"2026-08-24T23:55:27Z","geometryProcessing":"web display simplification tolerance 0.00035 degrees","name":"PT. MUARA KAMAN SAWIT SEJAHTERA","issuer":"Plt. Bupati Kutai Kartanegara","permitNumber":"590/525.29/025/A.Ptn","permitDate":"2009-11-19","areaHa":7568.0,"village":"Rantau Hempang, Benua Puhun, Tratak, Selerong, Tanjung Harapan dan Bloro","subdistrict":"Muara Kaman dan Sebulu","district":"Kutai Kartanegara","coverageCaveat":"BIG public plantation location layer covers selected districts only; it is not complete Indonesia-wide plantation coverage.","region":"kalimantan"},"geometry":{"type":"MultiPolygon","coordinates":[[[[116.8308,-0.28292],[116.83179,-0.27868],[116.81287,-0.27845],[116.8053,-0.27345],[116.8087,-0.25997],[116.81822,-0.25511],[116.82,-0.23177],[116.83605,-0.22639],[116.83665,-0.21202],[116.84735,-0.1845],[116.82298,-0.1438],[116.80455,-0.13423],[116.79088,-0.13961],[116.77697,-0.16412],[116.7885,-0.1827],[116.81228,-0.20724],[116.81882,-0.2204],[116.82,-0.2216],[116.81644,-0.22459],[116.80455,-0.22878],[116.80514,-0.23477],[116.80158,-0.24554],[116.79563,-0.2581],[116.79206,-0.26888],[116.79563,-0.27606],[116.80395,-0.28444],[116.8308,-0.28292]]],[[[116.9123,-0.31843],[116.91812,-0.31818],[116.91881,-0.29743],[116.86902,-0.29747],[116.86902,-0.3018],[116.85301,-0.3018],[116.85301,-0.31351],[116.84993,-0.31351],[116.85229,-0.31549],[116.87858,-0.32003],[116.9123,-0.31843]]],[[[116.8308,-0.28292],[116.83375,-0.28341],[116.83707,-0.28644],[116.83853,-0.29024],[116.83438,-0.29578],[116.83687,-0.29578],[116.83687,-0.29323],[116.84067,-0.29323],[116.84067,-0.27173],[116.83478,-0.27881],[116.83189,-0.27871],[116.8308,-0.28292]]],[[[116.83853,-0.31978],[116.83963,-0.315],[116.847,-0.31351],[116.82899,-0.31351],[116.82899,-0.32304],[116.83853,-0.31978]]],[[[116.83333,-0.3],[116.83333,-0.29683],[116.82957,-0.3],[116.83333,-0.3]]]]}},{"type":"Feature","properties":{"inventoryId":"big-oil-palm-paser:15","sector":"Sawit","subtype":"Izin Lokasi Sawit","quality":"OFFICIAL","sourceDataset":"big-oil-palm-paser","sourceRecordId":"15","source":"BIG Kebijakan Satu Peta","sourceUrl":"https://kspservices.big.go.id/satupeta/rest/services/PUBLIK/PERIZINAN_DAN_PERTANAHAN/MapServer/39","retrievedAt":"2026-08-24T23:55:27Z","geometryProcessing":"web display simplification tolerance 0.00035 degrees","name":"PT. MUARATOYU SUBUR LESTARI","group":"Triputra Agro Persada","issuer":"Bupati Paser","permitNumber":"06/T.PRAJA/SILP/V/2008","permitDate":"2008-05-22","areaHa":11255.0,"village":"Muara Toyu, Muara Pias,Bente Tualan,Munggu","subdistrict":"Long Kali","district":"Paser","status":"Aktif","coverageCaveat":"BIG public plantation location layer covers selected districts only; it is not complete Indonesia-wide plantation coverage.","region":"kalimantan"},"geometry":{"type":"Polygon","coordinates":[[[116.35283,-1.38532],[116.41936,-1.35372],[116.41761,-1.31259],[116.30055,-1.3133],[116.29639,-1.31649],[116.28725,-1.32112],[116.28313,-1.32419],[116.28131,-1.32845],[116.28104,-1.33245],[116.28151,-1.3376],[116.28274,-1.34287],[116.28894,-1.34482],[116.29184,-1.34817],[116.29608,-1.35631],[116.29552,-1.36155],[116.28908,-1.37155],[116.28933,-1.37954],[116.29096,-1.38289],[116.29001,-1.38869],[116.28184,-1.39487],[116.27855,-1.39818],[116.28299,-1.40648],[116.28754,-1.40574],[116.29832,-1.40548],[116.30174,-1.40217],[116.30756,-1.39365],[116.31886,-1.39404],[116.31818,-1.40527],[116.32623,-1.40128],[116.3246,-1.39873],[116.35283,-1.38532]]]}},{"type":"Feature","properties":{"inventoryId":"big-oil-palm-kutai-kartanegara:31","sector":"Sawit","subtype":"Izin Lokasi Sawit","quality":"OFFICIAL","sourceDataset":"big-oil-palm-kutai-kartanegara","sourceRecordId":"31","source":"BIG Kebijakan Satu Peta","sourceUrl":"https://kspservices.big.go.id/satupeta/rest/services/PUBLIK/PERIZINAN_DAN_PERTANAHAN/MapServer/37","retrievedAt":"2026-08-24T23:55:27Z","geometryProcessing":"web display simplification tolerance 0.00035 degrees","name":"PT. MULA PERSADA RAYA","issuer":"Bupati Kutai Kartanegara","permitNumber":"590/525.29/020/A.Ptn","permitDate":"2012-05-31","areaHa":1805.0,"village":"Batuah","subdistrict":"Loa Janan","district":"Kutai Kartanegara","status":"Aktif","coverageCaveat":"BIG public plantation location layer covers selected districts only; it is not complete Indonesia-wide plantation coverage.","region":"kalimantan"},"geometry":{"type":"MultiPolygon","coordinates":[[[[117.09,-0.75149],[117.08361,-0.75149],[117.08361,-0.76694],[117.07988,-0.76694],[117.07988,-0.78869],[117.07456,-0.7887],[117.07456,-0.79515],[117.07532,-0.79607],[117.07906,-0.79607],[117.07906,-0.80156],[117.08667,-0.80156],[117.08667,-0.81167],[117.10272,-0.81167],[117.10381,-0.81105],[117.10427,-0.80647],[117.10591,-0.80483],[117.1066,-0.80143],[117.1087,-0.80002],[117.10858,-0.79827],[117.10928,-0.79709],[117.1129,-0.79416],[117.11674,-0.79275],[117.11825,-0.79123],[117.11825,-0.78316],[117.09,-0.78333],[117.09,-0.75149]]],[[[117.02519,-0.72506],[117.01658,-0.72506],[117.01658,-0.72631],[117.01733,-0.72631],[117.01733,-0.72875],[117.01794,-0.72875],[117.01794,-0.73022],[117.01858,-0.73022],[117.01858,-0.73586],[117.01828,-0.73703],[117.01771,-0.73703],[117.01771,-0.7385],[117.01656,-0.7385],[117.01656,-0.74033],[117.01539,-0.74033],[117.01539,-0.74197],[117.01488,-0.74197],[117.01427,-0.74481],[117.01274,-0.74544],[117.01274,-0.74908],[117.01142,-0.74908],[117.01142,-0.759],[117.02519,-0.759],[117.02519,-0.72506]]]]}},{"type":"Feature","properties":{"inventoryId":"big-oil-palm-paser:29","sector":"Sawit","subtype":"Izin Lokasi Sawit","quality":"OFFICIAL","sourceDataset":"big-oil-palm-paser","sourceRecordId":"29","source":"BIG Kebijakan Satu Peta","sourceUrl":"https://kspservices.big.go.id/satupeta/rest/services/PUBLIK/PERIZINAN_DAN_PERTANAHAN/MapServer/39","retrievedAt":"2026-08-24T23:55:27Z","geometryProcessing":"web display simplification tolerance 0.00035 degrees","name":"PT. MULTI JAYANTARA ABADI","group":"Teladan Prima Group","issuer":"Bupati Paser","permitNumber":"593.41/11/T,PRAJA-SILP/IX/2008","permitDate":"2008-09-24","areaHa":12000.0,"village":"Segendang, Keladen, Random, Senipah, Tanjung Aru","subdistrict":"Batu Engau dan Tanjung Harapan","district":"Paser","status":"Aktif","coverageCaveat":"BIG public plantation location layer covers selected districts only; it is not complete Indonesia-wide plantation coverage.","region":"kalimantan"},"geometry":{"type":"Polygon","coordinates":[[[116.40772,-2.32797],[116.40733,-2.31722],[116.38019,-2.31721],[116.38069,-2.3396],[116.39592,-2.34037],[116.39583,-2.34493],[116.42236,-2.34973],[116.42205,-2.37478],[116.43538,-2.3787],[116.44466,-2.38059],[116.46216,-2.38682],[116.47252,-2.38959],[116.48942,-2.39295],[116.50611,-2.39809],[116.5471,-2.40869],[116.54766,-2.37883],[116.56396,-2.37394],[116.56403,-2.37163],[116.56709,-2.36266],[116.57063,-2.34733],[116.57246,-2.34398],[116.57334,-2.33553],[116.57463,-2.33003],[116.56152,-2.32879],[116.48946,-2.33767],[116.47958,-2.32848],[116.43127,-2.32834],[116.40781,-2.33045],[116.40772,-2.32797]]]}},{"type":"Feature","properties":{"inventoryId":"big-oil-palm-paser:30","sector":"Sawit","subtype":"Izin Lokasi Sawit","quality":"OFFICIAL","sourceDataset":"big-oil-palm-paser","sourceRecordId":"30","source":"BIG Kebijakan Satu Peta","sourceUrl":"https://kspservices.big.go.id/satupeta/rest/services/PUBLIK/PERIZINAN_DAN_PERTANAHAN/MapServer/39","retrievedAt":"2026-08-24T23:55:27Z","geometryProcessing":"web display simplification tolerance 0.00035 degrees","name":"PT. MULTI MAKMUR MITRA ALAM","group":"Tidak ada","issuer":"Bupati Paser","permitNumber":"503/13/PEM-SILP/VII/2012","permitDate":"2012-07-30","areaHa":7835.0,"village":"Petangis dan Kerang","subdistrict":"Batu Engau","district":"Paser","status":"Aktif","coverageCaveat":"BIG public plantation location layer covers selected districts only; it is not complete Indonesia-wide plantation coverage.","region":"kalimantan"},"geometry":{"type":"Polygon","coordinates":[[[116.02302,-2.07271],[116.02082,-2.06989],[116.0181,-2.15606],[116.02963,-2.15619],[116.02956,-2.17813],[116.03437,-2.17846],[116.03974,-2.1808],[116.04243,-2.18298],[116.04514,-2.18773],[116.04571,-2.19428],[116.05361,-2.21121],[116.05478,-2.2125],[116.06076,-2.218],[116.07909,-2.21784],[116.07903,-2.21146],[116.09474,-2.1855],[116.09471,-2.18325],[116.08356,-2.18297],[116.08346,-2.16637],[116.0894,-2.16639],[116.09005,-2.12347],[116.08794,-2.12331],[116.08794,-2.11002],[116.07374,-2.10953],[116.06805,-2.11863],[116.06602,-2.11685],[116.06275,-2.12874],[116.048,-2.12482],[116.04865,-2.10681],[116.02302,-2.07271]]]}},{"type":"Feature","properties":{"inventoryId":"big-oil-palm-kutai-barat:2","sector":"Sawit","subtype":"Izin Lokasi Sawit","quality":"OFFICIAL","sourceDataset":"big-oil-palm-kutai-barat","sourceRecordId":"2","source":"BIG Kebijakan Satu Peta","sourceUrl":"https://kspservices.big.go.id/satupeta/rest/services/PUBLIK/PERIZINAN_DAN_PERTANAHAN/MapServer/36","retrievedAt":"2026-08-24T23:55:27Z","geometryProcessing":"web display simplification tolerance 0.00035 degrees","name":"PT. Munte Waniq Jaya Perkasa","group":"TSH Resources Berhad","issuer":"Bupati","permitNumber":"525.29/K.1017/2011","permitDate":"2011-11-25","areaHa":9790.0,"village":"Ponak,Rikong, Kiyaq, Kenyanyan","subdistrict":"Siluq Ngurai","district":"Kutai Barat","status":"aktif","coverageCaveat":"BIG public plantation location layer covers selected districts only; it is not complete Indonesia-wide plantation coverage.","region":"kalimantan"},"geometry":{"type":"Polygon","coordinates":[[[115.91556,-0.65139],[115.91667,-0.6164],[115.89945,-0.60472],[115.91389,-0.70139],[115.89389,-0.70139],[115.89361,-0.68861],[115.86444,-0.68861],[115.865,-0.71306],[115.91389,-0.71278],[115.91583,-0.70112],[115.93055,-0.6989],[115.94778,-0.69862],[115.95972,-0.70029],[115.97972,-0.70084],[115.97973,-0.69501],[116.04139,-0.69056],[116.03973,-0.68083],[116.03473,-0.66278],[116.03389,-0.67083],[116.0025,-0.67083],[116.0,-0.66111],[116.0,-0.62667],[115.98833,-0.62667],[115.97278,-0.62972],[115.96583,-0.62944],[115.95778,-0.6275],[115.9425,-0.62722],[115.9425,-0.63306],[115.94556,-0.64],[115.93444,-0.65194],[115.91556,-0.65139]]]}},{"type":"Feature","properties":{"inventoryId":"big-oil-palm-kutai-kartanegara:32","sector":"Sawit","subtype":"Izin Lokasi Sawit","quality":"OFFICIAL","sourceDataset":"big-oil-palm-kutai-kartanegara","sourceRecordId":"32","source":"BIG Kebijakan Satu Peta","sourceUrl":"https://kspservices.big.go.id/satupeta/rest/services/PUBLIK/PERIZINAN_DAN_PERTANAHAN/MapServer/37","retrievedAt":"2026-08-24T23:55:27Z","geometryProcessing":"web display simplification tolerance 0.00035 degrees","name":"PT. NIAGAMAS GEMILANG","issuer":"Bupati Kutai Kartanegara","permitNumber":"590/525.29/20/A.Ptn","permitDate":"2013-08-21","areaHa":4078.0,"village":"Jonggon dan Sungai Payang","subdistrict":"Loa Kulu","district":"Kutai Kartanegara","status":"Aktif","coverageCaveat":"BIG public plantation location layer covers selected districts only; it is not complete Indonesia-wide plantation coverage.","region":"kalimantan"},"geometry":{"type":"MultiPolygon","coordinates":[[[[116.82009,-0.58093],[116.76961,-0.58207],[116.76784,-0.58312],[116.7692,-0.58553],[116.76747,-0.58699],[116.76621,-0.59007],[116.76632,-0.59184],[116.7637,-0.59336],[116.76257,-0.59331],[116.77032,-0.63636],[116.77229,-0.63775],[116.77573,-0.63554],[116.77677,-0.63335],[116.77805,-0.63404],[116.79167,-0.62528],[116.79205,-0.62397],[116.79428,-0.62274],[116.79444,-0.62173],[116.79706,-0.61963],[116.79652,-0.60958],[116.82719,-0.60766],[116.82672,-0.5987],[116.82076,-0.59857],[116.82009,-0.58093]]],[[[116.88091,-0.58443],[116.87851,-0.58012],[116.86874,-0.58042],[116.86882,-0.58804],[116.86185,-0.58803],[116.86269,-0.60742],[116.83331,-0.60793],[116.83372,-0.61939],[116.84674,-0.63833],[116.84724,-0.63274],[116.84264,-0.62542],[116.84791,-0.62508],[116.85093,-0.62426],[116.85616,-0.62157],[116.85779,-0.62134],[116.85972,-0.62511],[116.85972,-0.62361],[116.86489,-0.62361],[116.86685,-0.62239],[116.87,-0.62216],[116.87,-0.60889],[116.88083,-0.60889],[116.88083,-0.59472],[116.88554,-0.59472],[116.88467,-0.59122],[116.88091,-0.58443]]]]}},{"type":"Feature","properties":{"inventoryId":"big-oil-palm-kutai-kartanegara:33","sector":"Sawit","subtype":"Izin Lokasi Sawit","quality":"OFFICIAL","sourceDataset":"big-oil-palm-kutai-kartanegara","sourceRecordId":"33","source":"BIG Kebijakan Satu Peta","sourceUrl":"https://kspservices.big.go.id/satupeta/rest/services/PUBLIK/PERIZINAN_DAN_PERTANAHAN/MapServer/37","retrievedAt":"2026-08-24T23:55:27Z","geometryProcessing":"web display simplification tolerance 0.00035 degrees","name":"PT. NIAGAMAS GEMILANG","issuer":"Plt. Bupati Kutai Kartanegara","permitNumber":"31/DPN.K/IL.31/V-2008","permitDate":"2008-05-15","areaHa":16500.0,"village":"Jonggon, Margahayu dan Sungai Payang","subdistrict":"Loa Kulu","district":"Kutai Kartanegara","status":"Aktif","coverageCaveat":"BIG public plantation location layer covers selected districts only; it is not complete Indonesia-wide plantation coverage.","region":"kalimantan"},"geometry":{"type":"Polygon","coordinates":[[[116.86186,-0.58818],[116.82074,-0.58795],[116.82034,-0.53432],[116.84431,-0.52703],[116.84446,-0.52005],[116.86023,-0.51965],[116.86023,-0.50871],[116.79437,-0.50924],[116.7945,-0.54379],[116.79185,-0.54393],[116.79198,-0.56887],[116.76137,-0.58702],[116.77025,-0.63651],[116.7721,-0.63771],[116.80113,-0.6193],[116.80987,-0.66493],[116.85228,-0.66519],[116.8495,-0.65332],[116.84658,-0.64518],[116.84711,-0.63291],[116.87189,-0.63291],[116.87255,-0.63838],[116.89985,-0.64825],[116.90622,-0.64825],[116.91947,-0.64478],[116.92729,-0.64198],[116.92715,-0.57621],[116.90052,-0.57608],[116.87415,-0.54833],[116.86845,-0.5482],[116.86938,-0.58822],[116.86186,-0.58818]]]}},{"type":"Feature","properties":{"inventoryId":"big-oil-palm-paser:35","sector":"Sawit","subtype":"Izin Lokasi Sawit","quality":"OFFICIAL","sourceDataset":"big-oil-palm-paser","sourceRecordId":"35","source":"BIG Kebijakan Satu Peta","sourceUrl":"https://kspservices.big.go.id/satupeta/rest/services/PUBLIK/PERIZINAN_DAN_PERTANAHAN/MapServer/39","retrievedAt":"2026-08-24T23:55:27Z","geometryProcessing":"web display simplification tolerance 0.00035 degrees","name":"PT. NUSA LESTARI","group":"IMC Group","issuer":"Bupati Paser","permitNumber":"503/04/PEM-SILP/XII/2013","permitDate":"2013-12-16","areaHa":9271.39,"village":"Sungai Terik, Legai, Suweto, Lempesu, Lomu dan Segendang","subdistrict":"Batu Sopang, Muara Samu, Pasir Belengkong, Batu Engau,","district":"Paser","status":"Aktif","coverageCaveat":"BIG public plantation location layer covers selected districts only; it is not complete Indonesia-wide plantation coverage.","region":"kalimantan"},"geometry":{"type":"MultiPolygon","coordinates":[[[[116.41261,-2.24838],[116.38746,-2.22253],[116.37479,-2.26407],[116.37005,-2.27267],[116.36759,-2.27569],[116.36584,-2.27588],[116.36163,-2.27822],[116.35955,-2.28221],[116.35919,-2.28559],[116.36045,-2.28907],[116.36576,-2.28887],[116.36923,-2.29041],[116.37103,-2.2959],[116.37033,-2.29884],[116.36827,-2.29999],[116.35662,-2.30071],[116.3531,-2.30035],[116.34994,-2.30454],[116.34935,-2.31043],[116.35023,-2.31389],[116.3466,-2.31579],[116.34485,-2.31944],[116.34315,-2.32867],[116.35972,-2.32853],[116.36546,-2.32244],[116.37507,-2.32021],[116.38189,-2.31721],[116.38084,-2.3172],[116.38518,-2.31685],[116.38523,-2.31229],[116.39022,-2.31229],[116.39019,-2.31588],[116.39968,-2.31564],[116.40055,-2.31722],[116.40629,-2.31722],[116.40772,-2.31224],[116.40782,-2.29654],[116.39648,-2.29118],[116.39439,-2.28821],[116.38573,-2.28399],[116.38201,-2.28342],[116.38095,-2.2797],[116.38345,-2.27258],[116.38528,-2.2699],[116.38573,-2.26609],[116.38895,-2.26452],[116.39622,-2.25384],[116.40814,-2.25624],[116.41253,-2.25566],[116.41261,-2.24838]]],[[[115.98214,-1.82539],[115.98005,-1.82709],[115.974,-1.82671],[115.97249,-1.82766],[115.96133,-1.8305],[115.95962,-1.83163],[115.95887,-1.8339],[115.95206,-1.83825],[115.94978,-1.84298],[115.94903,-1.89047],[115.9496,-1.88877],[115.95168,-1.88801],[115.95262,-1.88631],[115.95187,-1.88366],[115.95357,-1.88196],[115.95603,-1.88252],[115.95716,-1.88214],[115.96076,-1.87496],[115.96246,-1.86871],[115.96568,-1.8655],[115.9704,-1.8538],[115.97249,-1.85074],[115.97608,-1.84904],[115.98043,-1.8426],[115.98516,-1.84223],[115.98611,-1.84052],[115.9863,-1.83731],[115.98214,-1.82539]]],[[[115.96745,-1.98274],[115.96673,-1.97931],[115.9694,-1.97089],[115.97036,-1.96961],[115.97459,-1.96737],[115.98034,-1.96546],[115.98098,-1.96434],[115.98098,-1.96266],[115.9805,-1.96059],[115.97786,-1.95699],[115.9777,-1.95508],[115.97842,-1.95181],[115.97804,-1.95051],[115.9729,-1.95016],[115.9694,-1.94542],[115.96605,-1.93839],[115.95587,-1.94945],[115.95252,-1.94953],[115.94853,-1.95121],[115.949,-1.96063],[115.95619,-1.96462],[115.95755,-1.96661],[115.95822,-1.97368],[115.95559,-1.98142],[115.95431,-1.98278],[115.95008,-1.9827],[115.95012,-1.98849],[115.9514,-1.99024],[115.95284,-1.99016],[115.95579,-1.9912],[115.95635,-1.99511],[115.9625,-1.99535],[115.96417,-1.99655],[115.96505,-1.99855],[115.96449,-2.00158],[115.9621,-2.00302],[115.95922,-2.00214],[115.95707,-2.00238],[115.9518,-2.00621],[115.95555,-2.0189],[115.98377,-1.99268],[115.98956,-1.98881],[115.96729,-1.98881],[115.96689,-1.98801],[115.96792,-1.98545],[115.96745,-1.98274]]],[[[116.06495,-1.98805],[116.02974,-1.98796],[116.02974,-2.02222],[116.03257,-2.02206],[116.04302,-2.0281],[116.04678,-2.02753],[116.04932,-2.02443],[116.0538,-2.01674],[116.05367,-2.00608],[116.06789,-2.00638],[116.07431,-2.00548],[116.07627,-2.00597],[116.07791,-2.01079],[116.0803,-2.01207],[116.08472,-2.00779],[116.08082,-2.00491],[116.08066,-1.98806],[116.06495,-1.98805]]],[[[116.2692,-2.31323],[116.26391,-2.31179],[116.26393,-2.30603],[116.26606,-2.30422],[116.26721,-2.30096],[116.26229,-2.29684],[116.25474,-2.29856],[116.25433,-2.33477],[116.26768,-2.33773],[116.26745,-2.31758],[116.26908,-2.31748],[116.2692,-2.31323]]],[[[116.32334,-2.33562],[116.31584,-2.33422],[116.30764,-2.3307],[116.30131,-2.32461],[116.29909,-2.32004],[116.29517,-2.31825],[116.2947,-2.3397],[116.30588,-2.34007],[116.32515,-2.34436],[116.34474,-2.34659],[116.34966,-2.34301],[116.34997,-2.33977],[116.35797,-2.33504],[116.35685,-2.33363],[116.34326,-2.33586],[116.34279,-2.33879],[116.33775,-2.33832],[116.33752,-2.33679],[116.33318,-2.33715],[116.32334,-2.33562]]]]}},{"type":"Feature","properties":{"inventoryId":"big-oil-palm-paser:36","sector":"Sawit","subtype":"Izin Lokasi Sawit","quality":"OFFICIAL","sourceDataset":"big-oil-palm-paser","sourceRecordId":"36","source":"BIG Kebijakan Satu Peta","sourceUrl":"https://kspservices.big.go.id/satupeta/rest/services/PUBLIK/PERIZINAN_DAN_PERTANAHAN/MapServer/39","retrievedAt":"2026-08-24T23:55:27Z","geometryProcessing":"web display simplification tolerance 0.00035 degrees","name":"PT. PALMA PLANTANSINDO","group":"Astra Internastional","issuer":"Bupati Paser","permitNumber":"503/01/PEM-SILP/II/2009","permitDate":"2009-02-18","areaHa":10000.0,"village":"Muara Pasir, Laburan, Perepat","subdistrict":"Tanah Grogot dan Pasir Belengkong","district":"Paser","status":"Aktif","coverageCaveat":"BIG public plantation location layer covers selected districts only; it is not complete Indonesia-wide plantation coverage.","region":"kalimantan"},"geometry":{"type":"Polygon","coordinates":[[[116.44431,-1.90049],[116.43949,-1.88787],[116.43033,-1.87307],[116.42358,-1.87488],[116.41647,-1.87755],[116.40778,-1.88228],[116.40765,-1.91698],[116.35508,-1.91684],[116.3548,-1.9957],[116.44489,-1.99573],[116.45021,-1.95084],[116.45106,-1.93398],[116.45082,-1.92719],[116.44937,-1.91712],[116.44431,-1.90049]]]}},{"type":"Feature","properties":{"inventoryId":"big-oil-palm-kutai-barat:3","sector":"Sawit","subtype":"Izin Lokasi Sawit","quality":"OFFICIAL","sourceDataset":"big-oil-palm-kutai-barat","sourceRecordId":"3","source":"BIG Kebijakan Satu Peta","sourceUrl":"https://kspservices.big.go.id/satupeta/rest/services/PUBLIK/PERIZINAN_DAN_PERTANAHAN/MapServer/36","retrievedAt":"2026-08-24T23:55:27Z","geometryProcessing":"web display simplification tolerance 0.00035 degrees","name":"PT. Palmulya Selaras Abadi","issuer":"Kepala DPMPTSP","permitNumber":"666.5.525.29/K.30/2017","permitDate":"2017-04-13","areaHa":11582.0,"village":"Lotaq, Payang, Cempedas","subdistrict":"Muara Lawa, Siluq Ngurai","district":"Kutai Barat","coverageCaveat":"BIG public plantation location layer covers selected districts only; it is not complete Indonesia-wide plantation coverage.","region":"kalimantan"},"geometry":{"type":"Polygon","coordinates":[[[115.7379,-0.45337],[115.73251,-0.45347],[115.7322,-0.45877],[115.72595,-0.45932],[115.72463,-0.46142],[115.72455,-0.46428],[115.72372,-0.46735],[115.72121,-0.47021],[115.71959,-0.47405],[115.71823,-0.47912],[115.72229,-0.48445],[115.72384,-0.48988],[115.7231,-0.49184],[115.71906,-0.49326],[115.71716,-0.49613],[115.71508,-0.49694],[115.71303,-0.50247],[115.71259,-0.50484],[115.71362,-0.50937],[115.71386,-0.51571],[115.71514,-0.51995],[115.71258,-0.52474],[115.71217,-0.53137],[115.71342,-0.54168],[115.71525,-0.54728],[115.7165,-0.55765],[115.71651,-0.56477],[115.7217,-0.57139],[115.73363,-0.58131],[115.74204,-0.58339],[115.76457,-0.58739],[115.77054,-0.59274],[115.77038,-0.59549],[115.76779,-0.59816],[115.76565,-0.60232],[115.76298,-0.60397],[115.75676,-0.60598],[115.75385,-0.60805],[115.75381,-0.61376],[115.75917,-0.60917],[115.7675,-0.60917],[115.7675,-0.60556],[115.77472,-0.59167],[115.76806,-0.585],[115.78528,-0.55139],[115.84749,-0.57544],[115.84753,-0.55436],[115.79985,-0.53182],[115.80027,-0.52665],[115.78486,-0.51947],[115.78487,-0.49273],[115.80205,-0.49849],[115.80079,-0.49229],[115.78529,-0.48723],[115.79077,-0.48144],[115.76914,-0.47566],[115.74624,-0.46476],[115.74403,-0.4583],[115.73765,-0.45849],[115.7379,-0.45337]]]}},{"type":"Feature","properties":{"inventoryId":"big-oil-palm-paser:25","sector":"Sawit","subtype":"Izin Lokasi Sawit","quality":"OFFICIAL","sourceDataset":"big-oil-palm-paser","sourceRecordId":"25","source":"BIG Kebijakan Satu Peta","sourceUrl":"https://kspservices.big.go.id/satupeta/rest/services/PUBLIK/PERIZINAN_DAN_PERTANAHAN/MapServer/39","retrievedAt":"2026-08-24T23:55:27Z","geometryProcessing":"web display simplification tolerance 0.00035 degrees","name":"PT. PELITA MAKMUR NIAGA","group":"CAA","issuer":"Bupati Paser","permitNumber":"14/T.PRAJA/SILP/XI/2007","permitDate":"2008-11-22","areaHa":7000.0,"village":"Belimbing, Pinang Jatus, Muara Pias","subdistrict":"Long Kali","district":"Paser","status":"Aktif","coverageCaveat":"BIG public plantation location layer covers selected districts only; it is not complete Indonesia-wide plantation coverage.","region":"kalimantan"},"geometry":{"type":"Polygon","coordinates":[[[116.21983,-1.37577],[116.21525,-1.37069],[116.175,-1.40291],[116.17535,-1.40551],[116.17766,-1.40851],[116.18015,-1.40668],[116.18097,-1.40768],[116.18246,-1.40784],[116.18279,-1.40851],[116.1818,-1.40884],[116.18313,-1.41018],[116.18164,-1.41051],[116.18114,-1.41134],[116.18163,-1.41384],[116.1813,-1.41517],[116.1818,-1.41584],[116.18345,-1.41484],[116.18445,-1.41551],[116.18594,-1.41468],[116.18644,-1.41218],[116.1871,-1.41168],[116.18793,-1.41318],[116.19024,-1.41268],[116.18991,-1.41434],[116.19074,-1.41451],[116.18875,-1.41818],[116.18974,-1.41968],[116.19256,-1.41951],[116.19537,-1.41851],[116.19604,-1.41501],[116.1967,-1.41618],[116.19802,-1.41551],[116.19935,-1.41651],[116.19885,-1.41785],[116.19951,-1.41868],[116.19951,-1.42018],[116.20315,-1.42051],[116.20348,-1.42101],[116.20232,-1.42451],[116.20075,-1.42709],[116.1986,-1.42576],[116.19562,-1.42543],[116.19396,-1.42359],[116.19115,-1.42326],[116.19016,-1.42226],[116.18949,-1.42276],[116.18701,-1.42292],[116.18652,-1.42076],[116.18521,-1.42057],[116.18694,-1.49024],[116.22191,-1.49046],[116.22212,-1.48046],[116.21654,-1.48025],[116.21634,-1.45443],[116.23724,-1.45423],[116.23723,-1.40656],[116.24913,-1.4063],[116.24948,-1.39285],[116.24799,-1.39132],[116.24705,-1.39204],[116.24686,-1.39406],[116.24562,-1.39259],[116.24408,-1.39349],[116.24344,-1.39297],[116.24067,-1.39351],[116.24003,-1.39305],[116.2403,-1.39138],[116.23938,-1.39076],[116.23842,-1.39099],[116.23689,-1.39401],[116.23625,-1.39332],[116.23566,-1.39033],[116.23499,-1.38996],[116.23296,-1.39034],[116.21983,-1.37577]]]}},{"type":"Feature","properties":{"inventoryId":"big-oil-palm-kutai-kartanegara:34","sector":"Sawit","subtype":"Izin Lokasi Sawit","quality":"OFFICIAL","sourceDataset":"big-oil-palm-kutai-kartanegara","sourceRecordId":"34","source":"BIG Kebijakan Satu Peta","sourceUrl":"https://kspservices.big.go.id/satupeta/rest/services/PUBLIK/PERIZINAN_DAN_PERTANAHAN/MapServer/37","retrievedAt":"2026-08-24T23:55:27Z","geometryProcessing":"web display simplification tolerance 0.00035 degrees","name":"PT. PERKEBUNAN KALTIM UTAMA I","issuer":"Pj. Bupati Kutai Kartanegara","permitNumber":"06/DPtn/UM-06/V-2005","permitDate":"2005-05-30","areaHa":17000.0,"village":"Teluk Dalam, Dondang, Pulau Seribu, Jawa, Tani Bhakti dan Batuah","subdistrict":"Loa Janan dan Sanga - sanga","district":"Kutai Kartanegara","status":"Aktif","coverageCaveat":"BIG public plantation location layer covers selected districts only; it is not complete Indonesia-wide plantation coverage.","region":"kalimantan"},"geometry":{"type":"Polygon","coordinates":[[[117.14266,-0.67258],[117.1421,-0.63768],[117.12044,-0.63768],[117.12074,-0.65255],[117.10121,-0.68193],[117.11407,-0.70649],[117.11314,-0.71846],[117.09584,-0.73651],[117.09584,-0.78333],[117.23157,-0.78231],[117.2354,-0.77105],[117.24696,-0.76335],[117.25022,-0.74955],[117.25061,-0.74382],[117.24603,-0.7289],[117.2449,-0.72171],[117.24507,-0.71801],[117.24663,-0.71499],[117.24386,-0.71503],[117.24385,-0.7219],[117.24323,-0.72241],[117.24181,-0.72176],[117.23756,-0.72225],[117.23594,-0.72293],[117.23592,-0.72526],[117.23379,-0.72527],[117.23374,-0.72642],[117.23012,-0.72666],[117.23016,-0.72867],[117.22872,-0.72906],[117.22749,-0.73089],[117.22748,-0.73205],[117.2264,-0.733],[117.22642,-0.73595],[117.22286,-0.73595],[117.22283,-0.73474],[117.22204,-0.73367],[117.22194,-0.72998],[117.22313,-0.72379],[117.22309,-0.72041],[117.22386,-0.71973],[117.22548,-0.71973],[117.2256,-0.71162],[117.24949,-0.71124],[117.25502,-0.70282],[117.25966,-0.69247],[117.2622,-0.67951],[117.16796,-0.6806],[117.15415,-0.69377],[117.143,-0.6939],[117.14266,-0.67258]],[[117.18599,-0.72627],[117.18678,-0.72636],[117.18686,-0.73096],[117.18451,-0.73094],[117.18445,-0.72633],[117.18599,-0.72627]],[[117.17911,-0.76871],[117.18643,-0.76859],[117.18635,-0.7646],[117.18802,-0.76206],[117.18811,-0.75827],[117.19181,-0.75835],[117.19176,-0.77487],[117.17909,-0.77507],[117.17911,-0.76871]]]}},{"type":"Feature","properties":{"inventoryId":"big-oil-palm-kutai-barat:4","sector":"Sawit","subtype":"Izin Lokasi Sawit","quality":"OFFICIAL","sourceDataset":"big-oil-palm-kutai-barat","sourceRecordId":"4","source":"BIG Kebijakan Satu Peta","sourceUrl":"https://kspservices.big.go.id/satupeta/rest/services/PUBLIK/PERIZINAN_DAN_PERTANAHAN/MapServer/36","retrievedAt":"2026-08-24T23:55:27Z","geometryProcessing":"web display simplification tolerance 0.00035 degrees","name":"PT. Perkebunan Sentawar Membangun","group":"TSH Resources Berhad","issuer":"Bupati","permitNumber":"525.26/K.1179/2012","permitDate":"2012-12-31","areaHa":5084.0,"village":"Muara Kiaq, Tendiq, Penawang","subdistrict":"Siluq Ngurai","district":"Kutai Barat","status":"aktif","coverageCaveat":"BIG public plantation location layer covers selected districts only; it is not complete Indonesia-wide plantation coverage.","region":"kalimantan"},"geometry":{"type":"Polygon","coordinates":[[[115.86493,-0.79306],[115.915,-0.79306],[115.91611,-0.77556],[115.915,-0.71306],[115.86278,-0.71306],[115.86493,-0.79306]]]}},{"type":"Feature","properties":{"inventoryId":"big-oil-palm-paser:26","sector":"Sawit","subtype":"Izin Lokasi Sawit","quality":"OFFICIAL","sourceDataset":"big-oil-palm-paser","sourceRecordId":"26","source":"BIG Kebijakan Satu Peta","sourceUrl":"https://kspservices.big.go.id/satupeta/rest/services/PUBLIK/PERIZINAN_DAN_PERTANAHAN/MapServer/39","retrievedAt":"2026-08-24T23:55:27Z","geometryProcessing":"web display simplification tolerance 0.00035 degrees","name":"PT. PERMATA BUANA EKSPRESSINDO","group":"Tidak ada","issuer":"Bupati Paser","permitNumber":"12/T.PRAJA/SILP/X/2006","permitDate":"2006-10-16","areaHa":230.0,"village":"Laburan","subdistrict":"Pasir Belengkong","district":"Paser","status":"Aktif","coverageCaveat":"BIG public plantation location layer covers selected districts only; it is not complete Indonesia-wide plantation coverage.","region":"kalimantan"},"geometry":{"type":"Polygon","coordinates":[[[116.35053,-1.98576],[116.34679,-1.98455],[116.34351,-1.9821],[116.34077,-1.98091],[116.34141,-1.98309],[116.34053,-1.98634],[116.34121,-1.99056],[116.33984,-1.99114],[116.33917,-1.99322],[116.34114,-1.99369],[116.34148,-1.99788],[116.34667,-1.9973],[116.34991,-1.99814],[116.35283,-1.99756],[116.35513,-1.9964],[116.35785,-1.99363],[116.35933,-1.99286],[116.35303,-1.98579],[116.35053,-1.98576]]]}},{"type":"Feature","properties":{"inventoryId":"big-oil-palm-kutai-kartanegara:35","sector":"Sawit","subtype":"Izin Lokasi Sawit","quality":"OFFICIAL","sourceDataset":"big-oil-palm-kutai-kartanegara","sourceRecordId":"35","source":"BIG Kebijakan Satu Peta","sourceUrl":"https://kspservices.big.go.id/satupeta/rest/services/PUBLIK/PERIZINAN_DAN_PERTANAHAN/MapServer/37","retrievedAt":"2026-08-24T23:55:27Z","geometryProcessing":"web display simplification tolerance 0.00035 degrees","name":"PT. PERSADA BANGUN JAYA","issuer":"Bupati Kutai Kartanegara","permitNumber":"590/525.29/02/A.Ptn","permitDate":"2013-02-28","areaHa":3050.0,"village":"Penoon, Long Beleh Haloq, Long Beleh Modang, Muai dan Kelekat","subdistrict":"Kembang Janggut","district":"Kutai Kartanegara","status":"Aktif","coverageCaveat":"BIG public plantation location layer covers selected districts only; it is not complete Indonesia-wide plantation coverage.","region":"kalimantan"},"geometry":{"type":"Polygon","coordinates":[[[116.20251,0.39287],[116.20176,0.39219],[116.20591,0.38788],[116.20304,0.38479],[116.20561,0.38209],[116.20279,0.37933],[116.22197,0.36062],[116.26901,0.31897],[116.28201,0.30613],[116.33059,0.26411],[116.36474,0.2304],[116.36695,0.22874],[116.37174,0.2414],[116.20251,0.39287]]]}},{"type":"Feature","properties":{"inventoryId":"big-oil-palm-kutai-kartanegara:36","sector":"Sawit","subtype":"Izin Lokasi Sawit","quality":"OFFICIAL","sourceDataset":"big-oil-palm-kutai-kartanegara","sourceRecordId":"36","source":"BIG Kebijakan Satu Peta","sourceUrl":"https://kspservices.big.go.id/satupeta/rest/services/PUBLIK/PERIZINAN_DAN_PERTANAHAN/MapServer/37","retrievedAt":"2026-08-24T23:55:27Z","geometryProcessing":"web display simplification tolerance 0.00035 degrees","name":"PT. PERSADA BANGUN JAYA","issuer":"Bupati Kutai Kartanegara","permitNumber":"590/525.29/036/A.Ptn","permitDate":"2012-12-28","areaHa":2345.0,"village":"Gunung Sari","subdistrict":"Tabang","district":"Kutai Kartanegara","coverageCaveat":"BIG public plantation location layer covers selected districts only; it is not complete Indonesia-wide plantation coverage.","region":"kalimantan"},"geometry":{"type":"Polygon","coordinates":[[[116.1795,0.41266],[116.17577,0.41952],[116.16011,0.53423],[116.15517,0.53123],[116.14829,0.52965],[116.14954,0.50691],[116.15394,0.4499],[116.15259,0.44981],[116.15547,0.42397],[116.16193,0.41764],[116.17337,0.41764],[116.17337,0.41158],[116.17861,0.41158],[116.17861,0.40316],[116.1802,0.40493],[116.18257,0.40536],[116.1835,0.40676],[116.18327,0.40901],[116.1795,0.41266]]]}},{"type":"Feature","properties":{"inventoryId":"big-oil-palm-kutai-barat:5","sector":"Sawit","subtype":"Izin Lokasi Sawit","quality":"OFFICIAL","sourceDataset":"big-oil-palm-kutai-barat","sourceRecordId":"5","source":"BIG Kebijakan Satu Peta","sourceUrl":"https://kspservices.big.go.id/satupeta/rest/services/PUBLIK/PERIZINAN_DAN_PERTANAHAN/MapServer/36","retrievedAt":"2026-08-24T23:55:27Z","geometryProcessing":"web display simplification tolerance 0.00035 degrees","name":"PT. PP London Sumatra Indonesia Tbk","group":"Indoagri","issuer":"Bupati","permitNumber":"660/K.267 TAHUN 2002; 660/K.269 TAHUN 2002; 660/K.","permitDate":"2002-07-17","areaHa":41500.0,"village":"Tanjung Isuy, Tanjung Jan, Muara Kedang, Mancong, Pulau Lanting, Muara Nayan, Pentat, Perigiq, Tanju","subdistrict":"Jempang, Bongan, Muara Pahu, Muara Lawa","district":"Kutai Barat","status":"aktif","coverageCaveat":"BIG public plantation location layer covers selected districts only; it is not complete Indonesia-wide plantation coverage.","region":"kalimantan"},"geometry":{"type":"MultiPolygon","coordinates":[[[[116.07649,-0.38021],[116.04238,-0.37869],[116.0291,-0.37881],[116.00241,-0.41191],[115.98031,-0.42733],[115.97308,-0.46433],[115.96306,-0.46395],[115.95304,-0.48323],[115.93583,-0.49205],[115.93583,-0.49518],[116.00205,-0.49586],[116.00306,-0.49658],[116.00344,-0.49754],[116.00248,-0.50155],[116.0028,-0.50524],[116.00139,-0.51015],[116.00171,-0.51286],[116.00107,-0.51758],[116.0047,-0.53391],[116.00366,-0.53812],[116.00516,-0.54862],[116.00409,-0.55355],[116.00497,-0.55764],[116.00403,-0.56033],[116.0269,-0.56063],[116.07954,-0.55989],[116.07951,-0.54189],[116.06996,-0.54005],[116.06361,-0.51455],[116.05962,-0.50378],[116.05573,-0.49536],[116.05505,-0.49037],[116.07382,-0.47784],[116.07605,-0.47295],[116.08159,-0.4702],[116.07965,-0.46521],[116.08354,-0.46247],[116.08684,-0.46169],[116.08976,-0.45904],[116.09433,-0.45787],[116.09744,-0.45474],[116.1024,-0.45425],[116.10493,-0.45043],[116.1096,-0.44876],[116.10853,-0.44544],[116.09316,-0.43555],[116.09294,-0.38028],[116.07649,-0.38021]]],[[[116.24369,-0.59534],[116.24355,-0.56852],[116.16303,-0.56905],[116.16371,-0.62607],[116.19015,-0.62589],[116.19015,-0.6165],[116.22598,-0.61639],[116.22593,-0.60692],[116.23483,-0.60689],[116.23482,-0.59725],[116.2437,-0.59739],[116.24369,-0.59534]]],[[[116.26917,-0.53061],[116.10882,-0.5314],[116.10861,-0.63394],[116.11262,-0.6338],[116.11257,-0.63495],[116.1175,-0.63502],[116.11817,-0.63547],[116.11819,-0.63444],[116.12689,-0.63611],[116.14461,-0.63562],[116.1448,-0.62551],[116.14597,-0.62549],[116.14654,-0.62627],[116.16369,-0.62607],[116.16302,-0.56904],[116.25244,-0.56846],[116.25233,-0.55954],[116.26942,-0.55926],[116.26917,-0.53061]]],[[[115.91656,-0.46991],[115.92028,-0.46497],[115.93048,-0.43278],[115.89986,-0.43159],[115.88293,-0.45939],[115.87454,-0.46529],[115.86473,-0.47063],[115.84953,-0.46896],[115.84391,-0.46673],[115.82738,-0.46298],[115.822,-0.46227],[115.79699,-0.49222],[115.81942,-0.50675],[115.8391,-0.51822],[115.8578,-0.53059],[115.86876,-0.52208],[115.87604,-0.50553],[115.88744,-0.49707],[115.89353,-0.49365],[115.90121,-0.48767],[115.9058,-0.48329],[115.91656,-0.46991]]]]}},{"type":"Feature","properties":{"inventoryId":"big-oil-palm-kutai-barat:6","sector":"Sawit","subtype":"Izin Lokasi Sawit","quality":"OFFICIAL","sourceDataset":"big-oil-palm-kutai-barat","sourceRecordId":"6","source":"BIG Kebijakan Satu Peta","sourceUrl":"https://kspservices.big.go.id/satupeta/rest/services/PUBLIK/PERIZINAN_DAN_PERTANAHAN/MapServer/36","retrievedAt":"2026-08-24T23:55:27Z","geometryProcessing":"web display simplification tolerance 0.00035 degrees","name":"PT. PP London Sumatra Indonesia Tbk","group":"Indoagri","issuer":"Bupati","permitNumber":"525.29/K.985/2015","permitDate":"2015-06-09","areaHa":429.6,"village":"Mancong, Muara Nayan","subdistrict":"Jempang","district":"Kutai Barat","status":"aktif","coverageCaveat":"BIG public plantation location layer covers selected districts only; it is not complete Indonesia-wide plantation coverage.","region":"kalimantan"},"geometry":{"type":"Polygon","coordinates":[[[116.06289,-0.56016],[116.02652,-0.56071],[116.02663,-0.57033],[116.06289,-0.56967],[116.06289,-0.56016]]]}},{"type":"Feature","properties":{"inventoryId":"big-oil-palm-paser:14","sector":"Sawit","subtype":"Izin Lokasi Sawit","quality":"OFFICIAL","sourceDataset":"big-oil-palm-paser","sourceRecordId":"14","source":"BIG Kebijakan Satu Peta","sourceUrl":"https://kspservices.big.go.id/satupeta/rest/services/PUBLIK/PERIZINAN_DAN_PERTANAHAN/MapServer/39","retrievedAt":"2026-08-24T23:55:27Z","geometryProcessing":"web display simplification tolerance 0.00035 degrees","name":"PT. PRADIKSI GUNATAMA","group":"Jhonlin","issuer":"BPN","permitNumber":"460.1/64/BPN-PSR/1997","permitDate":"1997-08-05","areaHa":6000.0,"village":"Petangis, Langgai","subdistrict":"Tanjung Aru","district":"Paser","status":"Aktif","sourceRemark":"Saat penerbitan Ilok masih Kabupaten Pasir","coverageCaveat":"BIG public plantation location layer covers selected districts only; it is not complete Indonesia-wide plantation coverage.","region":"kalimantan"},"geometry":{"type":"MultiPolygon","coordinates":[[[[116.15752,-2.07035],[116.15147,-2.07029],[116.15129,-2.07281],[116.14141,-2.07277],[116.14141,-2.07105],[116.13171,-2.07116],[116.13125,-2.07426],[116.12885,-2.07449],[116.1285,-2.07853],[116.14722,-2.07881],[116.14645,-2.08956],[116.14525,-2.09531],[116.14359,-2.09782],[116.14025,-2.10057],[116.13609,-2.10236],[116.12971,-2.10409],[116.11705,-2.11169],[116.11051,-2.11278],[116.11396,-2.11755],[116.11371,-2.13418],[116.12763,-2.13419],[116.12859,-2.11995],[116.13192,-2.1166],[116.13549,-2.11553],[116.15964,-2.11614],[116.16072,-2.09639],[116.15882,-2.08981],[116.19085,-2.08826],[116.23759,-2.0887],[116.23814,-2.08323],[116.19746,-2.08405],[116.19597,-2.08368],[116.19862,-2.08008],[116.19899,-2.07385],[116.17556,-2.07334],[116.1755,-2.0711],[116.16494,-2.07087],[116.16477,-2.07219],[116.15786,-2.07236],[116.15752,-2.07035]]],[[[116.12941,-2.03112],[116.12828,-2.03059],[116.12688,-2.03138],[116.12653,-2.03094],[116.12609,-2.03121],[116.1252,-2.03262],[116.12526,-2.03639],[116.12641,-2.03927],[116.12725,-2.04371],[116.12718,-2.05205],[116.1311,-2.05826],[116.13128,-2.06127],[116.15919,-2.06233],[116.15919,-2.06502],[116.16597,-2.06502],[116.1662,-2.06295],[116.1782,-2.06313],[116.17883,-2.06465],[116.19146,-2.06443],[116.19181,-2.06533],[116.19642,-2.06503],[116.19672,-2.06595],[116.20746,-2.06665],[116.20842,-2.07012],[116.21563,-2.07017],[116.21696,-2.06943],[116.2139,-2.06286],[116.20623,-2.05169],[116.19906,-2.04663],[116.19564,-2.04341],[116.19235,-2.04019],[116.19039,-2.03642],[116.18903,-2.03505],[116.18094,-2.03481],[116.175,-2.03623],[116.16751,-2.03852],[116.16275,-2.04123],[116.16061,-2.04339],[116.15796,-2.04362],[116.15686,-2.04302],[116.1565,-2.0421],[116.15599,-2.03834],[116.15384,-2.03823],[116.15348,-2.036],[116.15172,-2.03715],[116.14953,-2.03742],[116.14865,-2.03689],[116.14804,-2.03549],[116.14621,-2.03514],[116.14542,-2.03584],[116.14524,-2.03715],[116.14341,-2.03759],[116.14061,-2.03575],[116.13973,-2.03383],[116.13903,-2.03365],[116.13763,-2.03549],[116.13379,-2.03724],[116.13344,-2.03488],[116.13151,-2.0333],[116.12924,-2.03584],[116.12819,-2.03602],[116.12775,-2.03558],[116.12758,-2.0326],[116.12906,-2.03225],[116.12941,-2.03112]]],[[[116.30092,-2.14499],[116.3032,-2.14392],[116.30544,-2.14118],[116.30568,-2.13879],[116.30675,-2.13604],[116.31104,-2.1303],[116.2818,-2.0805],[116.24353,-2.0825],[116.2427,-2.08876],[116.26928,-2.08912],[116.30092,-2.14499]]]]}},{"type":"Feature","properties":{"inventoryId":"big-oil-palm-paser:27","sector":"Sawit","subtype":"Izin Lokasi Sawit","quality":"OFFICIAL","sourceDataset":"big-oil-palm-paser","sourceRecordId":"27","source":"BIG Kebijakan Satu Peta","sourceUrl":"https://kspservices.big.go.id/satupeta/rest/services/PUBLIK/PERIZINAN_DAN_PERTANAHAN/MapServer/39","retrievedAt":"2026-08-24T23:55:27Z","geometryProcessing":"web display simplification tolerance 0.00035 degrees","name":"PT. PRADIKSI GUNATAMA","group":"Jhonlin","issuer":"BPN","permitNumber":"460.1/51/BPN-PSR/1997","permitDate":"1997-01-21","areaHa":15000.0,"village":"Petangis, Langgai","subdistrict":"Tanjung Aru","district":"Paser","status":"Aktif","sourceRemark":"Saat penerbitan Ilok masih Kabupaten Pasir","coverageCaveat":"BIG public plantation location layer covers selected districts only; it is not complete Indonesia-wide plantation coverage.","region":"kalimantan"},"geometry":{"type":"Polygon","coordinates":[[[116.26928,-2.08912],[116.19085,-2.08826],[116.15882,-2.08981],[116.16072,-2.09639],[116.15964,-2.11614],[116.13549,-2.11553],[116.13192,-2.1166],[116.12859,-2.11995],[116.12763,-2.13419],[116.1278,-2.13845],[116.13172,-2.14168],[116.13933,-2.14563],[116.14409,-2.14935],[116.15229,-2.15821],[116.15443,-2.16156],[116.15657,-2.16288],[116.16347,-2.16192],[116.1668,-2.16204],[116.1712,-2.16348],[116.1737,-2.16647],[116.18155,-2.16959],[116.1844,-2.17234],[116.18713,-2.17737],[116.19451,-2.18611],[116.20414,-2.18504],[116.20795,-2.18612],[116.21199,-2.19199],[116.2127,-2.19426],[116.21401,-2.1951],[116.22056,-2.19199],[116.2271,-2.19032],[116.23602,-2.19104],[116.24256,-2.18997],[116.25157,-2.18299],[116.26172,-2.17992],[116.26874,-2.17909],[116.27302,-2.17766],[116.28135,-2.17335],[116.29855,-2.16312],[116.30617,-2.15722],[116.30708,-2.15524],[116.26928,-2.08912]]]}},{"type":"Feature","properties":{"inventoryId":"big-oil-palm-kutai-kartanegara:37","sector":"Sawit","subtype":"Izin Lokasi Sawit","quality":"OFFICIAL","sourceDataset":"big-oil-palm-kutai-kartanegara","sourceRecordId":"37","source":"BIG Kebijakan Satu Peta","sourceUrl":"https://kspservices.big.go.id/satupeta/rest/services/PUBLIK/PERIZINAN_DAN_PERTANAHAN/MapServer/37","retrievedAt":"2026-08-24T23:55:27Z","geometryProcessing":"web display simplification tolerance 0.00035 degrees","name":"PT. PRIMA MITRAJAYA MANDIRI","issuer":"Bupati Kutai Kartanegara","permitNumber":"47/DPN.K/IL-46/VI-2007","permitDate":"2007-06-26","areaHa":21500.0,"village":"Lebaho Ulaq, Benua Puhun, Rantau Hempang, Liang, Loleng, Muara Wis dan Lebak Mantan","subdistrict":"Muara Kaman, Kota Bangun dan Muara Wis","district":"Kutai Kartanegara","status":"Aktif","coverageCaveat":"BIG public plantation location layer covers selected districts only; it is not complete Indonesia-wide plantation coverage.","region":"kalimantan"},"geometry":{"type":"MultiPolygon","coordinates":[[[[116.73569,-0.19138],[116.6961,-0.19094],[116.69028,-0.1979],[116.68393,-0.20222],[116.68253,-0.20432],[116.67712,-0.20439],[116.6718,-0.20253],[116.66707,-0.19906],[116.65494,-0.2008],[116.65333,-0.20353],[116.65218,-0.21236],[116.65076,-0.21303],[116.6464,-0.21308],[116.64487,-0.21534],[116.63895,-0.21541],[116.63456,-0.21322],[116.63323,-0.21393],[116.63698,-0.22212],[116.65081,-0.23064],[116.65301,-0.23479],[116.66343,-0.23505],[116.66564,-0.23359],[116.66841,-0.23362],[116.67012,-0.23547],[116.67013,-0.24063],[116.6563,-0.26938],[116.65694,-0.27068],[116.68558,-0.28941],[116.69134,-0.29097],[116.69273,-0.29208],[116.70019,-0.29406],[116.70091,-0.30407],[116.70354,-0.3042],[116.70397,-0.30757],[116.70505,-0.30799],[116.70585,-0.31004],[116.70352,-0.31221],[116.70311,-0.31435],[116.69944,-0.31856],[116.69954,-0.32026],[116.71921,-0.34409],[116.72217,-0.34263],[116.72778,-0.33823],[116.74936,-0.3526],[116.75449,-0.34859],[116.75758,-0.34892],[116.76803,-0.34745],[116.77239,-0.34596],[116.77548,-0.34187],[116.77658,-0.33746],[116.77537,-0.33197],[116.76718,-0.32229],[116.76552,-0.31795],[116.76544,-0.31093],[116.76728,-0.30519],[116.76746,-0.26219],[116.75517,-0.27367],[116.75485,-0.23764],[116.73572,-0.23738],[116.73569,-0.19138]]],[[[116.55668,-0.34122],[116.5563,-0.30367],[116.51899,-0.30367],[116.5188,-0.33948],[116.52303,-0.34993],[116.52361,-0.35632],[116.52168,-0.36755],[116.52226,-0.37064],[116.51784,-0.3689],[116.47054,-0.36929],[116.47053,-0.4051],[116.50091,-0.40432],[116.55668,-0.34122]]],[[[116.68858,-0.17059],[116.6738,-0.17045],[116.67253,-0.17476],[116.67269,-0.17936],[116.67201,-0.1868],[116.66874,-0.18974],[116.66773,-0.19385],[116.67221,-0.18906],[116.67563,-0.1797],[116.67719,-0.17743],[116.68205,-0.1735],[116.68336,-0.17306],[116.685,-0.17332],[116.68856,-0.17847],[116.68858,-0.17059]]]]}},{"type":"Feature","properties":{"inventoryId":"big-oil-palm-paser:18","sector":"Sawit","subtype":"Izin Lokasi Sawit","quality":"OFFICIAL","sourceDataset":"big-oil-palm-paser","sourceRecordId":"18","source":"BIG Kebijakan Satu Peta","sourceUrl":"https://kspservices.big.go.id/satupeta/rest/services/PUBLIK/PERIZINAN_DAN_PERTANAHAN/MapServer/39","retrievedAt":"2026-08-24T23:55:27Z","geometryProcessing":"web display simplification tolerance 0.00035 degrees","name":"PT. PUCUK JAYA","group":"Tidak ada","issuer":"Bupati Paser","permitNumber":"503/10/PEM-SILP/VI/2010","permitDate":"2010-06-29","areaHa":1842.0,"village":"Petangis","subdistrict":"Batu Engau","district":"Paser","status":"Aktif","coverageCaveat":"BIG public plantation location layer covers selected districts only; it is not complete Indonesia-wide plantation coverage.","region":"kalimantan"},"geometry":{"type":"MultiPolygon","coordinates":[[[[116.03093,-2.08335],[116.04865,-2.10681],[116.048,-2.12482],[116.06275,-2.12874],[116.06602,-2.11685],[116.06805,-2.11863],[116.07374,-2.10953],[116.07211,-2.10944],[116.07209,-2.10332],[116.06659,-2.10283],[116.06665,-2.07164],[116.06128,-2.07164],[116.0613,-2.06627],[116.04396,-2.0663],[116.04304,-2.08354],[116.03093,-2.08335]]],[[[116.02987,-2.0775],[116.02857,-2.07149],[116.02199,-2.07139],[116.03093,-2.08335],[116.02987,-2.0775]]]]}},{"type":"Feature","properties":{"inventoryId":"big-oil-palm-paser:21","sector":"Sawit","subtype":"Izin Lokasi Sawit","quality":"OFFICIAL","sourceDataset":"big-oil-palm-paser","sourceRecordId":"21","source":"BIG Kebijakan Satu Peta","sourceUrl":"https://kspservices.big.go.id/satupeta/rest/services/PUBLIK/PERIZINAN_DAN_PERTANAHAN/MapServer/39","retrievedAt":"2026-08-24T23:55:27Z","geometryProcessing":"web display simplification tolerance 0.00035 degrees","name":"PT. PUCUK JAYA","group":"Tidak ada","issuer":"Bupati Paser","permitNumber":"503/16/PEM-SILP/X/2010","permitDate":"2010-10-21","areaHa":771.78,"village":"Petangis, Kerang","subdistrict":"Batu Engau","district":"Paser","status":"Aktif","coverageCaveat":"BIG public plantation location layer covers selected districts only; it is not complete Indonesia-wide plantation coverage.","region":"kalimantan"},"geometry":{"type":"MultiPolygon","coordinates":[[[[116.07777,-2.04594],[116.07785,-2.04305],[116.07016,-2.04305],[116.07023,-2.0503],[116.05779,-2.0503],[116.05698,-2.05345],[116.04459,-2.05344],[116.04396,-2.0663],[116.0613,-2.06627],[116.06137,-2.05462],[116.07755,-2.05462],[116.07777,-2.04594]]],[[[116.05723,-2.23111],[116.05733,-2.22694],[116.0358,-2.2264],[116.03551,-2.24319],[116.04637,-2.24353],[116.04859,-2.24294],[116.04871,-2.23605],[116.0571,-2.23637],[116.05723,-2.23111]]]]}},{"type":"Feature","properties":{"inventoryId":"big-oil-palm-paser:53","sector":"Sawit","subtype":"Izin Lokasi Sawit","quality":"OFFICIAL","sourceDataset":"big-oil-palm-paser","sourceRecordId":"53","source":"BIG Kebijakan Satu Peta","sourceUrl":"https://kspservices.big.go.id/satupeta/rest/services/PUBLIK/PERIZINAN_DAN_PERTANAHAN/MapServer/39","retrievedAt":"2026-08-24T23:55:27Z","geometryProcessing":"web display simplification tolerance 0.00035 degrees","name":"PT. PUCUK JAYA","group":"Tidak ada","issuer":"Bupati Paser","permitNumber":"593.41/23/T.PRAJA/XII/2008","permitDate":"2008-12-30","areaHa":4775.0,"village":"Kerang dan Kerang Dayo","subdistrict":"Batu Engau","district":"Paser","status":"Aktif","coverageCaveat":"BIG public plantation location layer covers selected districts only; it is not complete Indonesia-wide plantation coverage.","region":"kalimantan"},"geometry":{"type":"Polygon","coordinates":[[[116.04571,-2.19428],[116.04257,-2.18756],[116.02989,-2.18165],[116.03009,-2.14809],[115.98422,-2.14847],[115.9805,-2.15018],[115.97765,-2.15056],[115.97594,-2.15161],[115.9727,-2.15246],[115.98536,-2.15779],[115.98586,-2.1691],[115.99716,-2.17902],[116.00091,-2.18756],[116.00091,-2.19709],[116.01449,-2.19709],[116.01449,-2.25091],[116.02446,-2.2609],[116.03533,-2.25363],[116.0359,-2.22099],[116.0424,-2.22822],[116.04855,-2.22821],[116.0576,-2.21975],[116.04571,-2.19428]]]}},{"type":"Feature","properties":{"inventoryId":"big-oil-palm-kutai-barat:35","sector":"Sawit","subtype":"Izin Lokasi Sawit","quality":"OFFICIAL","sourceDataset":"big-oil-palm-kutai-barat","sourceRecordId":"35","source":"BIG Kebijakan Satu Peta","sourceUrl":"https://kspservices.big.go.id/satupeta/rest/services/PUBLIK/PERIZINAN_DAN_PERTANAHAN/MapServer/36","retrievedAt":"2026-08-24T23:55:27Z","geometryProcessing":"web display simplification tolerance 0.00035 degrees","name":"PT. Putra Bongan Jaya","issuer":"Kepala DPMPTSP","permitNumber":"525.29/K.64/2017","permitDate":"2017-06-16","areaHa":4460.0,"village":"Bukit Harapan, Jambuk Makmur, Jambuk, Muara Gusik","subdistrict":"Bongan","district":"Kutai Barat","status":"aktif","coverageCaveat":"BIG public plantation location layer covers selected districts only; it is not complete Indonesia-wide plantation coverage.","region":"kalimantan"},"geometry":{"type":"Polygon","coordinates":[[[116.38444,-0.63583],[116.37833,-0.62889],[116.32722,-0.70889],[116.32417,-0.72833],[116.31896,-0.73667],[116.29167,-0.75833],[116.29167,-0.74667],[116.30245,-0.74663],[116.3025,-0.72528],[116.30389,-0.72361],[116.31417,-0.72361],[116.31492,-0.71556],[116.28723,-0.71555],[116.28722,-0.74722],[116.28072,-0.7511],[116.27869,-0.75516],[116.2812,-0.76423],[116.28,-0.76781],[116.27427,-0.77091],[116.27556,-0.77389],[116.27681,-0.77272],[116.27651,-0.77548],[116.27842,-0.77753],[116.27526,-0.77823],[116.27474,-0.78007],[116.27507,-0.78058],[116.27548,-0.78074],[116.27563,-0.77962],[116.27709,-0.77926],[116.27756,-0.78128],[116.27625,-0.78168],[116.2758,-0.78298],[116.275,-0.78215],[116.27401,-0.78269],[116.27513,-0.78325],[116.27453,-0.78394],[116.27371,-0.78373],[116.26808,-0.80382],[116.27922,-0.8028],[116.28611,-0.7975],[116.28807,-0.77328],[116.28972,-0.76778],[116.29436,-0.75734],[116.3143,-0.74209],[116.32133,-0.73506],[116.33689,-0.70647],[116.34289,-0.69881],[116.3575,-0.69583],[116.37588,-0.70349],[116.37938,-0.69566],[116.38502,-0.69566],[116.38361,-0.68914],[116.38051,-0.68573],[116.38277,-0.68147],[116.38277,-0.67381],[116.38446,-0.67296],[116.38756,-0.67353],[116.38841,-0.67211],[116.3901,-0.66785],[116.39038,-0.66331],[116.38756,-0.66075],[116.38728,-0.65848],[116.39209,-0.65178],[116.3963,-0.65054],[116.38916,-0.64027],[116.38444,-0.63583]]]}},{"type":"Feature","properties":{"inventoryId":"big-oil-palm-kutai-barat:7","sector":"Sawit","subtype":"Izin Lokasi Sawit","quality":"OFFICIAL","sourceDataset":"big-oil-palm-kutai-barat","sourceRecordId":"7","source":"BIG Kebijakan Satu Peta","sourceUrl":"https://kspservices.big.go.id/satupeta/rest/services/PUBLIK/PERIZINAN_DAN_PERTANAHAN/MapServer/36","retrievedAt":"2026-08-24T23:55:27Z","geometryProcessing":"web display simplification tolerance 0.00035 degrees","name":"PT. Putra Bongan Jaya","issuer":"Bupati","permitNumber":"525.26/K.1087/2007","permitDate":"2007-12-19","areaHa":16640.0,"village":"Muara Kedang, Jambuk, Gusik","subdistrict":"Bongan","district":"Kutai Barat","status":"aktif","coverageCaveat":"BIG public plantation location layer covers selected districts only; it is not complete Indonesia-wide plantation coverage.","region":"kalimantan"},"geometry":{"type":"Polygon","coordinates":[[[116.37833,-0.62889],[116.37917,-0.6275],[116.31806,-0.53722],[116.29009,-0.52691],[116.27,-0.50944],[116.26056,-0.50944],[116.26056,-0.50333],[116.21917,-0.50333],[116.21917,-0.54972],[116.27111,-0.54972],[116.27111,-0.61056],[116.29553,-0.61056],[116.31694,-0.69389],[116.31417,-0.72361],[116.30389,-0.72361],[116.3025,-0.72528],[116.30245,-0.74663],[116.29167,-0.74667],[116.29167,-0.75833],[116.31896,-0.73667],[116.32417,-0.72833],[116.32722,-0.70889],[116.37833,-0.62889]]]}},{"type":"Feature","properties":{"inventoryId":"big-oil-palm-kutai-barat:36","sector":"Sawit","subtype":"Izin Lokasi Sawit","quality":"OFFICIAL","sourceDataset":"big-oil-palm-kutai-barat","sourceRecordId":"36","source":"BIG Kebijakan Satu Peta","sourceUrl":"https://kspservices.big.go.id/satupeta/rest/services/PUBLIK/PERIZINAN_DAN_PERTANAHAN/MapServer/36","retrievedAt":"2026-08-24T23:55:27Z","geometryProcessing":"web display simplification tolerance 0.00035 degrees","name":"PT. Putra Utama Lestari","issuer":"Bupati","permitNumber":"525.29/K.1099/2015","permitDate":"2015-07-06","areaHa":16989.0,"village":"Linggang Marimun, Kelumpang, Merayak, Gemuruh, Sakaq Lotoq, Sakaq Tada, Muara Kalaq, Long Daliq, Mam","subdistrict":"Melak, Muara Pahu, Mook Manaart Bulat, Long Iram","district":"Kutai Barat","coverageCaveat":"BIG public plantation location layer covers selected districts only; it is not complete Indonesia-wide plantation coverage.","region":"kalimantan"},"geometry":{"type":"MultiPolygon","coordinates":[[[[115.7851,-0.04994],[115.7827,-0.0477],[115.7777,-0.04628],[115.7744,-0.04456],[115.7717,-0.04186],[115.76919,-0.038],[115.75367,-0.038],[115.74293,-0.05184],[115.747,-0.052],[115.74915,-0.05293],[115.75039,-0.05583],[115.74925,-0.05921],[115.74755,-0.06193],[115.74194,-0.06733],[115.74085,-0.06924],[115.74261,-0.06941],[115.74535,-0.07096],[115.74961,-0.07544],[115.75125,-0.07918],[115.75176,-0.08438],[115.7541,-0.08706],[115.75605,-0.08785],[115.75821,-0.08769],[115.76459,-0.08411],[115.7706,-0.08269],[115.77463,-0.08344],[115.77769,-0.08515],[115.77989,-0.08765],[115.78038,-0.08924],[115.78042,-0.09086],[115.77695,-0.09887],[115.77065,-0.10543],[115.76789,-0.11101],[115.76735,-0.11304],[115.76751,-0.1162],[115.7689,-0.11964],[115.76827,-0.12408],[115.76492,-0.12636],[115.76045,-0.12637],[115.76497,-0.12962],[115.76721,-0.13004],[115.76932,-0.12969],[115.77066,-0.12897],[115.77261,-0.12643],[115.7738,-0.11958],[115.77481,-0.11756],[115.77729,-0.1163],[115.77899,-0.11652],[115.78045,-0.1174],[115.78237,-0.12065],[115.78289,-0.12968],[115.78514,-0.13427],[115.79368,-0.13963],[115.80037,-0.14198],[115.80329,-0.14456],[115.80382,-0.14772],[115.80283,-0.15093],[115.80066,-0.15277],[115.79408,-0.15331],[115.79394,-0.15427],[115.80165,-0.15872],[115.81189,-0.16201],[115.81506,-0.16748],[115.81882,-0.16479],[115.82097,-0.16739],[115.82085,-0.17017],[115.82251,-0.16982],[115.8242,-0.1683],[115.82423,-0.16605],[115.82281,-0.16495],[115.82043,-0.16491],[115.81969,-0.16401],[115.82052,-0.16213],[115.82216,-0.16196],[115.82265,-0.16112],[115.82376,-0.16088],[115.82429,-0.16284],[115.82566,-0.16482],[115.82663,-0.16842],[115.82744,-0.16926],[115.82766,-0.16743],[115.82601,-0.16505],[115.82587,-0.16266],[115.82511,-0.16108],[115.82531,-0.15893],[115.82641,-0.15885],[115.82669,-0.1566],[115.82905,-0.15545],[115.83115,-0.15545],[115.83133,-0.15385],[115.83256,-0.15262],[115.8335,-0.15257],[115.83538,-0.15487],[115.83716,-0.16051],[115.84085,-0.16402],[115.841,-0.16475],[115.83951,-0.16701],[115.83782,-0.16771],[115.83691,-0.17401],[115.83323,-0.17665],[115.83284,-0.17858],[115.83471,-0.18217],[115.83342,-0.18445],[115.83351,-0.18562],[115.83474,-0.18702],[115.84732,-0.18128],[115.86558,-0.16201],[115.8543,-0.1528],[115.8478,-0.14545],[115.8416,-0.13556],[115.834,-0.12597],[115.8289,-0.11821],[115.8204,-0.10183],[115.8078,-0.08597],[115.8012,-0.0758],[115.797,-0.07034],[115.7945,-0.06523],[115.7851,-0.04994]]],[[[115.90982,-0.20444],[115.9022,-0.2027],[115.8944,-0.19685],[115.8899,-0.19191],[115.88467,-0.18415],[115.87938,-0.17797],[115.87941,-0.22091],[115.86746,-0.22095],[115.86746,-0.2196],[115.85592,-0.2196],[115.85592,-0.25982],[115.8903,-0.25983],[115.8903,-0.23201],[115.8725,-0.22722],[115.90982,-0.20444]]],[[[115.5891,0.22372],[115.5843,0.24431],[115.58389,0.24972],[115.57386,0.24968],[115.57056,0.24694],[115.56194,0.24639],[115.56167,0.23111],[115.5536,0.231],[115.55361,0.22222],[115.53111,0.22222],[115.53111,0.21361],[115.52614,0.21361],[115.52583,0.1675],[115.53053,0.16745],[115.53056,0.1575],[115.53417,0.15694],[115.53417,0.14611],[115.58028,0.14611],[115.58,0.155],[115.59417,0.155],[115.59509,0.16096],[115.59449,0.17008],[115.59179,0.20132],[115.5891,0.22372]]]]}},{"type":"Feature","properties":{"inventoryId":"big-oil-palm-kutai-kartanegara:38","sector":"Sawit","subtype":"Izin Lokasi Sawit","quality":"OFFICIAL","sourceDataset":"big-oil-palm-kutai-kartanegara","sourceRecordId":"38","source":"BIG Kebijakan Satu Peta","sourceUrl":"https://kspservices.big.go.id/satupeta/rest/services/PUBLIK/PERIZINAN_DAN_PERTANAHAN/MapServer/37","retrievedAt":"2026-08-24T23:55:27Z","geometryProcessing":"web display simplification tolerance 0.00035 degrees","name":"PT. REA KALTIM PLANTATIONS","issuer":"Bupati Kutai Kartanegara","permitNumber":"04/BPN-44.3/UM-91/X-2001","permitDate":"2001-10-17","areaHa":17500.0,"village":"Gunung Sari, Long Lalang, Muara Ritan dan Buluqsen","subdistrict":"Tabang","district":"Kutai Kartanegara","coverageCaveat":"BIG public plantation location layer covers selected districts only; it is not complete Indonesia-wide plantation coverage.","region":"kalimantan"},"geometry":{"type":"Polygon","coordinates":[[[116.18177,0.39257],[116.18576,0.40545],[116.18799,0.40995],[116.18764,0.41207],[116.16488,0.43288],[116.16672,0.54991],[116.1617,0.55603],[116.15588,0.55789],[116.15351,0.56055],[116.14637,0.56188],[116.13871,0.55789],[116.13316,0.55257],[116.13026,0.54379],[116.08135,0.5233],[116.08043,0.40095],[116.08736,0.39823],[116.09417,0.39776],[116.09863,0.39457],[116.10662,0.39209],[116.11343,0.39221],[116.11777,0.38913],[116.13632,0.3902],[116.14349,0.38736],[116.14607,0.38311],[116.15077,0.36774],[116.15406,0.36514],[116.15723,0.3649],[116.16803,0.37046],[116.17907,0.38429],[116.18177,0.39257]]]}},{"type":"Feature","properties":{"inventoryId":"big-oil-palm-kutai-barat:37","sector":"Sawit","subtype":"Izin Lokasi Sawit","quality":"OFFICIAL","sourceDataset":"big-oil-palm-kutai-barat","sourceRecordId":"37","source":"BIG Kebijakan Satu Peta","sourceUrl":"https://kspservices.big.go.id/satupeta/rest/services/PUBLIK/PERIZINAN_DAN_PERTANAHAN/MapServer/36","retrievedAt":"2026-08-24T23:55:27Z","geometryProcessing":"web display simplification tolerance 0.00035 degrees","name":"PT. Rimba Rayatama Jaya","group":"THA Group","issuer":"Bupati","permitNumber":"525.29/K.763/2011","permitDate":"2011-09-30","areaHa":3998.0,"village":"Besiq","subdistrict":"Damai","district":"Kutai Barat","status":"aktif","coverageCaveat":"BIG public plantation location layer covers selected districts only; it is not complete Indonesia-wide plantation coverage.","region":"kalimantan"},"geometry":{"type":"Polygon","coordinates":[[[115.48333,-0.53333],[115.48333,-0.56667],[115.46667,-0.56667],[115.46667,-0.58333],[115.4605,-0.58333],[115.46042,-0.58493],[115.45083,-0.59167],[115.44825,-0.5956],[115.44422,-0.59873],[115.43737,-0.60216],[115.42722,-0.60917],[115.42099,-0.62167],[115.41801,-0.62951],[115.42095,-0.62845],[115.42499,-0.62802],[115.42678,-0.62843],[115.42767,-0.62915],[115.4288,-0.63407],[115.4298,-0.63532],[115.43178,-0.63668],[115.43531,-0.6377],[115.43654,-0.63858],[115.43692,-0.64257],[115.43905,-0.64208],[115.44437,-0.64257],[115.45398,-0.64685],[115.46157,-0.64883],[115.46,-0.63333],[115.47583,-0.60806],[115.48278,-0.60556],[115.50194,-0.53333],[115.48333,-0.53333]]]}},{"type":"Feature","properties":{"inventoryId":"big-oil-palm-paser:45","sector":"Sawit","subtype":"Izin Lokasi Sawit","quality":"OFFICIAL","sourceDataset":"big-oil-palm-paser","sourceRecordId":"45","source":"BIG Kebijakan Satu Peta","sourceUrl":"https://kspservices.big.go.id/satupeta/rest/services/PUBLIK/PERIZINAN_DAN_PERTANAHAN/MapServer/39","retrievedAt":"2026-08-24T23:55:27Z","geometryProcessing":"web display simplification tolerance 0.00035 degrees","name":"PT. SAHABAT SAWIT SEJAHTERA","group":"Tidak ada","issuer":"Bupati Paser","permitNumber":"503/01/PEM-SILP/I/2015 (Perpanjangan III)","permitDate":"2015-01-20","areaHa":5628.0,"village":"Bentetualan, Mendik, Longkali, Putang, Sebakung","subdistrict":"Long Kali","district":"Paser","status":"Tidak Aktif","coverageCaveat":"BIG public plantation location layer covers selected districts only; it is not complete Indonesia-wide plantation coverage.","region":"kalimantan"},"geometry":{"type":"MultiPolygon","coordinates":[[[[116.31488,-1.48853],[116.31909,-1.48468],[116.31909,-1.47937],[116.31549,-1.47351],[116.29932,-1.47229],[116.29688,-1.47479],[116.28809,-1.4751],[116.28247,-1.49359],[116.25153,-1.49078],[116.25208,-1.51068],[116.25751,-1.52112],[116.26251,-1.52582],[116.27393,-1.52008],[116.28351,-1.51703],[116.28589,-1.51709],[116.2915,-1.52649],[116.29773,-1.52368],[116.29889,-1.52588],[116.31207,-1.51892],[116.31311,-1.51508],[116.31549,-1.51538],[116.31732,-1.50769],[116.31708,-1.50348],[116.31567,-1.49762],[116.31268,-1.4967],[116.31268,-1.49377],[116.31488,-1.48853]]],[[[116.32349,-1.52979],[116.31451,-1.52429],[116.30591,-1.5274],[116.2995,-1.53119],[116.29608,-1.53882],[116.2887,-1.5426],[116.28729,-1.54468],[116.28552,-1.54932],[116.27948,-1.55377],[116.2785,-1.55579],[116.28052,-1.55841],[116.32349,-1.52979]]],[[[116.3725,-1.50153],[116.36768,-1.5014],[116.36548,-1.5022],[116.36188,-1.5025],[116.35968,-1.50409],[116.3573,-1.5072],[116.35413,-1.5083],[116.34869,-1.51288],[116.34253,-1.51428],[116.33807,-1.51788],[116.33008,-1.51929],[116.33612,-1.52429],[116.36951,-1.50751],[116.3725,-1.50153]]],[[[116.3559,-1.48169],[116.35809,-1.47998],[116.35931,-1.47821],[116.35809,-1.47388],[116.35852,-1.47198],[116.36047,-1.46991],[116.36047,-1.46289],[116.35889,-1.46381],[116.35608,-1.46753],[116.35291,-1.46777],[116.3501,-1.47028],[116.34613,-1.4707],[116.34412,-1.4718],[116.34308,-1.47278],[116.34131,-1.4776],[116.33832,-1.48132],[116.33588,-1.48163],[116.3349,-1.48108],[116.33331,-1.47791],[116.3313,-1.47601],[116.33069,-1.4762],[116.3313,-1.479],[116.33447,-1.48389],[116.3349,-1.48889],[116.3399,-1.49408],[116.3407,-1.49731],[116.34052,-1.49878],[116.33868,-1.50079],[116.33411,-1.50122],[116.33069,-1.49988],[116.3241,-1.49609],[116.32349,-1.4967],[116.32391,-1.5],[116.32709,-1.50421],[116.32727,-1.50629],[116.32593,-1.50909],[116.32568,-1.51221],[116.3233,-1.51508],[116.32288,-1.51678],[116.32611,-1.51678],[116.33087,-1.5144],[116.33472,-1.51392],[116.33948,-1.51031],[116.34869,-1.5069],[116.35248,-1.5047],[116.35388,-1.5033],[116.35608,-1.50061],[116.35529,-1.49481],[116.35327,-1.49017],[116.35388,-1.48798],[116.35388,-1.48389],[116.3559,-1.48169]]]]}},{"type":"Feature","properties":{"inventoryId":"big-oil-palm-kutai-kartanegara:39","sector":"Sawit","subtype":"Izin Lokasi Sawit","quality":"OFFICIAL","sourceDataset":"big-oil-palm-kutai-kartanegara","sourceRecordId":"39","source":"BIG Kebijakan Satu Peta","sourceUrl":"https://kspservices.big.go.id/satupeta/rest/services/PUBLIK/PERIZINAN_DAN_PERTANAHAN/MapServer/37","retrievedAt":"2026-08-24T23:55:27Z","geometryProcessing":"web display simplification tolerance 0.00035 degrees","name":"PT. SANDIKA DARMA ABADI","issuer":"Bupati Kutai Kartanegara","permitNumber":"590/525.29/17/A.Ptn","permitDate":"2013-08-21","areaHa":2263.0,"village":"Muara Kembang dan Tama Pole","subdistrict":"Muara Jawa","district":"Kutai Kartanegara","status":"Aktif","coverageCaveat":"BIG public plantation location layer covers selected districts only; it is not complete Indonesia-wide plantation coverage.","region":"kalimantan"},"geometry":{"type":"MultiPolygon","coordinates":[[[[117.28322,-0.74852],[117.27474,-0.73882],[117.25979,-0.73578],[117.26343,-0.74298],[117.25476,-0.76232],[117.24714,-0.76809],[117.24435,-0.77977],[117.26249,-0.78901],[117.2813,-0.78868],[117.28147,-0.78507],[117.2793,-0.78507],[117.2793,-0.77842],[117.28179,-0.77842],[117.28322,-0.74852]]],[[[117.25335,-0.76114],[117.26179,-0.74298],[117.25429,-0.72765],[117.24761,-0.72765],[117.24761,-0.75276],[117.24878,-0.75277],[117.24878,-0.76291],[117.25335,-0.76114]]],[[[117.27186,-0.72293],[117.26907,-0.72397],[117.26888,-0.726],[117.26836,-0.72652],[117.26577,-0.72678],[117.2652,-0.72819],[117.26369,-0.7284],[117.26214,-0.72788],[117.26209,-0.72569],[117.25522,-0.72672],[117.25948,-0.73492],[117.27468,-0.73792],[117.27573,-0.73083],[117.27186,-0.72293]]]]}},{"type":"Feature","properties":{"inventoryId":"big-oil-palm-paser:50","sector":"Sawit","subtype":"Izin Lokasi Sawit","quality":"OFFICIAL","sourceDataset":"big-oil-palm-paser","sourceRecordId":"50","source":"BIG Kebijakan Satu Peta","sourceUrl":"https://kspservices.big.go.id/satupeta/rest/services/PUBLIK/PERIZINAN_DAN_PERTANAHAN/MapServer/39","retrievedAt":"2026-08-24T23:55:27Z","geometryProcessing":"web display simplification tolerance 0.00035 degrees","name":"PT. SARASWANTI SAWIT MAKMUR","group":"Tidak ada","issuer":"Bupati Paser","permitNumber":"07/T.PRAJA-SILP/VII/2007","permitDate":"2007-03-05","areaHa":6000.0,"village":"Kerang dan Kerang Dayo","subdistrict":"Batu Engau","district":"Paser","status":"Aktif","sourceRemark":"Saat penerbitan Ilok masih Kabupaten Pasir","coverageCaveat":"BIG public plantation location layer covers selected districts only; it is not complete Indonesia-wide plantation coverage.","region":"kalimantan"},"geometry":{"type":"Polygon","coordinates":[[[116.01449,-2.25091],[116.01449,-2.19994],[116.00091,-2.19709],[116.00091,-2.18756],[115.99716,-2.17902],[115.99141,-2.17398],[115.98168,-2.16938],[115.96432,-2.14669],[115.93619,-2.14649],[115.93689,-2.16767],[115.98482,-2.18655],[115.98876,-2.25154],[115.99219,-2.26442],[115.99016,-2.27566],[115.99396,-2.27938],[115.99485,-2.27997],[115.99574,-2.2798],[115.99717,-2.27794],[115.99777,-2.27244],[115.99932,-2.27034],[116.00039,-2.26957],[116.00366,-2.27005],[116.01068,-2.27322],[116.01358,-2.27687],[116.01608,-2.28292],[116.01406,-2.28747],[116.01392,-2.2894],[116.0148,-2.29002],[116.01627,-2.29031],[116.01727,-2.28978],[116.0207,-2.28682],[116.02317,-2.28706],[116.02741,-2.29065],[116.03326,-2.29209],[116.03549,-2.29418],[116.03773,-2.29314],[116.04021,-2.29104],[116.04378,-2.28664],[116.04388,-2.28348],[116.04497,-2.28051],[116.04626,-2.27779],[116.04969,-2.27396],[116.04958,-2.27064],[116.05119,-2.26729],[116.05569,-2.26094],[116.05617,-2.25601],[116.05808,-2.25376],[116.05828,-2.23107],[116.05358,-2.23082],[116.05239,-2.22959],[116.05005,-2.22896],[116.04582,-2.22891],[116.0424,-2.22822],[116.0359,-2.22099],[116.03533,-2.25363],[116.02446,-2.2609],[116.01449,-2.25091]]]}},{"type":"Feature","properties":{"inventoryId":"big-oil-palm-kutai-kartanegara:40","sector":"Sawit","subtype":"Izin Lokasi Sawit","quality":"OFFICIAL","sourceDataset":"big-oil-palm-kutai-kartanegara","sourceRecordId":"40","source":"BIG Kebijakan Satu Peta","sourceUrl":"https://kspservices.big.go.id/satupeta/rest/services/PUBLIK/PERIZINAN_DAN_PERTANAHAN/MapServer/37","retrievedAt":"2026-08-24T23:55:27Z","geometryProcessing":"web display simplification tolerance 0.00035 degrees","name":"PT. SASANA YUDHA BHAKTI","issuer":"Pj. Bupati Kutai Kartanegara","permitNumber":"590/525.29/007/A.Ptn","permitDate":"2009-07-23","areaHa":10710.0,"village":"Gunung Sari, Buluqsen, Ritan Baru dan Tukung Ritan","subdistrict":"Tabang","district":"Kutai Kartanegara","status":"Aktif","coverageCaveat":"BIG public plantation location layer covers selected districts only; it is not complete Indonesia-wide plantation coverage.","region":"kalimantan"},"geometry":{"type":"Polygon","coordinates":[[[116.14924,0.51333],[116.1486,0.52315],[116.13047,0.52555],[116.11183,0.513],[116.08433,0.51735],[116.07435,0.51335],[116.06888,0.50795],[116.06435,0.50572],[116.06023,0.5003],[116.05835,0.49259],[116.06058,0.48894],[116.06639,0.48297],[116.07402,0.4779],[116.07984,0.47239],[116.08428,0.46416],[116.08643,0.45232],[116.09324,0.44298],[116.09987,0.44154],[116.10477,0.43849],[116.10679,0.43154],[116.10849,0.41791],[116.11519,0.41682],[116.12299,0.40855],[116.12819,0.40518],[116.12819,0.39994],[116.136,0.39695],[116.13861,0.38871],[116.14567,0.38235],[116.15869,0.38348],[116.16579,0.39201],[116.16988,0.39515],[116.17081,0.39787],[116.17674,0.40373],[116.15547,0.42397],[116.15259,0.44981],[116.15394,0.4499],[116.14924,0.51333]]]}},{"type":"Feature","properties":{"inventoryId":"big-oil-palm-kutai-kartanegara:41","sector":"Sawit","subtype":"Izin Lokasi Sawit","quality":"OFFICIAL","sourceDataset":"big-oil-palm-kutai-kartanegara","sourceRecordId":"41","source":"BIG Kebijakan Satu Peta","sourceUrl":"https://kspservices.big.go.id/satupeta/rest/services/PUBLIK/PERIZINAN_DAN_PERTANAHAN/MapServer/37","retrievedAt":"2026-08-24T23:55:27Z","geometryProcessing":"web display simplification tolerance 0.00035 degrees","name":"PT. SASANA YUDHA BHAKTI","issuer":"Bupati Kutai Kartanegara","permitNumber":"27/DPtn/UM-24/IX-2003","permitDate":"2004-09-27","areaHa":6000.0,"village":"Kelekat, Pulau Pinang dan Long Beleh Haloq","subdistrict":"Kembang Janggut","district":"Kutai Kartanegara","coverageCaveat":"BIG public plantation location layer covers selected districts only; it is not complete Indonesia-wide plantation coverage.","region":"kalimantan"},"geometry":{"type":"Polygon","coordinates":[[[116.15907,0.22705],[116.15833,0.19984],[116.17695,0.19222],[116.19679,0.18512],[116.23954,0.13842],[116.24461,0.14863],[116.2348,0.17514],[116.26819,0.16227],[116.31083,0.15185],[116.32989,0.14896],[116.34223,0.15151],[116.33166,0.15961],[116.3093,0.16943],[116.26962,0.19189],[116.20196,0.22439],[116.18135,0.22598],[116.17166,0.22805],[116.15907,0.22705]]]}},{"type":"Feature","properties":{"inventoryId":"big-oil-palm-kutai-kartanegara:42","sector":"Sawit","subtype":"Izin Lokasi Sawit","quality":"OFFICIAL","sourceDataset":"big-oil-palm-kutai-kartanegara","sourceRecordId":"42","source":"BIG Kebijakan Satu Peta","sourceUrl":"https://kspservices.big.go.id/satupeta/rest/services/PUBLIK/PERIZINAN_DAN_PERTANAHAN/MapServer/37","retrievedAt":"2026-08-24T23:55:27Z","geometryProcessing":"web display simplification tolerance 0.00035 degrees","name":"PT. SAWIT GOLDEN PRIMA","issuer":"Bupati Kutai Kartanegara","permitNumber":"590/525.29/018/A.Ptn","permitDate":"2012-05-31","areaHa":16000.0,"village":"Kupang Baru","subdistrict":"Muara Kaman","district":"Kutai Kartanegara","status":"Aktif","coverageCaveat":"BIG public plantation location layer covers selected districts only; it is not complete Indonesia-wide plantation coverage.","region":"kalimantan"},"geometry":{"type":"Polygon","coordinates":[[[116.5812,0.12841],[116.57363,0.14508],[116.53993,0.10174],[116.54814,0.01442],[116.56716,0.01623],[116.69956,0.01671],[116.66803,0.09601],[116.59776,0.09553],[116.5812,0.12841]]]}},{"type":"Feature","properties":{"inventoryId":"big-oil-palm-kutai-kartanegara:23","sector":"Sawit","subtype":"Izin Lokasi Sawit","quality":"OFFICIAL","sourceDataset":"big-oil-palm-kutai-kartanegara","sourceRecordId":"23","source":"BIG Kebijakan Satu Peta","sourceUrl":"https://kspservices.big.go.id/satupeta/rest/services/PUBLIK/PERIZINAN_DAN_PERTANAHAN/MapServer/37","retrievedAt":"2026-08-24T23:55:27Z","geometryProcessing":"web display simplification tolerance 0.00035 degrees","name":"PT. SAWIT KALTIM LESTARI","issuer":"Bupati Kutai Kartanegara","permitNumber":"61/DPN.K/IL-59/X-2006","permitDate":"2006-10-04","areaHa":12000.0,"village":"Sabintulung dan Muara Kaman Ulu","subdistrict":"Muara Kaman","district":"Kutai Kartanegara","status":"Aktif","coverageCaveat":"BIG public plantation location layer covers selected districts only; it is not complete Indonesia-wide plantation coverage.","region":"kalimantan"},"geometry":{"type":"Polygon","coordinates":[[[116.86914,-0.06221],[116.85847,-0.05814],[116.85252,-0.05395],[116.8335,-0.05096],[116.82696,-0.05156],[116.80735,-0.05694],[116.80081,-0.06173],[116.78179,-0.07071],[116.76871,-0.08208],[116.75147,-0.08268],[116.73958,-0.08387],[116.73245,-0.08686],[116.72616,-0.09377],[116.72056,-0.11858],[116.73839,-0.13294],[116.76107,-0.13483],[116.76286,-0.12765],[116.76524,-0.12107],[116.77049,-0.11798],[116.77584,-0.11918],[116.78119,-0.11918],[116.78357,-0.12098],[116.78654,-0.12217],[116.79427,-0.12337],[116.80616,-0.11499],[116.81329,-0.1132],[116.81805,-0.10841],[116.82399,-0.10841],[116.82756,-0.1108],[116.82875,-0.11739],[116.8335,-0.12457],[116.84064,-0.12636],[116.84539,-0.13115],[116.84599,-0.13534],[116.86085,-0.1491],[116.86441,-0.15509],[116.887,-0.14491],[116.87036,-0.1102],[116.87155,-0.10482],[116.88291,-0.1022],[116.88802,-0.09837],[116.88676,-0.07964],[116.88875,-0.06044],[116.87432,-0.05242],[116.87067,-0.06277],[116.86914,-0.06221]]]}},{"type":"Feature","properties":{"inventoryId":"big-oil-palm-kutai-kartanegara:24","sector":"Sawit","subtype":"Izin Lokasi Sawit","quality":"OFFICIAL","sourceDataset":"big-oil-palm-kutai-kartanegara","sourceRecordId":"24","source":"BIG Kebijakan Satu Peta","sourceUrl":"https://kspservices.big.go.id/satupeta/rest/services/PUBLIK/PERIZINAN_DAN_PERTANAHAN/MapServer/37","retrievedAt":"2026-08-24T23:55:27Z","geometryProcessing":"web display simplification tolerance 0.00035 degrees","name":"PT. SAWIT KHATULISTIWA PLANTATIONS","issuer":"Plt. Bupati Kutai Kartanegara","permitNumber":"29/DPN.K/IL-29/V-2009","permitDate":"2008-05-22","areaHa":20000.0,"village":"Umaq Tukung, Umaq Dian, Kampung Baru, Muara Pedohon, Tabang Lama, Buluq Sen, Bekuai dan Sidomulyo","subdistrict":"Tabang","district":"Kutai Kartanegara","coverageCaveat":"BIG public plantation location layer covers selected districts only; it is not complete Indonesia-wide plantation coverage.","region":"kalimantan"},"geometry":{"type":"MultiPolygon","coordinates":[[[[116.09568,0.61761],[116.09323,0.61966],[116.09157,0.61907],[116.09049,0.61672],[116.08951,0.61594],[116.08732,0.61596],[116.08211,0.61891],[116.08115,0.61857],[116.07992,0.61663],[116.07738,0.61692],[116.07552,0.61438],[116.07474,0.60929],[116.07297,0.60743],[116.06945,0.60714],[116.06309,0.61066],[116.06016,0.61085],[116.05595,0.60802],[116.05233,0.60449],[116.05115,0.60068],[116.0491,0.59862],[116.04665,0.59784],[116.0446,0.59471],[116.042,0.59324],[116.04015,0.59324],[116.03897,0.59148],[116.03515,0.59021],[116.03476,0.58835],[116.03525,0.58786],[116.03899,0.58641],[116.04134,0.5843],[116.04212,0.5832],[116.04243,0.58038],[116.04142,0.576],[116.0357,0.57209],[116.03523,0.5713],[116.03562,0.56919],[116.03727,0.56762],[116.04322,0.56825],[116.04541,0.56692],[116.04572,0.5659],[116.04557,0.56175],[116.04016,0.55682],[116.0415,0.55291],[116.04056,0.5504],[116.04134,0.54899],[116.04478,0.54672],[116.0458,0.54484],[116.04486,0.53702],[116.04635,0.53506],[116.0523,0.53122],[116.05281,0.52567],[116.0539,0.5241],[116.05758,0.52105],[116.05837,0.51862],[116.05778,0.51642],[116.05632,0.51508],[116.04506,0.51267],[116.0424,0.5122],[116.0341,0.51447],[116.03175,0.51431],[116.02752,0.51267],[116.02635,0.51103],[116.02721,0.50296],[116.02604,0.50015],[116.02697,0.49866],[116.03042,0.49842],[116.03656,0.49498],[116.03789,0.49482],[116.04189,0.49631],[116.04471,0.49975],[116.04703,0.50138],[116.0483,0.50141],[116.05114,0.50007],[116.05342,0.49757],[116.05533,0.49695],[116.05723,0.49498],[116.06072,0.50431],[116.06775,0.50923],[116.07381,0.51473],[116.08234,0.51999],[116.11143,0.51712],[116.13159,0.52737],[116.15627,0.53196],[116.15894,0.53373],[116.15528,0.56176],[116.08604,0.58067],[116.115,0.60957],[116.11534,0.61193],[116.11495,0.61301],[116.11231,0.61369],[116.10859,0.61663],[116.10468,0.61712],[116.10096,0.61878],[116.09724,0.61712],[116.09568,0.61761]]],[[[116.02862,0.6248],[116.02043,0.6271],[116.00991,0.63229],[116.00084,0.63556],[115.99003,0.63636],[115.98311,0.63589],[115.97876,0.63472],[115.97231,0.62897],[115.96899,0.62714],[115.9703,0.62574],[115.97362,0.62396],[115.98297,0.62434],[115.98463,0.62321],[115.98627,0.61957],[115.98603,0.61386],[115.98519,0.61031],[115.98369,0.6089],[115.98,0.60811],[115.97935,0.60736],[115.9789,0.60441],[115.97479,0.60376],[115.97118,0.60249],[115.97015,0.60104],[115.97174,0.59702],[115.97249,0.59314],[115.9753,0.58757],[115.97731,0.58575],[115.98049,0.58505],[115.98199,0.58552],[115.98699,0.5894],[115.99069,0.58949],[115.9927,0.58818],[115.99539,0.58528],[115.99838,0.57902],[116.00123,0.57976],[116.0032,0.58121],[116.00816,0.58332],[116.01185,0.58168],[116.01363,0.58449],[116.01564,0.58496],[116.01863,0.58388],[116.01929,0.58472],[116.01938,0.58879],[116.01536,0.59249],[116.01466,0.59389],[116.01517,0.59553],[116.01685,0.59665],[116.02032,0.59726],[116.022,0.5966],[116.02616,0.59309],[116.02966,0.59499],[116.03147,0.59481],[116.0355,0.59288],[116.03679,0.59382],[116.03866,0.59891],[116.03971,0.5992],[116.04053,0.59867],[116.04188,0.5968],[116.04281,0.59715],[116.04433,0.59966],[116.04661,0.60072],[116.04889,0.60271],[116.04878,0.60469],[116.04965,0.60621],[116.05845,0.61434],[116.0605,0.61563],[116.06412,0.61492],[116.06938,0.61019],[116.07172,0.61054],[116.07266,0.61259],[116.07237,0.61522],[116.07026,0.6182],[116.06973,0.621],[116.07102,0.62369],[116.07213,0.62825],[116.06959,0.62878],[116.05726,0.62555],[116.04267,0.62522],[116.03741,0.62424],[116.02862,0.6248]]],[[[115.96426,0.61349],[115.96206,0.61448],[115.95965,0.61741],[115.95728,0.61916],[115.9535,0.62086],[115.95204,0.62266],[115.95142,0.62507],[115.95005,0.62502],[115.94736,0.62403],[115.94251,0.61869],[115.94071,0.6176],[115.9279,0.61249],[115.9232,0.60923],[115.93362,0.5907],[115.93622,0.59113],[115.93873,0.59018],[115.94365,0.5864],[115.94719,0.58474],[115.95107,0.58129],[115.95934,0.57538],[115.95986,0.57084],[115.9597,0.56517],[115.95799,0.54839],[115.9584,0.54262],[115.96159,0.54328],[115.96419,0.54224],[115.96702,0.54323],[115.96679,0.5439],[115.96461,0.54531],[115.96367,0.54716],[115.96386,0.54839],[115.96565,0.54891],[115.97005,0.54754],[115.97222,0.5481],[115.97227,0.54895],[115.97062,0.55165],[115.97076,0.55302],[115.97525,0.55397],[115.97799,0.55563],[115.97947,0.55516],[115.98201,0.55096],[115.98591,0.55386],[115.98757,0.55415],[115.98881,0.55392],[115.99141,0.5496],[115.99548,0.54742],[115.99808,0.54671],[116.00216,0.54659],[116.005,0.54807],[116.00553,0.54919],[116.00334,0.54925],[116.00311,0.55138],[116.00624,0.5522],[116.00984,0.55197],[116.01097,0.55705],[116.01268,0.55711],[116.0138,0.55782],[116.01135,0.56952],[116.00851,0.57916],[116.0069,0.57893],[116.00411,0.57637],[116.00009,0.57434],[115.99886,0.57439],[115.9956,0.5759],[115.99248,0.57912],[115.99047,0.58474],[115.98872,0.58668],[115.98461,0.58351],[115.98083,0.58181],[115.97705,0.58186],[115.97312,0.58427],[115.96948,0.59188],[115.9691,0.59434],[115.96667,0.6003],[115.96653,0.60309],[115.96998,0.60507],[115.97144,0.6071],[115.97239,0.60758],[115.97594,0.60748],[115.9765,0.6098],[115.97783,0.61117],[115.98156,0.61235],[115.98241,0.61429],[115.98251,0.61878],[115.9818,0.62006],[115.98071,0.62063],[115.97154,0.62082],[115.96799,0.62271],[115.96714,0.62186],[115.96691,0.61491],[115.96563,0.61344],[115.96426,0.61349]]],[[[116.03144,0.5717],[116.03154,0.57287],[116.03087,0.57309],[116.02739,0.57144],[116.02382,0.57117],[116.01746,0.56702],[116.01434,0.566],[116.01354,0.56412],[116.01528,0.55944],[116.01532,0.55717],[116.01202,0.55525],[116.01216,0.55248],[116.01095,0.5507],[116.00698,0.55025],[116.00714,0.54793],[116.00642,0.54704],[116.00259,0.54494],[115.99799,0.54521],[115.99153,0.54771],[115.98791,0.55271],[115.98649,0.55239],[115.98325,0.54905],[115.98093,0.54972],[115.97843,0.55364],[115.97785,0.55382],[115.97549,0.55248],[115.97237,0.55213],[115.9721,0.55128],[115.97375,0.5486],[115.9725,0.54677],[115.96969,0.54619],[115.96603,0.54731],[115.9651,0.54704],[115.96835,0.5437],[115.96786,0.54227],[115.96523,0.5412],[115.96617,0.53852],[115.96594,0.53745],[115.96496,0.53683],[115.96371,0.53718],[115.96188,0.54196],[115.9609,0.54196],[115.96001,0.53959],[115.95863,0.53784],[115.95958,0.53349],[116.04287,0.53357],[116.04086,0.53713],[116.04131,0.54383],[116.0383,0.54622],[116.03517,0.55035],[116.03523,0.55208],[116.03699,0.55291],[116.03646,0.55648],[116.03752,0.56211],[116.03635,0.56362],[116.03423,0.56423],[116.03306,0.56529],[116.03127,0.56975],[116.03144,0.5717]]]]}},{"type":"Feature","properties":{"inventoryId":"big-oil-palm-kutai-kartanegara:43","sector":"Sawit","subtype":"Izin Lokasi Sawit","quality":"OFFICIAL","sourceDataset":"big-oil-palm-kutai-kartanegara","sourceRecordId":"43","source":"BIG Kebijakan Satu Peta","sourceUrl":"https://kspservices.big.go.id/satupeta/rest/services/PUBLIK/PERIZINAN_DAN_PERTANAHAN/MapServer/37","retrievedAt":"2026-08-24T23:55:27Z","geometryProcessing":"web display simplification tolerance 0.00035 degrees","name":"PT. SAWIT KHATULISTIWA PLANTATIONS","issuer":"Plt. Bupati Kutai Kartanegara","permitNumber":"119/DPN.K/IL-119/XI-2008","permitDate":"2008-11-08","areaHa":21000.0,"village":",Sidomulyo,BungaJadi,Sidomukti,ManunggalDaya,SumberSari,SebuluUlu,SebuluIlir,Segihan,Giri gung,Separi,SukaMaju,KertaBuana,BangunRejo,BukitPariaman,BuanaJaya,ManunggalJaya,BukitRaya,Embalut,TanjungBatu","subdistrict":"Muara Kaman, Sebulu dan Tenggarong Seberang","district":"Kutai Kartanegara","coverageCaveat":"BIG public plantation location layer covers selected districts only; it is not complete Indonesia-wide plantation coverage.","region":"kalimantan"},"geometry":{"type":"Polygon","coordinates":[[[116.90353,-0.1829],[116.89878,-0.17911],[116.89665,-0.1762],[116.8978,-0.16769],[116.896,-0.16049],[116.89379,-0.15648],[116.88036,-0.14914],[116.86306,-0.15675],[116.8603,-0.16866],[116.86002,-0.1782],[116.86154,-0.18845],[116.87898,-0.19523],[116.8805,-0.19855],[116.87995,-0.1996],[116.88242,-0.20122],[116.87803,-0.20536],[116.86404,-0.23154],[116.86336,-0.23124],[116.86258,-0.23273],[116.89275,-0.25321],[116.90133,-0.2564],[116.91115,-0.25363],[116.91794,-0.24283],[116.92015,-0.23813],[116.92112,-0.23245],[116.9088,-0.23135],[116.90963,-0.19938],[117.00018,-0.2003],[116.99541,-0.20946],[116.99434,-0.21365],[116.99853,-0.22291],[116.99824,-0.2273],[116.99229,-0.22915],[116.99268,-0.23646],[116.99229,-0.24397],[116.98907,-0.26073],[116.99034,-0.26385],[116.99005,-0.26795],[117.009,-0.2647],[117.01135,-0.26691],[117.01232,-0.26871],[117.01633,-0.27785],[117.01689,-0.28075],[117.01938,-0.28573],[117.02381,-0.2921],[117.02879,-0.30317],[117.03515,-0.30968],[117.03792,-0.30608],[117.04235,-0.30442],[117.04636,-0.30165],[117.04996,-0.3011],[117.05647,-0.30193],[117.06103,-0.30082],[117.06546,-0.30234],[117.06948,-0.30636],[117.07672,-0.31071],[117.08056,-0.31868],[117.08288,-0.32733],[117.08288,-0.33659],[117.07558,-0.3438],[117.06597,-0.34889],[117.06293,-0.37774],[117.05038,-0.38542],[117.03574,-0.38345],[117.02699,-0.37846],[117.02505,-0.37896],[117.02335,-0.38443],[117.02351,-0.38961],[117.0219,-0.39507],[117.02348,-0.39922],[117.02348,-0.40616],[117.02568,-0.40792],[117.02725,-0.41026],[117.02804,-0.41294],[117.0312,-0.41567],[117.03323,-0.41895],[117.03557,-0.4189],[117.03665,-0.41778],[117.04727,-0.41666],[117.05497,-0.40881],[117.07092,-0.39981],[117.08701,-0.39974],[117.09409,-0.35828],[117.0859,-0.34624],[117.08787,-0.32928],[117.09269,-0.30489],[117.10176,-0.28331],[117.10166,-0.27836],[117.09605,-0.27255],[117.09633,-0.27127],[117.09999,-0.26757],[117.10303,-0.26556],[117.10518,-0.26138],[117.10573,-0.25778],[117.10947,-0.25197],[117.10989,-0.24865],[117.1085,-0.24643],[117.11016,-0.24283],[117.11238,-0.23993],[117.1222,-0.23882],[117.12359,-0.23578],[117.12234,-0.22872],[117.12137,-0.22747],[117.11681,-0.23024],[117.11348,-0.23121],[117.10836,-0.23176],[117.10214,-0.22512],[117.09978,-0.22332],[117.09577,-0.22374],[117.09314,-0.22692],[117.09106,-0.23079],[117.08774,-0.23439],[117.08387,-0.23508],[117.07626,-0.23425],[117.07335,-0.23038],[117.07037,-0.22263],[117.06885,-0.22138],[117.06512,-0.21972],[117.06041,-0.21972],[117.05612,-0.21765],[117.05335,-0.21515],[117.05238,-0.20962],[117.05252,-0.20311],[117.05045,-0.19813],[117.04574,-0.1937],[117.04325,-0.1926],[117.03827,-0.19384],[117.03135,-0.19453],[117.0272,-0.19315],[117.02484,-0.19204],[117.02235,-0.18997],[117.0218,-0.18582],[117.02241,-0.18201],[117.02014,-0.18023],[117.01575,-0.1794],[117.0127,-0.17785],[117.00864,-0.17696],[117.00114,-0.1771],[116.99937,-0.17663],[116.99662,-0.17446],[116.99295,-0.17541],[116.9863,-0.18086],[116.97489,-0.18544],[116.97021,-0.18557],[116.96601,-0.18485],[116.95907,-0.18043],[116.95291,-0.17538],[116.94849,-0.17066],[116.94478,-0.16766],[116.94275,-0.16232],[116.93984,-0.1609],[116.93453,-0.16301],[116.92611,-0.16237],[116.91897,-0.17544],[116.91592,-0.1834],[116.91222,-0.18514],[116.90353,-0.1829]]]}},{"type":"Feature","properties":{"inventoryId":"big-oil-palm-kutai-kartanegara:44","sector":"Sawit","subtype":"Izin Lokasi Sawit","quality":"OFFICIAL","sourceDataset":"big-oil-palm-kutai-kartanegara","sourceRecordId":"44","source":"BIG Kebijakan Satu Peta","sourceUrl":"https://kspservices.big.go.id/satupeta/rest/services/PUBLIK/PERIZINAN_DAN_PERTANAHAN/MapServer/37","retrievedAt":"2026-08-24T23:55:27Z","geometryProcessing":"web display simplification tolerance 0.00035 degrees","name":"PT. SAWIT PRIMA SAKTI","issuer":"Pj. Bupati Kutai Kartanegara","permitNumber":"590/525.29/012/A.Ptn","permitDate":"2009-08-13","areaHa":3250.0,"village":"Puan Cepak dan Sedulang","subdistrict":"Muara Kaman","district":"Kutai Kartanegara","status":"Aktif","coverageCaveat":"BIG public plantation location layer covers selected districts only; it is not complete Indonesia-wide plantation coverage.","region":"kalimantan"},"geometry":{"type":"Polygon","coordinates":[[[116.89703,0.01546],[116.89704,0.0824],[116.89795,0.08685],[116.89822,0.09587],[116.89932,0.1003],[116.90037,0.10992],[116.89038,0.10828],[116.89017,-0.05382],[116.90013,-0.04135],[116.90009,-0.01493],[116.92641,-0.01503],[116.92645,0.01081],[116.90786,0.01201],[116.89698,0.01145],[116.89703,0.01546]]]}},{"type":"Feature","properties":{"inventoryId":"big-oil-palm-paser:54","sector":"Sawit","subtype":"Izin Lokasi Sawit","quality":"OFFICIAL","sourceDataset":"big-oil-palm-paser","sourceRecordId":"54","source":"BIG Kebijakan Satu Peta","sourceUrl":"https://kspservices.big.go.id/satupeta/rest/services/PUBLIK/PERIZINAN_DAN_PERTANAHAN/MapServer/39","retrievedAt":"2026-08-24T23:55:27Z","geometryProcessing":"web display simplification tolerance 0.00035 degrees","name":"PT. SENABANGUN ANEKA PERTIWI","group":"Jhonlin","issuer":"BPN","permitNumber":"469.1/153/BPN-44.4/1995","permitDate":"1995-03-30","areaHa":15000.0,"village":"Kerang, Mengkudu,Riwang,Tampakan, Lomu","subdistrict":"Batu Engau","district":"Paser","status":"Aktif","sourceRemark":"Saat penerbitan Ilok masih Kabupaten Pasir","coverageCaveat":"BIG public plantation location layer covers selected districts only; it is not complete Indonesia-wide plantation coverage.","region":"kalimantan"},"geometry":{"type":"Polygon","coordinates":[[[116.13181,-2.14173],[116.13204,-2.1447],[116.13089,-2.15607],[116.13198,-2.16566],[116.13149,-2.18562],[116.13073,-2.19079],[116.12844,-2.19902],[116.12367,-2.20744],[116.11567,-2.21931],[116.11168,-2.22026],[116.11072,-2.22467],[116.10901,-2.22677],[116.10558,-2.22715],[116.10463,-2.23137],[116.10044,-2.23117],[116.10025,-2.23347],[116.09777,-2.23596],[116.0991,-2.24017],[116.09852,-2.24266],[116.14022,-2.24425],[116.15029,-2.26241],[116.16476,-2.26127],[116.16532,-2.26778],[116.25491,-2.26573],[116.25729,-2.21364],[116.33248,-2.18238],[116.35795,-2.19352],[116.36466,-2.18401],[116.31319,-2.16073],[116.31024,-2.16465],[116.30652,-2.16729],[116.28844,-2.17461],[116.28007,-2.17974],[116.2725,-2.18334],[116.26882,-2.18452],[116.25764,-2.18564],[116.24648,-2.19197],[116.24192,-2.19341],[116.22308,-2.19461],[116.21877,-2.19579],[116.21636,-2.19761],[116.2149,-2.19603],[116.21367,-2.197],[116.2115,-2.1969],[116.21025,-2.1962],[116.20818,-2.19088],[116.20593,-2.18789],[116.20381,-2.18707],[116.20041,-2.18682],[116.19872,-2.18687],[116.19821,-2.18753],[116.19675,-2.18697],[116.19508,-2.18737],[116.19515,-2.18608],[116.19451,-2.18611],[116.19058,-2.18192],[116.18713,-2.17737],[116.1844,-2.17234],[116.18155,-2.16959],[116.1737,-2.16647],[116.1712,-2.16348],[116.1668,-2.16204],[116.16347,-2.16192],[116.15657,-2.16288],[116.15443,-2.16156],[116.15229,-2.15821],[116.14409,-2.14935],[116.13933,-2.14563],[116.13181,-2.14173]]]}},{"type":"Feature","properties":{"inventoryId":"big-oil-palm-kutai-barat:38","sector":"Sawit","subtype":"Izin Lokasi Sawit","quality":"OFFICIAL","sourceDataset":"big-oil-palm-kutai-barat","sourceRecordId":"38","source":"BIG Kebijakan Satu Peta","sourceUrl":"https://kspservices.big.go.id/satupeta/rest/services/PUBLIK/PERIZINAN_DAN_PERTANAHAN/MapServer/36","retrievedAt":"2026-08-24T23:55:27Z","geometryProcessing":"web display simplification tolerance 0.00035 degrees","name":"PT. Sendawar Agro Subur","issuer":"Bupati","permitNumber":"525.29/K.1118/2016","permitDate":"2016-12-14","areaHa":10300.0,"village":"Melapeh Baru, Muara Mujan, Kelubaq, Long Iram Bayan, Long Iram Seberang, Muara Leban","subdistrict":"Linggang Bigung, Tering, Long Iram","district":"Kutai Barat","coverageCaveat":"BIG public plantation location layer covers selected districts only; it is not complete Indonesia-wide plantation coverage.","region":"kalimantan"},"geometry":{"type":"Polygon","coordinates":[[[115.59816,-0.07944],[115.59816,-0.02772],[115.61475,-0.008],[115.56573,-0.008],[115.55959,-0.02445],[115.58686,-0.02478],[115.58703,-0.03083],[115.58342,-0.04258],[115.57261,-0.05311],[115.55819,-0.06106],[115.55923,-0.06881],[115.56188,-0.07608],[115.561,-0.07942],[115.51061,-0.1055],[115.50425,-0.10788],[115.43833,-0.14472],[115.44917,-0.16333],[115.48166,-0.14833],[115.50167,-0.18389],[115.48639,-0.19278],[115.49556,-0.20584],[115.49806,-0.205],[115.50055,-0.20861],[115.52247,-0.19592],[115.5225,-0.13],[115.56957,-0.13],[115.56944,-0.07945],[115.59816,-0.07944]]]}},{"type":"Feature","properties":{"inventoryId":"big-oil-palm-paser:55","sector":"Sawit","subtype":"Izin Lokasi Sawit","quality":"OFFICIAL","sourceDataset":"big-oil-palm-paser","sourceRecordId":"55","source":"BIG Kebijakan Satu Peta","sourceUrl":"https://kspservices.big.go.id/satupeta/rest/services/PUBLIK/PERIZINAN_DAN_PERTANAHAN/MapServer/39","retrievedAt":"2026-08-24T23:55:27Z","geometryProcessing":"web display simplification tolerance 0.00035 degrees","name":"PT. SINAR ALAM NIAGA RAYA","group":"Tidak ada","issuer":"Bupati Paser","permitNumber":"05/T.PRAJA-SILP/VI/2007","permitDate":"2007-06-07","areaHa":13100.0,"village":"Seniung Jaya, Laburan, Langgai, Riwang, Lori","subdistrict":"Pasir Belengkong, Batu Engau dan Tanjung Harapan","district":"Paser","status":"Tidak Aktif","sourceRemark":"Saat penerbitan Ilok masih Kabupaten Pasir","coverageCaveat":"BIG public plantation location layer covers selected districts only; it is not complete Indonesia-wide plantation coverage.","region":"kalimantan"},"geometry":{"type":"MultiPolygon","coordinates":[[[[116.32657,-2.03101],[116.32657,-2.02351],[116.27557,-2.02406],[116.27574,-2.03697],[116.26183,-2.03697],[116.262,-2.02422],[116.23983,-2.02446],[116.25236,-2.03174],[116.25196,-2.03994],[116.24382,-2.03954],[116.24342,-2.05555],[116.21975,-2.05515],[116.21945,-2.04773],[116.21236,-2.04773],[116.21086,-2.04961],[116.20907,-2.05079],[116.21359,-2.05731],[116.21789,-2.06228],[116.22009,-2.06596],[116.22124,-2.06928],[116.22604,-2.07347],[116.22977,-2.07419],[116.23301,-2.07612],[116.24329,-2.07685],[116.24477,-2.07665],[116.24713,-2.07512],[116.25246,-2.06953],[116.25468,-2.068],[116.26961,-2.05194],[116.27976,-2.04495],[116.28347,-2.04361],[116.28912,-2.04266],[116.29244,-2.04309],[116.29686,-2.04462],[116.31112,-2.04455],[116.32329,-2.04662],[116.32756,-2.04878],[116.33023,-2.04926],[116.33624,-2.05211],[116.33878,-2.05436],[116.34058,-2.05681],[116.34366,-2.06319],[116.34625,-2.07018],[116.34757,-2.08321],[116.34916,-2.09167],[116.35024,-2.08647],[116.35137,-2.08558],[116.35231,-2.08144],[116.35521,-2.08051],[116.35929,-2.08253],[116.35945,-2.08369],[116.35819,-2.08602],[116.35846,-2.08813],[116.35733,-2.08864],[116.35634,-2.08625],[116.35677,-2.08437],[116.35801,-2.0836],[116.35515,-2.08279],[116.3538,-2.08299],[116.35337,-2.08556],[116.35188,-2.08765],[116.35129,-2.09245],[116.34988,-2.09441],[116.35119,-2.10095],[116.3542,-2.10648],[116.37211,-2.09448],[116.41149,-2.05955],[116.36283,-2.05999],[116.3524,-2.05088],[116.35252,-2.04067],[116.34705,-2.04067],[116.3471,-2.03962],[116.33948,-2.03962],[116.33925,-2.03147],[116.32657,-2.03168],[116.32657,-2.03101]]],[[[116.34707,-2.18924],[116.35725,-2.17483],[116.33827,-2.16923],[116.33039,-2.13582],[116.32235,-2.13569],[116.31762,-2.13624],[116.3162,-2.13718],[116.316,-2.13918],[116.31656,-2.14099],[116.31551,-2.16457],[116.31445,-2.16913],[116.34516,-2.19342],[116.34707,-2.18924]]],[[[116.30011,-2.05356],[116.28769,-2.05043],[116.28475,-2.05014],[116.2781,-2.0534],[116.27342,-2.05723],[116.26124,-2.0716],[116.25464,-2.07538],[116.24874,-2.08049],[116.24619,-2.08186],[116.24368,-2.08202],[116.24215,-2.08272],[116.23861,-2.08261],[116.23828,-2.08571],[116.2747,-2.08254],[116.31227,-2.13429],[116.31765,-2.13016],[116.32292,-2.12898],[116.32904,-2.12842],[116.33969,-2.11593],[116.34576,-2.11148],[116.34168,-2.10341],[116.3399,-2.0966],[116.33905,-2.08815],[116.33878,-2.07703],[116.33774,-2.07073],[116.33617,-2.06653],[116.33116,-2.06129],[116.32985,-2.0583],[116.32842,-2.05667],[116.32602,-2.05536],[116.31471,-2.05221],[116.30011,-2.05356]]]]}},{"type":"Feature","properties":{"inventoryId":"big-oil-palm-kutai-kartanegara:67","sector":"Sawit","subtype":"Izin Lokasi Sawit","quality":"OFFICIAL","sourceDataset":"big-oil-palm-kutai-kartanegara","sourceRecordId":"67","source":"BIG Kebijakan Satu Peta","sourceUrl":"https://kspservices.big.go.id/satupeta/rest/services/PUBLIK/PERIZINAN_DAN_PERTANAHAN/MapServer/37","retrievedAt":"2026-08-24T23:55:27Z","geometryProcessing":"web display simplification tolerance 0.00035 degrees","name":"PT. SINAR SENDAWAR SAKTI","issuer":"Bupati Kutai Kartanegara","permitNumber":"590/525.29/017/A.Ptn","permitDate":"2014-09-19","areaHa":4900.0,"village":"Enggelam","subdistrict":"Muara WIs","district":"Kutai Kartanegara","coverageCaveat":"BIG public plantation location layer covers selected districts only; it is not complete Indonesia-wide plantation coverage.","region":"kalimantan"},"geometry":{"type":"Polygon","coordinates":[[[116.21319,-0.15959],[116.15604,-0.1404],[116.15116,-0.14659],[116.14502,-0.15831],[116.13652,-0.16561],[116.12581,-0.17163],[116.1118,-0.17337],[116.0992,-0.18383],[116.12471,-0.19778],[116.12864,-0.19509],[116.15207,-0.20737],[116.15729,-0.20127],[116.16215,-0.19776],[116.16583,-0.19715],[116.1744,-0.19794],[116.17805,-0.19765],[116.18918,-0.19211],[116.19892,-0.18959],[116.21319,-0.15959]]]}},{"type":"Feature","properties":{"inventoryId":"big-oil-palm-kutai-kartanegara:46","sector":"Sawit","subtype":"Izin Lokasi Sawit","quality":"OFFICIAL","sourceDataset":"big-oil-palm-kutai-kartanegara","sourceRecordId":"46","source":"BIG Kebijakan Satu Peta","sourceUrl":"https://kspservices.big.go.id/satupeta/rest/services/PUBLIK/PERIZINAN_DAN_PERTANAHAN/MapServer/37","retrievedAt":"2026-08-24T23:55:27Z","geometryProcessing":"web display simplification tolerance 0.00035 degrees","name":"PT. SUBUR SAWIT PLATINUM","issuer":"Bupati Kutai Kartanegara","permitNumber":"590/525.29/019/A.Ptn","permitDate":"2012-05-31","areaHa":17495.0,"village":"Santan Ilir, Santan Tengah, Kersik, Sebuntal, Bunga Jadi dan Tanjung Limau","subdistrict":"Marangkayu dan Muara Badak","district":"Kutai Kartanegara","status":"Aktif","coverageCaveat":"BIG public plantation location layer covers selected districts only; it is not complete Indonesia-wide plantation coverage.","region":"kalimantan"},"geometry":{"type":"MultiPolygon","coordinates":[[[[117.5085,-0.02966],[117.49963,0.01943],[117.44086,0.01933],[117.43739,-0.01604],[117.43843,-0.01636],[117.44005,-0.02476],[117.44285,-0.03095],[117.44145,-0.03471],[117.45214,-0.04415],[117.45848,-0.04857],[117.46312,-0.04946],[117.46902,-0.04916],[117.47241,-0.04621],[117.47654,-0.04385],[117.47816,-0.04009],[117.48147,-0.04032],[117.48486,-0.03788],[117.49002,-0.03737],[117.49504,-0.03774],[117.49427,-0.03862],[117.50095,-0.03785],[117.5085,-0.02966]]],[[[117.40525,-0.20958],[117.39799,-0.20964],[117.39499,-0.2127],[117.39308,-0.21372],[117.38845,-0.22029],[117.3865,-0.22213],[117.38477,-0.22253],[117.38177,-0.22179],[117.38175,-0.32054],[117.38288,-0.32093],[117.38675,-0.32059],[117.39004,-0.32099],[117.39661,-0.31969],[117.40023,-0.32135],[117.40688,-0.32118],[117.40687,-0.32036],[117.4076,-0.32036],[117.40764,-0.29626],[117.40889,-0.29382],[117.41674,-0.29382],[117.4171,-0.29174],[117.41869,-0.29203],[117.41838,-0.29382],[117.41991,-0.29382],[117.41646,-0.27904],[117.41717,-0.27765],[117.41115,-0.24105],[117.40525,-0.20958]]],[[[117.42547,-0.17392],[117.43122,-0.16723],[117.43601,-0.16544],[117.43603,-0.16375],[117.41693,-0.1598],[117.41516,-0.17015],[117.4165,-0.17046],[117.41512,-0.17684],[117.41403,-0.17655],[117.4087,-0.2066],[117.40904,-0.21057],[117.40845,-0.21072],[117.41159,-0.22718],[117.41867,-0.20282],[117.42731,-0.19038],[117.4243,-0.18714],[117.42374,-0.1814],[117.42575,-0.17816],[117.42547,-0.17392]]],[[[117.41389,-0.15948],[117.41224,-0.15936],[117.41112,-0.16276],[117.41321,-0.16378],[117.41389,-0.15948]]],[[[117.37834,-0.14968],[117.37857,-0.14924],[117.37751,-0.14872],[117.37403,-0.15964],[117.37986,-0.15953],[117.38166,-0.16209],[117.38302,-0.16205],[117.38301,-0.16522],[117.38219,-0.1654],[117.3792,-0.1686],[117.37631,-0.16724],[117.37384,-0.16894],[117.37292,-0.17185],[117.37296,-0.17449],[117.37184,-0.17643],[117.37029,-0.17752],[117.371,-0.17987],[117.37012,-0.18087],[117.37073,-0.18091],[117.37067,-0.18463],[117.36719,-0.18453],[117.36714,-0.18127],[117.36069,-0.20153],[117.38177,-0.20153],[117.38177,-0.21976],[117.38475,-0.22056],[117.38677,-0.21926],[117.39173,-0.21231],[117.39395,-0.21105],[117.39702,-0.20795],[117.40505,-0.20765],[117.41265,-0.16628],[117.38144,-0.15063],[117.38117,-0.1512],[117.37834,-0.14968]]],[[[117.43643,-0.10975],[117.42541,-0.1097],[117.41701,-0.15936],[117.43604,-0.16325],[117.4361,-0.15685],[117.4428,-0.15685],[117.44835,-0.13917],[117.44526,-0.13693],[117.4445,-0.13295],[117.44469,-0.13082],[117.44616,-0.12892],[117.44569,-0.12585],[117.45391,-0.1203],[117.46058,-0.11059],[117.45342,-0.10983],[117.43774,-0.10976],[117.43718,-0.11054],[117.43643,-0.10975]]],[[[117.4193,-0.11037],[117.41542,-0.09952],[117.40863,-0.09724],[117.40501,-0.10607],[117.39987,-0.10607],[117.39969,-0.11432],[117.397,-0.11425],[117.397,-0.11802],[117.39409,-0.11795],[117.39478,-0.11797],[117.39452,-0.11958],[117.39565,-0.12355],[117.39546,-0.12479],[117.39467,-0.12499],[117.39397,-0.12621],[117.38819,-0.12661],[117.38799,-0.1238],[117.38638,-0.12312],[117.3853,-0.1219],[117.38466,-0.11928],[117.38336,-0.11769],[117.38256,-0.11879],[117.3805,-0.11896],[117.37966,-0.11725],[117.377,-0.12517],[117.37979,-0.12516],[117.37979,-0.1282],[117.38092,-0.12999],[117.3801,-0.13033],[117.37881,-0.12834],[117.37602,-0.12808],[117.37514,-0.13069],[117.38023,-0.14016],[117.37817,-0.14665],[117.39005,-0.15243],[117.39267,-0.14647],[117.41245,-0.15559],[117.41241,-0.15841],[117.414,-0.15874],[117.42129,-0.11581],[117.4193,-0.11037]]],[[[117.42377,-0.08238],[117.41877,-0.09322],[117.42037,-0.10039],[117.42058,-0.10507],[117.42228,-0.10857],[117.42357,-0.10869],[117.42377,-0.08238]]],[[[117.45405,-0.05491],[117.45361,-0.05174],[117.45059,-0.04842],[117.44506,-0.0443],[117.43876,-0.04101],[117.43545,-0.0553],[117.43545,-0.07065],[117.42905,-0.07065],[117.42853,-0.07177],[117.45375,-0.07219],[117.45359,-0.09141],[117.46631,-0.08675],[117.48433,-0.05586],[117.49399,-0.04538],[117.48987,-0.0437],[117.48877,-0.04496],[117.48265,-0.04688],[117.47624,-0.05071],[117.47167,-0.05145],[117.47101,-0.05476],[117.4601,-0.05565],[117.45405,-0.05491]]]]}},{"type":"Feature","properties":{"inventoryId":"big-oil-palm-kutai-kartanegara:47","sector":"Sawit","subtype":"Izin Lokasi Sawit","quality":"OFFICIAL","sourceDataset":"big-oil-palm-kutai-kartanegara","sourceRecordId":"47","source":"BIG Kebijakan Satu Peta","sourceUrl":"https://kspservices.big.go.id/satupeta/rest/services/PUBLIK/PERIZINAN_DAN_PERTANAHAN/MapServer/37","retrievedAt":"2026-08-24T23:55:27Z","geometryProcessing":"web display simplification tolerance 0.00035 degrees","name":"PT. SUKSES BINA ALAM","issuer":"Bupati Kutai Kartanegara","permitNumber":"590/525.29/23.A.Ptn","permitDate":"2013-09-19","areaHa":870.0,"village":"Jonggong D","subdistrict":"Loa Kulu","district":"Kutai Kartanegara","coverageCaveat":"BIG public plantation location layer covers selected districts only; it is not complete Indonesia-wide plantation coverage.","region":"kalimantan"},"geometry":{"type":"Polygon","coordinates":[[[116.75738,-0.59423],[116.75474,-0.59441],[116.75388,-0.59581],[116.75582,-0.59888],[116.75937,-0.6006],[116.76031,-0.60296],[116.75829,-0.60238],[116.75597,-0.60259],[116.75377,-0.60363],[116.74957,-0.60243],[116.74664,-0.60241],[116.74642,-0.60437],[116.74565,-0.60522],[116.74296,-0.60408],[116.74074,-0.60401],[116.74011,-0.60324],[116.73734,-0.60367],[116.73533,-0.60337],[116.73461,-0.60474],[116.73566,-0.60727],[116.73452,-0.60877],[116.73453,-0.61018],[116.73306,-0.6114],[116.73265,-0.61343],[116.73168,-0.61391],[116.72949,-0.61876],[116.72694,-0.61912],[116.72639,-0.61796],[116.72686,-0.61384],[116.72293,-0.6124],[116.72024,-0.61531],[116.72041,-0.61674],[116.71875,-0.61845],[116.71798,-0.62317],[116.71572,-0.6253],[116.71859,-0.62552],[116.71989,-0.62699],[116.72193,-0.6275],[116.7233,-0.62894],[116.72586,-0.62859],[116.72873,-0.62904],[116.73009,-0.63077],[116.73093,-0.63488],[116.7324,-0.63538],[116.73324,-0.63507],[116.73337,-0.63276],[116.73529,-0.63209],[116.74028,-0.63228],[116.74232,-0.63021],[116.74348,-0.62982],[116.74338,-0.62478],[116.74263,-0.62452],[116.74258,-0.62362],[116.7407,-0.6212],[116.74136,-0.6196],[116.74265,-0.61885],[116.74224,-0.61619],[116.74271,-0.61472],[116.74089,-0.61429],[116.74051,-0.6156],[116.73936,-0.61668],[116.73747,-0.61686],[116.73598,-0.61619],[116.73533,-0.61459],[116.73782,-0.61066],[116.74263,-0.60962],[116.74225,-0.60796],[116.74347,-0.60774],[116.74368,-0.6085],[116.74467,-0.60907],[116.74594,-0.609],[116.7462,-0.60969],[116.74725,-0.60938],[116.74884,-0.61005],[116.75023,-0.61717],[116.75271,-0.61817],[116.75322,-0.619],[116.75415,-0.61879],[116.75666,-0.61968],[116.75882,-0.61432],[116.76053,-0.61303],[116.76433,-0.61262],[116.76589,-0.61176],[116.76492,-0.60635],[116.76213,-0.603],[116.75738,-0.59423]]]}},{"type":"Feature","properties":{"inventoryId":"big-oil-palm-paser:47","sector":"Sawit","subtype":"Izin Lokasi Sawit","quality":"OFFICIAL","sourceDataset":"big-oil-palm-paser","sourceRecordId":"47","source":"BIG Kebijakan Satu Peta","sourceUrl":"https://kspservices.big.go.id/satupeta/rest/services/PUBLIK/PERIZINAN_DAN_PERTANAHAN/MapServer/39","retrievedAt":"2026-08-24T23:55:27Z","geometryProcessing":"web display simplification tolerance 0.00035 degrees","name":"PT. SULING CONSOLIDATED AGENCY","group":"Tidak ada","issuer":"Bupati Paser","permitNumber":"503/02/PEM-SILP/X/2016","permitDate":"2016-10-04","areaHa":2428.8,"village":"Suliliran dan Laburan","subdistrict":"Pasir Belengkong","district":"Paser","status":"Tidak Aktif","coverageCaveat":"BIG public plantation location layer covers selected districts only; it is not complete Indonesia-wide plantation coverage.","region":"kalimantan"},"geometry":{"type":"Polygon","coordinates":[[[116.34536,-1.93997],[116.34545,-1.93747],[116.34446,-1.93387],[116.3418,-1.93234],[116.33898,-1.92904],[116.33685,-1.9187],[116.33434,-1.9164],[116.32871,-1.91946],[116.32642,-1.91969],[116.31896,-1.92206],[116.31363,-1.92198],[116.3093,-1.91892],[116.29796,-1.91432],[116.29499,-1.91432],[116.29126,-1.91309],[116.28791,-1.91332],[116.28593,-1.91485],[116.29628,-1.92474],[116.28866,-1.93086],[116.28029,-1.92343],[116.27443,-1.92833],[116.27016,-1.93016],[116.26849,-1.93162],[116.26727,-1.93169],[116.26735,-1.93322],[116.25517,-1.93337],[116.25531,-1.94992],[116.2512,-1.94991],[116.25096,-1.96891],[116.27007,-1.96915],[116.27008,-1.94043],[116.34536,-1.93997]]]}},{"type":"Feature","properties":{"inventoryId":"big-oil-palm-kutai-kartanegara:48","sector":"Sawit","subtype":"Izin Lokasi Sawit","quality":"OFFICIAL","sourceDataset":"big-oil-palm-kutai-kartanegara","sourceRecordId":"48","source":"BIG Kebijakan Satu Peta","sourceUrl":"https://kspservices.big.go.id/satupeta/rest/services/PUBLIK/PERIZINAN_DAN_PERTANAHAN/MapServer/37","retrievedAt":"2026-08-24T23:55:27Z","geometryProcessing":"web display simplification tolerance 0.00035 degrees","name":"PT. SURYA BUMI TUNGGAL PERKASA","issuer":"Bupati Kutai Kartanegara","permitNumber":"590/525.29/007/A.Ptn","permitDate":"2014-04-24","areaHa":9432.0,"village":"Perian, Maleka, Maloh, Puandana, Kuyung, Lebak Mantan dan Lebak Cilong","subdistrict":"Muara Wis dan Muara Muntai","district":"Kutai Kartanegara","status":"Aktif","coverageCaveat":"BIG public plantation location layer covers selected districts only; it is not complete Indonesia-wide plantation coverage.","region":"kalimantan"},"geometry":{"type":"MultiPolygon","coordinates":[[[[116.51817,-0.36903],[116.51808,-0.34675],[116.41028,-0.37228],[116.41028,-0.39083],[116.43021,-0.39083],[116.42041,-0.39389],[116.4097,-0.39389],[116.4097,-0.43154],[116.41285,-0.43159],[116.41282,-0.43493],[116.4171,-0.43492],[116.41708,-0.39577],[116.45775,-0.39577],[116.45775,-0.38708],[116.47053,-0.38709],[116.47054,-0.37445],[116.51819,-0.37446],[116.51817,-0.36903]]],[[[116.30149,-0.52688],[116.30149,-0.4497],[116.27034,-0.44971],[116.26618,-0.4578],[116.26507,-0.46108],[116.26167,-0.47721],[116.25535,-0.4969],[116.28625,-0.52347],[116.30149,-0.52866],[116.30149,-0.52688]]],[[[116.38699,-0.45494],[116.37994,-0.45194],[116.37553,-0.44865],[116.37327,-0.44474],[116.37219,-0.43739],[116.37134,-0.43515],[116.37044,-0.43446],[116.36799,-0.43456],[116.36827,-0.49673],[116.31689,-0.49673],[116.31689,-0.51319],[116.37799,-0.5132],[116.37813,-0.50409],[116.38642,-0.50428],[116.38699,-0.45494]]]]}},{"type":"Feature","properties":{"inventoryId":"big-oil-palm-kutai-kartanegara:45","sector":"Sawit","subtype":"Izin Lokasi Sawit","quality":"OFFICIAL","sourceDataset":"big-oil-palm-kutai-kartanegara","sourceRecordId":"45","source":"BIG Kebijakan Satu Peta","sourceUrl":"https://kspservices.big.go.id/satupeta/rest/services/PUBLIK/PERIZINAN_DAN_PERTANAHAN/MapServer/37","retrievedAt":"2026-08-24T23:55:27Z","geometryProcessing":"web display simplification tolerance 0.00035 degrees","name":"PT. TEGUH JAYAPRIMA ABADI","issuer":"Plt. Bupati Kutai Kartanegara","permitNumber":"100/DPN.K/IL-100/X-2008","permitDate":"2008-10-27","areaHa":13550.0,"village":"Kedang Ipil, Sedulang, Rantau Hempang, Muara Kaman Ilr, Muara Kaman Ulu dan Bunga Jadi","subdistrict":"Kota Bangun dan Muara Kaman","district":"Kutai Kartanegara","status":"Aktif","coverageCaveat":"BIG public plantation location layer covers selected districts only; it is not complete Indonesia-wide plantation coverage.","region":"kalimantan"},"geometry":{"type":"MultiPolygon","coordinates":[[[[116.64371,-0.3603],[116.63058,-0.35018],[116.61753,-0.36183],[116.61011,-0.36571],[116.60744,-0.37049],[116.60714,-0.40694],[116.59705,-0.40694],[116.59679,-0.41077],[116.59379,-0.41082],[116.59378,-0.42367],[116.57924,-0.42367],[116.57924,-0.4383],[116.58548,-0.4389],[116.60892,-0.44607],[116.62346,-0.45265],[116.63503,-0.45145],[116.64779,-0.43831],[116.67063,-0.43228],[116.68132,-0.43233],[116.68132,-0.42457],[116.64364,-0.42457],[116.64382,-0.38594],[116.6689,-0.38594],[116.6689,-0.3634],[116.65467,-0.35155],[116.64499,-0.3613],[116.64371,-0.3603]]],[[[116.8255,-0.12741],[116.82315,-0.11635],[116.82119,-0.11438],[116.81766,-0.11438],[116.81138,-0.1203],[116.80667,-0.12109],[116.79883,-0.12583],[116.79569,-0.12899],[116.78941,-0.13018],[116.7863,-0.12737],[116.78087,-0.12687],[116.77842,-0.12583],[116.76822,-0.12544],[116.76665,-0.12978],[116.7643,-0.14045],[116.75959,-0.14795],[116.7592,-0.1519],[116.75724,-0.15506],[116.75175,-0.15624],[116.74822,-0.15387],[116.7439,-0.14874],[116.7388,-0.14755],[116.73174,-0.14716],[116.72468,-0.14874],[116.72311,-0.1519],[116.72507,-0.16098],[116.7337,-0.16335],[116.74155,-0.16296],[116.75096,-0.16454],[116.76195,-0.16849],[116.76862,-0.17323],[116.77293,-0.17915],[116.77332,-0.18626],[116.77489,-0.19377],[116.78549,-0.20562],[116.79451,-0.21154],[116.80392,-0.22023],[116.80505,-0.22624],[116.81221,-0.22401],[116.81838,-0.22102],[116.8169,-0.21779],[116.80841,-0.20649],[116.79938,-0.19883],[116.78666,-0.18113],[116.77519,-0.16339],[116.78975,-0.13855],[116.80382,-0.13283],[116.80999,-0.13581],[116.81887,-0.13803],[116.82331,-0.14227],[116.85026,-0.18543],[116.83885,-0.20937],[116.84027,-0.22134],[116.86262,-0.23139],[116.87886,-0.19969],[116.87337,-0.19535],[116.86984,-0.19337],[116.86513,-0.19377],[116.86181,-0.19246],[116.85964,-0.18666],[116.85737,-0.17606],[116.86081,-0.16335],[116.85885,-0.15704],[116.8396,-0.13507],[116.83453,-0.13136],[116.83178,-0.13057],[116.82707,-0.13018],[116.8255,-0.12741]]],[[[116.71954,-0.11916],[116.72553,-0.09451],[116.71701,-0.0945],[116.70985,-0.10901],[116.70502,-0.11335],[116.70781,-0.12588],[116.71495,-0.13369],[116.71887,-0.13286],[116.72278,-0.13286],[116.72628,-0.13452],[116.72855,-0.13722],[116.72875,-0.14344],[116.73081,-0.14509],[116.74646,-0.14821],[116.75264,-0.15215],[116.75532,-0.15215],[116.75882,-0.14862],[116.76026,-0.14136],[116.76335,-0.13618],[116.73754,-0.13423],[116.71954,-0.11916]]]]}},{"type":"Feature","properties":{"inventoryId":"big-oil-palm-kutai-kartanegara:49","sector":"Sawit","subtype":"Izin Lokasi Sawit","quality":"OFFICIAL","sourceDataset":"big-oil-palm-kutai-kartanegara","sourceRecordId":"49","source":"BIG Kebijakan Satu Peta","sourceUrl":"https://kspservices.big.go.id/satupeta/rest/services/PUBLIK/PERIZINAN_DAN_PERTANAHAN/MapServer/37","retrievedAt":"2026-08-24T23:55:27Z","geometryProcessing":"web display simplification tolerance 0.00035 degrees","name":"PT. TEGUH JAYAPRIMA ABADI","issuer":"Plt. Bupati Kutai Kartanegara","permitNumber":"101/DPN.K/IL-101/X-2008","permitDate":"2008-10-27","areaHa":5100.0,"village":"Rantau Hempang dan Muara Kaman Ilir","subdistrict":"Muara Kaman","district":"Kutai Kartanegara","coverageCaveat":"BIG public plantation location layer covers selected districts only; it is not complete Indonesia-wide plantation coverage.","region":"kalimantan"},"geometry":{"type":"Polygon","coordinates":[[[116.76345,-0.17307],[116.70013,-0.17272],[116.69838,-0.18292],[116.73686,-0.1913],[116.73916,-0.23679],[116.79149,-0.23645],[116.79268,-0.23285],[116.79303,-0.22581],[116.78779,-0.21878],[116.78081,-0.21351],[116.77487,-0.20753],[116.76963,-0.20085],[116.76544,-0.19417],[116.76345,-0.17307]]]}},{"type":"Feature","properties":{"inventoryId":"big-oil-palm-kutai-barat:40","sector":"Sawit","subtype":"Izin Lokasi Sawit","quality":"OFFICIAL","sourceDataset":"big-oil-palm-kutai-barat","sourceRecordId":"40","source":"BIG Kebijakan Satu Peta","sourceUrl":"https://kspservices.big.go.id/satupeta/rest/services/PUBLIK/PERIZINAN_DAN_PERTANAHAN/MapServer/36","retrievedAt":"2026-08-24T23:55:27Z","geometryProcessing":"web display simplification tolerance 0.00035 degrees","name":"PT. Teguh Swakarsa Sejahtera","group":"TSH Resources Berhad","issuer":"Kepala Kantor Pertanahan","permitNumber":"58/PKT/BPN-16.3/UM-50/IX-1996","permitDate":"1996-09-13","areaHa":17000.0,"village":"Muara Ohong, Tanjung Jone, Mancong, Tanung Isuy, Muara Nayan, Pentat, Resak, Rikong","subdistrict":"Jempang, Bongan, Muara Pahu","district":"Kutai Barat","status":"aktif","coverageCaveat":"BIG public plantation location layer covers selected districts only; it is not complete Indonesia-wide plantation coverage.","region":"kalimantan"},"geometry":{"type":"Polygon","coordinates":[[[116.12295,-0.65013],[116.12556,-0.63497],[116.11607,-0.63302],[116.10918,-0.63327],[116.11058,-0.64083],[116.11106,-0.64743],[116.07986,-0.64898],[116.07656,-0.65806],[116.075,-0.66807],[116.07643,-0.67756],[116.07146,-0.70034],[116.07427,-0.70784],[116.08679,-0.72264],[116.09079,-0.74418],[116.10237,-0.77127],[116.10707,-0.78454],[116.1262,-0.77135],[116.14851,-0.76244],[116.15746,-0.76026],[116.17154,-0.74875],[116.16731,-0.6777],[116.14666,-0.67673],[116.13139,-0.68953],[116.12079,-0.68986],[116.121,-0.68386],[116.12004,-0.67927],[116.11945,-0.66715],[116.11495,-0.66716],[116.11508,-0.6513],[116.11778,-0.65126],[116.11778,-0.65723],[116.12,-0.65723],[116.12284,-0.65347],[116.12295,-0.65013]]]}},{"type":"Feature","properties":{"inventoryId":"big-oil-palm-paser:37","sector":"Sawit","subtype":"Izin Lokasi Sawit","quality":"OFFICIAL","sourceDataset":"big-oil-palm-paser","sourceRecordId":"37","source":"BIG Kebijakan Satu Peta","sourceUrl":"https://kspservices.big.go.id/satupeta/rest/services/PUBLIK/PERIZINAN_DAN_PERTANAHAN/MapServer/39","retrievedAt":"2026-08-24T23:55:27Z","geometryProcessing":"web display simplification tolerance 0.00035 degrees","name":"PT. TRIMADU MURNI ASRI","group":"Tidak ada","issuer":"Kepala DPMPTS Paser","permitNumber":"503/04/DPMPTSP-3/29 (Perpanjangan)","permitDate":"2018-07-17","areaHa":20000.0,"village":"Long Sayo, Muara Payang, Lusan, Prayon, Binangon, Muara Kuaro,Batu Butok, Muara.Komam","subdistrict":"Muara Komam","district":"Paser","status":"Tidak Aktif","coverageCaveat":"BIG public plantation location layer covers selected districts only; it is not complete Indonesia-wide plantation coverage.","region":"kalimantan"},"geometry":{"type":"Polygon","coordinates":[[[115.91386,-1.50971],[115.91203,-1.50795],[115.90457,-1.50687],[115.89993,-1.50519],[115.89978,-1.5045],[115.90077,-1.50365],[115.90064,-1.50253],[115.89731,-1.50141],[115.88655,-1.50015],[115.88669,-1.50548],[115.88586,-1.50551],[115.88586,-1.51311],[115.88236,-1.51324],[115.88243,-1.51462],[115.87254,-1.51477],[115.87262,-1.51798],[115.85298,-1.51805],[115.85291,-1.51353],[115.80334,-1.51471],[115.79895,-1.51833],[115.7986,-1.52035],[115.79926,-1.52245],[115.81568,-1.54185],[115.79995,-1.54578],[115.78151,-1.5524],[115.77953,-1.55056],[115.77163,-1.52742],[115.76638,-1.51593],[115.74512,-1.51832],[115.74579,-1.52066],[115.74475,-1.52589],[115.73845,-1.54128],[115.73574,-1.55243],[115.73664,-1.55779],[115.73911,-1.56435],[115.74322,-1.57266],[115.74549,-1.57549],[115.75052,-1.57891],[115.75608,-1.58071],[115.75959,-1.58274],[115.76158,-1.58448],[115.76462,-1.58921],[115.76825,-1.59297],[115.78406,-1.59885],[115.78689,-1.6011],[115.79081,-1.60578],[115.79317,-1.60547],[115.79442,-1.60666],[115.79293,-1.60781],[115.79899,-1.61508],[115.80602,-1.6207],[115.80869,-1.62415],[115.80725,-1.62885],[115.80976,-1.63007],[115.81055,-1.63167],[115.81202,-1.63226],[115.81255,-1.63351],[115.81183,-1.6374],[115.81075,-1.63832],[115.80873,-1.63849],[115.80816,-1.6417],[115.80935,-1.64033],[115.81077,-1.63979],[115.81213,-1.63996],[115.8131,-1.6412],[115.81228,-1.64444],[115.81277,-1.64718],[115.8102,-1.65026],[115.81092,-1.65314],[115.814,-1.65463],[115.81503,-1.65632],[115.81676,-1.65508],[115.81868,-1.65523],[115.81941,-1.65593],[115.81923,-1.65945],[115.82032,-1.66076],[115.82062,-1.66373],[115.82015,-1.66916],[115.8194,-1.67164],[115.81965,-1.67511],[115.82018,-1.67545],[115.81992,-1.67719],[115.82079,-1.67766],[115.8214,-1.67951],[115.82221,-1.67944],[115.82236,-1.68148],[115.82395,-1.68008],[115.82555,-1.68028],[115.82528,-1.68535],[115.82231,-1.68549],[115.81981,-1.68635],[115.81964,-1.6868],[115.82084,-1.68684],[115.82181,-1.68804],[115.82235,-1.68969],[115.82132,-1.6917],[115.81934,-1.69133],[115.81766,-1.69228],[115.8173,-1.69945],[115.8181,-1.70089],[115.82037,-1.70282],[115.82353,-1.70339],[115.82337,-1.7054],[115.82505,-1.7062],[115.82516,-1.70681],[115.82396,-1.71145],[115.82811,-1.71396],[115.82891,-1.71541],[115.82912,-1.71776],[115.8483,-1.70231],[115.84846,-1.69846],[115.8423,-1.68735],[115.84192,-1.68544],[115.83842,-1.67984],[115.82709,-1.66973],[115.84545,-1.63504],[115.86158,-1.63505],[115.88557,-1.60872],[115.88596,-1.6026],[115.88748,-1.60129],[115.88786,-1.5905],[115.8808,-1.56193],[115.91361,-1.53874],[115.91386,-1.50971]]]}},{"type":"Feature","properties":{"inventoryId":"big-oil-palm-kutai-kartanegara:50","sector":"Sawit","subtype":"Izin Lokasi Sawit","quality":"OFFICIAL","sourceDataset":"big-oil-palm-kutai-kartanegara","sourceRecordId":"50","source":"BIG Kebijakan Satu Peta","sourceUrl":"https://kspservices.big.go.id/satupeta/rest/services/PUBLIK/PERIZINAN_DAN_PERTANAHAN/MapServer/37","retrievedAt":"2026-08-24T23:55:27Z","geometryProcessing":"web display simplification tolerance 0.00035 degrees","name":"PT. TRITUNGGAL SENTRA BUANA","issuer":"Bupati Kutai Kartanegara","permitNumber":"46/DPtn/UM-41/XII-2004","permitDate":"2004-12-03","areaHa":12000.0,"village":"Muara Badak Ulu, Saliki dan Salo Palai","subdistrict":"Muara Badak","district":"Kutai Kartanegara","status":"Aktif","coverageCaveat":"BIG public plantation location layer covers selected districts only; it is not complete Indonesia-wide plantation coverage.","region":"kalimantan"},"geometry":{"type":"Polygon","coordinates":[[[117.38146,-0.33821],[117.37555,-0.33805],[117.3754,-0.33444],[117.33757,-0.33445],[117.33764,-0.33939],[117.30161,-0.33931],[117.30148,-0.45838],[117.3799,-0.45842],[117.37951,-0.45902],[117.38152,-0.45903],[117.38146,-0.33821]]]}},{"type":"Feature","properties":{"inventoryId":"big-oil-palm-kutai-kartanegara:51","sector":"Sawit","subtype":"Izin Lokasi Sawit","quality":"OFFICIAL","sourceDataset":"big-oil-palm-kutai-kartanegara","sourceRecordId":"51","source":"BIG Kebijakan Satu Peta","sourceUrl":"https://kspservices.big.go.id/satupeta/rest/services/PUBLIK/PERIZINAN_DAN_PERTANAHAN/MapServer/37","retrievedAt":"2026-08-24T23:55:27Z","geometryProcessing":"web display simplification tolerance 0.00035 degrees","name":"PT. TRITUNGGAL SENTRA BUANA","issuer":"Bupati Kutai Kartanegara","permitNumber":"590/525.29/24/A.Ptn","permitDate":"2013-10-18","areaHa":1384.0,"village":"Saliki","subdistrict":"Muara Badak","district":"Kutai Kartanegara","status":"Aktif","coverageCaveat":"BIG public plantation location layer covers selected districts only; it is not complete Indonesia-wide plantation coverage.","region":"kalimantan"},"geometry":{"type":"MultiPolygon","coordinates":[[[[117.38528,-0.35326],[117.38249,-0.35428],[117.38237,-0.38948],[117.38427,-0.38942],[117.38448,-0.38784],[117.38623,-0.38816],[117.38766,-0.39035],[117.39182,-0.39077],[117.39223,-0.39143],[117.39315,-0.38909],[117.3955,-0.39205],[117.39871,-0.39232],[117.39836,-0.39095],[117.39925,-0.39071],[117.39937,-0.38867],[117.40133,-0.38754],[117.40213,-0.37672],[117.40362,-0.37499],[117.40516,-0.3755],[117.40558,-0.37415],[117.40897,-0.37274],[117.40843,-0.37164],[117.40593,-0.37178],[117.40614,-0.37008],[117.40438,-0.36616],[117.40293,-0.36586],[117.40257,-0.36697],[117.40049,-0.36793],[117.3996,-0.36544],[117.40067,-0.36377],[117.39832,-0.36341],[117.39523,-0.36113],[117.39651,-0.35958],[117.39648,-0.35856],[117.39405,-0.35985],[117.39364,-0.36104],[117.3884,-0.36119],[117.38623,-0.36024],[117.38629,-0.35772],[117.38924,-0.3573],[117.39054,-0.3559],[117.38956,-0.35524],[117.38721,-0.35533],[117.38528,-0.35326]]],[[[117.39642,-0.39433],[117.39488,-0.39478],[117.39381,-0.39418],[117.39096,-0.39506],[117.39006,-0.39674],[117.38843,-0.39536],[117.38846,-0.39462],[117.38246,-0.39767],[117.38207,-0.42446],[117.39871,-0.42455],[117.39779,-0.42186],[117.39696,-0.42135],[117.39494,-0.42186],[117.39039,-0.41725],[117.39113,-0.41656],[117.39295,-0.41665],[117.39366,-0.41764],[117.39476,-0.41713],[117.39562,-0.41815],[117.39663,-0.41587],[117.39574,-0.41482],[117.39443,-0.41456],[117.39417,-0.41282],[117.3972,-0.41165],[117.39687,-0.41009],[117.39761,-0.40862],[117.40029,-0.40883],[117.40023,-0.40761],[117.40133,-0.40776],[117.40207,-0.40632],[117.40088,-0.40435],[117.39919,-0.40417],[117.39856,-0.40111],[117.39729,-0.40054],[117.39702,-0.39776],[117.39874,-0.39779],[117.39871,-0.39638],[117.39738,-0.39638],[117.39687,-0.39435],[117.39642,-0.39433]]]]}},{"type":"Feature","properties":{"inventoryId":"big-oil-palm-kutai-kartanegara:58","sector":"Sawit","subtype":"Izin Lokasi Sawit","quality":"OFFICIAL","sourceDataset":"big-oil-palm-kutai-kartanegara","sourceRecordId":"58","source":"BIG Kebijakan Satu Peta","sourceUrl":"https://kspservices.big.go.id/satupeta/rest/services/PUBLIK/PERIZINAN_DAN_PERTANAHAN/MapServer/37","retrievedAt":"2026-08-24T23:55:27Z","geometryProcessing":"web display simplification tolerance 0.00035 degrees","name":"PT. TRITUNGGAL SENTRA BUANA","issuer":"Bupati Kutai Kartanegara","permitNumber":"590/525.29/016/A.Ptn","permitDate":"2014-07-23","areaHa":1020.0,"village":"Saliki","subdistrict":"Muara Badak","district":"Kutai Kartanegara","status":"Aktif","coverageCaveat":"BIG public plantation location layer covers selected districts only; it is not complete Indonesia-wide plantation coverage.","region":"kalimantan"},"geometry":{"type":"MultiPolygon","coordinates":[[[[117.3606,-0.50566],[117.36092,-0.50361],[117.32949,-0.49709],[117.32903,-0.5014],[117.32996,-0.505],[117.32988,-0.50677],[117.34307,-0.50664],[117.34365,-0.50624],[117.34664,-0.51038],[117.35236,-0.51193],[117.35198,-0.51235],[117.35057,-0.51181],[117.3499,-0.5189],[117.34798,-0.52346],[117.34726,-0.52878],[117.34302,-0.53687],[117.34605,-0.53855],[117.34242,-0.54183],[117.34022,-0.54837],[117.34184,-0.54762],[117.34245,-0.54625],[117.34584,-0.54829],[117.34623,-0.54754],[117.34808,-0.54714],[117.34866,-0.54646],[117.34858,-0.54533],[117.34904,-0.54495],[117.34828,-0.54424],[117.35101,-0.54232],[117.34869,-0.53716],[117.35001,-0.53706],[117.35327,-0.52762],[117.35479,-0.52882],[117.3564,-0.52553],[117.35764,-0.52628],[117.35798,-0.52785],[117.35896,-0.52783],[117.35917,-0.52852],[117.36124,-0.52784],[117.36128,-0.52745],[117.36055,-0.52779],[117.35875,-0.52454],[117.35861,-0.52415],[117.35921,-0.52408],[117.35877,-0.52131],[117.35771,-0.52031],[117.35685,-0.52023],[117.35889,-0.51087],[117.35721,-0.51115],[117.35625,-0.50964],[117.3566,-0.50928],[117.35758,-0.50964],[117.35866,-0.50616],[117.35996,-0.50657],[117.3606,-0.50566]]],[[[117.34557,-0.47974],[117.34367,-0.48053],[117.34398,-0.48129],[117.34557,-0.47974]]],[[[117.33483,-0.46765],[117.33478,-0.46253],[117.33285,-0.46675],[117.33297,-0.46807],[117.33407,-0.46835],[117.33483,-0.46765]]],[[[117.36635,-0.45922],[117.33404,-0.4592],[117.33471,-0.4621],[117.33478,-0.46165],[117.34455,-0.46163],[117.34462,-0.47006],[117.33963,-0.47009],[117.33875,-0.47217],[117.33828,-0.47011],[117.33527,-0.47006],[117.3342,-0.47129],[117.33501,-0.4718],[117.33503,-0.47326],[117.33604,-0.47337],[117.3363,-0.4721],[117.33606,-0.47708],[117.33986,-0.47706],[117.3399,-0.47598],[117.34146,-0.47553],[117.34188,-0.47253],[117.34657,-0.47241],[117.34877,-0.4732],[117.34923,-0.47619],[117.36635,-0.45922]]]]}},{"type":"Feature","properties":{"inventoryId":"big-oil-palm-paser:38","sector":"Sawit","subtype":"Izin Lokasi Sawit","quality":"OFFICIAL","sourceDataset":"big-oil-palm-paser","sourceRecordId":"38","source":"BIG Kebijakan Satu Peta","sourceUrl":"https://kspservices.big.go.id/satupeta/rest/services/PUBLIK/PERIZINAN_DAN_PERTANAHAN/MapServer/39","retrievedAt":"2026-08-24T23:55:27Z","geometryProcessing":"web display simplification tolerance 0.00035 degrees","name":"PT. TRUBUS BAO RAYA","group":"Tidak ada","issuer":"Bupati Paser","permitNumber":"02/T.PRAJA-SILP/I/2007","permitDate":"2007-01-12","areaHa":350.0,"village":"Petangis","subdistrict":"Batu Engau","district":"Paser","status":"Aktif","sourceRemark":"Saat penerbitan Ilok masih Kabupaten Pasir","coverageCaveat":"BIG public plantation location layer covers selected districts only; it is not complete Indonesia-wide plantation coverage.","region":"kalimantan"},"geometry":{"type":"Polygon","coordinates":[[[116.10986,-2.09392],[116.11053,-2.09358],[116.11267,-2.08542],[116.11931,-2.07706],[116.119,-2.07181],[116.10459,-2.07177],[116.10402,-2.07491],[116.10136,-2.07819],[116.10289,-2.0819],[116.10601,-2.08329],[116.10564,-2.09511],[116.10986,-2.09392]]]}},{"type":"Feature","properties":{"inventoryId":"big-oil-palm-kutai-kartanegara:59","sector":"Sawit","subtype":"Izin Lokasi Sawit","quality":"OFFICIAL","sourceDataset":"big-oil-palm-kutai-kartanegara","sourceRecordId":"59","source":"BIG Kebijakan Satu Peta","sourceUrl":"https://kspservices.big.go.id/satupeta/rest/services/PUBLIK/PERIZINAN_DAN_PERTANAHAN/MapServer/37","retrievedAt":"2026-08-24T23:55:27Z","geometryProcessing":"web display simplification tolerance 0.00035 degrees","name":"PT. TUNAS PRIMA SEJAHTERA","issuer":"Plt. Bupati Kutai Kartanegara","permitNumber":"99/DPN.K/IL-99/X-2008","permitDate":"2008-10-27","areaHa":20000.0,"village":"Hambau, Loa Sakoh, Genting Tanah dan Tuana Tuha","subdistrict":"Kenohan dan Kembang Janggut","district":"Kutai Kartanegara","status":"Aktif","coverageCaveat":"BIG public plantation location layer covers selected districts only; it is not complete Indonesia-wide plantation coverage.","region":"kalimantan"},"geometry":{"type":"Polygon","coordinates":[[[116.46418,0.05973],[116.45144,0.08312],[116.45144,0.10514],[116.48,0.11186],[116.48023,0.16283],[116.41126,0.16283],[116.41135,0.13012],[116.38161,0.10627],[116.38139,0.06076],[116.37186,0.04275],[116.43483,-0.01286],[116.43518,-0.06784],[116.43476,-0.07226],[116.40286,-0.07226],[116.42282,-0.10519],[116.43213,-0.10988],[116.43412,-0.1168],[116.43944,-0.1217],[116.44609,-0.1188],[116.45584,-0.11992],[116.46418,-0.1112],[116.46418,0.05973]]]}},{"type":"Feature","properties":{"inventoryId":"big-oil-palm-kutai-kartanegara:60","sector":"Sawit","subtype":"Izin Lokasi Sawit","quality":"OFFICIAL","sourceDataset":"big-oil-palm-kutai-kartanegara","sourceRecordId":"60","source":"BIG Kebijakan Satu Peta","sourceUrl":"https://kspservices.big.go.id/satupeta/rest/services/PUBLIK/PERIZINAN_DAN_PERTANAHAN/MapServer/37","retrievedAt":"2026-08-24T23:55:27Z","geometryProcessing":"web display simplification tolerance 0.00035 degrees","name":"PT. TUNAS SEJATI ABADI","issuer":"Bupati Kutai Kartanegara","permitNumber":"65/DPN.K/IL-63/X-2006","permitDate":"2006-10-09","areaHa":16000.0,"village":"Buluksen, Muara Ritan, Ritan Baru, Long Lalang, Gunung Sari dan Long Beleh Modang","subdistrict":"Tabang dan Kembang Janggut","district":"Kutai Kartanegara","coverageCaveat":"BIG public plantation location layer covers selected districts only; it is not complete Indonesia-wide plantation coverage.","region":"kalimantan"},"geometry":{"type":"MultiPolygon","coordinates":[[[[116.02179,0.40328],[116.0199,0.40368],[116.01884,0.40514],[116.01421,0.40214],[116.01198,0.40257],[116.00723,0.40051],[115.99197,0.4015],[115.9871,0.40059],[115.98251,0.39858],[115.98244,0.34608],[116.03034,0.34617],[116.0369,0.33562],[116.05609,0.32014],[116.06727,0.30276],[116.07006,0.29206],[116.07465,0.28649],[116.09426,0.28444],[116.10305,0.28768],[116.08072,0.32548],[116.07896,0.33875],[116.08296,0.34522],[116.08818,0.34752],[116.09002,0.34609],[116.09116,0.33788],[116.0994,0.33756],[116.1098,0.34278],[116.1147,0.33946],[116.12698,0.32888],[116.13883,0.31292],[116.15037,0.28495],[116.16253,0.28361],[116.1736,0.29171],[116.16532,0.29471],[116.16289,0.30111],[116.15684,0.3038],[116.15523,0.30846],[116.15618,0.31458],[116.15009,0.3162],[116.14307,0.32773],[116.14593,0.33251],[116.14319,0.33524],[116.14126,0.34124],[116.14405,0.34772],[116.13969,0.34969],[116.1373,0.35439],[116.13628,0.36534],[116.13122,0.36628],[116.12784,0.36545],[116.12588,0.36375],[116.12314,0.36348],[116.11854,0.36581],[116.11199,0.36719],[116.10591,0.36332],[116.10458,0.36352],[116.10316,0.36383],[116.10238,0.36509],[116.1023,0.37102],[116.1003,0.37224],[116.0983,0.37161],[116.09312,0.37323],[116.0888,0.37327],[116.08288,0.36877],[116.07754,0.36805],[116.07024,0.369],[116.06879,0.36952],[116.06314,0.37702],[116.05843,0.37998],[116.05475,0.38369],[116.04768,0.39203],[116.04439,0.39708],[116.04109,0.39768],[116.03819,0.39566],[116.03524,0.3955],[116.03293,0.39803],[116.03293,0.40202],[116.03112,0.40312],[116.03014,0.40455],[116.0274,0.40147],[116.02516,0.40387],[116.02179,0.40328]]],[[[116.08547,0.43499],[116.08362,0.43529],[116.07967,0.44161],[116.07824,0.44265],[116.07691,0.44313],[116.07441,0.44119],[116.07358,0.43823],[116.07346,0.43281],[116.08036,0.4276],[116.08098,0.42661],[116.08143,0.42302],[116.07997,0.4176],[116.0773,0.41437],[116.0751,0.41308],[116.07073,0.41296],[116.06712,0.41621],[116.06484,0.42043],[116.06457,0.42692],[116.061,0.42692],[116.05839,0.42515],[116.05827,0.42111],[116.05571,0.41459],[116.05057,0.41321],[116.04736,0.41082],[116.04784,0.40764],[116.04988,0.4047],[116.05529,0.40132],[116.06174,0.3912],[116.06385,0.38456],[116.06919,0.37905],[116.07136,0.37367],[116.08078,0.3737],[116.08375,0.3745],[116.08488,0.37702],[116.08803,0.38109],[116.09998,0.37771],[116.10579,0.37759],[116.10629,0.37986],[116.10787,0.38247],[116.10837,0.383],[116.11075,0.38324],[116.11345,0.3807],[116.11562,0.3775],[116.11666,0.37264],[116.1195,0.37067],[116.12515,0.37025],[116.13616,0.37142],[116.14095,0.36915],[116.14493,0.36431],[116.14478,0.35818],[116.14365,0.35546],[116.14357,0.35282],[116.14557,0.35178],[116.15185,0.35287],[116.152,0.35417],[116.15307,0.35516],[116.152,0.35761],[116.15209,0.3625],[116.15307,0.36591],[116.155,0.36738],[116.15604,0.37077],[116.15485,0.3746],[116.15812,0.37844],[116.16029,0.37943],[116.16023,0.37997],[116.15905,0.38094],[116.14604,0.38099],[116.14353,0.38256],[116.1375,0.38905],[116.13549,0.39299],[116.13466,0.39613],[116.13043,0.39646],[116.12634,0.39912],[116.12624,0.40528],[116.12463,0.40641],[116.12063,0.40703],[116.12054,0.4104],[116.11767,0.41309],[116.11646,0.41531],[116.11348,0.41651],[116.10683,0.41383],[116.1034,0.41421],[116.10283,0.41938],[116.10699,0.42669],[116.10629,0.42936],[116.10676,0.43088],[116.10351,0.43622],[116.10077,0.43875],[116.09993,0.44089],[116.09122,0.44059],[116.0879,0.43583],[116.08671,0.43493],[116.08547,0.43499]]]]}},{"type":"Feature","properties":{"inventoryId":"big-oil-palm-kutai-kartanegara:61","sector":"Sawit","subtype":"Izin Lokasi Sawit","quality":"OFFICIAL","sourceDataset":"big-oil-palm-kutai-kartanegara","sourceRecordId":"61","source":"BIG Kebijakan Satu Peta","sourceUrl":"https://kspservices.big.go.id/satupeta/rest/services/PUBLIK/PERIZINAN_DAN_PERTANAHAN/MapServer/37","retrievedAt":"2026-08-24T23:55:27Z","geometryProcessing":"web display simplification tolerance 0.00035 degrees","name":"PT. TUNAS SEJATI ABADI","issuer":"Bupati Kutai Kartanegara","permitNumber":"590/525.29/13/A.Ptn","permitDate":"2013-05-06","areaHa":4300.0,"village":"Bunga Jadi, Sumber Sari dan Giri Agung","subdistrict":"Muara Kaman dan Sebulu","district":"Kutai Kartanegara","coverageCaveat":"BIG public plantation location layer covers selected districts only; it is not complete Indonesia-wide plantation coverage.","region":"kalimantan"},"geometry":{"type":"MultiPolygon","coordinates":[[[[116.88965,-0.15431],[116.87671,-0.12611],[116.84994,-0.1405],[116.86253,-0.15556],[116.86355,-0.16122],[116.86253,-0.16508],[116.86182,-0.17677],[116.86538,-0.18614],[116.86736,-0.18753],[116.86944,-0.18772],[116.86944,-0.16667],[116.88056,-0.16667],[116.88056,-0.17767],[116.88889,-0.17767],[116.88889,-0.16667],[116.89945,-0.16667],[116.90243,-0.16889],[116.90452,-0.16101],[116.91141,-0.14531],[116.91543,-0.14366],[116.92347,-0.1427],[116.93037,-0.14803],[116.94242,-0.14754],[116.94319,-0.14462],[116.93738,-0.13575],[116.93057,-0.13082],[116.92738,-0.1289],[116.91822,-0.1289],[116.91269,-0.12996],[116.90672,-0.13254],[116.90042,-0.1396],[116.90068,-0.14206],[116.89824,-0.14529],[116.89939,-0.14698],[116.8988,-0.15729],[116.89438,-0.14925],[116.89286,-0.16131],[116.88965,-0.15431]]],[[[116.89901,-0.18388],[116.88128,-0.18388],[116.88141,-0.1919],[116.88603,-0.19565],[116.89901,-0.18388]]],[[[116.99085,-0.17696],[116.98577,-0.17566],[116.98575,-0.17962],[116.96985,-0.17962],[116.96985,-0.19341],[116.99084,-0.19341],[116.99085,-0.17696]]],[[[117.10806,-0.16992],[117.10816,-0.16155],[117.10524,-0.1657],[117.10405,-0.16613],[117.1018,-0.1699],[117.08702,-0.17204],[117.06939,-0.17192],[117.06087,-0.17502],[117.03009,-0.17499],[117.03008,-0.16944],[117.02691,-0.16799],[117.0269,-0.16516],[117.01094,-0.16513],[117.01094,-0.17502],[117.02455,-0.18062],[117.04182,-0.17895],[117.10796,-0.17859],[117.10806,-0.16992]]],[[[116.98611,-0.16018],[116.99137,-0.1577],[116.99117,-0.15462],[116.97879,-0.15227],[116.97899,-0.15656],[116.98046,-0.16152],[116.98611,-0.16018]]],[[[116.97847,-0.16061],[116.97686,-0.15189],[116.95476,-0.14749],[116.95476,-0.15098],[116.95931,-0.15461],[116.95931,-0.16018],[116.96847,-0.16169],[116.97847,-0.16061]]]]}},{"type":"Feature","properties":{"inventoryId":"big-oil-palm-kutai-barat:33","sector":"Sawit","subtype":"Izin Lokasi Sawit","quality":"OFFICIAL","sourceDataset":"big-oil-palm-kutai-barat","sourceRecordId":"33","source":"BIG Kebijakan Satu Peta","sourceUrl":"https://kspservices.big.go.id/satupeta/rest/services/PUBLIK/PERIZINAN_DAN_PERTANAHAN/MapServer/36","retrievedAt":"2026-08-24T23:55:27Z","geometryProcessing":"web display simplification tolerance 0.00035 degrees","name":"PT. Wahana Anugerah Lestari","issuer":"Kepala DPMPTSP","permitNumber":"800/985.a/DPMPTSP-TU/IX/2018","permitDate":"2018-09-10","areaHa":11730.0,"village":"Intu Lingau, Lakan Bilem, Sembuan","subdistrict":"Nyuatan","district":"Kutai Barat","status":"aktif","coverageCaveat":"BIG public plantation location layer covers selected districts only; it is not complete Indonesia-wide plantation coverage.","region":"kalimantan"},"geometry":{"type":"Polygon","coordinates":[[[115.44917,-0.16333],[115.43833,-0.14472],[115.42626,-0.15338],[115.41805,-0.15833],[115.40131,-0.16472],[115.39584,-0.16861],[115.38304,-0.17271],[115.37597,-0.17439],[115.37597,-0.18067],[115.37757,-0.18067],[115.37757,-0.19589],[115.41891,-0.1959],[115.41891,-0.20311],[115.42099,-0.20311],[115.42099,-0.2425],[115.3825,-0.2425],[115.3825,-0.23672],[115.35692,-0.23671],[115.35692,-0.23183],[115.34801,-0.23183],[115.34801,-0.22476],[115.33939,-0.22476],[115.33939,-0.22127],[115.3284,-0.22127],[115.328,-0.21875],[115.32707,-0.22397],[115.31994,-0.24996],[115.31417,-0.26951],[115.31222,-0.27334],[115.31765,-0.27408],[115.33787,-0.27274],[115.34611,-0.27167],[115.3552,-0.26768],[115.36597,-0.26667],[115.38917,-0.26639],[115.41007,-0.26077],[115.42725,-0.25374],[115.43278,-0.25083],[115.4315,-0.24967],[115.43934,-0.24469],[115.50055,-0.20861],[115.49806,-0.205],[115.49556,-0.20583],[115.48639,-0.19278],[115.50167,-0.18389],[115.48167,-0.14833],[115.44917,-0.16333]]]}},{"type":"Feature","properties":{"inventoryId":"big-oil-palm-paser:16","sector":"Sawit","subtype":"Izin Lokasi Sawit","quality":"OFFICIAL","sourceDataset":"big-oil-palm-paser","sourceRecordId":"16","source":"BIG Kebijakan Satu Peta","sourceUrl":"https://kspservices.big.go.id/satupeta/rest/services/PUBLIK/PERIZINAN_DAN_PERTANAHAN/MapServer/39","retrievedAt":"2026-08-24T23:55:27Z","geometryProcessing":"web display simplification tolerance 0.00035 degrees","name":"PTP. NUSANTARA XIII","group":"BUMN","issuer":"Bupati Paser","permitNumber":"503/12/PEM-SILPVII/2012 (Perpanjangan)","permitDate":"2012-07-19","areaHa":2638.0,"village":"Perepat,Laburan, Sainperupuk","subdistrict":"Tanah Grogot; Pasir Belengkong; Batu Engau","district":"Paser","status":"Aktif","coverageCaveat":"BIG public plantation location layer covers selected districts only; it is not complete Indonesia-wide plantation coverage.","region":"kalimantan"},"geometry":{"type":"MultiPolygon","coordinates":[[[[116.41292,-1.9006],[116.43781,-1.9006],[116.43311,-1.88369],[116.38437,-1.88305],[116.38315,-1.87463],[116.37437,-1.87463],[116.37453,-1.91689],[116.39657,-1.91695],[116.39698,-1.91501],[116.40581,-1.91501],[116.40991,-1.91678],[116.41175,-1.91678],[116.41292,-1.9006]]],[[[116.10004,-2.02291],[116.0986,-2.02337],[116.09572,-2.02287],[116.09555,-2.02748],[116.08878,-2.02824],[116.08882,-2.02974],[116.09129,-2.02984],[116.09188,-2.03295],[116.09568,-2.03522],[116.09843,-2.04106],[116.09911,-2.02981],[116.09779,-2.02875],[116.10012,-2.02477],[116.10004,-2.02291]]],[[[116.05392,-2.02488],[116.06918,-2.02444],[116.06977,-2.0056],[116.0495,-2.00516],[116.05048,-2.01805],[116.05004,-2.02459],[116.05392,-2.02488]]]]}},{"type":"Feature","properties":{"inventoryId":"big-oil-palm-paser:23","sector":"Sawit","subtype":"Izin Lokasi Sawit","quality":"OFFICIAL","sourceDataset":"big-oil-palm-paser","sourceRecordId":"23","source":"BIG Kebijakan Satu Peta","sourceUrl":"https://kspservices.big.go.id/satupeta/rest/services/PUBLIK/PERIZINAN_DAN_PERTANAHAN/MapServer/39","retrievedAt":"2026-08-24T23:55:27Z","geometryProcessing":"web display simplification tolerance 0.00035 degrees","name":"PTP. NUSANTARA XIII","group":"BUMN","issuer":"Bupati Paser","permitNumber":"593.41/08/T.PRAJA-SILP/VI/2008","permitDate":"2008-06-26","areaHa":1300.0,"village":"Sainperupuk","subdistrict":"Batu Engau","district":"Paser","status":"Aktif","coverageCaveat":"BIG public plantation location layer covers selected districts only; it is not complete Indonesia-wide plantation coverage.","region":"kalimantan"},"geometry":{"type":"Polygon","coordinates":[[[116.07888,-2.01163],[116.07791,-2.01079],[116.07627,-2.00597],[116.07431,-2.00548],[116.065,-2.00695],[116.06222,-2.00817],[116.05618,-2.01266],[116.04932,-2.02443],[116.04678,-2.02753],[116.04302,-2.0281],[116.03257,-2.02206],[116.02974,-2.02222],[116.02966,-2.02671],[116.0458,-2.029],[116.04459,-2.05344],[116.05698,-2.05345],[116.05779,-2.0503],[116.07023,-2.0503],[116.07016,-2.04305],[116.078,-2.04305],[116.07802,-2.04188],[116.0785,-2.0416],[116.07888,-2.01163]]]}},{"type":"Feature","properties":{"inventoryId":"big-oil-palm-paser:24","sector":"Sawit","subtype":"Izin Lokasi Sawit","quality":"OFFICIAL","sourceDataset":"big-oil-palm-paser","sourceRecordId":"24","source":"BIG Kebijakan Satu Peta","sourceUrl":"https://kspservices.big.go.id/satupeta/rest/services/PUBLIK/PERIZINAN_DAN_PERTANAHAN/MapServer/39","retrievedAt":"2026-08-24T23:55:27Z","geometryProcessing":"web display simplification tolerance 0.00035 degrees","name":"PTP. NUSANTARA XIII","group":"BUMN","issuer":"Gubernur Kepala Dati I Kalimantan Timur","permitNumber":"021/DA/1982","permitDate":"1982-10-26","areaHa":35000.0,"village":"-","subdistrict":"Long Kali","district":"Pasir","status":"Aktif","sourceRemark":"Saat penerbitan Ilok masih Kabupaten Pasir","coverageCaveat":"BIG public plantation location layer covers selected districts only; it is not complete Indonesia-wide plantation coverage.","region":"kalimantan"},"geometry":{"type":"Polygon","coordinates":[[[116.43067,-1.38364],[116.43001,-1.36241],[116.31553,-1.41467],[116.30539,-1.42043],[116.30255,-1.42147],[116.30024,-1.41949],[116.29991,-1.41803],[116.30039,-1.41692],[116.31006,-1.40973],[116.31276,-1.40597],[116.31302,-1.40428],[116.31213,-1.40239],[116.31013,-1.4014],[116.30588,-1.40105],[116.30409,-1.40173],[116.30003,-1.40549],[116.29584,-1.40778],[116.29086,-1.40703],[116.28758,-1.40719],[116.28435,-1.40963],[116.28153,-1.41373],[116.277,-1.41637],[116.27363,-1.41711],[116.27283,-1.41679],[116.27206,-1.41496],[116.27189,-1.40812],[116.26945,-1.40011],[116.26509,-1.39795],[116.265,-1.3946],[116.26401,-1.39488],[116.26308,-1.39606],[116.26224,-1.39606],[116.2618,-1.39545],[116.26373,-1.39129],[116.26327,-1.39076],[116.26222,-1.39117],[116.26213,-1.39261],[116.2589,-1.38979],[116.25834,-1.39216],[116.25912,-1.39342],[116.25762,-1.39285],[116.25577,-1.39412],[116.2561,-1.39227],[116.25559,-1.39152],[116.2509,-1.39127],[116.25026,-1.39152],[116.25011,-1.39234],[116.25154,-1.39418],[116.2505,-1.39483],[116.24995,-1.39472],[116.25001,-1.3936],[116.24799,-1.39132],[116.24705,-1.39204],[116.24686,-1.39406],[116.24562,-1.39259],[116.24408,-1.39349],[116.24344,-1.39297],[116.24067,-1.39351],[116.24003,-1.39305],[116.2403,-1.39138],[116.23938,-1.39076],[116.23842,-1.39099],[116.23689,-1.39401],[116.23625,-1.39332],[116.23566,-1.39033],[116.23323,-1.39016],[116.23236,-1.39084],[116.23083,-1.39689],[116.23426,-1.39951],[116.23444,-1.40032],[116.23327,-1.40139],[116.23071,-1.40102],[116.22993,-1.40245],[116.22636,-1.39981],[116.22493,-1.40062],[116.22353,-1.40064],[116.22298,-1.40211],[116.22092,-1.39981],[116.22042,-1.39802],[116.21896,-1.39802],[116.21788,-1.39698],[116.21651,-1.39727],[116.2157,-1.39881],[116.21316,-1.40106],[116.21056,-1.40119],[116.21015,-1.40357],[116.21203,-1.4052],[116.2124,-1.40642],[116.21144,-1.40816],[116.21222,-1.4088],[116.21203,-1.4111],[116.2127,-1.41175],[116.21284,-1.41419],[116.21495,-1.41494],[116.21518,-1.41551],[116.21726,-1.41542],[116.21721,-1.41761],[116.21527,-1.41775],[116.21427,-1.41878],[116.2135,-1.41858],[116.21301,-1.41755],[116.21213,-1.4174],[116.2109,-1.41824],[116.2115,-1.41967],[116.21096,-1.42243],[116.20987,-1.4226],[116.20804,-1.42171],[116.13878,-1.51025],[116.22278,-1.55099],[116.32484,-1.50241],[116.43294,-1.45754],[116.43067,-1.38364]]]}},{"type":"Feature","properties":{"inventoryId":"big-oil-palm-paser:31","sector":"Sawit","subtype":"Izin Lokasi Sawit","quality":"OFFICIAL","sourceDataset":"big-oil-palm-paser","sourceRecordId":"31","source":"BIG Kebijakan Satu Peta","sourceUrl":"https://kspservices.big.go.id/satupeta/rest/services/PUBLIK/PERIZINAN_DAN_PERTANAHAN/MapServer/39","retrievedAt":"2026-08-24T23:55:27Z","geometryProcessing":"web display simplification tolerance 0.00035 degrees","name":"PTP. NUSANTARA XIII","group":"BUMN","issuer":"Bupati Paser","permitNumber":"460.1/150/BPN-44.4/2005","permitDate":"2005-07-29","areaHa":650.0,"village":"Long Kali dan Bentetualan","subdistrict":"Long Kali","district":"Paser","status":"Aktif","sourceRemark":"Saat penerbitan Ilok masih Kabupaten Pasir","coverageCaveat":"BIG public plantation location layer covers selected districts only; it is not complete Indonesia-wide plantation coverage.","region":"kalimantan"},"geometry":{"type":"Polygon","coordinates":[[[116.37272,-1.4882],[116.37887,-1.48665],[116.37895,-1.44876],[116.37574,-1.45187],[116.36795,-1.45223],[116.36625,-1.45321],[116.36539,-1.45744],[116.36353,-1.46161],[116.36343,-1.47599],[116.36071,-1.48012],[116.36065,-1.48251],[116.35999,-1.48311],[116.35999,-1.48782],[116.36088,-1.48933],[116.36087,-1.49117],[116.37272,-1.4882]]]}},{"type":"Feature","properties":{"inventoryId":"big-oil-palm-paser:32","sector":"Sawit","subtype":"Izin Lokasi Sawit","quality":"OFFICIAL","sourceDataset":"big-oil-palm-paser","sourceRecordId":"32","source":"BIG Kebijakan Satu Peta","sourceUrl":"https://kspservices.big.go.id/satupeta/rest/services/PUBLIK/PERIZINAN_DAN_PERTANAHAN/MapServer/39","retrievedAt":"2026-08-24T23:55:27Z","geometryProcessing":"web display simplification tolerance 0.00035 degrees","name":"PTP. NUSANTARA XIII","group":"BUMN","issuer":"Bupati Paser","permitNumber":"460.1/90/BPN-PSR/1999","permitDate":"1999-05-10","areaHa":3000.0,"village":"Damit, Bekoso, Suatang Bulu, Suatang Baru","subdistrict":"Pasir Belengkong","district":"Paser","status":"Aktif","sourceRemark":"Saat penerbitan Ilok masih Kabupaten Pasir","coverageCaveat":"BIG public plantation location layer covers selected districts only; it is not complete Indonesia-wide plantation coverage.","region":"kalimantan"},"geometry":{"type":"Polygon","coordinates":[[[116.14219,-1.99471],[116.13748,-1.99456],[116.13742,-1.99022],[116.13305,-1.99016],[116.13315,-1.98527],[116.08259,-1.98576],[116.08246,-2.01305],[116.0915,-2.01365],[116.0914,-2.0217],[116.0934,-2.02307],[116.0986,-2.02337],[116.10111,-2.02289],[116.10282,-2.02193],[116.1034,-2.02097],[116.10511,-2.02069],[116.10634,-2.02394],[116.10787,-2.0248],[116.10958,-2.02346],[116.11025,-2.02452],[116.11319,-2.02663],[116.11395,-2.02864],[116.11519,-2.02931],[116.11862,-2.0294],[116.12166,-2.02634],[116.12281,-2.02242],[116.125,-2.0206],[116.12795,-2.01993],[116.13699,-2.02051],[116.13994,-2.01946],[116.14298,-2.01735],[116.14869,-2.01784],[116.15165,-2.01229],[116.15307,-2.012],[116.15593,-2.01009],[116.15935,-2.00903],[116.16212,-2.00568],[116.16564,-2.00396],[116.16878,-1.99927],[116.17136,-1.99736],[116.17144,-1.99454],[116.16219,-1.99485],[116.16222,-1.99338],[116.15594,-1.99333],[116.15589,-1.99524],[116.14228,-1.99552],[116.14219,-1.99471]]]}},{"type":"Feature","properties":{"inventoryId":"big-oil-palm-paser:33","sector":"Sawit","subtype":"Izin Lokasi Sawit","quality":"OFFICIAL","sourceDataset":"big-oil-palm-paser","sourceRecordId":"33","source":"BIG Kebijakan Satu Peta","sourceUrl":"https://kspservices.big.go.id/satupeta/rest/services/PUBLIK/PERIZINAN_DAN_PERTANAHAN/MapServer/39","retrievedAt":"2026-08-24T23:55:27Z","geometryProcessing":"web display simplification tolerance 0.00035 degrees","name":"PTP. NUSANTARA XIII","group":"BUMN","issuer":"Bupati Paser","permitNumber":"460.1/98/BPN-16.4/1999","permitDate":"1999-11-09","areaHa":7400.0,"village":"Muara Pias, Belimbing, Mendik, Babulu Darat","subdistrict":"Longkali dan Babulu","district":"Paser","status":"Aktif","sourceRemark":"Saat penerbitan Ilok masih Kabupaten Pasir","coverageCaveat":"BIG public plantation location layer covers selected districts only; it is not complete Indonesia-wide plantation coverage.","region":"kalimantan"},"geometry":{"type":"MultiPolygon","coordinates":[[[[116.26515,-1.38883],[116.26425,-1.34962],[116.23087,-1.34904],[116.21345,-1.35688],[116.20099,-1.36406],[116.19328,-1.36923],[116.18006,-1.38023],[116.1675,-1.39201],[116.16274,-1.40426],[116.1654,-1.40483],[116.16734,-1.40422],[116.16939,-1.4063],[116.171,-1.4065],[116.17408,-1.41033],[116.17532,-1.41024],[116.177,-1.40851],[116.18056,-1.40629],[116.18129,-1.40722],[116.183,-1.40744],[116.1835,-1.40866],[116.18265,-1.40908],[116.18382,-1.40948],[116.18408,-1.41027],[116.18194,-1.41099],[116.18242,-1.41498],[116.18407,-1.41452],[116.18533,-1.41487],[116.18539,-1.41335],[116.18667,-1.41136],[116.1875,-1.41119],[116.18913,-1.41269],[116.19021,-1.41203],[116.19067,-1.41369],[116.19144,-1.41375],[116.19155,-1.41536],[116.18975,-1.41777],[116.19084,-1.41935],[116.19309,-1.41892],[116.19523,-1.41763],[116.19549,-1.41438],[116.19612,-1.41401],[116.19743,-1.41533],[116.19834,-1.41499],[116.19991,-1.41608],[116.20057,-1.41947],[116.20342,-1.42022],[116.20588,-1.42223],[116.20873,-1.42177],[116.21056,-1.42275],[116.2115,-1.42013],[116.2109,-1.41824],[116.21139,-1.41769],[116.21301,-1.41755],[116.2135,-1.41858],[116.21427,-1.41878],[116.21527,-1.41775],[116.21721,-1.41761],[116.21749,-1.41686],[116.21726,-1.41542],[116.21518,-1.41551],[116.21495,-1.41494],[116.21284,-1.41419],[116.2127,-1.41175],[116.21203,-1.4111],[116.21222,-1.4088],[116.21144,-1.40816],[116.2124,-1.40642],[116.21203,-1.4052],[116.21015,-1.40357],[116.21056,-1.40119],[116.21316,-1.40106],[116.2157,-1.39881],[116.21651,-1.39727],[116.21788,-1.39698],[116.21896,-1.39802],[116.22042,-1.39802],[116.22092,-1.39981],[116.22298,-1.40211],[116.22353,-1.40064],[116.22493,-1.40062],[116.22636,-1.39981],[116.22993,-1.40245],[116.23071,-1.40102],[116.23327,-1.40139],[116.23444,-1.40032],[116.23426,-1.39951],[116.23083,-1.39689],[116.23236,-1.39084],[116.23323,-1.39016],[116.23566,-1.39033],[116.23625,-1.39332],[116.23689,-1.39401],[116.23842,-1.39099],[116.23938,-1.39076],[116.2403,-1.39138],[116.24003,-1.39305],[116.24067,-1.39351],[116.24344,-1.39297],[116.24408,-1.39349],[116.24562,-1.39259],[116.24686,-1.39406],[116.24705,-1.39204],[116.24799,-1.39132],[116.25001,-1.3936],[116.24995,-1.39472],[116.2505,-1.39483],[116.25143,-1.39446],[116.25154,-1.39385],[116.25026,-1.39268],[116.25026,-1.39152],[116.25559,-1.39152],[116.2561,-1.39227],[116.25563,-1.39382],[116.25622,-1.39409],[116.25714,-1.39296],[116.25912,-1.39342],[116.25836,-1.39245],[116.25869,-1.38991],[116.25971,-1.39013],[116.26213,-1.39261],[116.26222,-1.39117],[116.26283,-1.39074],[116.26521,-1.39145],[116.26515,-1.38883]]],[[[116.233,-1.45622],[116.21359,-1.45557],[116.20861,-1.45869],[116.20838,-1.46039],[116.20564,-1.4637],[116.20765,-1.46591],[116.20737,-1.46853],[116.20572,-1.47282],[116.2018,-1.47717],[116.20093,-1.47937],[116.20093,-1.49012],[116.21061,-1.49008],[116.21084,-1.47767],[116.21719,-1.46191],[116.22651,-1.46178],[116.23304,-1.46491],[116.233,-1.45622]]],[[[116.25529,-1.45062],[116.25428,-1.45037],[116.25438,-1.451],[116.25366,-1.45075],[116.25314,-1.4522],[116.25163,-1.45244],[116.25029,-1.45062],[116.24962,-1.45082],[116.24922,-1.4525],[116.24618,-1.45267],[116.24611,-1.45398],[116.24533,-1.4543],[116.24141,-1.45423],[116.24122,-1.45513],[116.24008,-1.45555],[116.24016,-1.46525],[116.24524,-1.4652],[116.25546,-1.46744],[116.25837,-1.46756],[116.26391,-1.47032],[116.26385,-1.46739],[116.26031,-1.46595],[116.25774,-1.46566],[116.25747,-1.45486],[116.25992,-1.45505],[116.25995,-1.45814],[116.26111,-1.45796],[116.26227,-1.45888],[116.26287,-1.45684],[116.26461,-1.45715],[116.26453,-1.45541],[116.26217,-1.45454],[116.26283,-1.45277],[116.26269,-1.45116],[116.2608,-1.45157],[116.25824,-1.45054],[116.25654,-1.45131],[116.25529,-1.45062]]],[[[116.23427,-1.42268],[116.23526,-1.42214],[116.23526,-1.42115],[116.2345,-1.42115],[116.2345,-1.41931],[116.22407,-1.41915],[116.22384,-1.4239],[116.22719,-1.42383],[116.22727,-1.42444],[116.22871,-1.42444],[116.22894,-1.42321],[116.23427,-1.42337],[116.23427,-1.42268]]],[[[116.24595,-1.39612],[116.245,-1.39602],[116.24509,-1.39545],[116.23824,-1.39522],[116.23815,-1.39803],[116.24595,-1.39813],[116.24595,-1.39612]]],[[[116.38913,-1.38904],[116.3789,-1.39263],[116.3764,-1.4016],[116.3745,-1.40388],[116.37355,-1.40663],[116.37438,-1.42997],[116.36724,-1.43535],[116.36724,-1.4381],[116.37318,-1.43787],[116.37306,-1.44864],[116.36771,-1.44852],[116.36795,-1.45223],[116.37247,-1.45211],[116.37247,-1.45737],[116.36937,-1.46407],[116.36949,-1.47772],[116.3652,-1.4831],[116.36592,-1.48885],[116.38982,-1.48],[116.38913,-1.38904]]]]}},{"type":"Feature","properties":{"inventoryId":"big-oil-palm-paser:34","sector":"Sawit","subtype":"Izin Lokasi Sawit","quality":"OFFICIAL","sourceDataset":"big-oil-palm-paser","sourceRecordId":"34","source":"BIG Kebijakan Satu Peta","sourceUrl":"https://kspservices.big.go.id/satupeta/rest/services/PUBLIK/PERIZINAN_DAN_PERTANAHAN/MapServer/39","retrievedAt":"2026-08-24T23:55:27Z","geometryProcessing":"web display simplification tolerance 0.00035 degrees","name":"PTP. NUSANTARA XIII","group":"BUMN","issuer":"Bupati Paser","permitNumber":"503/08/PEM-ILP/X/2013 (Perpanjangan)","permitDate":"2013-10-10","areaHa":1784.0,"village":"Muara Pasir, Perepat, Laburan","subdistrict":"Tanah Grogot dan. Pasir Belengkong","district":"Paser","status":"Aktif","coverageCaveat":"BIG public plantation location layer covers selected districts only; it is not complete Indonesia-wide plantation coverage.","region":"kalimantan"},"geometry":{"type":"MultiPolygon","coordinates":[[[[116.37446,-1.87482],[116.3667,-1.86859],[116.34998,-1.87573],[116.3446,-1.88321],[116.34362,-1.90014],[116.34201,-1.91189],[116.34474,-1.92406],[116.35117,-1.93846],[116.35642,-1.94084],[116.35684,-1.91468],[116.3639,-1.91489],[116.36456,-1.91686],[116.37453,-1.91689],[116.37446,-1.87482]]],[[[116.45356,-1.93042],[116.4514,-1.91678],[116.43965,-1.88349],[116.43311,-1.88369],[116.43781,-1.9006],[116.43769,-1.90224],[116.44007,-1.90713],[116.44328,-1.92524],[116.44265,-1.93203],[116.44084,-1.93225],[116.44042,-1.9356],[116.44251,-1.93546],[116.44272,-1.93763],[116.45356,-1.93798],[116.45356,-1.93042]]]]}},{"type":"Feature","properties":{"inventoryId":"big-oil-palm-paser:39","sector":"Sawit","subtype":"Izin Lokasi Sawit","quality":"OFFICIAL","sourceDataset":"big-oil-palm-paser","sourceRecordId":"39","source":"BIG Kebijakan Satu Peta","sourceUrl":"https://kspservices.big.go.id/satupeta/rest/services/PUBLIK/PERIZINAN_DAN_PERTANAHAN/MapServer/39","retrievedAt":"2026-08-24T23:55:27Z","geometryProcessing":"web display simplification tolerance 0.00035 degrees","name":"PTP. NUSANTARA XIII","group":"BUMN","issuer":"Bupati Paser","permitNumber":"503/11/PEM-SILP/VII/2012","permitDate":"2012-07-19","areaHa":259.0,"village":"Sainperupuk","subdistrict":"Batu Engau","district":"Paser","status":"Aktif","coverageCaveat":"BIG public plantation location layer covers selected districts only; it is not complete Indonesia-wide plantation coverage.","region":"kalimantan"},"geometry":{"type":"MultiPolygon","coordinates":[[[[116.06975,-2.02426],[116.06599,-2.02481],[116.04941,-2.02491],[116.04931,-2.02799],[116.05084,-2.02773],[116.05161,-2.0297],[116.05233,-2.02996],[116.05323,-2.02883],[116.05323,-2.03006],[116.0556,-2.02928],[116.05531,-2.03058],[116.06969,-2.03122],[116.06975,-2.02426]]],[[[116.09843,-2.04106],[116.09568,-2.03522],[116.09188,-2.03295],[116.09129,-2.02984],[116.08816,-2.02971],[116.08797,-2.04172],[116.09088,-2.04175],[116.09088,-2.04619],[116.09843,-2.04106]]]]}},{"type":"Feature","properties":{"inventoryId":"big-oil-palm-paser:40","sector":"Sawit","subtype":"Izin Lokasi Sawit","quality":"OFFICIAL","sourceDataset":"big-oil-palm-paser","sourceRecordId":"40","source":"BIG Kebijakan Satu Peta","sourceUrl":"https://kspservices.big.go.id/satupeta/rest/services/PUBLIK/PERIZINAN_DAN_PERTANAHAN/MapServer/39","retrievedAt":"2026-08-24T23:55:27Z","geometryProcessing":"web display simplification tolerance 0.00035 degrees","name":"PTP. NUSANTARA XIII","group":"BUMN","issuer":"Bupati Paser","permitNumber":"503/02/PEM-SILP/VIII/2014","permitDate":"2014-08-13","areaHa":3176.0,"village":"Muara Komam, Long Sayo, Binangon","subdistrict":"Muara Komam","district":"Paser","status":"Aktif","coverageCaveat":"BIG public plantation location layer covers selected districts only; it is not complete Indonesia-wide plantation coverage.","region":"kalimantan"},"geometry":{"type":"MultiPolygon","coordinates":[[[[115.80018,-1.55682],[115.79849,-1.55358],[115.79643,-1.55199],[115.79608,-1.55294],[115.79412,-1.55428],[115.78681,-1.55485],[115.7865,-1.56589],[115.78514,-1.56838],[115.78262,-1.5694],[115.78258,-1.56819],[115.78207,-1.56816],[115.78204,-1.56493],[115.77944,-1.56301],[115.77732,-1.56289],[115.77727,-1.56209],[115.77546,-1.56209],[115.77545,-1.56093],[115.77453,-1.56095],[115.77452,-1.55905],[115.77292,-1.55902],[115.77292,-1.55842],[115.76916,-1.55846],[115.76821,-1.55953],[115.76902,-1.56195],[115.76607,-1.56381],[115.76513,-1.56509],[115.76093,-1.56536],[115.75718,-1.56693],[115.75645,-1.56846],[115.75644,-1.57047],[115.75438,-1.5727],[115.75551,-1.57424],[115.7551,-1.57578],[115.75175,-1.57879],[115.75175,-1.57941],[115.74781,-1.57865],[115.75939,-1.59171],[115.75945,-1.59418],[115.76025,-1.5963],[115.76202,-1.59854],[115.76304,-1.59895],[115.76413,-1.60285],[115.797,-1.60235],[115.80018,-1.55682]]],[[[115.85005,-1.5081],[115.82568,-1.50805],[115.82701,-1.51004],[115.82922,-1.51019],[115.82968,-1.51179],[115.82902,-1.51465],[115.83047,-1.51523],[115.83414,-1.51977],[115.83341,-1.52181],[115.83244,-1.52179],[115.83254,-1.5227],[115.83551,-1.52408],[115.83766,-1.52408],[115.83853,-1.52317],[115.84149,-1.52354],[115.84158,-1.52436],[115.84431,-1.52602],[115.84796,-1.52717],[115.84899,-1.52809],[115.85806,-1.528],[115.85763,-1.52409],[115.86216,-1.52409],[115.86338,-1.51915],[115.86612,-1.51778],[115.86661,-1.513],[115.84988,-1.51269],[115.85005,-1.5081]]],[[[115.91315,-1.50906],[115.91315,-1.50636],[115.89926,-1.50458],[115.89919,-1.51137],[115.8979,-1.5129],[115.89573,-1.51277],[115.8946,-1.5133],[115.89385,-1.51437],[115.89402,-1.5159],[115.89184,-1.51532],[115.89084,-1.51632],[115.89063,-1.51974],[115.89263,-1.52243],[115.89338,-1.52506],[115.89298,-1.52683],[115.89189,-1.52652],[115.88978,-1.52462],[115.88628,-1.5238],[115.88538,-1.52299],[115.88505,-1.52326],[115.88467,-1.52784],[115.88947,-1.52995],[115.89075,-1.53144],[115.89141,-1.53397],[115.88951,-1.53431],[115.88837,-1.53617],[115.88732,-1.53636],[115.88366,-1.53392],[115.88185,-1.53454],[115.87933,-1.53717],[115.88051,-1.54607],[115.88346,-1.54895],[115.88368,-1.54732],[115.88604,-1.54747],[115.88779,-1.54939],[115.88695,-1.55008],[115.889,-1.55108],[115.89205,-1.55092],[115.8922,-1.55169],[115.89517,-1.55223],[115.90057,-1.54871],[115.91314,-1.53902],[115.91315,-1.50906]]]]}},{"type":"Feature","properties":{"inventoryId":"big-oil-palm-paser:41","sector":"Sawit","subtype":"Izin Lokasi Sawit","quality":"OFFICIAL","sourceDataset":"big-oil-palm-paser","sourceRecordId":"41","source":"BIG Kebijakan Satu Peta","sourceUrl":"https://kspservices.big.go.id/satupeta/rest/services/PUBLIK/PERIZINAN_DAN_PERTANAHAN/MapServer/39","retrievedAt":"2026-08-24T23:55:27Z","geometryProcessing":"web display simplification tolerance 0.00035 degrees","name":"PTP. NUSANTARA XIII","group":"BUMN","issuer":"Bupati Paser","permitNumber":"503/05/PEM-SILP/V/2009","permitDate":"2009-05-20","areaHa":2000.0,"village":"Seniung Jaya","subdistrict":"Pasir Belengkong","district":"Paser","status":"Aktif","coverageCaveat":"BIG public plantation location layer covers selected districts only; it is not complete Indonesia-wide plantation coverage.","region":"kalimantan"},"geometry":{"type":"Polygon","coordinates":[[[116.25119,-2.03106],[116.23983,-2.02446],[116.23951,-2.02908],[116.23268,-2.03094],[116.23117,-2.03848],[116.2294,-2.03875],[116.22433,-2.05057],[116.22283,-2.05436],[116.2223,-2.06696],[116.23356,-2.07468],[116.24567,-2.07511],[116.27029,-2.0517],[116.27,-2.03253],[116.25406,-2.02952],[116.25388,-2.03041],[116.25308,-2.03041],[116.25237,-2.02864],[116.25119,-2.03106]]]}},{"type":"Feature","properties":{"inventoryId":"big-oil-palm-paser:42","sector":"Sawit","subtype":"Izin Lokasi Sawit","quality":"OFFICIAL","sourceDataset":"big-oil-palm-paser","sourceRecordId":"42","source":"BIG Kebijakan Satu Peta","sourceUrl":"https://kspservices.big.go.id/satupeta/rest/services/PUBLIK/PERIZINAN_DAN_PERTANAHAN/MapServer/39","retrievedAt":"2026-08-24T23:55:27Z","geometryProcessing":"web display simplification tolerance 0.00035 degrees","name":"PTP. NUSANTARA XIII","group":"BUMN","issuer":"Bupati Paser","permitNumber":"503/07/PEM-SILP/IX/2009","permitDate":"2009-09-16","areaHa":230.0,"village":"Sainperupuk","subdistrict":"Batu Engau","district":"Paser","status":"Aktif","coverageCaveat":"BIG public plantation location layer covers selected districts only; it is not complete Indonesia-wide plantation coverage.","region":"kalimantan"},"geometry":{"type":"Polygon","coordinates":[[[116.08828,-2.04172],[116.08807,-2.02946],[116.08686,-2.02128],[116.08498,-2.0147],[116.07889,-2.01128],[116.0785,-2.0416],[116.08828,-2.04172]]]}},{"type":"Feature","properties":{"inventoryId":"big-oil-palm-paser:43","sector":"Sawit","subtype":"Izin Lokasi Sawit","quality":"OFFICIAL","sourceDataset":"big-oil-palm-paser","sourceRecordId":"43","source":"BIG Kebijakan Satu Peta","sourceUrl":"https://kspservices.big.go.id/satupeta/rest/services/PUBLIK/PERIZINAN_DAN_PERTANAHAN/MapServer/39","retrievedAt":"2026-08-24T23:55:27Z","geometryProcessing":"web display simplification tolerance 0.00035 degrees","name":"PTP. NUSANTARA XIII","group":"BUMN","issuer":"Gubernur Kepala Dati I Kalimantan Timur","permitNumber":"065/590-XII/UM-38/1988","permitDate":"1988-12-22","areaHa":11500.0,"village":"-","subdistrict":"Pasir Belengkong dan Tanjung Aru","district":"Pasir","status":"Aktif","sourceRemark":"Saat penerbitan Ilok masih Kabupaten Pasir","coverageCaveat":"BIG public plantation location layer covers selected districts only; it is not complete Indonesia-wide plantation coverage.","region":"kalimantan"},"geometry":{"type":"MultiPolygon","coordinates":[[[[116.1732,-1.96301],[116.11798,-1.96098],[116.11714,-1.97908],[116.06542,-1.97759],[116.06236,-2.04565],[116.1153,-2.04665],[116.11519,-2.02931],[116.17054,-2.03042],[116.1732,-1.96301]]],[[[116.08878,-1.90512],[116.09191,-1.90415],[116.0912,-1.90256],[116.09186,-1.89907],[116.09069,-1.8956],[116.07881,-1.89713],[116.06969,-1.89954],[116.07042,-1.94319],[116.08014,-1.94004],[116.083,-1.93162],[116.09604,-1.93039],[116.09843,-1.93166],[116.10172,-1.92974],[116.11408,-1.92522],[116.11548,-1.92552],[116.12018,-1.93007],[116.12358,-1.92859],[116.12626,-1.92921],[116.12624,-1.93388],[116.14129,-1.92499],[116.1435,-1.92269],[116.15211,-1.92058],[116.1547,-1.92116],[116.16375,-1.92859],[116.16597,-1.92612],[116.1657,-1.91717],[116.17483,-1.91727],[116.17734,-1.9124],[116.17284,-1.9016],[116.17276,-1.89959],[116.16679,-1.89941],[116.16511,-1.90129],[116.1589,-1.91176],[116.13664,-1.91506],[116.13452,-1.9168],[116.13397,-1.92282],[116.13154,-1.92467],[116.12584,-1.92478],[116.1231,-1.92438],[116.12159,-1.92276],[116.11357,-1.9172],[116.11223,-1.917],[116.1117,-1.91797],[116.10954,-1.91739],[116.10709,-1.91839],[116.10532,-1.91963],[116.10395,-1.92159],[116.10208,-1.92181],[116.09941,-1.9209],[116.09837,-1.92154],[116.09642,-1.92012],[116.09323,-1.9165],[116.093,-1.91362],[116.09466,-1.91115],[116.09488,-1.90978],[116.09213,-1.9068],[116.08998,-1.90748],[116.08878,-1.90512]]]]}},{"type":"Feature","properties":{"inventoryId":"big-oil-palm-paser:44","sector":"Sawit","subtype":"Izin Lokasi Sawit","quality":"OFFICIAL","sourceDataset":"big-oil-palm-paser","sourceRecordId":"44","source":"BIG Kebijakan Satu Peta","sourceUrl":"https://kspservices.big.go.id/satupeta/rest/services/PUBLIK/PERIZINAN_DAN_PERTANAHAN/MapServer/39","retrievedAt":"2026-08-24T23:55:27Z","geometryProcessing":"web display simplification tolerance 0.00035 degrees","name":"PTP. NUSANTARA XIII","group":"BUMN","issuer":"Gubernur Kepala Dati I Kalimantan Timur","permitNumber":"09/DA/1981","permitDate":"1981-04-29","areaHa":52000.0,"village":"-","subdistrict":"Long Ikis dan Kuaro","district":"Pasir","status":"Aktif","sourceRemark":"Saat penerbitan Ilok masih Kabupaten Pasir","coverageCaveat":"BIG public plantation location layer covers selected districts only; it is not complete Indonesia-wide plantation coverage.","region":"kalimantan"},"geometry":{"type":"MultiPolygon","coordinates":[[[[116.21752,-1.68928],[116.29784,-1.62261],[116.25904,-1.56773],[116.19743,-1.60955],[116.16757,-1.61892],[116.13457,-1.77405],[116.11884,-1.78886],[116.09657,-1.8738],[116.19293,-1.87406],[116.21752,-1.68928]]],[[[116.11445,-1.76894],[116.14264,-1.66108],[116.14695,-1.61586],[116.22278,-1.55099],[116.12416,-1.50315],[116.02385,-1.82249],[116.11445,-1.76894]]]]}},{"type":"Feature","properties":{"inventoryId":"big-oil-palm-kutai-timur:34","sector":"Sawit","subtype":"Izin Lokasi Sawit","quality":"OFFICIAL","sourceDataset":"big-oil-palm-kutai-timur","sourceRecordId":"34","source":"BIG Kebijakan Satu Peta","sourceUrl":"https://kspservices.big.go.id/satupeta/rest/services/PUBLIK/PERIZINAN_DAN_PERTANAHAN/MapServer/38","retrievedAt":"2026-08-24T23:55:27Z","geometryProcessing":"web display simplification tolerance 0.00035 degrees","name":"Rizqi Kemansia, PT","issuer":"Bupati Kutai Timur","permitNumber":"525.26/K.110/HK/II/2018","permitDate":"2018-02-15","areaHa":315.0,"village":"-","subdistrict":"Rantau Pulung","district":"Kutai Timur","status":"Aktif","coverageCaveat":"BIG public plantation location layer covers selected districts only; it is not complete Indonesia-wide plantation coverage.","region":"kalimantan"},"geometry":{"type":"Polygon","coordinates":[[[117.18549,0.63453],[117.18409,0.63342],[117.18414,0.63245],[117.18347,0.63206],[117.18329,0.62908],[117.18413,0.62908],[117.18486,0.62786],[117.18463,0.62512],[117.18627,0.62513],[117.18738,0.62683],[117.1882,0.62677],[117.18751,0.62259],[117.18807,0.6205],[117.18675,0.61871],[117.18909,0.61807],[117.19035,0.61709],[117.19081,0.61396],[117.1905,0.61208],[117.19096,0.61175],[117.19143,0.61248],[117.19213,0.61211],[117.19215,0.61016],[117.194,0.6098],[117.19577,0.60786],[117.19773,0.60768],[117.19669,0.60632],[117.19761,0.60533],[117.19871,0.60554],[117.19985,0.60712],[117.20271,0.60506],[117.20623,0.60459],[117.20684,0.60328],[117.20807,0.60288],[117.20878,0.60164],[117.20919,0.6024],[117.20867,0.60327],[117.20959,0.60367],[117.20928,0.60487],[117.20993,0.60485],[117.2121,0.60257],[117.21359,0.60266],[117.2148,0.60092],[117.21667,0.6],[117.21667,0.59933],[117.21839,0.59772],[117.21951,0.60066],[117.22078,0.60197],[117.22137,0.60182],[117.21939,0.60705],[117.21947,0.60641],[117.19836,0.61146],[117.18549,0.63453]]]}},{"type":"Feature","properties":{"inventoryId":"big-oil-palm-kutai-timur:57","sector":"Sawit","subtype":"Izin Lokasi Sawit","quality":"OFFICIAL","sourceDataset":"big-oil-palm-kutai-timur","sourceRecordId":"57","source":"BIG Kebijakan Satu Peta","sourceUrl":"https://kspservices.big.go.id/satupeta/rest/services/PUBLIK/PERIZINAN_DAN_PERTANAHAN/MapServer/38","retrievedAt":"2026-08-24T23:55:27Z","geometryProcessing":"web display simplification tolerance 0.00035 degrees","name":"Sabhantara Rawi Sentosa, PT (I)","issuer":"Bupati Kutai Timur","permitNumber":"525.26/K.667/HK/VII/2013","permitDate":"2013-07-24","areaHa":10040.0,"village":"Muara Pantun, Long Noran, Juk Ayaq","subdistrict":"Telen","district":"Kutai Timur","status":"Aktif","coverageCaveat":"BIG public plantation location layer covers selected districts only; it is not complete Indonesia-wide plantation coverage.","region":"kalimantan"},"geometry":{"type":"MultiPolygon","coordinates":[[[[117.05375,0.94657],[117.04785,0.95187],[117.03933,0.95495],[117.03632,0.9581],[117.03431,0.95891],[117.02999,0.95943],[117.0241,0.96381],[117.01907,0.96604],[117.01282,0.97383],[117.01119,0.97677],[116.99262,0.9502],[116.98722,0.94425],[116.99167,0.9444],[116.99771,0.93919],[116.99782,0.92046],[117.01175,0.92051],[117.01235,0.91775],[117.01191,0.91775],[117.01186,0.90973],[117.00374,0.90978],[117.00368,0.91212],[116.95983,0.91212],[116.94633,0.89598],[116.95028,0.88875],[116.95936,0.87779],[116.96608,0.87162],[116.97705,0.86354],[116.9923,0.86542],[116.99235,0.86657],[116.99175,0.86714],[116.99287,0.86667],[117.0181,0.86575],[117.03868,0.86511],[117.04023,0.8655],[117.04638,0.87413],[117.04555,0.87414],[117.04889,0.87846],[117.04836,0.87974],[117.04444,0.88231],[117.04259,0.88649],[117.0482,0.88741],[117.04609,0.8922],[117.04245,0.89217],[117.04062,0.8965],[117.04112,0.90238],[117.03888,0.90277],[117.03771,0.90455],[117.03562,0.90461],[117.03559,0.91537],[117.04299,0.91547],[117.04576,0.91282],[117.04682,0.90752],[117.05238,0.90752],[117.05343,0.91268],[117.05406,0.9251],[117.05372,0.93182],[117.05681,0.94234],[117.05923,0.94424],[117.05375,0.94657]]],[[[116.97624,0.92009],[116.98595,0.92011],[116.98595,0.93382],[116.97812,0.93367],[116.97518,0.93],[116.97292,0.92679],[116.97232,0.92009],[116.97624,0.92009]]],[[[117.09845,0.94232],[117.09113,0.9425],[117.0812,0.93956],[117.07585,0.94],[117.07451,0.93755],[117.07443,0.92421],[117.06957,0.92402],[117.06941,0.90757],[117.08194,0.90759],[117.08189,0.8988],[117.08586,0.8958],[117.11648,0.93482],[117.09845,0.94232]]]]}},{"type":"Feature","properties":{"inventoryId":"big-oil-palm-kutai-timur:44","sector":"Sawit","subtype":"Izin Lokasi Sawit","quality":"OFFICIAL","sourceDataset":"big-oil-palm-kutai-timur","sourceRecordId":"44","source":"BIG Kebijakan Satu Peta","sourceUrl":"https://kspservices.big.go.id/satupeta/rest/services/PUBLIK/PERIZINAN_DAN_PERTANAHAN/MapServer/38","retrievedAt":"2026-08-24T23:55:27Z","geometryProcessing":"web display simplification tolerance 0.00035 degrees","name":"Sabhantara Rawi Sentosa, PT (II)","issuer":"Kepala Dinas Penanaman Modal dan Pelayanan Terpadu Satu Pintu Kabupaten Kutai Timur","permitNumber":"503/01/DPMPTSP-PPNP/ILOK-P/II/2019","permitDate":"2019-02-13","areaHa":1445.0,"village":"-","subdistrict":"Telen","district":"Kutai Timur","status":"Aktif","coverageCaveat":"BIG public plantation location layer covers selected districts only; it is not complete Indonesia-wide plantation coverage.","region":"kalimantan"},"geometry":{"type":"MultiPolygon","coordinates":[[[[117.07889,0.89415],[117.04179,0.89375],[117.04245,0.89217],[117.04609,0.8922],[117.0482,0.88741],[117.04259,0.88649],[117.04444,0.88231],[117.04836,0.87974],[117.04889,0.87846],[117.04555,0.87414],[117.06799,0.87399],[117.08214,0.89198],[117.07889,0.89415]]],[[[117.06326,0.93901],[117.05677,0.94222],[117.05372,0.93182],[117.05406,0.9251],[117.05343,0.91268],[117.05236,0.90743],[117.06941,0.90745],[117.06957,0.92402],[117.07443,0.92421],[117.07451,0.93755],[117.07605,0.93993],[117.06492,0.93819],[117.06326,0.93901]]]]}},{"type":"Feature","properties":{"inventoryId":"big-oil-palm-kutai-timur:31","sector":"Sawit","subtype":"Izin Lokasi Sawit","quality":"OFFICIAL","sourceDataset":"big-oil-palm-kutai-timur","sourceRecordId":"31","source":"BIG Kebijakan Satu Peta","sourceUrl":"https://kspservices.big.go.id/satupeta/rest/services/PUBLIK/PERIZINAN_DAN_PERTANAHAN/MapServer/38","retrievedAt":"2026-08-24T23:55:27Z","geometryProcessing":"web display simplification tolerance 0.00035 degrees","name":"Sangatta Sejahtera, PT","issuer":"Bupati Kutai Timur","permitNumber":"525.26/K.559/HK/VIII/2017","permitDate":"2017-08-21","areaHa":2458.0,"village":"-","subdistrict":"Rantau Pulung","district":"Kutai Timur","status":"Aktif","coverageCaveat":"BIG public plantation location layer covers selected districts only; it is not complete Indonesia-wide plantation coverage.","region":"kalimantan"},"geometry":{"type":"Polygon","coordinates":[[[117.24968,0.57548],[117.24914,0.57271],[117.24962,0.57274],[117.24964,0.56771],[117.25825,0.56598],[117.26393,0.56291],[117.26652,0.56026],[117.26808,0.55282],[117.26616,0.54904],[117.26636,0.54813],[117.27102,0.54292],[117.27295,0.54221],[117.277,0.54282],[117.27862,0.5418],[117.29321,0.5416],[117.29392,0.54088],[117.29623,0.54306],[117.29878,0.54262],[117.2999,0.54333],[117.30608,0.54353],[117.30821,0.54211],[117.30902,0.54374],[117.31125,0.54547],[117.31692,0.54404],[117.32067,0.54221],[117.32401,0.54312],[117.32494,0.54414],[117.32494,0.55182],[117.32358,0.5528],[117.32414,0.55609],[117.3237,0.55674],[117.32104,0.55553],[117.32049,0.55593],[117.32008,0.55706],[117.319,0.55759],[117.31828,0.56143],[117.31586,0.56281],[117.31514,0.56422],[117.31434,0.56338],[117.31498,0.56224],[117.31474,0.56151],[117.31345,0.56192],[117.31253,0.56062],[117.31185,0.56155],[117.30952,0.5588],[117.30939,0.56038],[117.30807,0.56018],[117.30707,0.56143],[117.30631,0.56034],[117.30482,0.56046],[117.3043,0.55897],[117.30322,0.55929],[117.30189,0.5588],[117.30168,0.55953],[117.29988,0.56018],[117.30084,0.56168],[117.29951,0.56285],[117.29916,0.56426],[117.29855,0.56471],[117.29767,0.5643],[117.29731,0.56616],[117.29606,0.56483],[117.29546,0.56511],[117.29526,0.56592],[117.29618,0.56625],[117.2963,0.56697],[117.29458,0.56689],[117.29325,0.56819],[117.29341,0.56938],[117.29273,0.56986],[117.29249,0.5691],[117.29132,0.56893],[117.28987,0.56979],[117.28863,0.56942],[117.28791,0.56991],[117.28735,0.57148],[117.28678,0.5716],[117.28566,0.57088],[117.28485,0.5714],[117.28234,0.57058],[117.27976,0.57167],[117.27769,0.57157],[117.27647,0.5738],[117.27427,0.57435],[117.27356,0.57601],[117.27145,0.57719],[117.27113,0.57798],[117.27191,0.58012],[117.2698,0.58106],[117.2705,0.58367],[117.26972,0.58572],[117.26768,0.58667],[117.26878,0.58904],[117.26791,0.58959],[117.26705,0.5888],[117.26579,0.58865],[117.26533,0.58928],[117.26564,0.59038],[117.26462,0.5907],[117.26297,0.59046],[117.26203,0.58967],[117.26125,0.58999],[117.26163,0.59062],[117.2607,0.59299],[117.25952,0.5922],[117.25929,0.59102],[117.25709,0.59007],[117.2556,0.59181],[117.25646,0.59323],[117.2545,0.59283],[117.25434,0.59536],[117.25151,0.59498],[117.25097,0.59591],[117.25199,0.59726],[117.25159,0.59797],[117.24837,0.59726],[117.24932,0.59647],[117.24877,0.59591],[117.24603,0.59647],[117.24461,0.59702],[117.24445,0.5986],[117.24304,0.59789],[117.2421,0.59868],[117.2421,0.60073],[117.24053,0.60136],[117.23905,0.59685],[117.23763,0.59591],[117.23661,0.59623],[117.23685,0.59742],[117.23504,0.59876],[117.23275,0.59793],[117.23222,0.59797],[117.23206,0.599],[117.23119,0.59986],[117.22947,0.59868],[117.2277,0.59923],[117.22998,0.5986],[117.23009,0.59729],[117.23109,0.59821],[117.23265,0.59606],[117.23383,0.59611],[117.23482,0.5972],[117.23653,0.5962],[117.23611,0.59492],[117.23761,0.5944],[117.23662,0.59346],[117.23682,0.5921],[117.24077,0.59117],[117.24173,0.59032],[117.24259,0.58749],[117.24587,0.58927],[117.24638,0.58416],[117.24731,0.58097],[117.24954,0.57964],[117.24995,0.57862],[117.25025,0.5773],[117.24968,0.57548]]]}},{"type":"Feature","properties":{"inventoryId":"big-oil-palm-kutai-timur:6","sector":"Sawit","subtype":"Izin Lokasi Sawit","quality":"OFFICIAL","sourceDataset":"big-oil-palm-kutai-timur","sourceRecordId":"6","source":"BIG Kebijakan Satu Peta","sourceUrl":"https://kspservices.big.go.id/satupeta/rest/services/PUBLIK/PERIZINAN_DAN_PERTANAHAN/MapServer/38","retrievedAt":"2026-08-24T23:55:27Z","geometryProcessing":"web display simplification tolerance 0.00035 degrees","name":"Sawit Prima Nusantara, PT (I)","group":"Teladan Group","issuer":"Bupati Kutai Timur","permitNumber":"239/02.188.45/HK/VII/2005","permitDate":"2005-07-14","areaHa":6000.0,"village":"Bumi Rapak, Bumi Jaya, bumi Etam, Bukit Permata,","subdistrict":"Sangkulirang","district":"Kutai Timur","status":"Aktif","coverageCaveat":"BIG public plantation location layer covers selected districts only; it is not complete Indonesia-wide plantation coverage.","region":"kalimantan"},"geometry":{"type":"Polygon","coordinates":[[[117.85341,1.10027],[117.8543,1.16911],[117.85392,1.16924],[117.79209,1.11675],[117.8026,1.08762],[117.75635,1.08766],[117.75641,1.04974],[117.82278,1.05],[117.82277,1.10028],[117.85341,1.10027]]]}},{"type":"Feature","properties":{"inventoryId":"big-oil-palm-kutai-timur:97","sector":"Sawit","subtype":"Izin Lokasi Sawit","quality":"OFFICIAL","sourceDataset":"big-oil-palm-kutai-timur","sourceRecordId":"97","source":"BIG Kebijakan Satu Peta","sourceUrl":"https://kspservices.big.go.id/satupeta/rest/services/PUBLIK/PERIZINAN_DAN_PERTANAHAN/MapServer/38","retrievedAt":"2026-08-24T23:55:27Z","geometryProcessing":"web display simplification tolerance 0.00035 degrees","name":"Sawit Prima Nusantara, PT (II)","group":"Teladan Group","issuer":"Bupati Kutai Timur","permitNumber":"525.26/K.668/HK/VII/2013","permitDate":"2013-07-24","areaHa":377.0,"village":"Mata Air","subdistrict":"kaubun","district":"Kutai Timur","status":"Aktif","coverageCaveat":"BIG public plantation location layer covers selected districts only; it is not complete Indonesia-wide plantation coverage.","region":"kalimantan"},"geometry":{"type":"Polygon","coordinates":[[[117.79147,1.12616],[117.77806,1.11307],[117.77876,1.11307],[117.77879,1.10388],[117.77469,1.10387],[117.77468,1.0943],[117.7851,1.09448],[117.78584,1.09333],[117.78632,1.09472],[117.7876,1.0948],[117.78476,1.1071],[117.79591,1.11694],[117.79147,1.12616]]]}},{"type":"Feature","properties":{"inventoryId":"big-oil-palm-kutai-timur:94","sector":"Sawit","subtype":"Izin Lokasi Sawit","quality":"OFFICIAL","sourceDataset":"big-oil-palm-kutai-timur","sourceRecordId":"94","source":"BIG Kebijakan Satu Peta","sourceUrl":"https://kspservices.big.go.id/satupeta/rest/services/PUBLIK/PERIZINAN_DAN_PERTANAHAN/MapServer/38","retrievedAt":"2026-08-24T23:55:27Z","geometryProcessing":"web display simplification tolerance 0.00035 degrees","name":"Sawit Sukses Sejahtera, PT (I)","group":"Eagle High Plantation","issuer":"Bupati Kutai Timur","permitNumber":"546/02.188.45/HK/X/2007","permitDate":"2007-10-25","areaHa":17388.0,"village":"Senyiur","subdistrict":"Muara Ancalong","district":"Kutai Timur","status":"Aktif","coverageCaveat":"BIG public plantation location layer covers selected districts only; it is not complete Indonesia-wide plantation coverage.","region":"kalimantan"},"geometry":{"type":"Polygon","coordinates":[[[116.51251,0.46936],[116.4782,0.4913],[116.44244,0.39769],[116.44398,0.39822],[116.44524,0.40012],[116.44637,0.39877],[116.44838,0.40059],[116.45052,0.40072],[116.45139,0.40041],[116.45238,0.39858],[116.45417,0.39926],[116.45388,0.3974],[116.45432,0.39671],[116.4588,0.39748],[116.46136,0.39718],[116.46227,0.39645],[116.46413,0.39954],[116.46485,0.39769],[116.46692,0.39677],[116.46999,0.39723],[116.4725,0.39547],[116.47492,0.39579],[116.47555,0.39359],[116.47617,0.39323],[116.47818,0.39331],[116.48081,0.39481],[116.48105,0.39533],[116.48026,0.39658],[116.48178,0.39682],[116.48227,0.39613],[116.4824,0.3917],[116.48371,0.39262],[116.48456,0.39444],[116.48846,0.39745],[116.49164,0.39583],[116.4934,0.39558],[116.49189,0.39726],[116.49206,0.39857],[116.49415,0.40003],[116.49667,0.39888],[116.49802,0.39989],[116.49976,0.39776],[116.50281,0.39715],[116.50317,0.39441],[116.5041,0.39302],[116.50941,0.39239],[116.51038,0.39159],[116.51057,0.38986],[116.51315,0.38958],[116.51546,0.38747],[116.51572,0.38644],[116.51334,0.38573],[116.51327,0.38497],[116.51703,0.38381],[116.51688,0.38142],[116.51827,0.37965],[116.5203,0.37965],[116.52101,0.37771],[116.52233,0.37989],[116.524,0.37547],[116.52532,0.37642],[116.52615,0.37615],[116.52549,0.37413],[116.52729,0.3727],[116.52716,0.36974],[116.52827,0.36817],[116.53014,0.36735],[116.52907,0.36439],[116.53004,0.36326],[116.53136,0.36303],[116.5329,0.36433],[116.53421,0.36369],[116.53447,0.36213],[116.53711,0.3636],[116.54063,0.36275],[116.5406,0.36456],[116.54128,0.36487],[116.54263,0.36287],[116.54263,0.36057],[116.54197,0.35876],[116.54356,0.35947],[116.54526,0.36385],[116.54597,0.36377],[116.54698,0.36213],[116.54816,0.36337],[116.55103,0.36403],[116.55193,0.36307],[116.55157,0.35999],[116.55448,0.36133],[116.55571,0.35876],[116.56,0.35933],[116.56145,0.35743],[116.56246,0.35695],[116.56607,0.35861],[116.56725,0.35859],[116.56908,0.35453],[116.57167,0.35216],[116.57731,0.35152],[116.5807,0.34898],[116.58237,0.34935],[116.58482,0.3509],[116.58556,0.35034],[116.58591,0.34838],[116.58676,0.34746],[116.59079,0.347],[116.59279,0.34621],[116.59442,0.34195],[116.59821,0.34248],[116.59973,0.3421],[116.60054,0.33886],[116.60389,0.33705],[116.60538,0.33458],[116.60769,0.33386],[116.61102,0.33101],[116.61243,0.32882],[116.61333,0.3256],[116.61845,0.32191],[116.6222,0.31578],[116.62349,0.31574],[116.62531,0.31664],[116.62657,0.31635],[116.62726,0.31803],[116.62757,0.32156],[116.62925,0.32218],[116.63413,0.31942],[116.63641,0.31972],[116.64038,0.32678],[116.64099,0.32924],[116.64007,0.32985],[116.63733,0.32479],[116.63458,0.32341],[116.63291,0.32417],[116.63214,0.33093],[116.63214,0.33783],[116.63153,0.3406],[116.63885,0.34535],[116.64053,0.34704],[116.64022,0.34796],[116.639,0.34781],[116.63519,0.34367],[116.63428,0.3432],[116.63306,0.34366],[116.6329,0.34535],[116.63397,0.34934],[116.63107,0.35195],[116.62787,0.35303],[116.62559,0.35871],[116.62665,0.36009],[116.62803,0.36009],[116.63001,0.35625],[116.63138,0.35533],[116.63245,0.35963],[116.63672,0.36592],[116.63092,0.37375],[116.62879,0.38556],[116.62955,0.39032],[116.63205,0.3929],[116.51251,0.46936]]]}},{"type":"Feature","properties":{"inventoryId":"big-oil-palm-kutai-timur:17","sector":"Sawit","subtype":"Izin Lokasi Sawit","quality":"OFFICIAL","sourceDataset":"big-oil-palm-kutai-timur","sourceRecordId":"17","source":"BIG Kebijakan Satu Peta","sourceUrl":"https://kspservices.big.go.id/satupeta/rest/services/PUBLIK/PERIZINAN_DAN_PERTANAHAN/MapServer/38","retrievedAt":"2026-08-24T23:55:27Z","geometryProcessing":"web display simplification tolerance 0.00035 degrees","name":"Sawit Sukses Sejahtera, PT (II)","group":"Eagle High Plantation","issuer":"Bupati Kutai Timur","permitNumber":"188.4.45/391/HK/VII/2009","permitDate":"2009-07-30","areaHa":7116.0,"village":"Senyiur","subdistrict":"Muara Ancalong","district":"Kutai Timur","status":"Aktif","coverageCaveat":"BIG public plantation location layer covers selected districts only; it is not complete Indonesia-wide plantation coverage.","region":"kalimantan"},"geometry":{"type":"Polygon","coordinates":[[[116.47835,0.49121],[116.47948,0.49413],[116.44432,0.53467],[116.41516,0.54798],[116.41486,0.54314],[116.36648,0.56401],[116.3549,0.5622],[116.357,0.5619],[116.35689,0.55751],[116.3554,0.5548],[116.35465,0.5548],[116.35383,0.55578],[116.35338,0.55548],[116.35286,0.55187],[116.35406,0.55029],[116.35503,0.55179],[116.35637,0.55254],[116.35682,0.55209],[116.35689,0.54939],[116.36055,0.54661],[116.36078,0.5457],[116.35921,0.5445],[116.35996,0.5424],[116.35943,0.5415],[116.35988,0.54037],[116.36048,0.54029],[116.3616,0.54142],[116.36324,0.54119],[116.36384,0.54074],[116.36451,0.53774],[116.36638,0.53804],[116.36638,0.53954],[116.36683,0.53954],[116.36709,0.53379],[116.36866,0.53251],[116.36836,0.53169],[116.36709,0.53146],[116.36776,0.52853],[116.36828,0.52785],[116.36948,0.52838],[116.37105,0.52688],[116.3712,0.52364],[116.37336,0.52364],[116.37411,0.52297],[116.37411,0.52199],[116.37314,0.52207],[116.37276,0.52154],[116.37299,0.51981],[116.37366,0.51928],[116.37545,0.52019],[116.37612,0.51989],[116.3762,0.51808],[116.37493,0.51725],[116.37538,0.51643],[116.37762,0.51635],[116.37833,0.51459],[116.37803,0.50985],[116.38102,0.50963],[116.38221,0.50699],[116.38363,0.50662],[116.38363,0.51023],[116.38415,0.5106],[116.38542,0.5094],[116.38602,0.51015],[116.38714,0.50993],[116.38699,0.5082],[116.3893,0.50331],[116.3893,0.50158],[116.39229,0.4985],[116.39901,0.49798],[116.402,0.49715],[116.40558,0.4976],[116.40879,0.497],[116.41223,0.49918],[116.41951,0.50031],[116.42311,0.49453],[116.42432,0.4935],[116.42617,0.49369],[116.42793,0.49276],[116.42886,0.49136],[116.42932,0.4883],[116.43691,0.48151],[116.4357,0.47737],[116.46262,0.45049],[116.47835,0.49121]]]}},{"type":"Feature","properties":{"inventoryId":"big-oil-palm-kutai-timur:117","sector":"Sawit","subtype":"Izin Lokasi Sawit","quality":"OFFICIAL","sourceDataset":"big-oil-palm-kutai-timur","sourceRecordId":"117","source":"BIG Kebijakan Satu Peta","sourceUrl":"https://kspservices.big.go.id/satupeta/rest/services/PUBLIK/PERIZINAN_DAN_PERTANAHAN/MapServer/38","retrievedAt":"2026-08-24T23:55:27Z","geometryProcessing":"web display simplification tolerance 0.00035 degrees","name":"Sawitindo Plantation, PT (HPK)","group":"Indo Gunta","issuer":"Bupati Kutai Timur","permitNumber":"525.26/K.192/HK/III/2014","permitDate":"2014-03-06","areaHa":4130.0,"village":"-","subdistrict":"Karangan","district":"Kutai Timur","status":"Tidak Aktif","coverageCaveat":"BIG public plantation location layer covers selected districts only; it is not complete Indonesia-wide plantation coverage.","region":"kalimantan"},"geometry":{"type":"Polygon","coordinates":[[[117.76695,1.21211],[117.76077,1.21207],[117.75942,1.21083],[117.75771,1.21041],[117.75481,1.21079],[117.75167,1.21201],[117.74577,1.21197],[117.74299,1.20544],[117.73167,1.19894],[117.72466,1.18103],[117.7225,1.17832],[117.70956,1.17886],[117.69878,1.17832],[117.6977,1.17019],[117.70633,1.16422],[117.70201,1.15499],[117.70901,1.14034],[117.70949,1.13219],[117.71665,1.13684],[117.71864,1.14145],[117.7201,1.1432],[117.7228,1.14393],[117.72765,1.14387],[117.73709,1.14501],[117.74436,1.14456],[117.75135,1.15209],[117.75298,1.155],[117.75626,1.15794],[117.7558,1.15836],[117.76177,1.16561],[117.77407,1.18384],[117.77819,1.18871],[117.78139,1.1854],[117.78329,1.18731],[117.77803,1.19458],[117.77641,1.19976],[117.76687,1.20256],[117.76695,1.21211]]]}},{"type":"Feature","properties":{"inventoryId":"big-oil-palm-kutai-timur:47","sector":"Sawit","subtype":"Izin Lokasi Sawit","quality":"OFFICIAL","sourceDataset":"big-oil-palm-kutai-timur","sourceRecordId":"47","source":"BIG Kebijakan Satu Peta","sourceUrl":"https://kspservices.big.go.id/satupeta/rest/services/PUBLIK/PERIZINAN_DAN_PERTANAHAN/MapServer/38","retrievedAt":"2026-08-24T23:55:27Z","geometryProcessing":"web display simplification tolerance 0.00035 degrees","name":"Setara Kilau Mas Adicita, PT (I)","issuer":"Bupati Kutai Timur","permitNumber":"525.26/K.82/HK/I/2018","permitDate":"2018-01-23","areaHa":2836.0,"village":"-","subdistrict":"Sandaran","district":"Kutai Timur","status":"Aktif","coverageCaveat":"BIG public plantation location layer covers selected districts only; it is not complete Indonesia-wide plantation coverage.","region":"kalimantan"},"geometry":{"type":"MultiPolygon","coordinates":[[[[118.61947,0.86652],[118.6024,0.86458],[118.5885,0.85347],[118.58131,0.8219],[118.57708,0.8193],[118.57094,0.81982],[118.56651,0.82153],[118.56272,0.8223],[118.55742,0.8223],[118.55186,0.82443],[118.54597,0.8276],[118.54188,0.83223],[118.53695,0.83528],[118.53316,0.83528],[118.53231,0.83525],[118.53098,0.83343],[118.53244,0.83466],[118.53298,0.83195],[118.53289,0.82777],[118.52985,0.82527],[118.52966,0.82425],[118.5304,0.82304],[118.53307,0.82211],[118.53371,0.82137],[118.53556,0.817],[118.53187,0.81709],[118.52911,0.81923],[118.52911,0.8183],[118.52837,0.81765],[118.52634,0.81793],[118.52422,0.81747],[118.52117,0.81849],[118.52071,0.81998],[118.52375,0.8223],[118.52311,0.82443],[118.52412,0.82518],[118.52643,0.82499],[118.52699,0.82806],[118.52978,0.83241],[118.52373,0.82533],[118.51685,0.82461],[118.51103,0.82615],[118.51103,0.83212],[118.494,0.83242],[118.48891,0.83678],[118.48768,0.83466],[118.48778,0.83355],[118.49063,0.83206],[118.49091,0.83123],[118.49313,0.8303],[118.49478,0.82797],[118.49525,0.82686],[118.49487,0.82575],[118.49307,0.82512],[118.50001,0.8217],[118.50327,0.82073],[118.51324,0.81942],[118.51606,0.8176],[118.52146,0.81615],[118.52547,0.81554],[118.52793,0.81602],[118.53067,0.81432],[118.5366,0.813],[118.54337,0.81036],[118.54875,0.81018],[118.55038,0.81075],[118.55138,0.81011],[118.5519,0.81226],[118.55264,0.81296],[118.55271,0.81561],[118.55725,0.81365],[118.56246,0.81372],[118.56516,0.81287],[118.56696,0.81347],[118.56794,0.81521],[118.56994,0.816],[118.57402,0.81539],[118.57534,0.81596],[118.58009,0.81346],[118.58055,0.81393],[118.58528,0.81407],[118.58705,0.8128],[118.58743,0.81088],[118.59038,0.81121],[118.59283,0.81253],[118.59473,0.81627],[118.59676,0.81715],[118.59955,0.81945],[118.60332,0.82489],[118.60577,0.82506],[118.60904,0.828],[118.60974,0.82995],[118.61224,0.83154],[118.61217,0.83274],[118.61279,0.83363],[118.62001,0.83917],[118.61981,0.84069],[118.61737,0.84083],[118.6146,0.84487],[118.61315,0.84417],[118.61156,0.84669],[118.60905,0.84715],[118.60836,0.8483],[118.60585,0.8483],[118.60779,0.85026],[118.60585,0.85221],[118.6079,0.8529],[118.6079,0.85382],[118.60357,0.85451],[118.60345,0.85497],[118.60448,0.85531],[118.60619,0.85462],[118.60619,0.85531],[118.60323,0.85623],[118.60345,0.85727],[118.60596,0.85784],[118.6078,0.85497],[118.60882,0.85451],[118.60928,0.85095],[118.61076,0.84888],[118.6119,0.84853],[118.61361,0.84681],[118.61623,0.84669],[118.61726,0.846],[118.61772,0.84428],[118.61977,0.84451],[118.61934,0.84497],[118.61938,0.84701],[118.61784,0.84922],[118.61943,0.84933],[118.61947,0.86652]],[[118.51527,0.82407],[118.51757,0.82035],[118.5172,0.81979],[118.50744,0.82052],[118.50918,0.8237],[118.51527,0.82407]]],[[[118.65029,0.8602],[118.65034,0.84777],[118.65625,0.85052],[118.65773,0.85322],[118.6628,0.85591],[118.66594,0.85841],[118.66886,0.85967],[118.66889,0.86019],[118.65029,0.8602]]]]}},{"type":"Feature","properties":{"inventoryId":"big-oil-palm-kutai-timur:46","sector":"Sawit","subtype":"Izin Lokasi Sawit","quality":"OFFICIAL","sourceDataset":"big-oil-palm-kutai-timur","sourceRecordId":"46","source":"BIG Kebijakan Satu Peta","sourceUrl":"https://kspservices.big.go.id/satupeta/rest/services/PUBLIK/PERIZINAN_DAN_PERTANAHAN/MapServer/38","retrievedAt":"2026-08-24T23:55:27Z","geometryProcessing":"web display simplification tolerance 0.00035 degrees","name":"Setara Kilau Mas Adicita, PT (II)","issuer":"Bupati Kutai Timur","permitNumber":"525.26/K.217/HK/IV/2018","permitDate":"2018-04-24","areaHa":1170.0,"village":"-","subdistrict":"Sandaran","district":"Kutai Timur","status":"Aktif","coverageCaveat":"BIG public plantation location layer covers selected districts only; it is not complete Indonesia-wide plantation coverage.","region":"kalimantan"},"geometry":{"type":"MultiPolygon","coordinates":[[[[118.65466,0.87466],[118.65497,0.87328],[118.65397,0.8728],[118.65043,0.874],[118.65004,0.87225],[118.64896,0.87068],[118.64661,0.86878],[118.64306,0.8644],[118.63971,0.86468],[118.63888,0.86284],[118.63701,0.86101],[118.63274,0.85924],[118.63354,0.85835],[118.63449,0.85865],[118.63429,0.85671],[118.63522,0.85587],[118.63411,0.85309],[118.63319,0.8529],[118.63374,0.85114],[118.64001,0.84807],[118.64407,0.84733],[118.64619,0.84844],[118.64863,0.84785],[118.65028,0.84836],[118.65029,0.8602],[118.67108,0.86005],[118.67174,0.8608],[118.67265,0.85975],[118.67462,0.85991],[118.6755,0.8633],[118.67601,0.86889],[118.65466,0.87466]]],[[[118.63132,0.85925],[118.63138,0.86102],[118.63322,0.86331],[118.63341,0.86564],[118.63495,0.86675],[118.6349,0.86956],[118.63392,0.87146],[118.63412,0.87263],[118.63348,0.87325],[118.62375,0.86704],[118.61947,0.86652],[118.61943,0.84933],[118.62035,0.8491],[118.62178,0.84746],[118.62488,0.84844],[118.6307,0.85253],[118.63244,0.85701],[118.63222,0.85895],[118.63132,0.85925]]],[[[118.65028,0.87584],[118.64371,0.8776],[118.64489,0.87498],[118.642,0.87211],[118.64078,0.86888],[118.63781,0.86589],[118.635,0.86448],[118.63439,0.86137],[118.63346,0.86064],[118.63653,0.8618],[118.63809,0.86332],[118.63925,0.8655],[118.64258,0.8652],[118.64591,0.8694],[118.64825,0.87124],[118.65011,0.87489],[118.65361,0.87399],[118.65379,0.87489],[118.65028,0.87584]]],[[[118.6373,0.86664],[118.64005,0.86942],[118.64127,0.87265],[118.64398,0.87525],[118.64267,0.87788],[118.64139,0.87822],[118.63647,0.87513],[118.63566,0.8739],[118.63576,0.87177],[118.63673,0.86955],[118.63673,0.86641],[118.6373,0.86664]]]]}},{"type":"Feature","properties":{"inventoryId":"big-oil-palm-kutai-timur:127","sector":"Sawit","subtype":"Izin Lokasi Sawit","quality":"OFFICIAL","sourceDataset":"big-oil-palm-kutai-timur","sourceRecordId":"127","source":"BIG Kebijakan Satu Peta","sourceUrl":"https://kspservices.big.go.id/satupeta/rest/services/PUBLIK/PERIZINAN_DAN_PERTANAHAN/MapServer/38","retrievedAt":"2026-08-24T23:55:27Z","geometryProcessing":"web display simplification tolerance 0.00035 degrees","name":"Setara Kilau Mas Adicita, PT (III)","issuer":"Bupati Kutai Timur","permitNumber":"525.26/K.636/HK/IX/2017","permitDate":"2017-09-04","areaHa":1625.0,"village":"-","subdistrict":"Sangkulirang, Sandaran","district":"Kutai Timur","status":"Aktif","coverageCaveat":"BIG public plantation location layer covers selected districts only; it is not complete Indonesia-wide plantation coverage.","region":"kalimantan"},"geometry":{"type":"MultiPolygon","coordinates":[[[[118.20342,0.91576],[118.20508,0.92016],[118.17089,0.91651],[118.17088,0.91491],[118.1704,0.91512],[118.16804,0.91387],[118.16733,0.91173],[118.16657,0.91133],[118.16517,0.9114],[118.16749,0.91615],[118.16607,0.916],[118.16612,0.91533],[118.16539,0.91593],[118.1637,0.91574],[118.16311,0.91551],[118.16456,0.9147],[118.16476,0.91327],[118.16362,0.91218],[118.16021,0.91197],[118.16017,0.91342],[118.15955,0.91465],[118.15888,0.91474],[118.15711,0.91361],[118.15457,0.91395],[118.15421,0.91155],[118.14769,0.9114],[118.14808,0.91094],[118.14778,0.91016],[118.14666,0.90957],[118.14678,0.90819],[118.14586,0.90622],[118.14665,0.90521],[118.14658,0.90387],[118.14743,0.90311],[118.14725,0.90245],[118.15679,0.90078],[118.16188,0.90073],[118.16658,0.90226],[118.17168,0.90206],[118.17739,0.90309],[118.18291,0.90318],[118.18774,0.90494],[118.1903,0.90451],[118.19466,0.90254],[118.19907,0.90467],[118.20342,0.91576]]],[[[118.14458,0.91325],[118.14481,0.91378],[118.14147,0.91339],[118.14206,0.91313],[118.13963,0.9038],[118.14145,0.90231],[118.14412,0.90332],[118.14704,0.90263],[118.14563,0.90629],[118.14652,0.9082],[118.14642,0.9097],[118.14777,0.91097],[118.14632,0.91157],[118.14458,0.91325]]],[[[118.18834,0.89962],[118.19096,0.90093],[118.18837,0.90251],[118.18359,0.90077],[118.1861,0.89784],[118.18828,0.89734],[118.18834,0.89962]]],[[[118.17558,0.89994],[118.17008,0.89909],[118.16698,0.89976],[118.16245,0.89816],[118.15903,0.8982],[118.15371,0.88607],[118.15215,0.88382],[118.174,0.87916],[118.17442,0.88544],[118.17267,0.88639],[118.17248,0.88736],[118.1747,0.88763],[118.17544,0.89376],[118.17471,0.89401],[118.17433,0.89501],[118.17466,0.89646],[118.17562,0.89717],[118.17558,0.89994]]],[[[118.1546,0.89867],[118.14825,0.89986],[118.14447,0.89945],[118.1459,0.89826],[118.1546,0.89867]]],[[[118.19281,0.88522],[118.19246,0.88759],[118.19017,0.89265],[118.18793,0.89217],[118.18791,0.88835],[118.18707,0.88827],[118.1885,0.88297],[118.19005,0.88112],[118.1963,0.87923],[118.19632,0.88202],[118.19281,0.88522]]],[[[118.19545,0.87541],[118.1962,0.87883],[118.18957,0.88095],[118.18805,0.88287],[118.18658,0.88823],[118.18232,0.88783],[118.1793,0.8782],[118.19545,0.87541]]]]}},{"type":"Feature","properties":{"inventoryId":"big-oil-palm-kutai-timur:50","sector":"Sawit","subtype":"Izin Lokasi Sawit","quality":"OFFICIAL","sourceDataset":"big-oil-palm-kutai-timur","sourceRecordId":"50","source":"BIG Kebijakan Satu Peta","sourceUrl":"https://kspservices.big.go.id/satupeta/rest/services/PUBLIK/PERIZINAN_DAN_PERTANAHAN/MapServer/38","retrievedAt":"2026-08-24T23:55:27Z","geometryProcessing":"web display simplification tolerance 0.00035 degrees","name":"Sima Agung Prima Sawit, PT (I)","issuer":"Bupati Kutai Timur","permitNumber":"525.26/K.301/HK/IV/2013","permitDate":"2013-04-22","areaHa":6716.0,"village":"Sandaran","subdistrict":"Sandaran","district":"Kutai Timur","status":"Aktif","coverageCaveat":"BIG public plantation location layer covers selected districts only; it is not complete Indonesia-wide plantation coverage.","region":"kalimantan"},"geometry":{"type":"Polygon","coordinates":[[[118.89742,0.88261],[118.8976,0.88585],[118.89961,0.88685],[118.89892,0.88821],[118.89984,0.89135],[118.89944,0.89263],[118.89995,0.89455],[118.90464,0.90167],[118.88149,0.9047],[118.87659,0.90413],[118.86731,0.90103],[118.85348,0.89437],[118.84472,0.88787],[118.83501,0.87872],[118.82385,0.86585],[118.81674,0.86015],[118.81232,0.85555],[118.80998,0.85249],[118.80467,0.84329],[118.79958,0.83789],[118.78631,0.83224],[118.78136,0.83194],[118.77121,0.83271],[118.7633,0.83095],[118.75855,0.83061],[118.75125,0.83417],[118.74649,0.83451],[118.74161,0.83395],[118.7364,0.83215],[118.73358,0.83196],[118.73066,0.83271],[118.72448,0.83811],[118.72084,0.84327],[118.7193,0.84732],[118.71671,0.85144],[118.7131,0.85519],[118.70499,0.86108],[118.69294,0.86632],[118.67989,0.86847],[118.66948,0.86907],[118.66896,0.85936],[118.67238,0.86031],[118.67673,0.85953],[118.67878,0.85773],[118.68099,0.85403],[118.68368,0.8521],[118.69426,0.84728],[118.69844,0.84367],[118.69904,0.84187],[118.70297,0.8392],[118.70531,0.83667],[118.70642,0.83357],[118.70898,0.83151],[118.70966,0.8297],[118.70906,0.82378],[118.70718,0.81759],[118.70812,0.81596],[118.71008,0.81621],[118.71179,0.81982],[118.71393,0.82094],[118.71715,0.82146],[118.72586,0.82431],[118.73611,0.82158],[118.73778,0.82012],[118.73906,0.81717],[118.74444,0.81389],[118.74696,0.81323],[118.7528,0.80915],[118.75822,0.80731],[118.76331,0.80654],[118.76411,0.80718],[118.76502,0.80652],[118.76822,0.80745],[118.78088,0.80884],[118.7833,0.80818],[118.78517,0.80692],[118.78604,0.8088],[118.78336,0.8091],[118.78145,0.80998],[118.78118,0.8115],[118.78743,0.81251],[118.78782,0.81314],[118.78885,0.81266],[118.79279,0.813],[118.79571,0.81179],[118.79722,0.80996],[118.79757,0.81013],[118.79762,0.80943],[118.79538,0.80666],[118.79264,0.80456],[118.79099,0.80361],[118.78879,0.80339],[118.78883,0.80246],[118.79117,0.80232],[118.79696,0.80375],[118.80355,0.81116],[118.80703,0.81337],[118.80732,0.81495],[118.80672,0.81747],[118.80723,0.81836],[118.81221,0.81843],[118.81569,0.8202],[118.81323,0.8255],[118.81399,0.82781],[118.81732,0.83042],[118.81901,0.83035],[118.81989,0.82895],[118.82139,0.82836],[118.82249,0.82847],[118.82337,0.82927],[118.82417,0.83184],[118.823,0.83374],[118.82278,0.83543],[118.82529,0.84242],[118.82665,0.84316],[118.82681,0.84392],[118.82994,0.84455],[118.83459,0.84776],[118.83488,0.85034],[118.83559,0.85061],[118.83589,0.84975],[118.83891,0.85273],[118.8422,0.85874],[118.84413,0.86002],[118.84734,0.8647],[118.84973,0.8668],[118.84865,0.86833],[118.84869,0.87397],[118.85147,0.87596],[118.85411,0.87629],[118.85542,0.87732],[118.86132,0.87787],[118.86321,0.87999],[118.86515,0.8797],[118.87313,0.8762],[118.87575,0.87608],[118.88219,0.87352],[118.88647,0.87285],[118.89262,0.87546],[118.89508,0.8783],[118.89742,0.88261]]]}},{"type":"Feature","properties":{"inventoryId":"big-oil-palm-kutai-timur:142","sector":"Sawit","subtype":"Izin Lokasi Sawit","quality":"OFFICIAL","sourceDataset":"big-oil-palm-kutai-timur","sourceRecordId":"142","source":"BIG Kebijakan Satu Peta","sourceUrl":"https://kspservices.big.go.id/satupeta/rest/services/PUBLIK/PERIZINAN_DAN_PERTANAHAN/MapServer/38","retrievedAt":"2026-08-24T23:55:27Z","geometryProcessing":"web display simplification tolerance 0.00035 degrees","name":"Sima Agung Prima Sawit, PT (II)","issuer":"Bupati Kutai Timur","permitNumber":"525.26/K.404/HK/VI/2015","permitDate":"2015-06-30","areaHa":600.0,"village":"-","subdistrict":"Sandaran","district":"Kutai Timur","status":"Aktif","coverageCaveat":"BIG public plantation location layer covers selected districts only; it is not complete Indonesia-wide plantation coverage.","region":"kalimantan"},"geometry":{"type":"MultiPolygon","coordinates":[[[[118.79403,0.8354],[118.79959,0.8379],[118.80467,0.84329],[118.80998,0.85249],[118.81232,0.85555],[118.81674,0.86015],[118.82385,0.86585],[118.83501,0.87872],[118.84472,0.88787],[118.85348,0.89437],[118.86596,0.9004],[118.85873,0.89851],[118.83384,0.8844],[118.81343,0.86462],[118.80214,0.84948],[118.7944,0.84007],[118.78389,0.83421],[118.77931,0.83371],[118.75223,0.83356],[118.75855,0.83061],[118.7633,0.83095],[118.77121,0.83271],[118.78136,0.83194],[118.78631,0.83224],[118.79403,0.8354]]],[[[118.73626,0.83214],[118.74042,0.83353],[118.73389,0.83357],[118.7339,0.83211],[118.73626,0.83214]]]]}},{"type":"Feature","properties":{"inventoryId":"big-oil-palm-kutai-timur:116","sector":"Sawit","subtype":"Izin Lokasi Sawit","quality":"OFFICIAL","sourceDataset":"big-oil-palm-kutai-timur","sourceRecordId":"116","source":"BIG Kebijakan Satu Peta","sourceUrl":"https://kspservices.big.go.id/satupeta/rest/services/PUBLIK/PERIZINAN_DAN_PERTANAHAN/MapServer/38","retrievedAt":"2026-08-24T23:55:27Z","geometryProcessing":"web display simplification tolerance 0.00035 degrees","name":"Sinar Bumi Wijaya, PT","issuer":"Bupati Kutai Timur","permitNumber":"525.26/K.366/HK/VI/2018","permitDate":"2018-06-28","areaHa":4100.0,"village":"-","subdistrict":"Karangan","district":"Kutai Timur","status":"Aktif","coverageCaveat":"BIG public plantation location layer covers selected districts only; it is not complete Indonesia-wide plantation coverage.","region":"kalimantan"},"geometry":{"type":"MultiPolygon","coordinates":[[[[117.84449,1.56464],[117.8411,1.5692],[117.83658,1.58543],[117.83602,1.60679],[117.83545,1.60765],[117.83333,1.59999],[117.83228,1.59013],[117.83549,1.57229],[117.8375,1.56474],[117.83935,1.54877],[117.84333,1.53425],[117.8435,1.52566],[117.8428,1.51882],[117.84322,1.51316],[117.84193,1.50501],[117.83982,1.50277],[117.83769,1.49707],[117.83465,1.49136],[117.82797,1.48506],[117.83896,1.48509],[117.84003,1.48737],[117.84685,1.49163],[117.84942,1.49246],[117.85147,1.49414],[117.85346,1.50175],[117.85428,1.50711],[117.85423,1.51424],[117.85328,1.52459],[117.85031,1.53226],[117.84896,1.54461],[117.84503,1.5619],[117.85156,1.55752],[117.84449,1.56464]]],[[[117.58711,1.21536],[117.58461,1.21323],[117.58332,1.2087],[117.57971,1.18896],[117.57784,1.18494],[117.57621,1.18286],[117.57198,1.17958],[117.56188,1.17409],[117.55915,1.1667],[117.56719,1.1667],[117.5695,1.16944],[117.5766,1.17391],[117.5804,1.17728],[117.58185,1.17994],[117.58387,1.18066],[117.5866,1.18295],[117.5836,1.18508],[117.5829,1.18998],[117.5848,1.19484],[117.58864,1.19919],[117.58864,1.20319],[117.5914,1.21013],[117.59482,1.21239],[117.59471,1.21289],[117.58674,1.21289],[117.58711,1.21536]]],[[[117.7772,1.45374],[117.7804,1.45958],[117.7737,1.46019],[117.76873,1.45884],[117.76873,1.45159],[117.7372,1.45132],[117.7334,1.45033],[117.7282,1.44661],[117.7261,1.44003],[117.76148,1.4396],[117.76398,1.43868],[117.7672,1.44371],[117.7711,1.44656],[117.7734,1.44997],[117.7772,1.45374]]],[[[117.63648,1.44546],[117.64032,1.45884],[117.64647,1.47354],[117.6472,1.47899],[117.6487,1.48396],[117.6486,1.48772],[117.645,1.4896],[117.6389,1.48225],[117.6354,1.47998],[117.6302,1.47852],[117.6272,1.47476],[117.6228,1.46314],[117.6224,1.45765],[117.6185,1.45124],[117.61414,1.44137],[117.6333,1.44114],[117.6333,1.4444],[117.63623,1.44444],[117.63648,1.44546]]],[[[117.8374,1.51123],[117.8372,1.52016],[117.8378,1.52409],[117.8377,1.52813],[117.8387,1.53241],[117.8385,1.53582],[117.83792,1.53919],[117.83137,1.54714],[117.83216,1.56024],[117.8228,1.57205],[117.8172,1.57217],[117.81963,1.5448],[117.82499,1.52562],[117.8288,1.52549],[117.8316,1.52256],[117.8344,1.51905],[117.8359,1.51346],[117.8374,1.51123]]]]}},{"type":"Feature","properties":{"inventoryId":"big-oil-palm-kutai-timur:49","sector":"Sawit","subtype":"Izin Lokasi Sawit","quality":"OFFICIAL","sourceDataset":"big-oil-palm-kutai-timur","sourceRecordId":"49","source":"BIG Kebijakan Satu Peta","sourceUrl":"https://kspservices.big.go.id/satupeta/rest/services/PUBLIK/PERIZINAN_DAN_PERTANAHAN/MapServer/38","retrievedAt":"2026-08-24T23:55:27Z","geometryProcessing":"web display simplification tolerance 0.00035 degrees","name":"Sinergy Agro Industri, PT","group":"Sinergy","issuer":"Bupati Kutai Timur","permitNumber":"172/02.188.45/HK/IV/2007","permitDate":"2007-04-25","areaHa":11434.0,"village":"Susuk Dalam, Marukangan","subdistrict":"Sandaran","district":"Kutai Timur","status":"Aktif","coverageCaveat":"BIG public plantation location layer covers selected districts only; it is not complete Indonesia-wide plantation coverage.","region":"kalimantan"},"geometry":{"type":"Polygon","coordinates":[[[118.26571,0.98532],[118.26023,0.98762],[118.24213,0.99921],[118.24102,0.99926],[118.236,0.94068],[118.31242,0.93573],[118.31431,0.94562],[118.33933,0.94317],[118.33742,0.90292],[118.44146,0.89211],[118.44127,0.92637],[118.43906,0.92524],[118.43763,0.92541],[118.43667,0.92742],[118.43637,0.9315],[118.43662,0.93285],[118.43755,0.9337],[118.44015,0.93251],[118.44225,0.93268],[118.44318,0.93344],[118.44259,0.9348],[118.44108,0.93539],[118.43872,0.93801],[118.43982,0.93996],[118.44125,0.94021],[118.44394,0.93886],[118.44612,0.93877],[118.44822,0.9397],[118.43843,0.94247],[118.40582,0.94885],[118.39123,0.95248],[118.3851,0.95315],[118.36222,0.95781],[118.35299,0.96154],[118.34939,0.96185],[118.34832,0.96124],[118.34741,0.95629],[118.3465,0.95542],[118.34391,0.95583],[118.3293,0.96247],[118.31064,0.96672],[118.29791,0.97024],[118.27134,0.98184],[118.26571,0.98532]]]}},{"type":"Feature","properties":{"inventoryId":"big-oil-palm-kutai-timur:53","sector":"Sawit","subtype":"Izin Lokasi Sawit","quality":"OFFICIAL","sourceDataset":"big-oil-palm-kutai-timur","sourceRecordId":"53","source":"BIG Kebijakan Satu Peta","sourceUrl":"https://kspservices.big.go.id/satupeta/rest/services/PUBLIK/PERIZINAN_DAN_PERTANAHAN/MapServer/38","retrievedAt":"2026-08-24T23:55:27Z","geometryProcessing":"web display simplification tolerance 0.00035 degrees","name":"Subur Abadi Plantation, PT","group":"Astra","issuer":"Bupati Kutai Timur","permitNumber":"118.4.45/25/HK/II/2009","permitDate":"2009-02-09","areaHa":8862.0,"village":"-","subdistrict":"Telen","district":"Kutai Timur","status":"Aktif","coverageCaveat":"BIG public plantation location layer covers selected districts only; it is not complete Indonesia-wide plantation coverage.","region":"kalimantan"},"geometry":{"type":"Polygon","coordinates":[[[116.74126,0.88788],[116.74081,0.89289],[116.74172,0.89599],[116.74062,0.89656],[116.74065,0.89896],[116.73862,0.89943],[116.73742,0.9032],[116.73762,0.90467],[116.73594,0.90522],[116.73586,0.90707],[116.73395,0.90744],[116.73239,0.90867],[116.72966,0.91675],[116.73035,0.91889],[116.73006,0.92083],[116.72829,0.92263],[116.72761,0.9251],[116.72532,0.92739],[116.72502,0.93231],[116.72571,0.93504],[116.72441,0.93755],[116.72201,0.94017],[116.7211,0.94276],[116.72137,0.9448],[116.72305,0.94688],[116.72238,0.94783],[116.72,0.94906],[116.72021,0.95039],[116.71896,0.95192],[116.71662,0.9527],[116.71716,0.95624],[116.71537,0.95907],[116.71525,0.96022],[116.71422,0.96036],[116.71304,0.96425],[116.71476,0.96455],[116.71438,0.96799],[116.70873,0.97782],[116.7053,0.98268],[116.70319,0.98378],[116.70098,0.97917],[116.70119,0.97834],[116.69987,0.9762],[116.7019,0.97518],[116.69695,0.92973],[116.69685,0.9242],[116.69545,0.91562],[116.68612,0.82827],[116.67813,0.83247],[116.67387,0.8305],[116.66859,0.83001],[116.66533,0.83037],[116.67076,0.81031],[116.7258,0.81019],[116.75796,0.87376],[116.75567,0.87446],[116.75508,0.87686],[116.75266,0.87725],[116.75083,0.87907],[116.74916,0.88296],[116.75088,0.88648],[116.74806,0.88686],[116.74589,0.88626],[116.74126,0.88788]]]}},{"type":"Feature","properties":{"inventoryId":"big-oil-palm-kutai-timur:85","sector":"Sawit","subtype":"Izin Lokasi Sawit","quality":"OFFICIAL","sourceDataset":"big-oil-palm-kutai-timur","sourceRecordId":"85","source":"BIG Kebijakan Satu Peta","sourceUrl":"https://kspservices.big.go.id/satupeta/rest/services/PUBLIK/PERIZINAN_DAN_PERTANAHAN/MapServer/38","retrievedAt":"2026-08-24T23:55:27Z","geometryProcessing":"web display simplification tolerance 0.00035 degrees","name":"Subur Abadi Wana Agung","group":"Triputra Agro Persada","issuer":"Bupati Kutai Timur","permitNumber":"188.4.45/8/HK/I/2008","permitDate":"2008-01-09","areaHa":14188.0,"village":"-","subdistrict":"Busang","district":"Kutai Timur","status":"Aktif","coverageCaveat":"BIG public plantation location layer covers selected districts only; it is not complete Indonesia-wide plantation coverage.","region":"kalimantan"},"geometry":{"type":"Polygon","coordinates":[[[116.47478,0.7094],[116.55228,0.77019],[116.59639,0.81861],[116.57944,0.8625],[116.52089,0.86314],[116.4537,0.7592],[116.47174,0.70702],[116.47478,0.7094]]]}},{"type":"Feature","properties":{"inventoryId":"big-oil-palm-kutai-timur:15","sector":"Sawit","subtype":"Izin Lokasi Sawit","quality":"OFFICIAL","sourceDataset":"big-oil-palm-kutai-timur","sourceRecordId":"15","source":"BIG Kebijakan Satu Peta","sourceUrl":"https://kspservices.big.go.id/satupeta/rest/services/PUBLIK/PERIZINAN_DAN_PERTANAHAN/MapServer/38","retrievedAt":"2026-08-24T23:55:27Z","geometryProcessing":"web display simplification tolerance 0.00035 degrees","name":"Sumber Alam Selaras, PT","issuer":"Bupati Kutai Timur","permitNumber":"525.26/K.2/HK/I/2012","permitDate":"2012-01-11","areaHa":20000.0,"village":"Senyiur","subdistrict":"Ma. Ancalong","district":"Kutai Timur","status":"Aktif","coverageCaveat":"BIG public plantation location layer covers selected districts only; it is not complete Indonesia-wide plantation coverage.","region":"kalimantan"},"geometry":{"type":"MultiPolygon","coordinates":[[[[116.6003,0.27476],[116.58956,0.28339],[116.58671,0.28691],[116.58325,0.28967],[116.57376,0.29142],[116.56643,0.25871],[116.53535,0.17661],[116.52044,0.14921],[116.51238,0.13898],[116.52511,0.14456],[116.52483,0.11976],[116.53729,0.13271],[116.54919,0.14665],[116.55639,0.1564],[116.56663,0.1734],[116.59672,0.12241],[116.65033,0.12229],[116.67309,0.1454],[116.67191,0.14705],[116.6722,0.14926],[116.67322,0.14995],[116.67684,0.15038],[116.68301,0.15388],[116.67926,0.15855],[116.67908,0.1599],[116.68029,0.16117],[116.68411,0.16104],[116.68549,0.16221],[116.68565,0.16332],[116.67867,0.16643],[116.67255,0.16668],[116.67114,0.1672],[116.67054,0.16856],[116.67079,0.16967],[116.67281,0.17179],[116.67284,0.17243],[116.66722,0.17778],[116.66519,0.17784],[116.66279,0.17655],[116.65831,0.17008],[116.65721,0.16922],[116.65558,0.16911],[116.65379,0.17052],[116.65288,0.17381],[116.654,0.17751],[116.65211,0.18082],[116.65235,0.18701],[116.65136,0.18852],[116.64236,0.19604],[116.63807,0.19626],[116.63493,0.19895],[116.63347,0.20139],[116.63378,0.20418],[116.63486,0.20603],[116.64031,0.20881],[116.64137,0.20957],[116.64137,0.21032],[116.63551,0.21266],[116.6308,0.21294],[116.62704,0.21476],[116.62483,0.21674],[116.62512,0.22009],[116.62922,0.22495],[116.62956,0.22727],[116.62716,0.22973],[116.62237,0.23258],[116.62245,0.23474],[116.62354,0.23711],[116.62348,0.24306],[116.62164,0.24578],[116.61832,0.24815],[116.61753,0.25083],[116.61806,0.25245],[116.61992,0.25423],[116.62208,0.25482],[116.62356,0.25453],[116.62575,0.25258],[116.62871,0.24772],[116.6296,0.24751],[116.63112,0.24819],[116.6327,0.25335],[116.62644,0.25335],[116.62644,0.25776],[116.61103,0.27056],[116.60484,0.27183],[116.6003,0.27476]]],[[[116.62218,0.27894],[116.62091,0.27987],[116.61998,0.28174],[116.62033,0.2859],[116.62307,0.29016],[116.62124,0.29281],[116.62494,0.29531],[116.62435,0.29598],[116.6165,0.29901],[116.61181,0.3024],[116.59962,0.30738],[116.58816,0.30879],[116.58625,0.30791],[116.58486,0.30382],[116.58368,0.30265],[116.57576,0.30033],[116.57379,0.29155],[116.58331,0.2898],[116.58681,0.287],[116.58965,0.28349],[116.59928,0.27564],[116.60489,0.27196],[116.61118,0.27068],[116.62644,0.25806],[116.62644,0.26156],[116.62767,0.26156],[116.62439,0.26792],[116.62463,0.27248],[116.6257,0.27375],[116.6279,0.27351],[116.63058,0.26961],[116.6313,0.26951],[116.63256,0.27133],[116.63269,0.27306],[116.63483,0.27831],[116.62876,0.27942],[116.62218,0.27894]]],[[[116.58777,0.34723],[116.58653,0.34761],[116.58582,0.34859],[116.58185,0.32723],[116.5758,0.30052],[116.58358,0.3028],[116.58469,0.3039],[116.58609,0.308],[116.58814,0.30897],[116.59965,0.30756],[116.60585,0.30504],[116.60765,0.32456],[116.60765,0.33388],[116.60552,0.33447],[116.60389,0.33705],[116.60063,0.33876],[116.59969,0.34213],[116.59821,0.34248],[116.59468,0.34182],[116.59402,0.34252],[116.59334,0.34559],[116.59256,0.3464],[116.58777,0.34723]]]]}},{"type":"Feature","properties":{"inventoryId":"big-oil-palm-kutai-timur:61","sector":"Sawit","subtype":"Izin Lokasi Sawit","quality":"OFFICIAL","sourceDataset":"big-oil-palm-kutai-timur","sourceRecordId":"61","source":"BIG Kebijakan Satu Peta","sourceUrl":"https://kspservices.big.go.id/satupeta/rest/services/PUBLIK/PERIZINAN_DAN_PERTANAHAN/MapServer/38","retrievedAt":"2026-08-24T23:55:27Z","geometryProcessing":"web display simplification tolerance 0.00035 degrees","name":"Sumber Bumi Serasi, PT","issuer":"Bupati Kutai Timur","permitNumber":"525.26/K.216/HK/III/2015","permitDate":"2015-03-23","areaHa":3628.0,"village":"-","subdistrict":"Sangkulirang","district":"Kutai Timur","status":"Aktif","coverageCaveat":"BIG public plantation location layer covers selected districts only; it is not complete Indonesia-wide plantation coverage.","region":"kalimantan"},"geometry":{"type":"MultiPolygon","coordinates":[[[[118.09643,0.95528],[118.09351,0.95281],[118.08702,0.95365],[118.08541,0.95325],[118.08596,0.9504],[118.08317,0.94996],[118.08128,0.9521],[118.08038,0.95064],[118.07869,0.95052],[118.07825,0.94743],[118.07566,0.94775],[118.07385,0.94977],[118.07381,0.94775],[118.07637,0.94557],[118.07778,0.94336],[118.07723,0.94253],[118.08254,0.94153],[118.08565,0.94323],[118.08612,0.94474],[118.09033,0.94636],[118.09284,0.9449],[118.09343,0.94327],[118.09626,0.94307],[118.09972,0.94196],[118.09996,0.93638],[118.09882,0.93543],[118.09732,0.9352],[118.09614,0.93543],[118.09654,0.93634],[118.09343,0.93793],[118.09237,0.93757],[118.09304,0.93425],[118.09197,0.9308],[118.08942,0.92906],[118.08934,0.92803],[118.08261,0.92645],[118.08112,0.93097],[118.08128,0.93235],[118.0755,0.93366],[118.07605,0.93528],[118.07392,0.93556],[118.06193,0.93323],[118.06016,0.93568],[118.0578,0.93287],[118.05835,0.92848],[118.05765,0.92311],[118.06401,0.92222],[118.06314,0.9187],[118.05748,0.91961],[118.0555,0.91626],[118.05647,0.91453],[118.0593,0.91417],[118.06063,0.91521],[118.06366,0.91283],[118.06234,0.91156],[118.06481,0.91001],[118.07009,0.90947],[118.07269,0.90627],[118.092,0.90573],[118.09198,0.90674],[118.0984,0.90671],[118.09843,0.90558],[118.10743,0.90445],[118.11412,0.90061],[118.12188,0.9023],[118.12577,0.90025],[118.1284,0.9004],[118.12851,0.8996],[118.12999,0.89942],[118.13285,0.90007],[118.13291,0.90102],[118.13211,0.90111],[118.13211,0.902],[118.13117,0.902],[118.1309,0.90307],[118.13931,0.90358],[118.14131,0.9131],[118.12371,0.91311],[118.12396,0.94241],[118.10911,0.94241],[118.10917,0.94944],[118.11196,0.95042],[118.10893,0.95162],[118.10889,0.95043],[118.10488,0.95008],[118.1048,0.95336],[118.10423,0.95396],[118.10385,0.95418],[118.10236,0.95249],[118.09643,0.95528]],[[118.07121,0.92491],[118.07349,0.92234],[118.0749,0.91965],[118.07148,0.91802],[118.07077,0.91977],[118.06745,0.92389],[118.06897,0.92468],[118.06853,0.92559],[118.07046,0.92657],[118.07121,0.92491]],[[118.12511,0.90708],[118.12547,0.90901],[118.12907,0.90815],[118.12845,0.90265],[118.12494,0.90363],[118.12511,0.90708]]],[[[118.07142,0.90496],[118.06891,0.9076],[118.06502,0.90707],[118.07103,0.90404],[118.08363,0.90125],[118.09047,0.89771],[118.11078,0.89288],[118.12198,0.88945],[118.13274,0.88831],[118.13925,0.88694],[118.1431,0.88534],[118.15199,0.88292],[118.15216,0.89256],[118.14576,0.89809],[118.13291,0.89728],[118.12683,0.89589],[118.12574,0.89188],[118.1235,0.8923],[118.12285,0.89096],[118.12188,0.89105],[118.12208,0.89263],[118.1199,0.89313],[118.11984,0.89494],[118.11739,0.89533],[118.11734,0.89895],[118.11383,0.89839],[118.09799,0.90391],[118.09321,0.9038],[118.09324,0.90006],[118.08681,0.90021],[118.08678,0.90113],[118.08602,0.90116],[118.08602,0.90389],[118.07095,0.90428],[118.07142,0.90496]]]]}},{"type":"Feature","properties":{"inventoryId":"big-oil-palm-kutai-timur:65","sector":"Sawit","subtype":"Izin Lokasi Sawit","quality":"OFFICIAL","sourceDataset":"big-oil-palm-kutai-timur","sourceRecordId":"65","source":"BIG Kebijakan Satu Peta","sourceUrl":"https://kspservices.big.go.id/satupeta/rest/services/PUBLIK/PERIZINAN_DAN_PERTANAHAN/MapServer/38","retrievedAt":"2026-08-24T23:55:27Z","geometryProcessing":"web display simplification tolerance 0.00035 degrees","name":"Sumber Kharisma Persada, PT (Eks Mandu Palma)","group":"Astra","issuer":"Bupati Kutai Timur","permitNumber":"369/02.188.45/HK/IX/2003","permitDate":"2003-09-24","areaHa":7485.0,"village":"Saka, Mandu, Peridan, Kerayaan","subdistrict":"Sangkulirang","district":"Kutai Timur","status":"Aktif","coverageCaveat":"BIG public plantation location layer covers selected districts only; it is not complete Indonesia-wide plantation coverage.","region":"kalimantan"},"geometry":{"type":"Polygon","coordinates":[[[118.08625,0.96957],[118.0815,0.9868],[118.09241,1.00513],[118.09218,1.00547],[118.09696,1.01384],[118.12265,1.02006],[118.1286,1.04159],[118.07796,1.0586],[118.04943,1.06029],[118.03207,1.06963],[118.03182,1.02392],[118.03681,1.0232],[118.03656,0.99136],[118.04036,0.9794],[118.04963,0.96958],[118.08625,0.96957]]]}},{"type":"Feature","properties":{"inventoryId":"big-oil-palm-kutai-timur:131","sector":"Sawit","subtype":"Izin Lokasi Sawit","quality":"OFFICIAL","sourceDataset":"big-oil-palm-kutai-timur","sourceRecordId":"131","source":"BIG Kebijakan Satu Peta","sourceUrl":"https://kspservices.big.go.id/satupeta/rest/services/PUBLIK/PERIZINAN_DAN_PERTANAHAN/MapServer/38","retrievedAt":"2026-08-24T23:55:27Z","geometryProcessing":"web display simplification tolerance 0.00035 degrees","name":"Swakarsa Sinar Sentosa, PT","group":"Swakarsa/DSN","issuer":"Kepala Kantor Pertanahan Kabupaten Kutai","permitNumber":"30/PKT/BPN-16.3/1995","permitDate":"1995-01-01","areaHa":30000.0,"village":"Dabeq, Diaklay, Benhes, Nehes Liah Bing","subdistrict":"Muara Wahau","district":"Kutai Timur","status":"Aktif","coverageCaveat":"BIG public plantation location layer covers selected districts only; it is not complete Indonesia-wide plantation coverage.","region":"kalimantan"},"geometry":{"type":"Polygon","coordinates":[[[116.8212,1.26027],[116.82111,1.26866],[116.67029,1.31981],[116.67073,1.25705],[116.6891,1.25661],[116.6891,1.20663],[116.67293,1.20677],[116.6719,1.20339],[116.66926,1.2006],[116.66397,1.19648],[116.66294,1.19369],[116.66279,1.18987],[116.65691,1.18443],[116.65794,1.1812],[116.68807,1.15268],[116.6891,1.15665],[116.69057,1.15944],[116.69381,1.16194],[116.69704,1.16194],[116.69836,1.16003],[116.69763,1.15724],[116.69778,1.15386],[116.69586,1.15165],[116.69586,1.14886],[116.69689,1.14548],[116.7013,1.14401],[116.75408,1.14342],[116.75349,1.1002],[116.81787,1.10035],[116.81817,1.10314],[116.81714,1.10667],[116.81817,1.11005],[116.81817,1.11211],[116.81728,1.11608],[116.81802,1.11843],[116.82272,1.12093],[116.8212,1.26027]]]}},{"type":"Feature","properties":{"inventoryId":"big-oil-palm-kutai-timur:109","sector":"Sawit","subtype":"Izin Lokasi Sawit","quality":"OFFICIAL","sourceDataset":"big-oil-palm-kutai-timur","sourceRecordId":"109","source":"BIG Kebijakan Satu Peta","sourceUrl":"https://kspservices.big.go.id/satupeta/rest/services/PUBLIK/PERIZINAN_DAN_PERTANAHAN/MapServer/38","retrievedAt":"2026-08-24T23:55:27Z","geometryProcessing":"web display simplification tolerance 0.00035 degrees","name":"Tanjungmanis Artha Lestari, PT","issuer":"Bupati Kutai Timur","permitNumber":"525.26/K.262/HK/III/2016","permitDate":"2016-03-28","areaHa":2189.0,"village":"Tepian Terap, Mandu Dalam","subdistrict":"Sangkulirang","district":"Kutai Timur","status":"Aktif","coverageCaveat":"BIG public plantation location layer covers selected districts only; it is not complete Indonesia-wide plantation coverage.","region":"kalimantan"},"geometry":{"type":"MultiPolygon","coordinates":[[[[117.98793,1.24562],[117.97743,1.25616],[117.97743,1.25723],[117.97021,1.2586],[117.95374,1.26381],[117.9539,1.243],[117.98437,1.2429],[117.98425,1.22487],[118.00541,1.22481],[118.00843,1.20981],[118.00503,1.20087],[117.98707,1.20818],[117.97849,1.20897],[117.97792,1.2003],[117.974,1.2005],[117.97036,1.19982],[117.96429,1.19738],[117.9575,1.19157],[117.9552,1.18694],[117.95444,1.17944],[117.9548,1.17693],[117.95572,1.17428],[117.96057,1.16893],[117.96348,1.16692],[117.973,1.16486],[117.97887,1.16438],[117.98047,1.16275],[117.97536,1.17535],[117.97682,1.18667],[117.98852,1.19532],[117.99161,1.19645],[117.99939,1.20165],[118.00743,1.19867],[118.01061,1.20719],[118.00441,1.22907],[117.98793,1.24562]]],[[[118.02583,1.19505],[118.00789,1.19849],[118.02615,1.1916],[118.03226,1.19],[118.03006,1.19442],[118.02583,1.19505]]]]}},{"type":"Feature","properties":{"inventoryId":"big-oil-palm-kutai-timur:104","sector":"Sawit","subtype":"Izin Lokasi Sawit","quality":"OFFICIAL","sourceDataset":"big-oil-palm-kutai-timur","sourceRecordId":"104","source":"BIG Kebijakan Satu Peta","sourceUrl":"https://kspservices.big.go.id/satupeta/rest/services/PUBLIK/PERIZINAN_DAN_PERTANAHAN/MapServer/38","retrievedAt":"2026-08-24T23:55:27Z","geometryProcessing":"web display simplification tolerance 0.00035 degrees","name":"Tapian Nadenggan, PT","group":"Sinar Mas","issuer":"Bupati Kutai Timur","permitNumber":"525.26/K.451/HK/V/2014","permitDate":"2014-05-22","areaHa":560.0,"village":"-","subdistrict":"Telen","district":"Kutai Timur","status":"Aktif","coverageCaveat":"BIG public plantation location layer covers selected districts only; it is not complete Indonesia-wide plantation coverage.","region":"kalimantan"},"geometry":{"type":"Polygon","coordinates":[[[116.93999,0.92865],[116.935,0.92388],[116.93395,0.92652],[116.93113,0.92858],[116.91646,0.91711],[116.91706,0.91666],[116.91699,0.91576],[116.91557,0.91587],[116.91624,0.91466],[116.91481,0.9155],[116.91406,0.91529],[116.89398,0.89906],[116.89225,0.8984],[116.89225,0.89653],[116.89371,0.89766],[116.89477,0.89766],[116.89556,0.8986],[116.89766,0.89678],[116.89961,0.89612],[116.90313,0.89362],[116.93916,0.92718],[116.95078,0.90685],[116.95236,0.90685],[116.95404,0.90848],[116.95246,0.91129],[116.95618,0.91433],[116.95621,0.91724],[116.94875,0.91351],[116.93999,0.92865]]]}},{"type":"Feature","properties":{"inventoryId":"big-oil-palm-kutai-timur:30","sector":"Sawit","subtype":"Izin Lokasi Sawit","quality":"OFFICIAL","sourceDataset":"big-oil-palm-kutai-timur","sourceRecordId":"30","source":"BIG Kebijakan Satu Peta","sourceUrl":"https://kspservices.big.go.id/satupeta/rest/services/PUBLIK/PERIZINAN_DAN_PERTANAHAN/MapServer/38","retrievedAt":"2026-08-24T23:55:27Z","geometryProcessing":"web display simplification tolerance 0.00035 degrees","name":"Tapian Nadenggan, PT","group":"Sinar Mas","issuer":"Bupati Kutai Timur","permitNumber":"525.26/K.695/HK/XI/2015","permitDate":"2015-10-26","areaHa":4658.0,"village":"Long Segar, Long Noran, Marah Haloq, Juk Ayak","subdistrict":"Telen","district":"Kutai Timur","status":"Aktif","coverageCaveat":"BIG public plantation location layer covers selected districts only; it is not complete Indonesia-wide plantation coverage.","region":"kalimantan"},"geometry":{"type":"MultiPolygon","coordinates":[[[[116.85873,0.79609],[116.85623,0.79557],[116.85469,0.79423],[116.85438,0.79195],[116.84979,0.7926],[116.84546,0.79497],[116.84099,0.79341],[116.83845,0.79176],[116.83564,0.79286],[116.83191,0.79301],[116.83145,0.79205],[116.83062,0.79183],[116.83062,0.76798],[116.83616,0.76796],[116.83636,0.74473],[116.82302,0.74473],[116.82393,0.74304],[116.82479,0.74272],[116.82976,0.74373],[116.83098,0.74338],[116.83155,0.74243],[116.83085,0.73729],[116.83139,0.73618],[116.83274,0.73485],[116.83831,0.73312],[116.84219,0.73068],[116.84344,0.72828],[116.84361,0.72603],[116.84963,0.72316],[116.85048,0.7211],[116.84948,0.71794],[116.8665,0.71787],[116.86649,0.72451],[116.86367,0.7453],[116.86268,0.75747],[116.86004,0.7673],[116.85873,0.79609]]],[[[116.88364,0.87478],[116.88401,0.8754],[116.87252,0.87394],[116.86988,0.87469],[116.86797,0.87442],[116.86631,0.87513],[116.86634,0.86212],[116.85454,0.86256],[116.85362,0.86184],[116.85209,0.86243],[116.85052,0.86542],[116.85162,0.86697],[116.85163,0.86822],[116.85249,0.86823],[116.85246,0.87005],[116.85037,0.86822],[116.846,0.86686],[116.8469,0.86259],[116.84422,0.85818],[116.8468,0.85543],[116.84694,0.86183],[116.8476,0.86173],[116.8472,0.86252],[116.84751,0.86325],[116.8484,0.86374],[116.85063,0.86179],[116.85365,0.86177],[116.854,0.85924],[116.85354,0.85377],[116.84878,0.85374],[116.85123,0.85067],[116.85148,0.84948],[116.85094,0.84763],[116.84829,0.84503],[116.84726,0.84473],[116.84146,0.84716],[116.83843,0.84768],[116.83848,0.84231],[116.83909,0.84185],[116.83912,0.8399],[116.83966,0.83949],[116.83832,0.83753],[116.83863,0.83219],[116.83703,0.83179],[116.83671,0.83109],[116.83571,0.83181],[116.83006,0.83154],[116.83041,0.82919],[116.83129,0.82871],[116.83037,0.82808],[116.83009,0.82259],[116.83634,0.8226],[116.83665,0.82137],[116.83647,0.81985],[116.83564,0.81929],[116.83566,0.81757],[116.83421,0.8152],[116.83514,0.8142],[116.83463,0.81346],[116.83618,0.81206],[116.83568,0.81102],[116.83574,0.80008],[116.83871,0.79997],[116.84156,0.80122],[116.84746,0.80139],[116.85226,0.79906],[116.85369,0.79911],[116.85438,0.79581],[116.85493,0.79571],[116.85585,0.79672],[116.85821,0.79665],[116.85814,0.79808],[116.85863,0.79866],[116.85806,0.81014],[116.86329,0.83501],[116.88364,0.87478]]]]}},{"type":"Feature","properties":{"inventoryId":"big-oil-palm-kutai-timur:59","sector":"Sawit","subtype":"Izin Lokasi Sawit","quality":"OFFICIAL","sourceDataset":"big-oil-palm-kutai-timur","sourceRecordId":"59","source":"BIG Kebijakan Satu Peta","sourceUrl":"https://kspservices.big.go.id/satupeta/rest/services/PUBLIK/PERIZINAN_DAN_PERTANAHAN/MapServer/38","retrievedAt":"2026-08-24T23:55:27Z","geometryProcessing":"web display simplification tolerance 0.00035 degrees","name":"Tapian Nadenggan, PT","group":"Sinar Mas","issuer":"Bupati Kutai Timur","permitNumber":"525.26/K.879/HK/XII/2012","permitDate":"2012-12-03","areaHa":975.0,"village":"Jak Luay","subdistrict":"Muara Wahau","district":"Kutai Timur","status":"Aktif","coverageCaveat":"BIG public plantation location layer covers selected districts only; it is not complete Indonesia-wide plantation coverage.","region":"kalimantan"},"geometry":{"type":"MultiPolygon","coordinates":[[[[116.99541,0.98824],[116.97887,0.98786],[116.97887,0.95518],[116.98124,0.95679],[116.9874,0.94747],[116.98704,0.94721],[116.98831,0.94528],[116.99262,0.9502],[116.99142,0.95668],[116.99351,0.95766],[116.99566,0.9618],[116.99607,0.97902],[116.99688,0.98058],[116.99902,0.98169],[117.00077,0.98339],[117.00289,0.98824],[116.99541,0.98824]]],[[[116.96781,0.97616],[116.9678,0.98702],[116.96723,0.98702],[116.96723,0.95137],[116.97549,0.95132],[116.97519,0.93031],[116.98286,0.93906],[116.9801,0.94333],[116.98078,0.94378],[116.97681,0.94991],[116.97683,0.95169],[116.9757,0.95169],[116.97569,0.95312],[116.9732,0.95312],[116.9732,0.95403],[116.97185,0.95403],[116.97185,0.95493],[116.97028,0.95493],[116.97028,0.95674],[116.97118,0.95673],[116.97118,0.95854],[116.96893,0.95854],[116.96893,0.95945],[116.96803,0.95945],[116.96803,0.96215],[116.96736,0.96215],[116.96736,0.96396],[116.96847,0.96396],[116.96847,0.96487],[116.96916,0.96487],[116.96915,0.97392],[116.96781,0.97392],[116.96781,0.97616]]]]}},{"type":"Feature","properties":{"inventoryId":"big-oil-palm-kutai-timur:95","sector":"Sawit","subtype":"Izin Lokasi Sawit","quality":"OFFICIAL","sourceDataset":"big-oil-palm-kutai-timur","sourceRecordId":"95","source":"BIG Kebijakan Satu Peta","sourceUrl":"https://kspservices.big.go.id/satupeta/rest/services/PUBLIK/PERIZINAN_DAN_PERTANAHAN/MapServer/38","retrievedAt":"2026-08-24T23:55:27Z","geometryProcessing":"web display simplification tolerance 0.00035 degrees","name":"Tapian Nadenggan, PT (Eks BSU)","group":"Sinar Mas","issuer":"Bupati Kutai Timur","permitNumber":"240/02.188.45/HK/VI/2007","permitDate":"2007-06-14","areaHa":7527.0,"village":"Jak Luay, Juk Ayak, Rantau Panjang, Batu Redi","subdistrict":"Muara Wahau, Telen","district":"Kutai Timur","status":"Aktif","coverageCaveat":"BIG public plantation location layer covers selected districts only; it is not complete Indonesia-wide plantation coverage.","region":"kalimantan"},"geometry":{"type":"Polygon","coordinates":[[[116.89046,0.99724],[116.88974,0.9519],[116.89261,0.9519],[116.8923,0.89656],[116.89371,0.89766],[116.89477,0.89766],[116.89883,0.90256],[116.90675,0.90899],[116.91491,0.91515],[116.92266,0.92008],[116.93182,0.92772],[116.9411,0.90726],[116.94432,0.91092],[116.94615,0.91033],[116.94852,0.91378],[116.95232,0.91485],[116.95645,0.91709],[116.95707,0.91834],[116.96038,0.91769],[116.97599,0.93665],[116.97592,0.95145],[116.96781,0.95145],[116.96781,0.95739],[116.96469,0.96065],[116.96453,0.98796],[116.93693,0.98794],[116.93698,0.99713],[116.89046,0.99724]]]}},{"type":"Feature","properties":{"inventoryId":"big-oil-palm-kutai-timur:105","sector":"Sawit","subtype":"Izin Lokasi Sawit","quality":"OFFICIAL","sourceDataset":"big-oil-palm-kutai-timur","sourceRecordId":"105","source":"BIG Kebijakan Satu Peta","sourceUrl":"https://kspservices.big.go.id/satupeta/rest/services/PUBLIK/PERIZINAN_DAN_PERTANAHAN/MapServer/38","retrievedAt":"2026-08-24T23:55:27Z","geometryProcessing":"web display simplification tolerance 0.00035 degrees","name":"Tapian Nadenggan, PT (Eks Pratita)","group":"Sinar Mas","issuer":"Bupati Kutai Timur","permitNumber":"188.4.45/423/HK/VIII/2008","permitDate":"2008-08-14","areaHa":4770.0,"village":"Nehes Liah Bing, Karya Bakti SidoMulyo...","subdistrict":"Muara Wahau","district":"Kutai Timur","status":"Aktif","coverageCaveat":"BIG public plantation location layer covers selected districts only; it is not complete Indonesia-wide plantation coverage.","region":"kalimantan"},"geometry":{"type":"MultiPolygon","coordinates":[[[[116.95845,1.04337],[116.9553,1.04328],[116.95507,1.03979],[116.9515,1.03895],[116.94579,1.04027],[116.94572,1.02379],[116.94837,1.02372],[116.94823,1.00572],[116.95011,1.00574],[116.95064,0.98922],[116.95291,0.98907],[116.95416,0.99129],[116.95581,0.99272],[116.96144,0.99248],[116.96372,0.99307],[116.96695,0.99189],[116.96871,0.99063],[116.97033,0.98782],[116.99269,0.98792],[116.99269,1.01509],[116.98993,1.01509],[116.98975,1.02066],[116.99729,1.03343],[117.00168,1.03363],[117.00169,1.03956],[116.99235,1.03954],[116.9924,1.03704],[116.97418,1.03728],[116.97417,1.04204],[116.96373,1.04204],[116.95845,1.04337]]],[[[116.93639,1.04245],[116.92097,1.0426],[116.92119,1.0374],[116.91553,1.03548],[116.91533,1.03378],[116.8997,1.03351],[116.89969,1.02953],[116.89877,1.02955],[116.89864,1.01583],[116.90134,1.0158],[116.90116,0.99704],[116.93698,0.99713],[116.93693,0.98794],[116.94247,0.98795],[116.94238,0.99032],[116.94176,0.99074],[116.94145,0.99282],[116.94207,0.99438],[116.94207,1.0002],[116.94011,1.0002],[116.94011,1.00571],[116.9369,1.00571],[116.93714,1.03335],[116.93639,1.03335],[116.93639,1.04245]]]]}},{"type":"Feature","properties":{"inventoryId":"big-oil-palm-kutai-timur:12","sector":"Sawit","subtype":"Izin Lokasi Sawit","quality":"OFFICIAL","sourceDataset":"big-oil-palm-kutai-timur","sourceRecordId":"12","source":"BIG Kebijakan Satu Peta","sourceUrl":"https://kspservices.big.go.id/satupeta/rest/services/PUBLIK/PERIZINAN_DAN_PERTANAHAN/MapServer/38","retrievedAt":"2026-08-24T23:55:27Z","geometryProcessing":"web display simplification tolerance 0.00035 degrees","name":"Telen Prima Sawit, PT","group":"Teladan Group","issuer":"Bupati Kutai Timur","permitNumber":"525.26/K.1033/HK/XI/2013","permitDate":"2013-11-29","areaHa":1592.0,"village":"Senambah","subdistrict":"Ma. Bengkal","district":"Kutai Timur","status":"Aktif","coverageCaveat":"BIG public plantation location layer covers selected districts only; it is not complete Indonesia-wide plantation coverage.","region":"kalimantan"},"geometry":{"type":"Polygon","coordinates":[[[116.85817,0.34319],[116.85914,0.34364],[116.85855,0.34444],[116.85992,0.34615],[116.84527,0.34615],[116.84538,0.31736],[116.8478,0.31736],[116.8478,0.31027],[116.84867,0.30825],[116.87005,0.30791],[116.87095,0.30675],[116.86967,0.30503],[116.86917,0.30261],[116.86753,0.30051],[116.86618,0.30008],[116.86633,0.29952],[116.86494,0.29844],[116.86364,0.29873],[116.86335,0.29785],[116.86098,0.29888],[116.86021,0.30005],[116.86095,0.30084],[116.86331,0.3012],[116.86344,0.30207],[116.86285,0.30295],[116.8587,0.3054],[116.85819,0.30313],[116.8588,0.30206],[116.85735,0.30169],[116.85719,0.30094],[116.85781,0.30033],[116.85757,0.29971],[116.85833,0.29896],[116.85935,0.29891],[116.86035,0.29753],[116.85928,0.29558],[116.85495,0.29359],[116.85506,0.28836],[116.85599,0.28968],[116.85608,0.29128],[116.85626,0.29043],[116.85617,0.28881],[116.85509,0.28734],[116.85532,0.2771],[116.8874,0.32886],[116.88084,0.32882],[116.88053,0.3317],[116.87843,0.33219],[116.87791,0.33317],[116.87715,0.33299],[116.87688,0.33399],[116.87634,0.33386],[116.87539,0.33512],[116.87289,0.33603],[116.87153,0.33742],[116.87034,0.33721],[116.8691,0.33593],[116.86841,0.33713],[116.86778,0.33723],[116.8647,0.3357],[116.86406,0.33773],[116.86287,0.3377],[116.86222,0.33843],[116.86139,0.34039],[116.86023,0.34156],[116.86069,0.34161],[116.86038,0.34222],[116.85817,0.34319]]]}},{"type":"Feature","properties":{"inventoryId":"big-oil-palm-kutai-timur:126","sector":"Sawit","subtype":"Izin Lokasi Sawit","quality":"OFFICIAL","sourceDataset":"big-oil-palm-kutai-timur","sourceRecordId":"126","source":"BIG Kebijakan Satu Peta","sourceUrl":"https://kspservices.big.go.id/satupeta/rest/services/PUBLIK/PERIZINAN_DAN_PERTANAHAN/MapServer/38","retrievedAt":"2026-08-24T23:55:27Z","geometryProcessing":"web display simplification tolerance 0.00035 degrees","name":"Telen Prima Sawit, PT","group":"Teladan Group","issuer":"Bupati Kutai Timur","permitNumber":"188.4.45/29/HK/II/2009","permitDate":"2009-02-10","areaHa":1200.0,"village":"Mawai Indah","subdistrict":"Muara Bengkal","district":"Kutai Timur","status":"Aktif","coverageCaveat":"BIG public plantation location layer covers selected districts only; it is not complete Indonesia-wide plantation coverage.","region":"kalimantan"},"geometry":{"type":"Polygon","coordinates":[[[116.85001,0.60602],[116.85125,0.61518],[116.81255,0.61933],[116.82286,0.58513],[116.84611,0.57722],[116.85001,0.60602]]]}},{"type":"Feature","properties":{"inventoryId":"big-oil-palm-kutai-timur:14","sector":"Sawit","subtype":"Izin Lokasi Sawit","quality":"OFFICIAL","sourceDataset":"big-oil-palm-kutai-timur","sourceRecordId":"14","source":"BIG Kebijakan Satu Peta","sourceUrl":"https://kspservices.big.go.id/satupeta/rest/services/PUBLIK/PERIZINAN_DAN_PERTANAHAN/MapServer/38","retrievedAt":"2026-08-24T23:55:27Z","geometryProcessing":"web display simplification tolerance 0.00035 degrees","name":"Telen Prima Sawit, PT","group":"Teladan Group","issuer":"Bupati Kutai Timur","permitNumber":"188.4.45/225/HK/IV/2008","permitDate":"2008-04-23","areaHa":2000.0,"village":"Senambah","subdistrict":"Muara Bengkal","district":"Kutai Timur","status":"Aktif","coverageCaveat":"BIG public plantation location layer covers selected districts only; it is not complete Indonesia-wide plantation coverage.","region":"kalimantan"},"geometry":{"type":"Polygon","coordinates":[[[116.84717,0.41889],[116.83459,0.41905],[116.8352,0.37928],[116.81986,0.37929],[116.82244,0.35963],[116.82996,0.3461],[116.88168,0.34615],[116.88114,0.35657],[116.87847,0.35677],[116.87264,0.35249],[116.86829,0.35467],[116.86808,0.3554],[116.86484,0.35484],[116.86374,0.35533],[116.86355,0.3547],[116.86265,0.35481],[116.86279,0.35572],[116.86103,0.35669],[116.8602,0.36038],[116.85481,0.36032],[116.85494,0.36597],[116.84569,0.36588],[116.84717,0.41889]]]}},{"type":"Feature","properties":{"inventoryId":"big-oil-palm-kutai-timur:18","sector":"Sawit","subtype":"Izin Lokasi Sawit","quality":"OFFICIAL","sourceDataset":"big-oil-palm-kutai-timur","sourceRecordId":"18","source":"BIG Kebijakan Satu Peta","sourceUrl":"https://kspservices.big.go.id/satupeta/rest/services/PUBLIK/PERIZINAN_DAN_PERTANAHAN/MapServer/38","retrievedAt":"2026-08-24T23:55:27Z","geometryProcessing":"web display simplification tolerance 0.00035 degrees","name":"Telen Prima Sawit, PT","group":"Teladan Group","issuer":"Bupati Kutai Timur","permitNumber":"348/02.188.45/HK/VIII/2007","permitDate":"2007-08-08","areaHa":4118.0,"village":"Benua Baru","subdistrict":"Muara Bengkal","district":"Kutai Timur","status":"Aktif","coverageCaveat":"BIG public plantation location layer covers selected districts only; it is not complete Indonesia-wide plantation coverage.","region":"kalimantan"},"geometry":{"type":"Polygon","coordinates":[[[116.8124,0.48347],[116.80339,0.48359],[116.80349,0.50098],[116.7965,0.48517],[116.78701,0.45271],[116.78109,0.42931],[116.77458,0.4272],[116.774,0.41557],[116.7709,0.39997],[116.81986,0.37929],[116.8352,0.37928],[116.8346,0.41867],[116.8013,0.41878],[116.8013,0.42837],[116.8027,0.45668],[116.8118,0.45667],[116.8124,0.48347]]]}},{"type":"Feature","properties":{"inventoryId":"big-oil-palm-kutai-timur:20","sector":"Sawit","subtype":"Izin Lokasi Sawit","quality":"OFFICIAL","sourceDataset":"big-oil-palm-kutai-timur","sourceRecordId":"20","source":"BIG Kebijakan Satu Peta","sourceUrl":"https://kspservices.big.go.id/satupeta/rest/services/PUBLIK/PERIZINAN_DAN_PERTANAHAN/MapServer/38","retrievedAt":"2026-08-24T23:55:27Z","geometryProcessing":"web display simplification tolerance 0.00035 degrees","name":"Telen Prima Sawit, PT","group":"Teladan Group","issuer":"Bupati Kutai Timur","permitNumber":"188.4.45/335/HK/VI/2008","permitDate":"2008-06-27","areaHa":11486.0,"village":"Benua Baru","subdistrict":"Muara Bengkal, Batu Ampar","district":"Kutai Timur","status":"Aktif","coverageCaveat":"BIG public plantation location layer covers selected districts only; it is not complete Indonesia-wide plantation coverage.","region":"kalimantan"},"geometry":{"type":"Polygon","coordinates":[[[116.81346,0.6163],[116.80564,0.64229],[116.79805,0.64059],[116.79467,0.61283],[116.78933,0.5871],[116.80142,0.58059],[116.73945,0.51952],[116.73776,0.51113],[116.73057,0.50802],[116.7381,0.50389],[116.74015,0.50975],[116.74529,0.50699],[116.74632,0.50217],[116.73947,0.50113],[116.73221,0.49489],[116.73193,0.49407],[116.73245,0.49057],[116.73489,0.48677],[116.7368,0.48624],[116.74253,0.48783],[116.74391,0.48749],[116.74549,0.48466],[116.74534,0.48273],[116.743,0.47932],[116.74071,0.47817],[116.73751,0.47812],[116.73159,0.48071],[116.7314,0.4798],[116.73288,0.47812],[116.7379,0.4736],[116.73828,0.4711],[116.73751,0.46976],[116.73618,0.46884],[116.73207,0.46827],[116.73198,0.46711],[116.73646,0.46375],[116.73876,0.45995],[116.73895,0.45784],[116.73685,0.45717],[116.73183,0.45861],[116.72415,0.45981],[116.7209,0.45918],[116.7178,0.45668],[116.71553,0.45283],[116.78701,0.45271],[116.7965,0.48517],[116.80598,0.50623],[116.81135,0.51535],[116.81354,0.52113],[116.81545,0.52856],[116.82147,0.54315],[116.8242,0.54728],[116.83077,0.55416],[116.83651,0.55829],[116.8387,0.56077],[116.84389,0.5671],[116.85374,0.58224],[116.85483,0.59105],[116.85483,0.59546],[116.85339,0.60935],[116.85117,0.61457],[116.84611,0.57722],[116.82286,0.58513],[116.81346,0.6163]]]}},{"type":"Feature","properties":{"inventoryId":"big-oil-palm-kutai-timur:13","sector":"Sawit","subtype":"Izin Lokasi Sawit","quality":"OFFICIAL","sourceDataset":"big-oil-palm-kutai-timur","sourceRecordId":"13","source":"BIG Kebijakan Satu Peta","sourceUrl":"https://kspservices.big.go.id/satupeta/rest/services/PUBLIK/PERIZINAN_DAN_PERTANAHAN/MapServer/38","retrievedAt":"2026-08-24T23:55:27Z","geometryProcessing":"web display simplification tolerance 0.00035 degrees","name":"Telen, PT","group":"Teladan Group","issuer":"Bupati Kutai Timur","permitNumber":"131/02.188.45/HK/V/2005","permitDate":"2005-05-02","areaHa":7000.0,"village":"Baay","subdistrict":"Karangan","district":"Kutai Timur","status":"Aktif","coverageCaveat":"BIG public plantation location layer covers selected districts only; it is not complete Indonesia-wide plantation coverage.","region":"kalimantan"},"geometry":{"type":"Polygon","coordinates":[[[117.70796,1.21718],[117.70798,1.32714],[117.6526,1.32719],[117.65253,1.2172],[117.70796,1.21718]]]}},{"type":"Feature","properties":{"inventoryId":"big-oil-palm-kutai-timur:74","sector":"Sawit","subtype":"Izin Lokasi Sawit","quality":"OFFICIAL","sourceDataset":"big-oil-palm-kutai-timur","sourceRecordId":"74","source":"BIG Kebijakan Satu Peta","sourceUrl":"https://kspservices.big.go.id/satupeta/rest/services/PUBLIK/PERIZINAN_DAN_PERTANAHAN/MapServer/38","retrievedAt":"2026-08-24T23:55:27Z","geometryProcessing":"web display simplification tolerance 0.00035 degrees","name":"Telen, PT","group":"Teladan Group","issuer":"Bupati Kutai Timur","permitNumber":"310/02.188.45/IX/2004","permitDate":"2004-09-16","areaHa":10000.0,"village":"Bumi Rapak, Bukit Permata, Mata Air","subdistrict":"Kaubun","district":"Kutai Timur","status":"Aktif","coverageCaveat":"BIG public plantation location layer covers selected districts only; it is not complete Indonesia-wide plantation coverage.","region":"kalimantan"},"geometry":{"type":"Polygon","coordinates":[[[117.8025,1.08791],[117.79196,1.1164],[117.83075,1.15551],[117.79196,1.19599],[117.76216,1.16378],[117.79648,1.13104],[117.77325,1.10844],[117.73246,1.09261],[117.69685,1.0908],[117.69724,1.02433],[117.69928,1.02393],[117.69791,1.02576],[117.69996,1.02485],[117.69996,1.02393],[117.70065,1.02301],[117.70202,1.02255],[117.7027,1.02117],[117.70544,1.02255],[117.70613,1.0214],[117.70841,1.02094],[117.70841,1.01933],[117.70658,1.01841],[117.70795,1.01703],[117.70841,1.01772],[117.70955,1.01657],[117.70909,1.01519],[117.70932,1.01335],[117.71069,1.01312],[117.71183,1.01197],[117.7132,1.01151],[117.71548,1.01312],[117.71662,1.0122],[117.71708,1.01266],[117.71799,1.01473],[117.71731,1.01588],[117.71754,1.01703],[117.71982,1.01657],[117.72073,1.01795],[117.72073,1.0191],[117.72279,1.01703],[117.7221,1.01565],[117.72324,1.01473],[117.7269,1.01726],[117.72827,1.01634],[117.72941,1.0145],[117.73329,1.01863],[117.73557,1.01955],[117.7374,1.02139],[117.739,1.02116],[117.74082,1.02415],[117.74037,1.02576],[117.74105,1.02782],[117.74245,1.02851],[117.74309,1.03003],[117.74494,1.03104],[117.74836,1.03426],[117.7492,1.03653],[117.75243,1.03656],[117.75356,1.03552],[117.75293,1.03471],[117.75342,1.03296],[117.75505,1.03232],[117.75534,1.03139],[117.75749,1.03127],[117.75868,1.03325],[117.76,1.03287],[117.76092,1.03356],[117.76046,1.0354],[117.76177,1.0362],[117.76194,1.03716],[117.76273,1.03736],[117.76144,1.03832],[117.75788,1.04442],[117.75606,1.0519],[117.75635,1.08766],[117.8025,1.08791]]]}},{"type":"Feature","properties":{"inventoryId":"big-oil-palm-kutai-timur:75","sector":"Sawit","subtype":"Izin Lokasi Sawit","quality":"OFFICIAL","sourceDataset":"big-oil-palm-kutai-timur","sourceRecordId":"75","source":"BIG Kebijakan Satu Peta","sourceUrl":"https://kspservices.big.go.id/satupeta/rest/services/PUBLIK/PERIZINAN_DAN_PERTANAHAN/MapServer/38","retrievedAt":"2026-08-24T23:55:27Z","geometryProcessing":"web display simplification tolerance 0.00035 degrees","name":"Telen, PT","group":"Teladan Group","issuer":"Bupati Kutai Timur","permitNumber":"525.26/K.671/HK/VII/2013","permitDate":"2013-07-24","areaHa":840.0,"village":"Kadungan Jaya, Sempayau","subdistrict":"Sangkulirang, Kaubun","district":"Kutai Timur","status":"Aktif","coverageCaveat":"BIG public plantation location layer covers selected districts only; it is not complete Indonesia-wide plantation coverage.","region":"kalimantan"},"geometry":{"type":"Polygon","coordinates":[[[117.80374,1.16469],[117.79844,1.1647],[117.79236,1.16725],[117.78855,1.16355],[117.78763,1.16336],[117.78588,1.1644],[117.78467,1.16392],[117.78409,1.16231],[117.78511,1.16095],[117.78541,1.15804],[117.78421,1.15533],[117.78227,1.1542],[117.78296,1.14719],[117.7844,1.1472],[117.7844,1.14222],[117.7869,1.14221],[117.78691,1.1404],[117.78625,1.1404],[117.7913,1.13554],[117.79426,1.13729],[117.79696,1.13752],[117.7979,1.13866],[117.80138,1.13751],[117.80566,1.13958],[117.8073,1.14121],[117.80891,1.14086],[117.80955,1.14184],[117.80895,1.14375],[117.81015,1.14695],[117.81114,1.14772],[117.81361,1.14681],[117.8153,1.14856],[117.81515,1.15687],[117.81459,1.15686],[117.8122,1.15317],[117.81023,1.15359],[117.80374,1.16469]]]}},{"type":"Feature","properties":{"inventoryId":"big-oil-palm-kutai-timur:78","sector":"Sawit","subtype":"Izin Lokasi Sawit","quality":"OFFICIAL","sourceDataset":"big-oil-palm-kutai-timur","sourceRecordId":"78","source":"BIG Kebijakan Satu Peta","sourceUrl":"https://kspservices.big.go.id/satupeta/rest/services/PUBLIK/PERIZINAN_DAN_PERTANAHAN/MapServer/38","retrievedAt":"2026-08-24T23:55:27Z","geometryProcessing":"web display simplification tolerance 0.00035 degrees","name":"Telen, PT","group":"Teladan Group","issuer":"Bupati Kutai Timur","permitNumber":"188.4.45/108/HK/III/2008","permitDate":"2008-03-18","areaHa":670.0,"village":"Pengadan, Baay","subdistrict":"Karangan","district":"Kutai Timur","status":"Aktif","coverageCaveat":"BIG public plantation location layer covers selected districts only; it is not complete Indonesia-wide plantation coverage.","region":"kalimantan"},"geometry":{"type":"Polygon","coordinates":[[[117.71973,1.25798],[117.71983,1.25906],[117.72135,1.25939],[117.72012,1.2611],[117.71885,1.26183],[117.71383,1.25867],[117.7147,1.25682],[117.71615,1.25672],[117.71519,1.25351],[117.71315,1.25234],[117.71125,1.25226],[117.71083,1.25107],[117.70928,1.25156],[117.70908,1.24958],[117.70823,1.24998],[117.70785,1.25217],[117.70726,1.25245],[117.70573,1.21787],[117.7214,1.21977],[117.72141,1.25804],[117.72041,1.25741],[117.71973,1.25798]]]}},{"type":"Feature","properties":{"inventoryId":"big-oil-palm-kutai-timur:80","sector":"Sawit","subtype":"Izin Lokasi Sawit","quality":"OFFICIAL","sourceDataset":"big-oil-palm-kutai-timur","sourceRecordId":"80","source":"BIG Kebijakan Satu Peta","sourceUrl":"https://kspservices.big.go.id/satupeta/rest/services/PUBLIK/PERIZINAN_DAN_PERTANAHAN/MapServer/38","retrievedAt":"2026-08-24T23:55:27Z","geometryProcessing":"web display simplification tolerance 0.00035 degrees","name":"Telen, PT","group":"Teladan Group","issuer":"Bupati Kutai Timur","permitNumber":"525.26/K.182/HK/III/2015","permitDate":"2015-03-17","areaHa":317.0,"village":"-","subdistrict":"Karangan","district":"Kutai Timur","status":"Aktif","coverageCaveat":"BIG public plantation location layer covers selected districts only; it is not complete Indonesia-wide plantation coverage.","region":"kalimantan"},"geometry":{"type":"MultiPolygon","coordinates":[[[[117.71637,1.32273],[117.71372,1.32416],[117.712,1.32433],[117.71031,1.32619],[117.70841,1.32678],[117.70741,1.32817],[117.7045,1.32908],[117.70166,1.33208],[117.70077,1.33521],[117.70153,1.33646],[117.69933,1.33656],[117.69923,1.33344],[117.69978,1.32906],[117.70216,1.32557],[117.70623,1.32331],[117.71508,1.32153],[117.72245,1.31643],[117.73022,1.31191],[117.73198,1.30883],[117.73298,1.30486],[117.73655,1.30313],[117.74274,1.30284],[117.74306,1.30345],[117.74236,1.30507],[117.74146,1.30506],[117.73987,1.30621],[117.73991,1.30911],[117.73773,1.30982],[117.73764,1.31082],[117.73295,1.31314],[117.73029,1.31604],[117.73028,1.31748],[117.72921,1.31913],[117.72216,1.31913],[117.72008,1.32271],[117.71637,1.32273]]],[[[117.67178,1.32796],[117.65152,1.32786],[117.65089,1.32367],[117.65294,1.32264],[117.65324,1.32719],[117.67177,1.32555],[117.67178,1.32796]]],[[[117.68668,1.33691],[117.68472,1.33696],[117.68474,1.32797],[117.68672,1.32795],[117.68668,1.33691]]]]}},{"type":"Feature","properties":{"inventoryId":"big-oil-palm-kutai-timur:82","sector":"Sawit","subtype":"Izin Lokasi Sawit","quality":"OFFICIAL","sourceDataset":"big-oil-palm-kutai-timur","sourceRecordId":"82","source":"BIG Kebijakan Satu Peta","sourceUrl":"https://kspservices.big.go.id/satupeta/rest/services/PUBLIK/PERIZINAN_DAN_PERTANAHAN/MapServer/38","retrievedAt":"2026-08-24T23:55:27Z","geometryProcessing":"web display simplification tolerance 0.00035 degrees","name":"Telen, PT","group":"Teladan Group","issuer":"Bupati Kutai Timur","permitNumber":"495/02.188.45/HK/IX/2007","permitDate":"2007-09-27","areaHa":4000.0,"village":"Karangan Seberang, Pengadan","subdistrict":"Karangan","district":"Kutai Timur","status":"Aktif","coverageCaveat":"BIG public plantation location layer covers selected districts only; it is not complete Indonesia-wide plantation coverage.","region":"kalimantan"},"geometry":{"type":"Polygon","coordinates":[[[117.66894,1.34424],[117.66778,1.34619],[117.66273,1.34776],[117.65907,1.34976],[117.65625,1.34784],[117.65554,1.34625],[117.65608,1.3416],[117.65326,1.33714],[117.64866,1.33588],[117.64856,1.3255],[117.65258,1.32565],[117.65261,1.32851],[117.71067,1.32149],[117.70797,1.26685],[117.70797,1.26126],[117.71032,1.25863],[117.70938,1.25647],[117.71046,1.25597],[117.71065,1.25193],[117.7153,1.25454],[117.71475,1.25552],[117.71503,1.25613],[117.71415,1.2566],[117.71321,1.25829],[117.71953,1.26222],[117.72188,1.2597],[117.72398,1.26131],[117.72538,1.26039],[117.72678,1.25847],[117.72913,1.25753],[117.73443,1.25907],[117.73538,1.26195],[117.73576,1.26192],[117.7374,1.25979],[117.74409,1.25681],[117.74636,1.25642],[117.74817,1.25453],[117.74997,1.303],[117.73997,1.30306],[117.74035,1.30574],[117.7391,1.30639],[117.73927,1.30812],[117.73453,1.31317],[117.72328,1.31883],[117.71906,1.32376],[117.71524,1.3223],[117.70778,1.32578],[117.6998,1.33173],[117.7,1.34833],[117.69417,1.34931],[117.68719,1.34541],[117.68699,1.34345],[117.68078,1.34228],[117.67671,1.34365],[117.6738,1.34287],[117.66894,1.34424]]]}},{"type":"Feature","properties":{"inventoryId":"big-oil-palm-kutai-timur:122","sector":"Sawit","subtype":"Izin Lokasi Sawit","quality":"OFFICIAL","sourceDataset":"big-oil-palm-kutai-timur","sourceRecordId":"122","source":"BIG Kebijakan Satu Peta","sourceUrl":"https://kspservices.big.go.id/satupeta/rest/services/PUBLIK/PERIZINAN_DAN_PERTANAHAN/MapServer/38","retrievedAt":"2026-08-24T23:55:27Z","geometryProcessing":"web display simplification tolerance 0.00035 degrees","name":"Tri Investama, PT","issuer":"Bupati Kutai Timur","permitNumber":"525.26/K.544/HK/VIII/2017","permitDate":"2017-08-07","areaHa":2867.0,"village":"-","subdistrict":"Sandaran","district":"Kutai Timur","status":"Aktif","coverageCaveat":"BIG public plantation location layer covers selected districts only; it is not complete Indonesia-wide plantation coverage.","region":"kalimantan"},"geometry":{"type":"Polygon","coordinates":[[[118.51868,1.02401],[118.51159,1.01686],[118.49224,1.01714],[118.47584,1.00147],[118.46847,0.99863],[118.49049,0.98083],[118.48762,0.96904],[118.48893,0.96749],[118.48993,0.96933],[118.49119,0.96988],[118.49438,0.96695],[118.49469,0.96739],[118.49389,0.96927],[118.49502,0.97014],[118.49594,0.97014],[118.4973,0.96517],[118.50706,0.96026],[118.5065,0.96275],[118.50702,0.96384],[118.51318,0.96368],[118.51319,0.96613],[118.5127,0.96708],[118.50975,0.96627],[118.50865,0.96648],[118.50719,0.96716],[118.50636,0.96854],[118.50752,0.97069],[118.51067,0.96995],[118.51176,0.97022],[118.51072,0.9733],[118.51117,0.97448],[118.51477,0.97437],[118.51677,0.97507],[118.5196,0.9734],[118.52182,0.97711],[118.52267,0.97757],[118.52413,0.97685],[118.52481,0.9756],[118.524,0.97271],[118.52438,0.97202],[118.52655,0.97186],[118.53115,0.97386],[118.53147,0.97442],[118.53063,0.97634],[118.52881,0.97736],[118.52483,0.97777],[118.5247,0.98109],[118.52265,0.98106],[118.5206,0.98233],[118.52037,0.98358],[118.52408,0.98592],[118.53349,0.98687],[118.53168,0.98934],[118.5317,0.99068],[118.53238,0.99142],[118.53349,0.99138],[118.53546,0.98958],[118.53645,0.9901],[118.53671,0.99377],[118.53493,0.99376],[118.53347,0.99456],[118.53356,0.99564],[118.53527,0.99608],[118.53298,0.9981],[118.53217,1.00012],[118.5331,1.00117],[118.53671,1.00083],[118.53707,1.00145],[118.53611,1.00202],[118.53585,1.00293],[118.53695,1.00519],[118.53675,1.0062],[118.53386,1.00931],[118.52935,1.01024],[118.52866,1.0114],[118.52869,1.0127],[118.53074,1.01432],[118.51868,1.02401]]]}},{"type":"Feature","properties":{"inventoryId":"big-oil-palm-kutai-timur:67","sector":"Sawit","subtype":"Izin Lokasi Sawit","quality":"OFFICIAL","sourceDataset":"big-oil-palm-kutai-timur","sourceRecordId":"67","source":"BIG Kebijakan Satu Peta","sourceUrl":"https://kspservices.big.go.id/satupeta/rest/services/PUBLIK/PERIZINAN_DAN_PERTANAHAN/MapServer/38","retrievedAt":"2026-08-24T23:55:27Z","geometryProcessing":"web display simplification tolerance 0.00035 degrees","name":"Tridaya Hutan Lestari, PT (I)","issuer":"Bupati Kutai Timur","permitNumber":"525.26/K.367/HK/V/2017","permitDate":"2017-05-15","areaHa":6875.0,"village":"Sempayau, Bukit Permata, Mata Air","subdistrict":"Kaubun_Karangan","district":"Kutai Timur","status":"Aktif","coverageCaveat":"BIG public plantation location layer covers selected districts only; it is not complete Indonesia-wide plantation coverage.","region":"kalimantan"},"geometry":{"type":"Polygon","coordinates":[[[117.76772,1.14468],[117.76766,1.14701],[117.75616,1.15785],[117.75298,1.155],[117.75135,1.15209],[117.74436,1.14456],[117.73709,1.14501],[117.72765,1.14387],[117.7228,1.14393],[117.7201,1.1432],[117.71912,1.14218],[117.71694,1.1377],[117.72672,1.1201],[117.66466,1.11959],[117.65833,1.10112],[117.66944,1.10025],[117.68093,1.00434],[117.66681,0.98727],[117.66965,0.9864],[117.67847,0.99616],[117.68159,1.00057],[117.68279,1.00416],[117.68265,1.00886],[117.68984,1.00725],[117.69543,1.01325],[117.70858,1.01405],[117.70816,1.01534],[117.70861,1.0164],[117.70618,1.01851],[117.70755,1.02017],[117.70509,1.02179],[117.70244,1.0202],[117.70161,1.02209],[117.69986,1.02355],[117.69805,1.0234],[117.69648,1.02445],[117.69649,1.02586],[117.69388,1.02374],[117.69127,1.02287],[117.6904,1.09063],[117.73487,1.10515],[117.7478,1.10829],[117.74926,1.10641],[117.75232,1.10823],[117.7526,1.10785],[117.75472,1.10817],[117.75667,1.10695],[117.75668,1.10328],[117.76013,1.10295],[117.76201,1.10405],[117.76208,1.103],[117.76257,1.1034],[117.76232,1.10505],[117.76396,1.10591],[117.76447,1.1087],[117.76492,1.10879],[117.76491,1.10536],[117.76753,1.10787],[117.76795,1.10941],[117.77059,1.11004],[117.77221,1.11104],[117.77227,1.1118],[117.77468,1.11212],[117.77457,1.10973],[117.79147,1.12618],[117.78628,1.13685],[117.78777,1.13608],[117.79064,1.13617],[117.78288,1.14383],[117.78317,1.14122],[117.78034,1.14223],[117.78013,1.14299],[117.78066,1.14333],[117.77913,1.14402],[117.77777,1.14286],[117.77711,1.14298],[117.77712,1.14341],[117.77447,1.14466],[117.7724,1.14696],[117.77062,1.1464],[117.76985,1.14711],[117.76926,1.14658],[117.76843,1.14739],[117.76786,1.14635],[117.76888,1.14596],[117.7691,1.14524],[117.7701,1.1455],[117.77021,1.14452],[117.76927,1.14498],[117.76973,1.14423],[117.76937,1.14346],[117.76772,1.14468]]]}},{"type":"Feature","properties":{"inventoryId":"big-oil-palm-kutai-timur:72","sector":"Sawit","subtype":"Izin Lokasi Sawit","quality":"OFFICIAL","sourceDataset":"big-oil-palm-kutai-timur","sourceRecordId":"72","source":"BIG Kebijakan Satu Peta","sourceUrl":"https://kspservices.big.go.id/satupeta/rest/services/PUBLIK/PERIZINAN_DAN_PERTANAHAN/MapServer/38","retrievedAt":"2026-08-24T23:55:27Z","geometryProcessing":"web display simplification tolerance 0.00035 degrees","name":"Tridaya Hutan Lestari, PT (II)","issuer":"Bupati Kutai Timur","permitNumber":"525.26/K.113/HK/III/2018","permitDate":"2018-03-01","areaHa":1826.0,"village":"-","subdistrict":"Kaubun","district":"Kutai Timur","status":"Aktif","coverageCaveat":"BIG public plantation location layer covers selected districts only; it is not complete Indonesia-wide plantation coverage.","region":"kalimantan"},"geometry":{"type":"Polygon","coordinates":[[[117.773,1.06776],[117.773,1.07638],[117.75798,1.07638],[117.75798,1.06558],[117.76019,1.0652],[117.76019,1.05436],[117.75884,1.05251],[117.75843,1.05023],[117.75881,1.05023],[117.75901,1.04288],[117.81117,1.04255],[117.81118,1.05032],[117.82171,1.05032],[117.82171,1.05155],[117.81878,1.05142],[117.81868,1.06249],[117.80988,1.0628],[117.80984,1.06965],[117.79981,1.06965],[117.79981,1.06744],[117.78959,1.06745],[117.78726,1.06432],[117.7847,1.06329],[117.78015,1.06468],[117.77815,1.06469],[117.77662,1.06608],[117.77447,1.06597],[117.77447,1.06745],[117.773,1.06776]]]}},{"type":"Feature","properties":{"inventoryId":"big-oil-palm-kutai-timur:121","sector":"Sawit","subtype":"Izin Lokasi Sawit","quality":"OFFICIAL","sourceDataset":"big-oil-palm-kutai-timur","sourceRecordId":"121","source":"BIG Kebijakan Satu Peta","sourceUrl":"https://kspservices.big.go.id/satupeta/rest/services/PUBLIK/PERIZINAN_DAN_PERTANAHAN/MapServer/38","retrievedAt":"2026-08-24T23:55:27Z","geometryProcessing":"web display simplification tolerance 0.00035 degrees","name":"Umaq Tukung Mandiri Utama, PT","issuer":"Bupati Kutai Timur","permitNumber":"525.26/K.869/HK/XII/2017","permitDate":"2017-12-12","areaHa":9127.0,"village":"-","subdistrict":"Sandaran","district":"Kutai Timur","status":"Aktif","coverageCaveat":"BIG public plantation location layer covers selected districts only; it is not complete Indonesia-wide plantation coverage.","region":"kalimantan"},"geometry":{"type":"Polygon","coordinates":[[[118.2309,1.25168],[118.22847,1.25386],[118.22393,1.25568],[118.2238,1.25163],[118.22182,1.25162],[118.22174,1.24853],[118.22098,1.24634],[118.20967,1.24394],[118.20337,1.24368],[118.20087,1.24447],[118.19598,1.24311],[118.1973,1.22598],[118.20878,1.21121],[118.20863,1.20159],[118.20909,1.20116],[118.21231,1.20124],[118.21363,1.19949],[118.21476,1.19943],[118.21534,1.20049],[118.21652,1.2007],[118.21719,1.19952],[118.21817,1.20031],[118.22166,1.1988],[118.22265,1.19777],[118.2221,1.19614],[118.21927,1.19608],[118.21908,1.19469],[118.22091,1.19101],[118.22425,1.18816],[118.22464,1.18646],[118.22858,1.18521],[118.2309,1.18263],[118.2314,1.18273],[118.23182,1.18396],[118.2332,1.18359],[118.2338,1.18281],[118.23364,1.18082],[118.23735,1.17824],[118.24194,1.17729],[118.24445,1.1774],[118.24674,1.1755],[118.24876,1.17626],[118.25106,1.1753],[118.25702,1.18452],[118.26064,1.18673],[118.27397,1.18617],[118.29045,1.17853],[118.33845,1.16245],[118.34789,1.15786],[118.35213,1.15757],[118.35824,1.15939],[118.37281,1.15158],[118.3733,1.15507],[118.37304,1.16021],[118.37436,1.16292],[118.37308,1.16948],[118.37512,1.17791],[118.37423,1.18659],[118.37512,1.19695],[118.38064,1.20932],[118.38153,1.21501],[118.381,1.2252],[118.37826,1.22887],[118.37769,1.23053],[118.37842,1.23356],[118.38018,1.23562],[118.37989,1.23969],[118.37046,1.24142],[118.36798,1.24254],[118.35724,1.19235],[118.35068,1.18579],[118.33181,1.18989],[118.32197,1.19809],[118.30885,1.20465],[118.28588,1.20465],[118.26128,1.22434],[118.2309,1.25168]]]}},{"type":"Feature","properties":{"inventoryId":"big-oil-palm-kutai-timur:120","sector":"Sawit","subtype":"Izin Lokasi Sawit","quality":"OFFICIAL","sourceDataset":"big-oil-palm-kutai-timur","sourceRecordId":"120","source":"BIG Kebijakan Satu Peta","sourceUrl":"https://kspservices.big.go.id/satupeta/rest/services/PUBLIK/PERIZINAN_DAN_PERTANAHAN/MapServer/38","retrievedAt":"2026-08-24T23:55:27Z","geometryProcessing":"web display simplification tolerance 0.00035 degrees","name":"Wahana Tritunggal Cemerlang, PT","group":"Indo Gunta","issuer":"Bupati Kutai Timur","permitNumber":"525.26/K.173/HK/II/2014","permitDate":"2014-02-19","areaHa":6977.0,"village":"Baay","subdistrict":"karangan","district":"Kutai Timur","status":"Aktif","coverageCaveat":"BIG public plantation location layer covers selected districts only; it is not complete Indonesia-wide plantation coverage.","region":"kalimantan"},"geometry":{"type":"Polygon","coordinates":[[[117.55953,1.22646],[117.55186,1.23316],[117.54581,1.2401],[117.5417,1.24586],[117.51103,1.23117],[117.50356,1.22603],[117.49197,1.21961],[117.48467,1.21411],[117.46442,1.20675],[117.45825,1.20364],[117.45576,1.20158],[117.46995,1.18432],[117.47649,1.18375],[117.4797,1.1829],[117.49001,1.17633],[117.49496,1.1721],[117.49861,1.16687],[117.50362,1.16154],[117.50646,1.15746],[117.50873,1.1568],[117.5139,1.15344],[117.52401,1.1539],[117.53022,1.15645],[117.54496,1.17021],[117.54496,1.19287],[117.55103,1.19708],[117.55296,1.19973],[117.55349,1.20257],[117.55331,1.20434],[117.55244,1.20558],[117.55261,1.20789],[117.55453,1.20807],[117.55642,1.20959],[117.55948,1.20956],[117.56094,1.21083],[117.56847,1.21039],[117.571,1.21115],[117.57402,1.20794],[117.57902,1.20754],[117.58022,1.20695],[117.58117,1.20597],[117.58252,1.2027],[117.58331,1.20865],[117.58461,1.21323],[117.58721,1.21544],[117.58736,1.21624],[117.56443,1.23187],[117.56315,1.22779],[117.56187,1.22673],[117.55953,1.22646]]]}},{"type":"Feature","properties":{"inventoryId":"big-oil-palm-kutai-timur:58","sector":"Sawit","subtype":"Izin Lokasi Sawit","quality":"OFFICIAL","sourceDataset":"big-oil-palm-kutai-timur","sourceRecordId":"58","source":"BIG Kebijakan Satu Peta","sourceUrl":"https://kspservices.big.go.id/satupeta/rest/services/PUBLIK/PERIZINAN_DAN_PERTANAHAN/MapServer/38","retrievedAt":"2026-08-24T23:55:27Z","geometryProcessing":"web display simplification tolerance 0.00035 degrees","name":"Wira Inova Nusantara, PT","group":"Indo Gunta","issuer":"Bupati Kutai Timur","permitNumber":"525.26/K.242/2010","permitDate":"2010-03-26","areaHa":7270.0,"village":"Susuk Dalam, Susuk Luar","subdistrict":"Sangkulirang, Sandaran","district":"Kutai Timur","status":"Aktif","coverageCaveat":"BIG public plantation location layer covers selected districts only; it is not complete Indonesia-wide plantation coverage.","region":"kalimantan"},"geometry":{"type":"Polygon","coordinates":[[[118.22331,0.99151],[118.21728,0.99339],[118.21175,0.996],[118.20869,1.0002],[118.2061,1.00241],[118.1949,1.00681],[118.18014,1.01454],[118.17039,1.01704],[118.1471,0.98961],[118.13589,0.97535],[118.13556,0.97558],[118.13589,0.97474],[118.1316,0.96952],[118.1393,0.92151],[118.15747,0.92142],[118.16704,0.93185],[118.20582,0.92579],[118.20633,0.93113],[118.20836,0.93816],[118.20817,0.95889],[118.2181,0.97307],[118.22331,0.99151]]]}}]}
