{"type":"FeatureCollection","name":"meratus-sumatra-concession-inventory-forestry-ha","metadata":{"coverageId":"sumatra","parentCoverageId":"indonesia","generatedAt":"2026-08-31T08:53:33Z","pipelineVersion":"2","count":19,"sectors":["PBPH"],"qualities":["OFFICIAL"],"geometryNote":"Web-display geometry is simplified; consult source records for authoritative geometry.","evidenceNote":"A public concession record does not imply fire causation, illegality, or wrongdoing."},"features":[{"type":"Feature","properties":{"inventoryId":"big-forestry-ha:163","sector":"PBPH","subtype":"IUPHHK-HA","quality":"OFFICIAL","sourceDataset":"big-forestry-ha","sourceRecordId":"163","source":"BIG Kebijakan Satu Peta","sourceUrl":"https://kspservices.big.go.id/satupeta/rest/services/PUBLIK/PERIZINAN_DAN_PERTANAHAN/MapServer/1","retrievedAt":"2026-08-31T08:53:33Z","geometryProcessing":"web display simplification tolerance 0.00035 degrees","name":"PT ACEH INTI TIMBER","permitNumber":"SK.859/Kpts-VI/1999","permitDate":"1999-10-12","areaHa":80804.0,"provinceCode":"11","region":"sumatra"},"geometry":{"type":"MultiPolygon","coordinates":[[[[95.62754,4.97979,0.0,null],[95.60127,5.00697,0.0,null],[95.58641,4.99626,0.0,null],[95.57633,4.99037,0.0,null],[95.56704,4.98647,0.0,null],[95.55633,4.98566,0.0,null],[95.53306,4.97791,0.0,null],[95.53642,4.96982,0.0,null],[95.53624,4.96886,0.0,null],[95.53994,4.97043,0.0,null],[95.54348,4.97276,0.0,null],[95.54615,4.97339,0.0,null],[95.55123,4.9733,0.0,null],[95.55577,4.97563,0.0,null],[95.5587,4.97861,0.0,null],[95.56048,4.9794,0.0,null],[95.56487,4.97776,0.0,null],[95.56762,4.97749,0.0,null],[95.56796,4.97689,0.0,null],[95.56638,4.9738,0.0,null],[95.56799,4.97245,0.0,null],[95.56955,4.97391,0.0,null],[95.57022,4.97225,0.0,null],[95.57007,4.97008,0.0,null],[95.5721,4.9682,0.0,null],[95.57176,4.96482,0.0,null],[95.57112,4.96397,0.0,null],[95.56912,4.96315,0.0,null],[95.56647,4.95975,0.0,null],[95.56789,4.95466,0.0,null],[95.5674,4.95138,0.0,null],[95.56567,4.94766,0.0,null],[95.56186,4.94401,0.0,null],[95.55895,4.94243,0.0,null],[95.5546,4.9439,0.0,null],[95.54401,4.95084,0.0,null],[95.5392,4.95007,0.0,null],[95.53618,4.94578,0.0,null],[95.5321,4.94448,0.0,null],[95.52839,4.94522,0.0,null],[95.52724,4.94656,0.0,null],[95.52648,4.95056,0.0,null],[95.52463,4.9518,0.0,null],[95.52278,4.95152,0.0,null],[95.51803,4.9482,0.0,null],[95.5162,4.94408,0.0,null],[95.51334,4.93019,0.0,null],[95.53468,4.91661,0.0,null],[95.53679,4.91383,0.0,null],[95.54071,4.90195,0.0,null],[95.54192,4.89256,0.0,null],[95.54171,4.88848,0.0,null],[95.53989,4.88276,0.0,null],[95.53519,4.87561,0.0,null],[95.53482,4.85002,0.0,null],[95.53904,4.84786,0.0,null],[95.5446,4.84231,0.0,null],[95.55558,4.83732,0.0,null],[95.57009,4.84456,0.0,null],[95.57425,4.84549,0.0,null],[95.57822,4.84732,0.0,null],[95.58007,4.84895,0.0,null],[95.58546,4.85661,0.0,null],[95.58775,4.85848,0.0,null],[95.58928,4.86091,0.0,null],[95.58972,4.86639,0.0,null],[95.59195,4.87187,0.0,null],[95.59437,4.88157,0.0,null],[95.59398,4.88385,0.0,null],[95.59662,4.8892,0.0,null],[95.60447,4.89568,0.0,null],[95.6138,4.90098,0.0,null],[95.61765,4.90916,0.0,null],[95.62094,4.91073,0.0,null],[95.62571,4.91203,0.0,null],[95.62885,4.90444,0.0,null],[95.62866,4.90265,0.0,null],[95.62668,4.89963,0.0,null],[95.62709,4.892,0.0,null],[95.62531,4.88171,0.0,null],[95.62415,4.88001,0.0,null],[95.61845,4.87605,0.0,null],[95.614,4.8714,0.0,null],[95.61222,4.8659,0.0,null],[95.61308,4.86033,0.0,null],[95.62103,4.84887,0.0,null],[95.62019,4.84603,0.0,null],[95.61886,4.84471,0.0,null],[95.61698,4.83998,0.0,null],[95.61235,4.83486,0.0,null],[95.60915,4.83373,0.0,null],[95.60365,4.83351,0.0,null],[95.59229,4.8345,0.0,null],[95.58607,4.83226,0.0,null],[95.57927,4.82828,0.0,null],[95.57402,4.82594,0.0,null],[95.57039,4.82263,0.0,null],[95.56902,4.82234,0.0,null],[95.55695,4.80909,0.0,null],[95.56394,4.80349,0.0,null],[95.56865,4.8028,0.0,null],[95.57371,4.80328,0.0,null],[95.57664,4.80273,0.0,null],[95.58285,4.79837,0.0,null],[95.58383,4.79557,0.0,null],[95.58585,4.79289,0.0,null],[95.58964,4.79267,0.0,null],[95.60032,4.7952,0.0,null],[95.60631,4.79601,0.0,null],[95.60836,4.79498,0.0,null],[95.60868,4.79273,0.0,null],[95.6104,4.79067,0.0,null],[95.61153,4.79223,0.0,null],[95.61421,4.79025,0.0,null],[95.61544,4.78675,0.0,null],[95.61458,4.78523,0.0,null],[95.6147,4.78294,0.0,null],[95.61676,4.7822,0.0,null],[95.61833,4.77649,0.0,null],[95.62227,4.77614,0.0,null],[95.62308,4.77306,0.0,null],[95.62461,4.77225,0.0,null],[95.62755,4.77586,0.0,null],[95.63343,4.77526,0.0,null],[95.63483,4.77351,0.0,null],[95.63407,4.77075,0.0,null],[95.63184,4.76792,0.0,null],[95.63145,4.76532,0.0,null],[95.63293,4.76455,0.0,null],[95.64016,4.76595,0.0,null],[95.64324,4.76484,0.0,null],[95.64651,4.76569,0.0,null],[95.65023,4.76733,0.0,null],[95.65133,4.76901,0.0,null],[95.65307,4.77238,0.0,null],[95.65302,4.77571,0.0,null],[95.65748,4.77626,0.0,null],[95.6627,4.77611,0.0,null],[95.66506,4.76401,0.0,null],[95.6675,4.76185,0.0,null],[95.66957,4.76269,0.0,null],[95.6715,4.76149,0.0,null],[95.67653,4.75417,0.0,null],[95.68041,4.7512,0.0,null],[95.69214,4.74485,0.0,null],[95.70244,4.74041,0.0,null],[95.70947,4.73842,0.0,null],[95.71334,4.73928,0.0,null],[95.72347,4.74613,0.0,null],[95.73107,4.74783,0.0,null],[95.73867,4.74257,0.0,null],[95.74112,4.74217,0.0,null],[95.7435,4.74356,0.0,null],[95.74569,4.74638,0.0,null],[95.74878,4.75205,0.0,null],[95.75024,4.75906,0.0,null],[95.74821,4.76628,0.0,null],[95.74998,4.76874,0.0,null],[95.75492,4.76971,0.0,null],[95.75904,4.76915,0.0,null],[95.76285,4.76793,0.0,null],[95.76551,4.76611,0.0,null],[95.76739,4.76398,0.0,null],[95.77243,4.764,0.0,null],[95.77363,4.7628,0.0,null],[95.77231,4.7601,0.0,null],[95.76924,4.75871,0.0,null],[95.76132,4.75666,0.0,null],[95.75827,4.75319,0.0,null],[95.76152,4.75116,0.0,null],[95.76579,4.75081,0.0,null],[95.77217,4.75133,0.0,null],[95.77661,4.7519,0.0,null],[95.77978,4.753,0.0,null],[95.7819,4.75449,0.0,null],[95.7854,4.75948,0.0,null],[95.78606,4.75866,0.0,null],[95.7863,4.75589,0.0,null],[95.79304,4.75977,0.0,null],[95.79599,4.76059,0.0,null],[95.80123,4.75989,0.0,null],[95.80497,4.75846,0.0,null],[95.8093,4.75777,0.0,null],[95.81259,4.75842,0.0,null],[95.81516,4.76046,0.0,null],[95.81732,4.76365,0.0,null],[95.81708,4.76962,0.0,null],[95.75778,4.81427,0.0,null],[95.71147,4.76342,0.0,null],[95.70836,4.84579,0.0,null],[95.68505,4.83504,0.0,null],[95.6637,4.81811,0.0,null],[95.64521,4.8202,0.0,null],[95.64956,4.96951,0.0,null],[95.62754,4.97979,0.0,null]]],[[[95.85997,4.74314,0.0,null],[95.85054,4.74923,0.0,null],[95.84598,4.74636,0.0,null],[95.8396,4.74396,0.0,null],[95.82996,4.74221,0.0,null],[95.82336,4.74018,0.0,null],[95.81716,4.7394,0.0,null],[95.81339,4.74057,0.0,null],[95.81006,4.74042,0.0,null],[95.80513,4.73565,0.0,null],[95.79863,4.73447,0.0,null],[95.79476,4.73465,0.0,null],[95.7927,4.73262,0.0,null],[95.79136,4.72986,0.0,null],[95.78248,4.72536,0.0,null],[95.77894,4.72431,0.0,null],[95.76954,4.72396,0.0,null],[95.74745,4.71954,0.0,null],[95.74008,4.71903,0.0,null],[95.72928,4.71309,0.0,null],[95.72842,4.71095,0.0,null],[95.72815,4.70788,0.0,null],[95.72406,4.70265,0.0,null],[95.72267,4.69961,0.0,null],[95.72414,4.6962,0.0,null],[95.72436,4.69333,0.0,null],[95.72274,4.69264,0.0,null],[95.72052,4.69323,0.0,null],[95.71835,4.69249,0.0,null],[95.71886,4.68996,0.0,null],[95.72285,4.6866,0.0,null],[95.72754,4.68148,0.0,null],[95.72774,4.67942,0.0,null],[95.72458,4.66923,0.0,null],[95.72279,4.66751,0.0,null],[95.71913,4.66866,0.0,null],[95.71706,4.66625,0.0,null],[95.7207,4.66404,0.0,null],[95.7227,4.66126,0.0,null],[95.72865,4.65933,0.0,null],[95.7371,4.6546,0.0,null],[95.73966,4.65032,0.0,null],[95.74344,4.64715,0.0,null],[95.74588,4.64659,0.0,null],[95.75245,4.65094,0.0,null],[95.75418,4.64917,0.0,null],[95.75651,4.64796,0.0,null],[95.76055,4.6487,0.0,null],[95.76714,4.64605,0.0,null],[95.76992,4.64394,0.0,null],[95.77316,4.63953,0.0,null],[95.77479,4.63229,0.0,null],[95.77579,4.63116,0.0,null],[95.7796,4.62973,0.0,null],[95.78381,4.62901,0.0,null],[95.78546,4.62714,0.0,null],[95.78632,4.62497,0.0,null],[95.78513,4.62262,0.0,null],[95.77643,4.61488,0.0,null],[95.77791,4.61332,0.0,null],[95.79509,4.6092,0.0,null],[95.79534,4.60773,0.0,null],[95.79315,4.60383,0.0,null],[95.79873,4.59612,0.0,null],[95.80085,4.59197,0.0,null],[95.80393,4.58179,0.0,null],[95.80617,4.58185,0.0,null],[95.80905,4.58327,0.0,null],[95.81101,4.5829,0.0,null],[95.81308,4.58187,0.0,null],[95.81494,4.57872,0.0,null],[95.81818,4.57673,0.0,null],[95.82291,4.5754,0.0,null],[95.8306,4.57752,0.0,null],[95.83354,4.58466,0.0,null],[95.8339,4.59319,0.0,null],[95.83169,4.60011,0.0,null],[95.83144,4.60321,0.0,null],[95.83263,4.60724,0.0,null],[95.83121,4.60894,0.0,null],[95.82605,4.60623,0.0,null],[95.82524,4.60769,0.0,null],[95.82622,4.61035,0.0,null],[95.82626,4.61548,0.0,null],[95.8275,4.61893,0.0,null],[95.82371,4.62522,0.0,null],[95.82022,4.62559,0.0,null],[95.81901,4.63092,0.0,null],[95.81609,4.63016,0.0,null],[95.8138,4.62834,0.0,null],[95.81237,4.62952,0.0,null],[95.80657,4.63045,0.0,null],[95.80459,4.63355,0.0,null],[95.81043,4.6394,0.0,null],[95.81233,4.6424,0.0,null],[95.8139,4.64638,0.0,null],[95.81374,4.64997,0.0,null],[95.81198,4.65375,0.0,null],[95.81339,4.65734,0.0,null],[95.82117,4.65742,0.0,null],[95.82172,4.66029,0.0,null],[95.82026,4.66359,0.0,null],[95.82223,4.66497,0.0,null],[95.82445,4.66387,0.0,null],[95.82729,4.65991,0.0,null],[95.82845,4.6566,0.0,null],[95.83211,4.65276,0.0,null],[95.83517,4.65163,0.0,null],[95.83691,4.64588,0.0,null],[95.83866,4.64452,0.0,null],[95.84001,4.64588,0.0,null],[95.84114,4.64902,0.0,null],[95.83988,4.65169,0.0,null],[95.83075,4.65771,0.0,null],[95.83212,4.65984,0.0,null],[95.83493,4.66115,0.0,null],[95.83909,4.6607,0.0,null],[95.84257,4.65956,0.0,null],[95.84677,4.65606,0.0,null],[95.84791,4.65089,0.0,null],[95.85277,4.64815,0.0,null],[95.85376,4.64579,0.0,null],[95.85744,4.64513,0.0,null],[95.85825,4.64143,0.0,null],[95.8563,4.639,0.0,null],[95.85519,4.6363,0.0,null],[95.86119,4.63485,0.0,null],[95.86231,4.63275,0.0,null],[95.86432,4.63222,0.0,null],[95.86539,4.6344,0.0,null],[95.86787,4.63259,0.0,null],[95.8681,4.62964,0.0,null],[95.87051,4.62927,0.0,null],[95.87245,4.62781,0.0,null],[95.87552,4.62672,0.0,null],[95.87797,4.62664,0.0,null],[95.88216,4.62218,0.0,null],[95.88865,4.62317,0.0,null],[95.89269,4.62017,0.0,null],[95.89694,4.61937,0.0,null],[95.89716,4.61553,0.0,null],[95.89841,4.61459,0.0,null],[95.91679,4.62718,0.0,null],[95.92118,4.62881,0.0,null],[95.92617,4.62833,0.0,null],[95.92552,4.63609,0.0,null],[95.90135,4.64444,0.0,null],[95.89687,4.64751,0.0,null],[95.89126,4.65325,0.0,null],[95.88885,4.65813,0.0,null],[95.8864,4.66596,0.0,null],[95.88492,4.67325,0.0,null],[95.87949,4.67344,0.0,null],[95.85997,4.74314,0.0,null]]],[[[95.41482,5.04448,0.0,null],[95.41333,5.04421,0.0,null],[95.41194,5.04504,0.0,null],[95.41007,5.0438,0.0,null],[95.41001,5.04198,0.0,null],[95.4119,5.03924,0.0,null],[95.40857,5.03862,0.0,null],[95.40845,5.03694,0.0,null],[95.40553,5.03463,0.0,null],[95.40482,5.0329,0.0,null],[95.40069,5.02864,0.0,null],[95.40022,5.02625,0.0,null],[95.40055,5.02569,0.0,null],[95.45243,4.95079,0.0,null],[95.47059,4.94818,0.0,null],[95.47276,4.94149,0.0,null],[95.47796,4.93944,0.0,null],[95.48117,4.93934,0.0,null],[95.48898,4.94705,0.0,null],[95.49137,4.94811,0.0,null],[95.4929,4.95082,0.0,null],[95.49342,4.95449,0.0,null],[95.49546,4.95779,0.0,null],[95.49853,4.96078,0.0,null],[95.50405,4.96256,0.0,null],[95.50853,4.96532,0.0,null],[95.50938,4.96629,0.0,null],[95.51061,4.97099,0.0,null],[95.4958,4.97025,0.0,null],[95.47628,4.99201,0.0,null],[95.49283,5.08642,0.0,null],[95.54816,5.09975,0.0,null],[95.52284,5.13576,0.0,null],[95.51946,5.13414,0.0,null],[95.51855,5.13261,0.0,null],[95.51651,5.13197,0.0,null],[95.51119,5.13483,0.0,null],[95.50853,5.13446,0.0,null],[95.50377,5.13631,0.0,null],[95.50077,5.13606,0.0,null],[95.49612,5.13919,0.0,null],[95.49444,5.13878,0.0,null],[95.49124,5.13977,0.0,null],[95.48963,5.13933,0.0,null],[95.48837,5.14143,0.0,null],[95.48533,5.14307,0.0,null],[95.4839,5.14256,0.0,null],[95.48276,5.14049,0.0,null],[95.48084,5.13929,0.0,null],[95.47763,5.13963,0.0,null],[95.47458,5.13897,0.0,null],[95.47165,5.13985,0.0,null],[95.46919,5.13663,0.0,null],[95.46689,5.13482,0.0,null],[95.46623,5.13297,0.0,null],[95.46409,5.13258,0.0,null],[95.46146,5.13314,0.0,null],[95.45889,5.1318,0.0,null],[95.45778,5.13033,0.0,null],[95.45836,5.12732,0.0,null],[95.45796,5.12638,0.0,null],[95.45438,5.1251,0.0,null],[95.44882,5.12547,0.0,null],[95.44314,5.12505,0.0,null],[95.44148,5.12163,0.0,null],[95.43937,5.12104,0.0,null],[95.43582,5.11896,0.0,null],[95.43512,5.1172,0.0,null],[95.43337,5.11534,0.0,null],[95.42465,5.08426,0.0,null],[95.44409,5.05325,0.0,null],[95.44257,5.05221,0.0,null],[95.44146,5.05055,0.0,null],[95.43969,5.0504,0.0,null],[95.43774,5.04749,0.0,null],[95.43472,5.04696,0.0,null],[95.43427,5.04858,0.0,null],[95.43252,5.0482,0.0,null],[95.43076,5.04973,0.0,null],[95.4294,5.04913,0.0,null],[95.42909,5.04714,0.0,null],[95.42714,5.04531,0.0,null],[95.4244,5.04721,0.0,null],[95.42235,5.04661,0.0,null],[95.42231,5.04803,0.0,null],[95.42022,5.04959,0.0,null],[95.41961,5.04792,0.0,null],[95.41821,5.04707,0.0,null],[95.41685,5.04498,0.0,null],[95.41482,5.04448,0.0,null]]]]}},{"type":"Feature","properties":{"inventoryId":"big-forestry-ha:164","sector":"PBPH","subtype":"IUPHHK-HA","quality":"OFFICIAL","sourceDataset":"big-forestry-ha","sourceRecordId":"164","source":"BIG Kebijakan Satu Peta","sourceUrl":"https://kspservices.big.go.id/satupeta/rest/services/PUBLIK/PERIZINAN_DAN_PERTANAHAN/MapServer/1","retrievedAt":"2026-08-31T08:53:33Z","geometryProcessing":"web display simplification tolerance 0.00035 degrees","name":"PT ANDALAS MERAPI TIMBER","permitNumber":"SK.82/Kpts-II/2000","permitDate":"2000-12-22","areaHa":28400.0,"provinceCode":"13","region":"sumatra"},"geometry":{"type":"Polygon","coordinates":[[[101.21932,-1.49897,0.0,null],[101.22238,-1.49964,0.0,null],[101.22399,-1.49872,0.0,null],[101.22491,-1.49979,0.0,null],[101.22595,-1.49782,0.0,null],[101.23143,-1.4958,0.0,null],[101.23053,-1.49286,0.0,null],[101.2326,-1.49104,0.0,null],[101.23018,-1.49023,0.0,null],[101.2307,-1.48931,0.0,null],[101.22897,-1.48846,0.0,null],[101.22952,-1.48767,0.0,null],[101.23086,-1.48772,0.0,null],[101.2303,-1.48582,0.0,null],[101.23173,-1.48494,0.0,null],[101.23271,-1.48282,0.0,null],[101.23253,-1.48114,0.0,null],[101.23417,-1.47943,0.0,null],[101.23265,-1.47856,0.0,null],[101.23322,-1.47771,0.0,null],[101.23178,-1.47729,0.0,null],[101.23337,-1.47487,0.0,null],[101.23269,-1.47303,0.0,null],[101.23509,-1.47244,0.0,null],[101.23535,-1.47064,0.0,null],[101.23714,-1.47056,0.0,null],[101.23639,-1.46868,0.0,null],[101.2377,-1.46808,0.0,null],[101.23663,-1.46699,0.0,null],[101.23735,-1.4663,0.0,null],[101.23743,-1.46496,0.0,null],[101.2385,-1.46461,0.0,null],[101.23707,-1.46414,0.0,null],[101.23738,-1.4634,0.0,null],[101.23852,-1.46317,0.0,null],[101.23815,-1.46162,0.0,null],[101.23852,-1.46021,0.0,null],[101.23737,-1.45911,0.0,null],[101.23775,-1.45871,0.0,null],[101.23882,-1.45927,0.0,null],[101.23937,-1.459,0.0,null],[101.23831,-1.45813,0.0,null],[101.23948,-1.45635,0.0,null],[101.23915,-1.45333,0.0,null],[101.24006,-1.45441,0.0,null],[101.24061,-1.45418,0.0,null],[101.24017,-1.4527,0.0,null],[101.23655,-1.44827,0.0,null],[101.2375,-1.44644,0.0,null],[101.23651,-1.4455,0.0,null],[101.23854,-1.44384,0.0,null],[101.23967,-1.44208,0.0,null],[101.24221,-1.44193,0.0,null],[101.24276,-1.44038,0.0,null],[101.24486,-1.44007,0.0,null],[101.24597,-1.44108,0.0,null],[101.25078,-1.43969,0.0,null],[101.25047,-1.43784,0.0,null],[101.25151,-1.43483,0.0,null],[101.25073,-1.43233,0.0,null],[101.25369,-1.43104,0.0,null],[101.25359,-1.42714,0.0,null],[101.25424,-1.42602,0.0,null],[101.25351,-1.42504,0.0,null],[101.25679,-1.42455,0.0,null],[101.25744,-1.42211,0.0,null],[101.25933,-1.42129,0.0,null],[101.25972,-1.41867,0.0,null],[101.26404,-1.41822,0.0,null],[101.26531,-1.41707,0.0,null],[101.26735,-1.41683,0.0,null],[101.26716,-1.41549,0.0,null],[101.26759,-1.41495,0.0,null],[101.2689,-1.41599,0.0,null],[101.27053,-1.41363,0.0,null],[101.27379,-1.41327,0.0,null],[101.27232,-1.41215,0.0,null],[101.27393,-1.40957,0.0,null],[101.27394,-1.40766,0.0,null],[101.27321,-1.40741,0.0,null],[101.27299,-1.40668,0.0,null],[101.2744,-1.40629,0.0,null],[101.27472,-1.40565,0.0,null],[101.27423,-1.40509,0.0,null],[101.27258,-1.40544,0.0,null],[101.27237,-1.40287,0.0,null],[101.26907,-1.40391,0.0,null],[101.26892,-1.40136,0.0,null],[101.26677,-1.40107,0.0,null],[101.26573,-1.39986,0.0,null],[101.26478,-1.39582,0.0,null],[101.26511,-1.3911,0.0,null],[101.26408,-1.38898,0.0,null],[101.26255,-1.38972,0.0,null],[101.26111,-1.38877,0.0,null],[101.25969,-1.38868,0.0,null],[101.25937,-1.38831,0.0,null],[101.26011,-1.38701,0.0,null],[101.25779,-1.38741,0.0,null],[101.25654,-1.38569,0.0,null],[101.25414,-1.38518,0.0,null],[101.25313,-1.38613,0.0,null],[101.25308,-1.38499,0.0,null],[101.25424,-1.38314,0.0,null],[101.25283,-1.38359,0.0,null],[101.25111,-1.38081,0.0,null],[101.24976,-1.38095,0.0,null],[101.24778,-1.3789,0.0,null],[101.24331,-1.37595,0.0,null],[101.24312,-1.37349,0.0,null],[101.24121,-1.37321,0.0,null],[101.24053,-1.37189,0.0,null],[101.24127,-1.37069,0.0,null],[101.23869,-1.36999,0.0,null],[101.23758,-1.36716,0.0,null],[101.23846,-1.36535,0.0,null],[101.23603,-1.36456,0.0,null],[101.237,-1.36256,0.0,null],[101.23538,-1.36114,0.0,null],[101.23452,-1.35743,0.0,null],[101.23677,-1.35711,0.0,null],[101.23828,-1.35431,0.0,null],[101.23687,-1.35338,0.0,null],[101.23527,-1.35461,0.0,null],[101.23446,-1.35449,0.0,null],[101.23388,-1.35091,0.0,null],[101.23257,-1.35081,0.0,null],[101.23138,-1.34902,0.0,null],[101.23215,-1.34846,0.0,null],[101.2321,-1.34782,0.0,null],[101.23018,-1.3462,0.0,null],[101.23032,-1.33972,0.0,null],[101.23168,-1.33991,0.0,null],[101.23191,-1.3418,0.0,null],[101.23265,-1.34289,0.0,null],[101.23337,-1.34107,0.0,null],[101.2316,-1.33814,0.0,null],[101.22165,-1.33178,0.0,null],[101.1939,-1.30683,0.0,null],[101.19092,-1.30485,0.0,null],[101.18861,-1.30518,0.0,null],[101.18795,-1.30436,0.0,null],[101.18266,-1.30287,0.0,null],[101.18183,-1.30204,0.0,null],[101.18068,-1.29858,0.0,null],[101.17787,-1.29758,0.0,null],[101.17721,-1.29593,0.0,null],[101.16878,-1.29346,0.0,null],[101.15127,-1.29098,0.0,null],[101.13607,-1.29279,0.0,null],[101.1245,-1.29924,0.0,null],[101.11029,-1.31195,0.0,null],[101.10071,-1.31955,0.0,null],[101.07834,-1.32557,0.0,null],[101.09223,-1.34895,0.0,null],[101.09812,-1.36224,0.0,null],[101.09634,-1.38359,0.0,null],[101.10479,-1.40227,0.0,null],[101.11035,-1.41117,0.0,null],[101.10657,-1.41895,0.0,null],[101.10079,-1.42385,0.0,null],[101.11124,-1.43826,0.0,null],[101.13394,-1.43982,0.0,null],[101.14795,-1.44382,0.0,null],[101.17421,-1.45961,0.0,null],[101.19245,-1.46784,0.0,null],[101.20446,-1.47073,0.0,null],[101.20001,-1.49475,0.0,null],[101.21932,-1.49897,0.0,null]]]}},{"type":"Feature","properties":{"inventoryId":"big-forestry-ha:110","sector":"PBPH","subtype":"IUPHHK-HA","quality":"OFFICIAL","sourceDataset":"big-forestry-ha","sourceRecordId":"110","source":"BIG Kebijakan Satu Peta","sourceUrl":"https://kspservices.big.go.id/satupeta/rest/services/PUBLIK/PERIZINAN_DAN_PERTANAHAN/MapServer/1","retrievedAt":"2026-08-31T08:53:33Z","geometryProcessing":"web display simplification tolerance 0.00035 degrees","name":"PT ANUGERAH PRATAMA INSPIRASI","permitNumber":"3/1/IUPHHK-PB/ PMDN/2017","permitDate":"2017-04-03","areaHa":41988.0,"provinceCode":"17","region":"sumatra"},"geometry":{"type":"Polygon","coordinates":[[[101.79075,-2.89367,0.0,null],[101.78421,-2.89559,0.0,null],[101.7821,-2.89836,0.0,null],[101.7793,-2.90076,0.0,null],[101.77892,-2.90208,0.0,null],[101.77612,-2.90545,0.0,null],[101.77651,-2.90626,0.0,null],[101.77327,-2.91019,0.0,null],[101.76772,-2.90703,0.0,null],[101.76643,-2.90796,0.0,null],[101.76238,-2.90691,0.0,null],[101.76122,-2.90575,0.0,null],[101.75892,-2.90585,0.0,null],[101.75711,-2.90528,0.0,null],[101.75627,-2.90561,0.0,null],[101.75605,-2.90705,0.0,null],[101.75384,-2.90657,0.0,null],[101.75277,-2.90699,0.0,null],[101.74963,-2.91064,0.0,null],[101.74577,-2.91187,0.0,null],[101.74311,-2.9109,0.0,null],[101.73997,-2.90824,0.0,null],[101.73537,-2.9068,0.0,null],[101.7291,-2.9073,0.0,null],[101.7259,-2.90985,0.0,null],[101.72507,-2.91173,0.0,null],[101.72248,-2.91246,0.0,null],[101.71993,-2.91194,0.0,null],[101.71655,-2.9156,0.0,null],[101.71203,-2.91599,0.0,null],[101.71118,-2.91669,0.0,null],[101.70807,-2.91598,0.0,null],[101.71252,-2.92439,0.0,null],[101.71271,-2.92731,0.0,null],[101.71554,-2.92978,0.0,null],[101.71618,-2.93108,0.0,null],[101.71649,-2.93373,0.0,null],[101.71862,-2.93845,0.0,null],[101.72801,-2.9479,0.0,null],[101.72737,-2.9484,0.0,null],[101.72808,-2.94991,0.0,null],[101.72773,-2.9546,0.0,null],[101.72446,-2.95725,0.0,null],[101.72306,-2.9574,0.0,null],[101.72288,-2.95842,0.0,null],[101.72123,-2.95935,0.0,null],[101.74587,-2.99228,0.0,null],[101.74555,-2.99418,0.0,null],[101.74331,-2.99499,0.0,null],[101.74158,-2.99296,0.0,null],[101.7412,-2.99423,0.0,null],[101.74217,-2.99616,0.0,null],[101.74147,-2.99835,0.0,null],[101.74021,-2.9992,0.0,null],[101.74027,-3.00034,0.0,null],[101.74105,-3.00136,0.0,null],[101.73932,-3.00129,0.0,null],[101.73851,-3.00215,0.0,null],[101.74234,-3.00636,0.0,null],[101.74885,-3.00446,0.0,null],[101.75196,-3.00506,0.0,null],[101.755,-3.00761,0.0,null],[101.75694,-3.01037,0.0,null],[101.75216,-3.01488,0.0,null],[101.74586,-3.02449,0.0,null],[101.74324,-3.02583,0.0,null],[101.73911,-3.03158,0.0,null],[101.73518,-3.03875,0.0,null],[101.73497,-3.04031,0.0,null],[101.73493,-3.04726,0.0,null],[101.73541,-3.04834,0.0,null],[101.74085,-3.05439,0.0,null],[101.75263,-3.06145,0.0,null],[101.75474,-3.06359,0.0,null],[101.75663,-3.06369,0.0,null],[101.75648,-3.06969,0.0,null],[101.75523,-3.06949,0.0,null],[101.75429,-3.0742,0.0,null],[101.75419,-3.07632,0.0,null],[101.75527,-3.07713,0.0,null],[101.75543,-3.07791,0.0,null],[101.75479,-3.07857,0.0,null],[101.75501,-3.07984,0.0,null],[101.72855,-3.08092,0.0,null],[101.72754,-3.08082,0.0,null],[101.72218,-3.07574,0.0,null],[101.70671,-3.05965,0.0,null],[101.70575,-3.05971,0.0,null],[101.70487,-3.05858,0.0,null],[101.70491,-3.05771,0.0,null],[101.7041,-3.05841,0.0,null],[101.70396,-3.0607,0.0,null],[101.70272,-3.06199,0.0,null],[101.70385,-3.06395,0.0,null],[101.70155,-3.06553,0.0,null],[101.70007,-3.06515,0.0,null],[101.6997,-3.06588,0.0,null],[101.74655,-3.10478,0.0,null],[101.75304,-3.10061,0.0,null],[101.75633,-3.09709,0.0,null],[101.75819,-3.09406,0.0,null],[101.75803,-3.09346,0.0,null],[101.75937,-3.09339,0.0,null],[101.76475,-3.08796,0.0,null],[101.76695,-3.08778,0.0,null],[101.77041,-3.08886,0.0,null],[101.77513,-3.08714,0.0,null],[101.77658,-3.08794,0.0,null],[101.78133,-3.08756,0.0,null],[101.78338,-3.08844,0.0,null],[101.78695,-3.08273,0.0,null],[101.79334,-3.07912,0.0,null],[101.79424,-3.07952,0.0,null],[101.79541,-3.08161,0.0,null],[101.79885,-3.08262,0.0,null],[101.801,-3.08198,0.0,null],[101.80604,-3.08263,0.0,null],[101.80913,-3.08203,0.0,null],[101.81202,-3.08215,0.0,null],[101.81269,-3.08335,0.0,null],[101.8158,-3.08487,0.0,null],[101.8181,-3.08701,0.0,null],[101.81969,-3.08875,0.0,null],[101.82031,-3.09051,0.0,null],[101.82283,-3.09104,0.0,null],[101.82429,-3.09292,0.0,null],[101.82895,-3.09454,0.0,null],[101.82913,-3.09591,0.0,null],[101.83008,-3.09658,0.0,null],[101.83559,-3.09807,0.0,null],[101.83615,-3.09887,0.0,null],[101.83546,-3.09944,0.0,null],[101.8358,-3.09978,0.0,null],[101.83708,-3.09965,0.0,null],[101.83768,-3.099,0.0,null],[101.84601,-3.1042,0.0,null],[101.84623,-3.1048,0.0,null],[101.8618,-3.1067,0.0,null],[101.86662,-3.10673,0.0,null],[101.87062,-3.10771,0.0,null],[101.87922,-3.10719,0.0,null],[101.882,-3.10805,0.0,null],[101.89183,-3.10779,0.0,null],[101.90139,-3.10915,0.0,null],[101.90866,-3.10892,0.0,null],[101.91086,-3.11001,0.0,null],[101.92647,-3.11192,0.0,null],[101.93025,-3.11312,0.0,null],[101.94276,-3.12072,0.0,null],[101.94926,-3.12365,0.0,null],[101.95226,-3.12215,0.0,null],[101.95287,-3.12018,0.0,null],[101.9536,-3.1197,0.0,null],[101.95728,-3.1212,0.0,null],[101.96116,-3.12093,0.0,null],[101.96223,-3.12278,0.0,null],[101.96383,-3.1234,0.0,null],[101.96412,-3.12213,0.0,null],[101.96347,-3.11825,0.0,null],[101.96505,-3.11517,0.0,null],[101.96944,-3.11362,0.0,null],[101.97663,-3.11302,0.0,null],[101.98116,-3.11366,0.0,null],[101.9831,-3.11499,0.0,null],[101.98459,-3.11529,0.0,null],[101.98705,-3.11812,0.0,null],[101.98998,-3.11666,0.0,null],[101.99762,-3.11624,0.0,null],[101.99818,-3.11548,0.0,null],[101.99825,-3.11074,0.0,null],[101.9998,-3.11013,0.0,null],[102.00154,-3.10732,0.0,null],[102.00253,-3.10675,0.0,null],[102.00509,-3.10862,0.0,null],[102.00645,-3.10784,0.0,null],[102.00831,-3.10948,0.0,null],[102.00997,-3.1088,0.0,null],[102.01279,-3.10944,0.0,null],[102.01379,-3.11101,0.0,null],[102.01582,-3.11063,0.0,null],[102.018,-3.10903,0.0,null],[102.0238,-3.11132,0.0,null],[102.02642,-3.11099,0.0,null],[102.03052,-3.11192,0.0,null],[102.03164,-3.11119,0.0,null],[102.03274,-3.11173,0.0,null],[102.03319,-3.10931,0.0,null],[102.03491,-3.109,0.0,null],[102.03221,-3.10536,0.0,null],[102.03176,-3.10186,0.0,null],[102.03103,-3.10038,0.0,null],[102.03031,-3.10006,0.0,null],[102.03099,-3.09856,0.0,null],[102.02842,-3.09556,0.0,null],[102.02567,-3.08573,0.0,null],[102.02326,-3.08579,0.0,null],[102.02163,-3.08449,0.0,null],[102.02103,-3.08482,0.0,null],[102.01814,-3.08744,0.0,null],[102.01816,-3.08868,0.0,null],[102.01664,-3.08949,0.0,null],[102.01663,-3.09064,0.0,null],[102.01557,-3.09199,0.0,null],[102.01436,-3.09175,0.0,null],[102.01421,-3.09073,0.0,null],[102.01329,-3.09097,0.0,null],[102.01205,-3.08942,0.0,null],[102.01139,-3.08971,0.0,null],[102.01101,-3.09116,0.0,null],[102.00866,-3.09118,0.0,null],[102.0061,-3.09016,0.0,null],[102.00476,-3.09053,0.0,null],[102.00304,-3.09284,0.0,null],[102.00028,-3.09283,0.0,null],[101.99861,-3.09217,0.0,null],[101.99761,-3.09077,0.0,null],[101.99503,-3.08935,0.0,null],[101.99308,-3.08743,0.0,null],[101.98443,-3.08434,0.0,null],[101.97012,-3.07762,0.0,null],[101.96677,-3.07558,0.0,null],[101.96586,-3.07419,0.0,null],[101.96389,-3.07331,0.0,null],[101.96389,-3.07263,0.0,null],[101.96076,-3.0705,0.0,null],[101.95884,-3.06836,0.0,null],[101.95502,-3.06719,0.0,null],[101.95533,-3.06619,0.0,null],[101.95492,-3.06564,0.0,null],[101.95016,-3.06225,0.0,null],[101.9502,-3.06061,0.0,null],[101.94953,-3.05957,0.0,null],[101.95235,-3.05513,0.0,null],[101.95051,-3.05508,0.0,null],[101.94943,-3.0537,0.0,null],[101.94901,-3.05199,0.0,null],[101.94934,-3.05096,0.0,null],[101.94831,-3.04883,0.0,null],[101.94894,-3.04708,0.0,null],[101.95063,-3.04536,0.0,null],[101.9511,-3.04567,0.0,null],[101.9512,-3.04491,0.0,null],[101.95209,-3.04489,0.0,null],[101.95242,-3.04385,0.0,null],[101.95155,-3.04356,0.0,null],[101.95151,-3.04258,0.0,null],[101.94912,-3.04001,0.0,null],[101.94702,-3.04048,0.0,null],[101.946,-3.03878,0.0,null],[101.94391,-3.03862,0.0,null],[101.94341,-3.038,0.0,null],[101.94213,-3.03849,0.0,null],[101.94191,-3.04019,0.0,null],[101.94015,-3.04041,0.0,null],[101.93881,-3.03874,0.0,null],[101.93479,-3.03726,0.0,null],[101.93533,-3.03884,0.0,null],[101.93388,-3.04052,0.0,null],[101.93334,-3.04228,0.0,null],[101.93459,-3.0437,0.0,null],[101.9335,-3.04413,0.0,null],[101.93297,-3.04605,0.0,null],[101.93378,-3.04674,0.0,null],[101.93697,-3.0467,0.0,null],[101.93782,-3.04845,0.0,null],[101.93737,-3.05106,0.0,null],[101.94081,-3.05089,0.0,null],[101.94189,-3.05295,0.0,null],[101.94176,-3.05582,0.0,null],[101.94071,-3.05754,0.0,null],[101.93775,-3.06023,0.0,null],[101.9378,-3.06127,0.0,null],[101.93919,-3.06366,0.0,null],[101.93905,-3.06497,0.0,null],[101.93795,-3.06661,0.0,null],[101.93936,-3.06689,0.0,null],[101.9423,-3.06623,0.0,null],[101.94335,-3.06668,0.0,null],[101.94356,-3.06916,0.0,null],[101.94303,-3.07011,0.0,null],[101.94454,-3.07468,0.0,null],[101.94438,-3.07568,0.0,null],[101.94546,-3.07677,0.0,null],[101.9454,-3.07549,0.0,null],[101.94632,-3.0747,0.0,null],[101.94703,-3.07556,0.0,null],[101.9497,-3.07586,0.0,null],[101.95251,-3.07715,0.0,null],[101.95288,-3.08037,0.0,null],[101.95112,-3.09108,0.0,null],[101.95378,-3.09331,0.0,null],[101.9541,-3.09474,0.0,null],[101.95369,-3.09626,0.0,null],[101.95196,-3.09524,0.0,null],[101.95041,-3.09516,0.0,null],[101.94909,-3.09712,0.0,null],[101.95003,-3.09797,0.0,null],[101.94948,-3.09826,0.0,null],[101.94837,-3.09802,0.0,null],[101.94754,-3.09522,0.0,null],[101.94662,-3.09518,0.0,null],[101.94604,-3.09626,0.0,null],[101.94469,-3.09668,0.0,null],[101.94359,-3.09421,0.0,null],[101.94079,-3.09349,0.0,null],[101.93898,-3.08976,0.0,null],[101.93934,-3.08869,0.0,null],[101.93857,-3.08565,0.0,null],[101.93431,-3.07991,0.0,null],[101.92807,-3.07392,0.0,null],[101.91737,-3.05812,0.0,null],[101.91616,-3.05722,0.0,null],[101.91488,-3.05521,0.0,null],[101.91621,-3.05521,0.0,null],[101.91633,-3.05457,0.0,null],[101.91415,-3.05342,0.0,null],[101.91543,-3.05269,0.0,null],[101.91397,-3.05236,0.0,null],[101.91373,-3.0514,0.0,null],[101.91155,-3.05046,0.0,null],[101.91246,-3.04602,0.0,null],[101.91137,-3.0454,0.0,null],[101.91115,-3.04449,0.0,null],[101.90935,-3.04437,0.0,null],[101.90992,-3.04212,0.0,null],[101.90908,-3.04098,0.0,null],[101.91065,-3.0373,0.0,null],[101.90938,-3.03533,0.0,null],[101.90979,-3.03391,0.0,null],[101.90945,-3.03267,0.0,null],[101.91132,-3.03028,0.0,null],[101.9104,-3.03006,0.0,null],[101.9072,-3.0272,0.0,null],[101.90799,-3.02372,0.0,null],[101.90759,-3.02299,0.0,null],[101.90892,-3.00269,0.0,null],[101.9076,-3.00342,0.0,null],[101.9039,-3.00357,0.0,null],[101.89822,-3.00214,0.0,null],[101.89442,-2.99954,0.0,null],[101.88828,-2.99706,0.0,null],[101.88428,-2.99349,0.0,null],[101.88004,-2.9924,0.0,null],[101.87903,-2.99111,0.0,null],[101.87628,-2.99052,0.0,null],[101.87551,-2.98867,0.0,null],[101.87182,-2.98747,0.0,null],[101.87215,-2.98197,0.0,null],[101.87102,-2.97947,0.0,null],[101.86896,-2.97749,0.0,null],[101.86886,-2.97601,0.0,null],[101.8697,-2.97494,0.0,null],[101.86971,-2.97344,0.0,null],[101.87084,-2.97084,0.0,null],[101.87081,-2.96889,0.0,null],[101.87221,-2.96725,0.0,null],[101.87168,-2.96186,0.0,null],[101.87076,-2.96048,0.0,null],[101.87064,-2.95847,0.0,null],[101.86963,-2.95604,0.0,null],[101.86277,-2.95632,0.0,null],[101.86343,-2.95481,0.0,null],[101.86476,-2.9536,0.0,null],[101.86663,-2.95263,0.0,null],[101.86863,-2.95015,0.0,null],[101.87126,-2.94912,0.0,null],[101.87194,-2.94813,0.0,null],[101.87067,-2.944,0.0,null],[101.86596,-2.94003,0.0,null],[101.86502,-2.9367,0.0,null],[101.86724,-2.93504,0.0,null],[101.8713,-2.92998,0.0,null],[101.87197,-2.92813,0.0,null],[101.87214,-2.92435,0.0,null],[101.87106,-2.9246,0.0,null],[101.86911,-2.92325,0.0,null],[101.86721,-2.92281,0.0,null],[101.86656,-2.92202,0.0,null],[101.86335,-2.92186,0.0,null],[101.85909,-2.92075,0.0,null],[101.85815,-2.91999,0.0,null],[101.85516,-2.9198,0.0,null],[101.85174,-2.91838,0.0,null],[101.84913,-2.91681,0.0,null],[101.84752,-2.91398,0.0,null],[101.84652,-2.91408,0.0,null],[101.84587,-2.91504,0.0,null],[101.84238,-2.91494,0.0,null],[101.83911,-2.91596,0.0,null],[101.83167,-2.91328,0.0,null],[101.82831,-2.91136,0.0,null],[101.82793,-2.91023,0.0,null],[101.82557,-2.90876,0.0,null],[101.82342,-2.90613,0.0,null],[101.82114,-2.90558,0.0,null],[101.81185,-2.9,0.0,null],[101.81095,-2.8982,0.0,null],[101.80991,-2.89741,0.0,null],[101.80539,-2.89756,0.0,null],[101.80145,-2.89675,0.0,null],[101.79788,-2.89473,0.0,null],[101.79075,-2.89367,0.0,null]]]}},{"type":"Feature","properties":{"inventoryId":"big-forestry-ha:105","sector":"PBPH","subtype":"IUPHHK-HA","quality":"OFFICIAL","sourceDataset":"big-forestry-ha","sourceRecordId":"105","source":"BIG Kebijakan Satu Peta","sourceUrl":"https://kspservices.big.go.id/satupeta/rest/services/PUBLIK/PERIZINAN_DAN_PERTANAHAN/MapServer/1","retrievedAt":"2026-08-31T08:53:33Z","geometryProcessing":"web display simplification tolerance 0.00035 degrees","name":"PT BARUMUN RAYA PADANG LANGKAT","permitNumber":"SK.585/Menhut-II/2011","permitDate":"2011-10-11","areaHa":14800.0,"provinceCode":"12","region":"sumatra"},"geometry":{"type":"Polygon","coordinates":[[[99.55416,1.37006,0.0,null],[99.52599,1.37783,0.0,null],[99.52169,1.37491,0.0,null],[99.51903,1.37488,0.0,null],[99.52032,1.30259,0.0,null],[99.5526,1.25326,0.0,null],[99.59874,1.2121,0.0,null],[99.66835,1.24128,0.0,null],[99.64833,1.2648,0.0,null],[99.63381,1.28327,0.0,null],[99.62819,1.28986,0.0,null],[99.6252,1.29206,0.0,null],[99.61879,1.30146,0.0,null],[99.59578,1.31947,0.0,null],[99.57918,1.33466,0.0,null],[99.56636,1.35627,0.0,null],[99.55916,1.35627,0.0,null],[99.55416,1.37006,0.0,null]]]}},{"type":"Feature","properties":{"inventoryId":"big-forestry-ha:109","sector":"PBPH","subtype":"IUPHHK-HA","quality":"OFFICIAL","sourceDataset":"big-forestry-ha","sourceRecordId":"109","source":"BIG Kebijakan Satu Peta","sourceUrl":"https://kspservices.big.go.id/satupeta/rest/services/PUBLIK/PERIZINAN_DAN_PERTANAHAN/MapServer/1","retrievedAt":"2026-08-31T08:53:33Z","geometryProcessing":"web display simplification tolerance 0.00035 degrees","name":"PT BENTARA AGRA TIMBER","permitNumber":"74 Tahun 2002","permitDate":"2002-02-19","areaHa":23000.0,"provinceCode":"17","region":"sumatra"},"geometry":{"type":"Polygon","coordinates":[[[101.69637,-2.81782,0.0,null],[101.69142,-2.81518,0.0,null],[101.68775,-2.81406,0.0,null],[101.68392,-2.81438,0.0,null],[101.68313,-2.8131,0.0,null],[101.68313,-2.81103,0.0,null],[101.68217,-2.8096,0.0,null],[101.67922,-2.81007,0.0,null],[101.67476,-2.8088,0.0,null],[101.67189,-2.80561,0.0,null],[101.6687,-2.80433,0.0,null],[101.65898,-2.8021,0.0,null],[101.6569,-2.8021,0.0,null],[101.651,-2.80353,0.0,null],[101.64861,-2.80289,0.0,null],[101.64431,-2.80273,0.0,null],[101.64319,-2.80193,0.0,null],[101.63969,-2.80257,0.0,null],[101.63698,-2.80114,0.0,null],[101.63538,-2.79954,0.0,null],[101.63251,-2.79874,0.0,null],[101.6314,-2.79779,0.0,null],[101.62948,-2.79763,0.0,null],[101.62693,-2.79603,0.0,null],[101.62542,-2.79651,0.0,null],[101.62143,-2.80097,0.0,null],[101.62,-2.80161,0.0,null],[101.61681,-2.80448,0.0,null],[101.61394,-2.80783,0.0,null],[101.61123,-2.80926,0.0,null],[101.60916,-2.80894,0.0,null],[101.60692,-2.81053,0.0,null],[101.60692,-2.81181,0.0,null],[101.60342,-2.81484,0.0,null],[101.59146,-2.82121,0.0,null],[101.59034,-2.82296,0.0,null],[101.58978,-2.82536,0.0,null],[101.58755,-2.82392,0.0,null],[101.58452,-2.81977,0.0,null],[101.57958,-2.81595,0.0,null],[101.56922,-2.80431,0.0,null],[101.55719,-2.78103,0.0,null],[101.55655,-2.77816,0.0,null],[101.55528,-2.77609,0.0,null],[101.55209,-2.77114,0.0,null],[101.54484,-2.76269,0.0,null],[101.54373,-2.7603,0.0,null],[101.53592,-2.75121,0.0,null],[101.52428,-2.73272,0.0,null],[101.52014,-2.7273,0.0,null],[101.51796,-2.72196,0.0,null],[101.51608,-2.72806,0.0,null],[101.51633,-2.73535,0.0,null],[101.51527,-2.73619,0.0,null],[101.51324,-2.73488,0.0,null],[101.51276,-2.73548,0.0,null],[101.51318,-2.73715,0.0,null],[101.51046,-2.74194,0.0,null],[101.50927,-2.73979,0.0,null],[101.50808,-2.74004,0.0,null],[101.50761,-2.74195,0.0,null],[101.50535,-2.74411,0.0,null],[101.50488,-2.74698,0.0,null],[101.50108,-2.75021,0.0,null],[101.50133,-2.75404,0.0,null],[101.50014,-2.7544,0.0,null],[101.49895,-2.75357,0.0,null],[101.49824,-2.75381,0.0,null],[101.49729,-2.75632,0.0,null],[101.49574,-2.75572,0.0,null],[101.49254,-2.75932,0.0,null],[101.49219,-2.76052,0.0,null],[101.49015,-2.76114,0.0,null],[101.49127,-2.76698,0.0,null],[101.4943,-2.77623,0.0,null],[101.49526,-2.78149,0.0,null],[101.499,-2.79488,0.0,null],[101.50171,-2.79632,0.0,null],[101.50346,-2.79903,0.0,null],[101.50346,-2.80094,0.0,null],[101.50537,-2.80381,0.0,null],[101.51047,-2.80668,0.0,null],[101.51127,-2.8086,0.0,null],[101.51031,-2.81147,0.0,null],[101.50713,-2.81242,0.0,null],[101.49923,-2.8188,0.0,null],[101.49684,-2.82167,0.0,null],[101.49413,-2.8231,0.0,null],[101.49349,-2.82501,0.0,null],[101.49461,-2.82836,0.0,null],[101.50752,-2.84144,0.0,null],[101.50991,-2.84303,0.0,null],[101.51373,-2.84335,0.0,null],[101.51501,-2.84287,0.0,null],[101.51748,-2.84351,0.0,null],[101.52067,-2.84718,0.0,null],[101.52497,-2.84925,0.0,null],[101.52808,-2.84878,0.0,null],[101.52951,-2.85149,0.0,null],[101.53979,-2.86281,0.0,null],[101.54139,-2.86552,0.0,null],[101.54665,-2.86935,0.0,null],[101.54888,-2.87174,0.0,null],[101.54888,-2.87285,0.0,null],[101.55318,-2.87445,0.0,null],[101.55908,-2.87541,0.0,null],[101.57128,-2.88067,0.0,null],[101.58228,-2.88322,0.0,null],[101.5971,-2.8912,0.0,null],[101.603,-2.88865,0.0,null],[101.61966,-2.89296,0.0,null],[101.62237,-2.89248,0.0,null],[101.62938,-2.88802,0.0,null],[101.63289,-2.88738,0.0,null],[101.63432,-2.88818,0.0,null],[101.64405,-2.89886,0.0,null],[101.64532,-2.89934,0.0,null],[101.6829,-2.90159,0.0,null],[101.68114,-2.89962,0.0,null],[101.68364,-2.89746,0.0,null],[101.68387,-2.8934,0.0,null],[101.68446,-2.89208,0.0,null],[101.68541,-2.89136,0.0,null],[101.68861,-2.89124,0.0,null],[101.69159,-2.88991,0.0,null],[101.69236,-2.88931,0.0,null],[101.69093,-2.888,0.0,null],[101.69105,-2.88728,0.0,null],[101.6933,-2.88561,0.0,null],[101.69461,-2.88536,0.0,null],[101.69508,-2.88452,0.0,null],[101.69245,-2.87831,0.0,null],[101.6928,-2.8764,0.0,null],[101.6934,-2.87604,0.0,null],[101.69614,-2.87866,0.0,null],[101.69697,-2.87854,0.0,null],[101.69768,-2.87747,0.0,null],[101.69732,-2.87472,0.0,null],[101.69779,-2.87424,0.0,null],[101.69934,-2.87435,0.0,null],[101.70041,-2.87339,0.0,null],[101.70136,-2.87578,0.0,null],[101.70232,-2.87542,0.0,null],[101.70421,-2.87362,0.0,null],[101.70515,-2.87015,0.0,null],[101.70693,-2.86836,0.0,null],[101.70705,-2.86728,0.0,null],[101.70586,-2.86681,0.0,null],[101.70586,-2.86477,0.0,null],[101.70454,-2.86239,0.0,null],[101.70554,-2.85987,0.0,null],[101.70483,-2.85653,0.0,null],[101.70648,-2.85413,0.0,null],[101.7066,-2.85282,0.0,null],[101.70541,-2.85019,0.0,null],[101.70541,-2.84899,0.0,null],[101.70872,-2.84743,0.0,null],[101.70944,-2.84647,0.0,null],[101.70919,-2.84002,0.0,null],[101.70882,-2.83846,0.0,null],[101.70716,-2.83751,0.0,null],[101.70811,-2.83548,0.0,null],[101.70692,-2.83428,0.0,null],[101.7062,-2.83225,0.0,null],[101.70049,-2.83035,0.0,null],[101.70042,-2.8282,0.0,null],[101.69804,-2.82414,0.0,null],[101.69743,-2.81996,0.0,null],[101.69647,-2.81901,0.0,null],[101.69637,-2.81782,0.0,null]]]}},{"type":"Feature","properties":{"inventoryId":"big-forestry-ha:8","sector":"PBPH","subtype":"IUPHHK-HA","quality":"OFFICIAL","sourceDataset":"big-forestry-ha","sourceRecordId":"8","source":"BIG Kebijakan Satu Peta","sourceUrl":"https://kspservices.big.go.id/satupeta/rest/services/PUBLIK/PERIZINAN_DAN_PERTANAHAN/MapServer/1","retrievedAt":"2026-08-31T08:53:33Z","geometryProcessing":"web display simplification tolerance 0.00035 degrees","name":"PT BHARA INDUK (d/h BRAJATAMA)","permitNumber":"SK.802/Kpts-VI/1999","permitDate":"1999-09-30","areaHa":47687.0,"provinceCode":"14","region":"sumatra"},"geometry":{"type":"Polygon","coordinates":[[[102.9627,0.07276,0.0,null],[102.92887,0.08193,0.0,null],[102.92789,0.08268,0.0,null],[102.92715,0.07995,0.0,null],[102.92552,0.07892,0.0,null],[102.92244,0.07547,0.0,null],[102.91893,0.07333,0.0,null],[102.91697,0.06995,0.0,null],[102.91286,0.06815,0.0,null],[102.91105,0.06446,0.0,null],[102.90943,0.06385,0.0,null],[102.90599,0.06439,0.0,null],[102.902,0.05992,0.0,null],[102.89835,0.05846,0.0,null],[102.89629,0.05579,0.0,null],[102.89467,0.05517,0.0,null],[102.89109,0.0564,0.0,null],[102.88974,0.05619,0.0,null],[102.88733,0.05384,0.0,null],[102.88183,0.0525,0.0,null],[102.87861,0.04979,0.0,null],[102.87442,0.04852,0.0,null],[102.87077,0.04573,0.0,null],[102.86534,0.0442,0.0,null],[102.85835,0.03928,0.0,null],[102.85778,0.03796,0.0,null],[102.85828,0.03514,0.0,null],[102.85706,0.03125,0.0,null],[102.85803,0.02914,0.0,null],[102.86068,0.02671,0.0,null],[102.8609,0.02495,0.0,null],[102.85583,0.01868,0.0,null],[102.8527,0.01633,0.0,null],[102.84954,0.0151,0.0,null],[102.84796,0.01334,0.0,null],[102.84558,0.00819,0.0,null],[102.84435,0.00215,0.0,null],[102.843,0.00353,0.0,null],[102.8418,0.00359,0.0,null],[102.83603,-0.00129,0.0,null],[102.83445,-0.00085,0.0,null],[102.8313,-0.002,0.0,null],[102.82945,-0.00336,0.0,null],[102.82393,-0.00474,0.0,null],[102.82276,-0.00649,0.0,null],[102.81516,-0.01136,0.0,null],[102.79282,-0.01417,0.0,null],[102.77742,-0.01953,0.0,null],[102.77677,-0.03855,0.0,null],[102.78143,-0.05387,0.0,null],[102.7869,-0.06212,0.0,null],[102.79018,-0.06447,0.0,null],[102.79158,-0.06777,0.0,null],[102.79429,-0.06732,0.0,null],[102.79414,-0.07124,0.0,null],[102.79655,-0.07229,0.0,null],[102.7973,-0.07365,0.0,null],[102.79971,-0.0741,0.0,null],[102.80092,-0.07545,0.0,null],[102.80092,-0.07741,0.0,null],[102.80167,-0.07847,0.0,null],[102.80273,-0.07847,0.0,null],[102.80399,-0.08084,0.0,null],[102.93653,-0.08038,0.0,null],[102.93713,-0.08333,0.0,null],[102.94018,-0.08365,0.0,null],[102.94532,-0.08648,0.0,null],[102.94972,-0.08779,0.0,null],[102.95059,-0.08872,0.0,null],[102.95164,-0.09184,0.0,null],[102.95345,-0.09285,0.0,null],[102.9548,-0.09206,0.0,null],[102.95723,-0.08918,0.0,null],[102.95959,-0.08364,0.0,null],[102.95941,-0.08248,0.0,null],[102.9545,-0.07778,0.0,null],[102.95511,-0.0756,0.0,null],[102.95832,-0.07487,0.0,null],[102.96144,-0.07658,0.0,null],[102.96271,-0.07836,0.0,null],[102.96322,-0.08466,0.0,null],[102.96527,-0.08507,0.0,null],[102.97321,-0.08019,0.0,null],[102.97434,-0.07268,0.0,null],[102.97569,-0.07174,0.0,null],[102.97812,-0.07251,0.0,null],[102.9807,-0.07653,0.0,null],[102.98075,-0.07897,0.0,null],[102.97919,-0.08095,0.0,null],[102.9781,-0.08378,0.0,null],[102.97834,-0.08498,0.0,null],[102.97951,-0.08561,0.0,null],[102.99289,-0.08429,0.0,null],[102.99417,-0.08272,0.0,null],[102.99585,-0.07628,0.0,null],[102.99671,-0.07569,0.0,null],[102.99849,-0.07566,0.0,null],[103.00263,-0.07826,0.0,null],[103.00335,-0.07971,0.0,null],[103.00311,-0.08202,0.0,null],[103.00059,-0.0849,0.0,null],[102.99947,-0.08721,0.0,null],[102.99985,-0.08834,0.0,null],[103.00116,-0.08935,0.0,null],[103.00356,-0.08971,0.0,null],[103.00972,-0.08824,0.0,null],[103.01393,-0.08035,0.0,null],[103.01616,-0.07983,0.0,null],[103.01816,-0.08134,0.0,null],[103.0195,-0.08455,0.0,null],[103.01892,-0.08683,0.0,null],[103.01492,-0.09087,0.0,null],[103.0146,-0.09256,0.0,null],[103.01573,-0.09452,0.0,null],[103.01793,-0.09534,0.0,null],[103.02515,-0.09476,0.0,null],[103.0284,-0.09351,0.0,null],[103.02992,-0.09147,0.0,null],[103.03109,-0.08863,0.0,null],[103.02976,-0.08529,0.0,null],[103.02541,-0.08111,0.0,null],[103.02541,-0.07928,0.0,null],[103.02658,-0.07811,0.0,null],[103.02926,-0.07744,0.0,null],[103.03426,-0.07944,0.0,null],[103.03661,-0.08178,0.0,null],[103.03661,-0.08379,0.0,null],[103.0341,-0.08796,0.0,null],[103.03376,-0.09089,0.0,null],[103.03467,-0.09229,0.0,null],[103.03636,-0.09284,0.0,null],[103.04117,-0.09149,0.0,null],[103.0476,-0.08761,0.0,null],[103.05428,-0.08893,0.0,null],[103.05618,-0.08849,0.0,null],[103.05711,-0.08782,0.0,null],[103.05811,-0.08578,0.0,null],[103.05789,-0.08159,0.0,null],[103.05836,-0.07969,0.0,null],[103.05956,-0.07866,0.0,null],[103.06126,-0.07832,0.0,null],[103.06499,-0.0795,0.0,null],[103.06841,-0.07934,0.0,null],[103.07109,-0.08129,0.0,null],[103.07156,-0.08398,0.0,null],[103.06932,-0.0873,0.0,null],[103.06873,-0.08934,0.0,null],[103.06908,-0.09067,0.0,null],[103.07026,-0.09179,0.0,null],[103.07247,-0.09216,0.0,null],[103.07829,-0.09096,0.0,null],[103.08202,-0.09232,0.0,null],[103.08393,-0.09231,0.0,null],[103.08618,-0.0912,0.0,null],[103.08873,-0.08671,0.0,null],[103.09133,-0.0858,0.0,null],[103.09335,-0.08601,0.0,null],[103.09502,-0.08708,0.0,null],[103.09642,-0.09001,0.0,null],[103.1091,-0.04918,0.0,null],[103.13163,-0.00315,0.0,null],[103.11597,0.00588,0.0,null],[103.11622,0.01452,0.0,null],[103.1184,0.01708,0.0,null],[103.02144,0.01495,0.0,null],[102.9627,0.07276,0.0,null]]]}},{"type":"Feature","properties":{"inventoryId":"big-forestry-ha:87","sector":"PBPH","subtype":"IUPHHK-HA","quality":"OFFICIAL","sourceDataset":"big-forestry-ha","sourceRecordId":"87","source":"BIG Kebijakan Satu Peta","sourceUrl":"https://kspservices.big.go.id/satupeta/rest/services/PUBLIK/PERIZINAN_DAN_PERTANAHAN/MapServer/1","retrievedAt":"2026-08-31T08:53:33Z","geometryProcessing":"web display simplification tolerance 0.00035 degrees","name":"PT DIAMOND RAYA TIMBER","permitNumber":"SK.5910/Menhut-VI/BUHA/2014","permitDate":"2014-09-24","areaHa":90956.0,"provinceCode":"14","region":"sumatra"},"geometry":{"type":"Polygon","coordinates":[[[101.06438,2.24262,0.0,null],[101.04535,2.24583,0.0,null],[101.04601,2.23905,0.0,null],[100.94419,2.26661,0.0,null],[100.93573,2.26645,0.0,null],[100.9085,2.25815,0.0,null],[100.91418,2.24337,0.0,null],[100.9059,2.23923,0.0,null],[100.89478,2.2552,0.0,null],[100.89046,2.25674,0.0,null],[100.87925,2.24833,0.0,null],[100.87455,2.24409,0.0,null],[100.87084,2.24205,0.0,null],[100.86839,2.23958,0.0,null],[100.86705,2.23475,0.0,null],[100.86515,2.23267,0.0,null],[100.86243,2.23395,0.0,null],[100.8395,2.20795,0.0,null],[100.85384,2.18466,0.0,null],[100.86076,2.17599,0.0,null],[100.89781,2.10518,0.0,null],[100.93019,2.04733,0.0,null],[100.95031,2.01909,0.0,null],[100.97467,1.96306,0.0,null],[100.99364,1.92335,0.0,null],[101.01876,1.87809,0.0,null],[101.02013,1.87602,0.0,null],[101.02237,1.87432,0.0,null],[101.02551,1.87332,0.0,null],[101.02794,1.86918,0.0,null],[101.02979,1.86897,0.0,null],[101.03549,1.86107,0.0,null],[101.03772,1.86119,0.0,null],[101.06045,1.87792,0.0,null],[101.12518,1.92876,0.0,null],[101.06213,1.9992,0.0,null],[101.12388,2.04884,0.0,null],[101.18151,2.09005,0.0,null],[101.20785,2.11009,0.0,null],[101.1978,2.11682,0.0,null],[101.17886,2.12734,0.0,null],[101.17794,2.12907,0.0,null],[101.16885,2.13707,0.0,null],[101.16753,2.13767,0.0,null],[101.167,2.1387,0.0,null],[101.15129,2.15326,0.0,null],[101.14425,2.15879,0.0,null],[101.13644,2.16619,0.0,null],[101.12368,2.17667,0.0,null],[101.10747,2.19104,0.0,null],[101.08885,2.2048,0.0,null],[101.08562,2.20772,0.0,null],[101.07944,2.21121,0.0,null],[101.07708,2.21321,0.0,null],[101.07116,2.22074,0.0,null],[101.06791,2.22706,0.0,null],[101.06701,2.23072,0.0,null],[101.06574,2.23065,0.0,null],[101.06528,2.23112,0.0,null],[101.06556,2.23241,0.0,null],[101.06661,2.23348,0.0,null],[101.06693,2.23646,0.0,null],[101.06677,2.23733,0.0,null],[101.06595,2.23718,0.0,null],[101.0656,2.23775,0.0,null],[101.06546,2.2405,0.0,null],[101.06417,2.24084,0.0,null],[101.06438,2.24262,0.0,null]]]}},{"type":"Feature","properties":{"inventoryId":"big-forestry-ha:167","sector":"PBPH","subtype":"IUPHHK-HA","quality":"OFFICIAL","sourceDataset":"big-forestry-ha","sourceRecordId":"167","source":"BIG Kebijakan Satu Peta","sourceUrl":"https://kspservices.big.go.id/satupeta/rest/services/PUBLIK/PERIZINAN_DAN_PERTANAHAN/MapServer/1","retrievedAt":"2026-08-31T08:53:33Z","geometryProcessing":"web display simplification tolerance 0.00035 degrees","name":"PT GUNUNG RAYA TIMBER","permitNumber":"SK.32/Menhut-II/2007","permitDate":"2007-01-22","areaHa":116920.0,"provinceCode":"12","region":"sumatra"},"geometry":{"type":"MultiPolygon","coordinates":[[[[98.17588,2.67221,0.0,null],[98.16995,2.67418,0.0,null],[98.15971,2.67622,0.0,null],[98.15434,2.67677,0.0,null],[98.1481,2.6766,0.0,null],[98.13441,2.67493,0.0,null],[98.13113,2.67396,0.0,null],[98.12942,2.67132,0.0,null],[98.12668,2.67038,0.0,null],[98.12242,2.67077,0.0,null],[98.11486,2.66624,0.0,null],[98.10852,2.65631,0.0,null],[98.10438,2.6483,0.0,null],[98.10654,2.6415,0.0,null],[98.10848,2.63155,0.0,null],[98.10755,2.63076,0.0,null],[98.10716,2.62919,0.0,null],[98.10693,2.62051,0.0,null],[98.10873,2.61863,0.0,null],[98.11125,2.61378,0.0,null],[98.11137,2.61097,0.0,null],[98.1106,2.608,0.0,null],[98.10912,2.60542,0.0,null],[98.10627,2.60428,0.0,null],[98.09514,2.60275,0.0,null],[98.09016,2.60382,0.0,null],[98.08795,2.60378,0.0,null],[98.08295,2.58521,0.0,null],[98.07993,2.57038,0.0,null],[98.08088,2.56914,0.0,null],[98.08082,2.56641,0.0,null],[98.07993,2.56387,0.0,null],[98.08383,2.56196,0.0,null],[98.08508,2.5583,0.0,null],[98.08501,2.55586,0.0,null],[98.08383,2.55236,0.0,null],[98.08479,2.54915,0.0,null],[98.08504,2.54468,0.0,null],[98.08469,2.54139,0.0,null],[98.08368,2.53858,0.0,null],[98.08342,2.53452,0.0,null],[98.08469,2.52712,0.0,null],[98.08268,2.5243,0.0,null],[98.08199,2.52199,0.0,null],[98.09181,2.50015,0.0,null],[98.1025,2.48424,0.0,null],[98.12714,2.45406,0.0,null],[98.16624,2.38821,0.0,null],[98.18002,2.36146,0.0,null],[98.18359,2.33423,0.0,null],[98.20074,2.34095,0.0,null],[98.21288,2.34387,0.0,null],[98.22822,2.34629,0.0,null],[98.23596,2.3468,0.0,null],[98.25474,2.34647,0.0,null],[98.25523,2.34793,0.0,null],[98.25607,2.3625,0.0,null],[98.2557,2.37762,0.0,null],[98.25732,2.38774,0.0,null],[98.25848,2.39129,0.0,null],[98.25846,2.39369,0.0,null],[98.25959,2.39587,0.0,null],[98.26044,2.40284,0.0,null],[98.25894,2.41036,0.0,null],[98.25405,2.41638,0.0,null],[98.25132,2.41536,0.0,null],[98.24794,2.41529,0.0,null],[98.24586,2.4159,0.0,null],[98.24394,2.4187,0.0,null],[98.23941,2.42123,0.0,null],[98.23882,2.42405,0.0,null],[98.23661,2.42455,0.0,null],[98.23548,2.42714,0.0,null],[98.23323,2.42791,0.0,null],[98.23264,2.43013,0.0,null],[98.23041,2.43107,0.0,null],[98.22974,2.43272,0.0,null],[98.22916,2.43215,0.0,null],[98.21117,2.46512,0.0,null],[98.20229,2.48618,0.0,null],[98.18761,2.48638,0.0,null],[98.17566,2.48739,0.0,null],[98.16662,2.48883,0.0,null],[98.16135,2.49191,0.0,null],[98.14911,2.50196,0.0,null],[98.13154,2.50916,0.0,null],[98.12708,2.51251,0.0,null],[98.12566,2.51536,0.0,null],[98.12579,2.51974,0.0,null],[98.12695,2.52354,0.0,null],[98.12592,2.52627,0.0,null],[98.12675,2.52851,0.0,null],[98.13042,2.53529,0.0,null],[98.13889,2.54429,0.0,null],[98.15689,2.55419,0.0,null],[98.18324,2.56568,0.0,null],[98.18541,2.56735,0.0,null],[98.18717,2.5696,0.0,null],[98.1869,2.57121,0.0,null],[98.18526,2.57182,0.0,null],[98.17941,2.57912,0.0,null],[98.17723,2.57968,0.0,null],[98.17503,2.58251,0.0,null],[98.17163,2.58516,0.0,null],[98.16469,2.58744,0.0,null],[98.16534,2.59036,0.0,null],[98.16706,2.59094,0.0,null],[98.16811,2.59432,0.0,null],[98.16591,2.5979,0.0,null],[98.16113,2.60179,0.0,null],[98.16156,2.60374,0.0,null],[98.16344,2.60552,0.0,null],[98.16296,2.60769,0.0,null],[98.16186,2.60888,0.0,null],[98.15559,2.61247,0.0,null],[98.14993,2.61202,0.0,null],[98.14703,2.61091,0.0,null],[98.14281,2.60814,0.0,null],[98.13944,2.60822,0.0,null],[98.13409,2.61131,0.0,null],[98.13259,2.61318,0.0,null],[98.13212,2.61495,0.0,null],[98.12792,2.61673,0.0,null],[98.12704,2.61941,0.0,null],[98.12249,2.62257,0.0,null],[98.12339,2.62417,0.0,null],[98.12516,2.6243,0.0,null],[98.1271,2.62546,0.0,null],[98.1286,2.62964,0.0,null],[98.13419,2.63226,0.0,null],[98.13728,2.63155,0.0,null],[98.13861,2.62996,0.0,null],[98.14137,2.62941,0.0,null],[98.14261,2.63057,0.0,null],[98.14455,2.63116,0.0,null],[98.14697,2.63563,0.0,null],[98.14958,2.63765,0.0,null],[98.15105,2.63972,0.0,null],[98.15645,2.64337,0.0,null],[98.18408,2.65492,0.0,null],[98.18999,2.65942,0.0,null],[98.19242,2.66253,0.0,null],[98.19309,2.66515,0.0,null],[98.17588,2.67221,0.0,null]],[[98.12249,2.58352,0.0,null],[98.12108,2.58726,0.0,null],[98.12099,2.59115,0.0,null],[98.12176,2.59233,0.0,null],[98.12638,2.59422,0.0,null],[98.12787,2.59938,0.0,null],[98.1298,2.6011,0.0,null],[98.13274,2.6024,0.0,null],[98.13858,2.6017,0.0,null],[98.14355,2.59794,0.0,null],[98.14549,2.59481,0.0,null],[98.148,2.58831,0.0,null],[98.14865,2.57825,0.0,null],[98.14356,2.57643,0.0,null],[98.14127,2.57625,0.0,null],[98.13274,2.58027,0.0,null],[98.12875,2.58144,0.0,null],[98.12405,2.58143,0.0,null],[98.12249,2.58352,0.0,null]],[[98.12341,2.48597,0.0,null],[98.11652,2.48899,0.0,null],[98.11382,2.49667,0.0,null],[98.11102,2.50253,0.0,null],[98.11153,2.5035,0.0,null],[98.11352,2.50466,0.0,null],[98.12183,2.50845,0.0,null],[98.12311,2.50703,0.0,null],[98.12487,2.50168,0.0,null],[98.12743,2.4976,0.0,null],[98.12861,2.49333,0.0,null],[98.13058,2.48992,0.0,null],[98.12833,2.48693,0.0,null],[98.12605,2.48548,0.0,null],[98.12341,2.48597,0.0,null]]],[[[98.38684,-0.00051,0.0,null],[98.38664,0.00146,0.0,null],[98.38442,0.00229,0.0,null],[98.38168,0.00204,0.0,null],[98.3765,-0.00017,0.0,null],[98.3709,-0.00147,0.0,null],[98.36239,-0.00227,0.0,null],[98.35958,-0.00195,0.0,null],[98.35422,0.00104,0.0,null],[98.35152,0.00171,0.0,null],[98.34856,0.00157,0.0,null],[98.34396,-0.00149,0.0,null],[98.3396,-0.0035,0.0,null],[98.33786,-0.00547,0.0,null],[98.3396,-0.03212,0.0,null],[98.34161,-0.03214,0.0,null],[98.34419,-0.03343,0.0,null],[98.35078,-0.0391,0.0,null],[98.35565,-0.04998,0.0,null],[98.35909,-0.05476,0.0,null],[98.36353,-0.05901,0.0,null],[98.36671,-0.0667,0.0,null],[98.3718,-0.08661,0.0,null],[98.37297,-0.08935,0.0,null],[98.37785,-0.09623,0.0,null],[98.38065,-0.10135,0.0,null],[98.38078,-0.10718,0.0,null],[98.3784,-0.10863,0.0,null],[98.37289,-0.10758,0.0,null],[98.37149,-0.1101,0.0,null],[98.37526,-0.11436,0.0,null],[98.38325,-0.11802,0.0,null],[98.38775,-0.12136,0.0,null],[98.39055,-0.12643,0.0,null],[98.39133,-0.12916,0.0,null],[98.3915,-0.13465,0.0,null],[98.39488,-0.13902,0.0,null],[98.39904,-0.14311,0.0,null],[98.40247,-0.14789,0.0,null],[98.40669,-0.15208,0.0,null],[98.41142,-0.15537,0.0,null],[98.41299,-0.15764,0.0,null],[98.41389,-0.16024,0.0,null],[98.4144,-0.16615,0.0,null],[98.41595,-0.16758,0.0,null],[98.42452,-0.17042,0.0,null],[98.42569,-0.17304,0.0,null],[98.42513,-0.17876,0.0,null],[98.42658,-0.18115,0.0,null],[98.4321,-0.18316,0.0,null],[98.43626,-0.18696,0.0,null],[98.43641,-0.18976,0.0,null],[98.4341,-0.19801,0.0,null],[98.43442,-0.20103,0.0,null],[98.43771,-0.20873,0.0,null],[98.43945,-0.21123,0.0,null],[98.44158,-0.2131,0.0,null],[98.44947,-0.21681,0.0,null],[98.45149,-0.21914,0.0,null],[98.4535,-0.22439,0.0,null],[98.45575,-0.22608,0.0,null],[98.45635,-0.22882,0.0,null],[98.47244,-0.24949,0.0,null],[98.47657,-0.25628,0.0,null],[98.47841,-0.26153,0.0,null],[98.49171,-0.27989,0.0,null],[98.49802,-0.28585,0.0,null],[98.50325,-0.28861,0.0,null],[98.50539,-0.29042,0.0,null],[98.50893,-0.29468,0.0,null],[98.50942,-0.29742,0.0,null],[98.50913,-0.31021,0.0,null],[98.51117,-0.31551,0.0,null],[98.51923,-0.3182,0.0,null],[98.5226,-0.32324,0.0,null],[98.52528,-0.3256,0.0,null],[98.52831,-0.33265,0.0,null],[98.52798,-0.34123,0.0,null],[98.52865,-0.34308,0.0,null],[98.52966,-0.34509,0.0,null],[98.53352,-0.34912,0.0,null],[98.53554,-0.3498,0.0,null],[98.53738,-0.35131,0.0,null],[98.53856,-0.36005,0.0,null],[98.54041,-0.36358,0.0,null],[98.54243,-0.36476,0.0,null],[98.5431,-0.3661,0.0,null],[98.54659,-0.37808,0.0,null],[98.5499,-0.38257,0.0,null],[98.55037,-0.38834,0.0,null],[98.55152,-0.39062,0.0,null],[98.55319,-0.39098,0.0,null],[98.55757,-0.38953,0.0,null],[98.55872,-0.38698,0.0,null],[98.55825,-0.38226,0.0,null],[98.55557,-0.3767,0.0,null],[98.54971,-0.3712,0.0,null],[98.54781,-0.36837,0.0,null],[98.54561,-0.36672,0.0,null],[98.5444,-0.36659,0.0,null],[98.54353,-0.36559,0.0,null],[98.54348,-0.36405,0.0,null],[98.54429,-0.36262,0.0,null],[98.54382,-0.35615,0.0,null],[98.54344,-0.35393,0.0,null],[98.54133,-0.35007,0.0,null],[98.54096,-0.34821,0.0,null],[98.54207,-0.34598,0.0,null],[98.54207,-0.34376,0.0,null],[98.53873,-0.33411,0.0,null],[98.53873,-0.33151,0.0,null],[98.53947,-0.3278,0.0,null],[98.54281,-0.32854,0.0,null],[98.5443,-0.3304,0.0,null],[98.54652,-0.33151,0.0,null],[98.54838,-0.33151,0.0,null],[98.54987,-0.33225,0.0,null],[98.55172,-0.33225,0.0,null],[98.55506,-0.33002,0.0,null],[98.55803,-0.32928,0.0,null],[98.56063,-0.32891,0.0,null],[98.5636,-0.32965,0.0,null],[98.56648,-0.32902,0.0,null],[98.5673,-0.32638,0.0,null],[98.56748,-0.32256,0.0,null],[98.56619,-0.31889,0.0,null],[98.56583,-0.31184,0.0,null],[98.56657,-0.30961,0.0,null],[98.56916,-0.30664,0.0,null],[98.56953,-0.30182,0.0,null],[98.56842,-0.29551,0.0,null],[98.56916,-0.29142,0.0,null],[98.57139,-0.28474,0.0,null],[98.57139,-0.28284,0.0,null],[98.56451,-0.27669,0.0,null],[98.56126,-0.27219,0.0,null],[98.55779,-0.26456,0.0,null],[98.55386,-0.26042,0.0,null],[98.55094,-0.25569,0.0,null],[98.54723,-0.25143,0.0,null],[98.54037,-0.24611,0.0,null],[98.52563,-0.23793,0.0,null],[98.51859,-0.23312,0.0,null],[98.51049,-0.23055,0.0,null],[98.50713,-0.22618,0.0,null],[98.50501,-0.22082,0.0,null],[98.50349,-0.21849,0.0,null],[98.50142,-0.21644,0.0,null],[98.49191,-0.2104,0.0,null],[98.49096,-0.20777,0.0,null],[98.49256,-0.20228,0.0,null],[98.49187,-0.19617,0.0,null],[98.49243,-0.19073,0.0,null],[98.49211,-0.18794,0.0,null],[98.49031,-0.18669,0.0,null],[98.48933,-0.18729,0.0,null],[98.48891,-0.18693,0.0,null],[98.4902,-0.18606,0.0,null],[98.48592,-0.18192,0.0,null],[98.4847,-0.1793,0.0,null],[98.48162,-0.1711,0.0,null],[98.48113,-0.16836,0.0,null],[98.48107,-0.16644,0.0,null],[98.48185,-0.16564,0.0,null],[98.48277,-0.16234,0.0,null],[98.48165,-0.16141,0.0,null],[98.47998,-0.1616,0.0,null],[98.47757,-0.15881,0.0,null],[98.47572,-0.14852,0.0,null],[98.4753,-0.14848,0.0,null],[98.47775,-0.14285,0.0,null],[98.48351,-0.13859,0.0,null],[98.48351,-0.13729,0.0,null],[98.48203,-0.13692,0.0,null],[98.48072,-0.13729,0.0,null],[98.47967,-0.13581,0.0,null],[98.48221,-0.12986,0.0,null],[98.48183,-0.12504,0.0,null],[98.47831,-0.12281,0.0,null],[98.47701,-0.12151,0.0,null],[98.47646,-0.11984,0.0,null],[98.46792,-0.11168,0.0,null],[98.46662,-0.10815,0.0,null],[98.46643,-0.10388,0.0,null],[98.46718,-0.09516,0.0,null],[98.46645,-0.09393,0.0,null],[98.46194,-0.09212,0.0,null],[98.45773,-0.08856,0.0,null],[98.45352,-0.08338,0.0,null],[98.45094,-0.08209,0.0,null],[98.44187,-0.07108,0.0,null],[98.44187,-0.06558,0.0,null],[98.44122,-0.06234,0.0,null],[98.43766,-0.05943,0.0,null],[98.43346,-0.05133,0.0,null],[98.42633,-0.04227,0.0,null],[98.42278,-0.03903,0.0,null],[98.41856,-0.03838,0.0,null],[98.41565,-0.03677,0.0,null],[98.415,-0.029,0.0,null],[98.41274,-0.0222,0.0,null],[98.41274,-0.01896,0.0,null],[98.41598,-0.00763,0.0,null],[98.41435,-0.0044,0.0,null],[98.41177,-0.00407,0.0,null],[98.40756,-0.00537,0.0,null],[98.40238,-0.01184,0.0,null],[98.39947,-0.01443,0.0,null],[98.39687,-0.0154,0.0,null],[98.39331,-0.01475,0.0,null],[98.39234,-0.0099,0.0,null],[98.39105,-0.00893,0.0,null],[98.38781,-0.00375,0.0,null],[98.38684,-0.00051,0.0,null]]],[[[98.62029,0.17019,0.0,null],[98.61123,0.17709,0.0,null],[98.60849,0.17747,0.0,null],[98.59992,0.1753,0.0,null],[98.58984,0.17067,0.0,null],[98.58421,0.16983,0.0,null],[98.57033,0.16899,0.0,null],[98.56778,0.16795,0.0,null],[98.56564,0.16616,0.0,null],[98.56017,0.15973,0.0,null],[98.55791,0.15806,0.0,null],[98.5527,0.15562,0.0,null],[98.54649,0.1501,0.0,null],[98.54079,0.14673,0.0,null],[98.53916,0.10262,0.0,null],[98.54778,0.10146,0.0,null],[98.55019,0.09988,0.0,null],[98.55415,0.09585,0.0,null],[98.55695,0.09501,0.0,null],[98.55971,0.09563,0.0,null],[98.56472,0.09791,0.0,null],[98.56773,0.09834,0.0,null],[98.57301,0.09837,0.0,null],[98.58418,0.09725,0.0,null],[98.59553,0.09453,0.0,null],[98.59843,0.09478,0.0,null],[98.60376,0.0967,0.0,null],[98.60667,0.09655,0.0,null],[98.61884,0.0896,0.0,null],[98.62711,0.08783,0.0,null],[98.63437,0.08394,0.0,null],[98.64794,0.08198,0.0,null],[98.65258,0.0787,0.0,null],[98.65777,0.07656,0.0,null],[98.66335,0.07683,0.0,null],[98.67326,0.08186,0.0,null],[98.6812,0.07895,0.0,null],[98.69001,0.07943,0.0,null],[98.69171,0.0918,0.0,null],[98.72691,0.09241,0.0,null],[98.7258,0.07774,0.0,null],[98.73125,0.07575,0.0,null],[98.73391,0.07662,0.0,null],[98.73867,0.07962,0.0,null],[98.74156,0.08044,0.0,null],[98.75013,0.07984,0.0,null],[98.74729,0.09504,0.0,null],[98.74155,0.11847,0.0,null],[98.73637,0.14533,0.0,null],[98.73528,0.15468,0.0,null],[98.71869,0.15385,0.0,null],[98.71462,0.15429,0.0,null],[98.70953,0.16137,0.0,null],[98.70818,0.17249,0.0,null],[98.70677,0.17289,0.0,null],[98.7043,0.1726,0.0,null],[98.70052,0.17071,0.0,null],[98.68686,0.16781,0.0,null],[98.68206,0.16592,0.0,null],[98.6631,0.16733,0.0,null],[98.65857,0.17073,0.0,null],[98.65601,0.17168,0.0,null],[98.64485,0.17109,0.0,null],[98.63364,0.17193,0.0,null],[98.63101,0.17271,0.0,null],[98.62823,0.17252,0.0,null],[98.62325,0.16986,0.0,null],[98.62029,0.17019,0.0,null]]],[[[98.35146,2.67038,0.0,null],[98.34568,2.67231,0.0,null],[98.34557,2.66682,0.0,null],[98.33702,2.6511,0.0,null],[98.33308,2.65149,0.0,null],[98.34068,2.64468,0.0,null],[98.34393,2.6402,0.0,null],[98.34656,2.63378,0.0,null],[98.34695,2.62847,0.0,null],[98.34646,2.62613,0.0,null],[98.34711,2.62356,0.0,null],[98.34885,2.6209,0.0,null],[98.35352,2.6178,0.0,null],[98.36323,2.61286,0.0,null],[98.36389,2.60916,0.0,null],[98.36758,2.59989,0.0,null],[98.37151,2.59536,0.0,null],[98.37932,2.58058,0.0,null],[98.38281,2.56121,0.0,null],[98.3828,2.55618,0.0,null],[98.38474,2.55677,0.0,null],[98.38726,2.55622,0.0,null],[98.39149,2.55638,0.0,null],[98.39634,2.55802,0.0,null],[98.3992,2.55833,0.0,null],[98.40201,2.55778,0.0,null],[98.40739,2.55167,0.0,null],[98.40936,2.54792,0.0,null],[98.41006,2.53999,0.0,null],[98.4091,2.53302,0.0,null],[98.40794,2.52878,0.0,null],[98.40733,2.52706,0.0,null],[98.40561,2.52544,0.0,null],[98.43085,2.47495,0.0,null],[98.47075,2.43834,0.0,null],[98.4514,2.42547,0.0,null],[98.46246,2.39045,0.0,null],[98.4819,2.38227,0.0,null],[98.51745,2.46019,0.0,null],[98.51249,2.46018,0.0,null],[98.51239,2.46676,0.0,null],[98.50076,2.46677,0.0,null],[98.50077,2.46442,0.0,null],[98.49194,2.46441,0.0,null],[98.49193,2.4588,0.0,null],[98.4858,2.4588,0.0,null],[98.4858,2.46074,0.0,null],[98.48201,2.46074,0.0,null],[98.482,2.47025,0.0,null],[98.4748,2.47025,0.0,null],[98.47479,2.49604,0.0,null],[98.51168,2.4967,0.0,null],[98.51146,2.52023,0.0,null],[98.45748,2.5202,0.0,null],[98.45758,2.55818,0.0,null],[98.42251,2.55788,0.0,null],[98.42269,2.59337,0.0,null],[98.42768,2.59355,0.0,null],[98.4247,2.60771,0.0,null],[98.41655,2.60768,0.0,null],[98.41632,2.60229,0.0,null],[98.39886,2.60221,0.0,null],[98.39872,2.61155,0.0,null],[98.39402,2.6119,0.0,null],[98.39415,2.61741,0.0,null],[98.40549,2.61718,0.0,null],[98.4124,2.61579,0.0,null],[98.41384,2.6187,0.0,null],[98.41676,2.6197,0.0,null],[98.41784,2.61778,0.0,null],[98.42242,2.61777,0.0,null],[98.42057,2.62755,0.0,null],[98.41523,2.64889,0.0,null],[98.35146,2.67038,0.0,null]]],[[[98.42824,-0.25204,0.0,null],[98.42469,-0.24967,0.0,null],[98.42422,-0.24637,0.0,null],[98.41943,-0.24326,0.0,null],[98.41669,-0.24294,0.0,null],[98.41644,-0.24574,0.0,null],[98.41952,-0.25057,0.0,null],[98.42622,-0.25584,0.0,null],[98.42722,-0.25846,0.0,null],[98.42739,-0.26395,0.0,null],[98.42851,-0.26645,0.0,null],[98.43221,-0.27066,0.0,null],[98.43482,-0.27881,0.0,null],[98.44214,-0.28338,0.0,null],[98.44341,-0.28921,0.0,null],[98.44407,-0.29917,0.0,null],[98.44522,-0.30173,0.0,null],[98.46599,-0.32518,0.0,null],[98.46777,-0.39726,0.0,null],[98.47259,-0.50947,0.0,null],[98.48261,-0.51036,0.0,null],[98.48693,-0.50478,0.0,null],[98.49044,-0.50303,0.0,null],[98.5017,-0.49564,0.0,null],[98.50381,-0.49097,0.0,null],[98.50636,-0.47443,0.0,null],[98.50188,-0.45206,0.0,null],[98.50285,-0.44657,0.0,null],[98.50602,-0.43889,0.0,null],[98.50488,-0.43341,0.0,null],[98.50542,-0.42858,0.0,null],[98.50805,-0.42579,0.0,null],[98.50939,-0.42332,0.0,null],[98.50956,-0.41778,0.0,null],[98.50847,-0.41201,0.0,null],[98.50673,-0.40985,0.0,null],[98.49986,-0.40493,0.0,null],[98.49793,-0.40276,0.0,null],[98.49657,-0.39923,0.0,null],[98.49703,-0.39308,0.0,null],[98.49828,-0.38943,0.0,null],[98.49987,-0.38807,0.0,null],[98.5042,-0.38727,0.0,null],[98.50681,-0.38795,0.0,null],[98.50966,-0.38955,0.0,null],[98.51148,-0.38921,0.0,null],[98.51319,-0.38727,0.0,null],[98.51365,-0.38543,0.0,null],[98.51112,-0.38285,0.0,null],[98.51091,-0.37999,0.0,null],[98.5089,-0.37446,0.0,null],[98.50945,-0.37172,0.0,null],[98.51149,-0.36987,0.0,null],[98.51435,-0.37002,0.0,null],[98.51703,-0.36932,0.0,null],[98.51913,-0.36753,0.0,null],[98.52007,-0.36495,0.0,null],[98.52021,-0.36209,0.0,null],[98.51878,-0.35662,0.0,null],[98.51068,-0.34885,0.0,null],[98.50393,-0.34392,0.0,null],[98.5005,-0.3392,0.0,null],[98.49896,-0.33384,0.0,null],[98.49811,-0.32533,0.0,null],[98.49728,-0.32271,0.0,null],[98.49526,-0.32084,0.0,null],[98.49278,-0.3196,0.0,null],[98.49094,-0.31756,0.0,null],[98.48909,-0.30603,0.0,null],[98.48814,-0.30318,0.0,null],[98.48465,-0.29869,0.0,null],[98.48119,-0.29546,0.0,null],[98.4797,-0.29497,0.0,null],[98.47972,-0.29395,0.0,null],[98.47593,-0.29095,0.0,null],[98.47584,-0.29008,0.0,null],[98.47216,-0.28672,0.0,null],[98.46463,-0.27791,0.0,null],[98.45805,-0.26824,0.0,null],[98.45113,-0.26344,0.0,null],[98.44917,-0.26151,0.0,null],[98.44872,-0.25898,0.0,null],[98.44695,-0.258,0.0,null],[98.4472,-0.25744,0.0,null],[98.44862,-0.25806,0.0,null],[98.44645,-0.25504,0.0,null],[98.44859,-0.25705,0.0,null],[98.44816,-0.25317,0.0,null],[98.44682,-0.25078,0.0,null],[98.44193,-0.24824,0.0,null],[98.43911,-0.24786,0.0,null],[98.43393,-0.24979,0.0,null],[98.4315,-0.25234,0.0,null],[98.42824,-0.25204,0.0,null]]],[[[98.54605,2.68318,0.0,null],[98.54132,2.70563,0.0,null],[98.53284,2.71998,0.0,null],[98.52949,2.72728,0.0,null],[98.52401,2.74395,0.0,null],[98.50746,2.75151,0.0,null],[98.48866,2.7623,0.0,null],[98.48468,2.76546,0.0,null],[98.48294,2.76622,0.0,null],[98.46701,2.68533,0.0,null],[98.46966,2.68312,0.0,null],[98.47127,2.68257,0.0,null],[98.48031,2.68174,0.0,null],[98.48473,2.67949,0.0,null],[98.48819,2.67707,0.0,null],[98.49236,2.671,0.0,null],[98.4951,2.65966,0.0,null],[98.49512,2.65704,0.0,null],[98.4948,2.65504,0.0,null],[98.49361,2.65331,0.0,null],[98.49153,2.65257,0.0,null],[98.49821,2.64706,0.0,null],[98.49961,2.63647,0.0,null],[98.50424,2.63674,0.0,null],[98.50751,2.6358,0.0,null],[98.51377,2.6352,0.0,null],[98.5155,2.63159,0.0,null],[98.52145,2.63062,0.0,null],[98.52261,2.62994,0.0,null],[98.52936,2.62995,0.0,null],[98.53835,2.62911,0.0,null],[98.54599,2.63112,0.0,null],[98.55134,2.63397,0.0,null],[98.55259,2.63529,0.0,null],[98.54739,2.66109,0.0,null],[98.5471,2.67173,0.0,null],[98.54605,2.68318,0.0,null]]],[[[99.37153,0.57526,0.0,null],[99.37749,0.57744,0.0,null],[99.38344,0.581,0.0,null],[99.3862,0.58363,0.0,null],[99.38647,0.58896,0.0,null],[99.37817,0.5975,0.0,null],[99.37332,0.60513,0.0,null],[99.36819,0.61568,0.0,null],[99.36661,0.62589,0.0,null],[99.36901,0.64175,0.0,null],[99.37384,0.65542,0.0,null],[99.38237,0.67003,0.0,null],[99.38076,0.67097,0.0,null],[99.37451,0.66809,0.0,null],[99.37106,0.66544,0.0,null],[99.36001,0.65909,0.0,null],[99.35506,0.65372,0.0,null],[99.35165,0.64105,0.0,null],[99.34848,0.63531,0.0,null],[99.35234,0.63327,0.0,null],[99.35601,0.63226,0.0,null],[99.35831,0.63082,0.0,null],[99.3607,0.62783,0.0,null],[99.36072,0.6264,0.0,null],[99.35842,0.62349,0.0,null],[99.35553,0.6216,0.0,null],[99.34402,0.6197,0.0,null],[99.34107,0.61793,0.0,null],[99.33809,0.61471,0.0,null],[99.33712,0.61074,0.0,null],[99.34948,0.58265,0.0,null],[99.35394,0.57839,0.0,null],[99.35849,0.5755,0.0,null],[99.36514,0.57455,0.0,null],[99.37153,0.57526,0.0,null]]]]}},{"type":"Feature","properties":{"inventoryId":"big-forestry-ha:166","sector":"PBPH","subtype":"IUPHHK-HA","quality":"OFFICIAL","sourceDataset":"big-forestry-ha","sourceRecordId":"166","source":"BIG Kebijakan Satu Peta","sourceUrl":"https://kspservices.big.go.id/satupeta/rest/services/PUBLIK/PERIZINAN_DAN_PERTANAHAN/MapServer/1","retrievedAt":"2026-08-31T08:53:33Z","geometryProcessing":"web display simplification tolerance 0.00035 degrees","name":"PT LAMURI TIMBER","permitNumber":"SK.863/Kpts-VI/1999","permitDate":"1999-10-12","areaHa":44400.0,"provinceCode":"11","region":"sumatra"},"geometry":{"type":"Polygon","coordinates":[[[96.06196,4.68135,0.0,null],[96.06089,4.70004,0.0,null],[96.04873,4.6838,0.0,null],[96.04041,4.67825,0.0,null],[96.0365,4.69042,0.0,null],[96.04439,4.7287,0.0,null],[96.04465,4.74764,0.0,null],[96.05632,4.76999,0.0,null],[96.05697,4.81441,0.0,null],[95.99722,4.89837,0.0,null],[95.94407,4.89955,0.0,null],[95.94924,4.86818,0.0,null],[95.95358,4.85411,0.0,null],[95.94765,4.83885,0.0,null],[95.93353,4.85287,0.0,null],[95.93124,4.87043,0.0,null],[95.92374,4.87692,0.0,null],[95.90547,4.85809,0.0,null],[95.8959,4.86282,0.0,null],[95.88012,4.88036,0.0,null],[95.87267,4.87315,0.0,null],[95.87368,4.85627,0.0,null],[95.87275,4.84616,0.0,null],[95.87545,4.83324,0.0,null],[95.88083,4.82695,0.0,null],[95.89118,4.81973,0.0,null],[95.9078,4.80543,0.0,null],[95.9083,4.80034,0.0,null],[95.9015,4.79474,0.0,null],[95.8928,4.79402,0.0,null],[95.88217,4.80119,0.0,null],[95.87188,4.8184,0.0,null],[95.8659,4.82253,0.0,null],[95.86239,4.82871,0.0,null],[95.85992,4.83942,0.0,null],[95.85343,4.84521,0.0,null],[95.84304,4.86353,0.0,null],[95.82761,4.87685,0.0,null],[95.78798,4.90341,0.0,null],[95.81698,4.82609,0.0,null],[95.82787,4.81329,0.0,null],[95.84286,4.78258,0.0,null],[95.86652,4.75484,0.0,null],[95.87346,4.73401,0.0,null],[95.88932,4.71324,0.0,null],[95.89629,4.68788,0.0,null],[95.96375,4.68866,0.0,null],[95.96296,4.66323,0.0,null],[96.01061,4.66268,0.0,null],[96.06268,4.66122,0.0,null],[96.06196,4.68135,0.0,null]]]}},{"type":"Feature","properties":{"inventoryId":"big-forestry-ha:106","sector":"PBPH","subtype":"IUPHHK-HA","quality":"OFFICIAL","sourceDataset":"big-forestry-ha","sourceRecordId":"106","source":"BIG Kebijakan Satu Peta","sourceUrl":"https://kspservices.big.go.id/satupeta/rest/services/PUBLIK/PERIZINAN_DAN_PERTANAHAN/MapServer/1","retrievedAt":"2026-08-31T08:53:33Z","geometryProcessing":"web display simplification tolerance 0.00035 degrees","name":"PT MINAS PAGAI LUMBER","permitNumber":"SK.502/Menhut-II/2013","permitDate":"2013-07-18","areaHa":78000.0,"provinceCode":"13","region":"sumatra"},"geometry":{"type":"MultiPolygon","coordinates":[[[[100.26296,-2.86755,0.0,null],[100.26104,-2.8659,0.0,null],[100.25988,-2.86563,0.0,null],[100.26126,-2.86262,0.0,null],[100.26207,-2.862,0.0,null],[100.26204,-2.86041,0.0,null],[100.26118,-2.85972,0.0,null],[100.25317,-2.84636,0.0,null],[100.24928,-2.84164,0.0,null],[100.2344,-2.81966,0.0,null],[100.22993,-2.81391,0.0,null],[100.22485,-2.80947,0.0,null],[100.21695,-2.80724,0.0,null],[100.19823,-2.80472,0.0,null],[100.19684,-2.8049,0.0,null],[100.19488,-2.80609,0.0,null],[100.19226,-2.80984,0.0,null],[100.19128,-2.81815,0.0,null],[100.19692,-2.84822,0.0,null],[100.20468,-2.87002,0.0,null],[100.20533,-2.874,0.0,null],[100.20946,-2.91754,0.0,null],[100.21287,-2.94004,0.0,null],[100.21358,-2.9428,0.0,null],[100.22338,-2.96447,0.0,null],[100.22948,-2.98537,0.0,null],[100.2331,-2.99392,0.0,null],[100.23719,-2.99442,0.0,null],[100.2518,-2.9944,0.0,null],[100.2491,-2.99287,0.0,null],[100.24696,-2.98973,0.0,null],[100.24485,-2.98822,0.0,null],[100.24039,-2.98761,0.0,null],[100.23813,-2.98637,0.0,null],[100.23582,-2.9812,0.0,null],[100.23531,-2.97467,0.0,null],[100.23799,-2.9666,0.0,null],[100.24505,-2.952,0.0,null],[100.24919,-2.94701,0.0,null],[100.25147,-2.94609,0.0,null],[100.25408,-2.94616,0.0,null],[100.25569,-2.94692,0.0,null],[100.26187,-2.951,0.0,null],[100.26671,-2.953,0.0,null],[100.26813,-2.95415,0.0,null],[100.27088,-2.95883,0.0,null],[100.27156,-2.96129,0.0,null],[100.27121,-2.96356,0.0,null],[100.26911,-2.96686,0.0,null],[100.26471,-2.97053,0.0,null],[100.26146,-2.97433,0.0,null],[100.25884,-2.9795,0.0,null],[100.28876,-2.97967,0.0,null],[100.29396,-2.97922,0.0,null],[100.29599,-2.97777,0.0,null],[100.29923,-2.99175,0.0,null],[100.29996,-2.99275,0.0,null],[100.30339,-2.99448,0.0,null],[100.30502,-2.99602,0.0,null],[100.30659,-2.99949,0.0,null],[100.30599,-3.00063,0.0,null],[100.30203,-3.00282,0.0,null],[100.30556,-3.01397,0.0,null],[100.30958,-3.01769,0.0,null],[100.31401,-3.02766,0.0,null],[100.31917,-3.03591,0.0,null],[100.32999,-3.04927,0.0,null],[100.34936,-3.05123,0.0,null],[100.35271,-3.05394,0.0,null],[100.35449,-3.05738,0.0,null],[100.34855,-3.06146,0.0,null],[100.34404,-3.05858,0.0,null],[100.33864,-3.05714,0.0,null],[100.33275,-3.0573,0.0,null],[100.32829,-3.05691,0.0,null],[100.3263,-3.05616,0.0,null],[100.32398,-3.05513,0.0,null],[100.31675,-3.04591,0.0,null],[100.30892,-3.03951,0.0,null],[100.30596,-3.02962,0.0,null],[100.29957,-3.02072,0.0,null],[100.29608,-3.01349,0.0,null],[100.29252,-3.00787,0.0,null],[100.29231,-3.00156,0.0,null],[100.28937,-2.99665,0.0,null],[100.28891,-2.98994,0.0,null],[100.28778,-2.98815,0.0,null],[100.28401,-2.9883,0.0,null],[100.27911,-2.98965,0.0,null],[100.27951,-2.99318,0.0,null],[100.27848,-2.99622,0.0,null],[100.27942,-3.00154,0.0,null],[100.27343,-3.0017,0.0,null],[100.2703,-3.00095,0.0,null],[100.26793,-3.0015,0.0,null],[100.23487,-3.00165,0.0,null],[100.23609,-3.00627,0.0,null],[100.24269,-3.01857,0.0,null],[100.25369,-3.03428,0.0,null],[100.26175,-3.04203,0.0,null],[100.2773,-3.05278,0.0,null],[100.29296,-3.06539,0.0,null],[100.32497,-3.09574,0.0,null],[100.32695,-3.09844,0.0,null],[100.3328,-3.11092,0.0,null],[100.33561,-3.11522,0.0,null],[100.3438,-3.12426,0.0,null],[100.34861,-3.13148,0.0,null],[100.35003,-3.13501,0.0,null],[100.35151,-3.15283,0.0,null],[100.35433,-3.14733,0.0,null],[100.35582,-3.14138,0.0,null],[100.35606,-3.12066,0.0,null],[100.36146,-3.12099,0.0,null],[100.36185,-3.14029,0.0,null],[100.35517,-3.15788,0.0,null],[100.35721,-3.15653,0.0,null],[100.35868,-3.15627,0.0,null],[100.36181,-3.15652,0.0,null],[100.3689,-3.15882,0.0,null],[100.37331,-3.15522,0.0,null],[100.37605,-3.15221,0.0,null],[100.3807,-3.14341,0.0,null],[100.38833,-3.13375,0.0,null],[100.3909,-3.1308,0.0,null],[100.39995,-3.12268,0.0,null],[100.40423,-3.12037,0.0,null],[100.41044,-3.11855,0.0,null],[100.41575,-3.11887,0.0,null],[100.42027,-3.11821,0.0,null],[100.42321,-3.11599,0.0,null],[100.42483,-3.11262,0.0,null],[100.42798,-3.10388,0.0,null],[100.43358,-3.08509,0.0,null],[100.43607,-3.07567,0.0,null],[100.43766,-3.06669,0.0,null],[100.4391,-3.05028,0.0,null],[100.4383,-3.02033,0.0,null],[100.43725,-3.01651,0.0,null],[100.43192,-3.00695,0.0,null],[100.42927,-3.00318,0.0,null],[100.42684,-3.00121,0.0,null],[100.41262,-2.99557,0.0,null],[100.40921,-2.99286,0.0,null],[100.40174,-2.9846,0.0,null],[100.40101,-2.98592,0.0,null],[100.39755,-2.98633,0.0,null],[100.39521,-2.98303,0.0,null],[100.39417,-2.98245,0.0,null],[100.39215,-2.9829,0.0,null],[100.39143,-2.98069,0.0,null],[100.38936,-2.9811,0.0,null],[100.38882,-2.9806,0.0,null],[100.38265,-2.97198,0.0,null],[100.3883,-2.96855,0.0,null],[100.38502,-2.96323,0.0,null],[100.3794,-2.95718,0.0,null],[100.36988,-2.96083,0.0,null],[100.36935,-2.9604,0.0,null],[100.36321,-2.94958,0.0,null],[100.3557,-2.94292,0.0,null],[100.34825,-2.93509,0.0,null],[100.34604,-2.93363,0.0,null],[100.32342,-2.91341,0.0,null],[100.32765,-2.91016,0.0,null],[100.3264,-2.9084,0.0,null],[100.32792,-2.90813,0.0,null],[100.32893,-2.90908,0.0,null],[100.32984,-2.90846,0.0,null],[100.33051,-2.90693,0.0,null],[100.31021,-2.89012,0.0,null],[100.30501,-2.88507,0.0,null],[100.30172,-2.88267,0.0,null],[100.30077,-2.88492,0.0,null],[100.30109,-2.88872,0.0,null],[100.29517,-2.8833,0.0,null],[100.27379,-2.87504,0.0,null],[100.27035,-2.87309,0.0,null],[100.26296,-2.86755,0.0,null]],[[100.22978,-2.93681,0.0,null],[100.22767,-2.93454,0.0,null],[100.22487,-2.93347,0.0,null],[100.22267,-2.92762,0.0,null],[100.22121,-2.92542,0.0,null],[100.22086,-2.91789,0.0,null],[100.21963,-2.91444,0.0,null],[100.22046,-2.91286,0.0,null],[100.22002,-2.91226,0.0,null],[100.21972,-2.90697,0.0,null],[100.22089,-2.9069,0.0,null],[100.22564,-2.90469,0.0,null],[100.23121,-2.90523,0.0,null],[100.23147,-2.91661,0.0,null],[100.23223,-2.92169,0.0,null],[100.2334,-2.92607,0.0,null],[100.23659,-2.93102,0.0,null],[100.23005,-2.93745,0.0,null],[100.22978,-2.93681,0.0,null]]],[[[100.05207,-2.58573,0.0,null],[100.0474,-2.58014,0.0,null],[100.03848,-2.5719,0.0,null],[100.02607,-2.55827,0.0,null],[100.02707,-2.5575,0.0,null],[100.03296,-2.55588,0.0,null],[100.02779,-2.55011,0.0,null],[100.02005,-2.53999,0.0,null],[100.01823,-2.53581,0.0,null],[100.0181,-2.532,0.0,null],[100.0165,-2.53004,0.0,null],[100.01299,-2.52675,0.0,null],[100.00932,-2.5259,0.0,null],[99.98954,-2.52365,0.0,null],[99.98157,-2.52529,0.0,null],[99.97983,-2.52978,0.0,null],[99.97983,-2.55731,0.0,null],[99.97881,-2.58504,0.0,null],[99.97834,-2.58653,0.0,null],[99.97374,-2.58355,0.0,null],[99.97232,-2.58159,0.0,null],[99.96625,-2.57801,0.0,null],[99.96423,-2.5781,0.0,null],[99.9646,-2.58072,0.0,null],[99.96644,-2.58144,0.0,null],[99.9665,-2.58323,0.0,null],[99.96739,-2.58341,0.0,null],[99.96913,-2.58561,0.0,null],[99.97246,-2.58751,0.0,null],[99.97382,-2.58932,0.0,null],[99.97994,-2.59281,0.0,null],[99.97996,-2.59354,0.0,null],[99.98131,-2.59477,0.0,null],[99.9828,-2.59513,0.0,null],[99.98944,-2.60022,0.0,null],[99.99345,-2.60661,0.0,null],[99.99541,-2.60238,0.0,null],[100.0001,-2.59754,0.0,null],[100.00022,-2.62012,0.0,null],[99.9951,-2.62025,0.0,null],[99.99535,-2.62392,0.0,null],[99.9959,-2.62637,0.0,null],[100.00086,-2.638,0.0,null],[100.00717,-2.64968,0.0,null],[100.01723,-2.66387,0.0,null],[100.02442,-2.67232,0.0,null],[100.02562,-2.67608,0.0,null],[100.02561,-2.68113,0.0,null],[100.02407,-2.69215,0.0,null],[100.02247,-2.69754,0.0,null],[100.02199,-2.70422,0.0,null],[100.0227,-2.70816,0.0,null],[100.02776,-2.70481,0.0,null],[100.02963,-2.70467,0.0,null],[100.03435,-2.70545,0.0,null],[100.03736,-2.70737,0.0,null],[100.03737,-2.71289,0.0,null],[100.03931,-2.719,0.0,null],[100.03902,-2.72088,0.0,null],[100.0375,-2.72215,0.0,null],[100.03507,-2.72144,0.0,null],[100.03397,-2.71939,0.0,null],[100.03158,-2.71862,0.0,null],[100.02996,-2.71709,0.0,null],[100.02667,-2.71634,0.0,null],[100.02426,-2.71476,0.0,null],[100.02701,-2.72049,0.0,null],[100.0292,-2.72685,0.0,null],[100.03174,-2.73822,0.0,null],[100.03778,-2.73987,0.0,null],[100.03917,-2.74159,0.0,null],[100.04493,-2.74472,0.0,null],[100.06176,-2.75886,0.0,null],[100.06284,-2.76038,0.0,null],[100.06567,-2.76245,0.0,null],[100.06725,-2.76759,0.0,null],[100.07504,-2.77768,0.0,null],[100.0828,-2.77757,0.0,null],[100.08735,-2.77925,0.0,null],[100.08966,-2.78113,0.0,null],[100.09186,-2.78421,0.0,null],[100.09613,-2.78647,0.0,null],[100.10013,-2.79223,0.0,null],[100.1018,-2.79329,0.0,null],[100.10627,-2.79478,0.0,null],[100.11906,-2.7965,0.0,null],[100.12491,-2.79934,0.0,null],[100.12528,-2.79577,0.0,null],[100.12768,-2.78709,0.0,null],[100.13185,-2.78225,0.0,null],[100.13712,-2.7795,0.0,null],[100.14958,-2.77548,0.0,null],[100.17292,-2.77007,0.0,null],[100.1759,-2.76848,0.0,null],[100.17695,-2.76707,0.0,null],[100.1786,-2.73458,0.0,null],[100.17714,-2.72141,0.0,null],[100.17502,-2.72196,0.0,null],[100.17078,-2.72132,0.0,null],[100.16831,-2.72178,0.0,null],[100.17025,-2.71936,0.0,null],[100.16985,-2.71519,0.0,null],[100.16933,-2.71435,0.0,null],[100.16959,-2.71334,0.0,null],[100.16862,-2.70983,0.0,null],[100.16902,-2.70909,0.0,null],[100.16862,-2.70637,0.0,null],[100.16814,-2.70615,0.0,null],[100.16476,-2.69361,0.0,null],[100.16437,-2.69388,0.0,null],[100.16376,-2.69177,0.0,null],[100.16315,-2.69129,0.0,null],[100.15991,-2.69129,0.0,null],[100.16262,-2.68764,0.0,null],[100.16434,-2.68731,0.0,null],[100.1657,-2.68535,0.0,null],[100.16666,-2.68527,0.0,null],[100.16075,-2.68095,0.0,null],[100.15421,-2.67397,0.0,null],[100.15201,-2.67286,0.0,null],[100.14644,-2.66782,0.0,null],[100.14126,-2.66461,0.0,null],[100.13971,-2.66279,0.0,null],[100.13645,-2.66101,0.0,null],[100.1297,-2.65551,0.0,null],[100.12356,-2.64809,0.0,null],[100.10777,-2.63328,0.0,null],[100.09521,-2.62058,0.0,null],[100.08064,-2.61029,0.0,null],[100.07062,-2.60132,0.0,null],[100.06721,-2.59673,0.0,null],[100.06484,-2.59914,0.0,null],[100.06616,-2.59971,0.0,null],[100.06607,-2.60023,0.0,null],[100.06285,-2.60123,0.0,null],[100.06238,-2.59966,0.0,null],[100.06115,-2.59843,0.0,null],[100.05787,-2.59245,0.0,null],[100.05207,-2.58573,0.0,null]],[[100.02944,-2.67637,0.0,null],[100.02777,-2.67516,0.0,null],[100.02523,-2.67075,0.0,null],[100.02415,-2.65992,0.0,null],[100.01884,-2.65055,0.0,null],[100.01721,-2.6451,0.0,null],[100.01755,-2.64278,0.0,null],[100.0213,-2.6383,0.0,null],[100.02237,-2.62812,0.0,null],[100.02521,-2.62513,0.0,null],[100.02808,-2.62444,0.0,null],[100.03053,-2.62451,0.0,null],[100.03655,-2.62756,0.0,null],[100.04805,-2.63752,0.0,null],[100.05354,-2.65197,0.0,null],[100.05598,-2.6615,0.0,null],[100.05755,-2.67173,0.0,null],[100.0571,-2.67638,0.0,null],[100.05638,-2.67822,0.0,null],[100.05618,-2.67727,0.0,null],[100.05476,-2.67823,0.0,null],[100.05299,-2.67854,0.0,null],[100.05057,-2.67821,0.0,null],[100.0482,-2.67724,0.0,null],[100.04703,-2.67594,0.0,null],[100.04292,-2.6735,0.0,null],[100.04074,-2.67352,0.0,null],[100.03434,-2.67733,0.0,null],[100.03167,-2.6778,0.0,null],[100.02944,-2.67637,0.0,null]]],[[[100.04248,-2.75094,0.0,null],[100.0375,-2.74863,0.0,null],[100.03285,-2.74538,0.0,null],[100.03302,-2.74941,0.0,null],[100.03087,-2.76157,0.0,null],[100.03102,-2.77251,0.0,null],[100.03313,-2.77834,0.0,null],[100.03613,-2.78266,0.0,null],[100.04306,-2.79072,0.0,null],[100.04586,-2.79358,0.0,null],[100.0478,-2.79468,0.0,null],[100.05342,-2.80062,0.0,null],[100.06175,-2.80455,0.0,null],[100.0682,-2.80861,0.0,null],[100.08258,-2.81347,0.0,null],[100.09111,-2.81758,0.0,null],[100.10352,-2.82239,0.0,null],[100.10811,-2.82215,0.0,null],[100.11385,-2.82096,0.0,null],[100.11984,-2.81837,0.0,null],[100.12225,-2.81659,0.0,null],[100.12352,-2.81144,0.0,null],[100.12025,-2.80937,0.0,null],[100.11578,-2.80484,0.0,null],[100.1131,-2.80364,0.0,null],[100.10841,-2.8036,0.0,null],[100.10303,-2.80182,0.0,null],[100.09303,-2.79715,0.0,null],[100.09096,-2.79455,0.0,null],[100.08511,-2.78984,0.0,null],[100.08439,-2.78816,0.0,null],[100.08434,-2.78533,0.0,null],[100.07571,-2.78501,0.0,null],[100.06774,-2.78212,0.0,null],[100.06617,-2.77678,0.0,null],[100.05892,-2.77327,0.0,null],[100.05373,-2.76959,0.0,null],[100.05095,-2.76901,0.0,null],[100.05257,-2.76318,0.0,null],[100.0565,-2.76434,0.0,null],[100.05736,-2.76347,0.0,null],[100.05793,-2.76024,0.0,null],[100.05578,-2.75788,0.0,null],[100.05265,-2.75649,0.0,null],[100.05022,-2.75616,0.0,null],[100.0447,-2.75664,0.0,null],[100.04427,-2.75539,0.0,null],[100.04565,-2.75329,0.0,null],[100.04417,-2.75171,0.0,null],[100.04248,-2.75094,0.0,null]]]]}},{"type":"Feature","properties":{"inventoryId":"big-forestry-ha:165","sector":"PBPH","subtype":"IUPHHK-HA","quality":"OFFICIAL","sourceDataset":"big-forestry-ha","sourceRecordId":"165","source":"BIG Kebijakan Satu Peta","sourceUrl":"https://kspservices.big.go.id/satupeta/rest/services/PUBLIK/PERIZINAN_DAN_PERTANAHAN/MapServer/1","retrievedAt":"2026-08-31T08:53:33Z","geometryProcessing":"web display simplification tolerance 0.00035 degrees","name":"PT MULTI SIBOLGA TIMBER","permitNumber":"SK.17/Menhut-II/2006","permitDate":"2006-01-18","areaHa":28670.0,"provinceCode":"12","region":"sumatra"},"geometry":{"type":"MultiPolygon","coordinates":[[[[98.20871,2.28958,0.0,null],[98.18793,2.29929,0.0,null],[98.1722,2.26172,0.0,null],[98.17611,2.262,0.0,null],[98.18231,2.26098,0.0,null],[98.18748,2.25793,0.0,null],[98.18822,2.25249,0.0,null],[98.19002,2.24571,0.0,null],[98.1949,2.24156,0.0,null],[98.20063,2.23969,0.0,null],[98.2062,2.23642,0.0,null],[98.21124,2.23021,0.0,null],[98.21523,2.22403,0.0,null],[98.22113,2.21993,0.0,null],[98.23556,2.21366,0.0,null],[98.23733,2.21175,0.0,null],[98.23632,2.21021,0.0,null],[98.23341,2.20924,0.0,null],[98.23101,2.20757,0.0,null],[98.22953,2.20255,0.0,null],[98.23261,2.19455,0.0,null],[98.23526,2.18941,0.0,null],[98.23676,2.18957,0.0,null],[98.23809,2.19092,0.0,null],[98.24118,2.1905,0.0,null],[98.2447,2.18768,0.0,null],[98.24725,2.18474,0.0,null],[98.25051,2.18278,0.0,null],[98.25401,2.18219,0.0,null],[98.25521,2.1804,0.0,null],[98.25498,2.17757,0.0,null],[98.2565,2.17409,0.0,null],[98.25926,2.17175,0.0,null],[98.2704,2.16854,0.0,null],[98.27193,2.16944,0.0,null],[98.27318,2.17143,0.0,null],[98.27606,2.17118,0.0,null],[98.27893,2.16912,0.0,null],[98.2835,2.16373,0.0,null],[98.28586,2.15881,0.0,null],[98.28633,2.15644,0.0,null],[98.29839,2.15475,0.0,null],[98.30007,2.15206,0.0,null],[98.27468,2.13933,0.0,null],[98.27772,2.13579,0.0,null],[98.28259,2.12835,0.0,null],[98.28641,2.12456,0.0,null],[98.29024,2.12133,0.0,null],[98.30168,2.11717,0.0,null],[98.31359,2.11143,0.0,null],[98.32702,2.10678,0.0,null],[98.36076,2.09148,0.0,null],[98.36428,2.10683,0.0,null],[98.34546,2.10888,0.0,null],[98.34604,2.13166,0.0,null],[98.37511,2.13049,0.0,null],[98.3873,2.13713,0.0,null],[98.40218,2.13945,0.0,null],[98.39463,2.14817,0.0,null],[98.39308,2.14904,0.0,null],[98.35179,2.1549,0.0,null],[98.33918,2.15783,0.0,null],[98.33223,2.16074,0.0,null],[98.32776,2.16397,0.0,null],[98.32431,2.16738,0.0,null],[98.31858,2.1757,0.0,null],[98.31368,2.18676,0.0,null],[98.31215,2.19275,0.0,null],[98.31204,2.19968,0.0,null],[98.31485,2.21854,0.0,null],[98.31484,2.22975,0.0,null],[98.31417,2.23433,0.0,null],[98.31238,2.23878,0.0,null],[98.30535,2.24629,0.0,null],[98.30026,2.2508,0.0,null],[98.29426,2.25492,0.0,null],[98.28029,2.26704,0.0,null],[98.27781,2.26316,0.0,null],[98.27554,2.26173,0.0,null],[98.26996,2.26097,0.0,null],[98.20871,2.28958,0.0,null]]],[[[98.52608,1.64477,0.0,null],[98.50768,1.64725,0.0,null],[98.49672,1.65029,0.0,null],[98.49351,1.65231,0.0,null],[98.4925,1.65484,0.0,null],[98.49284,1.66327,0.0,null],[98.49385,1.67051,0.0,null],[98.49571,1.67523,0.0,null],[98.49672,1.67641,0.0,null],[98.49672,1.67844,0.0,null],[98.49014,1.68282,0.0,null],[98.48913,1.68501,0.0,null],[98.48896,1.69057,0.0,null],[98.4866,1.6958,0.0,null],[98.4844,1.69782,0.0,null],[98.48137,1.69917,0.0,null],[98.4785,1.69968,0.0,null],[98.46766,1.69917,0.0,null],[98.46545,1.69859,0.0,null],[98.46072,1.69536,0.0,null],[98.45084,1.68327,0.0,null],[98.44885,1.67831,0.0,null],[98.44824,1.67516,0.0,null],[98.44983,1.66058,0.0,null],[98.45056,1.65713,0.0,null],[98.45316,1.65069,0.0,null],[98.45615,1.64574,0.0,null],[98.45893,1.64409,0.0,null],[98.46586,1.64116,0.0,null],[98.47493,1.64413,0.0,null],[98.47804,1.64416,0.0,null],[98.48127,1.64292,0.0,null],[98.4869,1.63921,0.0,null],[98.5006,1.62926,0.0,null],[98.50776,1.62735,0.0,null],[98.52151,1.62917,0.0,null],[98.53216,1.63424,0.0,null],[98.53772,1.63565,0.0,null],[98.54511,1.63499,0.0,null],[98.54949,1.63262,0.0,null],[98.5503,1.63268,0.0,null],[98.54993,1.63225,0.0,null],[98.55392,1.62631,0.0,null],[98.55617,1.62133,0.0,null],[98.55754,1.62023,0.0,null],[98.57166,1.619,0.0,null],[98.57269,1.61905,0.0,null],[98.57195,1.64778,0.0,null],[98.56919,1.64952,0.0,null],[98.54657,1.65112,0.0,null],[98.54612,1.64858,0.0,null],[98.54381,1.64491,0.0,null],[98.5422,1.6431,0.0,null],[98.54047,1.64215,0.0,null],[98.54797,1.64199,0.0,null],[98.54785,1.63748,0.0,null],[98.53133,1.63748,0.0,null],[98.52742,1.64456,0.0,null],[98.52608,1.64477,0.0,null]]],[[[99.04424,1.40389,0.0,null],[99.04021,1.41344,0.0,null],[99.03722,1.41605,0.0,null],[99.03524,1.41595,0.0,null],[99.03307,1.41505,0.0,null],[99.0261,1.40865,0.0,null],[99.01978,1.40541,0.0,null],[99.01241,1.4038,0.0,null],[99.00368,1.40366,0.0,null],[98.99678,1.40419,0.0,null],[98.99617,1.34932,0.0,null],[99.05375,1.35498,0.0,null],[99.05468,1.36194,0.0,null],[99.05454,1.36759,0.0,null],[99.05232,1.38017,0.0,null],[99.04784,1.38147,0.0,null],[99.03541,1.38207,0.0,null],[99.03463,1.38275,0.0,null],[99.03439,1.3882,0.0,null],[99.0352,1.39366,0.0,null],[99.03651,1.39634,0.0,null],[99.03826,1.39822,0.0,null],[99.04356,1.40181,0.0,null],[99.04424,1.40389,0.0,null]]],[[[99.16824,1.37104,0.0,null],[99.15812,1.39556,0.0,null],[99.14373,1.40303,0.0,null],[99.13488,1.39966,0.0,null],[99.12171,1.38877,0.0,null],[99.10471,1.38594,0.0,null],[99.09984,1.3813,0.0,null],[99.09873,1.3783,0.0,null],[99.09968,1.36001,0.0,null],[99.13329,1.36305,0.0,null],[99.16379,1.3642,0.0,null],[99.17127,1.36339,0.0,null],[99.16824,1.37104,0.0,null]]]]}},{"type":"Feature","properties":{"inventoryId":"big-forestry-ha:168","sector":"PBPH","subtype":"IUPHHK-HA","quality":"OFFICIAL","sourceDataset":"big-forestry-ha","sourceRecordId":"168","source":"BIG Kebijakan Satu Peta","sourceUrl":"https://kspservices.big.go.id/satupeta/rest/services/PUBLIK/PERIZINAN_DAN_PERTANAHAN/MapServer/1","retrievedAt":"2026-08-31T08:53:33Z","geometryProcessing":"web display simplification tolerance 0.00035 degrees","name":"PT MULTIKARYA LISUN PRIMA","permitNumber":"SK.347/Menhut-II/2011","permitDate":"2011-06-30","areaHa":28885.0,"provinceCode":"13","region":"sumatra"},"geometry":{"type":"Polygon","coordinates":[[[100.94877,-0.31643,0.0,null],[100.94697,-0.31493,0.0,null],[100.94557,-0.31543,0.0,null],[100.94507,-0.31673,0.0,null],[100.94537,-0.31833,0.0,null],[100.94477,-0.31923,0.0,null],[100.94397,-0.31873,0.0,null],[100.94157,-0.31913,0.0,null],[100.93837,-0.31773,0.0,null],[100.93567,-0.31953,0.0,null],[100.92777,-0.32093,0.0,null],[100.92197,-0.32373,0.0,null],[100.91987,-0.32383,0.0,null],[100.91427,-0.32643,0.0,null],[100.91317,-0.33023,0.0,null],[100.91337,-0.33133,0.0,null],[100.91227,-0.33273,0.0,null],[100.91187,-0.33433,0.0,null],[100.91127,-0.34023,0.0,null],[100.90879,-0.34929,0.0,null],[100.90936,-0.34909,0.0,null],[100.90943,-0.35002,0.0,null],[100.9103,-0.35016,0.0,null],[100.91013,-0.35071,0.0,null],[100.91089,-0.35109,0.0,null],[100.91072,-0.35318,0.0,null],[100.91235,-0.35308,0.0,null],[100.91322,-0.35397,0.0,null],[100.91357,-0.35345,0.0,null],[100.91416,-0.3537,0.0,null],[100.91295,-0.3548,0.0,null],[100.91327,-0.35517,0.0,null],[100.91844,-0.35589,0.0,null],[100.91926,-0.35646,0.0,null],[100.91893,-0.35716,0.0,null],[100.91985,-0.35726,0.0,null],[100.92089,-0.35856,0.0,null],[100.92438,-0.35923,0.0,null],[100.9265,-0.3606,0.0,null],[100.92626,-0.36137,0.0,null],[100.92517,-0.36127,0.0,null],[100.92534,-0.36361,0.0,null],[100.92344,-0.3658,0.0,null],[100.92336,-0.36657,0.0,null],[100.92406,-0.36717,0.0,null],[100.92492,-0.36553,0.0,null],[100.927,-0.36388,0.0,null],[100.92918,-0.3644,0.0,null],[100.92982,-0.36523,0.0,null],[100.93093,-0.36458,0.0,null],[100.93215,-0.36582,0.0,null],[100.93348,-0.36558,0.0,null],[100.93729,-0.36854,0.0,null],[100.94236,-0.37083,0.0,null],[100.94315,-0.37172,0.0,null],[100.94372,-0.37402,0.0,null],[100.94721,-0.37566,0.0,null],[100.95048,-0.37342,0.0,null],[100.95144,-0.3721,0.0,null],[100.95406,-0.3719,0.0,null],[100.9555,-0.37028,0.0,null],[100.95641,-0.37043,0.0,null],[100.95725,-0.3719,0.0,null],[100.95789,-0.37129,0.0,null],[100.95953,-0.3716,0.0,null],[100.95911,-0.3704,0.0,null],[100.95985,-0.36995,0.0,null],[100.9598,-0.3694,0.0,null],[100.95857,-0.36903,0.0,null],[100.95782,-0.36809,0.0,null],[100.95597,-0.36324,0.0,null],[100.95705,-0.3627,0.0,null],[100.95872,-0.36398,0.0,null],[100.95843,-0.36225,0.0,null],[100.95985,-0.36201,0.0,null],[100.96005,-0.36126,0.0,null],[100.96098,-0.36181,0.0,null],[100.96133,-0.36151,0.0,null],[100.96216,-0.35884,0.0,null],[100.96305,-0.35884,0.0,null],[100.96314,-0.35741,0.0,null],[100.96604,-0.35488,0.0,null],[100.96648,-0.353,0.0,null],[100.96825,-0.35355,0.0,null],[100.96904,-0.3531,0.0,null],[100.9713,-0.35345,0.0,null],[100.97321,-0.3492,0.0,null],[100.97469,-0.34929,0.0,null],[100.97498,-0.35058,0.0,null],[100.97582,-0.35122,0.0,null],[100.97734,-0.35122,0.0,null],[100.97784,-0.35282,0.0,null],[100.97726,-0.35349,0.0,null],[100.97702,-0.35628,0.0,null],[100.97761,-0.35665,0.0,null],[100.97756,-0.3581,0.0,null],[100.97937,-0.36001,0.0,null],[100.9786,-0.36275,0.0,null],[100.9791,-0.3643,0.0,null],[100.97722,-0.36544,0.0,null],[100.97727,-0.36766,0.0,null],[100.97623,-0.36953,0.0,null],[100.97618,-0.37403,0.0,null],[100.97279,-0.37647,0.0,null],[100.97301,-0.37705,0.0,null],[100.97353,-0.3769,0.0,null],[100.97512,-0.37575,0.0,null],[100.97611,-0.3767,0.0,null],[100.97583,-0.37774,0.0,null],[100.97791,-0.37784,0.0,null],[100.97878,-0.37844,0.0,null],[100.97922,-0.37926,0.0,null],[100.97888,-0.38123,0.0,null],[100.97962,-0.3818,0.0,null],[100.98168,-0.38184,0.0,null],[100.98355,-0.38282,0.0,null],[100.98632,-0.38324,0.0,null],[100.98702,-0.38466,0.0,null],[100.9866,-0.38588,0.0,null],[100.98541,-0.38663,0.0,null],[100.98739,-0.38705,0.0,null],[100.98882,-0.38892,0.0,null],[100.99043,-0.38925,0.0,null],[100.99258,-0.39076,0.0,null],[100.99298,-0.39313,0.0,null],[100.99582,-0.39564,0.0,null],[100.99595,-0.39701,0.0,null],[100.99432,-0.39704,0.0,null],[100.99263,-0.39607,0.0,null],[100.99206,-0.39746,0.0,null],[100.99049,-0.39569,0.0,null],[100.98813,-0.39622,0.0,null],[100.98595,-0.39577,0.0,null],[100.98427,-0.39331,0.0,null],[100.98121,-0.39552,0.0,null],[100.98187,-0.39756,0.0,null],[100.98539,-0.39831,0.0,null],[100.99137,-0.40177,0.0,null],[100.99751,-0.40401,0.0,null],[100.99833,-0.40495,0.0,null],[100.99785,-0.40543,0.0,null],[100.99813,-0.40662,0.0,null],[100.99939,-0.40628,0.0,null],[100.99959,-0.40675,0.0,null],[100.99815,-0.40765,0.0,null],[100.99944,-0.40817,0.0,null],[100.99932,-0.40911,0.0,null],[100.99744,-0.40899,0.0,null],[100.99746,-0.40951,0.0,null],[100.99833,-0.40974,0.0,null],[100.99857,-0.41088,0.0,null],[100.99736,-0.41166,0.0,null],[100.99756,-0.41288,0.0,null],[100.99825,-0.41283,0.0,null],[100.99838,-0.412,0.0,null],[101.00157,-0.40864,0.0,null],[101.0033,-0.40956,0.0,null],[101.00367,-0.41033,0.0,null],[101.00444,-0.41036,0.0,null],[101.00545,-0.41255,0.0,null],[101.00703,-0.41402,0.0,null],[101.00604,-0.41439,0.0,null],[101.00592,-0.41504,0.0,null],[101.00649,-0.41678,0.0,null],[101.00565,-0.42201,0.0,null],[101.00657,-0.42313,0.0,null],[101.00498,-0.42508,0.0,null],[101.00571,-0.4277,0.0,null],[101.00563,-0.43001,0.0,null],[101.00363,-0.43247,0.0,null],[101.00396,-0.43479,0.0,null],[101.00485,-0.43499,0.0,null],[101.00337,-0.43645,0.0,null],[101.00356,-0.4388,0.0,null],[101.00529,-0.44069,0.0,null],[101.0058,-0.4439,0.0,null],[101.00717,-0.44656,0.0,null],[101.00796,-0.4476,0.0,null],[101.01008,-0.44875,0.0,null],[101.01014,-0.45072,0.0,null],[101.013,-0.45192,0.0,null],[101.01229,-0.45291,0.0,null],[101.01247,-0.45503,0.0,null],[101.01037,-0.457,0.0,null],[101.01034,-0.45863,0.0,null],[101.01148,-0.46039,0.0,null],[101.0105,-0.46466,0.0,null],[101.01161,-0.46724,0.0,null],[101.01496,-0.4716,0.0,null],[101.01668,-0.47129,0.0,null],[101.01849,-0.47379,0.0,null],[101.01851,-0.47528,0.0,null],[101.01674,-0.47576,0.0,null],[101.01722,-0.47747,0.0,null],[101.02075,-0.47885,0.0,null],[101.02191,-0.47796,0.0,null],[101.02287,-0.48028,0.0,null],[101.02386,-0.48064,0.0,null],[101.02463,-0.47992,0.0,null],[101.02787,-0.48352,0.0,null],[101.02962,-0.48367,0.0,null],[101.03249,-0.48804,0.0,null],[101.03434,-0.48788,0.0,null],[101.0365,-0.49064,0.0,null],[101.04038,-0.49381,0.0,null],[101.04068,-0.49659,0.0,null],[101.04172,-0.49799,0.0,null],[101.04127,-0.4995,0.0,null],[101.04408,-0.50008,0.0,null],[101.04591,-0.50284,0.0,null],[101.04847,-0.50386,0.0,null],[101.05192,-0.50652,0.0,null],[101.05065,-0.50687,0.0,null],[101.05058,-0.50817,0.0,null],[101.05339,-0.51142,0.0,null],[101.05517,-0.51093,0.0,null],[101.05593,-0.51129,0.0,null],[101.05552,-0.51407,0.0,null],[101.05601,-0.51624,0.0,null],[101.05868,-0.5155,0.0,null],[101.0595,-0.51964,0.0,null],[101.05865,-0.52113,0.0,null],[101.06179,-0.52257,0.0,null],[101.06253,-0.52452,0.0,null],[101.06373,-0.52499,0.0,null],[101.06486,-0.52458,0.0,null],[101.0659,-0.52544,0.0,null],[101.06436,-0.53103,0.0,null],[101.06668,-0.53165,0.0,null],[101.06676,-0.53286,0.0,null],[101.07006,-0.53263,0.0,null],[101.07052,-0.53567,0.0,null],[101.07417,-0.53739,0.0,null],[101.08073,-0.54579,0.0,null],[101.07992,-0.54726,0.0,null],[101.0812,-0.54899,0.0,null],[101.08477,-0.55118,0.0,null],[101.08923,-0.54868,0.0,null],[101.08876,-0.54625,0.0,null],[101.09284,-0.54602,0.0,null],[101.09346,-0.54403,0.0,null],[101.09295,-0.54285,0.0,null],[101.09626,-0.54157,0.0,null],[101.09994,-0.53797,0.0,null],[101.10252,-0.5386,0.0,null],[101.10242,-0.53698,0.0,null],[101.10314,-0.53651,0.0,null],[101.10454,-0.53875,0.0,null],[101.10501,-0.5386,0.0,null],[101.10532,-0.53703,0.0,null],[101.10708,-0.53693,0.0,null],[101.1108,-0.5386,0.0,null],[101.1137,-0.53875,0.0,null],[101.1139,-0.54099,0.0,null],[101.11836,-0.54562,0.0,null],[101.11872,-0.54734,0.0,null],[101.11613,-0.55088,0.0,null],[101.11805,-0.55401,0.0,null],[101.11774,-0.55547,0.0,null],[101.11898,-0.55552,0.0,null],[101.12022,-0.55661,0.0,null],[101.12012,-0.55901,0.0,null],[101.12183,-0.56166,0.0,null],[101.12033,-0.56255,0.0,null],[101.12141,-0.56395,0.0,null],[101.12167,-0.56531,0.0,null],[101.121,-0.56651,0.0,null],[101.12038,-0.56651,0.0,null],[101.12136,-0.56942,0.0,null],[101.12054,-0.57375,0.0,null],[101.12121,-0.57776,0.0,null],[101.12359,-0.57854,0.0,null],[101.12965,-0.58723,0.0,null],[101.13084,-0.58984,0.0,null],[101.13332,-0.59176,0.0,null],[101.13405,-0.59364,0.0,null],[101.13622,-0.59587,0.0,null],[101.13762,-0.59988,0.0,null],[101.14658,-0.61202,0.0,null],[101.14906,-0.6142,0.0,null],[101.15476,-0.61424,0.0,null],[101.15897,-0.61753,0.0,null],[101.16337,-0.61893,0.0,null],[101.16917,-0.61973,0.0,null],[101.17167,-0.62203,0.0,null],[101.1731,-0.62265,0.0,null],[101.1724,-0.62144,0.0,null],[101.17478,-0.62206,0.0,null],[101.17612,-0.62315,0.0,null],[101.18073,-0.6244,0.0,null],[101.18964,-0.62944,0.0,null],[101.19367,-0.62923,0.0,null],[101.19637,-0.62703,0.0,null],[101.19567,-0.62483,0.0,null],[101.19257,-0.62263,0.0,null],[101.19347,-0.62153,0.0,null],[101.18997,-0.61693,0.0,null],[101.18617,-0.61533,0.0,null],[101.18387,-0.61303,0.0,null],[101.18227,-0.61303,0.0,null],[101.17837,-0.61453,0.0,null],[101.17707,-0.61363,0.0,null],[101.17247,-0.60683,0.0,null],[101.17107,-0.60643,0.0,null],[101.16897,-0.60793,0.0,null],[101.16857,-0.61083,0.0,null],[101.16737,-0.61093,0.0,null],[101.16447,-0.60963,0.0,null],[101.16027,-0.60933,0.0,null],[101.15837,-0.60583,0.0,null],[101.15777,-0.60353,0.0,null],[101.15777,-0.60013,0.0,null],[101.15647,-0.59693,0.0,null],[101.15567,-0.59643,0.0,null],[101.15467,-0.59013,0.0,null],[101.15377,-0.58813,0.0,null],[101.14887,-0.58673,0.0,null],[101.14797,-0.58573,0.0,null],[101.14797,-0.58203,0.0,null],[101.14567,-0.58023,0.0,null],[101.14477,-0.57903,0.0,null],[101.14477,-0.57813,0.0,null],[101.14657,-0.57493,0.0,null],[101.14817,-0.57423,0.0,null],[101.14837,-0.57353,0.0,null],[101.14707,-0.57173,0.0,null],[101.14997,-0.56063,0.0,null],[101.15127,-0.55883,0.0,null],[101.15387,-0.55793,0.0,null],[101.15957,-0.55893,0.0,null],[101.16337,-0.56053,0.0,null],[101.16407,-0.56373,0.0,null],[101.16657,-0.56683,0.0,null],[101.16717,-0.57093,0.0,null],[101.16797,-0.57233,0.0,null],[101.16547,-0.57373,0.0,null],[101.16587,-0.57713,0.0,null],[101.16807,-0.57843,0.0,null],[101.16807,-0.57993,0.0,null],[101.16877,-0.58043,0.0,null],[101.16727,-0.58163,0.0,null],[101.16787,-0.58243,0.0,null],[101.16857,-0.58253,0.0,null],[101.16927,-0.58173,0.0,null],[101.16987,-0.58203,0.0,null],[101.17077,-0.58353,0.0,null],[101.17467,-0.58313,0.0,null],[101.17527,-0.58363,0.0,null],[101.17387,-0.58763,0.0,null],[101.17257,-0.58943,0.0,null],[101.17357,-0.58953,0.0,null],[101.17457,-0.59123,0.0,null],[101.17647,-0.59203,0.0,null],[101.17627,-0.59473,0.0,null],[101.17687,-0.59513,0.0,null],[101.17707,-0.59693,0.0,null],[101.17887,-0.59623,0.0,null],[101.17937,-0.59693,0.0,null],[101.17857,-0.59963,0.0,null],[101.17977,-0.60033,0.0,null],[101.17897,-0.60113,0.0,null],[101.18207,-0.60373,0.0,null],[101.18237,-0.60493,0.0,null],[101.18457,-0.60583,0.0,null],[101.18517,-0.60813,0.0,null],[101.18627,-0.60853,0.0,null],[101.18737,-0.60993,0.0,null],[101.18947,-0.60593,0.0,null],[101.19107,-0.60523,0.0,null],[101.19257,-0.60533,0.0,null],[101.19497,-0.60743,0.0,null],[101.19887,-0.60763,0.0,null],[101.20157,-0.60873,0.0,null],[101.20087,-0.60973,0.0,null],[101.20187,-0.61073,0.0,null],[101.20457,-0.61063,0.0,null],[101.20627,-0.61243,0.0,null],[101.20717,-0.61493,0.0,null],[101.20867,-0.61463,0.0,null],[101.21017,-0.61573,0.0,null],[101.21067,-0.61773,0.0,null],[101.21187,-0.61893,0.0,null],[101.21167,-0.61983,0.0,null],[101.21347,-0.61983,0.0,null],[101.21447,-0.61853,0.0,null],[101.21727,-0.61873,0.0,null],[101.21797,-0.62103,0.0,null],[101.22037,-0.62123,0.0,null],[101.22187,-0.62213,0.0,null],[101.22197,-0.62683,0.0,null],[101.22427,-0.62703,0.0,null],[101.22467,-0.62583,0.0,null],[101.22837,-0.62663,0.0,null],[101.22987,-0.62533,0.0,null],[101.23027,-0.62613,0.0,null],[101.23367,-0.62803,0.0,null],[101.23387,-0.63033,0.0,null],[101.23577,-0.63413,0.0,null],[101.23767,-0.63413,0.0,null],[101.23887,-0.63583,0.0,null],[101.23997,-0.63593,0.0,null],[101.24347,-0.63823,0.0,null],[101.24307,-0.63883,0.0,null],[101.24387,-0.64173,0.0,null],[101.24357,-0.64343,0.0,null],[101.24547,-0.64473,0.0,null],[101.24517,-0.64683,0.0,null],[101.24397,-0.64803,0.0,null],[101.24427,-0.64853,0.0,null],[101.24637,-0.64933,0.0,null],[101.26247,-0.65223,0.0,null],[101.26787,-0.65723,0.0,null],[101.27187,-0.65823,0.0,null],[101.27617,-0.65583,0.0,null],[101.28527,-0.65593,0.0,null],[101.28957,-0.66153,0.0,null],[101.29147,-0.66263,0.0,null],[101.29597,-0.66353,0.0,null],[101.30107,-0.66303,0.0,null],[101.30767,-0.65683,0.0,null],[101.31207,-0.64813,0.0,null],[101.31547,-0.65403,0.0,null],[101.31547,-0.65613,0.0,null],[101.31657,-0.65843,0.0,null],[101.31797,-0.65923,0.0,null],[101.31997,-0.66353,0.0,null],[101.31857,-0.66753,0.0,null],[101.31927,-0.66903,0.0,null],[101.32277,-0.67143,0.0,null],[101.32317,-0.67383,0.0,null],[101.32447,-0.67503,0.0,null],[101.32737,-0.67613,0.0,null],[101.32927,-0.67773,0.0,null],[101.33157,-0.67773,0.0,null],[101.33277,-0.67993,0.0,null],[101.33277,-0.68113,0.0,null],[101.33887,-0.68723,0.0,null],[101.34057,-0.68823,0.0,null],[101.34057,-0.69113,0.0,null],[101.34227,-0.69123,0.0,null],[101.34247,-0.68993,0.0,null],[101.34427,-0.69203,0.0,null],[101.34657,-0.69293,0.0,null],[101.34657,-0.69373,0.0,null],[101.33957,-0.69643,0.0,null],[101.33887,-0.69853,0.0,null],[101.33937,-0.70063,0.0,null],[101.34057,-0.70183,0.0,null],[101.34347,-0.70253,0.0,null],[101.35037,-0.70853,0.0,null],[101.35357,-0.71203,0.0,null],[101.36207,-0.72383,0.0,null],[101.36407,-0.72763,0.0,null],[101.36637,-0.73023,0.0,null],[101.36967,-0.73273,0.0,null],[101.37317,-0.73353,0.0,null],[101.39077,-0.73323,0.0,null],[101.39087,-0.74173,0.0,null],[101.39937,-0.74223,0.0,null],[101.39947,-0.74573,0.0,null],[101.40037,-0.74483,0.0,null],[101.40417,-0.74363,0.0,null],[101.40547,-0.74223,0.0,null],[101.40647,-0.74193,0.0,null],[101.40567,-0.74053,0.0,null],[101.40527,-0.73793,0.0,null],[101.40637,-0.72653,0.0,null],[101.40597,-0.72323,0.0,null],[101.40527,-0.72023,0.0,null],[101.40347,-0.71733,0.0,null],[101.40077,-0.71443,0.0,null],[101.39667,-0.71133,0.0,null],[101.38437,-0.70393,0.0,null],[101.37117,-0.69903,0.0,null],[101.36347,-0.69413,0.0,null],[101.36117,-0.69093,0.0,null],[101.36047,-0.68783,0.0,null],[101.35707,-0.68363,0.0,null],[101.35657,-0.67873,0.0,null],[101.35877,-0.67283,0.0,null],[101.35867,-0.67153,0.0,null],[101.35617,-0.66543,0.0,null],[101.35287,-0.66183,0.0,null],[101.34757,-0.65993,0.0,null],[101.33707,-0.65903,0.0,null],[101.33487,-0.65813,0.0,null],[101.32987,-0.65303,0.0,null],[101.32497,-0.64513,0.0,null],[101.32167,-0.64123,0.0,null],[101.30797,-0.63323,0.0,null],[101.30357,-0.63163,0.0,null],[101.29457,-0.63133,0.0,null],[101.29247,-0.63053,0.0,null],[101.28557,-0.62363,0.0,null],[101.27707,-0.62183,0.0,null],[101.26817,-0.62343,0.0,null],[101.26257,-0.62363,0.0,null],[101.25477,-0.63123,0.0,null],[101.25317,-0.63103,0.0,null],[101.25327,-0.63003,0.0,null],[101.25127,-0.62773,0.0,null],[101.24547,-0.62333,0.0,null],[101.24117,-0.61773,0.0,null],[101.23957,-0.61283,0.0,null],[101.24037,-0.60853,0.0,null],[101.23817,-0.60403,0.0,null],[101.23587,-0.60403,0.0,null],[101.23057,-0.60523,0.0,null],[101.22517,-0.60433,0.0,null],[101.21807,-0.60063,0.0,null],[101.20967,-0.59343,0.0,null],[101.20947,-0.58893,0.0,null],[101.20787,-0.58663,0.0,null],[101.20167,-0.58203,0.0,null],[101.19767,-0.57743,0.0,null],[101.18897,-0.56953,0.0,null],[101.18767,-0.56303,0.0,null],[101.18517,-0.55993,0.0,null],[101.18507,-0.55773,0.0,null],[101.17997,-0.54993,0.0,null],[101.16177,-0.53703,0.0,null],[101.14877,-0.53013,0.0,null],[101.13517,-0.52443,0.0,null],[101.13067,-0.52193,0.0,null],[101.11677,-0.50663,0.0,null],[101.11127,-0.50443,0.0,null],[101.09137,-0.50883,0.0,null],[101.08887,-0.51033,0.0,null],[101.08677,-0.51083,0.0,null],[101.07717,-0.51133,0.0,null],[101.07577,-0.50953,0.0,null],[101.06957,-0.50673,0.0,null],[101.06857,-0.50563,0.0,null],[101.06757,-0.50203,0.0,null],[101.06897,-0.49653,0.0,null],[101.06937,-0.49203,0.0,null],[101.06797,-0.48793,0.0,null],[101.06197,-0.47823,0.0,null],[101.05727,-0.47513,0.0,null],[101.04957,-0.46503,0.0,null],[101.04967,-0.45783,0.0,null],[101.04897,-0.45633,0.0,null],[101.04737,-0.45493,0.0,null],[101.04557,-0.45063,0.0,null],[101.04417,-0.44943,0.0,null],[101.04377,-0.44833,0.0,null],[101.04437,-0.44643,0.0,null],[101.04417,-0.44493,0.0,null],[101.04017,-0.44213,0.0,null],[101.03957,-0.44113,0.0,null],[101.03837,-0.43223,0.0,null],[101.03857,-0.43023,0.0,null],[101.03797,-0.42863,0.0,null],[101.03977,-0.42673,0.0,null],[101.03977,-0.42473,0.0,null],[101.04057,-0.42223,0.0,null],[101.03517,-0.41613,0.0,null],[101.03487,-0.41403,0.0,null],[101.03167,-0.40753,0.0,null],[101.02877,-0.40473,0.0,null],[101.02537,-0.40243,0.0,null],[101.02437,-0.39983,0.0,null],[101.02487,-0.39823,0.0,null],[101.02727,-0.39573,0.0,null],[101.02947,-0.39123,0.0,null],[101.03077,-0.39003,0.0,null],[101.03477,-0.38783,0.0,null],[101.04027,-0.38673,0.0,null],[101.04257,-0.38453,0.0,null],[101.04317,-0.38163,0.0,null],[101.04267,-0.37623,0.0,null],[101.03877,-0.37403,0.0,null],[101.03427,-0.37043,0.0,null],[101.02587,-0.35363,0.0,null],[101.02097,-0.34663,0.0,null],[101.01167,-0.33663,0.0,null],[100.99607,-0.32283,0.0,null],[100.97977,-0.31643,0.0,null],[100.97407,-0.31713,0.0,null],[100.96827,-0.31933,0.0,null],[100.96497,-0.31863,0.0,null],[100.96267,-0.31693,0.0,null],[100.95847,-0.31583,0.0,null],[100.95037,-0.31733,0.0,null],[100.94877,-0.31643,0.0,null]]]}},{"type":"Feature","properties":{"inventoryId":"big-forestry-ha:104","sector":"PBPH","subtype":"IUPHHK-HA","quality":"OFFICIAL","sourceDataset":"big-forestry-ha","sourceRecordId":"104","source":"BIG Kebijakan Satu Peta","sourceUrl":"https://kspservices.big.go.id/satupeta/rest/services/PUBLIK/PERIZINAN_DAN_PERTANAHAN/MapServer/1","retrievedAt":"2026-08-31T08:53:33Z","geometryProcessing":"web display simplification tolerance 0.00035 degrees","name":"PT MULYAKARYA JAYACO","permitNumber":"SK.640/Kpts-II/1999","permitDate":"1999-08-16","areaHa":47000.0,"provinceCode":"12","region":"sumatra"},"geometry":{"type":"MultiPolygon","coordinates":[[[[98.2178,3.41443,0.0,null],[98.20781,3.42242,0.0,null],[98.19546,3.43659,0.0,null],[98.1845,3.4542,0.0,null],[98.17339,3.48047,0.0,null],[98.16777,3.49737,0.0,null],[98.16401,3.51292,0.0,null],[98.16264,3.52229,0.0,null],[98.16255,3.53278,0.0,null],[98.15996,3.5447,0.0,null],[98.15788,3.56218,0.0,null],[98.15201,3.59309,0.0,null],[98.14615,3.61472,0.0,null],[98.1393,3.63297,0.0,null],[98.12964,3.6525,0.0,null],[98.11993,3.67689,0.0,null],[98.11793,3.69267,0.0,null],[98.11607,3.70025,0.0,null],[98.11526,3.71383,0.0,null],[98.12497,3.7556,0.0,null],[98.12695,3.77057,0.0,null],[98.13258,3.78489,0.0,null],[98.14013,3.80009,0.0,null],[98.15074,3.81528,0.0,null],[98.17552,3.83578,0.0,null],[98.17758,3.84453,0.0,null],[98.18541,3.85355,0.0,null],[98.20095,3.86376,0.0,null],[98.2056,3.86864,0.0,null],[98.20871,3.8781,0.0,null],[98.21821,3.88894,0.0,null],[98.22611,3.89589,0.0,null],[98.21368,3.90432,0.0,null],[98.20191,3.90543,0.0,null],[98.18963,3.90487,0.0,null],[98.16778,3.89217,0.0,null],[98.16517,3.88915,0.0,null],[98.16282,3.87646,0.0,null],[98.16286,3.85774,0.0,null],[98.16157,3.85529,0.0,null],[98.14996,3.84728,0.0,null],[98.13996,3.83914,0.0,null],[98.13159,3.82823,0.0,null],[98.12563,3.81921,0.0,null],[98.11958,3.80662,0.0,null],[98.11168,3.78573,0.0,null],[98.10134,3.77546,0.0,null],[98.09765,3.76462,0.0,null],[98.09106,3.75378,0.0,null],[98.0788,3.71705,0.0,null],[98.07919,3.71068,0.0,null],[98.08172,3.70335,0.0,null],[98.08776,3.69268,0.0,null],[98.08873,3.68643,0.0,null],[98.08751,3.68011,0.0,null],[98.0874,3.6737,0.0,null],[98.08851,3.66704,0.0,null],[98.09025,3.66146,0.0,null],[98.09502,3.65252,0.0,null],[98.11445,3.62425,0.0,null],[98.12281,3.60701,0.0,null],[98.12585,3.59799,0.0,null],[98.12558,3.59357,0.0,null],[98.1229,3.58628,0.0,null],[98.11653,3.57529,0.0,null],[98.11498,3.56776,0.0,null],[98.11645,3.56419,0.0,null],[98.12562,3.55577,0.0,null],[98.12458,3.54126,0.0,null],[98.12658,3.53637,0.0,null],[98.13556,3.53248,0.0,null],[98.14019,3.52748,0.0,null],[98.14376,3.51662,0.0,null],[98.14418,3.50855,0.0,null],[98.14296,3.50195,0.0,null],[98.13865,3.49384,0.0,null],[98.13275,3.48612,0.0,null],[98.13178,3.48161,0.0,null],[98.13753,3.46604,0.0,null],[98.13798,3.45999,0.0,null],[98.13654,3.45406,0.0,null],[98.13373,3.45004,0.0,null],[98.13384,3.44825,0.0,null],[98.14476,3.44679,0.0,null],[98.14759,3.44428,0.0,null],[98.15165,3.42077,0.0,null],[98.15386,3.4186,0.0,null],[98.16631,3.41582,0.0,null],[98.16879,3.41343,0.0,null],[98.17326,3.40333,0.0,null],[98.17568,3.40107,0.0,null],[98.20167,3.4012,0.0,null],[98.21365,3.40032,0.0,null],[98.22286,3.38842,0.0,null],[98.23087,3.3726,0.0,null],[98.23951,3.36675,0.0,null],[98.24881,3.36233,0.0,null],[98.26027,3.35053,0.0,null],[98.26097,3.34554,0.0,null],[98.25666,3.33714,0.0,null],[98.25837,3.33428,0.0,null],[98.26667,3.33104,0.0,null],[98.2689,3.32593,0.0,null],[98.26472,3.31812,0.0,null],[98.26553,3.31396,0.0,null],[98.26778,3.31217,0.0,null],[98.27264,3.31215,0.0,null],[98.27382,3.3106,0.0,null],[98.27274,3.30645,0.0,null],[98.27321,3.30467,0.0,null],[98.27664,3.30252,0.0,null],[98.28032,3.30298,0.0,null],[98.28306,3.3057,0.0,null],[98.29079,3.31077,0.0,null],[98.29941,3.31288,0.0,null],[98.30521,3.30894,0.0,null],[98.31229,3.29977,0.0,null],[98.31656,3.29975,0.0,null],[98.32085,3.30259,0.0,null],[98.32277,3.3091,0.0,null],[98.32611,3.31431,0.0,null],[98.33088,3.31916,0.0,null],[98.34234,3.32184,0.0,null],[98.3491,3.31933,0.0,null],[98.35489,3.31456,0.0,null],[98.35914,3.3086,0.0,null],[98.36066,3.30231,0.0,null],[98.36062,3.29127,0.0,null],[98.36214,3.28628,0.0,null],[98.36462,3.28366,0.0,null],[98.36764,3.28294,0.0,null],[98.38773,3.2895,0.0,null],[98.39533,3.29292,0.0,null],[98.4071,3.2969,0.0,null],[98.41796,3.29864,0.0,null],[98.42035,3.30231,0.0,null],[98.4205,3.31026,0.0,null],[98.42421,3.31642,0.0,null],[98.42766,3.31878,0.0,null],[98.43241,3.32078,0.0,null],[98.44215,3.32145,0.0,null],[98.44843,3.31976,0.0,null],[98.45312,3.31986,0.0,null],[98.46001,3.32363,0.0,null],[98.46547,3.32361,0.0,null],[98.46879,3.3217,0.0,null],[98.47279,3.31433,0.0,null],[98.47469,3.31337,0.0,null],[98.47946,3.31893,0.0,null],[98.48639,3.33207,0.0,null],[98.49807,3.35802,0.0,null],[98.5027,3.37402,0.0,null],[98.5055,3.3911,0.0,null],[98.50609,3.40723,0.0,null],[98.46717,3.37772,0.0,null],[98.4451,3.3638,0.0,null],[98.42621,3.357,0.0,null],[98.40845,3.35351,0.0,null],[98.39004,3.34871,0.0,null],[98.36291,3.3474,0.0,null],[98.32631,3.34932,0.0,null],[98.31012,3.35188,0.0,null],[98.29234,3.35693,0.0,null],[98.27369,3.36579,0.0,null],[98.25403,3.37702,0.0,null],[98.24374,3.38454,0.0,null],[98.23458,3.39431,0.0,null],[98.23009,3.40085,0.0,null],[98.2178,3.41443,0.0,null]]],[[[98.22152,3.94237,0.0,null],[98.21306,3.95681,0.0,null],[98.139,3.97898,0.0,null],[98.10958,3.99048,0.0,null],[98.09436,3.99986,0.0,null],[98.09134,4.00251,0.0,null],[98.0575,4.02672,0.0,null],[98.05105,4.01922,0.0,null],[98.08413,3.99451,0.0,null],[98.08573,3.98991,0.0,null],[98.086,3.97741,0.0,null],[98.08801,3.97188,0.0,null],[98.0937,3.96635,0.0,null],[98.10041,3.96312,0.0,null],[98.11118,3.96182,0.0,null],[98.12118,3.95736,0.0,null],[98.13163,3.94284,0.0,null],[98.13441,3.94017,0.0,null],[98.14058,3.93904,0.0,null],[98.14672,3.94016,0.0,null],[98.14936,3.93893,0.0,null],[98.15518,3.92677,0.0,null],[98.15831,3.91264,0.0,null],[98.17278,3.91997,0.0,null],[98.17591,3.93478,0.0,null],[98.1801,3.93967,0.0,null],[98.18503,3.93977,0.0,null],[98.18988,3.93507,0.0,null],[98.19873,3.93069,0.0,null],[98.21178,3.92551,0.0,null],[98.21813,3.9241,0.0,null],[98.22949,3.92321,0.0,null],[98.22152,3.94237,0.0,null]]],[[[98.35659,2.93262,0.0,null],[98.36225,2.9359,0.0,null],[98.36444,2.94065,0.0,null],[98.36371,2.94758,0.0,null],[98.36225,2.95142,0.0,null],[98.36079,2.95233,0.0,null],[98.3555,2.95397,0.0,null],[98.34418,2.95488,0.0,null],[98.33451,2.95288,0.0,null],[98.32411,2.94795,0.0,null],[98.32064,2.94558,0.0,null],[98.29856,2.92641,0.0,null],[98.28816,2.9213,0.0,null],[98.28068,2.91674,0.0,null],[98.27575,2.91127,0.0,null],[98.2825,2.90798,0.0,null],[98.29546,2.90378,0.0,null],[98.29929,2.90159,0.0,null],[98.30258,2.89922,0.0,null],[98.30422,2.89721,0.0,null],[98.30531,2.89448,0.0,null],[98.30568,2.89064,0.0,null],[98.30404,2.88718,0.0,null],[98.3013,2.88572,0.0,null],[98.29345,2.8848,0.0,null],[98.28433,2.88462,0.0,null],[98.27958,2.88371,0.0,null],[98.27812,2.88207,0.0,null],[98.27849,2.88061,0.0,null],[98.27922,2.87969,0.0,null],[98.28195,2.87896,0.0,null],[98.28925,2.87842,0.0,null],[98.29382,2.87732,0.0,null],[98.29655,2.87586,0.0,null],[98.30896,2.86674,0.0,null],[98.31645,2.85652,0.0,null],[98.32338,2.85287,0.0,null],[98.32831,2.85104,0.0,null],[98.33141,2.85141,0.0,null],[98.33506,2.85287,0.0,null],[98.3378,2.85579,0.0,null],[98.3398,2.85998,0.0,null],[98.34254,2.86363,0.0,null],[98.34838,2.86929,0.0,null],[98.34528,2.86929,0.0,null],[98.33798,2.87057,0.0,null],[98.32466,2.87513,0.0,null],[98.31973,2.88042,0.0,null],[98.31699,2.88553,0.0,null],[98.31535,2.89411,0.0,null],[98.3159,2.8994,0.0,null],[98.31809,2.90743,0.0,null],[98.32119,2.91546,0.0,null],[98.3263,2.92149,0.0,null],[98.33232,2.92733,0.0,null],[98.33634,2.93025,0.0,null],[98.34017,2.93171,0.0,null],[98.34528,2.93225,0.0,null],[98.35112,2.93171,0.0,null],[98.35659,2.93262,0.0,null]]],[[[98.44074,2.98981,0.0,null],[98.43356,2.99751,0.0,null],[98.42878,2.99897,0.0,null],[98.42243,2.9999,0.0,null],[98.41515,3.00063,0.0,null],[98.41026,3.00022,0.0,null],[98.40548,2.99782,0.0,null],[98.40038,2.9921,0.0,null],[98.39539,2.98773,0.0,null],[98.39258,2.98201,0.0,null],[98.39383,2.97494,0.0,null],[98.39664,2.96963,0.0,null],[98.39726,2.96735,0.0,null],[98.39955,2.96568,0.0,null],[98.40215,2.96464,0.0,null],[98.40569,2.96506,0.0,null],[98.40985,2.96839,0.0,null],[98.41318,2.97307,0.0,null],[98.41744,2.98524,0.0,null],[98.41994,2.98711,0.0,null],[98.42379,2.98867,0.0,null],[98.42649,2.98607,0.0,null],[98.4294,2.97889,0.0,null],[98.43211,2.96849,0.0,null],[98.43242,2.95975,0.0,null],[98.43086,2.94571,0.0,null],[98.4318,2.94248,0.0,null],[98.43471,2.93728,0.0,null],[98.43897,2.9326,0.0,null],[98.44397,2.92969,0.0,null],[98.44958,2.9274,0.0,null],[98.46696,2.92303,0.0,null],[98.4707,2.92064,0.0,null],[98.47278,2.91835,0.0,null],[98.4707,2.92626,0.0,null],[98.46404,2.93364,0.0,null],[98.46259,2.93708,0.0,null],[98.46217,2.95923,0.0,null],[98.45832,2.96943,0.0,null],[98.45114,2.97525,0.0,null],[98.4473,2.97931,0.0,null],[98.4449,2.98232,0.0,null],[98.44074,2.98981,0.0,null]]]]}},{"type":"Feature","properties":{"inventoryId":"big-forestry-ha:210","sector":"PBPH","subtype":"IUPHHK-HA","quality":"OFFICIAL","sourceDataset":"big-forestry-ha","sourceRecordId":"210","source":"BIG Kebijakan Satu Peta","sourceUrl":"https://kspservices.big.go.id/satupeta/rest/services/PUBLIK/PERIZINAN_DAN_PERTANAHAN/MapServer/1","retrievedAt":"2026-08-31T08:53:33Z","geometryProcessing":"web display simplification tolerance 0.00035 degrees","name":"PT MUTIARA SABUK KHATULISTIWA","permitNumber":"SK.109/Kpts-II/2000","permitDate":"2000-12-29","areaHa":44595.0,"provinceCode":"14","region":"sumatra"},"geometry":{"type":"MultiPolygon","coordinates":[[[[102.69152,-0.08197,0.0,null],[102.69674,-0.22155,0.0,null],[102.69703,-0.24842,0.0,null],[102.7981,-0.24837,0.0,null],[102.7979,-0.20959,0.0,null],[102.80063,-0.20937,0.0,null],[102.80313,-0.20995,0.0,null],[102.80687,-0.21397,0.0,null],[102.80891,-0.21511,0.0,null],[102.82028,-0.21568,0.0,null],[102.82562,-0.21902,0.0,null],[102.82858,-0.21969,0.0,null],[102.83612,-0.21341,0.0,null],[102.83864,-0.2126,0.0,null],[102.84425,-0.21242,0.0,null],[102.84684,-0.21146,0.0,null],[102.84815,-0.20961,0.0,null],[102.85059,-0.2024,0.0,null],[102.8517,-0.20118,0.0,null],[102.8541,-0.20055,0.0,null],[102.85846,-0.20073,0.0,null],[102.86985,-0.20254,0.0,null],[102.87122,-0.20155,0.0,null],[102.87277,-0.19928,0.0,null],[102.87376,-0.19355,0.0,null],[102.8735,-0.19058,0.0,null],[102.87017,-0.18336,0.0,null],[102.87134,-0.18088,0.0,null],[102.87286,-0.18008,0.0,null],[102.8754,-0.17999,0.0,null],[102.88116,-0.18248,0.0,null],[102.88316,-0.18213,0.0,null],[102.88531,-0.18003,0.0,null],[102.88624,-0.17504,0.0,null],[102.88782,-0.17108,0.0,null],[102.88861,-0.17027,0.0,null],[102.89008,-0.16995,0.0,null],[102.89285,-0.17127,0.0,null],[102.89623,-0.17897,0.0,null],[102.89786,-0.18022,0.0,null],[102.90219,-0.18027,0.0,null],[102.90937,-0.17726,0.0,null],[102.91202,-0.17401,0.0,null],[102.91251,-0.17033,0.0,null],[102.91108,-0.1674,0.0,null],[102.9072,-0.16422,0.0,null],[102.90458,-0.16073,0.0,null],[102.90438,-0.15943,0.0,null],[102.90565,-0.15752,0.0,null],[102.90792,-0.15612,0.0,null],[102.91466,-0.15498,0.0,null],[102.91694,-0.15518,0.0,null],[102.91943,-0.15637,0.0,null],[102.92292,-0.16123,0.0,null],[102.92515,-0.16331,0.0,null],[102.9284,-0.16295,0.0,null],[102.93025,-0.16146,0.0,null],[102.93417,-0.1553,0.0,null],[102.93533,-0.15203,0.0,null],[102.9367,-0.14488,0.0,null],[102.93815,-0.14321,0.0,null],[102.94057,-0.14274,0.0,null],[102.94341,-0.14374,0.0,null],[102.94454,-0.14553,0.0,null],[102.94592,-0.15093,0.0,null],[102.94776,-0.15331,0.0,null],[102.94903,-0.15401,0.0,null],[102.95111,-0.15416,0.0,null],[102.95454,-0.15291,0.0,null],[102.95637,-0.15074,0.0,null],[102.95963,-0.14495,0.0,null],[102.96214,-0.14388,0.0,null],[102.96509,-0.14506,0.0,null],[102.96775,-0.15016,0.0,null],[102.96927,-0.15159,0.0,null],[102.9716,-0.15257,0.0,null],[102.97376,-0.15175,0.0,null],[102.97539,-0.15066,0.0,null],[102.97737,-0.14756,0.0,null],[102.97766,-0.14559,0.0,null],[102.97673,-0.13791,0.0,null],[102.97691,-0.13681,0.0,null],[102.9788,-0.13434,0.0,null],[102.98192,-0.13254,0.0,null],[102.98692,-0.13223,0.0,null],[102.99102,-0.13351,0.0,null],[102.99353,-0.13555,0.0,null],[102.99702,-0.12582,0.0,null],[103.00007,-0.12111,0.0,null],[103.00628,-0.11369,0.0,null],[103.01065,-0.1099,0.0,null],[103.01671,-0.1057,0.0,null],[103.03435,-0.09836,0.0,null],[103.03351,-0.09283,0.0,null],[103.0341,-0.08796,0.0,null],[103.03661,-0.08379,0.0,null],[103.03661,-0.08178,0.0,null],[103.03426,-0.07944,0.0,null],[103.02926,-0.07744,0.0,null],[103.02658,-0.07811,0.0,null],[103.02541,-0.07928,0.0,null],[103.02541,-0.08111,0.0,null],[103.02976,-0.08529,0.0,null],[103.03109,-0.08863,0.0,null],[103.03063,-0.09019,0.0,null],[103.02857,-0.09334,0.0,null],[103.0277,-0.09384,0.0,null],[103.02344,-0.09506,0.0,null],[103.01793,-0.09534,0.0,null],[103.01573,-0.09452,0.0,null],[103.0146,-0.09256,0.0,null],[103.01492,-0.09087,0.0,null],[103.01892,-0.08683,0.0,null],[103.0195,-0.08455,0.0,null],[103.01816,-0.08134,0.0,null],[103.01616,-0.07983,0.0,null],[103.01393,-0.08035,0.0,null],[103.00972,-0.08824,0.0,null],[103.00356,-0.08971,0.0,null],[103.00116,-0.08935,0.0,null],[102.99985,-0.08834,0.0,null],[102.99947,-0.08721,0.0,null],[103.00059,-0.0849,0.0,null],[103.00311,-0.08202,0.0,null],[103.00335,-0.07971,0.0,null],[103.00263,-0.07826,0.0,null],[102.99849,-0.07566,0.0,null],[102.99671,-0.07569,0.0,null],[102.99585,-0.07628,0.0,null],[102.99417,-0.08272,0.0,null],[102.99289,-0.08429,0.0,null],[102.97951,-0.08561,0.0,null],[102.97834,-0.08498,0.0,null],[102.9781,-0.08378,0.0,null],[102.97919,-0.08095,0.0,null],[102.98075,-0.07897,0.0,null],[102.9807,-0.07653,0.0,null],[102.97842,-0.07281,0.0,null],[102.97593,-0.07174,0.0,null],[102.97434,-0.07268,0.0,null],[102.97321,-0.08019,0.0,null],[102.96527,-0.08507,0.0,null],[102.96322,-0.08466,0.0,null],[102.96271,-0.07836,0.0,null],[102.96144,-0.07658,0.0,null],[102.95832,-0.07487,0.0,null],[102.95511,-0.0756,0.0,null],[102.9545,-0.07778,0.0,null],[102.95941,-0.08248,0.0,null],[102.95959,-0.08364,0.0,null],[102.95723,-0.08918,0.0,null],[102.95355,-0.09285,0.0,null],[102.95164,-0.09184,0.0,null],[102.95059,-0.08872,0.0,null],[102.94972,-0.08779,0.0,null],[102.94532,-0.08648,0.0,null],[102.94018,-0.08365,0.0,null],[102.93713,-0.08333,0.0,null],[102.93653,-0.08038,0.0,null],[102.80801,-0.08072,0.0,null],[102.69152,-0.08197,0.0,null]]],[[[102.69151,-0.08176,0.0,null],[102.6914,-0.08197,0.0,null],[102.69152,-0.08197,0.0,null],[102.69151,-0.08176,0.0,null]]]]}},{"type":"Feature","properties":{"inventoryId":"big-forestry-ha:108","sector":"PBPH","subtype":"IUPHHK-HA","quality":"OFFICIAL","sourceDataset":"big-forestry-ha","sourceRecordId":"108","source":"BIG Kebijakan Satu Peta","sourceUrl":"https://kspservices.big.go.id/satupeta/rest/services/PUBLIK/PERIZINAN_DAN_PERTANAHAN/MapServer/1","retrievedAt":"2026-08-31T08:53:33Z","geometryProcessing":"web display simplification tolerance 0.00035 degrees","name":"PT PANEI LIKA SEJAHTERA","permitNumber":"SK.197/Menhut-II/2006","permitDate":"2006-06-01","areaHa":12460.0,"provinceCode":"12","region":"sumatra"},"geometry":{"type":"Polygon","coordinates":[[[99.24127,1.18997,0.0,null],[99.24132,1.18831,0.0,null],[99.24045,1.18708,0.0,null],[99.24168,1.18582,0.0,null],[99.24118,1.18429,0.0,null],[99.24306,1.1834,0.0,null],[99.24243,1.1821,0.0,null],[99.24323,1.17977,0.0,null],[99.24473,1.17859,0.0,null],[99.2448,1.17612,0.0,null],[99.2457,1.17403,0.0,null],[99.2454,1.17224,0.0,null],[99.24725,1.17106,0.0,null],[99.24806,1.16901,0.0,null],[99.24759,1.1667,0.0,null],[99.25211,1.16431,0.0,null],[99.25178,1.16271,0.0,null],[99.24991,1.16033,0.0,null],[99.2506,1.15879,0.0,null],[99.24819,1.15748,0.0,null],[99.24779,1.15605,0.0,null],[99.24873,1.15453,0.0,null],[99.24998,1.15474,0.0,null],[99.24993,1.15206,0.0,null],[99.25193,1.15117,0.0,null],[99.25153,1.14898,0.0,null],[99.25237,1.14787,0.0,null],[99.25236,1.14574,0.0,null],[99.25382,1.14572,0.0,null],[99.25379,1.14208,0.0,null],[99.25745,1.13938,0.0,null],[99.25629,1.13655,0.0,null],[99.2584,1.13506,0.0,null],[99.25793,1.13141,0.0,null],[99.26114,1.13068,0.0,null],[99.2613,1.1298,0.0,null],[99.25969,1.12858,0.0,null],[99.26104,1.12587,0.0,null],[99.26385,1.12334,0.0,null],[99.26022,1.12127,0.0,null],[99.25876,1.11883,0.0,null],[99.26066,1.11459,0.0,null],[99.26334,1.11078,0.0,null],[99.26322,1.10882,0.0,null],[99.26444,1.10825,0.0,null],[99.26511,1.10709,0.0,null],[99.26518,1.10598,0.0,null],[99.26419,1.10511,0.0,null],[99.26427,1.10433,0.0,null],[99.26598,1.10331,0.0,null],[99.26751,1.10014,0.0,null],[99.26927,1.09952,0.0,null],[99.26959,1.09808,0.0,null],[99.27509,1.09607,0.0,null],[99.27849,1.0959,0.0,null],[99.27991,1.09401,0.0,null],[99.27906,1.09281,0.0,null],[99.27936,1.09142,0.0,null],[99.28209,1.08928,0.0,null],[99.28265,1.08805,0.0,null],[99.28248,1.08511,0.0,null],[99.28163,1.08322,0.0,null],[99.28469,1.08391,0.0,null],[99.287,1.08082,0.0,null],[99.29115,1.0786,0.0,null],[99.29085,1.07696,0.0,null],[99.29285,1.07502,0.0,null],[99.29263,1.07344,0.0,null],[99.29504,1.07237,0.0,null],[99.29522,1.06972,0.0,null],[99.29764,1.06803,0.0,null],[99.29893,1.06336,0.0,null],[99.30151,1.0633,0.0,null],[99.30402,1.06181,0.0,null],[99.30564,1.06165,0.0,null],[99.30691,1.06047,0.0,null],[99.3069,1.0593,0.0,null],[99.30536,1.05659,0.0,null],[99.30827,1.05673,0.0,null],[99.30969,1.05565,0.0,null],[99.31057,1.05333,0.0,null],[99.31045,1.04941,0.0,null],[99.31163,1.04669,0.0,null],[99.31443,1.04728,0.0,null],[99.31506,1.04615,0.0,null],[99.31459,1.04461,0.0,null],[99.315,1.04387,0.0,null],[99.3198,1.04359,0.0,null],[99.3228,1.04171,0.0,null],[99.32384,1.03899,0.0,null],[99.33184,1.03554,0.0,null],[99.3322,1.03167,0.0,null],[99.33523,1.03113,0.0,null],[99.33594,1.03011,0.0,null],[99.33537,1.0267,0.0,null],[99.3363,1.02391,0.0,null],[99.33816,1.02351,0.0,null],[99.33867,1.02585,0.0,null],[99.34095,1.0269,0.0,null],[99.34199,1.02682,0.0,null],[99.34309,1.02533,0.0,null],[99.34237,1.02364,0.0,null],[99.3428,1.02294,0.0,null],[99.34724,1.02215,0.0,null],[99.3485,1.02133,0.0,null],[99.34732,1.01724,0.0,null],[99.35073,1.018,0.0,null],[99.35226,1.01662,0.0,null],[99.3542,1.01883,0.0,null],[99.35699,1.01774,0.0,null],[99.35936,1.02083,0.0,null],[99.36007,1.02304,0.0,null],[99.36123,1.02282,0.0,null],[99.36314,1.02113,0.0,null],[99.36544,1.02114,0.0,null],[99.36779,1.02025,0.0,null],[99.36931,1.02073,0.0,null],[99.36689,1.02724,0.0,null],[99.36361,1.03227,0.0,null],[99.36001,1.0326,0.0,null],[99.35388,1.03074,0.0,null],[99.34568,1.0315,0.0,null],[99.33617,1.0362,0.0,null],[99.3353,1.03894,0.0,null],[99.33598,1.04455,0.0,null],[99.33576,1.04946,0.0,null],[99.33234,1.06091,0.0,null],[99.33169,1.06955,0.0,null],[99.32852,1.07928,0.0,null],[99.32502,1.08442,0.0,null],[99.31846,1.09087,0.0,null],[99.30851,1.11044,0.0,null],[99.30632,1.11875,0.0,null],[99.30184,1.12914,0.0,null],[99.29736,1.14368,0.0,null],[99.28927,1.16129,0.0,null],[99.28382,1.17677,0.0,null],[99.28085,1.18993,0.0,null],[99.2662,1.23443,0.0,null],[99.26576,1.24832,0.0,null],[99.26259,1.27336,0.0,null],[99.26018,1.28166,0.0,null],[99.25023,1.29785,0.0,null],[99.25045,1.30528,0.0,null],[99.25275,1.30933,0.0,null],[99.25111,1.31053,0.0,null],[99.24881,1.31928,0.0,null],[99.24564,1.32529,0.0,null],[99.24225,1.3266,0.0,null],[99.23875,1.32573,0.0,null],[99.2346,1.32234,0.0,null],[99.23318,1.31906,0.0,null],[99.23208,1.31326,0.0,null],[99.23241,1.29555,0.0,null],[99.23318,1.29118,0.0,null],[99.23613,1.28855,0.0,null],[99.24367,1.28713,0.0,null],[99.24695,1.2833,0.0,null],[99.2475,1.27653,0.0,null],[99.24498,1.26384,0.0,null],[99.24181,1.25936,0.0,null],[99.23788,1.25794,0.0,null],[99.22509,1.25947,0.0,null],[99.22312,1.25685,0.0,null],[99.22662,1.25313,0.0,null],[99.23471,1.24963,0.0,null],[99.23864,1.24405,0.0,null],[99.23919,1.23782,0.0,null],[99.2416,1.2352,0.0,null],[99.25165,1.23017,0.0,null],[99.25319,1.22645,0.0,null],[99.25242,1.21169,0.0,null],[99.26062,1.20316,0.0,null],[99.26641,1.1872,0.0,null],[99.26565,1.18545,0.0,null],[99.2627,1.18643,0.0,null],[99.25461,1.19376,0.0,null],[99.24903,1.20076,0.0,null],[99.24203,1.2071,0.0,null],[99.23427,1.2095,0.0,null],[99.23044,1.21388,0.0,null],[99.22552,1.22558,0.0,null],[99.22355,1.23203,0.0,null],[99.21995,1.23684,0.0,null],[99.21699,1.23946,0.0,null],[99.21437,1.2387,0.0,null],[99.21339,1.23443,0.0,null],[99.21131,1.23334,0.0,null],[99.20562,1.23498,0.0,null],[99.21284,1.21727,0.0,null],[99.23438,1.19256,0.0,null],[99.23846,1.19049,0.0,null],[99.24127,1.18997,0.0,null]]]}},{"type":"Feature","properties":{"inventoryId":"big-forestry-ha:9","sector":"PBPH","subtype":"IUPHHK-HA","quality":"OFFICIAL","sourceDataset":"big-forestry-ha","sourceRecordId":"9","source":"BIG Kebijakan Satu Peta","sourceUrl":"https://kspservices.big.go.id/satupeta/rest/services/PUBLIK/PERIZINAN_DAN_PERTANAHAN/MapServer/1","retrievedAt":"2026-08-31T08:53:33Z","geometryProcessing":"web display simplification tolerance 0.00035 degrees","name":"PT PESONA BELANTARA PERSADA","permitNumber":"SK.674/Menhut-II/2010","permitDate":"2010-12-08","areaHa":21315.0,"provinceCode":"15","region":"sumatra"},"geometry":{"type":"Polygon","coordinates":[[[104.14921,-1.70524,0.0,null],[103.95719,-1.56454,0.0,null],[103.95063,-1.56892,0.0,null],[103.95009,-1.57449,0.0,null],[103.94647,-1.58881,0.0,null],[103.94437,-1.60719,0.0,null],[103.94434,-1.62857,0.0,null],[103.94552,-1.64768,0.0,null],[103.95573,-1.64804,0.0,null],[103.95606,-1.67467,0.0,null],[103.97554,-1.73024,0.0,null],[104.0435,-1.71282,0.0,null],[104.05098,-1.73409,0.0,null],[104.15071,-1.70642,0.0,null],[104.14921,-1.70524,0.0,null]]]}},{"type":"Feature","properties":{"inventoryId":"big-forestry-ha:7","sector":"PBPH","subtype":"IUPHHK-HA","quality":"OFFICIAL","sourceDataset":"big-forestry-ha","sourceRecordId":"7","source":"BIG Kebijakan Satu Peta","sourceUrl":"https://kspservices.big.go.id/satupeta/rest/services/PUBLIK/PERIZINAN_DAN_PERTANAHAN/MapServer/1","retrievedAt":"2026-08-31T08:53:33Z","geometryProcessing":"web display simplification tolerance 0.00035 degrees","name":"PT PUTRA DUTA INDAH WOOD","permitNumber":"SK.269/Menhut-II/2009","permitDate":"2009-05-13","areaHa":34730.0,"provinceCode":"15","region":"sumatra"},"geometry":{"type":"Polygon","coordinates":[[[104.14947,-1.7052,0.0,null],[104.26932,-1.67048,0.0,null],[104.26425,-1.66726,0.0,null],[104.25641,-1.66338,0.0,null],[104.24782,-1.65754,0.0,null],[104.23302,-1.64542,0.0,null],[104.22004,-1.63369,0.0,null],[104.18526,-1.61618,0.0,null],[104.17433,-1.61124,0.0,null],[104.16511,-1.6059,0.0,null],[104.15962,-1.6034,0.0,null],[104.11969,-1.57394,0.0,null],[104.1147,-1.56924,0.0,null],[104.07881,-1.52375,0.0,null],[104.0689,-1.49389,0.0,null],[103.97138,-1.49402,0.0,null],[103.96243,-1.52654,0.0,null],[103.95491,-1.54935,0.0,null],[103.95197,-1.56073,0.0,null],[104.14947,-1.7052,0.0,null]]]}},{"type":"Feature","properties":{"inventoryId":"big-forestry-ha:169","sector":"PBPH","subtype":"IUPHHK-HA","quality":"OFFICIAL","sourceDataset":"big-forestry-ha","sourceRecordId":"169","source":"BIG Kebijakan Satu Peta","sourceUrl":"https://kspservices.big.go.id/satupeta/rest/services/PUBLIK/PERIZINAN_DAN_PERTANAHAN/MapServer/1","retrievedAt":"2026-08-31T08:53:33Z","geometryProcessing":"web display simplification tolerance 0.00035 degrees","name":"PT SALAKI SUMMA SEJAHTERA","permitNumber":"SK.413/Menhut-II/2004","permitDate":"2004-10-19","areaHa":48420.0,"provinceCode":"13","region":"sumatra"},"geometry":{"type":"Polygon","coordinates":[[[98.65676,-1.08201,0.0,null],[98.65583,-1.08318,0.0,null],[98.65681,-1.0849,0.0,null],[98.66413,-1.09075,0.0,null],[98.67965,-1.09736,0.0,null],[98.69657,-1.09914,0.0,null],[98.71702,-1.09914,0.0,null],[98.73728,-1.09623,0.0,null],[98.73725,-1.09575,0.0,null],[98.73987,-1.09584,0.0,null],[98.7535,-1.09889,0.0,null],[98.76789,-1.10524,0.0,null],[98.78127,-1.11452,0.0,null],[98.80475,-1.14298,0.0,null],[98.8175,-1.16236,0.0,null],[98.85221,-1.22799,0.0,null],[98.85895,-1.21365,0.0,null],[98.86153,-1.22168,0.0,null],[98.86373,-1.22516,0.0,null],[98.86541,-1.22237,0.0,null],[98.86541,-1.22004,0.0,null],[98.87472,-1.20144,0.0,null],[98.89733,-1.16921,0.0,null],[98.90105,-1.16476,0.0,null],[98.89462,-1.16311,0.0,null],[98.88526,-1.15948,0.0,null],[98.88149,-1.14724,0.0,null],[98.88482,-1.13799,0.0,null],[98.89119,-1.12794,0.0,null],[98.89887,-1.11774,0.0,null],[98.90444,-1.10333,0.0,null],[98.90848,-1.10484,0.0,null],[98.91015,-1.09941,0.0,null],[98.91458,-1.07282,0.0,null],[98.90437,-1.07358,0.0,null],[98.89916,-1.06892,0.0,null],[98.89467,-1.06207,0.0,null],[98.89327,-1.0586,0.0,null],[98.88847,-1.04497,0.0,null],[98.88352,-1.02732,0.0,null],[98.88106,-1.02164,0.0,null],[98.876,-1.01493,0.0,null],[98.87325,-1.00918,0.0,null],[98.84386,-0.97421,0.0,null],[98.81952,-0.94365,0.0,null],[98.81063,-0.95185,0.0,null],[98.809,-0.95206,0.0,null],[98.80087,-0.95624,0.0,null],[98.79302,-0.95755,0.0,null],[98.79094,-0.97744,0.0,null],[98.78906,-0.98107,0.0,null],[98.78203,-0.98658,0.0,null],[98.77655,-0.98917,0.0,null],[98.76644,-0.99021,0.0,null],[98.76267,-0.98883,0.0,null],[98.76061,-0.9852,0.0,null],[98.76027,-0.98296,0.0,null],[98.76404,-0.97951,0.0,null],[98.76353,-0.97727,0.0,null],[98.76096,-0.97485,0.0,null],[98.75205,-0.97089,0.0,null],[98.74185,-0.95952,0.0,null],[98.73241,-0.95642,0.0,null],[98.73123,-0.95558,0.0,null],[98.72648,-0.94909,0.0,null],[98.72063,-0.9442,0.0,null],[98.71869,-0.94543,0.0,null],[98.71546,-0.94626,0.0,null],[98.71288,-0.94627,0.0,null],[98.71113,-0.94517,0.0,null],[98.70199,-0.95358,0.0,null],[98.69585,-0.95609,0.0,null],[98.6953,-0.95785,0.0,null],[98.69395,-0.95768,0.0,null],[98.68973,-0.95951,0.0,null],[98.68661,-0.95839,0.0,null],[98.68483,-0.95957,0.0,null],[98.68183,-0.96362,0.0,null],[98.67844,-0.96702,0.0,null],[98.6753,-0.97351,0.0,null],[98.67358,-0.97551,0.0,null],[98.67098,-0.9763,0.0,null],[98.66921,-0.97806,0.0,null],[98.6641,-0.9807,0.0,null],[98.66359,-0.9799,0.0,null],[98.66429,-0.98342,0.0,null],[98.66368,-0.98707,0.0,null],[98.66394,-0.99534,0.0,null],[98.66227,-0.99814,0.0,null],[98.66279,-1.00133,0.0,null],[98.66239,-1.0041,0.0,null],[98.66144,-1.00691,0.0,null],[98.65995,-1.00816,0.0,null],[98.66049,-1.00858,0.0,null],[98.66121,-1.01495,0.0,null],[98.66026,-1.02294,0.0,null],[98.66092,-1.02794,0.0,null],[98.66003,-1.03599,0.0,null],[98.66156,-1.04949,0.0,null],[98.66141,-1.05547,0.0,null],[98.6621,-1.05753,0.0,null],[98.66082,-1.06137,0.0,null],[98.6592,-1.07677,0.0,null],[98.6585,-1.0777,0.0,null],[98.65844,-1.07884,0.0,null],[98.65898,-1.07922,0.0,null],[98.65676,-1.08201,0.0,null]]]}},{"type":"Feature","properties":{"inventoryId":"big-forestry-ha:107","sector":"PBPH","subtype":"IUPHHK-HA","quality":"OFFICIAL","sourceDataset":"big-forestry-ha","sourceRecordId":"107","source":"BIG Kebijakan Satu Peta","sourceUrl":"https://kspservices.big.go.id/satupeta/rest/services/PUBLIK/PERIZINAN_DAN_PERTANAHAN/MapServer/1","retrievedAt":"2026-08-31T08:53:33Z","geometryProcessing":"web display simplification tolerance 0.00035 degrees","name":"PT TELUK NAULI","permitNumber":"SK.414/Menhut-II/2004","permitDate":"2004-10-19","areaHa":83143.0,"provinceCode":"12","region":"sumatra"},"geometry":{"type":"MultiPolygon","coordinates":[[[[99.00188,1.85445,0.0,null],[98.95831,1.85222,0.0,null],[98.94385,1.85323,0.0,null],[98.94179,1.83545,0.0,null],[98.94063,1.8176,0.0,null],[98.9409,1.81085,0.0,null],[98.94269,1.80704,0.0,null],[98.94431,1.80478,0.0,null],[98.95198,1.79823,0.0,null],[98.95323,1.79451,0.0,null],[98.95205,1.76587,0.0,null],[98.96242,1.73086,0.0,null],[98.96877,1.70446,0.0,null],[99.01823,1.71146,0.0,null],[99.02257,1.69319,0.0,null],[99.02828,1.68528,0.0,null],[99.03918,1.67784,0.0,null],[99.0416,1.67174,0.0,null],[99.03529,1.64306,0.0,null],[99.02658,1.63728,0.0,null],[99.01146,1.63131,0.0,null],[99.00212,1.62192,0.0,null],[99.00015,1.60807,0.0,null],[99.00131,1.60258,0.0,null],[99.02433,1.5813,0.0,null],[99.14144,1.58565,0.0,null],[99.14536,1.59002,0.0,null],[99.15343,1.60954,0.0,null],[99.15616,1.61413,0.0,null],[99.14499,1.63698,0.0,null],[99.10265,1.65623,0.0,null],[99.09733,1.66464,0.0,null],[99.09631,1.67533,0.0,null],[99.0884,1.69742,0.0,null],[99.06258,1.7529,0.0,null],[99.05693,1.76044,0.0,null],[99.04055,1.77528,0.0,null],[99.02574,1.79677,0.0,null],[99.01687,1.82194,0.0,null],[99.00188,1.85445,0.0,null]]],[[[98.98579,1.32609,0.0,null],[98.98432,1.3288,0.0,null],[98.97911,1.32885,0.0,null],[98.96868,1.32648,0.0,null],[98.96261,1.32573,0.0,null],[98.95721,1.32628,0.0,null],[98.95188,1.32847,0.0,null],[98.94747,1.32722,0.0,null],[98.94449,1.32829,0.0,null],[98.93855,1.326,0.0,null],[98.93748,1.32612,0.0,null],[98.93539,1.32841,0.0,null],[98.93456,1.32795,0.0,null],[98.93372,1.32488,0.0,null],[98.92953,1.32181,0.0,null],[98.92585,1.32075,0.0,null],[98.91367,1.31551,0.0,null],[98.90116,1.30863,0.0,null],[98.89186,1.30209,0.0,null],[98.889,1.29869,0.0,null],[98.88777,1.29623,0.0,null],[98.88792,1.29207,0.0,null],[98.88873,1.28764,0.0,null],[98.89476,1.27355,0.0,null],[98.89718,1.26653,0.0,null],[98.89835,1.26123,0.0,null],[98.89947,1.25108,0.0,null],[98.89876,1.23383,0.0,null],[98.89981,1.22363,0.0,null],[98.9019,1.21592,0.0,null],[98.90442,1.20977,0.0,null],[98.90976,1.19972,0.0,null],[98.92522,1.17442,0.0,null],[98.93224,1.16401,0.0,null],[98.95976,1.12845,0.0,null],[98.96825,1.12047,0.0,null],[98.97549,1.1172,0.0,null],[99.0137,1.11017,0.0,null],[99.0139,1.19625,0.0,null],[99.01436,1.2065,0.0,null],[99.01646,1.21607,0.0,null],[99.01784,1.27657,0.0,null],[99.01522,1.30347,0.0,null],[99.01237,1.30329,0.0,null],[99.01082,1.30562,0.0,null],[99.00915,1.30591,0.0,null],[99.00826,1.30711,0.0,null],[99.007,1.30663,0.0,null],[99.00481,1.30854,0.0,null],[99.00285,1.3129,0.0,null],[98.99861,1.316,0.0,null],[98.99689,1.31821,0.0,null],[98.99425,1.32443,0.0,null],[98.99257,1.32491,0.0,null],[98.98901,1.324,0.0,null],[98.98841,1.32717,0.0,null],[98.9871,1.32705,0.0,null],[98.98663,1.32448,0.0,null],[98.98573,1.32483,0.0,null],[98.98579,1.32609,0.0,null]]],[[[98.48128,-0.52201,0.0,null],[98.47892,-0.51999,0.0,null],[98.47259,-0.50947,0.0,null],[98.46777,-0.39726,0.0,null],[98.46599,-0.32518,0.0,null],[98.44522,-0.30173,0.0,null],[98.44173,-0.30713,0.0,null],[98.43714,-0.31239,0.0,null],[98.42639,-0.32062,0.0,null],[98.40704,-0.33324,0.0,null],[98.40289,-0.33882,0.0,null],[98.39894,-0.34554,0.0,null],[98.39529,-0.35552,0.0,null],[98.39125,-0.36879,0.0,null],[98.38635,-0.38122,0.0,null],[98.38481,-0.38869,0.0,null],[98.38412,-0.40763,0.0,null],[98.38521,-0.42349,0.0,null],[98.38489,-0.43059,0.0,null],[98.38386,-0.44713,0.0,null],[98.38162,-0.45783,0.0,null],[98.3782,-0.46482,0.0,null],[98.36792,-0.47706,0.0,null],[98.35905,-0.48895,0.0,null],[98.3613,-0.53738,0.0,null],[98.36293,-0.53993,0.0,null],[98.37304,-0.54447,0.0,null],[98.39497,-0.55667,0.0,null],[98.40525,-0.56757,0.0,null],[98.40718,-0.56822,0.0,null],[98.41039,-0.56787,0.0,null],[98.41294,-0.56648,0.0,null],[98.41487,-0.55157,0.0,null],[98.41862,-0.54444,0.0,null],[98.42207,-0.54033,0.0,null],[98.42494,-0.53822,0.0,null],[98.4354,-0.53358,0.0,null],[98.44271,-0.53198,0.0,null],[98.44601,-0.53197,0.0,null],[98.46245,-0.52684,0.0,null],[98.46653,-0.52628,0.0,null],[98.4732,-0.52664,0.0,null],[98.47728,-0.52838,0.0,null],[98.47912,-0.53053,0.0,null],[98.48419,-0.54171,0.0,null],[98.48585,-0.54418,0.0,null],[98.48806,-0.54597,0.0,null],[98.48907,-0.5461,0.0,null],[98.49019,-0.54608,0.0,null],[98.49254,-0.54483,0.0,null],[98.49354,-0.54319,0.0,null],[98.49377,-0.54148,0.0,null],[98.49371,-0.53809,0.0,null],[98.4928,-0.53522,0.0,null],[98.49066,-0.53203,0.0,null],[98.48128,-0.52201,0.0,null]]],[[[98.6793,1.78451,0.0,null],[98.63042,1.84236,0.0,null],[98.62115,1.83604,0.0,null],[98.62239,1.83542,0.0,null],[98.62555,1.83147,0.0,null],[98.62671,1.8284,0.0,null],[98.67148,1.77413,0.0,null],[98.67797,1.77454,0.0,null],[98.67884,1.7736,0.0,null],[98.67885,1.77223,0.0,null],[98.67995,1.7719,0.0,null],[98.67969,1.77444,0.0,null],[98.68024,1.77475,0.0,null],[98.68155,1.77412,0.0,null],[98.68147,1.77546,0.0,null],[98.68033,1.77584,0.0,null],[98.67928,1.77809,0.0,null],[98.67806,1.77905,0.0,null],[98.67068,1.77949,0.0,null],[98.67249,1.78142,0.0,null],[98.67757,1.78219,0.0,null],[98.68044,1.78134,0.0,null],[98.68085,1.77942,0.0,null],[98.68721,1.77333,0.0,null],[98.69376,1.7719,0.0,null],[98.69855,1.77299,0.0,null],[98.69931,1.77431,0.0,null],[98.69977,1.77757,0.0,null],[98.6793,1.78451,0.0,null]]]]}}]}
