{"type":"FeatureCollection","name":"meratus-sumatra-concession-inventory-forestry-hti","metadata":{"coverageId":"sumatra","parentCoverageId":"indonesia","generatedAt":"2026-08-24T04:22:31Z","pipelineVersion":"2","count":119,"sectors":["PBPH"],"qualities":["OFFICIAL"],"geometryNote":"Web-display geometry is simplified; consult source records for authoritative geometry.","evidenceNote":"A public concession record does not imply fire causation, illegality, or wrongdoing."},"features":[{"type":"Feature","properties":{"inventoryId":"big-forestry-hti:246","sector":"PBPH","subtype":"IUPHHK-HTI","quality":"OFFICIAL","sourceDataset":"big-forestry-hti","sourceRecordId":"246","source":"BIG Kebijakan Satu Peta","sourceUrl":"https://kspservices.big.go.id/satupeta/rest/services/PUBLIK/PERIZINAN_DAN_PERTANAHAN/MapServer/2","retrievedAt":"2026-08-24T04:22:31Z","geometryProcessing":"web display simplification tolerance 0.00035 degrees","name":"CV ALAM LESTARI","permitNumber":"SK.522.21/IUPHHK-HTI/I/2003/015","permitDate":"2003-01-30","areaHa":3300.0,"provinceCode":"14","region":"sumatra"},"geometry":{"type":"Polygon","coordinates":[[[102.29832,0.56173,0.0,null],[102.29601,0.56222,0.0,null],[102.28007,0.5011,0.0,null],[102.2664,0.44513,0.0,null],[102.29368,0.42503,0.0,null],[102.29437,0.4258,0.0,null],[102.28853,0.46098,0.0,null],[102.29251,0.47746,0.0,null],[102.299,0.48455,0.0,null],[102.30403,0.49901,0.0,null],[102.30903,0.51013,0.0,null],[102.31046,0.5195,0.0,null],[102.31234,0.51908,0.0,null],[102.31437,0.51957,0.0,null],[102.31659,0.51932,0.0,null],[102.32571,0.51629,0.0,null],[102.33208,0.51712,0.0,null],[102.34003,0.56163,0.0,null],[102.29832,0.56173,0.0,null]]]}},{"type":"Feature","properties":{"inventoryId":"big-forestry-hti:251","sector":"PBPH","subtype":"IUPHHK-HTI","quality":"OFFICIAL","sourceDataset":"big-forestry-hti","sourceRecordId":"251","source":"BIG Kebijakan Satu Peta","sourceUrl":"https://kspservices.big.go.id/satupeta/rest/services/PUBLIK/PERIZINAN_DAN_PERTANAHAN/MapServer/2","retrievedAt":"2026-08-24T04:22:31Z","geometryProcessing":"web display simplification tolerance 0.00035 degrees","name":"CV BHAKTI PRAJA MULIA","permitNumber":"SK.522.21/IUPHHK-HTI/I/2003/011","permitDate":"2003-01-28","areaHa":5800.0,"provinceCode":"14","region":"sumatra"},"geometry":{"type":"Polygon","coordinates":[[[102.35336,0.60438,0.0,null],[102.35107,0.60518,0.0,null],[102.30611,0.60235,0.0,null],[102.29601,0.56222,0.0,null],[102.29832,0.56173,0.0,null],[102.32482,0.56155,0.0,null],[102.47409,0.56241,0.0,null],[102.35336,0.60438,0.0,null]]]}},{"type":"Feature","properties":{"inventoryId":"big-forestry-hti:247","sector":"PBPH","subtype":"IUPHHK-HTI","quality":"OFFICIAL","sourceDataset":"big-forestry-hti","sourceRecordId":"247","source":"BIG Kebijakan Satu Peta","sourceUrl":"https://kspservices.big.go.id/satupeta/rest/services/PUBLIK/PERIZINAN_DAN_PERTANAHAN/MapServer/2","retrievedAt":"2026-08-24T04:22:31Z","geometryProcessing":"web display simplification tolerance 0.00035 degrees","name":"CV HARAPAN JAYA","permitNumber":"SK.522.21/IUPHHK-HTI/I/2003/016","permitDate":"2003-01-31","areaHa":4800.0,"provinceCode":"14","region":"sumatra"},"geometry":{"type":"Polygon","coordinates":[[[102.40506,0.40544,0.0,null],[102.39505,0.42547,0.0,null],[102.33799,0.38677,0.0,null],[102.33906,0.38491,0.0,null],[102.36569,0.35293,0.0,null],[102.39039,0.33914,0.0,null],[102.42621,0.36312,0.0,null],[102.40506,0.40544,0.0,null]]]}},{"type":"Feature","properties":{"inventoryId":"big-forestry-hti:249","sector":"PBPH","subtype":"IUPHHK-HTI","quality":"OFFICIAL","sourceDataset":"big-forestry-hti","sourceRecordId":"249","source":"BIG Kebijakan Satu Peta","sourceUrl":"https://kspservices.big.go.id/satupeta/rest/services/PUBLIK/PERIZINAN_DAN_PERTANAHAN/MapServer/2","retrievedAt":"2026-08-24T04:22:31Z","geometryProcessing":"web display simplification tolerance 0.00035 degrees","name":"CV MUTIARA LESTARI","permitNumber":"SK.522.21/IUPHHK-HTI/I/2003/07","permitDate":"2003-01-25","areaHa":4000.0,"provinceCode":"14","region":"sumatra"},"geometry":{"type":"MultiPolygon","coordinates":[[[[102.0735,0.45065,0.0,null],[102.07349,0.45626,0.0,null],[102.03496,0.44529,0.0,null],[102.03521,0.44493,0.0,null],[101.99585,0.43427,0.0,null],[101.99509,0.43336,0.0,null],[101.98151,0.4302,0.0,null],[101.98003,0.42965,0.0,null],[101.97993,0.42015,0.0,null],[101.98468,0.42096,0.0,null],[101.9922,0.42003,0.0,null],[101.9995,0.41982,0.0,null],[102.00534,0.42131,0.0,null],[102.03247,0.43087,0.0,null],[102.03887,0.43238,0.0,null],[102.04527,0.43179,0.0,null],[102.05247,0.42961,0.0,null],[102.05514,0.42984,0.0,null],[102.05745,0.43089,0.0,null],[102.06144,0.43528,0.0,null],[102.06462,0.43734,0.0,null],[102.06928,0.43828,0.0,null],[102.07346,0.43832,0.0,null],[102.0735,0.45065,0.0,null]]],[[[102.10881,0.43441,0.0,null],[102.11017,0.43567,0.0,null],[102.10739,0.43778,0.0,null],[102.10554,0.44023,0.0,null],[102.10385,0.44358,0.0,null],[102.10241,0.44911,0.0,null],[102.10114,0.44989,0.0,null],[102.0993,0.44803,0.0,null],[102.09789,0.44412,0.0,null],[102.09449,0.43937,0.0,null],[102.09091,0.43622,0.0,null],[102.08519,0.43486,0.0,null],[102.08551,0.42896,0.0,null],[102.07416,0.4291,0.0,null],[102.07393,0.43614,0.0,null],[102.0682,0.43622,0.0,null],[102.0659,0.43582,0.0,null],[102.06334,0.43458,0.0,null],[102.05843,0.42867,0.0,null],[102.05701,0.42788,0.0,null],[102.05278,0.42768,0.0,null],[102.0444,0.42972,0.0,null],[102.03822,0.43005,0.0,null],[102.03449,0.42925,0.0,null],[102.01729,0.42349,0.0,null],[102.00765,0.41925,0.0,null],[102.10508,0.41928,0.0,null],[102.10881,0.43441,0.0,null]]],[[[102.13172,0.46076,0.0,null],[102.09707,0.4604,0.0,null],[102.09634,0.45139,0.0,null],[102.09799,0.45027,0.0,null],[102.09846,0.45148,0.0,null],[102.09966,0.45233,0.0,null],[102.10277,0.45154,0.0,null],[102.10704,0.44176,0.0,null],[102.10887,0.43956,0.0,null],[102.11164,0.43748,0.0,null],[102.11435,0.43658,0.0,null],[102.12277,0.43781,0.0,null],[102.12574,0.43868,0.0,null],[102.13172,0.46076,0.0,null]]]]}},{"type":"Feature","properties":{"inventoryId":"big-forestry-hti:250","sector":"PBPH","subtype":"IUPHHK-HTI","quality":"OFFICIAL","sourceDataset":"big-forestry-hti","sourceRecordId":"250","source":"BIG Kebijakan Satu Peta","sourceUrl":"https://kspservices.big.go.id/satupeta/rest/services/PUBLIK/PERIZINAN_DAN_PERTANAHAN/MapServer/2","retrievedAt":"2026-08-24T04:22:31Z","geometryProcessing":"web display simplification tolerance 0.00035 degrees","name":"CV PUTRI LINDUNG BULAN","permitNumber":"SK.522.21/IUPHHK-HTI/I/2003/005","permitDate":"2003-01-25","areaHa":2500.0,"provinceCode":"14","region":"sumatra"},"geometry":{"type":"Polygon","coordinates":[[[101.93933,-0.31404,0.0,null],[101.8987,-0.30222,0.0,null],[101.89947,-0.30598,0.0,null],[101.89992,-0.3061,0.0,null],[101.90344,-0.31574,0.0,null],[101.90675,-0.31963,0.0,null],[101.91024,-0.32223,0.0,null],[101.91373,-0.32371,0.0,null],[101.92164,-0.32334,0.0,null],[101.93065,-0.3263,0.0,null],[101.93543,-0.32631,0.0,null],[101.93833,-0.32531,0.0,null],[101.93833,-0.32294,0.0,null],[101.93691,-0.3201,0.0,null],[101.93333,-0.31525,0.0,null],[101.98407,-0.32985,0.0,null],[101.97753,-0.33082,0.0,null],[101.96746,-0.33091,0.0,null],[101.95974,-0.33243,0.0,null],[101.95089,-0.33593,0.0,null],[101.94872,-0.3382,0.0,null],[101.94825,-0.33981,0.0,null],[101.94872,-0.34143,0.0,null],[101.95013,-0.34285,0.0,null],[101.95399,-0.34332,0.0,null],[101.95791,-0.34194,0.0,null],[101.95789,-0.3473,0.0,null],[101.95884,-0.34921,0.0,null],[101.96362,-0.35238,0.0,null],[101.96755,-0.35573,0.0,null],[101.96823,-0.35691,0.0,null],[101.9726,-0.35925,0.0,null],[101.97751,-0.35721,0.0,null],[101.97841,-0.35579,0.0,null],[101.98068,-0.35532,0.0,null],[101.98191,-0.35352,0.0,null],[101.9884,-0.35281,0.0,null],[101.99021,-0.35071,0.0,null],[101.99485,-0.34834,0.0,null],[101.99618,-0.3452,0.0,null],[101.99629,-0.34334,0.0,null],[101.99782,-0.34137,0.0,null],[101.99829,-0.33979,0.0,null],[102.00172,-0.33747,0.0,null],[102.00315,-0.33426,0.0,null],[102.00477,-0.33229,0.0,null],[101.93933,-0.31404,0.0,null]]]}},{"type":"Feature","properties":{"inventoryId":"big-forestry-hti:191","sector":"PBPH","subtype":"IUPHHK-HTI","quality":"OFFICIAL","sourceDataset":"big-forestry-hti","sourceRecordId":"191","source":"BIG Kebijakan Satu Peta","sourceUrl":"https://kspservices.big.go.id/satupeta/rest/services/PUBLIK/PERIZINAN_DAN_PERTANAHAN/MapServer/2","retrievedAt":"2026-08-24T04:22:31Z","geometryProcessing":"web display simplification tolerance 0.00035 degrees","name":"KUD BINA JAYA LANGGAM","permitNumber":"SK.228/Menhut-II/2007","permitDate":"2007-06-20","areaHa":1910.0,"provinceCode":"14","region":"sumatra"},"geometry":{"type":"Polygon","coordinates":[[[101.90477,0.0864,0.0,null],[101.84451,0.08747,0.0,null],[101.82249,0.06605,0.0,null],[101.84379,0.06727,0.0,null],[101.89111,0.06373,0.0,null],[101.90457,0.06107,0.0,null],[101.90477,0.0864,0.0,null]]]}},{"type":"Feature","properties":{"inventoryId":"big-forestry-hti:159","sector":"PBPH","subtype":"IUPHHK-HTI","quality":"OFFICIAL","sourceDataset":"big-forestry-hti","sourceRecordId":"159","source":"BIG Kebijakan Satu Peta","sourceUrl":"https://kspservices.big.go.id/satupeta/rest/services/PUBLIK/PERIZINAN_DAN_PERTANAHAN/MapServer/2","retrievedAt":"2026-08-24T04:22:31Z","geometryProcessing":"web display simplification tolerance 0.00035 degrees","name":"PT ACEH NUSA INDRAPURI","permitNumber":"SK.131/MENLHK-II/2015","permitDate":"2015-05-04","areaHa":106197.0,"provinceCode":"11","region":"sumatra"},"geometry":{"type":"MultiPolygon","coordinates":[[[[95.75993,5.12823,0.0,null],[95.75936,5.12764,0.0,null],[95.76006,5.12609,0.0,null],[95.76352,5.12662,0.0,null],[95.76209,5.12468,0.0,null],[95.76162,5.12201,0.0,null],[95.76266,5.12123,0.0,null],[95.76518,5.12077,0.0,null],[95.76784,5.11483,0.0,null],[95.77015,5.11257,0.0,null],[95.79727,5.09791,0.0,null],[95.79968,5.0959,0.0,null],[95.80543,5.08826,0.0,null],[95.81106,5.08734,0.0,null],[95.81577,5.08734,0.0,null],[95.82008,5.08826,0.0,null],[95.82755,5.09251,0.0,null],[95.82824,5.09677,0.0,null],[95.82768,5.09808,0.0,null],[95.82577,5.09987,0.0,null],[95.82542,5.10228,0.0,null],[95.83841,5.11481,0.0,null],[95.85021,5.12424,0.0,null],[95.86051,5.12864,0.0,null],[95.8606,5.13092,0.0,null],[95.85978,5.13165,0.0,null],[95.85496,5.13191,0.0,null],[95.85444,5.13385,0.0,null],[95.85642,5.13631,0.0,null],[95.85634,5.13894,0.0,null],[95.85521,5.14053,0.0,null],[95.85272,5.14139,0.0,null],[95.85172,5.14269,0.0,null],[95.85216,5.14437,0.0,null],[95.85547,5.14553,0.0,null],[95.85763,5.14816,0.0,null],[95.85802,5.15062,0.0,null],[95.85672,5.15665,0.0,null],[95.85409,5.1582,0.0,null],[95.85073,5.15798,0.0,null],[95.84948,5.15747,0.0,null],[95.84754,5.15389,0.0,null],[95.84569,5.15294,0.0,null],[95.84427,5.15382,0.0,null],[95.84381,5.1536,0.0,null],[95.84276,5.15484,0.0,null],[95.84182,5.15916,0.0,null],[95.84168,5.16648,0.0,null],[95.83949,5.17074,0.0,null],[95.84026,5.17682,0.0,null],[95.83854,5.17979,0.0,null],[95.84078,5.18354,0.0,null],[95.83996,5.18884,0.0,null],[95.83837,5.19116,0.0,null],[95.83018,5.19918,0.0,null],[95.8266,5.20375,0.0,null],[95.81885,5.21668,0.0,null],[95.8182,5.21978,0.0,null],[95.81876,5.22241,0.0,null],[95.82091,5.2243,0.0,null],[95.8291,5.2234,0.0,null],[95.83173,5.22379,0.0,null],[95.83544,5.22547,0.0,null],[95.83694,5.22547,0.0,null],[95.85116,5.22331,0.0,null],[95.85483,5.22491,0.0,null],[95.85401,5.2296,0.0,null],[95.85304,5.23065,0.0,null],[95.85324,5.23137,0.0,null],[95.85103,5.23663,0.0,null],[95.85095,5.23796,0.0,null],[95.85448,5.25141,0.0,null],[95.85741,5.25585,0.0,null],[95.85892,5.25693,0.0,null],[95.86289,5.25796,0.0,null],[95.86603,5.26541,0.0,null],[95.86646,5.27127,0.0,null],[95.86901,5.27157,0.0,null],[95.87055,5.27067,0.0,null],[95.87172,5.2717,0.0,null],[95.87305,5.27512,0.0,null],[95.87227,5.27814,0.0,null],[95.87084,5.27917,0.0,null],[95.86421,5.27732,0.0,null],[95.86184,5.27783,0.0,null],[95.86093,5.27857,0.0,null],[95.86093,5.27951,0.0,null],[95.86253,5.28046,0.0,null],[95.86378,5.28304,0.0,null],[95.86869,5.28456,0.0,null],[95.87145,5.28723,0.0,null],[95.87175,5.28929,0.0,null],[95.87132,5.2899,0.0,null],[95.86882,5.29072,0.0,null],[95.86778,5.29321,0.0,null],[95.86637,5.29455,0.0,null],[95.86628,5.29619,0.0,null],[95.86869,5.29701,0.0,null],[95.86839,5.2983,0.0,null],[95.86632,5.29865,0.0,null],[95.86399,5.29666,0.0,null],[95.86093,5.29722,0.0,null],[95.85891,5.29481,0.0,null],[95.85568,5.2946,0.0,null],[95.85188,5.29214,0.0,null],[95.84952,5.2927,0.0,null],[95.84917,5.29399,0.0,null],[95.85033,5.29614,0.0,null],[95.85641,5.3002,0.0,null],[95.85718,5.30184,0.0,null],[95.85693,5.30408,0.0,null],[95.85494,5.30545,0.0,null],[95.85563,5.30726,0.0,null],[95.8577,5.30894,0.0,null],[95.85787,5.3108,0.0,null],[95.85258,5.31541,0.0,null],[95.85012,5.31993,0.0,null],[95.84477,5.32247,0.0,null],[95.8443,5.32338,0.0,null],[95.84456,5.32601,0.0,null],[95.8415,5.32851,0.0,null],[95.83973,5.3292,0.0,null],[95.83943,5.332,0.0,null],[95.83771,5.33484,0.0,null],[95.8346,5.33812,0.0,null],[95.83306,5.33915,0.0,null],[95.8315,5.33941,0.0,null],[95.82754,5.33889,0.0,null],[95.8262,5.3398,0.0,null],[95.82417,5.34277,0.0,null],[95.82224,5.3435,0.0,null],[95.82207,5.34531,0.0,null],[95.82464,5.34729,0.0,null],[95.82495,5.3488,0.0,null],[95.82353,5.3507,0.0,null],[95.82353,5.35272,0.0,null],[95.8212,5.35333,0.0,null],[95.82043,5.35682,0.0,null],[95.81875,5.36018,0.0,null],[95.81875,5.36126,0.0,null],[95.82089,5.36257,0.0,null],[95.82066,5.36394,0.0,null],[95.81715,5.36452,0.0,null],[95.81583,5.36532,0.0,null],[95.81451,5.36527,0.0,null],[95.81233,5.36411,0.0,null],[95.81146,5.3644,0.0,null],[95.80779,5.37026,0.0,null],[95.80825,5.37314,0.0,null],[95.81043,5.37526,0.0,null],[95.81089,5.3767,0.0,null],[95.81083,5.37733,0.0,null],[95.80848,5.37842,0.0,null],[95.80784,5.3798,0.0,null],[95.80773,5.38434,0.0,null],[95.80692,5.3867,0.0,null],[95.80715,5.38745,0.0,null],[95.81049,5.39003,0.0,null],[95.81193,5.39664,0.0,null],[95.81503,5.40244,0.0,null],[95.81566,5.40537,0.0,null],[95.81542,5.40951,0.0,null],[95.81618,5.41221,0.0,null],[95.82118,5.41686,0.0,null],[95.82141,5.41778,0.0,null],[95.82089,5.42025,0.0,null],[95.81882,5.42381,0.0,null],[95.81842,5.42663,0.0,null],[95.81681,5.42945,0.0,null],[95.81715,5.43088,0.0,null],[95.8202,5.43249,0.0,null],[95.82026,5.43352,0.0,null],[95.81876,5.44088,0.0,null],[95.81623,5.44932,0.0,null],[95.81388,5.45461,0.0,null],[95.81014,5.45886,0.0,null],[95.80773,5.45955,0.0,null],[95.80647,5.45938,0.0,null],[95.8033,5.45748,0.0,null],[95.79986,5.45714,0.0,null],[95.79587,5.4586,0.0,null],[95.78238,5.45823,0.0,null],[95.7798,5.45914,0.0,null],[95.77946,5.45974,0.0,null],[95.78002,5.46198,0.0,null],[95.78674,5.46732,0.0,null],[95.79191,5.4684,0.0,null],[95.80049,5.46789,0.0,null],[95.80588,5.47043,0.0,null],[95.80945,5.47146,0.0,null],[95.81186,5.47133,0.0,null],[95.81954,5.46651,0.0,null],[95.8241,5.46551,0.0,null],[95.82871,5.46629,0.0,null],[95.83173,5.46857,0.0,null],[95.83242,5.47155,0.0,null],[95.83238,5.47697,0.0,null],[95.83059,5.47918,0.0,null],[95.8239,5.47967,0.0,null],[95.81908,5.48235,0.0,null],[95.81679,5.48226,0.0,null],[95.81429,5.48123,0.0,null],[95.8117,5.48141,0.0,null],[95.8104,5.48251,0.0,null],[95.80965,5.48407,0.0,null],[95.80961,5.48771,0.0,null],[95.81085,5.49031,0.0,null],[95.81386,5.4933,0.0,null],[95.81854,5.49609,0.0,null],[95.81884,5.49719,0.0,null],[95.8182,5.50028,0.0,null],[95.81929,5.50044,0.0,null],[95.8191,5.50199,0.0,null],[95.82042,5.50438,0.0,null],[95.81955,5.50799,0.0,null],[95.81648,5.50882,0.0,null],[95.81583,5.50986,0.0,null],[95.81553,5.51171,0.0,null],[95.81652,5.5149,0.0,null],[95.81398,5.5264,0.0,null],[95.81119,5.52773,0.0,null],[95.81047,5.52061,0.0,null],[95.80899,5.52142,0.0,null],[95.80744,5.52129,0.0,null],[95.80512,5.5208,0.0,null],[95.80436,5.51994,0.0,null],[95.80553,5.51133,0.0,null],[95.80207,5.5116,0.0,null],[95.80014,5.51247,0.0,null],[95.79835,5.51626,0.0,null],[95.79713,5.51132,0.0,null],[95.79523,5.50779,0.0,null],[95.79355,5.50542,0.0,null],[95.79122,5.50529,0.0,null],[95.78979,5.50696,0.0,null],[95.78864,5.50734,0.0,null],[95.78921,5.50809,0.0,null],[95.78726,5.52132,0.0,null],[95.77955,5.52403,0.0,null],[95.77554,5.52248,0.0,null],[95.77295,5.52252,0.0,null],[95.7717,5.52494,0.0,null],[95.77283,5.52809,0.0,null],[95.77437,5.53032,0.0,null],[95.7742,5.5314,0.0,null],[95.77356,5.53213,0.0,null],[95.77293,5.53132,0.0,null],[95.77171,5.53109,0.0,null],[95.77023,5.52935,0.0,null],[95.76963,5.53023,0.0,null],[95.76394,5.53321,0.0,null],[95.7665,5.53398,0.0,null],[95.76924,5.53588,0.0,null],[95.77053,5.53739,0.0,null],[95.7711,5.5399,0.0,null],[95.76757,5.54078,0.0,null],[95.76745,5.54199,0.0,null],[95.76471,5.54199,0.0,null],[95.75956,5.54445,0.0,null],[95.75777,5.54445,0.0,null],[95.75796,5.54327,0.0,null],[95.75035,5.54709,0.0,null],[95.7463,5.54711,0.0,null],[95.7418,5.55141,0.0,null],[95.74366,5.55318,0.0,null],[95.7421,5.55575,0.0,null],[95.74532,5.55769,0.0,null],[95.7458,5.55728,0.0,null],[95.74557,5.55614,0.0,null],[95.74749,5.55478,0.0,null],[95.74802,5.55538,0.0,null],[95.74705,5.55794,0.0,null],[95.74901,5.55914,0.0,null],[95.7496,5.56052,0.0,null],[95.75178,5.56142,0.0,null],[95.74132,5.57036,0.0,null],[95.74025,5.57057,0.0,null],[95.73878,5.57031,0.0,null],[95.73753,5.56863,0.0,null],[95.73525,5.56734,0.0,null],[95.72555,5.55799,0.0,null],[95.72516,5.55549,0.0,null],[95.72607,5.54825,0.0,null],[95.7259,5.54351,0.0,null],[95.724,5.53085,0.0,null],[95.7203,5.52597,0.0,null],[95.71874,5.5224,0.0,null],[95.71491,5.51972,0.0,null],[95.71464,5.52039,0.0,null],[95.71111,5.52136,0.0,null],[95.70939,5.52295,0.0,null],[95.70638,5.5264,0.0,null],[95.70418,5.5308,0.0,null],[95.70328,5.53132,0.0,null],[95.70241,5.53127,0.0,null],[95.7012,5.5295,0.0,null],[95.69884,5.52774,0.0,null],[95.69547,5.52619,0.0,null],[95.69164,5.52658,0.0,null],[95.68496,5.52399,0.0,null],[95.68125,5.52649,0.0,null],[95.6788,5.52705,0.0,null],[95.67518,5.52658,0.0,null],[95.66643,5.52382,0.0,null],[95.64718,5.52387,0.0,null],[95.64045,5.5227,0.0,null],[95.63478,5.52009,0.0,null],[95.63433,5.51903,0.0,null],[95.63489,5.51692,0.0,null],[95.63959,5.51365,0.0,null],[95.64109,5.51085,0.0,null],[95.64221,5.50438,0.0,null],[95.64519,5.50033,0.0,null],[95.64549,5.49917,0.0,null],[95.64488,5.49689,0.0,null],[95.64385,5.49525,0.0,null],[95.64053,5.49249,0.0,null],[95.63398,5.48982,0.0,null],[95.62885,5.48594,0.0,null],[95.62235,5.47672,0.0,null],[95.61528,5.47551,0.0,null],[95.61149,5.47392,0.0,null],[95.60554,5.47293,0.0,null],[95.60442,5.47219,0.0,null],[95.60416,5.47013,0.0,null],[95.60838,5.46646,0.0,null],[95.60964,5.46379,0.0,null],[95.60563,5.44948,0.0,null],[95.60485,5.44828,0.0,null],[95.59809,5.44699,0.0,null],[95.59624,5.44548,0.0,null],[95.5949,5.44156,0.0,null],[95.59602,5.43147,0.0,null],[95.59602,5.42815,0.0,null],[95.59537,5.42595,0.0,null],[95.59438,5.42449,0.0,null],[95.59003,5.42199,0.0,null],[95.58865,5.41837,0.0,null],[95.58705,5.41591,0.0,null],[95.58667,5.41346,0.0,null],[95.58735,5.41277,0.0,null],[95.58951,5.41273,0.0,null],[95.59184,5.41376,0.0,null],[95.5952,5.41665,0.0,null],[95.59891,5.41846,0.0,null],[95.60412,5.41975,0.0,null],[95.60696,5.41966,0.0,null],[95.61136,5.41846,0.0,null],[95.62157,5.41126,0.0,null],[95.62717,5.41053,0.0,null],[95.63394,5.40825,0.0,null],[95.64204,5.40159,0.0,null],[95.65243,5.39803,0.0,null],[95.65618,5.39502,0.0,null],[95.65862,5.39548,0.0,null],[95.66095,5.39841,0.0,null],[95.66333,5.39924,0.0,null],[95.67324,5.39549,0.0,null],[95.67908,5.39629,0.0,null],[95.68786,5.39496,0.0,null],[95.69244,5.39498,0.0,null],[95.69358,5.39428,0.0,null],[95.69425,5.38861,0.0,null],[95.693,5.38624,0.0,null],[95.69451,5.38346,0.0,null],[95.69349,5.37744,0.0,null],[95.69225,5.37486,0.0,null],[95.69246,5.37341,0.0,null],[95.69538,5.36704,0.0,null],[95.6966,5.36619,0.0,null],[95.69633,5.36526,0.0,null],[95.70184,5.35492,0.0,null],[95.70482,5.34802,0.0,null],[95.70551,5.34733,0.0,null],[95.70706,5.34704,0.0,null],[95.71608,5.34739,0.0,null],[95.71579,5.33779,0.0,null],[95.71786,5.33618,0.0,null],[95.72366,5.33492,0.0,null],[95.72498,5.33388,0.0,null],[95.72561,5.31406,0.0,null],[95.72424,5.30866,0.0,null],[95.72199,5.30733,0.0,null],[95.71826,5.30728,0.0,null],[95.71223,5.30837,0.0,null],[95.70752,5.3101,0.0,null],[95.69378,5.32372,0.0,null],[95.6916,5.32504,0.0,null],[95.68293,5.32831,0.0,null],[95.68017,5.32998,0.0,null],[95.67833,5.33279,0.0,null],[95.67517,5.33601,0.0,null],[95.6704,5.33906,0.0,null],[95.66545,5.34165,0.0,null],[95.66,5.34302,0.0,null],[95.65529,5.34325,0.0,null],[95.64472,5.34176,0.0,null],[95.63851,5.34164,0.0,null],[95.63351,5.34262,0.0,null],[95.62788,5.34583,0.0,null],[95.62586,5.34551,0.0,null],[95.61708,5.33975,0.0,null],[95.61467,5.33883,0.0,null],[95.60788,5.33842,0.0,null],[95.60594,5.33785,0.0,null],[95.60456,5.33613,0.0,null],[95.60507,5.33487,0.0,null],[95.60731,5.334,0.0,null],[95.61271,5.3336,0.0,null],[95.61398,5.33257,0.0,null],[95.61341,5.33136,0.0,null],[95.60743,5.3305,0.0,null],[95.60634,5.32992,0.0,null],[95.60565,5.32935,0.0,null],[95.6053,5.32791,0.0,null],[95.60703,5.32452,0.0,null],[95.60708,5.32245,0.0,null],[95.6095,5.31941,0.0,null],[95.61461,5.31889,0.0,null],[95.61955,5.31539,0.0,null],[95.62622,5.31291,0.0,null],[95.62737,5.31303,0.0,null],[95.62834,5.31423,0.0,null],[95.63294,5.31337,0.0,null],[95.64202,5.30614,0.0,null],[95.64742,5.30475,0.0,null],[95.6569,5.30372,0.0,null],[95.65822,5.3028,0.0,null],[95.65983,5.29884,0.0,null],[95.66081,5.29775,0.0,null],[95.66138,5.29775,0.0,null],[95.66173,5.2997,0.0,null],[95.66362,5.29935,0.0,null],[95.66665,5.29536,0.0,null],[95.68208,5.27948,0.0,null],[95.68251,5.2769,0.0,null],[95.68071,5.27327,0.0,null],[95.67858,5.27223,0.0,null],[95.67311,5.27139,0.0,null],[95.67332,5.26928,0.0,null],[95.67747,5.26803,0.0,null],[95.6776,5.26635,0.0,null],[95.67836,5.26517,0.0,null],[95.68447,5.26535,0.0,null],[95.6871,5.26473,0.0,null],[95.70889,5.25392,0.0,null],[95.7131,5.24938,0.0,null],[95.72262,5.24867,0.0,null],[95.72607,5.24663,0.0,null],[95.73258,5.24061,0.0,null],[95.73701,5.23845,0.0,null],[95.74377,5.23259,0.0,null],[95.74393,5.22846,0.0,null],[95.74323,5.22441,0.0,null],[95.74343,5.22225,0.0,null],[95.7444,5.21996,0.0,null],[95.74735,5.21735,0.0,null],[95.75491,5.21503,0.0,null],[95.75716,5.21367,0.0,null],[95.75686,5.21038,0.0,null],[95.75587,5.20909,0.0,null],[95.75216,5.20835,0.0,null],[95.75091,5.20719,0.0,null],[95.74598,5.20656,0.0,null],[95.74464,5.20452,0.0,null],[95.7442,5.20186,0.0,null],[95.74049,5.20235,0.0,null],[95.73726,5.2014,0.0,null],[95.73144,5.20305,0.0,null],[95.72878,5.20198,0.0,null],[95.72392,5.20134,0.0,null],[95.71757,5.19748,0.0,null],[95.71767,5.19367,0.0,null],[95.71845,5.19223,0.0,null],[95.71967,5.19153,0.0,null],[95.73339,5.19171,0.0,null],[95.73672,5.19015,0.0,null],[95.73709,5.18884,0.0,null],[95.73596,5.18775,0.0,null],[95.72748,5.18437,0.0,null],[95.72606,5.18322,0.0,null],[95.7269,5.18233,0.0,null],[95.73107,5.18076,0.0,null],[95.73488,5.17851,0.0,null],[95.73527,5.17719,0.0,null],[95.73451,5.17616,0.0,null],[95.7313,5.17556,0.0,null],[95.72963,5.17354,0.0,null],[95.73023,5.17187,0.0,null],[95.73429,5.17029,0.0,null],[95.73447,5.16714,0.0,null],[95.7363,5.16683,0.0,null],[95.73475,5.16295,0.0,null],[95.73522,5.15938,0.0,null],[95.73725,5.15593,0.0,null],[95.74009,5.15227,0.0,null],[95.74352,5.14907,0.0,null],[95.74369,5.14821,0.0,null],[95.74369,5.14764,0.0,null],[95.74186,5.14638,0.0,null],[95.73792,5.14576,0.0,null],[95.73804,5.14313,0.0,null],[95.74506,5.14227,0.0,null],[95.74911,5.13793,0.0,null],[95.75134,5.13656,0.0,null],[95.75335,5.13613,0.0,null],[95.75546,5.13374,0.0,null],[95.75897,5.1329,0.0,null],[95.75953,5.13155,0.0,null],[95.75846,5.12951,0.0,null],[95.76014,5.1289,0.0,null],[95.75993,5.12823,0.0,null]],[[95.74413,5.48341,0.0,null],[95.74628,5.48313,0.0,null],[95.74799,5.48177,0.0,null],[95.7489,5.47881,0.0,null],[95.7478,5.47509,0.0,null],[95.74819,5.47176,0.0,null],[95.74926,5.47054,0.0,null],[95.75164,5.47025,0.0,null],[95.75226,5.46897,0.0,null],[95.75223,5.4674,0.0,null],[95.75045,5.46305,0.0,null],[95.75083,5.45637,0.0,null],[95.74899,5.45277,0.0,null],[95.74557,5.44926,0.0,null],[95.74194,5.44252,0.0,null],[95.73923,5.44017,0.0,null],[95.73641,5.43966,0.0,null],[95.73632,5.43892,0.0,null],[95.73795,5.43642,0.0,null],[95.73376,5.43294,0.0,null],[95.73096,5.43312,0.0,null],[95.73025,5.43062,0.0,null],[95.72305,5.42899,0.0,null],[95.71826,5.42693,0.0,null],[95.71276,5.42732,0.0,null],[95.71014,5.42821,0.0,null],[95.70321,5.43609,0.0,null],[95.69622,5.44133,0.0,null],[95.6945,5.44603,0.0,null],[95.69468,5.45112,0.0,null],[95.69298,5.45629,0.0,null],[95.69295,5.45968,0.0,null],[95.70654,5.47355,0.0,null],[95.71058,5.47906,0.0,null],[95.71265,5.47977,0.0,null],[95.71944,5.48006,0.0,null],[95.72086,5.48056,0.0,null],[95.723,5.48284,0.0,null],[95.72543,5.48291,0.0,null],[95.73378,5.4792,0.0,null],[95.737,5.47863,0.0,null],[95.73942,5.47956,0.0,null],[95.74413,5.48341,0.0,null]],[[95.66726,5.42925,0.0,null],[95.66721,5.42688,0.0,null],[95.66447,5.42629,0.0,null],[95.66193,5.42916,0.0,null],[95.65989,5.42911,0.0,null],[95.6587,5.43093,0.0,null],[95.65674,5.4315,0.0,null],[95.65213,5.43117,0.0,null],[95.64956,5.43202,0.0,null],[95.64823,5.43445,0.0,null],[95.64689,5.43517,0.0,null],[95.64632,5.43778,0.0,null],[95.64299,5.44116,0.0,null],[95.64133,5.44483,0.0,null],[95.63904,5.44597,0.0,null],[95.63809,5.44711,0.0,null],[95.63709,5.44903,0.0,null],[95.63742,5.44989,0.0,null],[95.6408,5.45117,0.0,null],[95.64094,5.45327,0.0,null],[95.64166,5.45408,0.0,null],[95.64751,5.45508,0.0,null],[95.64823,5.45779,0.0,null],[95.64961,5.45955,0.0,null],[95.65454,5.46062,0.0,null],[95.65745,5.45888,0.0,null],[95.66633,5.45959,0.0,null],[95.67083,5.45822,0.0,null],[95.67188,5.4566,0.0,null],[95.67278,5.45338,0.0,null],[95.67549,5.45324,0.0,null],[95.6763,5.45234,0.0,null],[95.67621,5.45091,0.0,null],[95.67545,5.45005,0.0,null],[95.67573,5.44848,0.0,null],[95.6793,5.44715,0.0,null],[95.67968,5.44406,0.0,null],[95.68244,5.44458,0.0,null],[95.68292,5.44401,0.0,null],[95.68144,5.4382,0.0,null],[95.68154,5.43754,0.0,null],[95.68316,5.43658,0.0,null],[95.68311,5.43577,0.0,null],[95.68168,5.43121,0.0,null],[95.68006,5.43173,0.0,null],[95.67949,5.43311,0.0,null],[95.67821,5.4323,0.0,null],[95.67588,5.43282,0.0,null],[95.6754,5.43125,0.0,null],[95.67435,5.4303,0.0,null],[95.67093,5.42959,0.0,null],[95.66821,5.42983,0.0,null],[95.66726,5.42925,0.0,null]]],[[[95.43385,5.64336,0.0,null],[95.43159,5.64662,0.0,null],[95.43087,5.64665,0.0,null],[95.42883,5.6438,0.0,null],[95.42774,5.64329,0.0,null],[95.42534,5.64347,0.0,null],[95.42418,5.64219,0.0,null],[95.42253,5.64154,0.0,null],[95.42156,5.64009,0.0,null],[95.4235,5.63837,0.0,null],[95.4237,5.63692,0.0,null],[95.42056,5.63395,0.0,null],[95.41962,5.63394,0.0,null],[95.41651,5.63127,0.0,null],[95.41522,5.62911,0.0,null],[95.41509,5.6267,0.0,null],[95.41673,5.61709,0.0,null],[95.41656,5.61386,0.0,null],[95.41552,5.60972,0.0,null],[95.41673,5.60701,0.0,null],[95.41961,5.60287,0.0,null],[95.41936,5.60046,0.0,null],[95.41781,5.59817,0.0,null],[95.41746,5.5952,0.0,null],[95.41751,5.58379,0.0,null],[95.41838,5.58056,0.0,null],[95.42328,5.57478,0.0,null],[95.42406,5.5703,0.0,null],[95.42965,5.56517,0.0,null],[95.42983,5.56427,0.0,null],[95.43116,5.5639,0.0,null],[95.43228,5.56284,0.0,null],[95.43306,5.56129,0.0,null],[95.43435,5.55112,0.0,null],[95.43603,5.54857,0.0,null],[95.43642,5.54698,0.0,null],[95.43724,5.54142,0.0,null],[95.43694,5.53767,0.0,null],[95.44039,5.53061,0.0,null],[95.44508,5.50656,0.0,null],[95.44603,5.50436,0.0,null],[95.44913,5.50105,0.0,null],[95.4568,5.49846,0.0,null],[95.4584,5.49687,0.0,null],[95.45844,5.49329,0.0,null],[95.45676,5.48945,0.0,null],[95.4568,5.48842,0.0,null],[95.45754,5.4873,0.0,null],[95.45991,5.48648,0.0,null],[95.46077,5.48523,0.0,null],[95.4587,5.48079,0.0,null],[95.45819,5.47368,0.0,null],[95.45874,5.47058,0.0,null],[95.4609,5.46665,0.0,null],[95.46034,5.46356,0.0,null],[95.46099,5.46166,0.0,null],[95.46275,5.46136,0.0,null],[95.46607,5.46218,0.0,null],[95.47193,5.46623,0.0,null],[95.47215,5.46799,0.0,null],[95.47025,5.46929,0.0,null],[95.47025,5.47114,0.0,null],[95.47098,5.47217,0.0,null],[95.47357,5.4736,0.0,null],[95.47624,5.47399,0.0,null],[95.47733,5.47285,0.0,null],[95.47766,5.47127,0.0,null],[95.47913,5.46911,0.0,null],[95.48313,5.46743,0.0,null],[95.48339,5.46291,0.0,null],[95.48541,5.45998,0.0,null],[95.48533,5.45761,0.0,null],[95.4871,5.45606,0.0,null],[95.4905,5.45498,0.0,null],[95.49356,5.45209,0.0,null],[95.4983,5.4499,0.0,null],[95.50464,5.44951,0.0,null],[95.50662,5.44951,0.0,null],[95.51136,5.4517,0.0,null],[95.51265,5.45175,0.0,null],[95.51481,5.44873,0.0,null],[95.52043,5.43322,0.0,null],[95.52191,5.42452,0.0,null],[95.52585,5.42187,0.0,null],[95.5267,5.4208,0.0,null],[95.52721,5.41777,0.0,null],[95.52809,5.4168,0.0,null],[95.53807,5.41085,0.0,null],[95.54224,5.40988,0.0,null],[95.54589,5.4126,0.0,null],[95.54693,5.41279,0.0,null],[95.54961,5.41253,0.0,null],[95.55307,5.41085,0.0,null],[95.55562,5.41095,0.0,null],[95.55924,5.41292,0.0,null],[95.5595,5.4147,0.0,null],[95.55896,5.41585,0.0,null],[95.56056,5.41765,0.0,null],[95.56082,5.41895,0.0,null],[95.56379,5.41947,0.0,null],[95.56271,5.42524,0.0,null],[95.56293,5.42649,0.0,null],[95.56594,5.42817,0.0,null],[95.56724,5.43054,0.0,null],[95.56793,5.43071,0.0,null],[95.56904,5.43015,0.0,null],[95.57017,5.42546,0.0,null],[95.57107,5.42463,0.0,null],[95.57439,5.42313,0.0,null],[95.57982,5.42313,0.0,null],[95.5837,5.4196,0.0,null],[95.58555,5.41921,0.0,null],[95.58486,5.42222,0.0,null],[95.57736,5.43326,0.0,null],[95.57478,5.43528,0.0,null],[95.56991,5.43541,0.0,null],[95.56823,5.43627,0.0,null],[95.56663,5.43838,0.0,null],[95.56607,5.44071,0.0,null],[95.56646,5.44644,0.0,null],[95.56801,5.44946,0.0,null],[95.57388,5.45684,0.0,null],[95.57581,5.46075,0.0,null],[95.57624,5.46346,0.0,null],[95.57564,5.47333,0.0,null],[95.57172,5.47828,0.0,null],[95.57172,5.47954,0.0,null],[95.5743,5.48333,0.0,null],[95.57426,5.48678,0.0,null],[95.57495,5.48828,0.0,null],[95.58055,5.48945,0.0,null],[95.58434,5.49475,0.0,null],[95.58396,5.49587,0.0,null],[95.57852,5.50125,0.0,null],[95.5771,5.50694,0.0,null],[95.57206,5.50767,0.0,null],[95.56904,5.50892,0.0,null],[95.56129,5.51677,0.0,null],[95.55418,5.51685,0.0,null],[95.5525,5.51733,0.0,null],[95.53858,5.52767,0.0,null],[95.52423,5.54297,0.0,null],[95.51699,5.54835,0.0,null],[95.51177,5.55577,0.0,null],[95.50482,5.56133,0.0,null],[95.50243,5.56533,0.0,null],[95.50346,5.5717,0.0,null],[95.50146,5.57626,0.0,null],[95.50139,5.5802,0.0,null],[95.49325,5.58809,0.0,null],[95.48808,5.59002,0.0,null],[95.4848,5.59258,0.0,null],[95.48216,5.59558,0.0,null],[95.47899,5.60011,0.0,null],[95.47822,5.60302,0.0,null],[95.47825,5.60751,0.0,null],[95.47529,5.61093,0.0,null],[95.47392,5.61455,0.0,null],[95.47111,5.61879,0.0,null],[95.46937,5.61908,0.0,null],[95.46675,5.61704,0.0,null],[95.46513,5.61695,0.0,null],[95.46274,5.61953,0.0,null],[95.4597,5.62422,0.0,null],[95.45026,5.62629,0.0,null],[95.44971,5.62813,0.0,null],[95.45049,5.63252,0.0,null],[95.44975,5.63938,0.0,null],[95.44884,5.64135,0.0,null],[95.44761,5.64157,0.0,null],[95.44626,5.64051,0.0,null],[95.44502,5.63847,0.0,null],[95.44364,5.63815,0.0,null],[95.44261,5.63867,0.0,null],[95.43986,5.64487,0.0,null],[95.43912,5.6449,0.0,null],[95.43669,5.64244,0.0,null],[95.43482,5.64248,0.0,null],[95.43385,5.64336,0.0,null]]],[[[95.58738,5.58898,0.0,null],[95.58944,5.59168,0.0,null],[95.58846,5.5926,0.0,null],[95.57134,5.59702,0.0,null],[95.5568,5.59921,0.0,null],[95.55445,5.59892,0.0,null],[95.55071,5.59685,0.0,null],[95.54853,5.5949,0.0,null],[95.54853,5.59266,0.0,null],[95.55025,5.59024,0.0,null],[95.5529,5.58817,0.0,null],[95.55508,5.58783,0.0,null],[95.55744,5.58887,0.0,null],[95.56008,5.58841,0.0,null],[95.56117,5.5853,0.0,null],[95.56077,5.58369,0.0,null],[95.55686,5.57766,0.0,null],[95.5564,5.57383,0.0,null],[95.55699,5.57302,0.0,null],[95.55582,5.57256,0.0,null],[95.55618,5.57199,0.0,null],[95.55548,5.57128,0.0,null],[95.55278,5.5722,0.0,null],[95.55041,5.57393,0.0,null],[95.54525,5.57387,0.0,null],[95.54336,5.57434,0.0,null],[95.54363,5.57472,0.0,null],[95.54196,5.57563,0.0,null],[95.54008,5.57881,0.0,null],[95.53457,5.58157,0.0,null],[95.53221,5.58128,0.0,null],[95.5306,5.57996,0.0,null],[95.53039,5.57677,0.0,null],[95.53129,5.57467,0.0,null],[95.53962,5.56261,0.0,null],[95.55077,5.54267,0.0,null],[95.55628,5.53147,0.0,null],[95.55829,5.52986,0.0,null],[95.56094,5.529,0.0,null],[95.56307,5.52905,0.0,null],[95.58421,5.54215,0.0,null],[95.59179,5.5456,0.0,null],[95.59777,5.54669,0.0,null],[95.60857,5.5437,0.0,null],[95.61132,5.54468,0.0,null],[95.61316,5.54778,0.0,null],[95.61558,5.56916,0.0,null],[95.61656,5.57266,0.0,null],[95.61765,5.57456,0.0,null],[95.62167,5.57674,0.0,null],[95.62305,5.57674,0.0,null],[95.62408,5.57611,0.0,null],[95.62575,5.5737,0.0,null],[95.62753,5.57318,0.0,null],[95.63104,5.57806,0.0,null],[95.63293,5.57887,0.0,null],[95.63385,5.57887,0.0,null],[95.63477,5.57806,0.0,null],[95.63511,5.5753,0.0,null],[95.63405,5.57068,0.0,null],[95.63109,5.56709,0.0,null],[95.62868,5.55962,0.0,null],[95.62937,5.54548,0.0,null],[95.63201,5.53675,0.0,null],[95.63454,5.5348,0.0,null],[95.64097,5.53601,0.0,null],[95.66982,5.54589,0.0,null],[95.67533,5.55054,0.0,null],[95.67947,5.55508,0.0,null],[95.68131,5.5587,0.0,null],[95.6824,5.56709,0.0,null],[95.68234,5.56807,0.0,null],[95.68148,5.56893,0.0,null],[95.6774,5.56864,0.0,null],[95.67275,5.56709,0.0,null],[95.66304,5.56812,0.0,null],[95.64988,5.57232,0.0,null],[95.64442,5.57611,0.0,null],[95.64345,5.57875,0.0,null],[95.64339,5.58232,0.0,null],[95.64494,5.58542,0.0,null],[95.64431,5.59019,0.0,null],[95.64672,5.59536,0.0,null],[95.64672,5.59611,0.0,null],[95.64609,5.59645,0.0,null],[95.64115,5.59639,0.0,null],[95.63632,5.5953,0.0,null],[95.63569,5.5934,0.0,null],[95.63552,5.58904,0.0,null],[95.63402,5.5872,0.0,null],[95.63293,5.58777,0.0,null],[95.62902,5.59432,0.0,null],[95.62872,5.59472,0.0,null],[95.62814,5.59443,0.0,null],[95.62823,5.59536,0.0,null],[95.6269,5.59651,0.0,null],[95.62374,5.59668,0.0,null],[95.61053,5.5934,0.0,null],[95.60754,5.59216,0.0,null],[95.60634,5.59073,0.0,null],[95.60581,5.58829,0.0,null],[95.60627,5.58214,0.0,null],[95.60512,5.57864,0.0,null],[95.59352,5.57657,0.0,null],[95.59306,5.57702,0.0,null],[95.5925,5.57592,0.0,null],[95.59201,5.57633,0.0,null],[95.58806,5.57611,0.0,null],[95.58639,5.57697,0.0,null],[95.58652,5.58516,0.0,null],[95.58615,5.58528,0.0,null],[95.5875,5.58823,0.0,null],[95.58738,5.58898,0.0,null]]],[[[95.88259,5.20347,0.0,null],[95.87863,5.20427,0.0,null],[95.8741,5.20411,0.0,null],[95.86536,5.20092,0.0,null],[95.86389,5.19951,0.0,null],[95.86395,5.19776,0.0,null],[95.8658,5.19304,0.0,null],[95.86587,5.18978,0.0,null],[95.86676,5.18739,0.0,null],[95.86842,5.18593,0.0,null],[95.8695,5.18315,0.0,null],[95.87353,5.18308,0.0,null],[95.8749,5.18232,0.0,null],[95.87486,5.18111,0.0,null],[95.87353,5.17903,0.0,null],[95.87037,5.17849,0.0,null],[95.86909,5.17785,0.0,null],[95.86839,5.17677,0.0,null],[95.86842,5.17524,0.0,null],[95.87065,5.1694,0.0,null],[95.8735,5.168,0.0,null],[95.87856,5.16168,0.0,null],[95.88259,5.16028,0.0,null],[95.88373,5.159,0.0,null],[95.88444,5.1568,0.0,null],[95.89138,5.15551,0.0,null],[95.89687,5.15568,0.0,null],[95.90081,5.15658,0.0,null],[95.90322,5.15524,0.0,null],[95.91922,5.14156,0.0,null],[95.92166,5.14114,0.0,null],[95.92546,5.14261,0.0,null],[95.926,5.14324,0.0,null],[95.92606,5.14844,0.0,null],[95.93011,5.15374,0.0,null],[95.93321,5.15514,0.0,null],[95.93365,5.15719,0.0,null],[95.93212,5.15996,0.0,null],[95.93241,5.16538,0.0,null],[95.93164,5.16653,0.0,null],[95.92998,5.16675,0.0,null],[95.92603,5.16318,0.0,null],[95.9251,5.16324,0.0,null],[95.92204,5.16522,0.0,null],[95.9207,5.16679,0.0,null],[95.92074,5.16803,0.0,null],[95.92243,5.17004,0.0,null],[95.92306,5.17192,0.0,null],[95.92109,5.17954,0.0,null],[95.9214,5.18133,0.0,null],[95.92338,5.18455,0.0,null],[95.92364,5.18752,0.0,null],[95.92325,5.18883,0.0,null],[95.91872,5.19134,0.0,null],[95.91657,5.18661,0.0,null],[95.91556,5.18291,0.0,null],[95.91425,5.17339,0.0,null],[95.90928,5.17772,0.0,null],[95.90748,5.17772,0.0,null],[95.90594,5.17682,0.0,null],[95.90555,5.17412,0.0,null],[95.90606,5.17192,0.0,null],[95.90417,5.1685,0.0,null],[95.89182,5.17492,0.0,null],[95.88868,5.17793,0.0,null],[95.88718,5.17868,0.0,null],[95.88788,5.17871,0.0,null],[95.88697,5.17958,0.0,null],[95.88691,5.19554,0.0,null],[95.91495,5.19536,0.0,null],[95.90775,5.1962,0.0,null],[95.90297,5.19897,0.0,null],[95.89815,5.20006,0.0,null],[95.89257,5.20289,0.0,null],[95.89053,5.20331,0.0,null],[95.88424,5.20299,0.0,null],[95.88259,5.20347,0.0,null]]],[[[95.60215,5.25908,0.0,null],[95.59623,5.26013,0.0,null],[95.58991,5.26249,0.0,null],[95.59574,5.24756,0.0,null],[95.59831,5.24542,0.0,null],[95.60031,5.24257,0.0,null],[95.60702,5.23771,0.0,null],[95.61516,5.23043,0.0,null],[95.62244,5.22129,0.0,null],[95.63657,5.2073,0.0,null],[95.64242,5.19717,0.0,null],[95.64385,5.19617,0.0,null],[95.64485,5.19702,0.0,null],[95.64635,5.20188,0.0,null],[95.65184,5.20288,0.0,null],[95.65245,5.20477,0.0,null],[95.65152,5.20595,0.0,null],[95.64666,5.20827,0.0,null],[95.63881,5.21431,0.0,null],[95.63849,5.2181,0.0,null],[95.64045,5.22167,0.0,null],[95.6461,5.22595,0.0,null],[95.64633,5.22873,0.0,null],[95.64738,5.23012,0.0,null],[95.65033,5.23207,0.0,null],[95.65128,5.23387,0.0,null],[95.65038,5.24416,0.0,null],[95.65175,5.24854,0.0,null],[95.65441,5.2504,0.0,null],[95.65846,5.25202,0.0,null],[95.65941,5.25302,0.0,null],[95.65946,5.25426,0.0,null],[95.65355,5.26035,0.0,null],[95.65213,5.25992,0.0,null],[95.65098,5.25687,0.0,null],[95.64946,5.25454,0.0,null],[95.64813,5.25378,0.0,null],[95.64561,5.25343,0.0,null],[95.64113,5.25474,0.0,null],[95.63746,5.25219,0.0,null],[95.63459,5.25215,0.0,null],[95.6327,5.25285,0.0,null],[95.63166,5.25428,0.0,null],[95.63094,5.25807,0.0,null],[95.62673,5.25971,0.0,null],[95.62623,5.25878,0.0,null],[95.62621,5.25034,0.0,null],[95.62556,5.24862,0.0,null],[95.62252,5.24773,0.0,null],[95.61235,5.24725,0.0,null],[95.61039,5.24755,0.0,null],[95.60938,5.24987,0.0,null],[95.60871,5.25809,0.0,null],[95.60691,5.25891,0.0,null],[95.60215,5.25908,0.0,null]]]]}},{"type":"Feature","properties":{"inventoryId":"big-forestry-hti:146","sector":"PBPH","subtype":"IUPHHK-HTI","quality":"OFFICIAL","sourceDataset":"big-forestry-hti","sourceRecordId":"146","source":"BIG Kebijakan Satu Peta","sourceUrl":"https://kspservices.big.go.id/satupeta/rest/services/PUBLIK/PERIZINAN_DAN_PERTANAHAN/MapServer/2","retrievedAt":"2026-08-24T04:22:31Z","geometryProcessing":"web display simplification tolerance 0.00035 degrees","name":"PT AGRINDO PERSADA LESTARI","permitNumber":"SK.338/Menhut-II/2014","permitDate":"2014-03-27","areaHa":26259.0,"provinceCode":"19","region":"sumatra"},"geometry":{"type":"MultiPolygon","coordinates":[[[[105.9156,-2.31402,0.0,null],[105.91218,-2.31294,0.0,null],[105.91359,-2.31099,0.0,null],[105.91856,-2.30769,0.0,null],[105.92155,-2.30348,0.0,null],[105.92014,-2.29856,0.0,null],[105.9222,-2.29393,0.0,null],[105.92213,-2.29219,0.0,null],[105.92138,-2.29114,0.0,null],[105.9276,-2.28374,0.0,null],[105.93022,-2.27979,0.0,null],[105.9193,-2.27233,0.0,null],[105.91664,-2.28684,0.0,null],[105.91504,-2.29139,0.0,null],[105.91326,-2.29965,0.0,null],[105.90668,-2.30986,0.0,null],[105.9032,-2.31406,0.0,null],[105.89854,-2.31811,0.0,null],[105.90174,-2.32083,0.0,null],[105.90233,-2.32384,0.0,null],[105.90067,-2.3309,0.0,null],[105.89976,-2.3381,0.0,null],[105.89973,-2.33893,0.0,null],[105.9019,-2.34138,0.0,null],[105.90195,-2.34225,0.0,null],[105.9006,-2.34258,0.0,null],[105.90073,-2.34352,0.0,null],[105.90141,-2.34404,0.0,null],[105.90364,-2.35007,0.0,null],[105.90553,-2.35265,0.0,null],[105.90956,-2.35524,0.0,null],[105.91147,-2.35717,0.0,null],[105.91109,-2.36128,0.0,null],[105.91148,-2.36668,0.0,null],[105.91084,-2.36939,0.0,null],[105.90995,-2.37119,0.0,null],[105.90842,-2.37247,0.0,null],[105.90407,-2.37466,0.0,null],[105.9019,-2.37646,0.0,null],[105.89704,-2.382,0.0,null],[105.88989,-2.38586,0.0,null],[105.8881,-2.38895,0.0,null],[105.8881,-2.39036,0.0,null],[105.88626,-2.39085,0.0,null],[105.8816,-2.39441,0.0,null],[105.8802,-2.40107,0.0,null],[105.8797,-2.40226,0.0,null],[105.87773,-2.40365,0.0,null],[105.88413,-2.40685,0.0,null],[105.88556,-2.40468,0.0,null],[105.88482,-2.40304,0.0,null],[105.88541,-2.4022,0.0,null],[105.89017,-2.40053,0.0,null],[105.89589,-2.40024,0.0,null],[105.89488,-2.3991,0.0,null],[105.89462,-2.39563,0.0,null],[105.89731,-2.39177,0.0,null],[105.89871,-2.38842,0.0,null],[105.90548,-2.38199,0.0,null],[105.91749,-2.37555,0.0,null],[105.91941,-2.37298,0.0,null],[105.91992,-2.37118,0.0,null],[105.91992,-2.36462,0.0,null],[105.92094,-2.35935,0.0,null],[105.91556,-2.35228,0.0,null],[105.91236,-2.34122,0.0,null],[105.91453,-2.34251,0.0,null],[105.91684,-2.34508,0.0,null],[105.91888,-2.34585,0.0,null],[105.92579,-2.34597,0.0,null],[105.92722,-2.34803,0.0,null],[105.92754,-2.35083,0.0,null],[105.92864,-2.35193,0.0,null],[105.93013,-2.35245,0.0,null],[105.93608,-2.35192,0.0,null],[105.9395,-2.35303,0.0,null],[105.93873,-2.35634,0.0,null],[105.93854,-2.36493,0.0,null],[105.9357,-2.36922,0.0,null],[105.93376,-2.37098,0.0,null],[105.93092,-2.37234,0.0,null],[105.92788,-2.37898,0.0,null],[105.92427,-2.38236,0.0,null],[105.92343,-2.38867,0.0,null],[105.92309,-2.38851,0.0,null],[105.92185,-2.39124,0.0,null],[105.91942,-2.39458,0.0,null],[105.91508,-2.39729,0.0,null],[105.90596,-2.40095,0.0,null],[105.90671,-2.40243,0.0,null],[105.90957,-2.40303,0.0,null],[105.91468,-2.39907,0.0,null],[105.917,-2.39924,0.0,null],[105.91747,-2.40033,0.0,null],[105.91629,-2.4044,0.0,null],[105.91724,-2.40547,0.0,null],[105.91964,-2.40625,0.0,null],[105.91902,-2.40395,0.0,null],[105.92019,-2.40365,0.0,null],[105.92205,-2.40418,0.0,null],[105.92956,-2.40727,0.0,null],[105.932,-2.40932,0.0,null],[105.93782,-2.41248,0.0,null],[105.93887,-2.41621,0.0,null],[105.9426,-2.41685,0.0,null],[105.9451,-2.41979,0.0,null],[105.94775,-2.42766,0.0,null],[105.94956,-2.42911,0.0,null],[105.95221,-2.4296,0.0,null],[105.95341,-2.42935,0.0,null],[105.95534,-2.42778,0.0,null],[105.95666,-2.42778,0.0,null],[105.95931,-2.42899,0.0,null],[105.96304,-2.42923,0.0,null],[105.96918,-2.42728,0.0,null],[105.974,-2.42728,0.0,null],[105.9788,-2.42904,0.0,null],[105.97627,-2.43148,0.0,null],[105.97316,-2.432,0.0,null],[105.9715,-2.43303,0.0,null],[105.97161,-2.43578,0.0,null],[105.97407,-2.43824,0.0,null],[105.97498,-2.4402,0.0,null],[105.97488,-2.44316,0.0,null],[105.98975,-2.42945,0.0,null],[105.99251,-2.4379,0.0,null],[105.98949,-2.43791,0.0,null],[105.98823,-2.43827,0.0,null],[105.98711,-2.43942,0.0,null],[105.98579,-2.43965,0.0,null],[105.98339,-2.44234,0.0,null],[105.98226,-2.44593,0.0,null],[105.9797,-2.4487,0.0,null],[105.97942,-2.45011,0.0,null],[105.97712,-2.4518,0.0,null],[105.9742,-2.45295,0.0,null],[105.98016,-2.46126,0.0,null],[105.98159,-2.46542,0.0,null],[105.98148,-2.46888,0.0,null],[105.98587,-2.46764,0.0,null],[105.99085,-2.46218,0.0,null],[106.00385,-2.45321,0.0,null],[106.00469,-2.45121,0.0,null],[106.00458,-2.44488,0.0,null],[106.00531,-2.44308,0.0,null],[106.00836,-2.4434,0.0,null],[106.01242,-2.44184,0.0,null],[106.01636,-2.44147,0.0,null],[106.01905,-2.4397,0.0,null],[106.02367,-2.43906,0.0,null],[106.02671,-2.43747,0.0,null],[106.03216,-2.43694,0.0,null],[106.03426,-2.43789,0.0,null],[106.04364,-2.44934,0.0,null],[106.0454,-2.45383,0.0,null],[106.04541,-2.46145,0.0,null],[106.04368,-2.46331,0.0,null],[106.02985,-2.47382,0.0,null],[106.02677,-2.47763,0.0,null],[106.02881,-2.47835,0.0,null],[106.03538,-2.47804,0.0,null],[106.0473,-2.47975,0.0,null],[106.05441,-2.47982,0.0,null],[106.05484,-2.47914,0.0,null],[106.05479,-2.47433,0.0,null],[106.05389,-2.47335,0.0,null],[106.05541,-2.4723,0.0,null],[106.05547,-2.46773,0.0,null],[106.06078,-2.46668,0.0,null],[106.06585,-2.46706,0.0,null],[106.0682,-2.46579,0.0,null],[106.0821,-2.46661,0.0,null],[106.08407,-2.46623,0.0,null],[106.08557,-2.46539,0.0,null],[106.08586,-2.46462,0.0,null],[106.08481,-2.46039,0.0,null],[106.07898,-2.45905,0.0,null],[106.07681,-2.45798,0.0,null],[106.07857,-2.45709,0.0,null],[106.08281,-2.45666,0.0,null],[106.08609,-2.45565,0.0,null],[106.09525,-2.45727,0.0,null],[106.09772,-2.4554,0.0,null],[106.09899,-2.45542,0.0,null],[106.09993,-2.44934,0.0,null],[106.10104,-2.4479,0.0,null],[106.10348,-2.4476,0.0,null],[106.10424,-2.44604,0.0,null],[106.10433,-2.44326,0.0,null],[106.10676,-2.44297,0.0,null],[106.11013,-2.44102,0.0,null],[106.10583,-2.43868,0.0,null],[106.10548,-2.43582,0.0,null],[106.10709,-2.43433,0.0,null],[106.09653,-2.43327,0.0,null],[106.09051,-2.43357,0.0,null],[106.08923,-2.43284,0.0,null],[106.0837,-2.43351,0.0,null],[106.0834,-2.43242,0.0,null],[106.07836,-2.43278,0.0,null],[106.07811,-2.43151,0.0,null],[106.08091,-2.43157,0.0,null],[106.08115,-2.43084,0.0,null],[106.09258,-2.43041,0.0,null],[106.0927,-2.42926,0.0,null],[106.09391,-2.42926,0.0,null],[106.09416,-2.43066,0.0,null],[106.09738,-2.4309,0.0,null],[106.09798,-2.43169,0.0,null],[106.10017,-2.43181,0.0,null],[106.1006,-2.43072,0.0,null],[106.10606,-2.43151,0.0,null],[106.10643,-2.43041,0.0,null],[106.10843,-2.43072,0.0,null],[106.10836,-2.43387,0.0,null],[106.11066,-2.43369,0.0,null],[106.11202,-2.43351,0.0,null],[106.11208,-2.43151,0.0,null],[106.11603,-2.43139,0.0,null],[106.11597,-2.42731,0.0,null],[106.11706,-2.42719,0.0,null],[106.11828,-2.42792,0.0,null],[106.11834,-2.43005,0.0,null],[106.11779,-2.43017,0.0,null],[106.11615,-2.43303,0.0,null],[106.11961,-2.43162,0.0,null],[106.12211,-2.42728,0.0,null],[106.12609,-2.42479,0.0,null],[106.12523,-2.42357,0.0,null],[106.12108,-2.42702,0.0,null],[106.12007,-2.42855,0.0,null],[106.11833,-2.42735,0.0,null],[106.11644,-2.42451,0.0,null],[106.1137,-2.41697,0.0,null],[106.11334,-2.40992,0.0,null],[106.10788,-2.40621,0.0,null],[106.10774,-2.40268,0.0,null],[106.09601,-2.3999,0.0,null],[106.0913,-2.39765,0.0,null],[106.08916,-2.39495,0.0,null],[106.0872,-2.39088,0.0,null],[106.08113,-2.38907,0.0,null],[106.07899,-2.38256,0.0,null],[106.0792,-2.37892,0.0,null],[106.06597,-2.37484,0.0,null],[106.06526,-2.3708,0.0,null],[106.06276,-2.3652,0.0,null],[106.05871,-2.36199,0.0,null],[106.05657,-2.3589,0.0,null],[106.05193,-2.35914,0.0,null],[106.0486,-2.36366,0.0,null],[106.048,-2.36764,0.0,null],[106.04815,-2.3745,0.0,null],[106.05391,-2.37678,0.0,null],[106.05526,-2.37515,0.0,null],[106.057,-2.37451,0.0,null],[106.05865,-2.37781,0.0,null],[106.05882,-2.37925,0.0,null],[106.06309,-2.38472,0.0,null],[106.06614,-2.3867,0.0,null],[106.06904,-2.38761,0.0,null],[106.06805,-2.39278,0.0,null],[106.06677,-2.39248,0.0,null],[106.06643,-2.39336,0.0,null],[106.06468,-2.39269,0.0,null],[106.06543,-2.3909,0.0,null],[106.06669,-2.39122,0.0,null],[106.06755,-2.38813,0.0,null],[106.06447,-2.38719,0.0,null],[106.06173,-2.38515,0.0,null],[106.05794,-2.38057,0.0,null],[106.05644,-2.38009,0.0,null],[106.0562,-2.37758,0.0,null],[106.05427,-2.37694,0.0,null],[106.05422,-2.3833,0.0,null],[106.0528,-2.38584,0.0,null],[106.05392,-2.38629,0.0,null],[106.05534,-2.38335,0.0,null],[106.0561,-2.3832,0.0,null],[106.05645,-2.38386,0.0,null],[106.0528,-2.38923,0.0,null],[106.05265,-2.39035,0.0,null],[106.04956,-2.39055,0.0,null],[106.04941,-2.39298,0.0,null],[106.0483,-2.39531,0.0,null],[106.04819,-2.39957,0.0,null],[106.04662,-2.40165,0.0,null],[106.0372,-2.40185,0.0,null],[106.03725,-2.40464,0.0,null],[106.03537,-2.40479,0.0,null],[106.03502,-2.40605,0.0,null],[106.0337,-2.4058,0.0,null],[106.0334,-2.40702,0.0,null],[106.03213,-2.40747,0.0,null],[106.03173,-2.40879,0.0,null],[106.0296,-2.40737,0.0,null],[106.0294,-2.40377,0.0,null],[106.01288,-2.40362,0.0,null],[106.01257,-2.40155,0.0,null],[106.00482,-2.40149,0.0,null],[106.00507,-2.39906,0.0,null],[106.00254,-2.39785,0.0,null],[106.00315,-2.39643,0.0,null],[106.00654,-2.3983,0.0,null],[106.00741,-2.3982,0.0,null],[106.00822,-2.39582,0.0,null],[106.01541,-2.39587,0.0,null],[106.01531,-2.39501,0.0,null],[106.02408,-2.39511,0.0,null],[106.02413,-2.39572,0.0,null],[106.041,-2.39552,0.0,null],[106.0409,-2.3906,0.0,null],[106.04444,-2.3904,0.0,null],[106.04425,-2.38969,0.0,null],[106.04189,-2.38898,0.0,null],[106.03701,-2.38899,0.0,null],[106.03677,-2.3876,0.0,null],[106.03765,-2.38408,0.0,null],[106.02277,-2.38667,0.0,null],[106.02286,-2.39202,0.0,null],[106.01957,-2.39192,0.0,null],[106.01957,-2.38861,0.0,null],[106.01804,-2.38943,0.0,null],[105.99558,-2.38579,0.0,null],[105.97239,-2.39844,0.0,null],[105.96452,-2.40807,0.0,null],[105.9482,-2.39247,0.0,null],[105.94883,-2.39608,0.0,null],[105.94836,-2.39943,0.0,null],[105.94635,-2.40146,0.0,null],[105.94526,-2.4017,0.0,null],[105.94456,-2.40147,0.0,null],[105.94363,-2.39796,0.0,null],[105.94231,-2.39679,0.0,null],[105.93967,-2.39648,0.0,null],[105.93587,-2.39695,0.0,null],[105.93176,-2.39523,0.0,null],[105.93186,-2.38422,0.0,null],[105.93621,-2.37835,0.0,null],[105.93699,-2.37477,0.0,null],[105.93847,-2.37239,0.0,null],[105.94252,-2.36891,0.0,null],[105.94469,-2.36434,0.0,null],[105.9436,-2.35808,0.0,null],[105.94528,-2.35529,0.0,null],[105.94903,-2.35599,0.0,null],[105.9516,-2.35787,0.0,null],[105.95397,-2.36115,0.0,null],[105.95486,-2.36155,0.0,null],[105.96099,-2.36144,0.0,null],[105.96434,-2.35955,0.0,null],[105.97165,-2.35985,0.0,null],[105.98114,-2.35532,0.0,null],[105.98223,-2.35189,0.0,null],[105.98371,-2.35155,0.0,null],[105.97979,-2.34841,0.0,null],[105.97614,-2.34825,0.0,null],[105.97861,-2.35193,0.0,null],[105.97556,-2.35193,0.0,null],[105.97104,-2.35026,0.0,null],[105.96795,-2.35145,0.0,null],[105.96379,-2.35193,0.0,null],[105.96379,-2.35502,0.0,null],[105.96176,-2.35728,0.0,null],[105.95732,-2.35788,0.0,null],[105.95944,-2.35201,0.0,null],[105.95939,-2.34907,0.0,null],[105.95724,-2.34741,0.0,null],[105.95712,-2.34443,0.0,null],[105.95951,-2.34324,0.0,null],[105.95867,-2.34158,0.0,null],[105.95225,-2.33837,0.0,null],[105.95403,-2.33551,0.0,null],[105.95201,-2.33099,0.0,null],[105.95296,-2.32885,0.0,null],[105.94606,-2.32742,0.0,null],[105.94535,-2.32849,0.0,null],[105.94559,-2.33099,0.0,null],[105.94154,-2.33289,0.0,null],[105.94035,-2.32992,0.0,null],[105.94071,-2.32659,0.0,null],[105.94261,-2.32492,0.0,null],[105.93868,-2.32254,0.0,null],[105.93714,-2.32587,0.0,null],[105.93286,-2.32385,0.0,null],[105.93131,-2.32242,0.0,null],[105.93131,-2.31969,0.0,null],[105.92893,-2.31861,0.0,null],[105.92578,-2.31617,0.0,null],[105.92587,-2.31247,0.0,null],[105.92198,-2.31167,0.0,null],[105.91684,-2.31433,0.0,null],[105.9156,-2.31402,0.0,null]],[[106.02838,-2.41818,0.0,null],[106.02731,-2.42027,0.0,null],[106.02481,-2.42214,0.0,null],[106.02196,-2.4286,0.0,null],[106.01544,-2.43495,0.0,null],[106.01418,-2.43354,0.0,null],[106.01637,-2.43133,0.0,null],[106.01425,-2.43112,0.0,null],[106.01073,-2.42973,0.0,null],[106.00961,-2.42784,0.0,null],[106.00854,-2.42732,0.0,null],[106.00266,-2.42579,0.0,null],[106.00185,-2.42589,0.0,null],[105.9995,-2.42797,0.0,null],[105.99778,-2.42685,0.0,null],[106.00078,-2.4245,0.0,null],[106.00232,-2.42414,0.0,null],[106.00732,-2.42572,0.0,null],[106.00913,-2.42579,0.0,null],[106.01058,-2.4265,0.0,null],[106.01177,-2.4282,0.0,null],[106.01546,-2.4298,0.0,null],[106.01801,-2.4292,0.0,null],[106.02001,-2.42764,0.0,null],[106.02279,-2.4213,0.0,null],[106.02614,-2.41898,0.0,null],[106.02775,-2.41555,0.0,null],[106.0293,-2.41658,0.0,null],[106.02838,-2.41818,0.0,null]],[[106.05269,-2.41008,0.0,null],[106.05709,-2.41284,0.0,null],[106.05342,-2.41541,0.0,null],[106.0519,-2.41984,0.0,null],[106.04894,-2.42034,0.0,null],[106.043,-2.42017,0.0,null],[106.0422,-2.41861,0.0,null],[106.04242,-2.41731,0.0,null],[106.044,-2.41673,0.0,null],[106.04851,-2.4173,0.0,null],[106.04981,-2.41694,0.0,null],[106.05269,-2.41008,0.0,null]],[[105.93851,-2.4015,0.0,null],[105.93911,-2.40103,0.0,null],[105.94054,-2.40138,0.0,null],[105.94252,-2.40431,0.0,null],[105.94482,-2.40617,0.0,null],[105.94614,-2.40628,0.0,null],[105.94862,-2.40509,0.0,null],[105.95185,-2.40931,0.0,null],[105.94962,-2.41122,0.0,null],[105.94586,-2.40778,0.0,null],[105.94447,-2.40778,0.0,null],[105.9425,-2.40631,0.0,null],[105.94125,-2.40603,0.0,null],[105.93886,-2.40312,0.0,null],[105.93782,-2.40484,0.0,null],[105.93668,-2.40556,0.0,null],[105.93543,-2.40542,0.0,null],[105.93448,-2.40463,0.0,null],[105.9341,-2.40227,0.0,null],[105.9372,-2.40294,0.0,null],[105.93851,-2.4015,0.0,null]],[[106.04575,-2.4309,0.0,null],[106.04586,-2.43246,0.0,null],[106.05005,-2.43429,0.0,null],[106.04939,-2.43566,0.0,null],[106.04447,-2.43367,0.0,null],[106.04404,-2.43222,0.0,null],[106.04427,-2.42937,0.0,null],[106.04464,-2.42861,0.0,null],[106.0461,-2.42913,0.0,null],[106.04575,-2.4309,0.0,null]],[[106.06373,-2.37335,0.0,null],[106.06234,-2.37351,0.0,null],[106.06234,-2.37465,0.0,null],[106.06057,-2.37471,0.0,null],[106.06048,-2.3755,0.0,null],[106.05775,-2.37553,0.0,null],[106.0577,-2.37379,0.0,null],[106.05577,-2.37376,0.0,null],[106.05574,-2.37262,0.0,null],[106.05868,-2.37259,0.0,null],[106.05877,-2.37389,0.0,null],[106.06143,-2.37379,0.0,null],[106.06143,-2.37146,0.0,null],[106.06357,-2.37142,0.0,null],[106.06373,-2.37335,0.0,null]],[[106.00058,-2.39653,0.0,null],[106.00183,-2.39668,0.0,null],[106.00026,-2.39918,0.0,null],[106.0004,-2.39991,0.0,null],[106.00208,-2.40009,0.0,null],[106.00208,-2.40202,0.0,null],[106.00079,-2.40198,0.0,null],[106.0004,-2.401,0.0,null],[105.99925,-2.40111,0.0,null],[105.99894,-2.40005,0.0,null],[105.99702,-2.40002,0.0,null],[105.99702,-2.39823,0.0,null],[105.99922,-2.39858,0.0,null],[105.99929,-2.39767,0.0,null],[106.00058,-2.39653,0.0,null]],[[106.08322,-2.42622,0.0,null],[106.08686,-2.42634,0.0,null],[106.08674,-2.42768,0.0,null],[106.08522,-2.42774,0.0,null],[106.08468,-2.42962,0.0,null],[106.08237,-2.42932,0.0,null],[106.08322,-2.42622,0.0,null]],[[106.0872,-2.42939,0.0,null],[106.08838,-2.42816,0.0,null],[106.09197,-2.42792,0.0,null],[106.09215,-2.42877,0.0,null],[106.0899,-2.42889,0.0,null],[106.08954,-2.42968,0.0,null],[106.0872,-2.42939,0.0,null]]],[[[106.17092,-2.42079,0.0,null],[106.16743,-2.41272,0.0,null],[106.16759,-2.40876,0.0,null],[106.16918,-2.40606,0.0,null],[106.16933,-2.38643,0.0,null],[106.16031,-2.38326,0.0,null],[106.15935,-2.37452,0.0,null],[106.14555,-2.38695,0.0,null],[106.14119,-2.38951,0.0,null],[106.14672,-2.3971,0.0,null],[106.14401,-2.40411,0.0,null],[106.14347,-2.40703,0.0,null],[106.14667,-2.41092,0.0,null],[106.15975,-2.46866,0.0,null],[106.15531,-2.48773,0.0,null],[106.15164,-2.48781,0.0,null],[106.1512,-2.48922,0.0,null],[106.15033,-2.48993,0.0,null],[106.16047,-2.48705,0.0,null],[106.1805,-2.48471,0.0,null],[106.18652,-2.47785,0.0,null],[106.19197,-2.47394,0.0,null],[106.19484,-2.46925,0.0,null],[106.20008,-2.46717,0.0,null],[106.20487,-2.4666,0.0,null],[106.20917,-2.46728,0.0,null],[106.21063,-2.46538,0.0,null],[106.21383,-2.46474,0.0,null],[106.21573,-2.46546,0.0,null],[106.21877,-2.47049,0.0,null],[106.21976,-2.47101,0.0,null],[106.22083,-2.47073,0.0,null],[106.22149,-2.47001,0.0,null],[106.22119,-2.46675,0.0,null],[106.22165,-2.46574,0.0,null],[106.22473,-2.46481,0.0,null],[106.23023,-2.45985,0.0,null],[106.23059,-2.44375,0.0,null],[106.23358,-2.43519,0.0,null],[106.23413,-2.43478,0.0,null],[106.23452,-2.4287,0.0,null],[106.23365,-2.42476,0.0,null],[106.22907,-2.41804,0.0,null],[106.22868,-2.40841,0.0,null],[106.22557,-2.40168,0.0,null],[106.22606,-2.39927,0.0,null],[106.22666,-2.39884,0.0,null],[106.22884,-2.4002,0.0,null],[106.2302,-2.40201,0.0,null],[106.23118,-2.40786,0.0,null],[106.23173,-2.40934,0.0,null],[106.23298,-2.41048,0.0,null],[106.23719,-2.41281,0.0,null],[106.24054,-2.41387,0.0,null],[106.24419,-2.41786,0.0,null],[106.25018,-2.41966,0.0,null],[106.25356,-2.42546,0.0,null],[106.26052,-2.42879,0.0,null],[106.26194,-2.43032,0.0,null],[106.26306,-2.43331,0.0,null],[106.26487,-2.43498,0.0,null],[106.27259,-2.43992,0.0,null],[106.27274,-2.44174,0.0,null],[106.27025,-2.44319,0.0,null],[106.2645,-2.44418,0.0,null],[106.2602,-2.44304,0.0,null],[106.25846,-2.44342,0.0,null],[106.25528,-2.44532,0.0,null],[106.25907,-2.44896,0.0,null],[106.26541,-2.45841,0.0,null],[106.27021,-2.46418,0.0,null],[106.27135,-2.47172,0.0,null],[106.27882,-2.48203,0.0,null],[106.27891,-2.47562,0.0,null],[106.27786,-2.46865,0.0,null],[106.28097,-2.4652,0.0,null],[106.28316,-2.46389,0.0,null],[106.28506,-2.45764,0.0,null],[106.2886,-2.45256,0.0,null],[106.2874,-2.44696,0.0,null],[106.28592,-2.44345,0.0,null],[106.28478,-2.44211,0.0,null],[106.2824,-2.44017,0.0,null],[106.28018,-2.43997,0.0,null],[106.26992,-2.42038,0.0,null],[106.27006,-2.41263,0.0,null],[106.26818,-2.40729,0.0,null],[106.26411,-2.40234,0.0,null],[106.24886,-2.39092,0.0,null],[106.25313,-2.39748,0.0,null],[106.25597,-2.39784,0.0,null],[106.25918,-2.40168,0.0,null],[106.26398,-2.40292,0.0,null],[106.26547,-2.40465,0.0,null],[106.26473,-2.40738,0.0,null],[106.25968,-2.41024,0.0,null],[106.25845,-2.4116,0.0,null],[106.2582,-2.41259,0.0,null],[106.25882,-2.41458,0.0,null],[106.25796,-2.41607,0.0,null],[106.25599,-2.41582,0.0,null],[106.25389,-2.41471,0.0,null],[106.24846,-2.40938,0.0,null],[106.24168,-2.40517,0.0,null],[106.23984,-2.40134,0.0,null],[106.23876,-2.39656,0.0,null],[106.23644,-2.39322,0.0,null],[106.22646,-2.38817,0.0,null],[106.22341,-2.38492,0.0,null],[106.22048,-2.38675,0.0,null],[106.21764,-2.39008,0.0,null],[106.21528,-2.38887,0.0,null],[106.21356,-2.39064,0.0,null],[106.21451,-2.39274,0.0,null],[106.20877,-2.3953,0.0,null],[106.20402,-2.39054,0.0,null],[106.20037,-2.3934,0.0,null],[106.19831,-2.40211,0.0,null],[106.19562,-2.40432,0.0,null],[106.18802,-2.4086,0.0,null],[106.18137,-2.4143,0.0,null],[106.17472,-2.42127,0.0,null],[106.17092,-2.42079,0.0,null]]],[[[106.05604,-2.29599,0.0,null],[106.05066,-2.29703,0.0,null],[106.0477,-2.29701,0.0,null],[106.04653,-2.29803,0.0,null],[106.04439,-2.30517,0.0,null],[106.04114,-2.3083,0.0,null],[106.04705,-2.30851,0.0,null],[106.05193,-2.31101,0.0,null],[106.05217,-2.31398,0.0,null],[106.04658,-2.31479,0.0,null],[106.04598,-2.31976,0.0,null],[106.04896,-2.32689,0.0,null],[106.05062,-2.32713,0.0,null],[106.05217,-2.33308,0.0,null],[106.05729,-2.33594,0.0,null],[106.05918,-2.32826,0.0,null],[106.06085,-2.32707,0.0,null],[106.0649,-2.32921,0.0,null],[106.06858,-2.32707,0.0,null],[106.06513,-2.31696,0.0,null],[106.06335,-2.31708,0.0,null],[106.06109,-2.31327,0.0,null],[106.05312,-2.31113,0.0,null],[106.05217,-2.30685,0.0,null],[106.06014,-2.30149,0.0,null],[106.05966,-2.30006,0.0,null],[106.05871,-2.29947,0.0,null],[106.05884,-2.29687,0.0,null],[106.05812,-2.29602,0.0,null],[106.05604,-2.29599,0.0,null]]],[[[106.22526,-2.36807,0.0,null],[106.22173,-2.36755,0.0,null],[106.21712,-2.36547,0.0,null],[106.21679,-2.36655,0.0,null],[106.21803,-2.36785,0.0,null],[106.22238,-2.36999,0.0,null],[106.22383,-2.37125,0.0,null],[106.22577,-2.37456,0.0,null],[106.22558,-2.37777,0.0,null],[106.22625,-2.37845,0.0,null],[106.23399,-2.37893,0.0,null],[106.23728,-2.38058,0.0,null],[106.23759,-2.38024,0.0,null],[106.23639,-2.37762,0.0,null],[106.23384,-2.37397,0.0,null],[106.2341,-2.37264,0.0,null],[106.23194,-2.37089,0.0,null],[106.23061,-2.36816,0.0,null],[106.22526,-2.36807,0.0,null]]],[[[105.91911,-2.41519,0.0,null],[105.919,-2.41376,0.0,null],[105.91781,-2.41256,0.0,null],[105.91519,-2.41304,0.0,null],[105.91376,-2.41603,0.0,null],[105.91353,-2.41842,0.0,null],[105.91156,-2.42041,0.0,null],[105.91645,-2.42231,0.0,null],[105.91973,-2.42444,0.0,null],[105.92221,-2.42512,0.0,null],[105.92332,-2.42364,0.0,null],[105.92184,-2.4156,0.0,null],[105.91936,-2.41591,0.0,null],[105.91911,-2.41519,0.0,null]]],[[[106.22055,-2.37777,0.0,null],[106.21803,-2.37233,0.0,null],[106.21576,-2.36955,0.0,null],[106.21565,-2.37289,0.0,null],[106.2171,-2.37874,0.0,null],[106.21916,-2.38029,0.0,null],[106.22161,-2.38096,0.0,null],[106.22055,-2.37777,0.0,null]]]]}},{"type":"Feature","properties":{"inventoryId":"big-forestry-hti:142","sector":"PBPH","subtype":"IUPHHK-HTI","quality":"OFFICIAL","sourceDataset":"big-forestry-hti","sourceRecordId":"142","source":"BIG Kebijakan Satu Peta","sourceUrl":"https://kspservices.big.go.id/satupeta/rest/services/PUBLIK/PERIZINAN_DAN_PERTANAHAN/MapServer/2","retrievedAt":"2026-08-24T04:22:31Z","geometryProcessing":"web display simplification tolerance 0.00035 degrees","name":"PT AGRO PRATAMA SEJAHTERA","permitNumber":"SK.208/Menhut-II/2011","permitDate":"2011-04-12","areaHa":30773.0,"provinceCode":"19","region":"sumatra"},"geometry":{"type":"MultiPolygon","coordinates":[[[[107.6802,-2.92776,0.0,null],[107.6805,-2.92016,0.0,null],[107.68195,-2.91065,0.0,null],[107.6844,-2.90366,0.0,null],[107.68475,-2.90032,0.0,null],[107.68839,-2.89273,0.0,null],[107.6857,-2.88246,0.0,null],[107.68627,-2.87925,0.0,null],[107.6628,-2.88066,0.0,null],[107.6631,-2.88996,0.0,null],[107.6627,-2.89496,0.0,null],[107.6619,-2.89846,0.0,null],[107.6585,-2.90576,0.0,null],[107.6566,-2.91486,0.0,null],[107.6575,-2.92066,0.0,null],[107.6566,-2.92536,0.0,null],[107.6569,-2.92916,0.0,null],[107.6586,-2.93356,0.0,null],[107.6582,-2.93606,0.0,null],[107.6594,-2.94326,0.0,null],[107.6593,-2.94666,0.0,null],[107.657,-2.95556,0.0,null],[107.655,-2.96046,0.0,null],[107.6435,-2.97476,0.0,null],[107.6373,-2.98006,0.0,null],[107.632,-2.98556,0.0,null],[107.6247,-2.99166,0.0,null],[107.6153,-2.99806,0.0,null],[107.6078,-3.00446,0.0,null],[107.6014,-3.01096,0.0,null],[107.5956,-3.01506,0.0,null],[107.5896,-3.02096,0.0,null],[107.5863,-3.02566,0.0,null],[107.586,-3.02726,0.0,null],[107.5867,-3.02906,0.0,null],[107.5903,-3.03096,0.0,null],[107.60106,-3.03401,0.0,null],[107.6015,-3.03456,0.0,null],[107.6072,-3.03176,0.0,null],[107.6128,-3.03136,0.0,null],[107.622,-3.02726,0.0,null],[107.6238,-3.02706,0.0,null],[107.6259,-3.03086,0.0,null],[107.6286,-3.03266,0.0,null],[107.6316,-3.03366,0.0,null],[107.6339,-3.03316,0.0,null],[107.64,-3.02926,0.0,null],[107.6425,-3.02506,0.0,null],[107.6452,-3.01706,0.0,null],[107.649,-3.00926,0.0,null],[107.6531,-3.00736,0.0,null],[107.6593,-3.00326,0.0,null],[107.6705,-2.99356,0.0,null],[107.6729,-2.98376,0.0,null],[107.6927,-2.96716,0.0,null],[107.7016,-2.95806,0.0,null],[107.7021,-2.95666,0.0,null],[107.6955,-2.95096,0.0,null],[107.686,-2.94106,0.0,null],[107.6861,-2.93646,0.0,null],[107.6879,-2.93056,0.0,null],[107.6873,-2.92926,0.0,null],[107.6852,-2.92846,0.0,null],[107.6804,-2.92896,0.0,null],[107.6802,-2.92776,0.0,null]]],[[[107.7941,-2.65356,0.0,null],[107.78353,-2.65447,0.0,null],[107.7756,-2.65666,0.0,null],[107.7697,-2.65756,0.0,null],[107.7642,-2.65966,0.0,null],[107.7579,-2.66336,0.0,null],[107.75651,-2.66499,0.0,null],[107.7547,-2.67006,0.0,null],[107.7499,-2.67506,0.0,null],[107.7489,-2.67676,0.0,null],[107.7486,-2.69086,0.0,null],[107.749,-2.69376,0.0,null],[107.751,-2.69986,0.0,null],[107.7489,-2.70706,0.0,null],[107.7491,-2.70916,0.0,null],[107.7503,-2.71146,0.0,null],[107.7523,-2.71356,0.0,null],[107.7579,-2.71746,0.0,null],[107.766,-2.72166,0.0,null],[107.784,-2.71726,0.0,null],[107.7945,-2.70856,0.0,null],[107.7979,-2.70676,0.0,null],[107.8007,-2.70606,0.0,null],[107.80253,-2.70478,0.0,null],[107.8068,-2.70026,0.0,null],[107.8097,-2.70026,0.0,null],[107.8445,-2.70666,0.0,null],[107.8515,-2.70506,0.0,null],[107.8616,-2.70126,0.0,null],[107.86537,-2.69914,0.0,null],[107.86711,-2.69702,0.0,null],[107.8681,-2.69226,0.0,null],[107.86539,-2.68889,0.0,null],[107.8568,-2.67966,0.0,null],[107.8493,-2.67516,0.0,null],[107.8454,-2.67176,0.0,null],[107.83395,-2.66751,0.0,null],[107.8256,-2.66266,0.0,null],[107.821,-2.66116,0.0,null],[107.8183,-2.65856,0.0,null],[107.8053,-2.65466,0.0,null],[107.8025,-2.65496,0.0,null],[107.798,-2.65666,0.0,null],[107.7941,-2.65356,0.0,null]],[[107.75297,-2.68008,0.0,null],[107.75296,-2.67683,0.0,null],[107.77543,-2.67677,0.0,null],[107.77561,-2.68545,0.0,null],[107.75298,-2.68566,0.0,null],[107.75297,-2.68008,0.0,null]]],[[[105.88217,-2.25182,0.0,null],[105.87688,-2.25229,0.0,null],[105.87549,-2.2542,0.0,null],[105.87243,-2.26657,0.0,null],[105.87086,-2.26812,0.0,null],[105.86436,-2.27218,0.0,null],[105.85745,-2.27391,0.0,null],[105.85578,-2.27517,0.0,null],[105.85383,-2.27569,0.0,null],[105.85305,-2.27769,0.0,null],[105.8531,-2.29016,0.0,null],[105.85218,-2.29805,0.0,null],[105.8506,-2.29991,0.0,null],[105.84967,-2.30225,0.0,null],[105.84735,-2.30379,0.0,null],[105.84508,-2.3092,0.0,null],[105.84458,-2.31919,0.0,null],[105.84375,-2.32344,0.0,null],[105.84189,-2.32811,0.0,null],[105.86757,-2.3281,0.0,null],[105.87074,-2.32716,0.0,null],[105.87735,-2.32742,0.0,null],[105.88039,-2.32676,0.0,null],[105.89268,-2.3217,0.0,null],[105.90074,-2.31651,0.0,null],[105.90668,-2.30986,0.0,null],[105.91314,-2.2999,0.0,null],[105.91504,-2.29139,0.0,null],[105.91664,-2.28684,0.0,null],[105.91989,-2.26998,0.0,null],[105.91651,-2.26902,0.0,null],[105.91313,-2.26636,0.0,null],[105.90519,-2.26245,0.0,null],[105.90366,-2.26109,0.0,null],[105.89707,-2.25853,0.0,null],[105.88904,-2.25186,0.0,null],[105.88217,-2.25182,0.0,null]]],[[[105.87192,-2.15227,0.0,null],[105.86703,-2.1474,0.0,null],[105.85758,-2.14465,0.0,null],[105.85488,-2.14678,0.0,null],[105.85148,-2.14824,0.0,null],[105.85148,-2.15037,0.0,null],[105.85056,-2.15356,0.0,null],[105.85188,-2.15595,0.0,null],[105.85637,-2.15342,0.0,null],[105.85677,-2.15861,0.0,null],[105.85321,-2.16658,0.0,null],[105.85043,-2.16659,0.0,null],[105.84964,-2.16153,0.0,null],[105.84792,-2.15981,0.0,null],[105.84303,-2.16127,0.0,null],[105.83986,-2.16048,0.0,null],[105.83708,-2.16287,0.0,null],[105.83629,-2.1658,0.0,null],[105.82916,-2.16593,0.0,null],[105.81992,-2.18442,0.0,null],[105.82309,-2.19518,0.0,null],[105.83208,-2.19491,0.0,null],[105.83433,-2.19531,0.0,null],[105.83446,-2.19292,0.0,null],[105.83578,-2.19105,0.0,null],[105.84278,-2.19318,0.0,null],[105.84344,-2.19504,0.0,null],[105.83975,-2.19943,0.0,null],[105.84054,-2.20328,0.0,null],[105.83658,-2.20408,0.0,null],[105.8305,-2.21087,0.0,null],[105.82324,-2.21486,0.0,null],[105.81755,-2.21433,0.0,null],[105.81299,-2.21742,0.0,null],[105.81427,-2.2249,0.0,null],[105.81809,-2.22537,0.0,null],[105.81965,-2.22656,0.0,null],[105.82086,-2.22656,0.0,null],[105.82628,-2.22456,0.0,null],[105.82906,-2.22443,0.0,null],[105.83051,-2.22815,0.0,null],[105.83315,-2.22815,0.0,null],[105.83461,-2.22575,0.0,null],[105.83461,-2.22243,0.0,null],[105.83844,-2.21857,0.0,null],[105.84597,-2.2175,0.0,null],[105.84769,-2.22282,0.0,null],[105.84967,-2.22215,0.0,null],[105.85139,-2.22043,0.0,null],[105.85138,-2.21245,0.0,null],[105.84993,-2.21019,0.0,null],[105.84808,-2.20913,0.0,null],[105.84781,-2.20767,0.0,null],[105.84768,-2.2062,0.0,null],[105.849,-2.20461,0.0,null],[105.85614,-2.20846,0.0,null],[105.85746,-2.21191,0.0,null],[105.86182,-2.21244,0.0,null],[105.86261,-2.20938,0.0,null],[105.86354,-2.20859,0.0,null],[105.86526,-2.20819,0.0,null],[105.8683,-2.20872,0.0,null],[105.87014,-2.20712,0.0,null],[105.86962,-2.20579,0.0,null],[105.87014,-2.20446,0.0,null],[105.86974,-2.20087,0.0,null],[105.86631,-2.20087,0.0,null],[105.86485,-2.19968,0.0,null],[105.86406,-2.19808,0.0,null],[105.86353,-2.19556,0.0,null],[105.86366,-2.19011,0.0,null],[105.86577,-2.18625,0.0,null],[105.86802,-2.18585,0.0,null],[105.86881,-2.18917,0.0,null],[105.87,-2.18917,0.0,null],[105.87079,-2.18585,0.0,null],[105.87304,-2.18412,0.0,null],[105.87588,-2.18427,0.0,null],[105.87521,-2.18262,0.0,null],[105.87518,-2.18032,0.0,null],[105.8763,-2.17597,0.0,null],[105.87589,-2.17343,0.0,null],[105.87353,-2.16752,0.0,null],[105.87361,-2.16298,0.0,null],[105.87192,-2.15227,0.0,null]],[[105.85222,-2.19896,0.0,null],[105.85429,-2.19221,0.0,null],[105.85838,-2.19333,0.0,null],[105.85628,-2.19995,0.0,null],[105.85222,-2.19896,0.0,null]]],[[[107.69367,-2.57997,0.0,null],[107.69059,-2.58322,0.0,null],[107.68362,-2.58458,0.0,null],[107.68108,-2.58918,0.0,null],[107.67947,-2.59053,0.0,null],[107.6788,-2.59013,0.0,null],[107.6788,-2.58918,0.0,null],[107.67906,-2.5881,0.0,null],[107.68107,-2.58567,0.0,null],[107.68078,-2.5826,0.0,null],[107.67858,-2.58612,0.0,null],[107.6725,-2.59306,0.0,null],[107.66896,-2.59978,0.0,null],[107.67573,-2.59999,0.0,null],[107.67568,-2.63926,0.0,null],[107.66307,-2.63942,0.0,null],[107.66363,-2.65036,0.0,null],[107.65974,-2.65036,0.0,null],[107.6599,-2.66683,0.0,null],[107.66836,-2.66695,0.0,null],[107.66864,-2.67154,0.0,null],[107.67697,-2.67422,0.0,null],[107.68006,-2.67569,0.0,null],[107.68315,-2.67825,0.0,null],[107.6861,-2.67946,0.0,null],[107.6875,-2.67706,0.0,null],[107.6871,-2.66906,0.0,null],[107.68634,-2.66444,0.0,null],[107.6836,-2.65946,0.0,null],[107.688,-2.62923,0.0,null],[107.68626,-2.62601,0.0,null],[107.70555,-2.61153,0.0,null],[107.70351,-2.59642,0.0,null],[107.69693,-2.59778,0.0,null],[107.69367,-2.57997,0.0,null]]],[[[105.77406,-2.06693,0.0,null],[105.76965,-2.06459,0.0,null],[105.76549,-2.06319,0.0,null],[105.76123,-2.06339,0.0,null],[105.75736,-2.06469,0.0,null],[105.75013,-2.06859,0.0,null],[105.74385,-2.06937,0.0,null],[105.73648,-2.07478,0.0,null],[105.72556,-2.08445,0.0,null],[105.7227,-2.08939,0.0,null],[105.72126,-2.09914,0.0,null],[105.72249,-2.10576,0.0,null],[105.72245,-2.11027,0.0,null],[105.72664,-2.11019,0.0,null],[105.73789,-2.11196,0.0,null],[105.74804,-2.11551,0.0,null],[105.74892,-2.11625,0.0,null],[105.75495,-2.11617,0.0,null],[105.76128,-2.11928,0.0,null],[105.76246,-2.1205,0.0,null],[105.76738,-2.11465,0.0,null],[105.76827,-2.10837,0.0,null],[105.77059,-2.1033,0.0,null],[105.76463,-2.09591,0.0,null],[105.76066,-2.08487,0.0,null],[105.76119,-2.08009,0.0,null],[105.76568,-2.07716,0.0,null],[105.7678,-2.07424,0.0,null],[105.77255,-2.07038,0.0,null],[105.77406,-2.06693,0.0,null]],[[105.73207,-2.10881,0.0,null],[105.73207,-2.10473,0.0,null],[105.73957,-2.10489,0.0,null],[105.73941,-2.10887,0.0,null],[105.73207,-2.10881,0.0,null]]],[[[107.86347,-2.5989,0.0,null],[107.85876,-2.595,0.0,null],[107.85715,-2.59284,0.0,null],[107.85633,-2.5892,0.0,null],[107.85206,-2.59703,0.0,null],[107.8318,-2.59883,0.0,null],[107.82724,-2.60073,0.0,null],[107.82344,-2.59528,0.0,null],[107.819,-2.59646,0.0,null],[107.8176,-2.60096,0.0,null],[107.8159,-2.60116,0.0,null],[107.8155,-2.60176,0.0,null],[107.81334,-2.61201,0.0,null],[107.82499,-2.61248,0.0,null],[107.82795,-2.61868,0.0,null],[107.82488,-2.62476,0.0,null],[107.83524,-2.6354,0.0,null],[107.83027,-2.63791,0.0,null],[107.836,-2.64506,0.0,null],[107.83791,-2.64497,0.0,null],[107.8343,-2.6385,0.0,null],[107.84757,-2.63024,0.0,null],[107.85335,-2.64056,0.0,null],[107.8534,-2.63536,0.0,null],[107.8548,-2.63096,0.0,null],[107.86062,-2.62483,0.0,null],[107.8663,-2.62087,0.0,null],[107.86764,-2.61924,0.0,null],[107.86965,-2.61411,0.0,null],[107.8631,-2.61401,0.0,null],[107.86267,-2.60403,0.0,null],[107.87126,-2.60509,0.0,null],[107.87745,-2.5989,0.0,null],[107.87381,-2.59658,0.0,null],[107.86884,-2.60131,0.0,null],[107.86347,-2.5989,0.0,null]]],[[[107.7416,-2.57266,0.0,null],[107.74,-2.57116,0.0,null],[107.7352,-2.57296,0.0,null],[107.7344,-2.57306,0.0,null],[107.7345,-2.57236,0.0,null],[107.71569,-2.57456,0.0,null],[107.71674,-2.5815,0.0,null],[107.71353,-2.58229,0.0,null],[107.72032,-2.61487,0.0,null],[107.7411,-2.60335,0.0,null],[107.74377,-2.59944,0.0,null],[107.74604,-2.59295,0.0,null],[107.7478,-2.57926,0.0,null],[107.7441,-2.57466,0.0,null],[107.7416,-2.57266,0.0,null]]],[[[107.84659,-3.01161,0.0,null],[107.84511,-3.00652,0.0,null],[107.8444,-3.00535,0.0,null],[107.84311,-3.00477,0.0,null],[107.84306,-3.00909,0.0,null],[107.84097,-3.01185,0.0,null],[107.84007,-3.01207,0.0,null],[107.83978,-3.01343,0.0,null],[107.83474,-3.02037,0.0,null],[107.83532,-3.02125,0.0,null],[107.83821,-3.02028,0.0,null],[107.84321,-3.02028,0.0,null],[107.84471,-3.02107,0.0,null],[107.84483,-3.02401,0.0,null],[107.84313,-3.02518,0.0,null],[107.84271,-3.02635,0.0,null],[107.84313,-3.03063,0.0,null],[107.8425,-3.03336,0.0,null],[107.84107,-3.03343,0.0,null],[107.83914,-3.03215,0.0,null],[107.83796,-3.03269,0.0,null],[107.83971,-3.03508,0.0,null],[107.84264,-3.03736,0.0,null],[107.85005,-3.03873,0.0,null],[107.84521,-3.04237,0.0,null],[107.84435,-3.04094,0.0,null],[107.84301,-3.04107,0.0,null],[107.84143,-3.04387,0.0,null],[107.84034,-3.04446,0.0,null],[107.83992,-3.04694,0.0,null],[107.83885,-3.04766,0.0,null],[107.83216,-3.04711,0.0,null],[107.8344,-3.05576,0.0,null],[107.84317,-3.05145,0.0,null],[107.8481,-3.04776,0.0,null],[107.8497,-3.04586,0.0,null],[107.85522,-3.04394,0.0,null],[107.85461,-3.04084,0.0,null],[107.85556,-3.0401,0.0,null],[107.85811,-3.04028,0.0,null],[107.86093,-3.037,0.0,null],[107.86348,-3.03599,0.0,null],[107.86375,-3.03527,0.0,null],[107.86332,-3.03214,0.0,null],[107.86464,-3.02879,0.0,null],[107.86159,-3.02454,0.0,null],[107.86233,-3.01984,0.0,null],[107.86407,-3.01759,0.0,null],[107.86271,-3.01656,0.0,null],[107.86191,-3.01446,0.0,null],[107.86064,-3.01357,0.0,null],[107.8585,-3.01344,0.0,null],[107.85451,-3.0119,0.0,null],[107.85299,-3.01221,0.0,null],[107.85083,-3.01158,0.0,null],[107.84659,-3.01161,0.0,null]]],[[[107.75507,-2.91898,0.0,null],[107.7546,-2.91786,0.0,null],[107.749,-2.91966,0.0,null],[107.7474,-2.92036,0.0,null],[107.7454,-2.92256,0.0,null],[107.7458,-2.92441,0.0,null],[107.7485,-2.92806,0.0,null],[107.74698,-2.93302,0.0,null],[107.75051,-2.93617,0.0,null],[107.74923,-2.93987,0.0,null],[107.74863,-2.94074,0.0,null],[107.74632,-2.94143,0.0,null],[107.74624,-2.94315,0.0,null],[107.74767,-2.94467,0.0,null],[107.7519,-2.94426,0.0,null],[107.75073,-2.94812,0.0,null],[107.75165,-2.94917,0.0,null],[107.75962,-2.94958,0.0,null],[107.76159,-2.9507,0.0,null],[107.76151,-2.95345,0.0,null],[107.7602,-2.95767,0.0,null],[107.76249,-2.9589,0.0,null],[107.77229,-2.95289,0.0,null],[107.77596,-2.95685,0.0,null],[107.77604,-2.95868,0.0,null],[107.77525,-2.95997,0.0,null],[107.77256,-2.96067,0.0,null],[107.77251,-2.96166,0.0,null],[107.77479,-2.96236,0.0,null],[107.77575,-2.9634,0.0,null],[107.77539,-2.96483,0.0,null],[107.77391,-2.96565,0.0,null],[107.77438,-2.96729,0.0,null],[107.77604,-2.9684,0.0,null],[107.77854,-2.96826,0.0,null],[107.78154,-2.97034,0.0,null],[107.78418,-2.96934,0.0,null],[107.78732,-2.96912,0.0,null],[107.78855,-2.96559,0.0,null],[107.78855,-2.96331,0.0,null],[107.7856,-2.95916,0.0,null],[107.78085,-2.95532,0.0,null],[107.77796,-2.95436,0.0,null],[107.77598,-2.95247,0.0,null],[107.77134,-2.95167,0.0,null],[107.76754,-2.94828,0.0,null],[107.76234,-2.94217,0.0,null],[107.76205,-2.93874,0.0,null],[107.76352,-2.9325,0.0,null],[107.76239,-2.92606,0.0,null],[107.75706,-2.92249,0.0,null],[107.75507,-2.91898,0.0,null]]]]}},{"type":"Feature","properties":{"inventoryId":"big-forestry-hti:192","sector":"PBPH","subtype":"IUPHHK-HTI","quality":"OFFICIAL","sourceDataset":"big-forestry-hti","sourceRecordId":"192","source":"BIG Kebijakan Satu Peta","sourceUrl":"https://kspservices.big.go.id/satupeta/rest/services/PUBLIK/PERIZINAN_DAN_PERTANAHAN/MapServer/2","retrievedAt":"2026-08-24T04:22:31Z","geometryProcessing":"web display simplification tolerance 0.00035 degrees","name":"PT AGRONUSA ALAM SEJAHTERA","permitNumber":"SK.464/Menhut-II/2009","permitDate":"2009-08-05","areaHa":22525.0,"provinceCode":"15","region":"sumatra"},"geometry":{"type":"Polygon","coordinates":[[[103.25484,-2.02089,0.0,null],[103.25083,-2.02444,0.0,null],[103.24855,-2.02424,0.0,null],[103.24289,-2.02215,0.0,null],[103.24058,-2.02005,0.0,null],[103.23752,-2.0185,0.0,null],[103.23312,-2.0218,0.0,null],[103.22938,-2.02213,0.0,null],[103.22454,-2.0284,0.0,null],[103.23073,-2.03473,0.0,null],[103.22927,-2.03863,0.0,null],[103.2252,-2.03984,0.0,null],[103.22146,-2.04248,0.0,null],[103.21585,-2.05282,0.0,null],[103.2164,-2.05612,0.0,null],[103.21827,-2.0614,0.0,null],[103.21899,-2.06891,0.0,null],[103.22213,-2.07394,0.0,null],[103.22318,-2.07792,0.0,null],[103.22926,-2.08254,0.0,null],[103.23408,-2.08715,0.0,null],[103.24373,-2.09197,0.0,null],[103.24764,-2.09649,0.0,null],[103.24203,-2.1033,0.0,null],[103.23389,-2.09803,0.0,null],[103.22778,-2.09615,0.0,null],[103.22674,-2.09533,0.0,null],[103.22297,-2.08967,0.0,null],[103.216,-2.08311,0.0,null],[103.21269,-2.07604,0.0,null],[103.20997,-2.07373,0.0,null],[103.20661,-2.06702,0.0,null],[103.20409,-2.06429,0.0,null],[103.19697,-2.06199,0.0,null],[103.19089,-2.05716,0.0,null],[103.18753,-2.0492,0.0,null],[103.18736,-2.04611,0.0,null],[103.18318,-2.04534,0.0,null],[103.17658,-2.05029,0.0,null],[103.16393,-2.05414,0.0,null],[103.16096,-2.05821,0.0,null],[103.1537,-2.05865,0.0,null],[103.14986,-2.06283,0.0,null],[103.15167,-2.06723,0.0,null],[103.1565,-2.07289,0.0,null],[103.16279,-2.0817,0.0,null],[103.16383,-2.08946,0.0,null],[103.16635,-2.09197,0.0,null],[103.17548,-2.09594,0.0,null],[103.17831,-2.09826,0.0,null],[103.18186,-2.10253,0.0,null],[103.18164,-2.1176,0.0,null],[103.17922,-2.12508,0.0,null],[103.17691,-2.12673,0.0,null],[103.17229,-2.12772,0.0,null],[103.16745,-2.12959,0.0,null],[103.15854,-2.13949,0.0,null],[103.15612,-2.1473,0.0,null],[103.15414,-2.15126,0.0,null],[103.15129,-2.1495,0.0,null],[103.14843,-2.14631,0.0,null],[103.14475,-2.13978,0.0,null],[103.14293,-2.13322,0.0,null],[103.14139,-2.12541,0.0,null],[103.1415,-2.12365,0.0,null],[103.1437,-2.12035,0.0,null],[103.15063,-2.11771,0.0,null],[103.16206,-2.11694,0.0,null],[103.17075,-2.11859,0.0,null],[103.17117,-2.11273,0.0,null],[103.16734,-2.10242,0.0,null],[103.15282,-2.10297,0.0,null],[103.13853,-2.10594,0.0,null],[103.13281,-2.10089,0.0,null],[103.13197,-2.09868,0.0,null],[103.13556,-2.09198,0.0,null],[103.14084,-2.08769,0.0,null],[103.14876,-2.08703,0.0,null],[103.15088,-2.08422,0.0,null],[103.14414,-2.07581,0.0,null],[103.1415,-2.07658,0.0,null],[103.1316,-2.07548,0.0,null],[103.11763,-2.07141,0.0,null],[103.10465,-2.06877,0.0,null],[103.09816,-2.0691,0.0,null],[103.09607,-2.07482,0.0,null],[103.09398,-2.0768,0.0,null],[103.08749,-2.08065,0.0,null],[103.08584,-2.08219,0.0,null],[103.08551,-2.09231,0.0,null],[103.08452,-2.09539,0.0,null],[103.07979,-2.10187,0.0,null],[103.07836,-2.12112,0.0,null],[103.08416,-2.15047,0.0,null],[103.08882,-2.16205,0.0,null],[103.0951,-2.17393,0.0,null],[103.10069,-2.18613,0.0,null],[103.11147,-2.20626,0.0,null],[103.12969,-2.23542,0.0,null],[103.15754,-2.27414,0.0,null],[103.15755,-2.26519,0.0,null],[103.15441,-2.25795,0.0,null],[103.15412,-2.25481,0.0,null],[103.15541,-2.23944,0.0,null],[103.13228,-2.1988,0.0,null],[103.13457,-2.19623,0.0,null],[103.13742,-2.19566,0.0,null],[103.14047,-2.18329,0.0,null],[103.14637,-2.18015,0.0,null],[103.1478,-2.17777,0.0,null],[103.16298,-2.17696,0.0,null],[103.17202,-2.17058,0.0,null],[103.17402,-2.1663,0.0,null],[103.18001,-2.16516,0.0,null],[103.19114,-2.16439,0.0,null],[103.19539,-2.15802,0.0,null],[103.20519,-2.1465,0.0,null],[103.21637,-2.14403,0.0,null],[103.22626,-2.14283,0.0,null],[103.23844,-2.14008,0.0,null],[103.25037,-2.13664,0.0,null],[103.25309,-2.13285,0.0,null],[103.24995,-2.1156,0.0,null],[103.25729,-2.10638,0.0,null],[103.25835,-2.10282,0.0,null],[103.25901,-2.09058,0.0,null],[103.26192,-2.0607,0.0,null],[103.26125,-2.0527,0.0,null],[103.25896,-2.04556,0.0,null],[103.25957,-2.0432,0.0,null],[103.2494,-2.04314,0.0,null],[103.2494,-2.03522,0.0,null],[103.25215,-2.03456,0.0,null],[103.2549,-2.0295,0.0,null],[103.25424,-2.02719,0.0,null],[103.25484,-2.02089,0.0,null]]]}},{"type":"Feature","properties":{"inventoryId":"big-forestry-hti:193","sector":"PBPH","subtype":"IUPHHK-HTI","quality":"OFFICIAL","sourceDataset":"big-forestry-hti","sourceRecordId":"193","source":"BIG Kebijakan Satu Peta","sourceUrl":"https://kspservices.big.go.id/satupeta/rest/services/PUBLIK/PERIZINAN_DAN_PERTANAHAN/MapServer/2","retrievedAt":"2026-08-24T04:22:31Z","geometryProcessing":"web display simplification tolerance 0.00035 degrees","name":"PT ALAM LESTARI NUSANTARA (DH BUKIT KAUSAR)","permitNumber":"SK.95/Menhut-II/2010","permitDate":"2010-02-24","areaHa":10785.0,"provinceCode":"15","region":"sumatra"},"geometry":{"type":"Polygon","coordinates":[[[103.15711,-2.27345,0.0,null],[103.13658,-2.24525,0.0,null],[103.12755,-2.23191,0.0,null],[103.11934,-2.23635,0.0,null],[103.11425,-2.24063,0.0,null],[103.10729,-2.25134,0.0,null],[103.09712,-2.27142,0.0,null],[103.07704,-2.29578,0.0,null],[103.07142,-2.28829,0.0,null],[103.06527,-2.30017,0.0,null],[103.05896,-2.31569,0.0,null],[103.06669,-2.32322,0.0,null],[103.06854,-2.32947,0.0,null],[103.07178,-2.33133,0.0,null],[103.07445,-2.32971,0.0,null],[103.07896,-2.33052,0.0,null],[103.08106,-2.33174,0.0,null],[103.08557,-2.32774,0.0,null],[103.08823,-2.32924,0.0,null],[103.09112,-2.33214,0.0,null],[103.09101,-2.33862,0.0,null],[103.09275,-2.34187,0.0,null],[103.09634,-2.34337,0.0,null],[103.10954,-2.34476,0.0,null],[103.1173,-2.34476,0.0,null],[103.1217,-2.35183,0.0,null],[103.12483,-2.35518,0.0,null],[103.12842,-2.35623,0.0,null],[103.13525,-2.35461,0.0,null],[103.14058,-2.35553,0.0,null],[103.14197,-2.35762,0.0,null],[103.14431,-2.35853,0.0,null],[103.14606,-2.35473,0.0,null],[103.15012,-2.34892,0.0,null],[103.15277,-2.34608,0.0,null],[103.16106,-2.33967,0.0,null],[103.17229,-2.33245,0.0,null],[103.18011,-2.3303,0.0,null],[103.18543,-2.3282,0.0,null],[103.19372,-2.32216,0.0,null],[103.17368,-2.2956,0.0,null],[103.16521,-2.28322,0.0,null],[103.15711,-2.27345,0.0,null]]]}},{"type":"Feature","properties":{"inventoryId":"big-forestry-hti:147","sector":"PBPH","subtype":"IUPHHK-HTI","quality":"OFFICIAL","sourceDataset":"big-forestry-hti","sourceRecordId":"147","source":"BIG Kebijakan Satu Peta","sourceUrl":"https://kspservices.big.go.id/satupeta/rest/services/PUBLIK/PERIZINAN_DAN_PERTANAHAN/MapServer/2","retrievedAt":"2026-08-24T04:22:31Z","geometryProcessing":"web display simplification tolerance 0.00035 degrees","name":"PT ANDALAN KARYA PERTIWI","permitNumber":"8/1/IUPHHK-HTI/PMDN/2015","permitDate":"2015-08-19","areaHa":29410.0,"provinceCode":"19","region":"sumatra"},"geometry":{"type":"MultiPolygon","coordinates":[[[[108.17892,-3.01447,0.0,null],[108.17722,-3.01406,0.0,null],[108.16663,-3.01917,0.0,null],[108.16583,-3.01902,0.0,null],[108.16375,-3.02051,0.0,null],[108.16282,-3.02015,0.0,null],[108.16077,-3.02146,0.0,null],[108.15665,-3.02112,0.0,null],[108.15824,-3.02579,0.0,null],[108.1684,-3.0258,0.0,null],[108.16858,-3.04929,0.0,null],[108.16236,-3.04938,0.0,null],[108.16237,-3.0568,0.0,null],[108.15824,-3.05674,0.0,null],[108.15828,-3.06246,0.0,null],[108.14487,-3.06238,0.0,null],[108.14494,-3.06737,0.0,null],[108.1382,-3.0673,0.0,null],[108.13821,-3.06491,0.0,null],[108.13041,-3.06481,0.0,null],[108.13038,-3.05373,0.0,null],[108.13868,-3.05373,0.0,null],[108.13874,-3.05537,0.0,null],[108.15909,-3.05559,0.0,null],[108.15894,-3.04695,0.0,null],[108.16537,-3.04703,0.0,null],[108.16539,-3.04149,0.0,null],[108.15587,-3.04147,0.0,null],[108.15591,-3.0341,0.0,null],[108.15307,-3.03228,0.0,null],[108.14672,-3.03223,0.0,null],[108.14666,-3.04216,0.0,null],[108.13652,-3.04215,0.0,null],[108.13658,-3.03645,0.0,null],[108.13328,-3.03654,0.0,null],[108.13501,-3.04564,0.0,null],[108.12924,-3.04971,0.0,null],[108.12398,-3.05228,0.0,null],[108.12398,-3.05849,0.0,null],[108.12419,-3.06617,0.0,null],[108.13216,-3.07314,0.0,null],[108.13419,-3.07557,0.0,null],[108.10663,-3.10384,0.0,null],[108.10187,-3.1036,0.0,null],[108.09691,-3.10217,0.0,null],[108.09776,-3.11194,0.0,null],[108.09833,-3.11325,0.0,null],[108.09816,-3.11976,0.0,null],[108.08914,-3.11554,0.0,null],[108.08828,-3.11565,0.0,null],[108.07815,-3.11219,0.0,null],[108.07745,-3.10631,0.0,null],[108.07689,-3.08602,0.0,null],[108.07303,-3.08508,0.0,null],[108.07175,-3.08532,0.0,null],[108.05739,-3.09761,0.0,null],[108.04816,-3.10483,0.0,null],[108.04699,-3.10525,0.0,null],[108.04695,-3.1084,0.0,null],[108.04946,-3.11308,0.0,null],[108.04704,-3.11333,0.0,null],[108.04376,-3.10788,0.0,null],[108.03576,-3.11322,0.0,null],[108.03445,-3.11355,0.0,null],[108.03255,-3.1153,0.0,null],[108.0252,-3.11712,0.0,null],[108.02285,-3.12102,0.0,null],[108.02429,-3.12518,0.0,null],[108.02376,-3.12847,0.0,null],[108.01686,-3.13104,0.0,null],[108.01491,-3.13061,0.0,null],[108.0149,-3.13274,0.0,null],[108.01034,-3.13275,0.0,null],[108.01035,-3.12716,0.0,null],[108.00147,-3.134,0.0,null],[108.00089,-3.13636,0.0,null],[107.98947,-3.14279,0.0,null],[107.98946,-3.14452,0.0,null],[107.9879,-3.14452,0.0,null],[107.9879,-3.14878,0.0,null],[107.98566,-3.14881,0.0,null],[107.98574,-3.16605,0.0,null],[107.98237,-3.16605,0.0,null],[107.98237,-3.16152,0.0,null],[107.97906,-3.16152,0.0,null],[107.97908,-3.16433,0.0,null],[107.97487,-3.16434,0.0,null],[107.97494,-3.15716,0.0,null],[107.96927,-3.16706,0.0,null],[107.96852,-3.17135,0.0,null],[107.96905,-3.17232,0.0,null],[107.97166,-3.1744,0.0,null],[107.97263,-3.17408,0.0,null],[107.97288,-3.17334,0.0,null],[107.97452,-3.17415,0.0,null],[107.97517,-3.17389,0.0,null],[107.97551,-3.17463,0.0,null],[107.97613,-3.17413,0.0,null],[108.04744,-3.19196,0.0,null],[108.05528,-3.18633,0.0,null],[108.05859,-3.18492,0.0,null],[108.06226,-3.18429,0.0,null],[108.06848,-3.18222,0.0,null],[108.09024,-3.15046,0.0,null],[108.10338,-3.14451,0.0,null],[108.10354,-3.14353,0.0,null],[108.10275,-3.1419,0.0,null],[108.19464,-3.01876,0.0,null],[108.19037,-3.01798,0.0,null],[108.18451,-3.01429,0.0,null],[108.18305,-3.01504,0.0,null],[108.17892,-3.01447,0.0,null]],[[108.02411,-3.15911,0.0,null],[108.03726,-3.15902,0.0,null],[108.0334,-3.17779,0.0,null],[108.02793,-3.17688,0.0,null],[108.00909,-3.1768,0.0,null],[108.00869,-3.17283,0.0,null],[108.01208,-3.1596,0.0,null],[108.01276,-3.15918,0.0,null],[108.02411,-3.15911,0.0,null]],[[108.06033,-3.13029,0.0,null],[108.06039,-3.12016,0.0,null],[108.07206,-3.12019,0.0,null],[108.07199,-3.1324,0.0,null],[108.06307,-3.13245,0.0,null],[108.06033,-3.13029,0.0,null]],[[108.08249,-3.13274,0.0,null],[108.08804,-3.14632,0.0,null],[108.08852,-3.14902,0.0,null],[108.08493,-3.15134,0.0,null],[108.08492,-3.15224,0.0,null],[108.08358,-3.15338,0.0,null],[108.08317,-3.15505,0.0,null],[108.08196,-3.14871,0.0,null],[108.08214,-3.14425,0.0,null],[108.07671,-3.13825,0.0,null],[108.08249,-3.13274,0.0,null]],[[108.07948,-3.14618,0.0,null],[108.08119,-3.14864,0.0,null],[108.08172,-3.15674,0.0,null],[108.07997,-3.15898,0.0,null],[108.08035,-3.15461,0.0,null],[108.07533,-3.14755,0.0,null],[108.07601,-3.14361,0.0,null],[108.07709,-3.14268,0.0,null],[108.07948,-3.14618,0.0,null]]],[[[107.91767,-2.59093,0.0,null],[107.91645,-2.5908,0.0,null],[107.91467,-2.59233,0.0,null],[107.91031,-2.60131,0.0,null],[107.91033,-2.61006,0.0,null],[107.90933,-2.61933,0.0,null],[107.91321,-2.61924,0.0,null],[107.91553,-2.61976,0.0,null],[107.91836,-2.62156,0.0,null],[107.92159,-2.62208,0.0,null],[107.92558,-2.62633,0.0,null],[107.92558,-2.62955,0.0,null],[107.92146,-2.63303,0.0,null],[107.91476,-2.6347,0.0,null],[107.91424,-2.63573,0.0,null],[107.90945,-2.63973,0.0,null],[107.91308,-2.64247,0.0,null],[107.93206,-2.64161,0.0,null],[107.93622,-2.64576,0.0,null],[107.94508,-2.64571,0.0,null],[107.94784,-2.6481,0.0,null],[107.95019,-2.64901,0.0,null],[107.95611,-2.64889,0.0,null],[107.95762,-2.64764,0.0,null],[107.96095,-2.64785,0.0,null],[107.96346,-2.64905,0.0,null],[107.96641,-2.649,0.0,null],[107.96788,-2.65087,0.0,null],[107.97028,-2.65146,0.0,null],[107.97113,-2.65251,0.0,null],[107.97248,-2.65172,0.0,null],[107.97569,-2.65126,0.0,null],[107.97696,-2.65183,0.0,null],[107.97684,-2.65333,0.0,null],[107.97535,-2.65401,0.0,null],[107.97512,-2.65723,0.0,null],[107.97707,-2.65768,0.0,null],[107.98109,-2.65539,0.0,null],[107.98407,-2.65619,0.0,null],[107.98544,-2.65768,0.0,null],[107.98567,-2.66227,0.0,null],[107.99118,-2.66801,0.0,null],[107.99003,-2.67019,0.0,null],[107.98739,-2.66938,0.0,null],[107.98694,-2.67225,0.0,null],[107.98556,-2.67305,0.0,null],[107.98499,-2.67443,0.0,null],[107.98556,-2.6773,0.0,null],[107.98499,-2.6851,0.0,null],[107.9809,-2.68561,0.0,null],[107.98235,-2.68706,0.0,null],[107.98505,-2.68695,0.0,null],[107.98642,-2.68779,0.0,null],[107.98893,-2.6882,0.0,null],[107.99137,-2.68997,0.0,null],[107.99283,-2.6896,0.0,null],[107.99509,-2.68888,0.0,null],[108.00124,-2.68472,0.0,null],[108.0038,-2.68401,0.0,null],[108.00577,-2.68186,0.0,null],[108.01106,-2.67793,0.0,null],[108.01341,-2.6742,0.0,null],[108.0093,-2.64822,0.0,null],[108.00652,-2.64592,0.0,null],[107.99703,-2.62583,0.0,null],[107.99353,-2.61667,0.0,null],[107.99324,-2.60385,0.0,null],[107.9763,-2.59592,0.0,null],[107.91767,-2.59093,0.0,null]],[[107.95823,-2.61592,0.0,null],[107.95604,-2.61347,0.0,null],[107.95604,-2.61263,0.0,null],[107.95668,-2.61224,0.0,null],[107.96133,-2.61314,0.0,null],[107.96655,-2.61301,0.0,null],[107.96591,-2.61656,0.0,null],[107.96617,-2.61966,0.0,null],[107.96552,-2.62114,0.0,null],[107.96462,-2.62159,0.0,null],[107.95894,-2.62327,0.0,null],[107.95675,-2.62656,0.0,null],[107.95488,-2.62818,0.0,null],[107.94978,-2.63069,0.0,null],[107.95055,-2.63411,0.0,null],[107.94855,-2.64011,0.0,null],[107.94959,-2.64089,0.0,null],[107.94984,-2.64218,0.0,null],[107.95159,-2.64172,0.0,null],[107.95359,-2.64424,0.0,null],[107.95513,-2.64443,0.0,null],[107.95417,-2.64734,0.0,null],[107.94662,-2.64637,0.0,null],[107.94526,-2.6454,0.0,null],[107.94701,-2.64392,0.0,null],[107.94688,-2.64334,0.0,null],[107.94423,-2.64373,0.0,null],[107.94307,-2.64289,0.0,null],[107.94178,-2.64276,0.0,null],[107.94139,-2.64205,0.0,null],[107.94068,-2.64231,0.0,null],[107.93862,-2.64166,0.0,null],[107.93778,-2.64011,0.0,null],[107.93965,-2.63702,0.0,null],[107.94081,-2.63618,0.0,null],[107.94049,-2.63424,0.0,null],[107.93842,-2.63366,0.0,null],[107.93662,-2.63192,0.0,null],[107.9332,-2.63063,0.0,null],[107.93223,-2.62946,0.0,null],[107.93062,-2.62979,0.0,null],[107.93029,-2.63089,0.0,null],[107.92771,-2.6336,0.0,null],[107.92559,-2.6336,0.0,null],[107.92559,-2.6325,0.0,null],[107.9281,-2.6305,0.0,null],[107.92868,-2.6294,0.0,null],[107.92778,-2.62811,0.0,null],[107.92817,-2.6256,0.0,null],[107.92991,-2.62514,0.0,null],[107.9321,-2.62663,0.0,null],[107.93436,-2.62605,0.0,null],[107.93423,-2.62514,0.0,null],[107.93313,-2.62437,0.0,null],[107.93442,-2.62301,0.0,null],[107.93462,-2.62185,0.0,null],[107.93559,-2.62218,0.0,null],[107.93526,-2.62385,0.0,null],[107.93771,-2.62308,0.0,null],[107.93913,-2.62476,0.0,null],[107.93713,-2.62676,0.0,null],[107.9341,-2.62708,0.0,null],[107.93365,-2.62837,0.0,null],[107.93423,-2.62934,0.0,null],[107.93604,-2.62966,0.0,null],[107.93901,-2.63231,0.0,null],[107.94094,-2.63231,0.0,null],[107.94197,-2.63334,0.0,null],[107.94288,-2.63314,0.0,null],[107.94339,-2.63179,0.0,null],[107.94546,-2.63224,0.0,null],[107.9461,-2.63121,0.0,null],[107.94868,-2.62966,0.0,null],[107.94855,-2.62869,0.0,null],[107.95443,-2.62637,0.0,null],[107.95604,-2.62476,0.0,null],[107.95604,-2.6223,0.0,null],[107.95417,-2.62114,0.0,null],[107.95184,-2.62095,0.0,null],[107.95088,-2.62018,0.0,null],[107.95017,-2.61895,0.0,null],[107.95062,-2.61701,0.0,null],[107.95146,-2.61605,0.0,null],[107.95701,-2.61876,0.0,null],[107.95901,-2.61863,0.0,null],[107.9592,-2.61695,0.0,null],[107.95823,-2.61592,0.0,null]]],[[[108.09493,-2.61253,0.0,null],[108.09116,-2.61244,0.0,null],[108.08815,-2.61153,0.0,null],[108.08426,-2.61273,0.0,null],[108.08091,-2.61291,0.0,null],[108.07408,-2.61093,0.0,null],[108.06935,-2.61105,0.0,null],[108.05768,-2.61476,0.0,null],[108.04972,-2.61458,0.0,null],[108.04498,-2.61779,0.0,null],[108.04499,-2.62279,0.0,null],[108.04863,-2.6309,0.0,null],[108.05167,-2.64028,0.0,null],[108.04713,-2.65552,0.0,null],[108.04788,-2.65786,0.0,null],[108.05021,-2.65872,0.0,null],[108.05193,-2.66164,0.0,null],[108.0527,-2.65777,0.0,null],[108.05399,-2.65691,0.0,null],[108.05571,-2.65691,0.0,null],[108.05571,-2.65846,0.0,null],[108.05761,-2.65958,0.0,null],[108.05967,-2.65906,0.0,null],[108.06354,-2.66078,0.0,null],[108.06535,-2.6625,0.0,null],[108.06214,-2.66635,0.0,null],[108.06257,-2.66621,0.0,null],[108.06248,-2.66757,0.0,null],[108.06621,-2.67098,0.0,null],[108.06835,-2.67211,0.0,null],[108.06962,-2.6736,0.0,null],[108.06968,-2.67395,0.0,null],[108.06864,-2.67366,0.0,null],[108.07436,-2.67611,0.0,null],[108.10278,-2.67585,0.0,null],[108.10456,-2.67391,0.0,null],[108.10724,-2.67354,0.0,null],[108.10779,-2.67223,0.0,null],[108.1119,-2.6725,0.0,null],[108.11578,-2.67383,0.0,null],[108.12003,-2.67361,0.0,null],[108.12424,-2.67534,0.0,null],[108.12686,-2.67431,0.0,null],[108.12855,-2.67545,0.0,null],[108.1305,-2.67585,0.0,null],[108.1313,-2.67535,0.0,null],[108.13166,-2.67403,0.0,null],[108.13374,-2.67137,0.0,null],[108.13699,-2.66952,0.0,null],[108.14213,-2.67025,0.0,null],[108.14142,-2.67226,0.0,null],[108.1442,-2.67342,0.0,null],[108.14607,-2.67332,0.0,null],[108.14452,-2.67149,0.0,null],[108.13231,-2.66142,0.0,null],[108.13072,-2.6598,0.0,null],[108.13017,-2.65788,0.0,null],[108.12713,-2.65497,0.0,null],[108.1064,-2.63703,0.0,null],[108.10388,-2.63537,0.0,null],[108.10184,-2.62919,0.0,null],[108.10059,-2.62892,0.0,null],[108.09726,-2.6254,0.0,null],[108.0966,-2.62303,0.0,null],[108.09753,-2.62112,0.0,null],[108.09972,-2.6214,0.0,null],[108.09924,-2.61988,0.0,null],[108.09987,-2.61854,0.0,null],[108.09951,-2.61664,0.0,null],[108.09843,-2.61537,0.0,null],[108.09566,-2.61413,0.0,null],[108.09493,-2.61253,0.0,null]]],[[[108.0589,-2.93241,0.0,null],[108.0485,-2.93265,0.0,null],[108.04686,-2.93391,0.0,null],[108.04417,-2.93467,0.0,null],[108.04315,-2.93348,0.0,null],[108.04177,-2.93339,0.0,null],[108.04011,-2.93489,0.0,null],[108.04141,-2.93919,0.0,null],[108.03566,-2.93436,0.0,null],[108.03349,-2.93464,0.0,null],[108.03166,-2.93695,0.0,null],[108.03173,-2.94151,0.0,null],[108.02993,-2.94331,0.0,null],[108.03817,-2.94319,0.0,null],[108.03633,-2.95433,0.0,null],[108.04549,-2.95419,0.0,null],[108.04558,-2.9356,0.0,null],[108.05661,-2.94047,0.0,null],[108.06085,-2.94377,0.0,null],[108.06079,-2.94012,0.0,null],[108.06378,-2.94012,0.0,null],[108.06789,-2.9471,0.0,null],[108.06839,-2.94947,0.0,null],[108.06378,-2.95433,0.0,null],[108.06316,-2.95558,0.0,null],[108.06341,-2.9582,0.0,null],[108.06191,-2.95882,0.0,null],[108.06191,-2.96231,0.0,null],[108.05481,-2.96368,0.0,null],[108.04907,-2.96306,0.0,null],[108.04703,-2.96403,0.0,null],[108.04703,-2.96639,0.0,null],[108.05144,-2.96532,0.0,null],[108.05439,-2.96651,0.0,null],[108.05791,-2.96989,0.0,null],[108.0621,-2.96991,0.0,null],[108.06478,-2.96744,0.0,null],[108.06836,-2.9854,0.0,null],[108.07488,-2.98804,0.0,null],[108.08193,-2.99266,0.0,null],[108.08168,-2.99366,0.0,null],[108.08595,-2.99757,0.0,null],[108.08399,-2.99861,0.0,null],[108.08305,-3.00065,0.0,null],[108.0798,-3.00376,0.0,null],[108.07862,-3.00349,0.0,null],[108.07863,-3.00409,0.0,null],[108.06772,-3.01049,0.0,null],[108.0667,-3.01369,0.0,null],[108.05903,-3.01005,0.0,null],[108.05904,-3.01323,0.0,null],[108.05437,-3.01317,0.0,null],[108.05836,-3.01441,0.0,null],[108.06023,-3.01666,0.0,null],[108.05786,-3.01728,0.0,null],[108.05599,-3.01566,0.0,null],[108.05337,-3.01491,0.0,null],[108.05312,-3.01603,0.0,null],[108.05424,-3.01778,0.0,null],[108.05648,-3.01905,0.0,null],[108.05655,-3.0208,0.0,null],[108.055,-3.02017,0.0,null],[108.05297,-3.018,0.0,null],[108.05115,-3.01765,0.0,null],[108.05045,-3.01821,0.0,null],[108.05066,-3.01968,0.0,null],[108.05325,-3.02101,0.0,null],[108.05346,-3.02171,0.0,null],[108.0482,-3.02192,0.0,null],[108.04722,-3.02277,0.0,null],[108.04407,-3.01898,0.0,null],[108.04182,-3.01821,0.0,null],[108.0379,-3.02199,0.0,null],[108.0358,-3.02613,0.0,null],[108.03168,-3.02576,0.0,null],[108.03206,-3.01903,0.0,null],[108.03327,-3.0169,0.0,null],[108.0189,-3.01699,0.0,null],[108.01844,-3.019,0.0,null],[108.01453,-3.02497,0.0,null],[108.0162,-3.02476,0.0,null],[108.01658,-3.02588,0.0,null],[108.03114,-3.02588,0.0,null],[108.03115,-3.03389,0.0,null],[108.02728,-3.03561,0.0,null],[108.01995,-3.03581,0.0,null],[108.02122,-3.03829,0.0,null],[108.0233,-3.03773,0.0,null],[108.02608,-3.03954,0.0,null],[108.03371,-3.03736,0.0,null],[108.03493,-3.03799,0.0,null],[108.03859,-3.03784,0.0,null],[108.04777,-3.04016,0.0,null],[108.04756,-3.03811,0.0,null],[108.04833,-3.03249,0.0,null],[108.05029,-3.03079,0.0,null],[108.05142,-3.0315,0.0,null],[108.05452,-3.03198,0.0,null],[108.0538,-3.02963,0.0,null],[108.05532,-3.02688,0.0,null],[108.05641,-3.0273,0.0,null],[108.05807,-3.02647,0.0,null],[108.05879,-3.02804,0.0,null],[108.06808,-3.02806,0.0,null],[108.06942,-3.02732,0.0,null],[108.07043,-3.02524,0.0,null],[108.07239,-3.02306,0.0,null],[108.07425,-3.02156,0.0,null],[108.07772,-3.02003,0.0,null],[108.07766,-3.01905,0.0,null],[108.07935,-3.01536,0.0,null],[108.087,-3.01117,0.0,null],[108.09048,-3.01108,0.0,null],[108.09539,-3.00255,0.0,null],[108.09709,-3.00121,0.0,null],[108.0967,-2.99955,0.0,null],[108.09376,-3.00072,0.0,null],[108.08842,-2.99463,0.0,null],[108.08643,-2.99365,0.0,null],[108.08286,-2.99012,0.0,null],[108.08034,-2.99084,0.0,null],[108.0797,-2.98986,0.0,null],[108.08041,-2.98907,0.0,null],[108.08101,-2.98551,0.0,null],[108.07986,-2.98511,0.0,null],[108.07896,-2.98259,0.0,null],[108.07703,-2.9824,0.0,null],[108.07691,-2.98026,0.0,null],[108.07511,-2.97435,0.0,null],[108.07658,-2.97307,0.0,null],[108.07627,-2.97085,0.0,null],[108.07358,-2.96578,0.0,null],[108.07465,-2.96112,0.0,null],[108.07399,-2.95864,0.0,null],[108.07477,-2.95605,0.0,null],[108.07732,-2.95495,0.0,null],[108.08127,-2.95091,0.0,null],[108.07634,-2.94494,0.0,null],[108.07422,-2.94067,0.0,null],[108.0589,-2.93241,0.0,null]]],[[[107.95508,-3.01186,0.0,null],[107.9519,-3.00952,0.0,null],[107.95151,-3.00763,0.0,null],[107.94171,-3.00527,0.0,null],[107.943,-3.00673,0.0,null],[107.93381,-3.01276,0.0,null],[107.93494,-3.01505,0.0,null],[107.93747,-3.01472,0.0,null],[107.93768,-3.01895,0.0,null],[107.93884,-3.02401,0.0,null],[107.94193,-3.02681,0.0,null],[107.94205,-3.02779,0.0,null],[107.9408,-3.02959,0.0,null],[107.93786,-3.02926,0.0,null],[107.93325,-3.02789,0.0,null],[107.93057,-3.02656,0.0,null],[107.93027,-3.02584,0.0,null],[107.92917,-3.02575,0.0,null],[107.92769,-3.02653,0.0,null],[107.92513,-3.02998,0.0,null],[107.92477,-3.0315,0.0,null],[107.9256,-3.03504,0.0,null],[107.92864,-3.03766,0.0,null],[107.92968,-3.0398,0.0,null],[107.92971,-3.04143,0.0,null],[107.92846,-3.04256,0.0,null],[107.92819,-3.04407,0.0,null],[107.92888,-3.04592,0.0,null],[107.92831,-3.04675,0.0,null],[107.92941,-3.05397,0.0,null],[107.93191,-3.05507,0.0,null],[107.93405,-3.05763,0.0,null],[107.93188,-3.06247,0.0,null],[107.93221,-3.06357,0.0,null],[107.93506,-3.06539,0.0,null],[107.93509,-3.06783,0.0,null],[107.94065,-3.06934,0.0,null],[107.94845,-3.06893,0.0,null],[107.95258,-3.06836,0.0,null],[107.95606,-3.06705,0.0,null],[107.96314,-3.06634,0.0,null],[107.9615,-3.0617,0.0,null],[107.96302,-3.06152,0.0,null],[107.96827,-3.0623,0.0,null],[107.97199,-3.06343,0.0,null],[107.9736,-3.06494,0.0,null],[107.97467,-3.06447,0.0,null],[107.97699,-3.06557,0.0,null],[107.9802,-3.0661,0.0,null],[107.97796,-3.06466,0.0,null],[107.97132,-3.05772,0.0,null],[107.97446,-3.04074,0.0,null],[107.97115,-3.04104,0.0,null],[107.95985,-3.03523,0.0,null],[107.95863,-3.03551,0.0,null],[107.95788,-3.02981,0.0,null],[107.95891,-3.02953,0.0,null],[107.95732,-3.02317,0.0,null],[107.95947,-3.02261,0.0,null],[107.95985,-3.02186,0.0,null],[107.95807,-3.017,0.0,null],[107.95499,-3.0155,0.0,null],[107.95583,-3.01354,0.0,null],[107.95882,-3.01354,0.0,null],[107.95975,-3.01307,0.0,null],[107.95966,-3.01177,0.0,null],[107.95676,-3.01251,0.0,null],[107.95508,-3.01186,0.0,null]]],[[[107.98865,-2.9092,0.0,null],[107.98652,-2.91011,0.0,null],[107.98333,-2.91026,0.0,null],[107.97891,-2.91301,0.0,null],[107.97789,-2.913,0.0,null],[107.97522,-2.91151,0.0,null],[107.97221,-2.91162,0.0,null],[107.96876,-2.91358,0.0,null],[107.96649,-2.91574,0.0,null],[107.95757,-2.91505,0.0,null],[107.95531,-2.91304,0.0,null],[107.95331,-2.91245,0.0,null],[107.9502,-2.91502,0.0,null],[107.94772,-2.91537,0.0,null],[107.94698,-2.98994,0.0,null],[107.94784,-2.98994,0.0,null],[107.9476,-2.98877,0.0,null],[107.94994,-2.98858,0.0,null],[107.95069,-2.98942,0.0,null],[107.94966,-2.99176,0.0,null],[107.95106,-2.99503,0.0,null],[107.95199,-2.99569,0.0,null],[107.95527,-2.99372,0.0,null],[107.95695,-2.994,0.0,null],[107.95695,-2.99727,0.0,null],[107.96022,-2.99905,0.0,null],[107.96453,-2.99891,0.0,null],[107.96395,-2.99658,0.0,null],[107.95063,-2.97522,0.0,null],[107.95058,-2.93706,0.0,null],[107.96461,-2.9371,0.0,null],[107.96611,-2.91998,0.0,null],[107.97003,-2.91921,0.0,null],[107.97073,-2.91767,0.0,null],[107.97319,-2.91521,0.0,null],[107.98237,-2.9155,0.0,null],[107.98679,-2.91164,0.0,null],[107.98988,-2.9115,0.0,null],[107.98865,-2.9092,0.0,null]]],[[[108.01841,-2.90377,0.0,null],[108.01619,-2.90303,0.0,null],[108.01403,-2.90498,0.0,null],[108.01117,-2.90339,0.0,null],[108.01058,-2.90575,0.0,null],[108.00937,-2.90608,0.0,null],[108.00895,-2.90698,0.0,null],[108.00387,-2.90734,0.0,null],[108.00318,-2.9088,0.0,null],[108.01044,-2.90842,0.0,null],[108.01165,-2.90916,0.0,null],[108.02133,-2.94343,0.0,null],[108.02964,-2.94331,0.0,null],[108.02655,-2.93961,0.0,null],[108.02409,-2.93513,0.0,null],[108.02409,-2.93232,0.0,null],[108.02711,-2.92903,0.0,null],[108.0283,-2.9305,0.0,null],[108.03363,-2.93231,0.0,null],[108.03344,-2.93034,0.0,null],[108.03139,-2.92836,0.0,null],[108.02859,-2.91744,0.0,null],[108.02856,-2.91568,0.0,null],[108.02747,-2.91415,0.0,null],[108.02656,-2.90919,0.0,null],[108.02478,-2.9076,0.0,null],[108.02447,-2.90493,0.0,null],[108.02385,-2.90388,0.0,null],[108.02043,-2.9041,0.0,null],[108.01919,-2.90467,0.0,null],[108.01841,-2.90377,0.0,null]]]]}},{"type":"Feature","properties":{"inventoryId":"big-forestry-hti:158","sector":"PBPH","subtype":"IUPHHK-HTI","quality":"OFFICIAL","sourceDataset":"big-forestry-hti","sourceRecordId":"158","source":"BIG Kebijakan Satu Peta","sourceUrl":"https://kspservices.big.go.id/satupeta/rest/services/PUBLIK/PERIZINAN_DAN_PERTANAHAN/MapServer/2","retrievedAt":"2026-08-24T04:22:31Z","geometryProcessing":"web display simplification tolerance 0.00035 degrees","name":"PT ANUGERAH RIMBA MAKMUR","permitNumber":"SK. 669/Menhut-II/2009","permitDate":"2009-09-15","areaHa":49230.0,"provinceCode":"12","region":"sumatra"},"geometry":{"type":"Polygon","coordinates":[[[99.2189,0.982,0.0,null],[99.21827,0.98176,0.0,null],[99.21506,0.98973,0.0,null],[99.21232,0.99223,0.0,null],[99.20566,0.99259,0.0,null],[99.20435,0.9908,0.0,null],[99.20268,0.96058,0.0,null],[99.2028,0.94774,0.0,null],[99.20387,0.9337,0.0,null],[99.2078,0.92049,0.0,null],[99.21791,0.89444,0.0,null],[99.2197,0.87112,0.0,null],[99.21982,0.85399,0.0,null],[99.2213,0.84325,0.0,null],[99.2253,0.85078,0.0,null],[99.22676,0.85513,0.0,null],[99.22681,0.86941,0.0,null],[99.22907,0.87313,0.0,null],[99.23641,0.87842,0.0,null],[99.23862,0.88277,0.0,null],[99.24038,0.88917,0.0,null],[99.24195,0.89084,0.0,null],[99.24633,0.89292,0.0,null],[99.25067,0.89219,0.0,null],[99.25702,0.88988,0.0,null],[99.25924,0.88977,0.0,null],[99.26141,0.89075,0.0,null],[99.26322,0.89219,0.0,null],[99.26578,0.8958,0.0,null],[99.26972,0.9069,0.0,null],[99.27097,0.90879,0.0,null],[99.27461,0.91126,0.0,null],[99.28168,0.91203,0.0,null],[99.28418,0.91096,0.0,null],[99.28792,0.90834,0.0,null],[99.28942,0.90618,0.0,null],[99.29109,0.90184,0.0,null],[99.29191,0.89722,0.0,null],[99.29151,0.89275,0.0,null],[99.29871,0.90013,0.0,null],[99.30454,0.9078,0.0,null],[99.31713,0.92959,0.0,null],[99.32518,0.94708,0.0,null],[99.32865,0.95603,0.0,null],[99.32878,0.95774,0.0,null],[99.32956,0.95832,0.0,null],[99.33191,0.9642,0.0,null],[99.3392,0.9858,0.0,null],[99.34061,0.99169,0.0,null],[99.34313,1.00488,0.0,null],[99.34397,1.01526,0.0,null],[99.3435,1.01822,0.0,null],[99.34777,1.01989,0.0,null],[99.34806,1.02115,0.0,null],[99.34247,1.02251,0.0,null],[99.34202,1.02366,0.0,null],[99.34254,1.02567,0.0,null],[99.3414,1.02659,0.0,null],[99.33915,1.02563,0.0,null],[99.33853,1.02342,0.0,null],[99.33636,1.02333,0.0,null],[99.33528,1.02466,0.0,null],[99.33482,1.02632,0.0,null],[99.3356,1.02995,0.0,null],[99.33495,1.03069,0.0,null],[99.33276,1.0306,0.0,null],[99.33188,1.03139,0.0,null],[99.33123,1.03555,0.0,null],[99.32373,1.03857,0.0,null],[99.32226,1.04166,0.0,null],[99.31973,1.04331,0.0,null],[99.315,1.04351,0.0,null],[99.31432,1.04421,0.0,null],[99.31417,1.047,0.0,null],[99.3115,1.04634,0.0,null],[99.31008,1.04954,0.0,null],[99.31032,1.053,0.0,null],[99.30948,1.05521,0.0,null],[99.30832,1.05637,0.0,null],[99.30587,1.05614,0.0,null],[99.305,1.05657,0.0,null],[99.30658,1.06035,0.0,null],[99.30544,1.06128,0.0,null],[99.30123,1.06288,0.0,null],[99.29885,1.06299,0.0,null],[99.2975,1.0676,0.0,null],[99.29491,1.06951,0.0,null],[99.29473,1.07225,0.0,null],[99.29233,1.07306,0.0,null],[99.29251,1.07463,0.0,null],[99.29048,1.0769,0.0,null],[99.29069,1.07861,0.0,null],[99.28646,1.08064,0.0,null],[99.28478,1.07706,0.0,null],[99.28156,1.06719,0.0,null],[99.27764,1.06719,0.0,null],[99.27193,1.08634,0.0,null],[99.26954,1.09672,0.0,null],[99.26872,1.09324,0.0,null],[99.26992,1.08923,0.0,null],[99.26743,1.08513,0.0,null],[99.26916,1.08041,0.0,null],[99.26737,1.07661,0.0,null],[99.26487,1.07474,0.0,null],[99.26676,1.07007,0.0,null],[99.26563,1.06829,0.0,null],[99.26292,1.06834,0.0,null],[99.2616,1.06483,0.0,null],[99.26371,1.06206,0.0,null],[99.26487,1.05785,0.0,null],[99.26431,1.05606,0.0,null],[99.26276,1.05433,0.0,null],[99.262,1.05189,0.0,null],[99.26103,1.05154,0.0,null],[99.25846,1.05239,0.0,null],[99.25753,1.05216,0.0,null],[99.25745,1.04939,0.0,null],[99.25684,1.04874,0.0,null],[99.25171,1.04865,0.0,null],[99.24933,1.04496,0.0,null],[99.24182,1.04163,0.0,null],[99.2398,1.04134,0.0,null],[99.23593,1.04239,0.0,null],[99.23331,1.04464,0.0,null],[99.23293,1.04721,0.0,null],[99.22887,1.04935,0.0,null],[99.22581,1.04827,0.0,null],[99.22323,1.04911,0.0,null],[99.22175,1.04867,0.0,null],[99.22155,1.0472,0.0,null],[99.22384,1.04375,0.0,null],[99.22333,1.04254,0.0,null],[99.22207,1.04301,0.0,null],[99.2201,1.045,0.0,null],[99.2191,1.047,0.0,null],[99.21858,1.05125,0.0,null],[99.21782,1.05243,0.0,null],[99.21557,1.05343,0.0,null],[99.2151,1.0546,0.0,null],[99.21515,1.05608,0.0,null],[99.21589,1.0573,0.0,null],[99.21861,1.05799,0.0,null],[99.21889,1.05868,0.0,null],[99.21702,1.06082,0.0,null],[99.21346,1.0615,0.0,null],[99.21249,1.06307,0.0,null],[99.21312,1.06442,0.0,null],[99.21704,1.06515,0.0,null],[99.21844,1.06635,0.0,null],[99.21684,1.06809,0.0,null],[99.21627,1.07061,0.0,null],[99.21308,1.07155,0.0,null],[99.20803,1.07486,0.0,null],[99.20787,1.07668,0.0,null],[99.21054,1.07903,0.0,null],[99.21013,1.08084,0.0,null],[99.20784,1.08167,0.0,null],[99.20534,1.08347,0.0,null],[99.20284,1.08689,0.0,null],[99.20114,1.087,0.0,null],[99.19884,1.08582,0.0,null],[99.19718,1.08644,0.0,null],[99.19779,1.08794,0.0,null],[99.20004,1.08943,0.0,null],[99.19946,1.0906,0.0,null],[99.19774,1.0907,0.0,null],[99.194,1.08916,0.0,null],[99.19216,1.08772,0.0,null],[99.19126,1.08785,0.0,null],[99.1902,1.08844,0.0,null],[99.18977,1.08942,0.0,null],[99.19087,1.09239,0.0,null],[99.1881,1.09397,0.0,null],[99.18718,1.09686,0.0,null],[99.18593,1.09674,0.0,null],[99.18514,1.0945,0.0,null],[99.1841,1.09414,0.0,null],[99.18219,1.09588,0.0,null],[99.18184,1.09801,0.0,null],[99.17678,1.0961,0.0,null],[99.17587,1.09275,0.0,null],[99.17271,1.0928,0.0,null],[99.17134,1.09216,0.0,null],[99.16975,1.09301,0.0,null],[99.16917,1.09778,0.0,null],[99.16741,1.09934,0.0,null],[99.16494,1.09887,0.0,null],[99.16327,1.09638,0.0,null],[99.16207,1.09574,0.0,null],[99.16045,1.09681,0.0,null],[99.16083,1.09964,0.0,null],[99.15825,1.09878,0.0,null],[99.1551,1.09926,0.0,null],[99.15252,1.09726,0.0,null],[99.15156,1.09848,0.0,null],[99.15108,1.10261,0.0,null],[99.14705,1.10205,0.0,null],[99.1449,1.10319,0.0,null],[99.14459,1.10466,0.0,null],[99.14616,1.10708,0.0,null],[99.14562,1.10763,0.0,null],[99.1414,1.10622,0.0,null],[99.13797,1.10691,0.0,null],[99.13447,1.10608,0.0,null],[99.13337,1.10638,0.0,null],[99.1327,1.10724,0.0,null],[99.13224,1.11014,0.0,null],[99.1313,1.10729,0.0,null],[99.1299,1.106,0.0,null],[99.12834,1.10576,0.0,null],[99.1271,1.10638,0.0,null],[99.12577,1.10897,0.0,null],[99.12469,1.10851,0.0,null],[99.12331,1.10654,0.0,null],[99.12178,1.10604,0.0,null],[99.1215,1.10637,0.0,null],[99.12634,1.12002,0.0,null],[99.12742,1.12888,0.0,null],[99.13648,1.16728,0.0,null],[99.1351,1.16893,0.0,null],[99.11849,1.17681,0.0,null],[99.09626,1.18321,0.0,null],[99.08573,1.18725,0.0,null],[99.07537,1.19271,0.0,null],[99.06674,1.19573,0.0,null],[99.06452,1.19729,0.0,null],[99.06448,1.19906,0.0,null],[99.06301,1.19925,0.0,null],[99.05766,1.2027,0.0,null],[99.05551,1.20519,0.0,null],[99.05123,1.20793,0.0,null],[99.04885,1.21019,0.0,null],[99.04802,1.21281,0.0,null],[99.04838,1.21721,0.0,null],[99.04695,1.21971,0.0,null],[99.03945,1.22744,0.0,null],[99.03815,1.23077,0.0,null],[99.03898,1.24814,0.0,null],[99.03767,1.25124,0.0,null],[99.02982,1.2573,0.0,null],[99.02693,1.26074,0.0,null],[99.02404,1.25893,0.0,null],[99.02375,1.24871,0.0,null],[99.02702,1.23532,0.0,null],[99.02806,1.22432,0.0,null],[99.03089,1.21495,0.0,null],[99.03208,1.2032,0.0,null],[99.0294,1.18253,0.0,null],[99.02881,1.1742,0.0,null],[99.0291,1.16662,0.0,null],[99.02762,1.15368,0.0,null],[99.0297,1.1342,0.0,null],[99.03565,1.11471,0.0,null],[99.03696,1.10003,0.0,null],[99.0408,1.09611,0.0,null],[99.04038,1.09674,0.0,null],[99.0405,1.09629,0.0,null],[99.03899,1.09636,0.0,null],[99.03837,1.09388,0.0,null],[99.04302,1.08819,0.0,null],[99.04559,1.08097,0.0,null],[99.04975,1.06441,0.0,null],[99.05707,1.04663,0.0,null],[99.06379,1.03396,0.0,null],[99.06602,1.0341,0.0,null],[99.06856,1.03347,0.0,null],[99.0708,1.03031,0.0,null],[99.0736,1.02785,0.0,null],[99.08467,1.02347,0.0,null],[99.08708,1.02397,0.0,null],[99.08943,1.02891,0.0,null],[99.09079,1.02986,0.0,null],[99.09432,1.02582,0.0,null],[99.10036,1.02631,0.0,null],[99.10475,1.02339,0.0,null],[99.10914,1.02206,0.0,null],[99.11189,1.02023,0.0,null],[99.11588,1.02049,0.0,null],[99.11747,1.0164,0.0,null],[99.126,1.01337,0.0,null],[99.12972,1.01484,0.0,null],[99.13203,1.01973,0.0,null],[99.13379,1.01981,0.0,null],[99.13663,1.01891,0.0,null],[99.14001,1.02091,0.0,null],[99.14384,1.02192,0.0,null],[99.14585,1.02134,0.0,null],[99.14868,1.02192,0.0,null],[99.15069,1.0215,0.0,null],[99.15335,1.01618,0.0,null],[99.15618,1.01482,0.0,null],[99.16178,1.01775,0.0,null],[99.16602,1.01808,0.0,null],[99.16786,1.01874,0.0,null],[99.17011,1.01671,0.0,null],[99.17166,1.01733,0.0,null],[99.17294,1.01719,0.0,null],[99.17596,1.01452,0.0,null],[99.1767,1.0162,0.0,null],[99.17522,1.01985,0.0,null],[99.17566,1.02072,0.0,null],[99.17659,1.02106,0.0,null],[99.17679,1.01894,0.0,null],[99.17862,1.01731,0.0,null],[99.17868,1.01609,0.0,null],[99.17911,1.01612,0.0,null],[99.17883,1.01693,0.0,null],[99.17943,1.01817,0.0,null],[99.18077,1.01815,0.0,null],[99.18221,1.01221,0.0,null],[99.18446,1.01157,0.0,null],[99.18517,1.01037,0.0,null],[99.18481,1.01323,0.0,null],[99.18566,1.01351,0.0,null],[99.18716,1.01262,0.0,null],[99.18777,1.01312,0.0,null],[99.18625,1.01526,0.0,null],[99.18714,1.01562,0.0,null],[99.18902,1.01525,0.0,null],[99.19041,1.01714,0.0,null],[99.19127,1.01706,0.0,null],[99.1916,1.01496,0.0,null],[99.19281,1.01309,0.0,null],[99.19513,1.01214,0.0,null],[99.19628,1.0097,0.0,null],[99.19697,1.00936,0.0,null],[99.20637,1.01317,0.0,null],[99.21089,1.01341,0.0,null],[99.2153,1.00996,0.0,null],[99.21446,1.00639,0.0,null],[99.21768,1.00175,0.0,null],[99.2216,0.99759,0.0,null],[99.22315,0.99461,0.0,null],[99.22374,0.98723,0.0,null],[99.22338,0.98482,0.0,null],[99.22211,0.9845,0.0,null],[99.2209,0.98213,0.0,null],[99.2189,0.982,0.0,null]],[[99.28347,0.93095,0.0,null],[99.28277,0.93534,0.0,null],[99.28292,0.93974,0.0,null],[99.28592,0.94266,0.0,null],[99.29192,0.94338,0.0,null],[99.29843,0.94187,0.0,null],[99.30605,0.9367,0.0,null],[99.30812,0.93265,0.0,null],[99.3082,0.92774,0.0,null],[99.30759,0.92533,0.0,null],[99.30469,0.92155,0.0,null],[99.29568,0.92151,0.0,null],[99.28704,0.92554,0.0,null],[99.28538,0.92701,0.0,null],[99.28347,0.93095,0.0,null]],[[99.24813,0.95504,0.0,null],[99.25051,0.94984,0.0,null],[99.25546,0.94232,0.0,null],[99.25626,0.94021,0.0,null],[99.25623,0.93575,0.0,null],[99.25544,0.93369,0.0,null],[99.25362,0.9322,0.0,null],[99.2514,0.93133,0.0,null],[99.24598,0.93074,0.0,null],[99.24403,0.93187,0.0,null],[99.24265,0.93381,0.0,null],[99.24133,0.93797,0.0,null],[99.24108,0.94014,0.0,null],[99.2422,0.94455,0.0,null],[99.24208,0.94678,0.0,null],[99.23842,0.94922,0.0,null],[99.23692,0.95087,0.0,null],[99.23663,0.95321,0.0,null],[99.24094,0.95883,0.0,null],[99.24167,0.96106,0.0,null],[99.24168,0.97003,0.0,null],[99.24213,0.97226,0.0,null],[99.24411,0.97262,0.0,null],[99.24625,0.97147,0.0,null],[99.24791,0.9696,0.0,null],[99.24883,0.96754,0.0,null],[99.24751,0.95862,0.0,null],[99.24813,0.95504,0.0,null]]]}},{"type":"Feature","properties":{"inventoryId":"big-forestry-hti:257","sector":"PBPH","subtype":"IUPHHK-HTI","quality":"OFFICIAL","sourceDataset":"big-forestry-hti","sourceRecordId":"257","source":"BIG Kebijakan Satu Peta","sourceUrl":"https://kspservices.big.go.id/satupeta/rest/services/PUBLIK/PERIZINAN_DAN_PERTANAHAN/MapServer/2","retrievedAt":"2026-08-24T04:22:31Z","geometryProcessing":"web display simplification tolerance 0.00035 degrees","name":"PT ARANGAN LESTARI","permitNumber":"660/Kpts-II/1995","permitDate":"1995-12-12","areaHa":9400.0,"provinceCode":"15","region":"sumatra"},"geometry":{"type":"Polygon","coordinates":[[[101.83283,-1.06554,0.0,null],[101.83544,-1.06472,0.0,null],[101.83586,-1.06407,0.0,null],[101.83481,-1.06295,0.0,null],[101.83974,-1.06291,0.0,null],[101.84238,-1.06436,0.0,null],[101.84389,-1.06419,0.0,null],[101.84417,-1.0635,0.0,null],[101.84555,-1.0635,0.0,null],[101.84987,-1.06455,0.0,null],[101.85147,-1.06399,0.0,null],[101.85241,-1.06287,0.0,null],[101.85242,-1.0603,0.0,null],[101.85426,-1.05977,0.0,null],[101.85594,-1.06057,0.0,null],[101.85674,-1.06186,0.0,null],[101.85825,-1.0623,0.0,null],[101.85891,-1.0632,0.0,null],[101.86003,-1.06318,0.0,null],[101.86072,-1.06126,0.0,null],[101.86129,-1.06153,0.0,null],[101.86202,-1.06214,0.0,null],[101.86265,-1.06572,0.0,null],[101.86606,-1.06501,0.0,null],[101.86726,-1.06191,0.0,null],[101.86673,-1.05937,0.0,null],[101.86585,-1.05858,0.0,null],[101.86259,-1.05767,0.0,null],[101.86004,-1.05775,0.0,null],[101.86064,-1.05678,0.0,null],[101.85848,-1.05521,0.0,null],[101.8586,-1.05452,0.0,null],[101.85759,-1.05377,0.0,null],[101.85759,-1.05261,0.0,null],[101.85594,-1.05178,0.0,null],[101.8553,-1.05349,0.0,null],[101.85459,-1.05264,0.0,null],[101.85487,-1.05076,0.0,null],[101.85408,-1.04947,0.0,null],[101.84908,-1.04762,0.0,null],[101.84787,-1.04621,0.0,null],[101.84801,-1.04517,0.0,null],[101.84698,-1.04359,0.0,null],[101.84772,-1.04289,0.0,null],[101.85228,-1.0465,0.0,null],[101.85534,-1.04654,0.0,null],[101.85807,-1.0474,0.0,null],[101.86295,-1.05401,0.0,null],[101.86627,-1.05607,0.0,null],[101.8731,-1.06203,0.0,null],[101.87496,-1.06275,0.0,null],[101.87745,-1.06173,0.0,null],[101.87934,-1.06205,0.0,null],[101.88092,-1.06156,0.0,null],[101.88434,-1.06206,0.0,null],[101.8848,-1.06257,0.0,null],[101.88726,-1.06223,0.0,null],[101.89024,-1.06266,0.0,null],[101.89091,-1.06226,0.0,null],[101.89196,-1.06376,0.0,null],[101.89265,-1.0631,0.0,null],[101.89368,-1.06326,0.0,null],[101.89556,-1.06498,0.0,null],[101.8957,-1.06605,0.0,null],[101.89396,-1.06563,0.0,null],[101.89348,-1.06639,0.0,null],[101.89723,-1.06835,0.0,null],[101.89701,-1.07006,0.0,null],[101.89748,-1.07096,0.0,null],[101.8958,-1.07243,0.0,null],[101.89584,-1.07351,0.0,null],[101.89822,-1.07436,0.0,null],[101.89844,-1.07521,0.0,null],[101.9017,-1.07717,0.0,null],[101.90225,-1.07806,0.0,null],[101.90373,-1.07846,0.0,null],[101.90392,-1.0802,0.0,null],[101.90567,-1.08178,0.0,null],[101.90586,-1.08411,0.0,null],[101.9074,-1.0851,0.0,null],[101.90837,-1.09067,0.0,null],[101.91001,-1.09241,0.0,null],[101.91016,-1.09483,0.0,null],[101.91365,-1.09535,0.0,null],[101.91562,-1.09699,0.0,null],[101.91739,-1.09696,0.0,null],[101.91844,-1.09838,0.0,null],[101.92071,-1.09916,0.0,null],[101.92184,-1.10162,0.0,null],[101.92169,-1.10385,0.0,null],[101.9234,-1.10385,0.0,null],[101.92457,-1.10551,0.0,null],[101.92551,-1.10591,0.0,null],[101.9254,-1.10705,0.0,null],[101.92413,-1.10733,0.0,null],[101.9242,-1.10917,0.0,null],[101.92733,-1.11144,0.0,null],[101.92872,-1.11113,0.0,null],[101.92964,-1.1123,0.0,null],[101.93299,-1.11325,0.0,null],[101.93653,-1.11266,0.0,null],[101.93754,-1.10983,0.0,null],[101.94025,-1.10634,0.0,null],[101.94049,-1.10463,0.0,null],[101.94322,-1.10438,0.0,null],[101.94406,-1.103,0.0,null],[101.94679,-1.10388,0.0,null],[101.94798,-1.10297,0.0,null],[101.94691,-1.10156,0.0,null],[101.94226,-1.10026,0.0,null],[101.94199,-1.09922,0.0,null],[101.94071,-1.09885,0.0,null],[101.94234,-1.0969,0.0,null],[101.9428,-1.09561,0.0,null],[101.94251,-1.0939,0.0,null],[101.94111,-1.09302,0.0,null],[101.94042,-1.09339,0.0,null],[101.93983,-1.09203,0.0,null],[101.93834,-1.09117,0.0,null],[101.93729,-1.09119,0.0,null],[101.93731,-1.09267,0.0,null],[101.936,-1.08959,0.0,null],[101.93621,-1.08883,0.0,null],[101.93397,-1.08737,0.0,null],[101.93403,-1.08654,0.0,null],[101.93538,-1.08563,0.0,null],[101.93714,-1.08608,0.0,null],[101.93811,-1.08732,0.0,null],[101.93825,-1.08957,0.0,null],[101.939,-1.08879,0.0,null],[101.94233,-1.08877,0.0,null],[101.94382,-1.08938,0.0,null],[101.9439,-1.0903,0.0,null],[101.94518,-1.09163,0.0,null],[101.94411,-1.09294,0.0,null],[101.94429,-1.09345,0.0,null],[101.94629,-1.09257,0.0,null],[101.94689,-1.09088,0.0,null],[101.94576,-1.08877,0.0,null],[101.94585,-1.08792,0.0,null],[101.94652,-1.08722,0.0,null],[101.9472,-1.08782,0.0,null],[101.94899,-1.08263,0.0,null],[101.94878,-1.08151,0.0,null],[101.94968,-1.07805,0.0,null],[101.94922,-1.07725,0.0,null],[101.95078,-1.07354,0.0,null],[101.95068,-1.07129,0.0,null],[101.95163,-1.07087,0.0,null],[101.95336,-1.07455,0.0,null],[101.95203,-1.07642,0.0,null],[101.95186,-1.07819,0.0,null],[101.95211,-1.07878,0.0,null],[101.95289,-1.07844,0.0,null],[101.95365,-1.07884,0.0,null],[101.95476,-1.08012,0.0,null],[101.95527,-1.08242,0.0,null],[101.95629,-1.08135,0.0,null],[101.95805,-1.08154,0.0,null],[101.96046,-1.08085,0.0,null],[101.96467,-1.08174,0.0,null],[101.9662,-1.08271,0.0,null],[101.96654,-1.08358,0.0,null],[101.96603,-1.08524,0.0,null],[101.96709,-1.08686,0.0,null],[101.96855,-1.08647,0.0,null],[101.97266,-1.08785,0.0,null],[101.97441,-1.08246,0.0,null],[101.97514,-1.07492,0.0,null],[101.97415,-1.07334,0.0,null],[101.97455,-1.07213,0.0,null],[101.9738,-1.06973,0.0,null],[101.96915,-1.06558,0.0,null],[101.96706,-1.06445,0.0,null],[101.96491,-1.06398,0.0,null],[101.96254,-1.06219,0.0,null],[101.95652,-1.06026,0.0,null],[101.9541,-1.05959,0.0,null],[101.95168,-1.06011,0.0,null],[101.94925,-1.05809,0.0,null],[101.94595,-1.0568,0.0,null],[101.94243,-1.05758,0.0,null],[101.9381,-1.05467,0.0,null],[101.93399,-1.05385,0.0,null],[101.93137,-1.04916,0.0,null],[101.92927,-1.04818,0.0,null],[101.92627,-1.04566,0.0,null],[101.92512,-1.04546,0.0,null],[101.92504,-1.04163,0.0,null],[101.92262,-1.03678,0.0,null],[101.92008,-1.03452,0.0,null],[101.91766,-1.03052,0.0,null],[101.91734,-1.0264,0.0,null],[101.90957,-1.02,0.0,null],[101.90393,-1.02035,0.0,null],[101.9025,-1.01869,0.0,null],[101.90086,-1.01795,0.0,null],[101.90033,-1.01681,0.0,null],[101.89665,-1.01578,0.0,null],[101.89386,-1.01307,0.0,null],[101.89243,-1.01031,0.0,null],[101.88082,-1.0054,0.0,null],[101.87877,-1.00326,0.0,null],[101.87507,-1.0026,0.0,null],[101.86831,-0.99906,0.0,null],[101.84534,-1.00113,0.0,null],[101.84051,-1.00264,0.0,null],[101.82658,-1.00418,0.0,null],[101.82621,-1.00476,0.0,null],[101.82773,-1.01391,0.0,null],[101.82684,-1.01676,0.0,null],[101.82814,-1.02261,0.0,null],[101.82807,-1.02565,0.0,null],[101.83178,-1.036,0.0,null],[101.83173,-1.04391,0.0,null],[101.83266,-1.05276,0.0,null],[101.83258,-1.05435,0.0,null],[101.83129,-1.0576,0.0,null],[101.8313,-1.06031,0.0,null],[101.83283,-1.06554,0.0,null]]]}},{"type":"Feature","properties":{"inventoryId":"big-forestry-hti:253","sector":"PBPH","subtype":"IUPHHK-HTI","quality":"OFFICIAL","sourceDataset":"big-forestry-hti","sourceRecordId":"253","source":"BIG Kebijakan Satu Peta","sourceUrl":"https://kspservices.big.go.id/satupeta/rest/services/PUBLIK/PERIZINAN_DAN_PERTANAHAN/MapServer/2","retrievedAt":"2026-08-24T04:22:31Z","geometryProcessing":"web display simplification tolerance 0.00035 degrees","name":"PT ARARA ABADI","permitNumber":"SK.703/Menhut-II/2013","permitDate":"2013-10-21","areaHa":296262.0,"provinceCode":"14","region":"sumatra"},"geometry":{"type":"MultiPolygon","coordinates":[[[[101.46686,1.27911,0.0,null],[101.46617,1.2804,0.0,null],[101.46251,1.28189,0.0,null],[101.46001,1.28468,0.0,null],[101.44549,1.289,0.0,null],[101.44052,1.29392,0.0,null],[101.4401,1.29482,0.0,null],[101.44121,1.29952,0.0,null],[101.43876,1.31125,0.0,null],[101.431,1.33098,0.0,null],[101.38423,1.3022,0.0,null],[101.38559,1.30083,0.0,null],[101.38771,1.29991,0.0,null],[101.39691,1.29974,0.0,null],[101.39629,1.29251,0.0,null],[101.40103,1.28572,0.0,null],[101.40195,1.28357,0.0,null],[101.40148,1.27879,0.0,null],[101.40225,1.27787,0.0,null],[101.40393,1.27725,0.0,null],[101.40791,1.27848,0.0,null],[101.41291,1.27695,0.0,null],[101.41556,1.27416,0.0,null],[101.41799,1.25676,0.0,null],[101.42456,1.24797,0.0,null],[101.42744,1.24692,0.0,null],[101.43603,1.24673,0.0,null],[101.4423,1.24426,0.0,null],[101.44536,1.2441,0.0,null],[101.44766,1.24225,0.0,null],[101.45133,1.24163,0.0,null],[101.45184,1.24016,0.0,null],[101.45257,1.23983,0.0,null],[101.45301,1.23747,0.0,null],[101.45025,1.23547,0.0,null],[101.45009,1.23054,0.0,null],[101.45392,1.23039,0.0,null],[101.45657,1.23145,0.0,null],[101.45765,1.23093,0.0,null],[101.45726,1.22821,0.0,null],[101.45891,1.22557,0.0,null],[101.45792,1.22315,0.0,null],[101.45829,1.21896,0.0,null],[101.45904,1.21884,0.0,null],[101.45926,1.21668,0.0,null],[101.46079,1.21344,0.0,null],[101.45941,1.20867,0.0,null],[101.45925,1.20543,0.0,null],[101.45858,1.20508,0.0,null],[101.45628,1.20543,0.0,null],[101.45802,1.20471,0.0,null],[101.45817,1.20361,0.0,null],[101.45711,1.20398,0.0,null],[101.45645,1.20248,0.0,null],[101.45824,1.20333,0.0,null],[101.4597,1.20188,0.0,null],[101.45905,1.20118,0.0,null],[101.45938,1.20072,0.0,null],[101.45651,1.19796,0.0,null],[101.45504,1.19813,0.0,null],[101.45346,1.19627,0.0,null],[101.45061,1.19485,0.0,null],[101.44992,1.19597,0.0,null],[101.44899,1.19591,0.0,null],[101.44886,1.1987,0.0,null],[101.44677,1.19708,0.0,null],[101.44709,1.19673,0.0,null],[101.44646,1.19605,0.0,null],[101.44651,1.19512,0.0,null],[101.44588,1.19481,0.0,null],[101.44409,1.19689,0.0,null],[101.44353,1.19664,0.0,null],[101.44349,1.19727,0.0,null],[101.43664,1.19871,0.0,null],[101.43749,1.20093,0.0,null],[101.43733,1.20216,0.0,null],[101.43887,1.20335,0.0,null],[101.43942,1.20465,0.0,null],[101.43634,1.20421,0.0,null],[101.43465,1.206,0.0,null],[101.43108,1.20631,0.0,null],[101.42971,1.20755,0.0,null],[101.42981,1.20691,0.0,null],[101.42743,1.20563,0.0,null],[101.42667,1.20439,0.0,null],[101.42403,1.20416,0.0,null],[101.42257,1.20102,0.0,null],[101.42042,1.19822,0.0,null],[101.42469,1.19809,0.0,null],[101.42467,1.18832,0.0,null],[101.42522,1.18352,0.0,null],[101.42405,1.15622,0.0,null],[101.42575,1.15144,0.0,null],[101.42572,1.14076,0.0,null],[101.40831,1.14122,0.0,null],[101.40244,1.14063,0.0,null],[101.40179,1.1413,0.0,null],[101.39993,1.14049,0.0,null],[101.39833,1.14185,0.0,null],[101.39503,1.1409,0.0,null],[101.39328,1.14123,0.0,null],[101.39108,1.13951,0.0,null],[101.38866,1.14102,0.0,null],[101.38802,1.14215,0.0,null],[101.38666,1.14228,0.0,null],[101.3858,1.13974,0.0,null],[101.38209,1.13843,0.0,null],[101.38491,1.13255,0.0,null],[101.38457,1.12678,0.0,null],[101.38597,1.11943,0.0,null],[101.38597,1.11556,0.0,null],[101.38522,1.11309,0.0,null],[101.39989,1.11008,0.0,null],[101.41178,1.10029,0.0,null],[101.41584,1.09535,0.0,null],[101.41836,1.09096,0.0,null],[101.42319,1.08441,0.0,null],[101.4238,1.08146,0.0,null],[101.42373,1.07686,0.0,null],[101.42007,1.07292,0.0,null],[101.41647,1.07017,0.0,null],[101.4164,1.06908,0.0,null],[101.41507,1.06882,0.0,null],[101.41561,1.06841,0.0,null],[101.41474,1.06603,0.0,null],[101.41712,1.066,0.0,null],[101.41795,1.06977,0.0,null],[101.41999,1.06926,0.0,null],[101.42198,1.06732,0.0,null],[101.42243,1.06794,0.0,null],[101.42322,1.06772,0.0,null],[101.42451,1.07035,0.0,null],[101.42589,1.07023,0.0,null],[101.42621,1.07095,0.0,null],[101.42796,1.0704,0.0,null],[101.42729,1.0691,0.0,null],[101.42679,1.0635,0.0,null],[101.42484,1.05752,0.0,null],[101.43343,1.04972,0.0,null],[101.43424,1.04742,0.0,null],[101.43406,1.0466,0.0,null],[101.43145,1.04468,0.0,null],[101.43155,1.04368,0.0,null],[101.42909,1.04176,0.0,null],[101.42976,1.03828,0.0,null],[101.42794,1.03573,0.0,null],[101.42373,1.03218,0.0,null],[101.42286,1.03012,0.0,null],[101.42156,1.02918,0.0,null],[101.42018,1.02656,0.0,null],[101.41749,1.02389,0.0,null],[101.41736,1.02322,0.0,null],[101.41889,1.02136,0.0,null],[101.42085,1.01669,0.0,null],[101.42228,1.01497,0.0,null],[101.42467,1.01434,0.0,null],[101.43199,1.01648,0.0,null],[101.43426,1.01623,0.0,null],[101.4364,1.01379,0.0,null],[101.43907,1.00898,0.0,null],[101.44141,1.00735,0.0,null],[101.44404,1.00638,0.0,null],[101.45176,1.00629,0.0,null],[101.45617,1.00384,0.0,null],[101.45785,1.00158,0.0,null],[101.45851,0.99925,0.0,null],[101.45836,0.99536,0.0,null],[101.45652,0.98643,0.0,null],[101.45722,0.98556,0.0,null],[101.45934,0.98484,0.0,null],[101.46848,0.97912,0.0,null],[101.44846,0.96028,0.0,null],[101.4569,0.95179,0.0,null],[101.45382,0.94845,0.0,null],[101.44862,0.94844,0.0,null],[101.44788,0.9478,0.0,null],[101.4478,0.94661,0.0,null],[101.45053,0.94653,0.0,null],[101.44747,0.94164,0.0,null],[101.44967,0.94027,0.0,null],[101.44995,0.9394,0.0,null],[101.45404,0.9378,0.0,null],[101.453,0.93645,0.0,null],[101.45522,0.93367,0.0,null],[101.45758,0.93274,0.0,null],[101.45736,0.93194,0.0,null],[101.45845,0.93155,0.0,null],[101.45943,0.93004,0.0,null],[101.44834,0.92354,0.0,null],[101.44664,0.92385,0.0,null],[101.44682,0.92259,0.0,null],[101.43883,0.91728,0.0,null],[101.43956,0.91687,0.0,null],[101.43676,0.9148,0.0,null],[101.43603,0.91354,0.0,null],[101.43558,0.91026,0.0,null],[101.43418,0.90926,0.0,null],[101.43421,0.90748,0.0,null],[101.43361,0.90669,0.0,null],[101.43245,0.9065,0.0,null],[101.43233,0.90437,0.0,null],[101.43423,0.90527,0.0,null],[101.43488,0.9034,0.0,null],[101.43246,0.9031,0.0,null],[101.43085,0.90358,0.0,null],[101.43133,0.90185,0.0,null],[101.42969,0.901,0.0,null],[101.42846,0.90347,0.0,null],[101.42753,0.90335,0.0,null],[101.42627,0.90645,0.0,null],[101.42449,0.90528,0.0,null],[101.42365,0.90387,0.0,null],[101.42246,0.90356,0.0,null],[101.42345,0.90308,0.0,null],[101.42282,0.90301,0.0,null],[101.42258,0.90133,0.0,null],[101.422,0.90125,0.0,null],[101.42023,0.89878,0.0,null],[101.42017,0.89766,0.0,null],[101.41804,0.89351,0.0,null],[101.41541,0.8942,0.0,null],[101.41343,0.89578,0.0,null],[101.41253,0.89345,0.0,null],[101.41094,0.89401,0.0,null],[101.41039,0.89152,0.0,null],[101.40914,0.89042,0.0,null],[101.40685,0.88923,0.0,null],[101.40544,0.88935,0.0,null],[101.40378,0.88669,0.0,null],[101.40324,0.88714,0.0,null],[101.43118,0.86154,0.0,null],[101.4306,0.86111,0.0,null],[101.42948,0.86164,0.0,null],[101.42847,0.86053,0.0,null],[101.43753,0.85204,0.0,null],[101.43545,0.83194,0.0,null],[101.43686,0.8313,0.0,null],[101.43808,0.83196,0.0,null],[101.43913,0.83127,0.0,null],[101.43836,0.82278,0.0,null],[101.44202,0.82046,0.0,null],[101.49398,0.76904,0.0,null],[101.50158,0.76432,0.0,null],[101.50099,0.75963,0.0,null],[101.50331,0.75811,0.0,null],[101.50476,0.75802,0.0,null],[101.50885,0.75419,0.0,null],[101.50779,0.75306,0.0,null],[101.50837,0.75154,0.0,null],[101.51029,0.7504,0.0,null],[101.50983,0.74834,0.0,null],[101.51129,0.74671,0.0,null],[101.51128,0.74532,0.0,null],[101.51384,0.74443,0.0,null],[101.51595,0.74209,0.0,null],[101.51699,0.74004,0.0,null],[101.52426,0.74194,0.0,null],[101.53021,0.74153,0.0,null],[101.53292,0.74025,0.0,null],[101.53337,0.73863,0.0,null],[101.53209,0.73671,0.0,null],[101.53301,0.73584,0.0,null],[101.53282,0.73457,0.0,null],[101.5341,0.73189,0.0,null],[101.53385,0.73121,0.0,null],[101.5355,0.7317,0.0,null],[101.53612,0.73246,0.0,null],[101.53775,0.7317,0.0,null],[101.53739,0.72998,0.0,null],[101.53909,0.73025,0.0,null],[101.53791,0.7347,0.0,null],[101.53831,0.73553,0.0,null],[101.54086,0.73252,0.0,null],[101.54869,0.73221,0.0,null],[101.55079,0.73184,0.0,null],[101.55203,0.73085,0.0,null],[101.5529,0.73127,0.0,null],[101.55419,0.73062,0.0,null],[101.55538,0.73156,0.0,null],[101.56078,0.72628,0.0,null],[101.55725,0.73305,0.0,null],[101.56116,0.73145,0.0,null],[101.56214,0.72835,0.0,null],[101.56362,0.7271,0.0,null],[101.56461,0.72779,0.0,null],[101.56426,0.72891,0.0,null],[101.56483,0.72986,0.0,null],[101.56588,0.72953,0.0,null],[101.56747,0.73033,0.0,null],[101.56709,0.73277,0.0,null],[101.56794,0.73415,0.0,null],[101.56938,0.73504,0.0,null],[101.56987,0.73693,0.0,null],[101.57061,0.73691,0.0,null],[101.57057,0.73623,0.0,null],[101.57248,0.73541,0.0,null],[101.57251,0.73607,0.0,null],[101.57342,0.73576,0.0,null],[101.57365,0.73764,0.0,null],[101.57766,0.73355,0.0,null],[101.57707,0.73854,0.0,null],[101.57838,0.73782,0.0,null],[101.57881,0.73567,0.0,null],[101.58001,0.73532,0.0,null],[101.57975,0.73329,0.0,null],[101.57874,0.73181,0.0,null],[101.57915,0.72977,0.0,null],[101.57859,0.72835,0.0,null],[101.58069,0.72835,0.0,null],[101.58257,0.72503,0.0,null],[101.58247,0.72428,0.0,null],[101.58545,0.72277,0.0,null],[101.58686,0.72311,0.0,null],[101.58763,0.72022,0.0,null],[101.59172,0.71872,0.0,null],[101.59471,0.71953,0.0,null],[101.59687,0.71618,0.0,null],[101.5993,0.71487,0.0,null],[101.60168,0.71645,0.0,null],[101.60388,0.71676,0.0,null],[101.6039,0.716,0.0,null],[101.60682,0.71669,0.0,null],[101.61035,0.71663,0.0,null],[101.61055,0.71851,0.0,null],[101.61161,0.7194,0.0,null],[101.61392,0.71976,0.0,null],[101.61425,0.7192,0.0,null],[101.6153,0.72045,0.0,null],[101.61655,0.7198,0.0,null],[101.61769,0.72026,0.0,null],[101.61754,0.71934,0.0,null],[101.61856,0.71834,0.0,null],[101.61967,0.71802,0.0,null],[101.62047,0.71862,0.0,null],[101.62142,0.7168,0.0,null],[101.62398,0.71469,0.0,null],[101.62687,0.71072,0.0,null],[101.62669,0.71159,0.0,null],[101.62919,0.71181,0.0,null],[101.63016,0.71052,0.0,null],[101.63169,0.71059,0.0,null],[101.63353,0.70208,0.0,null],[101.63317,0.70112,0.0,null],[101.63881,0.69669,0.0,null],[101.6408,0.69701,0.0,null],[101.64256,0.70041,0.0,null],[101.64659,0.69918,0.0,null],[101.67157,0.7192,0.0,null],[101.67227,0.72311,0.0,null],[101.67696,0.73001,0.0,null],[101.69076,0.73388,0.0,null],[101.69236,0.73479,0.0,null],[101.69399,0.73767,0.0,null],[101.69653,0.73991,0.0,null],[101.70422,0.74467,0.0,null],[101.70699,0.75104,0.0,null],[101.7068,0.75276,0.0,null],[101.70762,0.75577,0.0,null],[101.7075,0.75992,0.0,null],[101.70814,0.76253,0.0,null],[101.71484,0.77311,0.0,null],[101.71681,0.77856,0.0,null],[101.71538,0.77503,0.0,null],[101.71511,0.77721,0.0,null],[101.71156,0.78102,0.0,null],[101.70944,0.78139,0.0,null],[101.70756,0.78058,0.0,null],[101.70664,0.78213,0.0,null],[101.70473,0.78355,0.0,null],[101.70497,0.79471,0.0,null],[101.70545,0.79519,0.0,null],[101.70494,0.79578,0.0,null],[101.7077,0.79777,0.0,null],[101.70493,0.79979,0.0,null],[101.70513,0.80599,0.0,null],[101.70181,0.80614,0.0,null],[101.69755,0.80792,0.0,null],[101.69578,0.81014,0.0,null],[101.69211,0.81172,0.0,null],[101.6921,0.81399,0.0,null],[101.69077,0.81473,0.0,null],[101.68503,0.8137,0.0,null],[101.68282,0.81414,0.0,null],[101.67974,0.81681,0.0,null],[101.67826,0.82145,0.0,null],[101.67814,0.82347,0.0,null],[101.67449,0.82719,0.0,null],[101.67183,0.82266,0.0,null],[101.67011,0.82407,0.0,null],[101.66821,0.82576,0.0,null],[101.6674,0.82754,0.0,null],[101.65184,0.83979,0.0,null],[101.64941,0.84426,0.0,null],[101.63737,0.85226,0.0,null],[101.63659,0.85414,0.0,null],[101.63698,0.85551,0.0,null],[101.63621,0.85619,0.0,null],[101.63705,0.85777,0.0,null],[101.63672,0.85856,0.0,null],[101.63285,0.86127,0.0,null],[101.63304,0.86213,0.0,null],[101.63089,0.86302,0.0,null],[101.6311,0.86411,0.0,null],[101.62997,0.86537,0.0,null],[101.62837,0.86607,0.0,null],[101.62802,0.86701,0.0,null],[101.6288,0.86885,0.0,null],[101.62579,0.87016,0.0,null],[101.62712,0.87074,0.0,null],[101.59688,0.88394,0.0,null],[101.59495,0.88369,0.0,null],[101.59382,0.88525,0.0,null],[101.5927,0.88574,0.0,null],[101.59219,0.88513,0.0,null],[101.59093,0.88527,0.0,null],[101.58958,0.88707,0.0,null],[101.58642,0.8889,0.0,null],[101.58604,0.8913,0.0,null],[101.56091,0.90807,0.0,null],[101.57239,0.90526,0.0,null],[101.57955,0.90428,0.0,null],[101.58179,0.90326,0.0,null],[101.58849,0.90829,0.0,null],[101.59827,0.89124,0.0,null],[101.61209,0.89622,0.0,null],[101.62562,0.89429,0.0,null],[101.63802,0.90754,0.0,null],[101.63688,0.91277,0.0,null],[101.6393,0.912,0.0,null],[101.64053,0.91445,0.0,null],[101.64171,0.91468,0.0,null],[101.64427,0.91315,0.0,null],[101.64386,0.9134,0.0,null],[101.69736,0.96742,0.0,null],[101.77034,0.94257,0.0,null],[101.77322,0.94228,0.0,null],[101.77408,0.94368,0.0,null],[101.77723,0.94411,0.0,null],[101.77861,0.94272,0.0,null],[101.7814,0.94337,0.0,null],[101.78385,0.94303,0.0,null],[101.78373,0.94255,0.0,null],[101.78422,0.94243,0.0,null],[101.78341,0.94126,0.0,null],[101.78448,0.94116,0.0,null],[101.78498,0.94233,0.0,null],[101.78715,0.94127,0.0,null],[101.7903,0.94175,0.0,null],[101.78993,0.94216,0.0,null],[101.79096,0.94599,0.0,null],[101.79044,0.94614,0.0,null],[101.79057,0.9473,0.0,null],[101.80192,0.96248,0.0,null],[101.80482,0.97069,0.0,null],[101.79906,0.977,0.0,null],[101.79117,0.98972,0.0,null],[101.78482,1.00383,0.0,null],[101.77659,1.02942,0.0,null],[101.77264,1.03501,0.0,null],[101.7411,1.04493,0.0,null],[101.71989,1.05258,0.0,null],[101.67063,1.06728,0.0,null],[101.66845,1.06319,0.0,null],[101.67008,1.06275,0.0,null],[101.66956,1.06182,0.0,null],[101.6673,1.06263,0.0,null],[101.66761,1.06175,0.0,null],[101.66477,1.06027,0.0,null],[101.66359,1.05888,0.0,null],[101.66429,1.05781,0.0,null],[101.66348,1.05675,0.0,null],[101.66254,1.05743,0.0,null],[101.65508,1.04588,0.0,null],[101.65647,1.0448,0.0,null],[101.65623,1.04323,0.0,null],[101.65686,1.04213,0.0,null],[101.65743,1.04211,0.0,null],[101.65743,1.04064,0.0,null],[101.657,1.0399,0.0,null],[101.65568,1.04036,0.0,null],[101.65488,1.03949,0.0,null],[101.65519,1.03859,0.0,null],[101.65467,1.03797,0.0,null],[101.65543,1.03617,0.0,null],[101.65459,1.03378,0.0,null],[101.65365,1.0325,0.0,null],[101.65126,1.03107,0.0,null],[101.65023,1.03228,0.0,null],[101.65127,1.03328,0.0,null],[101.6513,1.03423,0.0,null],[101.64403,1.03968,0.0,null],[101.64333,1.03908,0.0,null],[101.64286,1.03979,0.0,null],[101.63964,1.04027,0.0,null],[101.63879,1.04189,0.0,null],[101.63813,1.04638,0.0,null],[101.63955,1.0494,0.0,null],[101.64277,1.05258,0.0,null],[101.64233,1.0556,0.0,null],[101.64822,1.05951,0.0,null],[101.65168,1.06459,0.0,null],[101.64993,1.06657,0.0,null],[101.64955,1.069,0.0,null],[101.64703,1.06999,0.0,null],[101.64694,1.07146,0.0,null],[101.64771,1.07269,0.0,null],[101.64728,1.07325,0.0,null],[101.64875,1.07423,0.0,null],[101.64801,1.07445,0.0,null],[101.64804,1.07533,0.0,null],[101.64729,1.07511,0.0,null],[101.6408,1.07817,0.0,null],[101.64043,1.08023,0.0,null],[101.64151,1.08116,0.0,null],[101.63928,1.08259,0.0,null],[101.64045,1.0835,0.0,null],[101.64021,1.08451,0.0,null],[101.63777,1.08478,0.0,null],[101.63778,1.08577,0.0,null],[101.64056,1.08663,0.0,null],[101.64174,1.08784,0.0,null],[101.63813,1.08753,0.0,null],[101.63842,1.08929,0.0,null],[101.63796,1.08904,0.0,null],[101.63639,1.09032,0.0,null],[101.63645,1.09073,0.0,null],[101.63798,1.09097,0.0,null],[101.63867,1.09291,0.0,null],[101.63943,1.09287,0.0,null],[101.64058,1.09434,0.0,null],[101.64022,1.09509,0.0,null],[101.63883,1.09508,0.0,null],[101.64005,1.09697,0.0,null],[101.63859,1.09839,0.0,null],[101.63679,1.09666,0.0,null],[101.63736,1.09448,0.0,null],[101.63642,1.09388,0.0,null],[101.63631,1.09195,0.0,null],[101.6345,1.09091,0.0,null],[101.6339,1.08931,0.0,null],[101.63433,1.08585,0.0,null],[101.63561,1.08545,0.0,null],[101.63561,1.08416,0.0,null],[101.63407,1.08375,0.0,null],[101.63349,1.0829,0.0,null],[101.63251,1.08553,0.0,null],[101.62898,1.0865,0.0,null],[101.62875,1.08769,0.0,null],[101.62989,1.08816,0.0,null],[101.62962,1.08934,0.0,null],[101.63024,1.09056,0.0,null],[101.62857,1.09214,0.0,null],[101.62875,1.09248,0.0,null],[101.62978,1.09197,0.0,null],[101.63097,1.09283,0.0,null],[101.62974,1.09557,0.0,null],[101.62812,1.0934,0.0,null],[101.62385,1.09448,0.0,null],[101.6251,1.09265,0.0,null],[101.62734,1.09126,0.0,null],[101.62673,1.09049,0.0,null],[101.62762,1.08899,0.0,null],[101.62653,1.08934,0.0,null],[101.62545,1.0883,0.0,null],[101.62464,1.08972,0.0,null],[101.62357,1.0896,0.0,null],[101.62357,1.08876,0.0,null],[101.6205,1.08765,0.0,null],[101.61997,1.08926,0.0,null],[101.61657,1.08953,0.0,null],[101.60498,1.09532,0.0,null],[101.60445,1.09241,0.0,null],[101.60257,1.09141,0.0,null],[101.60273,1.08682,0.0,null],[101.5998,1.08436,0.0,null],[101.59927,1.08144,0.0,null],[101.59752,1.08146,0.0,null],[101.59534,1.0845,0.0,null],[101.59289,1.08541,0.0,null],[101.59192,1.0818,0.0,null],[101.59122,1.08186,0.0,null],[101.59085,1.08058,0.0,null],[101.59158,1.07831,0.0,null],[101.59115,1.07703,0.0,null],[101.59225,1.0739,0.0,null],[101.59164,1.07277,0.0,null],[101.59246,1.07194,0.0,null],[101.59245,1.06965,0.0,null],[101.59169,1.06827,0.0,null],[101.59236,1.06772,0.0,null],[101.59206,1.06631,0.0,null],[101.59406,1.06582,0.0,null],[101.59703,1.06611,0.0,null],[101.59582,1.06328,0.0,null],[101.59476,1.06278,0.0,null],[101.59474,1.06181,0.0,null],[101.59382,1.06087,0.0,null],[101.59426,1.06064,0.0,null],[101.5938,1.05932,0.0,null],[101.59401,1.05604,0.0,null],[101.59465,1.05637,0.0,null],[101.5938,1.05528,0.0,null],[101.59461,1.05257,0.0,null],[101.59474,1.04962,0.0,null],[101.59364,1.04912,0.0,null],[101.59214,1.05184,0.0,null],[101.5904,1.0503,0.0,null],[101.58939,1.05063,0.0,null],[101.58876,1.05172,0.0,null],[101.59013,1.05362,0.0,null],[101.59003,1.05501,0.0,null],[101.59101,1.0557,0.0,null],[101.59044,1.05771,0.0,null],[101.58432,1.05453,0.0,null],[101.58108,1.05474,0.0,null],[101.58024,1.05506,0.0,null],[101.57986,1.05592,0.0,null],[101.57918,1.05543,0.0,null],[101.57955,1.05763,0.0,null],[101.5818,1.05989,0.0,null],[101.58153,1.06667,0.0,null],[101.58069,1.07195,0.0,null],[101.58097,1.07798,0.0,null],[101.5821,1.07883,0.0,null],[101.58407,1.08807,0.0,null],[101.58585,1.08985,0.0,null],[101.58632,1.0923,0.0,null],[101.58735,1.09353,0.0,null],[101.58736,1.09645,0.0,null],[101.5868,1.09767,0.0,null],[101.58371,1.099,0.0,null],[101.58619,1.10401,0.0,null],[101.58395,1.10505,0.0,null],[101.5648,1.11978,0.0,null],[101.56097,1.11428,0.0,null],[101.56462,1.11126,0.0,null],[101.54578,1.09196,0.0,null],[101.54503,1.08923,0.0,null],[101.5396,1.08301,0.0,null],[101.53595,1.08412,0.0,null],[101.5336,1.0816,0.0,null],[101.53315,1.08174,0.0,null],[101.53181,1.08358,0.0,null],[101.53295,1.08509,0.0,null],[101.53295,1.08651,0.0,null],[101.52818,1.09009,0.0,null],[101.52958,1.09169,0.0,null],[101.53211,1.09216,0.0,null],[101.53202,1.09358,0.0,null],[101.53071,1.09414,0.0,null],[101.52959,1.09631,0.0,null],[101.52762,1.09725,0.0,null],[101.52719,1.101,0.0,null],[101.52358,1.09849,0.0,null],[101.52032,1.09415,0.0,null],[101.49247,1.03889,0.0,null],[101.494,1.03781,0.0,null],[101.49471,1.0387,0.0,null],[101.49554,1.03862,0.0,null],[101.49651,1.03699,0.0,null],[101.49876,1.03549,0.0,null],[101.50125,1.03111,0.0,null],[101.50679,1.02883,0.0,null],[101.50638,1.02808,0.0,null],[101.50758,1.02813,0.0,null],[101.50877,1.02681,0.0,null],[101.51187,1.02546,0.0,null],[101.51355,1.02315,0.0,null],[101.51643,1.02111,0.0,null],[101.51811,1.02115,0.0,null],[101.51844,1.0207,0.0,null],[101.51758,1.01985,0.0,null],[101.51801,1.01949,0.0,null],[101.51775,1.01834,0.0,null],[101.51848,1.01772,0.0,null],[101.51778,1.01684,0.0,null],[101.5178,1.01558,0.0,null],[101.51735,1.01575,0.0,null],[101.51655,1.01487,0.0,null],[101.51504,1.01658,0.0,null],[101.51531,1.01609,0.0,null],[101.51459,1.0151,0.0,null],[101.51307,1.01573,0.0,null],[101.51265,1.01541,0.0,null],[101.51205,1.01679,0.0,null],[101.50981,1.01523,0.0,null],[101.50782,1.01662,0.0,null],[101.47338,1.01668,0.0,null],[101.47239,1.0166,0.0,null],[101.46822,1.01259,0.0,null],[101.45087,1.01279,0.0,null],[101.45086,1.01227,0.0,null],[101.44942,1.01315,0.0,null],[101.44855,1.01449,0.0,null],[101.44542,1.01622,0.0,null],[101.44295,1.02064,0.0,null],[101.44157,1.02816,0.0,null],[101.43839,1.03169,0.0,null],[101.43858,1.03354,0.0,null],[101.43814,1.03446,0.0,null],[101.44054,1.03729,0.0,null],[101.44003,1.03814,0.0,null],[101.43853,1.03626,0.0,null],[101.43226,1.04041,0.0,null],[101.43,1.04031,0.0,null],[101.43423,1.04248,0.0,null],[101.44378,1.04294,0.0,null],[101.45408,1.04925,0.0,null],[101.46111,1.05726,0.0,null],[101.46186,1.06046,0.0,null],[101.4642,1.0614,0.0,null],[101.46554,1.0635,0.0,null],[101.46528,1.06441,0.0,null],[101.46385,1.0648,0.0,null],[101.46081,1.06316,0.0,null],[101.45815,1.06461,0.0,null],[101.45649,1.06448,0.0,null],[101.45471,1.06672,0.0,null],[101.45178,1.06701,0.0,null],[101.48013,1.12048,0.0,null],[101.48237,1.12015,0.0,null],[101.48718,1.12295,0.0,null],[101.4873,1.12373,0.0,null],[101.4887,1.12478,0.0,null],[101.48954,1.1287,0.0,null],[101.49196,1.13088,0.0,null],[101.49253,1.1326,0.0,null],[101.49404,1.13258,0.0,null],[101.49637,1.13401,0.0,null],[101.49863,1.1317,0.0,null],[101.49909,1.13264,0.0,null],[101.50492,1.13284,0.0,null],[101.50639,1.13377,0.0,null],[101.50618,1.13464,0.0,null],[101.50751,1.136,0.0,null],[101.50867,1.13551,0.0,null],[101.50932,1.13597,0.0,null],[101.50946,1.14057,0.0,null],[101.5179,1.14206,0.0,null],[101.51589,1.14766,0.0,null],[101.53093,1.16468,0.0,null],[101.53074,1.166,0.0,null],[101.53202,1.16712,0.0,null],[101.53134,1.1702,0.0,null],[101.53032,1.17185,0.0,null],[101.53216,1.17275,0.0,null],[101.53241,1.17231,0.0,null],[101.53241,1.17281,0.0,null],[101.53285,1.17259,0.0,null],[101.53337,1.17323,0.0,null],[101.53431,1.17311,0.0,null],[101.52662,1.19143,0.0,null],[101.51574,1.21068,0.0,null],[101.50627,1.25172,0.0,null],[101.4945,1.25735,0.0,null],[101.48528,1.26472,0.0,null],[101.48386,1.26448,0.0,null],[101.48152,1.26811,0.0,null],[101.47883,1.27011,0.0,null],[101.47668,1.27258,0.0,null],[101.47203,1.27488,0.0,null],[101.46686,1.27911,0.0,null]],[[101.51697,0.89821,0.0,null],[101.52694,0.89689,0.0,null],[101.52992,0.89427,0.0,null],[101.53309,0.88201,0.0,null],[101.54694,0.87718,0.0,null],[101.55253,0.87242,0.0,null],[101.55482,0.85526,0.0,null],[101.56356,0.85551,0.0,null],[101.56253,0.84899,0.0,null],[101.563,0.84743,0.0,null],[101.56451,0.84591,0.0,null],[101.56458,0.84387,0.0,null],[101.57695,0.83371,0.0,null],[101.57928,0.82778,0.0,null],[101.57436,0.8055,0.0,null],[101.56883,0.79948,0.0,null],[101.55967,0.79461,0.0,null],[101.552,0.79914,0.0,null],[101.54929,0.80695,0.0,null],[101.54644,0.80585,0.0,null],[101.54548,0.80601,0.0,null],[101.54324,0.80456,0.0,null],[101.54061,0.80584,0.0,null],[101.53901,0.80813,0.0,null],[101.53806,0.80733,0.0,null],[101.53818,0.80647,0.0,null],[101.53666,0.80678,0.0,null],[101.53582,0.80557,0.0,null],[101.53506,0.80615,0.0,null],[101.53466,0.80481,0.0,null],[101.53244,0.80415,0.0,null],[101.53077,0.80475,0.0,null],[101.53112,0.80629,0.0,null],[101.52986,0.80693,0.0,null],[101.52988,0.80973,0.0,null],[101.52898,0.81096,0.0,null],[101.52734,0.81127,0.0,null],[101.50172,0.82611,0.0,null],[101.4986,0.83064,0.0,null],[101.50072,0.83366,0.0,null],[101.51804,0.83709,0.0,null],[101.52131,0.84511,0.0,null],[101.51687,0.8464,0.0,null],[101.50393,0.84126,0.0,null],[101.49966,0.84298,0.0,null],[101.49612,0.8506,0.0,null],[101.49761,0.86006,0.0,null],[101.50754,0.88405,0.0,null],[101.51697,0.89821,0.0,null]],[[101.62699,0.79584,0.0,null],[101.67334,0.79581,0.0,null],[101.67332,0.75906,0.0,null],[101.62696,0.75909,0.0,null],[101.62699,0.79584,0.0,null]],[[101.54899,1.00658,0.0,null],[101.54806,1.00865,0.0,null],[101.5487,1.01928,0.0,null],[101.55191,1.02043,0.0,null],[101.55331,1.02033,0.0,null],[101.55574,1.01901,0.0,null],[101.55649,1.01826,0.0,null],[101.55639,1.0159,0.0,null],[101.55775,1.01116,0.0,null],[101.55891,1.01397,0.0,null],[101.56159,1.01591,0.0,null],[101.56348,1.01605,0.0,null],[101.5646,1.02222,0.0,null],[101.56711,1.02222,0.0,null],[101.56734,1.02156,0.0,null],[101.56801,1.0216,0.0,null],[101.56767,1.02111,0.0,null],[101.56834,1.02006,0.0,null],[101.57032,1.01899,0.0,null],[101.56968,1.0168,0.0,null],[101.57602,1.01371,0.0,null],[101.5754,1.01323,0.0,null],[101.57528,1.01073,0.0,null],[101.57867,1.00926,0.0,null],[101.57906,1.00793,0.0,null],[101.57824,1.00681,0.0,null],[101.58051,1.00371,0.0,null],[101.58217,1.00507,0.0,null],[101.58213,1.00598,0.0,null],[101.58291,1.00634,0.0,null],[101.58327,1.0079,0.0,null],[101.58536,1.00744,0.0,null],[101.58734,1.00283,0.0,null],[101.59054,0.99989,0.0,null],[101.59312,1.00315,0.0,null],[101.59169,1.00508,0.0,null],[101.59292,1.00667,0.0,null],[101.59282,1.00775,0.0,null],[101.5938,1.00892,0.0,null],[101.59474,1.00817,0.0,null],[101.59525,1.00735,0.0,null],[101.59454,1.00752,0.0,null],[101.5954,1.00662,0.0,null],[101.59679,1.00132,0.0,null],[101.59634,0.99938,0.0,null],[101.59503,0.99906,0.0,null],[101.59501,0.99964,0.0,null],[101.59297,0.99766,0.0,null],[101.59279,0.99516,0.0,null],[101.59375,0.99471,0.0,null],[101.59342,0.99431,0.0,null],[101.5939,0.99327,0.0,null],[101.59443,0.99308,0.0,null],[101.59504,0.99394,0.0,null],[101.59548,0.99248,0.0,null],[101.59346,0.98704,0.0,null],[101.59379,0.98414,0.0,null],[101.59301,0.98365,0.0,null],[101.59587,0.9813,0.0,null],[101.5952,0.98093,0.0,null],[101.59459,0.98142,0.0,null],[101.59378,0.97985,0.0,null],[101.59319,0.9803,0.0,null],[101.59161,0.97979,0.0,null],[101.5911,0.97894,0.0,null],[101.59047,0.97975,0.0,null],[101.58461,0.97975,0.0,null],[101.58454,0.97691,0.0,null],[101.58334,0.97663,0.0,null],[101.58307,0.97558,0.0,null],[101.58659,0.9731,0.0,null],[101.59007,0.97255,0.0,null],[101.59029,0.972,0.0,null],[101.58975,0.97184,0.0,null],[101.59178,0.96913,0.0,null],[101.59061,0.9691,0.0,null],[101.59028,0.96859,0.0,null],[101.5806,0.96891,0.0,null],[101.58083,0.97058,0.0,null],[101.57962,0.9719,0.0,null],[101.57493,0.97206,0.0,null],[101.57443,0.97248,0.0,null],[101.5742,0.97455,0.0,null],[101.57329,0.97456,0.0,null],[101.57292,0.97722,0.0,null],[101.57321,0.98234,0.0,null],[101.5716,0.98179,0.0,null],[101.57125,0.98334,0.0,null],[101.57033,0.98345,0.0,null],[101.57006,0.98263,0.0,null],[101.56885,0.98195,0.0,null],[101.56944,0.98088,0.0,null],[101.56766,0.98122,0.0,null],[101.5676,0.9821,0.0,null],[101.56596,0.98268,0.0,null],[101.5659,0.98353,0.0,null],[101.56377,0.98531,0.0,null],[101.56365,0.98608,0.0,null],[101.56091,0.98754,0.0,null],[101.55765,0.9875,0.0,null],[101.55595,0.98802,0.0,null],[101.55594,0.98903,0.0,null],[101.5554,0.98899,0.0,null],[101.55547,0.99479,0.0,null],[101.55357,0.99686,0.0,null],[101.55127,0.9969,0.0,null],[101.55157,1.00014,0.0,null],[101.55039,1.00167,0.0,null],[101.54899,1.00658,0.0,null]],[[101.57695,0.94088,0.0,null],[101.57809,0.94334,0.0,null],[101.58222,0.94749,0.0,null],[101.58603,0.9586,0.0,null],[101.59999,0.95636,0.0,null],[101.59814,0.94891,0.0,null],[101.59753,0.93735,0.0,null],[101.59004,0.92956,0.0,null],[101.58099,0.91833,0.0,null],[101.57511,0.92489,0.0,null],[101.57455,0.93572,0.0,null],[101.57695,0.94088,0.0,null]],[[101.4078,1.12057,0.0,null],[101.40967,1.1356,0.0,null],[101.41125,1.13439,0.0,null],[101.43009,1.12528,0.0,null],[101.42671,1.10597,0.0,null],[101.42181,1.10733,0.0,null],[101.41769,1.11216,0.0,null],[101.41484,1.11284,0.0,null],[101.41512,1.11349,0.0,null],[101.41402,1.11386,0.0,null],[101.41293,1.1137,0.0,null],[101.41215,1.11443,0.0,null],[101.41122,1.11752,0.0,null],[101.40871,1.11971,0.0,null],[101.40767,1.11923,0.0,null],[101.4078,1.12057,0.0,null]],[[101.47711,0.85858,0.0,null],[101.47526,0.85847,0.0,null],[101.47573,0.86007,0.0,null],[101.47527,0.86258,0.0,null],[101.47373,0.86645,0.0,null],[101.47403,0.86738,0.0,null],[101.47327,0.86773,0.0,null],[101.47413,0.8687,0.0,null],[101.47495,0.86823,0.0,null],[101.47535,0.86904,0.0,null],[101.47674,0.86885,0.0,null],[101.47734,0.86987,0.0,null],[101.47839,0.86984,0.0,null],[101.47834,0.87059,0.0,null],[101.48083,0.87206,0.0,null],[101.48078,0.87276,0.0,null],[101.48173,0.87291,0.0,null],[101.48255,0.87462,0.0,null],[101.48439,0.87514,0.0,null],[101.4854,0.87687,0.0,null],[101.4851,0.87852,0.0,null],[101.48622,0.87955,0.0,null],[101.48663,0.88138,0.0,null],[101.48773,0.88214,0.0,null],[101.48789,0.88304,0.0,null],[101.49094,0.88443,0.0,null],[101.49097,0.88576,0.0,null],[101.49128,0.8855,0.0,null],[101.49205,0.8866,0.0,null],[101.49212,0.88608,0.0,null],[101.49295,0.88659,0.0,null],[101.49241,0.88698,0.0,null],[101.49464,0.88926,0.0,null],[101.49478,0.88862,0.0,null],[101.4954,0.88919,0.0,null],[101.4954,0.88801,0.0,null],[101.50225,0.88348,0.0,null],[101.49211,0.86614,0.0,null],[101.4898,0.86744,0.0,null],[101.48987,0.86264,0.0,null],[101.48783,0.86218,0.0,null],[101.48764,0.86066,0.0,null],[101.48665,0.85943,0.0,null],[101.4856,0.85977,0.0,null],[101.48329,0.85903,0.0,null],[101.47985,0.85941,0.0,null],[101.47711,0.85858,0.0,null]],[[101.65646,0.98101,0.0,null],[101.65685,0.98176,0.0,null],[101.65901,0.97978,0.0,null],[101.65815,0.97873,0.0,null],[101.66369,0.97294,0.0,null],[101.65908,0.96734,0.0,null],[101.65549,0.96494,0.0,null],[101.65533,0.96618,0.0,null],[101.6546,0.96585,0.0,null],[101.65373,0.96661,0.0,null],[101.65079,0.96955,0.0,null],[101.65079,0.97057,0.0,null],[101.64958,0.97131,0.0,null],[101.64819,0.97122,0.0,null],[101.64825,0.97572,0.0,null],[101.64959,0.97448,0.0,null],[101.65315,0.9741,0.0,null],[101.65105,0.97826,0.0,null],[101.65101,0.97968,0.0,null],[101.65426,0.97864,0.0,null],[101.65585,0.97967,0.0,null],[101.65646,0.98101,0.0,null]],[[101.5964,0.77087,0.0,null],[101.59421,0.77165,0.0,null],[101.59856,0.77908,0.0,null],[101.59806,0.7804,0.0,null],[101.59965,0.78074,0.0,null],[101.60073,0.78016,0.0,null],[101.60416,0.78539,0.0,null],[101.60569,0.78483,0.0,null],[101.60587,0.78539,0.0,null],[101.60457,0.78612,0.0,null],[101.60595,0.78847,0.0,null],[101.60894,0.78691,0.0,null],[101.60859,0.78598,0.0,null],[101.6094,0.78505,0.0,null],[101.60861,0.78483,0.0,null],[101.60819,0.78372,0.0,null],[101.60683,0.78275,0.0,null],[101.60824,0.78239,0.0,null],[101.60816,0.78151,0.0,null],[101.60921,0.78102,0.0,null],[101.60715,0.77428,0.0,null],[101.60365,0.77651,0.0,null],[101.60266,0.77348,0.0,null],[101.60035,0.77358,0.0,null],[101.59894,0.7718,0.0,null],[101.59835,0.77202,0.0,null],[101.5964,0.77087,0.0,null]],[[101.65991,0.94317,0.0,null],[101.65973,0.94246,0.0,null],[101.66048,0.9413,0.0,null],[101.65905,0.94163,0.0,null],[101.65806,0.9396,0.0,null],[101.6586,0.93884,0.0,null],[101.65944,0.93892,0.0,null],[101.65849,0.9381,0.0,null],[101.65812,0.93881,0.0,null],[101.65713,0.9389,0.0,null],[101.65662,0.93511,0.0,null],[101.65619,0.93548,0.0,null],[101.65636,0.9347,0.0,null],[101.65335,0.93086,0.0,null],[101.65201,0.93452,0.0,null],[101.65323,0.93544,0.0,null],[101.65314,0.93656,0.0,null],[101.65448,0.93806,0.0,null],[101.65377,0.93847,0.0,null],[101.65253,0.93803,0.0,null],[101.65317,0.9398,0.0,null],[101.6539,0.94063,0.0,null],[101.65511,0.94073,0.0,null],[101.65545,0.94294,0.0,null],[101.65657,0.9422,0.0,null],[101.65991,0.94317,0.0,null]],[[101.73239,0.9701,0.0,null],[101.73475,0.96898,0.0,null],[101.73466,0.96947,0.0,null],[101.7353,0.96964,0.0,null],[101.73637,0.96837,0.0,null],[101.7379,0.9681,0.0,null],[101.74048,0.96476,0.0,null],[101.73981,0.96378,0.0,null],[101.73872,0.96386,0.0,null],[101.73806,0.9623,0.0,null],[101.73403,0.96726,0.0,null],[101.73317,0.96556,0.0,null],[101.73178,0.96588,0.0,null],[101.73207,0.96743,0.0,null],[101.73132,0.96776,0.0,null],[101.73091,0.96881,0.0,null],[101.73022,0.96856,0.0,null],[101.72944,0.96904,0.0,null],[101.72987,0.96968,0.0,null],[101.73196,0.96944,0.0,null],[101.73239,0.9701,0.0,null]],[[101.51311,0.80839,0.0,null],[101.51202,0.80951,0.0,null],[101.51073,0.80939,0.0,null],[101.5098,0.81063,0.0,null],[101.50822,0.80981,0.0,null],[101.50741,0.81008,0.0,null],[101.5065,0.81166,0.0,null],[101.50846,0.81177,0.0,null],[101.51091,0.81025,0.0,null],[101.513,0.81095,0.0,null],[101.51156,0.81222,0.0,null],[101.51361,0.81124,0.0,null],[101.51541,0.81185,0.0,null],[101.51551,0.81222,0.0,null],[101.51405,0.81279,0.0,null],[101.51456,0.81336,0.0,null],[101.5131,0.81583,0.0,null],[101.51519,0.81553,0.0,null],[101.51564,0.8165,0.0,null],[101.51649,0.81628,0.0,null],[101.51744,0.81548,0.0,null],[101.51742,0.81032,0.0,null],[101.5155,0.80954,0.0,null],[101.51475,0.81026,0.0,null],[101.51311,0.80839,0.0,null]],[[101.59556,0.97065,0.0,null],[101.59227,0.97263,0.0,null],[101.59174,0.97334,0.0,null],[101.59219,0.97388,0.0,null],[101.59089,0.97437,0.0,null],[101.59313,0.97704,0.0,null],[101.59353,0.97583,0.0,null],[101.59428,0.97647,0.0,null],[101.59613,0.97556,0.0,null],[101.59803,0.97571,0.0,null],[101.59738,0.97396,0.0,null],[101.59627,0.97371,0.0,null],[101.59755,0.97242,0.0,null],[101.59556,0.97065,0.0,null]],[[101.65495,0.98861,0.0,null],[101.65664,0.99032,0.0,null],[101.65799,0.98829,0.0,null],[101.65699,0.98844,0.0,null],[101.65667,0.98719,0.0,null],[101.6556,0.98707,0.0,null],[101.65611,0.98644,0.0,null],[101.65557,0.9853,0.0,null],[101.65693,0.98455,0.0,null],[101.65724,0.98378,0.0,null],[101.65602,0.98269,0.0,null],[101.65236,0.98655,0.0,null],[101.65268,0.98842,0.0,null],[101.65431,0.98778,0.0,null],[101.65495,0.98861,0.0,null]],[[101.59639,0.78043,0.0,null],[101.59275,0.78229,0.0,null],[101.59231,0.78479,0.0,null],[101.59362,0.78481,0.0,null],[101.59389,0.78367,0.0,null],[101.59656,0.78079,0.0,null],[101.59639,0.78043,0.0,null]],[[101.63757,0.70395,0.0,null],[101.63709,0.70421,0.0,null],[101.63738,0.70707,0.0,null],[101.6391,0.70663,0.0,null],[101.63887,0.70376,0.0,null],[101.63757,0.70395,0.0,null]]],[[[102.1684,1.01304,0.0,null],[102.15912,1.00933,0.0,null],[102.14505,0.97345,0.0,null],[102.14523,0.96413,0.0,null],[102.14475,0.95888,0.0,null],[102.14554,0.95608,0.0,null],[102.1453,0.95278,0.0,null],[102.14655,0.94657,0.0,null],[102.14788,0.94309,0.0,null],[102.15017,0.93928,0.0,null],[102.14956,0.93888,0.0,null],[102.14892,0.93342,0.0,null],[102.14931,0.93297,0.0,null],[102.14806,0.93237,0.0,null],[102.15304,0.91392,0.0,null],[102.15543,0.91505,0.0,null],[102.15792,0.90876,0.0,null],[102.16889,0.91427,0.0,null],[102.16962,0.91202,0.0,null],[102.17116,0.91029,0.0,null],[102.16899,0.90919,0.0,null],[102.16875,0.90848,0.0,null],[102.15973,0.90385,0.0,null],[102.16294,0.90179,0.0,null],[102.16045,0.90044,0.0,null],[102.16139,0.89992,0.0,null],[102.15679,0.89752,0.0,null],[102.15613,0.89816,0.0,null],[102.13822,0.89091,0.0,null],[102.12826,0.8737,0.0,null],[102.12575,0.85982,0.0,null],[102.12484,0.86066,0.0,null],[102.12171,0.86116,0.0,null],[102.121,0.85765,0.0,null],[102.11858,0.85824,0.0,null],[102.11917,0.86169,0.0,null],[102.10987,0.81991,0.0,null],[102.11003,0.81925,0.0,null],[102.11154,0.81951,0.0,null],[102.11378,0.81844,0.0,null],[102.11396,0.82034,0.0,null],[102.12134,0.82889,0.0,null],[102.11388,0.79265,0.0,null],[102.11801,0.77572,0.0,null],[102.15306,0.77645,0.0,null],[102.15304,0.77529,0.0,null],[102.17927,0.77547,0.0,null],[102.1799,0.77489,0.0,null],[102.18049,0.77523,0.0,null],[102.18043,0.77646,0.0,null],[102.21565,0.77713,0.0,null],[102.21854,0.77536,0.0,null],[102.2189,0.77454,0.0,null],[102.23475,0.76464,0.0,null],[102.28138,0.72321,0.0,null],[102.29491,0.71179,0.0,null],[102.29872,0.71274,0.0,null],[102.2989,0.7134,0.0,null],[102.29999,0.71367,0.0,null],[102.30079,0.71527,0.0,null],[102.30587,0.71665,0.0,null],[102.30828,0.71628,0.0,null],[102.30922,0.71534,0.0,null],[102.3184,0.71406,0.0,null],[102.32162,0.71268,0.0,null],[102.32351,0.71307,0.0,null],[102.32524,0.72095,0.0,null],[102.32491,0.72465,0.0,null],[102.32353,0.72658,0.0,null],[102.32391,0.72741,0.0,null],[102.32266,0.73,0.0,null],[102.32175,0.73146,0.0,null],[102.32059,0.73198,0.0,null],[102.32047,0.73467,0.0,null],[102.31918,0.73664,0.0,null],[102.3192,0.73813,0.0,null],[102.31722,0.742,0.0,null],[102.31802,0.74979,0.0,null],[102.31715,0.75146,0.0,null],[102.31569,0.75236,0.0,null],[102.31509,0.75505,0.0,null],[102.31091,0.75872,0.0,null],[102.31032,0.76441,0.0,null],[102.30925,0.76504,0.0,null],[102.30494,0.7712,0.0,null],[102.30504,0.77259,0.0,null],[102.30244,0.77762,0.0,null],[102.30304,0.77863,0.0,null],[102.30157,0.78185,0.0,null],[102.30203,0.78252,0.0,null],[102.30132,0.78537,0.0,null],[102.3073,0.79888,0.0,null],[102.30757,0.80007,0.0,null],[102.30695,0.8025,0.0,null],[102.30785,0.80523,0.0,null],[102.30843,0.80626,0.0,null],[102.30935,0.80654,0.0,null],[102.30952,0.80754,0.0,null],[102.31105,0.80765,0.0,null],[102.3122,0.81056,0.0,null],[102.31345,0.81205,0.0,null],[102.31318,0.81321,0.0,null],[102.3138,0.81464,0.0,null],[102.31742,0.81783,0.0,null],[102.31806,0.82006,0.0,null],[102.31809,0.82181,0.0,null],[102.31742,0.82264,0.0,null],[102.31778,0.82369,0.0,null],[102.32033,0.82568,0.0,null],[102.31956,0.82954,0.0,null],[102.32021,0.83033,0.0,null],[102.32022,0.83142,0.0,null],[102.32276,0.83396,0.0,null],[102.32573,0.83544,0.0,null],[102.32642,0.83856,0.0,null],[102.32348,0.83991,0.0,null],[102.31087,0.84106,0.0,null],[102.30245,0.8659,0.0,null],[102.28827,0.89429,0.0,null],[102.22694,0.95008,0.0,null],[102.20369,0.96926,0.0,null],[102.1994,0.98706,0.0,null],[102.20121,0.98905,0.0,null],[102.19818,1.00078,0.0,null],[102.18493,1.01288,0.0,null],[102.1684,1.01304,0.0,null]],[[102.19378,0.92865,0.0,null],[102.19398,0.92809,0.0,null],[102.18837,0.92516,0.0,null],[102.18639,0.93065,0.0,null],[102.19194,0.93372,0.0,null],[102.19378,0.92865,0.0,null]],[[102.21801,0.94518,0.0,null],[102.21813,0.94433,0.0,null],[102.21044,0.93895,0.0,null],[102.20883,0.94069,0.0,null],[102.21243,0.94352,0.0,null],[102.2176,0.94597,0.0,null],[102.21801,0.94518,0.0,null]],[[102.20146,0.92843,0.0,null],[102.20181,0.92769,0.0,null],[102.19674,0.92479,0.0,null],[102.19491,0.92769,0.0,null],[102.20027,0.93097,0.0,null],[102.20146,0.92843,0.0,null]],[[102.22221,0.94662,0.0,null],[102.22362,0.94762,0.0,null],[102.22535,0.94525,0.0,null],[102.22222,0.94317,0.0,null],[102.22052,0.94543,0.0,null],[102.22221,0.94662,0.0,null]],[[102.20352,0.93425,0.0,null],[102.20215,0.93682,0.0,null],[102.20527,0.93838,0.0,null],[102.20643,0.93621,0.0,null],[102.20352,0.93425,0.0,null]],[[102.20481,0.93452,0.0,null],[102.20513,0.93474,0.0,null],[102.20735,0.93166,0.0,null],[102.20588,0.93044,0.0,null],[102.20347,0.93358,0.0,null],[102.20481,0.93452,0.0,null]],[[102.17888,0.91755,0.0,null],[102.17821,0.91942,0.0,null],[102.17942,0.92004,0.0,null],[102.18091,0.91707,0.0,null],[102.17939,0.91651,0.0,null],[102.17888,0.91755,0.0,null]]],[[[102.81221,0.23178,0.0,null],[102.808,0.24885,0.0,null],[102.79255,0.23983,0.0,null],[102.74733,0.23149,0.0,null],[102.71279,0.23301,0.0,null],[102.66556,0.21854,0.0,null],[102.63415,0.20516,0.0,null],[102.62686,0.19708,0.0,null],[102.6161,0.17716,0.0,null],[102.61131,0.1549,0.0,null],[102.63658,0.14531,0.0,null],[102.63157,0.13746,0.0,null],[102.64286,0.11782,0.0,null],[102.6507,0.11701,0.0,null],[102.69284,0.11644,0.0,null],[102.81777,0.11733,0.0,null],[102.84649,0.11827,0.0,null],[102.80976,0.15306,0.0,null],[102.86919,0.22046,0.0,null],[102.86245,0.22708,0.0,null],[102.83739,0.22021,0.0,null],[102.82632,0.2214,0.0,null],[102.82585,0.22163,0.0,null],[102.82674,0.22282,0.0,null],[102.82626,0.22341,0.0,null],[102.82487,0.22313,0.0,null],[102.82413,0.22156,0.0,null],[102.81936,0.22165,0.0,null],[102.81248,0.23065,0.0,null],[102.81221,0.23178,0.0,null]]],[[[102.1726,0.29,0.0,null],[102.1724,0.27472,0.0,null],[102.17095,0.27533,0.0,null],[102.15529,0.27445,0.0,null],[102.15318,0.26674,0.0,null],[102.15255,0.26694,0.0,null],[102.14088,0.25678,0.0,null],[102.13541,0.24526,0.0,null],[102.13887,0.23052,0.0,null],[102.13998,0.23067,0.0,null],[102.1468,0.22745,0.0,null],[102.14911,0.21865,0.0,null],[102.1506,0.21846,0.0,null],[102.15252,0.21636,0.0,null],[102.15639,0.225,0.0,null],[102.15488,0.22489,0.0,null],[102.15393,0.22603,0.0,null],[102.15441,0.22582,0.0,null],[102.16375,0.23853,0.0,null],[102.17503,0.23273,0.0,null],[102.17153,0.22749,0.0,null],[102.17357,0.22479,0.0,null],[102.17358,0.2235,0.0,null],[102.17484,0.22298,0.0,null],[102.17466,0.22553,0.0,null],[102.17748,0.22468,0.0,null],[102.17709,0.22412,0.0,null],[102.17743,0.22355,0.0,null],[102.1783,0.22375,0.0,null],[102.17922,0.22276,0.0,null],[102.18052,0.22311,0.0,null],[102.17966,0.22706,0.0,null],[102.18041,0.22751,0.0,null],[102.19152,0.22731,0.0,null],[102.19854,0.22976,0.0,null],[102.20078,0.2287,0.0,null],[102.20125,0.22703,0.0,null],[102.20039,0.22498,0.0,null],[102.20124,0.22463,0.0,null],[102.19762,0.22237,0.0,null],[102.19351,0.22086,0.0,null],[102.18985,0.21706,0.0,null],[102.18958,0.21462,0.0,null],[102.18752,0.21437,0.0,null],[102.18692,0.21315,0.0,null],[102.18495,0.21434,0.0,null],[102.18618,0.21532,0.0,null],[102.18338,0.21619,0.0,null],[102.18176,0.21528,0.0,null],[102.18192,0.21345,0.0,null],[102.1893,0.20745,0.0,null],[102.18078,0.20067,0.0,null],[102.17625,0.20527,0.0,null],[102.17327,0.20678,0.0,null],[102.16981,0.20482,0.0,null],[102.16922,0.20517,0.0,null],[102.16726,0.20091,0.0,null],[102.17362,0.19434,0.0,null],[102.1777,0.17893,0.0,null],[102.17914,0.18339,0.0,null],[102.18067,0.18505,0.0,null],[102.18272,0.18532,0.0,null],[102.18446,0.18385,0.0,null],[102.18594,0.18375,0.0,null],[102.18537,0.1871,0.0,null],[102.18623,0.18846,0.0,null],[102.18759,0.18908,0.0,null],[102.18917,0.18883,0.0,null],[102.19016,0.18798,0.0,null],[102.1923,0.18368,0.0,null],[102.19248,0.18169,0.0,null],[102.19347,0.18148,0.0,null],[102.19412,0.18057,0.0,null],[102.19323,0.18003,0.0,null],[102.19308,0.17835,0.0,null],[102.1951,0.17789,0.0,null],[102.19468,0.17626,0.0,null],[102.19375,0.17593,0.0,null],[102.19357,0.17522,0.0,null],[102.19106,0.17675,0.0,null],[102.19026,0.17501,0.0,null],[102.18756,0.17521,0.0,null],[102.18616,0.17455,0.0,null],[102.1855,0.1732,0.0,null],[102.1867,0.17137,0.0,null],[102.18559,0.17043,0.0,null],[102.1863,0.1699,0.0,null],[102.18304,0.1687,0.0,null],[102.1868,0.16357,0.0,null],[102.18691,0.16155,0.0,null],[102.18627,0.15991,0.0,null],[102.18808,0.15991,0.0,null],[102.18791,0.15894,0.0,null],[102.18857,0.15884,0.0,null],[102.19276,0.1511,0.0,null],[102.19486,0.14937,0.0,null],[102.22693,0.13027,0.0,null],[102.22538,0.12837,0.0,null],[102.22818,0.12731,0.0,null],[102.22906,0.12132,0.0,null],[102.22901,0.11091,0.0,null],[102.22807,0.11046,0.0,null],[102.22779,0.10873,0.0,null],[102.22899,0.10867,0.0,null],[102.22859,0.08132,0.0,null],[102.22722,0.08225,0.0,null],[102.22586,0.08138,0.0,null],[102.18852,0.08163,0.0,null],[102.18728,0.07872,0.0,null],[102.18321,0.0738,0.0,null],[102.18087,0.07462,0.0,null],[102.17882,0.07419,0.0,null],[102.17531,0.07252,0.0,null],[102.17394,0.07026,0.0,null],[102.17608,0.06592,0.0,null],[102.17678,0.06262,0.0,null],[102.1752,0.06132,0.0,null],[102.17757,0.05969,0.0,null],[102.17674,0.05809,0.0,null],[102.17554,0.04927,0.0,null],[102.17338,0.04825,0.0,null],[102.17312,0.04714,0.0,null],[102.17437,0.04689,0.0,null],[102.17484,0.04601,0.0,null],[102.17328,0.04389,0.0,null],[102.17464,0.04295,0.0,null],[102.17407,0.04114,0.0,null],[102.17553,0.03804,0.0,null],[102.1752,0.03659,0.0,null],[102.17454,0.0346,0.0,null],[102.17088,0.03285,0.0,null],[102.17049,0.03184,0.0,null],[102.17097,0.0311,0.0,null],[102.17231,0.031,0.0,null],[102.17296,0.03197,0.0,null],[102.17877,0.0155,0.0,null],[102.19416,0.01553,0.0,null],[102.21708,0.01426,0.0,null],[102.21924,0.01331,0.0,null],[102.21835,0.01267,0.0,null],[102.22011,0.01248,0.0,null],[102.22123,0.01167,0.0,null],[102.22287,0.0084,0.0,null],[102.22623,0.00806,0.0,null],[102.22714,0.00922,0.0,null],[102.22655,0.01124,0.0,null],[102.2275,0.01368,0.0,null],[102.23682,0.00327,0.0,null],[102.23817,0.00536,0.0,null],[102.23913,0.00559,0.0,null],[102.24028,0.00427,0.0,null],[102.24117,0.00596,0.0,null],[102.24244,0.00625,0.0,null],[102.24357,0.00494,0.0,null],[102.24665,0.00574,0.0,null],[102.24804,0.00726,0.0,null],[102.25333,0.00762,0.0,null],[102.25436,0.0063,0.0,null],[102.25558,0.00773,0.0,null],[102.25815,0.00767,0.0,null],[102.26007,0.00512,0.0,null],[102.26239,0.00483,0.0,null],[102.26457,0.00718,0.0,null],[102.26414,0.00817,0.0,null],[102.26502,0.00881,0.0,null],[102.26463,0.01033,0.0,null],[102.26371,0.01037,0.0,null],[102.26404,0.01114,0.0,null],[102.26328,0.01508,0.0,null],[102.26448,0.0155,0.0,null],[102.26501,0.01639,0.0,null],[102.26843,0.01734,0.0,null],[102.26917,0.02146,0.0,null],[102.26827,0.02525,0.0,null],[102.2686,0.02593,0.0,null],[102.26746,0.02905,0.0,null],[102.26766,0.04269,0.0,null],[102.2663,0.04825,0.0,null],[102.26223,0.05829,0.0,null],[102.26362,0.06837,0.0,null],[102.26343,0.07,0.0,null],[102.25728,0.07013,0.0,null],[102.25752,0.07197,0.0,null],[102.25596,0.07747,0.0,null],[102.25803,0.07953,0.0,null],[102.25608,0.08131,0.0,null],[102.25534,0.0811,0.0,null],[102.2532,0.08383,0.0,null],[102.25377,0.08464,0.0,null],[102.25199,0.09021,0.0,null],[102.25007,0.09001,0.0,null],[102.24864,0.08763,0.0,null],[102.24535,0.08687,0.0,null],[102.24138,0.08798,0.0,null],[102.24149,0.08954,0.0,null],[102.23879,0.0925,0.0,null],[102.24109,0.09375,0.0,null],[102.2435,0.09412,0.0,null],[102.2457,0.09373,0.0,null],[102.24672,0.09574,0.0,null],[102.24368,0.096,0.0,null],[102.24107,0.09806,0.0,null],[102.24017,0.09806,0.0,null],[102.23966,0.10049,0.0,null],[102.24217,0.09997,0.0,null],[102.24297,0.09908,0.0,null],[102.24379,0.09916,0.0,null],[102.24474,0.1004,0.0,null],[102.24605,0.10026,0.0,null],[102.24673,0.09836,0.0,null],[102.24924,0.09759,0.0,null],[102.25029,0.09783,0.0,null],[102.24987,0.09966,0.0,null],[102.24821,0.10152,0.0,null],[102.24658,0.1011,0.0,null],[102.2462,0.10189,0.0,null],[102.24298,0.10331,0.0,null],[102.24375,0.10391,0.0,null],[102.24363,0.10605,0.0,null],[102.24448,0.10599,0.0,null],[102.24496,0.10674,0.0,null],[102.24809,0.10665,0.0,null],[102.24808,0.10838,0.0,null],[102.25138,0.10897,0.0,null],[102.25132,0.11024,0.0,null],[102.25238,0.11265,0.0,null],[102.24726,0.11515,0.0,null],[102.24686,0.11349,0.0,null],[102.24568,0.11213,0.0,null],[102.24149,0.11053,0.0,null],[102.23708,0.10802,0.0,null],[102.23647,0.10806,0.0,null],[102.23437,0.11171,0.0,null],[102.23776,0.11468,0.0,null],[102.24195,0.11622,0.0,null],[102.24256,0.11929,0.0,null],[102.24489,0.121,0.0,null],[102.2485,0.12053,0.0,null],[102.25394,0.11791,0.0,null],[102.25571,0.11996,0.0,null],[102.2595,0.12215,0.0,null],[102.26119,0.12666,0.0,null],[102.26338,0.1285,0.0,null],[102.26547,0.12909,0.0,null],[102.26686,0.12861,0.0,null],[102.26812,0.12413,0.0,null],[102.26887,0.12451,0.0,null],[102.27263,0.12312,0.0,null],[102.2807,0.12323,0.0,null],[102.28388,0.12205,0.0,null],[102.2833,0.12233,0.0,null],[102.28424,0.12326,0.0,null],[102.28486,0.12749,0.0,null],[102.28649,0.12837,0.0,null],[102.28859,0.12767,0.0,null],[102.28968,0.12615,0.0,null],[102.28963,0.12234,0.0,null],[102.28893,0.12044,0.0,null],[102.28731,0.11879,0.0,null],[102.29055,0.11668,0.0,null],[102.29186,0.11684,0.0,null],[102.2964,0.11537,0.0,null],[102.29853,0.10638,0.0,null],[102.3012,0.10296,0.0,null],[102.30532,0.10315,0.0,null],[102.30781,0.09939,0.0,null],[102.30952,0.09814,0.0,null],[102.31042,0.09949,0.0,null],[102.31175,0.10005,0.0,null],[102.31434,0.09896,0.0,null],[102.31629,0.09985,0.0,null],[102.31802,0.09919,0.0,null],[102.31888,0.09603,0.0,null],[102.31747,0.09453,0.0,null],[102.31654,0.09216,0.0,null],[102.31811,0.09183,0.0,null],[102.31895,0.09099,0.0,null],[102.31912,0.08887,0.0,null],[102.31823,0.08912,0.0,null],[102.32327,0.08687,0.0,null],[102.32582,0.08495,0.0,null],[102.33153,0.07763,0.0,null],[102.3331,0.07685,0.0,null],[102.33903,0.06758,0.0,null],[102.34121,0.06092,0.0,null],[102.34148,0.05172,0.0,null],[102.34371,0.0491,0.0,null],[102.34311,0.04711,0.0,null],[102.34352,0.04453,0.0,null],[102.34517,0.04184,0.0,null],[102.34571,0.04153,0.0,null],[102.34694,0.04269,0.0,null],[102.34852,0.04285,0.0,null],[102.34975,0.04203,0.0,null],[102.35253,0.03835,0.0,null],[102.35604,0.0388,0.0,null],[102.3594,0.03762,0.0,null],[102.36655,0.0234,0.0,null],[102.36782,0.02237,0.0,null],[102.36868,0.02318,0.0,null],[102.37457,0.05146,0.0,null],[102.37041,0.05144,0.0,null],[102.35985,0.08432,0.0,null],[102.3554,0.08635,0.0,null],[102.35576,0.09263,0.0,null],[102.35387,0.09461,0.0,null],[102.35208,0.10591,0.0,null],[102.34982,0.11196,0.0,null],[102.34157,0.11634,0.0,null],[102.34074,0.11622,0.0,null],[102.3402,0.11402,0.0,null],[102.33885,0.11382,0.0,null],[102.33832,0.11543,0.0,null],[102.33699,0.11688,0.0,null],[102.33464,0.11754,0.0,null],[102.33422,0.11919,0.0,null],[102.33615,0.11939,0.0,null],[102.33716,0.1208,0.0,null],[102.33639,0.12164,0.0,null],[102.33404,0.12238,0.0,null],[102.3338,0.12471,0.0,null],[102.33654,0.12508,0.0,null],[102.33679,0.12628,0.0,null],[102.33504,0.12895,0.0,null],[102.33351,0.12934,0.0,null],[102.33288,0.13679,0.0,null],[102.32913,0.13665,0.0,null],[102.32562,0.13913,0.0,null],[102.32574,0.1439,0.0,null],[102.31615,0.1439,0.0,null],[102.31557,0.14455,0.0,null],[102.3119,0.14314,0.0,null],[102.30803,0.14291,0.0,null],[102.30564,0.14174,0.0,null],[102.30399,0.14585,0.0,null],[102.30435,0.14699,0.0,null],[102.30334,0.14798,0.0,null],[102.29864,0.14403,0.0,null],[102.29565,0.1428,0.0,null],[102.29032,0.1485,0.0,null],[102.28847,0.14904,0.0,null],[102.28677,0.15038,0.0,null],[102.28594,0.15259,0.0,null],[102.28461,0.15304,0.0,null],[102.28477,0.1604,0.0,null],[102.28687,0.16128,0.0,null],[102.28913,0.16091,0.0,null],[102.29225,0.16331,0.0,null],[102.29292,0.16478,0.0,null],[102.28937,0.16572,0.0,null],[102.28971,0.16677,0.0,null],[102.28776,0.16755,0.0,null],[102.28296,0.1735,0.0,null],[102.28016,0.17574,0.0,null],[102.27772,0.17581,0.0,null],[102.27924,0.17725,0.0,null],[102.27353,0.18255,0.0,null],[102.27068,0.18388,0.0,null],[102.26408,0.18523,0.0,null],[102.26503,0.18677,0.0,null],[102.25874,0.20416,0.0,null],[102.26125,0.20763,0.0,null],[102.25673,0.21132,0.0,null],[102.25517,0.21042,0.0,null],[102.25517,0.21551,0.0,null],[102.25608,0.21512,0.0,null],[102.26064,0.22059,0.0,null],[102.26228,0.22431,0.0,null],[102.25815,0.2318,0.0,null],[102.25521,0.23387,0.0,null],[102.25094,0.23527,0.0,null],[102.24805,0.23403,0.0,null],[102.24722,0.23145,0.0,null],[102.24825,0.22407,0.0,null],[102.24693,0.22314,0.0,null],[102.24065,0.22292,0.0,null],[102.23777,0.22572,0.0,null],[102.23541,0.23388,0.0,null],[102.22815,0.24099,0.0,null],[102.21757,0.24483,0.0,null],[102.21289,0.24783,0.0,null],[102.21053,0.25057,0.0,null],[102.2096,0.2538,0.0,null],[102.21128,0.25767,0.0,null],[102.21306,0.25883,0.0,null],[102.21386,0.2642,0.0,null],[102.21117,0.26733,0.0,null],[102.20624,0.26912,0.0,null],[102.19912,0.26742,0.0,null],[102.19542,0.26759,0.0,null],[102.1726,0.29,0.0,null]],[[102.207,0.21318,0.0,null],[102.20852,0.21416,0.0,null],[102.21105,0.21393,0.0,null],[102.21202,0.21238,0.0,null],[102.21146,0.20773,0.0,null],[102.21218,0.20626,0.0,null],[102.21465,0.20692,0.0,null],[102.21757,0.20631,0.0,null],[102.22088,0.20665,0.0,null],[102.22251,0.20457,0.0,null],[102.22217,0.20247,0.0,null],[102.22033,0.20114,0.0,null],[102.21596,0.20103,0.0,null],[102.21551,0.19948,0.0,null],[102.21405,0.19835,0.0,null],[102.21131,0.199,0.0,null],[102.20997,0.20123,0.0,null],[102.20753,0.20337,0.0,null],[102.2042,0.2041,0.0,null],[102.20224,0.20611,0.0,null],[102.20228,0.20742,0.0,null],[102.20352,0.20926,0.0,null],[102.20503,0.20972,0.0,null],[102.20629,0.20923,0.0,null],[102.207,0.21318,0.0,null]],[[102.22403,0.2372,0.0,null],[102.2259,0.23689,0.0,null],[102.2271,0.23542,0.0,null],[102.22715,0.23384,0.0,null],[102.22622,0.23206,0.0,null],[102.22642,0.23019,0.0,null],[102.22219,0.2239,0.0,null],[102.22107,0.22109,0.0,null],[102.21989,0.2211,0.0,null],[102.21922,0.22179,0.0,null],[102.218,0.22149,0.0,null],[102.21754,0.22263,0.0,null],[102.21889,0.22361,0.0,null],[102.21892,0.22593,0.0,null],[102.21961,0.22627,0.0,null],[102.21771,0.22865,0.0,null],[102.21943,0.23048,0.0,null],[102.2222,0.236,0.0,null],[102.22403,0.2372,0.0,null]],[[102.17,0.23853,0.0,null],[102.1707,0.24162,0.0,null],[102.1692,0.24361,0.0,null],[102.16849,0.24775,0.0,null],[102.16932,0.25019,0.0,null],[102.1713,0.25094,0.0,null],[102.17305,0.25042,0.0,null],[102.17394,0.24946,0.0,null],[102.1742,0.24578,0.0,null],[102.17591,0.24364,0.0,null],[102.17617,0.24133,0.0,null],[102.17516,0.23737,0.0,null],[102.17397,0.23617,0.0,null],[102.17127,0.23616,0.0,null],[102.17027,0.23726,0.0,null],[102.17,0.23853,0.0,null]],[[102.1984,0.03202,0.0,null],[102.19834,0.03273,0.0,null],[102.20416,0.03084,0.0,null],[102.20171,0.02495,0.0,null],[102.20195,0.02187,0.0,null],[102.2011,0.02075,0.0,null],[102.19964,0.0202,0.0,null],[102.19755,0.02099,0.0,null],[102.1962,0.02421,0.0,null],[102.19644,0.02662,0.0,null],[102.19864,0.03122,0.0,null],[102.1984,0.03202,0.0,null]],[[102.27114,0.17273,0.0,null],[102.27356,0.1712,0.0,null],[102.27188,0.16623,0.0,null],[102.26919,0.16366,0.0,null],[102.26628,0.16352,0.0,null],[102.26515,0.16482,0.0,null],[102.26531,0.16682,0.0,null],[102.26734,0.16994,0.0,null],[102.26851,0.17043,0.0,null],[102.26875,0.17144,0.0,null],[102.27003,0.17124,0.0,null],[102.27116,0.17217,0.0,null],[102.27114,0.17273,0.0,null]],[[102.2489,0.07155,0.0,null],[102.24933,0.07179,0.0,null],[102.24978,0.07123,0.0,null],[102.25063,0.07178,0.0,null],[102.25144,0.07055,0.0,null],[102.25438,0.06838,0.0,null],[102.25404,0.06791,0.0,null],[102.25159,0.06833,0.0,null],[102.25104,0.06785,0.0,null],[102.25201,0.06683,0.0,null],[102.25244,0.0672,0.0,null],[102.25293,0.06684,0.0,null],[102.25119,0.06399,0.0,null],[102.24769,0.06637,0.0,null],[102.24611,0.06848,0.0,null],[102.2489,0.07155,0.0,null]]],[[[101.84379,0.06727,0.0,null],[101.78362,0.06299,0.0,null],[101.79517,0.03553,0.0,null],[101.80167,0.02147,0.0,null],[101.80786,-0.00205,0.0,null],[101.81071,0.00489,0.0,null],[101.80979,0.00621,0.0,null],[101.81118,0.0066,0.0,null],[101.8122,0.00895,0.0,null],[101.81258,0.01435,0.0,null],[101.81194,0.0158,0.0,null],[101.81071,0.01636,0.0,null],[101.81186,0.0186,0.0,null],[101.81254,0.01834,0.0,null],[101.81297,0.01881,0.0,null],[101.81335,0.02071,0.0,null],[101.81215,0.0241,0.0,null],[101.81253,0.02476,0.0,null],[101.82214,0.02429,0.0,null],[101.82218,0.02533,0.0,null],[101.82028,0.02545,0.0,null],[101.82072,0.02672,0.0,null],[101.82213,0.02671,0.0,null],[101.82261,0.03038,0.0,null],[101.83048,0.03074,0.0,null],[101.83051,0.02958,0.0,null],[101.83267,0.02931,0.0,null],[101.83738,0.03008,0.0,null],[101.83648,0.02682,0.0,null],[101.83809,0.02676,0.0,null],[101.83775,0.0244,0.0,null],[101.83854,0.02443,0.0,null],[101.83858,0.02355,0.0,null],[101.84668,0.02335,0.0,null],[101.84756,0.02582,0.0,null],[101.84976,0.02606,0.0,null],[101.85076,0.0251,0.0,null],[101.85196,0.02625,0.0,null],[101.8527,0.02807,0.0,null],[101.85489,0.02857,0.0,null],[101.85669,0.02981,0.0,null],[101.85676,0.02754,0.0,null],[101.85784,0.02374,0.0,null],[101.86372,0.02373,0.0,null],[101.86367,0.01853,0.0,null],[101.86027,0.01726,0.0,null],[101.85894,0.01579,0.0,null],[101.85697,0.01572,0.0,null],[101.85468,0.01382,0.0,null],[101.85496,0.01347,0.0,null],[101.85364,0.0121,0.0,null],[101.85362,0.01155,0.0,null],[101.85425,0.01204,0.0,null],[101.85411,0.01062,0.0,null],[101.8549,0.00883,0.0,null],[101.8526,0.00849,0.0,null],[101.85316,0.00987,0.0,null],[101.85264,0.0099,0.0,null],[101.85254,0.01071,0.0,null],[101.85296,0.01105,0.0,null],[101.85248,0.01127,0.0,null],[101.85171,0.01007,0.0,null],[101.85175,0.01171,0.0,null],[101.84976,0.01173,0.0,null],[101.84916,0.01066,0.0,null],[101.84842,0.01047,0.0,null],[101.84698,0.01168,0.0,null],[101.84642,0.01367,0.0,null],[101.84584,0.01386,0.0,null],[101.84539,0.01247,0.0,null],[101.84278,0.01226,0.0,null],[101.84048,0.01032,0.0,null],[101.84048,0.00493,0.0,null],[101.83772,0.00467,0.0,null],[101.83752,0.00399,0.0,null],[101.82878,0.00451,0.0,null],[101.82853,0.00075,0.0,null],[101.82662,-0.00058,0.0,null],[101.82651,-0.00181,0.0,null],[101.82191,-0.00172,0.0,null],[101.82153,-0.00459,0.0,null],[101.82398,-0.00455,0.0,null],[101.82396,-0.00557,0.0,null],[101.81639,-0.0058,0.0,null],[101.8164,-0.01027,0.0,null],[101.81271,-0.01027,0.0,null],[101.81286,-0.01145,0.0,null],[101.81077,-0.01283,0.0,null],[101.81385,-0.02442,0.0,null],[101.81539,-0.0273,0.0,null],[101.81891,-0.04005,0.0,null],[101.82986,-0.09279,0.0,null],[101.83048,-0.09357,0.0,null],[101.86908,-0.09706,0.0,null],[101.86913,-0.10961,0.0,null],[101.87955,-0.13456,0.0,null],[101.88787,-0.13452,0.0,null],[101.88711,-0.12937,0.0,null],[101.88831,-0.11754,0.0,null],[101.89563,-0.09967,0.0,null],[101.90086,-0.09255,0.0,null],[101.91354,-0.07726,0.0,null],[101.92543,-0.06689,0.0,null],[101.93954,-0.05677,0.0,null],[101.94857,-0.05382,0.0,null],[101.96218,-0.05181,0.0,null],[101.97606,-0.05257,0.0,null],[101.97594,-0.05021,0.0,null],[101.97378,-0.04845,0.0,null],[101.97275,-0.04624,0.0,null],[101.97102,-0.04557,0.0,null],[101.97112,-0.04371,0.0,null],[101.96983,-0.04201,0.0,null],[101.96679,-0.04112,0.0,null],[101.96648,-0.03763,0.0,null],[101.96721,-0.03694,0.0,null],[101.96499,-0.03221,0.0,null],[101.96416,-0.03197,0.0,null],[101.96406,-0.03051,0.0,null],[101.96202,-0.02939,0.0,null],[101.96197,-0.02756,0.0,null],[101.96048,-0.0272,0.0,null],[101.95996,-0.0265,0.0,null],[101.95915,-0.02461,0.0,null],[101.95938,-0.02259,0.0,null],[101.95809,-0.02043,0.0,null],[101.95411,-0.01542,0.0,null],[101.95236,-0.01405,0.0,null],[101.95292,-0.01261,0.0,null],[101.952,-0.01108,0.0,null],[101.95232,-0.00898,0.0,null],[101.95194,-0.00831,0.0,null],[101.95025,-0.00828,0.0,null],[101.94972,-0.00685,0.0,null],[101.9498,-0.00603,0.0,null],[101.95077,-0.00532,0.0,null],[101.95108,-0.00249,0.0,null],[101.94729,0.00186,0.0,null],[101.94761,0.003,0.0,null],[101.94655,0.00362,0.0,null],[101.94602,0.00508,0.0,null],[101.94661,0.00633,0.0,null],[101.94627,0.00741,0.0,null],[101.94691,0.00808,0.0,null],[101.94641,0.00851,0.0,null],[101.94677,0.00987,0.0,null],[101.94516,0.01356,0.0,null],[101.94224,0.01607,0.0,null],[101.94219,0.01731,0.0,null],[101.9428,0.01817,0.0,null],[101.94226,0.01858,0.0,null],[101.94248,0.01977,0.0,null],[101.94173,0.02012,0.0,null],[101.94136,0.02147,0.0,null],[101.93947,0.02164,0.0,null],[101.93854,0.02265,0.0,null],[101.93889,0.02417,0.0,null],[101.93836,0.02618,0.0,null],[101.93907,0.02765,0.0,null],[101.93844,0.03151,0.0,null],[101.93728,0.03225,0.0,null],[101.93742,0.03358,0.0,null],[101.93679,0.03365,0.0,null],[101.93614,0.03605,0.0,null],[101.93491,0.03732,0.0,null],[101.93488,0.03866,0.0,null],[101.93419,0.03924,0.0,null],[101.93399,0.04208,0.0,null],[101.9332,0.04317,0.0,null],[101.93348,0.04514,0.0,null],[101.93142,0.04603,0.0,null],[101.9316,0.04714,0.0,null],[101.93053,0.04818,0.0,null],[101.92997,0.05008,0.0,null],[101.93068,0.05153,0.0,null],[101.93002,0.05261,0.0,null],[101.93059,0.05362,0.0,null],[101.92964,0.05363,0.0,null],[101.9293,0.05543,0.0,null],[101.92855,0.05547,0.0,null],[101.92837,0.05397,0.0,null],[101.92457,0.05799,0.0,null],[101.89111,0.06373,0.0,null],[101.84379,0.06727,0.0,null]]],[[[102.08438,0.34741,0.0,null],[102.05179,0.36944,0.0,null],[102.03723,0.35953,0.0,null],[102.03575,0.35748,0.0,null],[102.01942,0.34695,0.0,null],[102.018,0.34711,0.0,null],[102.01594,0.34929,0.0,null],[102.01573,0.35043,0.0,null],[102.02002,0.35059,0.0,null],[102.01911,0.35323,0.0,null],[102.01815,0.35439,0.0,null],[102.01719,0.35348,0.0,null],[102.01455,0.35369,0.0,null],[102.015,0.35459,0.0,null],[102.01753,0.35567,0.0,null],[102.01809,0.35669,0.0,null],[102.01749,0.3573,0.0,null],[102.01796,0.35815,0.0,null],[102.01932,0.35845,0.0,null],[102.01879,0.35931,0.0,null],[102.02061,0.3613,0.0,null],[102.02072,0.36279,0.0,null],[102.0181,0.36289,0.0,null],[102.00572,0.3525,0.0,null],[101.9965,0.34301,0.0,null],[101.97582,0.32468,0.0,null],[101.95545,0.30453,0.0,null],[101.95332,0.30002,0.0,null],[101.95288,0.29424,0.0,null],[101.95683,0.28758,0.0,null],[101.96363,0.28122,0.0,null],[101.96324,0.27969,0.0,null],[101.96449,0.27829,0.0,null],[101.96651,0.27647,0.0,null],[101.96932,0.27788,0.0,null],[101.96982,0.27587,0.0,null],[101.97602,0.27028,0.0,null],[101.97686,0.26737,0.0,null],[101.97885,0.26576,0.0,null],[101.98197,0.26742,0.0,null],[101.98278,0.26713,0.0,null],[101.98353,0.26957,0.0,null],[101.98395,0.26945,0.0,null],[101.9847,0.27055,0.0,null],[101.98551,0.27028,0.0,null],[101.98508,0.26976,0.0,null],[101.98574,0.2669,0.0,null],[101.98734,0.26421,0.0,null],[101.9878,0.25869,0.0,null],[101.98709,0.25774,0.0,null],[101.9901,0.25591,0.0,null],[101.99167,0.25749,0.0,null],[101.99276,0.25686,0.0,null],[101.99376,0.2641,0.0,null],[101.99502,0.26467,0.0,null],[101.99709,0.26309,0.0,null],[101.99783,0.2619,0.0,null],[101.99712,0.2613,0.0,null],[101.99787,0.26074,0.0,null],[101.9997,0.2599,0.0,null],[102.00039,0.26047,0.0,null],[102.00245,0.25862,0.0,null],[102.00463,0.25832,0.0,null],[102.00474,0.25567,0.0,null],[102.00765,0.25433,0.0,null],[102.00889,0.25461,0.0,null],[102.01188,0.25311,0.0,null],[102.01455,0.25331,0.0,null],[102.01855,0.25106,0.0,null],[102.01829,0.25021,0.0,null],[102.01762,0.2504,0.0,null],[102.01532,0.24822,0.0,null],[102.01429,0.24808,0.0,null],[102.01504,0.24556,0.0,null],[102.01942,0.24164,0.0,null],[102.02014,0.24254,0.0,null],[102.02843,0.23451,0.0,null],[102.02838,0.23269,0.0,null],[102.02905,0.23255,0.0,null],[102.02933,0.23058,0.0,null],[102.03052,0.22937,0.0,null],[102.0308,0.2281,0.0,null],[102.03134,0.2283,0.0,null],[102.03077,0.22212,0.0,null],[102.03219,0.22133,0.0,null],[102.03314,0.21985,0.0,null],[102.03263,0.21945,0.0,null],[102.03278,0.21817,0.0,null],[102.03482,0.2157,0.0,null],[102.03624,0.21656,0.0,null],[102.03694,0.21463,0.0,null],[102.03783,0.21489,0.0,null],[102.03935,0.21363,0.0,null],[102.0393,0.21152,0.0,null],[102.0408,0.20971,0.0,null],[102.04226,0.20888,0.0,null],[102.04381,0.20964,0.0,null],[102.0452,0.2095,0.0,null],[102.04804,0.20793,0.0,null],[102.0481,0.20553,0.0,null],[102.0493,0.20296,0.0,null],[102.05276,0.20098,0.0,null],[102.05453,0.19897,0.0,null],[102.05564,0.19849,0.0,null],[102.05553,0.19784,0.0,null],[102.0547,0.19766,0.0,null],[102.05449,0.19605,0.0,null],[102.06362,0.18856,0.0,null],[102.06476,0.18939,0.0,null],[102.0686,0.18835,0.0,null],[102.07086,0.19048,0.0,null],[102.0739,0.19132,0.0,null],[102.0746,0.19221,0.0,null],[102.07637,0.19232,0.0,null],[102.07692,0.19106,0.0,null],[102.07826,0.19107,0.0,null],[102.08,0.19013,0.0,null],[102.08311,0.19039,0.0,null],[102.08557,0.19269,0.0,null],[102.08861,0.18939,0.0,null],[102.08685,0.18891,0.0,null],[102.08476,0.18655,0.0,null],[102.0816,0.18685,0.0,null],[102.0812,0.18758,0.0,null],[102.07753,0.18856,0.0,null],[102.07486,0.18822,0.0,null],[102.07186,0.18679,0.0,null],[102.07039,0.18761,0.0,null],[102.06854,0.18653,0.0,null],[102.0676,0.18531,0.0,null],[102.06786,0.18472,0.0,null],[102.06873,0.18514,0.0,null],[102.06991,0.18455,0.0,null],[102.07265,0.18224,0.0,null],[102.07641,0.18044,0.0,null],[102.07543,0.18208,0.0,null],[102.07712,0.18171,0.0,null],[102.07717,0.17531,0.0,null],[102.08127,0.17075,0.0,null],[102.08235,0.16821,0.0,null],[102.08561,0.16864,0.0,null],[102.08699,0.17077,0.0,null],[102.0873,0.17274,0.0,null],[102.08616,0.17442,0.0,null],[102.08636,0.17647,0.0,null],[102.08903,0.17786,0.0,null],[102.08981,0.17734,0.0,null],[102.08924,0.17536,0.0,null],[102.09061,0.17454,0.0,null],[102.09151,0.17496,0.0,null],[102.09199,0.17684,0.0,null],[102.09445,0.17901,0.0,null],[102.09597,0.17919,0.0,null],[102.09656,0.17866,0.0,null],[102.09572,0.17443,0.0,null],[102.09406,0.17351,0.0,null],[102.09817,0.16685,0.0,null],[102.12002,0.19107,0.0,null],[102.119,0.19253,0.0,null],[102.11446,0.19544,0.0,null],[102.11314,0.19562,0.0,null],[102.11239,0.19766,0.0,null],[102.11144,0.19795,0.0,null],[102.11082,0.19911,0.0,null],[102.1076,0.20189,0.0,null],[102.10832,0.20205,0.0,null],[102.10935,0.20345,0.0,null],[102.10959,0.21262,0.0,null],[102.10903,0.21416,0.0,null],[102.11023,0.21537,0.0,null],[102.10871,0.21609,0.0,null],[102.10688,0.21612,0.0,null],[102.10342,0.21537,0.0,null],[102.10267,0.21697,0.0,null],[102.10583,0.22043,0.0,null],[102.10318,0.22192,0.0,null],[102.10702,0.22359,0.0,null],[102.1074,0.22792,0.0,null],[102.10607,0.22887,0.0,null],[102.10651,0.22959,0.0,null],[102.10635,0.2314,0.0,null],[102.10542,0.23317,0.0,null],[102.10228,0.23645,0.0,null],[102.10153,0.23603,0.0,null],[102.10084,0.23676,0.0,null],[102.1018,0.23877,0.0,null],[102.101,0.23916,0.0,null],[102.10048,0.24194,0.0,null],[102.10165,0.24628,0.0,null],[102.09945,0.24939,0.0,null],[102.099,0.25251,0.0,null],[102.09996,0.25566,0.0,null],[102.10181,0.25644,0.0,null],[102.10279,0.25623,0.0,null],[102.10288,0.25692,0.0,null],[102.10154,0.26081,0.0,null],[102.09956,0.26166,0.0,null],[102.09917,0.26405,0.0,null],[102.10037,0.26754,0.0,null],[102.10196,0.26811,0.0,null],[102.103,0.26785,0.0,null],[102.10768,0.26495,0.0,null],[102.11002,0.26595,0.0,null],[102.11353,0.25921,0.0,null],[102.11542,0.26,0.0,null],[102.11602,0.25973,0.0,null],[102.12157,0.26515,0.0,null],[102.12216,0.26714,0.0,null],[102.1184,0.26851,0.0,null],[102.11685,0.2703,0.0,null],[102.11592,0.27238,0.0,null],[102.11706,0.27462,0.0,null],[102.11822,0.27409,0.0,null],[102.11882,0.27473,0.0,null],[102.12134,0.27275,0.0,null],[102.12224,0.27135,0.0,null],[102.12278,0.27195,0.0,null],[102.12378,0.27179,0.0,null],[102.12571,0.27001,0.0,null],[102.1294,0.27354,0.0,null],[102.12712,0.27446,0.0,null],[102.12873,0.27526,0.0,null],[102.12783,0.27651,0.0,null],[102.1279,0.27775,0.0,null],[102.12888,0.27943,0.0,null],[102.13368,0.28172,0.0,null],[102.13447,0.28357,0.0,null],[102.13375,0.28434,0.0,null],[102.12205,0.28412,0.0,null],[102.12197,0.2864,0.0,null],[102.12301,0.28672,0.0,null],[102.12223,0.28759,0.0,null],[102.12158,0.28756,0.0,null],[102.11865,0.2858,0.0,null],[102.1174,0.28386,0.0,null],[102.10711,0.28368,0.0,null],[102.10647,0.28187,0.0,null],[102.10415,0.28035,0.0,null],[102.10338,0.28077,0.0,null],[102.10337,0.2822,0.0,null],[102.10048,0.28877,0.0,null],[102.10053,0.29054,0.0,null],[102.10654,0.29336,0.0,null],[102.10532,0.29652,0.0,null],[102.10652,0.30036,0.0,null],[102.10576,0.30475,0.0,null],[102.10801,0.30821,0.0,null],[102.10988,0.30839,0.0,null],[102.11151,0.30768,0.0,null],[102.11201,0.3084,0.0,null],[102.11536,0.30699,0.0,null],[102.11584,0.30874,0.0,null],[102.11748,0.31016,0.0,null],[102.11737,0.31069,0.0,null],[102.12037,0.3102,0.0,null],[102.1208,0.31208,0.0,null],[102.12217,0.31314,0.0,null],[102.12454,0.31283,0.0,null],[102.12598,0.31028,0.0,null],[102.12799,0.30865,0.0,null],[102.128,0.30658,0.0,null],[102.12672,0.30531,0.0,null],[102.12809,0.30215,0.0,null],[102.12782,0.30004,0.0,null],[102.12919,0.30042,0.0,null],[102.12946,0.30139,0.0,null],[102.131,0.30016,0.0,null],[102.13226,0.30046,0.0,null],[102.13415,0.30265,0.0,null],[102.1336,0.30596,0.0,null],[102.1326,0.30452,0.0,null],[102.12999,0.30638,0.0,null],[102.12954,0.30762,0.0,null],[102.13385,0.30985,0.0,null],[102.1331,0.31853,0.0,null],[102.14194,0.31996,0.0,null],[102.12971,0.33508,0.0,null],[102.12248,0.32089,0.0,null],[102.08438,0.34741,0.0,null]]],[[[101.23979,0.72145,0.0,null],[101.2372,0.72326,0.0,null],[101.18547,0.72304,0.0,null],[101.18371,0.72191,0.0,null],[101.18369,0.66193,0.0,null],[101.17992,0.6568,0.0,null],[101.19892,0.64167,0.0,null],[101.2,0.62954,0.0,null],[101.20427,0.62896,0.0,null],[101.20525,0.62828,0.0,null],[101.20696,0.62828,0.0,null],[101.2078,0.62928,0.0,null],[101.20962,0.62859,0.0,null],[101.20926,0.62709,0.0,null],[101.20793,0.62625,0.0,null],[101.20842,0.62373,0.0,null],[101.20767,0.62191,0.0,null],[101.2077,0.62015,0.0,null],[101.20944,0.61662,0.0,null],[101.2122,0.61638,0.0,null],[101.21276,0.612,0.0,null],[101.21459,0.61319,0.0,null],[101.21569,0.61188,0.0,null],[101.21638,0.61213,0.0,null],[101.21653,0.61106,0.0,null],[101.21751,0.61031,0.0,null],[101.21865,0.61001,0.0,null],[101.21922,0.61065,0.0,null],[101.22112,0.61068,0.0,null],[101.22129,0.61632,0.0,null],[101.22511,0.61653,0.0,null],[101.22519,0.61504,0.0,null],[101.22786,0.61414,0.0,null],[101.22588,0.61276,0.0,null],[101.22455,0.6136,0.0,null],[101.22349,0.6131,0.0,null],[101.22353,0.60957,0.0,null],[101.23106,0.61021,0.0,null],[101.23089,0.61666,0.0,null],[101.23481,0.61682,0.0,null],[101.23606,0.61796,0.0,null],[101.23609,0.61946,0.0,null],[101.2388,0.62031,0.0,null],[101.23964,0.62167,0.0,null],[101.24765,0.61905,0.0,null],[101.25098,0.61937,0.0,null],[101.26641,0.61589,0.0,null],[101.26562,0.61485,0.0,null],[101.2657,0.61362,0.0,null],[101.26716,0.61258,0.0,null],[101.26947,0.61199,0.0,null],[101.26956,0.60741,0.0,null],[101.29203,0.60838,0.0,null],[101.31286,0.60781,0.0,null],[101.313,0.60867,0.0,null],[101.314,0.60919,0.0,null],[101.31565,0.60825,0.0,null],[101.31659,0.60981,0.0,null],[101.31805,0.61067,0.0,null],[101.3175,0.61423,0.0,null],[101.31819,0.61494,0.0,null],[101.31902,0.61488,0.0,null],[101.32014,0.61635,0.0,null],[101.31919,0.61748,0.0,null],[101.3182,0.61556,0.0,null],[101.31689,0.61576,0.0,null],[101.31616,0.61706,0.0,null],[101.31454,0.61519,0.0,null],[101.31343,0.61544,0.0,null],[101.31305,0.61645,0.0,null],[101.3134,0.61733,0.0,null],[101.31151,0.61895,0.0,null],[101.31101,0.62162,0.0,null],[101.31174,0.62327,0.0,null],[101.30947,0.62425,0.0,null],[101.30951,0.62546,0.0,null],[101.3083,0.62568,0.0,null],[101.30775,0.62663,0.0,null],[101.308,0.62932,0.0,null],[101.30937,0.63092,0.0,null],[101.30753,0.63094,0.0,null],[101.30738,0.63245,0.0,null],[101.3086,0.63319,0.0,null],[101.30936,0.63519,0.0,null],[101.3106,0.63515,0.0,null],[101.3115,0.63436,0.0,null],[101.3126,0.63624,0.0,null],[101.30941,0.6375,0.0,null],[101.30908,0.6387,0.0,null],[101.30823,0.63769,0.0,null],[101.30697,0.63738,0.0,null],[101.30613,0.63844,0.0,null],[101.30664,0.64001,0.0,null],[101.30537,0.64076,0.0,null],[101.30506,0.64193,0.0,null],[101.30361,0.6416,0.0,null],[101.30284,0.64204,0.0,null],[101.30212,0.64346,0.0,null],[101.30028,0.64265,0.0,null],[101.29937,0.64443,0.0,null],[101.29753,0.64318,0.0,null],[101.29528,0.64345,0.0,null],[101.29235,0.6455,0.0,null],[101.29232,0.64675,0.0,null],[101.29372,0.64836,0.0,null],[101.29466,0.64855,0.0,null],[101.29558,0.64799,0.0,null],[101.29572,0.64908,0.0,null],[101.29436,0.64948,0.0,null],[101.29325,0.65127,0.0,null],[101.29088,0.65221,0.0,null],[101.29046,0.65343,0.0,null],[101.29096,0.65403,0.0,null],[101.29009,0.65533,0.0,null],[101.29055,0.65647,0.0,null],[101.28965,0.65708,0.0,null],[101.28839,0.66027,0.0,null],[101.28647,0.66124,0.0,null],[101.2859,0.6622,0.0,null],[101.28623,0.66369,0.0,null],[101.28777,0.66375,0.0,null],[101.28882,0.66528,0.0,null],[101.29075,0.6653,0.0,null],[101.29143,0.66368,0.0,null],[101.29274,0.66446,0.0,null],[101.29128,0.66584,0.0,null],[101.29193,0.668,0.0,null],[101.29105,0.6688,0.0,null],[101.28999,0.66706,0.0,null],[101.28905,0.66675,0.0,null],[101.28631,0.66907,0.0,null],[101.28619,0.6704,0.0,null],[101.28733,0.67139,0.0,null],[101.28576,0.67271,0.0,null],[101.28566,0.67405,0.0,null],[101.28695,0.67572,0.0,null],[101.28268,0.67973,0.0,null],[101.28242,0.68061,0.0,null],[101.28312,0.68226,0.0,null],[101.28187,0.6819,0.0,null],[101.28148,0.6824,0.0,null],[101.28055,0.68566,0.0,null],[101.27964,0.6851,0.0,null],[101.27642,0.68492,0.0,null],[101.27378,0.68842,0.0,null],[101.27297,0.68814,0.0,null],[101.27203,0.68916,0.0,null],[101.2718,0.69367,0.0,null],[101.27299,0.6951,0.0,null],[101.27257,0.69541,0.0,null],[101.271,0.69349,0.0,null],[101.27036,0.69379,0.0,null],[101.2694,0.69551,0.0,null],[101.26949,0.69797,0.0,null],[101.269,0.69889,0.0,null],[101.26698,0.69889,0.0,null],[101.26637,0.69993,0.0,null],[101.26642,0.7017,0.0,null],[101.26238,0.70103,0.0,null],[101.26191,0.6992,0.0,null],[101.26016,0.69859,0.0,null],[101.25929,0.69953,0.0,null],[101.25929,0.70062,0.0,null],[101.25824,0.70089,0.0,null],[101.25832,0.70333,0.0,null],[101.25786,0.70429,0.0,null],[101.25596,0.70423,0.0,null],[101.25485,0.70493,0.0,null],[101.25499,0.70612,0.0,null],[101.25637,0.7075,0.0,null],[101.25624,0.71021,0.0,null],[101.25765,0.71097,0.0,null],[101.25691,0.71262,0.0,null],[101.25749,0.7144,0.0,null],[101.25321,0.71436,0.0,null],[101.25314,0.71576,0.0,null],[101.25224,0.71704,0.0,null],[101.25245,0.7181,0.0,null],[101.25371,0.719,0.0,null],[101.25326,0.72003,0.0,null],[101.2512,0.72094,0.0,null],[101.25037,0.72216,0.0,null],[101.24613,0.72202,0.0,null],[101.24083,0.72078,0.0,null],[101.23979,0.72145,0.0,null]],[[101.19634,0.67648,0.0,null],[101.1941,0.68414,0.0,null],[101.19974,0.6863,0.0,null],[101.20216,0.68283,0.0,null],[101.20427,0.67548,0.0,null],[101.20127,0.67472,0.0,null],[101.19634,0.67648,0.0,null]]],[[[101.34265,1.56137,0.0,null],[101.34965,1.56537,0.0,null],[101.33861,1.57807,0.0,null],[101.18447,1.49856,0.0,null],[101.18448,1.49768,0.0,null],[101.18769,1.49934,0.0,null],[101.18834,1.49899,0.0,null],[101.18834,1.49729,0.0,null],[101.18681,1.49561,0.0,null],[101.18768,1.49473,0.0,null],[101.18682,1.49327,0.0,null],[101.18683,1.4874,0.0,null],[101.186,1.48744,0.0,null],[101.18601,1.48612,0.0,null],[101.184,1.48614,0.0,null],[101.18375,1.47974,0.0,null],[101.18832,1.48043,0.0,null],[101.18831,1.47417,0.0,null],[101.21041,1.47419,0.0,null],[101.21088,1.46925,0.0,null],[101.20871,1.46928,0.0,null],[101.20899,1.46509,0.0,null],[101.21479,1.46508,0.0,null],[101.21479,1.4658,0.0,null],[101.22406,1.46609,0.0,null],[101.22421,1.46204,0.0,null],[101.22618,1.46203,0.0,null],[101.22618,1.46277,0.0,null],[101.23011,1.46458,0.0,null],[101.23107,1.46447,0.0,null],[101.23456,1.46317,0.0,null],[101.23504,1.46201,0.0,null],[101.23784,1.46033,0.0,null],[101.23769,1.46118,0.0,null],[101.23982,1.4633,0.0,null],[101.24236,1.46334,0.0,null],[101.24459,1.46438,0.0,null],[101.2449,1.46591,0.0,null],[101.24537,1.46597,0.0,null],[101.24495,1.46601,0.0,null],[101.24495,1.46906,0.0,null],[101.24979,1.46901,0.0,null],[101.24915,1.46654,0.0,null],[101.25605,1.46662,0.0,null],[101.25622,1.4697,0.0,null],[101.25802,1.47024,0.0,null],[101.25946,1.47274,0.0,null],[101.26124,1.47337,0.0,null],[101.26139,1.47002,0.0,null],[101.26218,1.46952,0.0,null],[101.26216,1.46904,0.0,null],[101.261,1.46859,0.0,null],[101.26107,1.46622,0.0,null],[101.26174,1.46529,0.0,null],[101.26575,1.46625,0.0,null],[101.2645,1.48996,0.0,null],[101.30903,1.48976,0.0,null],[101.30932,1.48868,0.0,null],[101.31853,1.48869,0.0,null],[101.31886,1.48965,0.0,null],[101.31825,1.49005,0.0,null],[101.31836,1.491,0.0,null],[101.3191,1.49228,0.0,null],[101.31865,1.49322,0.0,null],[101.31955,1.49344,0.0,null],[101.3191,1.49542,0.0,null],[101.31888,1.49617,0.0,null],[101.31684,1.49669,0.0,null],[101.31419,1.50482,0.0,null],[101.31974,1.50861,0.0,null],[101.31515,1.51497,0.0,null],[101.31812,1.51746,0.0,null],[101.32206,1.51842,0.0,null],[101.3142,1.5337,0.0,null],[101.31606,1.53633,0.0,null],[101.32075,1.54079,0.0,null],[101.32649,1.54356,0.0,null],[101.32625,1.54448,0.0,null],[101.32534,1.54469,0.0,null],[101.32532,1.5467,0.0,null],[101.32428,1.54809,0.0,null],[101.32709,1.55084,0.0,null],[101.32778,1.55223,0.0,null],[101.3252,1.55635,0.0,null],[101.32709,1.55749,0.0,null],[101.32741,1.55712,0.0,null],[101.32936,1.5579,0.0,null],[101.32978,1.55819,0.0,null],[101.32921,1.55912,0.0,null],[101.33052,1.55993,0.0,null],[101.33304,1.55571,0.0,null],[101.34265,1.56137,0.0,null]]],[[[101.39744,1.51314,0.0,null],[101.39213,1.51306,0.0,null],[101.39286,1.51096,0.0,null],[101.39262,1.50994,0.0,null],[101.39122,1.51048,0.0,null],[101.3881,1.5097,0.0,null],[101.38778,1.49624,0.0,null],[101.37959,1.49512,0.0,null],[101.37759,1.49643,0.0,null],[101.37622,1.49639,0.0,null],[101.37652,1.49541,0.0,null],[101.37469,1.49447,0.0,null],[101.37453,1.49318,0.0,null],[101.37702,1.493,0.0,null],[101.37706,1.49127,0.0,null],[101.37934,1.4908,0.0,null],[101.38585,1.48321,0.0,null],[101.40668,1.46348,0.0,null],[101.40725,1.46102,0.0,null],[101.40868,1.45884,0.0,null],[101.42209,1.45827,0.0,null],[101.43186,1.44973,0.0,null],[101.43172,1.45095,0.0,null],[101.43548,1.44653,0.0,null],[101.4633,1.42188,0.0,null],[101.46517,1.42355,0.0,null],[101.46301,1.42586,0.0,null],[101.46338,1.42662,0.0,null],[101.46297,1.42752,0.0,null],[101.4638,1.4282,0.0,null],[101.4635,1.4284,0.0,null],[101.46522,1.42959,0.0,null],[101.46588,1.42915,0.0,null],[101.46714,1.42949,0.0,null],[101.4671,1.4315,0.0,null],[101.46886,1.4327,0.0,null],[101.46888,1.43418,0.0,null],[101.47483,1.43765,0.0,null],[101.47567,1.43765,0.0,null],[101.47631,1.44027,0.0,null],[101.47574,1.44029,0.0,null],[101.47539,1.44207,0.0,null],[101.47599,1.44619,0.0,null],[101.47775,1.44633,0.0,null],[101.47815,1.45024,0.0,null],[101.47741,1.45016,0.0,null],[101.47783,1.45178,0.0,null],[101.47555,1.45189,0.0,null],[101.47543,1.45076,0.0,null],[101.47252,1.45075,0.0,null],[101.47195,1.45213,0.0,null],[101.47235,1.45391,0.0,null],[101.47301,1.45392,0.0,null],[101.47336,1.45305,0.0,null],[101.47365,1.45643,0.0,null],[101.47947,1.45595,0.0,null],[101.48446,1.46045,0.0,null],[101.4943,1.46784,0.0,null],[101.49505,1.4685,0.0,null],[101.49469,1.46915,0.0,null],[101.49745,1.47182,0.0,null],[101.49766,1.47153,0.0,null],[101.50023,1.47358,0.0,null],[101.49905,1.47577,0.0,null],[101.49924,1.48063,0.0,null],[101.49796,1.48282,0.0,null],[101.49707,1.48383,0.0,null],[101.49558,1.48221,0.0,null],[101.49497,1.48305,0.0,null],[101.47976,1.4842,0.0,null],[101.47901,1.47943,0.0,null],[101.47837,1.47928,0.0,null],[101.47589,1.4796,0.0,null],[101.45673,1.4782,0.0,null],[101.45525,1.4784,0.0,null],[101.4549,1.47903,0.0,null],[101.4531,1.47902,0.0,null],[101.45262,1.47774,0.0,null],[101.43166,1.47798,0.0,null],[101.43188,1.4809,0.0,null],[101.43137,1.48139,0.0,null],[101.42596,1.48496,0.0,null],[101.42024,1.4878,0.0,null],[101.39755,1.50436,0.0,null],[101.39744,1.51314,0.0,null]]],[[[101.34272,0.77713,0.0,null],[101.32632,0.78789,0.0,null],[101.32554,0.78425,0.0,null],[101.32638,0.78293,0.0,null],[101.32626,0.78191,0.0,null],[101.32509,0.7801,0.0,null],[101.32479,0.77832,0.0,null],[101.31985,0.7726,0.0,null],[101.31199,0.77503,0.0,null],[101.30929,0.77051,0.0,null],[101.3075,0.76901,0.0,null],[101.30631,0.76557,0.0,null],[101.30371,0.76373,0.0,null],[101.30381,0.76145,0.0,null],[101.30173,0.75061,0.0,null],[101.31424,0.74566,0.0,null],[101.32689,0.72263,0.0,null],[101.32804,0.72258,0.0,null],[101.32834,0.72347,0.0,null],[101.32936,0.723,0.0,null],[101.33062,0.72368,0.0,null],[101.33053,0.72453,0.0,null],[101.3317,0.72528,0.0,null],[101.33208,0.72643,0.0,null],[101.33323,0.72731,0.0,null],[101.33416,0.72686,0.0,null],[101.33441,0.72815,0.0,null],[101.33593,0.72737,0.0,null],[101.33746,0.7275,0.0,null],[101.33809,0.72827,0.0,null],[101.34058,0.72896,0.0,null],[101.34104,0.72965,0.0,null],[101.34235,0.72888,0.0,null],[101.34483,0.72931,0.0,null],[101.34604,0.72756,0.0,null],[101.34711,0.7288,0.0,null],[101.34663,0.72928,0.0,null],[101.34953,0.73067,0.0,null],[101.35037,0.73144,0.0,null],[101.35018,0.73236,0.0,null],[101.35173,0.73341,0.0,null],[101.35823,0.73338,0.0,null],[101.36281,0.73668,0.0,null],[101.36747,0.73041,0.0,null],[101.36663,0.7289,0.0,null],[101.36682,0.72728,0.0,null],[101.3651,0.72606,0.0,null],[101.36551,0.72452,0.0,null],[101.3646,0.72424,0.0,null],[101.36382,0.72314,0.0,null],[101.36323,0.72209,0.0,null],[101.36331,0.72076,0.0,null],[101.35987,0.71838,0.0,null],[101.36116,0.71503,0.0,null],[101.35992,0.71264,0.0,null],[101.36023,0.71198,0.0,null],[101.35943,0.70731,0.0,null],[101.3583,0.70636,0.0,null],[101.35635,0.70278,0.0,null],[101.36923,0.7068,0.0,null],[101.3727,0.71308,0.0,null],[101.38773,0.72592,0.0,null],[101.40929,0.72581,0.0,null],[101.39956,0.74128,0.0,null],[101.36791,0.76072,0.0,null],[101.34272,0.77713,0.0,null]]],[[[101.50102,0.66381,0.0,null],[101.5027,0.66603,0.0,null],[101.50219,0.66657,0.0,null],[101.50122,0.66483,0.0,null],[101.49989,0.66387,0.0,null],[101.49643,0.66448,0.0,null],[101.4961,0.6634,0.0,null],[101.49499,0.6641,0.0,null],[101.49359,0.66353,0.0,null],[101.49301,0.66305,0.0,null],[101.49299,0.65811,0.0,null],[101.49399,0.65703,0.0,null],[101.49248,0.65469,0.0,null],[101.49259,0.65336,0.0,null],[101.49134,0.65297,0.0,null],[101.49002,0.65357,0.0,null],[101.48927,0.65231,0.0,null],[101.4883,0.65293,0.0,null],[101.48761,0.652,0.0,null],[101.48689,0.65255,0.0,null],[101.48555,0.65253,0.0,null],[101.48352,0.64981,0.0,null],[101.48395,0.64683,0.0,null],[101.48508,0.64639,0.0,null],[101.485,0.64566,0.0,null],[101.48702,0.64318,0.0,null],[101.4869,0.64205,0.0,null],[101.48934,0.64126,0.0,null],[101.49047,0.63848,0.0,null],[101.49465,0.63535,0.0,null],[101.49561,0.63368,0.0,null],[101.49664,0.6332,0.0,null],[101.49681,0.63231,0.0,null],[101.49906,0.63458,0.0,null],[101.49882,0.63654,0.0,null],[101.49986,0.63626,0.0,null],[101.50018,0.6395,0.0,null],[101.51051,0.63935,0.0,null],[101.51971,0.64009,0.0,null],[101.51999,0.64048,0.0,null],[101.52617,0.64054,0.0,null],[101.53086,0.6402,0.0,null],[101.5327,0.63929,0.0,null],[101.53285,0.64223,0.0,null],[101.53119,0.64224,0.0,null],[101.53082,0.64276,0.0,null],[101.53166,0.64314,0.0,null],[101.53089,0.64652,0.0,null],[101.52758,0.64624,0.0,null],[101.52542,0.64803,0.0,null],[101.52534,0.65527,0.0,null],[101.52228,0.65622,0.0,null],[101.52083,0.65792,0.0,null],[101.51906,0.65888,0.0,null],[101.51009,0.65163,0.0,null],[101.50868,0.65298,0.0,null],[101.50913,0.65603,0.0,null],[101.50836,0.65822,0.0,null],[101.50741,0.65906,0.0,null],[101.50667,0.65945,0.0,null],[101.5043,0.65665,0.0,null],[101.50257,0.6563,0.0,null],[101.50267,0.65739,0.0,null],[101.50077,0.6588,0.0,null],[101.50117,0.66062,0.0,null],[101.50214,0.66122,0.0,null],[101.50066,0.66334,0.0,null],[101.50102,0.66381,0.0,null]]],[[[102.13866,0.94481,0.0,null],[102.13779,0.94811,0.0,null],[102.13782,0.95508,0.0,null],[102.12553,0.92617,0.0,null],[102.12539,0.92001,0.0,null],[102.12842,0.90645,0.0,null],[102.12803,0.90557,0.0,null],[102.1414,0.91201,0.0,null],[102.14284,0.91053,0.0,null],[102.14385,0.90809,0.0,null],[102.14431,0.9083,0.0,null],[102.14413,0.91028,0.0,null],[102.14763,0.91137,0.0,null],[102.13866,0.94481,0.0,null]]],[[[101.47198,1.05815,0.0,null],[101.46928,1.05713,0.0,null],[101.46813,1.05524,0.0,null],[101.47134,1.05281,0.0,null],[101.4719,1.05164,0.0,null],[101.473,1.0514,0.0,null],[101.473,1.05077,0.0,null],[101.47413,1.05101,0.0,null],[101.4744,1.04759,0.0,null],[101.48086,1.04439,0.0,null],[101.48202,1.04628,0.0,null],[101.47767,1.05259,0.0,null],[101.47439,1.05528,0.0,null],[101.47279,1.05789,0.0,null],[101.47198,1.05815,0.0,null]]]]}},{"type":"Feature","properties":{"inventoryId":"big-forestry-hti:255","sector":"PBPH","subtype":"IUPHHK-HTI","quality":"OFFICIAL","sourceDataset":"big-forestry-hti","sourceRecordId":"255","source":"BIG Kebijakan Satu Peta","sourceUrl":"https://kspservices.big.go.id/satupeta/rest/services/PUBLIK/PERIZINAN_DAN_PERTANAHAN/MapServer/2","retrievedAt":"2026-08-24T04:22:31Z","geometryProcessing":"web display simplification tolerance 0.00035 degrees","name":"PT ARTELINDO WIRATAMA","permitNumber":"SK.122/Menhut-II/2007","permitDate":"2007-04-02","areaHa":10740.0,"provinceCode":"14","region":"sumatra"},"geometry":{"type":"Polygon","coordinates":[[[101.89552,-0.73445,0.0,null],[101.86736,-0.73495,0.0,null],[101.8675,-0.74963,0.0,null],[101.81666,-0.74992,0.0,null],[101.81835,-0.82768,0.0,null],[101.84082,-0.8275,0.0,null],[101.84117,-0.8893,0.0,null],[101.86324,-0.85711,0.0,null],[101.87568,-0.85008,0.0,null],[101.88156,-0.84779,0.0,null],[101.89585,-0.84604,0.0,null],[101.8964,-0.73465,0.0,null],[101.89552,-0.73445,0.0,null]]]}},{"type":"Feature","properties":{"inventoryId":"big-forestry-hti:184","sector":"PBPH","subtype":"IUPHHK-HTI","quality":"OFFICIAL","sourceDataset":"big-forestry-hti","sourceRecordId":"184","source":"BIG Kebijakan Satu Peta","sourceUrl":"https://kspservices.big.go.id/satupeta/rest/services/PUBLIK/PERIZINAN_DAN_PERTANAHAN/MapServer/2","retrievedAt":"2026-08-24T04:22:31Z","geometryProcessing":"web display simplification tolerance 0.00035 degrees","name":"PT BALAI KAYANG MANDIRI","permitNumber":"SK.20/Menhut-II/2007","permitDate":"2007-01-05","areaHa":22250.0,"provinceCode":"14","region":"sumatra"},"geometry":{"type":"MultiPolygon","coordinates":[[[[101.91908,0.99294,0.0,null],[101.91717,1.01286,0.0,null],[101.91706,1.02465,0.0,null],[101.91792,1.0295,0.0,null],[101.92865,1.05594,0.0,null],[101.92939,1.06411,0.0,null],[101.92828,1.06927,0.0,null],[101.92507,1.07657,0.0,null],[101.91395,1.09665,0.0,null],[101.90555,1.11397,0.0,null],[101.89406,1.13971,0.0,null],[101.89025,1.1363,0.0,null],[101.87354,1.11558,0.0,null],[101.87533,1.10654,0.0,null],[101.88313,1.08636,0.0,null],[101.90379,1.0554,0.0,null],[101.91362,1.0363,0.0,null],[101.91606,1.02292,0.0,null],[101.91603,1.01051,0.0,null],[101.89854,0.99643,0.0,null],[101.86817,0.99018,0.0,null],[101.85265,0.99004,0.0,null],[101.8615,0.98344,0.0,null],[101.85465,0.98238,0.0,null],[101.85274,0.9738,0.0,null],[101.84383,0.96431,0.0,null],[101.83125,0.97152,0.0,null],[101.83291,0.98326,0.0,null],[101.8372,0.98944,0.0,null],[101.83579,0.99495,0.0,null],[101.82288,0.99594,0.0,null],[101.81355,0.99885,0.0,null],[101.81708,0.97975,0.0,null],[101.8106,0.96776,0.0,null],[101.82376,0.95723,0.0,null],[101.86692,0.94969,0.0,null],[101.95701,0.98091,0.0,null],[101.95615,0.98458,0.0,null],[101.94626,1.00701,0.0,null],[101.9203,0.99049,0.0,null],[101.91908,0.99294,0.0,null]]],[[[102.56015,0.62835,0.0,null],[102.36113,0.69699,0.0,null],[102.37243,0.68146,0.0,null],[102.3793,0.67357,0.0,null],[102.38607,0.66772,0.0,null],[102.3995,0.66403,0.0,null],[102.41283,0.66178,0.0,null],[102.42616,0.64845,0.0,null],[102.43282,0.62999,0.0,null],[102.42431,0.62661,0.0,null],[102.41806,0.62015,0.0,null],[102.42298,0.61349,0.0,null],[102.56015,0.62835,0.0,null]]],[[[101.00275,1.00587,0.0,null],[101.00297,1.02027,0.0,null],[100.99845,1.02241,0.0,null],[100.98448,1.03531,0.0,null],[100.9731,1.04928,0.0,null],[100.9645,1.05014,0.0,null],[100.95526,1.02951,0.0,null],[100.97267,0.97944,0.0,null],[101.01049,0.95945,0.0,null],[101.04766,0.98868,0.0,null],[101.06249,0.99813,0.0,null],[101.07603,1.0063,0.0,null],[101.0814,1.00651,0.0,null],[101.09,1.01081,0.0,null],[101.0915,1.0121,0.0,null],[101.0943,1.01253,0.0,null],[101.09881,1.01468,0.0,null],[101.11342,1.01984,0.0,null],[101.11299,1.02456,0.0,null],[101.11106,1.02714,0.0,null],[101.10977,1.02779,0.0,null],[101.10955,1.02951,0.0,null],[101.06657,1.0106,0.0,null],[101.03327,1.01102,0.0,null],[101.03327,1.0035,0.0,null],[101.00275,1.00587,0.0,null]]]]}},{"type":"Feature","properties":{"inventoryId":"big-forestry-hti:144","sector":"PBPH","subtype":"IUPHHK-HTI","quality":"OFFICIAL","sourceDataset":"big-forestry-hti","sourceRecordId":"144","source":"BIG Kebijakan Satu Peta","sourceUrl":"https://kspservices.big.go.id/satupeta/rest/services/PUBLIK/PERIZINAN_DAN_PERTANAHAN/MapServer/2","retrievedAt":"2026-08-24T04:22:31Z","geometryProcessing":"web display simplification tolerance 0.00035 degrees","name":"PT BANGKANESIA","permitNumber":"SK.639/Menhut-II/2009","permitDate":"2009-10-09","areaHa":51205.0,"provinceCode":"19","region":"sumatra"},"geometry":{"type":"Polygon","coordinates":[[[106.55436,-2.53612,0.0,null],[106.48753,-2.51853,0.0,null],[106.47661,-2.50607,0.0,null],[106.47192,-2.50437,0.0,null],[106.46297,-2.53174,0.0,null],[106.45748,-2.54217,0.0,null],[106.46228,-2.54464,0.0,null],[106.45966,-2.55142,0.0,null],[106.45428,-2.54944,0.0,null],[106.452,-2.55347,0.0,null],[106.4495,-2.55526,0.0,null],[106.44929,-2.56065,0.0,null],[106.44628,-2.58478,0.0,null],[106.44695,-2.58522,0.0,null],[106.44695,-2.58606,0.0,null],[106.44605,-2.58699,0.0,null],[106.44529,-2.60174,0.0,null],[106.45095,-2.61016,0.0,null],[106.45467,-2.61275,0.0,null],[106.46965,-2.61998,0.0,null],[106.47202,-2.62259,0.0,null],[106.4747,-2.62714,0.0,null],[106.47466,-2.63046,0.0,null],[106.46508,-2.64114,0.0,null],[106.46065,-2.65069,0.0,null],[106.45892,-2.6596,0.0,null],[106.45798,-2.6683,0.0,null],[106.45908,-2.67112,0.0,null],[106.4614,-2.67276,0.0,null],[106.4624,-2.6748,0.0,null],[106.46407,-2.67604,0.0,null],[106.46736,-2.68196,0.0,null],[106.47012,-2.68475,0.0,null],[106.47173,-2.68873,0.0,null],[106.4735,-2.69672,0.0,null],[106.4804,-2.70375,0.0,null],[106.48308,-2.70762,0.0,null],[106.49305,-2.71422,0.0,null],[106.4972,-2.71915,0.0,null],[106.49864,-2.72518,0.0,null],[106.50246,-2.73431,0.0,null],[106.5088,-2.7559,0.0,null],[106.51075,-2.77053,0.0,null],[106.51076,-2.77785,0.0,null],[106.51307,-2.78348,0.0,null],[106.51342,-2.78778,0.0,null],[106.51656,-2.79642,0.0,null],[106.5168,-2.79974,0.0,null],[106.51809,-2.80177,0.0,null],[106.51891,-2.80488,0.0,null],[106.51855,-2.80752,0.0,null],[106.51921,-2.8123,0.0,null],[106.5256,-2.82432,0.0,null],[106.52584,-2.82783,0.0,null],[106.52501,-2.83058,0.0,null],[106.5272,-2.83455,0.0,null],[106.53201,-2.83809,0.0,null],[106.53845,-2.83945,0.0,null],[106.53974,-2.84138,0.0,null],[106.54089,-2.84645,0.0,null],[106.54045,-2.85056,0.0,null],[106.53866,-2.8543,0.0,null],[106.53197,-2.85567,0.0,null],[106.53088,-2.86154,0.0,null],[106.53207,-2.86328,0.0,null],[106.53127,-2.86847,0.0,null],[106.53258,-2.87139,0.0,null],[106.53386,-2.87274,0.0,null],[106.53687,-2.87191,0.0,null],[106.53985,-2.87655,0.0,null],[106.54008,-2.87937,0.0,null],[106.53913,-2.88115,0.0,null],[106.54128,-2.88814,0.0,null],[106.53651,-2.89554,0.0,null],[106.53664,-2.897,0.0,null],[106.5387,-2.89902,0.0,null],[106.54215,-2.90502,0.0,null],[106.54132,-2.90825,0.0,null],[106.54596,-2.90613,0.0,null],[106.54995,-2.90626,0.0,null],[106.55201,-2.90759,0.0,null],[106.55357,-2.90767,0.0,null],[106.55401,-2.90444,0.0,null],[106.55581,-2.90129,0.0,null],[106.55882,-2.90104,0.0,null],[106.5598,-2.90152,0.0,null],[106.56487,-2.90876,0.0,null],[106.57136,-2.90729,0.0,null],[106.57426,-2.90607,0.0,null],[106.58765,-2.90409,0.0,null],[106.56929,-2.88477,0.0,null],[106.58772,-2.83419,0.0,null],[106.62096,-2.74685,0.0,null],[106.62212,-2.74586,0.0,null],[106.63977,-2.7052,0.0,null],[106.67357,-2.64955,0.0,null],[106.67169,-2.64943,0.0,null],[106.67108,-2.64768,0.0,null],[106.66777,-2.64675,0.0,null],[106.66389,-2.64758,0.0,null],[106.65768,-2.64786,0.0,null],[106.65553,-2.64692,0.0,null],[106.6584,-2.64396,0.0,null],[106.65976,-2.64394,0.0,null],[106.66399,-2.64096,0.0,null],[106.66555,-2.64094,0.0,null],[106.67052,-2.6358,0.0,null],[106.67246,-2.63519,0.0,null],[106.67274,-2.62798,0.0,null],[106.68149,-2.62766,0.0,null],[106.68172,-2.63078,0.0,null],[106.686,-2.63522,0.0,null],[106.7074,-2.6111,0.0,null],[106.71405,-2.60561,0.0,null],[106.67952,-2.59937,0.0,null],[106.6865,-2.56865,0.0,null],[106.66947,-2.56636,0.0,null],[106.66943,-2.56263,0.0,null],[106.6543,-2.56074,0.0,null],[106.65507,-2.55379,0.0,null],[106.63313,-2.55014,0.0,null],[106.59508,-2.55015,0.0,null],[106.56518,-2.54546,0.0,null],[106.56551,-2.53891,0.0,null],[106.55436,-2.53612,0.0,null]],[[106.4975,-2.54621,0.0,null],[106.49823,-2.53878,0.0,null],[106.49876,-2.53795,0.0,null],[106.52699,-2.53816,0.0,null],[106.52803,-2.54851,0.0,null],[106.53023,-2.5483,0.0,null],[106.53263,-2.54662,0.0,null],[106.53723,-2.54464,0.0,null],[106.53953,-2.54558,0.0,null],[106.54099,-2.54736,0.0,null],[106.54465,-2.54621,0.0,null],[106.54654,-2.54422,0.0,null],[106.54884,-2.54307,0.0,null],[106.55061,-2.5438,0.0,null],[106.55009,-2.54526,0.0,null],[106.5457,-2.55081,0.0,null],[106.54654,-2.55279,0.0,null],[106.54633,-2.55488,0.0,null],[106.5481,-2.55582,0.0,null],[106.5504,-2.55572,0.0,null],[106.5526,-2.55467,0.0,null],[106.56431,-2.55467,0.0,null],[106.571,-2.55656,0.0,null],[106.57497,-2.55582,0.0,null],[106.57696,-2.55666,0.0,null],[106.60547,-2.58833,0.0,null],[106.6059,-2.58947,0.0,null],[106.599,-2.63126,0.0,null],[106.58644,-2.64153,0.0,null],[106.58018,-2.64886,0.0,null],[106.5488,-2.65965,0.0,null],[106.54853,-2.66272,0.0,null],[106.54251,-2.66247,0.0,null],[106.53904,-2.65769,0.0,null],[106.52716,-2.64987,0.0,null],[106.52695,-2.64534,0.0,null],[106.51243,-2.64581,0.0,null],[106.51071,-2.64308,0.0,null],[106.51126,-2.64024,0.0,null],[106.5108,-2.63863,0.0,null],[106.51389,-2.63554,0.0,null],[106.51518,-2.63336,0.0,null],[106.51535,-2.63158,0.0,null],[106.51819,-2.62866,0.0,null],[106.51848,-2.62629,0.0,null],[106.51959,-2.62434,0.0,null],[106.51855,-2.62153,0.0,null],[106.51872,-2.61941,0.0,null],[106.51914,-2.61852,0.0,null],[106.52147,-2.61755,0.0,null],[106.5224,-2.61568,0.0,null],[106.52246,-2.60802,0.0,null],[106.49876,-2.60851,0.0,null],[106.48569,-2.60057,0.0,null],[106.4928,-2.57956,0.0,null],[106.48799,-2.57935,0.0,null],[106.48485,-2.58081,0.0,null],[106.48287,-2.5805,0.0,null],[106.48161,-2.57872,0.0,null],[106.48224,-2.57757,0.0,null],[106.4814,-2.5737,0.0,null],[106.48193,-2.57046,0.0,null],[106.47973,-2.56868,0.0,null],[106.47733,-2.5691,0.0,null],[106.47419,-2.56701,0.0,null],[106.47325,-2.56596,0.0,null],[106.47252,-2.56147,0.0,null],[106.47147,-2.56032,0.0,null],[106.47304,-2.55854,0.0,null],[106.47471,-2.55823,0.0,null],[106.47398,-2.55509,0.0,null],[106.47461,-2.55446,0.0,null],[106.47565,-2.55007,0.0,null],[106.48872,-2.54934,0.0,null],[106.4975,-2.55018,0.0,null],[106.4975,-2.54621,0.0,null]],[[106.47148,-2.59395,0.0,null],[106.47552,-2.60196,0.0,null],[106.46923,-2.60425,0.0,null],[106.4653,-2.59539,0.0,null],[106.47094,-2.59291,0.0,null],[106.47148,-2.59395,0.0,null]]]}},{"type":"Feature","properties":{"inventoryId":"big-forestry-hti:143","sector":"PBPH","subtype":"IUPHHK-HTI","quality":"OFFICIAL","sourceDataset":"big-forestry-hti","sourceRecordId":"143","source":"BIG Kebijakan Satu Peta","sourceUrl":"https://kspservices.big.go.id/satupeta/rest/services/PUBLIK/PERIZINAN_DAN_PERTANAHAN/MapServer/2","retrievedAt":"2026-08-24T04:22:31Z","geometryProcessing":"web display simplification tolerance 0.00035 degrees","name":"PT BANGUN RIMBA SEJAHTERA","permitNumber":"SK.336/Menhut-II/2013","permitDate":"2013-05-16","areaHa":66460.0,"provinceCode":"19","region":"sumatra"},"geometry":{"type":"MultiPolygon","coordinates":[[[[105.59509,-1.96331,0.0,null],[105.59446,-1.96055,0.0,null],[105.59274,-1.95779,0.0,null],[105.59337,-1.95645,0.0,null],[105.59626,-1.95516,0.0,null],[105.58997,-1.95317,0.0,null],[105.58936,-1.95317,0.0,null],[105.58799,-1.95464,0.0,null],[105.58624,-1.96032,0.0,null],[105.58461,-1.96327,0.0,null],[105.58231,-1.9649,0.0,null],[105.58115,-1.96449,0.0,null],[105.5785,-1.96534,0.0,null],[105.57622,-1.96427,0.0,null],[105.57106,-1.95951,0.0,null],[105.56923,-1.95891,0.0,null],[105.56735,-1.96065,0.0,null],[105.56571,-1.97266,0.0,null],[105.56386,-1.9767,0.0,null],[105.56484,-1.98227,0.0,null],[105.56855,-1.98521,0.0,null],[105.57401,-1.98292,0.0,null],[105.57794,-1.98674,0.0,null],[105.57784,-1.99275,0.0,null],[105.57008,-1.99286,0.0,null],[105.57002,-1.99062,0.0,null],[105.56935,-1.99034,0.0,null],[105.56946,-1.98835,0.0,null],[105.56495,-1.98521,0.0,null],[105.56244,-1.98238,0.0,null],[105.56255,-1.97823,0.0,null],[105.55643,-1.97932,0.0,null],[105.55484,-1.97849,0.0,null],[105.55211,-1.97899,0.0,null],[105.54966,-1.97802,0.0,null],[105.5473,-1.97291,0.0,null],[105.54395,-1.96207,0.0,null],[105.54315,-1.96161,0.0,null],[105.54082,-1.966,0.0,null],[105.52935,-1.9708,0.0,null],[105.51603,-1.97167,0.0,null],[105.50981,-1.97408,0.0,null],[105.49747,-1.9803,0.0,null],[105.49222,-1.97999,0.0,null],[105.48834,-1.97794,0.0,null],[105.48438,-1.97693,0.0,null],[105.47399,-1.97757,0.0,null],[105.43981,-1.98412,0.0,null],[105.42598,-1.98262,0.0,null],[105.42051,-1.98263,0.0,null],[105.41752,-1.98179,0.0,null],[105.41633,-1.98281,0.0,null],[105.41633,-1.98412,0.0,null],[105.41845,-1.99935,0.0,null],[105.42024,-2.00194,0.0,null],[105.42134,-2.01039,0.0,null],[105.42791,-2.01317,0.0,null],[105.42769,-2.02048,0.0,null],[105.42235,-2.0197,0.0,null],[105.42223,-2.02186,0.0,null],[105.4187,-2.02537,0.0,null],[105.41634,-2.02589,0.0,null],[105.4108,-2.02962,0.0,null],[105.40583,-2.03214,0.0,null],[105.4009,-2.03353,0.0,null],[105.39982,-2.03495,0.0,null],[105.40209,-2.03893,0.0,null],[105.40388,-2.04578,0.0,null],[105.40426,-2.04998,0.0,null],[105.42252,-2.04826,0.0,null],[105.42311,-2.05685,0.0,null],[105.42849,-2.06544,0.0,null],[105.42806,-2.07782,0.0,null],[105.41888,-2.07893,0.0,null],[105.41888,-2.07986,0.0,null],[105.42223,-2.08655,0.0,null],[105.42209,-2.09034,0.0,null],[105.41575,-2.09888,0.0,null],[105.41546,-2.10701,0.0,null],[105.41597,-2.10877,0.0,null],[105.4177,-2.1095,0.0,null],[105.42413,-2.10747,0.0,null],[105.43155,-2.11105,0.0,null],[105.43439,-2.1107,0.0,null],[105.45061,-2.09545,0.0,null],[105.46176,-2.08588,0.0,null],[105.50849,-2.06908,0.0,null],[105.50837,-2.04714,0.0,null],[105.51147,-2.00935,0.0,null],[105.5151,-1.99589,0.0,null],[105.52029,-1.99122,0.0,null],[105.52411,-1.98969,0.0,null],[105.53547,-1.98751,0.0,null],[105.54267,-1.98543,0.0,null],[105.54573,-1.98762,0.0,null],[105.55065,-1.98674,0.0,null],[105.55283,-1.98729,0.0,null],[105.55534,-1.98904,0.0,null],[105.56167,-1.99002,0.0,null],[105.56648,-1.99406,0.0,null],[105.57718,-1.99799,0.0,null],[105.58057,-1.99766,0.0,null],[105.58603,-1.99559,0.0,null],[105.58961,-1.99595,0.0,null],[105.59158,-1.99298,0.0,null],[105.5922,-1.98887,0.0,null],[105.59338,-1.98706,0.0,null],[105.5991,-1.98366,0.0,null],[105.59941,-1.98232,0.0,null],[105.59769,-1.98114,0.0,null],[105.59682,-1.97854,0.0,null],[105.59627,-1.97522,0.0,null],[105.59686,-1.97243,0.0,null],[105.59674,-1.96962,0.0,null],[105.59509,-1.96331,0.0,null]]],[[[105.44074,-1.60019,0.0,null],[105.43256,-1.60575,0.0,null],[105.42747,-1.60806,0.0,null],[105.41751,-1.6111,0.0,null],[105.41571,-1.61242,0.0,null],[105.41326,-1.61301,0.0,null],[105.40931,-1.61603,0.0,null],[105.40455,-1.6216,0.0,null],[105.40076,-1.62775,0.0,null],[105.3965,-1.63632,0.0,null],[105.39253,-1.64213,0.0,null],[105.38917,-1.64512,0.0,null],[105.37724,-1.65363,0.0,null],[105.37029,-1.65748,0.0,null],[105.36592,-1.65883,0.0,null],[105.35117,-1.66099,0.0,null],[105.35097,-1.66242,0.0,null],[105.3533,-1.66651,0.0,null],[105.36086,-1.67192,0.0,null],[105.36234,-1.67226,0.0,null],[105.36607,-1.67597,0.0,null],[105.36905,-1.68019,0.0,null],[105.36904,-1.68328,0.0,null],[105.36465,-1.68848,0.0,null],[105.36002,-1.69218,0.0,null],[105.35649,-1.69273,0.0,null],[105.35204,-1.69491,0.0,null],[105.35089,-1.69662,0.0,null],[105.35078,-1.69815,0.0,null],[105.35326,-1.70231,0.0,null],[105.36661,-1.71318,0.0,null],[105.36815,-1.71404,0.0,null],[105.39323,-1.71495,0.0,null],[105.39438,-1.71105,0.0,null],[105.40008,-1.7107,0.0,null],[105.40006,-1.70188,0.0,null],[105.4016,-1.69882,0.0,null],[105.40182,-1.69437,0.0,null],[105.40276,-1.69427,0.0,null],[105.40288,-1.69171,0.0,null],[105.41045,-1.69183,0.0,null],[105.41039,-1.68967,0.0,null],[105.41511,-1.68962,0.0,null],[105.41504,-1.69259,0.0,null],[105.41573,-1.69261,0.0,null],[105.41577,-1.68931,0.0,null],[105.41989,-1.68918,0.0,null],[105.42008,-1.69496,0.0,null],[105.43025,-1.69486,0.0,null],[105.44376,-1.70021,0.0,null],[105.46053,-1.7001,0.0,null],[105.46158,-1.68868,0.0,null],[105.47008,-1.6768,0.0,null],[105.47661,-1.66329,0.0,null],[105.47478,-1.65148,0.0,null],[105.47987,-1.64011,0.0,null],[105.47999,-1.62765,0.0,null],[105.46636,-1.60843,0.0,null],[105.45529,-1.60948,0.0,null],[105.44074,-1.60019,0.0,null]]],[[[105.28388,-1.94628,0.0,null],[105.2802,-1.9426,0.0,null],[105.27898,-1.9321,0.0,null],[105.27583,-1.92807,0.0,null],[105.27355,-1.92667,0.0,null],[105.27267,-1.92247,0.0,null],[105.26462,-1.91669,0.0,null],[105.26409,-1.91494,0.0,null],[105.24589,-1.91529,0.0,null],[105.20754,-1.92719,0.0,null],[105.20527,-1.92929,0.0,null],[105.18811,-1.936,0.0,null],[105.18829,-1.9433,0.0,null],[105.17954,-1.94796,0.0,null],[105.17772,-1.95227,0.0,null],[105.17725,-1.96358,0.0,null],[105.18189,-1.97674,0.0,null],[105.18193,-1.97808,0.0,null],[105.2213,-1.97913,0.0,null],[105.2281,-2.00121,0.0,null],[105.23467,-2.01512,0.0,null],[105.23486,-2.01158,0.0,null],[105.23608,-2.00598,0.0,null],[105.23241,-2.00563,0.0,null],[105.23363,-1.99442,0.0,null],[105.23911,-1.99489,0.0,null],[105.24098,-1.99215,0.0,null],[105.24133,-1.989,0.0,null],[105.24046,-1.98637,0.0,null],[105.23083,-1.97954,0.0,null],[105.23258,-1.97797,0.0,null],[105.25114,-1.96694,0.0,null],[105.25175,-1.96738,0.0,null],[105.25493,-1.96563,0.0,null],[105.26265,-1.97192,0.0,null],[105.26674,-1.97414,0.0,null],[105.2695,-1.97394,0.0,null],[105.27077,-1.97298,0.0,null],[105.27687,-1.97312,0.0,null],[105.2781,-1.97166,0.0,null],[105.2788,-1.96448,0.0,null],[105.28213,-1.95871,0.0,null],[105.28452,-1.95869,0.0,null],[105.28554,-1.95712,0.0,null],[105.28811,-1.95737,0.0,null],[105.28973,-1.96312,0.0,null],[105.29053,-1.96273,0.0,null],[105.29106,-1.95818,0.0,null],[105.29526,-1.94593,0.0,null],[105.28948,-1.9482,0.0,null],[105.28388,-1.94628,0.0,null]]],[[[105.66091,-1.67476,0.0,null],[105.65766,-1.67143,0.0,null],[105.65602,-1.6705,0.0,null],[105.6521,-1.66992,0.0,null],[105.65034,-1.67363,0.0,null],[105.6481,-1.67484,0.0,null],[105.642,-1.67489,0.0,null],[105.63599,-1.67698,0.0,null],[105.63407,-1.67699,0.0,null],[105.62959,-1.68014,0.0,null],[105.60432,-1.68164,0.0,null],[105.58159,-1.68222,0.0,null],[105.57622,-1.68658,0.0,null],[105.57438,-1.68747,0.0,null],[105.56847,-1.6886,0.0,null],[105.56355,-1.6991,0.0,null],[105.5628,-1.70436,0.0,null],[105.5634,-1.71294,0.0,null],[105.56475,-1.71986,0.0,null],[105.56758,-1.72711,0.0,null],[105.56949,-1.73033,0.0,null],[105.57601,-1.73793,0.0,null],[105.57914,-1.74072,0.0,null],[105.59665,-1.73836,0.0,null],[105.60191,-1.73415,0.0,null],[105.60763,-1.73656,0.0,null],[105.60427,-1.74503,0.0,null],[105.61591,-1.7465,0.0,null],[105.61871,-1.75015,0.0,null],[105.62021,-1.75466,0.0,null],[105.62024,-1.75716,0.0,null],[105.61646,-1.76803,0.0,null],[105.61502,-1.76956,0.0,null],[105.61294,-1.77011,0.0,null],[105.60579,-1.77015,0.0,null],[105.60537,-1.77402,0.0,null],[105.60958,-1.7841,0.0,null],[105.61545,-1.79297,0.0,null],[105.61696,-1.79719,0.0,null],[105.62207,-1.79643,0.0,null],[105.62839,-1.80937,0.0,null],[105.62463,-1.81118,0.0,null],[105.62222,-1.8196,0.0,null],[105.62267,-1.82412,0.0,null],[105.62719,-1.82442,0.0,null],[105.62884,-1.83344,0.0,null],[105.6475,-1.83269,0.0,null],[105.65186,-1.82246,0.0,null],[105.65156,-1.81148,0.0,null],[105.65351,-1.80651,0.0,null],[105.65412,-1.8029,0.0,null],[105.65323,-1.79265,0.0,null],[105.65427,-1.78812,0.0,null],[105.65793,-1.78345,0.0,null],[105.66951,-1.77395,0.0,null],[105.66744,-1.77313,0.0,null],[105.66444,-1.76909,0.0,null],[105.64253,-1.7847,0.0,null],[105.62989,-1.75807,0.0,null],[105.61786,-1.72723,0.0,null],[105.58988,-1.72091,0.0,null],[105.59379,-1.69248,0.0,null],[105.60342,-1.69353,0.0,null],[105.60522,-1.69142,0.0,null],[105.62012,-1.69142,0.0,null],[105.65487,-1.69488,0.0,null],[105.66705,-1.6839,0.0,null],[105.66931,-1.6839,0.0,null],[105.67137,-1.68243,0.0,null],[105.66939,-1.68011,0.0,null],[105.66091,-1.67476,0.0,null]]],[[[105.61512,-1.61015,0.0,null],[105.60987,-1.60192,0.0,null],[105.60341,-1.59745,0.0,null],[105.59339,-1.59688,0.0,null],[105.59136,-1.59828,0.0,null],[105.57011,-1.6017,0.0,null],[105.56282,-1.61153,0.0,null],[105.55343,-1.60988,0.0,null],[105.54367,-1.60646,0.0,null],[105.5346,-1.61077,0.0,null],[105.53251,-1.61477,0.0,null],[105.52864,-1.61737,0.0,null],[105.52264,-1.64293,0.0,null],[105.52881,-1.64597,0.0,null],[105.52866,-1.65209,0.0,null],[105.53193,-1.65485,0.0,null],[105.5363,-1.65478,0.0,null],[105.54751,-1.66075,0.0,null],[105.55407,-1.66067,0.0,null],[105.55792,-1.6582,0.0,null],[105.57892,-1.65992,0.0,null],[105.58615,-1.65631,0.0,null],[105.59434,-1.65623,0.0,null],[105.61151,-1.63996,0.0,null],[105.61241,-1.63831,0.0,null],[105.61232,-1.63262,0.0,null],[105.61033,-1.62289,0.0,null],[105.61152,-1.61773,0.0,null],[105.61347,-1.61631,0.0,null],[105.6158,-1.61588,0.0,null],[105.61648,-1.61426,0.0,null],[105.61512,-1.61015,0.0,null]]],[[[105.59452,-1.55865,0.0,null],[105.59146,-1.55101,0.0,null],[105.58912,-1.54744,0.0,null],[105.58606,-1.54524,0.0,null],[105.57527,-1.54869,0.0,null],[105.5651,-1.55555,0.0,null],[105.56249,-1.55907,0.0,null],[105.55188,-1.56587,0.0,null],[105.5493,-1.56684,0.0,null],[105.54392,-1.56738,0.0,null],[105.52608,-1.5723,0.0,null],[105.52071,-1.57243,0.0,null],[105.51098,-1.57029,0.0,null],[105.50031,-1.56982,0.0,null],[105.49027,-1.56858,0.0,null],[105.48456,-1.56827,0.0,null],[105.47141,-1.56915,0.0,null],[105.46468,-1.57071,0.0,null],[105.4633,-1.57237,0.0,null],[105.45624,-1.58239,0.0,null],[105.45695,-1.58264,0.0,null],[105.4551,-1.59004,0.0,null],[105.47546,-1.59244,0.0,null],[105.48329,-1.59451,0.0,null],[105.49135,-1.5944,0.0,null],[105.49266,-1.61258,0.0,null],[105.51726,-1.61236,0.0,null],[105.52597,-1.59233,0.0,null],[105.54121,-1.59189,0.0,null],[105.55341,-1.58841,0.0,null],[105.55613,-1.59658,0.0,null],[105.568,-1.5932,0.0,null],[105.56767,-1.58504,0.0,null],[105.57877,-1.58046,0.0,null],[105.5828,-1.57132,0.0,null],[105.58618,-1.57001,0.0,null],[105.59047,-1.56352,0.0,null],[105.59091,-1.56356,0.0,null],[105.59452,-1.55865,0.0,null]]],[[[105.30382,-1.94199,0.0,null],[105.3055,-1.93824,0.0,null],[105.30747,-1.93568,0.0,null],[105.31436,-1.93105,0.0,null],[105.31761,-1.92554,0.0,null],[105.31781,-1.92062,0.0,null],[105.32175,-1.92012,0.0,null],[105.32431,-1.91599,0.0,null],[105.32716,-1.91461,0.0,null],[105.33298,-1.90929,0.0,null],[105.33347,-1.90387,0.0,null],[105.33622,-1.90112,0.0,null],[105.33957,-1.90072,0.0,null],[105.34292,-1.89797,0.0,null],[105.34637,-1.86832,0.0,null],[105.37099,-1.8632,0.0,null],[105.37089,-1.85857,0.0,null],[105.36606,-1.85069,0.0,null],[105.36478,-1.84508,0.0,null],[105.36347,-1.84368,0.0,null],[105.36309,-1.84357,0.0,null],[105.36186,-1.84812,0.0,null],[105.35715,-1.85092,0.0,null],[105.3511,-1.85294,0.0,null],[105.35069,-1.85556,0.0,null],[105.34934,-1.85777,0.0,null],[105.33983,-1.86579,0.0,null],[105.31673,-1.882,0.0,null],[105.30764,-1.88917,0.0,null],[105.29407,-1.89649,0.0,null],[105.27251,-1.90486,0.0,null],[105.26847,-1.90831,0.0,null],[105.26445,-1.91004,0.0,null],[105.2655,-1.91476,0.0,null],[105.2704,-1.91809,0.0,null],[105.27477,-1.92229,0.0,null],[105.27512,-1.92579,0.0,null],[105.27898,-1.92894,0.0,null],[105.28038,-1.93175,0.0,null],[105.28283,-1.94225,0.0,null],[105.28826,-1.94524,0.0,null],[105.29467,-1.94208,0.0,null],[105.29713,-1.94268,0.0,null],[105.29762,-1.94435,0.0,null],[105.29713,-1.94819,0.0,null],[105.29309,-1.96021,0.0,null],[105.29339,-1.9606,0.0,null],[105.30698,-1.95469,0.0,null],[105.30402,-1.94839,0.0,null],[105.30333,-1.94494,0.0,null],[105.30382,-1.94199,0.0,null]]],[[[105.60513,-1.98958,0.0,null],[105.60205,-1.98535,0.0,null],[105.60268,-1.98438,0.0,null],[105.60273,-1.98205,0.0,null],[105.60117,-1.97926,0.0,null],[105.60192,-1.98169,0.0,null],[105.60153,-1.98343,0.0,null],[105.60043,-1.98556,0.0,null],[105.59557,-1.98935,0.0,null],[105.59479,-1.99297,0.0,null],[105.593,-1.9963,0.0,null],[105.59356,-1.99635,0.0,null],[105.59214,-1.99952,0.0,null],[105.5897,-2.00303,0.0,null],[105.59018,-2.00336,0.0,null],[105.58766,-2.00592,0.0,null],[105.58607,-2.0121,0.0,null],[105.58058,-2.01167,0.0,null],[105.58148,-2.00582,0.0,null],[105.58241,-2.00421,0.0,null],[105.57707,-2.00421,0.0,null],[105.57718,-2.01295,0.0,null],[105.56233,-2.01481,0.0,null],[105.55447,-2.02223,0.0,null],[105.55818,-2.03523,0.0,null],[105.59028,-2.06755,0.0,null],[105.58788,-2.07432,0.0,null],[105.58504,-2.07454,0.0,null],[105.58186,-2.08677,0.0,null],[105.58647,-2.08782,0.0,null],[105.59067,-2.08804,0.0,null],[105.59717,-2.08693,0.0,null],[105.60053,-2.08427,0.0,null],[105.60302,-2.07955,0.0,null],[105.60405,-2.07297,0.0,null],[105.60415,-2.06248,0.0,null],[105.60269,-2.05983,0.0,null],[105.60247,-2.05202,0.0,null],[105.60032,-2.02779,0.0,null],[105.60255,-2.02703,0.0,null],[105.60374,-2.0234,0.0,null],[105.59585,-2.02212,0.0,null],[105.58635,-2.023,0.0,null],[105.57718,-2.01775,0.0,null],[105.57238,-2.01928,0.0,null],[105.57598,-2.02103,0.0,null],[105.5762,-2.02507,0.0,null],[105.5738,-2.02529,0.0,null],[105.57358,-2.023,0.0,null],[105.57227,-2.023,0.0,null],[105.57117,-2.02387,0.0,null],[105.56593,-2.02234,0.0,null],[105.56954,-2.01765,0.0,null],[105.57358,-2.0171,0.0,null],[105.57532,-2.01623,0.0,null],[105.57565,-2.0147,0.0,null],[105.57936,-2.01459,0.0,null],[105.58057,-2.01317,0.0,null],[105.58144,-2.01361,0.0,null],[105.58067,-2.01699,0.0,null],[105.58788,-2.02081,0.0,null],[105.59542,-2.0183,0.0,null],[105.60164,-2.01961,0.0,null],[105.60431,-2.0209,0.0,null],[105.60554,-2.0146,0.0,null],[105.6069,-2.01251,0.0,null],[105.60945,-2.01252,0.0,null],[105.6111,-2.01409,0.0,null],[105.61637,-2.01652,0.0,null],[105.62015,-2.01431,0.0,null],[105.62075,-2.01022,0.0,null],[105.6181,-2.00671,0.0,null],[105.61731,-2.00469,0.0,null],[105.61777,-2.00419,0.0,null],[105.61784,-2.00177,0.0,null],[105.61496,-1.99918,0.0,null],[105.61466,-1.99756,0.0,null],[105.6161,-1.99699,0.0,null],[105.61894,-1.9974,0.0,null],[105.62123,-1.99491,0.0,null],[105.61396,-1.99223,0.0,null],[105.61153,-1.98898,0.0,null],[105.60666,-1.99002,0.0,null],[105.60513,-1.98958,0.0,null]]],[[[105.30792,-2.13402,0.0,null],[105.31564,-2.1313,0.0,null],[105.31488,-2.12941,0.0,null],[105.31366,-2.12018,0.0,null],[105.31485,-2.11539,0.0,null],[105.29925,-2.08779,0.0,null],[105.2989,-2.08523,0.0,null],[105.29567,-2.08404,0.0,null],[105.28206,-2.07315,0.0,null],[105.28189,-2.07128,0.0,null],[105.27406,-2.06804,0.0,null],[105.25295,-2.06311,0.0,null],[105.24376,-2.06464,0.0,null],[105.24261,-2.06548,0.0,null],[105.24661,-2.06744,0.0,null],[105.2508,-2.07039,0.0,null],[105.25948,-2.08118,0.0,null],[105.26321,-2.08674,0.0,null],[105.26946,-2.10066,0.0,null],[105.27889,-2.11729,0.0,null],[105.28988,-2.12931,0.0,null],[105.30642,-2.13444,0.0,null],[105.30792,-2.13402,0.0,null]]],[[[105.42166,-1.7838,0.0,null],[105.41554,-1.77908,0.0,null],[105.40809,-1.76721,0.0,null],[105.40627,-1.77034,0.0,null],[105.40411,-1.77737,0.0,null],[105.40263,-1.78553,0.0,null],[105.39923,-1.7949,0.0,null],[105.39275,-1.80743,0.0,null],[105.38447,-1.81433,0.0,null],[105.3832,-1.81311,0.0,null],[105.3821,-1.81409,0.0,null],[105.38008,-1.81246,0.0,null],[105.37352,-1.82169,0.0,null],[105.38452,-1.83281,0.0,null],[105.38583,-1.83356,0.0,null],[105.39115,-1.83432,0.0,null],[105.40031,-1.83949,0.0,null],[105.42394,-1.83528,0.0,null],[105.42412,-1.82203,0.0,null],[105.41711,-1.81759,0.0,null],[105.42254,-1.80744,0.0,null],[105.43077,-1.80184,0.0,null],[105.43182,-1.79133,0.0,null],[105.43322,-1.78853,0.0,null],[105.43602,-1.78696,0.0,null],[105.4362,-1.78415,0.0,null],[105.44022,-1.78345,0.0,null],[105.44057,-1.77873,0.0,null],[105.43917,-1.77628,0.0,null],[105.42954,-1.77663,0.0,null],[105.42709,-1.78398,0.0,null],[105.42166,-1.7838,0.0,null]]],[[[105.61996,-1.81298,0.0,null],[105.61861,-1.81268,0.0,null],[105.61094,-1.80004,0.0,null],[105.61304,-1.79989,0.0,null],[105.61304,-1.79809,0.0,null],[105.60642,-1.79553,0.0,null],[105.60109,-1.77018,0.0,null],[105.59927,-1.77019,0.0,null],[105.59433,-1.77165,0.0,null],[105.59258,-1.77302,0.0,null],[105.58691,-1.77903,0.0,null],[105.57701,-1.78793,0.0,null],[105.57148,-1.79406,0.0,null],[105.57082,-1.79652,0.0,null],[105.57059,-1.80163,0.0,null],[105.57242,-1.80666,0.0,null],[105.57829,-1.81283,0.0,null],[105.58401,-1.81554,0.0,null],[105.59544,-1.81765,0.0,null],[105.61109,-1.81704,0.0,null],[105.61334,-1.81768,0.0,null],[105.61479,-1.81947,0.0,null],[105.61537,-1.8217,0.0,null],[105.61467,-1.82407,0.0,null],[105.61495,-1.83055,0.0,null],[105.61605,-1.83239,0.0,null],[105.61951,-1.83465,0.0,null],[105.61966,-1.83239,0.0,null],[105.61846,-1.82562,0.0,null],[105.61981,-1.82487,0.0,null],[105.62012,-1.82366,0.0,null],[105.61921,-1.82261,0.0,null],[105.61996,-1.81298,0.0,null]]],[[[105.7129,-2.10083,0.0,null],[105.72004,-2.10041,0.0,null],[105.72126,-2.09914,0.0,null],[105.7227,-2.08939,0.0,null],[105.72556,-2.08445,0.0,null],[105.73149,-2.07913,0.0,null],[105.72827,-2.07312,0.0,null],[105.72805,-2.06942,0.0,null],[105.72334,-2.06897,0.0,null],[105.70797,-2.07032,0.0,null],[105.7047,-2.07325,0.0,null],[105.70372,-2.07484,0.0,null],[105.70071,-2.08361,0.0,null],[105.69986,-2.09066,0.0,null],[105.69993,-2.10168,0.0,null],[105.7129,-2.10083,0.0,null]]],[[[105.6188,-1.94401,0.0,null],[105.61757,-1.94246,0.0,null],[105.61563,-1.94142,0.0,null],[105.61352,-1.9414,0.0,null],[105.60841,-1.94428,0.0,null],[105.60219,-1.9447,0.0,null],[105.60153,-1.94776,0.0,null],[105.60328,-1.95169,0.0,null],[105.60328,-1.95322,0.0,null],[105.60262,-1.9542,0.0,null],[105.60184,-1.9542,0.0,null],[105.60169,-1.95518,0.0,null],[105.59797,-1.95552,0.0,null],[105.60301,-1.96118,0.0,null],[105.60434,-1.9611,0.0,null],[105.60591,-1.95992,0.0,null],[105.60638,-1.95763,0.0,null],[105.60466,-1.95424,0.0,null],[105.60481,-1.95274,0.0,null],[105.60732,-1.95124,0.0,null],[105.60834,-1.95187,0.0,null],[105.60865,-1.95313,0.0,null],[105.60732,-1.95416,0.0,null],[105.60701,-1.9551,0.0,null],[105.60811,-1.95834,0.0,null],[105.60732,-1.9611,0.0,null],[105.60536,-1.96244,0.0,null],[105.60372,-1.96291,0.0,null],[105.60144,-1.96236,0.0,null],[105.59823,-1.95858,0.0,null],[105.59619,-1.95716,0.0,null],[105.59525,-1.95771,0.0,null],[105.59854,-1.96647,0.0,null],[105.59925,-1.97175,0.0,null],[105.59911,-1.97642,0.0,null],[105.59902,-1.97451,0.0,null],[105.6,-1.97167,0.0,null],[105.61079,-1.96973,0.0,null],[105.6132,-1.96285,0.0,null],[105.62344,-1.9539,0.0,null],[105.62136,-1.94786,0.0,null],[105.6188,-1.94401,0.0,null]]],[[[105.44178,-1.70231,0.0,null],[105.42839,-1.69707,0.0,null],[105.41825,-1.69835,0.0,null],[105.40661,-1.69893,0.0,null],[105.40474,-1.70033,0.0,null],[105.40393,-1.71116,0.0,null],[105.41394,-1.71361,0.0,null],[105.42594,-1.70953,0.0,null],[105.43631,-1.70324,0.0,null],[105.44248,-1.70336,0.0,null],[105.44178,-1.70231,0.0,null]]],[[[105.55648,-1.76243,0.0,null],[105.54685,-1.76168,0.0,null],[105.54324,-1.77492,0.0,null],[105.55588,-1.77597,0.0,null],[105.55648,-1.76243,0.0,null]]],[[[105.46024,-1.8107,0.0,null],[105.46093,-1.80926,0.0,null],[105.46027,-1.80669,0.0,null],[105.46074,-1.80402,0.0,null],[105.46016,-1.80292,0.0,null],[105.45125,-1.79917,0.0,null],[105.44888,-1.79899,0.0,null],[105.4482,-1.80204,0.0,null],[105.44887,-1.80647,0.0,null],[105.44984,-1.80769,0.0,null],[105.45531,-1.81009,0.0,null],[105.46024,-1.8107,0.0,null]]]]}},{"type":"Feature","properties":{"inventoryId":"big-forestry-hti:260","sector":"PBPH","subtype":"IUPHHK-HTI","quality":"OFFICIAL","sourceDataset":"big-forestry-hti","sourceRecordId":"260","source":"BIG Kebijakan Satu Peta","sourceUrl":"https://kspservices.big.go.id/satupeta/rest/services/PUBLIK/PERIZINAN_DAN_PERTANAHAN/MapServer/2","retrievedAt":"2026-08-24T04:22:31Z","geometryProcessing":"web display simplification tolerance 0.00035 degrees","name":"PT BINA DAYA BENTALA","permitNumber":"SK.555/Menhut-II/2006","permitDate":"2006-12-22","areaHa":19870.0,"provinceCode":"14","region":"sumatra"},"geometry":{"type":"Polygon","coordinates":[[[100.93089,1.3858,0.0,null],[100.92978,1.38645,0.0,null],[100.9298,1.38494,0.0,null],[100.93079,1.38503,0.0,null],[100.93138,1.38393,0.0,null],[100.92956,1.38164,0.0,null],[100.92959,1.38059,0.0,null],[100.93244,1.37498,0.0,null],[100.93168,1.37193,0.0,null],[100.92783,1.37007,0.0,null],[100.92513,1.37261,0.0,null],[100.92364,1.37305,0.0,null],[100.92312,1.37276,0.0,null],[100.92253,1.36914,0.0,null],[100.92074,1.36837,0.0,null],[100.91909,1.36966,0.0,null],[100.91919,1.37325,0.0,null],[100.91746,1.37275,0.0,null],[100.91746,1.37007,0.0,null],[100.91886,1.36796,0.0,null],[100.91844,1.36552,0.0,null],[100.91653,1.36256,0.0,null],[100.91531,1.36243,0.0,null],[100.91281,1.36329,0.0,null],[100.91081,1.36068,0.0,null],[100.91068,1.35917,0.0,null],[100.91173,1.35793,0.0,null],[100.91334,1.35784,0.0,null],[100.91498,1.35881,0.0,null],[100.9166,1.35819,0.0,null],[100.91715,1.35636,0.0,null],[100.91644,1.3544,0.0,null],[100.91485,1.35408,0.0,null],[100.91251,1.35547,0.0,null],[100.91037,1.35598,0.0,null],[100.90698,1.3545,0.0,null],[100.90443,1.35662,0.0,null],[100.90323,1.35658,0.0,null],[100.90205,1.35454,0.0,null],[100.9038,1.35294,0.0,null],[100.90472,1.35116,0.0,null],[100.90781,1.35017,0.0,null],[100.90806,1.3486,0.0,null],[100.9072,1.34772,0.0,null],[100.90566,1.34813,0.0,null],[100.90178,1.35163,0.0,null],[100.90024,1.35411,0.0,null],[100.89954,1.35019,0.0,null],[100.90011,1.34677,0.0,null],[100.89942,1.34572,0.0,null],[100.8986,1.3456,0.0,null],[100.89747,1.34596,0.0,null],[100.89664,1.34707,0.0,null],[100.89675,1.34996,0.0,null],[100.8956,1.3522,0.0,null],[100.89696,1.35453,0.0,null],[100.89685,1.35556,0.0,null],[100.89612,1.35606,0.0,null],[100.89133,1.35589,0.0,null],[100.88878,1.35371,0.0,null],[100.8892,1.35306,0.0,null],[100.8914,1.35277,0.0,null],[100.89229,1.352,0.0,null],[100.89262,1.35067,0.0,null],[100.89197,1.34952,0.0,null],[100.8894,1.34715,0.0,null],[100.88851,1.34714,0.0,null],[100.88795,1.348,0.0,null],[100.88816,1.35038,0.0,null],[100.88728,1.35071,0.0,null],[100.88416,1.34704,0.0,null],[100.88384,1.34538,0.0,null],[100.88466,1.34423,0.0,null],[100.88551,1.34442,0.0,null],[100.88707,1.34614,0.0,null],[100.88819,1.34608,0.0,null],[100.89114,1.34096,0.0,null],[100.88984,1.34006,0.0,null],[100.8878,1.34107,0.0,null],[100.88728,1.34081,0.0,null],[100.88719,1.33993,0.0,null],[100.88891,1.33656,0.0,null],[100.8885,1.33576,0.0,null],[100.8852,1.33773,0.0,null],[100.88343,1.33775,0.0,null],[100.88323,1.33684,0.0,null],[100.88495,1.3354,0.0,null],[100.89083,1.33282,0.0,null],[100.89137,1.33119,0.0,null],[100.89001,1.33069,0.0,null],[100.88633,1.33248,0.0,null],[100.88446,1.33279,0.0,null],[100.88375,1.33185,0.0,null],[100.88454,1.32805,0.0,null],[100.88293,1.32696,0.0,null],[100.88172,1.32796,0.0,null],[100.88004,1.33155,0.0,null],[100.87979,1.33337,0.0,null],[100.8785,1.33358,0.0,null],[100.87766,1.33267,0.0,null],[100.87734,1.33116,0.0,null],[100.87882,1.3287,0.0,null],[100.8791,1.32716,0.0,null],[100.87747,1.32236,0.0,null],[100.8786,1.3223,0.0,null],[100.88175,1.32465,0.0,null],[100.88439,1.32533,0.0,null],[100.88573,1.32512,0.0,null],[100.88662,1.32389,0.0,null],[100.88615,1.32202,0.0,null],[100.88473,1.31966,0.0,null],[100.88309,1.31853,0.0,null],[100.87903,1.31996,0.0,null],[100.87608,1.31954,0.0,null],[100.87267,1.32056,0.0,null],[100.87411,1.31926,0.0,null],[100.87507,1.31599,0.0,null],[100.87581,1.31583,0.0,null],[100.87654,1.31667,0.0,null],[100.87783,1.31698,0.0,null],[100.87823,1.31604,0.0,null],[100.8818,1.31636,0.0,null],[100.88238,1.316,0.0,null],[100.88213,1.3142,0.0,null],[100.88002,1.31328,0.0,null],[100.87801,1.31449,0.0,null],[100.87745,1.31366,0.0,null],[100.87736,1.31158,0.0,null],[100.87637,1.31071,0.0,null],[100.8736,1.3118,0.0,null],[100.87155,1.31103,0.0,null],[100.86927,1.30732,0.0,null],[100.86979,1.30445,0.0,null],[100.86882,1.30345,0.0,null],[100.86774,1.30347,0.0,null],[100.86662,1.30431,0.0,null],[100.86689,1.30723,0.0,null],[100.86639,1.30788,0.0,null],[100.86617,1.30125,0.0,null],[100.86506,1.30054,0.0,null],[100.86328,1.30136,0.0,null],[100.86328,1.29804,0.0,null],[100.86186,1.29664,0.0,null],[100.85981,1.29693,0.0,null],[100.85976,1.29785,0.0,null],[100.86088,1.29915,0.0,null],[100.86064,1.29993,0.0,null],[100.85525,1.29801,0.0,null],[100.85594,1.30212,0.0,null],[100.85413,1.30488,0.0,null],[100.85436,1.30265,0.0,null],[100.85158,1.30108,0.0,null],[100.8511,1.2996,0.0,null],[100.85207,1.29497,0.0,null],[100.85135,1.29315,0.0,null],[100.85158,1.29226,0.0,null],[100.8525,1.29173,0.0,null],[100.85385,1.29192,0.0,null],[100.85583,1.29517,0.0,null],[100.85758,1.29586,0.0,null],[100.85992,1.29374,0.0,null],[100.85992,1.29211,0.0,null],[100.86132,1.2911,0.0,null],[100.86184,1.28983,0.0,null],[100.86067,1.28881,0.0,null],[100.85574,1.28989,0.0,null],[100.85452,1.28894,0.0,null],[100.85511,1.2881,0.0,null],[100.85759,1.28741,0.0,null],[100.85854,1.28583,0.0,null],[100.85796,1.28481,0.0,null],[100.85639,1.28608,0.0,null],[100.85546,1.28588,0.0,null],[100.85682,1.28373,0.0,null],[100.85693,1.28202,0.0,null],[100.85934,1.28368,0.0,null],[100.86103,1.28301,0.0,null],[100.86055,1.28189,0.0,null],[100.85801,1.28073,0.0,null],[100.85806,1.2791,0.0,null],[100.8587,1.27847,0.0,null],[100.86191,1.27773,0.0,null],[100.86305,1.27577,0.0,null],[100.86231,1.27489,0.0,null],[100.8614,1.27479,0.0,null],[100.85917,1.27617,0.0,null],[100.85769,1.27562,0.0,null],[100.85476,1.27763,0.0,null],[100.85336,1.2726,0.0,null],[100.85644,1.27212,0.0,null],[100.85904,1.26997,0.0,null],[100.85993,1.27002,0.0,null],[100.86172,1.27134,0.0,null],[100.8628,1.26834,0.0,null],[100.86197,1.26676,0.0,null],[100.85967,1.26687,0.0,null],[100.86162,1.26517,0.0,null],[100.8616,1.26338,0.0,null],[100.86026,1.25868,0.0,null],[100.85826,1.25749,0.0,null],[100.85723,1.25504,0.0,null],[100.85762,1.25464,0.0,null],[100.85882,1.25527,0.0,null],[100.85959,1.25499,0.0,null],[100.86007,1.25172,0.0,null],[100.86367,1.24661,0.0,null],[100.8631,1.24588,0.0,null],[100.86079,1.24503,0.0,null],[100.86095,1.24427,0.0,null],[100.86225,1.24364,0.0,null],[100.86188,1.24184,0.0,null],[100.8608,1.24121,0.0,null],[100.85837,1.24149,0.0,null],[100.85829,1.24089,0.0,null],[100.86018,1.23863,0.0,null],[100.86374,1.23833,0.0,null],[100.8645,1.23721,0.0,null],[100.86426,1.23577,0.0,null],[100.87372,1.22967,0.0,null],[100.85234,1.18997,0.0,null],[100.86291,1.18392,0.0,null],[100.87763,1.1769,0.0,null],[100.89368,1.16755,0.0,null],[100.89855,1.16402,0.0,null],[100.9077,1.15537,0.0,null],[100.91372,1.14858,0.0,null],[100.92206,1.13403,0.0,null],[100.92672,1.11947,0.0,null],[100.94818,1.25414,0.0,null],[100.95585,1.32546,0.0,null],[100.95711,1.33306,0.0,null],[100.95806,1.34496,0.0,null],[100.95846,1.36185,0.0,null],[100.95852,1.36858,0.0,null],[100.93757,1.36288,0.0,null],[100.93699,1.38187,0.0,null],[100.93576,1.38302,0.0,null],[100.93294,1.38284,0.0,null],[100.93256,1.38423,0.0,null],[100.93089,1.3858,0.0,null]]]}},{"type":"Feature","properties":{"inventoryId":"big-forestry-hti:245","sector":"PBPH","subtype":"IUPHHK-HTI","quality":"OFFICIAL","sourceDataset":"big-forestry-hti","sourceRecordId":"245","source":"BIG Kebijakan Satu Peta","sourceUrl":"https://kspservices.big.go.id/satupeta/rest/services/PUBLIK/PERIZINAN_DAN_PERTANAHAN/MapServer/2","retrievedAt":"2026-08-24T04:22:31Z","geometryProcessing":"web display simplification tolerance 0.00035 degrees","name":"PT BINA DAYA BINTARA","permitNumber":"SK.64/Menhut-II/2007","permitDate":"2007-02-23","areaHa":7550.0,"provinceCode":"14","region":"sumatra"},"geometry":{"type":"MultiPolygon","coordinates":[[[[100.98753,1.14823,0.0,null],[100.98738,1.15142,0.0,null],[100.98819,1.1539,0.0,null],[100.98784,1.15851,0.0,null],[100.98991,1.16244,0.0,null],[100.98893,1.16443,0.0,null],[100.98848,1.1673,0.0,null],[100.98853,1.17429,0.0,null],[100.98785,1.17883,0.0,null],[100.98882,1.18026,0.0,null],[100.9894,1.18449,0.0,null],[100.99141,1.18828,0.0,null],[100.99215,1.19318,0.0,null],[100.97346,1.20379,0.0,null],[100.94239,1.21896,0.0,null],[100.94087,1.20972,0.0,null],[100.93967,1.2018,0.0,null],[100.94256,1.19328,0.0,null],[100.94798,1.17172,0.0,null],[100.94985,1.15782,0.0,null],[100.95103,1.14377,0.0,null],[100.95313,1.13633,0.0,null],[100.95506,1.12337,0.0,null],[100.95462,1.11611,0.0,null],[100.95545,1.10635,0.0,null],[100.95708,1.09613,0.0,null],[100.96174,1.0796,0.0,null],[100.96634,1.06716,0.0,null],[100.97265,1.0546,0.0,null],[100.97693,1.06046,0.0,null],[100.97999,1.06998,0.0,null],[100.98004,1.07166,0.0,null],[100.98217,1.07609,0.0,null],[100.98258,1.08113,0.0,null],[100.98401,1.08408,0.0,null],[100.98538,1.09361,0.0,null],[100.98452,1.09768,0.0,null],[100.98431,1.10725,0.0,null],[100.9861,1.10929,0.0,null],[100.98742,1.11189,0.0,null],[100.99017,1.11454,0.0,null],[100.99129,1.11734,0.0,null],[100.99149,1.12065,0.0,null],[100.9892,1.12523,0.0,null],[100.9889,1.13643,0.0,null],[100.98747,1.14086,0.0,null],[100.98793,1.14708,0.0,null],[100.98753,1.14823,0.0,null]]],[[[100.96396,1.05273,0.0,null],[100.96571,1.05601,0.0,null],[100.91795,1.06339,0.0,null],[100.91289,1.03334,0.0,null],[100.95359,1.03324,0.0,null],[100.96396,1.05273,0.0,null]]]]}},{"type":"Feature","properties":{"inventoryId":"big-forestry-hti:212","sector":"PBPH","subtype":"IUPHHK-HTI","quality":"OFFICIAL","sourceDataset":"big-forestry-hti","sourceRecordId":"212","source":"BIG Kebijakan Satu Peta","sourceUrl":"https://kspservices.big.go.id/satupeta/rest/services/PUBLIK/PERIZINAN_DAN_PERTANAHAN/MapServer/2","retrievedAt":"2026-08-24T04:22:31Z","geometryProcessing":"web display simplification tolerance 0.00035 degrees","name":"PT BINA DUTA LAKSANA","permitNumber":"SK.207/Menhut-II/2006","permitDate":"2006-06-08","areaHa":28890.0,"provinceCode":"14","region":"sumatra"},"geometry":{"type":"Polygon","coordinates":[[[103.08343,-0.11587,0.0,null],[103.08109,-0.1256,0.0,null],[103.07977,-0.12776,0.0,null],[103.07786,-0.12896,0.0,null],[103.07572,-0.12896,0.0,null],[103.07084,-0.12671,0.0,null],[103.05998,-0.12487,0.0,null],[103.0513,-0.1222,0.0,null],[103.04779,-0.1222,0.0,null],[103.04412,-0.1242,0.0,null],[103.04245,-0.13004,0.0,null],[103.03811,-0.13422,0.0,null],[103.0341,-0.13556,0.0,null],[103.02776,-0.13973,0.0,null],[103.02374,-0.1409,0.0,null],[103.02074,-0.1399,0.0,null],[103.0154,-0.13188,0.0,null],[103.01289,-0.13038,0.0,null],[103.01038,-0.13055,0.0,null],[103.00855,-0.13188,0.0,null],[103.00588,-0.14107,0.0,null],[103.00437,-0.1429,0.0,null],[103.0012,-0.14357,0.0,null],[102.99886,-0.14274,0.0,null],[102.99686,-0.14057,0.0,null],[102.99368,-0.13522,0.0,null],[102.99353,-0.13555,0.0,null],[102.99181,-0.13393,0.0,null],[102.98701,-0.13238,0.0,null],[102.98267,-0.13255,0.0,null],[102.97882,-0.13439,0.0,null],[102.97732,-0.13856,0.0,null],[102.97732,-0.1414,0.0,null],[102.97833,-0.14591,0.0,null],[102.97799,-0.14791,0.0,null],[102.97632,-0.15042,0.0,null],[102.97238,-0.15267,0.0,null],[102.97027,-0.15215,0.0,null],[102.96836,-0.15089,0.0,null],[102.96509,-0.14506,0.0,null],[102.96214,-0.14388,0.0,null],[102.95937,-0.14541,0.0,null],[102.95695,-0.15059,0.0,null],[102.95469,-0.15342,0.0,null],[102.94927,-0.15426,0.0,null],[102.94776,-0.15331,0.0,null],[102.94592,-0.15093,0.0,null],[102.94378,-0.14411,0.0,null],[102.94244,-0.14321,0.0,null],[102.93985,-0.14274,0.0,null],[102.9379,-0.1434,0.0,null],[102.93641,-0.14626,0.0,null],[102.93557,-0.15276,0.0,null],[102.93307,-0.15827,0.0,null],[102.92973,-0.16228,0.0,null],[102.9284,-0.16295,0.0,null],[102.92622,-0.16361,0.0,null],[102.92515,-0.16331,0.0,null],[102.92292,-0.16123,0.0,null],[102.91943,-0.15637,0.0,null],[102.9177,-0.15539,0.0,null],[102.91496,-0.15496,0.0,null],[102.90701,-0.15676,0.0,null],[102.90501,-0.1591,0.0,null],[102.90551,-0.16177,0.0,null],[102.91286,-0.16896,0.0,null],[102.91336,-0.17346,0.0,null],[102.91102,-0.17647,0.0,null],[102.90634,-0.17898,0.0,null],[102.901,-0.18081,0.0,null],[102.89802,-0.18028,0.0,null],[102.89623,-0.17897,0.0,null],[102.89285,-0.17127,0.0,null],[102.89066,-0.17005,0.0,null],[102.88957,-0.17012,0.0,null],[102.88713,-0.1724,0.0,null],[102.88538,-0.18165,0.0,null],[102.88144,-0.18254,0.0,null],[102.87439,-0.1799,0.0,null],[102.87223,-0.18031,0.0,null],[102.87052,-0.18248,0.0,null],[102.87353,-0.1895,0.0,null],[102.87437,-0.19334,0.0,null],[102.87203,-0.20135,0.0,null],[102.86935,-0.20286,0.0,null],[102.86052,-0.20094,0.0,null],[102.85466,-0.20069,0.0,null],[102.85249,-0.20119,0.0,null],[102.85043,-0.20277,0.0,null],[102.84848,-0.20987,0.0,null],[102.84715,-0.21187,0.0,null],[102.83787,-0.21305,0.0,null],[102.83799,-0.25056,0.0,null],[103.08368,-0.25163,0.0,null],[103.08343,-0.11587,0.0,null]]]}},{"type":"Feature","properties":{"inventoryId":"big-forestry-hti:171","sector":"PBPH","subtype":"IUPHHK-HTI","quality":"OFFICIAL","sourceDataset":"big-forestry-hti","sourceRecordId":"171","source":"BIG Kebijakan Satu Peta","sourceUrl":"https://kspservices.big.go.id/satupeta/rest/services/PUBLIK/PERIZINAN_DAN_PERTANAHAN/MapServer/2","retrievedAt":"2026-08-24T04:22:31Z","geometryProcessing":"web display simplification tolerance 0.00035 degrees","name":"PT BUANA SRIWIJAYA SEJAHTERA","permitNumber":"SK.686/Menhut-II/2009","permitDate":"2009-10-15","areaHa":29010.0,"provinceCode":"16","region":"sumatra"},"geometry":{"type":"MultiPolygon","coordinates":[[[[102.94513,-2.32583,0.0,null],[102.94025,-2.32491,0.0,null],[102.93631,-2.32293,0.0,null],[102.92644,-2.32254,0.0,null],[102.90448,-2.31297,0.0,null],[102.88962,-2.30901,0.0,null],[102.88254,-2.30751,0.0,null],[102.87409,-2.30751,0.0,null],[102.87095,-2.30874,0.0,null],[102.86809,-2.31119,0.0,null],[102.86509,-2.31487,0.0,null],[102.8625,-2.32005,0.0,null],[102.85691,-2.32632,0.0,null],[102.84846,-2.33041,0.0,null],[102.84646,-2.33306,0.0,null],[102.84541,-2.33556,0.0,null],[102.84628,-2.33873,0.0,null],[102.84805,-2.34172,0.0,null],[102.84792,-2.34636,0.0,null],[102.84301,-2.36258,0.0,null],[102.84251,-2.37029,0.0,null],[102.84357,-2.37503,0.0,null],[102.84541,-2.37818,0.0,null],[102.84791,-2.38068,0.0,null],[102.85146,-2.38174,0.0,null],[102.85488,-2.38187,0.0,null],[102.86067,-2.38068,0.0,null],[102.86369,-2.38108,0.0,null],[102.87053,-2.38647,0.0,null],[102.87527,-2.39621,0.0,null],[102.87545,-2.40252,0.0,null],[102.8749,-2.4066,0.0,null],[102.87081,-2.41356,0.0,null],[102.86553,-2.42054,0.0,null],[102.85937,-2.42432,0.0,null],[102.85409,-2.42909,0.0,null],[102.84988,-2.43133,0.0,null],[102.83865,-2.44518,0.0,null],[102.83401,-2.45417,0.0,null],[102.82338,-2.46562,0.0,null],[102.81725,-2.47012,0.0,null],[102.81289,-2.47625,0.0,null],[102.81111,-2.48007,0.0,null],[102.80768,-2.49739,0.0,null],[102.80478,-2.50096,0.0,null],[102.80356,-2.50464,0.0,null],[102.80503,-2.50808,0.0,null],[102.80822,-2.50808,0.0,null],[102.80944,-2.50709,0.0,null],[102.81092,-2.50685,0.0,null],[102.81214,-2.50587,0.0,null],[102.81214,-2.50391,0.0,null],[102.81435,-2.5044,0.0,null],[102.82024,-2.50759,0.0,null],[102.83079,-2.51028,0.0,null],[102.83496,-2.50906,0.0,null],[102.84158,-2.50636,0.0,null],[102.84501,-2.50292,0.0,null],[102.84796,-2.50219,0.0,null],[102.85507,-2.5017,0.0,null],[102.85752,-2.49974,0.0,null],[102.86071,-2.49458,0.0,null],[102.8693,-2.48723,0.0,null],[102.86856,-2.48355,0.0,null],[102.86856,-2.47741,0.0,null],[102.87077,-2.47177,0.0,null],[102.86733,-2.46294,0.0,null],[102.86832,-2.45902,0.0,null],[102.87224,-2.45411,0.0,null],[102.86733,-2.44847,0.0,null],[102.86733,-2.44552,0.0,null],[102.86905,-2.44332,0.0,null],[102.87396,-2.4416,0.0,null],[102.86856,-2.43743,0.0,null],[102.8666,-2.43522,0.0,null],[102.86733,-2.43277,0.0,null],[102.86954,-2.43032,0.0,null],[102.87764,-2.42664,0.0,null],[102.87984,-2.42345,0.0,null],[102.88451,-2.421,0.0,null],[102.88941,-2.4205,0.0,null],[102.89849,-2.42173,0.0,null],[102.90738,-2.42606,0.0,null],[102.91298,-2.43069,0.0,null],[102.91809,-2.42484,0.0,null],[102.9215,-2.42277,0.0,null],[102.92696,-2.4208,0.0,null],[102.93077,-2.42573,0.0,null],[102.93316,-2.42573,0.0,null],[102.93464,-2.42509,0.0,null],[102.93556,-2.42361,0.0,null],[102.94257,-2.41679,0.0,null],[102.94534,-2.4154,0.0,null],[102.95058,-2.41461,0.0,null],[102.95382,-2.41596,0.0,null],[102.95825,-2.41937,0.0,null],[102.96609,-2.42804,0.0,null],[102.97291,-2.4384,0.0,null],[102.99645,-2.44065,0.0,null],[102.99767,-2.45376,0.0,null],[103.00678,-2.45221,0.0,null],[103.02796,-2.44985,0.0,null],[103.03053,-2.4498,0.0,null],[103.03334,-2.4511,0.0,null],[103.03526,-2.45302,0.0,null],[103.03622,-2.45516,0.0,null],[103.03696,-2.4573,0.0,null],[103.03681,-2.45966,0.0,null],[103.03467,-2.46527,0.0,null],[103.0312,-2.47073,0.0,null],[103.02995,-2.47508,0.0,null],[103.03102,-2.47925,0.0,null],[103.0341,-2.48112,0.0,null],[103.04411,-2.48015,0.0,null],[103.04897,-2.48267,0.0,null],[103.06391,-2.48526,0.0,null],[103.07667,-2.48553,0.0,null],[103.09035,-2.48316,0.0,null],[103.09706,-2.48026,0.0,null],[103.10416,-2.47882,0.0,null],[103.10692,-2.47565,0.0,null],[103.10228,-2.47291,0.0,null],[103.07903,-2.47111,0.0,null],[103.07645,-2.46947,0.0,null],[103.07349,-2.46659,0.0,null],[103.07076,-2.46573,0.0,null],[103.066,-2.46526,0.0,null],[103.06225,-2.46799,0.0,null],[103.06046,-2.46784,0.0,null],[103.05882,-2.46729,0.0,null],[103.05796,-2.4655,0.0,null],[103.05484,-2.46347,0.0,null],[103.05172,-2.46159,0.0,null],[103.04993,-2.46113,0.0,null],[103.04884,-2.45972,0.0,null],[103.04806,-2.45863,0.0,null],[103.04852,-2.45645,0.0,null],[103.04954,-2.45559,0.0,null],[103.05118,-2.4552,0.0,null],[103.0575,-2.45574,0.0,null],[103.06296,-2.45348,0.0,null],[103.06943,-2.44841,0.0,null],[103.07059,-2.44581,0.0,null],[103.06405,-2.43682,0.0,null],[103.06239,-2.43102,0.0,null],[103.05949,-2.42895,0.0,null],[103.05741,-2.4248,0.0,null],[103.05699,-2.42273,0.0,null],[103.05367,-2.42066,0.0,null],[103.04995,-2.41983,0.0,null],[103.04994,-2.41651,0.0,null],[103.0516,-2.41361,0.0,null],[103.05449,-2.41236,0.0,null],[103.05449,-2.41028,0.0,null],[103.05283,-2.40738,0.0,null],[103.04951,-2.40656,0.0,null],[103.04579,-2.40781,0.0,null],[103.04206,-2.40491,0.0,null],[103.03626,-2.4016,0.0,null],[103.02303,-2.40826,0.0,null],[103.01847,-2.40702,0.0,null],[103.01515,-2.40122,0.0,null],[103.01307,-2.39458,0.0,null],[103.01344,-2.36554,0.0,null],[103.00845,-2.35393,0.0,null],[103.00471,-2.34854,0.0,null],[103.00615,-2.33583,0.0,null],[102.99287,-2.33622,0.0,null],[102.98998,-2.33583,0.0,null],[102.98695,-2.33464,0.0,null],[102.98472,-2.32912,0.0,null],[102.97432,-2.32385,0.0,null],[102.97064,-2.32307,0.0,null],[102.96643,-2.3228,0.0,null],[102.96117,-2.32399,0.0,null],[102.95564,-2.32609,0.0,null],[102.94894,-2.32635,0.0,null],[102.94513,-2.32583,0.0,null]]],[[[103.09577,-2.454,0.0,null],[103.09223,-2.45171,0.0,null],[103.08476,-2.44841,0.0,null],[103.07873,-2.44732,0.0,null],[103.08691,-2.46011,0.0,null],[103.09577,-2.454,0.0,null]]]]}},{"type":"Feature","properties":{"inventoryId":"big-forestry-hti:155","sector":"PBPH","subtype":"IUPHHK-HTI","quality":"OFFICIAL","sourceDataset":"big-forestry-hti","sourceRecordId":"155","source":"BIG Kebijakan Satu Peta","sourceUrl":"https://kspservices.big.go.id/satupeta/rest/services/PUBLIK/PERIZINAN_DAN_PERTANAHAN/MapServer/2","retrievedAt":"2026-08-24T04:22:31Z","geometryProcessing":"web display simplification tolerance 0.00035 degrees","name":"PT BUDI LAMPUNG SEJAHTERA","permitNumber":"SK. 53/Kpts-II/1997","permitDate":"1997-02-17","areaHa":9600.0,"provinceCode":"18","region":"sumatra"},"geometry":{"type":"Polygon","coordinates":[[[104.74053,-4.50795,0.0,null],[104.74056,-4.51026,0.0,null],[104.74356,-4.5111,0.0,null],[104.74669,-4.51083,0.0,null],[104.75203,-4.51179,0.0,null],[104.75169,-4.50333,0.0,null],[104.75222,-4.50285,0.0,null],[104.76083,-4.50123,0.0,null],[104.76561,-4.49692,0.0,null],[104.76736,-4.49699,0.0,null],[104.77,-4.49864,0.0,null],[104.77183,-4.49824,0.0,null],[104.7738,-4.49683,0.0,null],[104.77616,-4.49744,0.0,null],[104.78498,-4.49491,0.0,null],[104.78803,-4.49621,0.0,null],[104.79131,-4.50201,0.0,null],[104.79314,-4.50347,0.0,null],[104.79549,-4.50222,0.0,null],[104.79868,-4.50243,0.0,null],[104.80195,-4.50086,0.0,null],[104.80369,-4.49931,0.0,null],[104.80498,-4.49698,0.0,null],[104.8093,-4.49657,0.0,null],[104.81411,-4.49225,0.0,null],[104.81623,-4.49178,0.0,null],[104.81882,-4.49239,0.0,null],[104.82178,-4.49423,0.0,null],[104.82345,-4.49693,0.0,null],[104.82557,-4.49847,0.0,null],[104.82762,-4.49892,0.0,null],[104.83042,-4.49822,0.0,null],[104.83444,-4.50292,0.0,null],[104.83746,-4.5043,0.0,null],[104.84465,-4.5062,0.0,null],[104.85016,-4.50625,0.0,null],[104.85691,-4.50526,0.0,null],[104.86613,-4.50804,0.0,null],[104.87316,-4.49224,0.0,null],[104.88346,-4.45814,0.0,null],[104.88304,-4.45211,0.0,null],[104.88334,-4.4393,0.0,null],[104.87903,-4.44072,0.0,null],[104.87181,-4.4386,0.0,null],[104.854,-4.4375,0.0,null],[104.84035,-4.43819,0.0,null],[104.83099,-4.4397,0.0,null],[104.82943,-4.44122,0.0,null],[104.82676,-4.44566,0.0,null],[104.82568,-4.44635,0.0,null],[104.81787,-4.44341,0.0,null],[104.81735,-4.44341,0.0,null],[104.81691,-4.44473,0.0,null],[104.80863,-4.44434,0.0,null],[104.79752,-4.44984,0.0,null],[104.78965,-4.45103,0.0,null],[104.78804,-4.45225,0.0,null],[104.77752,-4.45368,0.0,null],[104.75467,-4.44873,0.0,null],[104.74758,-4.44947,0.0,null],[104.74292,-4.44863,0.0,null],[104.74148,-4.45244,0.0,null],[104.73776,-4.45685,0.0,null],[104.73802,-4.46066,0.0,null],[104.73993,-4.46966,0.0,null],[104.73989,-4.4719,0.0,null],[104.73909,-4.47422,0.0,null],[104.74053,-4.50795,0.0,null]]]}},{"type":"Feature","properties":{"inventoryId":"big-forestry-hti:265","sector":"PBPH","subtype":"IUPHHK-HTI","quality":"OFFICIAL","sourceDataset":"big-forestry-hti","sourceRecordId":"265","source":"BIG Kebijakan Satu Peta","sourceUrl":"https://kspservices.big.go.id/satupeta/rest/services/PUBLIK/PERIZINAN_DAN_PERTANAHAN/MapServer/2","retrievedAt":"2026-08-24T04:22:31Z","geometryProcessing":"web display simplification tolerance 0.00035 degrees","name":"PT BUKIT BATU HUTANI ALAM","permitNumber":"SK.365/Kpts-II/2003","permitDate":"2003-10-30","areaHa":33605.0,"provinceCode":"14","region":"sumatra"},"geometry":{"type":"Polygon","coordinates":[[[101.72066,1.31784,0.0,null],[101.77651,1.30984,0.0,null],[101.73416,1.36051,0.0,null],[101.76449,1.38142,0.0,null],[101.8967,1.4761,0.0,null],[101.73247,1.6218,0.0,null],[101.72652,1.6267,0.0,null],[101.7202,1.63065,0.0,null],[101.72066,1.31784,0.0,null]]]}},{"type":"Feature","properties":{"inventoryId":"big-forestry-hti:211","sector":"PBPH","subtype":"IUPHHK-HTI","quality":"OFFICIAL","sourceDataset":"big-forestry-hti","sourceRecordId":"211","source":"BIG Kebijakan Satu Peta","sourceUrl":"https://kspservices.big.go.id/satupeta/rest/services/PUBLIK/PERIZINAN_DAN_PERTANAHAN/MapServer/2","retrievedAt":"2026-08-24T04:22:31Z","geometryProcessing":"web display simplification tolerance 0.00035 degrees","name":"PT BUKIT BATUBUH SEI INDAH","permitNumber":"SK.67/Menhut-II/2007","permitDate":"2007-02-23","areaHa":13420.0,"provinceCode":"14","region":"sumatra"},"geometry":{"type":"Polygon","coordinates":[[[102.13666,-0.65366,0.0,null],[102.13386,-0.58843,0.0,null],[102.13251,-0.58661,0.0,null],[102.12355,-0.59471,0.0,null],[102.11215,-0.60681,0.0,null],[102.08765,-0.62647,0.0,null],[102.05805,-0.65703,0.0,null],[102.09078,-0.65701,0.0,null],[102.08971,-0.68775,0.0,null],[102.0668,-0.68775,0.0,null],[102.06734,-0.69764,0.0,null],[102.04389,-0.69709,0.0,null],[102.04391,-0.7399,0.0,null],[102.01228,-0.73992,0.0,null],[102.01284,-0.79699,0.0,null],[102.04228,-0.75582,0.0,null],[102.11813,-0.80409,0.0,null],[102.10502,-0.77171,0.0,null],[102.10175,-0.77006,0.0,null],[102.10174,-0.75524,0.0,null],[102.11919,-0.74536,0.0,null],[102.1208,-0.7053,0.0,null],[102.13675,-0.69243,0.0,null],[102.13835,-0.69052,0.0,null],[102.13666,-0.65366,0.0,null]]]}},{"type":"Feature","properties":{"inventoryId":"big-forestry-hti:163","sector":"PBPH","subtype":"IUPHHK-HTI","quality":"OFFICIAL","sourceDataset":"big-forestry-hti","sourceRecordId":"163","source":"BIG Kebijakan Satu Peta","sourceUrl":"https://kspservices.big.go.id/satupeta/rest/services/PUBLIK/PERIZINAN_DAN_PERTANAHAN/MapServer/2","retrievedAt":"2026-08-24T04:22:31Z","geometryProcessing":"web display simplification tolerance 0.00035 degrees","name":"PT BUKIT RAYA MUDISA","permitNumber":"257/Kpts-II/2000","permitDate":"2000-08-23","areaHa":28617.0,"provinceCode":"13","region":"sumatra"},"geometry":{"type":"Polygon","coordinates":[[[101.3385,-1.21712,0.0,null],[101.34686,-1.21263,0.0,null],[101.34689,-1.20939,0.0,null],[101.34805,-1.20678,0.0,null],[101.3504,-1.20428,0.0,null],[101.35058,-1.20302,0.0,null],[101.35572,-1.20326,0.0,null],[101.35592,-1.20398,0.0,null],[101.35456,-1.20774,0.0,null],[101.35601,-1.2088,0.0,null],[101.35876,-1.20574,0.0,null],[101.3607,-1.20669,0.0,null],[101.36301,-1.20482,0.0,null],[101.36503,-1.20468,0.0,null],[101.36613,-1.20536,0.0,null],[101.36674,-1.20721,0.0,null],[101.36604,-1.20972,0.0,null],[101.36639,-1.21088,0.0,null],[101.37026,-1.21097,0.0,null],[101.37146,-1.21215,0.0,null],[101.37405,-1.21293,0.0,null],[101.37532,-1.21768,0.0,null],[101.37518,-1.22,0.0,null],[101.37682,-1.22261,0.0,null],[101.38088,-1.22616,0.0,null],[101.38607,-1.22924,0.0,null],[101.38637,-1.23366,0.0,null],[101.38447,-1.2349,0.0,null],[101.38443,-1.23568,0.0,null],[101.38683,-1.23736,0.0,null],[101.38963,-1.24104,0.0,null],[101.39474,-1.24308,0.0,null],[101.39712,-1.24493,0.0,null],[101.39691,-1.24671,0.0,null],[101.4047,-1.24946,0.0,null],[101.41471,-1.24646,0.0,null],[101.41996,-1.24656,0.0,null],[101.42424,-1.25053,0.0,null],[101.42822,-1.25326,0.0,null],[101.44704,-1.24931,0.0,null],[101.45704,-1.25217,0.0,null],[101.45961,-1.25174,0.0,null],[101.46075,-1.24917,0.0,null],[101.45899,-1.2458,0.0,null],[101.45592,-1.23626,0.0,null],[101.45281,-1.21667,0.0,null],[101.44911,-1.21035,0.0,null],[101.43154,-1.1973,0.0,null],[101.41983,-1.18652,0.0,null],[101.40687,-1.16842,0.0,null],[101.40302,-1.16806,0.0,null],[101.38851,-1.16351,0.0,null],[101.38209,-1.15894,0.0,null],[101.37623,-1.15594,0.0,null],[101.37152,-1.15651,0.0,null],[101.36134,-1.15983,0.0,null],[101.35757,-1.1565,0.0,null],[101.35401,-1.14696,0.0,null],[101.34758,-1.1421,0.0,null],[101.34694,-1.13981,0.0,null],[101.34752,-1.13677,0.0,null],[101.35066,-1.13192,0.0,null],[101.36063,-1.1245,0.0,null],[101.36471,-1.11964,0.0,null],[101.37095,-1.10912,0.0,null],[101.37295,-1.10198,0.0,null],[101.3713,-1.08985,0.0,null],[101.37083,-1.07769,0.0,null],[101.37171,-1.06959,0.0,null],[101.37309,-1.06886,0.0,null],[101.38094,-1.07143,0.0,null],[101.38918,-1.07251,0.0,null],[101.39836,-1.06976,0.0,null],[101.40162,-1.06687,0.0,null],[101.40468,-1.06172,0.0,null],[101.40506,-1.05458,0.0,null],[101.41022,-1.04299,0.0,null],[101.41283,-1.03567,0.0,null],[101.41767,-1.03052,0.0,null],[101.42816,-1.02285,0.0,null],[101.43531,-1.0049,0.0,null],[101.4356,-0.99963,0.0,null],[101.44019,-0.99414,0.0,null],[101.44003,-0.99332,0.0,null],[101.43763,-0.99302,0.0,null],[101.4364,-0.99213,0.0,null],[101.43426,-0.98661,0.0,null],[101.4352,-0.97789,0.0,null],[101.43589,-0.9766,0.0,null],[101.43786,-0.97512,0.0,null],[101.43677,-0.96506,0.0,null],[101.43205,-0.95864,0.0,null],[101.42549,-0.95786,0.0,null],[101.41435,-0.95495,0.0,null],[101.40493,-0.95147,0.0,null],[101.40481,-0.94581,0.0,null],[101.40236,-0.9449,0.0,null],[101.39853,-0.94218,0.0,null],[101.39602,-0.93907,0.0,null],[101.39281,-0.93647,0.0,null],[101.38799,-0.93566,0.0,null],[101.37816,-0.93653,0.0,null],[101.36957,-0.94156,0.0,null],[101.36562,-0.94233,0.0,null],[101.36077,-0.94205,0.0,null],[101.35987,-0.94303,0.0,null],[101.36104,-0.94463,0.0,null],[101.35835,-0.94844,0.0,null],[101.35794,-0.94814,0.0,null],[101.35705,-0.9488,0.0,null],[101.35666,-0.94787,0.0,null],[101.35415,-0.94613,0.0,null],[101.35109,-0.94544,0.0,null],[101.34958,-0.94525,0.0,null],[101.34568,-0.94707,0.0,null],[101.33802,-0.94622,0.0,null],[101.33937,-0.94768,0.0,null],[101.33951,-0.94924,0.0,null],[101.34028,-0.94925,0.0,null],[101.34242,-0.95206,0.0,null],[101.34477,-0.95389,0.0,null],[101.34521,-0.95497,0.0,null],[101.34528,-0.95572,0.0,null],[101.34415,-0.95541,0.0,null],[101.34289,-0.95416,0.0,null],[101.34163,-0.9543,0.0,null],[101.34255,-0.95555,0.0,null],[101.34365,-0.95968,0.0,null],[101.34219,-0.9611,0.0,null],[101.34116,-0.96085,0.0,null],[101.34096,-0.95962,0.0,null],[101.33904,-0.9587,0.0,null],[101.33769,-0.9587,0.0,null],[101.33652,-0.95718,0.0,null],[101.33471,-0.95827,0.0,null],[101.33397,-0.95818,0.0,null],[101.33295,-0.95569,0.0,null],[101.33054,-0.95266,0.0,null],[101.33121,-0.94933,0.0,null],[101.33042,-0.94762,0.0,null],[101.32857,-0.94757,0.0,null],[101.32778,-0.94832,0.0,null],[101.32625,-0.94845,0.0,null],[101.32438,-0.94787,0.0,null],[101.31964,-0.95032,0.0,null],[101.31912,-0.9494,0.0,null],[101.31787,-0.94939,0.0,null],[101.31774,-0.94811,0.0,null],[101.31551,-0.94586,0.0,null],[101.30456,-0.94622,0.0,null],[101.29614,-0.94351,0.0,null],[101.29176,-0.94396,0.0,null],[101.28508,-0.94627,0.0,null],[101.28226,-0.94825,0.0,null],[101.27757,-0.94981,0.0,null],[101.27621,-0.95318,0.0,null],[101.2723,-0.95543,0.0,null],[101.27205,-0.95354,0.0,null],[101.27134,-0.95367,0.0,null],[101.26973,-0.95642,0.0,null],[101.26894,-0.95718,0.0,null],[101.26793,-0.95723,0.0,null],[101.26854,-0.95818,0.0,null],[101.27106,-0.95916,0.0,null],[101.2701,-0.96086,0.0,null],[101.26788,-0.96048,0.0,null],[101.26726,-0.9602,0.0,null],[101.26719,-0.95835,0.0,null],[101.26581,-0.95794,0.0,null],[101.26547,-0.95508,0.0,null],[101.26317,-0.95561,0.0,null],[101.26377,-0.95243,0.0,null],[101.26242,-0.95149,0.0,null],[101.26158,-0.95248,0.0,null],[101.26066,-0.95246,0.0,null],[101.26252,-0.94635,0.0,null],[101.26151,-0.94631,0.0,null],[101.2606,-0.9449,0.0,null],[101.26,-0.94499,0.0,null],[101.26018,-0.94674,0.0,null],[101.25933,-0.94669,0.0,null],[101.25923,-0.94735,0.0,null],[101.25875,-0.9473,0.0,null],[101.25904,-0.94582,0.0,null],[101.25864,-0.94549,0.0,null],[101.25807,-0.94677,0.0,null],[101.25724,-0.94652,0.0,null],[101.2565,-0.94598,0.0,null],[101.2565,-0.94478,0.0,null],[101.25515,-0.94429,0.0,null],[101.25521,-0.94556,0.0,null],[101.25458,-0.9459,0.0,null],[101.25414,-0.94424,0.0,null],[101.2557,-0.94109,0.0,null],[101.25466,-0.94127,0.0,null],[101.25401,-0.94046,0.0,null],[101.2533,-0.94242,0.0,null],[101.25145,-0.94262,0.0,null],[101.25076,-0.94104,0.0,null],[101.24876,-0.94098,0.0,null],[101.24814,-0.9396,0.0,null],[101.24583,-0.93929,0.0,null],[101.2452,-0.94023,0.0,null],[101.24627,-0.94407,0.0,null],[101.2445,-0.94751,0.0,null],[101.24358,-0.95458,0.0,null],[101.24174,-0.96016,0.0,null],[101.24073,-0.96728,0.0,null],[101.24175,-0.97346,0.0,null],[101.24829,-0.98509,0.0,null],[101.25145,-0.98305,0.0,null],[101.26373,-0.97791,0.0,null],[101.27415,-0.97763,0.0,null],[101.30105,-0.98666,0.0,null],[101.31258,-0.98732,0.0,null],[101.3171,-0.98959,0.0,null],[101.31872,-0.99321,0.0,null],[101.32384,-0.99456,0.0,null],[101.33288,-0.99448,0.0,null],[101.34125,-0.98892,0.0,null],[101.35038,-0.99236,0.0,null],[101.35556,-0.99332,0.0,null],[101.36083,-0.99296,0.0,null],[101.37095,-0.99432,0.0,null],[101.38067,-0.99419,0.0,null],[101.38705,-0.99277,0.0,null],[101.39541,-0.99004,0.0,null],[101.39788,-0.98687,0.0,null],[101.3993,-0.98588,0.0,null],[101.40549,-0.98396,0.0,null],[101.40939,-0.98483,0.0,null],[101.41331,-0.98923,0.0,null],[101.41778,-1.0049,0.0,null],[101.41535,-1.01732,0.0,null],[101.4065,-1.01937,0.0,null],[101.39703,-1.02247,0.0,null],[101.39551,-1.02574,0.0,null],[101.39665,-1.02959,0.0,null],[101.3965,-1.03502,0.0,null],[101.39393,-1.0383,0.0,null],[101.3888,-1.04073,0.0,null],[101.3858,-1.03859,0.0,null],[101.38308,-1.03859,0.0,null],[101.38009,-1.0443,0.0,null],[101.37366,-1.04673,0.0,null],[101.37181,-1.04517,0.0,null],[101.36942,-1.03185,0.0,null],[101.36849,-1.0306,0.0,null],[101.36587,-1.03153,0.0,null],[101.36265,-1.03825,0.0,null],[101.36117,-1.03882,0.0,null],[101.35964,-1.03844,0.0,null],[101.35728,-1.03645,0.0,null],[101.354,-1.03636,0.0,null],[101.35091,-1.04028,0.0,null],[101.34853,-1.04516,0.0,null],[101.34668,-1.0463,0.0,null],[101.33984,-1.04116,0.0,null],[101.33726,-1.04087,0.0,null],[101.33312,-1.04159,0.0,null],[101.33212,-1.04487,0.0,null],[101.33312,-1.04887,0.0,null],[101.33383,-1.059,0.0,null],[101.33716,-1.06311,0.0,null],[101.33768,-1.06529,0.0,null],[101.33683,-1.06886,0.0,null],[101.33279,-1.07227,0.0,null],[101.32698,-1.0827,0.0,null],[101.33007,-1.08875,0.0,null],[101.33497,-1.09127,0.0,null],[101.34052,-1.09764,0.0,null],[101.34127,-1.10496,0.0,null],[101.33782,-1.11129,0.0,null],[101.33376,-1.1165,0.0,null],[101.33339,-1.12158,0.0,null],[101.33216,-1.12345,0.0,null],[101.32539,-1.12767,0.0,null],[101.32478,-1.12965,0.0,null],[101.31825,-1.13226,0.0,null],[101.31702,-1.1335,0.0,null],[101.31628,-1.1397,0.0,null],[101.31333,-1.14578,0.0,null],[101.31,-1.14653,0.0,null],[101.30076,-1.14443,0.0,null],[101.29928,-1.1458,0.0,null],[101.30039,-1.14877,0.0,null],[101.29929,-1.15014,0.0,null],[101.30139,-1.16378,0.0,null],[101.30275,-1.16799,0.0,null],[101.30522,-1.17134,0.0,null],[101.30547,-1.17394,0.0,null],[101.30867,-1.17654,0.0,null],[101.31299,-1.18299,0.0,null],[101.313,-1.18662,0.0,null],[101.31473,-1.18843,0.0,null],[101.31543,-1.19206,0.0,null],[101.31501,-1.1945,0.0,null],[101.31328,-1.19799,0.0,null],[101.31412,-1.2028,0.0,null],[101.3153,-1.20497,0.0,null],[101.32029,-1.2065,0.0,null],[101.32133,-1.20747,0.0,null],[101.32447,-1.21489,0.0,null],[101.32771,-1.21751,0.0,null],[101.33192,-1.21775,0.0,null],[101.33355,-1.22013,0.0,null],[101.3385,-1.21712,0.0,null]]]}},{"type":"Feature","properties":{"inventoryId":"big-forestry-hti:209","sector":"PBPH","subtype":"IUPHHK-HTI","quality":"OFFICIAL","sourceDataset":"big-forestry-hti","sourceRecordId":"209","source":"BIG Kebijakan Satu Peta","sourceUrl":"https://kspservices.big.go.id/satupeta/rest/services/PUBLIK/PERIZINAN_DAN_PERTANAHAN/MapServer/2","retrievedAt":"2026-08-24T04:22:31Z","geometryProcessing":"web display simplification tolerance 0.00035 degrees","name":"PT BUKIT RAYA PELALAWAN","permitNumber":"SK.70/Menhut-II/2007","permitDate":"2007-02-23","areaHa":4010.0,"provinceCode":"14","region":"sumatra"},"geometry":{"type":"Polygon","coordinates":[[[102.41435,-0.04943,0.0,null],[102.41424,-0.04835,0.0,null],[102.41602,-0.04381,0.0,null],[102.41602,-0.04022,0.0,null],[102.41365,-0.03766,0.0,null],[102.39124,-0.05525,0.0,null],[102.38925,-0.05874,0.0,null],[102.39029,-0.08975,0.0,null],[102.39115,-0.09326,0.0,null],[102.39248,-0.09595,0.0,null],[102.39596,-0.09869,0.0,null],[102.39837,-0.11071,0.0,null],[102.40816,-0.11929,0.0,null],[102.41313,-0.12928,0.0,null],[102.435,-0.12937,0.0,null],[102.43884,-0.07253,0.0,null],[102.42534,-0.06156,0.0,null],[102.42048,-0.05319,0.0,null],[102.41768,-0.05253,0.0,null],[102.41554,-0.05062,0.0,null],[102.41554,-0.0499,0.0,null],[102.41435,-0.04943,0.0,null]]]}},{"type":"Feature","properties":{"inventoryId":"big-forestry-hti:200","sector":"PBPH","subtype":"IUPHHK-HTI","quality":"OFFICIAL","sourceDataset":"big-forestry-hti","sourceRecordId":"200","source":"BIG Kebijakan Satu Peta","sourceUrl":"https://kspservices.big.go.id/satupeta/rest/services/PUBLIK/PERIZINAN_DAN_PERTANAHAN/MapServer/2","retrievedAt":"2026-08-24T04:22:31Z","geometryProcessing":"web display simplification tolerance 0.00035 degrees","name":"PT BUMI ANDALAS PERMAI","permitNumber":"SK.339/Menhut-II/2004","permitDate":"2004-09-07","areaHa":192700.0,"provinceCode":"16","region":"sumatra"},"geometry":{"type":"MultiPolygon","coordinates":[[[[105.45316,-2.5456,0.0,null],[105.45102,-2.54077,0.0,null],[105.39345,-2.54084,0.0,null],[105.35179,-2.57116,0.0,null],[105.34752,-2.58313,0.0,null],[105.35518,-2.59422,0.0,null],[105.3265,-2.61456,0.0,null],[105.33266,-2.62329,0.0,null],[105.30289,-2.64456,0.0,null],[105.30864,-2.65261,0.0,null],[105.27918,-2.67363,0.0,null],[105.28426,-2.68091,0.0,null],[105.28356,-2.68151,0.0,null],[105.28409,-2.68239,0.0,null],[105.28879,-2.68901,0.0,null],[105.28972,-2.68917,0.0,null],[105.29075,-2.69065,0.0,null],[105.26074,-2.71192,0.0,null],[105.26742,-2.71431,0.0,null],[105.27771,-2.72026,0.0,null],[105.28407,-2.72664,0.0,null],[105.28605,-2.74144,0.0,null],[105.28513,-2.74163,0.0,null],[105.29075,-2.78214,0.0,null],[105.29154,-2.7827,0.0,null],[105.29534,-2.78977,0.0,null],[105.31452,-2.82748,0.0,null],[105.31941,-2.85005,0.0,null],[105.32104,-2.85007,0.0,null],[105.32147,-2.85441,0.0,null],[105.32485,-2.85708,0.0,null],[105.32734,-2.86015,0.0,null],[105.33305,-2.86437,0.0,null],[105.33609,-2.86471,0.0,null],[105.34107,-2.86241,0.0,null],[105.34596,-2.86216,0.0,null],[105.34691,-2.86278,0.0,null],[105.35008,-2.86742,0.0,null],[105.35268,-2.86947,0.0,null],[105.35795,-2.86971,0.0,null],[105.36609,-2.86369,0.0,null],[105.36705,-2.86325,0.0,null],[105.3688,-2.8635,0.0,null],[105.37582,-2.86745,0.0,null],[105.37998,-2.87283,0.0,null],[105.38059,-2.87505,0.0,null],[105.39575,-2.88328,0.0,null],[105.39867,-2.88602,0.0,null],[105.40195,-2.8909,0.0,null],[105.4051,-2.89444,0.0,null],[105.40725,-2.89521,0.0,null],[105.41271,-2.89482,0.0,null],[105.41771,-2.8932,0.0,null],[105.4209,-2.89326,0.0,null],[105.42389,-2.89466,0.0,null],[105.434,-2.90367,0.0,null],[105.43578,-2.90461,0.0,null],[105.44102,-2.90544,0.0,null],[105.44671,-2.90815,0.0,null],[105.44827,-2.90989,0.0,null],[105.45016,-2.91085,0.0,null],[105.51938,-2.91082,0.0,null],[105.52781,-2.90423,0.0,null],[105.56782,-2.90421,0.0,null],[105.58346,-2.91175,0.0,null],[105.5834,-2.79773,0.0,null],[105.75646,-2.89698,0.0,null],[105.75556,-2.89212,0.0,null],[105.75201,-2.88487,0.0,null],[105.74806,-2.86678,0.0,null],[105.74769,-2.84756,0.0,null],[105.74365,-2.81745,0.0,null],[105.73814,-2.79497,0.0,null],[105.73119,-2.77194,0.0,null],[105.71953,-2.75459,0.0,null],[105.71381,-2.74887,0.0,null],[105.70808,-2.7413,0.0,null],[105.69595,-2.72849,0.0,null],[105.69195,-2.72508,0.0,null],[105.66209,-2.70537,0.0,null],[105.65169,-2.69716,0.0,null],[105.61169,-2.67463,0.0,null],[105.60954,-2.67332,0.0,null],[105.60815,-2.67164,0.0,null],[105.59846,-2.65825,0.0,null],[105.59674,-2.65501,0.0,null],[105.58727,-2.6334,0.0,null],[105.57561,-2.60378,0.0,null],[105.57262,-2.59445,0.0,null],[105.57014,-2.56997,0.0,null],[105.56811,-2.55998,0.0,null],[105.46653,-2.55614,0.0,null],[105.46652,-2.54345,0.0,null],[105.45316,-2.5456,0.0,null]]],[[[105.96467,-3.00287,0.0,null],[105.95735,-3.0022,0.0,null],[105.95118,-3.00293,0.0,null],[105.94036,-3.00295,0.0,null],[105.83135,-3.24322,0.0,null],[105.83484,-3.2432,0.0,null],[105.83568,-3.24219,0.0,null],[105.8365,-3.24268,0.0,null],[105.83645,-3.23803,0.0,null],[105.83829,-3.23577,0.0,null],[105.84055,-3.23483,0.0,null],[105.84524,-3.2349,0.0,null],[105.84611,-3.23675,0.0,null],[105.84481,-3.23691,0.0,null],[105.84365,-3.24011,0.0,null],[105.84296,-3.23977,0.0,null],[105.84298,-3.24068,0.0,null],[105.84121,-3.24018,0.0,null],[105.84056,-3.2405,0.0,null],[105.84066,-3.24258,0.0,null],[105.83992,-3.24394,0.0,null],[105.84184,-3.24486,0.0,null],[105.84394,-3.24477,0.0,null],[105.84408,-3.2467,0.0,null],[105.8452,-3.24776,0.0,null],[105.84519,-3.24988,0.0,null],[105.84763,-3.25039,0.0,null],[105.84978,-3.25287,0.0,null],[105.84855,-3.25453,0.0,null],[105.84882,-3.25526,0.0,null],[105.8521,-3.25421,0.0,null],[105.8544,-3.25611,0.0,null],[105.85511,-3.25784,0.0,null],[105.85747,-3.25749,0.0,null],[105.85862,-3.25831,0.0,null],[105.85966,-3.26034,0.0,null],[105.86268,-3.26117,0.0,null],[105.86341,-3.26342,0.0,null],[105.86742,-3.26543,0.0,null],[105.86763,-3.267,0.0,null],[105.86614,-3.26886,0.0,null],[105.86662,-3.26958,0.0,null],[105.87006,-3.26937,0.0,null],[105.87231,-3.27207,0.0,null],[105.87358,-3.27279,0.0,null],[105.87534,-3.27234,0.0,null],[105.87624,-3.27435,0.0,null],[105.87841,-3.27579,0.0,null],[105.87891,-3.27758,0.0,null],[105.88433,-3.28227,0.0,null],[105.88562,-3.28499,0.0,null],[105.88797,-3.285,0.0,null],[105.88988,-3.28667,0.0,null],[105.89209,-3.2873,0.0,null],[105.89408,-3.2905,0.0,null],[105.89699,-3.29073,0.0,null],[105.89847,-3.2919,0.0,null],[105.89949,-3.29483,0.0,null],[105.903,-3.2962,0.0,null],[105.90461,-3.29825,0.0,null],[105.90953,-3.29892,0.0,null],[105.91396,-3.30379,0.0,null],[105.91614,-3.30502,0.0,null],[105.91852,-3.30855,0.0,null],[105.92928,-3.31438,0.0,null],[105.93338,-3.31884,0.0,null],[105.93578,-3.32061,0.0,null],[105.93721,-3.31818,0.0,null],[105.94408,-3.31095,0.0,null],[105.94571,-3.30732,0.0,null],[105.94836,-3.30442,0.0,null],[105.94951,-3.30353,0.0,null],[105.95366,-3.30212,0.0,null],[105.95505,-3.30054,0.0,null],[105.96107,-3.2893,0.0,null],[105.96199,-3.28842,0.0,null],[105.96659,-3.2856,0.0,null],[105.97316,-3.28255,0.0,null],[105.97778,-3.28101,0.0,null],[105.98691,-3.27628,0.0,null],[105.99627,-3.27274,0.0,null],[106.0148,-3.26212,0.0,null],[106.01766,-3.25957,0.0,null],[106.02377,-3.25685,0.0,null],[106.02682,-3.25443,0.0,null],[106.02964,-3.25367,0.0,null],[106.03002,-3.25044,0.0,null],[106.03282,-3.24992,0.0,null],[106.03318,-3.24661,0.0,null],[106.03512,-3.24186,0.0,null],[106.03551,-3.23282,0.0,null],[106.03746,-3.22752,0.0,null],[106.03843,-3.19856,0.0,null],[106.03287,-3.18462,0.0,null],[106.03143,-3.17799,0.0,null],[106.02653,-3.16776,0.0,null],[106.02503,-3.16095,0.0,null],[106.02591,-3.1559,0.0,null],[106.02739,-3.15325,0.0,null],[106.0277,-3.14574,0.0,null],[106.03036,-3.13031,0.0,null],[106.03106,-3.12324,0.0,null],[106.03064,-3.12005,0.0,null],[106.03363,-3.10404,0.0,null],[106.03324,-3.09488,0.0,null],[106.03359,-3.08854,0.0,null],[106.03318,-3.08778,0.0,null],[106.03231,-3.06024,0.0,null],[106.03235,-3.04196,0.0,null],[106.02973,-3.03739,0.0,null],[106.02772,-3.0352,0.0,null],[106.00727,-3.0208,0.0,null],[105.98355,-3.00775,0.0,null],[105.97929,-3.00641,0.0,null],[105.97362,-3.00364,0.0,null],[105.96467,-3.00287,0.0,null]]]]}},{"type":"Feature","properties":{"inventoryId":"big-forestry-hti:197","sector":"PBPH","subtype":"IUPHHK-HTI","quality":"OFFICIAL","sourceDataset":"big-forestry-hti","sourceRecordId":"197","source":"BIG Kebijakan Satu Peta","sourceUrl":"https://kspservices.big.go.id/satupeta/rest/services/PUBLIK/PERIZINAN_DAN_PERTANAHAN/MapServer/2","retrievedAt":"2026-08-24T04:22:31Z","geometryProcessing":"web display simplification tolerance 0.00035 degrees","name":"PT BUMI MEKAR HIJAU","permitNumber":"SK.417/Menhut-II/2004","permitDate":"2004-09-19","areaHa":250370.0,"provinceCode":"16","region":"sumatra"},"geometry":{"type":"MultiPolygon","coordinates":[[[[105.33399,-2.86459,0.0,null],[105.32932,-2.86181,0.0,null],[105.32403,-2.8563,0.0,null],[105.3202,-2.85317,0.0,null],[105.31126,-2.85138,0.0,null],[105.30715,-2.84962,0.0,null],[105.30549,-2.84983,0.0,null],[105.30316,-2.85251,0.0,null],[105.29953,-2.86267,0.0,null],[105.29661,-2.86538,0.0,null],[105.28535,-2.88258,0.0,null],[105.28742,-2.88373,0.0,null],[105.28882,-2.88623,0.0,null],[105.28933,-2.89429,0.0,null],[105.28997,-2.89678,0.0,null],[105.29145,-2.8985,0.0,null],[105.29634,-2.90116,0.0,null],[105.29893,-2.9033,0.0,null],[105.30136,-2.90873,0.0,null],[105.30277,-2.91464,0.0,null],[105.30264,-2.91559,0.0,null],[105.29796,-2.92211,0.0,null],[105.29717,-2.9251,0.0,null],[105.29818,-2.92863,0.0,null],[105.30104,-2.93267,0.0,null],[105.30126,-2.93461,0.0,null],[105.30006,-2.93661,0.0,null],[105.29846,-2.93775,0.0,null],[105.29092,-2.93832,0.0,null],[105.28968,-2.93974,0.0,null],[105.28989,-2.94655,0.0,null],[105.28876,-2.95786,0.0,null],[105.28997,-2.96196,0.0,null],[105.29125,-2.96359,0.0,null],[105.29949,-2.96584,0.0,null],[105.30047,-2.96714,0.0,null],[105.302,-2.9724,0.0,null],[105.30536,-2.97786,0.0,null],[105.30527,-2.97905,0.0,null],[105.30105,-2.98861,0.0,null],[105.29914,-2.99171,0.0,null],[105.29599,-2.99376,0.0,null],[105.29259,-2.99449,0.0,null],[105.28909,-2.99332,0.0,null],[105.28618,-2.99061,0.0,null],[105.28498,-2.98712,0.0,null],[105.28603,-2.9811,0.0,null],[105.28441,-2.97798,0.0,null],[105.28302,-2.97678,0.0,null],[105.27776,-2.97521,0.0,null],[105.27343,-2.97616,0.0,null],[105.26956,-2.97984,0.0,null],[105.26514,-2.9804,0.0,null],[105.26205,-2.98157,0.0,null],[105.25736,-2.98939,0.0,null],[105.25841,-2.99609,0.0,null],[105.25741,-3.0002,0.0,null],[105.25567,-3.0033,0.0,null],[105.25313,-3.00638,0.0,null],[105.24592,-3.0118,0.0,null],[105.24203,-3.0171,0.0,null],[105.2402,-3.01867,0.0,null],[105.23839,-3.0197,0.0,null],[105.23319,-3.02072,0.0,null],[105.23267,-3.02146,0.0,null],[105.23326,-3.02429,0.0,null],[105.23303,-3.03139,0.0,null],[105.23344,-3.03451,0.0,null],[105.2344,-3.03613,0.0,null],[105.22676,-3.04189,0.0,null],[105.22512,-3.04439,0.0,null],[105.22534,-3.04712,0.0,null],[105.22655,-3.04898,0.0,null],[105.22542,-3.05104,0.0,null],[105.22546,-3.05325,0.0,null],[105.22731,-3.0577,0.0,null],[105.22706,-3.0587,0.0,null],[105.22797,-3.06114,0.0,null],[105.22674,-3.06375,0.0,null],[105.22472,-3.06545,0.0,null],[105.22121,-3.07206,0.0,null],[105.21927,-3.08019,0.0,null],[105.21792,-3.09241,0.0,null],[105.28392,-3.09253,0.0,null],[105.28395,-3.08071,0.0,null],[105.33008,-3.08079,0.0,null],[105.32962,-3.10451,0.0,null],[105.35399,-3.10452,0.0,null],[105.40047,-3.16372,0.0,null],[105.40734,-3.1682,0.0,null],[105.40926,-3.17472,0.0,null],[105.41013,-3.17603,0.0,null],[105.41426,-3.17923,0.0,null],[105.41493,-3.1807,0.0,null],[105.41485,-3.18555,0.0,null],[105.41603,-3.1877,0.0,null],[105.41614,-3.19046,0.0,null],[105.41907,-3.19669,0.0,null],[105.411,-3.26645,0.0,null],[105.41017,-3.27743,0.0,null],[105.43131,-3.28775,0.0,null],[105.44298,-3.29428,0.0,null],[105.47024,-3.308,0.0,null],[105.47266,-3.3097,0.0,null],[105.51464,-3.33079,0.0,null],[105.51555,-3.33168,0.0,null],[105.51491,-3.33494,0.0,null],[105.51586,-3.33659,0.0,null],[105.51737,-3.33657,0.0,null],[105.52104,-3.33859,0.0,null],[105.52301,-3.34233,0.0,null],[105.52559,-3.34484,0.0,null],[105.52901,-3.34534,0.0,null],[105.5304,-3.34713,0.0,null],[105.53088,-3.34884,0.0,null],[105.53476,-3.35295,0.0,null],[105.53762,-3.35693,0.0,null],[105.53981,-3.36153,0.0,null],[105.54254,-3.3645,0.0,null],[105.54239,-3.36974,0.0,null],[105.54021,-3.37281,0.0,null],[105.53914,-3.37622,0.0,null],[105.53974,-3.38813,0.0,null],[105.53927,-3.39037,0.0,null],[105.54028,-3.39191,0.0,null],[105.54286,-3.39348,0.0,null],[105.54472,-3.39778,0.0,null],[105.54471,-3.39947,0.0,null],[105.54834,-3.40455,0.0,null],[105.54871,-3.40888,0.0,null],[105.55556,-3.41889,0.0,null],[105.55588,-3.41645,0.0,null],[105.55841,-3.41583,0.0,null],[105.55955,-3.41416,0.0,null],[105.5607,-3.41383,0.0,null],[105.56225,-3.41502,0.0,null],[105.56486,-3.41549,0.0,null],[105.56643,-3.41654,0.0,null],[105.56707,-3.41937,0.0,null],[105.57126,-3.41577,0.0,null],[105.57618,-3.41504,0.0,null],[105.57716,-3.41266,0.0,null],[105.57592,-3.41151,0.0,null],[105.57568,-3.40983,0.0,null],[105.57592,-3.40934,0.0,null],[105.5783,-3.41019,0.0,null],[105.57861,-3.41238,0.0,null],[105.57951,-3.41275,0.0,null],[105.58016,-3.41438,0.0,null],[105.58286,-3.41562,0.0,null],[105.58505,-3.41838,0.0,null],[105.58846,-3.4186,0.0,null],[105.59019,-3.4176,0.0,null],[105.59212,-3.41763,0.0,null],[105.5948,-3.42026,0.0,null],[105.59508,-3.42093,0.0,null],[105.59432,-3.42356,0.0,null],[105.5907,-3.4282,0.0,null],[105.59153,-3.4292,0.0,null],[105.59794,-3.42926,0.0,null],[105.5992,-3.4303,0.0,null],[105.60066,-3.42987,0.0,null],[105.60595,-3.43276,0.0,null],[105.60628,-3.43461,0.0,null],[105.60548,-3.4352,0.0,null],[105.60647,-3.43651,0.0,null],[105.60758,-3.43659,0.0,null],[105.60658,-3.43938,0.0,null],[105.60899,-3.43994,0.0,null],[105.60942,-3.43935,0.0,null],[105.61129,-3.43992,0.0,null],[105.61196,-3.4434,0.0,null],[105.61358,-3.44329,0.0,null],[105.61498,-3.44459,0.0,null],[105.61577,-3.44458,0.0,null],[105.62981,-3.45213,0.0,null],[105.63438,-3.45843,0.0,null],[105.63481,-3.46115,0.0,null],[105.63322,-3.46299,0.0,null],[105.63046,-3.46432,0.0,null],[105.62937,-3.4655,0.0,null],[105.628,-3.46517,0.0,null],[105.62542,-3.46327,0.0,null],[105.62348,-3.46332,0.0,null],[105.62277,-3.4643,0.0,null],[105.62112,-3.46427,0.0,null],[105.62401,-3.47063,0.0,null],[105.62308,-3.47327,0.0,null],[105.62475,-3.47394,0.0,null],[105.62458,-3.47516,0.0,null],[105.62759,-3.47267,0.0,null],[105.6289,-3.47283,0.0,null],[105.62929,-3.4749,0.0,null],[105.6286,-3.47602,0.0,null],[105.62527,-3.47812,0.0,null],[105.62569,-3.47891,0.0,null],[105.62707,-3.48003,0.0,null],[105.62701,-3.48097,0.0,null],[105.62884,-3.48424,0.0,null],[105.63059,-3.48551,0.0,null],[105.63222,-3.48783,0.0,null],[105.63433,-3.48921,0.0,null],[105.63464,-3.4902,0.0,null],[105.63652,-3.4906,0.0,null],[105.64318,-3.49471,0.0,null],[105.64484,-3.49397,0.0,null],[105.64612,-3.4943,0.0,null],[105.64679,-3.49552,0.0,null],[105.64945,-3.49768,0.0,null],[105.65015,-3.50253,0.0,null],[105.65102,-3.50396,0.0,null],[105.65237,-3.509,0.0,null],[105.65521,-3.5102,0.0,null],[105.65697,-3.51001,0.0,null],[105.65878,-3.51071,0.0,null],[105.65979,-3.51335,0.0,null],[105.66172,-3.51611,0.0,null],[105.66458,-3.51641,0.0,null],[105.66593,-3.51862,0.0,null],[105.66675,-3.51902,0.0,null],[105.66638,-3.52028,0.0,null],[105.66413,-3.52101,0.0,null],[105.6625,-3.52255,0.0,null],[105.66053,-3.52287,0.0,null],[105.65817,-3.52492,0.0,null],[105.65647,-3.52513,0.0,null],[105.65138,-3.53026,0.0,null],[105.6443,-3.53424,0.0,null],[105.64403,-3.53504,0.0,null],[105.64322,-3.53515,0.0,null],[105.64049,-3.53773,0.0,null],[105.63964,-3.53807,0.0,null],[105.63868,-3.5377,0.0,null],[105.63823,-3.53884,0.0,null],[105.63501,-3.54091,0.0,null],[105.63077,-3.54778,0.0,null],[105.62744,-3.55098,0.0,null],[105.62536,-3.55168,0.0,null],[105.62273,-3.55828,0.0,null],[105.62378,-3.56201,0.0,null],[105.62741,-3.568,0.0,null],[105.63068,-3.56988,0.0,null],[105.63475,-3.5701,0.0,null],[105.63842,-3.56761,0.0,null],[105.64453,-3.55881,0.0,null],[105.64715,-3.55615,0.0,null],[105.65311,-3.55264,0.0,null],[105.6577,-3.55229,0.0,null],[105.66005,-3.55331,0.0,null],[105.6645,-3.55728,0.0,null],[105.667,-3.56177,0.0,null],[105.66754,-3.56591,0.0,null],[105.67167,-3.57143,0.0,null],[105.67691,-3.57354,0.0,null],[105.68044,-3.5763,0.0,null],[105.68251,-3.57868,0.0,null],[105.68452,-3.5795,0.0,null],[105.68728,-3.57977,0.0,null],[105.69599,-3.65007,0.0,null],[105.69889,-3.65764,0.0,null],[105.70221,-3.66324,0.0,null],[105.70911,-3.66296,0.0,null],[105.70946,-3.66016,0.0,null],[105.70817,-3.65782,0.0,null],[105.70768,-3.65446,0.0,null],[105.71078,-3.64552,0.0,null],[105.71126,-3.64112,0.0,null],[105.71421,-3.63845,0.0,null],[105.71699,-3.63744,0.0,null],[105.72047,-3.63513,0.0,null],[105.73411,-3.63079,0.0,null],[105.736,-3.6288,0.0,null],[105.74076,-3.62002,0.0,null],[105.74416,-3.61884,0.0,null],[105.75285,-3.6174,0.0,null],[105.75926,-3.61378,0.0,null],[105.76582,-3.6128,0.0,null],[105.77175,-3.61513,0.0,null],[105.77897,-3.61553,0.0,null],[105.7873,-3.61729,0.0,null],[105.7937,-3.5911,0.0,null],[105.79222,-3.58664,0.0,null],[105.79236,-3.58401,0.0,null],[105.79462,-3.58138,0.0,null],[105.79637,-3.58022,0.0,null],[105.81082,-3.5288,0.0,null],[105.75883,-3.49734,0.0,null],[105.74127,-3.49386,0.0,null],[105.73001,-3.49387,0.0,null],[105.72771,-3.49268,0.0,null],[105.72242,-3.49185,0.0,null],[105.73659,-3.43982,0.0,null],[105.75042,-3.4143,0.0,null],[105.7585,-3.3938,0.0,null],[105.75859,-3.39222,0.0,null],[105.75942,-3.39107,0.0,null],[105.75865,-3.38972,0.0,null],[105.75952,-3.38825,0.0,null],[105.7591,-3.38682,0.0,null],[105.76094,-3.38534,0.0,null],[105.76107,-3.38316,0.0,null],[105.76337,-3.38375,0.0,null],[105.76404,-3.3824,0.0,null],[105.76593,-3.38083,0.0,null],[105.76574,-3.37687,0.0,null],[105.76744,-3.37439,0.0,null],[105.76764,-3.37209,0.0,null],[105.76863,-3.37194,0.0,null],[105.76893,-3.37104,0.0,null],[105.77027,-3.37016,0.0,null],[105.77061,-3.36815,0.0,null],[105.77221,-3.3661,0.0,null],[105.77215,-3.36322,0.0,null],[105.77422,-3.36237,0.0,null],[105.77479,-3.36009,0.0,null],[105.77557,-3.35955,0.0,null],[105.7768,-3.36003,0.0,null],[105.7782,-3.35959,0.0,null],[105.77913,-3.35743,0.0,null],[105.78031,-3.35634,0.0,null],[105.77818,-3.35438,0.0,null],[105.77785,-3.35296,0.0,null],[105.77982,-3.35036,0.0,null],[105.77959,-3.34808,0.0,null],[105.77671,-3.34701,0.0,null],[105.77243,-3.3474,0.0,null],[105.76842,-3.3454,0.0,null],[105.7632,-3.34082,0.0,null],[105.75727,-3.33434,0.0,null],[105.75521,-3.33409,0.0,null],[105.75346,-3.33499,0.0,null],[105.7524,-3.33593,0.0,null],[105.75095,-3.3389,0.0,null],[105.74931,-3.33901,0.0,null],[105.74773,-3.3371,0.0,null],[105.74683,-3.33215,0.0,null],[105.74589,-3.33007,0.0,null],[105.74062,-3.32599,0.0,null],[105.74007,-3.32448,0.0,null],[105.74077,-3.32053,0.0,null],[105.74035,-3.31932,0.0,null],[105.73903,-3.31852,0.0,null],[105.73794,-3.3185,0.0,null],[105.7361,-3.3199,0.0,null],[105.73417,-3.32362,0.0,null],[105.73313,-3.32445,0.0,null],[105.73093,-3.32471,0.0,null],[105.72638,-3.32401,0.0,null],[105.7218,-3.32756,0.0,null],[105.71938,-3.32744,0.0,null],[105.71876,-3.32623,0.0,null],[105.71877,-3.32462,0.0,null],[105.72002,-3.32101,0.0,null],[105.72094,-3.32013,0.0,null],[105.72383,-3.31902,0.0,null],[105.72495,-3.31738,0.0,null],[105.72358,-3.31492,0.0,null],[105.71656,-3.3094,0.0,null],[105.71476,-3.30597,0.0,null],[105.71443,-3.30333,0.0,null],[105.71709,-3.30068,0.0,null],[105.71765,-3.29719,0.0,null],[105.71577,-3.2937,0.0,null],[105.71361,-3.29115,0.0,null],[105.71001,-3.28989,0.0,null],[105.70896,-3.28895,0.0,null],[105.70965,-3.28327,0.0,null],[105.70576,-3.27894,0.0,null],[105.7046,-3.27831,0.0,null],[105.70258,-3.27835,0.0,null],[105.69984,-3.28056,0.0,null],[105.69755,-3.28128,0.0,null],[105.69423,-3.2813,0.0,null],[105.69286,-3.27979,0.0,null],[105.69281,-3.27465,0.0,null],[105.69562,-3.26893,0.0,null],[105.69565,-3.26555,0.0,null],[105.69455,-3.26441,0.0,null],[105.68948,-3.26316,0.0,null],[105.68621,-3.26095,0.0,null],[105.6842,-3.25666,0.0,null],[105.68223,-3.25489,0.0,null],[105.67917,-3.25474,0.0,null],[105.67806,-3.25565,0.0,null],[105.67757,-3.25705,0.0,null],[105.67776,-3.26233,0.0,null],[105.6769,-3.26478,0.0,null],[105.67528,-3.26657,0.0,null],[105.67266,-3.26693,0.0,null],[105.6706,-3.26545,0.0,null],[105.66742,-3.26434,0.0,null],[105.66235,-3.26565,0.0,null],[105.65873,-3.26568,0.0,null],[105.65598,-3.26429,0.0,null],[105.65518,-3.26279,0.0,null],[105.6554,-3.26179,0.0,null],[105.65976,-3.25903,0.0,null],[105.66027,-3.25785,0.0,null],[105.66049,-3.24955,0.0,null],[105.65927,-3.2477,0.0,null],[105.65362,-3.24487,0.0,null],[105.65019,-3.24454,0.0,null],[105.6492,-3.24588,0.0,null],[105.64955,-3.25043,0.0,null],[105.64749,-3.25375,0.0,null],[105.64513,-3.25509,0.0,null],[105.63773,-3.25601,0.0,null],[105.63554,-3.25525,0.0,null],[105.63498,-3.25447,0.0,null],[105.63454,-3.2499,0.0,null],[105.63261,-3.24664,0.0,null],[105.6307,-3.24561,0.0,null],[105.62615,-3.24466,0.0,null],[105.62419,-3.24544,0.0,null],[105.62291,-3.24742,0.0,null],[105.62289,-3.24878,0.0,null],[105.62451,-3.25235,0.0,null],[105.62427,-3.25512,0.0,null],[105.61885,-3.26168,0.0,null],[105.61674,-3.2634,0.0,null],[105.61479,-3.26249,0.0,null],[105.61297,-3.25932,0.0,null],[105.60854,-3.25481,0.0,null],[105.60542,-3.25332,0.0,null],[105.60241,-3.25317,0.0,null],[105.60033,-3.25378,0.0,null],[105.59915,-3.25531,0.0,null],[105.59848,-3.26219,0.0,null],[105.59689,-3.26553,0.0,null],[105.59521,-3.26715,0.0,null],[105.58995,-3.26894,0.0,null],[105.58797,-3.2637,0.0,null],[105.58103,-3.24432,0.0,null],[105.58143,-3.21646,0.0,null],[105.5811,-3.09883,0.0,null],[105.58156,-3.09507,0.0,null],[105.58118,-3.05871,0.0,null],[105.58347,-2.963,0.0,null],[105.58346,-2.91175,0.0,null],[105.56782,-2.90421,0.0,null],[105.52781,-2.90423,0.0,null],[105.51938,-2.91082,0.0,null],[105.45016,-2.91085,0.0,null],[105.44827,-2.90989,0.0,null],[105.44671,-2.90815,0.0,null],[105.44102,-2.90544,0.0,null],[105.43578,-2.90461,0.0,null],[105.434,-2.90367,0.0,null],[105.42389,-2.89466,0.0,null],[105.4209,-2.89326,0.0,null],[105.41771,-2.8932,0.0,null],[105.41271,-2.89482,0.0,null],[105.40725,-2.89521,0.0,null],[105.4051,-2.89444,0.0,null],[105.40195,-2.8909,0.0,null],[105.39867,-2.88602,0.0,null],[105.39575,-2.88328,0.0,null],[105.38059,-2.87505,0.0,null],[105.37998,-2.87283,0.0,null],[105.37582,-2.86745,0.0,null],[105.3688,-2.8635,0.0,null],[105.36705,-2.86325,0.0,null],[105.36609,-2.86369,0.0,null],[105.35795,-2.86971,0.0,null],[105.35268,-2.86947,0.0,null],[105.35008,-2.86742,0.0,null],[105.34691,-2.86278,0.0,null],[105.34596,-2.86216,0.0,null],[105.34181,-2.86225,0.0,null],[105.33656,-2.86458,0.0,null],[105.33399,-2.86459,0.0,null]]],[[[105.4815,-3.71437,0.0,null],[105.46775,-3.69914,0.0,null],[105.46633,-3.69693,0.0,null],[105.45946,-3.68993,0.0,null],[105.44407,-3.6791,0.0,null],[105.44335,-3.67805,0.0,null],[105.42805,-3.66657,0.0,null],[105.41038,-3.68279,0.0,null],[105.41009,-3.68378,0.0,null],[105.40694,-3.68621,0.0,null],[105.40387,-3.68965,0.0,null],[105.3946,-3.71509,0.0,null],[105.37769,-3.72072,0.0,null],[105.35214,-3.74367,0.0,null],[105.35768,-3.75617,0.0,null],[105.35913,-3.76335,0.0,null],[105.35857,-3.76741,0.0,null],[105.35553,-3.77302,0.0,null],[105.35506,-3.77484,0.0,null],[105.3552,-3.77829,0.0,null],[105.35792,-3.79061,0.0,null],[105.37371,-3.78717,0.0,null],[105.38104,-3.78133,0.0,null],[105.3863,-3.7783,0.0,null],[105.40125,-3.7775,0.0,null],[105.40965,-3.77605,0.0,null],[105.41325,-3.77616,0.0,null],[105.42355,-3.77906,0.0,null],[105.43136,-3.78208,0.0,null],[105.4345,-3.78386,0.0,null],[105.43602,-3.78265,0.0,null],[105.43782,-3.78247,0.0,null],[105.43981,-3.78377,0.0,null],[105.43945,-3.78744,0.0,null],[105.4408,-3.791,0.0,null],[105.43917,-3.79278,0.0,null],[105.43833,-3.79293,0.0,null],[105.43804,-3.79381,0.0,null],[105.43877,-3.79536,0.0,null],[105.43799,-3.79751,0.0,null],[105.43764,-3.79838,0.0,null],[105.43637,-3.79851,0.0,null],[105.43506,-3.80131,0.0,null],[105.43368,-3.8118,0.0,null],[105.43071,-3.821,0.0,null],[105.4319,-3.82479,0.0,null],[105.43504,-3.82643,0.0,null],[105.45108,-3.82637,0.0,null],[105.46143,-3.82764,0.0,null],[105.46791,-3.82656,0.0,null],[105.4777,-3.8207,0.0,null],[105.4818,-3.8106,0.0,null],[105.48371,-3.80352,0.0,null],[105.50153,-3.80416,0.0,null],[105.49938,-3.81053,0.0,null],[105.49437,-3.83638,0.0,null],[105.4924,-3.83949,0.0,null],[105.49535,-3.84071,0.0,null],[105.50571,-3.84105,0.0,null],[105.51421,-3.84008,0.0,null],[105.51856,-3.83848,0.0,null],[105.5288,-3.82147,0.0,null],[105.5454,-3.83362,0.0,null],[105.53707,-3.85394,0.0,null],[105.52492,-3.85358,0.0,null],[105.51357,-3.87155,0.0,null],[105.51366,-3.87587,0.0,null],[105.52244,-3.88953,0.0,null],[105.54168,-3.87505,0.0,null],[105.54521,-3.86654,0.0,null],[105.5661,-3.88474,0.0,null],[105.57355,-3.86778,0.0,null],[105.61261,-3.89946,0.0,null],[105.62424,-3.90676,0.0,null],[105.64182,-3.91303,0.0,null],[105.64966,-3.92763,0.0,null],[105.66458,-3.9369,0.0,null],[105.66655,-3.93775,0.0,null],[105.66729,-3.93702,0.0,null],[105.67503,-3.94082,0.0,null],[105.71592,-3.97025,0.0,null],[105.71704,-3.84729,0.0,null],[105.91463,-3.84517,0.0,null],[105.91462,-3.83691,0.0,null],[105.9027,-3.8188,0.0,null],[105.8919,-3.80548,0.0,null],[105.88849,-3.80385,0.0,null],[105.8854,-3.80062,0.0,null],[105.87978,-3.7961,0.0,null],[105.87805,-3.79599,0.0,null],[105.87307,-3.79387,0.0,null],[105.87193,-3.79253,0.0,null],[105.8373,-3.7826,0.0,null],[105.82919,-3.78259,0.0,null],[105.82148,-3.77271,0.0,null],[105.75152,-3.7825,0.0,null],[105.71247,-3.7859,0.0,null],[105.69091,-3.78854,0.0,null],[105.6873,-3.78948,0.0,null],[105.68682,-3.79165,0.0,null],[105.68417,-3.79369,0.0,null],[105.68527,-3.79641,0.0,null],[105.68505,-3.7984,0.0,null],[105.68629,-3.80022,0.0,null],[105.68656,-3.80203,0.0,null],[105.6875,-3.80193,0.0,null],[105.68833,-3.8027,0.0,null],[105.68739,-3.80321,0.0,null],[105.6887,-3.80534,0.0,null],[105.68747,-3.80553,0.0,null],[105.68908,-3.81034,0.0,null],[105.68566,-3.81142,0.0,null],[105.68544,-3.81387,0.0,null],[105.6803,-3.81487,0.0,null],[105.68003,-3.8168,0.0,null],[105.68114,-3.8202,0.0,null],[105.67966,-3.82206,0.0,null],[105.67857,-3.82776,0.0,null],[105.68074,-3.83077,0.0,null],[105.68055,-3.83255,0.0,null],[105.67924,-3.83384,0.0,null],[105.67801,-3.83395,0.0,null],[105.67668,-3.83853,0.0,null],[105.67874,-3.84181,0.0,null],[105.67835,-3.84797,0.0,null],[105.68033,-3.85031,0.0,null],[105.67707,-3.85375,0.0,null],[105.67219,-3.85544,0.0,null],[105.67186,-3.85682,0.0,null],[105.66992,-3.85676,0.0,null],[105.66815,-3.85543,0.0,null],[105.66434,-3.8554,0.0,null],[105.66107,-3.85888,0.0,null],[105.65967,-3.85912,0.0,null],[105.65948,-3.85646,0.0,null],[105.64865,-3.85774,0.0,null],[105.64088,-3.85956,0.0,null],[105.60932,-3.86236,0.0,null],[105.59707,-3.86405,0.0,null],[105.58189,-3.86498,0.0,null],[105.578,-3.86176,0.0,null],[105.57183,-3.81986,0.0,null],[105.58406,-3.80782,0.0,null],[105.58424,-3.74576,0.0,null],[105.56832,-3.74548,0.0,null],[105.56831,-3.73646,0.0,null],[105.54938,-3.72892,0.0,null],[105.51095,-3.72845,0.0,null],[105.49721,-3.72577,0.0,null],[105.48373,-3.71674,0.0,null],[105.4815,-3.71437,0.0,null]]]]}},{"type":"Feature","properties":{"inventoryId":"big-forestry-hti:204","sector":"PBPH","subtype":"IUPHHK-HTI","quality":"OFFICIAL","sourceDataset":"big-forestry-hti","sourceRecordId":"204","source":"BIG Kebijakan Satu Peta","sourceUrl":"https://kspservices.big.go.id/satupeta/rest/services/PUBLIK/PERIZINAN_DAN_PERTANAHAN/MapServer/2","retrievedAt":"2026-08-24T04:22:31Z","geometryProcessing":"web display simplification tolerance 0.00035 degrees","name":"PT BUMI PERSADA PERMAI (SK 337)","permitNumber":"SK.688/Menhut-II/2010","permitDate":"2010-12-13","areaHa":60433.0,"provinceCode":"16","region":"sumatra"},"geometry":{"type":"MultiPolygon","coordinates":[[[[103.53231,-2.16285,0.0,null],[103.52965,-2.16115,0.0,null],[103.52897,-2.1617,0.0,null],[103.5274,-2.16176,0.0,null],[103.52625,-2.16244,0.0,null],[103.52591,-2.16531,0.0,null],[103.52434,-2.16503,0.0,null],[103.52175,-2.16742,0.0,null],[103.51964,-2.16701,0.0,null],[103.51936,-2.16844,0.0,null],[103.51991,-2.16851,0.0,null],[103.51991,-2.16946,0.0,null],[103.51861,-2.16919,0.0,null],[103.51575,-2.16721,0.0,null],[103.51541,-2.16776,0.0,null],[103.51248,-2.16776,0.0,null],[103.51255,-2.16974,0.0,null],[103.51146,-2.17035,0.0,null],[103.50969,-2.16776,0.0,null],[103.50751,-2.16844,0.0,null],[103.50676,-2.16926,0.0,null],[103.50553,-2.16885,0.0,null],[103.50499,-2.1694,0.0,null],[103.50526,-2.17103,0.0,null],[103.50403,-2.17055,0.0,null],[103.50274,-2.17123,0.0,null],[103.50321,-2.17239,0.0,null],[103.50287,-2.1728,0.0,null],[103.50185,-2.17246,0.0,null],[103.50124,-2.17342,0.0,null],[103.49729,-2.1728,0.0,null],[103.49872,-2.17417,0.0,null],[103.49865,-2.17512,0.0,null],[103.49592,-2.1758,0.0,null],[103.49476,-2.17689,0.0,null],[103.49333,-2.17662,0.0,null],[103.49197,-2.17716,0.0,null],[103.49088,-2.17689,0.0,null],[103.49122,-2.17655,0.0,null],[103.48822,-2.17635,0.0,null],[103.48843,-2.1775,0.0,null],[103.48522,-2.1771,0.0,null],[103.48285,-2.17749,0.0,null],[103.48141,-2.17716,0.0,null],[103.48093,-2.17553,0.0,null],[103.47814,-2.17519,0.0,null],[103.47643,-2.17376,0.0,null],[103.47302,-2.17689,0.0,null],[103.46974,-2.17742,0.0,null],[103.46886,-2.17851,0.0,null],[103.46681,-2.17772,0.0,null],[103.46249,-2.17868,0.0,null],[103.45998,-2.17801,0.0,null],[103.45743,-2.17872,0.0,null],[103.45429,-2.17812,0.0,null],[103.45708,-2.18003,0.0,null],[103.45749,-2.18057,0.0,null],[103.45695,-2.18132,0.0,null],[103.45983,-2.18202,0.0,null],[103.45988,-2.18261,0.0,null],[103.4562,-2.18466,0.0,null],[103.45717,-2.18631,0.0,null],[103.45632,-2.18644,0.0,null],[103.45531,-2.18766,0.0,null],[103.45343,-2.18821,0.0,null],[103.45261,-2.19002,0.0,null],[103.4534,-2.19127,0.0,null],[103.4519,-2.19447,0.0,null],[103.45347,-2.19563,0.0,null],[103.45429,-2.19727,0.0,null],[103.45293,-2.19706,0.0,null],[103.45347,-2.19863,0.0,null],[103.45286,-2.19938,0.0,null],[103.45364,-2.19964,0.0,null],[103.45316,-2.20024,0.0,null],[103.45394,-2.20026,0.0,null],[103.45411,-2.20213,0.0,null],[103.45292,-2.20137,0.0,null],[103.4497,-2.20183,0.0,null],[103.44957,-2.20312,0.0,null],[103.45028,-2.20383,0.0,null],[103.44907,-2.20441,0.0,null],[103.44786,-2.20416,0.0,null],[103.44632,-2.20778,0.0,null],[103.44657,-2.20949,0.0,null],[103.44591,-2.20991,0.0,null],[103.44686,-2.21128,0.0,null],[103.44641,-2.21228,0.0,null],[103.44678,-2.21291,0.0,null],[103.44966,-2.21428,0.0,null],[103.44986,-2.21541,0.0,null],[103.45153,-2.21641,0.0,null],[103.45103,-2.21828,0.0,null],[103.44924,-2.21941,0.0,null],[103.44924,-2.2207,0.0,null],[103.45099,-2.22199,0.0,null],[103.45003,-2.22395,0.0,null],[103.45249,-2.22333,0.0,null],[103.45261,-2.22408,0.0,null],[103.45128,-2.22516,0.0,null],[103.45357,-2.22624,0.0,null],[103.45395,-2.22679,0.0,null],[103.45353,-2.22733,0.0,null],[103.45541,-2.22833,0.0,null],[103.45549,-2.22912,0.0,null],[103.45445,-2.22983,0.0,null],[103.45445,-2.23045,0.0,null],[103.45516,-2.23258,0.0,null],[103.45641,-2.2332,0.0,null],[103.45607,-2.23637,0.0,null],[103.45803,-2.23866,0.0,null],[103.45891,-2.24208,0.0,null],[103.46241,-2.24612,0.0,null],[103.46245,-2.24958,0.0,null],[103.46463,-2.25127,0.0,null],[103.46516,-2.25668,0.0,null],[103.46206,-2.25917,0.0,null],[103.46175,-2.26047,0.0,null],[103.46206,-2.26361,0.0,null],[103.46123,-2.26654,0.0,null],[103.46153,-2.27188,0.0,null],[103.47032,-2.26977,0.0,null],[103.47609,-2.26422,0.0,null],[103.49552,-2.21864,0.0,null],[103.51367,-2.23401,0.0,null],[103.52208,-2.23579,0.0,null],[103.53053,-2.23252,0.0,null],[103.54561,-2.21735,0.0,null],[103.54641,-2.21806,0.0,null],[103.55122,-2.23744,0.0,null],[103.55503,-2.2559,0.0,null],[103.56016,-2.2766,0.0,null],[103.56087,-2.27764,0.0,null],[103.56146,-2.29597,0.0,null],[103.56116,-2.29899,0.0,null],[103.55866,-2.30461,0.0,null],[103.55907,-2.30534,0.0,null],[103.55818,-2.30616,0.0,null],[103.55829,-2.31818,0.0,null],[103.55742,-2.32609,0.0,null],[103.55789,-2.32782,0.0,null],[103.55728,-2.32873,0.0,null],[103.55684,-2.36378,0.0,null],[103.55869,-2.36791,0.0,null],[103.5764,-2.37622,0.0,null],[103.58059,-2.37664,0.0,null],[103.58378,-2.37812,0.0,null],[103.5921,-2.37718,0.0,null],[103.61454,-2.38376,0.0,null],[103.63662,-2.39436,0.0,null],[103.63889,-2.38537,0.0,null],[103.64404,-2.38656,0.0,null],[103.64635,-2.38782,0.0,null],[103.65449,-2.38774,0.0,null],[103.6599,-2.38554,0.0,null],[103.66061,-2.3815,0.0,null],[103.65632,-2.36766,0.0,null],[103.66065,-2.35474,0.0,null],[103.66062,-2.34793,0.0,null],[103.66103,-2.34708,0.0,null],[103.66446,-2.34583,0.0,null],[103.65232,-2.34406,0.0,null],[103.65017,-2.34267,0.0,null],[103.64319,-2.34112,0.0,null],[103.64634,-2.33554,0.0,null],[103.65217,-2.32884,0.0,null],[103.6534,-2.32831,0.0,null],[103.65631,-2.32435,0.0,null],[103.65701,-2.32412,0.0,null],[103.65884,-2.32572,0.0,null],[103.66033,-2.3245,0.0,null],[103.65875,-2.32409,0.0,null],[103.65777,-2.32259,0.0,null],[103.67536,-2.30278,0.0,null],[103.67375,-2.30207,0.0,null],[103.67409,-2.3014,0.0,null],[103.664,-2.29109,0.0,null],[103.66237,-2.28815,0.0,null],[103.6577,-2.28383,0.0,null],[103.65578,-2.28314,0.0,null],[103.65611,-2.28274,0.0,null],[103.65555,-2.28233,0.0,null],[103.65283,-2.28226,0.0,null],[103.65106,-2.28313,0.0,null],[103.64968,-2.28259,0.0,null],[103.64432,-2.28257,0.0,null],[103.64336,-2.28202,0.0,null],[103.64305,-2.27555,0.0,null],[103.64395,-2.27343,0.0,null],[103.64468,-2.27364,0.0,null],[103.64497,-2.27293,0.0,null],[103.64476,-2.26389,0.0,null],[103.64735,-2.26392,0.0,null],[103.64915,-2.26333,0.0,null],[103.65278,-2.26361,0.0,null],[103.65521,-2.26243,0.0,null],[103.66844,-2.2636,0.0,null],[103.67723,-2.27155,0.0,null],[103.68019,-2.27351,0.0,null],[103.68642,-2.28033,0.0,null],[103.68868,-2.27566,0.0,null],[103.68888,-2.25988,0.0,null],[103.67893,-2.246,0.0,null],[103.6856,-2.24601,0.0,null],[103.68644,-2.21788,0.0,null],[103.6822,-2.21314,0.0,null],[103.64669,-2.17858,0.0,null],[103.64458,-2.17768,0.0,null],[103.62929,-2.17248,0.0,null],[103.62668,-2.17208,0.0,null],[103.62268,-2.17028,0.0,null],[103.62198,-2.17288,0.0,null],[103.60608,-2.17509,0.0,null],[103.60819,-2.17088,0.0,null],[103.61089,-2.16808,0.0,null],[103.61148,-2.16678,0.0,null],[103.59778,-2.16368,0.0,null],[103.59458,-2.16208,0.0,null],[103.58828,-2.16138,0.0,null],[103.59071,-2.16708,0.0,null],[103.57558,-2.16442,0.0,null],[103.56325,-2.16456,0.0,null],[103.55875,-2.16353,0.0,null],[103.54335,-2.16415,0.0,null],[103.53231,-2.16285,0.0,null]]],[[[103.86194,-2.01986,0.0,null],[103.859,-2.02153,0.0,null],[103.856,-2.02614,0.0,null],[103.85348,-2.03692,0.0,null],[103.85203,-2.04031,0.0,null],[103.84709,-2.04644,0.0,null],[103.84257,-2.05392,0.0,null],[103.83882,-2.05578,0.0,null],[103.82848,-2.05523,0.0,null],[103.81845,-2.05356,0.0,null],[103.81282,-2.05137,0.0,null],[103.80461,-2.04925,0.0,null],[103.79889,-2.04961,0.0,null],[103.78865,-2.05243,0.0,null],[103.78471,-2.05229,0.0,null],[103.7842,-2.0531,0.0,null],[103.77779,-2.05151,0.0,null],[103.77152,-2.04758,0.0,null],[103.76768,-2.04593,0.0,null],[103.76241,-2.04529,0.0,null],[103.75933,-2.04678,0.0,null],[103.75793,-2.04834,0.0,null],[103.75648,-2.05135,0.0,null],[103.75118,-2.06713,0.0,null],[103.75195,-2.06937,0.0,null],[103.74503,-2.08332,0.0,null],[103.74357,-2.08929,0.0,null],[103.74184,-2.09369,0.0,null],[103.73951,-2.09563,0.0,null],[103.72255,-2.10506,0.0,null],[103.72621,-2.11728,0.0,null],[103.73048,-2.11977,0.0,null],[103.73643,-2.12434,0.0,null],[103.73762,-2.12451,0.0,null],[103.74883,-2.13159,0.0,null],[103.75639,-2.14454,0.0,null],[103.76379,-2.15224,0.0,null],[103.76435,-2.1521,0.0,null],[103.82638,-2.21657,0.0,null],[103.83205,-2.21629,0.0,null],[103.83717,-2.21683,0.0,null],[103.83723,-2.20762,0.0,null],[103.84417,-2.19627,0.0,null],[103.84302,-2.19153,0.0,null],[103.84939,-2.18259,0.0,null],[103.85654,-2.17039,0.0,null],[103.86576,-2.15691,0.0,null],[103.86656,-2.15662,0.0,null],[103.86911,-2.15278,0.0,null],[103.87366,-2.14819,0.0,null],[103.87539,-2.14523,0.0,null],[103.87647,-2.14452,0.0,null],[103.87915,-2.14496,0.0,null],[103.88121,-2.14321,0.0,null],[103.88392,-2.13591,0.0,null],[103.88594,-2.13429,0.0,null],[103.88937,-2.13276,0.0,null],[103.89387,-2.12847,0.0,null],[103.89808,-2.12642,0.0,null],[103.90272,-2.12081,0.0,null],[103.9036,-2.11813,0.0,null],[103.90551,-2.11724,0.0,null],[103.90663,-2.11525,0.0,null],[103.90774,-2.11443,0.0,null],[103.91129,-2.11295,0.0,null],[103.91251,-2.10875,0.0,null],[103.91447,-2.10816,0.0,null],[103.9126,-2.10761,0.0,null],[103.90892,-2.10426,0.0,null],[103.9053,-2.09888,0.0,null],[103.90438,-2.09643,0.0,null],[103.89994,-2.09017,0.0,null],[103.89313,-2.08321,0.0,null],[103.88833,-2.07675,0.0,null],[103.88631,-2.0718,0.0,null],[103.88401,-2.05859,0.0,null],[103.88379,-2.05449,0.0,null],[103.88255,-2.05091,0.0,null],[103.87058,-2.03284,0.0,null],[103.86947,-2.02799,0.0,null],[103.86684,-2.02221,0.0,null],[103.86501,-2.02074,0.0,null],[103.86194,-2.01986,0.0,null]]]]}},{"type":"Feature","properties":{"inventoryId":"big-forestry-hti:124","sector":"PBPH","subtype":"IUPHHK-HTI","quality":"OFFICIAL","sourceDataset":"big-forestry-hti","sourceRecordId":"124","source":"BIG Kebijakan Satu Peta","sourceUrl":"https://kspservices.big.go.id/satupeta/rest/services/PUBLIK/PERIZINAN_DAN_PERTANAHAN/MapServer/2","retrievedAt":"2026-08-24T04:22:31Z","geometryProcessing":"web display simplification tolerance 0.00035 degrees","name":"PT BUMI PERSADA PERMAI (SK 79)","permitNumber":"SK. 79/Menhut-II/2009","permitDate":"2009-03-05","areaHa":24050.0,"provinceCode":"16","region":"sumatra"},"geometry":{"type":"MultiPolygon","coordinates":[[[[103.04646,-2.3105,0.0,null],[103.04315,-2.31217,0.0,null],[103.03406,-2.32131,0.0,null],[103.03407,-2.32588,0.0,null],[103.03739,-2.33085,0.0,null],[103.03739,-2.33541,0.0,null],[103.0345,-2.33791,0.0,null],[103.02871,-2.33958,0.0,null],[103.01918,-2.33586,0.0,null],[103.01339,-2.33545,0.0,null],[103.00614,-2.33586,0.0,null],[103.00471,-2.34854,0.0,null],[103.00845,-2.35393,0.0,null],[103.01344,-2.36554,0.0,null],[103.01307,-2.39458,0.0,null],[103.01515,-2.40122,0.0,null],[103.01847,-2.40702,0.0,null],[103.02303,-2.40826,0.0,null],[103.03626,-2.4016,0.0,null],[103.04206,-2.40491,0.0,null],[103.04579,-2.40781,0.0,null],[103.04951,-2.40656,0.0,null],[103.05283,-2.40738,0.0,null],[103.05449,-2.41028,0.0,null],[103.05449,-2.41236,0.0,null],[103.0516,-2.41361,0.0,null],[103.04994,-2.41651,0.0,null],[103.04995,-2.41983,0.0,null],[103.05367,-2.42066,0.0,null],[103.05699,-2.42273,0.0,null],[103.05741,-2.4248,0.0,null],[103.05949,-2.42895,0.0,null],[103.06239,-2.43102,0.0,null],[103.06405,-2.43682,0.0,null],[103.07059,-2.44581,0.0,null],[103.08476,-2.44841,0.0,null],[103.09223,-2.45171,0.0,null],[103.09968,-2.45585,0.0,null],[103.11377,-2.46828,0.0,null],[103.11543,-2.46578,0.0,null],[103.11749,-2.46039,0.0,null],[103.11748,-2.45499,0.0,null],[103.11304,-2.44652,0.0,null],[103.10814,-2.44325,0.0,null],[103.10781,-2.43998,0.0,null],[103.115,-2.43687,0.0,null],[103.12742,-2.4336,0.0,null],[103.1418,-2.41988,0.0,null],[103.14833,-2.41547,0.0,null],[103.14899,-2.41301,0.0,null],[103.14867,-2.41171,0.0,null],[103.14442,-2.4086,0.0,null],[103.13853,-2.40827,0.0,null],[103.1351,-2.40501,0.0,null],[103.13592,-2.40125,0.0,null],[103.13559,-2.4001,0.0,null],[103.13151,-2.39945,0.0,null],[103.1284,-2.39814,0.0,null],[103.12709,-2.39651,0.0,null],[103.12611,-2.39226,0.0,null],[103.12399,-2.3903,0.0,null],[103.12039,-2.38997,0.0,null],[103.12088,-2.38719,0.0,null],[103.11892,-2.38425,0.0,null],[103.12562,-2.38588,0.0,null],[103.14246,-2.38801,0.0,null],[103.1503,-2.38654,0.0,null],[103.15275,-2.38801,0.0,null],[103.15471,-2.39111,0.0,null],[103.15747,-2.40826,0.0,null],[103.16533,-2.40517,0.0,null],[103.16828,-2.40533,0.0,null],[103.18756,-2.4135,0.0,null],[103.19606,-2.41465,0.0,null],[103.21207,-2.4189,0.0,null],[103.21665,-2.41546,0.0,null],[103.22188,-2.40925,0.0,null],[103.2276,-2.4001,0.0,null],[103.22896,-2.39109,0.0,null],[103.20634,-2.38337,0.0,null],[103.18011,-2.38617,0.0,null],[103.15522,-2.37834,0.0,null],[103.14238,-2.36173,0.0,null],[103.14431,-2.35853,0.0,null],[103.14197,-2.35762,0.0,null],[103.14058,-2.35553,0.0,null],[103.13525,-2.35461,0.0,null],[103.12842,-2.35623,0.0,null],[103.12483,-2.35518,0.0,null],[103.1217,-2.35183,0.0,null],[103.1173,-2.34476,0.0,null],[103.10954,-2.34476,0.0,null],[103.09634,-2.34337,0.0,null],[103.09275,-2.34187,0.0,null],[103.09101,-2.33862,0.0,null],[103.09112,-2.33214,0.0,null],[103.08823,-2.32924,0.0,null],[103.08557,-2.32774,0.0,null],[103.08106,-2.33174,0.0,null],[103.07896,-2.33052,0.0,null],[103.07445,-2.32971,0.0,null],[103.07178,-2.33133,0.0,null],[103.06854,-2.32947,0.0,null],[103.06669,-2.32322,0.0,null],[103.05896,-2.31569,0.0,null],[103.05838,-2.31716,0.0,null],[103.0535,-2.31174,0.0,null],[103.04978,-2.31382,0.0,null],[103.04646,-2.3105,0.0,null]]],[[[103.41908,-2.44353,0.0,null],[103.41514,-2.44134,0.0,null],[103.41486,-2.43098,0.0,null],[103.41355,-2.42319,0.0,null],[103.4129,-2.41488,0.0,null],[103.41043,-2.40647,0.0,null],[103.40682,-2.4014,0.0,null],[103.40436,-2.3995,0.0,null],[103.40099,-2.39874,0.0,null],[103.36587,-2.40208,0.0,null],[103.36221,-2.40663,0.0,null],[103.35799,-2.4195,0.0,null],[103.34155,-2.44131,0.0,null],[103.34089,-2.44715,0.0,null],[103.34218,-2.45283,0.0,null],[103.35178,-2.46795,0.0,null],[103.35764,-2.47543,0.0,null],[103.36284,-2.48551,0.0,null],[103.37079,-2.49685,0.0,null],[103.38513,-2.48616,0.0,null],[103.42554,-2.45265,0.0,null],[103.42653,-2.4627,0.0,null],[103.42791,-2.46665,0.0,null],[103.42968,-2.46744,0.0,null],[103.4421,-2.46625,0.0,null],[103.44289,-2.4558,0.0,null],[103.43678,-2.45561,0.0,null],[103.43579,-2.44476,0.0,null],[103.44506,-2.43392,0.0,null],[103.43736,-2.42609,0.0,null],[103.43248,-2.42971,0.0,null],[103.42694,-2.43984,0.0,null],[103.42027,-2.44366,0.0,null],[103.41908,-2.44353,0.0,null]]]]}},{"type":"Feature","properties":{"inventoryId":"big-forestry-hti:170","sector":"PBPH","subtype":"IUPHHK-HTI","quality":"OFFICIAL","sourceDataset":"big-forestry-hti","sourceRecordId":"170","source":"BIG Kebijakan Satu Peta","sourceUrl":"https://kspservices.big.go.id/satupeta/rest/services/PUBLIK/PERIZINAN_DAN_PERTANAHAN/MapServer/2","retrievedAt":"2026-08-24T04:22:31Z","geometryProcessing":"web display simplification tolerance 0.00035 degrees","name":"PT CIPTA MAS BUMI SUBUR","permitNumber":"70/Menhut-II/2005","permitDate":"2005-05-19","areaHa":7550.0,"provinceCode":"16","region":"sumatra"},"geometry":{"type":"Polygon","coordinates":[[[105.53802,-2.48094,0.0,null],[105.53562,-2.46809,0.0,null],[105.53292,-2.46209,0.0,null],[105.52912,-2.45849,0.0,null],[105.50172,-2.43819,0.0,null],[105.49352,-2.43489,0.0,null],[105.48222,-2.43249,0.0,null],[105.45382,-2.42369,0.0,null],[105.44502,-2.42319,0.0,null],[105.42992,-2.42109,0.0,null],[105.41262,-2.41759,0.0,null],[105.35432,-2.41609,0.0,null],[105.35412,-2.44569,0.0,null],[105.35582,-2.44709,0.0,null],[105.35802,-2.45149,0.0,null],[105.36062,-2.45119,0.0,null],[105.36312,-2.44969,0.0,null],[105.36542,-2.44659,0.0,null],[105.36682,-2.44359,0.0,null],[105.36812,-2.44329,0.0,null],[105.37162,-2.44389,0.0,null],[105.37562,-2.44369,0.0,null],[105.38022,-2.44519,0.0,null],[105.38312,-2.44919,0.0,null],[105.38462,-2.44979,0.0,null],[105.38922,-2.44759,0.0,null],[105.39212,-2.44789,0.0,null],[105.39542,-2.45019,0.0,null],[105.39852,-2.45549,0.0,null],[105.40212,-2.45479,0.0,null],[105.40632,-2.45109,0.0,null],[105.41382,-2.44709,0.0,null],[105.41572,-2.44729,0.0,null],[105.41812,-2.44849,0.0,null],[105.41962,-2.45109,0.0,null],[105.42122,-2.45039,0.0,null],[105.42282,-2.44769,0.0,null],[105.42432,-2.44689,0.0,null],[105.42762,-2.44759,0.0,null],[105.43012,-2.44959,0.0,null],[105.43122,-2.44979,0.0,null],[105.43602,-2.44869,0.0,null],[105.44022,-2.44919,0.0,null],[105.44402,-2.45079,0.0,null],[105.44832,-2.45359,0.0,null],[105.44922,-2.45549,0.0,null],[105.44952,-2.45849,0.0,null],[105.45092,-2.45979,0.0,null],[105.45312,-2.45969,0.0,null],[105.45582,-2.45699,0.0,null],[105.45802,-2.45709,0.0,null],[105.46252,-2.46109,0.0,null],[105.46732,-2.46179,0.0,null],[105.47302,-2.46359,0.0,null],[105.47422,-2.46769,0.0,null],[105.47672,-2.46709,0.0,null],[105.47842,-2.46799,0.0,null],[105.47952,-2.47009,0.0,null],[105.47922,-2.47189,0.0,null],[105.47632,-2.47249,0.0,null],[105.47472,-2.47659,0.0,null],[105.47212,-2.47579,0.0,null],[105.46782,-2.47669,0.0,null],[105.46782,-2.47879,0.0,null],[105.46952,-2.48069,0.0,null],[105.46962,-2.48169,0.0,null],[105.53812,-2.48139,0.0,null],[105.53802,-2.48094,0.0,null]]]}},{"type":"Feature","properties":{"inventoryId":"big-forestry-hti:213","sector":"PBPH","subtype":"IUPHHK-HTI","quality":"OFFICIAL","sourceDataset":"big-forestry-hti","sourceRecordId":"213","source":"BIG Kebijakan Satu Peta","sourceUrl":"https://kspservices.big.go.id/satupeta/rest/services/PUBLIK/PERIZINAN_DAN_PERTANAHAN/MapServer/2","retrievedAt":"2026-08-24T04:22:31Z","geometryProcessing":"web display simplification tolerance 0.00035 degrees","name":"PT CITRA SUMBER SEJAHTERA","permitNumber":"SK.68/Menhut-II/2007","permitDate":"2007-02-23","areaHa":15360.0,"provinceCode":"14","region":"sumatra"},"geometry":{"type":"Polygon","coordinates":[[[102.00972,-0.72521,0.0,null],[101.89645,-0.72478,0.0,null],[101.89584,-0.84844,0.0,null],[101.90016,-0.84901,0.0,null],[101.9124,-0.85428,0.0,null],[101.92634,-0.85802,0.0,null],[101.93289,-0.85821,0.0,null],[101.95014,-0.85677,0.0,null],[101.95896,-0.85317,0.0,null],[101.97089,-0.8466,0.0,null],[101.9819,-0.83847,0.0,null],[101.98741,-0.83366,0.0,null],[101.99669,-0.82374,0.0,null],[102.01029,-0.80301,0.0,null],[101.97848,-0.79488,0.0,null],[102.0015,-0.73988,0.0,null],[102.00961,-0.74391,0.0,null],[102.00972,-0.72521,0.0,null]]]}},{"type":"Feature","properties":{"inventoryId":"big-forestry-hti:196","sector":"PBPH","subtype":"IUPHHK-HTI","quality":"OFFICIAL","sourceDataset":"big-forestry-hti","sourceRecordId":"196","source":"BIG Kebijakan Satu Peta","sourceUrl":"https://kspservices.big.go.id/satupeta/rest/services/PUBLIK/PERIZINAN_DAN_PERTANAHAN/MapServer/2","retrievedAt":"2026-08-24T04:22:31Z","geometryProcessing":"web display simplification tolerance 0.00035 degrees","name":"PT DELONIX LESTARI RAYA","permitNumber":"4/1/IUPHHK-HTI/PMDN/2016","permitDate":"2016-02-29","areaHa":5050.0,"provinceCode":"15","region":"sumatra"},"geometry":{"type":"MultiPolygon","coordinates":[[[[101.91445,-2.04741,0.0,null],[101.91384,-2.04782,0.0,null],[101.91395,-2.04883,0.0,null],[101.91298,-2.04857,0.0,null],[101.91253,-2.05065,0.0,null],[101.91083,-2.05093,0.0,null],[101.91028,-2.05242,0.0,null],[101.90973,-2.05103,0.0,null],[101.90918,-2.05087,0.0,null],[101.90798,-2.05145,0.0,null],[101.90688,-2.05095,0.0,null],[101.90633,-2.052,0.0,null],[101.90425,-2.05294,0.0,null],[101.90334,-2.0516,0.0,null],[101.90057,-2.05282,0.0,null],[101.89909,-2.05204,0.0,null],[101.89902,-2.05358,0.0,null],[101.89791,-2.05331,0.0,null],[101.89693,-2.05436,0.0,null],[101.89495,-2.05477,0.0,null],[101.89512,-2.05785,0.0,null],[101.89448,-2.05673,0.0,null],[101.89306,-2.05598,0.0,null],[101.89206,-2.0565,0.0,null],[101.89182,-2.05782,0.0,null],[101.89031,-2.05769,0.0,null],[101.89001,-2.05603,0.0,null],[101.8889,-2.05616,0.0,null],[101.8889,-2.05716,0.0,null],[101.88778,-2.05596,0.0,null],[101.88639,-2.05578,0.0,null],[101.8859,-2.05758,0.0,null],[101.88528,-2.05749,0.0,null],[101.88473,-2.05632,0.0,null],[101.88312,-2.05651,0.0,null],[101.88245,-2.058,0.0,null],[101.88395,-2.05905,0.0,null],[101.88426,-2.06002,0.0,null],[101.88342,-2.06168,0.0,null],[101.88214,-2.06095,0.0,null],[101.88098,-2.05776,0.0,null],[101.87917,-2.0583,0.0,null],[101.878,-2.05758,0.0,null],[101.87572,-2.05833,0.0,null],[101.87416,-2.05813,0.0,null],[101.86886,-2.06254,0.0,null],[101.86175,-2.06993,0.0,null],[101.86023,-2.07333,0.0,null],[101.8606,-2.0743,0.0,null],[101.8626,-2.07369,0.0,null],[101.864,-2.074,0.0,null],[101.86686,-2.07883,0.0,null],[101.86936,-2.0795,0.0,null],[101.87013,-2.0822,0.0,null],[101.87008,-2.08316,0.0,null],[101.86825,-2.08518,0.0,null],[101.8671,-2.08826,0.0,null],[101.8672,-2.09192,0.0,null],[101.86864,-2.09375,0.0,null],[101.8658,-2.0987,0.0,null],[101.86465,-2.09918,0.0,null],[101.86421,-2.10024,0.0,null],[101.86465,-2.10154,0.0,null],[101.86364,-2.10332,0.0,null],[101.86479,-2.10563,0.0,null],[101.86474,-2.10828,0.0,null],[101.86397,-2.11141,0.0,null],[101.86421,-2.11275,0.0,null],[101.86306,-2.11314,0.0,null],[101.86311,-2.11391,0.0,null],[101.86518,-2.11622,0.0,null],[101.86388,-2.11612,0.0,null],[101.86342,-2.117,0.0,null],[101.8667,-2.11769,0.0,null],[101.86824,-2.11889,0.0,null],[101.86636,-2.12139,0.0,null],[101.86624,-2.12259,0.0,null],[101.86861,-2.12259,0.0,null],[101.86908,-2.12307,0.0,null],[101.86837,-2.12438,0.0,null],[101.86897,-2.12486,0.0,null],[101.87125,-2.12584,0.0,null],[101.87197,-2.12403,0.0,null],[101.87075,-2.12184,0.0,null],[101.87232,-2.12099,0.0,null],[101.87296,-2.12127,0.0,null],[101.87485,-2.11922,0.0,null],[101.8808,-2.11942,0.0,null],[101.88241,-2.11851,0.0,null],[101.88503,-2.11804,0.0,null],[101.8867,-2.11678,0.0,null],[101.88972,-2.11656,0.0,null],[101.89088,-2.11592,0.0,null],[101.89312,-2.11637,0.0,null],[101.89564,-2.11837,0.0,null],[101.89688,-2.11694,0.0,null],[101.89686,-2.11492,0.0,null],[101.89781,-2.11487,0.0,null],[101.899,-2.11394,0.0,null],[101.90002,-2.11444,0.0,null],[101.90188,-2.11309,0.0,null],[101.90341,-2.07214,0.0,null],[101.90879,-2.05799,0.0,null],[101.91621,-2.04988,0.0,null],[101.91445,-2.04741,0.0,null]]],[[[101.92022,-1.96042,0.0,null],[101.91877,-1.96023,0.0,null],[101.91925,-1.96124,0.0,null],[101.91659,-1.96076,0.0,null],[101.91544,-1.96348,0.0,null],[101.91438,-1.96345,0.0,null],[101.91183,-1.96115,0.0,null],[101.91084,-1.96052,0.0,null],[101.91064,-1.96092,0.0,null],[101.91,-1.96542,0.0,null],[101.91151,-1.97265,0.0,null],[101.91277,-1.97367,0.0,null],[101.91317,-1.97737,0.0,null],[101.91644,-1.97513,0.0,null],[101.9327,-1.98574,0.0,null],[101.93443,-1.98204,0.0,null],[101.93887,-1.97909,0.0,null],[101.94183,-1.97885,0.0,null],[101.94627,-1.98033,0.0,null],[101.95046,-1.98083,0.0,null],[101.95367,-1.98058,0.0,null],[101.95663,-1.97837,0.0,null],[101.95836,-1.97541,0.0,null],[101.96452,-1.97764,0.0,null],[101.97315,-1.98183,0.0,null],[101.9854,-1.98969,0.0,null],[101.98486,-1.98794,0.0,null],[101.9874,-1.98955,0.0,null],[101.98654,-1.9876,0.0,null],[101.98677,-1.98484,0.0,null],[101.98853,-1.98022,0.0,null],[101.99239,-1.97951,0.0,null],[101.997,-1.98141,0.0,null],[101.9999,-1.98075,0.0,null],[102.00024,-1.97842,0.0,null],[101.99859,-1.97713,0.0,null],[101.99575,-1.97757,0.0,null],[101.98897,-1.97452,0.0,null],[101.98789,-1.9735,0.0,null],[101.98696,-1.97385,0.0,null],[101.98446,-1.9802,0.0,null],[101.97825,-1.97835,0.0,null],[101.97383,-1.97471,0.0,null],[101.97297,-1.97321,0.0,null],[101.97276,-1.96964,0.0,null],[101.97547,-1.96479,0.0,null],[101.97204,-1.96314,0.0,null],[101.96983,-1.96543,0.0,null],[101.96647,-1.9655,0.0,null],[101.96626,-1.97071,0.0,null],[101.96376,-1.97064,0.0,null],[101.96351,-1.96392,0.0,null],[101.96102,-1.96687,0.0,null],[101.95965,-1.97041,0.0,null],[101.95695,-1.97177,0.0,null],[101.9536,-1.97077,0.0,null],[101.95108,-1.96895,0.0,null],[101.95057,-1.96738,0.0,null],[101.94845,-1.96747,0.0,null],[101.9457,-1.96587,0.0,null],[101.94454,-1.96441,0.0,null],[101.94353,-1.96562,0.0,null],[101.94394,-1.96665,0.0,null],[101.9432,-1.96849,0.0,null],[101.94373,-1.96944,0.0,null],[101.94246,-1.97032,0.0,null],[101.94085,-1.97295,0.0,null],[101.93989,-1.97222,0.0,null],[101.93983,-1.97137,0.0,null],[101.93871,-1.97089,0.0,null],[101.93635,-1.97122,0.0,null],[101.93589,-1.96977,0.0,null],[101.93262,-1.96602,0.0,null],[101.93123,-1.96747,0.0,null],[101.92993,-1.96656,0.0,null],[101.93047,-1.96569,0.0,null],[101.93011,-1.96508,0.0,null],[101.92787,-1.96526,0.0,null],[101.92715,-1.96384,0.0,null],[101.92524,-1.96345,0.0,null],[101.92421,-1.96184,0.0,null],[101.92243,-1.96121,0.0,null],[101.9217,-1.96184,0.0,null],[101.92022,-1.96042,0.0,null]]],[[[101.88857,-1.97745,0.0,null],[101.88675,-1.97516,0.0,null],[101.88457,-1.97688,0.0,null],[101.88584,-1.97818,0.0,null],[101.88442,-1.98082,0.0,null],[101.88369,-1.98075,0.0,null],[101.88269,-1.97954,0.0,null],[101.88239,-1.9777,0.0,null],[101.88151,-1.97737,0.0,null],[101.87924,-1.97885,0.0,null],[101.8784,-1.97879,0.0,null],[101.87694,-1.97761,0.0,null],[101.87673,-1.97649,0.0,null],[101.87269,-1.97885,0.0,null],[101.87476,-1.98004,0.0,null],[101.87511,-1.98129,0.0,null],[101.87435,-1.98175,0.0,null],[101.87448,-1.98219,0.0,null],[101.87926,-1.98389,0.0,null],[101.88224,-1.9867,0.0,null],[101.88476,-1.99082,0.0,null],[101.88982,-1.99332,0.0,null],[101.89042,-1.99435,0.0,null],[101.88846,-1.99465,0.0,null],[101.88823,-1.99593,0.0,null],[101.88885,-1.99658,0.0,null],[101.8874,-1.99779,0.0,null],[101.88761,-1.9999,0.0,null],[101.88517,-2.0006,0.0,null],[101.88567,-2.0021,0.0,null],[101.88994,-2.00565,0.0,null],[101.89019,-2.00826,0.0,null],[101.89296,-2.01078,0.0,null],[101.89517,-2.0158,0.0,null],[101.89586,-2.0158,0.0,null],[101.89836,-2.01768,0.0,null],[101.8981,-2.01859,0.0,null],[101.89897,-2.02018,0.0,null],[101.89842,-2.02151,0.0,null],[101.89992,-2.02026,0.0,null],[101.90217,-2.02057,0.0,null],[101.90473,-2.02313,0.0,null],[101.90607,-1.983,0.0,null],[101.90899,-1.9803,0.0,null],[101.90835,-1.97951,0.0,null],[101.90754,-1.97985,0.0,null],[101.90739,-1.97921,0.0,null],[101.90633,-1.97957,0.0,null],[101.90533,-1.97852,0.0,null],[101.90194,-1.97942,0.0,null],[101.89967,-1.97942,0.0,null],[101.89789,-1.98157,0.0,null],[101.89474,-1.98112,0.0,null],[101.8941,-1.98203,0.0,null],[101.89262,-1.98239,0.0,null],[101.89268,-1.98469,0.0,null],[101.89105,-1.98526,0.0,null],[101.88932,-1.98454,0.0,null],[101.88884,-1.98366,0.0,null],[101.8895,-1.98088,0.0,null],[101.88832,-1.97891,0.0,null],[101.88857,-1.97745,0.0,null]]]]}},{"type":"Feature","properties":{"inventoryId":"big-forestry-hti:150","sector":"PBPH","subtype":"IUPHHK-HTI","quality":"OFFICIAL","sourceDataset":"big-forestry-hti","sourceRecordId":"150","source":"BIG Kebijakan Satu Peta","sourceUrl":"https://kspservices.big.go.id/satupeta/rest/services/PUBLIK/PERIZINAN_DAN_PERTANAHAN/MapServer/2","retrievedAt":"2026-08-24T04:22:31Z","geometryProcessing":"web display simplification tolerance 0.00035 degrees","name":"PT DHARA SILVA LESTARI","permitNumber":"SK. 621/Menhut-II/2009","permitDate":"2009-10-05","areaHa":15357.0,"provinceCode":"13","region":"sumatra"},"geometry":{"type":"Polygon","coordinates":[[[101.57533,-1.23216,0.0,null],[101.56117,-1.23206,0.0,null],[101.55827,-1.23295,0.0,null],[101.55778,-1.23252,0.0,null],[101.55746,-1.2336,0.0,null],[101.5556,-1.23442,0.0,null],[101.55436,-1.23374,0.0,null],[101.55162,-1.23486,0.0,null],[101.5495,-1.23404,0.0,null],[101.55055,-1.23597,0.0,null],[101.55098,-1.24093,0.0,null],[101.54743,-1.24103,0.0,null],[101.54497,-1.23398,0.0,null],[101.54314,-1.22574,0.0,null],[101.54209,-1.21535,0.0,null],[101.53908,-1.20554,0.0,null],[101.53895,-1.20079,0.0,null],[101.54044,-1.19288,0.0,null],[101.54239,-1.1871,0.0,null],[101.54199,-1.18352,0.0,null],[101.54412,-1.17621,0.0,null],[101.54482,-1.17102,0.0,null],[101.55025,-1.15828,0.0,null],[101.55899,-1.15049,0.0,null],[101.56349,-1.14783,0.0,null],[101.52438,-1.15002,0.0,null],[101.52587,-1.16287,0.0,null],[101.52491,-1.17637,0.0,null],[101.52364,-1.18413,0.0,null],[101.52213,-1.18795,0.0,null],[101.51714,-1.19725,0.0,null],[101.51658,-1.19715,0.0,null],[101.51393,-1.20323,0.0,null],[101.51059,-1.20887,0.0,null],[101.49405,-1.23187,0.0,null],[101.48254,-1.24537,0.0,null],[101.47224,-1.25362,0.0,null],[101.47632,-1.26179,0.0,null],[101.50229,-1.27359,0.0,null],[101.5174,-1.27312,0.0,null],[101.52968,-1.27784,0.0,null],[101.53204,-1.28208,0.0,null],[101.53346,-1.2868,0.0,null],[101.53346,-1.29176,0.0,null],[101.53251,-1.29671,0.0,null],[101.53015,-1.30143,0.0,null],[101.52732,-1.30544,0.0,null],[101.5234,-1.30862,0.0,null],[101.52413,-1.31062,0.0,null],[101.52324,-1.31334,0.0,null],[101.51679,-1.3196,0.0,null],[101.51385,-1.3245,0.0,null],[101.51403,-1.32776,0.0,null],[101.51562,-1.33104,0.0,null],[101.51834,-1.33427,0.0,null],[101.5215,-1.33629,0.0,null],[101.52848,-1.33603,0.0,null],[101.53434,-1.3336,0.0,null],[101.53777,-1.33138,0.0,null],[101.54564,-1.3288,0.0,null],[101.54973,-1.32861,0.0,null],[101.55409,-1.33034,0.0,null],[101.56174,-1.33535,0.0,null],[101.56449,-1.33618,0.0,null],[101.56775,-1.33551,0.0,null],[101.57054,-1.33421,0.0,null],[101.57748,-1.32957,0.0,null],[101.58028,-1.32907,0.0,null],[101.58456,-1.32996,0.0,null],[101.58581,-1.32908,0.0,null],[101.58674,-1.32735,0.0,null],[101.58767,-1.32882,0.0,null],[101.58863,-1.32824,0.0,null],[101.59064,-1.32824,0.0,null],[101.59186,-1.32662,0.0,null],[101.58996,-1.3259,0.0,null],[101.59034,-1.32355,0.0,null],[101.59339,-1.32137,0.0,null],[101.5906,-1.31869,0.0,null],[101.59062,-1.31795,0.0,null],[101.59214,-1.31467,0.0,null],[101.59407,-1.31414,0.0,null],[101.5955,-1.3147,0.0,null],[101.59653,-1.3142,0.0,null],[101.60199,-1.30812,0.0,null],[101.6014,-1.30701,0.0,null],[101.6017,-1.30295,0.0,null],[101.60273,-1.30366,0.0,null],[101.60241,-1.30492,0.0,null],[101.60314,-1.30512,0.0,null],[101.60994,-1.30116,0.0,null],[101.62535,-1.29454,0.0,null],[101.6269,-1.2912,0.0,null],[101.62787,-1.28162,0.0,null],[101.62694,-1.28043,0.0,null],[101.61278,-1.27123,0.0,null],[101.61682,-1.25852,0.0,null],[101.61317,-1.25709,0.0,null],[101.60897,-1.25663,0.0,null],[101.6061,-1.25703,0.0,null],[101.60608,-1.25849,0.0,null],[101.58993,-1.25843,0.0,null],[101.59002,-1.26488,0.0,null],[101.57379,-1.26466,0.0,null],[101.57378,-1.25028,0.0,null],[101.58995,-1.25026,0.0,null],[101.58897,-1.24599,0.0,null],[101.57757,-1.24605,0.0,null],[101.57717,-1.23319,0.0,null],[101.57533,-1.23216,0.0,null]]]}},{"type":"Feature","properties":{"inventoryId":"big-forestry-hti:214","sector":"PBPH","subtype":"IUPHHK-HTI","quality":"OFFICIAL","sourceDataset":"big-forestry-hti","sourceRecordId":"214","source":"BIG Kebijakan Satu Peta","sourceUrl":"https://kspservices.big.go.id/satupeta/rest/services/PUBLIK/PERIZINAN_DAN_PERTANAHAN/MapServer/2","retrievedAt":"2026-08-24T04:22:31Z","geometryProcessing":"web display simplification tolerance 0.00035 degrees","name":"PT EKAWANA LESTARI DARMA","permitNumber":"SK.733/Kpts-II/97","permitDate":"1997-12-01","areaHa":9300.0,"provinceCode":"14","region":"sumatra"},"geometry":{"type":"Polygon","coordinates":[[[102.15811,0.69629,0.0,null],[102.14809,0.70705,0.0,null],[102.1439,0.71333,0.0,null],[102.14027,0.72215,0.0,null],[102.13934,0.72706,0.0,null],[102.13911,0.73271,0.0,null],[102.14082,0.73932,0.0,null],[102.14654,0.75044,0.0,null],[102.15396,0.75722,0.0,null],[102.159,0.76047,0.0,null],[102.09184,0.76468,0.0,null],[102.0603,0.7256,0.0,null],[102.03663,0.67241,0.0,null],[102.07121,0.6718,0.0,null],[102.07175,0.68093,0.0,null],[102.09429,0.68144,0.0,null],[102.10176,0.68562,0.0,null],[102.12059,0.67852,0.0,null],[102.12641,0.67071,0.0,null],[102.1578,0.66928,0.0,null],[102.15811,0.69629,0.0,null]]]}},{"type":"Feature","properties":{"inventoryId":"big-forestry-hti:133","sector":"PBPH","subtype":"IUPHHK-HTI","quality":"OFFICIAL","sourceDataset":"big-forestry-hti","sourceRecordId":"133","source":"BIG Kebijakan Satu Peta","sourceUrl":"https://kspservices.big.go.id/satupeta/rest/services/PUBLIK/PERIZINAN_DAN_PERTANAHAN/MapServer/2","retrievedAt":"2026-08-24T04:22:31Z","geometryProcessing":"web display simplification tolerance 0.00035 degrees","name":"PT ESA YASA DINAMIKA","permitNumber":"10/1/IUPHHK-HTI/PMDN/2016","permitDate":"2016-07-18","areaHa":43940.0,"provinceCode":"16","region":"sumatra"},"geometry":{"type":"MultiPolygon","coordinates":[[[[102.72193,-2.66475,0.0,null],[102.72218,-2.66079,0.0,null],[102.72156,-2.65952,0.0,null],[102.72164,-2.65775,0.0,null],[102.70554,-2.66236,0.0,null],[102.69563,-2.66608,0.0,null],[102.69283,-2.66592,0.0,null],[102.68873,-2.66701,0.0,null],[102.685,-2.66979,0.0,null],[102.67965,-2.67201,0.0,null],[102.67663,-2.6725,0.0,null],[102.67385,-2.67423,0.0,null],[102.67178,-2.67284,0.0,null],[102.66869,-2.67202,0.0,null],[102.6669,-2.67245,0.0,null],[102.66417,-2.6721,0.0,null],[102.66237,-2.67352,0.0,null],[102.65791,-2.67556,0.0,null],[102.63474,-2.68406,0.0,null],[102.62929,-2.68646,0.0,null],[102.62656,-2.68833,0.0,null],[102.62005,-2.69094,0.0,null],[102.61991,-2.69676,0.0,null],[102.61542,-2.69555,0.0,null],[102.60816,-2.69522,0.0,null],[102.60455,-2.69369,0.0,null],[102.60299,-2.69371,0.0,null],[102.6007,-2.69434,0.0,null],[102.59683,-2.69727,0.0,null],[102.59223,-2.69916,0.0,null],[102.59053,-2.69932,0.0,null],[102.58913,-2.69833,0.0,null],[102.58744,-2.69987,0.0,null],[102.58579,-2.70018,0.0,null],[102.58531,-2.701,0.0,null],[102.58402,-2.70485,0.0,null],[102.58443,-2.70668,0.0,null],[102.58188,-2.70896,0.0,null],[102.57695,-2.71131,0.0,null],[102.57653,-2.71213,0.0,null],[102.56823,-2.71876,0.0,null],[102.56629,-2.72106,0.0,null],[102.56368,-2.72274,0.0,null],[102.55929,-2.72825,0.0,null],[102.55727,-2.72924,0.0,null],[102.55539,-2.72905,0.0,null],[102.55169,-2.73019,0.0,null],[102.54896,-2.72887,0.0,null],[102.54638,-2.72918,0.0,null],[102.54201,-2.73069,0.0,null],[102.5373,-2.73377,0.0,null],[102.53479,-2.73267,0.0,null],[102.5335,-2.73122,0.0,null],[102.53063,-2.73085,0.0,null],[102.52924,-2.73149,0.0,null],[102.52692,-2.73403,0.0,null],[102.52097,-2.73491,0.0,null],[102.51962,-2.7357,0.0,null],[102.51881,-2.73705,0.0,null],[102.52176,-2.74219,0.0,null],[102.52151,-2.74295,0.0,null],[102.52469,-2.7428,0.0,null],[102.52524,-2.74381,0.0,null],[102.52482,-2.74545,0.0,null],[102.52766,-2.74544,0.0,null],[102.52826,-2.74821,0.0,null],[102.5262,-2.75178,0.0,null],[102.52693,-2.75456,0.0,null],[102.52802,-2.75615,0.0,null],[102.52891,-2.75544,0.0,null],[102.53365,-2.75488,0.0,null],[102.53416,-2.75439,0.0,null],[102.53537,-2.75479,0.0,null],[102.53578,-2.75695,0.0,null],[102.53531,-2.75923,0.0,null],[102.53708,-2.76277,0.0,null],[102.54006,-2.76399,0.0,null],[102.541,-2.76339,0.0,null],[102.54161,-2.76484,0.0,null],[102.54361,-2.76636,0.0,null],[102.54435,-2.76764,0.0,null],[102.54413,-2.77076,0.0,null],[102.54474,-2.77339,0.0,null],[102.54768,-2.77283,0.0,null],[102.55139,-2.77309,0.0,null],[102.55408,-2.7766,0.0,null],[102.55872,-2.77885,0.0,null],[102.56741,-2.77863,0.0,null],[102.57101,-2.78012,0.0,null],[102.58853,-2.78072,0.0,null],[102.59302,-2.78327,0.0,null],[102.59489,-2.78287,0.0,null],[102.59589,-2.78667,0.0,null],[102.59862,-2.78689,0.0,null],[102.59958,-2.78947,0.0,null],[102.60392,-2.78917,0.0,null],[102.606,-2.79236,0.0,null],[102.60578,-2.79399,0.0,null],[102.60743,-2.79607,0.0,null],[102.61084,-2.79461,0.0,null],[102.61273,-2.79302,0.0,null],[102.6131,-2.79174,0.0,null],[102.6126,-2.78916,0.0,null],[102.61382,-2.78861,0.0,null],[102.61636,-2.78859,0.0,null],[102.62034,-2.78978,0.0,null],[102.62034,-2.79156,0.0,null],[102.62321,-2.79243,0.0,null],[102.62337,-2.79639,0.0,null],[102.62642,-2.80045,0.0,null],[102.62692,-2.80555,0.0,null],[102.62586,-2.81004,0.0,null],[102.62757,-2.82391,0.0,null],[102.62888,-2.82453,0.0,null],[102.63098,-2.82348,0.0,null],[102.63518,-2.82357,0.0,null],[102.64462,-2.82764,0.0,null],[102.64618,-2.82975,0.0,null],[102.64608,-2.83275,0.0,null],[102.6472,-2.83799,0.0,null],[102.65192,-2.83914,0.0,null],[102.65253,-2.84258,0.0,null],[102.65357,-2.84355,0.0,null],[102.65506,-2.84417,0.0,null],[102.65881,-2.84391,0.0,null],[102.66445,-2.85007,0.0,null],[102.66511,-2.84934,0.0,null],[102.66725,-2.84923,0.0,null],[102.67027,-2.84958,0.0,null],[102.67272,-2.85052,0.0,null],[102.68178,-2.8511,0.0,null],[102.69307,-2.86594,0.0,null],[102.69601,-2.86522,0.0,null],[102.70513,-2.86641,0.0,null],[102.71187,-2.86638,0.0,null],[102.71644,-2.86735,0.0,null],[102.72931,-2.86767,0.0,null],[102.7449,-2.8696,0.0,null],[102.75144,-2.86926,0.0,null],[102.75246,-2.87001,0.0,null],[102.75296,-2.8641,0.0,null],[102.75568,-2.8552,0.0,null],[102.75633,-2.85081,0.0,null],[102.75825,-2.84706,0.0,null],[102.76159,-2.84353,0.0,null],[102.77003,-2.83194,0.0,null],[102.77441,-2.82739,0.0,null],[102.77618,-2.82379,0.0,null],[102.78567,-2.81383,0.0,null],[102.78498,-2.81181,0.0,null],[102.78635,-2.80907,0.0,null],[102.78987,-2.80715,0.0,null],[102.79213,-2.80383,0.0,null],[102.79412,-2.80233,0.0,null],[102.79314,-2.80199,0.0,null],[102.79573,-2.79423,0.0,null],[102.79863,-2.79022,0.0,null],[102.80191,-2.7818,0.0,null],[102.80245,-2.77881,0.0,null],[102.80177,-2.7777,0.0,null],[102.80183,-2.77642,0.0,null],[102.80275,-2.77536,0.0,null],[102.8039,-2.76963,0.0,null],[102.80606,-2.76347,0.0,null],[102.80778,-2.76236,0.0,null],[102.80981,-2.75969,0.0,null],[102.8117,-2.74681,0.0,null],[102.81142,-2.74228,0.0,null],[102.81026,-2.73921,0.0,null],[102.80282,-2.72853,0.0,null],[102.79688,-2.72227,0.0,null],[102.78883,-2.71741,0.0,null],[102.78193,-2.71157,0.0,null],[102.78023,-2.70492,0.0,null],[102.77996,-2.69903,0.0,null],[102.77849,-2.69334,0.0,null],[102.77557,-2.69155,0.0,null],[102.77418,-2.69201,0.0,null],[102.77315,-2.6909,0.0,null],[102.77245,-2.69086,0.0,null],[102.77226,-2.68973,0.0,null],[102.7644,-2.68616,0.0,null],[102.75462,-2.67867,0.0,null],[102.75298,-2.67855,0.0,null],[102.75236,-2.67778,0.0,null],[102.75248,-2.677,0.0,null],[102.75041,-2.67542,0.0,null],[102.75029,-2.67603,0.0,null],[102.7498,-2.67577,0.0,null],[102.74957,-2.67498,0.0,null],[102.74452,-2.67555,0.0,null],[102.7447,-2.67441,0.0,null],[102.74322,-2.67318,0.0,null],[102.74161,-2.67273,0.0,null],[102.74132,-2.67133,0.0,null],[102.73978,-2.67245,0.0,null],[102.73946,-2.6719,0.0,null],[102.73663,-2.67286,0.0,null],[102.72972,-2.67701,0.0,null],[102.72567,-2.6764,0.0,null],[102.72259,-2.67448,0.0,null],[102.71984,-2.67398,0.0,null],[102.71976,-2.67251,0.0,null],[102.7235,-2.66852,0.0,null],[102.72193,-2.66475,0.0,null]],[[102.60588,-2.71084,0.0,null],[102.60588,-2.70349,0.0,null],[102.61568,-2.70348,0.0,null],[102.61565,-2.71616,0.0,null],[102.61224,-2.71615,0.0,null],[102.61224,-2.71797,0.0,null],[102.60953,-2.71797,0.0,null],[102.60955,-2.72786,0.0,null],[102.59598,-2.72781,0.0,null],[102.59598,-2.72147,0.0,null],[102.60055,-2.72146,0.0,null],[102.60055,-2.71174,0.0,null],[102.60589,-2.71174,0.0,null],[102.60588,-2.71084,0.0,null]]],[[[102.70193,-2.58291,0.0,null],[102.7021,-2.58187,0.0,null],[102.701,-2.58291,0.0,null],[102.70004,-2.5824,0.0,null],[102.69998,-2.58308,0.0,null],[102.69894,-2.58368,0.0,null],[102.69756,-2.5826,0.0,null],[102.69516,-2.58574,0.0,null],[102.69448,-2.58577,0.0,null],[102.69504,-2.58661,0.0,null],[102.69431,-2.58732,0.0,null],[102.69428,-2.58828,0.0,null],[102.69358,-2.58817,0.0,null],[102.69293,-2.58898,0.0,null],[102.69185,-2.58853,0.0,null],[102.69154,-2.5898,0.0,null],[102.6901,-2.58989,0.0,null],[102.68872,-2.58918,0.0,null],[102.68827,-2.59037,0.0,null],[102.68779,-2.5898,0.0,null],[102.68604,-2.58966,0.0,null],[102.68623,-2.59184,0.0,null],[102.68386,-2.59232,0.0,null],[102.684,-2.59291,0.0,null],[102.68313,-2.59328,0.0,null],[102.6833,-2.59508,0.0,null],[102.68174,-2.59477,0.0,null],[102.6803,-2.59548,0.0,null],[102.68061,-2.59695,0.0,null],[102.67943,-2.59779,0.0,null],[102.68033,-2.59875,0.0,null],[102.68059,-2.60002,0.0,null],[102.67985,-2.60175,0.0,null],[102.67985,-2.60347,0.0,null],[102.68053,-2.6042,0.0,null],[102.67892,-2.60672,0.0,null],[102.67923,-2.60909,0.0,null],[102.67844,-2.61101,0.0,null],[102.67508,-2.61073,0.0,null],[102.67279,-2.61126,0.0,null],[102.67034,-2.6125,0.0,null],[102.66963,-2.61372,0.0,null],[102.66859,-2.61363,0.0,null],[102.66734,-2.61553,0.0,null],[102.66647,-2.61587,0.0,null],[102.66364,-2.61454,0.0,null],[102.66062,-2.61637,0.0,null],[102.65904,-2.61499,0.0,null],[102.65729,-2.61561,0.0,null],[102.6554,-2.61541,0.0,null],[102.65328,-2.61646,0.0,null],[102.65193,-2.61618,0.0,null],[102.64961,-2.61677,0.0,null],[102.64828,-2.61623,0.0,null],[102.64014,-2.62228,0.0,null],[102.64267,-2.63273,0.0,null],[102.64402,-2.64383,0.0,null],[102.64419,-2.64714,0.0,null],[102.64243,-2.65165,0.0,null],[102.64578,-2.64953,0.0,null],[102.64664,-2.65005,0.0,null],[102.64713,-2.64812,0.0,null],[102.6487,-2.64807,0.0,null],[102.64728,-2.62759,0.0,null],[102.66584,-2.62814,0.0,null],[102.66538,-2.64873,0.0,null],[102.66621,-2.64686,0.0,null],[102.67564,-2.63624,0.0,null],[102.67049,-2.63505,0.0,null],[102.67427,-2.63333,0.0,null],[102.686,-2.62927,0.0,null],[102.6896,-2.63353,0.0,null],[102.69405,-2.63699,0.0,null],[102.69665,-2.64085,0.0,null],[102.69839,-2.62866,0.0,null],[102.70409,-2.63529,0.0,null],[102.71143,-2.6286,0.0,null],[102.71412,-2.62745,0.0,null],[102.71615,-2.62536,0.0,null],[102.72004,-2.62436,0.0,null],[102.71947,-2.62355,0.0,null],[102.71802,-2.62309,0.0,null],[102.71682,-2.62093,0.0,null],[102.71699,-2.6203,0.0,null],[102.71591,-2.61958,0.0,null],[102.71637,-2.61782,0.0,null],[102.71748,-2.61636,0.0,null],[102.71669,-2.61498,0.0,null],[102.71812,-2.61302,0.0,null],[102.71735,-2.61176,0.0,null],[102.71675,-2.60856,0.0,null],[102.71345,-2.60413,0.0,null],[102.71248,-2.60156,0.0,null],[102.71059,-2.59958,0.0,null],[102.71046,-2.59684,0.0,null],[102.71103,-2.59552,0.0,null],[102.71058,-2.5938,0.0,null],[102.70969,-2.59262,0.0,null],[102.70895,-2.5925,0.0,null],[102.70966,-2.59129,0.0,null],[102.70872,-2.59132,0.0,null],[102.70459,-2.58608,0.0,null],[102.70397,-2.5841,0.0,null],[102.70428,-2.58255,0.0,null],[102.70193,-2.58291,0.0,null]]],[[[102.56072,-2.78225,0.0,null],[102.5582,-2.77956,0.0,null],[102.55555,-2.77781,0.0,null],[102.5481,-2.7778,0.0,null],[102.5471,-2.77837,0.0,null],[102.54572,-2.78559,0.0,null],[102.54735,-2.7855,0.0,null],[102.54847,-2.78776,0.0,null],[102.54834,-2.78896,0.0,null],[102.54944,-2.787,0.0,null],[102.55089,-2.78763,0.0,null],[102.55244,-2.7856,0.0,null],[102.55277,-2.78389,0.0,null],[102.55374,-2.78349,0.0,null],[102.55539,-2.7859,0.0,null],[102.55691,-2.78463,0.0,null],[102.56033,-2.78312,0.0,null],[102.562,-2.78727,0.0,null],[102.56128,-2.78869,0.0,null],[102.56258,-2.78935,0.0,null],[102.56385,-2.78802,0.0,null],[102.56337,-2.7874,0.0,null],[102.56486,-2.78569,0.0,null],[102.56731,-2.7868,0.0,null],[102.56862,-2.78639,0.0,null],[102.57036,-2.78725,0.0,null],[102.57137,-2.78643,0.0,null],[102.5715,-2.78508,0.0,null],[102.57098,-2.78388,0.0,null],[102.56566,-2.78387,0.0,null],[102.56445,-2.78252,0.0,null],[102.56072,-2.78225,0.0,null]]]]}},{"type":"Feature","properties":{"inventoryId":"big-forestry-hti:135","sector":"PBPH","subtype":"IUPHHK-HTI","quality":"OFFICIAL","sourceDataset":"big-forestry-hti","sourceRecordId":"135","source":"BIG Kebijakan Satu Peta","sourceUrl":"https://kspservices.big.go.id/satupeta/rest/services/PUBLIK/PERIZINAN_DAN_PERTANAHAN/MapServer/2","retrievedAt":"2026-08-24T04:22:31Z","geometryProcessing":"web display simplification tolerance 0.00035 degrees","name":"PT GADING KARYA MAKMUR","permitNumber":"SK.157/Menhut-II/2014","permitDate":"2014-02-18","areaHa":27703.0,"provinceCode":"15","region":"sumatra"},"geometry":{"type":"MultiPolygon","coordinates":[[[[102.56158,-2.54503,0.0,null],[102.56695,-2.54308,0.0,null],[102.57095,-2.54086,0.0,null],[102.56364,-2.53029,0.0,null],[102.55313,-2.53504,0.0,null],[102.54643,-2.53716,0.0,null],[102.53554,-2.54174,0.0,null],[102.52752,-2.55939,0.0,null],[102.50437,-2.56752,0.0,null],[102.50351,-2.58015,0.0,null],[102.4899,-2.66178,0.0,null],[102.49425,-2.66969,0.0,null],[102.50434,-2.68574,0.0,null],[102.5112,-2.69218,0.0,null],[102.52173,-2.68266,0.0,null],[102.52443,-2.67955,0.0,null],[102.5413,-2.67647,0.0,null],[102.55623,-2.67963,0.0,null],[102.56295,-2.67707,0.0,null],[102.57455,-2.67606,0.0,null],[102.57925,-2.67814,0.0,null],[102.59698,-2.68908,0.0,null],[102.60162,-2.6873,0.0,null],[102.60323,-2.68748,0.0,null],[102.60424,-2.68611,0.0,null],[102.60091,-2.68385,0.0,null],[102.60079,-2.68266,0.0,null],[102.60275,-2.68195,0.0,null],[102.60297,-2.68011,0.0,null],[102.60114,-2.67885,0.0,null],[102.59978,-2.67873,0.0,null],[102.60114,-2.67635,0.0,null],[102.60013,-2.67362,0.0,null],[102.60177,-2.66738,0.0,null],[102.60424,-2.66303,0.0,null],[102.60787,-2.66463,0.0,null],[102.609,-2.65964,0.0,null],[102.61459,-2.65363,0.0,null],[102.61376,-2.65101,0.0,null],[102.61218,-2.64934,0.0,null],[102.61352,-2.64545,0.0,null],[102.6126,-2.6428,0.0,null],[102.61295,-2.63587,0.0,null],[102.61359,-2.63366,0.0,null],[102.61059,-2.63095,0.0,null],[102.61366,-2.62548,0.0,null],[102.61195,-2.62117,0.0,null],[102.56799,-2.62277,0.0,null],[102.56807,-2.62037,0.0,null],[102.56992,-2.62132,0.0,null],[102.57087,-2.62025,0.0,null],[102.56902,-2.61876,0.0,null],[102.57045,-2.61448,0.0,null],[102.57212,-2.61418,0.0,null],[102.57141,-2.6121,0.0,null],[102.57366,-2.6118,0.0,null],[102.57263,-2.60974,0.0,null],[102.57295,-2.60918,0.0,null],[102.57527,-2.61055,0.0,null],[102.5758,-2.61025,0.0,null],[102.57539,-2.60829,0.0,null],[102.5764,-2.60799,0.0,null],[102.5769,-2.60651,0.0,null],[102.57489,-2.60587,0.0,null],[102.57575,-2.60475,0.0,null],[102.57794,-2.60521,0.0,null],[102.58727,-2.59214,0.0,null],[102.58812,-2.58163,0.0,null],[102.58441,-2.57858,0.0,null],[102.58218,-2.57815,0.0,null],[102.57804,-2.57858,0.0,null],[102.57356,-2.57963,0.0,null],[102.56504,-2.58286,0.0,null],[102.56024,-2.58215,0.0,null],[102.55748,-2.58244,0.0,null],[102.54976,-2.58563,0.0,null],[102.54325,-2.55445,0.0,null],[102.55216,-2.54959,0.0,null],[102.55524,-2.54542,0.0,null],[102.55764,-2.54577,0.0,null],[102.56158,-2.54503,0.0,null]]],[[[102.4084,-2.3774,0.0,null],[102.40708,-2.37588,0.0,null],[102.40581,-2.37162,0.0,null],[102.39833,-2.35358,0.0,null],[102.39687,-2.34268,0.0,null],[102.39462,-2.33799,0.0,null],[102.39018,-2.34248,0.0,null],[102.38281,-2.34848,0.0,null],[102.38031,-2.35158,0.0,null],[102.379,-2.35574,0.0,null],[102.38031,-2.3627,0.0,null],[102.37995,-2.36526,0.0,null],[102.37894,-2.36776,0.0,null],[102.37704,-2.36847,0.0,null],[102.37329,-2.36877,0.0,null],[102.37043,-2.37037,0.0,null],[102.36984,-2.37198,0.0,null],[102.37127,-2.37632,0.0,null],[102.36936,-2.37805,0.0,null],[102.36663,-2.3787,0.0,null],[102.3586,-2.37912,0.0,null],[102.35318,-2.38715,0.0,null],[102.35057,-2.38733,0.0,null],[102.34777,-2.38905,0.0,null],[102.34182,-2.3884,0.0,null],[102.34015,-2.38893,0.0,null],[102.33825,-2.39203,0.0,null],[102.33813,-2.39845,0.0,null],[102.33712,-2.39911,0.0,null],[102.33552,-2.39768,0.0,null],[102.33117,-2.39649,0.0,null],[102.32112,-2.39589,0.0,null],[102.31809,-2.39482,0.0,null],[102.3163,-2.39346,0.0,null],[102.31065,-2.39393,0.0,null],[102.30488,-2.3953,0.0,null],[102.30327,-2.39238,0.0,null],[102.3029,-2.3818,0.0,null],[102.29662,-2.38608,0.0,null],[102.29234,-2.38594,0.0,null],[102.28791,-2.38194,0.0,null],[102.28948,-2.36152,0.0,null],[102.29077,-2.3581,0.0,null],[102.29091,-2.35281,0.0,null],[102.28734,-2.35253,0.0,null],[102.27378,-2.35781,0.0,null],[102.27164,-2.36038,0.0,null],[102.26607,-2.36352,0.0,null],[102.26305,-2.38027,0.0,null],[102.26464,-2.37935,0.0,null],[102.27947,-2.3869,0.0,null],[102.28374,-2.39479,0.0,null],[102.29227,-2.41302,0.0,null],[102.30661,-2.41994,0.0,null],[102.31746,-2.42625,0.0,null],[102.32529,-2.42368,0.0,null],[102.33976,-2.4092,0.0,null],[102.34947,-2.40048,0.0,null],[102.36766,-2.41347,0.0,null],[102.35159,-2.44965,0.0,null],[102.49252,-2.41651,0.0,null],[102.49147,-2.41418,0.0,null],[102.48792,-2.41066,0.0,null],[102.48766,-2.40962,0.0,null],[102.47924,-2.40528,0.0,null],[102.47318,-2.40449,0.0,null],[102.47286,-2.40315,0.0,null],[102.4736,-2.40358,0.0,null],[102.47385,-2.40061,0.0,null],[102.47493,-2.40011,0.0,null],[102.4743,-2.40112,0.0,null],[102.4755,-2.40305,0.0,null],[102.47594,-2.40219,0.0,null],[102.47673,-2.40226,0.0,null],[102.4767,-2.40147,0.0,null],[102.47821,-2.40248,0.0,null],[102.47856,-2.40137,0.0,null],[102.48004,-2.40242,0.0,null],[102.48396,-2.40166,0.0,null],[102.48788,-2.40166,0.0,null],[102.4923,-2.39888,0.0,null],[102.49312,-2.39907,0.0,null],[102.49379,-2.39806,0.0,null],[102.49619,-2.39799,0.0,null],[102.49739,-2.3991,0.0,null],[102.4983,-2.39916,0.0,null],[102.50089,-2.3984,0.0,null],[102.50197,-2.39746,0.0,null],[102.5074,-2.39705,0.0,null],[102.5111,-2.39446,0.0,null],[102.51624,-2.39291,0.0,null],[102.51906,-2.39051,0.0,null],[102.52357,-2.38785,0.0,null],[102.52566,-2.3827,0.0,null],[102.52477,-2.38018,0.0,null],[102.52578,-2.37844,0.0,null],[102.52749,-2.37784,0.0,null],[102.5328,-2.37377,0.0,null],[102.53327,-2.37402,0.0,null],[102.53431,-2.3731,0.0,null],[102.53971,-2.37117,0.0,null],[102.54572,-2.36713,0.0,null],[102.54843,-2.36603,0.0,null],[102.55184,-2.36274,0.0,null],[102.55497,-2.35882,0.0,null],[102.55769,-2.35023,0.0,null],[102.55652,-2.34587,0.0,null],[102.54932,-2.34846,0.0,null],[102.54679,-2.34812,0.0,null],[102.54613,-2.34736,0.0,null],[102.53911,-2.34511,0.0,null],[102.52421,-2.34278,0.0,null],[102.52234,-2.34309,0.0,null],[102.52073,-2.34489,0.0,null],[102.52004,-2.34439,0.0,null],[102.51855,-2.34521,0.0,null],[102.51659,-2.34338,0.0,null],[102.51536,-2.34486,0.0,null],[102.51438,-2.34493,0.0,null],[102.5135,-2.34635,0.0,null],[102.51372,-2.34837,0.0,null],[102.51302,-2.34884,0.0,null],[102.50781,-2.34676,0.0,null],[102.50557,-2.34805,0.0,null],[102.50181,-2.34704,0.0,null],[102.49805,-2.34812,0.0,null],[102.4978,-2.34988,0.0,null],[102.49704,-2.35048,0.0,null],[102.4917,-2.34878,0.0,null],[102.48696,-2.34511,0.0,null],[102.48431,-2.34442,0.0,null],[102.48219,-2.34511,0.0,null],[102.48159,-2.34578,0.0,null],[102.48118,-2.34985,0.0,null],[102.48222,-2.36239,0.0,null],[102.48497,-2.36159,0.0,null],[102.48445,-2.35978,0.0,null],[102.48545,-2.35964,0.0,null],[102.49022,-2.36274,0.0,null],[102.49143,-2.36252,0.0,null],[102.49151,-2.35965,0.0,null],[102.49329,-2.35916,0.0,null],[102.49443,-2.3598,0.0,null],[102.49508,-2.3588,0.0,null],[102.49708,-2.35816,0.0,null],[102.49886,-2.35902,0.0,null],[102.50306,-2.36269,0.0,null],[102.50584,-2.36097,0.0,null],[102.50705,-2.36456,0.0,null],[102.50662,-2.36564,0.0,null],[102.50505,-2.36657,0.0,null],[102.49956,-2.36526,0.0,null],[102.49592,-2.36641,0.0,null],[102.49435,-2.37009,0.0,null],[102.49543,-2.37363,0.0,null],[102.49921,-2.3745,0.0,null],[102.50133,-2.37899,0.0,null],[102.50559,-2.38158,0.0,null],[102.5055,-2.38265,0.0,null],[102.50464,-2.384,0.0,null],[102.50037,-2.38571,0.0,null],[102.4983,-2.38512,0.0,null],[102.49616,-2.38629,0.0,null],[102.49461,-2.38612,0.0,null],[102.4905,-2.3895,0.0,null],[102.49,-2.39051,0.0,null],[102.48747,-2.39022,0.0,null],[102.48728,-2.39149,0.0,null],[102.48541,-2.39101,0.0,null],[102.47455,-2.39357,0.0,null],[102.46656,-2.39695,0.0,null],[102.45771,-2.40153,0.0,null],[102.45102,-2.40355,0.0,null],[102.44388,-2.40349,0.0,null],[102.4404,-2.40279,0.0,null],[102.41633,-2.39051,0.0,null],[102.4084,-2.3774,0.0,null]]]]}},{"type":"Feature","properties":{"inventoryId":"big-forestry-hti:134","sector":"PBPH","subtype":"IUPHHK-HTI","quality":"OFFICIAL","sourceDataset":"big-forestry-hti","sourceRecordId":"134","source":"BIG Kebijakan Satu Peta","sourceUrl":"https://kspservices.big.go.id/satupeta/rest/services/PUBLIK/PERIZINAN_DAN_PERTANAHAN/MapServer/2","retrievedAt":"2026-08-24T04:22:31Z","geometryProcessing":"web display simplification tolerance 0.00035 degrees","name":"PT HIJAU ARTHA NUSA","permitNumber":"SK.183/Menhut-II/2013","permitDate":"2013-03-24","areaHa":32620.0,"provinceCode":"15","region":"sumatra"},"geometry":{"type":"MultiPolygon","coordinates":[[[[102.18839,-1.82029,0.0,null],[102.18416,-1.81821,0.0,null],[102.18083,-1.8128,0.0,null],[102.17702,-1.80988,0.0,null],[102.17509,-1.81026,0.0,null],[102.17642,-1.81308,0.0,null],[102.17549,-1.81515,0.0,null],[102.17418,-1.81619,0.0,null],[102.17366,-1.81943,0.0,null],[102.17265,-1.82168,0.0,null],[102.16943,-1.82117,0.0,null],[102.16617,-1.8195,0.0,null],[102.16576,-1.81869,0.0,null],[102.16384,-1.81853,0.0,null],[102.15784,-1.82708,0.0,null],[102.15644,-1.82939,0.0,null],[102.15607,-1.83123,0.0,null],[102.15347,-1.83422,0.0,null],[102.15033,-1.83655,0.0,null],[102.14893,-1.83849,0.0,null],[102.1467,-1.83762,0.0,null],[102.1438,-1.83871,0.0,null],[102.14182,-1.84049,0.0,null],[102.13993,-1.83962,0.0,null],[102.13805,-1.84038,0.0,null],[102.13668,-1.83978,0.0,null],[102.13396,-1.84055,0.0,null],[102.13244,-1.84399,0.0,null],[102.13304,-1.8465,0.0,null],[102.13479,-1.84846,0.0,null],[102.13509,-1.84978,0.0,null],[102.13438,-1.85051,0.0,null],[102.134,-1.85317,0.0,null],[102.13186,-1.85496,0.0,null],[102.13244,-1.85711,0.0,null],[102.13143,-1.85847,0.0,null],[102.13019,-1.85807,0.0,null],[102.12881,-1.85853,0.0,null],[102.128,-1.8615,0.0,null],[102.1267,-1.86199,0.0,null],[102.12508,-1.86381,0.0,null],[102.12408,-1.86381,0.0,null],[102.12163,-1.86552,0.0,null],[102.12047,-1.86987,0.0,null],[102.12208,-1.87321,0.0,null],[102.12176,-1.87645,0.0,null],[102.12107,-1.87713,0.0,null],[102.11953,-1.87632,0.0,null],[102.11487,-1.87752,0.0,null],[102.11161,-1.87909,0.0,null],[102.10924,-1.87921,0.0,null],[102.10837,-1.87882,0.0,null],[102.10769,-1.8768,0.0,null],[102.10619,-1.87593,0.0,null],[102.10363,-1.87682,0.0,null],[102.10173,-1.87554,0.0,null],[102.10004,-1.87653,0.0,null],[102.09858,-1.87585,0.0,null],[102.09792,-1.87469,0.0,null],[102.09863,-1.87371,0.0,null],[102.09677,-1.87127,0.0,null],[102.09369,-1.86958,0.0,null],[102.0911,-1.86863,0.0,null],[102.08988,-1.86894,0.0,null],[102.08778,-1.8676,0.0,null],[102.08662,-1.86805,0.0,null],[102.08303,-1.86772,0.0,null],[102.08142,-1.86879,0.0,null],[102.08269,-1.87158,0.0,null],[102.08113,-1.87094,0.0,null],[102.07917,-1.87187,0.0,null],[102.07805,-1.87397,0.0,null],[102.07839,-1.87519,0.0,null],[102.07604,-1.8772,0.0,null],[102.07526,-1.87935,0.0,null],[102.06949,-1.88062,0.0,null],[102.06744,-1.88165,0.0,null],[102.06393,-1.88077,0.0,null],[102.06014,-1.89613,0.0,null],[102.06053,-1.89673,0.0,null],[102.06906,-1.89863,0.0,null],[102.07414,-1.89906,0.0,null],[102.07696,-1.89909,0.0,null],[102.08624,-1.89732,0.0,null],[102.08665,-1.89899,0.0,null],[102.08734,-1.89915,0.0,null],[102.08843,-1.9019,0.0,null],[102.08685,-1.90534,0.0,null],[102.08836,-1.90717,0.0,null],[102.08937,-1.90709,0.0,null],[102.09036,-1.90854,0.0,null],[102.08915,-1.90957,0.0,null],[102.08914,-1.91148,0.0,null],[102.08707,-1.91164,0.0,null],[102.08421,-1.91416,0.0,null],[102.08568,-1.91388,0.0,null],[102.0869,-1.91477,0.0,null],[102.08737,-1.91424,0.0,null],[102.08818,-1.91453,0.0,null],[102.09002,-1.91397,0.0,null],[102.09612,-1.91633,0.0,null],[102.09693,-1.9154,0.0,null],[102.09766,-1.9155,0.0,null],[102.1007,-1.91683,0.0,null],[102.10089,-1.91752,0.0,null],[102.10323,-1.91814,0.0,null],[102.10323,-1.9054,0.0,null],[102.11152,-1.90585,0.0,null],[102.11861,-1.90706,0.0,null],[102.12147,-1.90631,0.0,null],[102.12539,-1.90736,0.0,null],[102.1275,-1.90932,0.0,null],[102.12841,-1.91113,0.0,null],[102.12901,-1.91445,0.0,null],[102.13308,-1.92304,0.0,null],[102.13655,-1.92048,0.0,null],[102.14363,-1.91927,0.0,null],[102.14816,-1.92003,0.0,null],[102.15554,-1.9149,0.0,null],[102.17394,-1.90646,0.0,null],[102.17635,-1.9042,0.0,null],[102.18359,-1.895,0.0,null],[102.18494,-1.89063,0.0,null],[102.1869,-1.88867,0.0,null],[102.18962,-1.88686,0.0,null],[102.20211,-1.88592,0.0,null],[102.20323,-1.87608,0.0,null],[102.20842,-1.87395,0.0,null],[102.21196,-1.87045,0.0,null],[102.21991,-1.87003,0.0,null],[102.22693,-1.86399,0.0,null],[102.22921,-1.85603,0.0,null],[102.22832,-1.84585,0.0,null],[102.22263,-1.82582,0.0,null],[102.2215,-1.82356,0.0,null],[102.21844,-1.82286,0.0,null],[102.21111,-1.82827,0.0,null],[102.20873,-1.82838,0.0,null],[102.20451,-1.82285,0.0,null],[102.1982,-1.82261,0.0,null],[102.19207,-1.82416,0.0,null],[102.18839,-1.82029,0.0,null]]],[[[102.51145,-2.45181,0.0,null],[102.51126,-2.45087,0.0,null],[102.5064,-2.4444,0.0,null],[102.50228,-2.44017,0.0,null],[102.4969,-2.42974,0.0,null],[102.49252,-2.41651,0.0,null],[102.35159,-2.44965,0.0,null],[102.35664,-2.47499,0.0,null],[102.35707,-2.47407,0.0,null],[102.35896,-2.4741,0.0,null],[102.36049,-2.4731,0.0,null],[102.36262,-2.46898,0.0,null],[102.36424,-2.4677,0.0,null],[102.36552,-2.46346,0.0,null],[102.36556,-2.46152,0.0,null],[102.36751,-2.46065,0.0,null],[102.36789,-2.45903,0.0,null],[102.36963,-2.45827,0.0,null],[102.37278,-2.45837,0.0,null],[102.37787,-2.45641,0.0,null],[102.37954,-2.45737,0.0,null],[102.38355,-2.45808,0.0,null],[102.38409,-2.45737,0.0,null],[102.38881,-2.45653,0.0,null],[102.38931,-2.45516,0.0,null],[102.39257,-2.45395,0.0,null],[102.39449,-2.4547,0.0,null],[102.39741,-2.45215,0.0,null],[102.40155,-2.45311,0.0,null],[102.40384,-2.45532,0.0,null],[102.40789,-2.45666,0.0,null],[102.40948,-2.45791,0.0,null],[102.41136,-2.45804,0.0,null],[102.41269,-2.45733,0.0,null],[102.41537,-2.45754,0.0,null],[102.41683,-2.45641,0.0,null],[102.41791,-2.45645,0.0,null],[102.41875,-2.45745,0.0,null],[102.42305,-2.45729,0.0,null],[102.4238,-2.45942,0.0,null],[102.42551,-2.46142,0.0,null],[102.42647,-2.46372,0.0,null],[102.4261,-2.46522,0.0,null],[102.42731,-2.46793,0.0,null],[102.42823,-2.46793,0.0,null],[102.42843,-2.46956,0.0,null],[102.43132,-2.47303,0.0,null],[102.43244,-2.47286,0.0,null],[102.4334,-2.47353,0.0,null],[102.4339,-2.47578,0.0,null],[102.4347,-2.47608,0.0,null],[102.43583,-2.47783,0.0,null],[102.43695,-2.47829,0.0,null],[102.43791,-2.48134,0.0,null],[102.44134,-2.48438,0.0,null],[102.44852,-2.48919,0.0,null],[102.44764,-2.49524,0.0,null],[102.44631,-2.49962,0.0,null],[102.44297,-2.49988,0.0,null],[102.44068,-2.50066,0.0,null],[102.4328,-2.50103,0.0,null],[102.43055,-2.50168,0.0,null],[102.42643,-2.50425,0.0,null],[102.42176,-2.50605,0.0,null],[102.41839,-2.51033,0.0,null],[102.42009,-2.5117,0.0,null],[102.42003,-2.51267,0.0,null],[102.42185,-2.51449,0.0,null],[102.42299,-2.51838,0.0,null],[102.42292,-2.52474,0.0,null],[102.42438,-2.53636,0.0,null],[102.43379,-2.54031,0.0,null],[102.43451,-2.54012,0.0,null],[102.43874,-2.54237,0.0,null],[102.44749,-2.53133,0.0,null],[102.45505,-2.53097,0.0,null],[102.48111,-2.55791,0.0,null],[102.48092,-2.5559,0.0,null],[102.47834,-2.54798,0.0,null],[102.47801,-2.54506,0.0,null],[102.47827,-2.54319,0.0,null],[102.48066,-2.53731,0.0,null],[102.48051,-2.52998,0.0,null],[102.48253,-2.51932,0.0,null],[102.48489,-2.513,0.0,null],[102.48668,-2.50488,0.0,null],[102.48956,-2.49546,0.0,null],[102.49678,-2.48446,0.0,null],[102.4969,-2.48151,0.0,null],[102.49742,-2.48091,0.0,null],[102.49682,-2.47926,0.0,null],[102.4994,-2.47204,0.0,null],[102.51115,-2.45985,0.0,null],[102.51272,-2.45622,0.0,null],[102.51257,-2.4542,0.0,null],[102.51145,-2.45181,0.0,null]]],[[[102.01627,-1.94856,0.0,null],[102.01341,-1.94868,0.0,null],[102.01365,-1.94989,0.0,null],[102.01313,-1.95025,0.0,null],[102.00929,-1.95074,0.0,null],[102.00828,-1.95255,0.0,null],[102.00893,-1.95324,0.0,null],[102.00861,-1.95384,0.0,null],[102.00724,-1.95392,0.0,null],[102.00562,-1.95271,0.0,null],[102.0049,-1.95328,0.0,null],[102.00397,-1.95154,0.0,null],[102.00364,-1.95283,0.0,null],[101.99944,-1.95318,0.0,null],[101.99937,-1.95623,0.0,null],[101.9983,-1.95604,0.0,null],[101.99725,-1.95471,0.0,null],[101.99467,-1.95657,0.0,null],[101.99362,-1.95862,0.0,null],[101.99215,-1.95952,0.0,null],[101.98991,-1.95981,0.0,null],[101.9842,-1.959,0.0,null],[101.98339,-1.95805,0.0,null],[101.98349,-1.95638,0.0,null],[101.97687,-1.95681,0.0,null],[101.97668,-1.96105,0.0,null],[101.97825,-1.96295,0.0,null],[101.98453,-1.96604,0.0,null],[101.98539,-1.96752,0.0,null],[101.98863,-1.97056,0.0,null],[101.99781,-1.97485,0.0,null],[101.99829,-1.97689,0.0,null],[102.00024,-1.97842,0.0,null],[101.9999,-1.98075,0.0,null],[101.99895,-1.98127,0.0,null],[101.99548,-1.98108,0.0,null],[101.99239,-1.97951,0.0,null],[101.98853,-1.98022,0.0,null],[101.98677,-1.98484,0.0,null],[101.98654,-1.9876,0.0,null],[101.98767,-1.99017,0.0,null],[102.00593,-1.99742,0.0,null],[102.00684,-2.00611,0.0,null],[102.01819,-2.01134,0.0,null],[102.01664,-2.01491,0.0,null],[102.01279,-2.01487,0.0,null],[102.00907,-2.01177,0.0,null],[102.00644,-2.01126,0.0,null],[102.00398,-2.01329,0.0,null],[102.00308,-2.01339,0.0,null],[102.00008,-2.01068,0.0,null],[101.99761,-2.01234,0.0,null],[101.99584,-2.01244,0.0,null],[101.99504,-2.00844,0.0,null],[101.99389,-2.00697,0.0,null],[101.99179,-2.00686,0.0,null],[101.98975,-2.00597,0.0,null],[101.99051,-2.01177,0.0,null],[101.99266,-2.01901,0.0,null],[101.9975,-2.03119,0.0,null],[102.00417,-2.03508,0.0,null],[102.01231,-2.0373,0.0,null],[102.02809,-2.03928,0.0,null],[102.04427,-2.03882,0.0,null],[102.04393,-2.03801,0.0,null],[102.04094,-2.03744,0.0,null],[102.04003,-2.03819,0.0,null],[102.03956,-2.03661,0.0,null],[102.03998,-2.03383,0.0,null],[102.03943,-2.0317,0.0,null],[102.03826,-2.03009,0.0,null],[102.0411,-2.02226,0.0,null],[102.04282,-2.02113,0.0,null],[102.04581,-2.02259,0.0,null],[102.05005,-2.01802,0.0,null],[102.05163,-2.01782,0.0,null],[102.05176,-2.01629,0.0,null],[102.05393,-2.01382,0.0,null],[102.05486,-2.014,0.0,null],[102.05567,-2.00033,0.0,null],[102.06091,-2.00309,0.0,null],[102.063,-2.00242,0.0,null],[102.06452,-2.00119,0.0,null],[102.06443,-1.99814,0.0,null],[102.07661,-1.99662,0.0,null],[102.08432,-1.99386,0.0,null],[102.08679,-1.99148,0.0,null],[102.0927,-1.9891,0.0,null],[102.09407,-2.01604,0.0,null],[102.09543,-2.01586,0.0,null],[102.09774,-2.01726,0.0,null],[102.10102,-2.017,0.0,null],[102.10221,-2.01562,0.0,null],[102.11034,-2.01592,0.0,null],[102.11462,-2.01414,0.0,null],[102.11595,-2.01547,0.0,null],[102.11728,-2.01547,0.0,null],[102.11861,-2.01375,0.0,null],[102.11689,-2.00954,0.0,null],[102.1167,-2.00725,0.0,null],[102.11935,-2.00533,0.0,null],[102.12276,-2.00169,0.0,null],[102.12238,-1.99959,0.0,null],[102.12048,-1.99653,0.0,null],[102.12085,-1.99386,0.0,null],[102.12161,-1.99462,0.0,null],[102.12598,-1.99499,0.0,null],[102.12729,-1.99443,0.0,null],[102.1286,-1.99537,0.0,null],[102.12829,-1.99723,0.0,null],[102.12998,-1.99771,0.0,null],[102.13165,-1.99518,0.0,null],[102.13169,-1.99233,0.0,null],[102.13407,-1.99254,0.0,null],[102.13605,-1.99523,0.0,null],[102.138,-1.99395,0.0,null],[102.14328,-1.99516,0.0,null],[102.14397,-1.99616,0.0,null],[102.14411,-1.99863,0.0,null],[102.14711,-1.9992,0.0,null],[102.14999,-2.00151,0.0,null],[102.15653,-2.00185,0.0,null],[102.1582,-2.00325,0.0,null],[102.16041,-2.00342,0.0,null],[102.16167,-2.00254,0.0,null],[102.16443,-2.00334,0.0,null],[102.16596,-2.00256,0.0,null],[102.16681,-2.0013,0.0,null],[102.16641,-2.0007,0.0,null],[102.16565,-2.00092,0.0,null],[102.16284,-1.99685,0.0,null],[102.16382,-1.99504,0.0,null],[102.16403,-1.99271,0.0,null],[102.16282,-1.98802,0.0,null],[102.16303,-1.98612,0.0,null],[102.16175,-1.9849,0.0,null],[102.16065,-1.98243,0.0,null],[102.16113,-1.97934,0.0,null],[102.15551,-1.98108,0.0,null],[102.15304,-1.98089,0.0,null],[102.1519,-1.98223,0.0,null],[102.14981,-1.98185,0.0,null],[102.14334,-1.97632,0.0,null],[102.14047,-1.97499,0.0,null],[102.1399,-1.97332,0.0,null],[102.1404,-1.97139,0.0,null],[102.13978,-1.9696,0.0,null],[102.13788,-1.96822,0.0,null],[102.13617,-1.96601,0.0,null],[102.13372,-1.96506,0.0,null],[102.12789,-1.95742,0.0,null],[102.12696,-1.95863,0.0,null],[102.12439,-1.95966,0.0,null],[102.12353,-1.9584,0.0,null],[102.11744,-1.95904,0.0,null],[102.11665,-1.95987,0.0,null],[102.1158,-1.9599,0.0,null],[102.11549,-1.96316,0.0,null],[102.11599,-1.96456,0.0,null],[102.11297,-1.96765,0.0,null],[102.11175,-1.97003,0.0,null],[102.10961,-1.97167,0.0,null],[102.10911,-1.97339,0.0,null],[102.1049,-1.97574,0.0,null],[102.10338,-1.97531,0.0,null],[102.10197,-1.97315,0.0,null],[102.10178,-1.96894,0.0,null],[102.1,-1.96887,0.0,null],[102.09733,-1.96649,0.0,null],[102.09581,-1.96582,0.0,null],[102.09243,-1.96642,0.0,null],[102.08843,-1.96592,0.0,null],[102.08544,-1.96484,0.0,null],[102.08188,-1.9665,0.0,null],[102.08063,-1.96521,0.0,null],[102.08009,-1.96367,0.0,null],[102.07815,-1.96202,0.0,null],[102.07752,-1.96088,0.0,null],[102.07773,-1.95955,0.0,null],[102.0772,-1.9595,0.0,null],[102.0771,-1.96029,0.0,null],[102.07584,-1.96107,0.0,null],[102.07621,-1.96189,0.0,null],[102.07571,-1.96258,0.0,null],[102.07497,-1.96242,0.0,null],[102.07329,-1.95933,0.0,null],[102.07369,-1.95697,0.0,null],[102.07125,-1.95479,0.0,null],[102.07095,-1.95307,0.0,null],[102.06987,-1.95226,0.0,null],[102.06861,-1.95214,0.0,null],[102.06616,-1.95321,0.0,null],[102.06521,-1.9519,0.0,null],[102.06343,-1.95171,0.0,null],[102.06286,-1.95188,0.0,null],[102.06297,-1.95288,0.0,null],[102.06164,-1.95364,0.0,null],[102.06233,-1.95409,0.0,null],[102.0624,-1.95675,0.0,null],[102.06088,-1.9574,0.0,null],[102.05976,-1.95899,0.0,null],[102.06121,-1.9598,0.0,null],[102.06129,-1.96059,0.0,null],[102.0591,-1.96162,0.0,null],[102.06017,-1.9632,0.0,null],[102.05913,-1.96325,0.0,null],[102.05881,-1.96454,0.0,null],[102.06062,-1.96571,0.0,null],[102.06026,-1.96891,0.0,null],[102.05913,-1.96944,0.0,null],[102.05738,-1.96641,0.0,null],[102.05472,-1.96585,0.0,null],[102.05319,-1.96109,0.0,null],[102.05376,-1.95923,0.0,null],[102.04917,-1.95418,0.0,null],[102.04748,-1.95585,0.0,null],[102.04751,-1.95683,0.0,null],[102.04829,-1.95699,0.0,null],[102.04846,-1.95773,0.0,null],[102.0486,-1.95859,0.0,null],[102.04775,-1.95911,0.0,null],[102.04827,-1.96104,0.0,null],[102.04913,-1.96156,0.0,null],[102.04877,-1.96221,0.0,null],[102.04598,-1.96221,0.0,null],[102.04409,-1.95982,0.0,null],[102.04154,-1.95836,0.0,null],[102.0349,-1.96085,0.0,null],[102.03471,-1.95899,0.0,null],[102.03402,-1.95866,0.0,null],[102.03361,-1.9568,0.0,null],[102.03268,-1.95668,0.0,null],[102.03004,-1.95985,0.0,null],[102.02794,-1.9607,0.0,null],[102.02951,-1.96272,0.0,null],[102.02991,-1.96421,0.0,null],[102.03282,-1.96562,0.0,null],[102.03455,-1.96534,0.0,null],[102.03459,-1.96696,0.0,null],[102.03213,-1.96768,0.0,null],[102.0281,-1.96702,0.0,null],[102.02494,-1.9659,0.0,null],[102.02446,-1.96516,0.0,null],[102.02252,-1.96516,0.0,null],[102.02191,-1.96425,0.0,null],[102.02108,-1.96627,0.0,null],[102.02031,-1.96641,0.0,null],[102.01952,-1.96553,0.0,null],[102.01938,-1.96332,0.0,null],[102.01861,-1.96274,0.0,null],[102.01641,-1.96266,0.0,null],[102.01526,-1.96338,0.0,null],[102.01335,-1.96032,0.0,null],[102.01441,-1.95787,0.0,null],[102.01577,-1.95754,0.0,null],[102.01579,-1.95671,0.0,null],[102.01662,-1.95604,0.0,null],[102.01729,-1.95685,0.0,null],[102.01824,-1.95694,0.0,null],[102.01884,-1.95547,0.0,null],[102.01867,-1.95442,0.0,null],[102.01666,-1.95239,0.0,null],[102.01734,-1.95054,0.0,null],[102.01898,-1.95039,0.0,null],[102.01861,-1.94955,0.0,null],[102.01627,-1.94856,0.0,null]]],[[[102.04521,-2.04107,0.0,null],[102.04474,-2.03996,0.0,null],[102.04463,-2.04108,0.0,null],[102.04521,-2.04107,0.0,null]]]]}},{"type":"Feature","properties":{"inventoryId":"big-forestry-hti:165","sector":"PBPH","subtype":"IUPHHK-HTI","quality":"OFFICIAL","sourceDataset":"big-forestry-hti","sourceRecordId":"165","source":"BIG Kebijakan Satu Peta","sourceUrl":"https://kspservices.big.go.id/satupeta/rest/services/PUBLIK/PERIZINAN_DAN_PERTANAHAN/MapServer/2","retrievedAt":"2026-08-24T04:22:31Z","geometryProcessing":"web display simplification tolerance 0.00035 degrees","name":"PT HUTAN BARUMUN PERKASA","permitNumber":"SK.324/Menhut-II/2004","permitDate":"2004-08-27","areaHa":11845.0,"provinceCode":"12","region":"sumatra"},"geometry":{"type":"MultiPolygon","coordinates":[[[[99.76101,1.57748,0.0,null],[99.76189,1.57858,0.0,null],[99.76479,1.57938,0.0,null],[99.7657,1.58047,0.0,null],[99.76537,1.58076,0.0,null],[99.76315,1.58108,0.0,null],[99.76108,1.5829,0.0,null],[99.75593,1.58188,0.0,null],[99.75663,1.58021,0.0,null],[99.75629,1.57871,0.0,null],[99.75674,1.57788,0.0,null],[99.7557,1.57662,0.0,null],[99.75682,1.57611,0.0,null],[99.75832,1.57663,0.0,null],[99.75955,1.5762,0.0,null],[99.75979,1.57438,0.0,null],[99.75875,1.57354,0.0,null],[99.75476,1.57216,0.0,null],[99.75389,1.57253,0.0,null],[99.75288,1.57473,0.0,null],[99.74645,1.57445,0.0,null],[99.74507,1.57527,0.0,null],[99.74236,1.5724,0.0,null],[99.73907,1.57358,0.0,null],[99.73452,1.57367,0.0,null],[99.73312,1.57206,0.0,null],[99.73481,1.56945,0.0,null],[99.7312,1.56799,0.0,null],[99.73053,1.56809,0.0,null],[99.72789,1.57148,0.0,null],[99.72577,1.57166,0.0,null],[99.72555,1.5722,0.0,null],[99.72813,1.57388,0.0,null],[99.72872,1.57463,0.0,null],[99.72856,1.57556,0.0,null],[99.72454,1.57628,0.0,null],[99.72392,1.57723,0.0,null],[99.72277,1.57753,0.0,null],[99.72133,1.57633,0.0,null],[99.72192,1.57535,0.0,null],[99.7206,1.57516,0.0,null],[99.72001,1.57402,0.0,null],[99.72146,1.57263,0.0,null],[99.7216,1.57005,0.0,null],[99.71669,1.56629,0.0,null],[99.71461,1.56283,0.0,null],[99.71141,1.56104,0.0,null],[99.71028,1.56351,0.0,null],[99.70914,1.5639,0.0,null],[99.70826,1.56296,0.0,null],[99.70793,1.56028,0.0,null],[99.70742,1.5604,0.0,null],[99.70698,1.56186,0.0,null],[99.70619,1.56164,0.0,null],[99.70524,1.55952,0.0,null],[99.70193,1.55576,0.0,null],[99.69852,1.55517,0.0,null],[99.69539,1.55264,0.0,null],[99.69551,1.55124,0.0,null],[99.6909,1.54978,0.0,null],[99.69038,1.50653,0.0,null],[99.69744,1.51191,0.0,null],[99.70573,1.51152,0.0,null],[99.70997,1.50942,0.0,null],[99.71512,1.50904,0.0,null],[99.71864,1.50723,0.0,null],[99.7178,1.5203,0.0,null],[99.72806,1.51961,0.0,null],[99.72861,1.52783,0.0,null],[99.74457,1.53061,0.0,null],[99.74468,1.53674,0.0,null],[99.74554,1.53961,0.0,null],[99.74531,1.54046,0.0,null],[99.74606,1.54134,0.0,null],[99.74804,1.54168,0.0,null],[99.74902,1.54125,0.0,null],[99.75015,1.5388,0.0,null],[99.77016,1.54025,0.0,null],[99.77085,1.55185,0.0,null],[99.79656,1.55251,0.0,null],[99.79681,1.55763,0.0,null],[99.79719,1.55801,0.0,null],[99.79759,1.55697,0.0,null],[99.7988,1.55803,0.0,null],[99.79943,1.55773,0.0,null],[99.80019,1.55924,0.0,null],[99.80112,1.55791,0.0,null],[99.80178,1.55939,0.0,null],[99.80322,1.55879,0.0,null],[99.8042,1.55953,0.0,null],[99.80528,1.55953,0.0,null],[99.80788,1.55799,0.0,null],[99.81335,1.55902,0.0,null],[99.81533,1.55832,0.0,null],[99.81628,1.55971,0.0,null],[99.81735,1.56022,0.0,null],[99.819,1.55765,0.0,null],[99.8214,1.55603,0.0,null],[99.82546,1.55686,0.0,null],[99.82629,1.55865,0.0,null],[99.82772,1.56582,0.0,null],[99.82575,1.56819,0.0,null],[99.82296,1.56989,0.0,null],[99.81722,1.56835,0.0,null],[99.81606,1.5692,0.0,null],[99.8136,1.57379,0.0,null],[99.81371,1.5754,0.0,null],[99.81464,1.57585,0.0,null],[99.81882,1.57475,0.0,null],[99.82008,1.57529,0.0,null],[99.82041,1.57602,0.0,null],[99.81965,1.57692,0.0,null],[99.81657,1.57827,0.0,null],[99.81421,1.57759,0.0,null],[99.81323,1.57794,0.0,null],[99.81221,1.57947,0.0,null],[99.79948,1.57887,0.0,null],[99.79385,1.57761,0.0,null],[99.7906,1.57779,0.0,null],[99.79017,1.57828,0.0,null],[99.788,1.57791,0.0,null],[99.78583,1.58062,0.0,null],[99.77697,1.57769,0.0,null],[99.77233,1.57767,0.0,null],[99.77124,1.57864,0.0,null],[99.76981,1.57878,0.0,null],[99.76244,1.57642,0.0,null],[99.76101,1.57748,0.0,null]]],[[[99.87109,1.49941,0.0,null],[99.85215,1.49845,0.0,null],[99.85187,1.49463,0.0,null],[99.82407,1.49452,0.0,null],[99.82406,1.49004,0.0,null],[99.79629,1.48969,0.0,null],[99.79625,1.48207,0.0,null],[99.77747,1.4819,0.0,null],[99.77774,1.47602,0.0,null],[99.77953,1.4733,0.0,null],[99.77907,1.4716,0.0,null],[99.78246,1.46891,0.0,null],[99.78365,1.46631,0.0,null],[99.78343,1.46467,0.0,null],[99.78153,1.46215,0.0,null],[99.78272,1.46086,0.0,null],[99.78172,1.45945,0.0,null],[99.78209,1.45797,0.0,null],[99.78043,1.45713,0.0,null],[99.77995,1.45514,0.0,null],[99.77821,1.4541,0.0,null],[99.77688,1.45422,0.0,null],[99.777,1.45261,0.0,null],[99.77878,1.45171,0.0,null],[99.77979,1.45183,0.0,null],[99.78236,1.45269,0.0,null],[99.78447,1.45472,0.0,null],[99.78731,1.45424,0.0,null],[99.78813,1.45319,0.0,null],[99.7876,1.45197,0.0,null],[99.78792,1.45147,0.0,null],[99.78909,1.45034,0.0,null],[99.79149,1.44979,0.0,null],[99.79176,1.44928,0.0,null],[99.79037,1.4476,0.0,null],[99.79113,1.44621,0.0,null],[99.79218,1.44687,0.0,null],[99.79467,1.44706,0.0,null],[99.79894,1.44529,0.0,null],[99.80088,1.44601,0.0,null],[99.80232,1.44725,0.0,null],[99.80253,1.44998,0.0,null],[99.80203,1.45184,0.0,null],[99.80062,1.45266,0.0,null],[99.80023,1.4536,0.0,null],[99.80345,1.45246,0.0,null],[99.80662,1.44968,0.0,null],[99.81028,1.44941,0.0,null],[99.8114,1.4484,0.0,null],[99.81338,1.44791,0.0,null],[99.81745,1.44924,0.0,null],[99.81892,1.44863,0.0,null],[99.82043,1.44972,0.0,null],[99.82672,1.45156,0.0,null],[99.83023,1.45335,0.0,null],[99.83125,1.45446,0.0,null],[99.83271,1.45799,0.0,null],[99.83413,1.45935,0.0,null],[99.83552,1.45904,0.0,null],[99.83742,1.45585,0.0,null],[99.83747,1.45878,0.0,null],[99.83686,1.46037,0.0,null],[99.83742,1.46178,0.0,null],[99.83892,1.46396,0.0,null],[99.84407,1.46737,0.0,null],[99.84726,1.46692,0.0,null],[99.85096,1.46413,0.0,null],[99.85095,1.46536,0.0,null],[99.85178,1.46624,0.0,null],[99.85353,1.46552,0.0,null],[99.85488,1.46676,0.0,null],[99.85744,1.46785,0.0,null],[99.86048,1.47398,0.0,null],[99.86167,1.47858,0.0,null],[99.8627,1.48643,0.0,null],[99.86573,1.48956,0.0,null],[99.87009,1.49151,0.0,null],[99.87207,1.4915,0.0,null],[99.87109,1.49941,0.0,null]]],[[[99.9407,1.63897,0.0,null],[99.93986,1.64104,0.0,null],[99.93894,1.64054,0.0,null],[99.93851,1.63914,0.0,null],[99.9368,1.63872,0.0,null],[99.93591,1.63469,0.0,null],[99.93493,1.63413,0.0,null],[99.93417,1.63216,0.0,null],[99.93386,1.63243,0.0,null],[99.93351,1.63056,0.0,null],[99.932,1.62781,0.0,null],[99.93064,1.62788,0.0,null],[99.92916,1.62888,0.0,null],[99.9271,1.62789,0.0,null],[99.92578,1.62794,0.0,null],[99.92325,1.62921,0.0,null],[99.92203,1.62798,0.0,null],[99.92441,1.62684,0.0,null],[99.92439,1.62553,0.0,null],[99.92013,1.62388,0.0,null],[99.91818,1.62237,0.0,null],[99.91577,1.62247,0.0,null],[99.91401,1.62316,0.0,null],[99.91047,1.62809,0.0,null],[99.90835,1.63036,0.0,null],[99.9067,1.63102,0.0,null],[99.90517,1.63089,0.0,null],[99.9029,1.62874,0.0,null],[99.90156,1.62823,0.0,null],[99.90087,1.62857,0.0,null],[99.90074,1.62949,0.0,null],[99.89994,1.62968,0.0,null],[99.89698,1.62815,0.0,null],[99.89355,1.62797,0.0,null],[99.89313,1.62639,0.0,null],[99.89022,1.62671,0.0,null],[99.88301,1.62906,0.0,null],[99.87973,1.62919,0.0,null],[99.87752,1.62838,0.0,null],[99.87498,1.62826,0.0,null],[99.87399,1.62749,0.0,null],[99.87397,1.62399,0.0,null],[99.87339,1.62311,0.0,null],[99.86965,1.61873,0.0,null],[99.86551,1.6167,0.0,null],[99.8647,1.61518,0.0,null],[99.86458,1.61319,0.0,null],[99.86418,1.61338,0.0,null],[99.8666,1.61199,0.0,null],[99.87257,1.60673,0.0,null],[99.87311,1.60673,0.0,null],[99.87345,1.60967,0.0,null],[99.8755,1.61029,0.0,null],[99.87584,1.60282,0.0,null],[99.88342,1.59355,0.0,null],[99.88496,1.592,0.0,null],[99.88797,1.59049,0.0,null],[99.88819,1.58968,0.0,null],[99.89278,1.58884,0.0,null],[99.89494,1.58991,0.0,null],[99.89595,1.58861,0.0,null],[99.9027,1.58664,0.0,null],[99.90418,1.58668,0.0,null],[99.91142,1.58934,0.0,null],[99.91369,1.58966,0.0,null],[99.91555,1.58864,0.0,null],[99.9236,1.59027,0.0,null],[99.92106,1.59371,0.0,null],[99.91892,1.59835,0.0,null],[99.92154,1.59968,0.0,null],[99.92089,1.60096,0.0,null],[99.92264,1.60117,0.0,null],[99.92319,1.60286,0.0,null],[99.92486,1.60362,0.0,null],[99.92589,1.60609,0.0,null],[99.9271,1.60706,0.0,null],[99.93461,1.6089,0.0,null],[99.93463,1.61158,0.0,null],[99.93701,1.61635,0.0,null],[99.93758,1.61691,0.0,null],[99.93822,1.61673,0.0,null],[99.93932,1.6181,0.0,null],[99.93984,1.62007,0.0,null],[99.94183,1.62077,0.0,null],[99.94225,1.62044,0.0,null],[99.94213,1.62243,0.0,null],[99.94134,1.62277,0.0,null],[99.94205,1.62481,0.0,null],[99.94158,1.62661,0.0,null],[99.94381,1.62949,0.0,null],[99.94377,1.63036,0.0,null],[99.94298,1.63136,0.0,null],[99.9425,1.63096,0.0,null],[99.94218,1.63167,0.0,null],[99.94121,1.63166,0.0,null],[99.94431,1.63431,0.0,null],[99.94129,1.636,0.0,null],[99.94065,1.63714,0.0,null],[99.9407,1.63897,0.0,null]]]]}},{"type":"Feature","properties":{"inventoryId":"big-forestry-hti:236","sector":"PBPH","subtype":"IUPHHK-HTI","quality":"OFFICIAL","sourceDataset":"big-forestry-hti","sourceRecordId":"236","source":"BIG Kebijakan Satu Peta","sourceUrl":"https://kspservices.big.go.id/satupeta/rest/services/PUBLIK/PERIZINAN_DAN_PERTANAHAN/MapServer/2","retrievedAt":"2026-08-24T04:22:31Z","geometryProcessing":"web display simplification tolerance 0.00035 degrees","name":"PT HUTAN LESTARI RAYA","permitNumber":"19/1/IUPHHK-HTI/PMDN/2017","permitDate":"2017-12-20","areaHa":31630.0,"provinceCode":"19","region":"sumatra"},"geometry":{"type":"MultiPolygon","coordinates":[[[[106.00781,-2.66279,0.0,null],[106.00017,-2.66343,0.0,null],[105.99891,-2.66427,0.0,null],[105.99632,-2.66365,0.0,null],[105.97724,-2.66451,0.0,null],[105.97445,-2.66505,0.0,null],[105.97333,-2.66472,0.0,null],[105.97081,-2.66543,0.0,null],[105.95727,-2.66617,0.0,null],[105.95078,-2.66741,0.0,null],[105.95028,-2.66774,0.0,null],[105.94997,-2.67014,0.0,null],[105.95194,-2.67693,0.0,null],[105.95156,-2.67781,0.0,null],[105.94776,-2.6818,0.0,null],[105.93315,-2.70198,0.0,null],[105.92927,-2.70603,0.0,null],[105.92094,-2.70574,0.0,null],[105.93738,-2.72208,0.0,null],[105.94466,-2.74284,0.0,null],[105.96156,-2.75892,0.0,null],[105.96961,-2.77492,0.0,null],[105.97691,-2.78592,0.0,null],[105.98389,-2.78913,0.0,null],[105.99181,-2.79364,0.0,null],[106.01336,-2.79809,0.0,null],[106.02534,-2.80168,0.0,null],[106.05474,-2.80322,0.0,null],[106.08254,-2.81095,0.0,null],[106.08515,-2.81192,0.0,null],[106.08722,-2.81359,0.0,null],[106.10771,-2.83271,0.0,null],[106.11137,-2.83371,0.0,null],[106.10954,-2.83225,0.0,null],[106.11287,-2.82504,0.0,null],[106.11542,-2.82423,0.0,null],[106.12841,-2.8155,0.0,null],[106.13322,-2.80601,0.0,null],[106.13605,-2.78964,0.0,null],[106.13593,-2.78864,0.0,null],[106.13448,-2.7879,0.0,null],[106.13217,-2.78495,0.0,null],[106.13275,-2.78345,0.0,null],[106.13501,-2.78233,0.0,null],[106.13477,-2.78086,0.0,null],[106.12961,-2.77358,0.0,null],[106.13832,-2.74757,0.0,null],[106.13553,-2.73391,0.0,null],[106.13615,-2.73256,0.0,null],[106.13839,-2.73115,0.0,null],[106.13934,-2.7292,0.0,null],[106.13679,-2.71409,0.0,null],[106.13796,-2.71254,0.0,null],[106.13962,-2.71233,0.0,null],[106.14284,-2.70876,0.0,null],[106.14384,-2.70895,0.0,null],[106.14602,-2.70717,0.0,null],[106.14798,-2.70234,0.0,null],[106.14843,-2.69896,0.0,null],[106.14895,-2.69853,0.0,null],[106.14848,-2.6976,0.0,null],[106.14693,-2.69691,0.0,null],[106.14531,-2.69698,0.0,null],[106.14148,-2.69848,0.0,null],[106.13812,-2.69905,0.0,null],[106.1386,-2.69051,0.0,null],[106.13684,-2.68972,0.0,null],[106.11259,-2.68425,0.0,null],[106.1109,-2.68337,0.0,null],[106.10067,-2.68064,0.0,null],[106.08908,-2.67845,0.0,null],[106.08587,-2.68049,0.0,null],[106.08544,-2.68175,0.0,null],[106.08154,-2.68161,0.0,null],[106.0789,-2.68313,0.0,null],[106.07723,-2.68489,0.0,null],[106.0755,-2.68523,0.0,null],[106.07535,-2.68699,0.0,null],[106.07064,-2.68932,0.0,null],[106.06917,-2.69118,0.0,null],[106.0582,-2.69665,0.0,null],[106.05453,-2.70117,0.0,null],[106.0502,-2.70217,0.0,null],[106.04291,-2.70738,0.0,null],[106.04161,-2.70894,0.0,null],[106.03776,-2.70962,0.0,null],[106.03711,-2.70609,0.0,null],[106.03538,-2.7029,0.0,null],[106.03449,-2.69753,0.0,null],[106.0334,-2.69501,0.0,null],[106.03021,-2.69167,0.0,null],[106.02968,-2.68978,0.0,null],[106.02332,-2.68243,0.0,null],[106.02369,-2.68059,0.0,null],[106.01983,-2.67766,0.0,null],[106.01588,-2.67135,0.0,null],[106.01505,-2.671,0.0,null],[106.01155,-2.66686,0.0,null],[106.00943,-2.66365,0.0,null],[106.00781,-2.66279,0.0,null]]],[[[106.21917,-2.82453,0.0,null],[106.21791,-2.82369,0.0,null],[106.21683,-2.8215,0.0,null],[106.21594,-2.82089,0.0,null],[106.2156,-2.83382,0.0,null],[106.21013,-2.83146,0.0,null],[106.21004,-2.83407,0.0,null],[106.20779,-2.83287,0.0,null],[106.20687,-2.83802,0.0,null],[106.217,-2.83835,0.0,null],[106.21614,-2.84387,0.0,null],[106.20602,-2.8444,0.0,null],[106.20602,-2.85361,0.0,null],[106.19812,-2.85438,0.0,null],[106.19104,-2.85098,0.0,null],[106.19032,-2.85205,0.0,null],[106.1886,-2.85217,0.0,null],[106.18775,-2.85299,0.0,null],[106.18149,-2.85291,0.0,null],[106.18041,-2.85443,0.0,null],[106.17688,-2.8551,0.0,null],[106.17617,-2.85592,0.0,null],[106.17613,-2.85771,0.0,null],[106.17773,-2.86032,0.0,null],[106.17777,-2.86198,0.0,null],[106.1766,-2.86202,0.0,null],[106.17629,-2.86308,0.0,null],[106.1753,-2.86348,0.0,null],[106.17542,-2.86416,0.0,null],[106.17725,-2.86548,0.0,null],[106.19587,-2.86534,0.0,null],[106.20857,-2.8717,0.0,null],[106.21039,-2.87076,0.0,null],[106.21153,-2.86909,0.0,null],[106.21301,-2.8632,0.0,null],[106.21638,-2.85586,0.0,null],[106.22147,-2.85557,0.0,null],[106.22536,-2.85653,0.0,null],[106.22789,-2.85572,0.0,null],[106.22797,-2.85389,0.0,null],[106.2259,-2.85134,0.0,null],[106.22627,-2.84936,0.0,null],[106.22784,-2.84863,0.0,null],[106.22757,-2.84704,0.0,null],[106.22797,-2.84643,0.0,null],[106.22968,-2.84704,0.0,null],[106.23338,-2.84714,0.0,null],[106.23428,-2.84553,0.0,null],[106.23367,-2.84261,0.0,null],[106.23477,-2.8409,0.0,null],[106.23807,-2.8409,0.0,null],[106.24118,-2.84251,0.0,null],[106.24458,-2.841,0.0,null],[106.24642,-2.84322,0.0,null],[106.25135,-2.84605,0.0,null],[106.25185,-2.84302,0.0,null],[106.25085,-2.83994,0.0,null],[106.25177,-2.83476,0.0,null],[106.25313,-2.83423,0.0,null],[106.25756,-2.83451,0.0,null],[106.25986,-2.83374,0.0,null],[106.26181,-2.82944,0.0,null],[106.25926,-2.82903,0.0,null],[106.24522,-2.83104,0.0,null],[106.24387,-2.83036,0.0,null],[106.23943,-2.83093,0.0,null],[106.23839,-2.82989,0.0,null],[106.23565,-2.83031,0.0,null],[106.23324,-2.82937,0.0,null],[106.23067,-2.82984,0.0,null],[106.22887,-2.82875,0.0,null],[106.22294,-2.83009,0.0,null],[106.22208,-2.82732,0.0,null],[106.22041,-2.82458,0.0,null],[106.21917,-2.82453,0.0,null]]],[[[106.27816,-2.82852,0.0,null],[106.27349,-2.82776,0.0,null],[106.26994,-2.82814,0.0,null],[106.27248,-2.83072,0.0,null],[106.27272,-2.83269,0.0,null],[106.27331,-2.83341,0.0,null],[106.27498,-2.83448,0.0,null],[106.27795,-2.83507,0.0,null],[106.28319,-2.83472,0.0,null],[106.28747,-2.83733,0.0,null],[106.29156,-2.83786,0.0,null],[106.29164,-2.83979,0.0,null],[106.29493,-2.83982,0.0,null],[106.29613,-2.84045,0.0,null],[106.29643,-2.84162,0.0,null],[106.297,-2.84173,0.0,null],[106.29721,-2.8438,0.0,null],[106.29639,-2.84504,0.0,null],[106.29649,-2.84649,0.0,null],[106.29876,-2.85062,0.0,null],[106.29946,-2.85362,0.0,null],[106.29831,-2.86067,0.0,null],[106.30406,-2.86699,0.0,null],[106.31193,-2.86591,0.0,null],[106.31961,-2.86748,0.0,null],[106.325,-2.86573,0.0,null],[106.32705,-2.86243,0.0,null],[106.33641,-2.85104,0.0,null],[106.32545,-2.84545,0.0,null],[106.32022,-2.84339,0.0,null],[106.31939,-2.8437,0.0,null],[106.31413,-2.84087,0.0,null],[106.31333,-2.84013,0.0,null],[106.31164,-2.83097,0.0,null],[106.30549,-2.82996,0.0,null],[106.29945,-2.82991,0.0,null],[106.29774,-2.8309,0.0,null],[106.29581,-2.83119,0.0,null],[106.28387,-2.82899,0.0,null],[106.27816,-2.82852,0.0,null]]]]}},{"type":"Feature","properties":{"inventoryId":"big-forestry-hti:148","sector":"PBPH","subtype":"IUPHHK-HTI","quality":"OFFICIAL","sourceDataset":"big-forestry-hti","sourceRecordId":"148","source":"BIG Kebijakan Satu Peta","sourceUrl":"https://kspservices.big.go.id/satupeta/rest/services/PUBLIK/PERIZINAN_DAN_PERTANAHAN/MapServer/2","retrievedAt":"2026-08-24T04:22:31Z","geometryProcessing":"web display simplification tolerance 0.00035 degrees","name":"PT INDOSUKSES LESTARI MAKMUR","permitNumber":"SK.780/Menhut-II/2012","permitDate":"2012-12-26","areaHa":10045.0,"provinceCode":"19","region":"sumatra"},"geometry":{"type":"Polygon","coordinates":[[[108.01044,-2.90842,0.0,null],[108.00525,-2.90887,0.0,null],[107.99475,-2.9085,0.0,null],[107.99309,-2.90893,0.0,null],[107.99464,-2.91132,0.0,null],[107.99449,-2.91393,0.0,null],[107.96585,-2.92321,0.0,null],[107.96461,-2.9371,0.0,null],[107.95058,-2.93706,0.0,null],[107.95063,-2.97522,0.0,null],[107.96395,-2.99658,0.0,null],[107.96737,-3.00995,0.0,null],[107.96899,-3.01709,0.0,null],[107.96623,-3.02888,0.0,null],[107.97251,-3.03126,0.0,null],[107.97451,-3.04116,0.0,null],[107.97132,-3.05772,0.0,null],[107.97796,-3.06466,0.0,null],[107.9802,-3.06574,0.0,null],[107.98498,-3.06665,0.0,null],[107.9854,-3.0647,0.0,null],[107.98658,-3.06351,0.0,null],[107.98767,-3.06396,0.0,null],[107.98976,-3.06323,0.0,null],[107.99018,-3.06201,0.0,null],[107.98871,-3.05779,0.0,null],[107.98924,-3.05667,0.0,null],[107.9922,-3.05639,0.0,null],[107.99475,-3.05468,0.0,null],[107.99566,-3.05566,0.0,null],[107.99826,-3.05609,0.0,null],[108.00035,-3.05301,0.0,null],[108.00049,-3.05158,0.0,null],[108.00206,-3.05149,0.0,null],[108.0023,-3.05001,0.0,null],[108.00415,-3.04834,0.0,null],[108.00501,-3.04563,0.0,null],[108.00725,-3.04321,0.0,null],[108.00715,-3.04164,0.0,null],[107.98422,-3.0345,0.0,null],[107.98574,-3.03003,0.0,null],[107.98564,-3.02327,0.0,null],[107.9835,-3.01847,0.0,null],[107.9894,-3.00633,0.0,null],[108.019,-3.00586,0.0,null],[108.019,-3.01689,0.0,null],[108.03356,-3.0168,0.0,null],[108.03537,-3.0149,0.0,null],[108.0356,-3.01257,0.0,null],[108.03717,-3.01019,0.0,null],[108.04122,-3.00757,0.0,null],[108.04103,-3.00486,0.0,null],[108.04055,-3.00429,0.0,null],[108.03832,-3.00429,0.0,null],[108.03708,-3.00238,0.0,null],[108.03713,-2.9991,0.0,null],[108.03841,-2.99686,0.0,null],[108.03822,-2.99534,0.0,null],[108.03627,-2.99491,0.0,null],[108.03489,-2.99591,0.0,null],[108.03318,-2.9951,0.0,null],[108.03256,-2.99563,0.0,null],[108.03118,-2.99563,0.0,null],[108.03118,-2.99368,0.0,null],[108.03242,-2.99372,0.0,null],[108.03242,-2.99234,0.0,null],[108.02342,-2.9922,0.0,null],[108.02352,-2.99092,0.0,null],[108.02666,-2.98854,0.0,null],[108.02942,-2.98773,0.0,null],[108.03689,-2.98773,0.0,null],[108.03746,-2.98844,0.0,null],[108.04117,-2.98839,0.0,null],[108.04117,-2.9833,0.0,null],[108.04835,-2.98335,0.0,null],[108.04826,-2.97788,0.0,null],[108.04707,-2.9764,0.0,null],[108.03855,-2.97636,0.0,null],[108.03851,-2.95666,0.0,null],[108.03608,-2.95585,0.0,null],[108.03817,-2.94319,0.0,null],[108.02133,-2.94343,0.0,null],[108.01165,-2.90916,0.0,null],[108.01044,-2.90842,0.0,null]]]}},{"type":"Feature","properties":{"inventoryId":"big-forestry-hti:141","sector":"PBPH","subtype":"IUPHHK-HTI","quality":"OFFICIAL","sourceDataset":"big-forestry-hti","sourceRecordId":"141","source":"BIG Kebijakan Satu Peta","sourceUrl":"https://kspservices.big.go.id/satupeta/rest/services/PUBLIK/PERIZINAN_DAN_PERTANAHAN/MapServer/2","retrievedAt":"2026-08-24T04:22:31Z","geometryProcessing":"web display simplification tolerance 0.00035 degrees","name":"PT INHUTANI V","permitNumber":"SK.377/Menhut-II/2009","permitDate":"2009-06-25","areaHa":16730.0,"provinceCode":"19","region":"sumatra"},"geometry":{"type":"MultiPolygon","coordinates":[[[[106.00884,-1.68116,0.0,null],[106.00032,-1.68514,0.0,null],[105.99173,-1.69062,0.0,null],[105.98747,-1.69224,0.0,null],[105.98738,-1.69526,0.0,null],[105.98566,-1.69894,0.0,null],[105.98111,-1.69808,0.0,null],[105.97561,-1.70234,0.0,null],[105.97125,-1.70483,0.0,null],[105.98472,-1.72256,0.0,null],[105.98487,-1.72376,0.0,null],[105.98444,-1.72443,0.0,null],[105.98013,-1.7249,0.0,null],[105.97998,-1.72328,0.0,null],[105.97673,-1.72323,0.0,null],[105.97429,-1.72677,0.0,null],[105.97573,-1.72749,0.0,null],[105.9751,-1.72864,0.0,null],[105.97726,-1.72964,0.0,null],[105.97211,-1.73546,0.0,null],[105.97278,-1.73732,0.0,null],[105.97814,-1.73995,0.0,null],[105.97912,-1.74687,0.0,null],[105.98458,-1.75065,0.0,null],[105.9853,-1.75486,0.0,null],[105.99996,-1.76269,0.0,null],[106.00001,-1.75914,0.0,null],[106.00264,-1.75345,0.0,null],[106.00623,-1.75345,0.0,null],[106.01245,-1.76101,0.0,null],[106.01604,-1.76355,0.0,null],[106.02291,-1.76692,0.0,null],[106.02736,-1.76812,0.0,null],[106.0277,-1.77654,0.0,null],[106.03095,-1.7729,0.0,null],[106.03181,-1.77376,0.0,null],[106.03301,-1.77343,0.0,null],[106.03382,-1.77448,0.0,null],[106.02944,-1.77891,0.0,null],[106.03925,-1.78254,0.0,null],[106.04227,-1.77666,0.0,null],[106.04471,-1.77661,0.0,null],[106.04744,-1.77953,0.0,null],[106.05098,-1.77551,0.0,null],[106.05572,-1.77541,0.0,null],[106.05509,-1.77695,0.0,null],[106.05294,-1.77766,0.0,null],[106.05265,-1.78015,0.0,null],[106.05323,-1.78106,0.0,null],[106.05193,-1.78336,0.0,null],[106.05335,-1.78472,0.0,null],[106.05655,-1.7864,0.0,null],[106.05722,-1.78779,0.0,null],[106.05627,-1.78927,0.0,null],[106.05804,-1.79228,0.0,null],[106.05971,-1.79219,0.0,null],[106.06151,-1.79733,0.0,null],[106.06395,-1.79326,0.0,null],[106.06557,-1.79456,0.0,null],[106.06701,-1.79767,0.0,null],[106.06691,-1.8002,0.0,null],[106.06591,-1.80001,0.0,null],[106.06543,-1.80059,0.0,null],[106.06902,-1.8014,0.0,null],[106.06935,-1.80355,0.0,null],[106.07297,-1.81004,0.0,null],[106.07569,-1.81166,0.0,null],[106.07766,-1.81401,0.0,null],[106.07785,-1.81707,0.0,null],[106.08558,-1.82236,0.0,null],[106.08778,-1.82471,0.0,null],[106.09261,-1.82729,0.0,null],[106.09424,-1.82509,0.0,null],[106.09783,-1.82609,0.0,null],[106.10017,-1.82628,0.0,null],[106.10127,-1.82561,0.0,null],[106.10419,-1.82633,0.0,null],[106.10668,-1.8227,0.0,null],[106.10785,-1.81951,0.0,null],[106.1079,-1.8176,0.0,null],[106.10929,-1.81669,0.0,null],[106.11025,-1.81344,0.0,null],[106.11058,-1.8119,0.0,null],[106.10967,-1.81123,0.0,null],[106.10993,-1.808,0.0,null],[106.11242,-1.7981,0.0,null],[106.10723,-1.79472,0.0,null],[106.10235,-1.78979,0.0,null],[106.08706,-1.77958,0.0,null],[106.08117,-1.77297,0.0,null],[106.07727,-1.76434,0.0,null],[106.07553,-1.7567,0.0,null],[106.0738,-1.75302,0.0,null],[106.07175,-1.75077,0.0,null],[106.06498,-1.74577,0.0,null],[106.05641,-1.73696,0.0,null],[106.05351,-1.73244,0.0,null],[106.04875,-1.71907,0.0,null],[106.04638,-1.71426,0.0,null],[106.04476,-1.71182,0.0,null],[106.03777,-1.70617,0.0,null],[106.02279,-1.68406,0.0,null],[106.01714,-1.68262,0.0,null],[106.01415,-1.68126,0.0,null],[106.00884,-1.68116,0.0,null]]],[[[105.90325,-1.55614,0.0,null],[105.89659,-1.55308,0.0,null],[105.89713,-1.53165,0.0,null],[105.8613,-1.53138,0.0,null],[105.86094,-1.53583,0.0,null],[105.85885,-1.5372,0.0,null],[105.85251,-1.53972,0.0,null],[105.84624,-1.54397,0.0,null],[105.8344,-1.55618,0.0,null],[105.83094,-1.55891,0.0,null],[105.82511,-1.55834,0.0,null],[105.82251,-1.56431,0.0,null],[105.81704,-1.56813,0.0,null],[105.8174,-1.57145,0.0,null],[105.80584,-1.58293,0.0,null],[105.8009,-1.59406,0.0,null],[105.79903,-1.6004,0.0,null],[105.79439,-1.61095,0.0,null],[105.79367,-1.61441,0.0,null],[105.79367,-1.62003,0.0,null],[105.79475,-1.62485,0.0,null],[105.79756,-1.63018,0.0,null],[105.85388,-1.62233,0.0,null],[105.85763,-1.61859,0.0,null],[105.8577,-1.61779,0.0,null],[105.85726,-1.61693,0.0,null],[105.85741,-1.61419,0.0,null],[105.85633,-1.61261,0.0,null],[105.85302,-1.61095,0.0,null],[105.85266,-1.6098,0.0,null],[105.85345,-1.60735,0.0,null],[105.85284,-1.6027,0.0,null],[105.85334,-1.59673,0.0,null],[105.85305,-1.59291,0.0,null],[105.85384,-1.59154,0.0,null],[105.85694,-1.59046,0.0,null],[105.85925,-1.5919,0.0,null],[105.86061,-1.59096,0.0,null],[105.86314,-1.59176,0.0,null],[105.86378,-1.59068,0.0,null],[105.86227,-1.58693,0.0,null],[105.86414,-1.58369,0.0,null],[105.86301,-1.58117,0.0,null],[105.86193,-1.58333,0.0,null],[105.85689,-1.5872,0.0,null],[105.8559,-1.58648,0.0,null],[105.85356,-1.58117,0.0,null],[105.85374,-1.58018,0.0,null],[105.85491,-1.57937,0.0,null],[105.86193,-1.57964,0.0,null],[105.86301,-1.57883,0.0,null],[105.86634,-1.58027,0.0,null],[105.88898,-1.57995,0.0,null],[105.88979,-1.57869,0.0,null],[105.89033,-1.56681,0.0,null],[105.92072,-1.5681,0.0,null],[105.92041,-1.56222,0.0,null],[105.91694,-1.5628,0.0,null],[105.91379,-1.55947,0.0,null],[105.91001,-1.55902,0.0,null],[105.90325,-1.55614,0.0,null]]]]}},{"type":"Feature","properties":{"inventoryId":"big-forestry-hti:151","sector":"PBPH","subtype":"IUPHHK-HTI","quality":"OFFICIAL","sourceDataset":"big-forestry-hti","sourceRecordId":"151","source":"BIG Kebijakan Satu Peta","sourceUrl":"https://kspservices.big.go.id/satupeta/rest/services/PUBLIK/PERIZINAN_DAN_PERTANAHAN/MapServer/2","retrievedAt":"2026-08-24T04:22:31Z","geometryProcessing":"web display simplification tolerance 0.00035 degrees","name":"PT INHUTANI V WAY REBANG MUARA DUA","permitNumber":"144/Kpts-II/1999","permitDate":"1999-03-19","areaHa":56547.0,"provinceCode":"18","region":"sumatra"},"geometry":{"type":"MultiPolygon","coordinates":[[[[105.0202,-4.16706,0.0,null],[105.01845,-4.1672,0.0,null],[105.01812,-4.16853,0.0,null],[105.01431,-4.17379,0.0,null],[105.00876,-4.17397,0.0,null],[105.00352,-4.17696,0.0,null],[105.0022,-4.17649,0.0,null],[104.9997,-4.17708,0.0,null],[104.9978,-4.17517,0.0,null],[104.99564,-4.17505,0.0,null],[104.99303,-4.17601,0.0,null],[104.98686,-4.17411,0.0,null],[104.97887,-4.17431,0.0,null],[104.97463,-4.17227,0.0,null],[104.96658,-4.17269,0.0,null],[104.96245,-4.17535,0.0,null],[104.95995,-4.17559,0.0,null],[104.95732,-4.1787,0.0,null],[104.95458,-4.1775,0.0,null],[104.95303,-4.17762,0.0,null],[104.95387,-4.17918,0.0,null],[104.94922,-4.18301,0.0,null],[104.94814,-4.18803,0.0,null],[104.94469,-4.19043,0.0,null],[104.9417,-4.1909,0.0,null],[104.93855,-4.19013,0.0,null],[104.9369,-4.18901,0.0,null],[104.93489,-4.19047,0.0,null],[104.93485,-4.19192,0.0,null],[104.93354,-4.19324,0.0,null],[104.93187,-4.1918,0.0,null],[104.92854,-4.19192,0.0,null],[104.92007,-4.19731,0.0,null],[104.91792,-4.19934,0.0,null],[104.91614,-4.1979,0.0,null],[104.90887,-4.20066,0.0,null],[104.90684,-4.20066,0.0,null],[104.90565,-4.20125,0.0,null],[104.90362,-4.20389,0.0,null],[104.9035,-4.2076,0.0,null],[104.90243,-4.20891,0.0,null],[104.89832,-4.21053,0.0,null],[104.89581,-4.20945,0.0,null],[104.89462,-4.20825,0.0,null],[104.89169,-4.20899,0.0,null],[104.89116,-4.21065,0.0,null],[104.88925,-4.21184,0.0,null],[104.88889,-4.21316,0.0,null],[104.88961,-4.21472,0.0,null],[104.88949,-4.21675,0.0,null],[104.88878,-4.21795,0.0,null],[104.88663,-4.2195,0.0,null],[104.88556,-4.22166,0.0,null],[104.88383,-4.22172,0.0,null],[104.88204,-4.22028,0.0,null],[104.87751,-4.21842,0.0,null],[104.87492,-4.2216,0.0,null],[104.87513,-4.22303,0.0,null],[104.87418,-4.22483,0.0,null],[104.87441,-4.22566,0.0,null],[104.87596,-4.22674,0.0,null],[104.8762,-4.23021,0.0,null],[104.87429,-4.23344,0.0,null],[104.87334,-4.23404,0.0,null],[104.8719,-4.23392,0.0,null],[104.87018,-4.2326,0.0,null],[104.86868,-4.23291,0.0,null],[104.86542,-4.232,0.0,null],[104.86322,-4.23291,0.0,null],[104.86289,-4.23379,0.0,null],[104.861,-4.23505,0.0,null],[104.86022,-4.236,0.0,null],[104.8601,-4.23838,0.0,null],[104.85682,-4.23996,0.0,null],[104.85458,-4.24184,0.0,null],[104.85274,-4.24061,0.0,null],[104.85218,-4.24066,0.0,null],[104.85128,-4.24205,0.0,null],[104.84918,-4.24229,0.0,null],[104.84903,-4.24112,0.0,null],[104.84709,-4.24026,0.0,null],[104.84203,-4.24048,0.0,null],[104.83753,-4.23998,0.0,null],[104.83676,-4.24123,0.0,null],[104.83505,-4.24162,0.0,null],[104.83362,-4.24097,0.0,null],[104.83223,-4.24129,0.0,null],[104.83073,-4.24074,0.0,null],[104.8278,-4.24231,0.0,null],[104.82591,-4.24442,0.0,null],[104.82376,-4.24427,0.0,null],[104.82269,-4.24337,0.0,null],[104.81962,-4.24356,0.0,null],[104.81212,-4.24872,0.0,null],[104.80605,-4.24981,0.0,null],[104.80421,-4.25092,0.0,null],[104.79711,-4.25174,0.0,null],[104.79619,-4.25405,0.0,null],[104.79691,-4.25979,0.0,null],[104.79589,-4.2631,0.0,null],[104.79432,-4.26416,0.0,null],[104.794,-4.26526,0.0,null],[104.79178,-4.26508,0.0,null],[104.78972,-4.26697,0.0,null],[104.78902,-4.26731,0.0,null],[104.78766,-4.26672,0.0,null],[104.78671,-4.26788,0.0,null],[104.78722,-4.30362,0.0,null],[104.78918,-4.30495,0.0,null],[104.79565,-4.30692,0.0,null],[104.80724,-4.30864,0.0,null],[104.8217,-4.31211,0.0,null],[104.82448,-4.31196,0.0,null],[104.8696,-4.32093,0.0,null],[104.90387,-4.32855,0.0,null],[104.9182,-4.32862,0.0,null],[104.92315,-4.32978,0.0,null],[104.92659,-4.32933,0.0,null],[104.94337,-4.33182,0.0,null],[104.95229,-4.33469,0.0,null],[104.96515,-4.33738,0.0,null],[104.97007,-4.3373,0.0,null],[104.97366,-4.33813,0.0,null],[104.98238,-4.33857,0.0,null],[105.01196,-4.34286,0.0,null],[105.02928,-4.32889,0.0,null],[105.03156,-4.32783,0.0,null],[105.03272,-4.32588,0.0,null],[105.06064,-4.30548,0.0,null],[105.06229,-4.30283,0.0,null],[105.06437,-4.29445,0.0,null],[105.06829,-4.25993,0.0,null],[105.07633,-4.20436,0.0,null],[105.07222,-4.20117,0.0,null],[105.06906,-4.20028,0.0,null],[105.03334,-4.20085,0.0,null],[105.02336,-4.20221,0.0,null],[105.02777,-4.19056,0.0,null],[105.0202,-4.16706,0.0,null]]],[[[104.60974,-4.48104,0.0,null],[104.61938,-4.43685,0.0,null],[104.54582,-4.40574,0.0,null],[104.52879,-4.4164,0.0,null],[104.52533,-4.41977,0.0,null],[104.52623,-4.4232,0.0,null],[104.52565,-4.4261,0.0,null],[104.52623,-4.4283,0.0,null],[104.52547,-4.43074,0.0,null],[104.5266,-4.44768,0.0,null],[104.52586,-4.45002,0.0,null],[104.5264,-4.45227,0.0,null],[104.52621,-4.45494,0.0,null],[104.52738,-4.45737,0.0,null],[104.52633,-4.46233,0.0,null],[104.52676,-4.46493,0.0,null],[104.52823,-4.46672,0.0,null],[104.52697,-4.47031,0.0,null],[104.52731,-4.47321,0.0,null],[104.52965,-4.47409,0.0,null],[104.53017,-4.48226,0.0,null],[104.53282,-4.48364,0.0,null],[104.53402,-4.48134,0.0,null],[104.53523,-4.48133,0.0,null],[104.53612,-4.48214,0.0,null],[104.5412,-4.49143,0.0,null],[104.54561,-4.5025,0.0,null],[104.54601,-4.50521,0.0,null],[104.54575,-4.51083,0.0,null],[104.54694,-4.51353,0.0,null],[104.54605,-4.51487,0.0,null],[104.54642,-4.52025,0.0,null],[104.54117,-4.57777,0.0,null],[104.55392,-4.58489,0.0,null],[104.56083,-4.58815,0.0,null],[104.56452,-4.58888,0.0,null],[104.57427,-4.5805,0.0,null],[104.57781,-4.57337,0.0,null],[104.5879,-4.54525,0.0,null],[104.60974,-4.48104,0.0,null]]],[[[104.82231,-4.49516,0.0,null],[104.82178,-4.49423,0.0,null],[104.81882,-4.49239,0.0,null],[104.81487,-4.49186,0.0,null],[104.8093,-4.49657,0.0,null],[104.80498,-4.49698,0.0,null],[104.80369,-4.49931,0.0,null],[104.8005,-4.5018,0.0,null],[104.79868,-4.50243,0.0,null],[104.79549,-4.50222,0.0,null],[104.79314,-4.50347,0.0,null],[104.79131,-4.50201,0.0,null],[104.78803,-4.49621,0.0,null],[104.78498,-4.49491,0.0,null],[104.77616,-4.49744,0.0,null],[104.7738,-4.49683,0.0,null],[104.77183,-4.49824,0.0,null],[104.77,-4.49864,0.0,null],[104.76736,-4.49699,0.0,null],[104.76561,-4.49692,0.0,null],[104.76083,-4.50123,0.0,null],[104.75169,-4.50333,0.0,null],[104.75203,-4.51179,0.0,null],[104.74669,-4.51083,0.0,null],[104.74272,-4.51096,0.0,null],[104.73721,-4.50929,0.0,null],[104.73522,-4.50956,0.0,null],[104.73385,-4.51142,0.0,null],[104.73337,-4.51868,0.0,null],[104.73421,-4.52938,0.0,null],[104.73355,-4.55609,0.0,null],[104.73485,-4.55624,0.0,null],[104.73644,-4.55785,0.0,null],[104.74082,-4.55911,0.0,null],[104.74128,-4.55988,0.0,null],[104.74073,-4.56127,0.0,null],[104.74104,-4.56165,0.0,null],[104.74325,-4.5618,0.0,null],[104.74446,-4.56257,0.0,null],[104.74581,-4.56565,0.0,null],[104.7477,-4.56789,0.0,null],[104.74805,-4.57037,0.0,null],[104.75056,-4.57082,0.0,null],[104.75367,-4.57282,0.0,null],[104.75839,-4.57249,0.0,null],[104.76256,-4.57333,0.0,null],[104.76899,-4.57656,0.0,null],[104.76972,-4.57858,0.0,null],[104.77063,-4.57912,0.0,null],[104.77321,-4.57919,0.0,null],[104.7739,-4.5781,0.0,null],[104.77557,-4.57772,0.0,null],[104.77612,-4.57671,0.0,null],[104.77748,-4.57632,0.0,null],[104.77951,-4.57841,0.0,null],[104.78083,-4.58167,0.0,null],[104.78271,-4.58307,0.0,null],[104.78291,-4.58485,0.0,null],[104.78453,-4.58605,0.0,null],[104.8074,-4.58605,0.0,null],[104.82866,-4.58451,0.0,null],[104.82888,-4.56783,0.0,null],[104.82964,-4.56439,0.0,null],[104.82976,-4.55921,0.0,null],[104.85021,-4.55845,0.0,null],[104.86951,-4.50917,0.0,null],[104.85691,-4.50526,0.0,null],[104.85016,-4.50625,0.0,null],[104.84465,-4.5062,0.0,null],[104.84125,-4.50544,0.0,null],[104.83444,-4.50292,0.0,null],[104.83042,-4.49822,0.0,null],[104.82762,-4.49892,0.0,null],[104.82557,-4.49847,0.0,null],[104.82345,-4.49693,0.0,null],[104.82231,-4.49516,0.0,null]]],[[[105.13366,-5.1877,0.0,null],[105.13089,-5.18681,0.0,null],[105.12111,-5.19031,0.0,null],[105.12027,-5.19237,0.0,null],[105.11739,-5.1943,0.0,null],[105.11046,-5.20213,0.0,null],[105.108,-5.20319,0.0,null],[105.10759,-5.20255,0.0,null],[105.1065,-5.20456,0.0,null],[105.09736,-5.21301,0.0,null],[105.09806,-5.21446,0.0,null],[105.10697,-5.22192,0.0,null],[105.10992,-5.22119,0.0,null],[105.11492,-5.22131,0.0,null],[105.11637,-5.22272,0.0,null],[105.11947,-5.22306,0.0,null],[105.12856,-5.22151,0.0,null],[105.13086,-5.22019,0.0,null],[105.13889,-5.21353,0.0,null],[105.14346,-5.21059,0.0,null],[105.14547,-5.21005,0.0,null],[105.14594,-5.2095,0.0,null],[105.14466,-5.19777,0.0,null],[105.14313,-5.19641,0.0,null],[105.14358,-5.19624,0.0,null],[105.14414,-5.19391,0.0,null],[105.14229,-5.19141,0.0,null],[105.14049,-5.19172,0.0,null],[105.14037,-5.19085,0.0,null],[105.13982,-5.19114,0.0,null],[105.1346,-5.1876,0.0,null],[105.13366,-5.1877,0.0,null]]]]}},{"type":"Feature","properties":{"inventoryId":"big-forestry-hti:145","sector":"PBPH","subtype":"IUPHHK-HTI","quality":"OFFICIAL","sourceDataset":"big-forestry-hti","sourceRecordId":"145","source":"BIG Kebijakan Satu Peta","sourceUrl":"https://kspservices.big.go.id/satupeta/rest/services/PUBLIK/PERIZINAN_DAN_PERTANAHAN/MapServer/2","retrievedAt":"2026-08-24T04:22:31Z","geometryProcessing":"web display simplification tolerance 0.00035 degrees","name":"PT ISTANA KAWI KENCANA","permitNumber":"SK.136/Menhut-II/2010","permitDate":"2010-03-25","areaHa":13440.0,"provinceCode":"19","region":"sumatra"},"geometry":{"type":"MultiPolygon","coordinates":[[[[105.82788,-1.76693,0.0,null],[105.82378,-1.76903,0.0,null],[105.82098,-1.76923,0.0,null],[105.81878,-1.76863,0.0,null],[105.81538,-1.77243,0.0,null],[105.81328,-1.77243,0.0,null],[105.80958,-1.77483,0.0,null],[105.83988,-1.80773,0.0,null],[105.85298,-1.82093,0.0,null],[105.88338,-1.83523,0.0,null],[105.88528,-1.83303,0.0,null],[105.89468,-1.83193,0.0,null],[105.90378,-1.83193,0.0,null],[105.90898,-1.83303,0.0,null],[105.91198,-1.83613,0.0,null],[105.91318,-1.83843,0.0,null],[105.92208,-1.83403,0.0,null],[105.93198,-1.83253,0.0,null],[105.93608,-1.82643,0.0,null],[105.93218,-1.82193,0.0,null],[105.93218,-1.81873,0.0,null],[105.92238,-1.81273,0.0,null],[105.91638,-1.80543,0.0,null],[105.91768,-1.79623,0.0,null],[105.91278,-1.79223,0.0,null],[105.90368,-1.79253,0.0,null],[105.89928,-1.79383,0.0,null],[105.89488,-1.79633,0.0,null],[105.89578,-1.79253,0.0,null],[105.89488,-1.78853,0.0,null],[105.89188,-1.78503,0.0,null],[105.88958,-1.78453,0.0,null],[105.88638,-1.78513,0.0,null],[105.88268,-1.78483,0.0,null],[105.88098,-1.78273,0.0,null],[105.87548,-1.78313,0.0,null],[105.87058,-1.78143,0.0,null],[105.86718,-1.77833,0.0,null],[105.86048,-1.77573,0.0,null],[105.85958,-1.78963,0.0,null],[105.84958,-1.79373,0.0,null],[105.84778,-1.79753,0.0,null],[105.84588,-1.79573,0.0,null],[105.84738,-1.79193,0.0,null],[105.84378,-1.78883,0.0,null],[105.83728,-1.79083,0.0,null],[105.83158,-1.78933,0.0,null],[105.83158,-1.78423,0.0,null],[105.83288,-1.78113,0.0,null],[105.83208,-1.77683,0.0,null],[105.83458,-1.77353,0.0,null],[105.83248,-1.76943,0.0,null],[105.82788,-1.76693,0.0,null]]],[[[105.92008,-1.56113,0.0,null],[105.92078,-1.56343,0.0,null],[105.9207,-1.56785,0.0,null],[105.92318,-1.56973,0.0,null],[105.91628,-1.57833,0.0,null],[105.91488,-1.58373,0.0,null],[105.91178,-1.58743,0.0,null],[105.90768,-1.59063,0.0,null],[105.90318,-1.59063,0.0,null],[105.89828,-1.58893,0.0,null],[105.89378,-1.58923,0.0,null],[105.87998,-1.58693,0.0,null],[105.86928,-1.59423,0.0,null],[105.86788,-1.60383,0.0,null],[105.86638,-1.60833,0.0,null],[105.86788,-1.61543,0.0,null],[105.87788,-1.62263,0.0,null],[105.88158,-1.62143,0.0,null],[105.89078,-1.62633,0.0,null],[105.89468,-1.62703,0.0,null],[105.90848,-1.62783,0.0,null],[105.92148,-1.62283,0.0,null],[105.92968,-1.61733,0.0,null],[105.92588,-1.60883,0.0,null],[105.92468,-1.60483,0.0,null],[105.92488,-1.59533,0.0,null],[105.92598,-1.59063,0.0,null],[105.93038,-1.58643,0.0,null],[105.99868,-1.58723,0.0,null],[105.97398,-1.56653,0.0,null],[105.94598,-1.56923,0.0,null],[105.94158,-1.56923,0.0,null],[105.92008,-1.56113,0.0,null]]],[[[105.85678,-1.62463,0.0,null],[105.85399,-1.62222,0.0,null],[105.79943,-1.62994,0.0,null],[105.80618,-1.64063,0.0,null],[105.80748,-1.64813,0.0,null],[105.82338,-1.65253,0.0,null],[105.82248,-1.65953,0.0,null],[105.83058,-1.65983,0.0,null],[105.83588,-1.66423,0.0,null],[105.83918,-1.66453,0.0,null],[105.84708,-1.66373,0.0,null],[105.85688,-1.66753,0.0,null],[105.85728,-1.65773,0.0,null],[105.85898,-1.65003,0.0,null],[105.86338,-1.64733,0.0,null],[105.86638,-1.64363,0.0,null],[105.87408,-1.63823,0.0,null],[105.87338,-1.63283,0.0,null],[105.87188,-1.63103,0.0,null],[105.87098,-1.62803,0.0,null],[105.85678,-1.62853,0.0,null],[105.85678,-1.62463,0.0,null]]],[[[105.79528,-1.54023,0.0,null],[105.78568,-1.54063,0.0,null],[105.75548,-1.54423,0.0,null],[105.74268,-1.54343,0.0,null],[105.73878,-1.54443,0.0,null],[105.74738,-1.54843,0.0,null],[105.75018,-1.54733,0.0,null],[105.75258,-1.54853,0.0,null],[105.75688,-1.54963,0.0,null],[105.75558,-1.55263,0.0,null],[105.75148,-1.55393,0.0,null],[105.74528,-1.56363,0.0,null],[105.74698,-1.56573,0.0,null],[105.74698,-1.56843,0.0,null],[105.74928,-1.57023,0.0,null],[105.75358,-1.57183,0.0,null],[105.75648,-1.57493,0.0,null],[105.76528,-1.57553,0.0,null],[105.76798,-1.57443,0.0,null],[105.76778,-1.56793,0.0,null],[105.76298,-1.56763,0.0,null],[105.76318,-1.56393,0.0,null],[105.77168,-1.56433,0.0,null],[105.77538,-1.56243,0.0,null],[105.77708,-1.56563,0.0,null],[105.77438,-1.56763,0.0,null],[105.77768,-1.56943,0.0,null],[105.77918,-1.57273,0.0,null],[105.78208,-1.57463,0.0,null],[105.78558,-1.57143,0.0,null],[105.79078,-1.56533,0.0,null],[105.79158,-1.55993,0.0,null],[105.79648,-1.55833,0.0,null],[105.79548,-1.55503,0.0,null],[105.79318,-1.55083,0.0,null],[105.79528,-1.54023,0.0,null]]],[[[105.80308,-1.75893,0.0,null],[105.80758,-1.74773,0.0,null],[105.80488,-1.74633,0.0,null],[105.80348,-1.74223,0.0,null],[105.80108,-1.74183,0.0,null],[105.79778,-1.73973,0.0,null],[105.78728,-1.74593,0.0,null],[105.79068,-1.75143,0.0,null],[105.80688,-1.77183,0.0,null],[105.81198,-1.77063,0.0,null],[105.81388,-1.76853,0.0,null],[105.81508,-1.76373,0.0,null],[105.81408,-1.75413,0.0,null],[105.81258,-1.75143,0.0,null],[105.80718,-1.76063,0.0,null],[105.80308,-1.75893,0.0,null]]]]}},{"type":"Feature","properties":{"inventoryId":"big-forestry-hti:127","sector":"PBPH","subtype":"IUPHHK-HTI","quality":"OFFICIAL","sourceDataset":"big-forestry-hti","sourceRecordId":"127","source":"BIG Kebijakan Satu Peta","sourceUrl":"https://kspservices.big.go.id/satupeta/rest/services/PUBLIK/PERIZINAN_DAN_PERTANAHAN/MapServer/2","retrievedAt":"2026-08-24T04:22:31Z","geometryProcessing":"web display simplification tolerance 0.00035 degrees","name":"PT JEBUS MAJU","permitNumber":"342/Menhut-II/2004","permitDate":"2004-09-09","areaHa":15012.0,"provinceCode":"15","region":"sumatra"},"geometry":{"type":"Polygon","coordinates":[[[101.9061,-1.98297,0.0,null],[101.90427,-2.03719,0.0,null],[101.9119,-2.04385,0.0,null],[101.91621,-2.04988,0.0,null],[101.90879,-2.05799,0.0,null],[101.90341,-2.07214,0.0,null],[101.90188,-2.11309,0.0,null],[101.90141,-2.1133,0.0,null],[101.9005,-2.13498,0.0,null],[101.90347,-2.13351,0.0,null],[101.90817,-2.12859,0.0,null],[101.91078,-2.12011,0.0,null],[101.91203,-2.11052,0.0,null],[101.91797,-2.10364,0.0,null],[101.92661,-2.09774,0.0,null],[101.94365,-2.09112,0.0,null],[101.94563,-2.08694,0.0,null],[101.94466,-2.07906,0.0,null],[101.9417,-2.07512,0.0,null],[101.93801,-2.067,0.0,null],[101.93802,-2.06257,0.0,null],[101.94123,-2.05839,0.0,null],[101.94667,-2.05618,0.0,null],[101.95234,-2.05693,0.0,null],[101.95579,-2.06111,0.0,null],[101.9575,-2.07219,0.0,null],[101.95971,-2.07735,0.0,null],[101.96267,-2.08056,0.0,null],[101.96711,-2.08277,0.0,null],[101.97007,-2.08179,0.0,null],[101.976,-2.07516,0.0,null],[101.97995,-2.07294,0.0,null],[101.98513,-2.07246,0.0,null],[101.98933,-2.07394,0.0,null],[102.00855,-2.09609,0.0,null],[102.0162,-2.10028,0.0,null],[102.02533,-2.10201,0.0,null],[102.04162,-2.09858,0.0,null],[102.04582,-2.1008,0.0,null],[102.05544,-2.1008,0.0,null],[102.05865,-2.09909,0.0,null],[102.06877,-2.08581,0.0,null],[102.07346,-2.08163,0.0,null],[102.07643,-2.0777,0.0,null],[102.07643,-2.07401,0.0,null],[102.07495,-2.07032,0.0,null],[102.05596,-2.06071,0.0,null],[102.05078,-2.05751,0.0,null],[102.04535,-2.05258,0.0,null],[102.04387,-2.04815,0.0,null],[102.04487,-2.0388,0.0,null],[102.02809,-2.03928,0.0,null],[102.01231,-2.0373,0.0,null],[102.00417,-2.03508,0.0,null],[101.99628,-2.03088,0.0,null],[101.9916,-2.02473,0.0,null],[101.98668,-2.00995,0.0,null],[101.98645,-1.99245,0.0,null],[101.98522,-1.98924,0.0,null],[101.97315,-1.98183,0.0,null],[101.96452,-1.97764,0.0,null],[101.95836,-1.97541,0.0,null],[101.95663,-1.97837,0.0,null],[101.95367,-1.98058,0.0,null],[101.95046,-1.98083,0.0,null],[101.94627,-1.98033,0.0,null],[101.94183,-1.97885,0.0,null],[101.93887,-1.97909,0.0,null],[101.93443,-1.98204,0.0,null],[101.9327,-1.98574,0.0,null],[101.91644,-1.97513,0.0,null],[101.90899,-1.9803,0.0,null],[101.9061,-1.98297,0.0,null]]]}},{"type":"Feature","properties":{"inventoryId":"big-forestry-hti:269","sector":"PBPH","subtype":"IUPHHK-HTI","quality":"OFFICIAL","sourceDataset":"big-forestry-hti","sourceRecordId":"269","source":"BIG Kebijakan Satu Peta","sourceUrl":"https://kspservices.big.go.id/satupeta/rest/services/PUBLIK/PERIZINAN_DAN_PERTANAHAN/MapServer/2","retrievedAt":"2026-08-24T04:22:31Z","geometryProcessing":"web display simplification tolerance 0.00035 degrees","name":"PT LANTABURA MENTARI SEJAHTERA","permitNumber":"SK.420/Menhut-II/2014","permitDate":"2014-04-24","areaHa":16120.0,"provinceCode":"16","region":"sumatra"},"geometry":{"type":"Polygon","coordinates":[[[103.98652,-4.09903,0.0,null],[103.98312,-4.0976,0.0,null],[103.98238,-4.09891,0.0,null],[103.9775,-4.09971,0.0,null],[103.97833,-4.10079,0.0,null],[103.97786,-4.10169,0.0,null],[103.97661,-4.10154,0.0,null],[103.97585,-4.09983,0.0,null],[103.97355,-4.09923,0.0,null],[103.97132,-4.10037,0.0,null],[103.96883,-4.10016,0.0,null],[103.96387,-4.10545,0.0,null],[103.96089,-4.10548,0.0,null],[103.96018,-4.10721,0.0,null],[103.95887,-4.10715,0.0,null],[103.95647,-4.10935,0.0,null],[103.95573,-4.10892,0.0,null],[103.95368,-4.10972,0.0,null],[103.95135,-4.11272,0.0,null],[103.95111,-4.11381,0.0,null],[103.94937,-4.11492,0.0,null],[103.94975,-4.11686,0.0,null],[103.94548,-4.11655,0.0,null],[103.94413,-4.11741,0.0,null],[103.9431,-4.1173,0.0,null],[103.93881,-4.12068,0.0,null],[103.93661,-4.12146,0.0,null],[103.93248,-4.12093,0.0,null],[103.93072,-4.11821,0.0,null],[103.92725,-4.1196,0.0,null],[103.92531,-4.12181,0.0,null],[103.92455,-4.12362,0.0,null],[103.92342,-4.1238,0.0,null],[103.92157,-4.12556,0.0,null],[103.92167,-4.1278,0.0,null],[103.92087,-4.12934,0.0,null],[103.91953,-4.1303,0.0,null],[103.92,-4.13108,0.0,null],[103.9196,-4.1318,0.0,null],[103.91626,-4.13423,0.0,null],[103.91625,-4.13642,0.0,null],[103.91763,-4.13937,0.0,null],[103.91814,-4.14288,0.0,null],[103.92161,-4.14637,0.0,null],[103.92295,-4.15252,0.0,null],[103.92563,-4.16018,0.0,null],[103.93211,-4.16695,0.0,null],[103.93241,-4.17071,0.0,null],[103.9519,-4.19051,0.0,null],[103.95643,-4.20093,0.0,null],[103.96306,-4.21243,0.0,null],[103.96884,-4.22474,0.0,null],[103.97537,-4.23649,0.0,null],[103.97495,-4.23774,0.0,null],[103.96533,-4.24606,0.0,null],[103.95859,-4.2542,0.0,null],[103.95586,-4.25899,0.0,null],[103.95637,-4.26137,0.0,null],[103.95499,-4.26216,0.0,null],[103.95381,-4.26582,0.0,null],[103.95304,-4.26643,0.0,null],[103.95397,-4.26753,0.0,null],[103.9581,-4.26861,0.0,null],[103.95965,-4.26998,0.0,null],[103.96089,-4.27229,0.0,null],[103.96186,-4.27244,0.0,null],[103.962,-4.27159,0.0,null],[103.96469,-4.27257,0.0,null],[103.96546,-4.27196,0.0,null],[103.9717,-4.27172,0.0,null],[103.97431,-4.27284,0.0,null],[103.97544,-4.27465,0.0,null],[103.97793,-4.27638,0.0,null],[103.98378,-4.27952,0.0,null],[103.98577,-4.27985,0.0,null],[103.99244,-4.28433,0.0,null],[104.00688,-4.2839,0.0,null],[104.02562,-4.28199,0.0,null],[104.02811,-4.28111,0.0,null],[104.02957,-4.27928,0.0,null],[104.03045,-4.27665,0.0,null],[104.03067,-4.27262,0.0,null],[104.03081,-4.26867,0.0,null],[104.02994,-4.26281,0.0,null],[104.02649,-4.24803,0.0,null],[104.02554,-4.23968,0.0,null],[104.02671,-4.23668,0.0,null],[104.02759,-4.23053,0.0,null],[104.02364,-4.20989,0.0,null],[104.02108,-4.20616,0.0,null],[104.018,-4.20462,0.0,null],[104.01632,-4.20213,0.0,null],[104.01588,-4.19789,0.0,null],[104.01647,-4.1954,0.0,null],[104.01617,-4.18771,0.0,null],[104.01508,-4.18273,0.0,null],[104.01771,-4.18054,0.0,null],[104.01749,-4.17849,0.0,null],[104.01808,-4.17651,0.0,null],[104.02152,-4.17834,0.0,null],[104.02283,-4.18083,0.0,null],[104.02335,-4.18083,0.0,null],[104.02386,-4.17988,0.0,null],[104.02305,-4.17746,0.0,null],[104.02379,-4.17651,0.0,null],[104.02576,-4.17702,0.0,null],[104.02606,-4.17812,0.0,null],[104.02664,-4.1771,0.0,null],[104.02759,-4.1771,0.0,null],[104.02884,-4.17834,0.0,null],[104.02913,-4.1798,0.0,null],[104.02994,-4.17849,0.0,null],[104.03118,-4.17841,0.0,null],[104.03162,-4.17893,0.0,null],[104.03121,-4.18001,0.0,null],[104.03212,-4.17952,0.0,null],[104.03313,-4.17729,0.0,null],[104.03479,-4.17683,0.0,null],[104.03479,-4.17387,0.0,null],[104.03348,-4.17109,0.0,null],[104.03411,-4.16761,0.0,null],[104.03677,-4.16897,0.0,null],[104.04096,-4.16842,0.0,null],[104.05282,-4.14878,0.0,null],[104.05822,-4.14249,0.0,null],[104.05707,-4.14122,0.0,null],[104.05609,-4.13857,0.0,null],[104.05932,-4.13631,0.0,null],[104.05843,-4.13389,0.0,null],[104.05659,-4.13154,0.0,null],[104.0544,-4.13071,0.0,null],[104.04996,-4.12481,0.0,null],[104.04823,-4.12357,0.0,null],[104.04845,-4.12232,0.0,null],[104.04702,-4.12159,0.0,null],[104.0477,-4.12131,0.0,null],[104.04781,-4.12056,0.0,null],[104.04726,-4.12035,0.0,null],[104.04799,-4.118,0.0,null],[104.0452,-4.11806,0.0,null],[104.04508,-4.11722,0.0,null],[104.04624,-4.11656,0.0,null],[104.04511,-4.11528,0.0,null],[104.04022,-4.11754,0.0,null],[104.0407,-4.12112,0.0,null],[104.04009,-4.12036,0.0,null],[104.03949,-4.12069,0.0,null],[104.03875,-4.11964,0.0,null],[104.03738,-4.11976,0.0,null],[104.03708,-4.12019,0.0,null],[104.0378,-4.1215,0.0,null],[104.03683,-4.12161,0.0,null],[104.03661,-4.1224,0.0,null],[104.03559,-4.12221,0.0,null],[104.03527,-4.12091,0.0,null],[104.03455,-4.1206,0.0,null],[104.03398,-4.12157,0.0,null],[104.03274,-4.12106,0.0,null],[104.03314,-4.12248,0.0,null],[104.03176,-4.12299,0.0,null],[104.02797,-4.12093,0.0,null],[104.0287,-4.1189,0.0,null],[104.02634,-4.11791,0.0,null],[104.02454,-4.11817,0.0,null],[104.02354,-4.11951,0.0,null],[104.02116,-4.12007,0.0,null],[104.01921,-4.11864,0.0,null],[104.01915,-4.11696,0.0,null],[104.01805,-4.11577,0.0,null],[104.01652,-4.11571,0.0,null],[104.01623,-4.1138,0.0,null],[104.01501,-4.11301,0.0,null],[104.01389,-4.11425,0.0,null],[104.01277,-4.11447,0.0,null],[104.01297,-4.11347,0.0,null],[104.01131,-4.11347,0.0,null],[104.00996,-4.1123,0.0,null],[104.00873,-4.11208,0.0,null],[104.00796,-4.11231,0.0,null],[104.00727,-4.11397,0.0,null],[104.00633,-4.11281,0.0,null],[104.00561,-4.11046,0.0,null],[104.00356,-4.11022,0.0,null],[104.00229,-4.11088,0.0,null],[104.00144,-4.10861,0.0,null],[104.00081,-4.1103,0.0,null],[104.00006,-4.11074,0.0,null],[103.99966,-4.10801,0.0,null],[104.00015,-4.10654,0.0,null],[103.99829,-4.10641,0.0,null],[103.99762,-4.10577,0.0,null],[103.99822,-4.10506,0.0,null],[104.00066,-4.10489,0.0,null],[103.99876,-4.1019,0.0,null],[103.99427,-4.10109,0.0,null],[103.99407,-4.10262,0.0,null],[103.99323,-4.10338,0.0,null],[103.99342,-4.10516,0.0,null],[103.99284,-4.10558,0.0,null],[103.992,-4.10481,0.0,null],[103.99184,-4.10222,0.0,null],[103.99339,-4.10052,0.0,null],[103.99312,-4.09946,0.0,null],[103.99306,-4.09993,0.0,null],[103.99215,-4.09991,0.0,null],[103.9891,-4.09764,0.0,null],[103.98753,-4.09896,0.0,null],[103.98652,-4.09903,0.0,null]]]}},{"type":"Feature","properties":{"inventoryId":"big-forestry-hti:132","sector":"PBPH","subtype":"IUPHHK-HTI","quality":"OFFICIAL","sourceDataset":"big-forestry-hti","sourceRecordId":"132","source":"BIG Kebijakan Satu Peta","sourceUrl":"https://kspservices.big.go.id/satupeta/rest/services/PUBLIK/PERIZINAN_DAN_PERTANAHAN/MapServer/2","retrievedAt":"2026-08-24T04:22:31Z","geometryProcessing":"web display simplification tolerance 0.00035 degrees","name":"PT LESTARI ASRI JAYA","permitNumber":"141/Menhut-II/2010","permitDate":"2010-03-31","areaHa":61495.0,"provinceCode":"15","region":"sumatra"},"geometry":{"type":"MultiPolygon","coordinates":[[[[102.31504,-1.01363,0.0,null],[102.30994,-1.00853,0.0,null],[102.30384,-1.00453,0.0,null],[102.29972,-1.00394,0.0,null],[102.29653,-1.01367,0.0,null],[102.29756,-1.01366,0.0,null],[102.30072,-1.0201,0.0,null],[102.29899,-1.02841,0.0,null],[102.30014,-1.03239,0.0,null],[102.29903,-1.03876,0.0,null],[102.30182,-1.04128,0.0,null],[102.30217,-1.04796,0.0,null],[102.30368,-1.04942,0.0,null],[102.30677,-1.05552,0.0,null],[102.30819,-1.05715,0.0,null],[102.31743,-1.05105,0.0,null],[102.31947,-1.05267,0.0,null],[102.31951,-1.05879,0.0,null],[102.31694,-1.06335,0.0,null],[102.31518,-1.07108,0.0,null],[102.31447,-1.07869,0.0,null],[102.31111,-1.08214,0.0,null],[102.30668,-1.08236,0.0,null],[102.30373,-1.07962,0.0,null],[102.29948,-1.07705,0.0,null],[102.29846,-1.07241,0.0,null],[102.30041,-1.06763,0.0,null],[102.30001,-1.06419,0.0,null],[102.29428,-1.05434,0.0,null],[102.28548,-1.05508,0.0,null],[102.28471,-1.05375,0.0,null],[102.27982,-1.04908,0.0,null],[102.27434,-1.06293,0.0,null],[102.25244,-1.06553,0.0,null],[102.25144,-1.04783,0.0,null],[102.23894,-1.05363,0.0,null],[102.23773,-1.05376,0.0,null],[102.23704,-1.06603,0.0,null],[102.24364,-1.06396,0.0,null],[102.24384,-1.07003,0.0,null],[102.24254,-1.07203,0.0,null],[102.24234,-1.07533,0.0,null],[102.23964,-1.08013,0.0,null],[102.23634,-1.08063,0.0,null],[102.23264,-1.08213,0.0,null],[102.23084,-1.08413,0.0,null],[102.23064,-1.08693,0.0,null],[102.23144,-1.08783,0.0,null],[102.23391,-1.08934,0.0,null],[102.2386,-1.09024,0.0,null],[102.23825,-1.09112,0.0,null],[102.23884,-1.09423,0.0,null],[102.22894,-1.10783,0.0,null],[102.22884,-1.10983,0.0,null],[102.22924,-1.11173,0.0,null],[102.23364,-1.11553,0.0,null],[102.23724,-1.12103,0.0,null],[102.24214,-1.12483,0.0,null],[102.24194,-1.13853,0.0,null],[102.24263,-1.14171,0.0,null],[102.2446,-1.14261,0.0,null],[102.24679,-1.14546,0.0,null],[102.24632,-1.14718,0.0,null],[102.24889,-1.15003,0.0,null],[102.2492,-1.15246,0.0,null],[102.25396,-1.15642,0.0,null],[102.25868,-1.15879,0.0,null],[102.26469,-1.1646,0.0,null],[102.26526,-1.16317,0.0,null],[102.26611,-1.16393,0.0,null],[102.27044,-1.1642,0.0,null],[102.27191,-1.16151,0.0,null],[102.28786,-1.15177,0.0,null],[102.30032,-1.16116,0.0,null],[102.29476,-1.1683,0.0,null],[102.30149,-1.17573,0.0,null],[102.29998,-1.18103,0.0,null],[102.3083,-1.18245,0.0,null],[102.30989,-1.18749,0.0,null],[102.32804,-1.19203,0.0,null],[102.33474,-1.17953,0.0,null],[102.33926,-1.18289,0.0,null],[102.33284,-1.19303,0.0,null],[102.34144,-1.20233,0.0,null],[102.33924,-1.21253,0.0,null],[102.34544,-1.22325,0.0,null],[102.3473,-1.22408,0.0,null],[102.34978,-1.22418,0.0,null],[102.3512,-1.22589,0.0,null],[102.35016,-1.22713,0.0,null],[102.35149,-1.22884,0.0,null],[102.35123,-1.2298,0.0,null],[102.37482,-1.23756,0.0,null],[102.37729,-1.24163,0.0,null],[102.37954,-1.24683,0.0,null],[102.38594,-1.25643,0.0,null],[102.40348,-1.24331,0.0,null],[102.4056,-1.24348,0.0,null],[102.40934,-1.24523,0.0,null],[102.42024,-1.25353,0.0,null],[102.42254,-1.24853,0.0,null],[102.41914,-1.24223,0.0,null],[102.40764,-1.22603,0.0,null],[102.39679,-1.20097,0.0,null],[102.39072,-1.18863,0.0,null],[102.38392,-1.17859,0.0,null],[102.38392,-1.17734,0.0,null],[102.37869,-1.1697,0.0,null],[102.35662,-1.15129,0.0,null],[102.34585,-1.13937,0.0,null],[102.34418,-1.13288,0.0,null],[102.35004,-1.12449,0.0,null],[102.36599,-1.11366,0.0,null],[102.37324,-1.11335,0.0,null],[102.38904,-1.1222,0.0,null],[102.40359,-1.13383,0.0,null],[102.42503,-1.16656,0.0,null],[102.42775,-1.17158,0.0,null],[102.43549,-1.18215,0.0,null],[102.44072,-1.19386,0.0,null],[102.44254,-1.20533,0.0,null],[102.4471,-1.22346,0.0,null],[102.44809,-1.23039,0.0,null],[102.4515,-1.23944,0.0,null],[102.45764,-1.24433,0.0,null],[102.47354,-1.22413,0.0,null],[102.47774,-1.22723,0.0,null],[102.47054,-1.24503,0.0,null],[102.48024,-1.25363,0.0,null],[102.48484,-1.24593,0.0,null],[102.48624,-1.24563,0.0,null],[102.48854,-1.24353,0.0,null],[102.48964,-1.24453,0.0,null],[102.49064,-1.24393,0.0,null],[102.49144,-1.24233,0.0,null],[102.49344,-1.24153,0.0,null],[102.49744,-1.23823,0.0,null],[102.49894,-1.23903,0.0,null],[102.50064,-1.23893,0.0,null],[102.50084,-1.23803,0.0,null],[102.50994,-1.23053,0.0,null],[102.51194,-1.22673,0.0,null],[102.51834,-1.22423,0.0,null],[102.51794,-1.22303,0.0,null],[102.51854,-1.22273,0.0,null],[102.52074,-1.22303,0.0,null],[102.52064,-1.22023,0.0,null],[102.52194,-1.22013,0.0,null],[102.52144,-1.21853,0.0,null],[102.52284,-1.21643,0.0,null],[102.52884,-1.21323,0.0,null],[102.52964,-1.21153,0.0,null],[102.52754,-1.21033,0.0,null],[102.52614,-1.20873,0.0,null],[102.52284,-1.20123,0.0,null],[102.52324,-1.19963,0.0,null],[102.51444,-1.19023,0.0,null],[102.50824,-1.18153,0.0,null],[102.50214,-1.17083,0.0,null],[102.49694,-1.16513,0.0,null],[102.48974,-1.16253,0.0,null],[102.48674,-1.15903,0.0,null],[102.51194,-1.15753,0.0,null],[102.51234,-1.15573,0.0,null],[102.51174,-1.15283,0.0,null],[102.51198,-1.14995,0.0,null],[102.50793,-1.1486,0.0,null],[102.50658,-1.14725,0.0,null],[102.50371,-1.14573,0.0,null],[102.50177,-1.14539,0.0,null],[102.49629,-1.14143,0.0,null],[102.49418,-1.1405,0.0,null],[102.49137,-1.13757,0.0,null],[102.4895,-1.13708,0.0,null],[102.48356,-1.13319,0.0,null],[102.46277,-1.13317,0.0,null],[102.43648,-1.12227,0.0,null],[102.43048,-1.11795,0.0,null],[102.41694,-1.098,0.0,null],[102.41034,-1.09043,0.0,null],[102.39447,-1.0836,0.0,null],[102.34974,-1.07243,0.0,null],[102.33574,-1.06143,0.0,null],[102.32974,-1.04573,0.0,null],[102.32744,-1.03163,0.0,null],[102.32514,-1.02353,0.0,null],[102.31504,-1.01363,0.0,null]],[[102.35612,-1.21535,0.0,null],[102.37235,-1.21544,0.0,null],[102.37254,-1.22415,0.0,null],[102.3561,-1.22436,0.0,null],[102.35612,-1.21535,0.0,null]]],[[[102.00274,-0.91073,0.0,null],[101.99614,-0.91023,0.0,null],[101.99554,-0.90653,0.0,null],[101.98804,-0.90373,0.0,null],[101.98088,-0.89927,0.0,null],[101.9787,-0.89717,0.0,null],[101.97528,-0.89784,0.0,null],[101.97316,-0.89902,0.0,null],[101.97105,-0.90116,0.0,null],[101.96639,-0.91408,0.0,null],[101.96389,-0.91678,0.0,null],[101.96124,-0.91718,0.0,null],[101.95876,-0.9122,0.0,null],[101.9581,-0.91191,0.0,null],[101.95572,-0.91316,0.0,null],[101.94575,-0.91546,0.0,null],[101.9409,-0.9147,0.0,null],[101.94033,-0.91547,0.0,null],[101.93758,-0.91509,0.0,null],[101.93406,-0.91193,0.0,null],[101.93131,-0.91098,0.0,null],[101.92799,-0.91452,0.0,null],[101.92124,-0.9194,0.0,null],[101.91526,-0.91941,0.0,null],[101.91308,-0.92189,0.0,null],[101.91308,-0.92419,0.0,null],[101.91549,-0.92867,0.0,null],[101.91629,-0.93405,0.0,null],[101.91585,-0.93939,0.0,null],[101.90977,-0.94188,0.0,null],[101.9095,-0.94747,0.0,null],[101.90993,-0.94963,0.0,null],[101.90799,-0.95259,0.0,null],[101.89863,-0.95501,0.0,null],[101.89677,-0.95595,0.0,null],[101.89572,-0.9567,0.0,null],[101.89572,-0.95899,0.0,null],[101.89392,-0.96167,0.0,null],[101.88281,-0.96828,0.0,null],[101.85944,-0.96687,0.0,null],[101.85583,-0.96754,0.0,null],[101.85402,-0.96993,0.0,null],[101.8528,-0.97892,0.0,null],[101.85156,-0.98055,0.0,null],[101.84539,-0.98342,0.0,null],[101.84168,-0.98352,0.0,null],[101.84578,-0.9948,0.0,null],[101.85747,-0.99823,0.0,null],[101.94624,-0.96533,0.0,null],[101.94704,-0.96883,0.0,null],[101.94924,-0.97083,0.0,null],[101.94974,-0.97273,0.0,null],[101.95184,-0.97623,0.0,null],[101.95354,-0.97723,0.0,null],[101.95574,-0.97763,0.0,null],[101.95634,-0.97853,0.0,null],[101.95824,-0.97873,0.0,null],[101.96694,-0.97553,0.0,null],[101.97084,-0.97343,0.0,null],[101.97164,-0.97513,0.0,null],[101.97204,-0.97863,0.0,null],[101.97304,-0.98013,0.0,null],[101.97454,-0.98033,0.0,null],[101.97844,-0.97923,0.0,null],[101.98034,-0.97993,0.0,null],[101.98234,-0.98153,0.0,null],[101.98754,-0.98323,0.0,null],[101.99054,-0.98593,0.0,null],[101.99344,-0.98763,0.0,null],[102.00104,-0.98883,0.0,null],[102.00224,-0.98953,0.0,null],[102.00284,-0.99163,0.0,null],[102.00904,-0.99393,0.0,null],[102.01364,-0.99483,0.0,null],[102.01784,-0.99443,0.0,null],[102.01904,-0.99333,0.0,null],[102.01974,-0.98983,0.0,null],[102.02164,-0.98923,0.0,null],[102.02474,-0.98943,0.0,null],[102.02714,-0.98793,0.0,null],[102.02804,-0.98873,0.0,null],[102.02854,-0.99133,0.0,null],[102.02934,-0.99243,0.0,null],[102.03364,-0.99313,0.0,null],[102.03554,-0.99543,0.0,null],[102.03854,-0.99403,0.0,null],[102.04174,-0.99503,0.0,null],[102.04694,-0.98953,0.0,null],[102.04764,-0.98653,0.0,null],[102.04834,-0.98623,0.0,null],[102.05204,-0.99203,0.0,null],[102.05934,-0.99363,0.0,null],[102.06294,-0.99623,0.0,null],[102.06654,-0.99673,0.0,null],[102.06714,-0.99723,0.0,null],[102.06774,-0.99953,0.0,null],[102.07904,-1.00353,0.0,null],[102.0833,-0.99738,0.0,null],[102.11535,-0.99391,0.0,null],[102.12494,-0.98263,0.0,null],[102.13154,-0.98993,0.0,null],[102.13254,-0.99823,0.0,null],[102.14544,-1.00453,0.0,null],[102.14124,-0.96853,0.0,null],[102.15494,-0.96993,0.0,null],[102.15684,-0.97333,0.0,null],[102.18244,-0.97333,0.0,null],[102.18264,-0.95903,0.0,null],[102.18473,-0.95028,0.0,null],[102.18298,-0.94867,0.0,null],[102.17909,-0.93656,0.0,null],[102.17594,-0.93503,0.0,null],[102.17084,-0.93523,0.0,null],[102.16214,-0.93393,0.0,null],[102.15774,-0.93523,0.0,null],[102.15234,-0.93583,0.0,null],[102.15034,-0.93763,0.0,null],[102.14744,-0.93853,0.0,null],[102.14284,-0.93633,0.0,null],[102.14094,-0.93453,0.0,null],[102.12844,-0.93663,0.0,null],[102.12494,-0.93633,0.0,null],[102.12294,-0.93563,0.0,null],[102.12164,-0.93323,0.0,null],[102.12024,-0.93193,0.0,null],[102.10544,-0.93043,0.0,null],[102.10234,-0.92723,0.0,null],[102.09934,-0.92723,0.0,null],[102.09744,-0.92853,0.0,null],[102.09444,-0.92933,0.0,null],[102.08684,-0.92803,0.0,null],[102.07304,-0.92803,0.0,null],[102.06964,-0.92733,0.0,null],[102.06684,-0.92273,0.0,null],[102.06514,-0.92143,0.0,null],[102.05584,-0.92033,0.0,null],[102.05324,-0.91943,0.0,null],[102.05064,-0.92133,0.0,null],[102.04834,-0.92133,0.0,null],[102.04014,-0.91823,0.0,null],[102.03814,-0.92043,0.0,null],[102.03644,-0.92143,0.0,null],[102.03054,-0.92023,0.0,null],[102.02674,-0.91863,0.0,null],[102.02484,-0.91863,0.0,null],[102.02244,-0.91753,0.0,null],[102.01964,-0.91533,0.0,null],[102.01344,-0.91343,0.0,null],[102.01014,-0.91123,0.0,null],[102.00624,-0.91233,0.0,null],[102.00274,-0.91073,0.0,null]]],[[[102.1767,-1.07874,0.0,null],[102.16684,-1.07773,0.0,null],[102.16622,-1.07874,0.0,null],[102.16422,-1.07872,0.0,null],[102.16393,-1.08881,0.0,null],[102.16509,-1.08917,0.0,null],[102.16752,-1.09309,0.0,null],[102.17009,-1.10056,0.0,null],[102.17625,-1.11055,0.0,null],[102.17681,-1.11237,0.0,null],[102.17046,-1.11988,0.0,null],[102.17298,-1.1232,0.0,null],[102.17331,-1.12558,0.0,null],[102.1728,-1.12642,0.0,null],[102.17359,-1.12716,0.0,null],[102.1734,-1.12866,0.0,null],[102.17424,-1.1287,0.0,null],[102.17438,-1.13037,0.0,null],[102.17959,-1.13014,0.0,null],[102.18043,-1.13052,0.0,null],[102.18234,-1.12975,0.0,null],[102.18417,-1.12792,0.0,null],[102.18425,-1.127,0.0,null],[102.18524,-1.1267,0.0,null],[102.18547,-1.12494,0.0,null],[102.187,-1.12501,0.0,null],[102.18937,-1.12157,0.0,null],[102.18876,-1.11935,0.0,null],[102.1919,-1.11683,0.0,null],[102.19603,-1.11698,0.0,null],[102.19434,-1.11874,0.0,null],[102.19419,-1.12111,0.0,null],[102.19542,-1.12165,0.0,null],[102.19542,-1.1228,0.0,null],[102.19672,-1.12517,0.0,null],[102.1974,-1.1254,0.0,null],[102.19228,-1.13144,0.0,null],[102.19044,-1.13106,0.0,null],[102.1906,-1.12975,0.0,null],[102.18937,-1.12884,0.0,null],[102.18937,-1.12784,0.0,null],[102.1883,-1.12777,0.0,null],[102.18792,-1.12907,0.0,null],[102.1867,-1.12907,0.0,null],[102.18616,-1.12998,0.0,null],[102.18639,-1.13067,0.0,null],[102.18517,-1.13167,0.0,null],[102.18524,-1.13427,0.0,null],[102.18249,-1.1358,0.0,null],[102.18257,-1.13671,0.0,null],[102.1815,-1.1358,0.0,null],[102.17553,-1.14291,0.0,null],[102.19603,-1.14176,0.0,null],[102.20964,-1.15216,0.0,null],[102.21056,-1.1517,0.0,null],[102.21094,-1.15079,0.0,null],[102.21163,-1.15178,0.0,null],[102.21255,-1.15109,0.0,null],[102.21668,-1.15209,0.0,null],[102.21706,-1.15132,0.0,null],[102.21928,-1.15124,0.0,null],[102.21866,-1.14589,0.0,null],[102.2188,-1.14543,0.0,null],[102.22084,-1.14543,0.0,null],[102.22114,-1.13923,0.0,null],[102.22644,-1.13833,0.0,null],[102.22714,-1.13893,0.0,null],[102.22764,-1.13643,0.0,null],[102.22644,-1.13313,0.0,null],[102.22524,-1.13193,0.0,null],[102.22354,-1.13203,0.0,null],[102.21714,-1.13563,0.0,null],[102.21464,-1.13563,0.0,null],[102.21324,-1.13443,0.0,null],[102.21004,-1.12693,0.0,null],[102.20824,-1.11823,0.0,null],[102.20564,-1.10963,0.0,null],[102.20204,-1.10353,0.0,null],[102.19984,-1.10193,0.0,null],[102.19594,-1.10173,0.0,null],[102.19174,-1.09733,0.0,null],[102.19024,-1.09366,0.0,null],[102.19052,-1.09094,0.0,null],[102.18954,-1.08963,0.0,null],[102.18774,-1.09033,0.0,null],[102.18294,-1.08343,0.0,null],[102.17764,-1.07883,0.0,null],[102.1767,-1.07874,0.0,null]]],[[[102.18644,-1.00803,0.0,null],[102.18414,-0.99763,0.0,null],[102.18314,-0.98853,0.0,null],[102.16024,-1.00723,0.0,null],[102.16054,-1.01523,0.0,null],[102.16784,-1.01713,0.0,null],[102.17244,-1.01473,0.0,null],[102.18084,-1.0162,0.0,null],[102.16974,-1.02323,0.0,null],[102.16974,-1.02733,0.0,null],[102.16124,-1.03053,0.0,null],[102.16124,-1.03883,0.0,null],[102.17024,-1.04663,0.0,null],[102.17774,-1.03953,0.0,null],[102.19024,-1.03573,0.0,null],[102.19084,-1.03473,0.0,null],[102.19484,-1.03193,0.0,null],[102.20034,-1.03193,0.0,null],[102.20403,-1.03453,0.0,null],[102.20969,-1.03273,0.0,null],[102.20244,-1.02863,0.0,null],[102.19584,-1.02403,0.0,null],[102.18924,-1.01613,0.0,null],[102.18644,-1.00803,0.0,null]]]]}},{"type":"Feature","properties":{"inventoryId":"big-forestry-hti:128","sector":"PBPH","subtype":"IUPHHK-HTI","quality":"OFFICIAL","sourceDataset":"big-forestry-hti","sourceRecordId":"128","source":"BIG Kebijakan Satu Peta","sourceUrl":"https://kspservices.big.go.id/satupeta/rest/services/PUBLIK/PERIZINAN_DAN_PERTANAHAN/MapServer/2","retrievedAt":"2026-08-24T04:22:31Z","geometryProcessing":"web display simplification tolerance 0.00035 degrees","name":"PT LIMBAH KAYU UTAMA","permitNumber":"327/Kpts-II/1998","permitDate":"1998-02-27","areaHa":19300.0,"provinceCode":"15","region":"sumatra"},"geometry":{"type":"Polygon","coordinates":[[[102.6933,-1.59935,0.0,null],[102.69018,-1.59958,0.0,null],[102.68482,-1.60157,0.0,null],[102.6827,-1.60394,0.0,null],[102.68145,-1.60681,0.0,null],[102.68095,-1.61741,0.0,null],[102.67921,-1.63213,0.0,null],[102.67758,-1.63487,0.0,null],[102.67347,-1.63799,0.0,null],[102.66362,-1.64048,0.0,null],[102.64591,-1.63899,0.0,null],[102.64154,-1.63936,0.0,null],[102.631,-1.65539,0.0,null],[102.62714,-1.66511,0.0,null],[102.62427,-1.6691,0.0,null],[102.62165,-1.67509,0.0,null],[102.62121,-1.67877,0.0,null],[102.62221,-1.68126,0.0,null],[102.62707,-1.68775,0.0,null],[102.63156,-1.69037,0.0,null],[102.64516,-1.70072,0.0,null],[102.65364,-1.70883,0.0,null],[102.6633,-1.71363,0.0,null],[102.67378,-1.716,0.0,null],[102.68201,-1.72061,0.0,null],[102.68563,-1.72348,0.0,null],[102.68712,-1.7261,0.0,null],[102.68775,-1.73021,0.0,null],[102.68725,-1.73832,0.0,null],[102.68575,-1.74169,0.0,null],[102.68051,-1.7483,0.0,null],[102.67727,-1.7498,0.0,null],[102.67166,-1.7483,0.0,null],[102.65757,-1.74094,0.0,null],[102.64771,-1.74107,0.0,null],[102.63662,-1.74206,0.0,null],[102.6219,-1.73845,0.0,null],[102.61579,-1.73994,0.0,null],[102.61105,-1.74231,0.0,null],[102.60718,-1.74543,0.0,null],[102.60419,-1.74817,0.0,null],[102.60394,-1.74905,0.0,null],[102.60519,-1.75254,0.0,null],[102.61978,-1.75927,0.0,null],[102.63537,-1.76925,0.0,null],[102.63761,-1.77125,0.0,null],[102.64622,-1.78197,0.0,null],[102.65339,-1.78864,0.0,null],[102.66075,-1.79201,0.0,null],[102.66786,-1.79451,0.0,null],[102.67397,-1.79575,0.0,null],[102.68694,-1.797,0.0,null],[102.71718,-1.79469,0.0,null],[102.74786,-1.79407,0.0,null],[102.76757,-1.79207,0.0,null],[102.77056,-1.78259,0.0,null],[102.77573,-1.74886,0.0,null],[102.77249,-1.74849,0.0,null],[102.76376,-1.75073,0.0,null],[102.74693,-1.75148,0.0,null],[102.73508,-1.75372,0.0,null],[102.7271,-1.75322,0.0,null],[102.72448,-1.75235,0.0,null],[102.72335,-1.75086,0.0,null],[102.72248,-1.74549,0.0,null],[102.72379,-1.73271,0.0,null],[102.72491,-1.72859,0.0,null],[102.73664,-1.70851,0.0,null],[102.73919,-1.70134,0.0,null],[102.73745,-1.69623,0.0,null],[102.72373,-1.68189,0.0,null],[102.72186,-1.67914,0.0,null],[102.71999,-1.67465,0.0,null],[102.71918,-1.66599,0.0,null],[102.7203,-1.65863,0.0,null],[102.72055,-1.65152,0.0,null],[102.72042,-1.64865,0.0,null],[102.71855,-1.64204,0.0,null],[102.71606,-1.63793,0.0,null],[102.70677,-1.62739,0.0,null],[102.70377,-1.62277,0.0,null],[102.70178,-1.61778,0.0,null],[102.69704,-1.6012,0.0,null],[102.69592,-1.59995,0.0,null],[102.6933,-1.59935,0.0,null]]]}},{"type":"Feature","properties":{"inventoryId":"big-forestry-hti:248","sector":"PBPH","subtype":"IUPHHK-HTI","quality":"OFFICIAL","sourceDataset":"big-forestry-hti","sourceRecordId":"248","source":"BIG Kebijakan Satu Peta","sourceUrl":"https://kspservices.big.go.id/satupeta/rest/services/PUBLIK/PERIZINAN_DAN_PERTANAHAN/MapServer/2","retrievedAt":"2026-08-24T04:22:31Z","geometryProcessing":"web display simplification tolerance 0.00035 degrees","name":"PT MADUKORO","permitNumber":"SK.522.21/IUPHHK-HTI/I/2003/017","permitDate":"2003-01-31","areaHa":15000.0,"provinceCode":"14","region":"sumatra"},"geometry":{"type":"Polygon","coordinates":[[[102.39693,0.56222,0.0,null],[102.34003,0.56163,0.0,null],[102.33208,0.51712,0.0,null],[102.32571,0.51629,0.0,null],[102.32206,0.51751,0.0,null],[102.31997,0.51612,0.0,null],[102.31827,0.51346,0.0,null],[102.3136,0.48691,0.0,null],[102.30415,0.46652,0.0,null],[102.30241,0.45663,0.0,null],[102.30344,0.44921,0.0,null],[102.30828,0.43864,0.0,null],[102.338,0.38677,0.0,null],[102.39513,0.42556,0.0,null],[102.39693,0.56222,0.0,null]]]}},{"type":"Feature","properties":{"inventoryId":"big-forestry-hti:136","sector":"PBPH","subtype":"IUPHHK-HTI","quality":"OFFICIAL","sourceDataset":"big-forestry-hti","sourceRecordId":"136","source":"BIG Kebijakan Satu Peta","sourceUrl":"https://kspservices.big.go.id/satupeta/rest/services/PUBLIK/PERIZINAN_DAN_PERTANAHAN/MapServer/2","retrievedAt":"2026-08-24T04:22:31Z","geometryProcessing":"web display simplification tolerance 0.00035 degrees","name":"PT MALAKA AGRO PERKASA","permitNumber":"SK.570/Menhut-II/2009","permitDate":"2009-09-28","areaHa":24485.0,"provinceCode":"15","region":"sumatra"},"geometry":{"type":"MultiPolygon","coordinates":[[[[102.07075,-1.7458,0.0,null],[102.05228,-1.74309,0.0,null],[102.04336,-1.74678,0.0,null],[102.03382,-1.74525,0.0,null],[102.03386,-1.74732,0.0,null],[102.03171,-1.74952,0.0,null],[102.03052,-1.75344,0.0,null],[102.02899,-1.75322,0.0,null],[102.02698,-1.7508,0.0,null],[102.02539,-1.75115,0.0,null],[102.02392,-1.75056,0.0,null],[102.02274,-1.75109,0.0,null],[102.02223,-1.75231,0.0,null],[102.0199,-1.75171,0.0,null],[102.01196,-1.75613,0.0,null],[102.01171,-1.75686,0.0,null],[102.01228,-1.75807,0.0,null],[102.01191,-1.75878,0.0,null],[102.00692,-1.75978,0.0,null],[102.00583,-1.76067,0.0,null],[102.0059,-1.7625,0.0,null],[102.0071,-1.76162,0.0,null],[102.00886,-1.76137,0.0,null],[102.01029,-1.76217,0.0,null],[102.01076,-1.76161,0.0,null],[102.01236,-1.76186,0.0,null],[102.01239,-1.76055,0.0,null],[102.01345,-1.76022,0.0,null],[102.01274,-1.76354,0.0,null],[102.01511,-1.76562,0.0,null],[102.01577,-1.76588,0.0,null],[102.01667,-1.76539,0.0,null],[102.01812,-1.76645,0.0,null],[102.01888,-1.76604,0.0,null],[102.01877,-1.76745,0.0,null],[102.01792,-1.76793,0.0,null],[102.0182,-1.76948,0.0,null],[102.02143,-1.77223,0.0,null],[102.01849,-1.7728,0.0,null],[102.01735,-1.77146,0.0,null],[102.01672,-1.7738,0.0,null],[102.01434,-1.77574,0.0,null],[102.01337,-1.77574,0.0,null],[102.01334,-1.77402,0.0,null],[102.01227,-1.77255,0.0,null],[102.01177,-1.76974,0.0,null],[102.00998,-1.76858,0.0,null],[102.00744,-1.7685,0.0,null],[102.00619,-1.76736,0.0,null],[102.00418,-1.76822,0.0,null],[102.00251,-1.76813,0.0,null],[102.00102,-1.76731,0.0,null],[101.99927,-1.76743,0.0,null],[101.99844,-1.76595,0.0,null],[101.99839,-1.76487,0.0,null],[101.99927,-1.76312,0.0,null],[101.99856,-1.76243,0.0,null],[101.99664,-1.76452,0.0,null],[101.98778,-1.765,0.0,null],[101.98651,-1.7628,0.0,null],[101.988,-1.75792,0.0,null],[101.98772,-1.75574,0.0,null],[101.98712,-1.75442,0.0,null],[101.98516,-1.75697,0.0,null],[101.98313,-1.75817,0.0,null],[101.98106,-1.75672,0.0,null],[101.9819,-1.75477,0.0,null],[101.98102,-1.75371,0.0,null],[101.9805,-1.74881,0.0,null],[101.97856,-1.74993,0.0,null],[101.97687,-1.74871,0.0,null],[101.9747,-1.75194,0.0,null],[101.96814,-1.75263,0.0,null],[101.96199,-1.75513,0.0,null],[101.96008,-1.75544,0.0,null],[101.95902,-1.75302,0.0,null],[101.95322,-1.75445,0.0,null],[101.95015,-1.75694,0.0,null],[101.95092,-1.76132,0.0,null],[101.94771,-1.77277,0.0,null],[101.95792,-1.7834,0.0,null],[101.97217,-1.7943,0.0,null],[101.97436,-1.80096,0.0,null],[101.97436,-1.8023,0.0,null],[101.96066,-1.80291,0.0,null],[101.942,-1.80853,0.0,null],[101.91975,-1.81286,0.0,null],[101.9139,-1.81469,0.0,null],[101.91553,-1.81845,0.0,null],[101.91692,-1.81653,0.0,null],[101.91787,-1.8164,0.0,null],[101.91886,-1.81404,0.0,null],[101.9201,-1.8144,0.0,null],[101.92139,-1.81595,0.0,null],[101.92152,-1.81398,0.0,null],[101.92258,-1.81317,0.0,null],[101.92431,-1.8129,0.0,null],[101.92544,-1.8141,0.0,null],[101.92507,-1.81868,0.0,null],[101.92564,-1.81993,0.0,null],[101.9269,-1.81977,0.0,null],[101.92912,-1.81843,0.0,null],[101.93139,-1.81813,0.0,null],[101.93209,-1.81871,0.0,null],[101.9318,-1.82173,0.0,null],[101.93329,-1.82163,0.0,null],[101.93462,-1.82058,0.0,null],[101.94022,-1.821,0.0,null],[101.94017,-1.82254,0.0,null],[101.9379,-1.82236,0.0,null],[101.93747,-1.82497,0.0,null],[101.93952,-1.82439,0.0,null],[101.94166,-1.82464,0.0,null],[101.94157,-1.82556,0.0,null],[101.93985,-1.82776,0.0,null],[101.94082,-1.82844,0.0,null],[101.94243,-1.82811,0.0,null],[101.95906,-1.82948,0.0,null],[101.95968,-1.82885,0.0,null],[101.96009,-1.82525,0.0,null],[101.97487,-1.82204,0.0,null],[101.98679,-1.82685,0.0,null],[101.9893,-1.82833,0.0,null],[101.99917,-1.83793,0.0,null],[102.02354,-1.83702,0.0,null],[102.03265,-1.83309,0.0,null],[102.06429,-1.82434,0.0,null],[102.08627,-1.82137,0.0,null],[102.10156,-1.81236,0.0,null],[102.1047,-1.8078,0.0,null],[102.11468,-1.79089,0.0,null],[102.11392,-1.77704,0.0,null],[102.10075,-1.75307,0.0,null],[102.09427,-1.75119,0.0,null],[102.08192,-1.7463,0.0,null],[102.07075,-1.7458,0.0,null]]],[[[102.08218,-1.64107,0.0,null],[102.07885,-1.63889,0.0,null],[102.0772,-1.63987,0.0,null],[102.07543,-1.64231,0.0,null],[102.0732,-1.64205,0.0,null],[102.07205,-1.64276,0.0,null],[102.07156,-1.64427,0.0,null],[102.06956,-1.64525,0.0,null],[102.06863,-1.6464,0.0,null],[102.06792,-1.6464,0.0,null],[102.06641,-1.64805,0.0,null],[102.06574,-1.64831,0.0,null],[102.06356,-1.64516,0.0,null],[102.0593,-1.65,0.0,null],[102.05876,-1.6504,0.0,null],[102.05676,-1.64938,0.0,null],[102.05676,-1.65093,0.0,null],[102.05476,-1.65204,0.0,null],[102.05281,-1.65116,0.0,null],[102.0465,-1.65329,0.0,null],[102.04419,-1.65329,0.0,null],[102.04379,-1.65413,0.0,null],[102.03903,-1.65031,0.0,null],[102.03806,-1.65031,0.0,null],[102.03201,-1.65453,0.0,null],[102.02815,-1.65618,0.0,null],[102.02508,-1.6548,0.0,null],[102.02366,-1.65569,0.0,null],[102.0229,-1.65733,0.0,null],[102.01784,-1.65778,0.0,null],[102.0142,-1.65862,0.0,null],[102.01371,-1.6592,0.0,null],[102.01197,-1.65893,0.0,null],[102.01122,-1.65951,0.0,null],[102.00815,-1.6588,0.0,null],[102.00757,-1.65933,0.0,null],[102.00775,-1.66026,0.0,null],[102.00682,-1.66066,0.0,null],[102.00464,-1.65915,0.0,null],[102.00451,-1.66009,0.0,null],[102.00358,-1.66049,0.0,null],[102.00259,-1.66219,0.0,null],[102.00145,-1.66219,0.0,null],[102.00026,-1.6611,0.0,null],[101.99912,-1.6611,0.0,null],[101.9983,-1.66307,0.0,null],[101.99679,-1.66214,0.0,null],[101.99654,-1.66322,0.0,null],[101.99115,-1.6668,0.0,null],[101.99048,-1.66856,0.0,null],[101.9896,-1.66881,0.0,null],[101.98908,-1.67073,0.0,null],[101.99007,-1.67213,0.0,null],[101.98929,-1.67389,0.0,null],[101.9867,-1.67523,0.0,null],[101.98587,-1.67834,0.0,null],[101.97976,-1.68688,0.0,null],[101.97914,-1.68921,0.0,null],[101.97961,-1.69009,0.0,null],[101.98137,-1.69066,0.0,null],[101.9823,-1.69283,0.0,null],[101.98199,-1.69335,0.0,null],[101.97945,-1.69252,0.0,null],[101.97966,-1.69439,0.0,null],[101.97888,-1.6962,0.0,null],[101.98002,-1.69796,0.0,null],[101.97966,-1.69853,0.0,null],[101.98007,-1.6993,0.0,null],[101.9793,-1.69993,0.0,null],[101.98047,-1.70282,0.0,null],[101.98026,-1.70567,0.0,null],[101.97888,-1.70567,0.0,null],[101.97767,-1.70657,0.0,null],[101.9764,-1.70559,0.0,null],[101.97516,-1.70551,0.0,null],[101.97588,-1.70881,0.0,null],[101.97514,-1.71184,0.0,null],[101.97638,-1.71435,0.0,null],[101.9758,-1.71617,0.0,null],[101.97614,-1.72087,0.0,null],[101.97543,-1.72073,0.0,null],[101.97474,-1.71939,0.0,null],[101.97329,-1.71844,0.0,null],[101.97279,-1.71683,0.0,null],[101.9721,-1.71638,0.0,null],[101.97086,-1.7168,0.0,null],[101.97036,-1.71593,0.0,null],[101.96944,-1.71614,0.0,null],[101.96775,-1.71551,0.0,null],[101.9678,-1.7182,0.0,null],[101.9653,-1.71744,0.0,null],[101.96369,-1.71767,0.0,null],[101.96197,-1.71799,0.0,null],[101.96218,-1.7187,0.0,null],[101.96171,-1.71923,0.0,null],[101.96012,-1.71754,0.0,null],[101.95851,-1.71678,0.0,null],[101.95733,-1.71815,0.0,null],[101.9568,-1.72171,0.0,null],[101.95524,-1.72242,0.0,null],[101.95469,-1.7239,0.0,null],[101.95152,-1.7239,0.0,null],[101.9516,-1.7263,0.0,null],[101.94991,-1.7305,0.0,null],[101.95063,-1.73198,0.0,null],[101.95181,-1.73282,0.0,null],[101.95184,-1.73361,0.0,null],[101.95427,-1.73477,0.0,null],[101.95522,-1.7373,0.0,null],[101.9559,-1.73775,0.0,null],[101.95561,-1.73852,0.0,null],[101.95709,-1.7411,0.0,null],[101.95596,-1.74258,0.0,null],[101.9563,-1.74303,0.0,null],[101.95714,-1.7419,0.0,null],[101.95939,-1.74179,0.0,null],[101.96005,-1.7425,0.0,null],[101.9587,-1.74446,0.0,null],[101.96408,-1.74496,0.0,null],[101.96709,-1.74348,0.0,null],[101.9701,-1.74366,0.0,null],[101.97548,-1.74195,0.0,null],[101.9759,-1.74163,0.0,null],[101.97408,-1.74044,0.0,null],[101.97366,-1.73952,0.0,null],[101.97477,-1.73915,0.0,null],[101.97464,-1.7376,0.0,null],[101.97258,-1.73662,0.0,null],[101.97303,-1.73556,0.0,null],[101.97577,-1.73414,0.0,null],[101.97743,-1.73406,0.0,null],[101.97931,-1.73195,0.0,null],[101.98049,-1.73176,0.0,null],[101.98071,-1.7296,0.0,null],[101.97933,-1.72791,0.0,null],[101.98055,-1.7268,0.0,null],[101.98049,-1.7253,0.0,null],[101.98424,-1.7248,0.0,null],[101.98815,-1.7229,0.0,null],[101.98994,-1.72295,0.0,null],[101.9916,-1.7219,0.0,null],[101.9929,-1.71918,0.0,null],[101.99535,-1.72071,0.0,null],[101.99617,-1.72229,0.0,null],[101.99675,-1.72443,0.0,null],[101.99567,-1.7281,0.0,null],[101.99688,-1.73037,0.0,null],[101.9968,-1.732,0.0,null],[101.99838,-1.73256,0.0,null],[101.9997,-1.73055,0.0,null],[102.00134,-1.72981,0.0,null],[102.0049,-1.732,0.0,null],[102.00704,-1.73263,0.0,null],[102.00709,-1.73348,0.0,null],[102.0083,-1.73292,0.0,null],[102.00886,-1.73322,0.0,null],[102.00991,-1.73451,0.0,null],[102.01005,-1.73562,0.0,null],[102.01234,-1.73654,0.0,null],[102.01421,-1.73511,0.0,null],[102.01706,-1.73417,0.0,null],[102.01991,-1.73398,0.0,null],[102.02242,-1.73292,0.0,null],[102.02572,-1.73374,0.0,null],[102.03049,-1.73348,0.0,null],[102.0325,-1.72881,0.0,null],[102.03545,-1.73087,0.0,null],[102.03635,-1.73079,0.0,null],[102.03704,-1.72839,0.0,null],[102.03888,-1.72789,0.0,null],[102.03983,-1.72915,0.0,null],[102.04195,-1.72899,0.0,null],[102.04313,-1.72796,0.0,null],[102.0401,-1.72435,0.0,null],[102.04018,-1.71913,0.0,null],[102.04192,-1.71533,0.0,null],[102.04472,-1.7177,0.0,null],[102.04514,-1.71884,0.0,null],[102.04669,-1.71955,0.0,null],[102.04923,-1.7196,0.0,null],[102.05121,-1.72179,0.0,null],[102.05622,-1.72147,0.0,null],[102.05867,-1.72242,0.0,null],[102.05683,-1.71978,0.0,null],[102.05669,-1.7187,0.0,null],[102.0573,-1.71804,0.0,null],[102.05659,-1.71604,0.0,null],[102.0568,-1.70775,0.0,null],[102.05775,-1.70599,0.0,null],[102.06023,-1.7044,0.0,null],[102.06308,-1.69976,0.0,null],[102.06583,-1.69666,0.0,null],[102.06649,-1.69497,0.0,null],[102.06752,-1.69426,0.0,null],[102.07614,-1.69417,0.0,null],[102.08387,-1.69292,0.0,null],[102.08631,-1.69368,0.0,null],[102.08711,-1.69235,0.0,null],[102.08858,-1.69164,0.0,null],[102.09129,-1.69168,0.0,null],[102.09444,-1.69061,0.0,null],[102.09715,-1.69128,0.0,null],[102.0996,-1.68924,0.0,null],[102.10093,-1.68919,0.0,null],[102.10377,-1.68533,0.0,null],[102.10435,-1.68302,0.0,null],[102.10435,-1.67897,0.0,null],[102.10275,-1.67453,0.0,null],[102.10258,-1.67151,0.0,null],[102.10124,-1.66889,0.0,null],[102.10035,-1.6652,0.0,null],[102.10009,-1.65849,0.0,null],[102.09942,-1.65822,0.0,null],[102.0976,-1.6552,0.0,null],[102.09595,-1.65467,0.0,null],[102.09573,-1.65364,0.0,null],[102.09409,-1.65284,0.0,null],[102.0936,-1.65369,0.0,null],[102.09289,-1.65347,0.0,null],[102.0896,-1.65027,0.0,null],[102.08858,-1.65,0.0,null],[102.08658,-1.64636,0.0,null],[102.08382,-1.64462,0.0,null],[102.08302,-1.64476,0.0,null],[102.08151,-1.64342,0.0,null],[102.0812,-1.64254,0.0,null],[102.08218,-1.64107,0.0,null]]]]}},{"type":"Feature","properties":{"inventoryId":"big-forestry-hti:256","sector":"PBPH","subtype":"IUPHHK-HTI","quality":"OFFICIAL","sourceDataset":"big-forestry-hti","sourceRecordId":"256","source":"BIG Kebijakan Satu Peta","sourceUrl":"https://kspservices.big.go.id/satupeta/rest/services/PUBLIK/PERIZINAN_DAN_PERTANAHAN/MapServer/2","retrievedAt":"2026-08-24T04:22:31Z","geometryProcessing":"web display simplification tolerance 0.00035 degrees","name":"PT MERBAU PELALAWAN LESTARI","permitNumber":"SK.69/Menhut-II/2007","permitDate":"2007-02-23","areaHa":5970.0,"provinceCode":"14","region":"sumatra"},"geometry":{"type":"Polygon","coordinates":[[[102.37891,-0.12847,0.0,null],[102.37288,-0.12924,0.0,null],[102.3541,-0.12887,0.0,null],[102.34375,-0.13392,0.0,null],[102.3259,-0.13274,0.0,null],[102.29135,-0.13347,0.0,null],[102.28784,-0.13247,0.0,null],[102.26937,-0.14093,0.0,null],[102.26912,-0.15326,0.0,null],[102.27608,-0.16373,0.0,null],[102.34109,-0.1636,0.0,null],[102.34792,-0.16403,0.0,null],[102.35697,-0.16356,0.0,null],[102.41041,-0.16419,0.0,null],[102.43555,-0.15386,0.0,null],[102.43635,-0.15005,0.0,null],[102.43768,-0.1294,0.0,null],[102.37891,-0.12847,0.0,null]]]}},{"type":"Feature","properties":{"inventoryId":"big-forestry-hti:176","sector":"PBPH","subtype":"IUPHHK-HTI","quality":"OFFICIAL","sourceDataset":"big-forestry-hti","sourceRecordId":"176","source":"BIG Kebijakan Satu Peta","sourceUrl":"https://kspservices.big.go.id/satupeta/rest/services/PUBLIK/PERIZINAN_DAN_PERTANAHAN/MapServer/2","retrievedAt":"2026-08-24T04:22:31Z","geometryProcessing":"web display simplification tolerance 0.00035 degrees","name":"PT MITRA HUTANI JAYA","permitNumber":"SK.101/Menhut-II/2006","permitDate":"2006-04-11","areaHa":9240.0,"provinceCode":"14","region":"sumatra"},"geometry":{"type":"Polygon","coordinates":[[[103.02479,0.47361,0.0,null],[103.02282,0.47731,0.0,null],[103.02249,0.47713,0.0,null],[103.02219,0.47639,0.0,null],[102.9442,0.41725,0.0,null],[102.90397,0.38939,0.0,null],[102.87447,0.3664,0.0,null],[102.89452,0.33358,0.0,null],[102.90762,0.34004,0.0,null],[102.91437,0.34627,0.0,null],[102.93058,0.36314,0.0,null],[102.94771,0.37607,0.0,null],[102.96326,0.38428,0.0,null],[102.98803,0.39375,0.0,null],[103.00347,0.40107,0.0,null],[103.00914,0.40412,0.0,null],[103.03036,0.41956,0.0,null],[103.04069,0.42579,0.0,null],[103.04783,0.42937,0.0,null],[103.04572,0.43455,0.0,null],[103.02479,0.47361,0.0,null]]]}},{"type":"Feature","properties":{"inventoryId":"big-forestry-hti:208","sector":"PBPH","subtype":"IUPHHK-HTI","quality":"OFFICIAL","sourceDataset":"big-forestry-hti","sourceRecordId":"208","source":"BIG Kebijakan Satu Peta","sourceUrl":"https://kspservices.big.go.id/satupeta/rest/services/PUBLIK/PERIZINAN_DAN_PERTANAHAN/MapServer/2","retrievedAt":"2026-08-24T04:22:31Z","geometryProcessing":"web display simplification tolerance 0.00035 degrees","name":"PT MITRA KEMBANG SELARAS","permitNumber":"SK.71/Menhut-II/2007","permitDate":"2007-02-23","areaHa":14800.0,"provinceCode":"14","region":"sumatra"},"geometry":{"type":"Polygon","coordinates":[[[102.34792,-0.16403,0.0,null],[102.34988,-0.17245,0.0,null],[102.28699,-0.21141,0.0,null],[102.32977,-0.26506,0.0,null],[102.33703,-0.27199,0.0,null],[102.36111,-0.28678,0.0,null],[102.36401,-0.28795,0.0,null],[102.37446,-0.28159,0.0,null],[102.38089,-0.28145,0.0,null],[102.38758,-0.27345,0.0,null],[102.3983,-0.23363,0.0,null],[102.43749,-0.23356,0.0,null],[102.43861,-0.16491,0.0,null],[102.43563,-0.15883,0.0,null],[102.43564,-0.15382,0.0,null],[102.41041,-0.16419,0.0,null],[102.35697,-0.16356,0.0,null],[102.34792,-0.16403,0.0,null]]]}},{"type":"Feature","properties":{"inventoryId":"big-forestry-hti:175","sector":"PBPH","subtype":"IUPHHK-HTI","quality":"OFFICIAL","sourceDataset":"big-forestry-hti","sourceRecordId":"175","source":"BIG Kebijakan Satu Peta","sourceUrl":"https://kspservices.big.go.id/satupeta/rest/services/PUBLIK/PERIZINAN_DAN_PERTANAHAN/MapServer/2","retrievedAt":"2026-08-24T04:22:31Z","geometryProcessing":"web display simplification tolerance 0.00035 degrees","name":"PT MITRA TANI NUSA SEJATI","permitNumber":"SK.66/Menhut-II/2007","permitDate":"2007-02-23","areaHa":7480.0,"provinceCode":"14","region":"sumatra"},"geometry":{"type":"Polygon","coordinates":[[[102.42048,-0.05319,0.0,null],[102.42101,-0.05289,0.0,null],[102.42077,-0.0499,0.0,null],[102.42124,-0.04739,0.0,null],[102.42433,-0.0456,0.0,null],[102.4241,-0.04297,0.0,null],[102.4273,-0.03782,0.0,null],[102.42777,-0.03591,0.0,null],[102.42819,-0.0303,0.0,null],[102.42748,-0.02348,0.0,null],[102.42593,-0.01895,0.0,null],[102.42654,-0.01703,0.0,null],[102.43188,-0.00878,0.0,null],[102.43829,-0.00902,0.0,null],[102.43913,-0.00842,0.0,null],[102.43972,-0.00662,0.0,null],[102.43883,-0.00137,0.0,null],[102.44109,0.00174,0.0,null],[102.44025,0.00521,0.0,null],[102.44156,0.00616,0.0,null],[102.44561,0.00593,0.0,null],[102.4463,0.00689,0.0,null],[102.44643,0.00999,0.0,null],[102.44549,0.01429,0.0,null],[102.44216,0.01991,0.0,null],[102.44316,0.02146,0.0,null],[102.4465,0.0241,0.0,null],[102.4465,0.02493,0.0,null],[102.44435,0.02648,0.0,null],[102.44341,0.02815,0.0,null],[102.44376,0.03043,0.0,null],[102.44626,0.03365,0.0,null],[102.44531,0.03903,0.0,null],[102.44199,0.04166,0.0,null],[102.43736,0.04428,0.0,null],[102.43249,0.04272,0.0,null],[102.43165,0.04535,0.0,null],[102.43421,0.04918,0.0,null],[102.43374,0.05145,0.0,null],[102.43171,0.05467,0.0,null],[102.42862,0.05527,0.0,null],[102.42793,0.0561,0.0,null],[102.4259,0.06255,0.0,null],[102.42435,0.06494,0.0,null],[102.42423,0.06661,0.0,null],[102.42506,0.06805,0.0,null],[102.42637,0.06877,0.0,null],[102.42934,0.06841,0.0,null],[102.43112,0.06495,0.0,null],[102.43385,0.06483,0.0,null],[102.43494,0.06609,0.0,null],[102.43077,0.08969,0.0,null],[102.41631,0.08307,0.0,null],[102.41221,0.07926,0.0,null],[102.397,0.06147,0.0,null],[102.39001,0.0577,0.0,null],[102.37641,0.05394,0.0,null],[102.37621,0.05283,0.0,null],[102.37673,-0.00262,0.0,null],[102.37817,-0.00314,0.0,null],[102.38209,-0.0023,0.0,null],[102.38363,-0.00373,0.0,null],[102.38411,-0.00624,0.0,null],[102.38494,-0.00684,0.0,null],[102.38559,-0.01197,0.0,null],[102.38535,-0.01711,0.0,null],[102.38524,-0.01879,0.0,null],[102.38357,-0.02237,0.0,null],[102.3838,-0.02464,0.0,null],[102.3857,-0.02572,0.0,null],[102.38701,-0.02583,0.0,null],[102.38808,-0.02834,0.0,null],[102.39164,-0.03216,0.0,null],[102.39259,-0.03276,0.0,null],[102.39413,-0.03276,0.0,null],[102.39616,-0.03467,0.0,null],[102.39806,-0.03515,0.0,null],[102.40007,-0.03646,0.0,null],[102.40241,-0.03662,0.0,null],[102.40295,-0.0357,0.0,null],[102.40462,-0.03522,0.0,null],[102.41044,-0.03736,0.0,null],[102.41305,-0.03736,0.0,null],[102.41424,-0.03796,0.0,null],[102.41602,-0.04022,0.0,null],[102.41614,-0.04226,0.0,null],[102.41554,-0.0456,0.0,null],[102.41424,-0.04835,0.0,null],[102.41435,-0.04943,0.0,null],[102.41554,-0.0499,0.0,null],[102.41554,-0.05062,0.0,null],[102.41768,-0.05253,0.0,null],[102.42048,-0.05319,0.0,null]]]}},{"type":"Feature","properties":{"inventoryId":"big-forestry-hti:126","sector":"PBPH","subtype":"IUPHHK-HTI","quality":"OFFICIAL","sourceDataset":"big-forestry-hti","sourceRecordId":"126","source":"BIG Kebijakan Satu Peta","sourceUrl":"https://kspservices.big.go.id/satupeta/rest/services/PUBLIK/PERIZINAN_DAN_PERTANAHAN/MapServer/2","retrievedAt":"2026-08-24T04:22:31Z","geometryProcessing":"web display simplification tolerance 0.00035 degrees","name":"PT MUGITRIMAN INTERNATIONAL","permitNumber":"419/Menhut-II/2009","permitDate":"2009-07-13","areaHa":37500.0,"provinceCode":"15","region":"sumatra"},"geometry":{"type":"MultiPolygon","coordinates":[[[[101.61883,-1.72244,0.0,null],[101.6234,-1.73049,0.0,null],[101.62908,-1.72492,0.0,null],[101.62153,-1.71787,0.0,null],[101.62346,-1.71175,0.0,null],[101.62583,-1.71302,0.0,null],[101.62788,-1.71564,0.0,null],[101.63117,-1.71278,0.0,null],[101.63253,-1.71105,0.0,null],[101.63459,-1.69974,0.0,null],[101.64261,-1.69234,0.0,null],[101.64817,-1.68946,0.0,null],[101.65063,-1.68556,0.0,null],[101.66113,-1.67754,0.0,null],[101.66647,-1.67446,0.0,null],[101.67326,-1.67282,0.0,null],[101.67985,-1.67258,0.0,null],[101.67573,-1.66973,0.0,null],[101.67244,-1.6685,0.0,null],[101.66705,-1.65433,0.0,null],[101.65828,-1.64412,0.0,null],[101.65412,-1.63685,0.0,null],[101.6522,-1.63223,0.0,null],[101.64777,-1.60913,0.0,null],[101.64719,-1.58988,0.0,null],[101.64584,-1.57641,0.0,null],[101.64391,-1.57044,0.0,null],[101.64141,-1.56794,0.0,null],[101.63736,-1.5664,0.0,null],[101.63505,-1.56736,0.0,null],[101.62022,-1.57776,0.0,null],[101.61097,-1.58007,0.0,null],[101.60673,-1.57949,0.0,null],[101.60133,-1.57622,0.0,null],[101.59613,-1.57718,0.0,null],[101.59016,-1.58392,0.0,null],[101.55612,-1.62672,0.0,null],[101.53897,-1.65288,0.0,null],[101.53586,-1.65554,0.0,null],[101.51792,-1.66255,0.0,null],[101.50513,-1.66608,0.0,null],[101.50166,-1.66955,0.0,null],[101.501,-1.67097,0.0,null],[101.4945,-1.67155,0.0,null],[101.49161,-1.67304,0.0,null],[101.49204,-1.67871,0.0,null],[101.49056,-1.70451,0.0,null],[101.49631,-1.70875,0.0,null],[101.50419,-1.70097,0.0,null],[101.51462,-1.68932,0.0,null],[101.53294,-1.67799,0.0,null],[101.53705,-1.6781,0.0,null],[101.54815,-1.68032,0.0,null],[101.55293,-1.66267,0.0,null],[101.55936,-1.66334,0.0,null],[101.56203,-1.65745,0.0,null],[101.55925,-1.65079,0.0,null],[101.56791,-1.64569,0.0,null],[101.57868,-1.66345,0.0,null],[101.55925,-1.71363,0.0,null],[101.5561,-1.73506,0.0,null],[101.5593,-1.74316,0.0,null],[101.57,-1.72951,0.0,null],[101.57072,-1.71579,0.0,null],[101.58526,-1.69724,0.0,null],[101.58926,-1.70854,0.0,null],[101.59651,-1.70411,0.0,null],[101.60538,-1.70291,0.0,null],[101.61514,-1.71523,0.0,null],[101.61883,-1.72244,0.0,null]]],[[[101.69773,-1.70058,0.0,null],[101.7009,-1.69634,0.0,null],[101.70135,-1.69342,0.0,null],[101.704,-1.69227,0.0,null],[101.70937,-1.69447,0.0,null],[101.71314,-1.69209,0.0,null],[101.71475,-1.69178,0.0,null],[101.71956,-1.68889,0.0,null],[101.7323,-1.68304,0.0,null],[101.73842,-1.67912,0.0,null],[101.74061,-1.68216,0.0,null],[101.74223,-1.68347,0.0,null],[101.74156,-1.68576,0.0,null],[101.76535,-1.69648,0.0,null],[101.76514,-1.69104,0.0,null],[101.76577,-1.68601,0.0,null],[101.76807,-1.68141,0.0,null],[101.7687,-1.6768,0.0,null],[101.76747,-1.66765,0.0,null],[101.7681,-1.66639,0.0,null],[101.76978,-1.66576,0.0,null],[101.77627,-1.66513,0.0,null],[101.779,-1.66304,0.0,null],[101.78151,-1.65572,0.0,null],[101.78193,-1.64316,0.0,null],[101.78402,-1.64002,0.0,null],[101.78716,-1.63709,0.0,null],[101.79806,-1.63374,0.0,null],[101.80329,-1.63102,0.0,null],[101.80727,-1.62558,0.0,null],[101.81209,-1.62307,0.0,null],[101.81502,-1.62286,0.0,null],[101.82068,-1.626,0.0,null],[101.82759,-1.62851,0.0,null],[101.83534,-1.62956,0.0,null],[101.83932,-1.62809,0.0,null],[101.85043,-1.62244,0.0,null],[101.85985,-1.62181,0.0,null],[101.87074,-1.62328,0.0,null],[101.87682,-1.62265,0.0,null],[101.88017,-1.62056,0.0,null],[101.88122,-1.61784,0.0,null],[101.88038,-1.61533,0.0,null],[101.87703,-1.61051,0.0,null],[101.87703,-1.60612,0.0,null],[101.87933,-1.60361,0.0,null],[101.88939,-1.59628,0.0,null],[101.89002,-1.59314,0.0,null],[101.88969,-1.59095,0.0,null],[101.88738,-1.5874,0.0,null],[101.8834,-1.58405,0.0,null],[101.87817,-1.58279,0.0,null],[101.87639,-1.58136,0.0,null],[101.87604,-1.57861,0.0,null],[101.87731,-1.5763,0.0,null],[101.89163,-1.5763,0.0,null],[101.89732,-1.57714,0.0,null],[101.90912,-1.58367,0.0,null],[101.91481,-1.58851,0.0,null],[101.91944,-1.58998,0.0,null],[101.92534,-1.5883,0.0,null],[101.93145,-1.59019,0.0,null],[101.93377,-1.59019,0.0,null],[101.93545,-1.58935,0.0,null],[101.94325,-1.58135,0.0,null],[101.94662,-1.5803,0.0,null],[101.95126,-1.58072,0.0,null],[101.95505,-1.58261,0.0,null],[101.95652,-1.58261,0.0,null],[101.96095,-1.57946,0.0,null],[101.96263,-1.57735,0.0,null],[101.96432,-1.57125,0.0,null],[101.96369,-1.56578,0.0,null],[101.9639,-1.56136,0.0,null],[101.96179,-1.55546,0.0,null],[101.95989,-1.55231,0.0,null],[101.95758,-1.55062,0.0,null],[101.95294,-1.54957,0.0,null],[101.95231,-1.55357,0.0,null],[101.95168,-1.57251,0.0,null],[101.95231,-1.57735,0.0,null],[101.95041,-1.57798,0.0,null],[101.94346,-1.57735,0.0,null],[101.93566,-1.56557,0.0,null],[101.9325,-1.56388,0.0,null],[101.92934,-1.56304,0.0,null],[101.92345,-1.56262,0.0,null],[101.9146,-1.56325,0.0,null],[101.89058,-1.56956,0.0,null],[101.87878,-1.57125,0.0,null],[101.87351,-1.57441,0.0,null],[101.86932,-1.59319,0.0,null],[101.86816,-1.59395,0.0,null],[101.86281,-1.59473,0.0,null],[101.8534,-1.59506,0.0,null],[101.84278,-1.59451,0.0,null],[101.83559,-1.59331,0.0,null],[101.83547,-1.56484,0.0,null],[101.83099,-1.56439,0.0,null],[101.827,-1.56257,0.0,null],[101.82433,-1.5538,0.0,null],[101.82362,-1.54634,0.0,null],[101.82246,-1.54197,0.0,null],[101.8252,-1.51806,0.0,null],[101.82103,-1.50759,0.0,null],[101.81939,-1.50462,0.0,null],[101.81638,-1.50217,0.0,null],[101.80978,-1.49974,0.0,null],[101.80149,-1.49776,0.0,null],[101.79769,-1.4975,0.0,null],[101.79347,-1.49866,0.0,null],[101.79099,-1.50024,0.0,null],[101.78959,-1.50051,0.0,null],[101.78481,-1.50533,0.0,null],[101.78387,-1.50776,0.0,null],[101.78369,-1.51043,0.0,null],[101.78664,-1.51769,0.0,null],[101.79106,-1.52431,0.0,null],[101.79137,-1.52782,0.0,null],[101.78963,-1.53643,0.0,null],[101.79058,-1.53911,0.0,null],[101.79196,-1.54083,0.0,null],[101.79329,-1.54509,0.0,null],[101.79272,-1.54883,0.0,null],[101.78899,-1.55415,0.0,null],[101.77833,-1.5619,0.0,null],[101.77093,-1.56493,0.0,null],[101.76375,-1.56679,0.0,null],[101.76152,-1.57815,0.0,null],[101.76323,-1.59573,0.0,null],[101.76152,-1.60388,0.0,null],[101.75637,-1.61203,0.0,null],[101.74907,-1.62189,0.0,null],[101.75482,-1.6325,0.0,null],[101.75247,-1.63571,0.0,null],[101.75717,-1.64724,0.0,null],[101.75813,-1.65183,0.0,null],[101.72909,-1.68142,0.0,null],[101.69353,-1.67352,0.0,null],[101.69542,-1.70187,0.0,null],[101.69661,-1.70166,0.0,null],[101.69773,-1.70058,0.0,null]]],[[[101.86143,-1.80032,0.0,null],[101.856,-1.79916,0.0,null],[101.84398,-1.79515,0.0,null],[101.83648,-1.7945,0.0,null],[101.82778,-1.79059,0.0,null],[101.83078,-1.79559,0.0,null],[101.83094,-1.79825,0.0,null],[101.82795,-1.80186,0.0,null],[101.82497,-1.80139,0.0,null],[101.82136,-1.80171,0.0,null],[101.81554,-1.80312,0.0,null],[101.81429,-1.80453,0.0,null],[101.81429,-1.80892,0.0,null],[101.80612,-1.81316,0.0,null],[101.79858,-1.81881,0.0,null],[101.79295,-1.82439,0.0,null],[101.79044,-1.8297,0.0,null],[101.7961,-1.82907,0.0,null],[101.80034,-1.82923,0.0,null],[101.81636,-1.82499,0.0,null],[101.82484,-1.82029,0.0,null],[101.82924,-1.82013,0.0,null],[101.83222,-1.82091,0.0,null],[101.8418,-1.82797,0.0,null],[101.84745,-1.83064,0.0,null],[101.85641,-1.83346,0.0,null],[101.86269,-1.83676,0.0,null],[101.86866,-1.83864,0.0,null],[101.8729,-1.83927,0.0,null],[101.87761,-1.83849,0.0,null],[101.88216,-1.8366,0.0,null],[101.88578,-1.83598,0.0,null],[101.88546,-1.84021,0.0,null],[101.88374,-1.84335,0.0,null],[101.88703,-1.84508,0.0,null],[101.88923,-1.84492,0.0,null],[101.89159,-1.84382,0.0,null],[101.89892,-1.83952,0.0,null],[101.91386,-1.84177,0.0,null],[101.91879,-1.84103,0.0,null],[101.93144,-1.82809,0.0,null],[101.93951,-1.82822,0.0,null],[101.94144,-1.8253,0.0,null],[101.94104,-1.82477,0.0,null],[101.93936,-1.82459,0.0,null],[101.93778,-1.82557,0.0,null],[101.93709,-1.82518,0.0,null],[101.93788,-1.82201,0.0,null],[101.94018,-1.82158,0.0,null],[101.93928,-1.82091,0.0,null],[101.93458,-1.8209,0.0,null],[101.93234,-1.82254,0.0,null],[101.93125,-1.82143,0.0,null],[101.93188,-1.81905,0.0,null],[101.93131,-1.81841,0.0,null],[101.92893,-1.81873,0.0,null],[101.92687,-1.8201,0.0,null],[101.92553,-1.82021,0.0,null],[101.92482,-1.81919,0.0,null],[101.92527,-1.81599,0.0,null],[101.92453,-1.81342,0.0,null],[101.92194,-1.81382,0.0,null],[101.92147,-1.81619,0.0,null],[101.91914,-1.81421,0.0,null],[101.91789,-1.81665,0.0,null],[101.91699,-1.81684,0.0,null],[101.91567,-1.81895,0.0,null],[101.91347,-1.81479,0.0,null],[101.91235,-1.81615,0.0,null],[101.91085,-1.81527,0.0,null],[101.91043,-1.81398,0.0,null],[101.90394,-1.81608,0.0,null],[101.90206,-1.81597,0.0,null],[101.90063,-1.81496,0.0,null],[101.89923,-1.81494,0.0,null],[101.89843,-1.81384,0.0,null],[101.89362,-1.81144,0.0,null],[101.88962,-1.81092,0.0,null],[101.87772,-1.80562,0.0,null],[101.86945,-1.80355,0.0,null],[101.86143,-1.80032,0.0,null]]],[[[101.7991,-1.70246,0.0,null],[101.79614,-1.70087,0.0,null],[101.78944,-1.70045,0.0,null],[101.78316,-1.70255,0.0,null],[101.77729,-1.7015,0.0,null],[101.76894,-1.70322,0.0,null],[101.76866,-1.70953,0.0,null],[101.76928,-1.7117,0.0,null],[101.77145,-1.71263,0.0,null],[101.77766,-1.71372,0.0,null],[101.78139,-1.7193,0.0,null],[101.78697,-1.71961,0.0,null],[101.79079,-1.72131,0.0,null],[101.79243,-1.71781,0.0,null],[101.7924,-1.7159,0.0,null],[101.79098,-1.71319,0.0,null],[101.79266,-1.71021,0.0,null],[101.79779,-1.7077,0.0,null],[101.7991,-1.70246,0.0,null]]]]}},{"type":"Feature","properties":{"inventoryId":"big-forestry-hti:168","sector":"PBPH","subtype":"IUPHHK-HTI","quality":"OFFICIAL","sourceDataset":"big-forestry-hti","sourceRecordId":"168","source":"BIG Kebijakan Satu Peta","sourceUrl":"https://kspservices.big.go.id/satupeta/rest/services/PUBLIK/PERIZINAN_DAN_PERTANAHAN/MapServer/2","retrievedAt":"2026-08-24T04:22:31Z","geometryProcessing":"web display simplification tolerance 0.00035 degrees","name":"PT MUSI HUTAN PERSADA","permitNumber":"38/Kpts-II/1996","permitDate":"1996-01-29","areaHa":296400.0,"provinceCode":"16","region":"sumatra"},"geometry":{"type":"MultiPolygon","coordinates":[[[[103.50025,-2.9554,0.0,null],[103.48818,-2.9554,0.0,null],[103.48818,-2.96511,0.0,null],[103.48108,-2.96487,0.0,null],[103.48108,-2.98049,0.0,null],[103.46593,-2.98096,0.0,null],[103.46617,-3.01007,0.0,null],[103.45694,-3.01078,0.0,null],[103.45836,-3.04273,0.0,null],[103.44346,-3.07932,0.0,null],[103.44015,-3.09098,0.0,null],[103.42323,-3.10258,0.0,null],[103.41888,-3.10669,0.0,null],[103.41429,-3.11684,0.0,null],[103.41284,-3.13014,0.0,null],[103.41018,-3.14658,0.0,null],[103.40834,-3.15443,0.0,null],[103.40852,-3.15726,0.0,null],[103.40208,-3.19511,0.0,null],[103.39688,-3.19589,0.0,null],[103.39566,-3.20972,0.0,null],[103.36033,-3.21162,0.0,null],[103.35921,-3.20235,0.0,null],[103.35217,-3.20182,0.0,null],[103.34657,-3.19433,0.0,null],[103.34303,-3.19161,0.0,null],[103.32032,-3.19108,0.0,null],[103.33938,-3.23389,0.0,null],[103.3401,-3.32727,0.0,null],[103.34341,-3.32736,0.0,null],[103.34764,-3.32917,0.0,null],[103.35376,-3.32918,0.0,null],[103.36737,-3.32425,0.0,null],[103.37283,-3.31997,0.0,null],[103.37521,-3.31737,0.0,null],[103.37717,-3.3147,0.0,null],[103.38161,-3.30527,0.0,null],[103.38501,-3.30166,0.0,null],[103.38567,-3.30166,0.0,null],[103.38406,-3.30453,0.0,null],[103.38513,-3.30765,0.0,null],[103.38549,-3.30777,0.0,null],[103.38585,-3.30621,0.0,null],[103.38656,-3.30597,0.0,null],[103.38775,-3.30729,0.0,null],[103.38667,-3.30849,0.0,null],[103.38846,-3.30945,0.0,null],[103.38857,-3.31137,0.0,null],[103.38917,-3.30981,0.0,null],[103.39024,-3.31053,0.0,null],[103.39011,-3.31245,0.0,null],[103.38928,-3.31293,0.0,null],[103.38702,-3.31268,0.0,null],[103.38785,-3.31376,0.0,null],[103.38773,-3.3146,0.0,null],[103.38583,-3.31376,0.0,null],[103.38547,-3.31412,0.0,null],[103.38618,-3.31484,0.0,null],[103.38368,-3.31568,0.0,null],[103.38403,-3.31759,0.0,null],[103.3826,-3.31807,0.0,null],[103.38331,-3.31927,0.0,null],[103.38284,-3.32059,0.0,null],[103.38188,-3.32106,0.0,null],[103.38223,-3.32202,0.0,null],[103.38271,-3.32202,0.0,null],[103.38259,-3.32298,0.0,null],[103.38223,-3.32382,0.0,null],[103.38128,-3.32394,0.0,null],[103.38128,-3.32466,0.0,null],[103.38283,-3.32478,0.0,null],[103.38305,-3.32682,0.0,null],[103.3839,-3.3255,0.0,null],[103.38412,-3.32694,0.0,null],[103.38341,-3.32825,0.0,null],[103.384,-3.32933,0.0,null],[103.38316,-3.33089,0.0,null],[103.38329,-3.33185,0.0,null],[103.38185,-3.33149,0.0,null],[103.38055,-3.33184,0.0,null],[103.38149,-3.33257,0.0,null],[103.38244,-3.33532,0.0,null],[103.38363,-3.33604,0.0,null],[103.38255,-3.33712,0.0,null],[103.38338,-3.33796,0.0,null],[103.38207,-3.3394,0.0,null],[103.38255,-3.34011,0.0,null],[103.38194,-3.34323,0.0,null],[103.38277,-3.34419,0.0,null],[103.38051,-3.34598,0.0,null],[103.37955,-3.34981,0.0,null],[103.378,-3.35005,0.0,null],[103.37763,-3.35353,0.0,null],[103.3768,-3.35245,0.0,null],[103.37621,-3.35268,0.0,null],[103.37643,-3.35688,0.0,null],[103.3756,-3.357,0.0,null],[103.37584,-3.35568,0.0,null],[103.37513,-3.35544,0.0,null],[103.37501,-3.35364,0.0,null],[103.37441,-3.3534,0.0,null],[103.37346,-3.35508,0.0,null],[103.37465,-3.357,0.0,null],[103.37346,-3.35711,0.0,null],[103.37191,-3.35603,0.0,null],[103.37155,-3.35651,0.0,null],[103.37227,-3.35747,0.0,null],[103.37202,-3.35819,0.0,null],[103.37119,-3.35843,0.0,null],[103.36987,-3.36022,0.0,null],[103.37119,-3.36035,0.0,null],[103.37142,-3.36142,0.0,null],[103.36939,-3.36334,0.0,null],[103.37154,-3.36406,0.0,null],[103.3714,-3.36801,0.0,null],[103.36985,-3.36861,0.0,null],[103.36878,-3.36813,0.0,null],[103.36694,-3.36909,0.0,null],[103.36669,-3.37208,0.0,null],[103.36693,-3.37256,0.0,null],[103.368,-3.37232,0.0,null],[103.36787,-3.37556,0.0,null],[103.36846,-3.3758,0.0,null],[103.36918,-3.3752,0.0,null],[103.36953,-3.37604,0.0,null],[103.36942,-3.37724,0.0,null],[103.36786,-3.37951,0.0,null],[103.36786,-3.38059,0.0,null],[103.36893,-3.38119,0.0,null],[103.36929,-3.38059,0.0,null],[103.36881,-3.37951,0.0,null],[103.36964,-3.37939,0.0,null],[103.3706,-3.38083,0.0,null],[103.37083,-3.38323,0.0,null],[103.36951,-3.38658,0.0,null],[103.37141,-3.39114,0.0,null],[103.37104,-3.39245,0.0,null],[103.373,-3.39341,0.0,null],[103.373,-3.39389,0.0,null],[103.36871,-3.39629,0.0,null],[103.36835,-3.39712,0.0,null],[103.36881,-3.39988,0.0,null],[103.36798,-3.40108,0.0,null],[103.36726,-3.40155,0.0,null],[103.36357,-3.40167,0.0,null],[103.36155,-3.40346,0.0,null],[103.36131,-3.40768,0.0,null],[103.35999,-3.40634,0.0,null],[103.35939,-3.40693,0.0,null],[103.35987,-3.41061,0.0,null],[103.36045,-3.41245,0.0,null],[103.36105,-3.41257,0.0,null],[103.36284,-3.41113,0.0,null],[103.36331,-3.41173,0.0,null],[103.36224,-3.41341,0.0,null],[103.36224,-3.41449,0.0,null],[103.36235,-3.41509,0.0,null],[103.36414,-3.41521,0.0,null],[103.36437,-3.41617,0.0,null],[103.36365,-3.41832,0.0,null],[103.36413,-3.4194,0.0,null],[103.36496,-3.41952,0.0,null],[103.36543,-3.41868,0.0,null],[103.36662,-3.41881,0.0,null],[103.37031,-3.42229,0.0,null],[103.37125,-3.42444,0.0,null],[103.37387,-3.42457,0.0,null],[103.37399,-3.42517,0.0,null],[103.37303,-3.42588,0.0,null],[103.37303,-3.42804,0.0,null],[103.37172,-3.4278,0.0,null],[103.3716,-3.42828,0.0,null],[103.37196,-3.42876,0.0,null],[103.37374,-3.42876,0.0,null],[103.37327,-3.43104,0.0,null],[103.37576,-3.43368,0.0,null],[103.37468,-3.43379,0.0,null],[103.37492,-3.43523,0.0,null],[103.37646,-3.43583,0.0,null],[103.37967,-3.43931,0.0,null],[103.38015,-3.43799,0.0,null],[103.38123,-3.43788,0.0,null],[103.38182,-3.43692,0.0,null],[103.38265,-3.4368,0.0,null],[103.38301,-3.43752,0.0,null],[103.38229,-3.438,0.0,null],[103.38217,-3.43896,0.0,null],[103.3836,-3.43872,0.0,null],[103.38467,-3.44016,0.0,null],[103.38598,-3.44016,0.0,null],[103.38668,-3.4422,0.0,null],[103.38823,-3.44256,0.0,null],[103.38776,-3.44328,0.0,null],[103.38847,-3.44472,0.0,null],[103.38763,-3.44519,0.0,null],[103.38799,-3.44639,0.0,null],[103.38703,-3.44651,0.0,null],[103.38548,-3.4501,0.0,null],[103.3888,-3.45071,0.0,null],[103.38904,-3.45202,0.0,null],[103.39106,-3.45371,0.0,null],[103.39428,-3.45263,0.0,null],[103.39333,-3.45335,0.0,null],[103.39356,-3.45407,0.0,null],[103.39618,-3.45347,0.0,null],[103.39725,-3.45419,0.0,null],[103.39773,-3.45587,0.0,null],[103.39844,-3.45623,0.0,null],[103.4013,-3.45588,0.0,null],[103.40154,-3.45648,0.0,null],[103.4007,-3.45839,0.0,null],[103.40272,-3.45935,0.0,null],[103.40342,-3.46115,0.0,null],[103.40414,-3.46139,0.0,null],[103.40437,-3.46271,0.0,null],[103.40259,-3.46379,0.0,null],[103.40353,-3.46511,0.0,null],[103.40449,-3.46547,0.0,null],[103.4049,-3.4675,0.0,null],[103.40668,-3.46942,0.0,null],[103.40691,-3.47098,0.0,null],[103.40524,-3.47361,0.0,null],[103.40274,-3.47313,0.0,null],[103.40357,-3.47481,0.0,null],[103.40179,-3.47493,0.0,null],[103.40107,-3.47588,0.0,null],[103.40107,-3.47636,0.0,null],[103.40369,-3.47649,0.0,null],[103.40559,-3.47745,0.0,null],[103.40379,-3.47948,0.0,null],[103.40308,-3.48356,0.0,null],[103.40437,-3.48535,0.0,null],[103.40472,-3.48799,0.0,null],[103.40568,-3.48739,0.0,null],[103.40746,-3.48799,0.0,null],[103.40854,-3.4868,0.0,null],[103.40901,-3.4874,0.0,null],[103.40841,-3.49003,0.0,null],[103.41686,-3.49196,0.0,null],[103.41876,-3.49388,0.0,null],[103.41887,-3.49736,0.0,null],[103.42172,-3.49916,0.0,null],[103.42101,-3.50072,0.0,null],[103.42142,-3.50132,0.0,null],[103.42702,-3.50001,0.0,null],[103.42821,-3.50073,0.0,null],[103.42928,-3.49929,0.0,null],[103.43011,-3.49905,0.0,null],[103.4306,-3.49917,0.0,null],[103.43024,-3.50061,0.0,null],[103.43083,-3.50145,0.0,null],[103.43154,-3.50145,0.0,null],[103.43166,-3.50049,0.0,null],[103.4325,-3.50037,0.0,null],[103.43357,-3.50109,0.0,null],[103.43237,-3.50277,0.0,null],[103.42502,-3.50516,0.0,null],[103.42137,-3.5098,0.0,null],[103.42038,-3.51225,0.0,null],[103.41989,-3.5155,0.0,null],[103.41816,-3.51933,0.0,null],[103.4184,-3.52561,0.0,null],[103.41598,-3.52827,0.0,null],[103.41695,-3.5435,0.0,null],[103.43242,-3.54229,0.0,null],[103.43242,-3.53359,0.0,null],[103.44064,-3.53359,0.0,null],[103.44185,-3.54229,0.0,null],[103.44451,-3.54229,0.0,null],[103.44571,-3.55438,0.0,null],[103.44813,-3.55486,0.0,null],[103.44946,-3.57069,0.0,null],[103.4543,-3.57408,0.0,null],[103.45695,-3.5794,0.0,null],[103.45792,-3.58375,0.0,null],[103.4572,-3.58665,0.0,null],[103.45526,-3.58834,0.0,null],[103.45212,-3.58858,0.0,null],[103.44535,-3.58616,0.0,null],[103.44898,-3.63669,0.0,null],[103.474,-3.63802,0.0,null],[103.47762,-3.64212,0.0,null],[103.48101,-3.6443,0.0,null],[103.48077,-3.67041,0.0,null],[103.49914,-3.67814,0.0,null],[103.51412,-3.67814,0.0,null],[103.52331,-3.67524,0.0,null],[103.53105,-3.67065,0.0,null],[103.53902,-3.66485,0.0,null],[103.54579,-3.65832,0.0,null],[103.55449,-3.64648,0.0,null],[103.55957,-3.6385,0.0,null],[103.5615,-3.63729,0.0,null],[103.56392,-3.63681,0.0,null],[103.56851,-3.63777,0.0,null],[103.5783,-3.64128,0.0,null],[103.59474,-3.64998,0.0,null],[103.60224,-3.65095,0.0,null],[103.6061,-3.65046,0.0,null],[103.61021,-3.64901,0.0,null],[103.61601,-3.64587,0.0,null],[103.61964,-3.64297,0.0,null],[103.62738,-3.64225,0.0,null],[103.63463,-3.64031,0.0,null],[103.64019,-3.63572,0.0,null],[103.64647,-3.63209,0.0,null],[103.65155,-3.63088,0.0,null],[103.68249,-3.63088,0.0,null],[103.68237,-3.62085,0.0,null],[103.70219,-3.62037,0.0,null],[103.70944,-3.61964,0.0,null],[103.71742,-3.62714,0.0,null],[103.72516,-3.62955,0.0,null],[103.72612,-3.62859,0.0,null],[103.72951,-3.61989,0.0,null],[103.73337,-3.61964,0.0,null],[103.7283,-3.57541,0.0,null],[103.7028,-3.55836,0.0,null],[103.67814,-3.54362,0.0,null],[103.67621,-3.54144,0.0,null],[103.67669,-3.53975,0.0,null],[103.68418,-3.53951,0.0,null],[103.68515,-3.5383,0.0,null],[103.68491,-3.53733,0.0,null],[103.65372,-3.51775,0.0,null],[103.64478,-3.51074,0.0,null],[103.65602,-3.50337,0.0,null],[103.66158,-3.49709,0.0,null],[103.664,-3.49201,0.0,null],[103.664,-3.48863,0.0,null],[103.66255,-3.48621,0.0,null],[103.66303,-3.48137,0.0,null],[103.67197,-3.47412,0.0,null],[103.6947,-3.45237,0.0,null],[103.69905,-3.43593,0.0,null],[103.70751,-3.42287,0.0,null],[103.71404,-3.41973,0.0,null],[103.71984,-3.41828,0.0,null],[103.72733,-3.41877,0.0,null],[103.7208,-3.42263,0.0,null],[103.71283,-3.42916,0.0,null],[103.70968,-3.43472,0.0,null],[103.70872,-3.44004,0.0,null],[103.70872,-3.44656,0.0,null],[103.69905,-3.4572,0.0,null],[103.69953,-3.47219,0.0,null],[103.7648,-3.4717,0.0,null],[103.7596,-3.44862,0.0,null],[103.76661,-3.44451,0.0,null],[103.76927,-3.43774,0.0,null],[103.7683,-3.4317,0.0,null],[103.76879,-3.42856,0.0,null],[103.77072,-3.42686,0.0,null],[103.7787,-3.4259,0.0,null],[103.77967,-3.42227,0.0,null],[103.78643,-3.42251,0.0,null],[103.78861,-3.42179,0.0,null],[103.7903,-3.42009,0.0,null],[103.79175,-3.41502,0.0,null],[103.8007,-3.41115,0.0,null],[103.80166,-3.4097,0.0,null],[103.80191,-3.40172,0.0,null],[103.81254,-3.40172,0.0,null],[103.81266,-3.39314,0.0,null],[103.84288,-3.39314,0.0,null],[103.84288,-3.38541,0.0,null],[103.84965,-3.38541,0.0,null],[103.84989,-3.37525,0.0,null],[103.86584,-3.37525,0.0,null],[103.87019,-3.3813,0.0,null],[103.87334,-3.38251,0.0,null],[103.87696,-3.38202,0.0,null],[103.8789,-3.37985,0.0,null],[103.87986,-3.37114,0.0,null],[103.8789,-3.36293,0.0,null],[103.87938,-3.35882,0.0,null],[103.92313,-3.35978,0.0,null],[103.92869,-3.35519,0.0,null],[103.92869,-3.35277,0.0,null],[103.92748,-3.34987,0.0,null],[103.91999,-3.34673,0.0,null],[103.91576,-3.33766,0.0,null],[103.90923,-3.32896,0.0,null],[103.90392,-3.31978,0.0,null],[103.93413,-3.31808,0.0,null],[103.96217,-3.31543,0.0,null],[104.00061,-3.31712,0.0,null],[104.00327,-3.31639,0.0,null],[104.00206,-3.30696,0.0,null],[103.99819,-3.30624,0.0,null],[103.99892,-3.28714,0.0,null],[103.99287,-3.28618,0.0,null],[103.99275,-3.27687,0.0,null],[103.97148,-3.2759,0.0,null],[103.97027,-3.27107,0.0,null],[103.96882,-3.2701,0.0,null],[103.96326,-3.26938,0.0,null],[103.95988,-3.26696,0.0,null],[103.95698,-3.26116,0.0,null],[103.95673,-3.25777,0.0,null],[103.95939,-3.2527,0.0,null],[103.96254,-3.25004,0.0,null],[103.96592,-3.24907,0.0,null],[103.97462,-3.2481,0.0,null],[103.97607,-3.24593,0.0,null],[103.97631,-3.24133,0.0,null],[103.98115,-3.23964,0.0,null],[103.9797,-3.21789,0.0,null],[103.97366,-3.21789,0.0,null],[103.97341,-3.2116,0.0,null],[103.94755,-3.2116,0.0,null],[103.94755,-3.21644,0.0,null],[103.91818,-3.21704,0.0,null],[103.89618,-3.20834,0.0,null],[103.88579,-3.21777,0.0,null],[103.88143,-3.22381,0.0,null],[103.87902,-3.23348,0.0,null],[103.87902,-3.24242,0.0,null],[103.88023,-3.24822,0.0,null],[103.88458,-3.25717,0.0,null],[103.87104,-3.25741,0.0,null],[103.87104,-3.29536,0.0,null],[103.86306,-3.29705,0.0,null],[103.8592,-3.30165,0.0,null],[103.85533,-3.30092,0.0,null],[103.84832,-3.2973,0.0,null],[103.84058,-3.28956,0.0,null],[103.83551,-3.28013,0.0,null],[103.83647,-3.27167,0.0,null],[103.83671,-3.25596,0.0,null],[103.83285,-3.24629,0.0,null],[103.83236,-3.24387,0.0,null],[103.8343,-3.24049,0.0,null],[103.83357,-3.23759,0.0,null],[103.83188,-3.2359,0.0,null],[103.82632,-3.23565,0.0,null],[103.82197,-3.23783,0.0,null],[103.82209,-3.23215,0.0,null],[103.8146,-3.23263,0.0,null],[103.81242,-3.22103,0.0,null],[103.80638,-3.22151,0.0,null],[103.80565,-3.21257,0.0,null],[103.79284,-3.21354,0.0,null],[103.79332,-3.22538,0.0,null],[103.76504,-3.22611,0.0,null],[103.76335,-3.22756,0.0,null],[103.76311,-3.23723,0.0,null],[103.75561,-3.24061,0.0,null],[103.75175,-3.23795,0.0,null],[103.7486,-3.24037,0.0,null],[103.74329,-3.23529,0.0,null],[103.74208,-3.22683,0.0,null],[103.74111,-3.22538,0.0,null],[103.73434,-3.22296,0.0,null],[103.7312,-3.22103,0.0,null],[103.72661,-3.21378,0.0,null],[103.7196,-3.2232,0.0,null],[103.71331,-3.22852,0.0,null],[103.70703,-3.23215,0.0,null],[103.7005,-3.23263,0.0,null],[103.70026,-3.22006,0.0,null],[103.69301,-3.22006,0.0,null],[103.69301,-3.2058,0.0,null],[103.68309,-3.20604,0.0,null],[103.68213,-3.22659,0.0,null],[103.67246,-3.23577,0.0,null],[103.67173,-3.23868,0.0,null],[103.67222,-3.24303,0.0,null],[103.67173,-3.24544,0.0,null],[103.67028,-3.2481,0.0,null],[103.66762,-3.25004,0.0,null],[103.66303,-3.25125,0.0,null],[103.65723,-3.25173,0.0,null],[103.6536,-3.24907,0.0,null],[103.65239,-3.24448,0.0,null],[103.65313,-3.24008,0.0,null],[103.65301,-3.23565,0.0,null],[103.65337,-3.23354,0.0,null],[103.6633,-3.23347,0.0,null],[103.66592,-3.23156,0.0,null],[103.6653,-3.22419,0.0,null],[103.67068,-3.22293,0.0,null],[103.67111,-3.21524,0.0,null],[103.65549,-3.21524,0.0,null],[103.65407,-3.224,0.0,null],[103.63253,-3.22329,0.0,null],[103.63318,-3.22527,0.0,null],[103.63276,-3.23446,0.0,null],[103.63098,-3.24197,0.0,null],[103.62553,-3.24924,0.0,null],[103.62119,-3.25385,0.0,null],[103.62018,-3.25367,0.0,null],[103.61616,-3.25474,0.0,null],[103.61328,-3.25433,0.0,null],[103.60835,-3.25679,0.0,null],[103.60727,-3.26446,0.0,null],[103.60926,-3.26641,0.0,null],[103.61004,-3.26887,0.0,null],[103.60721,-3.27654,0.0,null],[103.61242,-3.28127,0.0,null],[103.6136,-3.2834,0.0,null],[103.61407,-3.29168,0.0,null],[103.61526,-3.295,0.0,null],[103.61786,-3.29689,0.0,null],[103.62023,-3.2976,0.0,null],[103.6233,-3.30659,0.0,null],[103.62993,-3.31511,0.0,null],[103.63443,-3.3241,0.0,null],[103.63475,-3.32722,0.0,null],[103.63448,-3.33253,0.0,null],[103.63354,-3.33491,0.0,null],[103.63203,-3.33701,0.0,null],[103.62804,-3.33972,0.0,null],[103.62283,-3.33665,0.0,null],[103.61984,-3.33659,0.0,null],[103.61526,-3.33878,0.0,null],[103.60918,-3.32534,0.0,null],[103.60413,-3.32103,0.0,null],[103.60437,-3.31345,0.0,null],[103.602,-3.31085,0.0,null],[103.59469,-3.30705,0.0,null],[103.59201,-3.30723,0.0,null],[103.58737,-3.30637,0.0,null],[103.58409,-3.30044,0.0,null],[103.58387,-3.29823,0.0,null],[103.57706,-3.29084,0.0,null],[103.57611,-3.28906,0.0,null],[103.57881,-3.28742,0.0,null],[103.57503,-3.2763,0.0,null],[103.57568,-3.27169,0.0,null],[103.57507,-3.26906,0.0,null],[103.57739,-3.2666,0.0,null],[103.58023,-3.2621,0.0,null],[103.58674,-3.25617,0.0,null],[103.589,-3.25185,0.0,null],[103.58858,-3.24659,0.0,null],[103.58982,-3.23502,0.0,null],[103.58423,-3.22895,0.0,null],[103.58263,-3.2262,0.0,null],[103.58309,-3.22349,0.0,null],[103.58263,-3.22224,0.0,null],[103.5838,-3.21992,0.0,null],[103.58307,-3.21619,0.0,null],[103.58307,-3.21027,0.0,null],[103.5623,-3.21013,0.0,null],[103.56226,-3.21675,0.0,null],[103.55564,-3.21682,0.0,null],[103.55357,-3.20276,0.0,null],[103.54815,-3.20269,0.0,null],[103.54564,-3.19484,0.0,null],[103.5445,-3.18282,0.0,null],[103.542,-3.16997,0.0,null],[103.54037,-3.16441,0.0,null],[103.53952,-3.15795,0.0,null],[103.55349,-3.1575,0.0,null],[103.55648,-3.15556,0.0,null],[103.55758,-3.15374,0.0,null],[103.55634,-3.15013,0.0,null],[103.55353,-3.14548,0.0,null],[103.55203,-3.13855,0.0,null],[103.55255,-3.12532,0.0,null],[103.54971,-3.09124,0.0,null],[103.55184,-3.08532,0.0,null],[103.55444,-3.08272,0.0,null],[103.56035,-3.08177,0.0,null],[103.56793,-3.08177,0.0,null],[103.57787,-3.08532,0.0,null],[103.58591,-3.09006,0.0,null],[103.59065,-3.09455,0.0,null],[103.59467,-3.10047,0.0,null],[103.59727,-3.10591,0.0,null],[103.59917,-3.11443,0.0,null],[103.60319,-3.12011,0.0,null],[103.60674,-3.12271,0.0,null],[103.62993,-3.12816,0.0,null],[103.63395,-3.13052,0.0,null],[103.64153,-3.13715,0.0,null],[103.64082,-3.12768,0.0,null],[103.61975,-3.11798,0.0,null],[103.61384,-3.11183,0.0,null],[103.61183,-3.10698,0.0,null],[103.61135,-3.10224,0.0,null],[103.6123,-3.09207,0.0,null],[103.61041,-3.0916,0.0,null],[103.60449,-3.0916,0.0,null],[103.60307,-3.0897,0.0,null],[103.59834,-3.06675,0.0,null],[103.59124,-3.05917,0.0,null],[103.58816,-3.05184,0.0,null],[103.58627,-3.04474,0.0,null],[103.57751,-3.04474,0.0,null],[103.57727,-3.0374,0.0,null],[103.57302,-3.0374,0.0,null],[103.57231,-3.02912,0.0,null],[103.5529,-3.02959,0.0,null],[103.55101,-3.02841,0.0,null],[103.55006,-3.0251,0.0,null],[103.54959,-3.01658,0.0,null],[103.55011,-3.01057,0.0,null],[103.549,-2.99232,0.0,null],[103.52533,-2.98664,0.0,null],[103.52462,-2.98215,0.0,null],[103.51515,-2.98191,0.0,null],[103.51421,-2.96392,0.0,null],[103.50025,-2.9644,0.0,null],[103.50025,-2.9554,0.0,null]]],[[[104.07731,-3.51143,0.0,null],[104.06741,-3.51058,0.0,null],[104.06759,-3.51692,0.0,null],[104.0618,-3.51738,0.0,null],[104.06213,-3.52617,0.0,null],[104.05853,-3.52636,0.0,null],[104.05798,-3.5299,0.0,null],[104.05199,-3.52795,0.0,null],[104.04729,-3.53509,0.0,null],[104.02547,-3.53691,0.0,null],[104.02479,-3.56403,0.0,null],[104.01626,-3.56468,0.0,null],[104.01543,-3.57438,0.0,null],[104.00611,-3.57468,0.0,null],[104.00669,-3.59427,0.0,null],[103.97485,-3.60887,0.0,null],[103.96982,-3.58856,0.0,null],[103.98708,-3.54837,0.0,null],[103.97858,-3.54497,0.0,null],[103.97745,-3.53627,0.0,null],[103.95776,-3.53634,0.0,null],[103.94181,-3.528,0.0,null],[103.92494,-3.52537,0.0,null],[103.92285,-3.53676,0.0,null],[103.9099,-3.53742,0.0,null],[103.91028,-3.54811,0.0,null],[103.92127,-3.54817,0.0,null],[103.92158,-3.55942,0.0,null],[103.89344,-3.56431,0.0,null],[103.89288,-3.57544,0.0,null],[103.88602,-3.57577,0.0,null],[103.8811,-3.58268,0.0,null],[103.8706,-3.57845,0.0,null],[103.86928,-3.59157,0.0,null],[103.86708,-3.5964,0.0,null],[103.86796,-3.60772,0.0,null],[103.86681,-3.61553,0.0,null],[103.86792,-3.62679,0.0,null],[103.87015,-3.62545,0.0,null],[103.8725,-3.63204,0.0,null],[103.87299,-3.63616,0.0,null],[103.87257,-3.63929,0.0,null],[103.87128,-3.64248,0.0,null],[103.8667,-3.64899,0.0,null],[103.86571,-3.65184,0.0,null],[103.86557,-3.65498,0.0,null],[103.8671,-3.66328,0.0,null],[103.86918,-3.66747,0.0,null],[103.85836,-3.68191,0.0,null],[103.8558,-3.68788,0.0,null],[103.85731,-3.69846,0.0,null],[103.85723,-3.70149,0.0,null],[103.8533,-3.70601,0.0,null],[103.85219,-3.70857,0.0,null],[103.85058,-3.71015,0.0,null],[103.8469,-3.71925,0.0,null],[103.84659,-3.72216,0.0,null],[103.84779,-3.72897,0.0,null],[103.84431,-3.73578,0.0,null],[103.84476,-3.74241,0.0,null],[103.84603,-3.74922,0.0,null],[103.84774,-3.75021,0.0,null],[103.85255,-3.74912,0.0,null],[103.86097,-3.74841,0.0,null],[103.87344,-3.74855,0.0,null],[103.8751,-3.74948,0.0,null],[103.89146,-3.74452,0.0,null],[103.8958,-3.74502,0.0,null],[103.89272,-3.75669,0.0,null],[103.89355,-3.76007,0.0,null],[103.89626,-3.76507,0.0,null],[103.88484,-3.76969,0.0,null],[103.88264,-3.77292,0.0,null],[103.88213,-3.77799,0.0,null],[103.88619,-3.7912,0.0,null],[103.87269,-3.82735,0.0,null],[103.86417,-3.82571,0.0,null],[103.84911,-3.8967,0.0,null],[103.8519,-3.91249,0.0,null],[103.85178,-3.92774,0.0,null],[103.85245,-3.94317,0.0,null],[103.85473,-3.94513,0.0,null],[103.85689,-3.95315,0.0,null],[103.88734,-3.9536,0.0,null],[103.88859,-3.96172,0.0,null],[103.89151,-3.96169,0.0,null],[103.88798,-3.96657,0.0,null],[103.88045,-3.971,0.0,null],[103.8734,-3.97954,0.0,null],[103.86768,-3.98525,0.0,null],[103.86232,-3.9893,0.0,null],[103.8603,-3.99173,0.0,null],[103.85877,-3.99651,0.0,null],[103.91585,-4.00844,0.0,null],[103.91554,-3.99765,0.0,null],[103.93106,-3.99644,0.0,null],[103.93066,-3.98936,0.0,null],[104.03602,-3.98354,0.0,null],[104.03749,-3.99264,0.0,null],[104.07162,-3.99078,0.0,null],[104.07191,-3.98307,0.0,null],[104.0773,-3.98205,0.0,null],[104.07335,-3.94717,0.0,null],[104.0485,-3.94855,0.0,null],[104.0474,-3.95717,0.0,null],[104.04156,-3.95704,0.0,null],[104.03921,-3.93686,0.0,null],[104.04208,-3.93575,0.0,null],[104.04594,-3.93271,0.0,null],[104.04816,-3.92799,0.0,null],[104.05084,-3.92768,0.0,null],[104.05292,-3.93353,0.0,null],[104.05462,-3.93469,0.0,null],[104.05711,-3.93266,0.0,null],[104.05968,-3.93252,0.0,null],[104.0615,-3.93396,0.0,null],[104.06368,-3.93924,0.0,null],[104.0693,-3.93765,0.0,null],[104.07201,-3.93579,0.0,null],[104.07256,-3.93186,0.0,null],[104.07195,-3.92934,0.0,null],[104.0952,-3.92748,0.0,null],[104.09505,-3.91828,0.0,null],[104.10061,-3.91823,0.0,null],[104.10052,-3.90755,0.0,null],[104.0814,-3.90825,0.0,null],[104.07884,-3.89863,0.0,null],[104.07039,-3.89648,0.0,null],[104.06946,-3.89156,0.0,null],[104.06207,-3.89154,0.0,null],[104.06038,-3.90254,0.0,null],[104.04396,-3.90139,0.0,null],[104.03471,-3.89975,0.0,null],[104.02521,-3.82935,0.0,null],[104.01432,-3.81661,0.0,null],[104.01312,-3.80226,0.0,null],[104.00212,-3.80271,0.0,null],[103.99708,-3.79775,0.0,null],[103.99594,-3.76798,0.0,null],[104.00389,-3.76841,0.0,null],[104.0035,-3.75368,0.0,null],[104.03871,-3.7524,0.0,null],[104.03909,-3.76229,0.0,null],[104.03853,-3.76719,0.0,null],[104.02181,-3.76787,0.0,null],[104.02334,-3.79821,0.0,null],[104.04773,-3.79779,0.0,null],[104.04998,-3.82385,0.0,null],[104.06578,-3.82351,0.0,null],[104.06542,-3.81094,0.0,null],[104.07653,-3.81032,0.0,null],[104.07327,-3.75335,0.0,null],[104.07776,-3.74409,0.0,null],[104.07943,-3.74222,0.0,null],[104.08259,-3.74066,0.0,null],[104.08935,-3.74096,0.0,null],[104.0904,-3.73092,0.0,null],[104.109,-3.73124,0.0,null],[104.10959,-3.72216,0.0,null],[104.11874,-3.72192,0.0,null],[104.11865,-3.71227,0.0,null],[104.12227,-3.71134,0.0,null],[104.12077,-3.70447,0.0,null],[104.12708,-3.70345,0.0,null],[104.12964,-3.69828,0.0,null],[104.13013,-3.69526,0.0,null],[104.13222,-3.69129,0.0,null],[104.13731,-3.68409,0.0,null],[104.13711,-3.68118,0.0,null],[104.13777,-3.67667,0.0,null],[104.13963,-3.67384,0.0,null],[104.14017,-3.67116,0.0,null],[104.14304,-3.66879,0.0,null],[104.15086,-3.66454,0.0,null],[104.15473,-3.66121,0.0,null],[104.15727,-3.65787,0.0,null],[104.15997,-3.64962,0.0,null],[104.16436,-3.6447,0.0,null],[104.17149,-3.64032,0.0,null],[104.17664,-3.63352,0.0,null],[104.18187,-3.63124,0.0,null],[104.19208,-3.62907,0.0,null],[104.19441,-3.6231,0.0,null],[104.19461,-3.61984,0.0,null],[104.19451,-3.6107,0.0,null],[104.19276,-3.60817,0.0,null],[104.18664,-3.60788,0.0,null],[104.1852,-3.60272,0.0,null],[104.18296,-3.60241,0.0,null],[104.17997,-3.60455,0.0,null],[104.1823,-3.60715,0.0,null],[104.18611,-3.6097,0.0,null],[104.18867,-3.61247,0.0,null],[104.18921,-3.61533,0.0,null],[104.18758,-3.61971,0.0,null],[104.18273,-3.624,0.0,null],[104.16794,-3.63297,0.0,null],[104.16496,-3.63425,0.0,null],[104.15958,-3.63551,0.0,null],[104.15752,-3.63531,0.0,null],[104.15604,-3.63336,0.0,null],[104.15396,-3.62831,0.0,null],[104.13714,-3.62824,0.0,null],[104.1355,-3.61874,0.0,null],[104.12864,-3.61815,0.0,null],[104.12788,-3.6274,0.0,null],[104.1182,-3.62706,0.0,null],[104.11873,-3.61867,0.0,null],[104.10734,-3.61884,0.0,null],[104.09711,-3.61564,0.0,null],[104.09429,-3.61881,0.0,null],[104.08392,-3.61875,0.0,null],[104.08241,-3.60138,0.0,null],[104.07629,-3.60142,0.0,null],[104.07609,-3.5912,0.0,null],[104.05961,-3.59011,0.0,null],[104.05389,-3.57617,0.0,null],[104.07403,-3.57519,0.0,null],[104.07463,-3.56594,0.0,null],[104.08093,-3.56538,0.0,null],[104.08026,-3.55635,0.0,null],[104.08839,-3.55593,0.0,null],[104.08742,-3.52765,0.0,null],[104.08318,-3.52749,0.0,null],[104.08286,-3.51846,0.0,null],[104.07828,-3.51853,0.0,null],[104.07731,-3.51143,0.0,null]]],[[[104.35506,-4.16111,0.0,null],[104.33217,-4.17406,0.0,null],[104.33144,-4.17993,0.0,null],[104.32833,-4.18144,0.0,null],[104.31982,-4.17986,0.0,null],[104.31381,-4.18117,0.0,null],[104.30742,-4.18447,0.0,null],[104.30016,-4.19021,0.0,null],[104.29648,-4.19223,0.0,null],[104.29109,-4.19314,0.0,null],[104.28381,-4.1954,0.0,null],[104.28088,-4.19691,0.0,null],[104.2796,-4.19855,0.0,null],[104.27958,-4.20141,0.0,null],[104.28197,-4.20338,0.0,null],[104.28951,-4.20574,0.0,null],[104.2912,-4.20839,0.0,null],[104.28808,-4.21258,0.0,null],[104.28735,-4.21668,0.0,null],[104.2916,-4.22198,0.0,null],[104.29279,-4.22479,0.0,null],[104.30066,-4.23453,0.0,null],[104.30172,-4.2378,0.0,null],[104.29944,-4.24377,0.0,null],[104.30118,-4.24778,0.0,null],[104.30132,-4.25076,0.0,null],[104.30472,-4.25588,0.0,null],[104.30647,-4.25966,0.0,null],[104.3115,-4.26577,0.0,null],[104.31382,-4.26945,0.0,null],[104.31998,-4.273,0.0,null],[104.32657,-4.27839,0.0,null],[104.33337,-4.27914,0.0,null],[104.35391,-4.26778,0.0,null],[104.35604,-4.26546,0.0,null],[104.35886,-4.264,0.0,null],[104.36188,-4.26466,0.0,null],[104.3638,-4.26166,0.0,null],[104.36355,-4.25634,0.0,null],[104.36478,-4.25396,0.0,null],[104.36651,-4.25187,0.0,null],[104.37058,-4.24991,0.0,null],[104.37422,-4.24664,0.0,null],[104.37422,-4.23961,0.0,null],[104.37882,-4.23698,0.0,null],[104.38025,-4.23009,0.0,null],[104.38663,-4.22724,0.0,null],[104.38796,-4.22486,0.0,null],[104.38799,-4.22143,0.0,null],[104.38915,-4.21956,0.0,null],[104.39156,-4.21873,0.0,null],[104.39861,-4.21801,0.0,null],[104.40447,-4.2155,0.0,null],[104.40672,-4.21353,0.0,null],[104.40724,-4.21159,0.0,null],[104.40769,-4.20554,0.0,null],[104.40574,-4.20061,0.0,null],[104.40347,-4.1987,0.0,null],[104.40101,-4.19793,0.0,null],[104.40047,-4.19387,0.0,null],[104.39623,-4.18675,0.0,null],[104.39361,-4.18506,0.0,null],[104.39358,-4.18249,0.0,null],[104.39285,-4.18066,0.0,null],[104.38911,-4.17502,0.0,null],[104.37918,-4.16532,0.0,null],[104.37759,-4.16998,0.0,null],[104.36398,-4.16886,0.0,null],[104.36129,-4.16164,0.0,null],[104.35557,-4.16175,0.0,null],[104.35506,-4.16111,0.0,null]]],[[[103.27809,-3.32434,0.0,null],[103.26671,-3.32926,0.0,null],[103.25866,-3.33352,0.0,null],[103.24563,-3.33766,0.0,null],[103.23466,-3.34245,0.0,null],[103.22443,-3.34696,0.0,null],[103.22224,-3.34877,0.0,null],[103.22308,-3.35135,0.0,null],[103.22815,-3.35494,0.0,null],[103.22973,-3.35747,0.0,null],[103.22784,-3.3647,0.0,null],[103.22484,-3.36758,0.0,null],[103.22442,-3.36952,0.0,null],[103.22543,-3.37233,0.0,null],[103.22571,-3.38107,0.0,null],[103.22283,-3.39,0.0,null],[103.22267,-3.39486,0.0,null],[103.22374,-3.39767,0.0,null],[103.22549,-3.39957,0.0,null],[103.22754,-3.40079,0.0,null],[103.22983,-3.40122,0.0,null],[103.23513,-3.39779,0.0,null],[103.24021,-3.39859,0.0,null],[103.24486,-3.39624,0.0,null],[103.25277,-3.39598,0.0,null],[103.25459,-3.39692,0.0,null],[103.25741,-3.39529,0.0,null],[103.25811,-3.39347,0.0,null],[103.25804,-3.38839,0.0,null],[103.2614,-3.38409,0.0,null],[103.26057,-3.37991,0.0,null],[103.26144,-3.37803,0.0,null],[103.26379,-3.3776,0.0,null],[103.26521,-3.37887,0.0,null],[103.267,-3.37781,0.0,null],[103.27286,-3.38981,0.0,null],[103.26133,-3.40544,0.0,null],[103.23965,-3.41777,0.0,null],[103.22313,-3.41605,0.0,null],[103.20953,-3.44828,0.0,null],[103.23976,-3.44684,0.0,null],[103.30859,-3.44953,0.0,null],[103.30478,-3.43961,0.0,null],[103.29095,-3.42284,0.0,null],[103.28608,-3.39692,0.0,null],[103.27872,-3.39986,0.0,null],[103.27748,-3.39819,0.0,null],[103.27961,-3.39525,0.0,null],[103.28805,-3.3922,0.0,null],[103.28985,-3.38982,0.0,null],[103.29078,-3.38743,0.0,null],[103.29252,-3.38585,0.0,null],[103.29486,-3.38633,0.0,null],[103.29448,-3.37622,0.0,null],[103.28875,-3.37724,0.0,null],[103.28797,-3.37518,0.0,null],[103.28733,-3.36992,0.0,null],[103.29003,-3.36104,0.0,null],[103.29175,-3.35957,0.0,null],[103.29422,-3.35184,0.0,null],[103.29424,-3.34995,0.0,null],[103.29192,-3.34576,0.0,null],[103.29394,-3.34469,0.0,null],[103.2942,-3.34007,0.0,null],[103.28774,-3.3404,0.0,null],[103.28631,-3.33262,0.0,null],[103.27978,-3.333,0.0,null],[103.27809,-3.32434,0.0,null]]],[[[103.47571,-3.9211,0.0,null],[103.48179,-3.913,0.0,null],[103.48516,-3.90693,0.0,null],[103.48426,-3.89801,0.0,null],[103.48218,-3.89287,0.0,null],[103.47632,-3.8873,0.0,null],[103.47086,-3.88399,0.0,null],[103.46263,-3.88293,0.0,null],[103.4544,-3.88101,0.0,null],[103.44627,-3.88092,0.0,null],[103.42752,-3.88557,0.0,null],[103.4227,-3.88746,0.0,null],[103.41295,-3.89016,0.0,null],[103.40249,-3.8949,0.0,null],[103.38997,-3.89916,0.0,null],[103.38217,-3.90278,0.0,null],[103.37981,-3.90321,0.0,null],[103.36654,-3.91027,0.0,null],[103.3621,-3.9141,0.0,null],[103.35876,-3.91572,0.0,null],[103.34514,-3.93099,0.0,null],[103.34414,-3.93315,0.0,null],[103.34283,-3.9393,0.0,null],[103.34192,-3.94632,0.0,null],[103.34234,-3.95003,0.0,null],[103.34453,-3.95525,0.0,null],[103.34709,-3.95785,0.0,null],[103.34937,-3.95885,0.0,null],[103.35137,-3.95955,0.0,null],[103.36068,-3.96057,0.0,null],[103.36682,-3.96001,0.0,null],[103.37145,-3.96029,0.0,null],[103.3967,-3.95114,0.0,null],[103.40172,-3.948,0.0,null],[103.41573,-3.94084,0.0,null],[103.42081,-3.93627,0.0,null],[103.43045,-3.93363,0.0,null],[103.44064,-3.93294,0.0,null],[103.44335,-3.9304,0.0,null],[103.44423,-3.92767,0.0,null],[103.44719,-3.92325,0.0,null],[103.44983,-3.92191,0.0,null],[103.45676,-3.92113,0.0,null],[103.4671,-3.92364,0.0,null],[103.47036,-3.92396,0.0,null],[103.47364,-3.92297,0.0,null],[103.47571,-3.9211,0.0,null]]],[[[103.20303,-3.17684,0.0,null],[103.20136,-3.17612,0.0,null],[103.20124,-3.17804,0.0,null],[103.19886,-3.17791,0.0,null],[103.19981,-3.17923,0.0,null],[103.19826,-3.17983,0.0,null],[103.19933,-3.18055,0.0,null],[103.19945,-3.18127,0.0,null],[103.19873,-3.18139,0.0,null],[103.19576,-3.17947,0.0,null],[103.19481,-3.17946,0.0,null],[103.19552,-3.18126,0.0,null],[103.19551,-3.1833,0.0,null],[103.19456,-3.18474,0.0,null],[103.19183,-3.18413,0.0,null],[103.19135,-3.18449,0.0,null],[103.19026,-3.18653,0.0,null],[103.19098,-3.1876,0.0,null],[103.19621,-3.18857,0.0,null],[103.1968,-3.19049,0.0,null],[103.19216,-3.1906,0.0,null],[103.18871,-3.19335,0.0,null],[103.18858,-3.19527,0.0,null],[103.19012,-3.19707,0.0,null],[103.19024,-3.19803,0.0,null],[103.18951,-3.2003,0.0,null],[103.18666,-3.20138,0.0,null],[103.18653,-3.20269,0.0,null],[103.18772,-3.20329,0.0,null],[103.1879,-3.20449,0.0,null],[103.1842,-3.20437,0.0,null],[103.18385,-3.20484,0.0,null],[103.18408,-3.20664,0.0,null],[103.18635,-3.20701,0.0,null],[103.18694,-3.20773,0.0,null],[103.18468,-3.20784,0.0,null],[103.18205,-3.20963,0.0,null],[103.18396,-3.21012,0.0,null],[103.18414,-3.21161,0.0,null],[103.1858,-3.21354,0.0,null],[103.18772,-3.21733,0.0,null],[103.18895,-3.22134,0.0,null],[103.18908,-3.22574,0.0,null],[103.18824,-3.23053,0.0,null],[103.18813,-3.23572,0.0,null],[103.18696,-3.24114,0.0,null],[103.18494,-3.2418,0.0,null],[103.17584,-3.24199,0.0,null],[103.16209,-3.24349,0.0,null],[103.15359,-3.24152,0.0,null],[103.1484,-3.23883,0.0,null],[103.14407,-3.24273,0.0,null],[103.14297,-3.24251,0.0,null],[103.14173,-3.24134,0.0,null],[103.14013,-3.2439,0.0,null],[103.13845,-3.24937,0.0,null],[103.13701,-3.25211,0.0,null],[103.13718,-3.25268,0.0,null],[103.13818,-3.25262,0.0,null],[103.13859,-3.25314,0.0,null],[103.13836,-3.25444,0.0,null],[103.13699,-3.25478,0.0,null],[103.13744,-3.25682,0.0,null],[103.13665,-3.25762,0.0,null],[103.13575,-3.25722,0.0,null],[103.1356,-3.25483,0.0,null],[103.13482,-3.25301,0.0,null],[103.133,-3.255,0.0,null],[103.13209,-3.25812,0.0,null],[103.13265,-3.25874,0.0,null],[103.13378,-3.25796,0.0,null],[103.13451,-3.25807,0.0,null],[103.13513,-3.25954,0.0,null],[103.13338,-3.25931,0.0,null],[103.13416,-3.26119,0.0,null],[103.13366,-3.26215,0.0,null],[103.13225,-3.26062,0.0,null],[103.13117,-3.26175,0.0,null],[103.13096,-3.26436,0.0,null],[103.13021,-3.26409,0.0,null],[103.13087,-3.26657,0.0,null],[103.13037,-3.26657,0.0,null],[103.12987,-3.26527,0.0,null],[103.13135,-3.25869,0.0,null],[103.13136,-3.25653,0.0,null],[103.13046,-3.25619,0.0,null],[103.12971,-3.2571,0.0,null],[103.12949,-3.25936,0.0,null],[103.12859,-3.26096,0.0,null],[103.12823,-3.26056,0.0,null],[103.12893,-3.25903,0.0,null],[103.12882,-3.25738,0.0,null],[103.12583,-3.25754,0.0,null],[103.12678,-3.2618,0.0,null],[103.12812,-3.26424,0.0,null],[103.12828,-3.26634,0.0,null],[103.12969,-3.2677,0.0,null],[103.12958,-3.26839,0.0,null],[103.12794,-3.26697,0.0,null],[103.12688,-3.26413,0.0,null],[103.12598,-3.26464,0.0,null],[103.12621,-3.2618,0.0,null],[103.12458,-3.25907,0.0,null],[103.12306,-3.2618,0.0,null],[103.12469,-3.26373,0.0,null],[103.12473,-3.26458,0.0,null],[103.12334,-3.26316,0.0,null],[103.12316,-3.26378,0.0,null],[103.12265,-3.26367,0.0,null],[103.12193,-3.26185,0.0,null],[103.12119,-3.26202,0.0,null],[103.12146,-3.2661,0.0,null],[103.12332,-3.26661,0.0,null],[103.12377,-3.26798,0.0,null],[103.12315,-3.26844,0.0,null],[103.12186,-3.26701,0.0,null],[103.12174,-3.26883,0.0,null],[103.12067,-3.26707,0.0,null],[103.12028,-3.26758,0.0,null],[103.12061,-3.269,0.0,null],[103.11825,-3.2669,0.0,null],[103.1192,-3.26911,0.0,null],[103.12196,-3.26991,0.0,null],[103.12213,-3.27116,0.0,null],[103.12112,-3.27167,0.0,null],[103.11858,-3.26996,0.0,null],[103.11858,-3.27178,0.0,null],[103.12048,-3.27269,0.0,null],[103.12038,-3.27342,0.0,null],[103.11958,-3.27331,0.0,null],[103.12025,-3.27439,0.0,null],[103.122,-3.27331,0.0,null],[103.12454,-3.27394,0.0,null],[103.12499,-3.27468,0.0,null],[103.1238,-3.27547,0.0,null],[103.12138,-3.27496,0.0,null],[103.12138,-3.27677,0.0,null],[103.12009,-3.27587,0.0,null],[103.12025,-3.27729,0.0,null],[103.11929,-3.27785,0.0,null],[103.1185,-3.27621,0.0,null],[103.11858,-3.27382,0.0,null],[103.11649,-3.27183,0.0,null],[103.11602,-3.27551,0.0,null],[103.11489,-3.27858,0.0,null],[103.11385,-3.27949,0.0,null],[103.11187,-3.28602,0.0,null],[103.11206,-3.28732,0.0,null],[103.11394,-3.28848,0.0,null],[103.12218,-3.28857,0.0,null],[103.1256,-3.28947,0.0,null],[103.14067,-3.28723,0.0,null],[103.14542,-3.28723,0.0,null],[103.14927,-3.2863,0.0,null],[103.15276,-3.28668,0.0,null],[103.15306,-3.28238,0.0,null],[103.15477,-3.27962,0.0,null],[103.15476,-3.27831,0.0,null],[103.15619,-3.27771,0.0,null],[103.15631,-3.27543,0.0,null],[103.15679,-3.27496,0.0,null],[103.16061,-3.27472,0.0,null],[103.16311,-3.27257,0.0,null],[103.1627,-3.27063,0.0,null],[103.16734,-3.26805,0.0,null],[103.17284,-3.27348,0.0,null],[103.17597,-3.27528,0.0,null],[103.18118,-3.27528,0.0,null],[103.18844,-3.2769,0.0,null],[103.19578,-3.27652,0.0,null],[103.1972,-3.27484,0.0,null],[103.19888,-3.274,0.0,null],[103.19828,-3.27269,0.0,null],[103.20221,-3.27054,0.0,null],[103.20425,-3.27006,0.0,null],[103.2077,-3.26743,0.0,null],[103.20865,-3.26791,0.0,null],[103.21139,-3.26744,0.0,null],[103.2121,-3.26672,0.0,null],[103.21199,-3.26588,0.0,null],[103.21033,-3.26444,0.0,null],[103.21092,-3.26276,0.0,null],[103.21199,-3.26312,0.0,null],[103.21235,-3.26408,0.0,null],[103.21307,-3.26396,0.0,null],[103.21354,-3.26384,0.0,null],[103.21284,-3.26217,0.0,null],[103.21391,-3.26205,0.0,null],[103.21568,-3.26325,0.0,null],[103.21556,-3.26445,0.0,null],[103.21922,-3.26396,0.0,null],[103.22094,-3.26672,0.0,null],[103.22177,-3.2666,0.0,null],[103.22177,-3.26564,0.0,null],[103.2207,-3.26408,0.0,null],[103.22095,-3.26324,0.0,null],[103.22215,-3.26241,0.0,null],[103.22285,-3.26253,0.0,null],[103.22334,-3.26157,0.0,null],[103.22179,-3.26025,0.0,null],[103.22203,-3.25953,0.0,null],[103.22405,-3.25905,0.0,null],[103.22513,-3.25738,0.0,null],[103.22239,-3.25666,0.0,null],[103.22263,-3.25594,0.0,null],[103.22501,-3.25606,0.0,null],[103.22627,-3.25362,0.0,null],[103.21542,-3.25293,0.0,null],[103.21268,-3.25158,0.0,null],[103.21138,-3.2498,0.0,null],[103.21099,-3.24797,0.0,null],[103.21567,-3.24356,0.0,null],[103.22227,-3.24027,0.0,null],[103.22566,-3.2395,0.0,null],[103.22619,-3.23768,0.0,null],[103.21819,-3.23662,0.0,null],[103.21348,-3.23811,0.0,null],[103.20491,-3.24248,0.0,null],[103.20171,-3.24284,0.0,null],[103.19938,-3.24025,0.0,null],[103.20126,-3.23404,0.0,null],[103.20281,-3.23286,0.0,null],[103.21359,-3.23138,0.0,null],[103.21509,-3.23008,0.0,null],[103.21648,-3.22039,0.0,null],[103.2187,-3.2159,0.0,null],[103.22255,-3.2136,0.0,null],[103.22475,-3.21128,0.0,null],[103.22781,-3.20618,0.0,null],[103.22996,-3.2038,0.0,null],[103.23141,-3.20113,0.0,null],[103.23376,-3.19379,0.0,null],[103.23619,-3.19045,0.0,null],[103.23591,-3.18851,0.0,null],[103.23329,-3.18767,0.0,null],[103.23282,-3.18695,0.0,null],[103.23592,-3.18216,0.0,null],[103.23318,-3.18264,0.0,null],[103.22908,-3.18466,0.0,null],[103.22614,-3.18748,0.0,null],[103.22213,-3.19464,0.0,null],[103.22057,-3.19633,0.0,null],[103.2173,-3.19818,0.0,null],[103.21473,-3.19764,0.0,null],[103.21222,-3.19584,0.0,null],[103.21092,-3.19337,0.0,null],[103.20743,-3.1794,0.0,null],[103.20553,-3.17732,0.0,null],[103.20303,-3.17684,0.0,null]]],[[[103.15033,-2.79472,0.0,null],[103.15085,-2.7906,0.0,null],[103.15678,-2.79008,0.0,null],[103.16324,-2.78569,0.0,null],[103.16995,-2.78389,0.0,null],[103.17537,-2.78079,0.0,null],[103.18466,-2.76685,0.0,null],[103.18749,-2.75653,0.0,null],[103.19678,-2.75266,0.0,null],[103.18285,-2.74879,0.0,null],[103.16891,-2.74853,0.0,null],[103.14569,-2.75292,0.0,null],[103.1204,-2.75937,0.0,null],[103.10337,-2.76531,0.0,null],[103.0884,-2.77279,0.0,null],[103.08685,-2.79292,0.0,null],[103.08943,-2.79937,0.0,null],[103.09279,-2.80092,0.0,null],[103.09588,-2.80118,0.0,null],[103.10337,-2.79963,0.0,null],[103.11059,-2.80066,0.0,null],[103.12478,-2.80092,0.0,null],[103.13872,-2.80247,0.0,null],[103.14672,-2.80247,0.0,null],[103.14878,-2.80143,0.0,null],[103.15033,-2.79472,0.0,null]]],[[[102.99877,-3.64232,0.0,null],[102.99699,-3.62585,0.0,null],[102.98452,-3.59915,0.0,null],[102.97206,-3.57601,0.0,null],[102.96138,-3.55909,0.0,null],[102.95292,-3.5671,0.0,null],[102.96094,-3.57378,0.0,null],[102.96361,-3.57912,0.0,null],[102.96316,-3.58491,0.0,null],[102.95025,-3.61339,0.0,null],[102.93868,-3.63698,0.0,null],[102.92845,-3.66279,0.0,null],[102.928,-3.67525,0.0,null],[102.92978,-3.67882,0.0,null],[102.9329,-3.67971,0.0,null],[102.9369,-3.67926,0.0,null],[102.9458,-3.67392,0.0,null],[102.94936,-3.66991,0.0,null],[102.94803,-3.66057,0.0,null],[102.94847,-3.653,0.0,null],[102.95025,-3.64855,0.0,null],[102.95381,-3.64544,0.0,null],[102.95871,-3.64365,0.0,null],[102.96717,-3.64321,0.0,null],[102.97607,-3.6441,0.0,null],[102.98185,-3.64677,0.0,null],[102.9863,-3.65167,0.0,null],[102.99877,-3.64232,0.0,null]]],[[[104.17705,-4.69284,0.0,null],[104.17388,-4.69174,0.0,null],[104.16794,-4.6936,0.0,null],[104.15467,-4.69515,0.0,null],[104.14389,-4.69824,0.0,null],[104.13739,-4.69678,0.0,null],[104.13003,-4.69756,0.0,null],[104.11377,-4.69763,0.0,null],[104.10824,-4.69836,0.0,null],[104.11065,-4.70175,0.0,null],[104.11299,-4.70662,0.0,null],[104.11818,-4.71416,0.0,null],[104.1234,-4.71711,0.0,null],[104.13029,-4.71951,0.0,null],[104.13299,-4.72107,0.0,null],[104.13574,-4.72367,0.0,null],[104.1409,-4.73033,0.0,null],[104.14456,-4.73742,0.0,null],[104.14467,-4.73945,0.0,null],[104.15043,-4.73822,0.0,null],[104.16031,-4.73398,0.0,null],[104.16815,-4.73203,0.0,null],[104.1822,-4.72676,0.0,null],[104.19601,-4.7242,0.0,null],[104.1989,-4.72303,0.0,null],[104.20162,-4.72318,0.0,null],[104.21028,-4.7258,0.0,null],[104.21386,-4.72603,0.0,null],[104.21836,-4.72806,0.0,null],[104.2231,-4.73131,0.0,null],[104.23026,-4.73489,0.0,null],[104.2383,-4.73592,0.0,null],[104.24287,-4.73563,0.0,null],[104.24658,-4.73463,0.0,null],[104.24861,-4.7328,0.0,null],[104.25222,-4.72804,0.0,null],[104.25339,-4.72267,0.0,null],[104.25305,-4.72134,0.0,null],[104.25127,-4.71808,0.0,null],[104.2459,-4.71419,0.0,null],[104.23833,-4.71143,0.0,null],[104.23202,-4.71135,0.0,null],[104.22617,-4.71329,0.0,null],[104.21881,-4.71487,0.0,null],[104.21586,-4.71622,0.0,null],[104.21401,-4.71584,0.0,null],[104.21268,-4.71362,0.0,null],[104.21174,-4.70441,0.0,null],[104.2112,-4.70764,0.0,null],[104.21022,-4.7093,0.0,null],[104.20673,-4.71267,0.0,null],[104.20106,-4.71605,0.0,null],[104.19724,-4.71651,0.0,null],[104.19038,-4.71478,0.0,null],[104.18513,-4.71203,0.0,null],[104.18323,-4.7098,0.0,null],[104.18192,-4.7063,0.0,null],[104.17967,-4.70603,0.0,null],[104.17776,-4.70443,0.0,null],[104.17691,-4.70065,0.0,null],[104.17762,-4.69557,0.0,null],[104.17705,-4.69284,0.0,null]]],[[[103.83134,-4.30329,0.0,null],[103.83163,-4.30119,0.0,null],[103.83354,-4.29985,0.0,null],[103.8333,-4.29722,0.0,null],[103.83159,-4.29645,0.0,null],[103.83026,-4.29501,0.0,null],[103.82654,-4.29357,0.0,null],[103.82566,-4.29357,0.0,null],[103.82407,-4.29686,0.0,null],[103.82382,-4.30232,0.0,null],[103.82433,-4.30932,0.0,null],[103.82567,-4.31798,0.0,null],[103.82514,-4.32077,0.0,null],[103.82812,-4.32039,0.0,null],[103.83168,-4.32149,0.0,null],[103.83883,-4.32682,0.0,null],[103.84279,-4.333,0.0,null],[103.84455,-4.33893,0.0,null],[103.84455,-4.34246,0.0,null],[103.84435,-4.35071,0.0,null],[103.84317,-4.35582,0.0,null],[103.83629,-4.36715,0.0,null],[103.8316,-4.372,0.0,null],[103.83123,-4.37393,0.0,null],[103.83374,-4.37644,0.0,null],[103.83792,-4.37522,0.0,null],[103.84416,-4.37168,0.0,null],[103.84725,-4.37131,0.0,null],[103.85178,-4.37236,0.0,null],[103.85546,-4.37518,0.0,null],[103.85617,-4.377,0.0,null],[103.856,-4.37921,0.0,null],[103.85422,-4.38357,0.0,null],[103.85411,-4.38901,0.0,null],[103.85306,-4.39093,0.0,null],[103.84575,-4.39388,0.0,null],[103.84425,-4.39477,0.0,null],[103.84356,-4.3964,0.0,null],[103.84538,-4.39897,0.0,null],[103.84694,-4.39993,0.0,null],[103.85204,-4.40124,0.0,null],[103.85615,-4.40391,0.0,null],[103.86148,-4.41023,0.0,null],[103.86562,-4.42068,0.0,null],[103.8815,-4.42082,0.0,null],[103.88759,-4.41898,0.0,null],[103.88896,-4.41809,0.0,null],[103.8902,-4.41619,0.0,null],[103.88966,-4.41267,0.0,null],[103.88289,-4.39848,0.0,null],[103.87817,-4.3856,0.0,null],[103.87298,-4.3772,0.0,null],[103.87059,-4.37206,0.0,null],[103.8695,-4.36705,0.0,null],[103.86988,-4.36153,0.0,null],[103.87157,-4.3542,0.0,null],[103.86859,-4.35365,0.0,null],[103.86793,-4.35193,0.0,null],[103.86913,-4.34987,0.0,null],[103.8698,-4.34758,0.0,null],[103.86961,-4.34595,0.0,null],[103.87104,-4.34299,0.0,null],[103.87123,-4.34184,0.0,null],[103.87039,-4.33848,0.0,null],[103.87105,-4.33676,0.0,null],[103.87087,-4.33494,0.0,null],[103.8729,-4.33565,0.0,null],[103.87296,-4.33265,0.0,null],[103.87235,-4.33193,0.0,null],[103.8738,-4.32893,0.0,null],[103.87226,-4.32906,0.0,null],[103.87149,-4.32858,0.0,null],[103.87093,-4.32695,0.0,null],[103.86873,-4.32695,0.0,null],[103.86682,-4.32541,0.0,null],[103.86711,-4.32417,0.0,null],[103.86416,-4.32464,0.0,null],[103.86492,-4.32608,0.0,null],[103.8632,-4.32723,0.0,null],[103.8591,-4.32626,0.0,null],[103.85939,-4.32473,0.0,null],[103.85882,-4.32397,0.0,null],[103.85386,-4.32329,0.0,null],[103.85233,-4.32089,0.0,null],[103.85091,-4.32089,0.0,null],[103.85072,-4.32175,0.0,null],[103.84995,-4.32137,0.0,null],[103.84773,-4.31788,0.0,null],[103.84424,-4.31801,0.0,null],[103.84324,-4.31585,0.0,null],[103.84152,-4.31518,0.0,null],[103.84105,-4.31403,0.0,null],[103.84124,-4.31231,0.0,null],[103.84325,-4.31126,0.0,null],[103.84325,-4.31059,0.0,null],[103.83962,-4.30934,0.0,null],[103.84039,-4.30781,0.0,null],[103.83944,-4.30666,0.0,null],[103.8383,-4.30665,0.0,null],[103.83581,-4.30799,0.0,null],[103.83534,-4.30933,0.0,null],[103.834,-4.30933,0.0,null],[103.83525,-4.30665,0.0,null],[103.83363,-4.30473,0.0,null],[103.83458,-4.30311,0.0,null],[103.83344,-4.30282,0.0,null],[103.83191,-4.30358,0.0,null],[103.83134,-4.30329,0.0,null]]],[[[103.74477,-4.22198,0.0,null],[103.74214,-4.22366,0.0,null],[103.74342,-4.2281,0.0,null],[103.74085,-4.22752,0.0,null],[103.73643,-4.22775,0.0,null],[103.73696,-4.2289,0.0,null],[103.73179,-4.23465,0.0,null],[103.73459,-4.2387,0.0,null],[103.73363,-4.24029,0.0,null],[103.73252,-4.23984,0.0,null],[103.73306,-4.23915,0.0,null],[103.73217,-4.23834,0.0,null],[103.73091,-4.23792,0.0,null],[103.73076,-4.2408,0.0,null],[103.72926,-4.24391,0.0,null],[103.73013,-4.24496,0.0,null],[103.73048,-4.24856,0.0,null],[103.72112,-4.24936,0.0,null],[103.71901,-4.24521,0.0,null],[103.71886,-4.24389,0.0,null],[103.71686,-4.24299,0.0,null],[103.71354,-4.24529,0.0,null],[103.71312,-4.24607,0.0,null],[103.7142,-4.24725,0.0,null],[103.7139,-4.24907,0.0,null],[103.7115,-4.25126,0.0,null],[103.70988,-4.25765,0.0,null],[103.70805,-4.25867,0.0,null],[103.70802,-4.25942,0.0,null],[103.71594,-4.25779,0.0,null],[103.72215,-4.25752,0.0,null],[103.72698,-4.25958,0.0,null],[103.73378,-4.26505,0.0,null],[103.73624,-4.2707,0.0,null],[103.73704,-4.27657,0.0,null],[103.73593,-4.28187,0.0,null],[103.73348,-4.28797,0.0,null],[103.73347,-4.29173,0.0,null],[103.73492,-4.29579,0.0,null],[103.73817,-4.29979,0.0,null],[103.73906,-4.30184,0.0,null],[103.73892,-4.3035,0.0,null],[103.73328,-4.31114,0.0,null],[103.72591,-4.31468,0.0,null],[103.72729,-4.31629,0.0,null],[103.72622,-4.3175,0.0,null],[103.72575,-4.3172,0.0,null],[103.72441,-4.31835,0.0,null],[103.72249,-4.31859,0.0,null],[103.72265,-4.31945,0.0,null],[103.7212,-4.31969,0.0,null],[103.71956,-4.31859,0.0,null],[103.7177,-4.31872,0.0,null],[103.71553,-4.31784,0.0,null],[103.71301,-4.31863,0.0,null],[103.7126,-4.31902,0.0,null],[103.71323,-4.31929,0.0,null],[103.7107,-4.32223,0.0,null],[103.70739,-4.32231,0.0,null],[103.70552,-4.32308,0.0,null],[103.70339,-4.3226,0.0,null],[103.69944,-4.32285,0.0,null],[103.69739,-4.32345,0.0,null],[103.69753,-4.3243,0.0,null],[103.705,-4.32388,0.0,null],[103.71233,-4.32594,0.0,null],[103.71303,-4.3257,0.0,null],[103.71378,-4.32658,0.0,null],[103.71889,-4.32909,0.0,null],[103.72045,-4.32852,0.0,null],[103.72154,-4.32646,0.0,null],[103.72262,-4.32624,0.0,null],[103.7247,-4.32759,0.0,null],[103.72469,-4.32899,0.0,null],[103.726,-4.3304,0.0,null],[103.72836,-4.33145,0.0,null],[103.72938,-4.33073,0.0,null],[103.72905,-4.32719,0.0,null],[103.72974,-4.32314,0.0,null],[103.73352,-4.31817,0.0,null],[103.73682,-4.31492,0.0,null],[103.74273,-4.31275,0.0,null],[103.74843,-4.31287,0.0,null],[103.75393,-4.31224,0.0,null],[103.7553,-4.31058,0.0,null],[103.75647,-4.30773,0.0,null],[103.76015,-4.30538,0.0,null],[103.76101,-4.30418,0.0,null],[103.76202,-4.30126,0.0,null],[103.76156,-4.29789,0.0,null],[103.76315,-4.294,0.0,null],[103.76457,-4.28473,0.0,null],[103.76693,-4.27713,0.0,null],[103.76832,-4.27046,0.0,null],[103.76916,-4.25679,0.0,null],[103.76891,-4.25469,0.0,null],[103.76692,-4.25116,0.0,null],[103.76204,-4.2479,0.0,null],[103.76101,-4.24642,0.0,null],[103.7606,-4.24397,0.0,null],[103.76183,-4.2403,0.0,null],[103.7679,-4.23335,0.0,null],[103.76576,-4.23116,0.0,null],[103.76636,-4.23041,0.0,null],[103.76532,-4.22933,0.0,null],[103.7646,-4.23038,0.0,null],[103.76257,-4.22966,0.0,null],[103.76026,-4.22963,0.0,null],[103.7548,-4.22653,0.0,null],[103.75349,-4.22469,0.0,null],[103.75125,-4.22601,0.0,null],[103.74477,-4.22198,0.0,null]]],[[[104.2252,-4.53582,0.0,null],[104.22086,-4.53271,0.0,null],[104.21942,-4.52888,0.0,null],[104.2152,-4.52456,0.0,null],[104.21423,-4.52172,0.0,null],[104.21408,-4.51785,0.0,null],[104.21554,-4.51436,0.0,null],[104.21567,-4.51211,0.0,null],[104.21268,-4.50618,0.0,null],[104.21241,-4.50375,0.0,null],[104.20727,-4.49825,0.0,null],[104.20413,-4.49674,0.0,null],[104.20024,-4.49973,0.0,null],[104.19797,-4.50268,0.0,null],[104.19228,-4.51527,0.0,null],[104.18851,-4.51935,0.0,null],[104.18651,-4.52358,0.0,null],[104.18627,-4.5275,0.0,null],[104.18727,-4.5345,0.0,null],[104.19081,-4.54502,0.0,null],[104.19368,-4.55136,0.0,null],[104.19628,-4.55539,0.0,null],[104.19939,-4.55891,0.0,null],[104.20372,-4.56256,0.0,null],[104.21124,-4.56637,0.0,null],[104.21553,-4.56707,0.0,null],[104.21739,-4.56669,0.0,null],[104.2199,-4.56407,0.0,null],[104.21925,-4.55201,0.0,null],[104.22073,-4.54828,0.0,null],[104.22306,-4.54595,0.0,null],[104.22794,-4.54462,0.0,null],[104.25066,-4.54715,0.0,null],[104.25317,-4.54457,0.0,null],[104.25476,-4.53152,0.0,null],[104.25387,-4.51974,0.0,null],[104.25254,-4.51813,0.0,null],[104.24429,-4.51711,0.0,null],[104.2392,-4.51344,0.0,null],[104.23808,-4.51344,0.0,null],[104.23747,-4.51497,0.0,null],[104.23624,-4.52716,0.0,null],[104.2351,-4.53206,0.0,null],[104.22823,-4.53603,0.0,null],[104.2252,-4.53582,0.0,null]]],[[[102.8332,-3.6392,0.0,null],[102.83009,-3.62897,0.0,null],[102.83009,-3.62496,0.0,null],[102.83409,-3.61784,0.0,null],[102.80561,-3.6125,0.0,null],[102.79493,-3.62541,0.0,null],[102.78825,-3.63119,0.0,null],[102.77979,-3.63386,0.0,null],[102.76956,-3.64098,0.0,null],[102.77712,-3.64633,0.0,null],[102.78335,-3.64811,0.0,null],[102.8065,-3.64766,0.0,null],[102.81851,-3.64944,0.0,null],[102.82519,-3.65256,0.0,null],[102.83142,-3.66012,0.0,null],[102.83231,-3.66457,0.0,null],[102.83053,-3.67125,0.0,null],[102.82653,-3.67392,0.0,null],[102.80872,-3.67392,0.0,null],[102.80383,-3.67971,0.0,null],[102.80294,-3.68683,0.0,null],[102.80561,-3.69929,0.0,null],[102.81406,-3.71665,0.0,null],[102.81584,-3.71665,0.0,null],[102.82964,-3.70374,0.0,null],[102.82297,-3.70596,0.0,null],[102.81584,-3.70596,0.0,null],[102.81273,-3.70196,0.0,null],[102.81184,-3.69884,0.0,null],[102.8154,-3.69217,0.0,null],[102.8154,-3.68905,0.0,null],[102.81406,-3.68416,0.0,null],[102.81762,-3.6806,0.0,null],[102.82252,-3.67971,0.0,null],[102.83587,-3.68505,0.0,null],[102.83721,-3.66813,0.0,null],[102.83632,-3.65612,0.0,null],[102.8332,-3.6392,0.0,null]]],[[[103.75914,-4.11444,0.0,null],[103.75879,-4.1024,0.0,null],[103.75755,-4.09839,0.0,null],[103.7548,-4.09492,0.0,null],[103.71003,-4.12113,0.0,null],[103.71927,-4.12979,0.0,null],[103.72774,-4.13317,0.0,null],[103.74384,-4.14216,0.0,null],[103.74945,-4.14282,0.0,null],[103.74784,-4.14032,0.0,null],[103.74172,-4.13587,0.0,null],[103.73997,-4.13256,0.0,null],[103.73978,-4.13105,0.0,null],[103.74164,-4.12626,0.0,null],[103.74356,-4.12561,0.0,null],[103.74711,-4.12826,0.0,null],[103.75138,-4.1294,0.0,null],[103.75398,-4.12961,0.0,null],[103.76213,-4.12863,0.0,null],[103.76998,-4.12601,0.0,null],[103.78057,-4.11785,0.0,null],[103.78776,-4.11606,0.0,null],[103.79553,-4.1156,0.0,null],[103.80102,-4.114,0.0,null],[103.80489,-4.11403,0.0,null],[103.81235,-4.11614,0.0,null],[103.81743,-4.1182,0.0,null],[103.82209,-4.11049,0.0,null],[103.81473,-4.10815,0.0,null],[103.80249,-4.10654,0.0,null],[103.79512,-4.10175,0.0,null],[103.78739,-4.10105,0.0,null],[103.78206,-4.10201,0.0,null],[103.77764,-4.10373,0.0,null],[103.77162,-4.10854,0.0,null],[103.76669,-4.11451,0.0,null],[103.76443,-4.11633,0.0,null],[103.76115,-4.11635,0.0,null],[103.75914,-4.11444,0.0,null]]],[[[103.05346,-2.8035,0.0,null],[103.05584,-2.79597,0.0,null],[103.06099,-2.78784,0.0,null],[103.06218,-2.78249,0.0,null],[103.03344,-2.79656,0.0,null],[103.03047,-2.79874,0.0,null],[103.02987,-2.80469,0.0,null],[103.02868,-2.80727,0.0,null],[103.02647,-2.80913,0.0,null],[103.01963,-2.80945,0.0,null],[103.0178,-2.80334,0.0,null],[102.98812,-2.82697,0.0,null],[103.01675,-2.83145,0.0,null],[103.02145,-2.83284,0.0,null],[103.02312,-2.83201,0.0,null],[103.02369,-2.8306,0.0,null],[103.02305,-2.82825,0.0,null],[103.02124,-2.82718,0.0,null],[103.0191,-2.82718,0.0,null],[103.01675,-2.82633,0.0,null],[103.01599,-2.82481,0.0,null],[103.01622,-2.82323,0.0,null],[103.01995,-2.81735,0.0,null],[103.02284,-2.81532,0.0,null],[103.02476,-2.81543,0.0,null],[103.02732,-2.81671,0.0,null],[103.02871,-2.81928,0.0,null],[103.0301,-2.82462,0.0,null],[103.03267,-2.82878,0.0,null],[103.03502,-2.83092,0.0,null],[103.03715,-2.83103,0.0,null],[103.05179,-2.82734,0.0,null],[103.05326,-2.82273,0.0,null],[103.05247,-2.81163,0.0,null],[103.05346,-2.8035,0.0,null]]],[[[102.8697,-3.66947,0.0,null],[102.87993,-3.66324,0.0,null],[102.88616,-3.66012,0.0,null],[102.8875,-3.65478,0.0,null],[102.8875,-3.64989,0.0,null],[102.88572,-3.64499,0.0,null],[102.87771,-3.63831,0.0,null],[102.86658,-3.63297,0.0,null],[102.86302,-3.62852,0.0,null],[102.85857,-3.62674,0.0,null],[102.85501,-3.62763,0.0,null],[102.85323,-3.63164,0.0,null],[102.85367,-3.64009,0.0,null],[102.85768,-3.66413,0.0,null],[102.8608,-3.67036,0.0,null],[102.86347,-3.67125,0.0,null],[102.8697,-3.66947,0.0,null]]],[[[103.84037,-3.19345,0.0,null],[103.83517,-3.19262,0.0,null],[103.82606,-3.19281,0.0,null],[103.82764,-3.2252,0.0,null],[103.831,-3.21902,0.0,null],[103.83307,-3.21719,0.0,null],[103.83481,-3.21455,0.0,null],[103.83768,-3.21372,0.0,null],[103.84008,-3.21204,0.0,null],[103.84552,-3.20975,0.0,null],[103.84823,-3.20918,0.0,null],[103.85381,-3.20675,0.0,null],[103.85624,-3.20546,0.0,null],[103.8571,-3.20403,0.0,null],[103.85786,-3.20184,0.0,null],[103.85641,-3.19771,0.0,null],[103.85283,-3.19447,0.0,null],[103.84883,-3.1934,0.0,null],[103.84037,-3.19345,0.0,null]]],[[[103.15911,-2.85111,0.0,null],[103.17743,-2.82789,0.0,null],[103.19085,-2.80724,0.0,null],[103.18182,-2.81085,0.0,null],[103.17098,-2.81369,0.0,null],[103.16349,-2.81369,0.0,null],[103.16401,-2.81627,0.0,null],[103.16711,-2.81911,0.0,null],[103.16866,-2.82298,0.0,null],[103.16814,-2.82582,0.0,null],[103.16608,-2.83073,0.0,null],[103.16246,-2.83382,0.0,null],[103.15678,-2.83666,0.0,null],[103.15317,-2.84002,0.0,null],[103.15137,-2.84285,0.0,null],[103.15085,-2.84543,0.0,null],[103.15137,-2.84776,0.0,null],[103.15343,-2.84956,0.0,null],[103.15704,-2.85163,0.0,null],[103.15911,-2.85111,0.0,null]]],[[[102.86881,-3.6935,0.0,null],[102.86436,-3.69083,0.0,null],[102.85635,-3.69039,0.0,null],[102.84922,-3.6935,0.0,null],[102.84611,-3.6935,0.0,null],[102.83943,-3.69528,0.0,null],[102.83231,-3.70285,0.0,null],[102.84077,-3.70418,0.0,null],[102.847,-3.70418,0.0,null],[102.85145,-3.70151,0.0,null],[102.85635,-3.70018,0.0,null],[102.86124,-3.70107,0.0,null],[102.86925,-3.70374,0.0,null],[102.87637,-3.70685,0.0,null],[102.86881,-3.6935,0.0,null]]]]}},{"type":"Feature","properties":{"inventoryId":"big-forestry-hti:242","sector":"PBPH","subtype":"IUPHHK-HTI","quality":"OFFICIAL","sourceDataset":"big-forestry-hti","sourceRecordId":"242","source":"BIG Kebijakan Satu Peta","sourceUrl":"https://kspservices.big.go.id/satupeta/rest/services/PUBLIK/PERIZINAN_DAN_PERTANAHAN/MapServer/2","retrievedAt":"2026-08-24T04:22:31Z","geometryProcessing":"web display simplification tolerance 0.00035 degrees","name":"PT NUSA PRIMA MANUNGGAL","permitNumber":"SK.522.1/dISHUT/XI/2002/002","permitDate":"2002-11-12","areaHa":4412.0,"provinceCode":"14","region":"sumatra"},"geometry":{"type":"Polygon","coordinates":[[[101.84618,0.11869,0.0,null],[101.84277,0.11606,0.0,null],[101.84131,0.11591,0.0,null],[101.83897,0.1146,0.0,null],[101.8376,0.1152,0.0,null],[101.8353,0.11472,0.0,null],[101.8335,0.11516,0.0,null],[101.83176,0.11365,0.0,null],[101.83086,0.11192,0.0,null],[101.83021,0.1079,0.0,null],[101.8287,0.10399,0.0,null],[101.82735,0.1033,0.0,null],[101.82527,0.10348,0.0,null],[101.82397,0.10287,0.0,null],[101.81794,0.0972,0.0,null],[101.81603,0.09421,0.0,null],[101.8097,0.09212,0.0,null],[101.7991,0.08724,0.0,null],[101.7884,0.08442,0.0,null],[101.7855,0.08418,0.0,null],[101.7849,0.07701,0.0,null],[101.7833,0.07236,0.0,null],[101.7799,0.06891,0.0,null],[101.77653,0.06646,0.0,null],[101.77586,0.06414,0.0,null],[101.77315,0.06077,0.0,null],[101.76967,0.05138,0.0,null],[101.76907,0.04012,0.0,null],[101.77029,0.03886,0.0,null],[101.77579,0.02916,0.0,null],[101.77807,0.02421,0.0,null],[101.78893,0.0245,0.0,null],[101.78778,0.05339,0.0,null],[101.78362,0.06299,0.0,null],[101.82293,0.06609,0.0,null],[101.84451,0.08747,0.0,null],[101.8926,0.08661,0.0,null],[101.88302,0.11824,0.0,null],[101.87462,0.11293,0.0,null],[101.87305,0.11289,0.0,null],[101.8638,0.10761,0.0,null],[101.85052,0.10564,0.0,null],[101.84673,0.11455,0.0,null],[101.84618,0.11869,0.0,null]]]}},{"type":"Feature","properties":{"inventoryId":"big-forestry-hti:187","sector":"PBPH","subtype":"IUPHHK-HTI","quality":"OFFICIAL","sourceDataset":"big-forestry-hti","sourceRecordId":"187","source":"BIG Kebijakan Satu Peta","sourceUrl":"https://kspservices.big.go.id/satupeta/rest/services/PUBLIK/PERIZINAN_DAN_PERTANAHAN/MapServer/2","retrievedAt":"2026-08-24T04:22:31Z","geometryProcessing":"web display simplification tolerance 0.00035 degrees","name":"PT NUSA WANA RAYA","permitNumber":"SK.241/Menhut-II/2007","permitDate":"2007-07-19","areaHa":26880.0,"provinceCode":"14","region":"sumatra"},"geometry":{"type":"Polygon","coordinates":[[[101.40458,0.13756,0.0,null],[101.40224,0.14099,0.0,null],[101.40005,0.14646,0.0,null],[101.40162,0.14802,0.0,null],[101.40155,0.15067,0.0,null],[101.40056,0.15244,0.0,null],[101.40049,0.15696,0.0,null],[101.40394,0.16195,0.0,null],[101.40523,0.16571,0.0,null],[101.40412,0.16605,0.0,null],[101.40227,0.16522,0.0,null],[101.40025,0.16126,0.0,null],[101.3957,0.15785,0.0,null],[101.38495,0.13723,0.0,null],[101.38355,0.138,0.0,null],[101.38489,0.13714,0.0,null],[101.38133,0.13093,0.0,null],[101.38192,0.13063,0.0,null],[101.38106,0.12861,0.0,null],[101.37686,0.12361,0.0,null],[101.37442,0.11898,0.0,null],[101.37457,0.11775,0.0,null],[101.37323,0.11677,0.0,null],[101.36527,0.10419,0.0,null],[101.3541,0.08461,0.0,null],[101.34534,0.06769,0.0,null],[101.34468,0.06743,0.0,null],[101.35463,0.0642,0.0,null],[101.3881,0.12607,0.0,null],[101.39701,0.11655,0.0,null],[101.417,0.10592,0.0,null],[101.44997,0.07936,0.0,null],[101.45931,0.07454,0.0,null],[101.45878,0.07317,0.0,null],[101.46018,0.07208,0.0,null],[101.47755,0.06057,0.0,null],[101.49285,0.04652,0.0,null],[101.51565,0.02828,0.0,null],[101.51809,0.02792,0.0,null],[101.51973,0.02566,0.0,null],[101.53352,0.01917,0.0,null],[101.53531,0.01782,0.0,null],[101.54703,0.01618,0.0,null],[101.56411,0.01663,0.0,null],[101.57984,0.0096,0.0,null],[101.59736,0.00318,0.0,null],[101.60375,0.00259,0.0,null],[101.61844,-0.00025,0.0,null],[101.64012,0.01619,0.0,null],[101.64071,0.01739,0.0,null],[101.65006,0.01335,0.0,null],[101.67144,0.00753,0.0,null],[101.69385,0.00469,0.0,null],[101.70439,0.00484,0.0,null],[101.72547,0.00663,0.0,null],[101.74284,-0.00712,0.0,null],[101.7559,0.00513,0.0,null],[101.77223,0.01574,0.0,null],[101.77431,0.01903,0.0,null],[101.77732,0.02583,0.0,null],[101.77029,0.03886,0.0,null],[101.76907,0.04012,0.0,null],[101.76888,0.04209,0.0,null],[101.76967,0.05138,0.0,null],[101.77315,0.06077,0.0,null],[101.77586,0.06414,0.0,null],[101.77653,0.06646,0.0,null],[101.7799,0.06891,0.0,null],[101.7833,0.07236,0.0,null],[101.7849,0.07701,0.0,null],[101.7853,0.08181,0.0,null],[101.78199,0.08983,0.0,null],[101.70955,0.10478,0.0,null],[101.70892,0.10173,0.0,null],[101.70529,0.09244,0.0,null],[101.70101,0.08521,0.0,null],[101.69396,0.08042,0.0,null],[101.68669,0.07743,0.0,null],[101.68149,0.07623,0.0,null],[101.67309,0.07878,0.0,null],[101.66673,0.08635,0.0,null],[101.66296,0.09305,0.0,null],[101.66181,0.1085,0.0,null],[101.65928,0.11045,0.0,null],[101.65804,0.11041,0.0,null],[101.65691,0.11136,0.0,null],[101.65658,0.11057,0.0,null],[101.6559,0.11074,0.0,null],[101.65571,0.11159,0.0,null],[101.65525,0.11162,0.0,null],[101.65512,0.1109,0.0,null],[101.65444,0.111,0.0,null],[101.65434,0.11191,0.0,null],[101.65321,0.1111,0.0,null],[101.64864,0.11215,0.0,null],[101.64795,0.11315,0.0,null],[101.64819,0.11531,0.0,null],[101.6124,0.12182,0.0,null],[101.61049,0.11844,0.0,null],[101.60939,0.10163,0.0,null],[101.61205,0.08678,0.0,null],[101.61673,0.07663,0.0,null],[101.62251,0.06679,0.0,null],[101.63017,0.05601,0.0,null],[101.63294,0.05412,0.0,null],[101.62493,0.04414,0.0,null],[101.62075,0.04031,0.0,null],[101.6072,0.0232,0.0,null],[101.59221,0.02758,0.0,null],[101.5869,0.03039,0.0,null],[101.58346,0.03086,0.0,null],[101.57877,0.03242,0.0,null],[101.56955,0.03308,0.0,null],[101.55424,0.03726,0.0,null],[101.53659,0.03898,0.0,null],[101.51597,0.05226,0.0,null],[101.49044,0.07372,0.0,null],[101.47926,0.08241,0.0,null],[101.47145,0.0871,0.0,null],[101.45973,0.09303,0.0,null],[101.45645,0.09616,0.0,null],[101.45067,0.09835,0.0,null],[101.43661,0.10897,0.0,null],[101.41583,0.12756,0.0,null],[101.40708,0.13412,0.0,null],[101.40458,0.13756,0.0,null]]]}},{"type":"Feature","properties":{"inventoryId":"big-forestry-hti:241","sector":"PBPH","subtype":"IUPHHK-HTI","quality":"OFFICIAL","sourceDataset":"big-forestry-hti","sourceRecordId":"241","source":"BIG Kebijakan Satu Peta","sourceUrl":"https://kspservices.big.go.id/satupeta/rest/services/PUBLIK/PERIZINAN_DAN_PERTANAHAN/MapServer/2","retrievedAt":"2026-08-24T04:22:31Z","geometryProcessing":"web display simplification tolerance 0.00035 degrees","name":"PT NUSANTARA SENTOSA RAYA (DH.SIAK RY TBR)","permitNumber":"SK.505/Menhut-II/2012","permitDate":"2012-10-04","areaHa":23030.0,"provinceCode":"14","region":"sumatra"},"geometry":{"type":"MultiPolygon","coordinates":[[[[101.40976,0.15764,0.0,null],[101.40888,0.15663,0.0,null],[101.40768,0.15628,0.0,null],[101.40626,0.15734,0.0,null],[101.4054,0.15708,0.0,null],[101.4044,0.1542,0.0,null],[101.40394,0.15039,0.0,null],[101.40179,0.14935,0.0,null],[101.40162,0.14802,0.0,null],[101.40005,0.14646,0.0,null],[101.40224,0.14099,0.0,null],[101.40708,0.13412,0.0,null],[101.41583,0.12756,0.0,null],[101.43661,0.10897,0.0,null],[101.45067,0.09835,0.0,null],[101.45645,0.09616,0.0,null],[101.45973,0.09303,0.0,null],[101.47145,0.0871,0.0,null],[101.48001,0.08183,0.0,null],[101.55528,0.09672,0.0,null],[101.57728,0.09974,0.0,null],[101.60997,0.11234,0.0,null],[101.61049,0.11844,0.0,null],[101.40976,0.15764,0.0,null]]],[[[101.62075,0.04031,0.0,null],[101.62493,0.04414,0.0,null],[101.63294,0.05412,0.0,null],[101.63017,0.05601,0.0,null],[101.62251,0.06679,0.0,null],[101.61673,0.07663,0.0,null],[101.61205,0.08678,0.0,null],[101.6094,0.10172,0.0,null],[101.59653,0.09608,0.0,null],[101.58063,0.09026,0.0,null],[101.54704,0.0835,0.0,null],[101.49044,0.07372,0.0,null],[101.51597,0.05226,0.0,null],[101.53659,0.03898,0.0,null],[101.55424,0.03726,0.0,null],[101.56955,0.03308,0.0,null],[101.57877,0.03242,0.0,null],[101.58346,0.03086,0.0,null],[101.5869,0.03039,0.0,null],[101.59221,0.02758,0.0,null],[101.6072,0.0232,0.0,null],[101.62075,0.04031,0.0,null]]],[[[101.45878,0.07317,0.0,null],[101.45931,0.07454,0.0,null],[101.44997,0.07936,0.0,null],[101.417,0.10592,0.0,null],[101.39701,0.11655,0.0,null],[101.3881,0.12607,0.0,null],[101.35009,0.05558,0.0,null],[101.40295,0.0436,0.0,null],[101.40583,0.0465,0.0,null],[101.40899,0.04836,0.0,null],[101.41608,0.05043,0.0,null],[101.42325,0.05327,0.0,null],[101.4245,0.05796,0.0,null],[101.42747,0.06265,0.0,null],[101.43575,0.07062,0.0,null],[101.43903,0.07124,0.0,null],[101.44981,0.07077,0.0,null],[101.45393,0.07115,0.0,null],[101.45762,0.07015,0.0,null],[101.45878,0.07317,0.0,null]]]]}},{"type":"Feature","properties":{"inventoryId":"big-forestry-hti:172","sector":"PBPH","subtype":"IUPHHK-HTI","quality":"OFFICIAL","sourceDataset":"big-forestry-hti","sourceRecordId":"172","source":"BIG Kebijakan Satu Peta","sourceUrl":"https://kspservices.big.go.id/satupeta/rest/services/PUBLIK/PERIZINAN_DAN_PERTANAHAN/MapServer/2","retrievedAt":"2026-08-24T04:22:31Z","geometryProcessing":"web display simplification tolerance 0.00035 degrees","name":"PT PARAMITRA MULIA LANGGENG","permitNumber":"SK.378/Menhut-II/2009","permitDate":"2009-06-25","areaHa":70130.0,"provinceCode":"16","region":"sumatra"},"geometry":{"type":"MultiPolygon","coordinates":[[[[103.01397,-2.78264,0.0,null],[103.00714,-2.768,0.0,null],[103.00436,-2.76416,0.0,null],[102.99976,-2.77687,0.0,null],[102.99677,-2.79033,0.0,null],[102.98801,-2.80389,0.0,null],[102.98513,-2.80731,0.0,null],[102.98308,-2.81217,0.0,null],[102.97968,-2.82574,0.0,null],[102.9752,-2.83493,0.0,null],[102.96921,-2.8432,0.0,null],[102.96793,-2.84684,0.0,null],[102.9658,-2.84822,0.0,null],[102.96505,-2.85164,0.0,null],[102.96612,-2.85602,0.0,null],[102.96441,-2.85763,0.0,null],[102.95939,-2.86847,0.0,null],[102.95148,-2.8706,0.0,null],[102.91805,-2.87755,0.0,null],[102.92488,-2.86569,0.0,null],[102.92841,-2.85757,0.0,null],[102.92862,-2.84475,0.0,null],[102.9596,-2.833,0.0,null],[102.96003,-2.83012,0.0,null],[102.95796,-2.82222,0.0,null],[102.83156,-2.85009,0.0,null],[102.84146,-2.86131,0.0,null],[102.81753,-2.87504,0.0,null],[102.78045,-2.91723,0.0,null],[102.78921,-2.94168,0.0,null],[102.80241,-2.97497,0.0,null],[102.81069,-2.97716,0.0,null],[102.82994,-2.98075,0.0,null],[102.83787,-2.97901,0.0,null],[102.87609,-2.98463,0.0,null],[102.87361,-2.97401,0.0,null],[102.87201,-2.96129,0.0,null],[102.8719,-2.95157,0.0,null],[102.86976,-2.94618,0.0,null],[102.86934,-2.94308,0.0,null],[102.86976,-2.93924,0.0,null],[102.87147,-2.93614,0.0,null],[102.87179,-2.93336,0.0,null],[102.87062,-2.93058,0.0,null],[102.87062,-2.92332,0.0,null],[102.87169,-2.92129,0.0,null],[102.8828,-2.92118,0.0,null],[102.89262,-2.91718,0.0,null],[102.90918,-2.90788,0.0,null],[102.92841,-2.90927,0.0,null],[102.93898,-2.90885,0.0,null],[102.94219,-2.90666,0.0,null],[102.95917,-2.90548,0.0,null],[102.96783,-2.90324,0.0,null],[102.97359,-2.90302,0.0,null],[102.97883,-2.90388,0.0,null],[102.98235,-2.90292,0.0,null],[102.98438,-2.8995,0.0,null],[102.98631,-2.898,0.0,null],[103.00318,-2.89186,0.0,null],[103.00468,-2.88876,0.0,null],[103.00585,-2.88241,0.0,null],[103.00735,-2.85656,0.0,null],[103.02252,-2.85592,0.0,null],[103.02348,-2.84705,0.0,null],[103.02583,-2.84481,0.0,null],[103.05189,-2.84481,0.0,null],[103.05179,-2.82707,0.0,null],[103.03715,-2.83103,0.0,null],[103.03502,-2.83092,0.0,null],[103.03267,-2.82878,0.0,null],[103.0301,-2.82462,0.0,null],[103.02871,-2.81928,0.0,null],[103.02732,-2.81671,0.0,null],[103.02476,-2.81543,0.0,null],[103.02284,-2.81532,0.0,null],[103.01995,-2.81735,0.0,null],[103.01622,-2.82323,0.0,null],[103.01599,-2.82481,0.0,null],[103.01675,-2.82633,0.0,null],[103.0191,-2.82718,0.0,null],[103.02124,-2.82718,0.0,null],[103.02305,-2.82825,0.0,null],[103.02369,-2.82932,0.0,null],[103.02312,-2.83201,0.0,null],[103.02145,-2.83284,0.0,null],[103.01675,-2.83145,0.0,null],[102.98812,-2.82697,0.0,null],[103.0178,-2.80334,0.0,null],[103.01963,-2.80945,0.0,null],[103.02668,-2.80903,0.0,null],[103.01397,-2.78264,0.0,null]]],[[[105.06155,-4.04554,0.0,null],[105.05849,-4.04437,0.0,null],[105.05417,-4.04392,0.0,null],[105.053,-4.04473,0.0,null],[105.04914,-4.05247,0.0,null],[105.04743,-4.05769,0.0,null],[105.04167,-4.06894,0.0,null],[105.03213,-4.08419,0.0,null],[105.0288,-4.0868,0.0,null],[105.02025,-4.09966,0.0,null],[104.99587,-4.10128,0.0,null],[104.99515,-4.10484,0.0,null],[104.99236,-4.10916,0.0,null],[104.99189,-4.11652,0.0,null],[104.99103,-4.11993,0.0,null],[104.99127,-4.12647,0.0,null],[104.99083,-4.12715,0.0,null],[104.98867,-4.12724,0.0,null],[104.98264,-4.12427,0.0,null],[104.9767,-4.12688,0.0,null],[104.97418,-4.12715,0.0,null],[104.96644,-4.11537,0.0,null],[104.96069,-4.12355,0.0,null],[104.95988,-4.13894,0.0,null],[104.95133,-4.14699,0.0,null],[104.94629,-4.14214,0.0,null],[104.9462,-4.13647,0.0,null],[104.94062,-4.13683,0.0,null],[104.9381,-4.14304,0.0,null],[104.93018,-4.14259,0.0,null],[104.9264,-4.14322,0.0,null],[104.92577,-4.15059,0.0,null],[104.91992,-4.15743,0.0,null],[104.913,-4.16121,0.0,null],[104.90229,-4.16148,0.0,null],[104.89545,-4.16342,0.0,null],[104.8887,-4.15379,0.0,null],[104.88123,-4.15307,0.0,null],[104.8717,-4.14866,0.0,null],[104.86504,-4.16351,0.0,null],[104.85739,-4.16935,0.0,null],[104.85532,-4.17579,0.0,null],[104.83885,-4.17957,0.0,null],[104.83084,-4.17912,0.0,null],[104.83165,-4.18678,0.0,null],[104.8303,-4.19329,0.0,null],[104.83048,-4.19536,0.0,null],[104.82967,-4.19716,0.0,null],[104.82563,-4.1995,0.0,null],[104.82059,-4.20022,0.0,null],[104.81618,-4.20499,0.0,null],[104.8151,-4.20733,0.0,null],[104.81564,-4.21003,0.0,null],[104.81744,-4.20985,0.0,null],[104.81924,-4.20832,0.0,null],[104.82128,-4.20799,0.0,null],[104.82419,-4.20958,0.0,null],[104.82446,-4.21048,0.0,null],[104.82581,-4.21057,0.0,null],[104.82707,-4.21335,0.0,null],[104.83102,-4.21434,0.0,null],[104.83345,-4.21173,0.0,null],[104.83687,-4.21146,0.0,null],[104.83777,-4.20994,0.0,null],[104.83849,-4.20967,0.0,null],[104.83975,-4.21092,0.0,null],[104.84308,-4.21075,0.0,null],[104.84434,-4.21012,0.0,null],[104.84911,-4.21003,0.0,null],[104.8501,-4.21084,0.0,null],[104.85109,-4.21039,0.0,null],[104.85217,-4.20814,0.0,null],[104.85424,-4.20688,0.0,null],[104.85532,-4.20688,0.0,null],[104.85676,-4.20832,0.0,null],[104.85847,-4.20877,0.0,null],[104.85955,-4.20778,0.0,null],[104.86081,-4.2076,0.0,null],[104.86297,-4.20877,0.0,null],[104.86594,-4.20841,0.0,null],[104.86738,-4.20931,0.0,null],[104.87251,-4.20922,0.0,null],[104.8743,-4.20787,0.0,null],[104.88402,-4.20427,0.0,null],[104.88474,-4.2031,0.0,null],[104.88456,-4.20148,0.0,null],[104.89149,-4.19666,0.0,null],[104.90033,-4.20989,0.0,null],[104.90243,-4.20891,0.0,null],[104.9035,-4.2076,0.0,null],[104.90362,-4.20389,0.0,null],[104.90565,-4.20125,0.0,null],[104.90684,-4.20066,0.0,null],[104.90887,-4.20066,0.0,null],[104.91614,-4.1979,0.0,null],[104.91792,-4.19934,0.0,null],[104.92007,-4.19731,0.0,null],[104.92854,-4.19192,0.0,null],[104.93187,-4.1918,0.0,null],[104.93354,-4.19324,0.0,null],[104.93485,-4.19192,0.0,null],[104.93489,-4.19047,0.0,null],[104.9369,-4.18901,0.0,null],[104.93855,-4.19013,0.0,null],[104.9417,-4.1909,0.0,null],[104.94469,-4.19043,0.0,null],[104.94814,-4.18803,0.0,null],[104.94922,-4.18301,0.0,null],[104.95387,-4.17918,0.0,null],[104.95303,-4.17762,0.0,null],[104.95458,-4.1775,0.0,null],[104.95732,-4.1787,0.0,null],[104.95995,-4.17559,0.0,null],[104.96245,-4.17535,0.0,null],[104.96658,-4.17269,0.0,null],[104.97463,-4.17227,0.0,null],[104.97887,-4.17431,0.0,null],[104.98686,-4.17411,0.0,null],[104.99303,-4.17601,0.0,null],[104.99564,-4.17505,0.0,null],[104.9978,-4.17517,0.0,null],[104.9997,-4.17708,0.0,null],[105.0022,-4.17649,0.0,null],[105.00352,-4.17696,0.0,null],[105.00876,-4.17397,0.0,null],[105.01431,-4.17379,0.0,null],[105.01812,-4.16853,0.0,null],[105.01867,-4.16713,0.0,null],[105.0166,-4.16713,0.0,null],[105.02012,-4.15985,0.0,null],[105.02217,-4.15332,0.0,null],[105.02445,-4.14985,0.0,null],[105.02919,-4.14543,0.0,null],[105.03236,-4.14333,0.0,null],[105.04438,-4.13774,0.0,null],[105.05099,-4.13308,0.0,null],[105.0536,-4.13087,0.0,null],[105.06052,-4.12309,0.0,null],[105.06113,-4.12159,0.0,null],[105.06174,-4.1145,0.0,null],[105.05965,-4.10566,0.0,null],[105.05947,-4.0999,0.0,null],[105.06171,-4.09665,0.0,null],[105.0668,-4.09275,0.0,null],[105.06924,-4.09181,0.0,null],[105.07161,-4.08948,0.0,null],[105.07238,-4.087,0.0,null],[105.07491,-4.08352,0.0,null],[105.07564,-4.0777,0.0,null],[105.07739,-4.07227,0.0,null],[105.0854,-4.06462,0.0,null],[105.08977,-4.05852,0.0,null],[105.09143,-4.05436,0.0,null],[105.09359,-4.04761,0.0,null],[105.0629,-4.04806,0.0,null],[105.06155,-4.04554,0.0,null]]],[[[104.27947,-4.48176,0.0,null],[104.27678,-4.48101,0.0,null],[104.27539,-4.47875,0.0,null],[104.27195,-4.47574,0.0,null],[104.27024,-4.47343,0.0,null],[104.26808,-4.47134,0.0,null],[104.26507,-4.46951,0.0,null],[104.26281,-4.47273,0.0,null],[104.26109,-4.47338,0.0,null],[104.26131,-4.47821,0.0,null],[104.26002,-4.47929,0.0,null],[104.25733,-4.47939,0.0,null],[104.25669,-4.48283,0.0,null],[104.25185,-4.4823,0.0,null],[104.23874,-4.4903,0.0,null],[104.23853,-4.49557,0.0,null],[104.23316,-4.50298,0.0,null],[104.23176,-4.50706,0.0,null],[104.22349,-4.50857,0.0,null],[104.22789,-4.51061,0.0,null],[104.23101,-4.51437,0.0,null],[104.23208,-4.51754,0.0,null],[104.234,-4.51782,0.0,null],[104.23706,-4.52004,0.0,null],[104.23747,-4.51497,0.0,null],[104.23808,-4.51344,0.0,null],[104.2392,-4.51344,0.0,null],[104.24429,-4.51711,0.0,null],[104.25254,-4.51813,0.0,null],[104.25438,-4.52037,0.0,null],[104.2557,-4.52434,0.0,null],[104.25558,-4.52611,0.0,null],[104.25723,-4.5292,0.0,null],[104.25948,-4.5278,0.0,null],[104.26271,-4.52705,0.0,null],[104.2655,-4.52726,0.0,null],[104.27918,-4.52507,0.0,null],[104.28554,-4.52532,0.0,null],[104.28935,-4.52683,0.0,null],[104.28978,-4.52888,0.0,null],[104.29322,-4.5335,0.0,null],[104.29365,-4.53903,0.0,null],[104.29741,-4.55053,0.0,null],[104.2972,-4.55407,0.0,null],[104.29806,-4.55708,0.0,null],[104.29806,-4.5602,0.0,null],[104.29516,-4.56783,0.0,null],[104.28925,-4.57159,0.0,null],[104.28871,-4.57653,0.0,null],[104.2871,-4.5833,0.0,null],[104.28269,-4.58943,0.0,null],[104.28108,-4.59071,0.0,null],[104.27764,-4.59082,0.0,null],[104.27336,-4.59338,0.0,null],[104.27162,-4.59362,0.0,null],[104.26905,-4.59297,0.0,null],[104.26249,-4.59018,0.0,null],[104.25809,-4.58577,0.0,null],[104.25304,-4.57438,0.0,null],[104.25239,-4.57073,0.0,null],[104.25239,-4.56643,0.0,null],[104.25153,-4.56278,0.0,null],[104.24745,-4.55622,0.0,null],[104.24573,-4.55461,0.0,null],[104.24551,-4.55354,0.0,null],[104.24756,-4.54741,0.0,null],[104.24706,-4.54671,0.0,null],[104.24371,-4.54618,0.0,null],[104.23112,-4.54515,0.0,null],[104.23036,-4.54522,0.0,null],[104.22973,-4.54649,0.0,null],[104.23226,-4.54752,0.0,null],[104.2329,-4.54958,0.0,null],[104.22996,-4.55014,0.0,null],[104.22885,-4.55165,0.0,null],[104.22901,-4.55228,0.0,null],[104.22965,-4.55252,0.0,null],[104.23195,-4.55141,0.0,null],[104.23512,-4.55196,0.0,null],[104.23528,-4.553,0.0,null],[104.2329,-4.55585,0.0,null],[104.23306,-4.55712,0.0,null],[104.23353,-4.55736,0.0,null],[104.2352,-4.55577,0.0,null],[104.23734,-4.55708,0.0,null],[104.23663,-4.56168,0.0,null],[104.23472,-4.5651,0.0,null],[104.23147,-4.56589,0.0,null],[104.22901,-4.56827,0.0,null],[104.22528,-4.56534,0.0,null],[104.22385,-4.56486,0.0,null],[104.22179,-4.56549,0.0,null],[104.22044,-4.56661,0.0,null],[104.21743,-4.57287,0.0,null],[104.21806,-4.57732,0.0,null],[104.21663,-4.5793,0.0,null],[104.21647,-4.58085,0.0,null],[104.21417,-4.58394,0.0,null],[104.21409,-4.58561,0.0,null],[104.21528,-4.58863,0.0,null],[104.21711,-4.5895,0.0,null],[104.21933,-4.5968,0.0,null],[104.22092,-4.59862,0.0,null],[104.2206,-4.60045,0.0,null],[104.21981,-4.60108,0.0,null],[104.22004,-4.60247,0.0,null],[104.22417,-4.60414,0.0,null],[104.22496,-4.60525,0.0,null],[104.22496,-4.60604,0.0,null],[104.22179,-4.60771,0.0,null],[104.22092,-4.6116,0.0,null],[104.22084,-4.61287,0.0,null],[104.22306,-4.61652,0.0,null],[104.21941,-4.62017,0.0,null],[104.21957,-4.6216,0.0,null],[104.22084,-4.62311,0.0,null],[104.22012,-4.62485,0.0,null],[104.22092,-4.62588,0.0,null],[104.2325,-4.62906,0.0,null],[104.23433,-4.62906,0.0,null],[104.2352,-4.62858,0.0,null],[104.23512,-4.62755,0.0,null],[104.23282,-4.62517,0.0,null],[104.2333,-4.62382,0.0,null],[104.23306,-4.62152,0.0,null],[104.23195,-4.61874,0.0,null],[104.23345,-4.61493,0.0,null],[104.2357,-4.61249,0.0,null],[104.23988,-4.61239,0.0,null],[104.2425,-4.6112,0.0,null],[104.24496,-4.61152,0.0,null],[104.24687,-4.60858,0.0,null],[104.2479,-4.60835,0.0,null],[104.25179,-4.60977,0.0,null],[104.25425,-4.60954,0.0,null],[104.25694,-4.61104,0.0,null],[104.25734,-4.61231,0.0,null],[104.25702,-4.61358,0.0,null],[104.25909,-4.61533,0.0,null],[104.26004,-4.61811,0.0,null],[104.26155,-4.61866,0.0,null],[104.26171,-4.61914,0.0,null],[104.25996,-4.62041,0.0,null],[104.26099,-4.62168,0.0,null],[104.26099,-4.62295,0.0,null],[104.25877,-4.62461,0.0,null],[104.25901,-4.62572,0.0,null],[104.26123,-4.6266,0.0,null],[104.26194,-4.62747,0.0,null],[104.26099,-4.6285,0.0,null],[104.26123,-4.62953,0.0,null],[104.26329,-4.62993,0.0,null],[104.26678,-4.62953,0.0,null],[104.27091,-4.62803,0.0,null],[104.27623,-4.62803,0.0,null],[104.28567,-4.63057,0.0,null],[104.29543,-4.63406,0.0,null],[104.29995,-4.63461,0.0,null],[104.30218,-4.6362,0.0,null],[104.30289,-4.63707,0.0,null],[104.30257,-4.63818,0.0,null],[104.30186,-4.63858,0.0,null],[104.30226,-4.6408,0.0,null],[104.30114,-4.64199,0.0,null],[104.30099,-4.64406,0.0,null],[104.29956,-4.64414,0.0,null],[104.29892,-4.64318,0.0,null],[104.29805,-4.6431,0.0,null],[104.29749,-4.64374,0.0,null],[104.29765,-4.6454,0.0,null],[104.29496,-4.64628,0.0,null],[104.29496,-4.64707,0.0,null],[104.29527,-4.65032,0.0,null],[104.29599,-4.65159,0.0,null],[104.29583,-4.65302,0.0,null],[104.29975,-4.65527,0.0,null],[104.30305,-4.65985,0.0,null],[104.30428,-4.6604,0.0,null],[104.30672,-4.65406,0.0,null],[104.31146,-4.64752,0.0,null],[104.31832,-4.64119,0.0,null],[104.33212,-4.62673,0.0,null],[104.33476,-4.62308,0.0,null],[104.33982,-4.61302,0.0,null],[104.34365,-4.60752,0.0,null],[104.34465,-4.60533,0.0,null],[104.34536,-4.60083,0.0,null],[104.34515,-4.59607,0.0,null],[104.34411,-4.59417,0.0,null],[104.34515,-4.5928,0.0,null],[104.34358,-4.59095,0.0,null],[104.34496,-4.58848,0.0,null],[104.34486,-4.58806,0.0,null],[104.34254,-4.58796,0.0,null],[104.34307,-4.58659,0.0,null],[104.34173,-4.57709,0.0,null],[104.33908,-4.56657,0.0,null],[104.33765,-4.54799,0.0,null],[104.33541,-4.53143,0.0,null],[104.33393,-4.51066,0.0,null],[104.33261,-4.50319,0.0,null],[104.33025,-4.49642,0.0,null],[104.29827,-4.49798,0.0,null],[104.29043,-4.49659,0.0,null],[104.28839,-4.4953,0.0,null],[104.28635,-4.49035,0.0,null],[104.28506,-4.48853,0.0,null],[104.28044,-4.48595,0.0,null],[104.28022,-4.48316,0.0,null],[104.27947,-4.48176,0.0,null]]],[[[105.33811,-3.72163,0.0,null],[105.33641,-3.71764,0.0,null],[105.33762,-3.71412,0.0,null],[105.32406,-3.70843,0.0,null],[105.30335,-3.71715,0.0,null],[105.30178,-3.71945,0.0,null],[105.30026,-3.72685,0.0,null],[105.27962,-3.74912,0.0,null],[105.27216,-3.75936,0.0,null],[105.26224,-3.77478,0.0,null],[105.25996,-3.7861,0.0,null],[105.25821,-3.79144,0.0,null],[105.25545,-3.78868,0.0,null],[105.25103,-3.78665,0.0,null],[105.23839,-3.81126,0.0,null],[105.24612,-3.81627,0.0,null],[105.23798,-3.82443,0.0,null],[105.23403,-3.8276,0.0,null],[105.22193,-3.85194,0.0,null],[105.20049,-3.87248,0.0,null],[105.18811,-3.88071,0.0,null],[105.15357,-3.91007,0.0,null],[105.13683,-3.9217,0.0,null],[105.11686,-3.93991,0.0,null],[105.1018,-3.95226,0.0,null],[105.09684,-3.96158,0.0,null],[105.1022,-3.96644,0.0,null],[105.10002,-3.9691,0.0,null],[105.10693,-3.97055,0.0,null],[105.10971,-3.96777,0.0,null],[105.11468,-3.96874,0.0,null],[105.12243,-3.96462,0.0,null],[105.13687,-3.97187,0.0,null],[105.13974,-3.96365,0.0,null],[105.13999,-3.96123,0.0,null],[105.13914,-3.95881,0.0,null],[105.13369,-3.95045,0.0,null],[105.13357,-3.94379,0.0,null],[105.13454,-3.94055,0.0,null],[105.14095,-3.93338,0.0,null],[105.14568,-3.93204,0.0,null],[105.14725,-3.93229,0.0,null],[105.15306,-3.93665,0.0,null],[105.15815,-3.93822,0.0,null],[105.1641,-3.93789,0.0,null],[105.16626,-3.93495,0.0,null],[105.1676,-3.9318,0.0,null],[105.1699,-3.91557,0.0,null],[105.17387,-3.9097,0.0,null],[105.17959,-3.90419,0.0,null],[105.19472,-3.8945,0.0,null],[105.20235,-3.89269,0.0,null],[105.20381,-3.89148,0.0,null],[105.21701,-3.8922,0.0,null],[105.22197,-3.89184,0.0,null],[105.225,-3.89099,0.0,null],[105.23057,-3.89099,0.0,null],[105.23263,-3.89184,0.0,null],[105.23457,-3.89353,0.0,null],[105.23662,-3.8985,0.0,null],[105.23699,-3.90395,0.0,null],[105.23893,-3.90758,0.0,null],[105.24135,-3.90964,0.0,null],[105.24486,-3.90988,0.0,null],[105.24801,-3.90894,0.0,null],[105.25515,-3.90237,0.0,null],[105.26271,-3.88876,0.0,null],[105.26675,-3.88495,0.0,null],[105.27287,-3.88172,0.0,null],[105.27622,-3.87791,0.0,null],[105.27901,-3.87246,0.0,null],[105.28437,-3.85724,0.0,null],[105.29124,-3.84776,0.0,null],[105.29173,-3.84497,0.0,null],[105.29136,-3.84146,0.0,null],[105.29015,-3.83934,0.0,null],[105.28519,-3.83365,0.0,null],[105.28216,-3.82687,0.0,null],[105.28216,-3.8167,0.0,null],[105.28337,-3.81246,0.0,null],[105.28336,-3.79987,0.0,null],[105.28397,-3.7978,0.0,null],[105.28591,-3.79441,0.0,null],[105.28688,-3.79393,0.0,null],[105.2933,-3.79466,0.0,null],[105.29802,-3.79429,0.0,null],[105.3002,-3.79332,0.0,null],[105.30417,-3.78899,0.0,null],[105.3065,-3.78146,0.0,null],[105.30771,-3.77504,0.0,null],[105.30686,-3.7622,0.0,null],[105.30746,-3.7535,0.0,null],[105.31346,-3.7408,0.0,null],[105.32067,-3.72866,0.0,null],[105.32466,-3.72502,0.0,null],[105.3329,-3.72163,0.0,null],[105.33811,-3.72163,0.0,null]]]]}},{"type":"Feature","properties":{"inventoryId":"big-forestry-hti:179","sector":"PBPH","subtype":"IUPHHK-HTI","quality":"OFFICIAL","sourceDataset":"big-forestry-hti","sourceRecordId":"179","source":"BIG Kebijakan Satu Peta","sourceUrl":"https://kspservices.big.go.id/satupeta/rest/services/PUBLIK/PERIZINAN_DAN_PERTANAHAN/MapServer/2","retrievedAt":"2026-08-24T04:22:31Z","geometryProcessing":"web display simplification tolerance 0.00035 degrees","name":"PT PERANAP TIMBER (DH. PTUNISERAYA)","permitNumber":"SK.119/Menhut-II/2014","permitDate":"2014-01-30","areaHa":33360.0,"provinceCode":"14","region":"sumatra"},"geometry":{"type":"Polygon","coordinates":[[[102.86791,0.66753,0.0,null],[102.86467,0.66648,0.0,null],[102.85658,0.6613,0.0,null],[102.84638,0.65702,0.0,null],[102.73285,0.64534,0.0,null],[102.71106,0.62476,0.0,null],[102.69187,0.6429,0.0,null],[102.56701,0.62909,0.0,null],[102.61934,0.60854,0.0,null],[102.64444,0.6007,0.0,null],[102.65037,0.60697,0.0,null],[102.66136,0.59895,0.0,null],[102.67065,0.59134,0.0,null],[102.91794,0.50082,0.0,null],[102.93335,0.53626,0.0,null],[102.86791,0.66753,0.0,null]]]}},{"type":"Feature","properties":{"inventoryId":"big-forestry-hti:206","sector":"PBPH","subtype":"IUPHHK-HTI","quality":"OFFICIAL","sourceDataset":"big-forestry-hti","sourceRecordId":"206","source":"BIG Kebijakan Satu Peta","sourceUrl":"https://kspservices.big.go.id/satupeta/rest/services/PUBLIK/PERIZINAN_DAN_PERTANAHAN/MapServer/2","retrievedAt":"2026-08-24T04:22:31Z","geometryProcessing":"web display simplification tolerance 0.00035 degrees","name":"PT PERAWANG SUKSES PERKASA","permitNumber":"SK.249/Kpts-II/1998","permitDate":"1998-02-27","areaHa":50725.0,"provinceCode":"14","region":"sumatra"},"geometry":{"type":"MultiPolygon","coordinates":[[[[101.1377,0.18689,0.0,null],[101.12951,0.1854,0.0,null],[101.12577,0.18311,0.0,null],[101.11797,0.1841,0.0,null],[101.11718,0.18529,0.0,null],[101.10623,0.18499,0.0,null],[101.08749,0.17645,0.0,null],[101.08828,0.16404,0.0,null],[101.08957,0.16314,0.0,null],[101.0945,0.16215,0.0,null],[101.08918,0.14815,0.0,null],[101.08879,0.11627,0.0,null],[101.0951,0.11021,0.0,null],[101.11991,0.08276,0.0,null],[101.14031,0.0612,0.0,null],[101.1551,0.04272,0.0,null],[101.15541,0.03788,0.0,null],[101.14931,0.02923,0.0,null],[101.14028,0.02221,0.0,null],[101.12527,0.01597,0.0,null],[101.10144,0.01137,0.0,null],[101.03703,0.01159,0.0,null],[101.03595,0.00885,0.0,null],[101.03043,0.00757,0.0,null],[101.02641,0.0081,0.0,null],[101.02296,0.00932,0.0,null],[101.01985,0.01134,0.0,null],[101.01117,0.01966,0.0,null],[101.00135,0.03294,0.0,null],[100.99569,0.05375,0.0,null],[100.97676,0.07193,0.0,null],[100.97415,0.07379,0.0,null],[100.96469,0.07401,0.0,null],[100.96164,0.07324,0.0,null],[100.95892,0.07324,0.0,null],[100.95349,0.07018,0.0,null],[100.94957,0.06525,0.0,null],[100.94935,0.05857,0.0,null],[100.95403,0.05211,0.0,null],[100.96676,0.04422,0.0,null],[100.97448,0.04061,0.0,null],[100.97611,0.03918,0.0,null],[100.98373,0.00984,0.0,null],[100.99189,0.01115,0.0,null],[101.01985,-0.0113,0.0,null],[101.02322,-0.01294,0.0,null],[101.02855,-0.01393,0.0,null],[101.05205,-0.0147,0.0,null],[101.0577,-0.01864,0.0,null],[101.0675,-0.01908,0.0,null],[101.07163,-0.02083,0.0,null],[101.07674,-0.02061,0.0,null],[101.09382,-0.02576,0.0,null],[101.11134,-0.02686,0.0,null],[101.11112,-0.01963,0.0,null],[101.11286,-0.01415,0.0,null],[101.11461,-0.01251,0.0,null],[101.11863,-0.01251,0.0,null],[101.12222,-0.01459,0.0,null],[101.12559,-0.01908,0.0,null],[101.12668,-0.01897,0.0,null],[101.12918,-0.01065,0.0,null],[101.13114,-0.00988,0.0,null],[101.13571,-0.00583,0.0,null],[101.17336,-0.01273,0.0,null],[101.17564,-0.01054,0.0,null],[101.1776,-0.00955,0.0,null],[101.1837,-0.00868,0.0,null],[101.18652,-0.00725,0.0,null],[101.18903,-0.00429,0.0,null],[101.18794,0.01411,0.0,null],[101.18642,0.0163,0.0,null],[101.1838,0.01564,0.0,null],[101.18293,0.01729,0.0,null],[101.18098,0.01816,0.0,null],[101.17999,0.01937,0.0,null],[101.17989,0.02189,0.0,null],[101.17738,0.02353,0.0,null],[101.17501,0.0242,0.0,null],[101.17227,0.02682,0.0,null],[101.17238,0.02901,0.0,null],[101.17532,0.03306,0.0,null],[101.17205,0.05343,0.0,null],[101.17129,0.05442,0.0,null],[101.16998,0.05387,0.0,null],[101.16433,0.04566,0.0,null],[101.1615,0.04675,0.0,null],[101.16215,0.05365,0.0,null],[101.16139,0.05497,0.0,null],[101.15758,0.05825,0.0,null],[101.16042,0.06263,0.0,null],[101.15937,0.06293,0.0,null],[101.15738,0.06474,0.0,null],[101.15551,0.06486,0.0,null],[101.15434,0.06555,0.0,null],[101.15452,0.06666,0.0,null],[101.15569,0.06647,0.0,null],[101.15472,0.06726,0.0,null],[101.1556,0.06822,0.0,null],[101.1544,0.07016,0.0,null],[101.15312,0.07066,0.0,null],[101.15246,0.07001,0.0,null],[101.1524,0.06867,0.0,null],[101.15158,0.06886,0.0,null],[101.15123,0.07086,0.0,null],[101.14975,0.07217,0.0,null],[101.14958,0.07157,0.0,null],[101.14884,0.07187,0.0,null],[101.14851,0.07321,0.0,null],[101.14745,0.07281,0.0,null],[101.14503,0.07554,0.0,null],[101.14485,0.07753,0.0,null],[101.14322,0.07884,0.0,null],[101.14387,0.08038,0.0,null],[101.14996,0.08386,0.0,null],[101.16243,0.08295,0.0,null],[101.16897,0.07789,0.0,null],[101.17156,0.07713,0.0,null],[101.17445,0.07728,0.0,null],[101.17642,0.08004,0.0,null],[101.19118,0.08127,0.0,null],[101.19133,0.08417,0.0,null],[101.20532,0.09183,0.0,null],[101.21566,0.09153,0.0,null],[101.2184,0.09428,0.0,null],[101.22417,0.10561,0.0,null],[101.22433,0.11878,0.0,null],[101.22204,0.12,0.0,null],[101.22083,0.12827,0.0,null],[101.219,0.12888,0.0,null],[101.21839,0.1422,0.0,null],[101.21703,0.14896,0.0,null],[101.2117,0.14688,0.0,null],[101.20746,0.14866,0.0,null],[101.2044,0.14926,0.0,null],[101.20292,0.15035,0.0,null],[101.20232,0.15373,0.0,null],[101.20075,0.15393,0.0,null],[101.19641,0.15611,0.0,null],[101.19443,0.1581,0.0,null],[101.19404,0.15919,0.0,null],[101.18989,0.16257,0.0,null],[101.18496,0.16525,0.0,null],[101.18338,0.16773,0.0,null],[101.17766,0.1723,0.0,null],[101.17598,0.17091,0.0,null],[101.1748,0.1713,0.0,null],[101.16986,0.17468,0.0,null],[101.16848,0.17458,0.0,null],[101.16671,0.17647,0.0,null],[101.16444,0.17706,0.0,null],[101.16473,0.17885,0.0,null],[101.16434,0.17954,0.0,null],[101.16276,0.17984,0.0,null],[101.16118,0.17994,0.0,null],[101.16089,0.17925,0.0,null],[101.16138,0.17776,0.0,null],[101.16059,0.17607,0.0,null],[101.1597,0.17567,0.0,null],[101.15891,0.17627,0.0,null],[101.15881,0.17736,0.0,null],[101.15714,0.17835,0.0,null],[101.15694,0.17934,0.0,null],[101.14579,0.18242,0.0,null],[101.1377,0.18689,0.0,null]]],[[[100.96769,0.58653,0.0,null],[100.96781,0.58832,0.0,null],[100.96639,0.58975,0.0,null],[100.96567,0.58963,0.0,null],[100.9665,0.5876,0.0,null],[100.96603,0.5863,0.0,null],[100.96401,0.5863,0.0,null],[100.96317,0.58868,0.0,null],[100.96103,0.58915,0.0,null],[100.96103,0.58725,0.0,null],[100.95865,0.58487,0.0,null],[100.96008,0.58237,0.0,null],[100.95984,0.58142,0.0,null],[100.9577,0.58237,0.0,null],[100.95711,0.58392,0.0,null],[100.95567,0.58427,0.0,null],[100.95461,0.58392,0.0,null],[100.95448,0.58285,0.0,null],[100.95354,0.58213,0.0,null],[100.95258,0.58249,0.0,null],[100.95199,0.58475,0.0,null],[100.94759,0.58392,0.0,null],[100.94735,0.58285,0.0,null],[100.94795,0.58118,0.0,null],[100.94735,0.58023,0.0,null],[100.94569,0.57963,0.0,null],[100.9442,0.57666,0.0,null],[100.94563,0.5744,0.0,null],[100.94563,0.57333,0.0,null],[100.94467,0.57238,0.0,null],[100.94241,0.57357,0.0,null],[100.93932,0.57321,0.0,null],[100.93801,0.56952,0.0,null],[100.93718,0.56905,0.0,null],[100.93563,0.57702,0.0,null],[100.93408,0.57832,0.0,null],[100.93028,0.57214,0.0,null],[100.92611,0.57666,0.0,null],[100.92338,0.57761,0.0,null],[100.92171,0.5807,0.0,null],[100.92004,0.58237,0.0,null],[100.91945,0.58213,0.0,null],[100.91945,0.58094,0.0,null],[100.9185,0.58035,0.0,null],[100.91696,0.57522,0.0,null],[100.90599,0.57736,0.0,null],[100.90044,0.57659,0.0,null],[100.89811,0.57427,0.0,null],[100.89582,0.56777,0.0,null],[100.895,0.56697,0.0,null],[100.88689,0.56478,0.0,null],[100.88053,0.56177,0.0,null],[100.87837,0.56122,0.0,null],[100.87327,0.56212,0.0,null],[100.87283,0.56144,0.0,null],[100.86787,0.55981,0.0,null],[100.86296,0.56456,0.0,null],[100.86119,0.55351,0.0,null],[100.856,0.55464,0.0,null],[100.85505,0.55618,0.0,null],[100.85425,0.56188,0.0,null],[100.84933,0.56406,0.0,null],[100.84851,0.56503,0.0,null],[100.8484,0.56681,0.0,null],[100.84931,0.56811,0.0,null],[100.85314,0.5703,0.0,null],[100.85891,0.57538,0.0,null],[100.85846,0.57789,0.0,null],[100.85539,0.58351,0.0,null],[100.85346,0.58472,0.0,null],[100.85181,0.58483,0.0,null],[100.84889,0.58383,0.0,null],[100.8474,0.58146,0.0,null],[100.84572,0.57696,0.0,null],[100.8417,0.57626,0.0,null],[100.84058,0.56743,0.0,null],[100.83625,0.56451,0.0,null],[100.83596,0.55165,0.0,null],[100.84068,0.54852,0.0,null],[100.84155,0.54033,0.0,null],[100.8435,0.53792,0.0,null],[100.84481,0.53742,0.0,null],[100.84757,0.53751,0.0,null],[100.84805,0.53618,0.0,null],[100.84888,0.53606,0.0,null],[100.85042,0.53787,0.0,null],[100.85137,0.53618,0.0,null],[100.85125,0.53558,0.0,null],[100.85018,0.53534,0.0,null],[100.85005,0.53414,0.0,null],[100.85112,0.53365,0.0,null],[100.85148,0.53413,0.0,null],[100.85397,0.53425,0.0,null],[100.85374,0.53329,0.0,null],[100.85421,0.53244,0.0,null],[100.85516,0.53232,0.0,null],[100.856,0.53268,0.0,null],[100.85635,0.53425,0.0,null],[100.85778,0.53388,0.0,null],[100.85802,0.53448,0.0,null],[100.85695,0.53521,0.0,null],[100.85683,0.53617,0.0,null],[100.8579,0.53641,0.0,null],[100.8598,0.53376,0.0,null],[100.86158,0.53424,0.0,null],[100.86146,0.53304,0.0,null],[100.86223,0.53147,0.0,null],[100.86294,0.53123,0.0,null],[100.86317,0.53002,0.0,null],[100.8627,0.52762,0.0,null],[100.86128,0.5269,0.0,null],[100.8602,0.52461,0.0,null],[100.86067,0.52353,0.0,null],[100.86008,0.52305,0.0,null],[100.86078,0.5192,0.0,null],[100.86221,0.52004,0.0,null],[100.86233,0.51931,0.0,null],[100.86233,0.51847,0.0,null],[100.86114,0.51775,0.0,null],[100.8615,0.51667,0.0,null],[100.86221,0.51667,0.0,null],[100.86243,0.51498,0.0,null],[100.86101,0.51534,0.0,null],[100.86065,0.5139,0.0,null],[100.86303,0.51414,0.0,null],[100.86303,0.5133,0.0,null],[100.86208,0.51294,0.0,null],[100.86137,0.51161,0.0,null],[100.85851,0.51005,0.0,null],[100.85874,0.50897,0.0,null],[100.8547,0.5044,0.0,null],[100.85505,0.5038,0.0,null],[100.85458,0.50236,0.0,null],[100.85695,0.50031,0.0,null],[100.85694,0.49874,0.0,null],[100.85558,0.49694,0.0,null],[100.85332,0.49622,0.0,null],[100.85284,0.49538,0.0,null],[100.85332,0.49453,0.0,null],[100.85212,0.49285,0.0,null],[100.85342,0.49092,0.0,null],[100.85319,0.48984,0.0,null],[100.85283,0.48948,0.0,null],[100.852,0.4902,0.0,null],[100.85092,0.48696,0.0,null],[100.85045,0.48696,0.0,null],[100.84926,0.48467,0.0,null],[100.84973,0.48371,0.0,null],[100.85199,0.48322,0.0,null],[100.85294,0.48178,0.0,null],[100.85198,0.47973,0.0,null],[100.85056,0.47998,0.0,null],[100.85127,0.47865,0.0,null],[100.85,0.47757,0.0,null],[100.85059,0.46688,0.0,null],[100.84971,0.45888,0.0,null],[100.85045,0.45825,0.0,null],[100.85813,0.4588,0.0,null],[100.86172,0.45711,0.0,null],[100.8633,0.4544,0.0,null],[100.86448,0.44932,0.0,null],[100.86531,0.4429,0.0,null],[100.86518,0.43884,0.0,null],[100.86903,0.43447,0.0,null],[100.87161,0.4333,0.0,null],[100.87529,0.43335,0.0,null],[100.87655,0.4464,0.0,null],[100.87759,0.44962,0.0,null],[100.888,0.44989,0.0,null],[100.88863,0.45437,0.0,null],[100.89081,0.45721,0.0,null],[100.89444,0.4581,0.0,null],[100.92638,0.45974,0.0,null],[100.93405,0.4612,0.0,null],[100.93947,0.46072,0.0,null],[100.94542,0.46119,0.0,null],[100.94637,0.46171,0.0,null],[100.94881,0.46492,0.0,null],[100.94996,0.4675,0.0,null],[100.95033,0.47019,0.0,null],[100.95281,0.47527,0.0,null],[100.95459,0.47707,0.0,null],[100.95705,0.47686,0.0,null],[100.9586,0.4741,0.0,null],[100.95837,0.46812,0.0,null],[100.95677,0.46133,0.0,null],[100.95738,0.45819,0.0,null],[100.95955,0.45633,0.0,null],[100.96588,0.45532,0.0,null],[100.96806,0.45667,0.0,null],[100.96937,0.45855,0.0,null],[100.97043,0.46635,0.0,null],[100.97103,0.46799,0.0,null],[100.97258,0.46981,0.0,null],[100.98541,0.47615,0.0,null],[100.9874,0.47505,0.0,null],[100.99016,0.47121,0.0,null],[101.00701,0.49095,0.0,null],[101.00811,0.49356,0.0,null],[101.00792,0.49483,0.0,null],[101.00381,0.50655,0.0,null],[101.00103,0.50929,0.0,null],[101.00122,0.50993,0.0,null],[101.00925,0.51443,0.0,null],[101.01797,0.51728,0.0,null],[101.02427,0.5215,0.0,null],[101.02649,0.52554,0.0,null],[101.02667,0.53012,0.0,null],[101.0254,0.53544,0.0,null],[101.02467,0.54188,0.0,null],[101.0183,0.55876,0.0,null],[101.01795,0.56438,0.0,null],[101.01749,0.56357,0.0,null],[101.01594,0.56286,0.0,null],[101.01546,0.56393,0.0,null],[101.01605,0.56536,0.0,null],[101.01368,0.56655,0.0,null],[101.0088,0.56381,0.0,null],[101.0082,0.56476,0.0,null],[101.00928,0.56607,0.0,null],[101.00916,0.56714,0.0,null],[101.00559,0.56869,0.0,null],[101.00535,0.56988,0.0,null],[101.00594,0.57047,0.0,null],[101.00761,0.57059,0.0,null],[101.00975,0.57226,0.0,null],[101.00975,0.57523,0.0,null],[101.00856,0.57583,0.0,null],[101.00725,0.57357,0.0,null],[101.00607,0.57369,0.0,null],[101.00571,0.57511,0.0,null],[101.0044,0.57654,0.0,null],[101.00475,0.57749,0.0,null],[101.00701,0.57904,0.0,null],[101.00761,0.58023,0.0,null],[101.0069,0.58118,0.0,null],[101.00523,0.5813,0.0,null],[101.00463,0.57963,0.0,null],[101.00333,0.5788,0.0,null],[101.00214,0.57999,0.0,null],[101.0038,0.58178,0.0,null],[101.00309,0.58237,0.0,null],[101.00201,0.58201,0.0,null],[101.00011,0.58332,0.0,null],[100.99916,0.58332,0.0,null],[100.99583,0.58225,0.0,null],[100.99476,0.58261,0.0,null],[100.9944,0.58415,0.0,null],[100.9931,0.58463,0.0,null],[100.99143,0.58213,0.0,null],[100.99184,0.57999,0.0,null],[100.99089,0.57987,0.0,null],[100.9897,0.58047,0.0,null],[100.98614,0.58059,0.0,null],[100.98435,0.58166,0.0,null],[100.98483,0.58249,0.0,null],[100.98435,0.58308,0.0,null],[100.9834,0.58285,0.0,null],[100.98268,0.5838,0.0,null],[100.98257,0.58582,0.0,null],[100.98138,0.5857,0.0,null],[100.97971,0.58404,0.0,null],[100.9784,0.58368,0.0,null],[100.97721,0.58475,0.0,null],[100.97626,0.58451,0.0,null],[100.97614,0.58213,0.0,null],[100.97447,0.58296,0.0,null],[100.97447,0.58487,0.0,null],[100.97388,0.58582,0.0,null],[100.97305,0.58594,0.0,null],[100.97245,0.58511,0.0,null],[100.97317,0.58427,0.0,null],[100.97245,0.58261,0.0,null],[100.97115,0.5832,0.0,null],[100.97126,0.58451,0.0,null],[100.97067,0.58534,0.0,null],[100.96924,0.58558,0.0,null],[100.96924,0.58356,0.0,null],[100.96864,0.58332,0.0,null],[100.96615,0.58392,0.0,null],[100.96591,0.58487,0.0,null],[100.96769,0.58653,0.0,null]]],[[[101.02377,-0.03051,0.0,null],[101.00535,-0.01576,0.0,null],[101.00443,-0.0213,0.0,null],[100.99178,-0.04363,0.0,null],[100.98848,-0.05211,0.0,null],[100.99087,-0.05728,0.0,null],[101.00681,-0.0761,0.0,null],[101.01543,-0.08183,0.0,null],[101.02349,-0.09068,0.0,null],[101.02541,-0.08879,0.0,null],[101.03394,-0.08464,0.0,null],[101.03686,-0.08505,0.0,null],[101.03977,-0.08798,0.0,null],[101.04328,-0.09021,0.0,null],[101.047,-0.08859,0.0,null],[101.05151,-0.0892,0.0,null],[101.05372,-0.09021,0.0,null],[101.05684,-0.08869,0.0,null],[101.06236,-0.08798,0.0,null],[101.0712,-0.08819,0.0,null],[101.07471,-0.0895,0.0,null],[101.07581,-0.08859,0.0,null],[101.07863,-0.089,0.0,null],[101.07982,-0.09091,0.0,null],[101.08254,-0.09264,0.0,null],[101.08515,-0.09243,0.0,null],[101.09268,-0.09628,0.0,null],[101.09449,-0.09527,0.0,null],[101.0963,-0.09537,0.0,null],[101.09736,-0.09623,0.0,null],[101.09847,-0.08792,0.0,null],[101.09572,-0.0787,0.0,null],[101.09297,-0.06559,0.0,null],[101.09169,-0.05415,0.0,null],[101.09196,-0.04955,0.0,null],[101.09768,-0.04114,0.0,null],[101.07319,-0.03331,0.0,null],[101.06967,-0.03464,0.0,null],[101.06806,-0.03612,0.0,null],[101.06175,-0.03641,0.0,null],[101.05515,-0.03065,0.0,null],[101.03339,-0.03108,0.0,null],[101.02377,-0.03051,0.0,null]]]]}},{"type":"Feature","properties":{"inventoryId":"big-forestry-hti:177","sector":"PBPH","subtype":"IUPHHK-HTI","quality":"OFFICIAL","sourceDataset":"big-forestry-hti","sourceRecordId":"177","source":"BIG Kebijakan Satu Peta","sourceUrl":"https://kspservices.big.go.id/satupeta/rest/services/PUBLIK/PERIZINAN_DAN_PERTANAHAN/MapServer/2","retrievedAt":"2026-08-24T04:22:31Z","geometryProcessing":"web display simplification tolerance 0.00035 degrees","name":"PT PERKASA BARU","permitNumber":"SK.75/Menhut-II/2007","permitDate":"2007-02-23","areaHa":13170.0,"provinceCode":"14","region":"sumatra"},"geometry":{"type":"MultiPolygon","coordinates":[[[[102.93939,0.99999,0.0,null],[102.93078,1.00557,0.0,null],[102.92759,1.00874,0.0,null],[102.92386,1.01003,0.0,null],[102.91862,1.01076,0.0,null],[102.91358,1.01075,0.0,null],[102.89294,0.98248,0.0,null],[102.93108,0.93815,0.0,null],[102.97039,0.91119,0.0,null],[102.995,0.8952,0.0,null],[103.05752,0.853,0.0,null],[103.05298,0.8711,0.0,null],[103.01954,0.90294,0.0,null],[103.01504,0.90647,0.0,null],[103.01018,0.90926,0.0,null],[103.00383,0.91036,0.0,null],[102.99767,0.90884,0.0,null],[102.99579,0.91071,0.0,null],[102.98701,0.91124,0.0,null],[102.97783,0.92074,0.0,null],[102.98463,0.92823,0.0,null],[102.97898,0.94166,0.0,null],[102.97655,0.94165,0.0,null],[102.98456,0.94896,0.0,null],[103.02513,0.93564,0.0,null],[103.00769,0.96005,0.0,null],[102.93939,0.99999,0.0,null]]],[[[102.55545,0.90952,0.0,null],[102.56476,0.91912,0.0,null],[102.53603,0.93646,0.0,null],[102.49005,0.92168,0.0,null],[102.48917,0.9037,0.0,null],[102.53472,0.89521,0.0,null],[102.54805,0.88918,0.0,null],[102.55545,0.90952,0.0,null]]],[[[102.9126,1.02699,0.0,null],[102.91501,1.03167,0.0,null],[102.91722,1.03989,0.0,null],[102.91777,1.04457,0.0,null],[102.89571,1.05122,0.0,null],[102.87111,1.03377,0.0,null],[102.86781,1.01322,0.0,null],[102.87063,1.00725,0.0,null],[102.8781,1.00727,0.0,null],[102.88188,1.0082,0.0,null],[102.88119,1.0088,0.0,null],[102.88803,1.01192,0.0,null],[102.90234,1.02564,0.0,null],[102.90457,1.02577,0.0,null],[102.90974,1.02399,0.0,null],[102.9126,1.02699,0.0,null]]]]}},{"type":"Feature","properties":{"inventoryId":"big-forestry-hti:166","sector":"PBPH","subtype":"IUPHHK-HTI","quality":"OFFICIAL","sourceDataset":"big-forestry-hti","sourceRecordId":"166","source":"BIG Kebijakan Satu Peta","sourceUrl":"https://kspservices.big.go.id/satupeta/rest/services/PUBLIK/PERIZINAN_DAN_PERTANAHAN/MapServer/2","retrievedAt":"2026-08-24T04:22:31Z","geometryProcessing":"web display simplification tolerance 0.00035 degrees","name":"PT PUTRA LIKA PERKASA","permitNumber":"SK.1653/KPTS-II/2001","permitDate":"2001-03-11","areaHa":7581.0,"provinceCode":"12","region":"sumatra"},"geometry":{"type":"MultiPolygon","coordinates":[[[[100.02166,1.72522,0.0,null],[100.02148,1.72607,0.0,null],[100.02225,1.72672,0.0,null],[100.02136,1.72714,0.0,null],[100.02064,1.72509,0.0,null],[100.02003,1.72619,0.0,null],[100.01867,1.72698,0.0,null],[100.01739,1.72585,0.0,null],[100.01634,1.72593,0.0,null],[100.0169,1.72429,0.0,null],[100.0165,1.72374,0.0,null],[100.01503,1.72455,0.0,null],[100.01378,1.72422,0.0,null],[100.01326,1.72015,0.0,null],[100.01131,1.71789,0.0,null],[100.01141,1.717,0.0,null],[100.00899,1.71563,0.0,null],[100.00445,1.71138,0.0,null],[100.00399,1.71117,0.0,null],[100.00029,1.71301,0.0,null],[99.99944,1.71096,0.0,null],[99.99885,1.71239,0.0,null],[99.99785,1.71173,0.0,null],[99.99664,1.71222,0.0,null],[99.99494,1.71133,0.0,null],[99.99161,1.7112,0.0,null],[99.98977,1.70942,0.0,null],[99.98937,1.70705,0.0,null],[99.98725,1.70662,0.0,null],[99.98678,1.70591,0.0,null],[99.98572,1.70626,0.0,null],[99.98512,1.70744,0.0,null],[99.9836,1.70637,0.0,null],[99.98132,1.70932,0.0,null],[99.98002,1.70602,0.0,null],[99.97844,1.70681,0.0,null],[99.97834,1.70775,0.0,null],[99.97963,1.70863,0.0,null],[99.97905,1.7093,0.0,null],[99.97511,1.70849,0.0,null],[99.97306,1.70718,0.0,null],[99.97015,1.70943,0.0,null],[99.96985,1.71066,0.0,null],[99.96674,1.71067,0.0,null],[99.96517,1.70901,0.0,null],[99.96529,1.70995,0.0,null],[99.96444,1.7099,0.0,null],[99.963,1.70879,0.0,null],[99.96286,1.70771,0.0,null],[99.96178,1.70723,0.0,null],[99.96086,1.70754,0.0,null],[99.96025,1.70818,0.0,null],[99.96076,1.70936,0.0,null],[99.96015,1.71096,0.0,null],[99.96093,1.71202,0.0,null],[99.96045,1.71318,0.0,null],[99.95932,1.71247,0.0,null],[99.95947,1.71316,0.0,null],[99.95893,1.71349,0.0,null],[99.95976,1.71446,0.0,null],[99.95966,1.71509,0.0,null],[99.95906,1.71589,0.0,null],[99.95861,1.71556,0.0,null],[99.9577,1.71723,0.0,null],[99.95577,1.71762,0.0,null],[99.95477,1.71558,0.0,null],[99.95382,1.71614,0.0,null],[99.95453,1.71658,0.0,null],[99.95366,1.71748,0.0,null],[99.95159,1.71589,0.0,null],[99.9498,1.71377,0.0,null],[99.95067,1.71272,0.0,null],[99.94984,1.71252,0.0,null],[99.95047,1.7115,0.0,null],[99.94976,1.7112,0.0,null],[99.94876,1.71362,0.0,null],[99.9471,1.714,0.0,null],[99.94585,1.71365,0.0,null],[99.94326,1.71732,0.0,null],[99.93025,1.71429,0.0,null],[99.93064,1.71321,0.0,null],[99.93505,1.70807,0.0,null],[99.93431,1.70753,0.0,null],[99.92486,1.70578,0.0,null],[99.92616,1.70512,0.0,null],[99.9249,1.70211,0.0,null],[99.92372,1.70282,0.0,null],[99.92437,1.7039,0.0,null],[99.92436,1.70566,0.0,null],[99.92119,1.70448,0.0,null],[99.92228,1.70378,0.0,null],[99.92217,1.70161,0.0,null],[99.92967,1.68996,0.0,null],[99.93469,1.68065,0.0,null],[99.93695,1.68008,0.0,null],[99.93767,1.67716,0.0,null],[99.94509,1.66523,0.0,null],[99.94716,1.66368,0.0,null],[99.94946,1.66392,0.0,null],[99.95026,1.65963,0.0,null],[99.94937,1.65693,0.0,null],[99.94959,1.65596,0.0,null],[99.94918,1.65505,0.0,null],[99.94827,1.65495,0.0,null],[99.9479,1.65434,0.0,null],[99.94981,1.65272,0.0,null],[99.95051,1.6496,0.0,null],[99.95613,1.64363,0.0,null],[99.96151,1.63631,0.0,null],[99.96463,1.63558,0.0,null],[99.96633,1.63763,0.0,null],[99.96709,1.63782,0.0,null],[99.96836,1.63683,0.0,null],[99.97299,1.63561,0.0,null],[99.97957,1.63699,0.0,null],[99.9875,1.63734,0.0,null],[99.98898,1.63676,0.0,null],[99.99306,1.63887,0.0,null],[99.99786,1.64588,0.0,null],[100.00125,1.64947,0.0,null],[100.0015,1.65021,0.0,null],[100.00049,1.65247,0.0,null],[100.00233,1.65385,0.0,null],[100.00294,1.65692,0.0,null],[100.00628,1.65954,0.0,null],[100.01025,1.66623,0.0,null],[100.02127,1.67437,0.0,null],[100.02377,1.67702,0.0,null],[100.02374,1.67823,0.0,null],[100.02535,1.67924,0.0,null],[100.02599,1.68099,0.0,null],[100.02533,1.68093,0.0,null],[100.02481,1.68162,0.0,null],[100.02506,1.68607,0.0,null],[100.02429,1.69036,0.0,null],[100.02327,1.6923,0.0,null],[100.02359,1.69393,0.0,null],[100.02164,1.69528,0.0,null],[100.02192,1.69921,0.0,null],[100.02293,1.69978,0.0,null],[100.02437,1.69944,0.0,null],[100.0247,1.70047,0.0,null],[100.02336,1.7016,0.0,null],[100.0234,1.70298,0.0,null],[100.02239,1.70264,0.0,null],[100.02208,1.70301,0.0,null],[100.02376,1.70421,0.0,null],[100.02356,1.70505,0.0,null],[100.02251,1.70504,0.0,null],[100.02149,1.70616,0.0,null],[100.02153,1.7081,0.0,null],[100.02054,1.71092,0.0,null],[100.02053,1.71189,0.0,null],[100.02207,1.7121,0.0,null],[100.02266,1.71427,0.0,null],[100.02173,1.71415,0.0,null],[100.02174,1.71596,0.0,null],[100.01737,1.71668,0.0,null],[100.02055,1.71839,0.0,null],[100.0232,1.71809,0.0,null],[100.02423,1.71888,0.0,null],[100.02444,1.71984,0.0,null],[100.02333,1.71991,0.0,null],[100.02113,1.72218,0.0,null],[100.01874,1.71991,0.0,null],[100.01752,1.72024,0.0,null],[100.01787,1.72104,0.0,null],[100.01708,1.72123,0.0,null],[100.01808,1.72332,0.0,null],[100.02114,1.72324,0.0,null],[100.02166,1.72522,0.0,null]]],[[[99.82322,1.76241,0.0,null],[99.82212,1.7628,0.0,null],[99.81753,1.76203,0.0,null],[99.81576,1.7623,0.0,null],[99.81598,1.76058,0.0,null],[99.81554,1.75997,0.0,null],[99.81421,1.75936,0.0,null],[99.8131,1.75986,0.0,null],[99.81211,1.75741,0.0,null],[99.81122,1.75752,0.0,null],[99.80896,1.75931,0.0,null],[99.8073,1.75931,0.0,null],[99.80702,1.75697,0.0,null],[99.81525,1.74873,0.0,null],[99.81713,1.74745,0.0,null],[99.8225,1.74578,0.0,null],[99.82277,1.74495,0.0,null],[99.82625,1.74339,0.0,null],[99.82631,1.74188,0.0,null],[99.82841,1.7381,0.0,null],[99.82902,1.73821,0.0,null],[99.82891,1.73955,0.0,null],[99.82985,1.74032,0.0,null],[99.83057,1.73993,0.0,null],[99.83056,1.73821,0.0,null],[99.83228,1.73849,0.0,null],[99.83421,1.73782,0.0,null],[99.83559,1.73225,0.0,null],[99.83653,1.73181,0.0,null],[99.83792,1.73337,0.0,null],[99.83968,1.73214,0.0,null],[99.8409,1.73409,0.0,null],[99.84179,1.73381,0.0,null],[99.84217,1.73197,0.0,null],[99.84494,1.73153,0.0,null],[99.84798,1.73375,0.0,null],[99.84853,1.73242,0.0,null],[99.84969,1.73197,0.0,null],[99.84958,1.73058,0.0,null],[99.85046,1.72963,0.0,null],[99.85185,1.72902,0.0,null],[99.85682,1.72913,0.0,null],[99.8592,1.72852,0.0,null],[99.86163,1.72707,0.0,null],[99.86534,1.72918,0.0,null],[99.8676,1.72784,0.0,null],[99.87369,1.72929,0.0,null],[99.87651,1.7289,0.0,null],[99.87584,1.73085,0.0,null],[99.87745,1.73285,0.0,null],[99.8769,1.73535,0.0,null],[99.88148,1.7339,0.0,null],[99.88679,1.7334,0.0,null],[99.88884,1.73251,0.0,null],[99.8895,1.7314,0.0,null],[99.8916,1.73117,0.0,null],[99.89232,1.73045,0.0,null],[99.8932,1.73089,0.0,null],[99.89354,1.73251,0.0,null],[99.89519,1.73206,0.0,null],[99.89465,1.74118,0.0,null],[99.88967,1.74931,0.0,null],[99.88637,1.75101,0.0,null],[99.88393,1.75357,0.0,null],[99.88084,1.75441,0.0,null],[99.8753,1.75354,0.0,null],[99.87082,1.75405,0.0,null],[99.8695,1.75572,0.0,null],[99.86662,1.75772,0.0,null],[99.85927,1.75956,0.0,null],[99.85728,1.76095,0.0,null],[99.85429,1.76056,0.0,null],[99.85087,1.7614,0.0,null],[99.85053,1.76012,0.0,null],[99.85164,1.75767,0.0,null],[99.85037,1.7565,0.0,null],[99.84948,1.75651,0.0,null],[99.84948,1.75767,0.0,null],[99.84749,1.75818,0.0,null],[99.84887,1.76029,0.0,null],[99.84915,1.76123,0.0,null],[99.84871,1.76146,0.0,null],[99.84407,1.76168,0.0,null],[99.83953,1.7579,0.0,null],[99.83599,1.75918,0.0,null],[99.83052,1.75846,0.0,null],[99.82869,1.75907,0.0,null],[99.82632,1.75857,0.0,null],[99.82521,1.75935,0.0,null],[99.82322,1.76241,0.0,null]]],[[[100.02255,1.80689,0.0,null],[100.01835,1.80306,0.0,null],[100.01763,1.79956,0.0,null],[100.01826,1.79868,0.0,null],[100.01826,1.79743,0.0,null],[100.01726,1.7969,0.0,null],[100.01611,1.79753,0.0,null],[100.01302,1.78958,0.0,null],[100.01019,1.78886,0.0,null],[100.00939,1.78756,0.0,null],[100.00796,1.78829,0.0,null],[100.00657,1.78657,0.0,null],[100.004,1.78693,0.0,null],[100.0028,1.78502,0.0,null],[100.00252,1.78207,0.0,null],[100.00139,1.78033,0.0,null],[100.00335,1.77504,0.0,null],[100.01009,1.77509,0.0,null],[100.01079,1.77807,0.0,null],[100.012,1.77721,0.0,null],[100.01503,1.77664,0.0,null],[100.01864,1.77816,0.0,null],[100.02025,1.77942,0.0,null],[100.02172,1.7821,0.0,null],[100.02433,1.7844,0.0,null],[100.02637,1.78719,0.0,null],[100.02724,1.78999,0.0,null],[100.02987,1.79438,0.0,null],[100.02949,1.7964,0.0,null],[100.03074,1.79921,0.0,null],[100.02768,1.80306,0.0,null],[100.02431,1.80276,0.0,null],[100.02397,1.80667,0.0,null],[100.02255,1.80689,0.0,null]]],[[[100.01333,1.81588,0.0,null],[100.01231,1.81687,0.0,null],[100.00955,1.81762,0.0,null],[100.00808,1.81956,0.0,null],[100.00702,1.81981,0.0,null],[100.00601,1.81888,0.0,null],[100.00838,1.80783,0.0,null],[100.00928,1.80606,0.0,null],[100.01351,1.80717,0.0,null],[100.01547,1.80691,0.0,null],[100.01634,1.80933,0.0,null],[100.0176,1.80874,0.0,null],[100.01913,1.80893,0.0,null],[100.01917,1.81065,0.0,null],[100.01815,1.81195,0.0,null],[100.01333,1.81588,0.0,null]]]]}},{"type":"Feature","properties":{"inventoryId":"big-forestry-hti:185","sector":"PBPH","subtype":"IUPHHK-HTI","quality":"OFFICIAL","sourceDataset":"big-forestry-hti","sourceRecordId":"185","source":"BIG Kebijakan Satu Peta","sourceUrl":"https://kspservices.big.go.id/satupeta/rest/services/PUBLIK/PERIZINAN_DAN_PERTANAHAN/MapServer/2","retrievedAt":"2026-08-24T04:22:31Z","geometryProcessing":"web display simplification tolerance 0.00035 degrees","name":"PT PUTRA RIAU PERKASA","permitNumber":"SK.104/Menhut-II/2006","permitDate":"2006-04-11","areaHa":15640.0,"provinceCode":"14","region":"sumatra"},"geometry":{"type":"Polygon","coordinates":[[[102.61434,0.59354,0.0,null],[102.61934,0.60854,0.0,null],[102.56701,0.62909,0.0,null],[102.36879,0.60727,0.0,null],[102.47732,0.56452,0.0,null],[102.59102,0.52359,0.0,null],[102.61434,0.59354,0.0,null]]]}},{"type":"Feature","properties":{"inventoryId":"big-forestry-hti:164","sector":"PBPH","subtype":"IUPHHK-HTI","quality":"OFFICIAL","sourceDataset":"big-forestry-hti","sourceRecordId":"164","source":"BIG Kebijakan Satu Peta","sourceUrl":"https://kspservices.big.go.id/satupeta/rest/services/PUBLIK/PERIZINAN_DAN_PERTANAHAN/MapServer/2","retrievedAt":"2026-08-24T04:22:31Z","geometryProcessing":"web display simplification tolerance 0.00035 degrees","name":"PT RENCONG PULP & PAPER INDUSTRY","permitNumber":"522.51/411/2012","permitDate":"2012-05-04","areaHa":10384.0,"provinceCode":"11","region":"sumatra"},"geometry":{"type":"Polygon","coordinates":[[[96.91137,4.94936,0.0,null],[96.90963,4.94806,0.0,null],[96.90124,4.93456,0.0,null],[96.88567,4.91888,0.0,null],[96.88252,4.91082,0.0,null],[96.88415,4.90886,0.0,null],[96.8909,4.90745,0.0,null],[96.89221,4.90592,0.0,null],[96.8921,4.90494,0.0,null],[96.89112,4.90266,0.0,null],[96.88905,4.90135,0.0,null],[96.88295,4.90081,0.0,null],[96.87588,4.88916,0.0,null],[96.87392,4.88067,0.0,null],[96.87272,4.87871,0.0,null],[96.87011,4.87805,0.0,null],[96.86368,4.886,0.0,null],[96.85889,4.88959,0.0,null],[96.85062,4.8934,0.0,null],[96.84104,4.90157,0.0,null],[96.83309,4.90407,0.0,null],[96.85214,4.88306,0.0,null],[96.85824,4.8786,0.0,null],[96.86255,4.87637,0.0,null],[96.87228,4.87435,0.0,null],[96.88361,4.87446,0.0,null],[96.87631,4.88001,0.0,null],[96.87697,4.8823,0.0,null],[96.87729,4.8884,0.0,null],[96.88078,4.89177,0.0,null],[96.8811,4.89471,0.0,null],[96.88284,4.89754,0.0,null],[96.8847,4.89841,0.0,null],[96.89123,4.89819,0.0,null],[96.89264,4.90004,0.0,null],[96.90625,4.89896,0.0,null],[96.92019,4.90756,0.0,null],[96.92421,4.92628,0.0,null],[96.9314,4.92552,0.0,null],[96.92759,4.90483,0.0,null],[96.92988,4.9007,0.0,null],[96.92334,4.89591,0.0,null],[96.93488,4.89319,0.0,null],[96.93456,4.88546,0.0,null],[96.93771,4.88197,0.0,null],[96.93771,4.87871,0.0,null],[96.93478,4.87217,0.0,null],[96.93478,4.86934,0.0,null],[96.93162,4.86815,0.0,null],[96.94491,4.86355,0.0,null],[96.93891,4.87446,0.0,null],[96.9388,4.88067,0.0,null],[96.94272,4.88742,0.0,null],[96.94512,4.88905,0.0,null],[96.95165,4.897,0.0,null],[96.956,4.89928,0.0,null],[96.96384,4.90179,0.0,null],[96.96798,4.90168,0.0,null],[96.97016,4.90015,0.0,null],[96.97331,4.88992,0.0,null],[96.97517,4.87718,0.0,null],[96.97538,4.86967,0.0,null],[96.97854,4.87076,0.0,null],[96.98529,4.8713,0.0,null],[96.99258,4.87392,0.0,null],[96.99727,4.87882,0.0,null],[97.00021,4.87979,0.0,null],[97.00489,4.87969,0.0,null],[97.00598,4.88012,0.0,null],[97.00761,4.88197,0.0,null],[97.01316,4.90723,0.0,null],[97.01817,4.91071,0.0,null],[97.02339,4.91224,0.0,null],[97.02721,4.91224,0.0,null],[97.02971,4.91627,0.0,null],[97.02731,4.9228,0.0,null],[97.02557,4.9253,0.0,null],[97.02263,4.92269,0.0,null],[97.01915,4.92215,0.0,null],[97.01708,4.91594,0.0,null],[97.01545,4.91344,0.0,null],[97.01022,4.90832,0.0,null],[97.00565,4.90788,0.0,null],[96.99846,4.9093,0.0,null],[96.99008,4.9081,0.0,null],[96.98366,4.91115,0.0,null],[96.97919,4.92073,0.0,null],[96.97843,4.92345,0.0,null],[96.97985,4.93347,0.0,null],[96.9842,4.94621,0.0,null],[96.983,4.95361,0.0,null],[96.98551,4.95644,0.0,null],[96.99139,4.9596,0.0,null],[96.99367,4.96123,0.0,null],[96.99444,4.96243,0.0,null],[96.9915,4.96471,0.0,null],[96.99084,4.96722,0.0,null],[96.98627,4.97506,0.0,null],[96.97723,4.97843,0.0,null],[96.97419,4.98017,0.0,null],[96.95688,4.98061,0.0,null],[96.93926,4.95071,0.0,null],[96.91294,4.95069,0.0,null],[96.91137,4.94936,0.0,null]]]}},{"type":"Feature","properties":{"inventoryId":"big-forestry-hti:259","sector":"PBPH","subtype":"IUPHHK-HTI","quality":"OFFICIAL","sourceDataset":"big-forestry-hti","sourceRecordId":"259","source":"BIG Kebijakan Satu Peta","sourceUrl":"https://kspservices.big.go.id/satupeta/rest/services/PUBLIK/PERIZINAN_DAN_PERTANAHAN/MapServer/2","retrievedAt":"2026-08-24T04:22:31Z","geometryProcessing":"web display simplification tolerance 0.00035 degrees","name":"PT RIAU ABADI LESTARI","permitNumber":"SK.542/Kpts-II/1997","permitDate":"1997-08-25","areaHa":12000.0,"provinceCode":"14","region":"sumatra"},"geometry":{"type":"MultiPolygon","coordinates":[[[[101.51924,0.89808,0.0,null],[101.51697,0.89821,0.0,null],[101.50754,0.88405,0.0,null],[101.49761,0.86006,0.0,null],[101.49612,0.8506,0.0,null],[101.49966,0.84298,0.0,null],[101.50393,0.84126,0.0,null],[101.51687,0.8464,0.0,null],[101.52131,0.84511,0.0,null],[101.51804,0.83709,0.0,null],[101.50072,0.83366,0.0,null],[101.4986,0.83064,0.0,null],[101.50172,0.82611,0.0,null],[101.52734,0.81127,0.0,null],[101.52891,0.811,0.0,null],[101.5312,0.81284,0.0,null],[101.53452,0.81284,0.0,null],[101.53805,0.81503,0.0,null],[101.53946,0.81445,0.0,null],[101.54103,0.81485,0.0,null],[101.54323,0.81455,0.0,null],[101.54474,0.81713,0.0,null],[101.54968,0.82047,0.0,null],[101.54766,0.8089,0.0,null],[101.54841,0.8066,0.0,null],[101.54929,0.80695,0.0,null],[101.552,0.79914,0.0,null],[101.55967,0.79461,0.0,null],[101.56883,0.79948,0.0,null],[101.57436,0.8055,0.0,null],[101.57928,0.82778,0.0,null],[101.57695,0.83371,0.0,null],[101.56458,0.84387,0.0,null],[101.56451,0.84591,0.0,null],[101.563,0.84743,0.0,null],[101.56253,0.84899,0.0,null],[101.56356,0.85551,0.0,null],[101.55482,0.85526,0.0,null],[101.55253,0.87242,0.0,null],[101.54694,0.87718,0.0,null],[101.53309,0.88201,0.0,null],[101.52992,0.89427,0.0,null],[101.52669,0.89699,0.0,null],[101.51924,0.89808,0.0,null]]],[[[101.31485,0.74461,0.0,null],[101.31424,0.74566,0.0,null],[101.3012,0.7509,0.0,null],[101.30005,0.74534,0.0,null],[101.29835,0.7434,0.0,null],[101.29301,0.74214,0.0,null],[101.29075,0.74271,0.0,null],[101.28345,0.74038,0.0,null],[101.28332,0.73845,0.0,null],[101.28411,0.73699,0.0,null],[101.28435,0.73354,0.0,null],[101.28362,0.73299,0.0,null],[101.28362,0.73212,0.0,null],[101.28183,0.72923,0.0,null],[101.27982,0.72795,0.0,null],[101.27906,0.72666,0.0,null],[101.27602,0.72496,0.0,null],[101.27315,0.71797,0.0,null],[101.27132,0.71745,0.0,null],[101.27039,0.71519,0.0,null],[101.2642,0.71196,0.0,null],[101.26103,0.71294,0.0,null],[101.25816,0.71134,0.0,null],[101.25984,0.71039,0.0,null],[101.25963,0.70922,0.0,null],[101.25887,0.70892,0.0,null],[101.25669,0.70949,0.0,null],[101.25671,0.70658,0.0,null],[101.25549,0.70517,0.0,null],[101.25749,0.70523,0.0,null],[101.2584,0.70441,0.0,null],[101.25876,0.70183,0.0,null],[101.26049,0.70395,0.0,null],[101.26151,0.70347,0.0,null],[101.26138,0.70225,0.0,null],[101.25977,0.70013,0.0,null],[101.25992,0.69936,0.0,null],[101.26055,0.69938,0.0,null],[101.26094,0.70118,0.0,null],[101.26206,0.70212,0.0,null],[101.26711,0.70279,0.0,null],[101.26692,0.70004,0.0,null],[101.26742,0.6996,0.0,null],[101.26875,0.69983,0.0,null],[101.26973,0.69887,0.0,null],[101.26997,0.69488,0.0,null],[101.27055,0.69467,0.0,null],[101.27124,0.69549,0.0,null],[101.27061,0.69668,0.0,null],[101.27089,0.69731,0.0,null],[101.27363,0.69521,0.0,null],[101.27371,0.6942,0.0,null],[101.27242,0.69337,0.0,null],[101.27251,0.68955,0.0,null],[101.27287,0.68928,0.0,null],[101.27342,0.69077,0.0,null],[101.27443,0.69051,0.0,null],[101.27481,0.6882,0.0,null],[101.27703,0.68583,0.0,null],[101.2788,0.68581,0.0,null],[101.27825,0.68797,0.0,null],[101.27975,0.68793,0.0,null],[101.28112,0.68606,0.0,null],[101.28188,0.68331,0.0,null],[101.28398,0.6839,0.0,null],[101.28313,0.68018,0.0,null],[101.28748,0.67636,0.0,null],[101.28758,0.67565,0.0,null],[101.28629,0.67332,0.0,null],[101.28802,0.6717,0.0,null],[101.28686,0.66969,0.0,null],[101.28867,0.6678,0.0,null],[101.28961,0.66906,0.0,null],[101.29119,0.66973,0.0,null],[101.29191,0.66943,0.0,null],[101.29349,0.67108,0.0,null],[101.2932,0.67538,0.0,null],[101.29364,0.67598,0.0,null],[101.29796,0.67842,0.0,null],[101.29924,0.68044,0.0,null],[101.30152,0.6808,0.0,null],[101.30354,0.6831,0.0,null],[101.30723,0.68315,0.0,null],[101.30748,0.68536,0.0,null],[101.30898,0.68855,0.0,null],[101.31285,0.69116,0.0,null],[101.31481,0.69103,0.0,null],[101.31725,0.69206,0.0,null],[101.31877,0.69094,0.0,null],[101.32097,0.69047,0.0,null],[101.32346,0.69214,0.0,null],[101.32607,0.6918,0.0,null],[101.32855,0.69452,0.0,null],[101.33495,0.69563,0.0,null],[101.33725,0.69478,0.0,null],[101.34276,0.69651,0.0,null],[101.34463,0.69536,0.0,null],[101.34561,0.69558,0.0,null],[101.35472,0.69354,0.0,null],[101.35494,0.69535,0.0,null],[101.35396,0.6975,0.0,null],[101.35429,0.70073,0.0,null],[101.35619,0.70251,0.0,null],[101.3583,0.70636,0.0,null],[101.35943,0.70731,0.0,null],[101.36023,0.71198,0.0,null],[101.35992,0.71264,0.0,null],[101.36114,0.71489,0.0,null],[101.35987,0.71838,0.0,null],[101.36331,0.72076,0.0,null],[101.36323,0.72209,0.0,null],[101.36382,0.72314,0.0,null],[101.3646,0.72424,0.0,null],[101.36551,0.72452,0.0,null],[101.3651,0.72606,0.0,null],[101.36682,0.72728,0.0,null],[101.36663,0.7289,0.0,null],[101.36747,0.73041,0.0,null],[101.36281,0.73668,0.0,null],[101.35823,0.73338,0.0,null],[101.35173,0.73341,0.0,null],[101.35018,0.73236,0.0,null],[101.35037,0.73144,0.0,null],[101.34953,0.73067,0.0,null],[101.34663,0.72928,0.0,null],[101.34711,0.7288,0.0,null],[101.34604,0.72756,0.0,null],[101.34483,0.72931,0.0,null],[101.34235,0.72888,0.0,null],[101.34104,0.72965,0.0,null],[101.34058,0.72896,0.0,null],[101.33809,0.72827,0.0,null],[101.33746,0.7275,0.0,null],[101.33593,0.72737,0.0,null],[101.33441,0.72815,0.0,null],[101.33416,0.72686,0.0,null],[101.33323,0.72731,0.0,null],[101.33208,0.72643,0.0,null],[101.3317,0.72528,0.0,null],[101.33053,0.72453,0.0,null],[101.33062,0.72368,0.0,null],[101.32936,0.723,0.0,null],[101.32834,0.72347,0.0,null],[101.32804,0.72258,0.0,null],[101.32689,0.72263,0.0,null],[101.31485,0.74461,0.0,null]]],[[[101.5251,1.1205,0.0,null],[101.50717,1.12793,0.0,null],[101.50397,1.11697,0.0,null],[101.48013,1.12048,0.0,null],[101.45178,1.06701,0.0,null],[101.45471,1.06672,0.0,null],[101.45649,1.06448,0.0,null],[101.45815,1.06461,0.0,null],[101.46081,1.06316,0.0,null],[101.46385,1.0648,0.0,null],[101.46497,1.06467,0.0,null],[101.46558,1.06372,0.0,null],[101.46419,1.06193,0.0,null],[101.46464,1.06083,0.0,null],[101.46922,1.0597,0.0,null],[101.47035,1.05871,0.0,null],[101.47279,1.05789,0.0,null],[101.47439,1.05528,0.0,null],[101.47767,1.05259,0.0,null],[101.48153,1.04668,0.0,null],[101.48785,1.04378,0.0,null],[101.49112,1.03966,0.0,null],[101.49247,1.03889,0.0,null],[101.52032,1.09415,0.0,null],[101.52358,1.09849,0.0,null],[101.52726,1.10105,0.0,null],[101.52807,1.10592,0.0,null],[101.5302,1.10901,0.0,null],[101.52954,1.11296,0.0,null],[101.52249,1.1145,0.0,null],[101.5251,1.1205,0.0,null]]]]}},{"type":"Feature","properties":{"inventoryId":"big-forestry-hti:258","sector":"PBPH","subtype":"IUPHHK-HTI","quality":"OFFICIAL","sourceDataset":"big-forestry-hti","sourceRecordId":"258","source":"BIG Kebijakan Satu Peta","sourceUrl":"https://kspservices.big.go.id/satupeta/rest/services/PUBLIK/PERIZINAN_DAN_PERTANAHAN/MapServer/2","retrievedAt":"2026-08-24T04:22:31Z","geometryProcessing":"web display simplification tolerance 0.00035 degrees","name":"PT RIAU ANDALAN PULP & PAPER","permitNumber":"SK.180/Menhut-II/2013","permitDate":"2013-03-21","areaHa":338536.0,"provinceCode":"14","region":"sumatra"},"geometry":{"type":"MultiPolygon","coordinates":[[[[102.0482,0.66501,0.0,null],[102.0124,0.58438,0.0,null],[101.97115,0.49411,0.0,null],[101.94884,0.44707,0.0,null],[102.00878,0.45754,0.0,null],[102.03012,0.45966,0.0,null],[102.03481,0.46096,0.0,null],[102.04257,0.4666,0.0,null],[102.07693,0.46757,0.0,null],[102.08131,0.46641,0.0,null],[102.08239,0.4669,0.0,null],[102.0826,0.468,0.0,null],[102.1091,0.46843,0.0,null],[102.1288,0.46783,0.0,null],[102.15736,0.46548,0.0,null],[102.1992,0.42662,0.0,null],[102.20479,0.42286,0.0,null],[102.2521,0.38018,0.0,null],[102.27244,0.35542,0.0,null],[102.29127,0.33098,0.0,null],[102.34413,0.2946,0.0,null],[102.34467,0.29485,0.0,null],[102.35305,0.28912,0.0,null],[102.34679,0.22079,0.0,null],[102.3738,0.21011,0.0,null],[102.37695,0.20912,0.0,null],[102.38065,0.20879,0.0,null],[102.38361,0.20928,0.0,null],[102.39338,0.2133,0.0,null],[102.39724,0.21392,0.0,null],[102.40016,0.21364,0.0,null],[102.40604,0.21184,0.0,null],[102.40771,0.21207,0.0,null],[102.40798,0.2153,0.0,null],[102.40588,0.21555,0.0,null],[102.40535,0.21671,0.0,null],[102.4074,0.21762,0.0,null],[102.40912,0.2194,0.0,null],[102.41337,0.22893,0.0,null],[102.418,0.2334,0.0,null],[102.42131,0.24252,0.0,null],[102.42469,0.24848,0.0,null],[102.42648,0.2505,0.0,null],[102.43006,0.25258,0.0,null],[102.44036,0.25487,0.0,null],[102.43952,0.25694,0.0,null],[102.43517,0.25757,0.0,null],[102.43113,0.26012,0.0,null],[102.42874,0.2609,0.0,null],[102.42794,0.26285,0.0,null],[102.42693,0.26309,0.0,null],[102.42676,0.26408,0.0,null],[102.42564,0.26479,0.0,null],[102.4256,0.26574,0.0,null],[102.42455,0.26591,0.0,null],[102.42492,0.26696,0.0,null],[102.42599,0.2675,0.0,null],[102.42477,0.26605,0.0,null],[102.42581,0.26584,0.0,null],[102.4258,0.26494,0.0,null],[102.42711,0.26421,0.0,null],[102.42705,0.26339,0.0,null],[102.4282,0.263,0.0,null],[102.42909,0.26122,0.0,null],[102.43234,0.26069,0.0,null],[102.43639,0.25856,0.0,null],[102.44063,0.25879,0.0,null],[102.44218,0.25836,0.0,null],[102.4492,0.25276,0.0,null],[102.45436,0.24642,0.0,null],[102.45683,0.24126,0.0,null],[102.4586,0.23953,0.0,null],[102.4647,0.23882,0.0,null],[102.47229,0.24003,0.0,null],[102.47587,0.24207,0.0,null],[102.48429,0.24914,0.0,null],[102.48813,0.25112,0.0,null],[102.4962,0.24952,0.0,null],[102.50228,0.24692,0.0,null],[102.50687,0.24259,0.0,null],[102.51142,0.23574,0.0,null],[102.51316,0.22983,0.0,null],[102.51314,0.22709,0.0,null],[102.51614,0.21854,0.0,null],[102.53561,0.19369,0.0,null],[102.56267,0.19271,0.0,null],[102.56985,0.19498,0.0,null],[102.57776,0.19905,0.0,null],[102.58317,0.20284,0.0,null],[102.59234,0.21667,0.0,null],[102.59855,0.22187,0.0,null],[102.60596,0.22554,0.0,null],[102.61042,0.22862,0.0,null],[102.61078,0.22941,0.0,null],[102.61015,0.23107,0.0,null],[102.61062,0.23184,0.0,null],[102.61561,0.23386,0.0,null],[102.6198,0.23466,0.0,null],[102.62247,0.23448,0.0,null],[102.63708,0.2422,0.0,null],[102.65345,0.25721,0.0,null],[102.69504,0.27444,0.0,null],[102.7089,0.28613,0.0,null],[102.71093,0.28983,0.0,null],[102.71149,0.30913,0.0,null],[102.71359,0.31055,0.0,null],[102.71478,0.31109,0.0,null],[102.71672,0.30964,0.0,null],[102.71662,0.3081,0.0,null],[102.71751,0.30726,0.0,null],[102.7168,0.30547,0.0,null],[102.71811,0.30475,0.0,null],[102.71818,0.30382,0.0,null],[102.71579,0.30272,0.0,null],[102.7133,0.30343,0.0,null],[102.71371,0.29913,0.0,null],[102.71484,0.29901,0.0,null],[102.71514,0.29991,0.0,null],[102.71585,0.3002,0.0,null],[102.71773,0.29903,0.0,null],[102.71365,0.29542,0.0,null],[102.71763,0.29283,0.0,null],[102.71764,0.28896,0.0,null],[102.7187,0.28879,0.0,null],[102.72049,0.28965,0.0,null],[102.72037,0.29172,0.0,null],[102.72126,0.29255,0.0,null],[102.72256,0.29249,0.0,null],[102.72381,0.29088,0.0,null],[102.72518,0.29058,0.0,null],[102.72531,0.28909,0.0,null],[102.74317,0.29437,0.0,null],[102.75139,0.29456,0.0,null],[102.75774,0.2932,0.0,null],[102.77517,0.30156,0.0,null],[102.84426,0.33036,0.0,null],[102.87042,0.34073,0.0,null],[102.88735,0.34576,0.0,null],[102.87447,0.3664,0.0,null],[102.90397,0.38939,0.0,null],[102.82588,0.39131,0.0,null],[102.79837,0.40013,0.0,null],[102.7959,0.37781,0.0,null],[102.74974,0.35658,0.0,null],[102.72371,0.3721,0.0,null],[102.60677,0.31134,0.0,null],[102.44688,0.31425,0.0,null],[102.42145,0.3031,0.0,null],[102.41935,0.30613,0.0,null],[102.41145,0.31238,0.0,null],[102.40702,0.31844,0.0,null],[102.40479,0.32019,0.0,null],[102.40008,0.32155,0.0,null],[102.39635,0.3212,0.0,null],[102.39217,0.32326,0.0,null],[102.39112,0.323,0.0,null],[102.39112,0.32389,0.0,null],[102.38986,0.32443,0.0,null],[102.38915,0.32614,0.0,null],[102.38949,0.32666,0.0,null],[102.38846,0.32817,0.0,null],[102.38519,0.33145,0.0,null],[102.38317,0.33212,0.0,null],[102.38342,0.33267,0.0,null],[102.38086,0.33555,0.0,null],[102.38039,0.33543,0.0,null],[102.37944,0.33652,0.0,null],[102.37796,0.33641,0.0,null],[102.37871,0.33695,0.0,null],[102.37701,0.33912,0.0,null],[102.37468,0.34006,0.0,null],[102.37312,0.33994,0.0,null],[102.36811,0.33712,0.0,null],[102.36696,0.33713,0.0,null],[102.36563,0.33561,0.0,null],[102.3629,0.3352,0.0,null],[102.35872,0.33632,0.0,null],[102.35691,0.33757,0.0,null],[102.3546,0.34063,0.0,null],[102.35172,0.35126,0.0,null],[102.34856,0.35352,0.0,null],[102.34142,0.3561,0.0,null],[102.33987,0.35793,0.0,null],[102.33962,0.35987,0.0,null],[102.33844,0.36123,0.0,null],[102.33773,0.36584,0.0,null],[102.33642,0.36763,0.0,null],[102.33328,0.36914,0.0,null],[102.33196,0.37138,0.0,null],[102.33203,0.37314,0.0,null],[102.33121,0.37504,0.0,null],[102.329,0.37725,0.0,null],[102.32404,0.3803,0.0,null],[102.32198,0.38252,0.0,null],[102.32168,0.38526,0.0,null],[102.32306,0.39061,0.0,null],[102.32283,0.39226,0.0,null],[102.32142,0.3942,0.0,null],[102.31695,0.39591,0.0,null],[102.31482,0.39806,0.0,null],[102.3152,0.40021,0.0,null],[102.31809,0.40263,0.0,null],[102.3175,0.40746,0.0,null],[102.26642,0.44505,0.0,null],[102.28007,0.5011,0.0,null],[102.31378,0.63131,0.0,null],[102.24688,0.59665,0.0,null],[102.18924,0.59666,0.0,null],[102.17991,0.61097,0.0,null],[102.16455,0.61902,0.0,null],[102.15644,0.6145,0.0,null],[102.15613,0.65157,0.0,null],[102.0941,0.65856,0.0,null],[102.0482,0.66501,0.0,null]]],[[[101.5538,-0.21037,0.0,null],[101.56376,-0.22012,0.0,null],[101.56752,-0.22474,0.0,null],[101.56959,-0.2255,0.0,null],[101.56896,-0.22617,0.0,null],[101.57926,-0.23665,0.0,null],[101.5817,-0.23786,0.0,null],[101.5899,-0.25064,0.0,null],[101.59083,-0.25394,0.0,null],[101.5951,-0.26084,0.0,null],[101.59349,-0.26252,0.0,null],[101.58772,-0.26289,0.0,null],[101.58512,-0.26227,0.0,null],[101.58399,-0.26276,0.0,null],[101.58415,-0.26538,0.0,null],[101.58302,-0.26759,0.0,null],[101.58135,-0.26957,0.0,null],[101.57876,-0.27063,0.0,null],[101.5781,-0.2724,0.0,null],[101.5773,-0.27243,0.0,null],[101.57729,-0.27659,0.0,null],[101.58572,-0.27654,0.0,null],[101.58574,-0.28202,0.0,null],[101.58883,-0.28218,0.0,null],[101.5888,-0.28095,0.0,null],[101.58946,-0.28074,0.0,null],[101.59258,-0.28071,0.0,null],[101.59381,-0.28242,0.0,null],[101.59745,-0.28134,0.0,null],[101.603,-0.28837,0.0,null],[101.60136,-0.29078,0.0,null],[101.61317,-0.30232,0.0,null],[101.61507,-0.30379,0.0,null],[101.61695,-0.30415,0.0,null],[101.61872,-0.30587,0.0,null],[101.61882,-0.30669,0.0,null],[101.62164,-0.3089,0.0,null],[101.62207,-0.30854,0.0,null],[101.6226,-0.30892,0.0,null],[101.62409,-0.31071,0.0,null],[101.62508,-0.31069,0.0,null],[101.62494,-0.31131,0.0,null],[101.62562,-0.30937,0.0,null],[101.61494,-0.29931,0.0,null],[101.61622,-0.29732,0.0,null],[101.61875,-0.29631,0.0,null],[101.61861,-0.29548,0.0,null],[101.61699,-0.29403,0.0,null],[101.6157,-0.29442,0.0,null],[101.61609,-0.29434,0.0,null],[101.61543,-0.29251,0.0,null],[101.61425,-0.29192,0.0,null],[101.61802,-0.28671,0.0,null],[101.61788,-0.28223,0.0,null],[101.61891,-0.28091,0.0,null],[101.62024,-0.27978,0.0,null],[101.62127,-0.28269,0.0,null],[101.62918,-0.28462,0.0,null],[101.63186,-0.28051,0.0,null],[101.64058,-0.29191,0.0,null],[101.64261,-0.293,0.0,null],[101.64505,-0.29266,0.0,null],[101.64584,-0.29303,0.0,null],[101.64737,-0.29191,0.0,null],[101.64673,-0.28808,0.0,null],[101.64895,-0.2887,0.0,null],[101.6489,-0.28601,0.0,null],[101.64993,-0.28331,0.0,null],[101.64956,-0.28068,0.0,null],[101.65079,-0.28137,0.0,null],[101.65354,-0.27979,0.0,null],[101.6528,-0.27905,0.0,null],[101.65284,-0.27643,0.0,null],[101.65127,-0.27492,0.0,null],[101.65269,-0.27592,0.0,null],[101.65294,-0.27537,0.0,null],[101.65398,-0.27551,0.0,null],[101.65381,-0.27647,0.0,null],[101.65532,-0.27761,0.0,null],[101.65614,-0.27648,0.0,null],[101.65617,-0.2739,0.0,null],[101.65813,-0.27411,0.0,null],[101.65887,-0.2737,0.0,null],[101.65874,-0.2703,0.0,null],[101.65745,-0.26988,0.0,null],[101.65665,-0.27021,0.0,null],[101.65627,-0.26883,0.0,null],[101.65704,-0.26632,0.0,null],[101.65981,-0.26584,0.0,null],[101.65927,-0.26499,0.0,null],[101.65823,-0.2652,0.0,null],[101.65722,-0.26465,0.0,null],[101.65915,-0.26267,0.0,null],[101.65789,-0.26057,0.0,null],[101.65839,-0.26029,0.0,null],[101.65856,-0.25891,0.0,null],[101.66029,-0.25954,0.0,null],[101.66196,-0.25879,0.0,null],[101.66261,-0.25924,0.0,null],[101.66443,-0.25896,0.0,null],[101.66554,-0.26128,0.0,null],[101.66255,-0.26363,0.0,null],[101.66263,-0.26455,0.0,null],[101.66384,-0.26582,0.0,null],[101.66374,-0.26688,0.0,null],[101.66261,-0.26786,0.0,null],[101.66286,-0.26956,0.0,null],[101.66236,-0.27087,0.0,null],[101.66365,-0.27394,0.0,null],[101.66622,-0.2742,0.0,null],[101.66745,-0.27378,0.0,null],[101.66854,-0.27431,0.0,null],[101.66941,-0.27086,0.0,null],[101.66897,-0.25618,0.0,null],[101.67008,-0.25201,0.0,null],[101.67386,-0.25433,0.0,null],[101.67666,-0.25398,0.0,null],[101.67749,-0.25251,0.0,null],[101.6804,-0.25044,0.0,null],[101.6831,-0.2511,0.0,null],[101.68488,-0.25086,0.0,null],[101.68569,-0.25118,0.0,null],[101.6861,-0.25292,0.0,null],[101.68919,-0.25504,0.0,null],[101.69174,-0.25779,0.0,null],[101.69768,-0.25851,0.0,null],[101.69962,-0.26543,0.0,null],[101.70023,-0.26559,0.0,null],[101.69991,-0.26599,0.0,null],[101.70044,-0.26825,0.0,null],[101.70439,-0.27765,0.0,null],[101.70422,-0.27941,0.0,null],[101.70539,-0.28401,0.0,null],[101.70589,-0.2907,0.0,null],[101.71082,-0.29125,0.0,null],[101.71317,-0.2931,0.0,null],[101.71794,-0.29516,0.0,null],[101.71798,-0.29567,0.0,null],[101.71899,-0.29561,0.0,null],[101.72007,-0.2966,0.0,null],[101.73304,-0.30161,0.0,null],[101.73557,-0.30579,0.0,null],[101.73386,-0.31197,0.0,null],[101.73085,-0.31184,0.0,null],[101.73001,-0.31262,0.0,null],[101.72968,-0.31173,0.0,null],[101.7279,-0.31106,0.0,null],[101.72578,-0.31242,0.0,null],[101.7248,-0.31195,0.0,null],[101.7247,-0.31133,0.0,null],[101.72416,-0.31242,0.0,null],[101.72021,-0.31245,0.0,null],[101.72019,-0.31395,0.0,null],[101.72096,-0.31529,0.0,null],[101.72008,-0.3163,0.0,null],[101.72076,-0.32142,0.0,null],[101.7201,-0.32266,0.0,null],[101.72061,-0.32342,0.0,null],[101.72084,-0.33022,0.0,null],[101.71954,-0.33059,0.0,null],[101.71863,-0.32956,0.0,null],[101.71819,-0.32975,0.0,null],[101.71868,-0.33056,0.0,null],[101.71716,-0.33071,0.0,null],[101.71743,-0.33225,0.0,null],[101.71687,-0.33229,0.0,null],[101.71681,-0.33308,0.0,null],[101.71588,-0.33283,0.0,null],[101.71647,-0.33416,0.0,null],[101.71547,-0.33439,0.0,null],[101.7148,-0.33865,0.0,null],[101.71535,-0.33972,0.0,null],[101.7154,-0.34676,0.0,null],[101.7168,-0.34788,0.0,null],[101.71806,-0.34679,0.0,null],[101.71898,-0.34681,0.0,null],[101.71911,-0.34814,0.0,null],[101.71835,-0.34844,0.0,null],[101.71906,-0.34993,0.0,null],[101.72057,-0.34948,0.0,null],[101.72462,-0.34965,0.0,null],[101.72519,-0.34915,0.0,null],[101.73759,-0.34933,0.0,null],[101.74111,-0.34868,0.0,null],[101.75484,-0.34861,0.0,null],[101.75518,-0.34811,0.0,null],[101.75927,-0.34801,0.0,null],[101.76244,-0.34839,0.0,null],[101.76257,-0.34902,0.0,null],[101.76731,-0.34949,0.0,null],[101.77045,-0.35038,0.0,null],[101.771,-0.3511,0.0,null],[101.77149,-0.35062,0.0,null],[101.77424,-0.35086,0.0,null],[101.78149,-0.35305,0.0,null],[101.78181,-0.35256,0.0,null],[101.78278,-0.35287,0.0,null],[101.78737,-0.35594,0.0,null],[101.78918,-0.35802,0.0,null],[101.78887,-0.35838,0.0,null],[101.78967,-0.35884,0.0,null],[101.79024,-0.35837,0.0,null],[101.80183,-0.36765,0.0,null],[101.80389,-0.3703,0.0,null],[101.80612,-0.37206,0.0,null],[101.80655,-0.37347,0.0,null],[101.80756,-0.37386,0.0,null],[101.80781,-0.37467,0.0,null],[101.80834,-0.3744,0.0,null],[101.81075,-0.37708,0.0,null],[101.81339,-0.37852,0.0,null],[101.81871,-0.38311,0.0,null],[101.8198,-0.38341,0.0,null],[101.84036,-0.40066,0.0,null],[101.84235,-0.40148,0.0,null],[101.84895,-0.40642,0.0,null],[101.85172,-0.40749,0.0,null],[101.85233,-0.40853,0.0,null],[101.85599,-0.41136,0.0,null],[101.85837,-0.41222,0.0,null],[101.86026,-0.41373,0.0,null],[101.86923,-0.41386,0.0,null],[101.87121,-0.41301,0.0,null],[101.88127,-0.40472,0.0,null],[101.88184,-0.39829,0.0,null],[101.87967,-0.3935,0.0,null],[101.87987,-0.39191,0.0,null],[101.87916,-0.39093,0.0,null],[101.87892,-0.38226,0.0,null],[101.87377,-0.37903,0.0,null],[101.8716,-0.37873,0.0,null],[101.86038,-0.36616,0.0,null],[101.86302,-0.36531,0.0,null],[101.86397,-0.36633,0.0,null],[101.86647,-0.36684,0.0,null],[101.86751,-0.36583,0.0,null],[101.86687,-0.3653,0.0,null],[101.86471,-0.35947,0.0,null],[101.86381,-0.35859,0.0,null],[101.8626,-0.35407,0.0,null],[101.85897,-0.34646,0.0,null],[101.85528,-0.34277,0.0,null],[101.85384,-0.3395,0.0,null],[101.8527,-0.33951,0.0,null],[101.85191,-0.33869,0.0,null],[101.84937,-0.34398,0.0,null],[101.85057,-0.34682,0.0,null],[101.85024,-0.34874,0.0,null],[101.84933,-0.34993,0.0,null],[101.84607,-0.35159,0.0,null],[101.84316,-0.3477,0.0,null],[101.84516,-0.3437,0.0,null],[101.84544,-0.34177,0.0,null],[101.84932,-0.3394,0.0,null],[101.85077,-0.3353,0.0,null],[101.84487,-0.33076,0.0,null],[101.84566,-0.32576,0.0,null],[101.84433,-0.32349,0.0,null],[101.83663,-0.31889,0.0,null],[101.83719,-0.31818,0.0,null],[101.83569,-0.3138,0.0,null],[101.83591,-0.31216,0.0,null],[101.8353,-0.31099,0.0,null],[101.83401,-0.31092,0.0,null],[101.83387,-0.30825,0.0,null],[101.83263,-0.30845,0.0,null],[101.83092,-0.30969,0.0,null],[101.8308,-0.31083,0.0,null],[101.82967,-0.31084,0.0,null],[101.82921,-0.30902,0.0,null],[101.82682,-0.30841,0.0,null],[101.82233,-0.30914,0.0,null],[101.82059,-0.31114,0.0,null],[101.81806,-0.31268,0.0,null],[101.81691,-0.31221,0.0,null],[101.81793,-0.31127,0.0,null],[101.8172,-0.31094,0.0,null],[101.81818,-0.30925,0.0,null],[101.82005,-0.30806,0.0,null],[101.82091,-0.30614,0.0,null],[101.81703,-0.30351,0.0,null],[101.81236,-0.30195,0.0,null],[101.81244,-0.30237,0.0,null],[101.81114,-0.30211,0.0,null],[101.81078,-0.30942,0.0,null],[101.80453,-0.3089,0.0,null],[101.80371,-0.30772,0.0,null],[101.8055,-0.30734,0.0,null],[101.80615,-0.30787,0.0,null],[101.8064,-0.30661,0.0,null],[101.80512,-0.30542,0.0,null],[101.80368,-0.30151,0.0,null],[101.8099,-0.29826,0.0,null],[101.81942,-0.29598,0.0,null],[101.82072,-0.29474,0.0,null],[101.82095,-0.29363,0.0,null],[101.81955,-0.29148,0.0,null],[101.81342,-0.28785,0.0,null],[101.80552,-0.28567,0.0,null],[101.80228,-0.28805,0.0,null],[101.79495,-0.29541,0.0,null],[101.7956,-0.29653,0.0,null],[101.79496,-0.29648,0.0,null],[101.79493,-0.29721,0.0,null],[101.79327,-0.29727,0.0,null],[101.79272,-0.29613,0.0,null],[101.79095,-0.2961,0.0,null],[101.78903,-0.29497,0.0,null],[101.78874,-0.28989,0.0,null],[101.7893,-0.28912,0.0,null],[101.78839,-0.28779,0.0,null],[101.78668,-0.28603,0.0,null],[101.78388,-0.28544,0.0,null],[101.78034,-0.28884,0.0,null],[101.77814,-0.29335,0.0,null],[101.7778,-0.29282,0.0,null],[101.77502,-0.29299,0.0,null],[101.77479,-0.2934,0.0,null],[101.77083,-0.29321,0.0,null],[101.76783,-0.28943,0.0,null],[101.76731,-0.28751,0.0,null],[101.76746,-0.28454,0.0,null],[101.76537,-0.28356,0.0,null],[101.76506,-0.28258,0.0,null],[101.76392,-0.28263,0.0,null],[101.76222,-0.28108,0.0,null],[101.76207,-0.2779,0.0,null],[101.76238,-0.276,0.0,null],[101.7674,-0.27568,0.0,null],[101.77246,-0.27316,0.0,null],[101.77398,-0.27161,0.0,null],[101.77345,-0.26767,0.0,null],[101.77427,-0.26482,0.0,null],[101.77385,-0.26392,0.0,null],[101.77293,-0.26369,0.0,null],[101.77081,-0.2641,0.0,null],[101.76836,-0.2661,0.0,null],[101.76319,-0.26661,0.0,null],[101.76088,-0.26574,0.0,null],[101.76084,-0.26449,0.0,null],[101.75866,-0.26504,0.0,null],[101.75519,-0.26277,0.0,null],[101.75242,-0.26371,0.0,null],[101.75214,-0.26469,0.0,null],[101.75176,-0.26453,0.0,null],[101.7519,-0.26597,0.0,null],[101.75285,-0.27016,0.0,null],[101.75561,-0.27735,0.0,null],[101.75511,-0.27784,0.0,null],[101.75554,-0.2804,0.0,null],[101.75391,-0.28341,0.0,null],[101.75137,-0.28352,0.0,null],[101.74939,-0.28256,0.0,null],[101.74857,-0.28177,0.0,null],[101.74851,-0.27976,0.0,null],[101.74678,-0.27909,0.0,null],[101.7441,-0.2766,0.0,null],[101.74336,-0.2767,0.0,null],[101.73708,-0.27223,0.0,null],[101.72377,-0.25909,0.0,null],[101.71619,-0.25328,0.0,null],[101.70558,-0.24624,0.0,null],[101.70645,-0.24531,0.0,null],[101.70197,-0.24039,0.0,null],[101.69733,-0.23063,0.0,null],[101.68568,-0.216,0.0,null],[101.67672,-0.22999,0.0,null],[101.67448,-0.23267,0.0,null],[101.67424,-0.23373,0.0,null],[101.6729,-0.23448,0.0,null],[101.67255,-0.23631,0.0,null],[101.67074,-0.2388,0.0,null],[101.66436,-0.24305,0.0,null],[101.65934,-0.24739,0.0,null],[101.65828,-0.2441,0.0,null],[101.65871,-0.24407,0.0,null],[101.65747,-0.24235,0.0,null],[101.65755,-0.24125,0.0,null],[101.65627,-0.23885,0.0,null],[101.65653,-0.23696,0.0,null],[101.65259,-0.22717,0.0,null],[101.6528,-0.22147,0.0,null],[101.65451,-0.21664,0.0,null],[101.65268,-0.20743,0.0,null],[101.65103,-0.2059,0.0,null],[101.65007,-0.20384,0.0,null],[101.64441,-0.19812,0.0,null],[101.64364,-0.19475,0.0,null],[101.64207,-0.19514,0.0,null],[101.64228,-0.19259,0.0,null],[101.6429,-0.19182,0.0,null],[101.64123,-0.1849,0.0,null],[101.63434,-0.17435,0.0,null],[101.63321,-0.17473,0.0,null],[101.629,-0.17164,0.0,null],[101.62733,-0.1643,0.0,null],[101.62478,-0.16055,0.0,null],[101.62142,-0.15682,0.0,null],[101.61593,-0.15374,0.0,null],[101.6103,-0.14946,0.0,null],[101.60819,-0.14652,0.0,null],[101.60779,-0.1468,0.0,null],[101.60611,-0.14548,0.0,null],[101.60605,-0.14401,0.0,null],[101.60501,-0.14439,0.0,null],[101.60437,-0.14402,0.0,null],[101.60091,-0.14095,0.0,null],[101.60035,-0.13976,0.0,null],[101.59831,-0.13896,0.0,null],[101.59663,-0.13686,0.0,null],[101.59235,-0.13353,0.0,null],[101.58835,-0.13137,0.0,null],[101.58639,-0.12875,0.0,null],[101.57932,-0.12508,0.0,null],[101.57887,-0.12552,0.0,null],[101.57729,-0.12471,0.0,null],[101.57732,-0.12221,0.0,null],[101.57599,-0.12197,0.0,null],[101.57433,-0.12297,0.0,null],[101.57005,-0.12065,0.0,null],[101.56717,-0.11982,0.0,null],[101.56547,-0.11832,0.0,null],[101.56326,-0.11816,0.0,null],[101.56253,-0.10793,0.0,null],[101.56187,-0.10428,0.0,null],[101.55982,-0.09963,0.0,null],[101.55856,-0.08742,0.0,null],[101.56107,-0.07439,0.0,null],[101.56109,-0.07137,0.0,null],[101.55785,-0.06112,0.0,null],[101.55865,-0.05892,0.0,null],[101.55823,-0.05683,0.0,null],[101.55866,-0.05271,0.0,null],[101.55651,-0.04918,0.0,null],[101.5567,-0.04832,0.0,null],[101.55331,-0.0449,0.0,null],[101.54569,-0.03526,0.0,null],[101.54786,-0.02609,0.0,null],[101.54746,-0.02213,0.0,null],[101.54564,-0.01988,0.0,null],[101.54159,-0.01221,0.0,null],[101.53888,-0.00904,0.0,null],[101.53203,0.00164,0.0,null],[101.52504,0.01648,0.0,null],[101.51842,0.01744,0.0,null],[101.34012,0.05784,0.0,null],[101.34518,0.06707,0.0,null],[101.34468,0.06743,0.0,null],[101.34534,0.06769,0.0,null],[101.3541,0.08461,0.0,null],[101.37051,0.11279,0.0,null],[101.37323,0.11677,0.0,null],[101.37457,0.11775,0.0,null],[101.37442,0.11898,0.0,null],[101.37598,0.12218,0.0,null],[101.3784,0.12499,0.0,null],[101.37863,0.12623,0.0,null],[101.37955,0.12632,0.0,null],[101.38106,0.12861,0.0,null],[101.38192,0.13063,0.0,null],[101.38133,0.13093,0.0,null],[101.38489,0.13714,0.0,null],[101.35024,0.15949,0.0,null],[101.34563,0.16072,0.0,null],[101.34386,0.16042,0.0,null],[101.34417,0.15576,0.0,null],[101.34353,0.15423,0.0,null],[101.34246,0.15356,0.0,null],[101.34003,0.15378,0.0,null],[101.33645,0.15675,0.0,null],[101.3342,0.15669,0.0,null],[101.33241,0.15421,0.0,null],[101.3328,0.15084,0.0,null],[101.3341,0.15016,0.0,null],[101.3375,0.15195,0.0,null],[101.33984,0.15155,0.0,null],[101.34152,0.14914,0.0,null],[101.34104,0.14636,0.0,null],[101.33951,0.14437,0.0,null],[101.33747,0.14292,0.0,null],[101.32798,0.14161,0.0,null],[101.32604,0.13975,0.0,null],[101.32527,0.13779,0.0,null],[101.3261,0.13579,0.0,null],[101.32903,0.13475,0.0,null],[101.33158,0.13308,0.0,null],[101.3354,0.12921,0.0,null],[101.33597,0.12803,0.0,null],[101.33602,0.12419,0.0,null],[101.3348,0.1218,0.0,null],[101.33002,0.11751,0.0,null],[101.32804,0.11748,0.0,null],[101.327,0.11822,0.0,null],[101.3272,0.1205,0.0,null],[101.32932,0.12257,0.0,null],[101.33087,0.12649,0.0,null],[101.33093,0.12816,0.0,null],[101.33027,0.12876,0.0,null],[101.32952,0.1283,0.0,null],[101.32961,0.12543,0.0,null],[101.32853,0.12385,0.0,null],[101.32638,0.12295,0.0,null],[101.32286,0.12331,0.0,null],[101.32105,0.1224,0.0,null],[101.31898,0.12034,0.0,null],[101.3185,0.119,0.0,null],[101.32215,0.11359,0.0,null],[101.32206,0.11218,0.0,null],[101.31995,0.11046,0.0,null],[101.3178,0.11093,0.0,null],[101.31425,0.11333,0.0,null],[101.31297,0.11602,0.0,null],[101.31317,0.11919,0.0,null],[101.31228,0.11996,0.0,null],[101.31055,0.1195,0.0,null],[101.31017,0.11863,0.0,null],[101.3105,0.1172,0.0,null],[101.31234,0.11559,0.0,null],[101.31324,0.11382,0.0,null],[101.31315,0.11075,0.0,null],[101.31214,0.10914,0.0,null],[101.31002,0.10841,0.0,null],[101.31056,0.10702,0.0,null],[101.29302,0.08828,0.0,null],[101.28792,0.07788,0.0,null],[101.28969,0.07518,0.0,null],[101.29085,0.06684,0.0,null],[101.28608,0.05944,0.0,null],[101.28189,0.05533,0.0,null],[101.28112,0.0629,0.0,null],[101.26912,0.06302,0.0,null],[101.25609,0.04931,0.0,null],[101.24515,0.03596,0.0,null],[101.26165,0.03639,0.0,null],[101.26327,0.03391,0.0,null],[101.26501,0.03355,0.0,null],[101.26702,0.031,0.0,null],[101.26718,0.02899,0.0,null],[101.26764,0.02899,0.0,null],[101.26812,0.0075,0.0,null],[101.27601,0.00407,0.0,null],[101.27814,0.00243,0.0,null],[101.27234,-0.01182,0.0,null],[101.27011,-0.0145,0.0,null],[101.26713,-0.0205,0.0,null],[101.26644,-0.02102,0.0,null],[101.26419,-0.02085,0.0,null],[101.2623,-0.02211,0.0,null],[101.26376,-0.02492,0.0,null],[101.26423,-0.02465,0.0,null],[101.28599,-0.04315,0.0,null],[101.30647,-0.05796,0.0,null],[101.30677,-0.05952,0.0,null],[101.30259,-0.07131,0.0,null],[101.30302,-0.072,0.0,null],[101.30265,-0.07175,0.0,null],[101.30215,-0.07236,0.0,null],[101.29849,-0.08202,0.0,null],[101.29834,-0.08337,0.0,null],[101.29921,-0.08446,0.0,null],[101.29858,-0.08421,0.0,null],[101.29828,-0.08527,0.0,null],[101.29894,-0.08654,0.0,null],[101.29847,-0.10326,0.0,null],[101.29188,-0.12176,0.0,null],[101.29605,-0.13787,0.0,null],[101.29558,-0.13907,0.0,null],[101.29633,-0.13979,0.0,null],[101.2958,-0.14073,0.0,null],[101.2966,-0.1418,0.0,null],[101.2964,-0.1433,0.0,null],[101.29808,-0.14559,0.0,null],[101.29823,-0.1475,0.0,null],[101.30004,-0.15222,0.0,null],[101.30304,-0.164,0.0,null],[101.31828,-0.18542,0.0,null],[101.31875,-0.18687,0.0,null],[101.31998,-0.18737,0.0,null],[101.3252,-0.19458,0.0,null],[101.32848,-0.19355,0.0,null],[101.33614,-0.2059,0.0,null],[101.33897,-0.20842,0.0,null],[101.34106,-0.21256,0.0,null],[101.3428,-0.21806,0.0,null],[101.34707,-0.22122,0.0,null],[101.35037,-0.22449,0.0,null],[101.34245,-0.24512,0.0,null],[101.34753,-0.25174,0.0,null],[101.34495,-0.25446,0.0,null],[101.34386,-0.25676,0.0,null],[101.34848,-0.25677,0.0,null],[101.34854,-0.25756,0.0,null],[101.34928,-0.25804,0.0,null],[101.34863,-0.26441,0.0,null],[101.36462,-0.26379,0.0,null],[101.37413,-0.25653,0.0,null],[101.3794,-0.25145,0.0,null],[101.38014,-0.25057,0.0,null],[101.38013,-0.24679,0.0,null],[101.38202,-0.24671,0.0,null],[101.38294,-0.24509,0.0,null],[101.38562,-0.2435,0.0,null],[101.38684,-0.24154,0.0,null],[101.38939,-0.2409,0.0,null],[101.39186,-0.24132,0.0,null],[101.39439,-0.23897,0.0,null],[101.3821,-0.21895,0.0,null],[101.38169,-0.1983,0.0,null],[101.37997,-0.19096,0.0,null],[101.37601,-0.18924,0.0,null],[101.37452,-0.18653,0.0,null],[101.37224,-0.15934,0.0,null],[101.36627,-0.15021,0.0,null],[101.36874,-0.14526,0.0,null],[101.36525,-0.13514,0.0,null],[101.36391,-0.13554,0.0,null],[101.36261,-0.13485,0.0,null],[101.36109,-0.13267,0.0,null],[101.34333,-0.0914,0.0,null],[101.33849,-0.08147,0.0,null],[101.33882,-0.08077,0.0,null],[101.34646,-0.07923,0.0,null],[101.34661,-0.07812,0.0,null],[101.34633,-0.07589,0.0,null],[101.34567,-0.07572,0.0,null],[101.34475,-0.07346,0.0,null],[101.34174,-0.06407,0.0,null],[101.3359,-0.04914,0.0,null],[101.33539,-0.04656,0.0,null],[101.33255,-0.04366,0.0,null],[101.32246,-0.02875,0.0,null],[101.32053,-0.02489,0.0,null],[101.31966,-0.0249,0.0,null],[101.28573,0.00869,0.0,null],[101.28508,0.02886,0.0,null],[101.28446,0.03314,0.0,null],[101.28539,0.04501,0.0,null],[101.28465,0.04638,0.0,null],[101.29393,0.05476,0.0,null],[101.31159,0.055,0.0,null],[101.31126,0.04726,0.0,null],[101.31294,0.04613,0.0,null],[101.31341,0.04478,0.0,null],[101.31505,0.04415,0.0,null],[101.31657,0.04496,0.0,null],[101.31726,0.04452,0.0,null],[101.3172,0.04361,0.0,null],[101.31869,0.04143,0.0,null],[101.31841,0.03971,0.0,null],[101.31956,0.03907,0.0,null],[101.32005,0.03734,0.0,null],[101.32161,0.03725,0.0,null],[101.32236,0.03816,0.0,null],[101.32277,0.03783,0.0,null],[101.32274,0.03527,0.0,null],[101.32419,0.03614,0.0,null],[101.32556,0.03433,0.0,null],[101.32656,0.03452,0.0,null],[101.32953,0.03266,0.0,null],[101.33197,0.03305,0.0,null],[101.33497,0.03122,0.0,null],[101.33763,0.03185,0.0,null],[101.33905,0.03094,0.0,null],[101.33988,0.02951,0.0,null],[101.3392,0.02839,0.0,null],[101.34113,0.02773,0.0,null],[101.34291,0.02859,0.0,null],[101.34399,0.028,0.0,null],[101.34402,0.02741,0.0,null],[101.34323,0.02713,0.0,null],[101.34676,0.02447,0.0,null],[101.34814,0.02125,0.0,null],[101.34731,0.02081,0.0,null],[101.34561,0.0213,0.0,null],[101.34526,0.02097,0.0,null],[101.34563,0.01935,0.0,null],[101.34488,0.01749,0.0,null],[101.34546,0.01836,0.0,null],[101.34624,0.01831,0.0,null],[101.34693,0.01607,0.0,null],[101.34616,0.01402,0.0,null],[101.34813,0.01528,0.0,null],[101.34969,0.01119,0.0,null],[101.35474,0.01119,0.0,null],[101.35577,0.01028,0.0,null],[101.35586,0.00422,0.0,null],[101.3549,0.00251,0.0,null],[101.35831,0.00143,0.0,null],[101.35985,0.00189,0.0,null],[101.36025,-0.00023,0.0,null],[101.36189,0.00092,0.0,null],[101.36276,5e-05,0.0,null],[101.36286,-0.00109,0.0,null],[101.36416,-0.00126,0.0,null],[101.36476,-0.00212,0.0,null],[101.36554,-0.00114,0.0,null],[101.36609,-0.00124,0.0,null],[101.3666,-0.00267,0.0,null],[101.3678,-0.00342,0.0,null],[101.36668,-0.00597,0.0,null],[101.36833,-0.00657,0.0,null],[101.36873,-0.00875,0.0,null],[101.37007,-0.01111,0.0,null],[101.37505,-0.01232,0.0,null],[101.37662,-0.01405,0.0,null],[101.37509,-0.0152,0.0,null],[101.37525,-0.01631,0.0,null],[101.37869,-0.01723,0.0,null],[101.37881,-0.0189,0.0,null],[101.38116,-0.01916,0.0,null],[101.38069,-0.02051,0.0,null],[101.38141,-0.02168,0.0,null],[101.38224,-0.02096,0.0,null],[101.3823,-0.01939,0.0,null],[101.38322,-0.01888,0.0,null],[101.38381,-0.02148,0.0,null],[101.38537,-0.0222,0.0,null],[101.3843,-0.02372,0.0,null],[101.38363,-0.03427,0.0,null],[101.38432,-0.03687,0.0,null],[101.38405,-0.03778,0.0,null],[101.38522,-0.03771,0.0,null],[101.38575,-0.03824,0.0,null],[101.38465,-0.04021,0.0,null],[101.38482,-0.04086,0.0,null],[101.38542,-0.04094,0.0,null],[101.38602,-0.03986,0.0,null],[101.38675,-0.03984,0.0,null],[101.38647,-0.04258,0.0,null],[101.3875,-0.0415,0.0,null],[101.38846,-0.04178,0.0,null],[101.38848,-0.04264,0.0,null],[101.38718,-0.04469,0.0,null],[101.38899,-0.04584,0.0,null],[101.38828,-0.04763,0.0,null],[101.38948,-0.04805,0.0,null],[101.38968,-0.04868,0.0,null],[101.38819,-0.04905,0.0,null],[101.38783,-0.0503,0.0,null],[101.38993,-0.05046,0.0,null],[101.39146,-0.04985,0.0,null],[101.39275,-0.05044,0.0,null],[101.39547,-0.04976,0.0,null],[101.3953,-0.05039,0.0,null],[101.39747,-0.04838,0.0,null],[101.39801,-0.04585,0.0,null],[101.40222,-0.03615,0.0,null],[101.40704,-0.03541,0.0,null],[101.41441,-0.0252,0.0,null],[101.41629,-0.02388,0.0,null],[101.41702,-0.02173,0.0,null],[101.42116,-0.01648,0.0,null],[101.42319,-0.01604,0.0,null],[101.42316,-0.01491,0.0,null],[101.42249,-0.0147,0.0,null],[101.42674,-0.00907,0.0,null],[101.45925,-0.00899,0.0,null],[101.46031,-0.00938,0.0,null],[101.46369,-0.00899,0.0,null],[101.46508,-0.00978,0.0,null],[101.46553,-0.00907,0.0,null],[101.53208,-0.00911,0.0,null],[101.53813,-0.02311,0.0,null],[101.53775,-0.02378,0.0,null],[101.53837,-0.02408,0.0,null],[101.53665,-0.03462,0.0,null],[101.53662,-0.03803,0.0,null],[101.54946,-0.05404,0.0,null],[101.54837,-0.05597,0.0,null],[101.54804,-0.06176,0.0,null],[101.55098,-0.06849,0.0,null],[101.55197,-0.07251,0.0,null],[101.54904,-0.0883,0.0,null],[101.55117,-0.10056,0.0,null],[101.55298,-0.1054,0.0,null],[101.55263,-0.10667,0.0,null],[101.55395,-0.11821,0.0,null],[101.55578,-0.12308,0.0,null],[101.55876,-0.126,0.0,null],[101.56599,-0.12914,0.0,null],[101.56699,-0.13031,0.0,null],[101.56791,-0.1302,0.0,null],[101.57033,-0.1314,0.0,null],[101.56513,-0.14624,0.0,null],[101.55484,-0.16133,0.0,null],[101.55474,-0.18373,0.0,null],[101.54212,-0.18344,0.0,null],[101.52255,-0.18108,0.0,null],[101.51555,-0.1815,0.0,null],[101.49537,-0.18006,0.0,null],[101.49214,-0.18027,0.0,null],[101.49296,-0.18193,0.0,null],[101.51164,-0.2004,0.0,null],[101.53804,-0.20019,0.0,null],[101.54019,-0.19642,0.0,null],[101.5538,-0.21037,0.0,null]],[[101.61596,-0.25942,0.0,null],[101.60376,-0.2471,0.0,null],[101.59939,-0.24154,0.0,null],[101.59261,-0.23575,0.0,null],[101.59104,-0.23543,0.0,null],[101.59148,-0.23483,0.0,null],[101.58802,-0.23084,0.0,null],[101.57174,-0.21375,0.0,null],[101.57148,-0.2119,0.0,null],[101.5709,-0.2121,0.0,null],[101.56853,-0.21061,0.0,null],[101.55618,-0.19703,0.0,null],[101.5536,-0.19548,0.0,null],[101.54944,-0.19134,0.0,null],[101.56788,-0.19091,0.0,null],[101.56766,-0.16476,0.0,null],[101.57952,-0.14597,0.0,null],[101.58092,-0.13725,0.0,null],[101.58567,-0.13973,0.0,null],[101.60223,-0.15357,0.0,null],[101.60514,-0.15559,0.0,null],[101.60515,-0.15519,0.0,null],[101.60687,-0.15725,0.0,null],[101.60813,-0.15784,0.0,null],[101.61399,-0.16323,0.0,null],[101.61447,-0.16475,0.0,null],[101.616,-0.16493,0.0,null],[101.62041,-0.16977,0.0,null],[101.62006,-0.1722,0.0,null],[101.62288,-0.17893,0.0,null],[101.62874,-0.18254,0.0,null],[101.63164,-0.18523,0.0,null],[101.6339,-0.19068,0.0,null],[101.6346,-0.19528,0.0,null],[101.63558,-0.19583,0.0,null],[101.6359,-0.19688,0.0,null],[101.63544,-0.19845,0.0,null],[101.63578,-0.20108,0.0,null],[101.63784,-0.20422,0.0,null],[101.63808,-0.20557,0.0,null],[101.64083,-0.20867,0.0,null],[101.6422,-0.20927,0.0,null],[101.64247,-0.21117,0.0,null],[101.64352,-0.21259,0.0,null],[101.64332,-0.21416,0.0,null],[101.64459,-0.21622,0.0,null],[101.64429,-0.21725,0.0,null],[101.64485,-0.21823,0.0,null],[101.64333,-0.22728,0.0,null],[101.6467,-0.24125,0.0,null],[101.64942,-0.24809,0.0,null],[101.64972,-0.25574,0.0,null],[101.64911,-0.25636,0.0,null],[101.64895,-0.25788,0.0,null],[101.64098,-0.2654,0.0,null],[101.63056,-0.27149,0.0,null],[101.62859,-0.27143,0.0,null],[101.62476,-0.26796,0.0,null],[101.62349,-0.26754,0.0,null],[101.62296,-0.26681,0.0,null],[101.62314,-0.26597,0.0,null],[101.62194,-0.26541,0.0,null],[101.61596,-0.25942,0.0,null]],[[101.59172,-0.13323,0.0,null],[101.59176,-0.13328,0.0,null],[101.5918,-0.13331,0.0,null],[101.59182,-0.13334,0.0,null],[101.59185,-0.13338,0.0,null],[101.59189,-0.13339,0.0,null],[101.59189,-0.1334,0.0,null],[101.59181,-0.13337,0.0,null],[101.5917,-0.13323,0.0,null],[101.59172,-0.13323,0.0,null]],[[101.57582,-0.12233,0.0,null],[101.57583,-0.12234,0.0,null],[101.57583,-0.12235,0.0,null],[101.57583,-0.12235,0.0,null],[101.57583,-0.12235,0.0,null],[101.57583,-0.12235,0.0,null],[101.57583,-0.12235,0.0,null],[101.57583,-0.12236,0.0,null],[101.57583,-0.12236,0.0,null],[101.57583,-0.12237,0.0,null],[101.57576,-0.12229,0.0,null],[101.57576,-0.12228,0.0,null],[101.57576,-0.12227,0.0,null],[101.57576,-0.12227,0.0,null],[101.57576,-0.12227,0.0,null],[101.57576,-0.12227,0.0,null],[101.57576,-0.12227,0.0,null],[101.57576,-0.12226,0.0,null],[101.57576,-0.12226,0.0,null],[101.57576,-0.12226,0.0,null],[101.57576,-0.12226,0.0,null],[101.57576,-0.12226,0.0,null],[101.57577,-0.12226,0.0,null],[101.57577,-0.12225,0.0,null],[101.57577,-0.12225,0.0,null],[101.57577,-0.12225,0.0,null],[101.57577,-0.12225,0.0,null],[101.57577,-0.12225,0.0,null],[101.57577,-0.12225,0.0,null],[101.57577,-0.12225,0.0,null],[101.57577,-0.12225,0.0,null],[101.57578,-0.12224,0.0,null],[101.57578,-0.12224,0.0,null],[101.57578,-0.12224,0.0,null],[101.57578,-0.12224,0.0,null],[101.57578,-0.12224,0.0,null],[101.57578,-0.12224,0.0,null],[101.57579,-0.12224,0.0,null],[101.57579,-0.12224,0.0,null],[101.57579,-0.12224,0.0,null],[101.57579,-0.12224,0.0,null],[101.57579,-0.12224,0.0,null],[101.57579,-0.12224,0.0,null],[101.5758,-0.12224,0.0,null],[101.5758,-0.12224,0.0,null],[101.5758,-0.12224,0.0,null],[101.5758,-0.12224,0.0,null],[101.5758,-0.12224,0.0,null],[101.5758,-0.12225,0.0,null],[101.57581,-0.12225,0.0,null],[101.57581,-0.12225,0.0,null],[101.57581,-0.12225,0.0,null],[101.57581,-0.12225,0.0,null],[101.57581,-0.12225,0.0,null],[101.57581,-0.12225,0.0,null],[101.57581,-0.12225,0.0,null],[101.57581,-0.12225,0.0,null],[101.57581,-0.12226,0.0,null],[101.57581,-0.12226,0.0,null],[101.57581,-0.12226,0.0,null],[101.57582,-0.12226,0.0,null],[101.57582,-0.12226,0.0,null],[101.57582,-0.12226,0.0,null],[101.57582,-0.12227,0.0,null],[101.57582,-0.12227,0.0,null],[101.57582,-0.12228,0.0,null],[101.57581,-0.12228,0.0,null],[101.57582,-0.12231,0.0,null],[101.57582,-0.12232,0.0,null],[101.57582,-0.12233,0.0,null]]],[[[102.27422,1.39243,0.0,null],[102.26015,1.39204,0.0,null],[102.23996,1.38254,0.0,null],[102.23236,1.3761,0.0,null],[102.23224,1.36785,0.0,null],[102.23322,1.36446,0.0,null],[102.23444,1.35549,0.0,null],[102.23259,1.34477,0.0,null],[102.22956,1.33322,0.0,null],[102.21587,1.29489,0.0,null],[102.22718,1.26329,0.0,null],[102.23053,1.25688,0.0,null],[102.23942,1.25141,0.0,null],[102.24834,1.2361,0.0,null],[102.25201,1.22598,0.0,null],[102.25733,1.22288,0.0,null],[102.25555,1.20341,0.0,null],[102.25563,1.19629,0.0,null],[102.25201,1.18615,0.0,null],[102.25579,1.17625,0.0,null],[102.25654,1.17231,0.0,null],[102.25134,1.14249,0.0,null],[102.24868,1.13401,0.0,null],[102.24841,1.11624,0.0,null],[102.25206,1.09897,0.0,null],[102.26235,1.07367,0.0,null],[102.27284,1.04186,0.0,null],[102.28114,1.02079,0.0,null],[102.28308,1.01767,0.0,null],[102.28737,1.01388,0.0,null],[102.28851,1.01163,0.0,null],[102.29578,1.00539,0.0,null],[102.30746,0.99658,0.0,null],[102.30724,0.99708,0.0,null],[102.30779,0.99658,0.0,null],[102.31156,0.99655,0.0,null],[102.31462,0.99433,0.0,null],[102.32408,0.98656,0.0,null],[102.3259,0.98576,0.0,null],[102.32696,0.98247,0.0,null],[102.32784,0.98262,0.0,null],[102.33506,0.99059,0.0,null],[102.33647,0.9893,0.0,null],[102.34328,0.99565,0.0,null],[102.34669,0.99271,0.0,null],[102.35809,1.00446,0.0,null],[102.3615,1.00658,0.0,null],[102.36044,0.98754,0.0,null],[102.36362,0.9846,0.0,null],[102.37279,0.98895,0.0,null],[102.37643,0.9853,0.0,null],[102.38031,0.9826,0.0,null],[102.38948,0.97449,0.0,null],[102.39994,0.9873,0.0,null],[102.39935,0.98777,0.0,null],[102.42108,0.98804,0.0,null],[102.42092,1.0168,0.0,null],[102.38236,1.01649,0.0,null],[102.37936,1.02217,0.0,null],[102.37257,1.02107,0.0,null],[102.37115,1.02407,0.0,null],[102.35471,1.07463,0.0,null],[102.34526,1.11151,0.0,null],[102.33812,1.10825,0.0,null],[102.31983,1.09326,0.0,null],[102.30309,1.09001,0.0,null],[102.28673,1.08165,0.0,null],[102.27926,1.09664,0.0,null],[102.27937,1.11165,0.0,null],[102.28137,1.12007,0.0,null],[102.28122,1.1309,0.0,null],[102.28422,1.13668,0.0,null],[102.28579,1.14225,0.0,null],[102.29671,1.14489,0.0,null],[102.3047,1.14496,0.0,null],[102.3087,1.14768,0.0,null],[102.31084,1.15403,0.0,null],[102.31049,1.16125,0.0,null],[102.30397,1.18095,0.0,null],[102.30354,1.19391,0.0,null],[102.3009,1.20419,0.0,null],[102.2864,1.23209,0.0,null],[102.27378,1.25165,0.0,null],[102.26955,1.25539,0.0,null],[102.26177,1.27167,0.0,null],[102.25554,1.2798,0.0,null],[102.25467,1.2861,0.0,null],[102.25117,1.2903,0.0,null],[102.24773,1.29876,0.0,null],[102.24055,1.32575,0.0,null],[102.25919,1.32959,0.0,null],[102.27653,1.32978,0.0,null],[102.29922,1.32861,0.0,null],[102.30559,1.32512,0.0,null],[102.3118,1.31822,0.0,null],[102.31944,1.29666,0.0,null],[102.32014,1.28319,0.0,null],[102.33944,1.27533,0.0,null],[102.35322,1.27241,0.0,null],[102.3678,1.26497,0.0,null],[102.38692,1.24863,0.0,null],[102.40395,1.23049,0.0,null],[102.40773,1.21975,0.0,null],[102.40931,1.20658,0.0,null],[102.40524,1.18002,0.0,null],[102.39182,1.16285,0.0,null],[102.38138,1.15291,0.0,null],[102.37899,1.1481,0.0,null],[102.40476,1.13369,0.0,null],[102.40638,1.13299,0.0,null],[102.40662,1.14066,0.0,null],[102.41434,1.13968,0.0,null],[102.4197,1.14253,0.0,null],[102.41714,1.1504,0.0,null],[102.42352,1.15492,0.0,null],[102.42828,1.15501,0.0,null],[102.42846,1.15585,0.0,null],[102.43014,1.17464,0.0,null],[102.41967,1.18273,0.0,null],[102.4204,1.1944,0.0,null],[102.41684,1.19439,0.0,null],[102.4146,1.19537,0.0,null],[102.41624,1.1973,0.0,null],[102.4214,1.20025,0.0,null],[102.42348,1.22499,0.0,null],[102.40764,1.23492,0.0,null],[102.41004,1.24702,0.0,null],[102.38287,1.26787,0.0,null],[102.38073,1.26941,0.0,null],[102.37904,1.26741,0.0,null],[102.37857,1.26455,0.0,null],[102.37612,1.26126,0.0,null],[102.37412,1.26224,0.0,null],[102.37411,1.26414,0.0,null],[102.37056,1.2694,0.0,null],[102.37346,1.27402,0.0,null],[102.35285,1.2891,0.0,null],[102.34248,1.30296,0.0,null],[102.32374,1.33009,0.0,null],[102.32073,1.33193,0.0,null],[102.30889,1.34226,0.0,null],[102.30832,1.34482,0.0,null],[102.3005,1.34962,0.0,null],[102.29575,1.36357,0.0,null],[102.29406,1.3658,0.0,null],[102.29416,1.37552,0.0,null],[102.29156,1.38511,0.0,null],[102.28736,1.38976,0.0,null],[102.28121,1.3924,0.0,null],[102.27422,1.39243,0.0,null]]],[[[101.8288,-0.58194,0.0,null],[101.82885,-0.58024,0.0,null],[101.82813,-0.57982,0.0,null],[101.82866,-0.5785,0.0,null],[101.82861,-0.57596,0.0,null],[101.82426,-0.57579,0.0,null],[101.82421,-0.58751,0.0,null],[101.78808,-0.58853,0.0,null],[101.78326,-0.58847,0.0,null],[101.78284,-0.58799,0.0,null],[101.78107,-0.58847,0.0,null],[101.78093,-0.5975,0.0,null],[101.77838,-0.59722,0.0,null],[101.75105,-0.59839,0.0,null],[101.72928,-0.59857,0.0,null],[101.7168,-0.59811,0.0,null],[101.71122,-0.59927,0.0,null],[101.70995,-0.59828,0.0,null],[101.66455,-0.59938,0.0,null],[101.63937,-0.61727,0.0,null],[101.6333,-0.62319,0.0,null],[101.63189,-0.62303,0.0,null],[101.6295,-0.62539,0.0,null],[101.61585,-0.62578,0.0,null],[101.61101,-0.62958,0.0,null],[101.60786,-0.63332,0.0,null],[101.60056,-0.63405,0.0,null],[101.59918,-0.63549,0.0,null],[101.59644,-0.64218,0.0,null],[101.59499,-0.64431,0.0,null],[101.58687,-0.65261,0.0,null],[101.58256,-0.65944,0.0,null],[101.58177,-0.65997,0.0,null],[101.57885,-0.6597,0.0,null],[101.5772,-0.6611,0.0,null],[101.57848,-0.66257,0.0,null],[101.57874,-0.66495,0.0,null],[101.58051,-0.66514,0.0,null],[101.57829,-0.66808,0.0,null],[101.57755,-0.67566,0.0,null],[101.58279,-0.67585,0.0,null],[101.58362,-0.67637,0.0,null],[101.58344,-0.69753,0.0,null],[101.58048,-0.70146,0.0,null],[101.58105,-0.70217,0.0,null],[101.58035,-0.70428,0.0,null],[101.58952,-0.70714,0.0,null],[101.63858,-0.71427,0.0,null],[101.66159,-0.72073,0.0,null],[101.66342,-0.72292,0.0,null],[101.67734,-0.72393,0.0,null],[101.68188,-0.72326,0.0,null],[101.68362,-0.72352,0.0,null],[101.70444,-0.72032,0.0,null],[101.71289,-0.7187,0.0,null],[101.72193,-0.71601,0.0,null],[101.72632,-0.71411,0.0,null],[101.72458,-0.71319,0.0,null],[101.7218,-0.71375,0.0,null],[101.72253,-0.712,0.0,null],[101.7233,-0.71124,0.0,null],[101.72434,-0.71129,0.0,null],[101.7241,-0.71075,0.0,null],[101.73618,-0.69964,0.0,null],[101.74064,-0.70184,0.0,null],[101.7412,-0.70624,0.0,null],[101.74186,-0.7063,0.0,null],[101.74356,-0.70415,0.0,null],[101.74809,-0.70215,0.0,null],[101.74878,-0.69985,0.0,null],[101.74999,-0.69934,0.0,null],[101.75269,-0.69996,0.0,null],[101.75314,-0.70137,0.0,null],[101.75385,-0.7015,0.0,null],[101.75519,-0.69968,0.0,null],[101.7532,-0.69799,0.0,null],[101.75368,-0.69712,0.0,null],[101.75459,-0.69701,0.0,null],[101.75721,-0.69814,0.0,null],[101.7571,-0.69639,0.0,null],[101.76243,-0.68971,0.0,null],[101.77065,-0.68406,0.0,null],[101.77661,-0.68207,0.0,null],[101.78654,-0.67586,0.0,null],[101.79391,-0.66947,0.0,null],[101.79681,-0.66926,0.0,null],[101.8027,-0.66772,0.0,null],[101.81103,-0.66363,0.0,null],[101.8142,-0.66122,0.0,null],[101.83294,-0.64363,0.0,null],[101.83771,-0.63723,0.0,null],[101.84045,-0.63282,0.0,null],[101.84423,-0.62385,0.0,null],[101.84555,-0.61872,0.0,null],[101.84622,-0.60784,0.0,null],[101.84162,-0.60549,0.0,null],[101.84332,-0.60427,0.0,null],[101.84219,-0.60297,0.0,null],[101.84096,-0.60334,0.0,null],[101.84052,-0.60126,0.0,null],[101.83958,-0.6016,0.0,null],[101.83945,-0.60051,0.0,null],[101.83836,-0.60144,0.0,null],[101.83677,-0.60133,0.0,null],[101.83267,-0.59896,0.0,null],[101.8298,-0.5956,0.0,null],[101.82881,-0.59325,0.0,null],[101.8303,-0.59146,0.0,null],[101.83101,-0.5892,0.0,null],[101.83099,-0.58767,0.0,null],[101.83032,-0.58679,0.0,null],[101.83156,-0.58303,0.0,null],[101.83032,-0.58188,0.0,null],[101.8288,-0.58194,0.0,null]]],[[[101.25223,-0.07636,0.0,null],[101.25198,-0.07437,0.0,null],[101.24868,-0.07456,0.0,null],[101.24523,-0.0771,0.0,null],[101.24271,-0.0779,0.0,null],[101.24218,-0.07924,0.0,null],[101.24032,-0.08031,0.0,null],[101.23912,-0.08044,0.0,null],[101.23673,-0.07884,0.0,null],[101.23487,-0.08004,0.0,null],[101.23341,-0.08004,0.0,null],[101.23275,-0.08272,0.0,null],[101.22863,-0.08031,0.0,null],[101.22571,-0.07964,0.0,null],[101.22319,-0.08165,0.0,null],[101.22319,-0.08339,0.0,null],[101.22186,-0.08552,0.0,null],[101.22279,-0.08659,0.0,null],[101.22261,-0.08718,0.0,null],[101.20566,-0.09167,0.0,null],[101.19809,-0.09756,0.0,null],[101.17906,-0.08799,0.0,null],[101.17767,-0.08958,0.0,null],[101.17332,-0.09243,0.0,null],[101.16938,-0.09397,0.0,null],[101.16828,-0.09525,0.0,null],[101.16896,-0.10977,0.0,null],[101.16943,-0.11067,0.0,null],[101.18163,-0.11761,0.0,null],[101.18017,-0.11908,0.0,null],[101.17725,-0.11988,0.0,null],[101.17582,-0.12087,0.0,null],[101.17988,-0.12658,0.0,null],[101.18148,-0.13127,0.0,null],[101.18423,-0.1348,0.0,null],[101.18578,-0.13881,0.0,null],[101.18557,-0.14027,0.0,null],[101.18774,-0.1443,0.0,null],[101.1923,-0.14804,0.0,null],[101.19237,-0.14896,0.0,null],[101.24117,-0.19766,0.0,null],[101.24304,-0.2011,0.0,null],[101.23977,-0.20456,0.0,null],[101.23193,-0.21738,0.0,null],[101.23038,-0.21856,0.0,null],[101.22957,-0.21999,0.0,null],[101.23058,-0.22057,0.0,null],[101.23106,-0.22198,0.0,null],[101.23375,-0.22041,0.0,null],[101.23353,-0.22205,0.0,null],[101.23227,-0.22348,0.0,null],[101.23286,-0.22434,0.0,null],[101.23564,-0.2243,0.0,null],[101.23703,-0.22627,0.0,null],[101.23858,-0.22731,0.0,null],[101.24377,-0.22737,0.0,null],[101.24956,-0.2304,0.0,null],[101.24915,-0.23112,0.0,null],[101.2452,-0.231,0.0,null],[101.2404,-0.23189,0.0,null],[101.23746,-0.23464,0.0,null],[101.23597,-0.2372,0.0,null],[101.24193,-0.24048,0.0,null],[101.24377,-0.251,0.0,null],[101.25043,-0.27159,0.0,null],[101.266,-0.28172,0.0,null],[101.27283,-0.2847,0.0,null],[101.27232,-0.28617,0.0,null],[101.26951,-0.28846,0.0,null],[101.2658,-0.28916,0.0,null],[101.26138,-0.28899,0.0,null],[101.25772,-0.28773,0.0,null],[101.2542,-0.28553,0.0,null],[101.25085,-0.28464,0.0,null],[101.24546,-0.28367,0.0,null],[101.24313,-0.28386,0.0,null],[101.24057,-0.28545,0.0,null],[101.23763,-0.28906,0.0,null],[101.23013,-0.29255,0.0,null],[101.23022,-0.29579,0.0,null],[101.22949,-0.29688,0.0,null],[101.22768,-0.29666,0.0,null],[101.22672,-0.29734,0.0,null],[101.22459,-0.30146,0.0,null],[101.2243,-0.30414,0.0,null],[101.22337,-0.30574,0.0,null],[101.22138,-0.30527,0.0,null],[101.21715,-0.30239,0.0,null],[101.21549,-0.30214,0.0,null],[101.21593,-0.30058,0.0,null],[101.21558,-0.29994,0.0,null],[101.21461,-0.30067,0.0,null],[101.21368,-0.30401,0.0,null],[101.20978,-0.30475,0.0,null],[101.20695,-0.30441,0.0,null],[101.20038,-0.30584,0.0,null],[101.19996,-0.30752,0.0,null],[101.20595,-0.31763,0.0,null],[101.20782,-0.32248,0.0,null],[101.2126,-0.33103,0.0,null],[101.21455,-0.33639,0.0,null],[101.21404,-0.34241,0.0,null],[101.21035,-0.35231,0.0,null],[101.20657,-0.35802,0.0,null],[101.20557,-0.36078,0.0,null],[101.20778,-0.36425,0.0,null],[101.22663,-0.3664,0.0,null],[101.23547,-0.36883,0.0,null],[101.2401,-0.36953,0.0,null],[101.24886,-0.36857,0.0,null],[101.26089,-0.36811,0.0,null],[101.26173,-0.36992,0.0,null],[101.26294,-0.37016,0.0,null],[101.2814,-0.40013,0.0,null],[101.28242,-0.40014,0.0,null],[101.28579,-0.40521,0.0,null],[101.28977,-0.40791,0.0,null],[101.29363,-0.40584,0.0,null],[101.30138,-0.39174,0.0,null],[101.30189,-0.38579,0.0,null],[101.30137,-0.38397,0.0,null],[101.30211,-0.3798,0.0,null],[101.30473,-0.37634,0.0,null],[101.31127,-0.37087,0.0,null],[101.31371,-0.36394,0.0,null],[101.30724,-0.34837,0.0,null],[101.30688,-0.34524,0.0,null],[101.3056,-0.34475,0.0,null],[101.30598,-0.34231,0.0,null],[101.31339,-0.34189,0.0,null],[101.3146,-0.34035,0.0,null],[101.31725,-0.34061,0.0,null],[101.31973,-0.33985,0.0,null],[101.32171,-0.34,0.0,null],[101.32077,-0.3384,0.0,null],[101.31956,-0.33921,0.0,null],[101.31846,-0.33918,0.0,null],[101.31728,-0.33763,0.0,null],[101.3175,-0.33477,0.0,null],[101.31899,-0.33424,0.0,null],[101.32034,-0.33499,0.0,null],[101.32163,-0.3344,0.0,null],[101.32103,-0.33403,0.0,null],[101.32111,-0.33305,0.0,null],[101.31901,-0.33208,0.0,null],[101.3187,-0.33111,0.0,null],[101.31911,-0.32989,0.0,null],[101.31506,-0.32905,0.0,null],[101.31219,-0.33344,0.0,null],[101.31092,-0.33269,0.0,null],[101.30898,-0.33278,0.0,null],[101.30757,-0.32808,0.0,null],[101.3092,-0.32783,0.0,null],[101.30856,-0.32693,0.0,null],[101.31126,-0.3255,0.0,null],[101.31254,-0.32559,0.0,null],[101.31731,-0.32388,0.0,null],[101.32063,-0.32344,0.0,null],[101.32088,-0.32287,0.0,null],[101.32265,-0.32304,0.0,null],[101.32146,-0.32009,0.0,null],[101.31556,-0.31977,0.0,null],[101.31081,-0.31844,0.0,null],[101.30436,-0.3201,0.0,null],[101.30225,-0.32015,0.0,null],[101.30196,-0.32166,0.0,null],[101.29778,-0.3217,0.0,null],[101.29726,-0.323,0.0,null],[101.2948,-0.32278,0.0,null],[101.29241,-0.32348,0.0,null],[101.29259,-0.31811,0.0,null],[101.29168,-0.31055,0.0,null],[101.28764,-0.29018,0.0,null],[101.28884,-0.28723,0.0,null],[101.28852,-0.26979,0.0,null],[101.28323,-0.26966,0.0,null],[101.28288,-0.26014,0.0,null],[101.27766,-0.26034,0.0,null],[101.27831,-0.25842,0.0,null],[101.28028,-0.25715,0.0,null],[101.28008,-0.25549,0.0,null],[101.28077,-0.25213,0.0,null],[101.282,-0.24851,0.0,null],[101.28292,-0.24815,0.0,null],[101.2831,-0.24747,0.0,null],[101.28207,-0.24646,0.0,null],[101.28344,-0.24516,0.0,null],[101.28297,-0.24447,0.0,null],[101.2836,-0.24138,0.0,null],[101.28253,-0.23887,0.0,null],[101.27938,-0.23826,0.0,null],[101.27969,-0.23702,0.0,null],[101.2787,-0.23551,0.0,null],[101.2784,-0.23634,0.0,null],[101.27722,-0.23638,0.0,null],[101.27605,-0.233,0.0,null],[101.27723,-0.23261,0.0,null],[101.27735,-0.23106,0.0,null],[101.27851,-0.2306,0.0,null],[101.28246,-0.2305,0.0,null],[101.28226,-0.22966,0.0,null],[101.28026,-0.22884,0.0,null],[101.28023,-0.22816,0.0,null],[101.28304,-0.22733,0.0,null],[101.28636,-0.22751,0.0,null],[101.2867,-0.2285,0.0,null],[101.28804,-0.22869,0.0,null],[101.28911,-0.22804,0.0,null],[101.28959,-0.2286,0.0,null],[101.29004,-0.22739,0.0,null],[101.29212,-0.22862,0.0,null],[101.29346,-0.22786,0.0,null],[101.29405,-0.22692,0.0,null],[101.29272,-0.22695,0.0,null],[101.29238,-0.22635,0.0,null],[101.29408,-0.22506,0.0,null],[101.29261,-0.22366,0.0,null],[101.29264,-0.22141,0.0,null],[101.29478,-0.21945,0.0,null],[101.29372,-0.21808,0.0,null],[101.29314,-0.21595,0.0,null],[101.29392,-0.21422,0.0,null],[101.29295,-0.21097,0.0,null],[101.29185,-0.2084,0.0,null],[101.29104,-0.20804,0.0,null],[101.29124,-0.20612,0.0,null],[101.2905,-0.20578,0.0,null],[101.29027,-0.20469,0.0,null],[101.2896,-0.20477,0.0,null],[101.28945,-0.20561,0.0,null],[101.28838,-0.2058,0.0,null],[101.28165,-0.20426,0.0,null],[101.28109,-0.20318,0.0,null],[101.28378,-0.20273,0.0,null],[101.28738,-0.20064,0.0,null],[101.28761,-0.19911,0.0,null],[101.28879,-0.19792,0.0,null],[101.28927,-0.1964,0.0,null],[101.28848,-0.19558,0.0,null],[101.28857,-0.19431,0.0,null],[101.27961,-0.18068,0.0,null],[101.26872,-0.16516,0.0,null],[101.26688,-0.16802,0.0,null],[101.26527,-0.16814,0.0,null],[101.26453,-0.16923,0.0,null],[101.26398,-0.16887,0.0,null],[101.26347,-0.16964,0.0,null],[101.26218,-0.16958,0.0,null],[101.26067,-0.16812,0.0,null],[101.26016,-0.16904,0.0,null],[101.25726,-0.17017,0.0,null],[101.25658,-0.16962,0.0,null],[101.25587,-0.17003,0.0,null],[101.25432,-0.16848,0.0,null],[101.25552,-0.16745,0.0,null],[101.25619,-0.16405,0.0,null],[101.25423,-0.16235,0.0,null],[101.25471,-0.15966,0.0,null],[101.25309,-0.15896,0.0,null],[101.25313,-0.15805,0.0,null],[101.25472,-0.15618,0.0,null],[101.25578,-0.15606,0.0,null],[101.25845,-0.1529,0.0,null],[101.25713,-0.15149,0.0,null],[101.25535,-0.1518,0.0,null],[101.25337,-0.15076,0.0,null],[101.25209,-0.14797,0.0,null],[101.25351,-0.14674,0.0,null],[101.25266,-0.14546,0.0,null],[101.25335,-0.14447,0.0,null],[101.25394,-0.14481,0.0,null],[101.25636,-0.14401,0.0,null],[101.25661,-0.1417,0.0,null],[101.25666,-0.14008,0.0,null],[101.255,-0.138,0.0,null],[101.25671,-0.13644,0.0,null],[101.25673,-0.13458,0.0,null],[101.2552,-0.13232,0.0,null],[101.25527,-0.13039,0.0,null],[101.25361,-0.12722,0.0,null],[101.25447,-0.12342,0.0,null],[101.25387,-0.11783,0.0,null],[101.25571,-0.11627,0.0,null],[101.25971,-0.11615,0.0,null],[101.25745,-0.1032,0.0,null],[101.25596,-0.09831,0.0,null],[101.25643,-0.09656,0.0,null],[101.25555,-0.09552,0.0,null],[101.25223,-0.07636,0.0,null]]],[[[101.79185,0.94042,0.0,null],[101.77034,0.94257,0.0,null],[101.69736,0.96742,0.0,null],[101.64386,0.9134,0.0,null],[101.64693,0.91161,0.0,null],[101.66536,0.8969,0.0,null],[101.67475,0.88492,0.0,null],[101.69459,0.86892,0.0,null],[101.69531,0.86745,0.0,null],[101.69702,0.86751,0.0,null],[101.70814,0.86088,0.0,null],[101.71696,0.85318,0.0,null],[101.71848,0.85264,0.0,null],[101.71993,0.85041,0.0,null],[101.72347,0.84767,0.0,null],[101.72784,0.84322,0.0,null],[101.75677,0.82786,0.0,null],[101.75723,0.8258,0.0,null],[101.75567,0.82431,0.0,null],[101.75359,0.81942,0.0,null],[101.75376,0.81325,0.0,null],[101.75469,0.81174,0.0,null],[101.75395,0.81105,0.0,null],[101.75393,0.81014,0.0,null],[101.75231,0.80941,0.0,null],[101.75219,0.80854,0.0,null],[101.75253,0.80743,0.0,null],[101.75397,0.80836,0.0,null],[101.7547,0.80795,0.0,null],[101.75532,0.80444,0.0,null],[101.7571,0.80385,0.0,null],[101.76145,0.80661,0.0,null],[101.76406,0.80723,0.0,null],[101.76486,0.80679,0.0,null],[101.76838,0.8071,0.0,null],[101.77143,0.80622,0.0,null],[101.77247,0.80537,0.0,null],[101.77189,0.80403,0.0,null],[101.77252,0.80257,0.0,null],[101.7775,0.8004,0.0,null],[101.78285,0.79941,0.0,null],[101.78677,0.79967,0.0,null],[101.79237,0.80434,0.0,null],[101.79278,0.80639,0.0,null],[101.79451,0.8082,0.0,null],[101.79406,0.81009,0.0,null],[101.79517,0.81104,0.0,null],[101.79744,0.81157,0.0,null],[101.80043,0.81389,0.0,null],[101.80253,0.81663,0.0,null],[101.80318,0.81898,0.0,null],[101.80419,0.81982,0.0,null],[101.80471,0.81854,0.0,null],[101.80177,0.81452,0.0,null],[101.80247,0.81384,0.0,null],[101.80019,0.81192,0.0,null],[101.79988,0.81103,0.0,null],[101.7998,0.80005,0.0,null],[101.81416,0.79749,0.0,null],[101.82825,0.80118,0.0,null],[101.82799,0.86285,0.0,null],[101.83145,0.86732,0.0,null],[101.83462,0.88507,0.0,null],[101.82801,0.89983,0.0,null],[101.82355,0.91707,0.0,null],[101.8197,0.92218,0.0,null],[101.81433,0.92652,0.0,null],[101.81426,0.94033,0.0,null],[101.79185,0.94042,0.0,null]]],[[[101.96262,-0.05183,0.0,null],[101.94857,-0.05382,0.0,null],[101.93954,-0.05677,0.0,null],[101.92543,-0.06689,0.0,null],[101.9135,-0.0773,0.0,null],[101.90086,-0.09255,0.0,null],[101.89563,-0.09967,0.0,null],[101.88831,-0.11754,0.0,null],[101.88711,-0.12937,0.0,null],[101.88787,-0.13452,0.0,null],[101.87955,-0.13456,0.0,null],[101.86915,-0.10968,0.0,null],[101.86911,-0.10708,0.0,null],[101.86203,-0.09785,0.0,null],[101.86117,-0.09753,0.0,null],[101.86118,-0.10147,0.0,null],[101.86098,-0.10196,0.0,null],[101.86054,-0.10154,0.0,null],[101.86081,-0.10214,0.0,null],[101.86016,-0.10313,0.0,null],[101.86101,-0.10251,0.0,null],[101.86118,-0.10292,0.0,null],[101.86047,-0.10746,0.0,null],[101.86102,-0.10822,0.0,null],[101.8617,-0.11571,0.0,null],[101.86228,-0.11647,0.0,null],[101.862,-0.11825,0.0,null],[101.86334,-0.13533,0.0,null],[102.05052,-0.20164,0.0,null],[102.05033,-0.20105,0.0,null],[102.05082,-0.20084,0.0,null],[102.0498,-0.20045,0.0,null],[102.05022,-0.20004,0.0,null],[102.0489,-0.19891,0.0,null],[102.04852,-0.19742,0.0,null],[102.04917,-0.19732,0.0,null],[102.04833,-0.19638,0.0,null],[102.04843,-0.19584,0.0,null],[102.04886,-0.19599,0.0,null],[102.04837,-0.19536,0.0,null],[102.04897,-0.19533,0.0,null],[102.04843,-0.19486,0.0,null],[102.04874,-0.19374,0.0,null],[102.04802,-0.19302,0.0,null],[102.04825,-0.19176,0.0,null],[102.04739,-0.19054,0.0,null],[102.04762,-0.1894,0.0,null],[102.04719,-0.18884,0.0,null],[102.04775,-0.1841,0.0,null],[102.04712,-0.18394,0.0,null],[102.04737,-0.18301,0.0,null],[102.04614,-0.18262,0.0,null],[102.04595,-0.1816,0.0,null],[102.04654,-0.18097,0.0,null],[102.0458,-0.18096,0.0,null],[102.04592,-0.18013,0.0,null],[102.04512,-0.17997,0.0,null],[102.04497,-0.17903,0.0,null],[102.04433,-0.17933,0.0,null],[102.04206,-0.1773,0.0,null],[102.04004,-0.17454,0.0,null],[102.03559,-0.17481,0.0,null],[102.03526,-0.17298,0.0,null],[102.03453,-0.17211,0.0,null],[102.03481,-0.1705,0.0,null],[102.03314,-0.1687,0.0,null],[102.03156,-0.16791,0.0,null],[102.03135,-0.16453,0.0,null],[102.02936,-0.16472,0.0,null],[102.02616,-0.1665,0.0,null],[102.02588,-0.16921,0.0,null],[102.02466,-0.16848,0.0,null],[102.0238,-0.1694,0.0,null],[102.02389,-0.1726,0.0,null],[102.02482,-0.17441,0.0,null],[102.02571,-0.17946,0.0,null],[102.0172,-0.17947,0.0,null],[102.01491,-0.18099,0.0,null],[102.01378,-0.18278,0.0,null],[102.01313,-0.18266,0.0,null],[102.01326,-0.17956,0.0,null],[102.01278,-0.17834,0.0,null],[102.01138,-0.17949,0.0,null],[102.01098,-0.18068,0.0,null],[102.01016,-0.18,0.0,null],[102.00842,-0.17999,0.0,null],[102.00812,-0.17942,0.0,null],[102.00477,-0.18053,0.0,null],[102.0031,-0.1805,0.0,null],[102.00214,-0.17987,0.0,null],[102.00136,-0.18005,0.0,null],[102.00111,-0.17822,0.0,null],[101.99791,-0.18041,0.0,null],[101.99676,-0.17997,0.0,null],[101.99585,-0.17911,0.0,null],[101.99591,-0.17776,0.0,null],[101.99498,-0.17746,0.0,null],[101.99454,-0.17649,0.0,null],[101.99441,-0.17457,0.0,null],[101.99502,-0.17296,0.0,null],[101.99418,-0.17285,0.0,null],[101.99413,-0.17348,0.0,null],[101.9929,-0.17209,0.0,null],[101.99203,-0.17236,0.0,null],[101.99126,-0.17146,0.0,null],[101.99076,-0.17153,0.0,null],[101.99033,-0.17309,0.0,null],[101.98889,-0.1718,0.0,null],[101.98844,-0.17235,0.0,null],[101.98736,-0.17189,0.0,null],[101.98727,-0.17106,0.0,null],[101.98385,-0.16628,0.0,null],[101.9821,-0.16163,0.0,null],[101.98244,-0.16122,0.0,null],[101.98168,-0.16064,0.0,null],[101.98304,-0.15905,0.0,null],[101.98228,-0.15785,0.0,null],[101.98249,-0.1572,0.0,null],[101.98347,-0.1566,0.0,null],[101.98402,-0.15749,0.0,null],[101.98492,-0.15748,0.0,null],[101.98463,-0.15601,0.0,null],[101.9853,-0.15515,0.0,null],[101.98507,-0.15389,0.0,null],[101.9855,-0.15338,0.0,null],[101.98725,-0.1539,0.0,null],[101.98967,-0.15339,0.0,null],[101.99002,-0.15271,0.0,null],[101.98931,-0.15049,0.0,null],[101.99053,-0.15068,0.0,null],[101.99164,-0.14885,0.0,null],[101.99287,-0.15029,0.0,null],[101.99283,-0.14775,0.0,null],[101.99465,-0.1464,0.0,null],[101.99654,-0.14652,0.0,null],[101.99613,-0.14536,0.0,null],[101.9971,-0.14366,0.0,null],[101.99622,-0.14294,0.0,null],[101.99619,-0.14218,0.0,null],[101.99724,-0.14181,0.0,null],[101.99857,-0.13927,0.0,null],[102.00017,-0.14038,0.0,null],[102.00213,-0.13565,0.0,null],[102.00491,-0.13462,0.0,null],[102.00508,-0.13362,0.0,null],[102.00415,-0.13166,0.0,null],[102.00482,-0.12862,0.0,null],[102.00691,-0.1288,0.0,null],[102.00883,-0.12751,0.0,null],[102.00894,-0.12544,0.0,null],[102.01163,-0.12298,0.0,null],[102.01035,-0.12258,0.0,null],[102.00901,-0.12051,0.0,null],[102.00849,-0.12082,0.0,null],[102.00795,-0.12036,0.0,null],[102.00723,-0.11919,0.0,null],[102.00756,-0.11797,0.0,null],[102.02429,-0.11777,0.0,null],[102.02422,-0.12007,0.0,null],[102.03435,-0.12011,0.0,null],[102.03446,-0.11852,0.0,null],[102.0328,-0.11644,0.0,null],[102.03251,-0.11693,0.0,null],[102.03137,-0.11644,0.0,null],[102.03167,-0.11307,0.0,null],[102.03027,-0.11338,0.0,null],[102.0277,-0.11191,0.0,null],[102.02674,-0.11052,0.0,null],[102.02682,-0.10969,0.0,null],[102.02585,-0.10948,0.0,null],[102.02566,-0.10823,0.0,null],[102.02437,-0.10831,0.0,null],[102.0246,-0.10746,0.0,null],[102.02408,-0.10632,0.0,null],[102.02347,-0.10619,0.0,null],[102.02346,-0.10541,0.0,null],[102.02407,-0.10507,0.0,null],[102.02339,-0.10329,0.0,null],[102.02405,-0.10115,0.0,null],[102.02385,-0.10003,0.0,null],[102.0218,-0.09843,0.0,null],[102.02059,-0.09926,0.0,null],[102.02099,-0.09817,0.0,null],[102.01958,-0.09751,0.0,null],[102.02006,-0.09473,0.0,null],[102.01869,-0.09145,0.0,null],[102.01689,-0.09116,0.0,null],[102.01603,-0.08926,0.0,null],[102.01461,-0.08859,0.0,null],[102.0152,-0.08794,0.0,null],[102.01619,-0.08801,0.0,null],[102.01656,-0.08693,0.0,null],[102.01575,-0.0864,0.0,null],[102.01468,-0.08367,0.0,null],[102.01211,-0.08023,0.0,null],[102.01059,-0.07718,0.0,null],[102.0104,-0.07468,0.0,null],[102.00862,-0.0738,0.0,null],[102.00728,-0.07066,0.0,null],[102.00609,-0.06955,0.0,null],[102.00558,-0.06968,0.0,null],[102.00398,-0.06721,0.0,null],[102.0032,-0.06736,0.0,null],[102.00073,-0.0654,0.0,null],[101.99969,-0.06279,0.0,null],[101.99801,-0.06203,0.0,null],[101.99781,-0.06094,0.0,null],[101.99702,-0.06133,0.0,null],[101.99579,-0.06089,0.0,null],[101.99462,-0.0627,0.0,null],[101.99412,-0.06197,0.0,null],[101.99299,-0.06212,0.0,null],[101.99286,-0.06265,0.0,null],[101.99177,-0.0622,0.0,null],[101.99118,-0.06304,0.0,null],[101.98808,-0.06262,0.0,null],[101.98652,-0.06145,0.0,null],[101.9854,-0.062,0.0,null],[101.98305,-0.06039,0.0,null],[101.98138,-0.0571,0.0,null],[101.97701,-0.05597,0.0,null],[101.97528,-0.05301,0.0,null],[101.9723,-0.05235,0.0,null],[101.96262,-0.05183,0.0,null]]],[[[102.39157,0.74941,0.0,null],[102.38662,0.75206,0.0,null],[102.38722,0.74701,0.0,null],[102.39255,0.73638,0.0,null],[102.39677,0.73195,0.0,null],[102.40637,0.72887,0.0,null],[102.41345,0.72487,0.0,null],[102.4159,0.72437,0.0,null],[102.42383,0.71674,0.0,null],[102.42775,0.71472,0.0,null],[102.43645,0.71245,0.0,null],[102.44183,0.7101,0.0,null],[102.44807,0.70508,0.0,null],[102.45776,0.70023,0.0,null],[102.46977,0.69183,0.0,null],[102.4798,0.68893,0.0,null],[102.49231,0.68386,0.0,null],[102.49635,0.67768,0.0,null],[102.50071,0.67442,0.0,null],[102.50555,0.67154,0.0,null],[102.51062,0.67012,0.0,null],[102.51912,0.66403,0.0,null],[102.52312,0.66372,0.0,null],[102.52931,0.65947,0.0,null],[102.56258,0.68387,0.0,null],[102.5681,0.68702,0.0,null],[102.57505,0.68912,0.0,null],[102.58039,0.68855,0.0,null],[102.60722,0.68017,0.0,null],[102.61095,0.68017,0.0,null],[102.62034,0.68322,0.0,null],[102.63793,0.68401,0.0,null],[102.64388,0.68326,0.0,null],[102.65532,0.68058,0.0,null],[102.65868,0.68068,0.0,null],[102.66257,0.68229,0.0,null],[102.67546,0.69393,0.0,null],[102.69939,0.67644,0.0,null],[102.71163,0.68678,0.0,null],[102.71614,0.6832,0.0,null],[102.725,0.69022,0.0,null],[102.73205,0.68414,0.0,null],[102.73978,0.67977,0.0,null],[102.75233,0.67375,0.0,null],[102.77058,0.66788,0.0,null],[102.78228,0.66585,0.0,null],[102.79557,0.6655,0.0,null],[102.80426,0.66655,0.0,null],[102.82159,0.67048,0.0,null],[102.83106,0.66173,0.0,null],[102.83388,0.65977,0.0,null],[102.84778,0.66177,0.0,null],[102.84971,0.67065,0.0,null],[102.85178,0.67611,0.0,null],[102.85631,0.68112,0.0,null],[102.86203,0.68462,0.0,null],[102.866,0.69036,0.0,null],[102.86909,0.69605,0.0,null],[102.87294,0.69959,0.0,null],[102.87898,0.69572,0.0,null],[102.87932,0.69608,0.0,null],[102.88128,0.70786,0.0,null],[102.85351,0.71967,0.0,null],[102.8435,0.70349,0.0,null],[102.74793,0.69927,0.0,null],[102.69946,0.69821,0.0,null],[102.64011,0.69448,0.0,null],[102.50478,0.68847,0.0,null],[102.39157,0.74941,0.0,null]]],[[[101.57363,0.18502,0.0,null],[101.55283,0.18495,0.0,null],[101.53714,0.17929,0.0,null],[101.52543,0.17407,0.0,null],[101.51441,0.16814,0.0,null],[101.50157,0.156,0.0,null],[101.49375,0.14419,0.0,null],[101.53974,0.1362,0.0,null],[101.62286,0.11973,0.0,null],[101.64819,0.11531,0.0,null],[101.64795,0.11315,0.0,null],[101.64864,0.11215,0.0,null],[101.65321,0.1111,0.0,null],[101.65434,0.11191,0.0,null],[101.65444,0.111,0.0,null],[101.65512,0.1109,0.0,null],[101.65525,0.11162,0.0,null],[101.65571,0.11159,0.0,null],[101.6559,0.11074,0.0,null],[101.65658,0.11057,0.0,null],[101.65691,0.11136,0.0,null],[101.65804,0.11041,0.0,null],[101.65941,0.11038,0.0,null],[101.6268,0.14129,0.0,null],[101.62627,0.14284,0.0,null],[101.61331,0.15311,0.0,null],[101.61497,0.15408,0.0,null],[101.61536,0.15567,0.0,null],[101.61463,0.15546,0.0,null],[101.61368,0.15625,0.0,null],[101.61305,0.15545,0.0,null],[101.61001,0.1556,0.0,null],[101.60799,0.15788,0.0,null],[101.60689,0.15831,0.0,null],[101.59992,0.16437,0.0,null],[101.59838,0.16466,0.0,null],[101.59711,0.1673,0.0,null],[101.59332,0.17123,0.0,null],[101.58276,0.17948,0.0,null],[101.57867,0.18145,0.0,null],[101.57363,0.18502,0.0,null]]],[[[101.19337,0.19269,0.0,null],[101.19196,0.19161,0.0,null],[101.19124,0.18952,0.0,null],[101.19025,0.18925,0.0,null],[101.18898,0.18786,0.0,null],[101.18758,0.18858,0.0,null],[101.18545,0.1886,0.0,null],[101.18481,0.18724,0.0,null],[101.18619,0.18461,0.0,null],[101.18662,0.18223,0.0,null],[101.18769,0.18137,0.0,null],[101.18786,0.18053,0.0,null],[101.18922,0.18065,0.0,null],[101.19054,0.17802,0.0,null],[101.1906,0.17577,0.0,null],[101.18964,0.17551,0.0,null],[101.19019,0.17349,0.0,null],[101.19105,0.17329,0.0,null],[101.19198,0.17397,0.0,null],[101.19151,0.17302,0.0,null],[101.19096,0.17304,0.0,null],[101.19371,0.16846,0.0,null],[101.19468,0.1681,0.0,null],[101.19442,0.1673,0.0,null],[101.19583,0.16743,0.0,null],[101.19675,0.1669,0.0,null],[101.19643,0.16559,0.0,null],[101.20049,0.16393,0.0,null],[101.20141,0.1641,0.0,null],[101.20141,0.16312,0.0,null],[101.2026,0.16247,0.0,null],[101.20315,0.16306,0.0,null],[101.20344,0.16231,0.0,null],[101.20533,0.16228,0.0,null],[101.20567,0.16005,0.0,null],[101.20644,0.15997,0.0,null],[101.20763,0.16101,0.0,null],[101.20464,0.15557,0.0,null],[101.205,0.15477,0.0,null],[101.21418,0.1534,0.0,null],[101.21469,0.15294,0.0,null],[101.21584,0.15424,0.0,null],[101.21689,0.15403,0.0,null],[101.21532,0.16182,0.0,null],[101.21422,0.16308,0.0,null],[101.21484,0.16457,0.0,null],[101.21351,0.16623,0.0,null],[101.21341,0.16718,0.0,null],[101.21219,0.16779,0.0,null],[101.2117,0.16916,0.0,null],[101.20722,0.17444,0.0,null],[101.20663,0.17595,0.0,null],[101.20542,0.17533,0.0,null],[101.20547,0.17744,0.0,null],[101.20454,0.1793,0.0,null],[101.19873,0.18558,0.0,null],[101.19689,0.18906,0.0,null],[101.19337,0.19269,0.0,null]]],[[[101.08426,0.27247,0.0,null],[101.08103,0.27282,0.0,null],[101.07803,0.2719,0.0,null],[101.07038,0.27276,0.0,null],[101.06934,0.27182,0.0,null],[101.06845,0.2719,0.0,null],[101.06909,0.2613,0.0,null],[101.05794,0.26076,0.0,null],[101.05691,0.25937,0.0,null],[101.05684,0.25413,0.0,null],[101.05794,0.25359,0.0,null],[101.05791,0.25216,0.0,null],[101.0588,0.25212,0.0,null],[101.05816,0.25113,0.0,null],[101.05922,0.25026,0.0,null],[101.05924,0.24872,0.0,null],[101.0608,0.24821,0.0,null],[101.06462,0.24868,0.0,null],[101.06747,0.24819,0.0,null],[101.07346,0.24832,0.0,null],[101.07422,0.24948,0.0,null],[101.07391,0.25227,0.0,null],[101.0719,0.25295,0.0,null],[101.07154,0.25245,0.0,null],[101.06909,0.25346,0.0,null],[101.0692,0.25622,0.0,null],[101.07305,0.25427,0.0,null],[101.0738,0.25477,0.0,null],[101.07786,0.25418,0.0,null],[101.07883,0.2539,0.0,null],[101.07889,0.25328,0.0,null],[101.08595,0.2537,0.0,null],[101.08783,0.25521,0.0,null],[101.08799,0.27114,0.0,null],[101.08776,0.27219,0.0,null],[101.08426,0.27247,0.0,null]]]]}},{"type":"Feature","properties":{"inventoryId":"big-forestry-hti:262","sector":"PBPH","subtype":"IUPHHK-HTI","quality":"OFFICIAL","sourceDataset":"big-forestry-hti","sourceRecordId":"262","source":"BIG Kebijakan Satu Peta","sourceUrl":"https://kspservices.big.go.id/satupeta/rest/services/PUBLIK/PERIZINAN_DAN_PERTANAHAN/MapServer/2","retrievedAt":"2026-08-24T04:22:31Z","geometryProcessing":"web display simplification tolerance 0.00035 degrees","name":"PT RIAU INDO AGROPALMA","permitNumber":"SK.61/Menhut-II/2006","permitDate":"2006-03-22","areaHa":9570.0,"provinceCode":"14","region":"sumatra"},"geometry":{"type":"Polygon","coordinates":[[[102.97167,0.11806,0.0,null],[102.9704,0.11785,0.0,null],[102.9693,0.11675,0.0,null],[102.96768,0.11259,0.0,null],[102.96657,0.11125,0.0,null],[102.96115,0.10976,0.0,null],[102.95823,0.10717,0.0,null],[102.95653,0.10709,0.0,null],[102.95286,0.11033,0.0,null],[102.95136,0.11045,0.0,null],[102.95019,0.10987,0.0,null],[102.94535,0.10501,0.0,null],[102.94238,0.0991,0.0,null],[102.94223,0.09603,0.0,null],[102.94146,0.09448,0.0,null],[102.93698,0.09305,0.0,null],[102.93407,0.08949,0.0,null],[102.93315,0.0866,0.0,null],[102.93202,0.08577,0.0,null],[102.92924,0.08527,0.0,null],[102.92789,0.08268,0.0,null],[102.92887,0.08193,0.0,null],[102.9627,0.07276,0.0,null],[103.02144,0.01495,0.0,null],[103.12517,0.01722,0.0,null],[103.12976,0.02296,0.0,null],[103.13205,0.02833,0.0,null],[103.13205,0.02978,0.0,null],[103.12897,0.03111,0.0,null],[103.12881,0.03641,0.0,null],[103.12957,0.03795,0.0,null],[103.12715,0.03891,0.0,null],[103.12656,0.04097,0.0,null],[103.12675,0.04172,0.0,null],[103.12858,0.043,0.0,null],[103.1293,0.04456,0.0,null],[103.13287,0.05839,0.0,null],[103.09319,0.06151,0.0,null],[103.00768,0.05953,0.0,null],[102.97179,0.10261,0.0,null],[102.98132,0.10958,0.0,null],[102.97539,0.11623,0.0,null],[102.97167,0.11806,0.0,null]]]}},{"type":"Feature","properties":{"inventoryId":"big-forestry-hti:131","sector":"PBPH","subtype":"IUPHHK-HTI","quality":"OFFICIAL","sourceDataset":"big-forestry-hti","sourceRecordId":"131","source":"BIG Kebijakan Satu Peta","sourceUrl":"https://kspservices.big.go.id/satupeta/rest/services/PUBLIK/PERIZINAN_DAN_PERTANAHAN/MapServer/2","retrievedAt":"2026-08-24T04:22:31Z","geometryProcessing":"web display simplification tolerance 0.00035 degrees","name":"PT RIMBA HUTANI MAS","permitNumber":"SK.689/Menhut-II/2010","permitDate":"2010-12-13","areaHa":35814.0,"provinceCode":"15","region":"sumatra"},"geometry":{"type":"MultiPolygon","coordinates":[[[[103.28156,-1.35469,0.0,null],[103.28002,-1.35457,0.0,null],[103.2766,-1.35647,0.0,null],[103.2742,-1.35646,0.0,null],[103.26889,-1.35956,0.0,null],[103.26724,-1.35973,0.0,null],[103.26256,-1.36226,0.0,null],[103.26193,-1.363,0.0,null],[103.26278,-1.36455,0.0,null],[103.26249,-1.37529,0.0,null],[103.2589,-1.37569,0.0,null],[103.25014,-1.3754,0.0,null],[103.24113,-1.36195,0.0,null],[103.23457,-1.3608,0.0,null],[103.23332,-1.3612,0.0,null],[103.23259,-1.36025,0.0,null],[103.23121,-1.36195,0.0,null],[103.23269,-1.36482,0.0,null],[103.23295,-1.36707,0.0,null],[103.23733,-1.3756,0.0,null],[103.22712,-1.37592,0.0,null],[103.22512,-1.37515,0.0,null],[103.22161,-1.37555,0.0,null],[103.21979,-1.37423,0.0,null],[103.2205,-1.37243,0.0,null],[103.20764,-1.37238,0.0,null],[103.20779,-1.52914,0.0,null],[103.23717,-1.52933,0.0,null],[103.24295,-1.53706,0.0,null],[103.24719,-1.53239,0.0,null],[103.24749,-1.52994,0.0,null],[103.24999,-1.52755,0.0,null],[103.25266,-1.52743,0.0,null],[103.25391,-1.52648,0.0,null],[103.26486,-1.5141,0.0,null],[103.29175,-1.47955,0.0,null],[103.29348,-1.47211,0.0,null],[103.30122,-1.45387,0.0,null],[103.29991,-1.44962,0.0,null],[103.30212,-1.44478,0.0,null],[103.3023,-1.43868,0.0,null],[103.30059,-1.43618,0.0,null],[103.30074,-1.43359,0.0,null],[103.30715,-1.42569,0.0,null],[103.30909,-1.4219,0.0,null],[103.30517,-1.41816,0.0,null],[103.30332,-1.41134,0.0,null],[103.30539,-1.40086,0.0,null],[103.30823,-1.39702,0.0,null],[103.31098,-1.39501,0.0,null],[103.3132,-1.39168,0.0,null],[103.31543,-1.38973,0.0,null],[103.31509,-1.386,0.0,null],[103.29438,-1.38839,0.0,null],[103.29655,-1.37393,0.0,null],[103.29524,-1.37318,0.0,null],[103.29336,-1.37329,0.0,null],[103.29668,-1.36388,0.0,null],[103.29662,-1.36106,0.0,null],[103.29594,-1.35963,0.0,null],[103.27819,-1.36277,0.0,null],[103.27916,-1.35693,0.0,null],[103.28156,-1.35469,0.0,null]]],[[[103.26898,-1.18754,0.0,null],[103.24655,-1.18254,0.0,null],[103.24613,-1.19163,0.0,null],[103.24,-1.19256,0.0,null],[103.23408,-1.19231,0.0,null],[103.23268,-1.19171,0.0,null],[103.23133,-1.19227,0.0,null],[103.22825,-1.19528,0.0,null],[103.22701,-1.19502,0.0,null],[103.22517,-1.19651,0.0,null],[103.22397,-1.19634,0.0,null],[103.2236,-1.19492,0.0,null],[103.22216,-1.19341,0.0,null],[103.2173,-1.19697,0.0,null],[103.21582,-1.1992,0.0,null],[103.21458,-1.19855,0.0,null],[103.21502,-1.19624,0.0,null],[103.21279,-1.19483,0.0,null],[103.21108,-1.19576,0.0,null],[103.21062,-1.19875,0.0,null],[103.20901,-1.20004,0.0,null],[103.20825,-1.19837,0.0,null],[103.20359,-1.19813,0.0,null],[103.2039,-1.20152,0.0,null],[103.20511,-1.20321,0.0,null],[103.20592,-1.20913,0.0,null],[103.20328,-1.21211,0.0,null],[103.2024,-1.21592,0.0,null],[103.20122,-1.21593,0.0,null],[103.20104,-1.21849,0.0,null],[103.19472,-1.23531,0.0,null],[103.20004,-1.23707,0.0,null],[103.2006,-1.23623,0.0,null],[103.21996,-1.2433,0.0,null],[103.2416,-1.25351,0.0,null],[103.24491,-1.25187,0.0,null],[103.24857,-1.25238,0.0,null],[103.25008,-1.25101,0.0,null],[103.25308,-1.2525,0.0,null],[103.25516,-1.25239,0.0,null],[103.25653,-1.25131,0.0,null],[103.25695,-1.25002,0.0,null],[103.25879,-1.24928,0.0,null],[103.25844,-1.24757,0.0,null],[103.25954,-1.2436,0.0,null],[103.26358,-1.24034,0.0,null],[103.26575,-1.23997,0.0,null],[103.26721,-1.23831,0.0,null],[103.26673,-1.23648,0.0,null],[103.2654,-1.23561,0.0,null],[103.26581,-1.23415,0.0,null],[103.28632,-1.23434,0.0,null],[103.28774,-1.23479,0.0,null],[103.29155,-1.23911,0.0,null],[103.2945,-1.23903,0.0,null],[103.29567,-1.23967,0.0,null],[103.29651,-1.24072,0.0,null],[103.29639,-1.24257,0.0,null],[103.2971,-1.24293,0.0,null],[103.29867,-1.24254,0.0,null],[103.29944,-1.2444,0.0,null],[103.30265,-1.24425,0.0,null],[103.30851,-1.2462,0.0,null],[103.30993,-1.24608,0.0,null],[103.31282,-1.24698,0.0,null],[103.3154,-1.2486,0.0,null],[103.33047,-1.24868,0.0,null],[103.33047,-1.2463,0.0,null],[103.33168,-1.2463,0.0,null],[103.33161,-1.24569,0.0,null],[103.35229,-1.24576,0.0,null],[103.36828,-1.24966,0.0,null],[103.37226,-1.25128,0.0,null],[103.37267,-1.25055,0.0,null],[103.37202,-1.24779,0.0,null],[103.37034,-1.24618,0.0,null],[103.36905,-1.24235,0.0,null],[103.36888,-1.23996,0.0,null],[103.36686,-1.23547,0.0,null],[103.36074,-1.23451,0.0,null],[103.35753,-1.23313,0.0,null],[103.3567,-1.23074,0.0,null],[103.36104,-1.23016,0.0,null],[103.36223,-1.22829,0.0,null],[103.36169,-1.22458,0.0,null],[103.36265,-1.22201,0.0,null],[103.36568,-1.22171,0.0,null],[103.3699,-1.22016,0.0,null],[103.37459,-1.22195,0.0,null],[103.37869,-1.22172,0.0,null],[103.38001,-1.2156,0.0,null],[103.26898,-1.18754,0.0,null]]],[[[102.89719,-1.08579,0.0,null],[102.89339,-1.08497,0.0,null],[102.88685,-1.08664,0.0,null],[102.88514,-1.08765,0.0,null],[102.87079,-1.09232,0.0,null],[102.86932,-1.09512,0.0,null],[102.86806,-1.09565,0.0,null],[102.86516,-1.09919,0.0,null],[102.86223,-1.10482,0.0,null],[102.8613,-1.10557,0.0,null],[102.85977,-1.10921,0.0,null],[102.86029,-1.11821,0.0,null],[102.86102,-1.11897,0.0,null],[102.85981,-1.12023,0.0,null],[102.86015,-1.12133,0.0,null],[102.85975,-1.1226,0.0,null],[102.86196,-1.125,0.0,null],[102.86272,-1.12821,0.0,null],[102.86235,-1.13355,0.0,null],[102.86433,-1.14922,0.0,null],[102.86406,-1.15534,0.0,null],[102.86534,-1.15929,0.0,null],[102.86483,-1.1629,0.0,null],[102.86506,-1.16709,0.0,null],[102.86574,-1.1704,0.0,null],[102.86672,-1.17163,0.0,null],[102.86666,-1.1739,0.0,null],[102.86764,-1.17549,0.0,null],[102.86728,-1.1797,0.0,null],[102.86864,-1.18553,0.0,null],[102.86823,-1.18729,0.0,null],[102.86935,-1.18933,0.0,null],[102.86846,-1.19369,0.0,null],[102.8686,-1.19518,0.0,null],[102.86955,-1.19639,0.0,null],[102.86988,-1.19969,0.0,null],[102.86919,-1.20764,0.0,null],[102.87115,-1.2152,0.0,null],[102.87105,-1.22002,0.0,null],[102.87209,-1.22366,0.0,null],[102.87247,-1.22931,0.0,null],[102.87113,-1.23547,0.0,null],[102.87145,-1.24058,0.0,null],[102.87302,-1.23966,0.0,null],[102.87521,-1.23993,0.0,null],[102.87572,-1.23923,0.0,null],[102.87775,-1.2385,0.0,null],[102.8826,-1.23891,0.0,null],[102.88717,-1.23736,0.0,null],[102.89028,-1.23379,0.0,null],[102.89097,-1.23384,0.0,null],[102.89718,-1.22999,0.0,null],[102.89987,-1.22713,0.0,null],[102.90003,-1.22548,0.0,null],[102.90336,-1.22369,0.0,null],[102.90429,-1.22216,0.0,null],[102.90655,-1.22063,0.0,null],[102.90893,-1.21802,0.0,null],[102.91057,-1.21774,0.0,null],[102.91188,-1.21456,0.0,null],[102.9129,-1.21355,0.0,null],[102.91419,-1.21262,0.0,null],[102.91578,-1.21288,0.0,null],[102.92127,-1.20952,0.0,null],[102.91928,-1.20729,0.0,null],[102.91751,-1.20638,0.0,null],[102.91733,-1.20516,0.0,null],[102.91531,-1.20437,0.0,null],[102.91241,-1.20439,0.0,null],[102.91198,-1.2025,0.0,null],[102.91327,-1.20095,0.0,null],[102.91363,-1.19848,0.0,null],[102.91263,-1.19554,0.0,null],[102.91285,-1.19355,0.0,null],[102.91668,-1.18915,0.0,null],[102.91765,-1.18619,0.0,null],[102.9192,-1.18585,0.0,null],[102.92107,-1.18729,0.0,null],[102.92316,-1.18758,0.0,null],[102.92542,-1.18949,0.0,null],[102.9273,-1.18737,0.0,null],[102.92783,-1.1834,0.0,null],[102.92899,-1.1825,0.0,null],[102.93006,-1.18049,0.0,null],[102.93125,-1.18028,0.0,null],[102.93101,-1.17939,0.0,null],[102.92757,-1.17855,0.0,null],[102.92569,-1.17678,0.0,null],[102.91666,-1.17303,0.0,null],[102.91507,-1.17072,0.0,null],[102.91469,-1.16893,0.0,null],[102.91505,-1.16778,0.0,null],[102.91363,-1.16699,0.0,null],[102.91358,-1.1646,0.0,null],[102.91251,-1.162,0.0,null],[102.91159,-1.16123,0.0,null],[102.91173,-1.16034,0.0,null],[102.91104,-1.15919,0.0,null],[102.91107,-1.1576,0.0,null],[102.91224,-1.15691,0.0,null],[102.91309,-1.1524,0.0,null],[102.91554,-1.14874,0.0,null],[102.91628,-1.14609,0.0,null],[102.9158,-1.14468,0.0,null],[102.91455,-1.14338,0.0,null],[102.91324,-1.13944,0.0,null],[102.91348,-1.13822,0.0,null],[102.91493,-1.13705,0.0,null],[102.91522,-1.13599,0.0,null],[102.91626,-1.13547,0.0,null],[102.91738,-1.13347,0.0,null],[102.91724,-1.12938,0.0,null],[102.91496,-1.12632,0.0,null],[102.91975,-1.11543,0.0,null],[102.92448,-1.10948,0.0,null],[102.92403,-1.10347,0.0,null],[102.92453,-1.10263,0.0,null],[102.92468,-1.09967,0.0,null],[102.92587,-1.09729,0.0,null],[102.92599,-1.09528,0.0,null],[102.9229,-1.09301,0.0,null],[102.91831,-1.09159,0.0,null],[102.90774,-1.08907,0.0,null],[102.90448,-1.08962,0.0,null],[102.90273,-1.08742,0.0,null],[102.89719,-1.08579,0.0,null]]]]}},{"type":"Feature","properties":{"inventoryId":"big-forestry-hti:266","sector":"PBPH","subtype":"IUPHHK-HTI","quality":"OFFICIAL","sourceDataset":"big-forestry-hti","sourceRecordId":"266","source":"BIG Kebijakan Satu Peta","sourceUrl":"https://kspservices.big.go.id/satupeta/rest/services/PUBLIK/PERIZINAN_DAN_PERTANAHAN/MapServer/2","retrievedAt":"2026-08-24T04:22:31Z","geometryProcessing":"web display simplification tolerance 0.00035 degrees","name":"PT RIMBA HUTANI MAS","permitNumber":"SK.90/Menhut-II/2007","permitDate":"2007-03-22","areaHa":67100.0,"provinceCode":"16","region":"sumatra"},"geometry":{"type":"MultiPolygon","coordinates":[[[[104.19868,-1.8642,0.0,null],[104.19431,-1.86282,0.0,null],[104.1877,-1.85813,0.0,null],[104.18423,-1.85518,0.0,null],[104.17902,-1.84945,0.0,null],[104.1389,-1.84979,0.0,null],[104.10954,-1.85153,0.0,null],[104.09894,-1.90694,0.0,null],[103.87694,-1.87913,0.0,null],[103.86921,-1.87802,0.0,null],[103.86782,-1.87717,0.0,null],[103.86515,-1.87915,0.0,null],[103.86414,-1.8792,0.0,null],[103.86211,-1.881,0.0,null],[103.85825,-1.88171,0.0,null],[103.85664,-1.88602,0.0,null],[103.85718,-1.8865,0.0,null],[103.8572,-1.88905,0.0,null],[103.86981,-1.89188,0.0,null],[103.87582,-1.89578,0.0,null],[103.87873,-1.90123,0.0,null],[103.87939,-1.90581,0.0,null],[103.87496,-1.91083,0.0,null],[103.86826,-1.91602,0.0,null],[103.86473,-1.92062,0.0,null],[103.86203,-1.92624,0.0,null],[103.86201,-1.93071,0.0,null],[103.86466,-1.93388,0.0,null],[103.87327,-1.93777,0.0,null],[103.87761,-1.94105,0.0,null],[103.87855,-1.94277,0.0,null],[103.87863,-1.94415,0.0,null],[103.87637,-1.95245,0.0,null],[103.87265,-1.96153,0.0,null],[103.87595,-1.96339,0.0,null],[103.87742,-1.9655,0.0,null],[103.87568,-1.972,0.0,null],[103.87651,-1.97411,0.0,null],[103.87946,-1.97455,0.0,null],[103.8871,-1.9702,0.0,null],[103.89027,-1.97001,0.0,null],[103.89555,-1.97026,0.0,null],[103.89935,-1.97134,0.0,null],[103.90292,-1.97389,0.0,null],[103.90797,-1.97519,0.0,null],[103.91222,-1.97354,0.0,null],[103.91457,-1.96936,0.0,null],[103.91734,-1.96686,0.0,null],[103.92112,-1.96836,0.0,null],[103.92617,-1.97175,0.0,null],[103.93123,-1.97305,0.0,null],[103.93568,-1.97078,0.0,null],[103.93931,-1.96597,0.0,null],[103.94145,-1.96158,0.0,null],[103.95094,-1.96291,0.0,null],[103.9613,-1.96173,0.0,null],[103.96235,-1.96363,0.0,null],[103.96169,-1.96782,0.0,null],[103.95721,-1.97325,0.0,null],[103.95655,-1.97639,0.0,null],[103.96178,-1.98357,0.0,null],[103.95964,-1.98765,0.0,null],[103.95349,-1.99097,0.0,null],[103.94987,-1.99409,0.0,null],[103.94774,-1.99701,0.0,null],[103.94772,-1.99932,0.0,null],[103.95045,-2.00249,0.0,null],[103.95633,-2.00674,0.0,null],[103.95863,-2.01116,0.0,null],[103.95795,-2.01683,0.0,null],[103.95325,-2.02372,0.0,null],[103.95512,-2.02772,0.0,null],[103.96059,-2.03133,0.0,null],[103.96178,-2.04153,0.0,null],[103.96324,-2.04406,0.0,null],[103.963,-2.04867,0.0,null],[103.96066,-2.05118,0.0,null],[103.95577,-2.0545,0.0,null],[103.95322,-2.05763,0.0,null],[103.95213,-2.06161,0.0,null],[103.95316,-2.06477,0.0,null],[103.9576,-2.06564,0.0,null],[103.95905,-2.06859,0.0,null],[103.9662,-2.07263,0.0,null],[103.96767,-2.07537,0.0,null],[103.96484,-2.08512,0.0,null],[103.96693,-2.08912,0.0,null],[103.97022,-2.10174,0.0,null],[103.96655,-2.11179,0.0,null],[103.96738,-2.11411,0.0,null],[103.97263,-2.1196,0.0,null],[103.9802,-2.12407,0.0,null],[103.9865,-2.12915,0.0,null],[103.99153,-2.13485,0.0,null],[103.99552,-2.13781,0.0,null],[104.0029,-2.1408,0.0,null],[104.01492,-2.14403,0.0,null],[104.02461,-2.14766,0.0,null],[104.04233,-2.1524,0.0,null],[104.04616,-2.14844,0.0,null],[104.05193,-2.13966,0.0,null],[104.05365,-2.13506,0.0,null],[104.05431,-2.13107,0.0,null],[104.05096,-2.12643,0.0,null],[104.04697,-2.12263,0.0,null],[104.0472,-2.12116,0.0,null],[104.05395,-2.12205,0.0,null],[104.05461,-2.11869,0.0,null],[104.05694,-2.11787,0.0,null],[104.05762,-2.11074,0.0,null],[104.05701,-2.10696,0.0,null],[104.05555,-2.10569,0.0,null],[104.05153,-2.10587,0.0,null],[104.04583,-2.1052,0.0,null],[104.03993,-2.10306,0.0,null],[104.03615,-2.09968,0.0,null],[104.03428,-2.09526,0.0,null],[104.03224,-2.08496,0.0,null],[104.02868,-2.08053,0.0,null],[104.02385,-2.07629,0.0,null],[104.02328,-2.06768,0.0,null],[104.01805,-2.0603,0.0,null],[104.01563,-2.04569,0.0,null],[104.01003,-2.03075,0.0,null],[104.00731,-2.02695,0.0,null],[104.00544,-2.02253,0.0,null],[104.0034,-2.01286,0.0,null],[104.00281,-2.00592,0.0,null],[104.00539,-2.00028,0.0,null],[104.00964,-1.99579,0.0,null],[104.01431,-1.99268,0.0,null],[104.01939,-1.99062,0.0,null],[104.0251,-1.99003,0.0,null],[104.03228,-1.99114,0.0,null],[104.0367,-1.99369,0.0,null],[104.04278,-1.99961,0.0,null],[104.04654,-2.00572,0.0,null],[104.0524,-2.01353,0.0,null],[104.05405,-2.01837,0.0,null],[104.05657,-2.02091,0.0,null],[104.05912,-2.01841,0.0,null],[104.06042,-2.01485,0.0,null],[104.06044,-2.01128,0.0,null],[104.06236,-2.00899,0.0,null],[104.06306,-1.99997,0.0,null],[104.06075,-1.99702,0.0,null],[104.05022,-1.99337,0.0,null],[104.05109,-1.99002,0.0,null],[104.05474,-1.98123,0.0,null],[104.05589,-1.96886,0.0,null],[104.05595,-1.95941,0.0,null],[104.05661,-1.95522,0.0,null],[104.05874,-1.95314,0.0,null],[104.07962,-1.95771,0.0,null],[104.09206,-1.95948,0.0,null],[104.09946,-1.95975,0.0,null],[104.19326,-1.97381,0.0,null],[104.21758,-1.97677,0.0,null],[104.23367,-1.97734,0.0,null],[104.2641,-1.97611,0.0,null],[104.27296,-1.97701,0.0,null],[104.27636,-1.97557,0.0,null],[104.27508,-1.97277,0.0,null],[104.27264,-1.97121,0.0,null],[104.26848,-1.97208,0.0,null],[104.26584,-1.96857,0.0,null],[104.26691,-1.9669,0.0,null],[104.27029,-1.96609,0.0,null],[104.27263,-1.96422,0.0,null],[104.27307,-1.96108,0.0,null],[104.26922,-1.95541,0.0,null],[104.26615,-1.9539,0.0,null],[104.26389,-1.94445,0.0,null],[104.26202,-1.94119,0.0,null],[104.22258,-1.94175,0.0,null],[104.23495,-1.88321,0.0,null],[104.23426,-1.87932,0.0,null],[104.22883,-1.88232,0.0,null],[104.22502,-1.88334,0.0,null],[104.21954,-1.88267,0.0,null],[104.21597,-1.87866,0.0,null],[104.21033,-1.86938,0.0,null],[104.20592,-1.86599,0.0,null],[104.19868,-1.8642,0.0,null]]],[[[103.5918,-2.01594,0.0,null],[103.59621,-2.00908,0.0,null],[103.5642,-2.00396,0.0,null],[103.56258,-2.01432,0.0,null],[103.56804,-2.01613,0.0,null],[103.56913,-2.03964,0.0,null],[103.56792,-2.03858,0.0,null],[103.56413,-2.03795,0.0,null],[103.55938,-2.04099,0.0,null],[103.55691,-2.04748,0.0,null],[103.55105,-2.049,0.0,null],[103.5472,-2.05168,0.0,null],[103.53965,-2.05848,0.0,null],[103.53669,-2.06338,0.0,null],[103.5362,-2.06887,0.0,null],[103.53977,-2.08201,0.0,null],[103.54271,-2.10316,0.0,null],[103.54466,-2.11118,0.0,null],[103.54449,-2.11878,0.0,null],[103.54366,-2.12439,0.0,null],[103.54408,-2.12919,0.0,null],[103.54845,-2.12826,0.0,null],[103.56181,-2.13149,0.0,null],[103.56209,-2.13429,0.0,null],[103.56213,-2.13709,0.0,null],[103.56082,-2.14162,0.0,null],[103.55062,-2.14337,0.0,null],[103.54853,-2.1446,0.0,null],[103.54633,-2.14652,0.0,null],[103.54507,-2.15025,0.0,null],[103.5451,-2.15248,0.0,null],[103.55167,-2.15249,0.0,null],[103.55602,-2.14917,0.0,null],[103.55841,-2.14822,0.0,null],[103.56081,-2.14819,0.0,null],[103.56903,-2.15195,0.0,null],[103.57056,-2.15147,0.0,null],[103.57226,-2.15007,0.0,null],[103.5779,-2.14891,0.0,null],[103.58144,-2.14497,0.0,null],[103.58281,-2.14089,0.0,null],[103.58389,-2.13294,0.0,null],[103.58074,-2.1211,0.0,null],[103.57944,-2.11804,0.0,null],[103.57485,-2.11331,0.0,null],[103.5747,-2.11068,0.0,null],[103.58338,-2.11049,0.0,null],[103.58611,-2.10543,0.0,null],[103.58808,-2.10391,0.0,null],[103.5928,-2.1059,0.0,null],[103.59555,-2.11134,0.0,null],[103.59698,-2.11196,0.0,null],[103.59896,-2.11176,0.0,null],[103.60007,-2.11289,0.0,null],[103.60374,-2.11444,0.0,null],[103.6048,-2.11673,0.0,null],[103.60645,-2.1167,0.0,null],[103.61069,-2.11006,0.0,null],[103.6161,-2.1041,0.0,null],[103.62116,-2.10351,0.0,null],[103.6224,-2.10455,0.0,null],[103.62201,-2.10611,0.0,null],[103.6248,-2.11505,0.0,null],[103.62614,-2.11476,0.0,null],[103.62946,-2.11526,0.0,null],[103.63144,-2.11059,0.0,null],[103.63144,-2.10227,0.0,null],[103.63216,-2.10084,0.0,null],[103.63633,-2.0976,0.0,null],[103.64336,-2.0938,0.0,null],[103.64587,-2.0912,0.0,null],[103.64075,-2.087,0.0,null],[103.63763,-2.08608,0.0,null],[103.63178,-2.08303,0.0,null],[103.62951,-2.08289,0.0,null],[103.62444,-2.08479,0.0,null],[103.61995,-2.0846,0.0,null],[103.61089,-2.07863,0.0,null],[103.61,-2.077,0.0,null],[103.61039,-2.07517,0.0,null],[103.61429,-2.07161,0.0,null],[103.61919,-2.07092,0.0,null],[103.62577,-2.06671,0.0,null],[103.62656,-2.06506,0.0,null],[103.62444,-2.05682,0.0,null],[103.62518,-2.05511,0.0,null],[103.62993,-2.05292,0.0,null],[103.63497,-2.05282,0.0,null],[103.63308,-2.0495,0.0,null],[103.63293,-2.04606,0.0,null],[103.63423,-2.04217,0.0,null],[103.63747,-2.03683,0.0,null],[103.63912,-2.03254,0.0,null],[103.63891,-2.03159,0.0,null],[103.63949,-2.0306,0.0,null],[103.6404,-2.02459,0.0,null],[103.64033,-2.02335,0.0,null],[103.639,-2.02118,0.0,null],[103.62643,-2.01315,0.0,null],[103.61063,-2.01075,0.0,null],[103.60565,-2.0182,0.0,null],[103.5918,-2.01594,0.0,null]]]]}},{"type":"Feature","properties":{"inventoryId":"big-forestry-hti:178","sector":"PBPH","subtype":"IUPHHK-HTI","quality":"OFFICIAL","sourceDataset":"big-forestry-hti","sourceRecordId":"178","source":"BIG Kebijakan Satu Peta","sourceUrl":"https://kspservices.big.go.id/satupeta/rest/services/PUBLIK/PERIZINAN_DAN_PERTANAHAN/MapServer/2","retrievedAt":"2026-08-24T04:22:31Z","geometryProcessing":"web display simplification tolerance 0.00035 degrees","name":"PT RIMBA LAZUARDI","permitNumber":"SK.79/Menhut-II/2007","permitDate":"2007-03-01","areaHa":23340.0,"provinceCode":"14","region":"sumatra"},"geometry":{"type":"MultiPolygon","coordinates":[[[[101.80625,-0.67793,0.0,null],[101.80621,-0.67725,0.0,null],[101.80466,-0.67813,0.0,null],[101.79913,-0.68433,0.0,null],[101.79781,-0.68742,0.0,null],[101.79812,-0.68851,0.0,null],[101.79758,-0.69006,0.0,null],[101.79804,-0.69168,0.0,null],[101.79765,-0.69246,0.0,null],[101.79285,-0.69106,0.0,null],[101.79223,-0.69153,0.0,null],[101.79107,-0.69106,0.0,null],[101.79076,-0.69168,0.0,null],[101.79231,-0.693,0.0,null],[101.79223,-0.69346,0.0,null],[101.78967,-0.69401,0.0,null],[101.78952,-0.69478,0.0,null],[101.79146,-0.69617,0.0,null],[101.79223,-0.69749,0.0,null],[101.79161,-0.69788,0.0,null],[101.79099,-0.69687,0.0,null],[101.78774,-0.6978,0.0,null],[101.78681,-0.69695,0.0,null],[101.78588,-0.69741,0.0,null],[101.7848,-0.69935,0.0,null],[101.78402,-0.69919,0.0,null],[101.78348,-0.69734,0.0,null],[101.78108,-0.69865,0.0,null],[101.78038,-0.69757,0.0,null],[101.77883,-0.69741,0.0,null],[101.77775,-0.69858,0.0,null],[101.77442,-0.69656,0.0,null],[101.7738,-0.69679,0.0,null],[101.77372,-0.69765,0.0,null],[101.77473,-0.69811,0.0,null],[101.77496,-0.69943,0.0,null],[101.77295,-0.69888,0.0,null],[101.77287,-0.70043,0.0,null],[101.77233,-0.70067,0.0,null],[101.77032,-0.69974,0.0,null],[101.76946,-0.70005,0.0,null],[101.76892,-0.69935,0.0,null],[101.7676,-0.70059,0.0,null],[101.76675,-0.70036,0.0,null],[101.76644,-0.69912,0.0,null],[101.76412,-0.69966,0.0,null],[101.76187,-0.69803,0.0,null],[101.75971,-0.69803,0.0,null],[101.75751,-0.69624,0.0,null],[101.7571,-0.69639,0.0,null],[101.75706,-0.69824,0.0,null],[101.75459,-0.69701,0.0,null],[101.75368,-0.69712,0.0,null],[101.7532,-0.69799,0.0,null],[101.75519,-0.69968,0.0,null],[101.75385,-0.7015,0.0,null],[101.75314,-0.70137,0.0,null],[101.75269,-0.69996,0.0,null],[101.74999,-0.69934,0.0,null],[101.74878,-0.69985,0.0,null],[101.74809,-0.70215,0.0,null],[101.74356,-0.70415,0.0,null],[101.74186,-0.7063,0.0,null],[101.7412,-0.70624,0.0,null],[101.74064,-0.70184,0.0,null],[101.74017,-0.70161,0.0,null],[101.73823,-0.70254,0.0,null],[101.73707,-0.70412,0.0,null],[101.73197,-0.70702,0.0,null],[101.73164,-0.70852,0.0,null],[101.73209,-0.70918,0.0,null],[101.73309,-0.70872,0.0,null],[101.7379,-0.71333,0.0,null],[101.73802,-0.71515,0.0,null],[101.73949,-0.7167,0.0,null],[101.73895,-0.71732,0.0,null],[101.73771,-0.71646,0.0,null],[101.7364,-0.71763,0.0,null],[101.7374,-0.71871,0.0,null],[101.73702,-0.7208,0.0,null],[101.73787,-0.72196,0.0,null],[101.73771,-0.72336,0.0,null],[101.73694,-0.72398,0.0,null],[101.73624,-0.72359,0.0,null],[101.73624,-0.72134,0.0,null],[101.73431,-0.72134,0.0,null],[101.73237,-0.72521,0.0,null],[101.72958,-0.72599,0.0,null],[101.72958,-0.72653,0.0,null],[101.73492,-0.72909,0.0,null],[101.73856,-0.72986,0.0,null],[101.73972,-0.73218,0.0,null],[101.73888,-0.73335,0.0,null],[101.73392,-0.7335,0.0,null],[101.7333,-0.73397,0.0,null],[101.73345,-0.7383,0.0,null],[101.73508,-0.74125,0.0,null],[101.7338,-0.74504,0.0,null],[101.73268,-0.74594,0.0,null],[101.73436,-0.74745,0.0,null],[101.73531,-0.74759,0.0,null],[101.73471,-0.75059,0.0,null],[101.7352,-0.75421,0.0,null],[101.7339,-0.75698,0.0,null],[101.73427,-0.75831,0.0,null],[101.73582,-0.75905,0.0,null],[101.73714,-0.76063,0.0,null],[101.73703,-0.76159,0.0,null],[101.73837,-0.76462,0.0,null],[101.73852,-0.76704,0.0,null],[101.74,-0.77116,0.0,null],[101.75725,-0.77546,0.0,null],[101.75726,-0.78357,0.0,null],[101.75954,-0.78962,0.0,null],[101.76046,-0.79373,0.0,null],[101.7724,-0.80834,0.0,null],[101.7734,-0.81992,0.0,null],[101.78475,-0.81971,0.0,null],[101.7942,-0.8292,0.0,null],[101.80783,-0.83984,0.0,null],[101.81869,-0.84577,0.0,null],[101.81661,-0.74829,0.0,null],[101.82016,-0.74589,0.0,null],[101.84771,-0.7192,0.0,null],[101.84664,-0.71815,0.0,null],[101.84632,-0.71629,0.0,null],[101.84371,-0.71636,0.0,null],[101.84216,-0.71453,0.0,null],[101.84093,-0.71409,0.0,null],[101.84123,-0.71284,0.0,null],[101.83877,-0.7129,0.0,null],[101.83845,-0.71182,0.0,null],[101.83706,-0.71077,0.0,null],[101.8363,-0.71188,0.0,null],[101.83537,-0.71128,0.0,null],[101.83274,-0.70761,0.0,null],[101.83197,-0.7081,0.0,null],[101.83089,-0.70719,0.0,null],[101.83027,-0.70549,0.0,null],[101.82842,-0.70663,0.0,null],[101.82611,-0.7067,0.0,null],[101.82504,-0.70736,0.0,null],[101.82395,-0.70552,0.0,null],[101.82179,-0.70559,0.0,null],[101.82211,-0.70714,0.0,null],[101.82134,-0.70779,0.0,null],[101.82041,-0.70719,0.0,null],[101.8201,-0.70596,0.0,null],[101.81778,-0.7051,0.0,null],[101.81732,-0.70761,0.0,null],[101.81655,-0.70732,0.0,null],[101.81562,-0.70409,0.0,null],[101.81422,-0.7029,0.0,null],[101.81391,-0.70182,0.0,null],[101.81564,-0.70153,0.0,null],[101.81367,-0.69974,0.0,null],[101.81255,-0.69991,0.0,null],[101.81526,-0.69284,0.0,null],[101.81452,-0.69287,0.0,null],[101.81378,-0.6915,0.0,null],[101.81046,-0.69039,0.0,null],[101.81131,-0.6888,0.0,null],[101.81119,-0.68739,0.0,null],[101.81008,-0.68615,0.0,null],[101.81008,-0.68524,0.0,null],[101.80789,-0.68339,0.0,null],[101.80983,-0.68292,0.0,null],[101.80924,-0.68178,0.0,null],[101.80986,-0.6806,0.0,null],[101.80954,-0.67945,0.0,null],[101.80914,-0.67883,0.0,null],[101.80659,-0.67881,0.0,null],[101.80625,-0.67793,0.0,null]]],[[[101.91373,-0.32371,0.0,null],[101.91024,-0.32223,0.0,null],[101.90675,-0.31963,0.0,null],[101.90344,-0.31574,0.0,null],[101.89992,-0.3061,0.0,null],[101.86806,-0.29694,0.0,null],[101.86653,-0.29703,0.0,null],[101.86442,-0.29845,0.0,null],[101.86442,-0.30151,0.0,null],[101.86747,-0.30481,0.0,null],[101.86817,-0.30906,0.0,null],[101.86442,-0.31306,0.0,null],[101.86395,-0.31566,0.0,null],[101.86465,-0.31919,0.0,null],[101.86067,-0.32532,0.0,null],[101.85458,-0.33004,0.0,null],[101.85177,-0.33145,0.0,null],[101.85341,-0.33404,0.0,null],[101.85341,-0.33617,0.0,null],[101.85245,-0.33909,0.0,null],[101.85384,-0.3395,0.0,null],[101.85528,-0.34277,0.0,null],[101.85905,-0.3466,0.0,null],[101.8626,-0.35407,0.0,null],[101.86381,-0.35859,0.0,null],[101.86471,-0.35947,0.0,null],[101.86687,-0.3653,0.0,null],[101.86751,-0.36583,0.0,null],[101.86647,-0.36684,0.0,null],[101.86397,-0.36633,0.0,null],[101.86302,-0.36531,0.0,null],[101.86031,-0.36588,0.0,null],[101.86047,-0.36635,0.0,null],[101.8716,-0.37873,0.0,null],[101.87377,-0.37903,0.0,null],[101.87892,-0.38226,0.0,null],[101.87916,-0.39093,0.0,null],[101.87987,-0.39191,0.0,null],[101.87967,-0.3935,0.0,null],[101.88184,-0.39829,0.0,null],[101.8817,-0.40252,0.0,null],[101.90119,-0.4037,0.0,null],[101.91134,-0.3933,0.0,null],[101.91138,-0.39237,0.0,null],[101.91726,-0.38671,0.0,null],[101.91776,-0.38602,0.0,null],[101.91782,-0.38357,0.0,null],[101.91849,-0.38261,0.0,null],[101.92326,-0.38074,0.0,null],[101.92306,-0.37686,0.0,null],[101.92527,-0.3774,0.0,null],[101.92557,-0.37815,0.0,null],[101.92699,-0.37601,0.0,null],[101.93009,-0.37425,0.0,null],[101.93133,-0.37235,0.0,null],[101.93211,-0.37263,0.0,null],[101.93337,-0.37172,0.0,null],[101.93388,-0.37063,0.0,null],[101.93352,-0.36894,0.0,null],[101.93508,-0.36878,0.0,null],[101.93554,-0.36788,0.0,null],[101.93661,-0.36745,0.0,null],[101.93593,-0.36628,0.0,null],[101.93603,-0.364,0.0,null],[101.93649,-0.36443,0.0,null],[101.9371,-0.36368,0.0,null],[101.93842,-0.36357,0.0,null],[101.93914,-0.36408,0.0,null],[101.9405,-0.363,0.0,null],[101.94106,-0.36385,0.0,null],[101.94394,-0.3632,0.0,null],[101.94565,-0.36446,0.0,null],[101.94959,-0.36377,0.0,null],[101.94964,-0.3627,0.0,null],[101.95351,-0.36315,0.0,null],[101.95393,-0.36277,0.0,null],[101.9569,-0.36296,0.0,null],[101.95799,-0.36411,0.0,null],[101.96138,-0.36411,0.0,null],[101.96181,-0.36346,0.0,null],[101.96502,-0.36458,0.0,null],[101.96607,-0.36364,0.0,null],[101.96844,-0.36355,0.0,null],[101.9699,-0.36459,0.0,null],[101.9705,-0.36362,0.0,null],[101.97395,-0.36244,0.0,null],[101.97527,-0.36072,0.0,null],[101.97646,-0.36081,0.0,null],[101.97388,-0.3589,0.0,null],[101.9726,-0.35925,0.0,null],[101.9693,-0.35767,0.0,null],[101.96362,-0.35238,0.0,null],[101.95884,-0.34921,0.0,null],[101.95789,-0.3473,0.0,null],[101.95791,-0.34194,0.0,null],[101.95399,-0.34332,0.0,null],[101.95183,-0.34332,0.0,null],[101.95013,-0.34285,0.0,null],[101.94872,-0.34143,0.0,null],[101.94825,-0.33981,0.0,null],[101.94938,-0.33707,0.0,null],[101.95089,-0.33593,0.0,null],[101.95974,-0.33243,0.0,null],[101.96746,-0.33091,0.0,null],[101.97753,-0.33082,0.0,null],[101.98407,-0.32985,0.0,null],[101.93333,-0.31525,0.0,null],[101.93691,-0.3201,0.0,null],[101.93833,-0.32294,0.0,null],[101.93833,-0.32531,0.0,null],[101.93543,-0.32631,0.0,null],[101.93065,-0.3263,0.0,null],[101.92164,-0.32334,0.0,null],[101.91373,-0.32371,0.0,null]]]]}},{"type":"Feature","properties":{"inventoryId":"big-forestry-hti:215","sector":"PBPH","subtype":"IUPHHK-HTI","quality":"OFFICIAL","sourceDataset":"big-forestry-hti","sourceRecordId":"215","source":"BIG Kebijakan Satu Peta","sourceUrl":"https://kspservices.big.go.id/satupeta/rest/services/PUBLIK/PERIZINAN_DAN_PERTANAHAN/MapServer/2","retrievedAt":"2026-08-24T04:22:31Z","geometryProcessing":"web display simplification tolerance 0.00035 degrees","name":"PT RIMBA MANDAU LESTARI","permitNumber":"SK.552/Menhut-II/2006","permitDate":"2006-12-22","areaHa":5630.0,"provinceCode":"14","region":"sumatra"},"geometry":{"type":"Polygon","coordinates":[[[101.98614,0.93063,0.0,null],[101.97,0.95829,0.0,null],[101.96159,0.9649,0.0,null],[101.96649,0.92908,0.0,null],[101.93449,0.92964,0.0,null],[101.93484,0.92772,0.0,null],[101.93369,0.85925,0.0,null],[101.95237,0.84953,0.0,null],[101.98929,0.8792,0.0,null],[101.99318,0.87113,0.0,null],[101.99601,0.87494,0.0,null],[101.99552,0.89809,0.0,null],[101.99652,0.90639,0.0,null],[101.99918,0.91085,0.0,null],[101.99629,0.92008,0.0,null],[101.98614,0.93063,0.0,null]]]}},{"type":"Feature","properties":{"inventoryId":"big-forestry-hti:180","sector":"PBPH","subtype":"IUPHHK-HTI","quality":"OFFICIAL","sourceDataset":"big-forestry-hti","sourceRecordId":"180","source":"BIG Kebijakan Satu Peta","sourceUrl":"https://kspservices.big.go.id/satupeta/rest/services/PUBLIK/PERIZINAN_DAN_PERTANAHAN/MapServer/2","retrievedAt":"2026-08-24T04:22:31Z","geometryProcessing":"web display simplification tolerance 0.00035 degrees","name":"PT RIMBA MUTIARA PERMAI","permitNumber":"SK.65/Menhut-II/2007","permitDate":"2007-02-23","areaHa":8030.0,"provinceCode":"14","region":"sumatra"},"geometry":{"type":"Polygon","coordinates":[[[102.38277,0.05576,0.0,null],[102.39001,0.0577,0.0,null],[102.397,0.06147,0.0,null],[102.41221,0.07926,0.0,null],[102.41631,0.08307,0.0,null],[102.43079,0.0897,0.0,null],[102.41819,0.16072,0.0,null],[102.42286,0.16445,0.0,null],[102.42319,0.20019,0.0,null],[102.42305,0.20117,0.0,null],[102.41601,0.20437,0.0,null],[102.4057,0.20514,0.0,null],[102.40229,0.20462,0.0,null],[102.39276,0.20153,0.0,null],[102.38928,0.19973,0.0,null],[102.38323,0.19593,0.0,null],[102.37801,0.19162,0.0,null],[102.37595,0.18782,0.0,null],[102.37445,0.18237,0.0,null],[102.37379,0.17338,0.0,null],[102.37641,0.05389,0.0,null],[102.38277,0.05576,0.0,null]]]}},{"type":"Feature","properties":{"inventoryId":"big-forestry-hti:154","sector":"PBPH","subtype":"IUPHHK-HTI","quality":"OFFICIAL","sourceDataset":"big-forestry-hti","sourceRecordId":"154","source":"BIG Kebijakan Satu Peta","sourceUrl":"https://kspservices.big.go.id/satupeta/rest/services/PUBLIK/PERIZINAN_DAN_PERTANAHAN/MapServer/2","retrievedAt":"2026-08-24T04:22:31Z","geometryProcessing":"web display simplification tolerance 0.00035 degrees","name":"PT RIMBA PENYANGGA UTAMA","permitNumber":"195/Kpts-II/1997","permitDate":"1997-04-04","areaHa":6150.0,"provinceCode":"11","region":"sumatra"},"geometry":{"type":"Polygon","coordinates":[[[97.63118,4.32892,0.0,null],[97.63321,4.32803,0.0,null],[97.6345,4.33014,0.0,null],[97.63692,4.32894,0.0,null],[97.6394,4.32679,0.0,null],[97.64128,4.32803,0.0,null],[97.64324,4.32791,0.0,null],[97.64421,4.32691,0.0,null],[97.64265,4.32412,0.0,null],[97.64351,4.32273,0.0,null],[97.65947,4.31541,0.0,null],[97.65948,4.31401,0.0,null],[97.65812,4.31289,0.0,null],[97.65428,4.3123,0.0,null],[97.65291,4.31292,0.0,null],[97.65009,4.31571,0.0,null],[97.64569,4.31816,0.0,null],[97.64387,4.31848,0.0,null],[97.64171,4.31794,0.0,null],[97.63933,4.31594,0.0,null],[97.63821,4.31681,0.0,null],[97.6366,4.31988,0.0,null],[97.63507,4.32057,0.0,null],[97.63315,4.31998,0.0,null],[97.63273,4.31924,0.0,null],[97.63316,4.31663,0.0,null],[97.63469,4.31176,0.0,null],[97.63562,4.31051,0.0,null],[97.63715,4.31026,0.0,null],[97.6406,4.31238,0.0,null],[97.64188,4.31249,0.0,null],[97.64499,4.30648,0.0,null],[97.64736,4.30511,0.0,null],[97.65062,4.30466,0.0,null],[97.65322,4.30532,0.0,null],[97.65618,4.30745,0.0,null],[97.66582,4.31056,0.0,null],[97.66679,4.31248,0.0,null],[97.66489,4.31328,0.0,null],[97.66458,4.31496,0.0,null],[97.66281,4.31528,0.0,null],[97.66191,4.31672,0.0,null],[97.66324,4.32123,0.0,null],[97.66225,4.32379,0.0,null],[97.66813,4.32292,0.0,null],[97.66744,4.32586,0.0,null],[97.66766,4.32691,0.0,null],[97.66885,4.32714,0.0,null],[97.67003,4.32373,0.0,null],[97.67256,4.32359,0.0,null],[97.67253,4.319,0.0,null],[97.67347,4.31784,0.0,null],[97.67649,4.31651,0.0,null],[97.67685,4.31111,0.0,null],[97.67554,4.30824,0.0,null],[97.67396,4.30748,0.0,null],[97.66962,4.31,0.0,null],[97.66781,4.31047,0.0,null],[97.66426,4.30899,0.0,null],[97.66392,4.30581,0.0,null],[97.66465,4.3027,0.0,null],[97.66623,4.30082,0.0,null],[97.66693,4.29866,0.0,null],[97.66681,4.29773,0.0,null],[97.66538,4.29676,0.0,null],[97.66631,4.2958,0.0,null],[97.66771,4.2957,0.0,null],[97.67109,4.29855,0.0,null],[97.67198,4.30147,0.0,null],[97.67292,4.30213,0.0,null],[97.67419,4.30176,0.0,null],[97.6762,4.29811,0.0,null],[97.67874,4.29626,0.0,null],[97.67873,4.29423,0.0,null],[97.67973,4.29371,0.0,null],[97.68028,4.29436,0.0,null],[97.67961,4.29742,0.0,null],[97.68008,4.29913,0.0,null],[97.68071,4.2996,0.0,null],[97.68671,4.29765,0.0,null],[97.69127,4.29909,0.0,null],[97.6938,4.29911,0.0,null],[97.69461,4.30073,0.0,null],[97.69758,4.3002,0.0,null],[97.70782,4.3316,0.0,null],[97.70384,4.33397,0.0,null],[97.70485,4.34096,0.0,null],[97.70355,4.34556,0.0,null],[97.70427,4.34816,0.0,null],[97.7035,4.35048,0.0,null],[97.70563,4.35375,0.0,null],[97.70582,4.35633,0.0,null],[97.7036,4.35599,0.0,null],[97.70178,4.35712,0.0,null],[97.69937,4.35761,0.0,null],[97.69751,4.35677,0.0,null],[97.69621,4.35449,0.0,null],[97.69535,4.34728,0.0,null],[97.69474,4.34587,0.0,null],[97.69234,4.34427,0.0,null],[97.69108,4.34163,0.0,null],[97.68998,4.34086,0.0,null],[97.68721,4.34071,0.0,null],[97.68034,4.33659,0.0,null],[97.67552,4.33653,0.0,null],[97.67489,4.34005,0.0,null],[97.67011,4.34417,0.0,null],[97.67178,4.35048,0.0,null],[97.67115,4.35411,0.0,null],[97.66972,4.35488,0.0,null],[97.66822,4.35441,0.0,null],[97.66641,4.35213,0.0,null],[97.66382,4.352,0.0,null],[97.66095,4.35006,0.0,null],[97.65809,4.35303,0.0,null],[97.65623,4.35335,0.0,null],[97.65511,4.34956,0.0,null],[97.6549,4.34249,0.0,null],[97.65356,4.33885,0.0,null],[97.65274,4.34011,0.0,null],[97.65107,4.34692,0.0,null],[97.64751,4.34653,0.0,null],[97.6466,4.34849,0.0,null],[97.64417,4.34824,0.0,null],[97.64309,4.34887,0.0,null],[97.64249,4.35003,0.0,null],[97.63971,4.34907,0.0,null],[97.63731,4.35021,0.0,null],[97.63681,4.34898,0.0,null],[97.6352,4.34753,0.0,null],[97.63214,4.34604,0.0,null],[97.63032,4.34297,0.0,null],[97.6291,4.34237,0.0,null],[97.62706,4.34264,0.0,null],[97.62171,4.34531,0.0,null],[97.61923,4.34529,0.0,null],[97.61771,4.34671,0.0,null],[97.61851,4.34804,0.0,null],[97.61842,4.34895,0.0,null],[97.61649,4.34846,0.0,null],[97.61321,4.34987,0.0,null],[97.61161,4.35166,0.0,null],[97.61233,4.34895,0.0,null],[97.61201,4.34813,0.0,null],[97.61091,4.34828,0.0,null],[97.60931,4.34952,0.0,null],[97.60867,4.34932,0.0,null],[97.60842,4.34789,0.0,null],[97.60689,4.34852,0.0,null],[97.60549,4.34833,0.0,null],[97.60503,4.3493,0.0,null],[97.60572,4.35033,0.0,null],[97.60828,4.35,0.0,null],[97.60917,4.35042,0.0,null],[97.60846,4.35169,0.0,null],[97.60843,4.35328,0.0,null],[97.60741,4.35378,0.0,null],[97.60703,4.35533,0.0,null],[97.60478,4.35719,0.0,null],[97.60068,4.35795,0.0,null],[97.60038,4.35932,0.0,null],[97.59908,4.36,0.0,null],[97.59872,4.36145,0.0,null],[97.597,4.36169,0.0,null],[97.59776,4.36058,0.0,null],[97.59708,4.36031,0.0,null],[97.59394,4.36463,0.0,null],[97.59432,4.36843,0.0,null],[97.59322,4.37507,0.0,null],[97.59394,4.38193,0.0,null],[97.59128,4.38757,0.0,null],[97.59157,4.39209,0.0,null],[97.58856,4.39368,0.0,null],[97.58662,4.39636,0.0,null],[97.58227,4.39739,0.0,null],[97.57819,4.40129,0.0,null],[97.57577,4.40213,0.0,null],[97.57448,4.40466,0.0,null],[97.57366,4.40489,0.0,null],[97.57284,4.40617,0.0,null],[97.57254,4.41181,0.0,null],[97.57116,4.41157,0.0,null],[97.56945,4.41013,0.0,null],[97.56725,4.41016,0.0,null],[97.56715,4.40316,0.0,null],[97.56412,4.38784,0.0,null],[97.55935,4.37658,0.0,null],[97.55355,4.36769,0.0,null],[97.5631,4.36386,0.0,null],[97.56549,4.36012,0.0,null],[97.56869,4.35722,0.0,null],[97.57064,4.35392,0.0,null],[97.57092,4.35286,0.0,null],[97.56992,4.35011,0.0,null],[97.57053,4.34864,0.0,null],[97.57284,4.34769,0.0,null],[97.5764,4.34724,0.0,null],[97.57876,4.34573,0.0,null],[97.58375,4.33908,0.0,null],[97.58392,4.33777,0.0,null],[97.58248,4.33556,0.0,null],[97.58229,4.33371,0.0,null],[97.58312,4.33304,0.0,null],[97.58558,4.3342,0.0,null],[97.58843,4.33269,0.0,null],[97.58892,4.33078,0.0,null],[97.5879,4.32735,0.0,null],[97.59013,4.32514,0.0,null],[97.59767,4.32397,0.0,null],[97.60167,4.32175,0.0,null],[97.60615,4.32269,0.0,null],[97.6091,4.3217,0.0,null],[97.61618,4.32471,0.0,null],[97.61815,4.32407,0.0,null],[97.62184,4.31963,0.0,null],[97.62708,4.31689,0.0,null],[97.62858,4.31769,0.0,null],[97.62907,4.31889,0.0,null],[97.62957,4.32234,0.0,null],[97.62871,4.32739,0.0,null],[97.62953,4.32864,0.0,null],[97.63118,4.32892,0.0,null]]]}},{"type":"Feature","properties":{"inventoryId":"big-forestry-hti:188","sector":"PBPH","subtype":"IUPHHK-HTI","quality":"OFFICIAL","sourceDataset":"big-forestry-hti","sourceRecordId":"188","source":"BIG Kebijakan Satu Peta","sourceUrl":"https://kspservices.big.go.id/satupeta/rest/services/PUBLIK/PERIZINAN_DAN_PERTANAHAN/MapServer/2","retrievedAt":"2026-08-24T04:22:31Z","geometryProcessing":"web display simplification tolerance 0.00035 degrees","name":"PT RIMBA PERANAP INDAH","permitNumber":"SK.598/Kpts-II/1996","permitDate":"1996-09-16","areaHa":11620.0,"provinceCode":"14","region":"sumatra"},"geometry":{"type":"Polygon","coordinates":[[[102.01514,-0.34018,0.0,null],[102.00541,-0.33695,0.0,null],[102.00449,-0.33795,0.0,null],[102.00404,-0.33983,0.0,null],[102.00365,-0.34022,0.0,null],[102.00329,-0.3396,0.0,null],[102.00278,-0.34036,0.0,null],[102.00232,-0.34185,0.0,null],[102.00266,-0.34274,0.0,null],[102.00135,-0.34537,0.0,null],[101.99899,-0.3454,0.0,null],[101.99918,-0.34713,0.0,null],[101.99695,-0.34815,0.0,null],[101.9967,-0.34906,0.0,null],[101.9949,-0.34878,0.0,null],[101.99541,-0.34945,0.0,null],[101.99448,-0.35084,0.0,null],[101.99245,-0.35173,0.0,null],[101.99154,-0.35152,0.0,null],[101.99107,-0.3505,0.0,null],[101.98974,-0.35169,0.0,null],[101.98972,-0.35369,0.0,null],[101.98817,-0.35365,0.0,null],[101.98739,-0.35299,0.0,null],[101.98514,-0.35367,0.0,null],[101.98499,-0.35534,0.0,null],[101.98335,-0.35552,0.0,null],[101.98083,-0.35812,0.0,null],[101.97916,-0.35811,0.0,null],[101.97871,-0.35855,0.0,null],[101.97897,-0.35906,0.0,null],[101.97764,-0.35928,0.0,null],[101.97791,-0.36,0.0,null],[101.97607,-0.361,0.0,null],[101.97527,-0.36072,0.0,null],[101.97395,-0.36244,0.0,null],[101.9705,-0.36362,0.0,null],[101.9699,-0.36459,0.0,null],[101.96844,-0.36355,0.0,null],[101.96607,-0.36364,0.0,null],[101.96502,-0.36458,0.0,null],[101.96181,-0.36346,0.0,null],[101.96138,-0.36411,0.0,null],[101.95799,-0.36411,0.0,null],[101.9569,-0.36296,0.0,null],[101.95393,-0.36277,0.0,null],[101.95351,-0.36315,0.0,null],[101.94964,-0.3627,0.0,null],[101.94959,-0.36377,0.0,null],[101.94565,-0.36446,0.0,null],[101.94394,-0.3632,0.0,null],[101.94106,-0.36385,0.0,null],[101.9405,-0.363,0.0,null],[101.93914,-0.36408,0.0,null],[101.93842,-0.36357,0.0,null],[101.9371,-0.36368,0.0,null],[101.93649,-0.36443,0.0,null],[101.93603,-0.364,0.0,null],[101.93593,-0.36628,0.0,null],[101.93661,-0.36745,0.0,null],[101.93554,-0.36788,0.0,null],[101.93508,-0.36878,0.0,null],[101.93352,-0.36894,0.0,null],[101.93388,-0.37063,0.0,null],[101.93337,-0.37172,0.0,null],[101.93211,-0.37263,0.0,null],[101.93133,-0.37235,0.0,null],[101.93009,-0.37425,0.0,null],[101.92699,-0.37601,0.0,null],[101.92557,-0.37815,0.0,null],[101.92527,-0.3774,0.0,null],[101.92306,-0.37686,0.0,null],[101.92326,-0.38074,0.0,null],[101.91849,-0.38261,0.0,null],[101.91782,-0.38357,0.0,null],[101.91776,-0.38602,0.0,null],[101.91726,-0.38671,0.0,null],[101.90121,-0.40354,0.0,null],[101.89905,-0.43104,0.0,null],[101.91309,-0.43559,0.0,null],[101.93716,-0.43631,0.0,null],[101.97819,-0.43645,0.0,null],[102.00177,-0.43741,0.0,null],[102.01537,-0.43718,0.0,null],[102.01728,-0.43707,0.0,null],[102.02135,-0.43515,0.0,null],[102.02335,-0.43577,0.0,null],[102.02399,-0.43512,0.0,null],[102.02775,-0.43476,0.0,null],[102.02861,-0.43294,0.0,null],[102.02751,-0.43208,0.0,null],[102.02766,-0.43009,0.0,null],[102.02674,-0.43007,0.0,null],[102.02601,-0.43158,0.0,null],[102.02345,-0.43228,0.0,null],[102.01801,-0.43032,0.0,null],[102.0175,-0.42736,0.0,null],[102.01781,-0.42621,0.0,null],[102.01872,-0.42584,0.0,null],[102.02161,-0.42535,0.0,null],[102.0252,-0.4239,0.0,null],[102.02665,-0.42446,0.0,null],[102.02864,-0.42389,0.0,null],[102.03011,-0.42555,0.0,null],[102.03203,-0.42627,0.0,null],[102.03301,-0.42578,0.0,null],[102.03503,-0.42789,0.0,null],[102.03802,-0.42932,0.0,null],[102.03854,-0.42982,0.0,null],[102.03727,-0.4313,0.0,null],[102.03752,-0.43211,0.0,null],[102.04214,-0.43024,0.0,null],[102.04322,-0.42883,0.0,null],[102.04771,-0.42734,0.0,null],[102.049,-0.42624,0.0,null],[102.0518,-0.42521,0.0,null],[102.05679,-0.4194,0.0,null],[102.05767,-0.41904,0.0,null],[102.06187,-0.41429,0.0,null],[102.06243,-0.41456,0.0,null],[102.06264,-0.41415,0.0,null],[102.06349,-0.40925,0.0,null],[102.06247,-0.40707,0.0,null],[102.06298,-0.40491,0.0,null],[102.0628,-0.40008,0.0,null],[102.06577,-0.398,0.0,null],[102.06613,-0.39585,0.0,null],[102.06396,-0.38445,0.0,null],[102.04932,-0.36388,0.0,null],[102.02405,-0.34611,0.0,null],[102.02338,-0.34512,0.0,null],[102.01514,-0.34018,0.0,null]]]}},{"type":"Feature","properties":{"inventoryId":"big-forestry-hti:207","sector":"PBPH","subtype":"IUPHHK-HTI","quality":"OFFICIAL","sourceDataset":"big-forestry-hti","sourceRecordId":"207","source":"BIG Kebijakan Satu Peta","sourceUrl":"https://kspservices.big.go.id/satupeta/rest/services/PUBLIK/PERIZINAN_DAN_PERTANAHAN/MapServer/2","retrievedAt":"2026-08-24T04:22:31Z","geometryProcessing":"web display simplification tolerance 0.00035 degrees","name":"PT RIMBA ROKAN LESTARI","permitNumber":"SK.262/Kpts-II/1998","permitDate":"1998-02-27","areaHa":14875.0,"provinceCode":"14","region":"sumatra"},"geometry":{"type":"MultiPolygon","coordinates":[[[[102.41904,1.42715,0.0,null],[102.36271,1.42591,0.0,null],[102.36336,1.38099,0.0,null],[102.37032,1.38112,0.0,null],[102.37544,1.37912,0.0,null],[102.37841,1.37923,0.0,null],[102.3821,1.37544,0.0,null],[102.38552,1.37583,0.0,null],[102.38682,1.37511,0.0,null],[102.38802,1.37277,0.0,null],[102.3905,1.3712,0.0,null],[102.39143,1.37147,0.0,null],[102.39243,1.37315,0.0,null],[102.39368,1.37297,0.0,null],[102.3992,1.36768,0.0,null],[102.4004,1.36338,0.0,null],[102.4037,1.36012,0.0,null],[102.4058,1.36055,0.0,null],[102.40567,1.36627,0.0,null],[102.40659,1.36666,0.0,null],[102.40807,1.36588,0.0,null],[102.40877,1.3648,0.0,null],[102.40831,1.36187,0.0,null],[102.40892,1.36004,0.0,null],[102.41228,1.35803,0.0,null],[102.41238,1.35939,0.0,null],[102.41168,1.36035,0.0,null],[102.41212,1.36148,0.0,null],[102.41508,1.36051,0.0,null],[102.41773,1.35432,0.0,null],[102.42253,1.34757,0.0,null],[102.42938,1.34126,0.0,null],[102.43182,1.33743,0.0,null],[102.43367,1.33297,0.0,null],[102.43858,1.32963,0.0,null],[102.44479,1.32837,0.0,null],[102.45031,1.32392,0.0,null],[102.45284,1.32395,0.0,null],[102.45646,1.32191,0.0,null],[102.4573,1.31922,0.0,null],[102.45693,1.31746,0.0,null],[102.45527,1.31474,0.0,null],[102.46612,1.31719,0.0,null],[102.47668,1.30665,0.0,null],[102.47608,1.33215,0.0,null],[102.46985,1.33135,0.0,null],[102.46396,1.34062,0.0,null],[102.4592,1.37087,0.0,null],[102.44783,1.3686,0.0,null],[102.44525,1.3795,0.0,null],[102.41904,1.42715,0.0,null]]],[[[102.39408,1.49379,0.0,null],[102.40195,1.50279,0.0,null],[102.3658,1.51107,0.0,null],[102.3386,1.48924,0.0,null],[102.33028,1.4951,0.0,null],[102.30463,1.48878,0.0,null],[102.29826,1.47787,0.0,null],[102.29831,1.47578,0.0,null],[102.30385,1.47095,0.0,null],[102.31245,1.4715,0.0,null],[102.31486,1.46018,0.0,null],[102.33869,1.4614,0.0,null],[102.34338,1.44958,0.0,null],[102.35729,1.44944,0.0,null],[102.39408,1.49379,0.0,null]]]]}},{"type":"Feature","properties":{"inventoryId":"big-forestry-hti:210","sector":"PBPH","subtype":"IUPHHK-HTI","quality":"OFFICIAL","sourceDataset":"big-forestry-hti","sourceRecordId":"210","source":"BIG Kebijakan Satu Peta","sourceUrl":"https://kspservices.big.go.id/satupeta/rest/services/PUBLIK/PERIZINAN_DAN_PERTANAHAN/MapServer/2","retrievedAt":"2026-08-24T04:22:31Z","geometryProcessing":"web display simplification tolerance 0.00035 degrees","name":"PT RIMBA SERAYA UTAMA","permitNumber":"SK.599/Kpts-II/1996","permitDate":"1996-09-16","areaHa":12600.0,"provinceCode":"14","region":"sumatra"},"geometry":{"type":"Polygon","coordinates":[[[101.49118,0.31288,0.0,null],[101.49083,0.29725,0.0,null],[101.44154,0.29367,0.0,null],[101.44268,0.28926,0.0,null],[101.43854,0.28833,0.0,null],[101.43937,0.28444,0.0,null],[101.42404,0.2815,0.0,null],[101.43144,0.25629,0.0,null],[101.43618,0.25353,0.0,null],[101.43709,0.2527,0.0,null],[101.43781,0.25058,0.0,null],[101.43742,0.24854,0.0,null],[101.43615,0.24623,0.0,null],[101.41972,0.24355,0.0,null],[101.42002,0.23784,0.0,null],[101.4263,0.2374,0.0,null],[101.42736,0.22793,0.0,null],[101.44973,0.22929,0.0,null],[101.4564,0.22357,0.0,null],[101.45674,0.21882,0.0,null],[101.46039,0.21453,0.0,null],[101.46475,0.21383,0.0,null],[101.46549,0.21233,0.0,null],[101.465,0.20969,0.0,null],[101.46592,0.20759,0.0,null],[101.4656,0.20577,0.0,null],[101.47985,0.2021,0.0,null],[101.48217,0.20317,0.0,null],[101.48554,0.20081,0.0,null],[101.48844,0.20115,0.0,null],[101.48949,0.20156,0.0,null],[101.48974,0.20253,0.0,null],[101.49101,0.20262,0.0,null],[101.49303,0.19983,0.0,null],[101.4989,0.19415,0.0,null],[101.50056,0.19449,0.0,null],[101.50127,0.19629,0.0,null],[101.50234,0.19689,0.0,null],[101.504,0.19581,0.0,null],[101.50459,0.19316,0.0,null],[101.50423,0.19232,0.0,null],[101.50127,0.19064,0.0,null],[101.50127,0.1898,0.0,null],[101.50269,0.18908,0.0,null],[101.50411,0.18944,0.0,null],[101.50482,0.19244,0.0,null],[101.50636,0.194,0.0,null],[101.51004,0.19412,0.0,null],[101.51064,0.1946,0.0,null],[101.51076,0.19592,0.0,null],[101.50898,0.19809,0.0,null],[101.50875,0.19929,0.0,null],[101.50946,0.20133,0.0,null],[101.51135,0.20289,0.0,null],[101.51219,0.20289,0.0,null],[101.51337,0.20169,0.0,null],[101.51349,0.1988,0.0,null],[101.51408,0.19748,0.0,null],[101.51373,0.19315,0.0,null],[101.50979,0.18991,0.0,null],[101.50945,0.18871,0.0,null],[101.51711,0.18822,0.0,null],[101.51793,0.18918,0.0,null],[101.51817,0.19087,0.0,null],[101.51675,0.19327,0.0,null],[101.51675,0.19591,0.0,null],[101.51735,0.19808,0.0,null],[101.51723,0.20132,0.0,null],[101.5182,0.20315,0.0,null],[101.5207,0.20296,0.0,null],[101.52161,0.2016,0.0,null],[101.52138,0.19675,0.0,null],[101.52245,0.19435,0.0,null],[101.52367,0.19324,0.0,null],[101.52899,0.192,0.0,null],[101.53273,0.1925,0.0,null],[101.53305,0.19451,0.0,null],[101.53251,0.19559,0.0,null],[101.53067,0.19656,0.0,null],[101.52981,0.1985,0.0,null],[101.52992,0.20243,0.0,null],[101.53124,0.20345,0.0,null],[101.53216,0.2052,0.0,null],[101.53274,0.21013,0.0,null],[101.53611,0.21095,0.0,null],[101.5378,0.21281,0.0,null],[101.53599,0.23944,0.0,null],[101.53323,0.23975,0.0,null],[101.53214,0.24086,0.0,null],[101.52946,0.28634,0.0,null],[101.53233,0.2906,0.0,null],[101.52767,0.29629,0.0,null],[101.51896,0.2963,0.0,null],[101.51541,0.30052,0.0,null],[101.51515,0.3063,0.0,null],[101.50378,0.31341,0.0,null],[101.49118,0.31288,0.0,null]]]}},{"type":"Feature","properties":{"inventoryId":"big-forestry-hti:199","sector":"PBPH","subtype":"IUPHHK-HTI","quality":"OFFICIAL","sourceDataset":"big-forestry-hti","sourceRecordId":"199","source":"BIG Kebijakan Satu Peta","sourceUrl":"https://kspservices.big.go.id/satupeta/rest/services/PUBLIK/PERIZINAN_DAN_PERTANAHAN/MapServer/2","retrievedAt":"2026-08-24T04:22:31Z","geometryProcessing":"web display simplification tolerance 0.00035 degrees","name":"PT RIMBA TANAMAN INDUSTRI","permitNumber":"5/1/IUPHHK-HTI/PMDN/2016","permitDate":"2016-05-31","areaHa":8155.0,"provinceCode":"15","region":"sumatra"},"geometry":{"type":"Polygon","coordinates":[[[102.94049,-1.82431,0.0,null],[102.9395,-1.82463,0.0,null],[102.93989,-1.82619,0.0,null],[102.9388,-1.82703,0.0,null],[102.93331,-1.82733,0.0,null],[102.93249,-1.82673,0.0,null],[102.93077,-1.82679,0.0,null],[102.93036,-1.82586,0.0,null],[102.92815,-1.82687,0.0,null],[102.92414,-1.82728,0.0,null],[102.92057,-1.82714,0.0,null],[102.91879,-1.8264,0.0,null],[102.91867,-1.82703,0.0,null],[102.91735,-1.82777,0.0,null],[102.91353,-1.82834,0.0,null],[102.91037,-1.83132,0.0,null],[102.90878,-1.83192,0.0,null],[102.90456,-1.83239,0.0,null],[102.90405,-1.832,0.0,null],[102.89931,-1.83337,0.0,null],[102.89845,-1.83408,0.0,null],[102.89642,-1.83423,0.0,null],[102.89537,-1.83603,0.0,null],[102.89001,-1.83865,0.0,null],[102.88844,-1.8392,0.0,null],[102.8877,-1.83873,0.0,null],[102.88621,-1.83986,0.0,null],[102.88465,-1.83998,0.0,null],[102.88359,-1.84114,0.0,null],[102.88252,-1.84123,0.0,null],[102.88246,-1.84036,0.0,null],[102.88043,-1.83799,0.0,null],[102.8778,-1.8366,0.0,null],[102.87732,-1.90156,0.0,null],[102.86122,-1.90176,0.0,null],[102.85894,-1.9746,0.0,null],[102.84215,-1.97485,0.0,null],[102.84123,-1.98883,0.0,null],[102.85686,-1.98526,0.0,null],[102.86957,-1.9849,0.0,null],[102.88078,-1.98333,0.0,null],[102.88606,-1.98219,0.0,null],[102.88799,-1.98126,0.0,null],[102.89013,-1.97876,0.0,null],[102.89276,-1.96724,0.0,null],[102.89395,-1.96528,0.0,null],[102.89695,-1.96278,0.0,null],[102.89903,-1.96218,0.0,null],[102.89941,-1.96263,0.0,null],[102.90078,-1.95964,0.0,null],[102.90108,-1.95538,0.0,null],[102.90189,-1.95345,0.0,null],[102.9048,-1.93667,0.0,null],[102.9058,-1.92298,0.0,null],[102.90676,-1.91689,0.0,null],[102.90818,-1.91211,0.0,null],[102.9107,-1.90635,0.0,null],[102.91229,-1.9045,0.0,null],[102.914,-1.90108,0.0,null],[102.91523,-1.89749,0.0,null],[102.91645,-1.88476,0.0,null],[102.91875,-1.86954,0.0,null],[102.92217,-1.85511,0.0,null],[102.92386,-1.85497,0.0,null],[102.9331,-1.84643,0.0,null],[102.93591,-1.84442,0.0,null],[102.93933,-1.84301,0.0,null],[102.94224,-1.83859,0.0,null],[102.94817,-1.83568,0.0,null],[102.95035,-1.83239,0.0,null],[102.94914,-1.83091,0.0,null],[102.94658,-1.82945,0.0,null],[102.94557,-1.82786,0.0,null],[102.9457,-1.82651,0.0,null],[102.9441,-1.82676,0.0,null],[102.94289,-1.82485,0.0,null],[102.94049,-1.82431,0.0,null]],[[102.87764,-1.95367,0.0,null],[102.87879,-1.95363,0.0,null],[102.87888,-1.95861,0.0,null],[102.88715,-1.95857,0.0,null],[102.8874,-1.96622,0.0,null],[102.88316,-1.96636,0.0,null],[102.88317,-1.96908,0.0,null],[102.87633,-1.9692,0.0,null],[102.87637,-1.97337,0.0,null],[102.87219,-1.97347,0.0,null],[102.87232,-1.97921,0.0,null],[102.86542,-1.97917,0.0,null],[102.86534,-1.97076,0.0,null],[102.86805,-1.9707,0.0,null],[102.86803,-1.96658,0.0,null],[102.86289,-1.96665,0.0,null],[102.86289,-1.96397,0.0,null],[102.8688,-1.9637,0.0,null],[102.86875,-1.95746,0.0,null],[102.87285,-1.95744,0.0,null],[102.87286,-1.9537,0.0,null],[102.87764,-1.95367,0.0,null]]]}},{"type":"Feature","properties":{"inventoryId":"big-forestry-hti:153","sector":"PBPH","subtype":"IUPHHK-HTI","quality":"OFFICIAL","sourceDataset":"big-forestry-hti","sourceRecordId":"153","source":"BIG Kebijakan Satu Peta","sourceUrl":"https://kspservices.big.go.id/satupeta/rest/services/PUBLIK/PERIZINAN_DAN_PERTANAHAN/MapServer/2","retrievedAt":"2026-08-24T04:22:31Z","geometryProcessing":"web display simplification tolerance 0.00035 degrees","name":"PT RIMBA TIMUR SENTOSA","permitNumber":"SK.348/Menhut-II/2006","permitDate":"2006-06-12","areaHa":6250.0,"provinceCode":"11","region":"sumatra"},"geometry":{"type":"Polygon","coordinates":[[[97.47893,4.7447,0.0,null],[97.48013,4.74685,0.0,null],[97.48121,4.74761,0.0,null],[97.48342,4.74905,0.0,null],[97.48556,4.74931,0.0,null],[97.49011,4.74884,0.0,null],[97.49696,4.74597,0.0,null],[97.50005,4.74392,0.0,null],[97.50039,4.7432,0.0,null],[97.49963,4.7421,0.0,null],[97.49588,4.74337,0.0,null],[97.4933,4.74614,0.0,null],[97.49028,4.74628,0.0,null],[97.48994,4.74517,0.0,null],[97.4941,4.74336,0.0,null],[97.49563,4.74177,0.0,null],[97.49913,4.74043,0.0,null],[97.50025,4.73832,0.0,null],[97.50423,4.7353,0.0,null],[97.50622,4.73168,0.0,null],[97.52074,4.72298,0.0,null],[97.52324,4.72011,0.0,null],[97.5402,4.71247,0.0,null],[97.54152,4.71163,0.0,null],[97.54303,4.70855,0.0,null],[97.54604,4.70815,0.0,null],[97.54894,4.70696,0.0,null],[97.54941,4.70649,0.0,null],[97.54949,4.7033,0.0,null],[97.55025,4.70129,0.0,null],[97.55371,4.6996,0.0,null],[97.55663,4.69498,0.0,null],[97.5565,4.69322,0.0,null],[97.55433,4.68887,0.0,null],[97.55284,4.68198,0.0,null],[97.5534,4.68023,0.0,null],[97.55449,4.67928,0.0,null],[97.5549,4.67652,0.0,null],[97.55587,4.67634,0.0,null],[97.55623,4.67552,0.0,null],[97.5568,4.67662,0.0,null],[97.55842,4.67443,0.0,null],[97.55829,4.67346,0.0,null],[97.5563,4.67154,0.0,null],[97.55673,4.67078,0.0,null],[97.55816,4.67046,0.0,null],[97.55845,4.66928,0.0,null],[97.56026,4.67009,0.0,null],[97.56092,4.66908,0.0,null],[97.56343,4.66868,0.0,null],[97.56636,4.66931,0.0,null],[97.61335,4.69651,0.0,null],[97.61013,4.69688,0.0,null],[97.61042,4.69918,0.0,null],[97.60992,4.69992,0.0,null],[97.60721,4.69828,0.0,null],[97.60508,4.69874,0.0,null],[97.60436,4.69731,0.0,null],[97.60379,4.69721,0.0,null],[97.60136,4.69951,0.0,null],[97.59749,4.69905,0.0,null],[97.59676,4.70006,0.0,null],[97.59667,4.70191,0.0,null],[97.59545,4.70219,0.0,null],[97.59416,4.70359,0.0,null],[97.59332,4.70365,0.0,null],[97.59174,4.70254,0.0,null],[97.59087,4.70332,0.0,null],[97.59128,4.70724,0.0,null],[97.59618,4.70809,0.0,null],[97.59718,4.70876,0.0,null],[97.60182,4.71863,0.0,null],[97.60137,4.71974,0.0,null],[97.58638,4.72312,0.0,null],[97.5745,4.72646,0.0,null],[97.56993,4.72696,0.0,null],[97.53257,4.74155,0.0,null],[97.52747,4.74188,0.0,null],[97.5244,4.74055,0.0,null],[97.51837,4.74585,0.0,null],[97.5106,4.74793,0.0,null],[97.50773,4.74937,0.0,null],[97.49948,4.75644,0.0,null],[97.48418,4.76724,0.0,null],[97.47558,4.77496,0.0,null],[97.46531,4.77181,0.0,null],[97.46075,4.77136,0.0,null],[97.45902,4.77178,0.0,null],[97.44895,4.77733,0.0,null],[97.44362,4.78166,0.0,null],[97.43653,4.7817,0.0,null],[97.4335,4.77922,0.0,null],[97.42867,4.77742,0.0,null],[97.42503,4.77525,0.0,null],[97.42243,4.77156,0.0,null],[97.42186,4.76913,0.0,null],[97.42553,4.76139,0.0,null],[97.43106,4.75893,0.0,null],[97.43162,4.75735,0.0,null],[97.434,4.75623,0.0,null],[97.43477,4.75353,0.0,null],[97.43914,4.75675,0.0,null],[97.44388,4.75679,0.0,null],[97.44631,4.75607,0.0,null],[97.46592,4.73259,0.0,null],[97.46716,4.73169,0.0,null],[97.46908,4.73298,0.0,null],[97.47615,4.74084,0.0,null],[97.47893,4.7447,0.0,null]]]}},{"type":"Feature","properties":{"inventoryId":"big-forestry-hti:149","sector":"PBPH","subtype":"IUPHHK-HTI","quality":"OFFICIAL","sourceDataset":"big-forestry-hti","sourceRecordId":"149","source":"BIG Kebijakan Satu Peta","sourceUrl":"https://kspservices.big.go.id/satupeta/rest/services/PUBLIK/PERIZINAN_DAN_PERTANAHAN/MapServer/2","retrievedAt":"2026-08-24T04:22:31Z","geometryProcessing":"web display simplification tolerance 0.00035 degrees","name":"PT RIMBA WAWASAN PERMAI","permitNumber":"349/Menhut-II/2006","permitDate":"2006-06-12","areaHa":6120.0,"provinceCode":"11","region":"sumatra"},"geometry":{"type":"Polygon","coordinates":[[[97.748,4.46374,0.0,null],[97.74425,4.46237,0.0,null],[97.74301,4.46061,0.0,null],[97.74061,4.45964,0.0,null],[97.74328,4.42401,0.0,null],[97.75435,4.39763,0.0,null],[97.75679,4.40049,0.0,null],[97.7651,4.40093,0.0,null],[97.76643,4.40172,0.0,null],[97.76628,4.39825,0.0,null],[97.76715,4.39824,0.0,null],[97.77383,4.40041,0.0,null],[97.78055,4.39571,0.0,null],[97.78608,4.38968,0.0,null],[97.79392,4.3891,0.0,null],[97.79395,4.38491,0.0,null],[97.79583,4.38464,0.0,null],[97.79707,4.38375,0.0,null],[97.79911,4.38074,0.0,null],[97.81288,4.38007,0.0,null],[97.81346,4.34794,0.0,null],[97.82139,4.35193,0.0,null],[97.83067,4.35488,0.0,null],[97.8473,4.35476,0.0,null],[97.85549,4.35281,0.0,null],[97.86679,4.34898,0.0,null],[97.88266,4.34269,0.0,null],[97.89136,4.34098,0.0,null],[97.89257,4.34215,0.0,null],[97.89408,4.34544,0.0,null],[97.89503,4.34569,0.0,null],[97.90924,4.34682,0.0,null],[97.91064,4.34632,0.0,null],[97.91176,4.34511,0.0,null],[97.91168,4.34378,0.0,null],[97.91245,4.3436,0.0,null],[97.91399,4.34441,0.0,null],[97.91372,4.34735,0.0,null],[97.91497,4.34837,0.0,null],[97.92108,4.34658,0.0,null],[97.92662,4.349,0.0,null],[97.92937,4.34847,0.0,null],[97.92922,4.35191,0.0,null],[97.92864,4.35238,0.0,null],[97.91894,4.35202,0.0,null],[97.91517,4.35287,0.0,null],[97.91084,4.35124,0.0,null],[97.90604,4.35205,0.0,null],[97.90217,4.35155,0.0,null],[97.9002,4.35203,0.0,null],[97.89687,4.35514,0.0,null],[97.89577,4.36221,0.0,null],[97.89387,4.36507,0.0,null],[97.88931,4.36738,0.0,null],[97.88298,4.36844,0.0,null],[97.88081,4.36962,0.0,null],[97.87897,4.37287,0.0,null],[97.87772,4.37813,0.0,null],[97.87503,4.38067,0.0,null],[97.84649,4.3815,0.0,null],[97.84235,4.38383,0.0,null],[97.84775,4.37909,0.0,null],[97.84868,4.377,0.0,null],[97.84802,4.3745,0.0,null],[97.84581,4.37344,0.0,null],[97.84451,4.37415,0.0,null],[97.84265,4.37551,0.0,null],[97.83736,4.3833,0.0,null],[97.83292,4.38634,0.0,null],[97.82694,4.38658,0.0,null],[97.82159,4.39182,0.0,null],[97.82069,4.39343,0.0,null],[97.82198,4.39793,0.0,null],[97.82091,4.39972,0.0,null],[97.82043,4.4022,0.0,null],[97.79941,4.4102,0.0,null],[97.79329,4.41028,0.0,null],[97.79313,4.41341,0.0,null],[97.78286,4.41978,0.0,null],[97.77415,4.4264,0.0,null],[97.77106,4.42538,0.0,null],[97.76545,4.42606,0.0,null],[97.76006,4.43471,0.0,null],[97.76041,4.43919,0.0,null],[97.748,4.46374,0.0,null]]]}},{"type":"Feature","properties":{"inventoryId":"big-forestry-hti:181","sector":"PBPH","subtype":"IUPHHK-HTI","quality":"OFFICIAL","sourceDataset":"big-forestry-hti","sourceRecordId":"181","source":"BIG Kebijakan Satu Peta","sourceUrl":"https://kspservices.big.go.id/satupeta/rest/services/PUBLIK/PERIZINAN_DAN_PERTANAHAN/MapServer/2","retrievedAt":"2026-08-24T04:22:31Z","geometryProcessing":"web display simplification tolerance 0.00035 degrees","name":"PT RUAS UTAMA JAYA","permitNumber":"SK.18/Menhut-II/2007","permitDate":"2007-01-05","areaHa":44330.0,"provinceCode":"14","region":"sumatra"},"geometry":{"type":"MultiPolygon","coordinates":[[[[101.16527,1.86622,0.0,null],[101.12302,1.92707,0.0,null],[101.06045,1.87792,0.0,null],[101.03764,1.86121,0.0,null],[101.03821,1.86057,0.0,null],[101.03556,1.85671,0.0,null],[101.0357,1.85505,0.0,null],[101.03721,1.85326,0.0,null],[101.04328,1.84953,0.0,null],[101.04728,1.84442,0.0,null],[101.05142,1.8422,0.0,null],[101.05597,1.84192,0.0,null],[101.06093,1.83681,0.0,null],[101.06107,1.83571,0.0,null],[101.06024,1.8335,0.0,null],[101.06037,1.83129,0.0,null],[101.06492,1.82494,0.0,null],[101.0663,1.8219,0.0,null],[101.06705,1.81597,0.0,null],[101.06939,1.81307,0.0,null],[101.06967,1.81182,0.0,null],[101.06704,1.80658,0.0,null],[101.06662,1.80037,0.0,null],[101.06441,1.79913,0.0,null],[101.06055,1.79941,0.0,null],[101.05668,1.79873,0.0,null],[101.05626,1.78589,0.0,null],[101.0586,1.78203,0.0,null],[101.06039,1.78147,0.0,null],[101.06136,1.78037,0.0,null],[101.06066,1.77775,0.0,null],[101.06087,1.77664,0.0,null],[101.0639,1.77333,0.0,null],[101.06679,1.7667,0.0,null],[101.0672,1.76339,0.0,null],[101.06512,1.75428,0.0,null],[101.06732,1.74048,0.0,null],[101.06641,1.73469,0.0,null],[101.0682,1.72599,0.0,null],[101.06515,1.70998,0.0,null],[101.06142,1.7064,0.0,null],[101.05879,1.70544,0.0,null],[101.05769,1.7042,0.0,null],[101.05506,1.69578,0.0,null],[101.06016,1.69522,0.0,null],[101.06058,1.69564,0.0,null],[101.06044,1.69826,0.0,null],[101.05976,1.70061,0.0,null],[101.06031,1.70088,0.0,null],[101.06155,1.69771,0.0,null],[101.06224,1.69715,0.0,null],[101.06444,1.69701,0.0,null],[101.06513,1.69549,0.0,null],[101.06499,1.69315,0.0,null],[101.06609,1.69191,0.0,null],[101.0672,1.69273,0.0,null],[101.07134,1.69287,0.0,null],[101.07424,1.69756,0.0,null],[101.07493,1.69755,0.0,null],[101.07645,1.69479,0.0,null],[101.08031,1.69479,0.0,null],[101.08114,1.69603,0.0,null],[101.08894,1.69592,0.0,null],[101.09739,1.69763,0.0,null],[101.1005,1.69849,0.0,null],[101.10654,1.70591,0.0,null],[101.11172,1.70987,0.0,null],[101.11699,1.71297,0.0,null],[101.12613,1.71278,0.0,null],[101.13406,1.71088,0.0,null],[101.14078,1.70604,0.0,null],[101.14372,1.70535,0.0,null],[101.14975,1.70172,0.0,null],[101.15578,1.69688,0.0,null],[101.16129,1.68894,0.0,null],[101.17302,1.68893,0.0,null],[101.18827,1.83295,0.0,null],[101.16527,1.86622,0.0,null]]],[[[101.26695,1.92544,0.0,null],[101.26702,1.92629,0.0,null],[101.26606,1.92611,0.0,null],[101.26588,1.92417,0.0,null],[101.2617,1.92454,0.0,null],[101.26138,1.92382,0.0,null],[101.27206,1.84169,0.0,null],[101.19499,1.82377,0.0,null],[101.24646,1.74745,0.0,null],[101.33753,1.74759,0.0,null],[101.33695,1.76754,0.0,null],[101.33756,1.77322,0.0,null],[101.3372,1.7766,0.0,null],[101.33207,1.78072,0.0,null],[101.32712,1.78725,0.0,null],[101.32567,1.79039,0.0,null],[101.32483,1.79559,0.0,null],[101.32678,1.81178,0.0,null],[101.32927,1.81855,0.0,null],[101.32976,1.82314,0.0,null],[101.32989,1.83426,0.0,null],[101.32845,1.84635,0.0,null],[101.32568,1.85119,0.0,null],[101.32365,1.85267,0.0,null],[101.30522,1.85239,0.0,null],[101.29993,1.85088,0.0,null],[101.2987,1.91538,0.0,null],[101.29674,1.91582,0.0,null],[101.29698,1.91798,0.0,null],[101.29389,1.9187,0.0,null],[101.29282,1.91954,0.0,null],[101.29199,1.92265,0.0,null],[101.29116,1.92289,0.0,null],[101.29044,1.92229,0.0,null],[101.29021,1.92014,0.0,null],[101.28783,1.9199,0.0,null],[101.28759,1.92074,0.0,null],[101.28868,1.9222,0.0,null],[101.28617,1.9245,0.0,null],[101.28412,1.92374,0.0,null],[101.28495,1.92144,0.0,null],[101.28381,1.92083,0.0,null],[101.2832,1.92221,0.0,null],[101.28236,1.92229,0.0,null],[101.28115,1.92114,0.0,null],[101.28169,1.92313,0.0,null],[101.2804,1.92528,0.0,null],[101.28001,1.92237,0.0,null],[101.27933,1.92206,0.0,null],[101.2789,1.92458,0.0,null],[101.27782,1.92494,0.0,null],[101.27746,1.92416,0.0,null],[101.27806,1.9224,0.0,null],[101.27686,1.92101,0.0,null],[101.27512,1.92223,0.0,null],[101.27476,1.92398,0.0,null],[101.2744,1.92205,0.0,null],[101.27367,1.92205,0.0,null],[101.27338,1.92489,0.0,null],[101.27278,1.92495,0.0,null],[101.27248,1.92362,0.0,null],[101.27194,1.92368,0.0,null],[101.27188,1.92586,0.0,null],[101.27128,1.92574,0.0,null],[101.27116,1.92465,0.0,null],[101.26948,1.92502,0.0,null],[101.26978,1.92628,0.0,null],[101.26822,1.92629,0.0,null],[101.26695,1.92544,0.0,null]]]]}},{"type":"Feature","properties":{"inventoryId":"big-forestry-hti:194","sector":"PBPH","subtype":"IUPHHK-HTI","quality":"OFFICIAL","sourceDataset":"big-forestry-hti","sourceRecordId":"194","source":"BIG Kebijakan Satu Peta","sourceUrl":"https://kspservices.big.go.id/satupeta/rest/services/PUBLIK/PERIZINAN_DAN_PERTANAHAN/MapServer/2","retrievedAt":"2026-08-24T04:22:31Z","geometryProcessing":"web display simplification tolerance 0.00035 degrees","name":"PT SAMHUTANI","permitNumber":"86/Kpts-II/1999","permitDate":"1999-02-25","areaHa":35955.0,"provinceCode":"15","region":"sumatra"},"geometry":{"type":"MultiPolygon","coordinates":[[[[103.09712,-2.27142,0.0,null],[103.10729,-2.25134,0.0,null],[103.11425,-2.24063,0.0,null],[103.11934,-2.23635,0.0,null],[103.12755,-2.23191,0.0,null],[103.10707,-2.19845,0.0,null],[103.08745,-2.15864,0.0,null],[103.07797,-2.14119,0.0,null],[103.07046,-2.12857,0.0,null],[103.06382,-2.1209,0.0,null],[103.0483,-2.13624,0.0,null],[103.03808,-2.14153,0.0,null],[103.00177,-2.15312,0.0,null],[102.99955,-2.15482,0.0,null],[102.99972,-2.15926,0.0,null],[103.00262,-2.16318,0.0,null],[103.00952,-2.17025,0.0,null],[103.01344,-2.17673,0.0,null],[103.01771,-2.18917,0.0,null],[103.01788,-2.19923,0.0,null],[103.01941,-2.204,0.0,null],[103.02265,-2.21048,0.0,null],[103.02606,-2.21491,0.0,null],[103.03791,-2.22676,0.0,null],[103.03757,-2.23221,0.0,null],[103.03654,-2.23528,0.0,null],[103.03296,-2.24057,0.0,null],[103.03092,-2.24551,0.0,null],[103.03024,-2.24875,0.0,null],[103.03058,-2.25284,0.0,null],[103.03978,-2.25489,0.0,null],[103.04217,-2.25591,0.0,null],[103.04353,-2.25847,0.0,null],[103.04421,-2.26256,0.0,null],[103.04353,-2.26801,0.0,null],[103.04489,-2.27347,0.0,null],[103.04711,-2.27722,0.0,null],[103.05308,-2.28301,0.0,null],[103.057,-2.29102,0.0,null],[103.06075,-2.29546,0.0,null],[103.06435,-2.30091,0.0,null],[103.06498,-2.30073,0.0,null],[103.07142,-2.28829,0.0,null],[103.07704,-2.29578,0.0,null],[103.09712,-2.27142,0.0,null]]],[[[102.87237,-2.24854,0.0,null],[102.86874,-2.24673,0.0,null],[102.86384,-2.24582,0.0,null],[102.85912,-2.24654,0.0,null],[102.8504,-2.25145,0.0,null],[102.84804,-2.25181,0.0,null],[102.84259,-2.24999,0.0,null],[102.82879,-2.24745,0.0,null],[102.82462,-2.248,0.0,null],[102.82335,-2.2489,0.0,null],[102.82244,-2.25163,0.0,null],[102.83006,-2.2578,0.0,null],[102.8317,-2.25962,0.0,null],[102.83261,-2.2618,0.0,null],[102.83152,-2.2696,0.0,null],[102.8356,-2.28113,0.0,null],[102.82852,-2.28331,0.0,null],[102.8169,-2.28949,0.0,null],[102.80056,-2.30401,0.0,null],[102.80196,-2.38621,0.0,null],[102.82592,-2.40117,0.0,null],[102.85294,-2.40015,0.0,null],[102.85567,-2.38835,0.0,null],[102.85567,-2.38599,0.0,null],[102.85346,-2.38181,0.0,null],[102.84791,-2.38068,0.0,null],[102.84541,-2.37818,0.0,null],[102.84357,-2.37503,0.0,null],[102.84251,-2.37029,0.0,null],[102.84301,-2.36258,0.0,null],[102.84792,-2.34636,0.0,null],[102.84805,-2.34172,0.0,null],[102.84628,-2.33873,0.0,null],[102.84541,-2.33556,0.0,null],[102.84646,-2.33306,0.0,null],[102.84846,-2.33041,0.0,null],[102.85691,-2.32632,0.0,null],[102.85964,-2.32373,0.0,null],[102.8625,-2.32005,0.0,null],[102.86509,-2.31487,0.0,null],[102.86809,-2.31119,0.0,null],[102.87095,-2.30874,0.0,null],[102.87409,-2.30751,0.0,null],[102.88254,-2.30751,0.0,null],[102.88962,-2.30901,0.0,null],[102.90448,-2.31297,0.0,null],[102.92117,-2.32022,0.0,null],[102.9292,-2.31554,0.0,null],[102.93429,-2.311,0.0,null],[102.92394,-2.29847,0.0,null],[102.91486,-2.28213,0.0,null],[102.91286,-2.28013,0.0,null],[102.90741,-2.27814,0.0,null],[102.90614,-2.27124,0.0,null],[102.90342,-2.26724,0.0,null],[102.89888,-2.26343,0.0,null],[102.89325,-2.25998,0.0,null],[102.8829,-2.25617,0.0,null],[102.87673,-2.25326,0.0,null],[102.87237,-2.24854,0.0,null]]],[[[103.03406,-2.32131,0.0,null],[103.03803,-2.31772,0.0,null],[103.03805,-2.31369,0.0,null],[103.03915,-2.30972,0.0,null],[103.03737,-2.30273,0.0,null],[103.03723,-2.29698,0.0,null],[103.03819,-2.29191,0.0,null],[103.03408,-2.29424,0.0,null],[103.02038,-2.29478,0.0,null],[103.0149,-2.29547,0.0,null],[103.0049,-2.29835,0.0,null],[102.99613,-2.29862,0.0,null],[102.99311,-2.29972,0.0,null],[102.98421,-2.30561,0.0,null],[102.98037,-2.30712,0.0,null],[102.97626,-2.30821,0.0,null],[102.96297,-2.30944,0.0,null],[102.9579,-2.31109,0.0,null],[102.95653,-2.31273,0.0,null],[102.95626,-2.31451,0.0,null],[102.95721,-2.31931,0.0,null],[102.95858,-2.32178,0.0,null],[102.96066,-2.32319,0.0,null],[102.96218,-2.32376,0.0,null],[102.96643,-2.3228,0.0,null],[102.97432,-2.32385,0.0,null],[102.98472,-2.32912,0.0,null],[102.98695,-2.33464,0.0,null],[102.98998,-2.33583,0.0,null],[102.99287,-2.33622,0.0,null],[103.01339,-2.33545,0.0,null],[103.01918,-2.33586,0.0,null],[103.02871,-2.33958,0.0,null],[103.0345,-2.33791,0.0,null],[103.03739,-2.33541,0.0,null],[103.03739,-2.33085,0.0,null],[103.03407,-2.32588,0.0,null],[103.03406,-2.32131,0.0,null]]]]}},{"type":"Feature","properties":{"inventoryId":"big-forestry-hti:244","sector":"PBPH","subtype":"IUPHHK-HTI","quality":"OFFICIAL","sourceDataset":"big-forestry-hti","sourceRecordId":"244","source":"BIG Kebijakan Satu Peta","sourceUrl":"https://kspservices.big.go.id/satupeta/rest/services/PUBLIK/PERIZINAN_DAN_PERTANAHAN/MapServer/2","retrievedAt":"2026-08-24T04:22:31Z","geometryProcessing":"web display simplification tolerance 0.00035 degrees","name":"PT SARI HIJAU MUTIARA","permitNumber":"SK.378/Menhut-II/2008","permitDate":"2008-10-28","areaHa":20000.0,"provinceCode":"14","region":"sumatra"},"geometry":{"type":"MultiPolygon","coordinates":[[[[103.027,-0.75477,0.0,null],[103.00363,-0.75398,0.0,null],[102.99709,-0.7638,0.0,null],[102.9938,-0.76032,0.0,null],[102.98681,-0.75892,0.0,null],[102.98215,-0.76544,0.0,null],[102.95397,-0.80084,0.0,null],[102.95084,-0.80412,0.0,null],[102.94475,-0.813,0.0,null],[102.90529,-0.79688,0.0,null],[102.89015,-0.7899,0.0,null],[102.8827,-0.7906,0.0,null],[102.8813,-0.79339,0.0,null],[102.88176,-0.79642,0.0,null],[102.8831,-0.79719,0.0,null],[102.8871,-0.80174,0.0,null],[102.88882,-0.80844,0.0,null],[102.88736,-0.81249,0.0,null],[102.88729,-0.81772,0.0,null],[102.88364,-0.82282,0.0,null],[102.88259,-0.8301,0.0,null],[102.8821,-0.83045,0.0,null],[102.87956,-0.82964,0.0,null],[102.87777,-0.83032,0.0,null],[102.87642,-0.82901,0.0,null],[102.8744,-0.82915,0.0,null],[102.87234,-0.83086,0.0,null],[102.8709,-0.83296,0.0,null],[102.87025,-0.83295,0.0,null],[102.86974,-0.83151,0.0,null],[102.86929,-0.83151,0.0,null],[102.86429,-0.83499,0.0,null],[102.86024,-0.83571,0.0,null],[102.85556,-0.83804,0.0,null],[102.85305,-0.83803,0.0,null],[102.84964,-0.84022,0.0,null],[102.84894,-0.83964,0.0,null],[102.84972,-0.83744,0.0,null],[102.84541,-0.83778,0.0,null],[102.842,-0.84052,0.0,null],[102.83801,-0.8426,0.0,null],[102.83631,-0.84437,0.0,null],[102.83623,-0.84733,0.0,null],[102.8356,-0.84862,0.0,null],[102.83338,-0.84991,0.0,null],[102.83051,-0.85029,0.0,null],[102.83049,-0.85301,0.0,null],[102.82947,-0.85302,0.0,null],[102.82783,-0.85578,0.0,null],[102.82767,-0.86015,0.0,null],[102.82648,-0.86095,0.0,null],[102.82555,-0.8605,0.0,null],[102.82451,-0.86243,0.0,null],[102.82315,-0.86325,0.0,null],[102.82219,-0.86748,0.0,null],[102.82112,-0.86798,0.0,null],[102.82058,-0.8671,0.0,null],[102.81902,-0.87081,0.0,null],[102.81754,-0.87207,0.0,null],[102.81636,-0.87209,0.0,null],[102.81595,-0.87345,0.0,null],[102.81386,-0.87363,0.0,null],[102.81302,-0.87491,0.0,null],[102.81229,-0.87659,0.0,null],[102.81216,-0.88014,0.0,null],[102.8095,-0.88781,0.0,null],[102.80946,-0.88943,0.0,null],[102.8082,-0.88965,0.0,null],[102.80708,-0.89316,0.0,null],[102.80606,-0.89311,0.0,null],[102.80482,-0.89516,0.0,null],[102.80238,-0.89561,0.0,null],[102.80142,-0.89751,0.0,null],[102.79997,-0.89882,0.0,null],[102.79968,-0.90047,0.0,null],[102.79813,-0.90186,0.0,null],[102.79778,-0.90303,0.0,null],[102.79602,-0.90404,0.0,null],[102.79499,-0.90705,0.0,null],[102.79395,-0.90641,0.0,null],[102.79333,-0.90725,0.0,null],[102.79389,-0.9105,0.0,null],[102.79298,-0.97618,0.0,null],[102.7936,-0.9825,0.0,null],[102.79944,-0.97165,0.0,null],[102.79571,-0.9716,0.0,null],[102.79749,-0.96965,0.0,null],[102.8008,-0.9668,0.0,null],[102.80953,-0.9628,0.0,null],[102.82586,-0.95315,0.0,null],[102.86007,-0.92801,0.0,null],[102.88629,-0.90413,0.0,null],[102.8931,-0.89872,0.0,null],[102.89836,-0.89299,0.0,null],[102.92796,-0.86625,0.0,null],[102.94311,-0.84289,0.0,null],[102.986,-0.78064,0.0,null],[102.99214,-0.77073,0.0,null],[103.0038,-0.7548,0.0,null],[103.027,-0.75477,0.0,null]]],[[[103.03005,-0.75468,0.0,null],[103.0458,-0.7554,0.0,null],[103.06071,-0.7589,0.0,null],[103.06076,-0.75549,0.0,null],[103.03005,-0.75468,0.0,null]]]]}},{"type":"Feature","properties":{"inventoryId":"big-forestry-hti:183","sector":"PBPH","subtype":"IUPHHK-HTI","quality":"OFFICIAL","sourceDataset":"big-forestry-hti","sourceRecordId":"183","source":"BIG Kebijakan Satu Peta","sourceUrl":"https://kspservices.big.go.id/satupeta/rest/services/PUBLIK/PERIZINAN_DAN_PERTANAHAN/MapServer/2","retrievedAt":"2026-08-24T04:22:31Z","geometryProcessing":"web display simplification tolerance 0.00035 degrees","name":"PT SATRIA PERKASA AGUNG (SK 19)","permitNumber":"SK.19/Menhut-II/2007","permitDate":"2007-01-05","areaHa":9300.0,"provinceCode":"14","region":"sumatra"},"geometry":{"type":"Polygon","coordinates":[[[102.82043,0.1175,0.0,null],[102.69501,0.11651,0.0,null],[102.69463,0.04528,0.0,null],[102.76694,0.04457,0.0,null],[102.82052,0.07284,0.0,null],[102.82043,0.1175,0.0,null]]]}},{"type":"Feature","properties":{"inventoryId":"big-forestry-hti:264","sector":"PBPH","subtype":"IUPHHK-HTI","quality":"OFFICIAL","sourceDataset":"big-forestry-hti","sourceRecordId":"264","source":"BIG Kebijakan Satu Peta","sourceUrl":"https://kspservices.big.go.id/satupeta/rest/services/PUBLIK/PERIZINAN_DAN_PERTANAHAN/MapServer/2","retrievedAt":"2026-08-24T04:22:31Z","geometryProcessing":"web display simplification tolerance 0.00035 degrees","name":"PT SATRIA PERKASA AGUNG (SK 244)","permitNumber":"SK.633/Menhut-II/2009","permitDate":"2009-10-07","areaHa":77702.0,"provinceCode":"14","region":"sumatra"},"geometry":{"type":"MultiPolygon","coordinates":[[[[102.88254,0.22049,0.0,null],[102.87753,0.22822,0.0,null],[102.86998,0.21983,0.0,null],[102.86811,0.22152,0.0,null],[102.86919,0.22046,0.0,null],[102.80976,0.15306,0.0,null],[102.84649,0.11827,0.0,null],[102.82043,0.1177,0.0,null],[102.82052,0.07284,0.0,null],[102.76694,0.04457,0.0,null],[102.69463,0.04528,0.0,null],[102.69501,0.11651,0.0,null],[102.6532,0.11704,0.0,null],[102.68184,0.05973,0.0,null],[102.684,-0.06452,0.0,null],[102.7842,-0.0612,0.0,null],[102.7807,-0.0595,0.0,null],[102.77918,-0.05534,0.0,null],[102.77634,-0.05567,0.0,null],[102.77553,-0.05509,0.0,null],[102.77496,-0.05316,0.0,null],[102.77051,-0.03205,0.0,null],[102.77113,-0.01204,0.0,null],[102.78652,-0.00635,0.0,null],[102.81,-0.00431,0.0,null],[102.83037,0.00868,0.0,null],[102.84919,0.0148,0.0,null],[102.85366,0.01692,0.0,null],[102.85637,0.01921,0.0,null],[102.86098,0.02522,0.0,null],[102.86068,0.02671,0.0,null],[102.85803,0.02914,0.0,null],[102.85706,0.03125,0.0,null],[102.85828,0.03514,0.0,null],[102.85783,0.03828,0.0,null],[102.859,0.03983,0.0,null],[102.86534,0.0442,0.0,null],[102.87068,0.04569,0.0,null],[102.87442,0.04852,0.0,null],[102.87861,0.04979,0.0,null],[102.88183,0.0525,0.0,null],[102.88733,0.05384,0.0,null],[102.88974,0.05619,0.0,null],[102.89109,0.0564,0.0,null],[102.89467,0.05517,0.0,null],[102.89629,0.05579,0.0,null],[102.89835,0.05846,0.0,null],[102.902,0.05992,0.0,null],[102.90599,0.06439,0.0,null],[102.90943,0.06385,0.0,null],[102.91105,0.06446,0.0,null],[102.91286,0.06815,0.0,null],[102.91697,0.06995,0.0,null],[102.91893,0.07333,0.0,null],[102.92244,0.07547,0.0,null],[102.92552,0.07892,0.0,null],[102.92715,0.07995,0.0,null],[102.92916,0.08519,0.0,null],[102.93202,0.08577,0.0,null],[102.93315,0.0866,0.0,null],[102.93407,0.08949,0.0,null],[102.93698,0.09305,0.0,null],[102.94146,0.09448,0.0,null],[102.94223,0.09603,0.0,null],[102.94238,0.0991,0.0,null],[102.94535,0.10501,0.0,null],[102.95028,0.10993,0.0,null],[102.95177,0.11052,0.0,null],[102.95286,0.11033,0.0,null],[102.95653,0.10709,0.0,null],[102.95823,0.10717,0.0,null],[102.96115,0.10976,0.0,null],[102.96657,0.11125,0.0,null],[102.96768,0.11259,0.0,null],[102.96923,0.11664,0.0,null],[102.9704,0.11785,0.0,null],[102.97233,0.11798,0.0,null],[102.97513,0.11628,0.0,null],[102.97627,0.11616,0.0,null],[102.97879,0.11875,0.0,null],[102.98168,0.11998,0.0,null],[102.982,0.12135,0.0,null],[102.98092,0.12236,0.0,null],[102.97791,0.12345,0.0,null],[102.97529,0.12765,0.0,null],[102.97622,0.12823,0.0,null],[102.97533,0.12956,0.0,null],[102.97506,0.13127,0.0,null],[102.97641,0.13401,0.0,null],[102.97478,0.13447,0.0,null],[102.97387,0.13434,0.0,null],[102.95628,0.12117,0.0,null],[102.94514,0.13668,0.0,null],[102.94412,0.13659,0.0,null],[102.93631,0.14337,0.0,null],[102.913,0.17114,0.0,null],[102.89861,0.1866,0.0,null],[102.88081,0.20422,0.0,null],[102.88908,0.21022,0.0,null],[102.88254,0.22049,0.0,null]]],[[[101.85975,1.1291,0.0,null],[101.97492,1.19323,0.0,null],[101.98268,1.22565,0.0,null],[101.66172,1.2259,0.0,null],[101.66013,1.22188,0.0,null],[101.66167,1.22104,0.0,null],[101.66917,1.21217,0.0,null],[101.67885,1.2028,0.0,null],[101.67907,1.2018,0.0,null],[101.67738,1.19976,0.0,null],[101.67764,1.19826,0.0,null],[101.6839,1.18777,0.0,null],[101.85237,1.12501,0.0,null],[101.85975,1.1291,0.0,null]]],[[[101.6197,1.45975,0.0,null],[101.61963,1.51118,0.0,null],[101.58821,1.51085,0.0,null],[101.5238,1.45629,0.0,null],[101.53638,1.45668,0.0,null],[101.5409,1.45867,0.0,null],[101.55187,1.44665,0.0,null],[101.54242,1.43769,0.0,null],[101.54064,1.42602,0.0,null],[101.53911,1.42805,0.0,null],[101.53095,1.43179,0.0,null],[101.52779,1.42861,0.0,null],[101.52391,1.43189,0.0,null],[101.52164,1.43141,0.0,null],[101.51876,1.42798,0.0,null],[101.52112,1.42616,0.0,null],[101.52484,1.42091,0.0,null],[101.52868,1.41682,0.0,null],[101.526,1.41555,0.0,null],[101.61987,1.34713,0.0,null],[101.6197,1.45975,0.0,null]]]]}},{"type":"Feature","properties":{"inventoryId":"big-forestry-hti:182","sector":"PBPH","subtype":"IUPHHK-HTI","quality":"OFFICIAL","sourceDataset":"big-forestry-hti","sourceRecordId":"182","source":"BIG Kebijakan Satu Peta","sourceUrl":"https://kspservices.big.go.id/satupeta/rest/services/PUBLIK/PERIZINAN_DAN_PERTANAHAN/MapServer/2","retrievedAt":"2026-08-24T04:22:31Z","geometryProcessing":"web display simplification tolerance 0.00035 degrees","name":"PT SATRIA PERKASA AGUNG UNIT (SK 102)","permitNumber":"SK.102/Menhut-II/2006","permitDate":"2006-04-11","areaHa":11830.0,"provinceCode":"14","region":"sumatra"},"geometry":{"type":"Polygon","coordinates":[[[103.02177,0.56049,0.0,null],[103.02254,0.56342,0.0,null],[102.9942,0.60367,0.0,null],[102.95829,0.57938,0.0,null],[102.96569,0.53295,0.0,null],[102.99354,0.51243,0.0,null],[103.02277,0.47741,0.0,null],[103.04553,0.43444,0.0,null],[103.0689,0.44733,0.0,null],[103.07978,0.44925,0.0,null],[103.08487,0.45249,0.0,null],[103.0949,0.45311,0.0,null],[103.10307,0.45728,0.0,null],[103.10084,0.47078,0.0,null],[103.09621,0.4781,0.0,null],[103.08626,0.48906,0.0,null],[103.07939,0.48042,0.0,null],[103.05625,0.5068,0.0,null],[103.06242,0.5169,0.0,null],[103.05463,0.52693,0.0,null],[103.04661,0.53349,0.0,null],[103.0436,0.54097,0.0,null],[103.03542,0.5473,0.0,null],[103.02964,0.54691,0.0,null],[103.02177,0.56049,0.0,null]]]}},{"type":"Feature","properties":{"inventoryId":"big-forestry-hti:198","sector":"PBPH","subtype":"IUPHHK-HTI","quality":"OFFICIAL","sourceDataset":"big-forestry-hti","sourceRecordId":"198","source":"BIG Kebijakan Satu Peta","sourceUrl":"https://kspservices.big.go.id/satupeta/rest/services/PUBLIK/PERIZINAN_DAN_PERTANAHAN/MapServer/2","retrievedAt":"2026-08-24T04:22:31Z","geometryProcessing":"web display simplification tolerance 0.00035 degrees","name":"PT SBA WOOD INDUSTRIES","permitNumber":"SK.347/Menhut-II/2004","permitDate":"2004-09-10","areaHa":142355.0,"provinceCode":"16","region":"sumatra"},"geometry":{"type":"Polygon","coordinates":[[[105.90877,-3.00418,0.0,null],[105.9015,-3.00407,0.0,null],[105.90051,-3.00064,0.0,null],[105.89588,-2.99847,0.0,null],[105.89091,-2.9965,0.0,null],[105.86486,-2.98922,0.0,null],[105.85403,-2.98513,0.0,null],[105.84638,-2.98156,0.0,null],[105.81658,-2.96021,0.0,null],[105.80215,-2.95283,0.0,null],[105.79358,-2.94927,0.0,null],[105.78725,-2.94376,0.0,null],[105.77201,-2.93344,0.0,null],[105.76215,-2.91696,0.0,null],[105.75766,-2.90829,0.0,null],[105.75646,-2.89698,0.0,null],[105.5834,-2.79773,0.0,null],[105.58347,-2.963,0.0,null],[105.58118,-3.05871,0.0,null],[105.58156,-3.09507,0.0,null],[105.5811,-3.09883,0.0,null],[105.58143,-3.21646,0.0,null],[105.58103,-3.24432,0.0,null],[105.58995,-3.26894,0.0,null],[105.59438,-3.26762,0.0,null],[105.59689,-3.26553,0.0,null],[105.59868,-3.26133,0.0,null],[105.59913,-3.25535,0.0,null],[105.60088,-3.25351,0.0,null],[105.60542,-3.25332,0.0,null],[105.60854,-3.25481,0.0,null],[105.61297,-3.25932,0.0,null],[105.61479,-3.26249,0.0,null],[105.61659,-3.26343,0.0,null],[105.61885,-3.26168,0.0,null],[105.62427,-3.25512,0.0,null],[105.62451,-3.25235,0.0,null],[105.62281,-3.24807,0.0,null],[105.62313,-3.24664,0.0,null],[105.62472,-3.24507,0.0,null],[105.62745,-3.24477,0.0,null],[105.63261,-3.24664,0.0,null],[105.63454,-3.2499,0.0,null],[105.63498,-3.25447,0.0,null],[105.63554,-3.25525,0.0,null],[105.6381,-3.25602,0.0,null],[105.64268,-3.25565,0.0,null],[105.64669,-3.25436,0.0,null],[105.64859,-3.25259,0.0,null],[105.64955,-3.25043,0.0,null],[105.64918,-3.2462,0.0,null],[105.64962,-3.24497,0.0,null],[105.65062,-3.24439,0.0,null],[105.65362,-3.24487,0.0,null],[105.65927,-3.2477,0.0,null],[105.66049,-3.24955,0.0,null],[105.66009,-3.25847,0.0,null],[105.65525,-3.26215,0.0,null],[105.65532,-3.26345,0.0,null],[105.65659,-3.26472,0.0,null],[105.65873,-3.26568,0.0,null],[105.66066,-3.26576,0.0,null],[105.66742,-3.26434,0.0,null],[105.6706,-3.26545,0.0,null],[105.67266,-3.26693,0.0,null],[105.67521,-3.2666,0.0,null],[105.6769,-3.26478,0.0,null],[105.67776,-3.26233,0.0,null],[105.67757,-3.25705,0.0,null],[105.67806,-3.25565,0.0,null],[105.67917,-3.25474,0.0,null],[105.68173,-3.2547,0.0,null],[105.6842,-3.25666,0.0,null],[105.68621,-3.26095,0.0,null],[105.68948,-3.26316,0.0,null],[105.69455,-3.26441,0.0,null],[105.69565,-3.26555,0.0,null],[105.69562,-3.26893,0.0,null],[105.69334,-3.27295,0.0,null],[105.69255,-3.27617,0.0,null],[105.69266,-3.27944,0.0,null],[105.69423,-3.2813,0.0,null],[105.69882,-3.28101,0.0,null],[105.7023,-3.27848,0.0,null],[105.70391,-3.27827,0.0,null],[105.70576,-3.27894,0.0,null],[105.70908,-3.28212,0.0,null],[105.70972,-3.28447,0.0,null],[105.70896,-3.28895,0.0,null],[105.71001,-3.28989,0.0,null],[105.71361,-3.29115,0.0,null],[105.71577,-3.2937,0.0,null],[105.71765,-3.29719,0.0,null],[105.71709,-3.30068,0.0,null],[105.71443,-3.30333,0.0,null],[105.71438,-3.30476,0.0,null],[105.71537,-3.30749,0.0,null],[105.71711,-3.30997,0.0,null],[105.72358,-3.31492,0.0,null],[105.72489,-3.31687,0.0,null],[105.72442,-3.31857,0.0,null],[105.72094,-3.32013,0.0,null],[105.71984,-3.32135,0.0,null],[105.71869,-3.32554,0.0,null],[105.71953,-3.32758,0.0,null],[105.7218,-3.32756,0.0,null],[105.72638,-3.32401,0.0,null],[105.73093,-3.32471,0.0,null],[105.73313,-3.32445,0.0,null],[105.73417,-3.32362,0.0,null],[105.73562,-3.32055,0.0,null],[105.73701,-3.31914,0.0,null],[105.73794,-3.3185,0.0,null],[105.74017,-3.31915,0.0,null],[105.74071,-3.31874,0.0,null],[105.75064,-3.3023,0.0,null],[105.77205,-3.27005,0.0,null],[105.78919,-3.24303,0.0,null],[105.7962,-3.23179,0.0,null],[105.79859,-3.22696,0.0,null],[105.801,-3.22601,0.0,null],[105.80177,-3.22635,0.0,null],[105.80235,-3.22848,0.0,null],[105.80488,-3.22799,0.0,null],[105.80485,-3.22623,0.0,null],[105.80615,-3.22603,0.0,null],[105.80652,-3.22525,0.0,null],[105.80625,-3.22369,0.0,null],[105.80686,-3.22193,0.0,null],[105.8101,-3.21898,0.0,null],[105.81516,-3.21903,0.0,null],[105.81588,-3.22079,0.0,null],[105.81604,-3.22511,0.0,null],[105.81276,-3.22517,0.0,null],[105.80979,-3.23106,0.0,null],[105.81116,-3.23227,0.0,null],[105.81131,-3.23337,0.0,null],[105.81429,-3.23421,0.0,null],[105.8139,-3.2362,0.0,null],[105.81433,-3.23675,0.0,null],[105.81882,-3.23798,0.0,null],[105.82219,-3.23746,0.0,null],[105.82461,-3.23992,0.0,null],[105.82516,-3.2417,0.0,null],[105.82744,-3.2413,0.0,null],[105.83135,-3.24322,0.0,null],[105.94013,-3.00372,0.0,null],[105.94036,-3.00295,0.0,null],[105.93913,-3.00283,0.0,null],[105.92329,-3.00407,0.0,null],[105.90877,-3.00418,0.0,null]]]}},{"type":"Feature","properties":{"inventoryId":"big-forestry-hti:263","sector":"PBPH","subtype":"IUPHHK-HTI","quality":"OFFICIAL","sourceDataset":"big-forestry-hti","sourceRecordId":"263","source":"BIG Kebijakan Satu Peta","sourceUrl":"https://kspservices.big.go.id/satupeta/rest/services/PUBLIK/PERIZINAN_DAN_PERTANAHAN/MapServer/2","retrievedAt":"2026-08-24T04:22:31Z","geometryProcessing":"web display simplification tolerance 0.00035 degrees","name":"PT SEKATO PRATAMA MAKMUR","permitNumber":"SK.687/Menhut-II/2010","permitDate":"2010-12-13","areaHa":46062.0,"provinceCode":"14","region":"sumatra"},"geometry":{"type":"MultiPolygon","coordinates":[[[[101.72039,1.51193,0.0,null],[101.61963,1.51118,0.0,null],[101.61988,1.33958,0.0,null],[101.62899,1.33145,0.0,null],[101.63089,1.33031,0.0,null],[101.72066,1.31773,0.0,null],[101.72039,1.51193,0.0,null]]],[[[102.03284,1.27191,0.0,null],[102.04808,1.30277,0.0,null],[102.04778,1.30709,0.0,null],[102.04656,1.31062,0.0,null],[102.04237,1.33035,0.0,null],[102.03033,1.34761,0.0,null],[102.02434,1.34771,0.0,null],[102.01791,1.35568,0.0,null],[102.00571,1.36275,0.0,null],[101.99487,1.36982,0.0,null],[101.98207,1.3809,0.0,null],[101.97698,1.3861,0.0,null],[101.97233,1.38956,0.0,null],[101.95127,1.41199,0.0,null],[101.79816,1.30379,0.0,null],[102.0323,1.27083,0.0,null],[102.03284,1.27191,0.0,null]]]]}},{"type":"Feature","properties":{"inventoryId":"big-forestry-hti:254","sector":"PBPH","subtype":"IUPHHK-HTI","quality":"OFFICIAL","sourceDataset":"big-forestry-hti","sourceRecordId":"254","source":"BIG Kebijakan Satu Peta","sourceUrl":"https://kspservices.big.go.id/satupeta/rest/services/PUBLIK/PERIZINAN_DAN_PERTANAHAN/MapServer/2","retrievedAt":"2026-08-24T04:22:31Z","geometryProcessing":"web display simplification tolerance 0.00035 degrees","name":"PT SELARAS ABADI UTAMA","permitNumber":"SK.522.21/IUPHHK-HTI/XII/2002/005","permitDate":"2002-12-30","areaHa":13600.0,"provinceCode":"14","region":"sumatra"},"geometry":{"type":"MultiPolygon","coordinates":[[[[102.11588,0.46822,0.0,null],[102.11595,0.46598,0.0,null],[102.11815,0.46062,0.0,null],[102.13172,0.46076,0.0,null],[102.12574,0.43868,0.0,null],[102.1233,0.43796,0.0,null],[102.13116,0.4379,0.0,null],[102.13383,0.43708,0.0,null],[102.14059,0.43351,0.0,null],[102.14566,0.429,0.0,null],[102.14846,0.42596,0.0,null],[102.15109,0.42153,0.0,null],[102.15451,0.41211,0.0,null],[102.15757,0.40648,0.0,null],[102.16294,0.39877,0.0,null],[102.16632,0.39558,0.0,null],[102.17082,0.39332,0.0,null],[102.17796,0.39182,0.0,null],[102.18284,0.3922,0.0,null],[102.18679,0.39088,0.0,null],[102.19056,0.38926,0.0,null],[102.19466,0.38478,0.0,null],[102.19451,0.37964,0.0,null],[102.1914,0.3729,0.0,null],[102.18096,0.36165,0.0,null],[102.17084,0.35495,0.0,null],[102.16877,0.35213,0.0,null],[102.16868,0.3499,0.0,null],[102.17138,0.34515,0.0,null],[102.18367,0.33098,0.0,null],[102.18945,0.32594,0.0,null],[102.19467,0.32309,0.0,null],[102.20876,0.32027,0.0,null],[102.21646,0.31764,0.0,null],[102.22423,0.31383,0.0,null],[102.22831,0.31013,0.0,null],[102.23159,0.30057,0.0,null],[102.23512,0.29514,0.0,null],[102.23762,0.29582,0.0,null],[102.2423,0.29566,0.0,null],[102.24587,0.29934,0.0,null],[102.24908,0.30129,0.0,null],[102.25684,0.30938,0.0,null],[102.26191,0.31163,0.0,null],[102.26529,0.31182,0.0,null],[102.26848,0.31125,0.0,null],[102.27144,0.30917,0.0,null],[102.27298,0.30699,0.0,null],[102.27856,0.29036,0.0,null],[102.28044,0.28817,0.0,null],[102.28205,0.28809,0.0,null],[102.28388,0.28909,0.0,null],[102.28557,0.28909,0.0,null],[102.29327,0.2874,0.0,null],[102.30454,0.28703,0.0,null],[102.30886,0.28571,0.0,null],[102.31374,0.28271,0.0,null],[102.31605,0.2791,0.0,null],[102.31655,0.27567,0.0,null],[102.31343,0.26794,0.0,null],[102.3125,0.26183,0.0,null],[102.31977,0.25098,0.0,null],[102.32472,0.24226,0.0,null],[102.32715,0.23589,0.0,null],[102.32937,0.22381,0.0,null],[102.32986,0.22294,0.0,null],[102.33233,0.22205,0.0,null],[102.34123,0.22185,0.0,null],[102.3468,0.22091,0.0,null],[102.35305,0.28912,0.0,null],[102.34467,0.29485,0.0,null],[102.34413,0.2946,0.0,null],[102.29127,0.33098,0.0,null],[102.27244,0.35542,0.0,null],[102.2521,0.38018,0.0,null],[102.20479,0.42286,0.0,null],[102.1992,0.42662,0.0,null],[102.15736,0.46548,0.0,null],[102.1288,0.46783,0.0,null],[102.11588,0.46822,0.0,null]]],[[[102.46685,0.22818,0.0,null],[102.46016,0.2304,0.0,null],[102.45422,0.23337,0.0,null],[102.44372,0.24345,0.0,null],[102.43865,0.24409,0.0,null],[102.43057,0.24331,0.0,null],[102.4287,0.24083,0.0,null],[102.42855,0.23539,0.0,null],[102.426,0.22595,0.0,null],[102.42311,0.22094,0.0,null],[102.41709,0.21407,0.0,null],[102.41177,0.20975,0.0,null],[102.40965,0.20923,0.0,null],[102.40952,0.205,0.0,null],[102.41601,0.20437,0.0,null],[102.42305,0.20117,0.0,null],[102.42317,0.19752,0.0,null],[102.43382,0.19805,0.0,null],[102.44206,0.19679,0.0,null],[102.45254,0.19203,0.0,null],[102.4592,0.18705,0.0,null],[102.46828,0.18137,0.0,null],[102.49001,0.17045,0.0,null],[102.51283,0.15459,0.0,null],[102.51638,0.15405,0.0,null],[102.51985,0.15996,0.0,null],[102.52003,0.16179,0.0,null],[102.52168,0.16401,0.0,null],[102.52566,0.16523,0.0,null],[102.52608,0.16624,0.0,null],[102.52585,0.16802,0.0,null],[102.52723,0.16904,0.0,null],[102.52745,0.1706,0.0,null],[102.52992,0.17246,0.0,null],[102.53283,0.17179,0.0,null],[102.53326,0.17309,0.0,null],[102.53784,0.17439,0.0,null],[102.53963,0.17439,0.0,null],[102.5408,0.17389,0.0,null],[102.54377,0.17093,0.0,null],[102.54612,0.17086,0.0,null],[102.5484,0.17154,0.0,null],[102.54846,0.17223,0.0,null],[102.54531,0.17402,0.0,null],[102.52767,0.18256,0.0,null],[102.51959,0.18738,0.0,null],[102.5126,0.19468,0.0,null],[102.50843,0.20144,0.0,null],[102.50546,0.21162,0.0,null],[102.50017,0.2214,0.0,null],[102.48681,0.23834,0.0,null],[102.48262,0.23943,0.0,null],[102.47798,0.23189,0.0,null],[102.47558,0.23017,0.0,null],[102.47279,0.22818,0.0,null],[102.46685,0.22818,0.0,null]]]]}},{"type":"Feature","properties":{"inventoryId":"big-forestry-hti:173","sector":"PBPH","subtype":"IUPHHK-HTI","quality":"OFFICIAL","sourceDataset":"big-forestry-hti","sourceRecordId":"173","source":"BIG Kebijakan Satu Peta","sourceUrl":"https://kspservices.big.go.id/satupeta/rest/services/PUBLIK/PERIZINAN_DAN_PERTANAHAN/MapServer/2","retrievedAt":"2026-08-24T04:22:31Z","geometryProcessing":"web display simplification tolerance 0.00035 degrees","name":"PT SENTOSA BAHAGIA BERSAMA","permitNumber":"249/Menhut-II/2009","permitDate":"2009-04-24","areaHa":55055.0,"provinceCode":"16","region":"sumatra"},"geometry":{"type":"Polygon","coordinates":[[[103.55066,-2.23515,0.0,null],[103.54641,-2.21806,0.0,null],[103.54561,-2.21735,0.0,null],[103.53053,-2.23252,0.0,null],[103.52208,-2.23579,0.0,null],[103.51367,-2.23401,0.0,null],[103.49552,-2.21864,0.0,null],[103.47609,-2.26422,0.0,null],[103.47032,-2.26977,0.0,null],[103.46153,-2.27188,0.0,null],[103.45698,-2.27223,0.0,null],[103.45698,-2.27528,0.0,null],[103.45513,-2.27875,0.0,null],[103.45627,-2.29131,0.0,null],[103.45522,-2.29284,0.0,null],[103.44875,-2.29684,0.0,null],[103.44737,-2.29983,0.0,null],[103.44794,-2.30345,0.0,null],[103.44413,-2.30659,0.0,null],[103.4428,-2.30926,0.0,null],[103.44328,-2.31221,0.0,null],[103.44813,-2.31706,0.0,null],[103.4487,-2.32144,0.0,null],[103.4477,-2.32977,0.0,null],[103.44694,-2.33253,0.0,null],[103.44561,-2.33462,0.0,null],[103.44546,-2.33605,0.0,null],[103.44649,-2.3401,0.0,null],[103.44437,-2.34246,0.0,null],[103.44405,-2.34473,0.0,null],[103.44641,-2.34953,0.0,null],[103.44551,-2.35148,0.0,null],[103.44405,-2.35413,0.0,null],[103.41395,-2.38615,0.0,null],[103.39724,-2.3747,0.0,null],[103.38414,-2.37528,0.0,null],[103.37915,-2.37599,0.0,null],[103.35521,-2.38344,0.0,null],[103.3373,-2.38672,0.0,null],[103.32933,-2.38708,0.0,null],[103.32271,-2.38892,0.0,null],[103.31403,-2.38991,0.0,null],[103.29322,-2.39871,0.0,null],[103.27113,-2.39455,0.0,null],[103.24614,-2.39695,0.0,null],[103.22896,-2.39109,0.0,null],[103.2276,-2.4001,0.0,null],[103.22188,-2.40925,0.0,null],[103.21665,-2.41546,0.0,null],[103.21207,-2.4189,0.0,null],[103.19606,-2.41465,0.0,null],[103.18756,-2.4135,0.0,null],[103.16828,-2.40533,0.0,null],[103.16533,-2.40517,0.0,null],[103.15765,-2.40811,0.0,null],[103.14883,-2.41514,0.0,null],[103.1418,-2.41988,0.0,null],[103.12742,-2.4336,0.0,null],[103.115,-2.43687,0.0,null],[103.10781,-2.43998,0.0,null],[103.10814,-2.44325,0.0,null],[103.11304,-2.44652,0.0,null],[103.1155,-2.45051,0.0,null],[103.12021,-2.44989,0.0,null],[103.12656,-2.45301,0.0,null],[103.129,-2.45362,0.0,null],[103.12981,-2.45149,0.0,null],[103.13103,-2.45118,0.0,null],[103.13255,-2.45524,0.0,null],[103.13407,-2.45565,0.0,null],[103.13569,-2.45494,0.0,null],[103.1364,-2.4525,0.0,null],[103.13539,-2.44936,0.0,null],[103.1365,-2.44703,0.0,null],[103.14178,-2.44551,0.0,null],[103.14218,-2.44175,0.0,null],[103.14553,-2.44023,0.0,null],[103.14634,-2.43688,0.0,null],[103.15101,-2.43678,0.0,null],[103.15699,-2.44145,0.0,null],[103.16044,-2.44114,0.0,null],[103.16267,-2.4452,0.0,null],[103.16642,-2.4454,0.0,null],[103.17332,-2.44885,0.0,null],[103.17545,-2.45179,0.0,null],[103.17717,-2.45301,0.0,null],[103.18407,-2.45575,0.0,null],[103.18823,-2.45534,0.0,null],[103.19239,-2.45808,0.0,null],[103.20005,-2.45864,0.0,null],[103.20289,-2.45793,0.0,null],[103.20512,-2.45509,0.0,null],[103.20664,-2.45489,0.0,null],[103.20887,-2.45702,0.0,null],[103.21222,-2.45742,0.0,null],[103.21607,-2.4558,0.0,null],[103.218,-2.45692,0.0,null],[103.23808,-2.45681,0.0,null],[103.24001,-2.45783,0.0,null],[103.24041,-2.4628,0.0,null],[103.25375,-2.46478,0.0,null],[103.26126,-2.45563,0.0,null],[103.27343,-2.44439,0.0,null],[103.27939,-2.44486,0.0,null],[103.2811,-2.44617,0.0,null],[103.29731,-2.46777,0.0,null],[103.3033,-2.47426,0.0,null],[103.31364,-2.48318,0.0,null],[103.31998,-2.48952,0.0,null],[103.32353,-2.49541,0.0,null],[103.3358,-2.51184,0.0,null],[103.33986,-2.51326,0.0,null],[103.34387,-2.51594,0.0,null],[103.35614,-2.51047,0.0,null],[103.36091,-2.50783,0.0,null],[103.36476,-2.50175,0.0,null],[103.37094,-2.49706,0.0,null],[103.36284,-2.48551,0.0,null],[103.35764,-2.47543,0.0,null],[103.35178,-2.46795,0.0,null],[103.34218,-2.45283,0.0,null],[103.34089,-2.44715,0.0,null],[103.34155,-2.44131,0.0,null],[103.35799,-2.4195,0.0,null],[103.36221,-2.40663,0.0,null],[103.36587,-2.40208,0.0,null],[103.40099,-2.39874,0.0,null],[103.40436,-2.3995,0.0,null],[103.40682,-2.4014,0.0,null],[103.41043,-2.40647,0.0,null],[103.4129,-2.41488,0.0,null],[103.41355,-2.42319,0.0,null],[103.41486,-2.43098,0.0,null],[103.41514,-2.44134,0.0,null],[103.41908,-2.44353,0.0,null],[103.42027,-2.44366,0.0,null],[103.42694,-2.43984,0.0,null],[103.43248,-2.42971,0.0,null],[103.43886,-2.42496,0.0,null],[103.44848,-2.4207,0.0,null],[103.45227,-2.42032,0.0,null],[103.45488,-2.40868,0.0,null],[103.45621,-2.40534,0.0,null],[103.46029,-2.40249,0.0,null],[103.48128,-2.39643,0.0,null],[103.49848,-2.39324,0.0,null],[103.50178,-2.39216,0.0,null],[103.50289,-2.36516,0.0,null],[103.53667,-2.36542,0.0,null],[103.53752,-2.3744,0.0,null],[103.56678,-2.37167,0.0,null],[103.55869,-2.36791,0.0,null],[103.55684,-2.36378,0.0,null],[103.55728,-2.32873,0.0,null],[103.55789,-2.32782,0.0,null],[103.55742,-2.32609,0.0,null],[103.55836,-2.31581,0.0,null],[103.55818,-2.30616,0.0,null],[103.55907,-2.30534,0.0,null],[103.55866,-2.30461,0.0,null],[103.56116,-2.29899,0.0,null],[103.56125,-2.28513,0.0,null],[103.56079,-2.28439,0.0,null],[103.56087,-2.27764,0.0,null],[103.56016,-2.2766,0.0,null],[103.55503,-2.2559,0.0,null],[103.55066,-2.23515,0.0,null]],[[103.33193,-2.39822,0.0,null],[103.33316,-2.39699,0.0,null],[103.3348,-2.39724,0.0,null],[103.33594,-2.39855,0.0,null],[103.33496,-2.39978,0.0,null],[103.33529,-2.40076,0.0,null],[103.33742,-2.40207,0.0,null],[103.33742,-2.40044,0.0,null],[103.33857,-2.40068,0.0,null],[103.33889,-2.40158,0.0,null],[103.33832,-2.40281,0.0,null],[103.33627,-2.40494,0.0,null],[103.33775,-2.40445,0.0,null],[103.33857,-2.40617,0.0,null],[103.33742,-2.40699,0.0,null],[103.33791,-2.40781,0.0,null],[103.34193,-2.40994,0.0,null],[103.34209,-2.41093,0.0,null],[103.34037,-2.41265,0.0,null],[103.34021,-2.41388,0.0,null],[103.3393,-2.41437,0.0,null],[103.33783,-2.41363,0.0,null],[103.33226,-2.41306,0.0,null],[103.32209,-2.41297,0.0,null],[103.32136,-2.41216,0.0,null],[103.31759,-2.41232,0.0,null],[103.31595,-2.41355,0.0,null],[103.31259,-2.41388,0.0,null],[103.31209,-2.41338,0.0,null],[103.31224,-2.39913,0.0,null],[103.31431,-2.39871,0.0,null],[103.32045,-2.40027,0.0,null],[103.32496,-2.40052,0.0,null],[103.32865,-2.4015,0.0,null],[103.33094,-2.40019,0.0,null],[103.33193,-2.39822,0.0,null]]]}},{"type":"Feature","properties":{"inventoryId":"big-forestry-hti:190","sector":"PBPH","subtype":"IUPHHK-HTI","quality":"OFFICIAL","sourceDataset":"big-forestry-hti","sourceRecordId":"190","source":"BIG Kebijakan Satu Peta","sourceUrl":"https://kspservices.big.go.id/satupeta/rest/services/PUBLIK/PERIZINAN_DAN_PERTANAHAN/MapServer/2","retrievedAt":"2026-08-24T04:22:31Z","geometryProcessing":"web display simplification tolerance 0.00035 degrees","name":"PT SERAYA SUMBER LESTARI","permitNumber":"SK.22/Menhut-II/2007","permitDate":"2007-01-05","areaHa":19450.0,"provinceCode":"14","region":"sumatra"},"geometry":{"type":"Polygon","coordinates":[[[101.95697,0.98088,0.0,null],[101.86692,0.94969,0.0,null],[101.82376,0.95723,0.0,null],[101.82065,0.95972,0.0,null],[101.81351,0.96164,0.0,null],[101.81439,0.94167,0.0,null],[101.81433,0.92652,0.0,null],[101.8197,0.92218,0.0,null],[101.82355,0.91707,0.0,null],[101.82801,0.89983,0.0,null],[101.83462,0.88507,0.0,null],[101.83145,0.86732,0.0,null],[101.82799,0.86285,0.0,null],[101.82808,0.80668,0.0,null],[101.83797,0.80748,0.0,null],[101.85641,0.81129,0.0,null],[101.87783,0.81766,0.0,null],[101.88224,0.81984,0.0,null],[101.8893,0.82168,0.0,null],[101.89889,0.83286,0.0,null],[101.90247,0.83611,0.0,null],[101.90734,0.83893,0.0,null],[101.93369,0.84805,0.0,null],[101.93484,0.92772,0.0,null],[101.93449,0.92964,0.0,null],[101.96649,0.92908,0.0,null],[101.96159,0.9649,0.0,null],[101.95843,0.97147,0.0,null],[101.95697,0.98088,0.0,null]]]}},{"type":"Feature","properties":{"inventoryId":"big-forestry-hti:152","sector":"PBPH","subtype":"IUPHHK-HTI","quality":"OFFICIAL","sourceDataset":"big-forestry-hti","sourceRecordId":"152","source":"BIG Kebijakan Satu Peta","sourceUrl":"https://kspservices.big.go.id/satupeta/rest/services/PUBLIK/PERIZINAN_DAN_PERTANAHAN/MapServer/2","retrievedAt":"2026-08-24T04:22:31Z","geometryProcessing":"web display simplification tolerance 0.00035 degrees","name":"PT SILVA INHUTANI LAMPUNG","permitNumber":"SK.27/Menhut-II/2006","permitDate":"2006-09-02","areaHa":42762.0,"provinceCode":"18","region":"sumatra"},"geometry":{"type":"Polygon","coordinates":[[[105.41028,-4.09901,0.0,null],[105.41277,-4.09931,0.0,null],[105.41422,-4.0989,0.0,null],[105.41598,-4.09764,0.0,null],[105.41717,-4.09558,0.0,null],[105.41833,-4.09477,0.0,null],[105.42267,-4.09555,0.0,null],[105.42469,-4.09763,0.0,null],[105.42541,-4.10792,0.0,null],[105.42754,-4.11119,0.0,null],[105.43581,-4.11405,0.0,null],[105.43873,-4.11363,0.0,null],[105.4401,-4.11262,0.0,null],[105.44051,-4.10554,0.0,null],[105.44147,-4.10096,0.0,null],[105.44316,-4.09888,0.0,null],[105.44816,-4.09555,0.0,null],[105.44994,-4.09335,0.0,null],[105.4514,-4.08335,0.0,null],[105.45098,-4.08187,0.0,null],[105.4464,-4.07616,0.0,null],[105.44552,-4.07338,0.0,null],[105.44562,-4.072,0.0,null],[105.44308,-4.07056,0.0,null],[105.4426,-4.06745,0.0,null],[105.44366,-4.06637,0.0,null],[105.44366,-4.06338,0.0,null],[105.44035,-4.06259,0.0,null],[105.4353,-4.06253,0.0,null],[105.43244,-4.06108,0.0,null],[105.43136,-4.05899,0.0,null],[105.431,-4.05252,0.0,null],[105.43183,-4.05085,0.0,null],[105.43075,-4.04522,0.0,null],[105.43214,-4.04206,0.0,null],[105.42968,-4.03628,0.0,null],[105.42675,-4.03513,0.0,null],[105.42447,-4.03493,0.0,null],[105.4231,-4.03569,0.0,null],[105.42045,-4.03885,0.0,null],[105.41946,-4.0394,0.0,null],[105.41647,-4.03961,0.0,null],[105.41525,-4.03892,0.0,null],[105.41023,-4.03328,0.0,null],[105.40791,-4.0292,0.0,null],[105.40559,-4.02778,0.0,null],[105.40443,-4.02783,0.0,null],[105.40339,-4.02879,0.0,null],[105.40319,-4.03106,0.0,null],[105.40137,-4.03337,0.0,null],[105.39877,-4.03328,0.0,null],[105.39789,-4.0316,0.0,null],[105.398,-4.02948,0.0,null],[105.39399,-4.02406,0.0,null],[105.37258,-4.00471,0.0,null],[105.37174,-4.00692,0.0,null],[105.36138,-3.99701,0.0,null],[105.36479,-3.99143,0.0,null],[105.35597,-3.97969,0.0,null],[105.33778,-4.01073,0.0,null],[105.32968,-4.00561,0.0,null],[105.32835,-4.0079,0.0,null],[105.32561,-4.00918,0.0,null],[105.32224,-4.00937,0.0,null],[105.31736,-4.00854,0.0,null],[105.31163,-4.01032,0.0,null],[105.30813,-4.01249,0.0,null],[105.30456,-4.01249,0.0,null],[105.29787,-4.01427,0.0,null],[105.29262,-4.01357,0.0,null],[105.28154,-4.01599,0.0,null],[105.27663,-4.02026,0.0,null],[105.27199,-4.02096,0.0,null],[105.26944,-4.02064,0.0,null],[105.26638,-4.023,0.0,null],[105.26046,-4.02338,0.0,null],[105.25339,-4.02688,0.0,null],[105.2504,-4.02682,0.0,null],[105.24824,-4.02769,0.0,null],[105.24666,-4.02429,0.0,null],[105.24503,-4.02348,0.0,null],[105.21877,-4.02192,0.0,null],[105.19763,-4.00945,0.0,null],[105.19711,-4.01062,0.0,null],[105.19184,-4.00722,0.0,null],[105.19186,-4.01097,0.0,null],[105.16507,-4.01108,0.0,null],[105.16479,-4.02201,0.0,null],[105.198,-4.02179,0.0,null],[105.19794,-4.03514,0.0,null],[105.19875,-4.03514,0.0,null],[105.19875,-4.04328,0.0,null],[105.19756,-4.0469,0.0,null],[105.19745,-4.05664,0.0,null],[105.19907,-4.0574,0.0,null],[105.19675,-4.06243,0.0,null],[105.19339,-4.06118,0.0,null],[105.19274,-4.08233,0.0,null],[105.19534,-4.0825,0.0,null],[105.19512,-4.0951,0.0,null],[105.1928,-4.09505,0.0,null],[105.19247,-4.09602,0.0,null],[105.19291,-4.10408,0.0,null],[105.18812,-4.10657,0.0,null],[105.18582,-4.10897,0.0,null],[105.18043,-4.11212,0.0,null],[105.17687,-4.11192,0.0,null],[105.17216,-4.11456,0.0,null],[105.16895,-4.11742,0.0,null],[105.16638,-4.1215,0.0,null],[105.16389,-4.12205,0.0,null],[105.15996,-4.12462,0.0,null],[105.15901,-4.12618,0.0,null],[105.1563,-4.12857,0.0,null],[105.15189,-4.12974,0.0,null],[105.15122,-4.13126,0.0,null],[105.14283,-4.13652,0.0,null],[105.14283,-4.13833,0.0,null],[105.14121,-4.13931,0.0,null],[105.14082,-4.14223,0.0,null],[105.14089,-4.14379,0.0,null],[105.14186,-4.1456,0.0,null],[105.14231,-4.15015,0.0,null],[105.14316,-4.15118,0.0,null],[105.14303,-4.15242,0.0,null],[105.14093,-4.15526,0.0,null],[105.14664,-4.15351,0.0,null],[105.15129,-4.14886,0.0,null],[105.15599,-4.14694,0.0,null],[105.16239,-4.14809,0.0,null],[105.17374,-4.17847,0.0,null],[105.17369,-4.18423,0.0,null],[105.1726,-4.19296,0.0,null],[105.18365,-4.18987,0.0,null],[105.18996,-4.18146,0.0,null],[105.19988,-4.17868,0.0,null],[105.21216,-4.17617,0.0,null],[105.22701,-4.18988,0.0,null],[105.2306,-4.19031,0.0,null],[105.23222,-4.19142,0.0,null],[105.27652,-4.18529,0.0,null],[105.31249,-4.15753,0.0,null],[105.3605,-4.15972,0.0,null],[105.36618,-4.15931,0.0,null],[105.36686,-4.12974,0.0,null],[105.38823,-4.13087,0.0,null],[105.39137,-4.14009,0.0,null],[105.40079,-4.13754,0.0,null],[105.4002,-4.11498,0.0,null],[105.39569,-4.11086,0.0,null],[105.40537,-4.0957,0.0,null],[105.40703,-4.09727,0.0,null],[105.41028,-4.09901,0.0,null]]]}},{"type":"Feature","properties":{"inventoryId":"big-forestry-hti:161","sector":"PBPH","subtype":"IUPHHK-HTI","quality":"OFFICIAL","sourceDataset":"big-forestry-hti","sourceRecordId":"161","source":"BIG Kebijakan Satu Peta","sourceUrl":"https://kspservices.big.go.id/satupeta/rest/services/PUBLIK/PERIZINAN_DAN_PERTANAHAN/MapServer/2","retrievedAt":"2026-08-24T04:22:31Z","geometryProcessing":"web display simplification tolerance 0.00035 degrees","name":"PT SINAR BELANTARA INDAH","permitNumber":"SK.170/Menhut-II/2010","permitDate":"2010-01-04","areaHa":5197.0,"provinceCode":"12","region":"sumatra"},"geometry":{"type":"Polygon","coordinates":[[[100.34725,1.45314,0.0,null],[100.34817,1.45173,0.0,null],[100.35537,1.45172,0.0,null],[100.35587,1.44921,0.0,null],[100.36244,1.44942,0.0,null],[100.36536,1.44827,0.0,null],[100.36622,1.44935,0.0,null],[100.37164,1.45135,0.0,null],[100.37463,1.45107,0.0,null],[100.38056,1.45314,0.0,null],[100.39915,1.46275,0.0,null],[100.40813,1.46425,0.0,null],[100.41206,1.46597,0.0,null],[100.41506,1.4692,0.0,null],[100.41727,1.47258,0.0,null],[100.42392,1.49095,0.0,null],[100.42516,1.50498,0.0,null],[100.42362,1.51037,0.0,null],[100.41965,1.51739,0.0,null],[100.41622,1.51896,0.0,null],[100.41153,1.51929,0.0,null],[100.41173,1.52332,0.0,null],[100.41732,1.52435,0.0,null],[100.41808,1.52511,0.0,null],[100.41843,1.52667,0.0,null],[100.4195,1.52698,0.0,null],[100.4201,1.52832,0.0,null],[100.4192,1.53098,0.0,null],[100.41561,1.53548,0.0,null],[100.41522,1.54058,0.0,null],[100.41386,1.54159,0.0,null],[100.41394,1.54255,0.0,null],[100.41301,1.54318,0.0,null],[100.41292,1.54456,0.0,null],[100.41224,1.54512,0.0,null],[100.41207,1.54791,0.0,null],[100.41448,1.55436,0.0,null],[100.41289,1.55626,0.0,null],[100.41274,1.55768,0.0,null],[100.41202,1.55783,0.0,null],[100.41073,1.55995,0.0,null],[100.41013,1.56252,0.0,null],[100.40855,1.56319,0.0,null],[100.40774,1.56284,0.0,null],[100.4073,1.56365,0.0,null],[100.40703,1.56597,0.0,null],[100.40575,1.5683,0.0,null],[100.40654,1.56998,0.0,null],[100.40479,1.57306,0.0,null],[100.40548,1.57456,0.0,null],[100.40401,1.57832,0.0,null],[100.40518,1.57889,0.0,null],[100.40495,1.57937,0.0,null],[100.40561,1.58002,0.0,null],[100.40525,1.5805,0.0,null],[100.40657,1.5814,0.0,null],[100.40646,1.58236,0.0,null],[100.40747,1.58325,0.0,null],[100.40811,1.58531,0.0,null],[100.40885,1.58541,0.0,null],[100.40914,1.58701,0.0,null],[100.41125,1.58817,0.0,null],[100.41157,1.58975,0.0,null],[100.41104,1.59144,0.0,null],[100.41206,1.59367,0.0,null],[100.41196,1.59473,0.0,null],[100.41399,1.59636,0.0,null],[100.41467,1.59862,0.0,null],[100.41608,1.59892,0.0,null],[100.41651,1.59988,0.0,null],[100.41829,1.60069,0.0,null],[100.41867,1.60241,0.0,null],[100.41963,1.60354,0.0,null],[100.41956,1.60544,0.0,null],[100.4207,1.60651,0.0,null],[100.421,1.60774,0.0,null],[100.41939,1.60894,0.0,null],[100.41895,1.6102,0.0,null],[100.41797,1.61047,0.0,null],[100.4178,1.61131,0.0,null],[100.41673,1.61174,0.0,null],[100.41723,1.61227,0.0,null],[100.41677,1.61287,0.0,null],[100.41742,1.61301,0.0,null],[100.41711,1.61493,0.0,null],[100.41837,1.61669,0.0,null],[100.41772,1.61722,0.0,null],[100.41763,1.61866,0.0,null],[100.41337,1.62171,0.0,null],[100.41325,1.62287,0.0,null],[100.41116,1.6223,0.0,null],[100.41066,1.62297,0.0,null],[100.40949,1.62314,0.0,null],[100.40817,1.62487,0.0,null],[100.4087,1.62482,0.0,null],[100.40842,1.62533,0.0,null],[100.40901,1.62581,0.0,null],[100.40877,1.62685,0.0,null],[100.40346,1.62682,0.0,null],[100.40352,1.61938,0.0,null],[100.41241,1.61935,0.0,null],[100.41204,1.60971,0.0,null],[100.41249,1.6007,0.0,null],[100.40441,1.60053,0.0,null],[100.40459,1.58632,0.0,null],[100.40398,1.57807,0.0,null],[100.40477,1.56436,0.0,null],[100.40417,1.55413,0.0,null],[100.40518,1.55033,0.0,null],[100.40564,1.50157,0.0,null],[100.39481,1.50154,0.0,null],[100.39471,1.50987,0.0,null],[100.35801,1.50929,0.0,null],[100.359,1.48309,0.0,null],[100.3592,1.45604,0.0,null],[100.3458,1.45605,0.0,null],[100.34725,1.45314,0.0,null]]]}},{"type":"Feature","properties":{"inventoryId":"big-forestry-hti:157","sector":"PBPH","subtype":"IUPHHK-HTI","quality":"OFFICIAL","sourceDataset":"big-forestry-hti","sourceRecordId":"157","source":"BIG Kebijakan Satu Peta","sourceUrl":"https://kspservices.big.go.id/satupeta/rest/services/PUBLIK/PERIZINAN_DAN_PERTANAHAN/MapServer/2","retrievedAt":"2026-08-24T04:22:31Z","geometryProcessing":"web display simplification tolerance 0.00035 degrees","name":"PT SUKSES JAYA WOOD","permitNumber":"SK. 776/Menhut-II/2014","permitDate":"2014-10-19","areaHa":1584.0,"provinceCode":"13","region":"sumatra"},"geometry":{"type":"MultiPolygon","coordinates":[[[[101.19058,-2.3114,0.0,null],[101.19308,-2.30902,0.0,null],[101.19427,-2.30689,0.0,null],[101.19505,-2.30515,0.0,null],[101.19497,-2.30028,0.0,null],[101.19765,-2.29583,0.0,null],[101.19726,-2.29357,0.0,null],[101.1934,-2.28717,0.0,null],[101.19347,-2.28482,0.0,null],[101.17112,-2.28446,0.0,null],[101.17126,-2.29122,0.0,null],[101.17741,-2.30069,0.0,null],[101.17843,-2.30409,0.0,null],[101.18302,-2.30732,0.0,null],[101.18589,-2.31234,0.0,null],[101.18774,-2.31385,0.0,null],[101.19058,-2.3114,0.0,null]]],[[[101.20657,-2.35337,0.0,null],[101.21342,-2.34835,0.0,null],[101.21335,-2.34468,0.0,null],[101.207,-2.32683,0.0,null],[101.20501,-2.3299,0.0,null],[101.20642,-2.33928,0.0,null],[101.20753,-2.34155,0.0,null],[101.208,-2.34766,0.0,null],[101.20394,-2.35108,0.0,null],[101.19969,-2.35373,0.0,null],[101.19694,-2.35405,0.0,null],[101.19483,-2.35362,0.0,null],[101.19322,-2.3521,0.0,null],[101.18297,-2.35629,0.0,null],[101.17976,-2.37587,0.0,null],[101.18403,-2.37547,0.0,null],[101.19067,-2.36806,0.0,null],[101.19748,-2.36623,0.0,null],[101.20139,-2.36644,0.0,null],[101.20657,-2.3597,0.0,null],[101.20657,-2.35337,0.0,null]]],[[[101.20599,-2.34649,0.0,null],[101.20613,-2.34318,0.0,null],[101.20446,-2.33906,0.0,null],[101.20431,-2.33413,0.0,null],[101.20322,-2.32898,0.0,null],[101.20467,-2.32797,0.0,null],[101.20646,-2.3252,0.0,null],[101.20414,-2.3139,0.0,null],[101.20227,-2.30766,0.0,null],[101.19763,-2.30149,0.0,null],[101.19717,-2.30224,0.0,null],[101.19806,-2.30374,0.0,null],[101.19783,-2.30499,0.0,null],[101.1952,-2.31003,0.0,null],[101.19053,-2.31454,0.0,null],[101.20553,-2.34643,0.0,null],[101.20579,-2.34688,0.0,null],[101.20599,-2.34649,0.0,null]]]]}},{"type":"Feature","properties":{"inventoryId":"big-forestry-hti:202","sector":"PBPH","subtype":"IUPHHK-HTI","quality":"OFFICIAL","sourceDataset":"big-forestry-hti","sourceRecordId":"202","source":"BIG Kebijakan Satu Peta","sourceUrl":"https://kspservices.big.go.id/satupeta/rest/services/PUBLIK/PERIZINAN_DAN_PERTANAHAN/MapServer/2","retrievedAt":"2026-08-24T04:22:31Z","geometryProcessing":"web display simplification tolerance 0.00035 degrees","name":"PT SUMATERA ALAM ANUGERAH","permitNumber":"SK. 568/Menhut-II/2011","permitDate":"2011-10-03","areaHa":5560.0,"provinceCode":"16","region":"sumatra"},"geometry":{"type":"Polygon","coordinates":[[[104.42897,-3.07526,0.0,null],[104.4274,-3.07467,0.0,null],[104.42355,-3.06954,0.0,null],[104.41804,-3.05228,0.0,null],[104.41473,-3.04937,0.0,null],[104.3969,-3.05208,0.0,null],[104.39133,-3.06635,0.0,null],[104.39129,-3.06856,0.0,null],[104.39414,-3.0767,0.0,null],[104.39414,-3.08123,0.0,null],[104.39071,-3.08823,0.0,null],[104.38629,-3.09389,0.0,null],[104.37994,-3.09701,0.0,null],[104.37529,-3.09699,0.0,null],[104.37531,-3.13684,0.0,null],[104.38716,-3.1368,0.0,null],[104.38686,-3.12778,0.0,null],[104.41649,-3.1262,0.0,null],[104.41625,-3.12,0.0,null],[104.42796,-3.11956,0.0,null],[104.42802,-3.11499,0.0,null],[104.45605,-3.11415,0.0,null],[104.45591,-3.05517,0.0,null],[104.44965,-3.05519,0.0,null],[104.44225,-3.0588,0.0,null],[104.43696,-3.06812,0.0,null],[104.43341,-3.07285,0.0,null],[104.42984,-3.07558,0.0,null],[104.42897,-3.07526,0.0,null]]]}},{"type":"Feature","properties":{"inventoryId":"big-forestry-hti:167","sector":"PBPH","subtype":"IUPHHK-HTI","quality":"OFFICIAL","sourceDataset":"big-forestry-hti","sourceRecordId":"167","source":"BIG Kebijakan Satu Peta","sourceUrl":"https://kspservices.big.go.id/satupeta/rest/services/PUBLIK/PERIZINAN_DAN_PERTANAHAN/MapServer/2","retrievedAt":"2026-08-24T04:22:31Z","geometryProcessing":"web display simplification tolerance 0.00035 degrees","name":"PT SUMATERA RIANG LESTARI","permitNumber":"SK.208/Menhut-II/2007","permitDate":"2007-05-25","areaHa":148075.0,"provinceCode":"12","region":"sumatra"},"geometry":{"type":"MultiPolygon","coordinates":[[[[100.00203,1.34061,0.0,null],[99.99966,1.34379,0.0,null],[99.99907,1.34637,0.0,null],[99.99808,1.34715,0.0,null],[99.99048,1.34325,0.0,null],[99.98335,1.33703,0.0,null],[99.97948,1.32787,0.0,null],[99.97764,1.3204,0.0,null],[99.9756,1.29918,0.0,null],[99.83109,1.30317,0.0,null],[99.82854,1.29741,0.0,null],[99.82509,1.27733,0.0,null],[99.82029,1.25919,0.0,null],[99.81439,1.25281,0.0,null],[99.81038,1.24666,0.0,null],[99.81047,1.23955,0.0,null],[99.81249,1.23602,0.0,null],[99.83244,1.22062,0.0,null],[99.83252,1.22149,0.0,null],[99.83496,1.22177,0.0,null],[99.836,1.22263,0.0,null],[99.83803,1.22267,0.0,null],[99.83996,1.222,0.0,null],[99.83965,1.22121,0.0,null],[99.84109,1.22106,0.0,null],[99.84087,1.22048,0.0,null],[99.8428,1.21922,0.0,null],[99.84527,1.21943,0.0,null],[99.84508,1.21823,0.0,null],[99.84706,1.21923,0.0,null],[99.84767,1.219,0.0,null],[99.84827,1.21985,0.0,null],[99.85085,1.21836,0.0,null],[99.85108,1.2188,0.0,null],[99.85226,1.2185,0.0,null],[99.85553,1.21674,0.0,null],[99.85753,1.21695,0.0,null],[99.85714,1.21757,0.0,null],[99.85789,1.21856,0.0,null],[99.85824,1.2178,0.0,null],[99.85769,1.21719,0.0,null],[99.85921,1.21748,0.0,null],[99.85987,1.21643,0.0,null],[99.86107,1.21591,0.0,null],[99.86329,1.217,0.0,null],[99.86369,1.21772,0.0,null],[99.86442,1.21738,0.0,null],[99.86452,1.21635,0.0,null],[99.86423,1.21593,0.0,null],[99.86373,1.21651,0.0,null],[99.86418,1.21513,0.0,null],[99.86328,1.21451,0.0,null],[99.86318,1.21352,0.0,null],[99.86558,1.21344,0.0,null],[99.8698,1.21096,0.0,null],[99.8739,1.21251,0.0,null],[99.87341,1.21457,0.0,null],[99.87406,1.21524,0.0,null],[99.87609,1.21461,0.0,null],[99.87568,1.2121,0.0,null],[99.87495,1.21284,0.0,null],[99.87477,1.21155,0.0,null],[99.87637,1.21141,0.0,null],[99.87718,1.21193,0.0,null],[99.87927,1.21168,0.0,null],[99.88155,1.2139,0.0,null],[99.88251,1.21309,0.0,null],[99.8847,1.21417,0.0,null],[99.88739,1.21377,0.0,null],[99.88773,1.21443,0.0,null],[99.88884,1.21354,0.0,null],[99.88806,1.21227,0.0,null],[99.88706,1.21225,0.0,null],[99.88709,1.21158,0.0,null],[99.88975,1.21147,0.0,null],[99.89207,1.21332,0.0,null],[99.89291,1.21309,0.0,null],[99.89343,1.21433,0.0,null],[99.89478,1.21405,0.0,null],[99.89553,1.2126,0.0,null],[99.89873,1.21311,0.0,null],[99.89892,1.21209,0.0,null],[99.90111,1.21252,0.0,null],[99.90251,1.214,0.0,null],[99.90338,1.21418,0.0,null],[99.9039,1.21359,0.0,null],[99.903,1.21315,0.0,null],[99.90368,1.21182,0.0,null],[99.90485,1.21176,0.0,null],[99.90545,1.21289,0.0,null],[99.90591,1.21127,0.0,null],[99.90803,1.21166,0.0,null],[99.90864,1.21099,0.0,null],[99.90963,1.21154,0.0,null],[99.91085,1.20983,0.0,null],[99.91227,1.21002,0.0,null],[99.91441,1.20843,0.0,null],[99.91562,1.20858,0.0,null],[99.91575,1.20795,0.0,null],[99.91458,1.20612,0.0,null],[99.91674,1.20564,0.0,null],[99.917,1.20324,0.0,null],[99.91804,1.20314,0.0,null],[99.91835,1.20206,0.0,null],[99.92015,1.20107,0.0,null],[99.92179,1.2016,0.0,null],[99.92224,1.20075,0.0,null],[99.92261,1.20164,0.0,null],[99.92371,1.2018,0.0,null],[99.92405,1.19957,0.0,null],[99.92653,1.19969,0.0,null],[99.92636,1.19839,0.0,null],[99.92767,1.19888,0.0,null],[99.92739,1.19797,0.0,null],[99.9282,1.19664,0.0,null],[99.92715,1.19719,0.0,null],[99.92636,1.19688,0.0,null],[99.9275,1.19554,0.0,null],[99.92855,1.19597,0.0,null],[99.9296,1.19751,0.0,null],[99.92992,1.19617,0.0,null],[99.93082,1.19583,0.0,null],[99.93085,1.19385,0.0,null],[99.93127,1.19338,0.0,null],[99.93178,1.19361,0.0,null],[99.93165,1.19222,0.0,null],[99.9324,1.19205,0.0,null],[99.9334,1.19308,0.0,null],[99.93425,1.19219,0.0,null],[99.93569,1.19284,0.0,null],[99.93655,1.1901,0.0,null],[99.93546,1.19034,0.0,null],[99.93536,1.18949,0.0,null],[99.93617,1.18971,0.0,null],[99.93729,1.1888,0.0,null],[99.9387,1.18911,0.0,null],[99.93895,1.18704,0.0,null],[99.9403,1.18646,0.0,null],[99.94231,1.18676,0.0,null],[99.94356,1.18555,0.0,null],[99.94463,1.186,0.0,null],[99.94409,1.18483,0.0,null],[99.94561,1.18446,0.0,null],[99.9473,1.18544,0.0,null],[99.9465,1.18673,0.0,null],[99.94826,1.18701,0.0,null],[99.95028,1.18208,0.0,null],[99.9518,1.18121,0.0,null],[99.95153,1.18009,0.0,null],[99.95221,1.17907,0.0,null],[99.95169,1.17678,0.0,null],[99.95352,1.17634,0.0,null],[99.95385,1.17764,0.0,null],[99.95518,1.17746,0.0,null],[99.95478,1.17855,0.0,null],[99.95563,1.17884,0.0,null],[99.95724,1.17869,0.0,null],[99.95704,1.1768,0.0,null],[99.95779,1.17669,0.0,null],[99.95795,1.17613,0.0,null],[99.95826,1.17744,0.0,null],[99.95934,1.17748,0.0,null],[99.96011,1.17664,0.0,null],[99.96022,1.17468,0.0,null],[99.96082,1.17384,0.0,null],[99.96015,1.17315,0.0,null],[99.9615,1.17216,0.0,null],[99.96305,1.17273,0.0,null],[99.96346,1.17202,0.0,null],[99.96327,1.1711,0.0,null],[99.96229,1.17075,0.0,null],[99.96304,1.16928,0.0,null],[99.9642,1.16945,0.0,null],[99.96353,1.17056,0.0,null],[99.96446,1.17043,0.0,null],[99.96483,1.17091,0.0,null],[99.96588,1.16927,0.0,null],[99.9675,1.16993,0.0,null],[99.96621,1.17131,0.0,null],[99.96703,1.17174,0.0,null],[99.96703,1.17248,0.0,null],[99.96842,1.17254,0.0,null],[99.96962,1.17185,0.0,null],[99.97082,1.1696,0.0,null],[99.97063,1.16839,0.0,null],[99.9699,1.16859,0.0,null],[99.97067,1.16781,0.0,null],[99.97246,1.168,0.0,null],[99.97251,1.16728,0.0,null],[99.97336,1.16758,0.0,null],[99.97412,1.16704,0.0,null],[99.97479,1.16841,0.0,null],[99.97545,1.16834,0.0,null],[99.97533,1.16739,0.0,null],[99.97607,1.1674,0.0,null],[99.97575,1.16795,0.0,null],[99.97704,1.16811,0.0,null],[99.97657,1.16893,0.0,null],[99.97725,1.16929,0.0,null],[99.97884,1.16942,0.0,null],[99.97979,1.16865,0.0,null],[99.98212,1.1691,0.0,null],[99.98339,1.16847,0.0,null],[99.98348,1.16683,0.0,null],[99.9845,1.16609,0.0,null],[99.98343,1.16528,0.0,null],[99.98476,1.16575,0.0,null],[99.98475,1.16673,0.0,null],[99.9856,1.16655,0.0,null],[99.98525,1.16502,0.0,null],[99.98589,1.16483,0.0,null],[99.98596,1.16422,0.0,null],[99.98784,1.16436,0.0,null],[99.98684,1.16645,0.0,null],[99.9873,1.16738,0.0,null],[99.98957,1.166,0.0,null],[99.99217,1.16655,0.0,null],[99.99363,1.16553,0.0,null],[99.99668,1.16478,0.0,null],[99.99718,1.16494,0.0,null],[99.99705,1.1659,0.0,null],[99.99793,1.1651,0.0,null],[99.99797,1.16635,0.0,null],[100.00028,1.16613,0.0,null],[100.0009,1.16551,0.0,null],[100.00148,1.16661,0.0,null],[100.00326,1.1673,0.0,null],[100.00391,1.16428,0.0,null],[100.00584,1.16481,0.0,null],[100.00672,1.16441,0.0,null],[100.00527,1.16254,0.0,null],[100.00809,1.16259,0.0,null],[100.00856,1.16104,0.0,null],[100.00958,1.16002,0.0,null],[100.00849,1.15896,0.0,null],[100.01098,1.15734,0.0,null],[100.01046,1.15646,0.0,null],[100.01174,1.15473,0.0,null],[100.01317,1.18234,0.0,null],[100.12877,1.18839,0.0,null],[100.12785,1.18855,0.0,null],[100.12577,1.19236,0.0,null],[100.12398,1.1939,0.0,null],[100.123,1.19386,0.0,null],[100.12282,1.19492,0.0,null],[100.11906,1.19764,0.0,null],[100.11858,1.20002,0.0,null],[100.11741,1.20101,0.0,null],[100.12131,1.20812,0.0,null],[100.12046,1.21257,0.0,null],[100.11691,1.21989,0.0,null],[100.11889,1.22731,0.0,null],[100.11831,1.2386,0.0,null],[100.12269,1.2495,0.0,null],[100.12269,1.25357,0.0,null],[100.11933,1.26196,0.0,null],[100.10873,1.28292,0.0,null],[100.10428,1.29857,0.0,null],[100.09875,1.30998,0.0,null],[100.09422,1.30848,0.0,null],[100.09379,1.30777,0.0,null],[100.09086,1.3078,0.0,null],[100.08959,1.30865,0.0,null],[100.08824,1.30809,0.0,null],[100.08715,1.30662,0.0,null],[100.08269,1.30601,0.0,null],[100.08084,1.3063,0.0,null],[100.0802,1.30695,0.0,null],[100.07791,1.30684,0.0,null],[100.07597,1.30862,0.0,null],[100.07089,1.31027,0.0,null],[100.07013,1.31002,0.0,null],[100.06904,1.31222,0.0,null],[100.06823,1.31241,0.0,null],[100.06735,1.3117,0.0,null],[100.06565,1.31233,0.0,null],[100.0598,1.31153,0.0,null],[100.05748,1.31196,0.0,null],[100.05556,1.31129,0.0,null],[100.0527,1.31259,0.0,null],[100.04916,1.31205,0.0,null],[100.04631,1.31304,0.0,null],[100.04304,1.31189,0.0,null],[100.04214,1.31233,0.0,null],[100.0409,1.31138,0.0,null],[100.03944,1.31192,0.0,null],[100.03854,1.31114,0.0,null],[100.03809,1.31211,0.0,null],[100.03684,1.31197,0.0,null],[100.03631,1.31306,0.0,null],[100.03276,1.3155,0.0,null],[100.03251,1.31657,0.0,null],[100.03146,1.31759,0.0,null],[100.02826,1.31914,0.0,null],[100.02634,1.32086,0.0,null],[100.0225,1.32075,0.0,null],[100.01952,1.32329,0.0,null],[100.0145,1.3228,0.0,null],[100.01223,1.33005,0.0,null],[100.00996,1.33099,0.0,null],[100.00542,1.33761,0.0,null],[100.00471,1.33996,0.0,null],[100.00203,1.34061,0.0,null]]],[[[100.40347,1.62674,0.0,null],[100.37613,1.62627,0.0,null],[100.377,1.57835,0.0,null],[100.36971,1.57819,0.0,null],[100.36668,1.57909,0.0,null],[100.36034,1.57857,0.0,null],[100.35673,1.57949,0.0,null],[100.35502,1.57884,0.0,null],[100.34792,1.57834,0.0,null],[100.34099,1.57845,0.0,null],[100.34094,1.56928,0.0,null],[100.31263,1.56907,0.0,null],[100.31276,1.56408,0.0,null],[100.26693,1.56275,0.0,null],[100.26676,1.54844,0.0,null],[100.22142,1.54818,0.0,null],[100.22115,1.53987,0.0,null],[100.21658,1.5406,0.0,null],[100.21237,1.53903,0.0,null],[100.2092,1.53973,0.0,null],[100.20697,1.54117,0.0,null],[100.20252,1.53973,0.0,null],[100.19695,1.54016,0.0,null],[100.17751,1.53918,0.0,null],[100.17664,1.52519,0.0,null],[100.17614,1.52406,0.0,null],[100.17644,1.52203,0.0,null],[100.17296,1.46613,0.0,null],[100.17813,1.46527,0.0,null],[100.18453,1.46648,0.0,null],[100.19206,1.47009,0.0,null],[100.19761,1.46945,0.0,null],[100.20373,1.47256,0.0,null],[100.20491,1.47461,0.0,null],[100.2105,1.47618,0.0,null],[100.21702,1.47985,0.0,null],[100.23045,1.47895,0.0,null],[100.23559,1.4794,0.0,null],[100.23694,1.47869,0.0,null],[100.23937,1.47937,0.0,null],[100.24397,1.48296,0.0,null],[100.25159,1.48426,0.0,null],[100.26007,1.48217,0.0,null],[100.26155,1.48081,0.0,null],[100.26194,1.47955,0.0,null],[100.26461,1.47835,0.0,null],[100.26386,1.47664,0.0,null],[100.26588,1.47449,0.0,null],[100.26693,1.47448,0.0,null],[100.26771,1.4738,0.0,null],[100.2683,1.47242,0.0,null],[100.26958,1.4715,0.0,null],[100.27096,1.47246,0.0,null],[100.27189,1.4719,0.0,null],[100.27199,1.47296,0.0,null],[100.27255,1.47313,0.0,null],[100.27298,1.47255,0.0,null],[100.27399,1.47272,0.0,null],[100.27408,1.47141,0.0,null],[100.27465,1.47129,0.0,null],[100.27529,1.46954,0.0,null],[100.27859,1.46768,0.0,null],[100.27929,1.46852,0.0,null],[100.2836,1.4684,0.0,null],[100.28389,1.472,0.0,null],[100.28538,1.47309,0.0,null],[100.28766,1.47236,0.0,null],[100.29075,1.47278,0.0,null],[100.29216,1.47357,0.0,null],[100.29496,1.47103,0.0,null],[100.29654,1.47073,0.0,null],[100.29666,1.46984,0.0,null],[100.30111,1.46785,0.0,null],[100.30456,1.46809,0.0,null],[100.30865,1.47007,0.0,null],[100.32238,1.47084,0.0,null],[100.32493,1.47035,0.0,null],[100.32851,1.46726,0.0,null],[100.32827,1.46363,0.0,null],[100.32901,1.45984,0.0,null],[100.32616,1.459,0.0,null],[100.3243,1.45985,0.0,null],[100.32363,1.45966,0.0,null],[100.32325,1.45763,0.0,null],[100.32087,1.45418,0.0,null],[100.32053,1.45124,0.0,null],[100.32193,1.44954,0.0,null],[100.32414,1.44815,0.0,null],[100.32662,1.44894,0.0,null],[100.32831,1.45114,0.0,null],[100.33023,1.45168,0.0,null],[100.33499,1.45058,0.0,null],[100.33445,1.44931,0.0,null],[100.33604,1.44622,0.0,null],[100.33728,1.44646,0.0,null],[100.33747,1.4459,0.0,null],[100.33869,1.44636,0.0,null],[100.33963,1.44453,0.0,null],[100.34145,1.44365,0.0,null],[100.34234,1.44442,0.0,null],[100.34016,1.44668,0.0,null],[100.33918,1.44866,0.0,null],[100.33972,1.45071,0.0,null],[100.34469,1.45116,0.0,null],[100.34473,1.45012,0.0,null],[100.34558,1.44984,0.0,null],[100.34822,1.4512,0.0,null],[100.3458,1.45605,0.0,null],[100.3592,1.45604,0.0,null],[100.359,1.48309,0.0,null],[100.35801,1.50929,0.0,null],[100.39471,1.50987,0.0,null],[100.39481,1.50154,0.0,null],[100.40564,1.50157,0.0,null],[100.40518,1.55033,0.0,null],[100.40417,1.55413,0.0,null],[100.40477,1.56436,0.0,null],[100.40398,1.57807,0.0,null],[100.40459,1.58632,0.0,null],[100.40441,1.60053,0.0,null],[100.41249,1.6007,0.0,null],[100.41204,1.60971,0.0,null],[100.41241,1.61935,0.0,null],[100.40352,1.61938,0.0,null],[100.40347,1.62674,0.0,null]]]]}},{"type":"Feature","properties":{"inventoryId":"big-forestry-hti:243","sector":"PBPH","subtype":"IUPHHK-HTI","quality":"OFFICIAL","sourceDataset":"big-forestry-hti","sourceRecordId":"243","source":"BIG Kebijakan Satu Peta","sourceUrl":"https://kspservices.big.go.id/satupeta/rest/services/PUBLIK/PERIZINAN_DAN_PERTANAHAN/MapServer/2","retrievedAt":"2026-08-24T04:22:31Z","geometryProcessing":"web display simplification tolerance 0.00035 degrees","name":"PT SUMATERA RIANG LESTARI","permitNumber":"SK.208/Menhut-II/2007","permitDate":"2007-05-25","areaHa":148075.0,"provinceCode":"14","region":"sumatra"},"geometry":{"type":"MultiPolygon","coordinates":[[[[102.80145,-0.20954,0.0,null],[102.7979,-0.20959,0.0,null],[102.7981,-0.24837,0.0,null],[102.69703,-0.24842,0.0,null],[102.69314,-0.3853,0.0,null],[102.7148,-0.38894,0.0,null],[102.72061,-0.38573,0.0,null],[102.72522,-0.38462,0.0,null],[102.74096,-0.38499,0.0,null],[102.74767,-0.38708,0.0,null],[102.75398,-0.38974,0.0,null],[102.76322,-0.39756,0.0,null],[102.76779,-0.40382,0.0,null],[102.76904,-0.409,0.0,null],[102.76996,-0.41972,0.0,null],[102.78379,-0.41972,0.0,null],[102.78592,-0.41818,0.0,null],[102.79251,-0.4246,0.0,null],[102.83025,-0.41753,0.0,null],[102.84678,-0.41799,0.0,null],[102.85334,-0.42516,0.0,null],[102.85399,-0.42062,0.0,null],[102.86919,-0.41991,0.0,null],[102.87344,-0.42416,0.0,null],[102.8966,-0.40955,0.0,null],[102.91471,-0.39151,0.0,null],[102.92447,-0.36991,0.0,null],[102.96392,-0.274,0.0,null],[102.96873,-0.25141,0.0,null],[102.83799,-0.25056,0.0,null],[102.83776,-0.2128,0.0,null],[102.83514,-0.21393,0.0,null],[102.82838,-0.21969,0.0,null],[102.82562,-0.21902,0.0,null],[102.82028,-0.21568,0.0,null],[102.81674,-0.21525,0.0,null],[102.81148,-0.21554,0.0,null],[102.80862,-0.21501,0.0,null],[102.80618,-0.21335,0.0,null],[102.80348,-0.2102,0.0,null],[102.80145,-0.20954,0.0,null]]],[[[100.62117,1.97688,0.0,null],[100.61332,1.98296,0.0,null],[100.61259,1.98201,0.0,null],[100.61243,1.97985,0.0,null],[100.6149,1.97696,0.0,null],[100.6149,1.97535,0.0,null],[100.61114,1.97054,0.0,null],[100.61194,1.96958,0.0,null],[100.61568,1.96011,0.0,null],[100.61568,1.9577,0.0,null],[100.61512,1.95754,0.0,null],[100.61507,1.95659,0.0,null],[100.63353,1.84388,0.0,null],[100.63915,1.81974,0.0,null],[100.6421,1.82098,0.0,null],[100.70026,1.79744,0.0,null],[100.7264,1.78172,0.0,null],[100.74597,1.7214,0.0,null],[100.78444,1.72208,0.0,null],[100.77935,1.73114,0.0,null],[100.77539,1.73962,0.0,null],[100.77969,1.7446,0.0,null],[100.78229,1.74924,0.0,null],[100.78784,1.74913,0.0,null],[100.79214,1.74675,0.0,null],[100.79644,1.7472,0.0,null],[100.80074,1.74607,0.0,null],[100.80312,1.74471,0.0,null],[100.80504,1.74505,0.0,null],[100.80843,1.74709,0.0,null],[100.8099,1.74675,0.0,null],[100.81217,1.75196,0.0,null],[100.8159,1.75467,0.0,null],[100.82201,1.75535,0.0,null],[100.82371,1.75773,0.0,null],[100.82484,1.75818,0.0,null],[100.82937,1.75727,0.0,null],[100.83152,1.75807,0.0,null],[100.83355,1.75795,0.0,null],[100.83729,1.75648,0.0,null],[100.83944,1.75773,0.0,null],[100.8408,1.75965,0.0,null],[100.84091,1.76259,0.0,null],[100.84329,1.76486,0.0,null],[100.84283,1.76768,0.0,null],[100.8477,1.76995,0.0,null],[100.85087,1.77017,0.0,null],[100.85596,1.76757,0.0,null],[100.86128,1.76746,0.0,null],[100.86841,1.76904,0.0,null],[100.87146,1.76712,0.0,null],[100.87316,1.76689,0.0,null],[100.87418,1.76825,0.0,null],[100.87644,1.76836,0.0,null],[100.87768,1.76972,0.0,null],[100.88119,1.77153,0.0,null],[100.88221,1.77357,0.0,null],[100.888,1.77412,0.0,null],[100.86525,1.80262,0.0,null],[100.80952,1.87598,0.0,null],[100.732,1.93844,0.0,null],[100.71759,1.94228,0.0,null],[100.71503,1.94709,0.0,null],[100.71375,1.94581,0.0,null],[100.65192,1.96663,0.0,null],[100.63783,1.96502,0.0,null],[100.62117,1.97688,0.0,null]]],[[[101.50591,1.96121,0.0,null],[101.50246,1.96582,0.0,null],[101.49385,1.9436,0.0,null],[101.49441,1.91804,0.0,null],[101.45829,1.91806,0.0,null],[101.45858,1.89028,0.0,null],[101.43635,1.88917,0.0,null],[101.45108,1.82584,0.0,null],[101.47664,1.80167,0.0,null],[101.48192,1.79112,0.0,null],[101.50553,1.77696,0.0,null],[101.50498,1.76891,0.0,null],[101.5297,1.75808,0.0,null],[101.55553,1.7617,0.0,null],[101.5639,1.75026,0.0,null],[101.56908,1.74994,0.0,null],[101.56681,1.74693,0.0,null],[101.57165,1.74499,0.0,null],[101.66916,1.7825,0.0,null],[101.67887,1.79945,0.0,null],[101.61748,1.86501,0.0,null],[101.60108,1.92834,0.0,null],[101.58636,1.92833,0.0,null],[101.57079,1.96028,0.0,null],[101.50662,1.96027,0.0,null],[101.50591,1.96121,0.0,null]]],[[[103.11978,0.911,0.0,null],[103.08971,0.95313,0.0,null],[103.08801,0.95373,0.0,null],[103.08903,0.97032,0.0,null],[103.07291,0.98787,0.0,null],[103.0545,0.99599,0.0,null],[103.01295,1.02334,0.0,null],[103.00687,1.03831,0.0,null],[102.98691,1.0496,0.0,null],[102.95559,1.06352,0.0,null],[102.94804,1.07784,0.0,null],[102.92795,1.08952,0.0,null],[102.91232,1.0892,0.0,null],[102.9005,1.07508,0.0,null],[102.90418,1.04987,0.0,null],[102.9463,1.03728,0.0,null],[102.95627,1.02711,0.0,null],[102.94418,1.02198,0.0,null],[102.94042,1.01688,0.0,null],[102.93867,1.01237,0.0,null],[102.93871,1.00566,0.0,null],[102.94058,1.00091,0.0,null],[103.00795,0.96127,0.0,null],[103.06179,0.88933,0.0,null],[103.07431,0.89239,0.0,null],[103.07409,0.8798,0.0,null],[103.08202,0.87776,0.0,null],[103.08595,0.89533,0.0,null],[103.10286,0.88973,0.0,null],[103.11978,0.911,0.0,null]]],[[[102.91197,1.00854,0.0,null],[102.91456,1.01216,0.0,null],[102.90965,1.02422,0.0,null],[102.90457,1.02577,0.0,null],[102.90234,1.02564,0.0,null],[102.88803,1.01192,0.0,null],[102.88119,1.0088,0.0,null],[102.90035,0.99229,0.0,null],[102.91197,1.00854,0.0,null]]]]}},{"type":"Feature","properties":{"inventoryId":"big-forestry-hti:267","sector":"PBPH","subtype":"IUPHHK-HTI","quality":"OFFICIAL","sourceDataset":"big-forestry-hti","sourceRecordId":"267","source":"BIG Kebijakan Satu Peta","sourceUrl":"https://kspservices.big.go.id/satupeta/rest/services/PUBLIK/PERIZINAN_DAN_PERTANAHAN/MapServer/2","retrievedAt":"2026-08-24T04:22:31Z","geometryProcessing":"web display simplification tolerance 0.00035 degrees","name":"PT SUMATERA SILVA LESTARI","permitNumber":"82/Kpts-II/2001","permitDate":"2001-03-15","areaHa":9140.0,"provinceCode":"14","region":"sumatra"},"geometry":{"type":"Polygon","coordinates":[[[100.2232,1.02798,0.0,null],[100.22407,1.0323,0.0,null],[100.22272,1.03266,0.0,null],[100.20905,1.03311,0.0,null],[100.208,1.03217,0.0,null],[100.20833,1.03144,0.0,null],[100.21069,1.02998,0.0,null],[100.21108,1.02913,0.0,null],[100.21027,1.02798,0.0,null],[100.20641,1.02727,0.0,null],[100.19579,1.02717,0.0,null],[100.18411,1.02757,0.0,null],[100.181,1.02885,0.0,null],[100.17561,1.03222,0.0,null],[100.17355,1.03226,0.0,null],[100.17083,1.03137,0.0,null],[100.16695,1.02769,0.0,null],[100.16366,1.02968,0.0,null],[100.16113,1.03032,0.0,null],[100.14941,1.03071,0.0,null],[100.14352,1.02839,0.0,null],[100.13541,1.0262,0.0,null],[100.12859,1.02508,0.0,null],[100.1236,1.02489,0.0,null],[100.12181,1.02407,0.0,null],[100.12363,1.01644,0.0,null],[100.1258,1.01114,0.0,null],[100.13042,1.01077,0.0,null],[100.13545,1.01198,0.0,null],[100.13717,1.01182,0.0,null],[100.13731,0.99759,0.0,null],[100.13873,0.9973,0.0,null],[100.14033,0.99817,0.0,null],[100.14075,0.99738,0.0,null],[100.14349,0.99685,0.0,null],[100.14365,0.99435,0.0,null],[100.14287,0.99299,0.0,null],[100.14332,0.99257,0.0,null],[100.14407,0.99284,0.0,null],[100.14355,0.99205,0.0,null],[100.14425,0.99165,0.0,null],[100.14424,0.99084,0.0,null],[100.14524,0.99163,0.0,null],[100.14528,0.99075,0.0,null],[100.14697,0.98998,0.0,null],[100.14656,0.98898,0.0,null],[100.14747,0.98787,0.0,null],[100.14642,0.9858,0.0,null],[100.14526,0.98478,0.0,null],[100.14435,0.98631,0.0,null],[100.14334,0.98589,0.0,null],[100.14319,0.97883,0.0,null],[100.14147,0.97782,0.0,null],[100.14059,0.97626,0.0,null],[100.13808,0.9759,0.0,null],[100.13777,0.97481,0.0,null],[100.13982,0.97333,0.0,null],[100.14143,0.97309,0.0,null],[100.14469,0.97344,0.0,null],[100.14597,0.97409,0.0,null],[100.1468,0.97283,0.0,null],[100.14718,0.96461,0.0,null],[100.14454,0.95629,0.0,null],[100.14487,0.95468,0.0,null],[100.14743,0.95298,0.0,null],[100.14859,0.95104,0.0,null],[100.14812,0.94913,0.0,null],[100.14487,0.94378,0.0,null],[100.14674,0.93994,0.0,null],[100.14666,0.93914,0.0,null],[100.1456,0.93756,0.0,null],[100.14211,0.93561,0.0,null],[100.13982,0.93277,0.0,null],[100.13885,0.93233,0.0,null],[100.13566,0.93448,0.0,null],[100.13423,0.93373,0.0,null],[100.1347,0.93023,0.0,null],[100.13432,0.92536,0.0,null],[100.13323,0.92408,0.0,null],[100.12894,0.92129,0.0,null],[100.12883,0.91959,0.0,null],[100.13081,0.91907,0.0,null],[100.13464,0.92081,0.0,null],[100.13921,0.91962,0.0,null],[100.14031,0.92118,0.0,null],[100.14121,0.92404,0.0,null],[100.14202,0.92888,0.0,null],[100.16702,0.92856,0.0,null],[100.16627,0.96125,0.0,null],[100.16737,0.9626,0.0,null],[100.17215,0.96453,0.0,null],[100.17306,0.96643,0.0,null],[100.17345,0.96927,0.0,null],[100.17494,0.97037,0.0,null],[100.17679,0.97065,0.0,null],[100.1786,0.96996,0.0,null],[100.18151,0.96535,0.0,null],[100.18405,0.96462,0.0,null],[100.18773,0.96564,0.0,null],[100.19126,0.96914,0.0,null],[100.19291,0.9693,0.0,null],[100.19467,0.97037,0.0,null],[100.19512,0.97263,0.0,null],[100.19689,0.97353,0.0,null],[100.19762,0.97583,0.0,null],[100.19855,0.9763,0.0,null],[100.20577,0.9758,0.0,null],[100.20909,0.97706,0.0,null],[100.21036,0.97692,0.0,null],[100.21141,0.97943,0.0,null],[100.21391,0.98151,0.0,null],[100.21617,0.98082,0.0,null],[100.21771,0.98151,0.0,null],[100.21915,0.98052,0.0,null],[100.21986,0.97902,0.0,null],[100.2226,0.97985,0.0,null],[100.22482,0.9778,0.0,null],[100.22572,0.97802,0.0,null],[100.22614,0.97948,0.0,null],[100.22835,0.97955,0.0,null],[100.2298,0.98042,0.0,null],[100.23109,0.97983,0.0,null],[100.23191,0.97846,0.0,null],[100.23466,0.97709,0.0,null],[100.23828,0.97656,0.0,null],[100.24135,0.97519,0.0,null],[100.24664,0.97693,0.0,null],[100.24836,0.9783,0.0,null],[100.25144,0.97935,0.0,null],[100.25692,0.97987,0.0,null],[100.25849,0.98272,0.0,null],[100.25848,0.98481,0.0,null],[100.25937,0.98715,0.0,null],[100.26798,0.9873,0.0,null],[100.27211,0.98685,0.0,null],[100.27289,0.98416,0.0,null],[100.27586,0.98446,0.0,null],[100.28122,0.98196,0.0,null],[100.28175,0.9833,0.0,null],[100.27672,0.98888,0.0,null],[100.27496,0.99168,0.0,null],[100.26736,0.99746,0.0,null],[100.2626,0.99818,0.0,null],[100.25565,0.99617,0.0,null],[100.25458,0.99863,0.0,null],[100.25182,1.00152,0.0,null],[100.2504,1.00463,0.0,null],[100.25023,1.01314,0.0,null],[100.24854,1.01504,0.0,null],[100.24526,1.01653,0.0,null],[100.24379,1.02002,0.0,null],[100.24218,1.02066,0.0,null],[100.23736,1.02086,0.0,null],[100.23506,1.02171,0.0,null],[100.2345,1.02211,0.0,null],[100.23431,1.02449,0.0,null],[100.23315,1.0266,0.0,null],[100.22622,1.02617,0.0,null],[100.22319,1.02709,0.0,null],[100.2232,1.02798,0.0,null]]]}},{"type":"Feature","properties":{"inventoryId":"big-forestry-hti:268","sector":"PBPH","subtype":"IUPHHK-HTI","quality":"OFFICIAL","sourceDataset":"big-forestry-hti","sourceRecordId":"268","source":"BIG Kebijakan Satu Peta","sourceUrl":"https://kspservices.big.go.id/satupeta/rest/services/PUBLIK/PERIZINAN_DAN_PERTANAHAN/MapServer/2","retrievedAt":"2026-08-24T04:22:31Z","geometryProcessing":"web display simplification tolerance 0.00035 degrees","name":"PT SUMATERA SILVA LESTARI","permitNumber":"82/Kpts-II/2001","permitDate":"2001-03-15","areaHa":33390.0,"provinceCode":"12","region":"sumatra"},"geometry":{"type":"Polygon","coordinates":[[[99.96523,1.45615,0.0,null],[99.96432,1.46388,0.0,null],[99.96335,1.46468,0.0,null],[99.9594,1.46442,0.0,null],[99.95625,1.46304,0.0,null],[99.95234,1.46101,0.0,null],[99.9389,1.45073,0.0,null],[99.943,1.45124,0.0,null],[99.94555,1.44968,0.0,null],[99.94677,1.44702,0.0,null],[99.94561,1.44467,0.0,null],[99.94466,1.44402,0.0,null],[99.94086,1.44512,0.0,null],[99.93439,1.44465,0.0,null],[99.93201,1.44554,0.0,null],[99.90668,1.42769,0.0,null],[99.90593,1.41356,0.0,null],[99.91047,1.4113,0.0,null],[99.91878,1.40454,0.0,null],[99.92611,1.39718,0.0,null],[99.92657,1.39584,0.0,null],[99.92636,1.39206,0.0,null],[99.92369,1.38765,0.0,null],[99.92085,1.38504,0.0,null],[99.91631,1.38369,0.0,null],[99.91366,1.38382,0.0,null],[99.91085,1.38661,0.0,null],[99.90754,1.38685,0.0,null],[99.90649,1.38488,0.0,null],[99.90542,1.37959,0.0,null],[99.90599,1.37863,0.0,null],[99.9107,1.37705,0.0,null],[99.9122,1.37561,0.0,null],[99.9135,1.37303,0.0,null],[99.91303,1.37209,0.0,null],[99.91122,1.37089,0.0,null],[99.90858,1.37036,0.0,null],[99.90452,1.37051,0.0,null],[99.90023,1.36547,0.0,null],[99.8952,1.36346,0.0,null],[99.88941,1.3625,0.0,null],[99.88542,1.36313,0.0,null],[99.8828,1.36638,0.0,null],[99.88185,1.3662,0.0,null],[99.88088,1.3647,0.0,null],[99.87449,1.3608,0.0,null],[99.87216,1.36083,0.0,null],[99.86716,1.35878,0.0,null],[99.85869,1.35699,0.0,null],[99.85855,1.35643,0.0,null],[99.86222,1.35453,0.0,null],[99.86538,1.35115,0.0,null],[99.86941,1.3504,0.0,null],[99.87149,1.35087,0.0,null],[99.8719,1.35314,0.0,null],[99.87314,1.35437,0.0,null],[99.87589,1.35481,0.0,null],[99.87877,1.35374,0.0,null],[99.88208,1.35086,0.0,null],[99.88499,1.35281,0.0,null],[99.88873,1.35371,0.0,null],[99.88993,1.35094,0.0,null],[99.89428,1.34889,0.0,null],[99.89586,1.34641,0.0,null],[99.8963,1.34375,0.0,null],[99.89551,1.34206,0.0,null],[99.89406,1.34094,0.0,null],[99.89204,1.33993,0.0,null],[99.884,1.33899,0.0,null],[99.88127,1.34243,0.0,null],[99.87249,1.34245,0.0,null],[99.87095,1.34149,0.0,null],[99.87129,1.33989,0.0,null],[99.8734,1.33636,0.0,null],[99.8733,1.33487,0.0,null],[99.87221,1.33387,0.0,null],[99.86503,1.33308,0.0,null],[99.86428,1.33489,0.0,null],[99.86121,1.33447,0.0,null],[99.85904,1.33064,0.0,null],[99.85565,1.32682,0.0,null],[99.85408,1.32637,0.0,null],[99.85307,1.32667,0.0,null],[99.8526,1.32857,0.0,null],[99.85425,1.33214,0.0,null],[99.85546,1.34459,0.0,null],[99.85195,1.34909,0.0,null],[99.85103,1.3492,0.0,null],[99.84985,1.3479,0.0,null],[99.85134,1.34457,0.0,null],[99.85156,1.33861,0.0,null],[99.84852,1.33781,0.0,null],[99.84787,1.33678,0.0,null],[99.84787,1.33536,0.0,null],[99.84955,1.33099,0.0,null],[99.84918,1.32929,0.0,null],[99.84834,1.32864,0.0,null],[99.84306,1.32872,0.0,null],[99.84065,1.3299,0.0,null],[99.83962,1.33152,0.0,null],[99.84083,1.33746,0.0,null],[99.84064,1.34248,0.0,null],[99.84461,1.34516,0.0,null],[99.84543,1.34769,0.0,null],[99.84504,1.3528,0.0,null],[99.84096,1.35825,0.0,null],[99.84104,1.35957,0.0,null],[99.84196,1.36079,0.0,null],[99.84185,1.36249,0.0,null],[99.8376,1.36492,0.0,null],[99.83445,1.36477,0.0,null],[99.82868,1.36577,0.0,null],[99.82624,1.36493,0.0,null],[99.82347,1.35554,0.0,null],[99.82395,1.35384,0.0,null],[99.82583,1.351,0.0,null],[99.82715,1.34674,0.0,null],[99.82845,1.34606,0.0,null],[99.82948,1.34378,0.0,null],[99.82772,1.3334,0.0,null],[99.82529,1.33145,0.0,null],[99.82147,1.32572,0.0,null],[99.81922,1.31931,0.0,null],[99.81791,1.31876,0.0,null],[99.81474,1.31899,0.0,null],[99.80798,1.32358,0.0,null],[99.80607,1.3266,0.0,null],[99.80015,1.3282,0.0,null],[99.8,1.32949,0.0,null],[99.80209,1.33288,0.0,null],[99.80175,1.33369,0.0,null],[99.79959,1.33481,0.0,null],[99.79921,1.33647,0.0,null],[99.79808,1.33758,0.0,null],[99.79539,1.33662,0.0,null],[99.79404,1.33676,0.0,null],[99.79399,1.33916,0.0,null],[99.7952,1.34094,0.0,null],[99.7953,1.34218,0.0,null],[99.79441,1.34307,0.0,null],[99.79141,1.34411,0.0,null],[99.79032,1.34414,0.0,null],[99.78866,1.34275,0.0,null],[99.78649,1.34386,0.0,null],[99.78385,1.34432,0.0,null],[99.78305,1.34539,0.0,null],[99.78218,1.35057,0.0,null],[99.78038,1.35206,0.0,null],[99.77553,1.3544,0.0,null],[99.77305,1.35649,0.0,null],[99.77025,1.36277,0.0,null],[99.76905,1.36421,0.0,null],[99.76846,1.36424,0.0,null],[99.76782,1.36369,0.0,null],[99.76737,1.35902,0.0,null],[99.76763,1.3518,0.0,null],[99.76899,1.34177,0.0,null],[99.76585,1.33269,0.0,null],[99.76472,1.33088,0.0,null],[99.76326,1.33043,0.0,null],[99.76323,1.32908,0.0,null],[99.76604,1.32057,0.0,null],[99.76608,1.31433,0.0,null],[99.76953,1.31265,0.0,null],[99.77159,1.3108,0.0,null],[99.77225,1.30772,0.0,null],[99.77536,1.30431,0.0,null],[99.77863,1.29404,0.0,null],[99.78126,1.29086,0.0,null],[99.78038,1.28372,0.0,null],[99.78087,1.27636,0.0,null],[99.78181,1.27333,0.0,null],[99.78275,1.27295,0.0,null],[99.78454,1.27379,0.0,null],[99.78615,1.27548,0.0,null],[99.78672,1.27718,0.0,null],[99.79198,1.27743,0.0,null],[99.7933,1.27913,0.0,null],[99.79584,1.27986,0.0,null],[99.79726,1.28213,0.0,null],[99.79885,1.28249,0.0,null],[99.80211,1.28104,0.0,null],[99.80397,1.28083,0.0,null],[99.80734,1.28174,0.0,null],[99.8093,1.28153,0.0,null],[99.81114,1.27961,0.0,null],[99.8123,1.27372,0.0,null],[99.81152,1.2706,0.0,null],[99.81029,1.26881,0.0,null],[99.80601,1.26886,0.0,null],[99.79933,1.26409,0.0,null],[99.79259,1.26274,0.0,null],[99.79221,1.26198,0.0,null],[99.79295,1.26112,0.0,null],[99.79311,1.25932,0.0,null],[99.79217,1.25819,0.0,null],[99.78972,1.25698,0.0,null],[99.78933,1.25509,0.0,null],[99.79219,1.25203,0.0,null],[99.79583,1.24509,0.0,null],[99.79851,1.2426,0.0,null],[99.80021,1.23766,0.0,null],[99.80306,1.2345,0.0,null],[99.80321,1.23195,0.0,null],[99.80226,1.23129,0.0,null],[99.79524,1.22966,0.0,null],[99.7942,1.22863,0.0,null],[99.79411,1.22647,0.0,null],[99.79546,1.22362,0.0,null],[99.79586,1.21889,0.0,null],[99.7978,1.2183,0.0,null],[99.79927,1.21668,0.0,null],[99.79974,1.21147,0.0,null],[99.79933,1.20892,0.0,null],[99.7978,1.20686,0.0,null],[99.79749,1.20516,0.0,null],[99.79822,1.2044,0.0,null],[99.80018,1.20438,0.0,null],[99.80193,1.20332,0.0,null],[99.80236,1.20143,0.0,null],[99.80097,1.1971,0.0,null],[99.79993,1.19617,0.0,null],[99.79817,1.19694,0.0,null],[99.79804,1.19496,0.0,null],[99.79663,1.19403,0.0,null],[99.79641,1.19281,0.0,null],[99.79956,1.19193,0.0,null],[99.80064,1.19041,0.0,null],[99.80202,1.18258,0.0,null],[99.80302,1.18182,0.0,null],[99.81891,1.18245,0.0,null],[99.81932,1.17875,0.0,null],[99.82072,1.1772,0.0,null],[99.82152,1.17413,0.0,null],[99.82296,1.15905,0.0,null],[99.82249,1.15792,0.0,null],[99.81863,1.15826,0.0,null],[99.81514,1.15642,0.0,null],[99.8077,1.15397,0.0,null],[99.80675,1.15068,0.0,null],[99.80476,1.14806,0.0,null],[99.8036,1.14468,0.0,null],[99.80227,1.1429,0.0,null],[99.79753,1.13873,0.0,null],[99.79524,1.13528,0.0,null],[99.78842,1.13095,0.0,null],[99.78708,1.12891,0.0,null],[99.78407,1.12058,0.0,null],[99.78432,1.11831,0.0,null],[99.78809,1.11891,0.0,null],[99.79342,1.11703,0.0,null],[99.79596,1.11727,0.0,null],[99.79887,1.11665,0.0,null],[99.79983,1.11805,0.0,null],[99.80162,1.11868,0.0,null],[99.80698,1.11831,0.0,null],[99.80817,1.11565,0.0,null],[99.80819,1.11017,0.0,null],[99.81079,1.10758,0.0,null],[99.81178,1.10426,0.0,null],[99.8139,1.10119,0.0,null],[99.81719,1.10057,0.0,null],[99.82346,1.09165,0.0,null],[99.82571,1.09048,0.0,null],[99.82986,1.09116,0.0,null],[99.83325,1.09062,0.0,null],[99.83735,1.08751,0.0,null],[99.84329,1.08739,0.0,null],[99.84873,1.08577,0.0,null],[99.851,1.08591,0.0,null],[99.85242,1.08636,0.0,null],[99.8529,1.0873,0.0,null],[99.85078,1.09161,0.0,null],[99.84891,1.09278,0.0,null],[99.84712,1.09263,0.0,null],[99.84428,1.09116,0.0,null],[99.84193,1.0914,0.0,null],[99.84072,1.09303,0.0,null],[99.84074,1.09474,0.0,null],[99.84571,1.10052,0.0,null],[99.84958,1.1012,0.0,null],[99.85277,1.10095,0.0,null],[99.85577,1.09995,0.0,null],[99.86058,1.0916,0.0,null],[99.86466,1.0872,0.0,null],[99.87002,1.0869,0.0,null],[99.87883,1.08387,0.0,null],[99.88163,1.08058,0.0,null],[99.8817,1.07763,0.0,null],[99.88309,1.07493,0.0,null],[99.88636,1.07296,0.0,null],[99.89495,1.07174,0.0,null],[99.89716,1.06922,0.0,null],[99.90684,1.06868,0.0,null],[99.90659,1.07145,0.0,null],[99.90801,1.07419,0.0,null],[99.91045,1.07615,0.0,null],[99.9126,1.07698,0.0,null],[99.91437,1.07695,0.0,null],[99.91566,1.07588,0.0,null],[99.91666,1.07291,0.0,null],[99.9177,1.06689,0.0,null],[99.92102,1.06513,0.0,null],[99.92353,1.06472,0.0,null],[99.92496,1.06717,0.0,null],[99.92963,1.06826,0.0,null],[99.93317,1.06802,0.0,null],[99.93623,1.06693,0.0,null],[99.93737,1.06806,0.0,null],[99.9373,1.06978,0.0,null],[99.94217,1.07152,0.0,null],[99.94627,1.07157,0.0,null],[99.94772,1.07497,0.0,null],[99.95147,1.07712,0.0,null],[99.95325,1.07757,0.0,null],[99.95464,1.0766,0.0,null],[99.9549,1.07498,0.0,null],[99.9538,1.06986,0.0,null],[99.95144,1.06789,0.0,null],[99.95169,1.06599,0.0,null],[99.95297,1.06426,0.0,null],[99.95341,1.06217,0.0,null],[99.95314,1.0576,0.0,null],[99.95442,1.05664,0.0,null],[99.95787,1.05632,0.0,null],[99.96078,1.05714,0.0,null],[99.96187,1.06065,0.0,null],[99.96507,1.06223,0.0,null],[99.96603,1.06383,0.0,null],[99.96606,1.06592,0.0,null],[99.96564,1.06868,0.0,null],[99.96425,1.06974,0.0,null],[99.96344,1.07127,0.0,null],[99.96302,1.07498,0.0,null],[99.95894,1.07703,0.0,null],[99.95765,1.07885,0.0,null],[99.95758,1.08027,0.0,null],[99.96076,1.08109,0.0,null],[99.96141,1.08146,0.0,null],[99.9618,1.08279,0.0,null],[99.96302,1.08306,0.0,null],[99.96404,1.08238,0.0,null],[99.96419,1.07934,0.0,null],[99.9675,1.07916,0.0,null],[99.96866,1.082,0.0,null],[99.97053,1.08235,0.0,null],[99.97312,1.08043,0.0,null],[99.97443,1.08041,0.0,null],[99.97483,1.08307,0.0,null],[99.9741,1.08478,0.0,null],[99.9687,1.08674,0.0,null],[99.96611,1.08867,0.0,null],[99.96032,1.08912,0.0,null],[99.95847,1.09105,0.0,null],[99.95091,1.10312,0.0,null],[99.95001,1.11168,0.0,null],[99.95151,1.11299,0.0,null],[99.95674,1.11558,0.0,null],[99.96234,1.11665,0.0,null],[99.96757,1.12019,0.0,null],[99.97055,1.12053,0.0,null],[99.97391,1.11764,0.0,null],[99.9795,1.11586,0.0,null],[99.9808,1.11622,0.0,null],[99.9808,1.11831,0.0,null],[99.98154,1.11982,0.0,null],[99.98377,1.12113,0.0,null],[99.98784,1.12262,0.0,null],[99.99718,1.1242,0.0,null],[100.00004,1.12405,0.0,null],[100.00314,1.12226,0.0,null],[100.00461,1.11922,0.0,null],[100.00542,1.11138,0.0,null],[100.00645,1.10856,0.0,null],[100.00804,1.10737,0.0,null],[100.01145,1.10722,0.0,null],[100.01307,1.10886,0.0,null],[100.01394,1.11296,0.0,null],[100.01308,1.11862,0.0,null],[100.01444,1.12067,0.0,null],[100.01545,1.12893,0.0,null],[100.01469,1.13064,0.0,null],[100.01356,1.13179,0.0,null],[100.01091,1.13222,0.0,null],[100.00446,1.1318,0.0,null],[99.98615,1.12624,0.0,null],[99.97633,1.12616,0.0,null],[99.96887,1.12815,0.0,null],[99.96216,1.12786,0.0,null],[99.95489,1.12397,0.0,null],[99.94181,1.11388,0.0,null],[99.94087,1.11124,0.0,null],[99.9399,1.10346,0.0,null],[99.9382,1.10063,0.0,null],[99.93503,1.1001,0.0,null],[99.92664,1.10022,0.0,null],[99.92177,1.09801,0.0,null],[99.91652,1.09315,0.0,null],[99.91465,1.09242,0.0,null],[99.91353,1.09262,0.0,null],[99.91299,1.09549,0.0,null],[99.91132,1.09608,0.0,null],[99.90945,1.09554,0.0,null],[99.9074,1.09596,0.0,null],[99.90128,1.10138,0.0,null],[99.89716,1.10069,0.0,null],[99.89547,1.09882,0.0,null],[99.89578,1.09064,0.0,null],[99.89391,1.09067,0.0,null],[99.88925,1.09228,0.0,null],[99.88554,1.09672,0.0,null],[99.8824,1.10305,0.0,null],[99.88133,1.11104,0.0,null],[99.88233,1.1188,0.0,null],[99.88498,1.12293,0.0,null],[99.8908,1.1272,0.0,null],[99.89528,1.12713,0.0,null],[99.90385,1.12585,0.0,null],[99.90498,1.12716,0.0,null],[99.90581,1.14196,0.0,null],[99.90284,1.14371,0.0,null],[99.9023,1.14543,0.0,null],[99.901,1.14601,0.0,null],[99.90006,1.14565,0.0,null],[99.89573,1.13888,0.0,null],[99.89442,1.13777,0.0,null],[99.89106,1.13782,0.0,null],[99.88563,1.1362,0.0,null],[99.88171,1.13607,0.0,null],[99.87686,1.13729,0.0,null],[99.87239,1.1404,0.0,null],[99.87055,1.14459,0.0,null],[99.8693,1.15257,0.0,null],[99.86947,1.16501,0.0,null],[99.87194,1.16751,0.0,null],[99.88633,1.17158,0.0,null],[99.86158,1.1846,0.0,null],[99.84877,1.19272,0.0,null],[99.83514,1.20884,0.0,null],[99.82567,1.21821,0.0,null],[99.82572,1.22105,0.0,null],[99.82919,1.22312,0.0,null],[99.81249,1.23602,0.0,null],[99.81047,1.23955,0.0,null],[99.81038,1.24666,0.0,null],[99.81439,1.25281,0.0,null],[99.82029,1.25919,0.0,null],[99.82509,1.27733,0.0,null],[99.82854,1.29741,0.0,null],[99.83109,1.30317,0.0,null],[99.83485,1.30338,0.0,null],[99.84005,1.30554,0.0,null],[99.84506,1.30376,0.0,null],[99.85195,1.30499,0.0,null],[99.87147,1.31637,0.0,null],[99.88271,1.31748,0.0,null],[99.89089,1.31644,0.0,null],[99.90914,1.32491,0.0,null],[99.94932,1.35144,0.0,null],[99.95929,1.35969,0.0,null],[99.96419,1.37436,0.0,null],[99.97052,1.37748,0.0,null],[99.97507,1.38579,0.0,null],[99.97631,1.39251,0.0,null],[99.97897,1.3957,0.0,null],[99.98795,1.40084,0.0,null],[99.9905,1.40285,0.0,null],[99.99268,1.40712,0.0,null],[99.99356,1.4075,0.0,null],[99.99546,1.40425,0.0,null],[99.99653,1.40423,0.0,null],[99.99973,1.40448,0.0,null],[100.00539,1.40752,0.0,null],[100.00589,1.40888,0.0,null],[100.00508,1.41397,0.0,null],[100.00403,1.41487,0.0,null],[99.99832,1.41651,0.0,null],[99.99612,1.41928,0.0,null],[99.99482,1.42448,0.0,null],[99.98256,1.42358,0.0,null],[99.98141,1.42467,0.0,null],[99.97377,1.4405,0.0,null],[99.96742,1.44987,0.0,null],[99.96523,1.45615,0.0,null]]]}},{"type":"Feature","properties":{"inventoryId":"big-forestry-hti:169","sector":"PBPH","subtype":"IUPHHK-HTI","quality":"OFFICIAL","sourceDataset":"big-forestry-hti","sourceRecordId":"169","source":"BIG Kebijakan Satu Peta","sourceUrl":"https://kspservices.big.go.id/satupeta/rest/services/PUBLIK/PERIZINAN_DAN_PERTANAHAN/MapServer/2","retrievedAt":"2026-08-24T04:22:31Z","geometryProcessing":"web display simplification tolerance 0.00035 degrees","name":"PT SUMBER HIJAU PERMAI","permitNumber":"SK. 29/Menhut-II/2006","permitDate":"2006-02-13","areaHa":30040.0,"provinceCode":"16","region":"sumatra"},"geometry":{"type":"Polygon","coordinates":[[[104.37588,-2.00552,0.0,null],[104.3722,-2.01238,0.0,null],[104.36852,-2.02158,0.0,null],[104.36685,-2.02844,0.0,null],[104.36434,-2.03429,0.0,null],[104.36233,-2.04181,0.0,null],[104.3625,-2.047,0.0,null],[104.35823,-2.09059,0.0,null],[104.3553,-2.13407,0.0,null],[104.35618,-2.14108,0.0,null],[104.35595,-2.15745,0.0,null],[104.35741,-2.15496,0.0,null],[104.36036,-2.15295,0.0,null],[104.36012,-2.15073,0.0,null],[104.35881,-2.14985,0.0,null],[104.35986,-2.14362,0.0,null],[104.36284,-2.14459,0.0,null],[104.36845,-2.14801,0.0,null],[104.37214,-2.15336,0.0,null],[104.376,-2.15724,0.0,null],[104.39678,-2.15792,0.0,null],[104.4045,-2.16625,0.0,null],[104.4058,-2.16847,0.0,null],[104.41104,-2.17099,0.0,null],[104.41377,-2.17303,0.0,null],[104.41496,-2.17507,0.0,null],[104.41675,-2.18308,0.0,null],[104.42317,-2.18943,0.0,null],[104.42401,-2.19063,0.0,null],[104.42415,-2.19322,0.0,null],[104.4303,-2.2016,0.0,null],[104.43555,-2.20675,0.0,null],[104.43559,-2.21095,0.0,null],[104.43784,-2.21316,0.0,null],[104.44158,-2.2156,0.0,null],[104.44384,-2.21854,0.0,null],[104.44757,-2.22048,0.0,null],[104.45352,-2.22067,0.0,null],[104.45697,-2.21989,0.0,null],[104.45948,-2.22284,0.0,null],[104.46071,-2.22183,0.0,null],[104.46672,-2.22895,0.0,null],[104.47115,-2.22618,0.0,null],[104.4739,-2.22912,0.0,null],[104.48499,-2.22455,0.0,null],[104.49336,-2.21951,0.0,null],[104.49949,-2.21425,0.0,null],[104.50392,-2.21148,0.0,null],[104.50516,-2.21147,0.0,null],[104.5089,-2.2144,0.0,null],[104.5104,-2.21637,0.0,null],[104.51781,-2.21406,0.0,null],[104.51977,-2.2128,0.0,null],[104.52073,-2.20908,0.0,null],[104.52043,-2.20463,0.0,null],[104.5315,-2.19783,0.0,null],[104.52598,-2.19071,0.0,null],[104.52913,-2.18449,0.0,null],[104.53454,-2.18097,0.0,null],[104.53799,-2.17945,0.0,null],[104.54509,-2.18921,0.0,null],[104.55472,-2.19313,0.0,null],[104.55689,-2.19311,0.0,null],[104.55811,-2.19217,0.0,null],[104.55216,-2.18481,0.0,null],[104.55432,-2.18417,0.0,null],[104.55739,-2.18228,0.0,null],[104.5629,-2.17603,0.0,null],[104.56566,-2.17384,0.0,null],[104.56768,-2.1602,0.0,null],[104.56919,-2.15678,0.0,null],[104.43787,-2.0548,0.0,null],[104.37588,-2.00552,0.0,null]]]}},{"type":"Feature","properties":{"inventoryId":"big-forestry-hti:189","sector":"PBPH","subtype":"IUPHHK-HTI","quality":"OFFICIAL","sourceDataset":"big-forestry-hti","sourceRecordId":"189","source":"BIG Kebijakan Satu Peta","sourceUrl":"https://kspservices.big.go.id/satupeta/rest/services/PUBLIK/PERIZINAN_DAN_PERTANAHAN/MapServer/2","retrievedAt":"2026-08-24T04:22:31Z","geometryProcessing":"web display simplification tolerance 0.00035 degrees","name":"PT SUNTARA GAJAPATI","permitNumber":"SK.71/Kpts-II/2001","permitDate":"2001-03-15","areaHa":34792.0,"provinceCode":"14","region":"sumatra"},"geometry":{"type":"Polygon","coordinates":[[[101.28384,1.98127,0.0,null],[101.29246,2.00289,0.0,null],[101.29305,2.0085,0.0,null],[101.29073,2.017,0.0,null],[101.28593,2.02299,0.0,null],[101.27343,2.03269,0.0,null],[101.25803,2.04342,0.0,null],[101.20506,2.07504,0.0,null],[101.18155,2.09009,0.0,null],[101.12388,2.04884,0.0,null],[101.07941,2.01309,0.0,null],[101.10537,2.00332,0.0,null],[101.11741,2.00213,0.0,null],[101.12966,2.00177,0.0,null],[101.16125,1.99299,0.0,null],[101.16729,1.98825,0.0,null],[101.17365,1.98091,0.0,null],[101.17824,1.97532,0.0,null],[101.18263,1.96829,0.0,null],[101.1862,1.96062,0.0,null],[101.18935,1.9513,0.0,null],[101.18981,1.94154,0.0,null],[101.18834,1.92275,0.0,null],[101.17933,1.8949,0.0,null],[101.17564,1.88575,0.0,null],[101.17071,1.87514,0.0,null],[101.16854,1.87274,0.0,null],[101.16527,1.86622,0.0,null],[101.19499,1.82377,0.0,null],[101.27206,1.84169,0.0,null],[101.26138,1.92382,0.0,null],[101.2617,1.92454,0.0,null],[101.26588,1.92417,0.0,null],[101.26606,1.92611,0.0,null],[101.26702,1.92629,0.0,null],[101.26732,1.92532,0.0,null],[101.26822,1.92629,0.0,null],[101.26978,1.92628,0.0,null],[101.26948,1.92502,0.0,null],[101.2708,1.92465,0.0,null],[101.2714,1.92592,0.0,null],[101.27188,1.92586,0.0,null],[101.27194,1.92368,0.0,null],[101.27248,1.92362,0.0,null],[101.27278,1.92495,0.0,null],[101.27338,1.92489,0.0,null],[101.27367,1.92205,0.0,null],[101.2744,1.92205,0.0,null],[101.27434,1.92344,0.0,null],[101.27512,1.9238,0.0,null],[101.27512,1.92223,0.0,null],[101.27686,1.92101,0.0,null],[101.27806,1.9224,0.0,null],[101.27746,1.92416,0.0,null],[101.27782,1.92494,0.0,null],[101.2789,1.92458,0.0,null],[101.27933,1.92206,0.0,null],[101.28001,1.92237,0.0,null],[101.2804,1.92528,0.0,null],[101.28169,1.92313,0.0,null],[101.28115,1.92114,0.0,null],[101.28236,1.92229,0.0,null],[101.2832,1.92221,0.0,null],[101.28419,1.92083,0.0,null],[101.28495,1.92144,0.0,null],[101.28412,1.92374,0.0,null],[101.28617,1.9245,0.0,null],[101.28868,1.9222,0.0,null],[101.28759,1.92074,0.0,null],[101.28783,1.9199,0.0,null],[101.29021,1.92014,0.0,null],[101.29044,1.92229,0.0,null],[101.29116,1.92289,0.0,null],[101.29199,1.92265,0.0,null],[101.29282,1.91954,0.0,null],[101.29389,1.9187,0.0,null],[101.29698,1.91798,0.0,null],[101.29674,1.91582,0.0,null],[101.2987,1.91538,0.0,null],[101.30028,1.97605,0.0,null],[101.2901,1.97258,0.0,null],[101.28384,1.98127,0.0,null]]]}},{"type":"Feature","properties":{"inventoryId":"big-forestry-hti:156","sector":"PBPH","subtype":"IUPHHK-HTI","quality":"OFFICIAL","sourceDataset":"big-forestry-hti","sourceRecordId":"156","source":"BIG Kebijakan Satu Peta","sourceUrl":"https://kspservices.big.go.id/satupeta/rest/services/PUBLIK/PERIZINAN_DAN_PERTANAHAN/MapServer/2","retrievedAt":"2026-08-24T04:22:31Z","geometryProcessing":"web display simplification tolerance 0.00035 degrees","name":"PT TANAMAN INDUSTRI LESTARI SIMALUNGUN","permitNumber":"SK.337/Menhut-II/2014","permitDate":"2014-03-27","areaHa":2700.0,"provinceCode":"12","region":"sumatra"},"geometry":{"type":"MultiPolygon","coordinates":[[[[98.82114,3.22113,0.0,null],[98.79622,3.22103,0.0,null],[98.79572,3.22029,0.0,null],[98.79613,3.21925,0.0,null],[98.79509,3.21825,0.0,null],[98.79507,3.21734,0.0,null],[98.79678,3.21371,0.0,null],[98.79764,3.21437,0.0,null],[98.79847,3.21366,0.0,null],[98.80013,3.21344,0.0,null],[98.80207,3.21398,0.0,null],[98.80359,3.21715,0.0,null],[98.80382,3.21987,0.0,null],[98.80674,3.21932,0.0,null],[98.80999,3.22025,0.0,null],[98.81061,3.21818,0.0,null],[98.81365,3.21818,0.0,null],[98.81304,3.2156,0.0,null],[98.81564,3.21123,0.0,null],[98.8164,3.21086,0.0,null],[98.81756,3.21192,0.0,null],[98.81867,3.21179,0.0,null],[98.81917,3.20901,0.0,null],[98.81834,3.20642,0.0,null],[98.81611,3.20497,0.0,null],[98.81218,3.20464,0.0,null],[98.81034,3.20227,0.0,null],[98.80632,3.19969,0.0,null],[98.80467,3.19993,0.0,null],[98.80296,3.19944,0.0,null],[98.80159,3.20232,0.0,null],[98.79941,3.20104,0.0,null],[98.79771,3.19784,0.0,null],[98.79496,3.19755,0.0,null],[98.79433,3.19896,0.0,null],[98.79503,3.20155,0.0,null],[98.79344,3.20192,0.0,null],[98.79268,3.2036,0.0,null],[98.79042,3.20299,0.0,null],[98.78915,3.20372,0.0,null],[98.78959,3.2056,0.0,null],[98.78752,3.21034,0.0,null],[98.77567,3.19796,0.0,null],[98.77626,3.19722,0.0,null],[98.77634,3.19563,0.0,null],[98.77752,3.194,0.0,null],[98.77921,3.19445,0.0,null],[98.78014,3.1954,0.0,null],[98.78102,3.19368,0.0,null],[98.78381,3.19379,0.0,null],[98.78405,3.19336,0.0,null],[98.78179,3.19127,0.0,null],[98.78197,3.19056,0.0,null],[98.78395,3.19138,0.0,null],[98.78446,3.19112,0.0,null],[98.78516,3.19001,0.0,null],[98.7854,3.18796,0.0,null],[98.7854,3.18535,0.0,null],[98.78385,3.18346,0.0,null],[98.78402,3.18073,0.0,null],[98.78207,3.17836,0.0,null],[98.78246,3.16684,0.0,null],[98.78837,3.16216,0.0,null],[98.78949,3.16251,0.0,null],[98.79038,3.16211,0.0,null],[98.79049,3.16112,0.0,null],[98.78973,3.15977,0.0,null],[98.80423,3.15478,0.0,null],[98.80602,3.15702,0.0,null],[98.81381,3.16342,0.0,null],[98.81342,3.16553,0.0,null],[98.81414,3.16727,0.0,null],[98.81727,3.16897,0.0,null],[98.81844,3.17079,0.0,null],[98.81927,3.17283,0.0,null],[98.81952,3.17591,0.0,null],[98.81877,3.17724,0.0,null],[98.81685,3.17873,0.0,null],[98.81788,3.18054,0.0,null],[98.81836,3.18662,0.0,null],[98.82638,3.19355,0.0,null],[98.82857,3.1944,0.0,null],[98.82849,3.19527,0.0,null],[98.82746,3.19618,0.0,null],[98.82876,3.19726,0.0,null],[98.82745,3.19818,0.0,null],[98.82795,3.19989,0.0,null],[98.8275,3.20092,0.0,null],[98.82948,3.20183,0.0,null],[98.83082,3.20492,0.0,null],[98.83073,3.20752,0.0,null],[98.83394,3.21079,0.0,null],[98.83642,3.21175,0.0,null],[98.83637,3.21427,0.0,null],[98.8385,3.21677,0.0,null],[98.83828,3.21835,0.0,null],[98.83936,3.21949,0.0,null],[98.8411,3.21968,0.0,null],[98.8403,3.22053,0.0,null],[98.83504,3.22127,0.0,null],[98.82114,3.22113,0.0,null]]],[[[98.74948,3.16139,0.0,null],[98.74845,3.1632,0.0,null],[98.74737,3.16286,0.0,null],[98.74665,3.15915,0.0,null],[98.74717,3.15326,0.0,null],[98.74644,3.14993,0.0,null],[98.77234,3.1501,0.0,null],[98.77233,3.15308,0.0,null],[98.77082,3.15299,0.0,null],[98.76925,3.15481,0.0,null],[98.76824,3.1551,0.0,null],[98.76632,3.15493,0.0,null],[98.76418,3.153,0.0,null],[98.76136,3.15209,0.0,null],[98.75888,3.15255,0.0,null],[98.75506,3.15483,0.0,null],[98.7532,3.15412,0.0,null],[98.7528,3.15541,0.0,null],[98.75445,3.15781,0.0,null],[98.75491,3.1599,0.0,null],[98.75454,3.16269,0.0,null],[98.75317,3.16187,0.0,null],[98.7518,3.16212,0.0,null],[98.74948,3.16139,0.0,null]]]]}},{"type":"Feature","properties":{"inventoryId":"big-forestry-hti:129","sector":"PBPH","subtype":"IUPHHK-HTI","quality":"OFFICIAL","sourceDataset":"big-forestry-hti","sourceRecordId":"129","source":"BIG Kebijakan Satu Peta","sourceUrl":"https://kspservices.big.go.id/satupeta/rest/services/PUBLIK/PERIZINAN_DAN_PERTANAHAN/MapServer/2","retrievedAt":"2026-08-24T04:22:31Z","geometryProcessing":"web display simplification tolerance 0.00035 degrees","name":"PT TEBO MULTI AGRO","permitNumber":"401/Menhut-II/2006","permitDate":"2006-07-19","areaHa":19770.0,"provinceCode":"15","region":"sumatra"},"geometry":{"type":"Polygon","coordinates":[[[101.95634,-0.97853,0.0,null],[101.95574,-0.97763,0.0,null],[101.95354,-0.97723,0.0,null],[101.95184,-0.97623,0.0,null],[101.94974,-0.97273,0.0,null],[101.94924,-0.97083,0.0,null],[101.94704,-0.96883,0.0,null],[101.94624,-0.96533,0.0,null],[101.86431,-0.99539,0.0,null],[101.86673,-0.99685,0.0,null],[101.87245,-0.99869,0.0,null],[101.87579,-1.00102,0.0,null],[101.87857,-1.00191,0.0,null],[101.88173,-1.00437,0.0,null],[101.88406,-1.00456,0.0,null],[101.88526,-1.00557,0.0,null],[101.89347,-1.00917,0.0,null],[101.89499,-1.0122,0.0,null],[101.89796,-1.01485,0.0,null],[101.9008,-1.01529,0.0,null],[101.90522,-1.0194,0.0,null],[101.90636,-1.01978,0.0,null],[101.90907,-1.01889,0.0,null],[101.91021,-1.01914,0.0,null],[101.91393,-1.02161,0.0,null],[101.91816,-1.02505,0.0,null],[101.91842,-1.02871,0.0,null],[101.91999,-1.03225,0.0,null],[101.92385,-1.03559,0.0,null],[101.92505,-1.03768,0.0,null],[101.92612,-1.04333,0.0,null],[101.92757,-1.04377,0.0,null],[101.92883,-1.0456,0.0,null],[101.93098,-1.04649,0.0,null],[101.93572,-1.05255,0.0,null],[101.93869,-1.05312,0.0,null],[101.94355,-1.05615,0.0,null],[101.94626,-1.05526,0.0,null],[101.95068,-1.05684,0.0,null],[101.95239,-1.05858,0.0,null],[101.95397,-1.05788,0.0,null],[101.95719,-1.05877,0.0,null],[101.96363,-1.06104,0.0,null],[101.96634,-1.063,0.0,null],[101.96874,-1.06325,0.0,null],[101.96994,-1.06483,0.0,null],[101.97102,-1.06508,0.0,null],[101.9743,-1.06969,0.0,null],[101.97613,-1.07667,0.0,null],[101.97979,-1.07699,0.0,null],[101.9815,-1.07819,0.0,null],[101.98156,-1.07907,0.0,null],[101.98005,-1.08112,0.0,null],[101.98052,-1.08159,0.0,null],[101.9827,-1.08147,0.0,null],[101.98718,-1.08253,0.0,null],[101.98972,-1.08407,0.0,null],[101.99001,-1.08578,0.0,null],[101.99066,-1.08613,0.0,null],[101.99154,-1.08442,0.0,null],[101.99278,-1.08607,0.0,null],[101.99537,-1.08513,0.0,null],[101.99602,-1.08572,0.0,null],[101.99532,-1.08678,0.0,null],[101.99555,-1.08743,0.0,null],[101.99714,-1.08672,0.0,null],[101.99832,-1.08719,0.0,null],[102.00009,-1.09043,0.0,null],[102.00139,-1.09026,0.0,null],[102.00245,-1.08872,0.0,null],[102.00416,-1.08849,0.0,null],[102.00569,-1.09032,0.0,null],[102.00616,-1.09014,0.0,null],[102.00675,-1.08837,0.0,null],[102.00893,-1.08825,0.0,null],[102.00923,-1.08666,0.0,null],[102.01111,-1.08719,0.0,null],[102.01217,-1.08684,0.0,null],[102.0143,-1.08787,0.0,null],[102.01489,-1.08634,0.0,null],[102.01901,-1.08928,0.0,null],[102.0196,-1.08922,0.0,null],[102.01966,-1.08799,0.0,null],[102.02119,-1.08716,0.0,null],[102.0265,-1.08669,0.0,null],[102.02732,-1.09011,0.0,null],[102.02974,-1.09264,0.0,null],[102.0308,-1.09695,0.0,null],[102.03239,-1.09701,0.0,null],[102.03275,-1.09789,0.0,null],[102.03528,-1.09871,0.0,null],[102.03546,-1.10025,0.0,null],[102.03699,-1.10207,0.0,null],[102.0384,-1.10125,0.0,null],[102.0397,-1.10125,0.0,null],[102.04017,-1.10213,0.0,null],[102.04171,-1.10143,0.0,null],[102.04171,-1.10022,0.0,null],[102.04271,-1.1001,0.0,null],[102.04389,-1.10093,0.0,null],[102.04459,-1.09863,0.0,null],[102.04731,-1.09933,0.0,null],[102.0476,-1.09692,0.0,null],[102.04825,-1.09656,0.0,null],[102.0519,-1.09727,0.0,null],[102.0519,-1.09898,0.0,null],[102.05049,-1.09975,0.0,null],[102.05055,-1.10028,0.0,null],[102.0519,-1.10075,0.0,null],[102.05291,-1.10016,0.0,null],[102.05373,-1.09804,0.0,null],[102.05703,-1.0981,0.0,null],[102.05786,-1.09916,0.0,null],[102.05845,-1.09833,0.0,null],[102.05998,-1.09927,0.0,null],[102.06045,-1.09721,0.0,null],[102.06222,-1.09568,0.0,null],[102.06363,-1.09603,0.0,null],[102.0667,-1.09981,0.0,null],[102.06735,-1.09981,0.0,null],[102.06864,-1.09762,0.0,null],[102.07324,-1.09871,0.0,null],[102.07342,-1.09995,0.0,null],[102.07189,-1.10308,0.0,null],[102.0733,-1.10367,0.0,null],[102.07466,-1.10567,0.0,null],[102.07554,-1.10485,0.0,null],[102.0776,-1.10543,0.0,null],[102.07837,-1.10337,0.0,null],[102.07914,-1.10337,0.0,null],[102.08043,-1.10638,0.0,null],[102.08173,-1.10591,0.0,null],[102.08143,-1.1039,0.0,null],[102.08202,-1.10225,0.0,null],[102.08344,-1.10196,0.0,null],[102.08245,-1.09913,0.0,null],[102.08346,-1.09913,0.0,null],[102.08389,-1.08661,0.0,null],[102.08362,-1.0679,0.0,null],[102.07557,-1.06789,0.0,null],[102.07575,-1.02361,0.0,null],[102.07896,-1.02366,0.0,null],[102.08297,-1.01536,0.0,null],[102.08324,-1.01046,0.0,null],[102.08217,-1.00743,0.0,null],[102.08025,-1.00524,0.0,null],[102.07909,-1.00481,0.0,null],[102.0833,-0.99738,0.0,null],[102.07904,-1.00353,0.0,null],[102.07844,-1.00343,0.0,null],[102.06774,-0.99953,0.0,null],[102.06714,-0.99723,0.0,null],[102.06654,-0.99673,0.0,null],[102.06294,-0.99623,0.0,null],[102.05844,-0.99333,0.0,null],[102.05204,-0.99203,0.0,null],[102.04834,-0.98623,0.0,null],[102.04764,-0.98653,0.0,null],[102.04694,-0.98953,0.0,null],[102.04174,-0.99503,0.0,null],[102.03854,-0.99403,0.0,null],[102.03554,-0.99543,0.0,null],[102.03364,-0.99313,0.0,null],[102.02934,-0.99243,0.0,null],[102.02854,-0.99133,0.0,null],[102.02804,-0.98873,0.0,null],[102.02714,-0.98793,0.0,null],[102.02474,-0.98943,0.0,null],[102.02024,-0.98953,0.0,null],[102.01934,-0.99073,0.0,null],[102.01904,-0.99333,0.0,null],[102.01784,-0.99443,0.0,null],[102.01364,-0.99483,0.0,null],[102.00904,-0.99393,0.0,null],[102.00284,-0.99163,0.0,null],[102.00224,-0.98953,0.0,null],[102.00104,-0.98883,0.0,null],[101.99344,-0.98763,0.0,null],[101.99054,-0.98593,0.0,null],[101.98754,-0.98323,0.0,null],[101.98234,-0.98153,0.0,null],[101.98034,-0.97993,0.0,null],[101.97844,-0.97923,0.0,null],[101.97454,-0.98033,0.0,null],[101.97304,-0.98013,0.0,null],[101.97204,-0.97863,0.0,null],[101.97164,-0.97513,0.0,null],[101.97084,-0.97343,0.0,null],[101.96694,-0.97553,0.0,null],[101.95824,-0.97873,0.0,null],[101.95634,-0.97853,0.0,null]]]}},{"type":"Feature","properties":{"inventoryId":"big-forestry-hti:195","sector":"PBPH","subtype":"IUPHHK-HTI","quality":"OFFICIAL","sourceDataset":"big-forestry-hti","sourceRecordId":"195","source":"BIG Kebijakan Satu Peta","sourceUrl":"https://kspservices.big.go.id/satupeta/rest/services/PUBLIK/PERIZINAN_DAN_PERTANAHAN/MapServer/2","retrievedAt":"2026-08-24T04:22:31Z","geometryProcessing":"web display simplification tolerance 0.00035 degrees","name":"PT TIESICO CAHAYA PERTIWI","permitNumber":"500/1168/IV/2012","permitDate":"2012-06-03","areaHa":4800.0,"provinceCode":"16","region":"sumatra"},"geometry":{"type":"Polygon","coordinates":[[[103.90392,-1.80507,0.0,null],[103.90884,-1.80997,0.0,null],[103.90367,-1.81878,0.0,null],[103.90501,-1.82416,0.0,null],[103.90456,-1.82773,0.0,null],[104.01474,-1.82669,0.0,null],[104.02084,-1.80914,0.0,null],[104.02114,-1.79299,0.0,null],[104.01688,-1.78763,0.0,null],[104.01519,-1.7865,0.0,null],[103.9919,-1.78642,0.0,null],[103.91396,-1.80346,0.0,null],[103.90392,-1.80507,0.0,null]]]}},{"type":"Feature","properties":{"inventoryId":"big-forestry-hti:162","sector":"PBPH","subtype":"IUPHHK-HTI","quality":"OFFICIAL","sourceDataset":"big-forestry-hti","sourceRecordId":"162","source":"BIG Kebijakan Satu Peta","sourceUrl":"https://kspservices.big.go.id/satupeta/rest/services/PUBLIK/PERIZINAN_DAN_PERTANAHAN/MapServer/2","retrievedAt":"2026-08-24T04:22:31Z","geometryProcessing":"web display simplification tolerance 0.00035 degrees","name":"PT TOBA PULP LESTARI Tbk","permitNumber":"SK.923/Menlhk/Setjen/HPL.0/12/2016","permitDate":"2016-12-21","areaHa":185015.0,"provinceCode":"12","region":"sumatra"},"geometry":{"type":"MultiPolygon","coordinates":[[[[98.42919,2.62571,0.0,null],[98.4243,2.62855,0.0,null],[98.42057,2.62755,0.0,null],[98.42242,2.61777,0.0,null],[98.41784,2.61778,0.0,null],[98.41676,2.6197,0.0,null],[98.41384,2.6187,0.0,null],[98.4124,2.61579,0.0,null],[98.40549,2.61718,0.0,null],[98.39415,2.61741,0.0,null],[98.39402,2.6119,0.0,null],[98.39871,2.61168,0.0,null],[98.39886,2.60221,0.0,null],[98.41632,2.60229,0.0,null],[98.41655,2.60768,0.0,null],[98.4247,2.60771,0.0,null],[98.42768,2.59355,0.0,null],[98.42269,2.59337,0.0,null],[98.42251,2.55788,0.0,null],[98.45758,2.55818,0.0,null],[98.45748,2.5202,0.0,null],[98.51146,2.52023,0.0,null],[98.51168,2.4967,0.0,null],[98.47479,2.49604,0.0,null],[98.4748,2.47025,0.0,null],[98.482,2.47025,0.0,null],[98.48201,2.46074,0.0,null],[98.4858,2.46074,0.0,null],[98.4858,2.4588,0.0,null],[98.49193,2.4588,0.0,null],[98.49194,2.46441,0.0,null],[98.50077,2.46442,0.0,null],[98.50076,2.46677,0.0,null],[98.51249,2.46676,0.0,null],[98.51249,2.46018,0.0,null],[98.51745,2.46019,0.0,null],[98.48756,2.3941,0.0,null],[98.49093,2.39282,0.0,null],[98.495,2.38674,0.0,null],[98.49886,2.3787,0.0,null],[98.5042,2.37254,0.0,null],[98.51489,2.36907,0.0,null],[98.52301,2.36385,0.0,null],[98.53415,2.36364,0.0,null],[98.54904,2.37007,0.0,null],[98.5602,2.35214,0.0,null],[98.56007,2.34646,0.0,null],[98.56885,2.34315,0.0,null],[98.57806,2.32689,0.0,null],[98.5913,2.31815,0.0,null],[98.59793,2.3104,0.0,null],[98.59646,2.29766,0.0,null],[98.59393,2.29014,0.0,null],[98.59706,2.28465,0.0,null],[98.60985,2.28228,0.0,null],[98.626,2.28294,0.0,null],[98.64105,2.27587,0.0,null],[98.64618,2.28468,0.0,null],[98.64719,2.28929,0.0,null],[98.646,2.29473,0.0,null],[98.64732,2.29762,0.0,null],[98.64774,2.30073,0.0,null],[98.64735,2.30376,0.0,null],[98.65005,2.30552,0.0,null],[98.65064,2.30798,0.0,null],[98.64954,2.31465,0.0,null],[98.64762,2.31624,0.0,null],[98.6442,2.32129,0.0,null],[98.64202,2.3233,0.0,null],[98.64129,2.32805,0.0,null],[98.63729,2.33372,0.0,null],[98.63885,2.33857,0.0,null],[98.62522,2.33874,0.0,null],[98.61758,2.34295,0.0,null],[98.61626,2.34453,0.0,null],[98.61658,2.3466,0.0,null],[98.61774,2.34834,0.0,null],[98.61835,2.35057,0.0,null],[98.61947,2.35132,0.0,null],[98.62079,2.36137,0.0,null],[98.62543,2.36746,0.0,null],[98.62842,2.36974,0.0,null],[98.63236,2.3642,0.0,null],[98.63644,2.36517,0.0,null],[98.63645,2.36922,0.0,null],[98.63795,2.36922,0.0,null],[98.65701,2.35238,0.0,null],[98.6585,2.35206,0.0,null],[98.66193,2.35255,0.0,null],[98.6676,2.34552,0.0,null],[98.67398,2.34035,0.0,null],[98.69371,2.3478,0.0,null],[98.69361,2.35077,0.0,null],[98.69622,2.36749,0.0,null],[98.70574,2.38625,0.0,null],[98.72501,2.39324,0.0,null],[98.74816,2.39428,0.0,null],[98.75686,2.39633,0.0,null],[98.76143,2.39071,0.0,null],[98.76178,2.37571,0.0,null],[98.75843,2.3683,0.0,null],[98.76103,2.36172,0.0,null],[98.78556,2.32549,0.0,null],[98.79262,2.32316,0.0,null],[98.80297,2.32858,0.0,null],[98.81336,2.34029,0.0,null],[98.81426,2.34591,0.0,null],[98.80817,2.35022,0.0,null],[98.80496,2.35793,0.0,null],[98.80077,2.38126,0.0,null],[98.79921,2.3946,0.0,null],[98.78694,2.40786,0.0,null],[98.78573,2.41636,0.0,null],[98.76958,2.4203,0.0,null],[98.76084,2.43745,0.0,null],[98.75329,2.44066,0.0,null],[98.74739,2.45024,0.0,null],[98.6623,2.50315,0.0,null],[98.6445,2.51603,0.0,null],[98.63302,2.52733,0.0,null],[98.62612,2.53157,0.0,null],[98.61097,2.53016,0.0,null],[98.60407,2.52736,0.0,null],[98.60196,2.51939,0.0,null],[98.59558,2.51657,0.0,null],[98.58021,2.51998,0.0,null],[98.56377,2.54139,0.0,null],[98.56146,2.53697,0.0,null],[98.55822,2.54122,0.0,null],[98.54812,2.54318,0.0,null],[98.54812,2.54963,0.0,null],[98.55065,2.55383,0.0,null],[98.55121,2.55916,0.0,null],[98.55065,2.56252,0.0,null],[98.54644,2.56673,0.0,null],[98.54278,2.56842,0.0,null],[98.53354,2.56953,0.0,null],[98.52289,2.57598,0.0,null],[98.51666,2.57891,0.0,null],[98.5167,2.58398,0.0,null],[98.50977,2.58769,0.0,null],[98.47676,2.59892,0.0,null],[98.46785,2.60529,0.0,null],[98.45305,2.60775,0.0,null],[98.44633,2.62312,0.0,null],[98.44272,2.62105,0.0,null],[98.4432,2.61902,0.0,null],[98.43987,2.61891,0.0,null],[98.43665,2.62032,0.0,null],[98.43266,2.61798,0.0,null],[98.42919,2.62571,0.0,null]]],[[[98.82397,2.21887,0.0,null],[98.81997,2.22942,0.0,null],[98.81307,2.23286,0.0,null],[98.8045,2.23081,0.0,null],[98.80033,2.21,0.0,null],[98.79589,2.20989,0.0,null],[98.78364,2.21561,0.0,null],[98.77494,2.21328,0.0,null],[98.76869,2.20886,0.0,null],[98.76281,2.20844,0.0,null],[98.75906,2.21145,0.0,null],[98.75558,2.21207,0.0,null],[98.75196,2.21479,0.0,null],[98.74683,2.20983,0.0,null],[98.73664,2.21167,0.0,null],[98.73322,2.20864,0.0,null],[98.73503,2.20269,0.0,null],[98.733,2.20217,0.0,null],[98.733,2.20161,0.0,null],[98.72786,2.19892,0.0,null],[98.70925,2.2009,0.0,null],[98.6983,2.19961,0.0,null],[98.69408,2.19281,0.0,null],[98.7041,2.1728,0.0,null],[98.74094,2.12087,0.0,null],[98.74572,2.12395,0.0,null],[98.74329,2.1435,0.0,null],[98.74966,2.14902,0.0,null],[98.75871,2.15295,0.0,null],[98.76591,2.14614,0.0,null],[98.76212,2.14226,0.0,null],[98.76477,2.13791,0.0,null],[98.78682,2.14233,0.0,null],[98.78957,2.14139,0.0,null],[98.79118,2.14264,0.0,null],[98.79112,2.14319,0.0,null],[98.79961,2.13597,0.0,null],[98.79934,2.13525,0.0,null],[98.80117,2.13171,0.0,null],[98.80223,2.1308,0.0,null],[98.79872,2.12564,0.0,null],[98.77851,2.11939,0.0,null],[98.77858,2.11114,0.0,null],[98.78865,2.10478,0.0,null],[98.80809,2.10293,0.0,null],[98.82704,2.08979,0.0,null],[98.8492,2.08141,0.0,null],[98.86393,2.07933,0.0,null],[98.87438,2.07119,0.0,null],[98.88052,2.05001,0.0,null],[98.87435,2.03867,0.0,null],[98.86583,2.03077,0.0,null],[98.82667,2.01916,0.0,null],[98.81138,2.00486,0.0,null],[98.79486,2.00284,0.0,null],[98.77319,2.00698,0.0,null],[98.71431,2.0072,0.0,null],[98.71044,1.99885,0.0,null],[98.70731,1.9573,0.0,null],[98.70868,1.93646,0.0,null],[98.71461,1.91926,0.0,null],[98.73416,1.91782,0.0,null],[98.75272,1.92253,0.0,null],[98.80612,1.95094,0.0,null],[98.83126,1.95771,0.0,null],[98.85035,1.95678,0.0,null],[98.8802,1.94797,0.0,null],[98.89417,1.9512,0.0,null],[98.9461,1.99782,0.0,null],[98.94762,2.00591,0.0,null],[98.94298,2.01132,0.0,null],[98.93691,2.0064,0.0,null],[98.93067,1.99592,0.0,null],[98.92301,1.99366,0.0,null],[98.91769,2.00046,0.0,null],[98.91772,2.01402,0.0,null],[98.89891,2.02729,0.0,null],[98.89662,2.03454,0.0,null],[98.90415,2.04205,0.0,null],[98.93474,2.05069,0.0,null],[98.92788,2.08867,0.0,null],[98.89293,2.15309,0.0,null],[98.87837,2.18322,0.0,null],[98.84863,2.22095,0.0,null],[98.83403,2.22226,0.0,null],[98.8243,2.218,0.0,null],[98.82397,2.21887,0.0,null]]],[[[99.26244,2.33501,0.0,null],[99.24974,2.34339,0.0,null],[99.23962,2.34861,0.0,null],[99.23598,2.34622,0.0,null],[99.23474,2.3401,0.0,null],[99.23514,2.33442,0.0,null],[99.23125,2.33565,0.0,null],[99.22095,2.33455,0.0,null],[99.19965,2.31904,0.0,null],[99.19411,2.31369,0.0,null],[99.19352,2.30843,0.0,null],[99.19552,2.30259,0.0,null],[99.20058,2.30251,0.0,null],[99.20286,2.30005,0.0,null],[99.20726,2.29175,0.0,null],[99.17456,2.29385,0.0,null],[99.16376,2.30085,0.0,null],[99.14741,2.29404,0.0,null],[99.14753,2.29062,0.0,null],[99.1315,2.2644,0.0,null],[99.12823,2.27241,0.0,null],[99.12307,2.27657,0.0,null],[99.11678,2.27889,0.0,null],[99.1111,2.2768,0.0,null],[99.11121,2.27527,0.0,null],[99.11547,2.26308,0.0,null],[99.11339,2.25847,0.0,null],[99.12419,2.25288,0.0,null],[99.12397,2.25101,0.0,null],[99.12637,2.24366,0.0,null],[99.13674,2.23356,0.0,null],[99.12708,2.2248,0.0,null],[99.10776,2.24114,0.0,null],[99.09676,2.22644,0.0,null],[99.09886,2.20065,0.0,null],[99.10486,2.19194,0.0,null],[99.12006,2.18305,0.0,null],[99.13418,2.15627,0.0,null],[99.14746,2.13755,0.0,null],[99.17595,2.13757,0.0,null],[99.18158,2.13091,0.0,null],[99.18274,2.13094,0.0,null],[99.20276,2.13215,0.0,null],[99.20836,2.14035,0.0,null],[99.22676,2.14145,0.0,null],[99.2373,2.13863,0.0,null],[99.2517,2.13878,0.0,null],[99.26266,2.14347,0.0,null],[99.25499,2.15808,0.0,null],[99.21662,2.19669,0.0,null],[99.20695,2.19636,0.0,null],[99.20735,2.20905,0.0,null],[99.22266,2.23065,0.0,null],[99.22486,2.24616,0.0,null],[99.24007,2.24893,0.0,null],[99.27338,2.26527,0.0,null],[99.27368,2.27288,0.0,null],[99.26963,2.27475,0.0,null],[99.26857,2.27627,0.0,null],[99.26555,2.27665,0.0,null],[99.27695,2.28695,0.0,null],[99.26825,2.29745,0.0,null],[99.28305,2.30245,0.0,null],[99.27765,2.31805,0.0,null],[99.29335,2.32825,0.0,null],[99.28505,2.33345,0.0,null],[99.27459,2.32581,0.0,null],[99.2715,2.32909,0.0,null],[99.26244,2.33501,0.0,null]],[[99.21706,2.16341,0.0,null],[99.21546,2.16693,0.0,null],[99.21315,2.16789,0.0,null],[99.21079,2.16999,0.0,null],[99.2112,2.17103,0.0,null],[99.21463,2.17296,0.0,null],[99.22159,2.17296,0.0,null],[99.22705,2.16935,0.0,null],[99.2282,2.16927,0.0,null],[99.23058,2.1677,0.0,null],[99.22845,2.16501,0.0,null],[99.22849,2.16238,0.0,null],[99.22671,2.16192,0.0,null],[99.22543,2.16062,0.0,null],[99.22434,2.16142,0.0,null],[99.22246,2.16131,0.0,null],[99.22163,2.16182,0.0,null],[99.22092,2.16518,0.0,null],[99.21986,2.16506,0.0,null],[99.21998,2.16363,0.0,null],[99.21706,2.16341,0.0,null]],[[99.22738,2.2697,0.0,null],[99.22968,2.26976,0.0,null],[99.23032,2.26797,0.0,null],[99.23287,2.26539,0.0,null],[99.23271,2.26223,0.0,null],[99.23199,2.26143,0.0,null],[99.23022,2.26076,0.0,null],[99.22827,2.26108,0.0,null],[99.22562,2.26027,0.0,null],[99.22282,2.26042,0.0,null],[99.22088,2.25864,0.0,null],[99.22068,2.25958,0.0,null],[99.2185,2.25704,0.0,null],[99.2161,2.25813,0.0,null],[99.21207,2.25837,0.0,null],[99.21063,2.26026,0.0,null],[99.21028,2.26159,0.0,null],[99.21076,2.26246,0.0,null],[99.21647,2.26362,0.0,null],[99.2174,2.2643,0.0,null],[99.22006,2.26386,0.0,null],[99.22323,2.26612,0.0,null],[99.22545,2.26909,0.0,null],[99.22738,2.2697,0.0,null]],[[99.23221,2.30308,0.0,null],[99.23263,2.30447,0.0,null],[99.23488,2.30253,0.0,null],[99.24161,2.30025,0.0,null],[99.24231,2.30048,0.0,null],[99.24364,2.29896,0.0,null],[99.24323,2.29673,0.0,null],[99.24207,2.29589,0.0,null],[99.23883,2.29553,0.0,null],[99.23524,2.29429,0.0,null],[99.23412,2.29316,0.0,null],[99.23154,2.29581,0.0,null],[99.23093,2.29555,0.0,null],[99.23019,2.29611,0.0,null],[99.23041,2.29752,0.0,null],[99.2295,2.29855,0.0,null],[99.22951,2.29932,0.0,null],[99.22846,2.29885,0.0,null],[99.2321,2.30234,0.0,null],[99.23162,2.30299,0.0,null],[99.23221,2.30308,0.0,null]],[[99.24635,2.31417,0.0,null],[99.24689,2.31545,0.0,null],[99.24632,2.31596,0.0,null],[99.24645,2.3176,0.0,null],[99.24569,2.31979,0.0,null],[99.24625,2.32183,0.0,null],[99.24725,2.32311,0.0,null],[99.2476,2.32536,0.0,null],[99.24872,2.32596,0.0,null],[99.25217,2.32492,0.0,null],[99.25517,2.32224,0.0,null],[99.25404,2.3212,0.0,null],[99.25301,2.31882,0.0,null],[99.25083,2.31727,0.0,null],[99.25116,2.31614,0.0,null],[99.25066,2.31535,0.0,null],[99.24849,2.31411,0.0,null],[99.24635,2.31417,0.0,null]]],[[[99.37983,1.56455,0.0,null],[99.37414,1.56499,0.0,null],[99.35641,1.56216,0.0,null],[99.34543,1.55902,0.0,null],[99.32511,1.5595,0.0,null],[99.30841,1.5641,0.0,null],[99.28267,1.5459,0.0,null],[99.27733,1.5179,0.0,null],[99.2587,1.50485,0.0,null],[99.23751,1.47526,0.0,null],[99.24004,1.4591,0.0,null],[99.24403,1.4424,0.0,null],[99.25222,1.42975,0.0,null],[99.26354,1.42805,0.0,null],[99.2719,1.43452,0.0,null],[99.28567,1.45401,0.0,null],[99.30067,1.47396,0.0,null],[99.3135,1.47215,0.0,null],[99.36744,1.43841,0.0,null],[99.37921,1.4537,0.0,null],[99.39732,1.46925,0.0,null],[99.40797,1.47008,0.0,null],[99.42839,1.46388,0.0,null],[99.4534,1.45153,0.0,null],[99.47161,1.43821,0.0,null],[99.50045,1.40618,0.0,null],[99.52433,1.4139,0.0,null],[99.54718,1.43721,0.0,null],[99.55503,1.44063,0.0,null],[99.54101,1.46629,0.0,null],[99.49691,1.45861,0.0,null],[99.47052,1.46354,0.0,null],[99.43957,1.47945,0.0,null],[99.41384,1.49925,0.0,null],[99.40189,1.49284,0.0,null],[99.39129,1.49083,0.0,null],[99.37427,1.50023,0.0,null],[99.35141,1.51806,0.0,null],[99.35166,1.52507,0.0,null],[99.38829,1.53887,0.0,null],[99.39653,1.5479,0.0,null],[99.39446,1.5587,0.0,null],[99.38853,1.56462,0.0,null],[99.37983,1.56455,0.0,null]],[[99.29697,1.51777,0.0,null],[99.29669,1.51805,0.0,null],[99.30185,1.52049,0.0,null],[99.30523,1.51979,0.0,null],[99.30767,1.51659,0.0,null],[99.31979,1.51857,0.0,null],[99.32636,1.5126,0.0,null],[99.30462,1.50631,0.0,null],[99.29697,1.51777,0.0,null]]],[[[99.03019,2.7811,0.0,null],[99.02911,2.78106,0.0,null],[99.02497,2.77841,0.0,null],[99.02228,2.77829,0.0,null],[99.01994,2.77645,0.0,null],[99.01945,2.77464,0.0,null],[99.01835,2.77397,0.0,null],[99.01876,2.77369,0.0,null],[99.0178,2.77257,0.0,null],[99.01777,2.77061,0.0,null],[99.01643,2.77035,0.0,null],[99.01495,2.7687,0.0,null],[99.01463,2.76703,0.0,null],[99.01401,2.76736,0.0,null],[99.01458,2.76783,0.0,null],[99.01407,2.76867,0.0,null],[99.0133,2.76738,0.0,null],[99.01217,2.767,0.0,null],[99.01023,2.7682,0.0,null],[99.00818,2.76708,0.0,null],[99.00693,2.76395,0.0,null],[99.00289,2.76179,0.0,null],[99.00273,2.76035,0.0,null],[99.00212,2.76062,0.0,null],[99.00154,2.75968,0.0,null],[99.00185,2.75834,0.0,null],[99.00141,2.75905,0.0,null],[99.00045,2.7586,0.0,null],[98.99952,2.75682,0.0,null],[99.0004,2.75566,0.0,null],[98.99929,2.75569,0.0,null],[98.9984,2.75653,0.0,null],[98.9968,2.75588,0.0,null],[98.99645,2.75515,0.0,null],[98.99481,2.75441,0.0,null],[98.99501,2.75364,0.0,null],[98.99322,2.75326,0.0,null],[98.99265,2.75188,0.0,null],[98.99069,2.75351,0.0,null],[98.98984,2.75278,0.0,null],[98.98761,2.75392,0.0,null],[98.98741,2.75451,0.0,null],[98.98637,2.75421,0.0,null],[98.98594,2.75461,0.0,null],[98.98601,2.75382,0.0,null],[98.98495,2.75323,0.0,null],[98.98449,2.7508,0.0,null],[98.98319,2.75019,0.0,null],[98.98197,2.75053,0.0,null],[98.98163,2.74926,0.0,null],[98.98068,2.74921,0.0,null],[98.97997,2.7477,0.0,null],[98.97895,2.74818,0.0,null],[98.97949,2.74958,0.0,null],[98.97855,2.74978,0.0,null],[98.97766,2.74806,0.0,null],[98.97513,2.74716,0.0,null],[98.97311,2.74776,0.0,null],[98.97303,2.74723,0.0,null],[98.9725,2.74773,0.0,null],[98.97274,2.74843,0.0,null],[98.97113,2.74793,0.0,null],[98.97051,2.74653,0.0,null],[98.97133,2.74562,0.0,null],[98.97033,2.74476,0.0,null],[98.97035,2.74402,0.0,null],[98.97177,2.74348,0.0,null],[98.97208,2.74245,0.0,null],[98.97013,2.74228,0.0,null],[98.96915,2.74041,0.0,null],[98.96979,2.74063,0.0,null],[98.97094,2.73943,0.0,null],[98.96914,2.7374,0.0,null],[98.96971,2.73725,0.0,null],[98.97023,2.73503,0.0,null],[98.97089,2.73476,0.0,null],[98.97127,2.73369,0.0,null],[98.97405,2.7327,0.0,null],[98.97496,2.73163,0.0,null],[98.97233,2.72951,0.0,null],[98.96977,2.7299,0.0,null],[98.96807,2.73202,0.0,null],[98.96677,2.73162,0.0,null],[98.96537,2.73239,0.0,null],[98.96383,2.73176,0.0,null],[98.96396,2.73062,0.0,null],[98.96302,2.72813,0.0,null],[98.96372,2.72775,0.0,null],[98.96487,2.72814,0.0,null],[98.96669,2.727,0.0,null],[98.96716,2.72578,0.0,null],[98.96846,2.7258,0.0,null],[98.96915,2.72525,0.0,null],[98.96793,2.72251,0.0,null],[98.96632,2.72169,0.0,null],[98.96523,2.72013,0.0,null],[98.96611,2.71743,0.0,null],[98.96554,2.71485,0.0,null],[98.96485,2.71384,0.0,null],[98.96306,2.71319,0.0,null],[98.9623,2.71155,0.0,null],[98.96087,2.71018,0.0,null],[98.9582,2.71029,0.0,null],[98.95547,2.71312,0.0,null],[98.9545,2.71228,0.0,null],[98.95504,2.71472,0.0,null],[98.95349,2.71831,0.0,null],[98.95389,2.71968,0.0,null],[98.95451,2.71952,0.0,null],[98.95518,2.7206,0.0,null],[98.95314,2.72315,0.0,null],[98.9532,2.70806,0.0,null],[98.9541,2.70549,0.0,null],[98.95573,2.70445,0.0,null],[98.96922,2.70289,0.0,null],[98.97206,2.7069,0.0,null],[98.97133,2.70636,0.0,null],[98.96929,2.70848,0.0,null],[98.97101,2.70929,0.0,null],[98.9712,2.71168,0.0,null],[98.9726,2.71365,0.0,null],[98.97662,2.7132,0.0,null],[98.97796,2.70902,0.0,null],[98.97735,2.70604,0.0,null],[98.97756,2.70385,0.0,null],[98.97901,2.70102,0.0,null],[98.98263,2.70059,0.0,null],[98.98963,2.69663,0.0,null],[98.99081,2.69352,0.0,null],[98.99264,2.692,0.0,null],[98.99527,2.68249,0.0,null],[98.99686,2.68153,0.0,null],[98.99842,2.68165,0.0,null],[99.02563,2.66767,0.0,null],[99.05263,2.6594,0.0,null],[99.07688,2.65724,0.0,null],[99.07806,2.65971,0.0,null],[99.07829,2.66196,0.0,null],[99.08158,2.66586,0.0,null],[99.093,2.66519,0.0,null],[99.09686,2.66683,0.0,null],[99.10203,2.66679,0.0,null],[99.11879,2.67095,0.0,null],[99.1304,2.67905,0.0,null],[99.13878,2.69195,0.0,null],[99.14231,2.69581,0.0,null],[99.14555,2.70387,0.0,null],[99.15131,2.71227,0.0,null],[99.15328,2.71838,0.0,null],[99.15358,2.73456,0.0,null],[99.15239,2.73208,0.0,null],[99.14387,2.72191,0.0,null],[99.14025,2.71937,0.0,null],[99.13579,2.71913,0.0,null],[99.13134,2.71729,0.0,null],[99.12571,2.71069,0.0,null],[99.12569,2.70901,0.0,null],[99.12805,2.70692,0.0,null],[99.12691,2.7026,0.0,null],[99.12784,2.70064,0.0,null],[99.12762,2.69936,0.0,null],[99.12905,2.69828,0.0,null],[99.12907,2.6976,0.0,null],[99.12801,2.69542,0.0,null],[99.12698,2.69477,0.0,null],[99.12636,2.69223,0.0,null],[99.12344,2.69157,0.0,null],[99.11917,2.68962,0.0,null],[99.1196,2.69076,0.0,null],[99.11916,2.69203,0.0,null],[99.11715,2.69445,0.0,null],[99.11635,2.69661,0.0,null],[99.11645,2.69787,0.0,null],[99.11576,2.69739,0.0,null],[99.11594,2.69833,0.0,null],[99.11446,2.70034,0.0,null],[99.11143,2.70214,0.0,null],[99.10619,2.70233,0.0,null],[99.10333,2.70451,0.0,null],[99.1038,2.70519,0.0,null],[99.10298,2.70528,0.0,null],[99.10414,2.70954,0.0,null],[99.10336,2.71046,0.0,null],[99.10395,2.71086,0.0,null],[99.10341,2.71148,0.0,null],[99.10472,2.71158,0.0,null],[99.10308,2.712,0.0,null],[99.10259,2.7129,0.0,null],[99.10214,2.71294,0.0,null],[99.10194,2.71211,0.0,null],[99.10087,2.71294,0.0,null],[99.10038,2.71362,0.0,null],[99.10176,2.71361,0.0,null],[99.10103,2.71479,0.0,null],[99.0996,2.71475,0.0,null],[99.09996,2.71381,0.0,null],[99.09921,2.71518,0.0,null],[99.09872,2.7148,0.0,null],[99.09795,2.7154,0.0,null],[99.09578,2.71499,0.0,null],[99.09577,2.71304,0.0,null],[99.09525,2.71339,0.0,null],[99.0949,2.71225,0.0,null],[99.09413,2.71408,0.0,null],[99.09362,2.71418,0.0,null],[99.09029,2.71137,0.0,null],[99.08965,2.7119,0.0,null],[99.08802,2.71188,0.0,null],[99.08836,2.71129,0.0,null],[99.08688,2.71122,0.0,null],[99.08601,2.71208,0.0,null],[99.08707,2.71273,0.0,null],[99.08789,2.71447,0.0,null],[99.08783,2.71569,0.0,null],[99.08679,2.71567,0.0,null],[99.08712,2.71641,0.0,null],[99.08634,2.71665,0.0,null],[99.08623,2.71578,0.0,null],[99.08472,2.71557,0.0,null],[99.08395,2.71694,0.0,null],[99.08206,2.71718,0.0,null],[99.08145,2.71914,0.0,null],[99.08191,2.7208,0.0,null],[99.0814,2.72211,0.0,null],[99.0835,2.72311,0.0,null],[99.0827,2.72421,0.0,null],[99.08313,2.72603,0.0,null],[99.08268,2.72668,0.0,null],[99.08256,2.72575,0.0,null],[99.08187,2.72565,0.0,null],[99.08196,2.72652,0.0,null],[99.08095,2.72581,0.0,null],[99.08112,2.72519,0.0,null],[99.08035,2.72431,0.0,null],[99.08017,2.72487,0.0,null],[99.07958,2.7242,0.0,null],[99.07547,2.72989,0.0,null],[99.07382,2.73075,0.0,null],[99.07198,2.73035,0.0,null],[99.07058,2.73106,0.0,null],[99.06921,2.73225,0.0,null],[99.06995,2.7331,0.0,null],[99.06918,2.73361,0.0,null],[99.06526,2.73385,0.0,null],[99.06543,2.7351,0.0,null],[99.0678,2.73728,0.0,null],[99.06698,2.73851,0.0,null],[99.06803,2.74173,0.0,null],[99.06878,2.74215,0.0,null],[99.06819,2.74385,0.0,null],[99.06945,2.74503,0.0,null],[99.0716,2.74445,0.0,null],[99.07225,2.74533,0.0,null],[99.07474,2.74607,0.0,null],[99.07413,2.74725,0.0,null],[99.07445,2.75035,0.0,null],[99.03407,2.74984,0.0,null],[99.03406,2.76147,0.0,null],[99.03299,2.76132,0.0,null],[99.03243,2.76239,0.0,null],[99.0339,2.7638,0.0,null],[99.03411,2.76474,0.0,null],[99.03134,2.76408,0.0,null],[99.03034,2.76496,0.0,null],[99.029,2.76506,0.0,null],[99.02817,2.76652,0.0,null],[99.02746,2.7666,0.0,null],[99.02874,2.76925,0.0,null],[99.03072,2.77085,0.0,null],[99.03296,2.77142,0.0,null],[99.03327,2.77277,0.0,null],[99.03577,2.77431,0.0,null],[99.03588,2.77505,0.0,null],[99.03458,2.77507,0.0,null],[99.03351,2.77353,0.0,null],[99.03425,2.77556,0.0,null],[99.03381,2.7757,0.0,null],[99.03291,2.77412,0.0,null],[99.03217,2.77396,0.0,null],[99.03276,2.77528,0.0,null],[99.03212,2.7756,0.0,null],[99.03184,2.77478,0.0,null],[99.03159,2.77633,0.0,null],[99.03258,2.77759,0.0,null],[99.0308,2.77811,0.0,null],[99.0304,2.78016,0.0,null],[99.03113,2.78069,0.0,null],[99.03019,2.7811,0.0,null]],[[99.00388,2.74455,0.0,null],[99.0042,2.74495,0.0,null],[99.00522,2.74421,0.0,null],[99.00331,2.74198,0.0,null],[99.00351,2.74117,0.0,null],[99.00443,2.73977,0.0,null],[99.00582,2.73894,0.0,null],[99.00355,2.73686,0.0,null],[99.00353,2.73412,0.0,null],[99.00247,2.73295,0.0,null],[99.00238,2.73129,0.0,null],[99.00171,2.73077,0.0,null],[99.00216,2.72996,0.0,null],[99.00168,2.72875,0.0,null],[99.00099,2.72841,0.0,null],[98.99998,2.72919,0.0,null],[98.99857,2.72835,0.0,null],[98.99841,2.72767,0.0,null],[98.99555,2.72639,0.0,null],[98.99405,2.7247,0.0,null],[98.99324,2.72558,0.0,null],[98.99174,2.72596,0.0,null],[98.99208,2.72843,0.0,null],[98.99416,2.7288,0.0,null],[98.99285,2.73085,0.0,null],[98.99353,2.73168,0.0,null],[98.99317,2.73283,0.0,null],[98.99438,2.7318,0.0,null],[98.99733,2.73409,0.0,null],[98.99731,2.73544,0.0,null],[98.998,2.73564,0.0,null],[98.99829,2.73735,0.0,null],[99.00087,2.74151,0.0,null],[99.00096,2.74304,0.0,null],[99.00244,2.7443,0.0,null],[99.00258,2.7437,0.0,null],[99.00388,2.74455,0.0,null]]],[[[98.86298,2.80564,0.0,null],[98.86281,2.80601,0.0,null],[98.86109,2.80484,0.0,null],[98.85888,2.80197,0.0,null],[98.85336,2.80061,0.0,null],[98.85111,2.80089,0.0,null],[98.8485,2.79639,0.0,null],[98.84723,2.79563,0.0,null],[98.847,2.79462,0.0,null],[98.84596,2.79372,0.0,null],[98.84622,2.7947,0.0,null],[98.84555,2.79522,0.0,null],[98.84513,2.79472,0.0,null],[98.84329,2.79485,0.0,null],[98.84356,2.7967,0.0,null],[98.84115,2.79516,0.0,null],[98.84055,2.7952,0.0,null],[98.83979,2.79639,0.0,null],[98.8397,2.79444,0.0,null],[98.83761,2.79395,0.0,null],[98.83726,2.79488,0.0,null],[98.83608,2.79566,0.0,null],[98.83052,2.79843,0.0,null],[98.82937,2.79836,0.0,null],[98.82905,2.79917,0.0,null],[98.82581,2.80062,0.0,null],[98.82469,2.79942,0.0,null],[98.82283,2.7994,0.0,null],[98.82159,2.80023,0.0,null],[98.82042,2.80021,0.0,null],[98.81882,2.80184,0.0,null],[98.81733,2.80146,0.0,null],[98.8162,2.80003,0.0,null],[98.81623,2.79882,0.0,null],[98.81532,2.79737,0.0,null],[98.81546,2.79601,0.0,null],[98.81443,2.7946,0.0,null],[98.81394,2.79196,0.0,null],[98.8153,2.78904,0.0,null],[98.81589,2.78869,0.0,null],[98.81766,2.78917,0.0,null],[98.81809,2.78994,0.0,null],[98.8187,2.78934,0.0,null],[98.81807,2.7878,0.0,null],[98.81856,2.78727,0.0,null],[98.82055,2.78707,0.0,null],[98.82107,2.78669,0.0,null],[98.8209,2.78565,0.0,null],[98.82299,2.78524,0.0,null],[98.82215,2.7844,0.0,null],[98.82024,2.7845,0.0,null],[98.82035,2.78325,0.0,null],[98.82239,2.78211,0.0,null],[98.82253,2.78078,0.0,null],[98.82466,2.78196,0.0,null],[98.82499,2.78148,0.0,null],[98.8253,2.78179,0.0,null],[98.82522,2.78112,0.0,null],[98.82794,2.78139,0.0,null],[98.82998,2.7802,0.0,null],[98.83204,2.78021,0.0,null],[98.83192,2.77964,0.0,null],[98.83425,2.77766,0.0,null],[98.83418,2.77512,0.0,null],[98.83587,2.77402,0.0,null],[98.83695,2.77422,0.0,null],[98.83748,2.77493,0.0,null],[98.83634,2.77273,0.0,null],[98.83642,2.77148,0.0,null],[98.83709,2.77083,0.0,null],[98.83643,2.76797,0.0,null],[98.83915,2.76229,0.0,null],[98.83862,2.76177,0.0,null],[98.83885,2.76038,0.0,null],[98.84081,2.75882,0.0,null],[98.84072,2.75761,0.0,null],[98.84248,2.75538,0.0,null],[98.84394,2.75545,0.0,null],[98.84519,2.75402,0.0,null],[98.84694,2.75335,0.0,null],[98.84909,2.75476,0.0,null],[98.85018,2.75287,0.0,null],[98.8516,2.75322,0.0,null],[98.85363,2.75283,0.0,null],[98.85996,2.75009,0.0,null],[98.86256,2.74964,0.0,null],[98.86322,2.74826,0.0,null],[98.87374,2.744,0.0,null],[98.87679,2.74348,0.0,null],[98.87833,2.74452,0.0,null],[98.88245,2.74247,0.0,null],[98.88336,2.74131,0.0,null],[98.88506,2.74149,0.0,null],[98.88441,2.74023,0.0,null],[98.88525,2.73975,0.0,null],[98.88554,2.73708,0.0,null],[98.88833,2.73567,0.0,null],[98.89438,2.72927,0.0,null],[98.89615,2.72879,0.0,null],[98.89679,2.72778,0.0,null],[98.90174,2.72577,0.0,null],[98.90329,2.7246,0.0,null],[98.90861,2.72457,0.0,null],[98.91047,2.72398,0.0,null],[98.91087,2.72277,0.0,null],[98.91207,2.72239,0.0,null],[98.91723,2.72214,0.0,null],[98.9185,2.72138,0.0,null],[98.92053,2.72117,0.0,null],[98.921,2.7219,0.0,null],[98.92165,2.72123,0.0,null],[98.92347,2.72187,0.0,null],[98.92327,2.7232,0.0,null],[98.9242,2.72358,0.0,null],[98.92511,2.72296,0.0,null],[98.92557,2.72419,0.0,null],[98.92667,2.72466,0.0,null],[98.92807,2.72392,0.0,null],[98.93011,2.72536,0.0,null],[98.93157,2.72481,0.0,null],[98.93186,2.72549,0.0,null],[98.93297,2.72501,0.0,null],[98.93373,2.72384,0.0,null],[98.93492,2.72608,0.0,null],[98.93802,2.72838,0.0,null],[98.94038,2.72344,0.0,null],[98.94125,2.72312,0.0,null],[98.9453,2.72582,0.0,null],[98.94423,2.72632,0.0,null],[98.94497,2.72696,0.0,null],[98.94705,2.72749,0.0,null],[98.9471,2.72879,0.0,null],[98.9495,2.72988,0.0,null],[98.95089,2.72981,0.0,null],[98.95327,2.73169,0.0,null],[98.95039,2.73236,0.0,null],[98.95062,2.73344,0.0,null],[98.94842,2.73559,0.0,null],[98.94834,2.7371,0.0,null],[98.94699,2.73823,0.0,null],[98.94777,2.73941,0.0,null],[98.94747,2.74016,0.0,null],[98.94849,2.74075,0.0,null],[98.9473,2.74151,0.0,null],[98.94689,2.74448,0.0,null],[98.94761,2.74553,0.0,null],[98.94787,2.74749,0.0,null],[98.94872,2.74852,0.0,null],[98.95036,2.74924,0.0,null],[98.95039,2.74966,0.0,null],[98.94936,2.7494,0.0,null],[98.94957,2.75009,0.0,null],[98.95068,2.75114,0.0,null],[98.95219,2.75003,0.0,null],[98.95337,2.75247,0.0,null],[98.95025,2.75176,0.0,null],[98.94917,2.75087,0.0,null],[98.94803,2.75276,0.0,null],[98.94803,2.7537,0.0,null],[98.94733,2.7541,0.0,null],[98.94986,2.75619,0.0,null],[98.95212,2.75641,0.0,null],[98.95278,2.75722,0.0,null],[98.95368,2.75904,0.0,null],[98.95343,2.76106,0.0,null],[98.95382,2.76114,0.0,null],[98.95231,2.76282,0.0,null],[98.9529,2.76925,0.0,null],[98.95712,2.7729,0.0,null],[98.96036,2.77452,0.0,null],[98.96033,2.77877,0.0,null],[98.95932,2.77791,0.0,null],[98.95851,2.77926,0.0,null],[98.95728,2.77881,0.0,null],[98.95609,2.77764,0.0,null],[98.95613,2.77582,0.0,null],[98.95513,2.7752,0.0,null],[98.95465,2.77582,0.0,null],[98.95503,2.77778,0.0,null],[98.95352,2.77641,0.0,null],[98.95299,2.77779,0.0,null],[98.95102,2.7776,0.0,null],[98.9504,2.7769,0.0,null],[98.94781,2.77612,0.0,null],[98.94703,2.77461,0.0,null],[98.94573,2.774,0.0,null],[98.94562,2.77297,0.0,null],[98.94454,2.77173,0.0,null],[98.94482,2.77078,0.0,null],[98.94367,2.76649,0.0,null],[98.94361,2.76728,0.0,null],[98.94297,2.76685,0.0,null],[98.94309,2.76763,0.0,null],[98.94239,2.76763,0.0,null],[98.94288,2.76869,0.0,null],[98.9425,2.76942,0.0,null],[98.94137,2.76781,0.0,null],[98.94163,2.76717,0.0,null],[98.94117,2.76733,0.0,null],[98.94058,2.76624,0.0,null],[98.93864,2.76518,0.0,null],[98.93881,2.76364,0.0,null],[98.93668,2.76272,0.0,null],[98.93736,2.76192,0.0,null],[98.93673,2.7611,0.0,null],[98.93535,2.76168,0.0,null],[98.93395,2.76109,0.0,null],[98.93367,2.76227,0.0,null],[98.93311,2.76217,0.0,null],[98.93258,2.76292,0.0,null],[98.93156,2.76025,0.0,null],[98.93088,2.76066,0.0,null],[98.93004,2.76003,0.0,null],[98.93033,2.75961,0.0,null],[98.92935,2.75796,0.0,null],[98.92745,2.75848,0.0,null],[98.92631,2.75835,0.0,null],[98.9261,2.75785,0.0,null],[98.92578,2.7593,0.0,null],[98.92329,2.75855,0.0,null],[98.92243,2.75571,0.0,null],[98.92073,2.75519,0.0,null],[98.91725,2.75169,0.0,null],[98.91678,2.75192,0.0,null],[98.91608,2.75125,0.0,null],[98.91652,2.75067,0.0,null],[98.91545,2.74699,0.0,null],[98.91403,2.74643,0.0,null],[98.91354,2.74841,0.0,null],[98.91258,2.74653,0.0,null],[98.91208,2.74887,0.0,null],[98.91093,2.74957,0.0,null],[98.90861,2.74992,0.0,null],[98.90622,2.7491,0.0,null],[98.90587,2.74996,0.0,null],[98.90499,2.75011,0.0,null],[98.90276,2.75294,0.0,null],[98.90209,2.75568,0.0,null],[98.89929,2.75636,0.0,null],[98.89869,2.75578,0.0,null],[98.89754,2.75598,0.0,null],[98.89848,2.7581,0.0,null],[98.89685,2.75797,0.0,null],[98.89689,2.75952,0.0,null],[98.89561,2.76063,0.0,null],[98.89513,2.76064,0.0,null],[98.89452,2.75911,0.0,null],[98.89413,2.75982,0.0,null],[98.89337,2.75968,0.0,null],[98.89403,2.75852,0.0,null],[98.89359,2.75824,0.0,null],[98.89298,2.75851,0.0,null],[98.89265,2.75936,0.0,null],[98.89302,2.76,0.0,null],[98.89221,2.76076,0.0,null],[98.89102,2.76024,0.0,null],[98.89004,2.76235,0.0,null],[98.88973,2.76634,0.0,null],[98.89161,2.76587,0.0,null],[98.89233,2.76675,0.0,null],[98.89396,2.76651,0.0,null],[98.89432,2.76769,0.0,null],[98.89627,2.7696,0.0,null],[98.89392,2.77417,0.0,null],[98.89166,2.77504,0.0,null],[98.89059,2.77263,0.0,null],[98.88744,2.77093,0.0,null],[98.88754,2.77221,0.0,null],[98.88668,2.77284,0.0,null],[98.8878,2.77411,0.0,null],[98.88594,2.77527,0.0,null],[98.88615,2.77626,0.0,null],[98.88518,2.77555,0.0,null],[98.88511,2.7747,0.0,null],[98.88363,2.77424,0.0,null],[98.88342,2.77369,0.0,null],[98.88278,2.77365,0.0,null],[98.88157,2.77524,0.0,null],[98.88144,2.77645,0.0,null],[98.88327,2.77879,0.0,null],[98.88202,2.78041,0.0,null],[98.88387,2.78175,0.0,null],[98.88433,2.78307,0.0,null],[98.88591,2.78286,0.0,null],[98.88587,2.78236,0.0,null],[98.88748,2.78101,0.0,null],[98.88787,2.78185,0.0,null],[98.88947,2.78143,0.0,null],[98.89169,2.78248,0.0,null],[98.89151,2.78331,0.0,null],[98.89253,2.78383,0.0,null],[98.89273,2.78501,0.0,null],[98.89388,2.78443,0.0,null],[98.89419,2.78547,0.0,null],[98.89593,2.7846,0.0,null],[98.89707,2.78476,0.0,null],[98.89736,2.78607,0.0,null],[98.89561,2.78735,0.0,null],[98.89506,2.78874,0.0,null],[98.89387,2.78881,0.0,null],[98.89408,2.79064,0.0,null],[98.89058,2.79143,0.0,null],[98.89014,2.79342,0.0,null],[98.88675,2.79522,0.0,null],[98.88617,2.79502,0.0,null],[98.88468,2.79841,0.0,null],[98.88041,2.79948,0.0,null],[98.87942,2.79631,0.0,null],[98.87883,2.79634,0.0,null],[98.87899,2.79773,0.0,null],[98.8779,2.79765,0.0,null],[98.87792,2.79838,0.0,null],[98.87519,2.79702,0.0,null],[98.87449,2.79789,0.0,null],[98.8768,2.79923,0.0,null],[98.87602,2.80097,0.0,null],[98.87293,2.80023,0.0,null],[98.87173,2.80092,0.0,null],[98.87066,2.80064,0.0,null],[98.87106,2.80187,0.0,null],[98.86979,2.80142,0.0,null],[98.869,2.80323,0.0,null],[98.8672,2.80446,0.0,null],[98.86708,2.80507,0.0,null],[98.86634,2.8049,0.0,null],[98.86618,2.8054,0.0,null],[98.86286,2.80497,0.0,null],[98.86298,2.80564,0.0,null]]],[[[99.47173,1.28433,0.0,null],[99.48261,1.29973,0.0,null],[99.5017,1.30658,0.0,null],[99.5059,1.31612,0.0,null],[99.49834,1.33152,0.0,null],[99.47194,1.35087,0.0,null],[99.45988,1.37036,0.0,null],[99.45472,1.39217,0.0,null],[99.43501,1.40079,0.0,null],[99.41519,1.41587,0.0,null],[99.41058,1.4096,0.0,null],[99.42111,1.38319,0.0,null],[99.43382,1.3569,0.0,null],[99.45253,1.29061,0.0,null],[99.4664,1.2645,0.0,null],[99.47173,1.28433,0.0,null]]]]}},{"type":"Feature","properties":{"inventoryId":"big-forestry-hti:201","sector":"PBPH","subtype":"IUPHHK-HTI","quality":"OFFICIAL","sourceDataset":"big-forestry-hti","sourceRecordId":"201","source":"BIG Kebijakan Satu Peta","sourceUrl":"https://kspservices.big.go.id/satupeta/rest/services/PUBLIK/PERIZINAN_DAN_PERTANAHAN/MapServer/2","retrievedAt":"2026-08-24T04:22:31Z","geometryProcessing":"web display simplification tolerance 0.00035 degrees","name":"PT TRI PUPAJAYA","permitNumber":"SK.583/Menhut-II/2009","permitDate":"2009-10-02","areaHa":21995.0,"provinceCode":"16","region":"sumatra"},"geometry":{"type":"Polygon","coordinates":[[[104.23267,-1.84889,0.0,null],[104.23181,-1.84379,0.0,null],[104.23047,-1.84109,0.0,null],[104.22976,-1.83624,0.0,null],[104.22867,-1.83352,0.0,null],[104.22785,-1.83321,0.0,null],[104.22331,-1.82645,0.0,null],[104.2155,-1.8171,0.0,null],[104.21307,-1.80834,0.0,null],[104.21365,-1.79916,0.0,null],[104.2128,-1.79844,0.0,null],[104.21417,-1.79022,0.0,null],[104.21211,-1.77942,0.0,null],[104.21171,-1.77312,0.0,null],[104.21205,-1.76911,0.0,null],[104.21086,-1.75988,0.0,null],[104.21612,-1.72768,0.0,null],[104.2164,-1.71903,0.0,null],[104.21834,-1.70018,0.0,null],[104.21901,-1.69768,0.0,null],[104.21884,-1.68986,0.0,null],[104.13518,-1.71504,0.0,null],[104.13544,-1.72686,0.0,null],[104.13766,-1.73932,0.0,null],[104.14881,-1.76796,0.0,null],[104.1578,-1.78254,0.0,null],[104.16022,-1.79124,0.0,null],[104.16026,-1.79575,0.0,null],[104.16149,-1.80287,0.0,null],[104.16142,-1.82367,0.0,null],[104.16076,-1.83359,0.0,null],[104.16128,-1.8496,0.0,null],[104.17902,-1.84945,0.0,null],[104.18423,-1.85518,0.0,null],[104.19431,-1.86282,0.0,null],[104.20592,-1.86599,0.0,null],[104.21033,-1.86938,0.0,null],[104.21597,-1.87866,0.0,null],[104.21954,-1.88267,0.0,null],[104.22502,-1.88334,0.0,null],[104.22883,-1.88232,0.0,null],[104.23426,-1.87932,0.0,null],[104.23495,-1.88321,0.0,null],[104.22258,-1.94175,0.0,null],[104.26202,-1.94119,0.0,null],[104.26389,-1.94445,0.0,null],[104.26615,-1.9539,0.0,null],[104.26922,-1.95541,0.0,null],[104.27307,-1.96108,0.0,null],[104.27263,-1.96422,0.0,null],[104.27029,-1.96609,0.0,null],[104.26691,-1.9669,0.0,null],[104.26584,-1.96857,0.0,null],[104.26848,-1.97208,0.0,null],[104.27264,-1.97121,0.0,null],[104.27508,-1.97277,0.0,null],[104.27636,-1.97557,0.0,null],[104.2756,-1.97589,0.0,null],[104.27859,-1.97877,0.0,null],[104.28171,-1.98053,0.0,null],[104.28432,-1.98102,0.0,null],[104.28977,-1.98705,0.0,null],[104.29793,-1.99896,0.0,null],[104.30612,-2.00857,0.0,null],[104.32086,-2.02316,0.0,null],[104.32966,-2.02805,0.0,null],[104.33746,-2.02829,0.0,null],[104.34289,-2.03092,0.0,null],[104.36449,-2.01347,0.0,null],[104.35435,-1.99125,0.0,null],[104.35405,-1.96246,0.0,null],[104.33063,-1.96202,0.0,null],[104.32563,-1.94548,0.0,null],[104.30587,-1.94599,0.0,null],[104.28817,-1.94263,0.0,null],[104.27836,-1.9381,0.0,null],[104.27678,-1.93695,0.0,null],[104.27508,-1.93656,0.0,null],[104.26757,-1.92645,0.0,null],[104.253,-1.91592,0.0,null],[104.2494,-1.91406,0.0,null],[104.24111,-1.90178,0.0,null],[104.24018,-1.89544,0.0,null],[104.23751,-1.88513,0.0,null],[104.23742,-1.85925,0.0,null],[104.23638,-1.85651,0.0,null],[104.23422,-1.85377,0.0,null],[104.23267,-1.84889,0.0,null]]]}},{"type":"Feature","properties":{"inventoryId":"big-forestry-hti:252","sector":"PBPH","subtype":"IUPHHK-HTI","quality":"OFFICIAL","sourceDataset":"big-forestry-hti","sourceRecordId":"252","source":"BIG Kebijakan Satu Peta","sourceUrl":"https://kspservices.big.go.id/satupeta/rest/services/PUBLIK/PERIZINAN_DAN_PERTANAHAN/MapServer/2","retrievedAt":"2026-08-24T04:22:31Z","geometryProcessing":"web display simplification tolerance 0.00035 degrees","name":"PT TRIOMAS FDI","permitNumber":"SK.522.21/IUPHHK-HTI/I/2003/012","permitDate":"2003-01-29","areaHa":9625.0,"provinceCode":"14","region":"sumatra"},"geometry":{"type":"Polygon","coordinates":[[[102.89251,0.70063,0.0,null],[102.88573,0.69977,0.0,null],[102.88152,0.69817,0.0,null],[102.87876,0.69586,0.0,null],[102.86784,0.66766,0.0,null],[102.93144,0.54009,0.0,null],[102.96763,0.61478,0.0,null],[102.91922,0.68787,0.0,null],[102.89987,0.69976,0.0,null],[102.89689,0.70047,0.0,null],[102.89251,0.70063,0.0,null]]]}},{"type":"Feature","properties":{"inventoryId":"big-forestry-hti:186","sector":"PBPH","subtype":"IUPHHK-HTI","quality":"OFFICIAL","sourceDataset":"big-forestry-hti","sourceRecordId":"186","source":"BIG Kebijakan Satu Peta","sourceUrl":"https://kspservices.big.go.id/satupeta/rest/services/PUBLIK/PERIZINAN_DAN_PERTANAHAN/MapServer/2","retrievedAt":"2026-08-24T04:22:31Z","geometryProcessing":"web display simplification tolerance 0.00035 degrees","name":"PT TUAH NEGERI","permitNumber":"SK.215/Menhut-II/2007","permitDate":"2007-05-28","areaHa":1480.0,"provinceCode":"14","region":"sumatra"},"geometry":{"type":"Polygon","coordinates":[[[101.97276,0.49764,0.0,null],[102.00108,0.55966,0.0,null],[101.96509,0.55715,0.0,null],[101.96523,0.5426,0.0,null],[101.96739,0.53627,0.0,null],[101.96681,0.51322,0.0,null],[101.96077,0.49954,0.0,null],[101.97148,0.49484,0.0,null],[101.97276,0.49764,0.0,null]]]}},{"type":"Feature","properties":{"inventoryId":"big-forestry-hti:160","sector":"PBPH","subtype":"IUPHHK-HTI","quality":"OFFICIAL","sourceDataset":"big-forestry-hti","sourceRecordId":"160","source":"BIG Kebijakan Satu Peta","sourceUrl":"https://kspservices.big.go.id/satupeta/rest/services/PUBLIK/PERIZINAN_DAN_PERTANAHAN/MapServer/2","retrievedAt":"2026-08-24T04:22:31Z","geometryProcessing":"web display simplification tolerance 0.00035 degrees","name":"PT TUSAM HUTANI LESTARI","permitNumber":"556/Kpts-II/1997","permitDate":"1997-09-01","areaHa":97300.0,"provinceCode":"11","region":"sumatra"},"geometry":{"type":"MultiPolygon","coordinates":[[[[97.1525,4.50204,0.0,null],[97.0932,4.49735,0.0,null],[97.07516,4.45943,0.0,null],[96.97911,4.49924,0.0,null],[96.84551,4.49377,0.0,null],[96.83865,4.49554,0.0,null],[96.83637,4.49494,0.0,null],[96.83209,4.49148,0.0,null],[96.83115,4.48956,0.0,null],[96.82668,4.48419,0.0,null],[96.81664,4.47815,0.0,null],[96.81691,4.47381,0.0,null],[96.81976,4.45363,0.0,null],[96.82097,4.44877,0.0,null],[96.8494,4.43967,0.0,null],[96.85263,4.44494,0.0,null],[96.85795,4.45089,0.0,null],[96.86718,4.4558,0.0,null],[96.8769,4.45985,0.0,null],[96.88607,4.46074,0.0,null],[96.88869,4.45994,0.0,null],[96.89099,4.4615,0.0,null],[96.8927,4.46112,0.0,null],[96.89492,4.45921,0.0,null],[96.89824,4.46287,0.0,null],[96.90105,4.46226,0.0,null],[96.90513,4.46271,0.0,null],[96.90641,4.4619,0.0,null],[96.90789,4.46181,0.0,null],[96.91204,4.46788,0.0,null],[96.91544,4.46729,0.0,null],[96.91711,4.46602,0.0,null],[96.91781,4.4643,0.0,null],[96.92183,4.46224,0.0,null],[96.92188,4.46127,0.0,null],[96.92552,4.4616,0.0,null],[96.92684,4.46077,0.0,null],[96.92804,4.46081,0.0,null],[96.92999,4.46265,0.0,null],[96.93686,4.46299,0.0,null],[96.93832,4.46359,0.0,null],[96.93926,4.46475,0.0,null],[96.94089,4.4651,0.0,null],[96.94252,4.46419,0.0,null],[96.9464,4.46537,0.0,null],[96.94802,4.4652,0.0,null],[96.94901,4.46584,0.0,null],[96.95099,4.46497,0.0,null],[96.95326,4.46555,0.0,null],[96.9542,4.46413,0.0,null],[96.95792,4.4644,0.0,null],[96.95885,4.46533,0.0,null],[96.96098,4.46497,0.0,null],[96.96156,4.4662,0.0,null],[96.96321,4.46667,0.0,null],[96.96669,4.46568,0.0,null],[96.9682,4.46728,0.0,null],[96.96965,4.46689,0.0,null],[96.97131,4.4679,0.0,null],[96.97292,4.46747,0.0,null],[96.97443,4.46575,0.0,null],[96.98149,4.46303,0.0,null],[96.98281,4.4632,0.0,null],[96.98496,4.46198,0.0,null],[96.99053,4.46191,0.0,null],[96.99027,4.46139,0.0,null],[96.99245,4.45749,0.0,null],[96.99188,4.45567,0.0,null],[96.98989,4.4527,0.0,null],[96.98809,4.44782,0.0,null],[96.98135,4.43574,0.0,null],[96.97375,4.42845,0.0,null],[96.97203,4.42768,0.0,null],[96.96849,4.42742,0.0,null],[96.9687,4.42508,0.0,null],[96.97291,4.41916,0.0,null],[96.97587,4.41755,0.0,null],[96.98475,4.41489,0.0,null],[96.99752,4.41435,0.0,null],[97.00362,4.41638,0.0,null],[97.00772,4.41639,0.0,null],[97.01707,4.41239,0.0,null],[97.02003,4.41049,0.0,null],[97.02166,4.4082,0.0,null],[97.02493,4.40625,0.0,null],[97.0254,4.40511,0.0,null],[97.02662,4.40426,0.0,null],[97.02844,4.3997,0.0,null],[97.0314,4.39981,0.0,null],[97.03311,4.3967,0.0,null],[97.03576,4.39595,0.0,null],[97.03978,4.39344,0.0,null],[97.04149,4.39353,0.0,null],[97.04187,4.39408,0.0,null],[97.0821,4.38944,0.0,null],[97.12097,4.30703,0.0,null],[97.14062,4.29492,0.0,null],[97.19301,4.33724,0.0,null],[97.16246,4.35272,0.0,null],[97.13996,4.34301,0.0,null],[97.14079,4.33946,0.0,null],[97.13736,4.33565,0.0,null],[97.13715,4.33378,0.0,null],[97.1383,4.33199,0.0,null],[97.14238,4.33063,0.0,null],[97.14253,4.32841,0.0,null],[97.14075,4.32546,0.0,null],[97.13876,4.31943,0.0,null],[97.13655,4.31813,0.0,null],[97.1329,4.3192,0.0,null],[97.13183,4.31905,0.0,null],[97.13134,4.31489,0.0,null],[97.13112,4.31439,0.0,null],[97.13019,4.31438,0.0,null],[97.12869,4.31668,0.0,null],[97.12775,4.31976,0.0,null],[97.12488,4.32241,0.0,null],[97.12459,4.32765,0.0,null],[97.12694,4.33074,0.0,null],[97.12851,4.33081,0.0,null],[97.13065,4.33197,0.0,null],[97.13094,4.33319,0.0,null],[97.1295,4.33505,0.0,null],[97.12678,4.33598,0.0,null],[97.12091,4.33941,0.0,null],[97.11868,4.34514,0.0,null],[97.11703,4.34722,0.0,null],[97.11621,4.3515,0.0,null],[97.11258,4.35496,0.0,null],[97.11271,4.35884,0.0,null],[97.11106,4.36099,0.0,null],[97.1107,4.36378,0.0,null],[97.10933,4.36586,0.0,null],[97.10976,4.36866,0.0,null],[97.11687,4.37315,0.0,null],[97.11782,4.37566,0.0,null],[97.10794,4.3813,0.0,null],[97.107,4.38302,0.0,null],[97.10609,4.38763,0.0,null],[97.10306,4.38803,0.0,null],[97.10155,4.39119,0.0,null],[97.10062,4.39133,0.0,null],[97.09969,4.38896,0.0,null],[97.09848,4.38888,0.0,null],[97.09769,4.39017,0.0,null],[97.10097,4.39434,0.0,null],[97.10151,4.39676,0.0,null],[97.09881,4.39751,0.0,null],[97.09607,4.39524,0.0,null],[97.09432,4.39523,0.0,null],[97.09428,4.39977,0.0,null],[97.09145,4.40228,0.0,null],[97.09035,4.40602,0.0,null],[97.09048,4.40858,0.0,null],[97.09234,4.41306,0.0,null],[97.09425,4.41492,0.0,null],[97.11621,4.41766,0.0,null],[97.14769,4.38019,0.0,null],[97.2389,4.43192,0.0,null],[97.23943,4.43328,0.0,null],[97.23897,4.43368,0.0,null],[97.23596,4.43343,0.0,null],[97.23332,4.43408,0.0,null],[97.23125,4.43527,0.0,null],[97.23084,4.43719,0.0,null],[97.23235,4.43955,0.0,null],[97.23335,4.44018,0.0,null],[97.23502,4.43988,0.0,null],[97.23523,4.44047,0.0,null],[97.23427,4.44136,0.0,null],[97.23009,4.44135,0.0,null],[97.22843,4.44478,0.0,null],[97.23032,4.44837,0.0,null],[97.22882,4.44934,0.0,null],[97.22785,4.45265,0.0,null],[97.23037,4.45417,0.0,null],[97.23148,4.4576,0.0,null],[97.23147,4.46023,0.0,null],[97.23005,4.46388,0.0,null],[97.23099,4.46586,0.0,null],[97.23349,4.46843,0.0,null],[97.23106,4.47167,0.0,null],[97.23124,4.47323,0.0,null],[97.23258,4.47589,0.0,null],[97.23008,4.47947,0.0,null],[97.22531,4.48176,0.0,null],[97.22397,4.48191,0.0,null],[97.22079,4.47579,0.0,null],[97.21945,4.47456,0.0,null],[97.21857,4.47449,0.0,null],[97.21799,4.47647,0.0,null],[97.21886,4.47766,0.0,null],[97.219,4.48068,0.0,null],[97.21788,4.48211,0.0,null],[97.21483,4.48349,0.0,null],[97.21458,4.48458,0.0,null],[97.21513,4.48555,0.0,null],[97.21338,4.48625,0.0,null],[97.20773,4.48644,0.0,null],[97.1525,4.50204,0.0,null]]],[[[96.90716,5.01609,0.0,null],[96.90386,5.02116,0.0,null],[96.89456,5.04086,0.0,null],[96.77282,5.06707,0.0,null],[96.74588,5.01107,0.0,null],[96.75495,4.97403,0.0,null],[96.79365,4.9912,0.0,null],[96.81405,4.9506,0.0,null],[96.93926,4.95071,0.0,null],[96.96714,4.99804,0.0,null],[96.92237,5.01524,0.0,null],[96.90716,5.01609,0.0,null]]],[[[96.71911,4.93175,0.0,null],[96.71587,4.93813,0.0,null],[96.71486,4.93913,0.0,null],[96.71228,4.9412,0.0,null],[96.70433,4.94505,0.0,null],[96.70222,4.94662,0.0,null],[96.67625,4.94806,0.0,null],[96.67353,4.94481,0.0,null],[96.67193,4.93901,0.0,null],[96.67226,4.93735,0.0,null],[96.67149,4.93582,0.0,null],[96.66382,4.931,0.0,null],[96.62799,4.94665,0.0,null],[96.59871,4.93507,0.0,null],[96.57168,4.89192,0.0,null],[96.56075,4.84884,0.0,null],[96.58197,4.8152,0.0,null],[96.64813,4.81256,0.0,null],[96.6326,4.8873,0.0,null],[96.67743,4.92806,0.0,null],[96.67811,4.92639,0.0,null],[96.67932,4.92532,0.0,null],[96.68245,4.92471,0.0,null],[96.68307,4.92253,0.0,null],[96.68277,4.91957,0.0,null],[96.68409,4.91817,0.0,null],[96.68332,4.9122,0.0,null],[96.68549,4.90878,0.0,null],[96.68647,4.90381,0.0,null],[96.6879,4.90161,0.0,null],[96.68964,4.90058,0.0,null],[96.68927,4.89738,0.0,null],[96.69984,4.89602,0.0,null],[96.70679,4.8936,0.0,null],[96.70937,4.89225,0.0,null],[96.71246,4.88932,0.0,null],[96.72128,4.88339,0.0,null],[96.72235,4.88297,0.0,null],[96.72492,4.88319,0.0,null],[96.72593,4.8824,0.0,null],[96.72765,4.88241,0.0,null],[96.72728,4.88399,0.0,null],[96.72456,4.88584,0.0,null],[96.72427,4.88692,0.0,null],[96.72548,4.88743,0.0,null],[96.72942,4.88694,0.0,null],[96.73042,4.8873,0.0,null],[96.73113,4.88895,0.0,null],[96.73549,4.88904,0.0,null],[96.73613,4.88947,0.0,null],[96.73727,4.89191,0.0,null],[96.73762,4.89421,0.0,null],[96.73876,4.89572,0.0,null],[96.73818,4.89759,0.0,null],[96.73817,4.90118,0.0,null],[96.73523,4.90382,0.0,null],[96.734,4.90705,0.0,null],[96.73121,4.90833,0.0,null],[96.73204,4.91687,0.0,null],[96.7316,4.91773,0.0,null],[96.72709,4.92009,0.0,null],[96.72522,4.92273,0.0,null],[96.72435,4.9256,0.0,null],[96.71911,4.93175,0.0,null]]],[[[97.17413,4.77533,0.0,null],[97.17222,4.77789,0.0,null],[97.17173,4.78019,0.0,null],[97.16991,4.78344,0.0,null],[97.1637,4.78531,0.0,null],[97.16013,4.78472,0.0,null],[97.15212,4.78126,0.0,null],[97.09591,4.76481,0.0,null],[97.01587,4.74822,0.0,null],[97.01034,4.74269,0.0,null],[96.9979,4.73332,0.0,null],[96.99196,4.73201,0.0,null],[96.98799,4.73389,0.0,null],[96.98676,4.73361,0.0,null],[96.98491,4.73265,0.0,null],[96.98391,4.7296,0.0,null],[96.98325,4.72942,0.0,null],[96.98194,4.72947,0.0,null],[96.98032,4.73126,0.0,null],[96.9774,4.73203,0.0,null],[96.97341,4.73076,0.0,null],[96.97293,4.7331,0.0,null],[96.96768,4.73487,0.0,null],[96.96368,4.73456,0.0,null],[96.96101,4.73306,0.0,null],[96.95832,4.73263,0.0,null],[96.95775,4.73192,0.0,null],[96.95693,4.72779,0.0,null],[96.95365,4.72623,0.0,null],[96.95217,4.72371,0.0,null],[96.95092,4.72281,0.0,null],[96.9495,4.72035,0.0,null],[96.94778,4.71509,0.0,null],[96.94636,4.71287,0.0,null],[96.94195,4.71124,0.0,null],[96.93832,4.70908,0.0,null],[96.93511,4.70907,0.0,null],[96.93242,4.7108,0.0,null],[96.93021,4.71055,0.0,null],[96.92932,4.71013,0.0,null],[96.92766,4.70737,0.0,null],[96.92516,4.70551,0.0,null],[96.92266,4.70556,0.0,null],[96.91597,4.70907,0.0,null],[96.91341,4.7096,0.0,null],[96.91091,4.70792,0.0,null],[96.90973,4.70403,0.0,null],[96.90878,4.70313,0.0,null],[96.89948,4.70203,0.0,null],[96.89781,4.70034,0.0,null],[96.89869,4.68065,0.0,null],[96.96555,4.67417,0.0,null],[96.97844,4.68882,0.0,null],[96.98224,4.7111,0.0,null],[97.03011,4.71372,0.0,null],[97.12044,4.7266,0.0,null],[97.19617,4.75711,0.0,null],[97.19238,4.76466,0.0,null],[97.19065,4.76992,0.0,null],[97.18873,4.7726,0.0,null],[97.18415,4.77565,0.0,null],[97.18061,4.77659,0.0,null],[97.17699,4.77544,0.0,null],[97.17413,4.77533,0.0,null]]]]}},{"type":"Feature","properties":{"inventoryId":"big-forestry-hti:174","sector":"PBPH","subtype":"IUPHHK-HTI","quality":"OFFICIAL","sourceDataset":"big-forestry-hti","sourceRecordId":"174","source":"BIG Kebijakan Satu Peta","sourceUrl":"https://kspservices.big.go.id/satupeta/rest/services/PUBLIK/PERIZINAN_DAN_PERTANAHAN/MapServer/2","retrievedAt":"2026-08-24T04:22:31Z","geometryProcessing":"web display simplification tolerance 0.00035 degrees","name":"PT WAHANA AGRO MULIA","permitNumber":"SK.252/MENHUT-II/2009","permitDate":"2009-05-06","areaHa":6290.0,"provinceCode":"16","region":"sumatra"},"geometry":{"type":"MultiPolygon","coordinates":[[[[103.20887,-2.45702,0.0,null],[103.20664,-2.45489,0.0,null],[103.20512,-2.45509,0.0,null],[103.20289,-2.45793,0.0,null],[103.20005,-2.45864,0.0,null],[103.19588,-2.45845,0.0,null],[103.19226,-2.46523,0.0,null],[103.18976,-2.47298,0.0,null],[103.19003,-2.48205,0.0,null],[103.18858,-2.49729,0.0,null],[103.19055,-2.49927,0.0,null],[103.19568,-2.50255,0.0,null],[103.19909,-2.50899,0.0,null],[103.20264,-2.51399,0.0,null],[103.2058,-2.51438,0.0,null],[103.20658,-2.51596,0.0,null],[103.20566,-2.52108,0.0,null],[103.20422,-2.52187,0.0,null],[103.20606,-2.52529,0.0,null],[103.2121,-2.52069,0.0,null],[103.21552,-2.51951,0.0,null],[103.22525,-2.51951,0.0,null],[103.23077,-2.5178,0.0,null],[103.23629,-2.51806,0.0,null],[103.24128,-2.51477,0.0,null],[103.24693,-2.51254,0.0,null],[103.24956,-2.5107,0.0,null],[103.25574,-2.51241,0.0,null],[103.25758,-2.51241,0.0,null],[103.25955,-2.51057,0.0,null],[103.26178,-2.51004,0.0,null],[103.26651,-2.51136,0.0,null],[103.26796,-2.51307,0.0,null],[103.27453,-2.5132,0.0,null],[103.27742,-2.51425,0.0,null],[103.28215,-2.50991,0.0,null],[103.28137,-2.50702,0.0,null],[103.28071,-2.49401,0.0,null],[103.27335,-2.48389,0.0,null],[103.26809,-2.47811,0.0,null],[103.25296,-2.46466,0.0,null],[103.24041,-2.4628,0.0,null],[103.24001,-2.45783,0.0,null],[103.23808,-2.45681,0.0,null],[103.218,-2.45692,0.0,null],[103.21607,-2.4558,0.0,null],[103.21222,-2.45742,0.0,null],[103.20887,-2.45702,0.0,null]]],[[[103.33529,-2.40076,0.0,null],[103.33496,-2.39978,0.0,null],[103.33594,-2.39855,0.0,null],[103.33545,-2.39765,0.0,null],[103.33316,-2.39699,0.0,null],[103.3325,-2.39732,0.0,null],[103.33094,-2.40019,0.0,null],[103.32865,-2.4015,0.0,null],[103.32496,-2.40052,0.0,null],[103.32045,-2.40027,0.0,null],[103.31431,-2.39871,0.0,null],[103.31224,-2.39913,0.0,null],[103.31209,-2.41338,0.0,null],[103.31259,-2.41388,0.0,null],[103.31595,-2.41355,0.0,null],[103.31759,-2.41232,0.0,null],[103.32136,-2.41216,0.0,null],[103.32209,-2.41297,0.0,null],[103.33226,-2.41306,0.0,null],[103.33783,-2.41363,0.0,null],[103.3393,-2.41437,0.0,null],[103.34021,-2.41388,0.0,null],[103.34037,-2.41265,0.0,null],[103.34209,-2.41093,0.0,null],[103.34193,-2.40994,0.0,null],[103.33791,-2.40781,0.0,null],[103.33742,-2.40699,0.0,null],[103.33857,-2.40617,0.0,null],[103.33775,-2.40445,0.0,null],[103.33627,-2.40494,0.0,null],[103.33832,-2.40281,0.0,null],[103.33889,-2.40158,0.0,null],[103.33857,-2.40068,0.0,null],[103.33742,-2.40044,0.0,null],[103.33742,-2.40207,0.0,null],[103.33529,-2.40076,0.0,null]]],[[[103.36488,-2.52193,0.0,null],[103.35728,-2.52039,0.0,null],[103.3516,-2.52327,0.0,null],[103.35322,-2.52892,0.0,null],[103.35614,-2.53576,0.0,null],[103.35614,-2.53692,0.0,null],[103.36793,-2.53263,0.0,null],[103.37105,-2.53214,0.0,null],[103.37994,-2.53261,0.0,null],[103.38329,-2.52336,0.0,null],[103.36774,-2.52348,0.0,null],[103.36488,-2.52193,0.0,null]]]]}},{"type":"Feature","properties":{"inventoryId":"big-forestry-hti:203","sector":"PBPH","subtype":"IUPHHK-HTI","quality":"OFFICIAL","sourceDataset":"big-forestry-hti","sourceRecordId":"203","source":"BIG Kebijakan Satu Peta","sourceUrl":"https://kspservices.big.go.id/satupeta/rest/services/PUBLIK/PERIZINAN_DAN_PERTANAHAN/MapServer/2","retrievedAt":"2026-08-24T04:22:31Z","geometryProcessing":"web display simplification tolerance 0.00035 degrees","name":"PT WAHANA LESTARI MAKMUR SUKS","permitNumber":"SK.484/MENHUT-II/2009","permitDate":"2009-08-19","areaHa":14010.0,"provinceCode":"16","region":"sumatra"},"geometry":{"type":"MultiPolygon","coordinates":[[[[104.22302,-2.02543,0.0,null],[104.21702,-2.04403,0.0,null],[104.19272,-2.07333,0.0,null],[104.20332,-2.07153,0.0,null],[104.20642,-2.07543,0.0,null],[104.20962,-2.07543,0.0,null],[104.22262,-2.07153,0.0,null],[104.22262,-2.06803,0.0,null],[104.23322,-2.06803,0.0,null],[104.23362,-2.08773,0.0,null],[104.22722,-2.09273,0.0,null],[104.22232,-2.09133,0.0,null],[104.22332,-2.11523,0.0,null],[104.22442,-2.12553,0.0,null],[104.22652,-2.13143,0.0,null],[104.22972,-2.13463,0.0,null],[104.23552,-2.13833,0.0,null],[104.24102,-2.14063,0.0,null],[104.24382,-2.14413,0.0,null],[104.24732,-2.15333,0.0,null],[104.25302,-2.16323,0.0,null],[104.26142,-2.18433,0.0,null],[104.26852,-2.18433,0.0,null],[104.27372,-2.18573,0.0,null],[104.27692,-2.18893,0.0,null],[104.28432,-2.19983,0.0,null],[104.29172,-2.19703,0.0,null],[104.30512,-2.19423,0.0,null],[104.30512,-2.16003,0.0,null],[104.32662,-2.15723,0.0,null],[104.33122,-2.17483,0.0,null],[104.33722,-2.16213,0.0,null],[104.34142,-2.15723,0.0,null],[104.34742,-2.15153,0.0,null],[104.34642,-2.14553,0.0,null],[104.31822,-2.14843,0.0,null],[104.27372,-2.12373,0.0,null],[104.25612,-2.10183,0.0,null],[104.24342,-2.07223,0.0,null],[104.24312,-2.06483,0.0,null],[104.25192,-2.06313,0.0,null],[104.25152,-2.05323,0.0,null],[104.24062,-2.03913,0.0,null],[104.23962,-2.02613,0.0,null],[104.22302,-2.02543,0.0,null]]],[[[104.05202,-2.04723,0.0,null],[104.04972,-2.04643,0.0,null],[104.05052,-2.05543,0.0,null],[104.06562,-2.06213,0.0,null],[104.06762,-2.06453,0.0,null],[104.06652,-2.06923,0.0,null],[104.05932,-2.07323,0.0,null],[104.05712,-2.07653,0.0,null],[104.05662,-2.07963,0.0,null],[104.05712,-2.08213,0.0,null],[104.05962,-2.08473,0.0,null],[104.06722,-2.08643,0.0,null],[104.06872,-2.08833,0.0,null],[104.06912,-2.09083,0.0,null],[104.06872,-2.09843,0.0,null],[104.07032,-2.10113,0.0,null],[104.07662,-2.10473,0.0,null],[104.08202,-2.11023,0.0,null],[104.08572,-2.11493,0.0,null],[104.08772,-2.12263,0.0,null],[104.08872,-2.12423,0.0,null],[104.10132,-2.10743,0.0,null],[104.10602,-2.11273,0.0,null],[104.11032,-2.11533,0.0,null],[104.11622,-2.11703,0.0,null],[104.12202,-2.12043,0.0,null],[104.15662,-2.12213,0.0,null],[104.16302,-2.10873,0.0,null],[104.16642,-2.10593,0.0,null],[104.17412,-2.10523,0.0,null],[104.17582,-2.10213,0.0,null],[104.17682,-2.09703,0.0,null],[104.17672,-2.08963,0.0,null],[104.17532,-2.08183,0.0,null],[104.17532,-2.07833,0.0,null],[104.16762,-2.07883,0.0,null],[104.16312,-2.08263,0.0,null],[104.10412,-2.08673,0.0,null],[104.08582,-2.08093,0.0,null],[104.08162,-2.07193,0.0,null],[104.07962,-2.06133,0.0,null],[104.07892,-2.06043,0.0,null],[104.06882,-2.05303,0.0,null],[104.06482,-2.05073,0.0,null],[104.05202,-2.04723,0.0,null]]]]}},{"type":"Feature","properties":{"inventoryId":"big-forestry-hti:205","sector":"PBPH","subtype":"IUPHHK-HTI","quality":"OFFICIAL","sourceDataset":"big-forestry-hti","sourceRecordId":"205","source":"BIG Kebijakan Satu Peta","sourceUrl":"https://kspservices.big.go.id/satupeta/rest/services/PUBLIK/PERIZINAN_DAN_PERTANAHAN/MapServer/2","retrievedAt":"2026-08-24T04:22:31Z","geometryProcessing":"web display simplification tolerance 0.00035 degrees","name":"PT WANA MUKTI WISESA","permitNumber":"275/Kpts-II/1998","permitDate":"1998-02-27","areaHa":9105.0,"provinceCode":"15","region":"sumatra"},"geometry":{"type":"Polygon","coordinates":[[[102.2307,-1.0251,0.0,null],[102.22612,-1.02583,0.0,null],[102.22305,-1.02513,0.0,null],[102.22131,-1.02932,0.0,null],[102.21726,-1.03189,0.0,null],[102.21371,-1.03107,0.0,null],[102.2108,-1.03266,0.0,null],[102.20405,-1.03453,0.0,null],[102.20034,-1.03193,0.0,null],[102.19484,-1.03193,0.0,null],[102.19084,-1.03473,0.0,null],[102.19024,-1.03573,0.0,null],[102.18542,-1.03697,0.0,null],[102.18402,-1.04164,0.0,null],[102.18071,-1.0446,0.0,null],[102.18132,-1.048,0.0,null],[102.18097,-1.04887,0.0,null],[102.17835,-1.04939,0.0,null],[102.17099,-1.04682,0.0,null],[102.16707,-1.051,0.0,null],[102.16463,-1.05222,0.0,null],[102.16289,-1.0524,0.0,null],[102.16114,-1.05222,0.0,null],[102.15905,-1.05057,0.0,null],[102.15609,-1.04647,0.0,null],[102.15487,-1.0409,0.0,null],[102.15165,-1.03157,0.0,null],[102.1513,-1.02565,0.0,null],[102.09658,-1.02652,0.0,null],[102.09641,-1.03921,0.0,null],[102.10575,-1.0397,0.0,null],[102.10648,-1.08086,0.0,null],[102.10934,-1.08184,0.0,null],[102.11213,-1.08428,0.0,null],[102.11499,-1.08344,0.0,null],[102.11562,-1.08393,0.0,null],[102.11924,-1.09048,0.0,null],[102.12036,-1.09411,0.0,null],[102.16222,-1.09379,0.0,null],[102.16215,-1.08473,0.0,null],[102.1627,-1.08201,0.0,null],[102.16194,-1.07776,0.0,null],[102.16242,-1.07609,0.0,null],[102.16215,-1.07281,0.0,null],[102.17145,-1.0755,0.0,null],[102.17764,-1.07883,0.0,null],[102.18294,-1.08343,0.0,null],[102.18774,-1.09033,0.0,null],[102.18954,-1.08963,0.0,null],[102.19052,-1.09094,0.0,null],[102.19024,-1.09366,0.0,null],[102.19174,-1.09733,0.0,null],[102.19594,-1.10173,0.0,null],[102.19984,-1.10193,0.0,null],[102.20204,-1.10353,0.0,null],[102.20514,-1.10903,0.0,null],[102.20495,-1.10679,0.0,null],[102.20746,-1.10718,0.0,null],[102.21014,-1.10547,0.0,null],[102.21934,-1.10164,0.0,null],[102.22847,-1.09968,0.0,null],[102.22945,-1.09871,0.0,null],[102.22945,-1.09704,0.0,null],[102.23028,-1.09543,0.0,null],[102.23248,-1.09282,0.0,null],[102.23339,-1.09177,0.0,null],[102.23576,-1.09101,0.0,null],[102.23627,-1.08982,0.0,null],[102.23703,-1.08969,0.0,null],[102.23391,-1.08934,0.0,null],[102.23144,-1.08783,0.0,null],[102.23064,-1.08693,0.0,null],[102.23084,-1.08413,0.0,null],[102.23264,-1.08213,0.0,null],[102.23634,-1.08063,0.0,null],[102.23964,-1.08013,0.0,null],[102.24234,-1.07533,0.0,null],[102.24254,-1.07203,0.0,null],[102.24384,-1.07003,0.0,null],[102.24364,-1.06396,0.0,null],[102.23704,-1.06603,0.0,null],[102.23785,-1.05169,0.0,null],[102.23701,-1.04458,0.0,null],[102.23454,-1.04218,0.0,null],[102.22687,-1.03751,0.0,null],[102.2268,-1.03583,0.0,null],[102.2307,-1.0251,0.0,null]]]}},{"type":"Feature","properties":{"inventoryId":"big-forestry-hti:125","sector":"PBPH","subtype":"IUPHHK-HTI","quality":"OFFICIAL","sourceDataset":"big-forestry-hti","sourceRecordId":"125","source":"BIG Kebijakan Satu Peta","sourceUrl":"https://kspservices.big.go.id/satupeta/rest/services/PUBLIK/PERIZINAN_DAN_PERTANAHAN/MapServer/2","retrievedAt":"2026-08-24T04:22:31Z","geometryProcessing":"web display simplification tolerance 0.00035 degrees","name":"PT WANA PERINTIS","permitNumber":"781/Kpts-II/1996","permitDate":"1996-12-18","areaHa":6900.0,"provinceCode":"15","region":"sumatra"},"geometry":{"type":"Polygon","coordinates":[[[102.84123,-1.98883,0.0,null],[102.84215,-1.97485,0.0,null],[102.85894,-1.9746,0.0,null],[102.86122,-1.90176,0.0,null],[102.87732,-1.90156,0.0,null],[102.87798,-1.83881,0.0,null],[102.85547,-1.83914,0.0,null],[102.85967,-1.85903,0.0,null],[102.80369,-2.00231,0.0,null],[102.79023,-2.01444,0.0,null],[102.79834,-2.03339,0.0,null],[102.84006,-2.00657,0.0,null],[102.84123,-1.98883,0.0,null]]]}},{"type":"Feature","properties":{"inventoryId":"big-forestry-hti:130","sector":"PBPH","subtype":"IUPHHK-HTI","quality":"OFFICIAL","sourceDataset":"big-forestry-hti","sourceRecordId":"130","source":"BIG Kebijakan Satu Peta","sourceUrl":"https://kspservices.big.go.id/satupeta/rest/services/PUBLIK/PERIZINAN_DAN_PERTANAHAN/MapServer/2","retrievedAt":"2026-08-24T04:22:31Z","geometryProcessing":"web display simplification tolerance 0.00035 degrees","name":"PT WANAKASITA NUSANTARA","permitNumber":"672/Kpts-II/1995","permitDate":"1995-12-18","areaHa":9030.0,"provinceCode":"15","region":"sumatra"},"geometry":{"type":"Polygon","coordinates":[[[103.09095,-2.07859,0.0,null],[103.09398,-2.0768,0.0,null],[103.09607,-2.07482,0.0,null],[103.09816,-2.0691,0.0,null],[103.10465,-2.06877,0.0,null],[103.11763,-2.07141,0.0,null],[103.1316,-2.07548,0.0,null],[103.1415,-2.07658,0.0,null],[103.14414,-2.07581,0.0,null],[103.15088,-2.08422,0.0,null],[103.14876,-2.08703,0.0,null],[103.14084,-2.08769,0.0,null],[103.13556,-2.09198,0.0,null],[103.13197,-2.09868,0.0,null],[103.13281,-2.10089,0.0,null],[103.13853,-2.10594,0.0,null],[103.15282,-2.10297,0.0,null],[103.16734,-2.10242,0.0,null],[103.17117,-2.11273,0.0,null],[103.17075,-2.11859,0.0,null],[103.16206,-2.11694,0.0,null],[103.15063,-2.11771,0.0,null],[103.1437,-2.12035,0.0,null],[103.1415,-2.12365,0.0,null],[103.14139,-2.12541,0.0,null],[103.14293,-2.13322,0.0,null],[103.14475,-2.13978,0.0,null],[103.14843,-2.14631,0.0,null],[103.15129,-2.1495,0.0,null],[103.15414,-2.15126,0.0,null],[103.15612,-2.1473,0.0,null],[103.15854,-2.13949,0.0,null],[103.16745,-2.12959,0.0,null],[103.17229,-2.12772,0.0,null],[103.17691,-2.12673,0.0,null],[103.17922,-2.12508,0.0,null],[103.18164,-2.1176,0.0,null],[103.18186,-2.10253,0.0,null],[103.17831,-2.09826,0.0,null],[103.17548,-2.09594,0.0,null],[103.16635,-2.09197,0.0,null],[103.16383,-2.08946,0.0,null],[103.16279,-2.0817,0.0,null],[103.1565,-2.07289,0.0,null],[103.15167,-2.06723,0.0,null],[103.14986,-2.06283,0.0,null],[103.1537,-2.05865,0.0,null],[103.16096,-2.05821,0.0,null],[103.16393,-2.05414,0.0,null],[103.17658,-2.05029,0.0,null],[103.18318,-2.04534,0.0,null],[103.18736,-2.04611,0.0,null],[103.18753,-2.0492,0.0,null],[103.19089,-2.05716,0.0,null],[103.19697,-2.06199,0.0,null],[103.20409,-2.06429,0.0,null],[103.20661,-2.06702,0.0,null],[103.20997,-2.07373,0.0,null],[103.21269,-2.07604,0.0,null],[103.216,-2.08311,0.0,null],[103.22297,-2.08967,0.0,null],[103.22674,-2.09533,0.0,null],[103.22778,-2.09615,0.0,null],[103.23389,-2.09803,0.0,null],[103.24203,-2.1033,0.0,null],[103.24764,-2.09649,0.0,null],[103.24373,-2.09197,0.0,null],[103.23408,-2.08715,0.0,null],[103.22926,-2.08254,0.0,null],[103.22318,-2.07792,0.0,null],[103.22213,-2.07394,0.0,null],[103.21899,-2.06891,0.0,null],[103.21827,-2.0614,0.0,null],[103.2164,-2.05612,0.0,null],[103.21585,-2.05282,0.0,null],[103.22146,-2.04248,0.0,null],[103.2252,-2.03984,0.0,null],[103.22927,-2.03863,0.0,null],[103.23073,-2.03473,0.0,null],[103.22454,-2.0284,0.0,null],[103.22938,-2.02213,0.0,null],[103.23312,-2.0218,0.0,null],[103.23752,-2.0185,0.0,null],[103.24058,-2.02005,0.0,null],[103.24289,-2.02215,0.0,null],[103.24855,-2.02424,0.0,null],[103.25083,-2.02444,0.0,null],[103.25484,-2.02089,0.0,null],[103.25373,-2.00019,0.0,null],[103.25384,-1.99854,0.0,null],[103.2556,-1.99624,0.0,null],[103.2557,-1.99536,0.0,null],[103.25417,-1.9946,0.0,null],[103.25274,-1.99526,0.0,null],[103.25099,-1.99383,0.0,null],[103.25044,-1.9923,0.0,null],[103.25055,-1.98703,0.0,null],[103.24989,-1.98681,0.0,null],[103.24726,-1.9889,0.0,null],[103.24518,-1.98933,0.0,null],[103.24244,-1.9889,0.0,null],[103.23608,-1.99027,0.0,null],[103.20703,-2.03204,0.0,null],[103.18422,-2.03248,0.0,null],[103.19047,-2.02425,0.0,null],[103.18927,-1.98583,0.0,null],[103.17962,-1.99136,0.0,null],[103.18006,-2.02212,0.0,null],[103.16745,-2.04481,0.0,null],[103.12195,-2.04311,0.0,null],[103.12206,-2.03434,0.0,null],[103.10123,-2.04728,0.0,null],[103.04981,-2.08143,0.0,null],[103.04159,-2.08614,0.0,null],[103.06571,-2.11037,0.0,null],[103.06319,-2.10401,0.0,null],[103.0633,-2.10281,0.0,null],[103.06648,-2.10061,0.0,null],[103.06714,-2.09952,0.0,null],[103.06878,-2.08176,0.0,null],[103.07306,-2.08143,0.0,null],[103.07229,-2.07891,0.0,null],[103.07317,-2.07814,0.0,null],[103.0781,-2.07704,0.0,null],[103.0792,-2.0743,0.0,null],[103.08753,-2.0743,0.0,null],[103.08775,-2.07671,0.0,null],[103.08994,-2.07726,0.0,null],[103.09095,-2.07859,0.0,null]]]}},{"type":"Feature","properties":{"inventoryId":"big-forestry-hti:261","sector":"PBPH","subtype":"IUPHHK-HTI","quality":"OFFICIAL","sourceDataset":"big-forestry-hti","sourceRecordId":"261","source":"BIG Kebijakan Satu Peta","sourceUrl":"https://kspservices.big.go.id/satupeta/rest/services/PUBLIK/PERIZINAN_DAN_PERTANAHAN/MapServer/2","retrievedAt":"2026-08-24T04:22:31Z","geometryProcessing":"web display simplification tolerance 0.00035 degrees","name":"PT WANANUGRAHA BINALESTARI","permitNumber":"SK.362/Menhut-II/2007","permitDate":"2007-10-25","areaHa":7465.0,"provinceCode":"14","region":"sumatra"},"geometry":{"type":"Polygon","coordinates":[[[101.4082,-0.05039,0.0,null],[101.4029,-0.04139,0.0,null],[101.40207,-0.03863,0.0,null],[101.40077,-0.04006,0.0,null],[101.39801,-0.04585,0.0,null],[101.39747,-0.04838,0.0,null],[101.39553,-0.0503,0.0,null],[101.39516,-0.05024,0.0,null],[101.39547,-0.04976,0.0,null],[101.39275,-0.05044,0.0,null],[101.3916,-0.04989,0.0,null],[101.39002,-0.05156,0.0,null],[101.38979,-0.05046,0.0,null],[101.38882,-0.05041,0.0,null],[101.38898,-0.05216,0.0,null],[101.39113,-0.052,0.0,null],[101.39133,-0.05278,0.0,null],[101.38967,-0.05455,0.0,null],[101.38555,-0.05596,0.0,null],[101.38537,-0.0665,0.0,null],[101.38488,-0.06901,0.0,null],[101.38378,-0.07008,0.0,null],[101.37993,-0.07114,0.0,null],[101.37828,-0.0722,0.0,null],[101.37896,-0.07395,0.0,null],[101.37916,-0.07808,0.0,null],[101.37799,-0.08044,0.0,null],[101.3811,-0.0875,0.0,null],[101.39679,-0.09658,0.0,null],[101.39795,-0.09647,0.0,null],[101.39731,-0.09454,0.0,null],[101.39907,-0.09443,0.0,null],[101.39912,-0.09313,0.0,null],[101.39983,-0.09369,0.0,null],[101.39957,-0.09283,0.0,null],[101.39893,-0.09262,0.0,null],[101.39979,-0.09217,0.0,null],[101.39964,-0.09148,0.0,null],[101.40092,-0.08987,0.0,null],[101.40195,-0.08934,0.0,null],[101.40219,-0.08985,0.0,null],[101.4029,-0.08979,0.0,null],[101.40248,-0.08861,0.0,null],[101.40327,-0.08852,0.0,null],[101.40342,-0.08917,0.0,null],[101.40411,-0.08803,0.0,null],[101.40461,-0.08887,0.0,null],[101.40585,-0.08677,0.0,null],[101.40666,-0.08945,0.0,null],[101.41452,-0.09516,0.0,null],[101.41815,-0.09881,0.0,null],[101.41838,-0.12655,0.0,null],[101.43831,-0.12652,0.0,null],[101.43805,-0.12244,0.0,null],[101.43984,-0.12129,0.0,null],[101.44317,-0.12111,0.0,null],[101.44544,-0.12039,0.0,null],[101.44621,-0.12103,0.0,null],[101.4553,-0.11918,0.0,null],[101.45543,-0.11957,0.0,null],[101.45565,-0.11911,0.0,null],[101.49441,-0.11126,0.0,null],[101.4944,-0.0902,0.0,null],[101.49547,-0.08969,0.0,null],[101.49596,-0.08853,0.0,null],[101.49549,-0.08707,0.0,null],[101.49414,-0.08618,0.0,null],[101.49491,-0.08486,0.0,null],[101.49497,-0.08339,0.0,null],[101.49492,-0.07643,0.0,null],[101.49428,-0.07274,0.0,null],[101.49438,-0.05745,0.0,null],[101.47582,-0.05745,0.0,null],[101.476,-0.05653,0.0,null],[101.47534,-0.05548,0.0,null],[101.47474,-0.05606,0.0,null],[101.46881,-0.05588,0.0,null],[101.46868,-0.05626,0.0,null],[101.46573,-0.05573,0.0,null],[101.4648,-0.05746,0.0,null],[101.45737,-0.05197,0.0,null],[101.45005,-0.05202,0.0,null],[101.45006,-0.05139,0.0,null],[101.44947,-0.0518,0.0,null],[101.44932,-0.05123,0.0,null],[101.44844,-0.051,0.0,null],[101.44802,-0.05208,0.0,null],[101.41551,-0.05259,0.0,null],[101.41326,-0.05173,0.0,null],[101.41007,-0.05283,0.0,null],[101.41008,-0.05216,0.0,null],[101.40929,-0.05197,0.0,null],[101.4082,-0.05039,0.0,null]]]}},{"type":"Feature","properties":{"inventoryId":"big-forestry-hti:237","sector":"PBPH","subtype":"IUPHHK-HTI","quality":"OFFICIAL","sourceDataset":"big-forestry-hti","sourceRecordId":"237","source":"BIG Kebijakan Satu Peta","sourceUrl":"https://kspservices.big.go.id/satupeta/rest/services/PUBLIK/PERIZINAN_DAN_PERTANAHAN/MapServer/2","retrievedAt":"2026-08-24T04:22:31Z","geometryProcessing":"web display simplification tolerance 0.00035 degrees","name":"PT WIRA KARYA SAKTI","permitNumber":"SK.57/Menlhk/Setjen/HPL.0/1/2018","permitDate":"2018-01-26","areaHa":290378.0,"provinceCode":"15","region":"sumatra"},"geometry":{"type":"MultiPolygon","coordinates":[[[[102.79177,-1.27943,0.0,null],[102.80107,-1.26651,0.0,null],[102.79614,-1.26502,0.0,null],[102.77631,-1.2639,0.0,null],[102.75695,-1.26961,0.0,null],[102.75227,-1.27282,0.0,null],[102.74803,-1.27793,0.0,null],[102.73549,-1.28397,0.0,null],[102.72862,-1.28639,0.0,null],[102.72085,-1.28997,0.0,null],[102.70636,-1.29428,0.0,null],[102.70363,-1.29573,0.0,null],[102.69203,-1.29825,0.0,null],[102.68822,-1.30063,0.0,null],[102.67662,-1.30543,0.0,null],[102.6758,-1.30487,0.0,null],[102.67217,-1.2987,0.0,null],[102.63447,-1.39037,0.0,null],[102.66401,-1.40946,0.0,null],[102.68736,-1.41815,0.0,null],[102.69399,-1.40042,0.0,null],[102.69356,-1.39529,0.0,null],[102.69303,-1.39414,0.0,null],[102.69379,-1.39245,0.0,null],[102.69357,-1.39139,0.0,null],[102.6915,-1.3904,0.0,null],[102.69127,-1.38856,0.0,null],[102.6902,-1.38795,0.0,null],[102.69028,-1.38716,0.0,null],[102.69114,-1.38693,0.0,null],[102.69404,-1.38784,0.0,null],[102.69588,-1.38716,0.0,null],[102.69854,-1.38777,0.0,null],[102.70311,-1.37644,0.0,null],[102.72488,-1.36594,0.0,null],[102.74033,-1.38999,0.0,null],[102.74217,-1.42709,0.0,null],[102.74644,-1.42774,0.0,null],[102.74873,-1.42951,0.0,null],[102.7513,-1.43307,0.0,null],[102.75363,-1.43418,0.0,null],[102.7573,-1.43977,0.0,null],[102.75845,-1.44061,0.0,null],[102.76167,-1.44133,0.0,null],[102.7636,-1.44351,0.0,null],[102.76703,-1.446,0.0,null],[102.76811,-1.44772,0.0,null],[102.76934,-1.44779,0.0,null],[102.77125,-1.45001,0.0,null],[102.77544,-1.45286,0.0,null],[102.77621,-1.45266,0.0,null],[102.77778,-1.4548,0.0,null],[102.78253,-1.45864,0.0,null],[102.78698,-1.46323,0.0,null],[102.7946,-1.46911,0.0,null],[102.80319,-1.47829,0.0,null],[102.80417,-1.47981,0.0,null],[102.80428,-1.48145,0.0,null],[102.80841,-1.48319,0.0,null],[102.81162,-1.48728,0.0,null],[102.81379,-1.48818,0.0,null],[102.8214,-1.48848,0.0,null],[102.82363,-1.48807,0.0,null],[102.82792,-1.48954,0.0,null],[102.83377,-1.48974,0.0,null],[102.83633,-1.49085,0.0,null],[102.85746,-1.49085,0.0,null],[102.87225,-1.48862,0.0,null],[102.8809,-1.49002,0.0,null],[102.88508,-1.49002,0.0,null],[102.89262,-1.48918,0.0,null],[102.90461,-1.48583,0.0,null],[102.92693,-1.48444,0.0,null],[102.95651,-1.48444,0.0,null],[102.96348,-1.48834,0.0,null],[102.97576,-1.49839,0.0,null],[102.99138,-1.51262,0.0,null],[102.99792,-1.51994,0.0,null],[102.99713,-1.52017,0.0,null],[102.99798,-1.52218,0.0,null],[102.99717,-1.52298,0.0,null],[102.99382,-1.52258,0.0,null],[102.9919,-1.52124,0.0,null],[102.98931,-1.52195,0.0,null],[102.98824,-1.52128,0.0,null],[102.98878,-1.51981,0.0,null],[102.98809,-1.52,0.0,null],[102.98708,-1.52052,0.0,null],[102.98686,-1.52302,0.0,null],[102.98538,-1.52508,0.0,null],[102.9844,-1.52526,0.0,null],[102.98353,-1.52449,0.0,null],[102.9839,-1.52646,0.0,null],[102.98346,-1.52785,0.0,null],[102.98279,-1.52771,0.0,null],[102.98141,-1.52872,0.0,null],[102.97771,-1.52862,0.0,null],[102.9771,-1.52983,0.0,null],[102.97787,-1.53197,0.0,null],[102.97769,-1.53343,0.0,null],[102.97928,-1.53467,0.0,null],[102.97813,-1.5354,0.0,null],[102.97847,-1.53786,0.0,null],[102.97981,-1.53876,0.0,null],[102.97984,-1.54004,0.0,null],[102.97891,-1.54029,0.0,null],[102.97938,-1.54142,0.0,null],[102.97894,-1.5423,0.0,null],[102.98078,-1.54326,0.0,null],[102.9813,-1.54479,0.0,null],[102.98205,-1.54398,0.0,null],[102.98299,-1.54508,0.0,null],[103.02463,-1.54508,0.0,null],[103.02464,-1.53325,0.0,null],[103.12341,-1.53334,0.0,null],[103.12342,-1.52429,0.0,null],[103.14154,-1.52429,0.0,null],[103.14154,-1.52866,0.0,null],[103.20749,-1.5285,0.0,null],[103.20764,-1.37238,0.0,null],[103.20553,-1.37178,0.0,null],[103.20391,-1.37273,0.0,null],[103.20376,-1.37209,0.0,null],[103.20218,-1.37172,0.0,null],[103.20133,-1.37022,0.0,null],[103.19852,-1.36773,0.0,null],[103.19884,-1.36362,0.0,null],[103.20008,-1.36345,0.0,null],[103.20114,-1.36157,0.0,null],[103.20059,-1.35983,0.0,null],[103.20074,-1.35605,0.0,null],[103.20166,-1.35364,0.0,null],[103.20111,-1.34991,0.0,null],[103.20035,-1.34946,0.0,null],[103.19822,-1.34986,0.0,null],[103.19753,-1.34894,0.0,null],[103.19688,-1.34498,0.0,null],[103.19805,-1.34092,0.0,null],[103.11415,-1.34063,0.0,null],[103.11427,-1.3414,0.0,null],[103.10719,-1.34514,0.0,null],[103.10687,-1.35046,0.0,null],[103.08849,-1.35924,0.0,null],[103.08667,-1.3556,0.0,null],[103.04511,-1.37829,0.0,null],[103.03848,-1.38072,0.0,null],[103.03275,-1.38162,0.0,null],[103.02265,-1.38131,0.0,null],[103.02265,-1.38032,0.0,null],[103.01442,-1.37963,0.0,null],[103.00737,-1.3766,0.0,null],[103.00476,-1.37757,0.0,null],[102.99803,-1.37369,0.0,null],[102.99102,-1.37171,0.0,null],[102.98673,-1.37101,0.0,null],[102.98177,-1.37249,0.0,null],[102.98001,-1.37219,0.0,null],[102.97865,-1.3704,0.0,null],[102.97848,-1.36567,0.0,null],[102.97343,-1.36362,0.0,null],[102.97242,-1.35968,0.0,null],[102.96993,-1.35636,0.0,null],[102.97071,-1.35544,0.0,null],[102.97035,-1.35458,0.0,null],[102.96038,-1.35062,0.0,null],[102.95859,-1.34851,0.0,null],[102.95461,-1.34151,0.0,null],[102.95305,-1.34072,0.0,null],[102.94713,-1.34001,0.0,null],[102.93445,-1.34053,0.0,null],[102.92785,-1.34221,0.0,null],[102.92207,-1.3452,0.0,null],[102.91776,-1.3476,0.0,null],[102.91776,-1.3483,0.0,null],[102.9162,-1.34981,0.0,null],[102.91228,-1.35275,0.0,null],[102.90314,-1.35519,0.0,null],[102.90173,-1.35897,0.0,null],[102.90386,-1.35991,0.0,null],[102.90417,-1.37066,0.0,null],[102.90026,-1.37454,0.0,null],[102.90042,-1.37604,0.0,null],[102.90124,-1.37698,0.0,null],[102.90026,-1.37983,0.0,null],[102.90002,-1.39206,0.0,null],[102.89931,-1.39161,0.0,null],[102.89728,-1.39232,0.0,null],[102.8943,-1.39225,0.0,null],[102.8924,-1.39148,0.0,null],[102.8847,-1.39138,0.0,null],[102.88304,-1.39059,0.0,null],[102.88157,-1.39149,0.0,null],[102.86499,-1.3916,0.0,null],[102.86337,-1.39072,0.0,null],[102.86201,-1.39081,0.0,null],[102.86005,-1.39006,0.0,null],[102.85766,-1.3878,0.0,null],[102.8568,-1.38256,0.0,null],[102.85298,-1.37432,0.0,null],[102.85176,-1.37308,0.0,null],[102.8529,-1.37174,0.0,null],[102.85249,-1.37012,0.0,null],[102.85343,-1.36587,0.0,null],[102.8412,-1.3565,0.0,null],[102.84129,-1.34302,0.0,null],[102.79289,-1.34212,0.0,null],[102.79264,-1.319,0.0,null],[102.79977,-1.319,0.0,null],[102.80006,-1.31683,0.0,null],[102.79852,-1.31456,0.0,null],[102.79442,-1.31373,0.0,null],[102.78897,-1.3141,0.0,null],[102.78736,-1.31189,0.0,null],[102.78629,-1.31148,0.0,null],[102.78214,-1.31124,0.0,null],[102.7806,-1.31178,0.0,null],[102.77995,-1.3159,0.0,null],[102.77871,-1.31698,0.0,null],[102.78008,-1.32104,0.0,null],[102.78027,-1.32659,0.0,null],[102.77618,-1.33268,0.0,null],[102.77593,-1.337,0.0,null],[102.77396,-1.34212,0.0,null],[102.77486,-1.35244,0.0,null],[102.76138,-1.35314,0.0,null],[102.75916,-1.35269,0.0,null],[102.7512,-1.35324,0.0,null],[102.75015,-1.35377,0.0,null],[102.74852,-1.35166,0.0,null],[102.7487,-1.35029,0.0,null],[102.75559,-1.34802,0.0,null],[102.75726,-1.34641,0.0,null],[102.75905,-1.34157,0.0,null],[102.7638,-1.34079,0.0,null],[102.76641,-1.34175,0.0,null],[102.76677,-1.34044,0.0,null],[102.76642,-1.3388,0.0,null],[102.76789,-1.33368,0.0,null],[102.7709,-1.33325,0.0,null],[102.76997,-1.32605,0.0,null],[102.76892,-1.32264,0.0,null],[102.76831,-1.31472,0.0,null],[102.77783,-1.31161,0.0,null],[102.79399,-1.30365,0.0,null],[102.80286,-1.3029,0.0,null],[102.80677,-1.30182,0.0,null],[102.81338,-1.2951,0.0,null],[102.82499,-1.28634,0.0,null],[102.82285,-1.28188,0.0,null],[102.82214,-1.2824,0.0,null],[102.81394,-1.2803,0.0,null],[102.80652,-1.27937,0.0,null],[102.79705,-1.27875,0.0,null],[102.79177,-1.27943,0.0,null]]],[[[103.49263,-0.98181,0.0,null],[103.48799,-0.98161,0.0,null],[103.48002,-0.9797,0.0,null],[103.47159,-0.97366,0.0,null],[103.46499,-0.97366,0.0,null],[103.4544,-0.98183,0.0,null],[103.44501,-0.98183,0.0,null],[103.44499,-0.98431,0.0,null],[103.40943,-0.98443,0.0,null],[103.4093,-1.01994,0.0,null],[103.40218,-1.02005,0.0,null],[103.40215,-1.02478,0.0,null],[103.39858,-1.0248,0.0,null],[103.39854,-1.02751,0.0,null],[103.39434,-1.02751,0.0,null],[103.39435,-1.04171,0.0,null],[103.39678,-1.04174,0.0,null],[103.39696,-1.05559,0.0,null],[103.40434,-1.06337,0.0,null],[103.40892,-1.0699,0.0,null],[103.41295,-1.07775,0.0,null],[103.41375,-1.08624,0.0,null],[103.41567,-1.09473,0.0,null],[103.41721,-1.09906,0.0,null],[103.42178,-1.10669,0.0,null],[103.42033,-1.11073,0.0,null],[103.41384,-1.11476,0.0,null],[103.41191,-1.11789,0.0,null],[103.41338,-1.12218,0.0,null],[103.41699,-1.12334,0.0,null],[103.41987,-1.12206,0.0,null],[103.42466,-1.12194,0.0,null],[103.42701,-1.13159,0.0,null],[103.42825,-1.14129,0.0,null],[103.42698,-1.149,0.0,null],[103.42516,-1.15138,0.0,null],[103.42501,-1.15587,0.0,null],[103.42171,-1.15677,0.0,null],[103.42436,-1.16136,0.0,null],[103.42722,-1.16432,0.0,null],[103.42195,-1.17052,0.0,null],[103.42008,-1.17109,0.0,null],[103.42121,-1.17501,0.0,null],[103.42086,-1.17535,0.0,null],[103.42126,-1.17536,0.0,null],[103.4235,-1.1807,0.0,null],[103.4223,-1.18752,0.0,null],[103.42163,-1.1888,0.0,null],[103.41821,-1.19067,0.0,null],[103.41675,-1.1926,0.0,null],[103.41621,-1.19215,0.0,null],[103.41516,-1.19352,0.0,null],[103.4146,-1.19337,0.0,null],[103.41607,-1.19137,0.0,null],[103.41618,-1.19037,0.0,null],[103.41829,-1.18841,0.0,null],[103.42074,-1.18358,0.0,null],[103.42059,-1.17555,0.0,null],[103.4169,-1.17464,0.0,null],[103.41431,-1.17564,0.0,null],[103.4122,-1.17548,0.0,null],[103.41018,-1.17446,0.0,null],[103.40791,-1.17563,0.0,null],[103.4018,-1.17615,0.0,null],[103.39648,-1.1743,0.0,null],[103.39431,-1.17472,0.0,null],[103.38882,-1.1734,0.0,null],[103.38042,-1.17332,0.0,null],[103.37109,-1.1483,0.0,null],[103.37926,-1.1455,0.0,null],[103.37387,-1.14146,0.0,null],[103.37081,-1.13822,0.0,null],[103.37126,-1.13741,0.0,null],[103.36879,-1.13389,0.0,null],[103.36949,-1.13354,0.0,null],[103.37085,-1.13411,0.0,null],[103.37045,-1.13193,0.0,null],[103.36829,-1.13154,0.0,null],[103.36791,-1.13085,0.0,null],[103.36934,-1.1303,0.0,null],[103.36961,-1.12958,0.0,null],[103.37154,-1.12998,0.0,null],[103.37319,-1.12934,0.0,null],[103.37591,-1.12662,0.0,null],[103.37611,-1.12503,0.0,null],[103.37491,-1.12416,0.0,null],[103.37222,-1.12689,0.0,null],[103.36959,-1.12714,0.0,null],[103.36848,-1.1279,0.0,null],[103.36581,-1.12718,0.0,null],[103.35122,-1.09328,0.0,null],[103.34773,-1.0919,0.0,null],[103.34908,-1.09051,0.0,null],[103.34759,-1.09019,0.0,null],[103.34888,-1.08784,0.0,null],[103.34592,-1.08819,0.0,null],[103.34514,-1.08665,0.0,null],[103.3459,-1.08621,0.0,null],[103.34576,-1.08559,0.0,null],[103.34479,-1.08551,0.0,null],[103.3453,-1.08466,0.0,null],[103.34398,-1.08384,0.0,null],[103.34435,-1.08286,0.0,null],[103.34598,-1.08267,0.0,null],[103.34752,-1.08105,0.0,null],[103.35094,-1.08403,0.0,null],[103.35323,-1.08417,0.0,null],[103.35404,-1.08475,0.0,null],[103.35422,-1.0832,0.0,null],[103.35739,-1.08128,0.0,null],[103.35906,-1.08258,0.0,null],[103.3616,-1.08223,0.0,null],[103.36059,-1.08191,0.0,null],[103.35949,-1.07995,0.0,null],[103.36178,-1.07809,0.0,null],[103.37455,-1.07842,0.0,null],[103.38106,-1.07056,0.0,null],[103.37399,-1.06675,0.0,null],[103.37177,-1.06084,0.0,null],[103.37208,-1.05734,0.0,null],[103.37052,-1.05432,0.0,null],[103.36763,-1.0523,0.0,null],[103.36671,-1.05529,0.0,null],[103.3649,-1.05581,0.0,null],[103.35754,-1.05487,0.0,null],[103.35612,-1.05394,0.0,null],[103.35488,-1.05601,0.0,null],[103.35398,-1.05613,0.0,null],[103.35325,-1.05518,0.0,null],[103.3554,-1.0527,0.0,null],[103.3551,-1.04831,0.0,null],[103.35151,-1.04138,0.0,null],[103.34842,-1.03769,0.0,null],[103.34785,-1.03601,0.0,null],[103.34615,-1.03569,0.0,null],[103.34581,-1.03066,0.0,null],[103.34159,-1.02748,0.0,null],[103.33542,-1.02564,0.0,null],[103.31878,-1.02405,0.0,null],[103.29725,-1.02384,0.0,null],[103.27281,-1.01747,0.0,null],[103.25423,-1.01759,0.0,null],[103.23793,-1.0249,0.0,null],[103.22904,-1.02822,0.0,null],[103.20706,-1.02637,0.0,null],[103.20604,-1.02612,0.0,null],[103.19962,-1.01767,0.0,null],[103.18929,-1.00596,0.0,null],[103.18979,-1.00436,0.0,null],[103.18706,-1.0068,0.0,null],[103.1862,-1.00836,0.0,null],[103.18506,-1.02,0.0,null],[103.18413,-1.02314,0.0,null],[103.18386,-1.0425,0.0,null],[103.18443,-1.04565,0.0,null],[103.18757,-1.04894,0.0,null],[103.18896,-1.05151,0.0,null],[103.19254,-1.06124,0.0,null],[103.20057,-1.06208,0.0,null],[103.20219,-1.06277,0.0,null],[103.20266,-1.06403,0.0,null],[103.20453,-1.06462,0.0,null],[103.20453,-1.06606,0.0,null],[103.20356,-1.06612,0.0,null],[103.20356,-1.06887,0.0,null],[103.2024,-1.06886,0.0,null],[103.20042,-1.0687,0.0,null],[103.20008,-1.0664,0.0,null],[103.19877,-1.06634,0.0,null],[103.19706,-1.06772,0.0,null],[103.19598,-1.06433,0.0,null],[103.1947,-1.06354,0.0,null],[103.19368,-1.06433,0.0,null],[103.20236,-1.0879,0.0,null],[103.2027,-1.1369,0.0,null],[103.19464,-1.13794,0.0,null],[103.17147,-1.14313,0.0,null],[103.16646,-1.14574,0.0,null],[103.16565,-1.1477,0.0,null],[103.16257,-1.15116,0.0,null],[103.14559,-1.15739,0.0,null],[103.13803,-1.1614,0.0,null],[103.13747,-1.16419,0.0,null],[103.13712,-1.176,0.0,null],[103.13448,-1.17924,0.0,null],[103.12957,-1.17782,0.0,null],[103.12363,-1.17848,0.0,null],[103.12293,-1.17924,0.0,null],[103.11806,-1.18847,0.0,null],[103.11806,-1.20084,0.0,null],[103.11649,-1.20221,0.0,null],[103.11466,-1.20211,0.0,null],[103.11492,-1.20403,0.0,null],[103.11811,-1.21164,0.0,null],[103.12516,-1.22391,0.0,null],[103.12794,-1.2341,0.0,null],[103.12642,-1.23744,0.0,null],[103.12749,-1.24008,0.0,null],[103.12933,-1.24051,0.0,null],[103.13021,-1.24259,0.0,null],[103.13683,-1.24967,0.0,null],[103.1525,-1.25243,0.0,null],[103.15456,-1.25386,0.0,null],[103.15731,-1.25198,0.0,null],[103.15892,-1.25256,0.0,null],[103.16209,-1.25155,0.0,null],[103.16328,-1.2527,0.0,null],[103.16356,-1.2551,0.0,null],[103.17006,-1.25861,0.0,null],[103.17309,-1.25639,0.0,null],[103.17493,-1.25009,0.0,null],[103.18219,-1.25033,0.0,null],[103.18572,-1.25726,0.0,null],[103.18582,-1.25866,0.0,null],[103.18684,-1.26036,0.0,null],[103.18674,-1.26157,0.0,null],[103.18824,-1.26133,0.0,null],[103.1912,-1.25978,0.0,null],[103.19255,-1.25067,0.0,null],[103.19241,-1.24651,0.0,null],[103.1942,-1.24757,0.0,null],[103.19405,-1.2497,0.0,null],[103.19487,-1.2509,0.0,null],[103.19532,-1.25339,0.0,null],[103.19733,-1.25509,0.0,null],[103.19788,-1.25236,0.0,null],[103.20146,-1.25083,0.0,null],[103.20114,-1.24783,0.0,null],[103.19739,-1.24583,0.0,null],[103.19812,-1.24438,0.0,null],[103.19681,-1.24113,0.0,null],[103.19754,-1.24136,0.0,null],[103.19522,-1.23843,0.0,null],[103.19527,-1.23702,0.0,null],[103.19402,-1.23534,0.0,null],[103.20104,-1.21849,0.0,null],[103.20122,-1.21593,0.0,null],[103.2024,-1.21592,0.0,null],[103.20247,-1.2129,0.0,null],[103.20471,-1.21016,0.0,null],[103.20511,-1.20321,0.0,null],[103.20476,-1.20238,0.0,null],[103.20372,-1.2019,0.0,null],[103.20338,-1.19814,0.0,null],[103.20825,-1.19837,0.0,null],[103.20901,-1.20004,0.0,null],[103.21062,-1.19875,0.0,null],[103.21029,-1.19734,0.0,null],[103.21108,-1.19576,0.0,null],[103.21279,-1.19483,0.0,null],[103.21506,-1.19626,0.0,null],[103.21458,-1.19855,0.0,null],[103.21582,-1.1992,0.0,null],[103.2173,-1.19697,0.0,null],[103.22232,-1.19327,0.0,null],[103.22362,-1.19494,0.0,null],[103.22397,-1.19634,0.0,null],[103.22517,-1.19651,0.0,null],[103.22701,-1.19502,0.0,null],[103.22825,-1.19528,0.0,null],[103.23133,-1.19227,0.0,null],[103.23268,-1.19171,0.0,null],[103.23408,-1.19231,0.0,null],[103.24,-1.19256,0.0,null],[103.24613,-1.19163,0.0,null],[103.24657,-1.18254,0.0,null],[103.26898,-1.18754,0.0,null],[103.404,-1.22166,0.0,null],[103.40314,-1.22047,0.0,null],[103.40566,-1.2054,0.0,null],[103.40909,-1.20502,0.0,null],[103.41188,-1.20375,0.0,null],[103.41467,-1.20444,0.0,null],[103.41872,-1.20417,0.0,null],[103.41965,-1.20918,0.0,null],[103.41945,-1.21165,0.0,null],[103.42024,-1.21471,0.0,null],[103.4202,-1.21717,0.0,null],[103.41842,-1.21706,0.0,null],[103.41795,-1.21789,0.0,null],[103.41856,-1.21879,0.0,null],[103.42079,-1.21897,0.0,null],[103.42167,-1.21956,0.0,null],[103.42207,-1.22129,0.0,null],[103.42148,-1.22294,0.0,null],[103.42226,-1.22626,0.0,null],[103.42624,-1.22232,0.0,null],[103.4278,-1.22328,0.0,null],[103.43275,-1.22413,0.0,null],[103.43595,-1.22591,0.0,null],[103.44108,-1.22723,0.0,null],[103.44443,-1.23016,0.0,null],[103.44666,-1.23765,0.0,null],[103.44823,-1.23954,0.0,null],[103.44892,-1.24187,0.0,null],[103.45611,-1.24224,0.0,null],[103.46199,-1.23827,0.0,null],[103.46686,-1.23313,0.0,null],[103.46908,-1.23199,0.0,null],[103.47161,-1.22807,0.0,null],[103.47418,-1.22705,0.0,null],[103.48118,-1.22562,0.0,null],[103.48397,-1.22824,0.0,null],[103.48507,-1.23069,0.0,null],[103.48665,-1.23148,0.0,null],[103.48692,-1.23397,0.0,null],[103.4892,-1.23501,0.0,null],[103.49014,-1.2378,0.0,null],[103.49367,-1.23558,0.0,null],[103.49455,-1.23421,0.0,null],[103.49671,-1.23408,0.0,null],[103.49953,-1.23245,0.0,null],[103.50067,-1.23267,0.0,null],[103.50235,-1.24214,0.0,null],[103.50464,-1.24611,0.0,null],[103.50812,-1.25479,0.0,null],[103.50927,-1.26167,0.0,null],[103.51184,-1.26047,0.0,null],[103.51673,-1.26263,0.0,null],[103.51855,-1.26172,0.0,null],[103.51942,-1.25962,0.0,null],[103.52081,-1.25836,0.0,null],[103.52497,-1.25757,0.0,null],[103.53072,-1.25832,0.0,null],[103.53163,-1.25865,0.0,null],[103.53171,-1.25971,0.0,null],[103.53949,-1.25166,0.0,null],[103.53861,-1.2507,0.0,null],[103.53748,-1.25108,0.0,null],[103.53701,-1.24885,0.0,null],[103.53749,-1.24728,0.0,null],[103.53816,-1.24755,0.0,null],[103.54018,-1.24393,0.0,null],[103.5427,-1.24466,0.0,null],[103.53654,-1.2269,0.0,null],[103.53648,-1.22201,0.0,null],[103.53743,-1.213,0.0,null],[103.53815,-1.21055,0.0,null],[103.53833,-1.20691,0.0,null],[103.53785,-1.20506,0.0,null],[103.53839,-1.20369,0.0,null],[103.53391,-1.19838,0.0,null],[103.53278,-1.19593,0.0,null],[103.52997,-1.19229,0.0,null],[103.52723,-1.19169,0.0,null],[103.52633,-1.19205,0.0,null],[103.52496,-1.19044,0.0,null],[103.52598,-1.18895,0.0,null],[103.52603,-1.18602,0.0,null],[103.51602,-1.17999,0.0,null],[103.51432,-1.17831,0.0,null],[103.51562,-1.17755,0.0,null],[103.51572,-1.17676,0.0,null],[103.51355,-1.17535,0.0,null],[103.51319,-1.1734,0.0,null],[103.51355,-1.1683,0.0,null],[103.51161,-1.16824,0.0,null],[103.51164,-1.16224,0.0,null],[103.51097,-1.16159,0.0,null],[103.50856,-1.16121,0.0,null],[103.50728,-1.13533,0.0,null],[103.50286,-1.13471,0.0,null],[103.49758,-1.1261,0.0,null],[103.49738,-1.12246,0.0,null],[103.49095,-1.1122,0.0,null],[103.49226,-1.11057,0.0,null],[103.49485,-1.10996,0.0,null],[103.49787,-1.11197,0.0,null],[103.49887,-1.11504,0.0,null],[103.51007,-1.10573,0.0,null],[103.50477,-1.10345,0.0,null],[103.50476,-1.10282,0.0,null],[103.50152,-1.10129,0.0,null],[103.50116,-1.09888,0.0,null],[103.50719,-1.09373,0.0,null],[103.51361,-1.06966,0.0,null],[103.51501,-1.06857,0.0,null],[103.51376,-1.05772,0.0,null],[103.51892,-1.05499,0.0,null],[103.51655,-1.04907,0.0,null],[103.52035,-1.04542,0.0,null],[103.52725,-1.04523,0.0,null],[103.53133,-1.04142,0.0,null],[103.52989,-1.02687,0.0,null],[103.54219,-1.02915,0.0,null],[103.54447,-1.02217,0.0,null],[103.54218,-1.01842,0.0,null],[103.53816,-1.01548,0.0,null],[103.53551,-1.01222,0.0,null],[103.53421,-1.01163,0.0,null],[103.5273,-1.00079,0.0,null],[103.5249,-0.99845,0.0,null],[103.49833,-0.98223,0.0,null],[103.49263,-0.98181,0.0,null]]],[[[103.03005,-0.75468,0.0,null],[103.02447,-0.75509,0.0,null],[103.0038,-0.7548,0.0,null],[102.99214,-0.77073,0.0,null],[102.986,-0.78064,0.0,null],[102.94311,-0.84289,0.0,null],[102.92796,-0.86625,0.0,null],[102.89836,-0.89299,0.0,null],[102.8931,-0.89872,0.0,null],[102.88629,-0.90413,0.0,null],[102.86007,-0.92801,0.0,null],[102.82586,-0.95315,0.0,null],[102.80953,-0.9628,0.0,null],[102.8008,-0.9668,0.0,null],[102.79571,-0.9716,0.0,null],[102.79944,-0.97165,0.0,null],[102.78875,-0.99152,0.0,null],[102.79087,-1.0019,0.0,null],[102.79414,-1.00369,0.0,null],[102.80827,-1.00407,0.0,null],[102.81189,-1.00316,0.0,null],[102.81597,-1.00124,0.0,null],[102.8195,-1.00168,0.0,null],[102.82038,-1.00135,0.0,null],[102.83974,-1.01319,0.0,null],[102.84317,-1.01705,0.0,null],[102.84659,-1.01673,0.0,null],[102.84765,-1.01785,0.0,null],[102.84846,-1.02112,0.0,null],[102.84966,-1.02198,0.0,null],[102.85378,-1.02186,0.0,null],[102.85702,-1.02248,0.0,null],[102.85703,-1.0243,0.0,null],[102.8552,-1.02431,0.0,null],[102.8552,-1.02745,0.0,null],[102.86496,-1.02747,0.0,null],[102.86545,-1.02658,0.0,null],[102.86586,-1.0274,0.0,null],[102.86666,-1.02636,0.0,null],[102.86655,-1.02708,0.0,null],[102.86805,-1.0274,0.0,null],[102.86868,-1.02636,0.0,null],[102.86659,-1.02441,0.0,null],[102.86614,-1.02219,0.0,null],[102.86713,-1.02159,0.0,null],[102.86904,-1.02215,0.0,null],[102.86742,-1.0212,0.0,null],[102.86727,-1.02069,0.0,null],[102.86789,-1.02051,0.0,null],[102.86738,-1.01994,0.0,null],[102.86845,-1.01946,0.0,null],[102.86794,-1.0183,0.0,null],[102.86884,-1.01773,0.0,null],[102.86884,-1.01713,0.0,null],[102.87023,-1.01699,0.0,null],[102.86954,-1.01644,0.0,null],[102.87092,-1.01563,0.0,null],[102.8701,-1.0148,0.0,null],[102.87129,-1.01401,0.0,null],[102.87059,-1.01369,0.0,null],[102.8705,-1.01295,0.0,null],[102.86952,-1.0132,0.0,null],[102.86935,-1.01255,0.0,null],[102.87027,-1.01192,0.0,null],[102.85857,-0.99866,0.0,null],[102.85844,-0.9951,0.0,null],[102.85776,-0.99411,0.0,null],[102.85756,-0.98775,0.0,null],[102.86798,-0.98777,0.0,null],[102.88688,-0.98882,0.0,null],[102.89082,-0.98961,0.0,null],[102.89307,-0.98898,0.0,null],[102.91862,-0.98962,0.0,null],[102.96861,-0.99164,0.0,null],[102.99117,-1.02345,0.0,null],[102.99126,-1.04994,0.0,null],[102.98595,-1.05522,0.0,null],[103.00513,-1.05523,0.0,null],[103.00514,-1.06167,0.0,null],[103.01551,-1.06171,0.0,null],[103.02427,-1.07329,0.0,null],[103.02452,-1.08423,0.0,null],[103.01789,-1.08424,0.0,null],[103.01443,-1.0914,0.0,null],[103.01786,-1.09148,0.0,null],[103.01787,-1.09314,0.0,null],[103.0196,-1.09314,0.0,null],[103.0196,-1.0946,0.0,null],[103.03495,-1.09447,0.0,null],[103.03496,-1.09149,0.0,null],[103.04477,-1.0915,0.0,null],[103.04466,-1.08309,0.0,null],[103.02521,-1.06693,0.0,null],[103.03718,-1.05228,0.0,null],[103.03861,-1.05345,0.0,null],[103.04064,-1.05084,0.0,null],[103.03861,-1.05347,0.0,null],[103.04615,-1.04441,0.0,null],[103.03195,-1.03598,0.0,null],[103.02183,-1.05397,0.0,null],[103.01611,-1.05818,0.0,null],[103.00807,-1.05136,0.0,null],[103.01855,-1.03832,0.0,null],[103.01852,-1.02371,0.0,null],[103.03361,-1.02357,0.0,null],[103.01207,-0.99907,0.0,null],[103.01203,-0.99783,0.0,null],[103.04121,-0.99784,0.0,null],[103.04122,-0.99216,0.0,null],[103.05152,-0.99397,0.0,null],[103.05116,-0.97966,0.0,null],[103.03811,-0.97962,0.0,null],[103.03776,-0.94502,0.0,null],[103.02996,-0.94503,0.0,null],[103.02998,-0.9237,0.0,null],[103.00548,-0.92328,0.0,null],[103.00543,-0.91622,0.0,null],[102.99722,-0.9164,0.0,null],[102.99713,-0.90717,0.0,null],[102.97882,-0.90745,0.0,null],[102.97912,-0.89651,0.0,null],[102.96874,-0.89659,0.0,null],[102.96921,-0.8596,0.0,null],[102.98142,-0.85978,0.0,null],[102.98131,-0.85606,0.0,null],[102.99218,-0.85621,0.0,null],[102.99224,-0.84749,0.0,null],[103.00288,-0.84765,0.0,null],[103.00281,-0.83683,0.0,null],[103.01166,-0.83684,0.0,null],[103.00884,-0.83462,0.0,null],[103.00954,-0.83212,0.0,null],[103.02256,-0.82971,0.0,null],[103.02269,-0.81984,0.0,null],[103.06287,-0.77173,0.0,null],[103.06308,-0.75927,0.0,null],[103.0458,-0.7554,0.0,null],[103.03005,-0.75468,0.0,null]]],[[[103.58836,-1.23715,0.0,null],[103.57305,-1.23755,0.0,null],[103.56623,-1.24742,0.0,null],[103.56616,-1.25162,0.0,null],[103.57246,-1.25168,0.0,null],[103.57409,-1.25385,0.0,null],[103.57588,-1.25977,0.0,null],[103.57516,-1.2694,0.0,null],[103.57164,-1.27841,0.0,null],[103.57135,-1.28067,0.0,null],[103.5689,-1.28603,0.0,null],[103.57855,-1.28925,0.0,null],[103.58361,-1.30084,0.0,null],[103.58749,-1.31428,0.0,null],[103.59061,-1.33795,0.0,null],[103.59061,-1.34238,0.0,null],[103.58981,-1.35098,0.0,null],[103.58665,-1.36876,0.0,null],[103.58701,-1.36803,0.0,null],[103.59087,-1.36803,0.0,null],[103.59026,-1.37701,0.0,null],[103.59804,-1.38247,0.0,null],[103.5935,-1.39512,0.0,null],[103.59353,-1.40647,0.0,null],[103.59788,-1.40647,0.0,null],[103.59786,-1.41386,0.0,null],[103.61278,-1.41718,0.0,null],[103.66361,-1.41661,0.0,null],[103.66349,-1.41702,0.0,null],[103.66731,-1.41706,0.0,null],[103.66736,-1.41895,0.0,null],[103.69476,-1.41909,0.0,null],[103.69471,-1.41781,0.0,null],[103.7042,-1.41529,0.0,null],[103.70457,-1.41909,0.0,null],[103.73036,-1.41932,0.0,null],[103.73536,-1.40723,0.0,null],[103.73688,-1.40543,0.0,null],[103.73919,-1.40418,0.0,null],[103.78063,-1.40378,0.0,null],[103.78224,-1.4014,0.0,null],[103.78714,-1.40108,0.0,null],[103.78741,-1.402,0.0,null],[103.79012,-1.402,0.0,null],[103.79007,-1.40319,0.0,null],[103.79658,-1.4031,0.0,null],[103.8057,-1.3976,0.0,null],[103.80552,-1.38621,0.0,null],[103.80793,-1.38603,0.0,null],[103.81348,-1.38335,0.0,null],[103.81574,-1.3832,0.0,null],[103.81729,-1.38123,0.0,null],[103.82938,-1.37815,0.0,null],[103.83129,-1.37606,0.0,null],[103.83314,-1.37621,0.0,null],[103.83955,-1.37244,0.0,null],[103.84227,-1.37225,0.0,null],[103.84344,-1.37097,0.0,null],[103.84544,-1.37089,0.0,null],[103.84937,-1.36765,0.0,null],[103.85038,-1.36618,0.0,null],[103.85291,-1.3658,0.0,null],[103.85638,-1.36267,0.0,null],[103.85838,-1.36233,0.0,null],[103.86065,-1.35988,0.0,null],[103.86348,-1.35844,0.0,null],[103.86491,-1.35704,0.0,null],[103.86589,-1.35735,0.0,null],[103.86684,-1.35693,0.0,null],[103.86937,-1.35471,0.0,null],[103.87121,-1.35414,0.0,null],[103.85995,-1.35392,0.0,null],[103.85185,-1.35486,0.0,null],[103.82534,-1.3599,0.0,null],[103.79285,-1.36139,0.0,null],[103.78313,-1.35886,0.0,null],[103.77727,-1.35311,0.0,null],[103.77624,-1.32292,0.0,null],[103.78056,-1.30056,0.0,null],[103.75896,-1.29689,0.0,null],[103.75835,-1.30634,0.0,null],[103.75793,-1.33678,0.0,null],[103.70696,-1.33292,0.0,null],[103.70715,-1.32281,0.0,null],[103.69153,-1.32038,0.0,null],[103.64929,-1.31571,0.0,null],[103.65059,-1.23835,0.0,null],[103.58836,-1.23715,0.0,null]]],[[[103.1751,-0.87576,0.0,null],[103.15914,-0.86591,0.0,null],[103.15217,-0.8651,0.0,null],[103.15012,-0.86595,0.0,null],[103.14714,-0.88067,0.0,null],[103.14446,-0.88061,0.0,null],[103.13939,-0.87238,0.0,null],[103.13052,-0.87235,0.0,null],[103.12973,-0.87544,0.0,null],[103.11475,-0.87558,0.0,null],[103.11286,-0.87094,0.0,null],[103.09597,-0.87217,0.0,null],[103.09543,-0.87466,0.0,null],[103.06887,-0.87468,0.0,null],[103.06595,-0.87382,0.0,null],[103.05819,-0.87469,0.0,null],[103.05919,-0.88114,0.0,null],[103.05252,-0.8813,0.0,null],[103.05284,-0.90775,0.0,null],[103.06841,-0.90781,0.0,null],[103.06844,-0.90955,0.0,null],[103.06931,-0.91125,0.0,null],[103.07489,-0.93358,0.0,null],[103.06248,-0.93603,0.0,null],[103.06253,-0.93926,0.0,null],[103.06153,-0.93934,0.0,null],[103.06163,-0.94095,0.0,null],[103.0891,-0.94087,0.0,null],[103.08929,-0.96778,0.0,null],[103.11184,-0.96769,0.0,null],[103.11239,-0.96648,0.0,null],[103.12734,-0.96652,0.0,null],[103.12764,-0.98476,0.0,null],[103.17591,-0.98463,0.0,null],[103.18956,-0.98542,0.0,null],[103.18936,-0.99873,0.0,null],[103.19602,-0.99497,0.0,null],[103.20053,-0.99161,0.0,null],[103.21007,-0.97207,0.0,null],[103.21344,-0.96711,0.0,null],[103.2192,-0.96374,0.0,null],[103.22514,-0.95874,0.0,null],[103.23844,-0.95302,0.0,null],[103.24731,-0.9456,0.0,null],[103.25479,-0.94408,0.0,null],[103.2596,-0.94368,0.0,null],[103.26253,-0.94425,0.0,null],[103.26148,-0.94753,0.0,null],[103.25422,-0.96122,0.0,null],[103.25774,-0.96331,0.0,null],[103.25926,-0.96162,0.0,null],[103.25978,-0.96166,0.0,null],[103.26438,-0.96395,0.0,null],[103.26679,-0.96259,0.0,null],[103.26753,-0.96091,0.0,null],[103.26885,-0.9603,0.0,null],[103.26883,-0.95849,0.0,null],[103.27131,-0.95901,0.0,null],[103.27252,-0.95773,0.0,null],[103.27251,-0.95638,0.0,null],[103.27312,-0.95605,0.0,null],[103.27605,-0.95647,0.0,null],[103.27774,-0.95229,0.0,null],[103.27992,-0.95249,0.0,null],[103.27977,-0.95478,0.0,null],[103.27895,-0.95592,0.0,null],[103.28064,-0.95611,0.0,null],[103.28317,-0.95534,0.0,null],[103.28516,-0.95718,0.0,null],[103.28754,-0.95515,0.0,null],[103.2871,-0.95255,0.0,null],[103.28883,-0.95251,0.0,null],[103.29084,-0.95348,0.0,null],[103.29121,-0.95246,0.0,null],[103.29008,-0.95096,0.0,null],[103.2907,-0.95024,0.0,null],[103.29296,-0.95033,0.0,null],[103.29437,-0.95114,0.0,null],[103.29563,-0.9525,0.0,null],[103.29565,-0.95435,0.0,null],[103.29781,-0.95322,0.0,null],[103.2982,-0.95124,0.0,null],[103.29991,-0.95145,0.0,null],[103.30148,-0.95251,0.0,null],[103.30205,-0.94965,0.0,null],[103.30504,-0.94982,0.0,null],[103.30462,-0.94743,0.0,null],[103.30568,-0.94665,0.0,null],[103.30734,-0.94703,0.0,null],[103.30797,-0.94859,0.0,null],[103.30757,-0.95025,0.0,null],[103.30925,-0.95024,0.0,null],[103.31189,-0.94692,0.0,null],[103.31446,-0.94656,0.0,null],[103.31638,-0.94539,0.0,null],[103.31658,-0.94171,0.0,null],[103.31858,-0.94002,0.0,null],[103.3184,-0.93841,0.0,null],[103.31902,-0.93753,0.0,null],[103.32134,-0.93613,0.0,null],[103.32082,-0.93201,0.0,null],[103.32372,-0.9295,0.0,null],[103.32394,-0.92682,0.0,null],[103.32576,-0.92465,0.0,null],[103.32561,-0.92332,0.0,null],[103.31928,-0.9236,0.0,null],[103.31926,-0.91813,0.0,null],[103.30628,-0.92107,0.0,null],[103.3,-0.92515,0.0,null],[103.29893,-0.92513,0.0,null],[103.2994,-0.92871,0.0,null],[103.2982,-0.93704,0.0,null],[103.29325,-0.93686,0.0,null],[103.29085,-0.93899,0.0,null],[103.28967,-0.9389,0.0,null],[103.28961,-0.94127,0.0,null],[103.28089,-0.9414,0.0,null],[103.28095,-0.93921,0.0,null],[103.27349,-0.93896,0.0,null],[103.27395,-0.92642,0.0,null],[103.27473,-0.92605,0.0,null],[103.27479,-0.92396,0.0,null],[103.26066,-0.92332,0.0,null],[103.25852,-0.91469,0.0,null],[103.25319,-0.91013,0.0,null],[103.2526,-0.90439,0.0,null],[103.24733,-0.90701,0.0,null],[103.24712,-0.90772,0.0,null],[103.24127,-0.90871,0.0,null],[103.23356,-0.90908,0.0,null],[103.22833,-0.91213,0.0,null],[103.22503,-0.91244,0.0,null],[103.21603,-0.91241,0.0,null],[103.216,-0.90917,0.0,null],[103.21508,-0.90843,0.0,null],[103.21477,-0.90664,0.0,null],[103.21224,-0.90578,0.0,null],[103.21224,-0.90461,0.0,null],[103.21154,-0.9044,0.0,null],[103.21016,-0.90477,0.0,null],[103.20935,-0.90624,0.0,null],[103.20636,-0.90843,0.0,null],[103.20435,-0.90732,0.0,null],[103.2034,-0.90788,0.0,null],[103.20103,-0.90714,0.0,null],[103.19949,-0.90886,0.0,null],[103.19816,-0.90843,0.0,null],[103.19813,-0.90772,0.0,null],[103.19693,-0.9076,0.0,null],[103.19628,-0.90563,0.0,null],[103.19363,-0.90544,0.0,null],[103.19185,-0.90612,0.0,null],[103.18679,-0.90584,0.0,null],[103.17844,-0.8759,0.0,null],[103.1751,-0.87576,0.0,null]]],[[[103.33313,-1.3738,0.0,null],[103.33354,-1.37315,0.0,null],[103.3276,-1.37096,0.0,null],[103.32141,-1.37248,0.0,null],[103.31976,-1.37564,0.0,null],[103.32028,-1.38146,0.0,null],[103.31351,-1.40054,0.0,null],[103.30539,-1.40086,0.0,null],[103.30332,-1.41134,0.0,null],[103.30517,-1.41816,0.0,null],[103.30909,-1.4219,0.0,null],[103.30715,-1.42569,0.0,null],[103.30074,-1.43359,0.0,null],[103.30059,-1.43618,0.0,null],[103.3023,-1.43868,0.0,null],[103.30212,-1.44478,0.0,null],[103.29991,-1.44962,0.0,null],[103.30122,-1.45387,0.0,null],[103.29348,-1.47211,0.0,null],[103.29175,-1.47955,0.0,null],[103.27444,-1.50215,0.0,null],[103.25605,-1.52414,0.0,null],[103.25266,-1.52743,0.0,null],[103.24999,-1.52755,0.0,null],[103.24749,-1.52994,0.0,null],[103.24719,-1.53239,0.0,null],[103.24335,-1.5366,0.0,null],[103.24484,-1.53861,0.0,null],[103.24437,-1.54029,0.0,null],[103.24381,-1.54124,0.0,null],[103.24262,-1.54131,0.0,null],[103.24215,-1.54194,0.0,null],[103.24154,-1.5457,0.0,null],[103.23963,-1.54935,0.0,null],[103.23732,-1.54927,0.0,null],[103.23581,-1.55006,0.0,null],[103.23192,-1.55693,0.0,null],[103.23427,-1.55758,0.0,null],[103.23683,-1.56002,0.0,null],[103.23934,-1.56117,0.0,null],[103.24259,-1.56393,0.0,null],[103.2439,-1.56585,0.0,null],[103.24829,-1.56778,0.0,null],[103.25049,-1.57001,0.0,null],[103.25423,-1.56932,0.0,null],[103.25584,-1.5719,0.0,null],[103.25795,-1.57215,0.0,null],[103.25883,-1.57311,0.0,null],[103.25947,-1.57707,0.0,null],[103.26312,-1.57824,0.0,null],[103.26647,-1.57757,0.0,null],[103.26753,-1.57671,0.0,null],[103.26914,-1.5743,0.0,null],[103.26943,-1.57274,0.0,null],[103.27056,-1.57218,0.0,null],[103.27107,-1.57084,0.0,null],[103.27182,-1.57184,0.0,null],[103.27033,-1.57435,0.0,null],[103.27174,-1.57624,0.0,null],[103.27916,-1.56962,0.0,null],[103.2993,-1.57229,0.0,null],[103.30744,-1.57263,0.0,null],[103.30442,-1.5686,0.0,null],[103.29602,-1.56796,0.0,null],[103.29428,-1.56557,0.0,null],[103.31661,-1.56509,0.0,null],[103.32246,-1.55799,0.0,null],[103.32652,-1.55047,0.0,null],[103.32602,-1.54435,0.0,null],[103.31142,-1.53152,0.0,null],[103.31004,-1.52503,0.0,null],[103.31068,-1.51697,0.0,null],[103.32301,-1.49653,0.0,null],[103.32745,-1.49202,0.0,null],[103.33883,-1.48583,0.0,null],[103.34989,-1.47758,0.0,null],[103.35808,-1.46404,0.0,null],[103.3643,-1.45558,0.0,null],[103.36584,-1.45461,0.0,null],[103.3651,-1.45015,0.0,null],[103.36426,-1.44965,0.0,null],[103.36351,-1.45011,0.0,null],[103.36345,-1.44902,0.0,null],[103.36245,-1.44786,0.0,null],[103.35941,-1.44698,0.0,null],[103.36016,-1.44641,0.0,null],[103.35955,-1.44561,0.0,null],[103.35546,-1.44311,0.0,null],[103.35475,-1.4413,0.0,null],[103.35547,-1.44032,0.0,null],[103.3544,-1.4389,0.0,null],[103.35497,-1.43758,0.0,null],[103.3535,-1.43636,0.0,null],[103.3536,-1.4358,0.0,null],[103.35279,-1.43587,0.0,null],[103.35216,-1.43446,0.0,null],[103.35228,-1.43321,0.0,null],[103.35167,-1.43317,0.0,null],[103.35249,-1.43224,0.0,null],[103.3511,-1.43209,0.0,null],[103.35086,-1.43127,0.0,null],[103.35149,-1.43009,0.0,null],[103.35033,-1.42963,0.0,null],[103.3514,-1.42909,0.0,null],[103.35037,-1.42817,0.0,null],[103.35085,-1.4268,0.0,null],[103.35042,-1.42511,0.0,null],[103.35132,-1.42435,0.0,null],[103.34931,-1.42293,0.0,null],[103.34907,-1.42123,0.0,null],[103.34837,-1.42038,0.0,null],[103.34745,-1.41475,0.0,null],[103.34778,-1.41386,0.0,null],[103.34694,-1.414,0.0,null],[103.34573,-1.41282,0.0,null],[103.34652,-1.40925,0.0,null],[103.34577,-1.40879,0.0,null],[103.34699,-1.408,0.0,null],[103.34718,-1.40664,0.0,null],[103.3478,-1.40721,0.0,null],[103.34787,-1.4055,0.0,null],[103.34916,-1.40348,0.0,null],[103.34858,-1.40182,0.0,null],[103.34924,-1.4013,0.0,null],[103.34887,-1.40086,0.0,null],[103.34768,-1.40112,0.0,null],[103.34454,-1.39961,0.0,null],[103.34581,-1.39887,0.0,null],[103.34605,-1.39753,0.0,null],[103.34409,-1.39639,0.0,null],[103.34488,-1.39578,0.0,null],[103.34474,-1.39392,0.0,null],[103.34582,-1.39167,0.0,null],[103.34597,-1.38735,0.0,null],[103.34514,-1.38746,0.0,null],[103.34495,-1.38676,0.0,null],[103.34444,-1.38682,0.0,null],[103.34457,-1.38625,0.0,null],[103.34285,-1.38587,0.0,null],[103.34215,-1.38464,0.0,null],[103.34125,-1.38484,0.0,null],[103.34063,-1.38429,0.0,null],[103.34078,-1.38362,0.0,null],[103.33941,-1.38344,0.0,null],[103.33964,-1.38405,0.0,null],[103.33885,-1.38422,0.0,null],[103.33767,-1.38349,0.0,null],[103.33682,-1.38193,0.0,null],[103.33621,-1.38263,0.0,null],[103.33484,-1.38196,0.0,null],[103.33348,-1.3793,0.0,null],[103.33363,-1.37724,0.0,null],[103.33177,-1.37675,0.0,null],[103.33034,-1.37505,0.0,null],[103.33073,-1.37404,0.0,null],[103.33313,-1.3738,0.0,null]]],[[[103.89279,-1.46177,0.0,null],[103.81587,-1.46195,0.0,null],[103.81593,-1.48631,0.0,null],[103.83078,-1.48628,0.0,null],[103.83111,-1.4868,0.0,null],[103.87357,-1.47863,0.0,null],[103.90971,-1.47875,0.0,null],[103.92025,-1.47119,0.0,null],[103.92016,-1.46626,0.0,null],[103.89331,-1.46629,0.0,null],[103.89279,-1.46177,0.0,null]]],[[[103.69242,-1.126,0.0,null],[103.69117,-1.12473,0.0,null],[103.6502,-1.10564,0.0,null],[103.62974,-1.10564,0.0,null],[103.60346,-1.11793,0.0,null],[103.60354,-1.12133,0.0,null],[103.62641,-1.12624,0.0,null],[103.63589,-1.12671,0.0,null],[103.64203,-1.1287,0.0,null],[103.6496,-1.13216,0.0,null],[103.65053,-1.13635,0.0,null],[103.69539,-1.1395,0.0,null],[103.69526,-1.12889,0.0,null],[103.69242,-1.126,0.0,null]]],[[[103.34055,-1.24631,0.0,null],[103.33047,-1.2463,0.0,null],[103.33001,-1.25097,0.0,null],[103.33046,-1.25288,0.0,null],[103.33041,-1.26225,0.0,null],[103.33342,-1.26379,0.0,null],[103.33458,-1.26551,0.0,null],[103.33942,-1.26748,0.0,null],[103.34307,-1.26769,0.0,null],[103.34908,-1.27183,0.0,null],[103.3528,-1.27006,0.0,null],[103.35368,-1.27017,0.0,null],[103.35668,-1.27239,0.0,null],[103.35884,-1.27153,0.0,null],[103.36126,-1.27154,0.0,null],[103.3631,-1.27062,0.0,null],[103.36703,-1.27103,0.0,null],[103.36783,-1.26887,0.0,null],[103.36977,-1.26693,0.0,null],[103.36919,-1.26524,0.0,null],[103.37168,-1.25777,0.0,null],[103.37042,-1.2548,0.0,null],[103.37063,-1.25193,0.0,null],[103.36902,-1.25105,0.0,null],[103.35186,-1.24669,0.0,null],[103.34055,-1.24631,0.0,null]]]]}}]}
