{"type":"FeatureCollection","name":"meratus-maluku-concession-inventory-mining","metadata":{"coverageId":"maluku","parentCoverageId":"indonesia","generatedAt":"2026-08-28T06:57:32Z","pipelineVersion":"2","count":120,"sectors":["Tambang"],"qualities":["OFFICIAL"],"geometryNote":"Web-display geometry is simplified; consult source records for authoritative geometry.","evidenceNote":"A public concession record does not imply fire causation, illegality, or wrongdoing."},"features":[{"type":"Feature","properties":{"inventoryId":"big-mining-wiup:230","sector":"Tambang","subtype":"WIUP","quality":"OFFICIAL","sourceDataset":"big-mining-wiup","sourceRecordId":"230","source":"BIG Kebijakan Satu Peta","sourceUrl":"https://kspservices.big.go.id/satupeta/rest/services/PUBLIK/PERIZINAN_DAN_PERTANAHAN/MapServer/4","retrievedAt":"2026-08-28T06:57:32Z","geometryProcessing":"web display simplification tolerance 0.00035 degrees","name":"ADHITA NIKEL INDONESIA","issuer":"BUPATI","province":"MALUKU UTARA","district":"HALMAHERA TIMUR","permitNumber":"188.45/540-40.A/2011","permitType":"PT","miningType":"IUP","commodity":"NIKEL","status":"2","validFrom":"2011-03-10","validTo":"2031-03-10","areaHa":2000.0,"location":"DESA SOAGIMALAHA KEC KOTA MABA, KAB. HALMAHERA TIMUR","sourceRemark":"-","region":"maluku"},"geometry":{"type":"Polygon","coordinates":[[[128.25,0.645],[128.25,0.63056],[128.2625,0.63056],[128.2625,0.62917],[128.26861,0.62917],[128.26861,0.62583],[128.275,0.62583],[128.275,0.61333],[128.29333,0.61333],[128.29333,0.60861],[128.28278,0.60861],[128.28278,0.60639],[128.275,0.60639],[128.275,0.59],[128.2625,0.59],[128.2625,0.56917],[128.29611,0.56917],[128.29611,0.62639],[128.26917,0.62639],[128.26917,0.63583],[128.26611,0.63583],[128.26611,0.645],[128.25,0.645]]]}},{"type":"Feature","properties":{"inventoryId":"big-mining-wiup:1409","sector":"Tambang","subtype":"WIUP","quality":"OFFICIAL","sourceDataset":"big-mining-wiup","sourceRecordId":"1409","source":"BIG Kebijakan Satu Peta","sourceUrl":"https://kspservices.big.go.id/satupeta/rest/services/PUBLIK/PERIZINAN_DAN_PERTANAHAN/MapServer/4","retrievedAt":"2026-08-28T06:57:32Z","geometryProcessing":"web display simplification tolerance 0.00035 degrees","name":"ADIDAYA TANGGUH","issuer":"MENTERI","province":"MALUKU UTARA","district":"PULAU TALIABU","permitNumber":"49/1/IUP/PMA/2017","permitType":"PT","miningType":"IUP","commodity":"BIJIH BESI","status":"2","validFrom":"2017-09-22","validTo":"2029-11-16","areaHa":22332.98,"location":"TALIBU BARAT, TALIBU BARAT LAUT, TALIBU UTARA, LEDE","sourceRemark":"PMA","region":"maluku"},"geometry":{"type":"Polygon","coordinates":[[[124.5184,-1.6703],[124.3967,-1.6703],[124.3967,-1.6919],[124.3803,-1.6919],[124.3803,-1.8231],[124.3708,-1.8231],[124.3708,-1.8561],[124.3881,-1.8561],[124.3881,-1.9064],[124.4061,-1.9064],[124.4061,-1.8231],[124.44111,-1.82306],[124.4411,-1.8153],[124.4625,-1.8153],[124.4625,-1.8231],[124.467,-1.8231],[124.467,-1.8236],[124.4677,-1.8236],[124.4677,-1.8243],[124.4687,-1.8243],[124.4687,-1.8253],[124.4694,-1.8253],[124.4694,-1.8263],[124.4701,-1.8263],[124.4706,-1.8283],[124.4712,-1.8283],[124.4712,-1.8293],[124.4719,-1.8293],[124.4719,-1.8303],[124.4725,-1.8303],[124.4731,-1.8323],[124.4737,-1.8323],[124.4742,-1.8343],[124.4748,-1.8343],[124.4748,-1.8375],[124.4778,-1.8375],[124.4778,-1.8431],[124.4806,-1.8431],[124.4806,-1.8481],[124.4839,-1.8481],[124.4839,-1.8517],[124.4883,-1.8517],[124.4883,-1.8569],[124.4931,-1.8569],[124.4931,-1.8634],[124.4972,-1.8634],[124.4972,-1.7959],[124.4511,-1.7959],[124.4511,-1.7968],[124.4747,-1.7968],[124.4747,-1.7986],[124.3838,-1.7986],[124.3838,-1.7756],[124.4339,-1.7756],[124.4339,-1.7797],[124.4583,-1.7797],[124.4583,-1.7536],[124.4839,-1.7536],[124.4839,-1.7375],[124.5197,-1.7375],[124.5197,-1.6992],[124.5184,-1.6992],[124.5184,-1.6703]]]}},{"type":"Feature","properties":{"inventoryId":"big-mining-wiup:897","sector":"Tambang","subtype":"WIUP","quality":"OFFICIAL","sourceDataset":"big-mining-wiup","sourceRecordId":"897","source":"BIG Kebijakan Satu Peta","sourceUrl":"https://kspservices.big.go.id/satupeta/rest/services/PUBLIK/PERIZINAN_DAN_PERTANAHAN/MapServer/4","retrievedAt":"2026-08-28T06:57:32Z","geometryProcessing":"web display simplification tolerance 0.00035 degrees","name":"ALAM RAYA ABADI","issuer":"MENTERI","province":"MALUKU UTARA","district":"HALMAHERA TIMUR","permitNumber":"35/1/IUP/PMA/2020","permitType":"PT","miningType":"IUP","commodity":"NIKEL","status":"2","validFrom":"2020-06-18","validTo":"2027-10-29","areaHa":924.0,"location":"KEC. WASILE","sourceRemark":"PMA","region":"maluku"},"geometry":{"type":"Polygon","coordinates":[[[128.12881,1.05625],[128.12881,1.03786],[128.13236,1.03786],[128.13236,1.03397],[128.13786,1.03397],[128.13786,1.03961],[128.14583,1.03961],[128.14583,1.03728],[128.14814,1.03728],[128.14814,1.03478],[128.15411,1.03478],[128.15411,1.03186],[128.15931,1.03186],[128.15931,1.02692],[128.16553,1.02692],[128.16553,1.04436],[128.16117,1.04436],[128.16117,1.04597],[128.15733,1.04597],[128.15733,1.04919],[128.15306,1.04919],[128.15306,1.05408],[128.15022,1.05408],[128.15022,1.05844],[128.14639,1.05844],[128.14639,1.06031],[128.14425,1.06031],[128.14425,1.06211],[128.14228,1.06211],[128.14228,1.06386],[128.13856,1.06386],[128.13856,1.06231],[128.13739,1.06231],[128.13739,1.05989],[128.1355,1.05989],[128.1355,1.05778],[128.13394,1.05778],[128.13394,1.05625],[128.12881,1.05625]]]}},{"type":"Feature","properties":{"inventoryId":"big-mining-wiup:1567","sector":"Tambang","subtype":"WIUP","quality":"OFFICIAL","sourceDataset":"big-mining-wiup","sourceRecordId":"1567","source":"BIG Kebijakan Satu Peta","sourceUrl":"https://kspservices.big.go.id/satupeta/rest/services/PUBLIK/PERIZINAN_DAN_PERTANAHAN/MapServer/4","retrievedAt":"2026-08-28T06:57:32Z","geometryProcessing":"web display simplification tolerance 0.00035 degrees","name":"ANDALAN TERANG","issuer":"GUBERNUR","province":"MALUKU UTARA","district":"PULAU TALIABU","permitNumber":"502/10/DPMPTSP/IV/2018","permitType":"PT","miningType":"IUP","commodity":"BIJIH BESI","status":"2","validFrom":"2018-04-03","validTo":"2030-11-18","areaHa":11803.46,"location":"KEC. TALIABU SELATAN DAN TALIA","sourceRemark":"-","region":"maluku"},"geometry":{"type":"Polygon","coordinates":[[[124.87083,-1.85829],[124.8,-1.85833],[124.8,-1.875],[124.775,-1.875],[124.775,-1.9],[124.825,-1.9],[124.825,-1.88889],[124.9,-1.88889],[124.9,-1.8625],[125.0086,-1.8625],[125.0086,-1.7754],[124.9625,-1.7754],[124.9625,-1.8167],[124.9495,-1.8167],[124.9495,-1.8171],[124.9558,-1.8194],[124.9567,-1.8233],[124.9575,-1.8242],[124.9579,-1.8261],[124.9584,-1.8261],[124.9584,-1.8273],[124.9588,-1.8273],[124.9588,-1.8303],[124.9593,-1.8303],[124.9593,-1.8397],[124.9582,-1.8397],[124.9582,-1.8404],[124.9572,-1.8404],[124.9572,-1.841],[124.9563,-1.841],[124.9563,-1.8417],[124.9554,-1.8417],[124.9554,-1.8428],[124.945,-1.8442],[124.945,-1.8448],[124.9423,-1.8449],[124.9423,-1.8461],[124.9368,-1.8461],[124.9368,-1.8468],[124.9326,-1.8468],[124.9326,-1.8478],[124.9229,-1.8479],[124.9229,-1.8467],[124.9209,-1.8467],[124.9206,-1.8454],[124.9185,-1.8454],[124.9181,-1.843],[124.9159,-1.843],[124.9156,-1.8407],[124.9138,-1.8407],[124.9138,-1.839],[124.9125,-1.8387],[124.9121,-1.8375],[124.9109,-1.8375],[124.9109,-1.8364],[124.9093,-1.8364],[124.9093,-1.8349],[124.9078,-1.8349],[124.9078,-1.8335],[124.9064,-1.833],[124.906,-1.8318],[124.9048,-1.8318],[124.9047,-1.8305],[124.9032,-1.8305],[124.9032,-1.8291],[124.9022,-1.8288],[124.902,-1.8268],[124.901,-1.8268],[124.901,-1.8245],[124.9,-1.8231],[124.9004,-1.8198],[124.9011,-1.8196],[124.9011,-1.8172],[124.9019,-1.8172],[124.9019,-1.8167],[124.8958,-1.8167],[124.8958,-1.85829],[124.87083,-1.85829]]]}},{"type":"Feature","properties":{"inventoryId":"big-mining-wiup:2040","sector":"Tambang","subtype":"WIUP","quality":"OFFICIAL","sourceDataset":"big-mining-wiup","sourceRecordId":"2040","source":"BIG Kebijakan Satu Peta","sourceUrl":"https://kspservices.big.go.id/satupeta/rest/services/PUBLIK/PERIZINAN_DAN_PERTANAHAN/MapServer/4","retrievedAt":"2026-08-28T06:57:32Z","geometryProcessing":"web display simplification tolerance 0.00035 degrees","name":"ANDALAN TERANG BERSAMA SEJAHTERA","issuer":"GUBERNUR","province":"MALUKU UTARA","district":"PULAU TALIABU","permitNumber":"502/20/DPMPTSP/IV/2018","permitType":"PT","miningType":"IUP","commodity":"BIJIH BESI","status":"2","validFrom":"2018-04-10","validTo":"2034-09-15","areaHa":12514.01,"location":"KEC. TALIABU TIMUR SELATAN, KAP KEP SULA","sourceRemark":"-","region":"maluku"},"geometry":{"type":"Polygon","coordinates":[[[124.84306,-1.8014],[124.8615,-1.8023],[124.8611,-1.8053],[124.8604,-1.8053],[124.8604,-1.807],[124.8597,-1.807],[124.8597,-1.8086],[124.859,-1.8086],[124.859,-1.8104],[124.8583,-1.8104],[124.8583,-1.8114],[124.8578,-1.8114],[124.8574,-1.8125],[124.87083,-1.8125],[124.87083,-1.85829],[124.89583,-1.85829],[124.89583,-1.81667],[124.90185,-1.81667],[124.90185,-1.815],[124.9042,-1.815],[124.9042,-1.8144],[124.9062,-1.8144],[124.9062,-1.815],[124.9116,-1.815],[124.9116,-1.8167],[124.9131,-1.8167],[124.9152,-1.8177],[124.9184,-1.8177],[124.9184,-1.8188],[124.9261,-1.8206],[124.9348,-1.8206],[124.9421,-1.8169],[124.9625,-1.81667],[124.9625,-1.7754],[124.9183,-1.7754],[124.9183,-1.742],[124.9616,-1.742],[124.9616,-1.7125],[124.9503,-1.7125],[124.9503,-1.7138],[124.9492,-1.7138],[124.9492,-1.7146],[124.9486,-1.715],[124.9449,-1.715],[124.9442,-1.7138],[124.9403,-1.7143],[124.9403,-1.7137],[124.9375,-1.7134],[124.9375,-1.7125],[124.8833,-1.7125],[124.8833,-1.7583],[124.8358,-1.7583],[124.8358,-1.7917],[124.84306,-1.7917],[124.84306,-1.8014]]]}},{"type":"Feature","properties":{"inventoryId":"big-mining-wiup:1536","sector":"Tambang","subtype":"WIUP","quality":"OFFICIAL","sourceDataset":"big-mining-wiup","sourceRecordId":"1536","source":"BIG Kebijakan Satu Peta","sourceUrl":"https://kspservices.big.go.id/satupeta/rest/services/PUBLIK/PERIZINAN_DAN_PERTANAHAN/MapServer/4","retrievedAt":"2026-08-28T06:57:32Z","geometryProcessing":"web display simplification tolerance 0.00035 degrees","name":"ANEKA MINERAL UTAMA","issuer":"GUBERNUR","province":"MALUKU UTARA","district":"KEPULAUAN SULA","permitNumber":"502/7/DPMPTSP/IV/2018","permitType":"PT","miningType":"IUP","commodity":"BIJIH BESI","status":"2","validFrom":"2018-04-03","validTo":"2030-11-25","areaHa":22935.01,"location":"KEC. MANGOLI TIMUR DAN MANGOLI KAB KEP SULA","sourceRemark":"-","region":"maluku"},"geometry":{"type":"Polygon","coordinates":[[[126.22917,-1.86944],[126.2292,-1.8736],[126.2667,-1.8736],[126.2667,-1.8611],[126.2833,-1.8611],[126.2833,-1.8514],[126.3125,-1.8514],[126.3125,-1.8431],[126.3209,-1.8431],[126.3209,-1.8425],[126.322,-1.8425],[126.322,-1.8416],[126.3234,-1.8416],[126.324,-1.8365],[126.3251,-1.8365],[126.3251,-1.8346],[126.3269,-1.8346],[126.3269,-1.8315],[126.3289,-1.8315],[126.3289,-1.8298],[126.3304,-1.8298],[126.3304,-1.8244],[126.3319,-1.8244],[126.3319,-1.8226],[126.3304,-1.8226],[126.3304,-1.8221],[126.3319,-1.8215],[126.3319,-1.8202],[126.331,-1.8202],[126.331,-1.8196],[126.3289,-1.8196],[126.3289,-1.8181],[126.3167,-1.8181],[126.3167,-1.8278],[126.2861,-1.8278],[126.2861,-1.8194],[126.22917,-1.81942],[126.22917,-1.81806],[126.21667,-1.81806],[126.21667,-1.81111],[126.14861,-1.81111],[126.14861,-1.81389],[126.10972,-1.81389],[126.10972,-1.80972],[126.05833,-1.80972],[126.05833,-1.80278],[126.021,-1.80278],[126.021,-1.8015],[125.931,-1.8015],[125.931,-1.8451],[125.9512,-1.8451],[125.9512,-1.8417],[125.9567,-1.8417],[125.9567,-1.8406],[125.9583,-1.8406],[125.9583,-1.8364],[125.9646,-1.8364],[125.9646,-1.8344],[125.9734,-1.8344],[125.9734,-1.8328],[125.9834,-1.8328],[125.9834,-1.8344],[125.9872,-1.8344],[125.9872,-1.8372],[125.991,-1.8372],[125.991,-1.8389],[125.9931,-1.8389],[125.9931,-1.84],[125.9952,-1.84],[125.9952,-1.8423],[125.9966,-1.8423],[125.9966,-1.8431],[126.0,-1.8431],[126.0,-1.8444],[126.021,-1.8441],[126.021,-1.8431],[126.0255,-1.8431],[126.0255,-1.842],[126.0265,-1.842],[126.0265,-1.8409],[126.0276,-1.8409],[126.0276,-1.8397],[126.0287,-1.8397],[126.0287,-1.8386],[126.0298,-1.8386],[126.0298,-1.8375],[126.0309,-1.8375],[126.0309,-1.8364],[126.0321,-1.8364],[126.0321,-1.8352],[126.0331,-1.8352],[126.0331,-1.8342],[126.0342,-1.8342],[126.0342,-1.833],[126.0353,-1.833],[126.0353,-1.8322],[126.03605,-1.8322],[126.03605,-1.8306],[126.0377,-1.83059],[126.0377,-1.8295],[126.0388,-1.8295],[126.0388,-1.82831],[126.0398,-1.8283],[126.0398,-1.8272],[126.0409,-1.8272],[126.0409,-1.8262],[126.0421,-1.8262],[126.0421,-1.825],[126.0431,-1.825],[126.0431,-1.8239],[126.0446,-1.8239],[126.0446,-1.8231],[126.04583,-1.8231],[126.04583,-1.81667],[126.0568,-1.81667],[126.0568,-1.8156],[126.0588,-1.8156],[126.0588,-1.8145],[126.0606,-1.8145],[126.0606,-1.8134],[126.0625,-1.8134],[126.0625,-1.8126],[126.076,-1.8126],[126.076,-1.8133],[126.0988,-1.8137],[126.0988,-1.8143],[126.1193,-1.8152],[126.1193,-1.81667],[126.125,-1.81667],[126.125,-1.8203],[126.127,-1.8203],[126.127,-1.8216],[126.1281,-1.8216],[126.1281,-1.8222],[126.1507,-1.8222],[126.1507,-1.8204],[126.1609,-1.8204],[126.1609,-1.8216],[126.1638,-1.8216],[126.1638,-1.8222],[126.2,-1.8222],[126.2,-1.8472],[126.1875,-1.8472],[126.1875,-1.8583],[126.13,-1.8583],[126.13,-1.8611],[126.1014,-1.8611],[126.1014,-1.8549],[126.101,-1.8549],[126.1002,-1.8555],[126.0984,-1.8555],[126.0984,-1.856],[126.0964,-1.856],[126.0964,-1.8565],[126.0944,-1.8565],[126.0944,-1.8569],[126.0924,-1.8569],[126.0877,-1.8582],[126.0693,-1.8584],[126.0689,-1.8602],[126.0681,-1.8602],[126.0681,-1.8615],[126.0672,-1.8615],[126.0672,-1.8626],[126.0664,-1.8626],[126.0664,-1.8636],[126.0649,-1.8641],[126.0649,-1.865],[126.0597,-1.865],[126.0597,-1.8657],[126.0556,-1.8657],[126.0556,-1.8694],[126.05,-1.8694],[126.05,-1.8722],[126.0417,-1.8722],[126.0417,-1.8694],[126.0389,-1.8694],[126.0389,-1.8667],[126.0361,-1.8667],[126.03611,-1.86528],[126.0333,-1.8653],[126.0333,-1.8634],[126.0329,-1.8634],[126.0329,-1.8638],[126.032,-1.8638],[126.032,-1.8645],[126.0306,-1.8645],[126.0306,-1.8662],[126.0271,-1.8662],[126.0271,-1.8685],[126.0226,-1.8685],[126.0226,-1.87],[126.0194,-1.87],[126.0194,-1.8714],[126.0167,-1.8714],[126.0167,-1.8763],[125.931,-1.8763],[125.931,-1.9212],[125.997,-1.9212],[125.997,-1.9026],[126.038,-1.9026],[126.038,-1.8903],[126.0583,-1.8903],[126.0583,-1.8792],[126.1292,-1.8792],[126.1292,-1.8833],[126.1792,-1.8833],[126.1792,-1.875],[126.2,-1.875],[126.2,-1.86944],[126.22917,-1.86944]]]}},{"type":"Feature","properties":{"inventoryId":"big-mining-wiup:4553","sector":"Tambang","subtype":"WIUP","quality":"OFFICIAL","sourceDataset":"big-mining-wiup","sourceRecordId":"4553","source":"BIG Kebijakan Satu Peta","sourceUrl":"https://kspservices.big.go.id/satupeta/rest/services/PUBLIK/PERIZINAN_DAN_PERTANAHAN/MapServer/4","retrievedAt":"2026-08-28T06:57:32Z","geometryProcessing":"web display simplification tolerance 0.00035 degrees","name":"ANEKA NIAGA PRIMA","issuer":"BUPATI","province":"MALUKU UTARA","district":"HALMAHERA TENGAH","permitNumber":"540/KEP/336/2012","permitType":"PT","miningType":"IUP","commodity":"NIKEL","status":"2","validFrom":"2012-12-28","validTo":"2032-12-24","areaHa":459.66,"location":"PULAU GEBE","sourceRemark":"-","region":"maluku"},"geometry":{"type":"Polygon","coordinates":[[[129.42289,-0.10272],[129.42289,-0.09502],[129.42467,-0.09502],[129.42467,-0.08663],[129.42336,-0.08663],[129.42336,-0.08205],[129.41581,-0.08205],[129.41581,-0.08477],[129.41328,-0.08477],[129.41328,-0.08776],[129.41212,-0.08776],[129.41212,-0.09145],[129.41319,-0.09145],[129.41319,-0.09548],[129.41413,-0.09548],[129.41413,-0.09848],[129.41607,-0.09848],[129.41607,-0.10186],[129.41813,-0.10186],[129.41813,-0.10405],[129.42072,-0.10405],[129.42072,-0.10551],[129.42241,-0.10551],[129.42241,-0.10705],[129.42432,-0.10705],[129.42432,-0.10904],[129.42641,-0.10904],[129.42641,-0.11183],[129.42742,-0.11183],[129.42742,-0.11321],[129.42831,-0.11321],[129.42831,-0.11432],[129.42896,-0.11432],[129.42933,-0.1159],[129.43024,-0.1159],[129.43024,-0.11663],[129.43101,-0.11663],[129.43159,-0.11781],[129.43283,-0.11781],[129.43353,-0.11659],[129.43422,-0.11659],[129.43443,-0.10947],[129.43397,-0.10947],[129.43397,-0.10608],[129.43352,-0.10608],[129.43352,-0.09193],[129.43216,-0.09193],[129.43151,-0.08996],[129.4307,-0.08996],[129.4307,-0.09582],[129.42925,-0.09582],[129.42925,-0.09884],[129.42762,-0.09884],[129.42762,-0.10272],[129.42289,-0.10272]]]}},{"type":"Feature","properties":{"inventoryId":"big-mining-wiup:4254","sector":"Tambang","subtype":"WIUP","quality":"OFFICIAL","sourceDataset":"big-mining-wiup","sourceRecordId":"4254","source":"BIG Kebijakan Satu Peta","sourceUrl":"https://kspservices.big.go.id/satupeta/rest/services/PUBLIK/PERIZINAN_DAN_PERTANAHAN/MapServer/4","retrievedAt":"2026-08-28T06:57:32Z","geometryProcessing":"web display simplification tolerance 0.00035 degrees","name":"ANEKA TAMBANG RESOURCES INDONESIA","issuer":"BUPATI","province":"MALUKU UTARA","district":"HALMAHERA SELATAN","permitNumber":"166 A TAHUN 2011","permitType":"PT","miningType":"IUP","commodity":"NIKEL","status":"2","validFrom":"2011-10-13","validTo":"2031-10-13","areaHa":607.88,"location":"DESA BARU, KECAMATAN OBI, HALSEL","sourceRemark":"-","region":"maluku"},"geometry":{"type":"Polygon","coordinates":[[[127.57133,-1.39535],[127.57133,-1.39916],[127.57861,-1.39916],[127.57861,-1.40776],[127.58111,-1.40776],[127.58111,-1.41775],[127.58634,-1.41775],[127.58634,-1.41572],[127.58905,-1.41572],[127.58905,-1.41382],[127.5918,-1.41382],[127.5918,-1.41235],[127.59663,-1.41235],[127.59663,-1.40997],[127.60061,-1.40997],[127.60061,-1.40768],[127.60353,-1.40768],[127.60353,-1.40532],[127.60861,-1.40532],[127.60861,-1.40103],[127.60677,-1.40103],[127.60677,-1.39627],[127.60228,-1.39627],[127.60228,-1.39535],[127.57133,-1.39535]]]}},{"type":"Feature","properties":{"inventoryId":"big-mining-wiup:1082","sector":"Tambang","subtype":"WIUP","quality":"OFFICIAL","sourceDataset":"big-mining-wiup","sourceRecordId":"1082","source":"BIG Kebijakan Satu Peta","sourceUrl":"https://kspservices.big.go.id/satupeta/rest/services/PUBLIK/PERIZINAN_DAN_PERTANAHAN/MapServer/4","retrievedAt":"2026-08-28T06:57:32Z","geometryProcessing":"web display simplification tolerance 0.00035 degrees","name":"ANEKA TAMBANG TBK","issuer":"BUPATI","province":"MALUKU UTARA","district":"HALMAHERA TIMUR","permitNumber":"188.45/540-170/2011","permitType":"PT","miningType":"IUP","commodity":"NIKEL","status":"2","validFrom":"2011-10-27","validTo":"2040-10-27","areaHa":39040.0,"location":"KEC. MABA DAN MABA KOTA KAB. HALMAHERA TIMUR","sourceRemark":"BUMN","region":"maluku"},"geometry":{"type":"Polygon","coordinates":[[[128.28333,0.88333],[128.15,0.88333],[128.15,0.825],[128.11667,0.825],[128.11667,0.66667],[128.25,0.66667],[128.25,0.73333],[128.225,0.73333],[128.225,0.8],[128.23333,0.8],[128.23333,0.825],[128.25833,0.825],[128.25833,0.80833],[128.31667,0.80833],[128.31667,0.76583],[128.36194,0.76583],[128.36194,0.80833],[128.34167,0.80833],[128.34167,0.85],[128.28333,0.85],[128.28333,0.88333]]]}},{"type":"Feature","properties":{"inventoryId":"big-mining-wiup:4596","sector":"Tambang","subtype":"WIUP","quality":"OFFICIAL","sourceDataset":"big-mining-wiup","sourceRecordId":"4596","source":"BIG Kebijakan Satu Peta","sourceUrl":"https://kspservices.big.go.id/satupeta/rest/services/PUBLIK/PERIZINAN_DAN_PERTANAHAN/MapServer/4","retrievedAt":"2026-08-28T06:57:32Z","geometryProcessing":"web display simplification tolerance 0.00035 degrees","name":"ANUGRAH BUKIT BESAR","issuer":"BUPATI","province":"MALUKU UTARA","district":"HALMAHERA SELATAN","permitNumber":"167.A TAHUN 2011","permitType":"PT","miningType":"IUP","commodity":"NIKEL","status":"2","validFrom":"2011-10-13","validTo":"2031-10-13","areaHa":853.6,"location":"DESA BARU DSK, KECAMATAN OBI","sourceRemark":"-","region":"maluku"},"geometry":{"type":"Polygon","coordinates":[[[127.54934,-1.39706],[127.54444,-1.39706],[127.54444,-1.39973],[127.54045,-1.39973],[127.54045,-1.4022],[127.53834,-1.4022],[127.53834,-1.4046],[127.5356,-1.4046],[127.5356,-1.42218],[127.54862,-1.42222],[127.54867,-1.42787],[127.56613,-1.42787],[127.56613,-1.41187],[127.57129,-1.41187],[127.57129,-1.40556],[127.56683,-1.40556],[127.56683,-1.41177],[127.55777,-1.41177],[127.55777,-1.40247],[127.55137,-1.40247],[127.55137,-1.39765],[127.54934,-1.39765],[127.54934,-1.39706]]]}},{"type":"Feature","properties":{"inventoryId":"big-mining-wiup:4597","sector":"Tambang","subtype":"WIUP","quality":"OFFICIAL","sourceDataset":"big-mining-wiup","sourceRecordId":"4597","source":"BIG Kebijakan Satu Peta","sourceUrl":"https://kspservices.big.go.id/satupeta/rest/services/PUBLIK/PERIZINAN_DAN_PERTANAHAN/MapServer/4","retrievedAt":"2026-08-28T06:57:32Z","geometryProcessing":"web display simplification tolerance 0.00035 degrees","name":"ANUGRAH BUKIT BESAR","issuer":"BUPATI","province":"MALUKU UTARA","district":"HALMAHERA TIMUR","permitNumber":"188.45/540-157.A/2010","permitType":"PT","miningType":"IUP","commodity":"NIKEL","status":"2","validFrom":"2010-07-29","validTo":"2030-07-29","areaHa":2111.06,"location":"DESA WAYAMLI DAN BULI, KECAMATAN MABA TENGAH DAN MABA","sourceRemark":"-","region":"maluku"},"geometry":{"type":"Polygon","coordinates":[[[128.4654,1.04156],[128.46304,1.04156],[128.46304,1.04416],[128.45778,1.04416],[128.45778,1.04242],[128.45653,1.04242],[128.45653,1.04087],[128.45522,1.04087],[128.45522,1.03961],[128.45403,1.03961],[128.45403,1.03818],[128.45278,1.03818],[128.45278,1.03668],[128.45159,1.03668],[128.45159,1.03506],[128.45029,1.03506],[128.45029,1.03315],[128.44839,1.03315],[128.44839,1.03057],[128.44636,1.03057],[128.44636,0.97394],[128.40205,0.97394],[128.40205,0.97354],[128.41803,0.97354],[128.41803,0.97122],[128.43272,0.97122],[128.43272,0.96718],[128.44666,0.96718],[128.44666,0.93251],[128.45952,0.93251],[128.45952,0.96941],[128.46389,0.96941],[128.46389,0.97515],[128.46189,0.97515],[128.46189,0.97716],[128.45961,0.97716],[128.45961,0.97899],[128.45125,0.97899],[128.45125,0.98785],[128.45948,0.98785],[128.45948,1.00041],[128.4654,1.00041],[128.4654,1.04156]]]}},{"type":"Feature","properties":{"inventoryId":"big-mining-wiup:1071","sector":"Tambang","subtype":"WIUP","quality":"OFFICIAL","sourceDataset":"big-mining-wiup","sourceRecordId":"1071","source":"BIG Kebijakan Satu Peta","sourceUrl":"https://kspservices.big.go.id/satupeta/rest/services/PUBLIK/PERIZINAN_DAN_PERTANAHAN/MapServer/4","retrievedAt":"2026-08-28T06:57:32Z","geometryProcessing":"web display simplification tolerance 0.00035 degrees","name":"ANUGRAH SUKSES MINING","issuer":"BUPATI","province":"MALUKU UTARA","district":"HALMAHERA TENGAH","permitNumber":"540/KEP/315/2013","permitType":"PT","miningType":"IUP","commodity":"NIKEL","status":"2","validFrom":"2013-08-23","validTo":"2033-08-23","areaHa":503.0,"location":"DESA UMERA, KEC. PULAU GEBE, KAB. HALMAHERA TENGAH","sourceRemark":"-","region":"maluku"},"geometry":{"type":"Polygon","coordinates":[[[129.51951,-0.18684],[129.52046,-0.18684],[129.52046,-0.1861],[129.52215,-0.1861],[129.52215,-0.18656],[129.52424,-0.18656],[129.52424,-0.1875],[129.53278,-0.1875],[129.53225,-0.18642],[129.53168,-0.18642],[129.53168,-0.18548],[129.53103,-0.18548],[129.53058,-0.18358],[129.52991,-0.18358],[129.52991,-0.18235],[129.52916,-0.18235],[129.52916,-0.18168],[129.52868,-0.18168],[129.52868,-0.17805],[129.52795,-0.17805],[129.52795,-0.1734],[129.52586,-0.1734],[129.52586,-0.16078],[129.516,-0.16078],[129.516,-0.16398],[129.51371,-0.16464],[129.51371,-0.16554],[129.51241,-0.16554],[129.51241,-0.17108],[129.51049,-0.17108],[129.51049,-0.17169],[129.50943,-0.17169],[129.50943,-0.17237],[129.50869,-0.17237],[129.50869,-0.17541],[129.50761,-0.17541],[129.50824,-0.17679],[129.50963,-0.17714],[129.50963,-0.18107],[129.51145,-0.18107],[129.51145,-0.18229],[129.51288,-0.18229],[129.51288,-0.18507],[129.51951,-0.18507],[129.51951,-0.18684]]]}},{"type":"Feature","properties":{"inventoryId":"big-mining-wiup:4606","sector":"Tambang","subtype":"WIUP","quality":"OFFICIAL","sourceDataset":"big-mining-wiup","sourceRecordId":"4606","source":"BIG Kebijakan Satu Peta","sourceUrl":"https://kspservices.big.go.id/satupeta/rest/services/PUBLIK/PERIZINAN_DAN_PERTANAHAN/MapServer/4","retrievedAt":"2026-08-28T06:57:32Z","geometryProcessing":"web display simplification tolerance 0.00035 degrees","name":"ARUMBA JAYA PERKASA","issuer":"BUPATI","province":"MALUKU UTARA","district":"HALMAHERA TIMUR","permitNumber":"188.45/174.B-545/2010","permitType":"PT","miningType":"IUP","commodity":"NIKEL","status":"2","validFrom":"2010-02-26","validTo":"2030-02-26","areaHa":1818.47,"location":"DESA TELAGA JAYA, LOLEBA, SARAMAKE, KEC. WASILE ELATAN","sourceRemark":"-","region":"maluku"},"geometry":{"type":"Polygon","coordinates":[[[128.09367,0.96835],[128.07797,0.96835],[128.07797,0.96436],[128.07028,0.96436],[128.07028,0.95982],[128.06499,0.95982],[128.06499,0.95686],[128.05546,0.95686],[128.05546,0.94287],[128.03365,0.94287],[128.03365,0.92457],[128.07266,0.92457],[128.07266,0.944],[128.09367,0.944],[128.09367,0.96835]]]}},{"type":"Feature","properties":{"inventoryId":"big-mining-wiup:4495","sector":"Tambang","subtype":"WIUP","quality":"OFFICIAL","sourceDataset":"big-mining-wiup","sourceRecordId":"4495","source":"BIG Kebijakan Satu Peta","sourceUrl":"https://kspservices.big.go.id/satupeta/rest/services/PUBLIK/PERIZINAN_DAN_PERTANAHAN/MapServer/4","retrievedAt":"2026-08-28T06:57:32Z","geometryProcessing":"web display simplification tolerance 0.00035 degrees","name":"AUSINDO ANUGERAH PASIFIK","issuer":"GUBERNUR","province":"MALUKU UTARA","district":"MOROTAI","permitNumber":"502/1/DPMPTSP/I/2019","permitType":"PT","miningType":"IUP","commodity":"PASIR BESI","status":"2","validFrom":"2019-01-03","validTo":"2039-01-03","areaHa":6460.0,"location":"MOROTAI SELATAN, ABRAT, DAN MOROTAI JAYA","sourceRemark":"-","region":"maluku"},"geometry":{"type":"Polygon","coordinates":[[[128.31331,2.45533],[128.32111,2.45533],[128.32111,2.46417],[128.32875,2.46417],[128.32875,2.47233],[128.33958,2.47233],[128.33958,2.47925],[128.34494,2.47925],[128.34494,2.48492],[128.35667,2.48492],[128.35667,2.50028],[128.37392,2.50028],[128.37392,2.50686],[128.40453,2.50686],[128.40453,2.52564],[128.41564,2.52564],[128.41564,2.53781],[128.42378,2.53781],[128.42378,2.55183],[128.44506,2.55183],[128.44506,2.5684],[128.44928,2.5684],[128.44928,2.57981],[128.46267,2.57981],[128.46267,2.58669],[128.49158,2.58672],[128.49158,2.60508],[128.44689,2.60508],[128.44689,2.57178],[128.44236,2.57178],[128.44236,2.56025],[128.41938,2.56025],[128.41938,2.54369],[128.41311,2.54369],[128.41311,2.52839],[128.39139,2.52839],[128.39139,2.52706],[128.37731,2.52706],[128.37731,2.51823],[128.3435,2.51823],[128.3435,2.49406],[128.32364,2.49406],[128.32364,2.48633],[128.31444,2.48633],[128.31444,2.47389],[128.30283,2.47389],[128.30283,2.45903],[128.29325,2.45903],[128.29325,2.44928],[128.28538,2.44928],[128.28538,2.40051],[128.27989,2.40051],[128.27989,2.37428],[128.26611,2.37428],[128.26611,2.34428],[128.27225,2.34428],[128.27225,2.35444],[128.27686,2.35444],[128.27686,2.36258],[128.28186,2.36258],[128.28186,2.36846],[128.28858,2.36846],[128.28858,2.39044],[128.29461,2.39044],[128.29461,2.40144],[128.29881,2.40144],[128.29881,2.44211],[128.31331,2.44211],[128.31331,2.45533]]]}},{"type":"Feature","properties":{"inventoryId":"big-mining-wiup:285","sector":"Tambang","subtype":"WIUP","quality":"OFFICIAL","sourceDataset":"big-mining-wiup","sourceRecordId":"285","source":"BIG Kebijakan Satu Peta","sourceUrl":"https://kspservices.big.go.id/satupeta/rest/services/PUBLIK/PERIZINAN_DAN_PERTANAHAN/MapServer/4","retrievedAt":"2026-08-28T06:57:32Z","geometryProcessing":"web display simplification tolerance 0.00035 degrees","name":"BAKTI PERTIWI NUSANTARA","issuer":"BUPATI","province":"MALUKU UTARA","district":"HALMAHERA TENGAH","permitNumber":"540/KEP/253/2012","permitType":"PT","miningType":"IUP","commodity":"NIKEL","status":"2","validFrom":"2012-05-28","validTo":"2038-05-10","areaHa":1232.0,"location":"DESA FRITU KEC WEDA UTARA KAB HALMAHERA TENGAH","sourceRemark":"-","region":"maluku"},"geometry":{"type":"Polygon","coordinates":[[[128.175,0.562],[128.175,0.54708],[128.16667,0.54708],[128.16667,0.55833],[128.1508,0.55833],[128.1508,0.56361],[128.14167,0.56361],[128.14167,0.53333],[128.15833,0.53333],[128.15833,0.525],[128.16667,0.525],[128.16667,0.53333],[128.17083,0.53333],[128.17083,0.54167],[128.18333,0.54167],[128.18333,0.56201],[128.175,0.562]]]}},{"type":"Feature","properties":{"inventoryId":"big-mining-wiup:1824","sector":"Tambang","subtype":"WIUP","quality":"OFFICIAL","sourceDataset":"big-mining-wiup","sourceRecordId":"1824","source":"BIG Kebijakan Satu Peta","sourceUrl":"https://kspservices.big.go.id/satupeta/rest/services/PUBLIK/PERIZINAN_DAN_PERTANAHAN/MapServer/4","retrievedAt":"2026-08-28T06:57:32Z","geometryProcessing":"web display simplification tolerance 0.00035 degrees","name":"BARTRA PUTRA MULIA","issuer":"BUPATI","province":"MALUKU UTARA","district":"HALMAHERA TENGAH","permitNumber":"540/KEP/30.A/2012","permitType":"PT","miningType":"IUP","commodity":"NIKEL","status":"2","validFrom":"2012-01-27","validTo":"2032-01-27","areaHa":1850.0,"location":"KEC. PULAU GEBE KAB HALMAHERA TENGAH","sourceRemark":"-","region":"maluku"},"geometry":{"type":"Polygon","coordinates":[[[129.52051,-0.19955],[129.522,-0.19955],[129.522,-0.20235],[129.526,-0.20235],[129.526,-0.20525],[129.52809,-0.20525],[129.52809,-0.20705],[129.53059,-0.20705],[129.53059,-0.20019],[129.5373,-0.20019],[129.5373,-0.20384],[129.53654,-0.20384],[129.53654,-0.20526],[129.53839,-0.20526],[129.53839,-0.20925],[129.53726,-0.20925],[129.53726,-0.21189],[129.53863,-0.21189],[129.53863,-0.21246],[129.54367,-0.21246],[129.54367,-0.20896],[129.54837,-0.20896],[129.54837,-0.20421],[129.55899,-0.20426],[129.55899,-0.19554],[129.56775,-0.19554],[129.56775,-0.18187],[129.5633,-0.18187],[129.5633,-0.17039],[129.55608,-0.17039],[129.55608,-0.15772],[129.52615,-0.15772],[129.52615,-0.17328],[129.53726,-0.17328],[129.53726,-0.19689],[129.5231,-0.19689],[129.5231,-0.18995],[129.52051,-0.18995],[129.52051,-0.19955]]]}},{"type":"Feature","properties":{"inventoryId":"big-mining-wiup:1501","sector":"Tambang","subtype":"WIUP","quality":"OFFICIAL","sourceDataset":"big-mining-wiup","sourceRecordId":"1501","source":"BIG Kebijakan Satu Peta","sourceUrl":"https://kspservices.big.go.id/satupeta/rest/services/PUBLIK/PERIZINAN_DAN_PERTANAHAN/MapServer/4","retrievedAt":"2026-08-28T06:57:32Z","geometryProcessing":"web display simplification tolerance 0.00035 degrees","name":"BELA SARANA PERMAI","issuer":"BUPATI","province":"MALUKU UTARA","district":"HALMAHERA SELATAN","permitNumber":"502/6/DPMPTSP/XI/2018","permitType":"PT","miningType":"IUP","commodity":"PASIR BESI DMP","status":"2","validFrom":"2018-11-07","validTo":"2038-11-07","areaHa":4290.0,"location":"DESA WOI DSK, KEC. OBI TIMUR, KAB HALMAHERA SELATAN","sourceRemark":"-","region":"maluku"},"geometry":{"type":"Polygon","coordinates":[[[128.03814,-1.66242],[127.9674,-1.66242],[127.9674,-1.68709],[127.94908,-1.68709],[127.94908,-1.69904],[127.97147,-1.69904],[127.97147,-1.70439],[127.99819,-1.70439],[127.99819,-1.71202],[128.03814,-1.71202],[128.03814,-1.66242]]]}},{"type":"Feature","properties":{"inventoryId":"big-mining-wiup:2108","sector":"Tambang","subtype":"WIUP","quality":"OFFICIAL","sourceDataset":"big-mining-wiup","sourceRecordId":"2108","source":"BIG Kebijakan Satu Peta","sourceUrl":"https://kspservices.big.go.id/satupeta/rest/services/PUBLIK/PERIZINAN_DAN_PERTANAHAN/MapServer/4","retrievedAt":"2026-08-28T06:57:32Z","geometryProcessing":"web display simplification tolerance 0.00035 degrees","name":"BERINGIN JAYA","issuer":"BUPATI","province":"MALUKU UTARA","district":"HALMAHERA UTARA","permitNumber":"540/76/HU/2010","permitType":"KSU","miningType":"IUP","commodity":"MINERAL LOGAM / EMAS","status":"2","validFrom":"2010-03-31","validTo":"2030-03-31","areaHa":1706.47,"location":"DESA TABOBO KEC. KAO KAB. HALMAHERA UTARA","sourceRemark":"-","region":"maluku"},"geometry":{"type":"Polygon","coordinates":[[[127.76167,1.16111],[127.76167,1.15358],[127.77778,1.15358],[127.77778,1.16111],[127.76167,1.16111]]]}},{"type":"Feature","properties":{"inventoryId":"big-mining-wiup:711","sector":"Tambang","subtype":"WIUP","quality":"OFFICIAL","sourceDataset":"big-mining-wiup","sourceRecordId":"711","source":"BIG Kebijakan Satu Peta","sourceUrl":"https://kspservices.big.go.id/satupeta/rest/services/PUBLIK/PERIZINAN_DAN_PERTANAHAN/MapServer/4","retrievedAt":"2026-08-28T06:57:32Z","geometryProcessing":"web display simplification tolerance 0.00035 degrees","name":"BINTANI KARYA BUMI PERSADA","issuer":"GUBERNUR","province":"MALUKU UTARA","district":"KEPULAUAN SULA","permitNumber":"502/31/DPMPTSP/IV/2018","permitType":"PT","miningType":"IUP","commodity":"BIJIH BESI","status":"2","validFrom":"2018-04-25","validTo":"2034-09-03","areaHa":1131.0,"location":"KEC. TALIABU BARAT KAB. KEPULA","sourceRemark":"-","region":"maluku"},"geometry":{"type":"Polygon","coordinates":[[[124.38806,-1.90639],[124.38806,-1.87917],[124.35444,-1.87917],[124.35444,-1.90639],[124.38806,-1.90639]]]}},{"type":"Feature","properties":{"inventoryId":"big-mining-wiup:959","sector":"Tambang","subtype":"WIUP","quality":"OFFICIAL","sourceDataset":"big-mining-wiup","sourceRecordId":"959","source":"BIG Kebijakan Satu Peta","sourceUrl":"https://kspservices.big.go.id/satupeta/rest/services/PUBLIK/PERIZINAN_DAN_PERTANAHAN/MapServer/4","retrievedAt":"2026-08-28T06:57:32Z","geometryProcessing":"web display simplification tolerance 0.00035 degrees","name":"BINTANI MEGAH KARYA PERSADA","issuer":"GUBERNUR","province":"MALUKU UTARA","district":"KEPULAUAN SULA","permitNumber":"502/17/DPMPTSP/IV/2018","permitType":"PT","miningType":"IUP","commodity":"BIJIH BESI","status":"2","validFrom":"2018-04-10","validTo":"2034-09-01","areaHa":9862.0,"location":"KEC. TALIABU BARAT KAB. KEPULA","sourceRemark":"-","region":"maluku"},"geometry":{"type":"Polygon","coordinates":[[[124.52361,-1.93231],[124.47472,-1.93231],[124.47472,-2.01389],[124.52361,-2.01389],[124.52361,-2.00417],[124.57917,-2.00417],[124.57917,-1.93231],[124.52361,-1.93231]]]}},{"type":"Feature","properties":{"inventoryId":"big-mining-wiup:812","sector":"Tambang","subtype":"WIUP","quality":"OFFICIAL","sourceDataset":"big-mining-wiup","sourceRecordId":"812","source":"BIG Kebijakan Satu Peta","sourceUrl":"https://kspservices.big.go.id/satupeta/rest/services/PUBLIK/PERIZINAN_DAN_PERTANAHAN/MapServer/4","retrievedAt":"2026-08-28T06:57:32Z","geometryProcessing":"web display simplification tolerance 0.00035 degrees","name":"BINTANI MEGAH TATA BERSAMA","issuer":"GUBERNUR","province":"MALUKU UTARA","district":"KEPULAUAN SULA","permitNumber":"502/30/DPMPTSP/IV/2018","permitType":"PT","miningType":"IUP","commodity":"BIJIH BESI","status":"2","validFrom":"2018-04-25","validTo":"2034-10-26","areaHa":728.06,"location":"KEC. MANGOLI TENGAH KAB. KEP SULA","sourceRemark":"-","region":"maluku"},"geometry":{"type":"Polygon","coordinates":[[[125.9283,-1.8595],[125.9283,-1.85861],[125.92955,-1.85861],[125.92955,-1.85722],[125.93184,-1.85722],[125.93184,-1.85597],[125.93382,-1.85597],[125.93382,-1.85458],[125.93601,-1.85458],[125.93601,-1.85316],[125.93826,-1.85316],[125.93826,-1.8518],[125.94042,-1.8518],[125.94042,-1.8501],[125.94302,-1.8501],[125.94302,-1.84861],[125.94549,-1.84861],[125.94549,-1.84694],[125.94813,-1.84694],[125.94813,-1.84511],[125.93097,-1.84511],[125.93097,-1.8015],[125.92797,-1.8015],[125.92797,-1.92234],[125.93098,-1.92234],[125.93098,-1.87632],[125.94875,-1.87632],[125.94875,-1.87444],[125.94611,-1.87444],[125.94611,-1.87278],[125.94417,-1.87278],[125.94417,-1.87194],[125.9426,-1.87194],[125.9426,-1.87083],[125.94073,-1.87083],[125.94073,-1.87],[125.93868,-1.87],[125.93868,-1.86889],[125.93698,-1.86889],[125.93698,-1.86787],[125.93608,-1.86787],[125.93608,-1.8643],[125.9336,-1.8643],[125.9336,-1.86312],[125.93149,-1.86312],[125.93149,-1.862],[125.9296,-1.862],[125.9296,-1.8608],[125.9283,-1.8608],[125.9283,-1.8595]]]}},{"type":"Feature","properties":{"inventoryId":"big-mining-wiup:569","sector":"Tambang","subtype":"WIUP","quality":"OFFICIAL","sourceDataset":"big-mining-wiup","sourceRecordId":"569","source":"BIG Kebijakan Satu Peta","sourceUrl":"https://kspservices.big.go.id/satupeta/rest/services/PUBLIK/PERIZINAN_DAN_PERTANAHAN/MapServer/4","retrievedAt":"2026-08-28T06:57:32Z","geometryProcessing":"web display simplification tolerance 0.00035 degrees","name":"BINTANI MEGAHINDAH","issuer":"GUBERNUR","province":"MALUKU UTARA","district":"KEPULAUAN SULA","permitNumber":"502/5/DPMPTSP/II/2018","permitType":"PT","miningType":"IUP","commodity":"BIJIH BESI","status":"2","validFrom":"2018-02-20","validTo":"2034-09-02","areaHa":15377.87,"location":"KEC. TALIABU BARAT KAB. KEPULA","sourceRemark":"-","region":"maluku"},"geometry":{"type":"Polygon","coordinates":[[[124.49722,-1.8903],[124.4972,-1.9167],[124.5706,-1.9167],[124.5706,-1.8677],[124.5685,-1.8687],[124.5685,-1.8697],[124.5668,-1.8697],[124.5668,-1.8705],[124.5639,-1.8711],[124.5642,-1.8542],[124.5654,-1.8542],[124.5654,-1.853],[124.5667,-1.853],[124.5667,-1.8517],[124.568,-1.8517],[124.568,-1.8505],[124.5693,-1.8505],[124.5693,-1.8493],[124.5706,-1.8493],[124.5703,-1.8237],[124.5569,-1.8237],[124.5569,-1.8054],[124.5454,-1.8054],[124.5454,-1.7587],[124.5184,-1.7587],[124.5184,-1.7444],[124.5197,-1.7444],[124.5197,-1.7375],[124.4839,-1.7375],[124.4839,-1.7536],[124.4583,-1.7536],[124.4583,-1.7797],[124.4511,-1.7797],[124.4511,-1.7959],[124.4972,-1.7959],[124.4972,-1.87],[124.49917,-1.87],[124.49917,-1.89028],[124.49722,-1.8903]]]}},{"type":"Feature","properties":{"inventoryId":"big-mining-wiup:755","sector":"Tambang","subtype":"WIUP","quality":"OFFICIAL","sourceDataset":"big-mining-wiup","sourceRecordId":"755","source":"BIG Kebijakan Satu Peta","sourceUrl":"https://kspservices.big.go.id/satupeta/rest/services/PUBLIK/PERIZINAN_DAN_PERTANAHAN/MapServer/4","retrievedAt":"2026-08-28T06:57:32Z","geometryProcessing":"web display simplification tolerance 0.00035 degrees","name":"BINTARA HARDASURYA","issuer":"GUBERNUR","province":"MALUKU UTARA","district":"KEPULAUAN SULA","permitNumber":"502/1/DPMPTSP/II/2018","permitType":"PT","miningType":"IUP","commodity":"MINERAL LOGAM DAN MI","status":"2","validFrom":"2018-02-20","validTo":"2034-09-04","areaHa":18285.0,"location":"KEC. TALIABU BARAT DAN TALIABU","sourceRemark":"-","region":"maluku"},"geometry":{"type":"Polygon","coordinates":[[[124.57917,-1.93231],[124.57917,-1.99722],[124.6,-1.99722],[124.6,-1.99167],[124.61667,-1.99167],[124.61667,-1.98611],[124.63976,-1.98611],[124.6398,-1.961],[124.6928,-1.961],[124.6928,-1.9257],[124.7275,-1.9257],[124.7275,-1.9264],[124.7583,-1.9264],[124.7583,-1.9125],[124.775,-1.9125],[124.775,-1.875],[124.6594,-1.875],[124.6594,-1.874],[124.6397,-1.874],[124.6397,-1.9139],[124.5944,-1.9139],[124.5944,-1.9083],[124.5833,-1.9083],[124.5833,-1.9],[124.5706,-1.9],[124.5706,-1.9167],[124.4972,-1.9167],[124.4972,-1.9323],[124.57917,-1.93231]]]}},{"type":"Feature","properties":{"inventoryId":"big-mining-wiup:2140","sector":"Tambang","subtype":"WIUP","quality":"OFFICIAL","sourceDataset":"big-mining-wiup","sourceRecordId":"2140","source":"BIG Kebijakan Satu Peta","sourceUrl":"https://kspservices.big.go.id/satupeta/rest/services/PUBLIK/PERIZINAN_DAN_PERTANAHAN/MapServer/4","retrievedAt":"2026-08-28T06:57:32Z","geometryProcessing":"web display simplification tolerance 0.00035 degrees","name":"BINTARA SURYA NUSA JAYA","issuer":"GUBERNUR","province":"MALUKU UTARA","district":"KEPULAUAN SULA","permitNumber":"502/29/DPMPTSP/IV/2018","permitType":"PT","miningType":"IUP","commodity":"BIJIH BESI","status":"2","validFrom":"2018-04-25","validTo":"2034-10-26","areaHa":2490.55,"location":"KEC. MANGOLI UTARA DAN MANGOLI, KAB KEP SULA","sourceRemark":"-","region":"maluku"},"geometry":{"type":"Polygon","coordinates":[[[125.70972,-1.85361],[125.6985,-1.85361],[125.6985,-1.8549],[125.6997,-1.8549],[125.6997,-1.8575],[125.7014,-1.8575],[125.7014,-1.8676],[125.6994,-1.8676],[125.6994,-1.8777],[125.6962,-1.8777],[125.6962,-1.8849],[125.6929,-1.8849],[125.6929,-1.8897],[125.6905,-1.8897],[125.6905,-1.8938],[125.6879,-1.8938],[125.6879,-1.8981],[125.685,-1.8981],[125.685,-1.9028],[125.683,-1.9028],[125.683,-1.9107],[125.6713,-1.9107],[125.6713,-1.9126],[125.6514,-1.9126],[125.6514,-1.9102],[125.6482,-1.9102],[125.6482,-1.9073],[125.6437,-1.9073],[125.6437,-1.9045],[125.6352,-1.9045],[125.6352,-1.9027],[125.6256,-1.9027],[125.6256,-1.9017],[125.6188,-1.9017],[125.6188,-1.9032],[125.6094,-1.9032],[125.6094,-1.9044],[125.6019,-1.9044],[125.6019,-1.9052],[125.5807,-1.9049],[125.5807,-1.904],[125.57453,-1.904],[125.57453,-1.9017],[125.5716,-1.9017],[125.5716,-1.8987],[125.57085,-1.8987],[125.57083,-1.91528],[125.64722,-1.91528],[125.64722,-1.92],[125.69167,-1.92],[125.69167,-1.90833],[125.70972,-1.90833],[125.70972,-1.85361]]]}},{"type":"Feature","properties":{"inventoryId":"big-mining-wiup:4259","sector":"Tambang","subtype":"WIUP","quality":"OFFICIAL","sourceDataset":"big-mining-wiup","sourceRecordId":"4259","source":"BIG Kebijakan Satu Peta","sourceUrl":"https://kspservices.big.go.id/satupeta/rest/services/PUBLIK/PERIZINAN_DAN_PERTANAHAN/MapServer/4","retrievedAt":"2026-08-28T06:57:32Z","geometryProcessing":"web display simplification tolerance 0.00035 degrees","name":"BUDHI JAYA MINERAL","issuer":"GUBERNUR","province":"MALUKU UTARA","district":"HALMAHERA SELATAN","permitNumber":"502/7/DPMPTSP/VII/2019","permitType":"PT","miningType":"IUP","commodity":"BATU GAMPING","status":"2","validFrom":"2019-07-03","validTo":"2024-07-03","areaHa":4711.0,"location":"DESA KELO, KECAMATAN OBI TIMUR, KABUPATEN HALMAHERA SELATAN, PROVINSI MALUKU UTARA","sourceRemark":"-","region":"maluku"},"geometry":{"type":"Polygon","coordinates":[[[127.785,-1.39889],[127.785,-1.43194],[127.79528,-1.43194],[127.79528,-1.43806],[127.81574,-1.43806],[127.81574,-1.45228],[127.88,-1.45228],[127.88,-1.47445],[127.95893,-1.47445],[127.95893,-1.46465],[127.9523,-1.46465],[127.9523,-1.45627],[127.94465,-1.45627],[127.94465,-1.44795],[127.93498,-1.44795],[127.93498,-1.44326],[127.92452,-1.44326],[127.92452,-1.43934],[127.91476,-1.43934],[127.91476,-1.43568],[127.90717,-1.43568],[127.90717,-1.43325],[127.90508,-1.43325],[127.90508,-1.44369],[127.90328,-1.44369],[127.90328,-1.4488],[127.848,-1.4488],[127.848,-1.4423],[127.846,-1.4423],[127.846,-1.4341],[127.837,-1.4341],[127.837,-1.427],[127.811,-1.427],[127.811,-1.4182],[127.806,-1.4182],[127.806,-1.41003],[127.79876,-1.41003],[127.79876,-1.39889],[127.785,-1.39889]]]}},{"type":"Feature","properties":{"inventoryId":"big-mining-wiup:1537","sector":"Tambang","subtype":"WIUP","quality":"OFFICIAL","sourceDataset":"big-mining-wiup","sourceRecordId":"1537","source":"BIG Kebijakan Satu Peta","sourceUrl":"https://kspservices.big.go.id/satupeta/rest/services/PUBLIK/PERIZINAN_DAN_PERTANAHAN/MapServer/4","retrievedAt":"2026-08-28T06:57:32Z","geometryProcessing":"web display simplification tolerance 0.00035 degrees","name":"BUMI SAKAKARYA","issuer":"GUBERNUR","province":"MALUKU UTARA","district":"KEPULAUAN SULA","permitNumber":"502/8/DPMPTSP/IV/2018","permitType":"PT","miningType":"IUP","commodity":"BIJIH BESI","status":"2","validFrom":"2018-04-03","validTo":"2030-11-19","areaHa":12226.59,"location":"KEC. TALIABU UTARA KAB. KEP SULA","sourceRemark":"-","region":"maluku"},"geometry":{"type":"Polygon","coordinates":[[[124.52017,-1.68903],[124.5202,-1.7587],[124.5454,-1.7587],[124.5454,-1.7391],[124.5741,-1.7391],[124.5741,-1.7285],[124.6039,-1.7285],[124.6039,-1.7185],[124.6528,-1.71852],[124.6528,-1.6569],[124.5339,-1.6569],[124.53389,-1.67028],[124.52017,-1.67028],[124.52017,-1.68903]]]}},{"type":"Feature","properties":{"inventoryId":"big-mining-wiup:760","sector":"Tambang","subtype":"WIUP","quality":"OFFICIAL","sourceDataset":"big-mining-wiup","sourceRecordId":"760","source":"BIG Kebijakan Satu Peta","sourceUrl":"https://kspservices.big.go.id/satupeta/rest/services/PUBLIK/PERIZINAN_DAN_PERTANAHAN/MapServer/4","retrievedAt":"2026-08-28T06:57:32Z","geometryProcessing":"web display simplification tolerance 0.00035 degrees","name":"BUMI SAKAKARYA NUSA PRATAMA","issuer":"GUBERNUR","province":"MALUKU UTARA","district":"KEPULAUAN SULA","permitNumber":"502/15/DPMPTSP/IV/2018","permitType":"PT","miningType":"IUP","commodity":"BIJIH BESI","status":"2","validFrom":"2018-04-10","validTo":"2034-09-10","areaHa":3218.62,"location":"KEC. TALIABU BARAT KAB KEP SULA","sourceRemark":"-","region":"maluku"},"geometry":{"type":"Polygon","coordinates":[[[124.6142,-1.8542],[124.6142,-1.8533],[124.6135,-1.8533],[124.6135,-1.8522],[124.6128,-1.8522],[124.6128,-1.851],[124.6122,-1.851],[124.6122,-1.8499],[124.6116,-1.8499],[124.6114,-1.8488],[124.6121,-1.8412],[124.6146,-1.8395],[124.6146,-1.8389],[124.616,-1.8384],[124.616,-1.8378],[124.6173,-1.8372],[124.6173,-1.8366],[124.6185,-1.8361],[124.6125,-1.8361],[124.6125,-1.8412],[124.6121,-1.8417],[124.5875,-1.8417],[124.5875,-1.835],[124.5706,-1.835],[124.5706,-1.8488],[124.592,-1.8485],[124.592,-1.8498],[124.5935,-1.8498],[124.5935,-1.8511],[124.5952,-1.8511],[124.5952,-1.8524],[124.5963,-1.8524],[124.5963,-1.8533],[124.5972,-1.8533],[124.5972,-1.8542],[124.6028,-1.8542],[124.6028,-1.8586],[124.6035,-1.8586],[124.6035,-1.8592],[124.6042,-1.8592],[124.6042,-1.8598],[124.6049,-1.8598],[124.6049,-1.8604],[124.6056,-1.8604],[124.6056,-1.861],[124.607,-1.8615],[124.6076,-1.8625],[124.6111,-1.8625],[124.6111,-1.8655],[124.6119,-1.8655],[124.6119,-1.8662],[124.6129,-1.8662],[124.6129,-1.8671],[124.6144,-1.8675],[124.6144,-1.8682],[124.6161,-1.8682],[124.6161,-1.8686],[124.6172,-1.8686],[124.6172,-1.8691],[124.6229,-1.8704],[124.6231,-1.8715],[124.6225,-1.8715],[124.6225,-1.8726],[124.6216,-1.8726],[124.6216,-1.8733],[124.624,-1.8733],[124.624,-1.8744],[124.6269,-1.8744],[124.6269,-1.8766],[124.6278,-1.8766],[124.6278,-1.8788],[124.6284,-1.8788],[124.6284,-1.8801],[124.6291,-1.8801],[124.6291,-1.8816],[124.6298,-1.8816],[124.6298,-1.8829],[124.6313,-1.8829],[124.6313,-1.8852],[124.6336,-1.8852],[124.6336,-1.891],[124.6349,-1.891],[124.6349,-1.9054],[124.6328,-1.9054],[124.6328,-1.908],[124.6212,-1.908],[124.6212,-1.9063],[124.6168,-1.9063],[124.6168,-1.9046],[124.6044,-1.9046],[124.6044,-1.903],[124.6005,-1.903],[124.6005,-1.9009],[124.5965,-1.9009],[124.5965,-1.8987],[124.5931,-1.8987],[124.5931,-1.89681],[124.5898,-1.89681],[124.5898,-1.8942],[124.5874,-1.8942],[124.5874,-1.8911],[124.5864,-1.8911],[124.5864,-1.8897],[124.5853,-1.8897],[124.5853,-1.889],[124.5835,-1.889],[124.5835,-1.8879],[124.57889,-1.8879],[124.57889,-1.88569],[124.5767,-1.88569],[124.5767,-1.88281],[124.5748,-1.88281],[124.5748,-1.8794],[124.57381,-1.8794],[124.57389,-1.8658],[124.5727,-1.8659],[124.5706,-1.8676],[124.5706,-1.9],[124.58333,-1.9],[124.58333,-1.90833],[124.59444,-1.90833],[124.59444,-1.91389],[124.63971,-1.91389],[124.63971,-1.87401],[124.65942,-1.87401],[124.65942,-1.86111],[124.675,-1.86111],[124.675,-1.83056],[124.6574,-1.83056],[124.6574,-1.8319],[124.6595,-1.8319],[124.6595,-1.833],[124.6679,-1.833],[124.6679,-1.8337],[124.6699,-1.8352],[124.6704,-1.8365],[124.671,-1.8365],[124.671,-1.8376],[124.6718,-1.8376],[124.6727,-1.8401],[124.67389,-1.8406],[124.67389,-1.8458],[124.6733,-1.8458],[124.6733,-1.8467],[124.6727,-1.8467],[124.6727,-1.8486],[124.672,-1.8486],[124.672,-1.8504],[124.6711,-1.8504],[124.6711,-1.85131],[124.6626,-1.8527],[124.6626,-1.8533],[124.6596,-1.8533],[124.6596,-1.8541],[124.6546,-1.8541],[124.6546,-1.8548],[124.6524,-1.8548],[124.6524,-1.857],[124.6513,-1.857],[124.6513,-1.8593],[124.6488,-1.8593],[124.6488,-1.8616],[124.6419,-1.8616],[124.6419,-1.8604],[124.6376,-1.8604],[124.6376,-1.8586],[124.6277,-1.8586],[124.6277,-1.8571],[124.6262,-1.8571],[124.6262,-1.8535],[124.6237,-1.8526],[124.6142,-1.8542]]]}},{"type":"Feature","properties":{"inventoryId":"big-mining-wiup:671","sector":"Tambang","subtype":"WIUP","quality":"OFFICIAL","sourceDataset":"big-mining-wiup","sourceRecordId":"671","source":"BIG Kebijakan Satu Peta","sourceUrl":"https://kspservices.big.go.id/satupeta/rest/services/PUBLIK/PERIZINAN_DAN_PERTANAHAN/MapServer/4","retrievedAt":"2026-08-28T06:57:32Z","geometryProcessing":"web display simplification tolerance 0.00035 degrees","name":"BUMI SAKAKARYA SUKSES MAKMUR","issuer":"GUBERNUR","province":"MALUKU UTARA","district":"KEPULAUAN SULA","permitNumber":"502/28/DPMPTSP/IV/2018","permitType":"PT","miningType":"IUP","commodity":"BIJIH BESI","status":"2","validFrom":"2018-04-25","validTo":"2034-09-10","areaHa":265.22,"location":"KEC. TALIABU BARAT LAUT KAB KEP SULA","sourceRemark":"-","region":"maluku"},"geometry":{"type":"Polygon","coordinates":[[[124.55694,-1.82372],[124.5703,-1.82372],[124.5703,-1.8197],[124.5711,-1.8195],[124.5711,-1.818],[124.572,-1.8174],[124.5721,-1.8126],[124.5714,-1.8126],[124.5714,-1.8117],[124.5681,-1.8117],[124.5681,-1.8102],[124.5661,-1.8102],[124.566,-1.80892],[124.563,-1.80892],[124.563,-1.8074],[124.5605,-1.8074],[124.5605,-1.80594],[124.55694,-1.80594],[124.55694,-1.82372]]]}},{"type":"Feature","properties":{"inventoryId":"big-mining-wiup:4155","sector":"Tambang","subtype":"WIUP","quality":"OFFICIAL","sourceDataset":"big-mining-wiup","sourceRecordId":"4155","source":"BIG Kebijakan Satu Peta","sourceUrl":"https://kspservices.big.go.id/satupeta/rest/services/PUBLIK/PERIZINAN_DAN_PERTANAHAN/MapServer/4","retrievedAt":"2026-08-28T06:57:32Z","geometryProcessing":"web display simplification tolerance 0.00035 degrees","name":"BUMI SUMBER TELADAN","issuer":"GUBERNUR","province":"MALUKU UTARA","district":"PULAU TALIABU","permitNumber":"502/8/DPMPTSP/IUP-Eks.B/III/2020","permitType":"PT","miningType":"IUP","commodity":"BATUAN","status":"1","validFrom":"2020-03-16","validTo":"2023-03-16","areaHa":1307.38,"location":"DESA KASANGO, KEC. TALIABU BARAT","sourceRemark":"-","region":"maluku"},"geometry":{"type":"Polygon","coordinates":[[[124.48056,-1.84806],[124.48056,-1.8466],[124.456,-1.8466],[124.456,-1.8495],[124.458,-1.8495],[124.458,-1.853],[124.4602,-1.853],[124.4602,-1.8578],[124.4628,-1.8578],[124.4628,-1.8631],[124.4661,-1.8631],[124.4661,-1.8676],[124.4684,-1.8676],[124.4684,-1.8723],[124.4704,-1.8723],[124.4704,-1.8758],[124.4719,-1.8758],[124.4719,-1.8812],[124.4743,-1.8812],[124.4743,-1.8843],[124.4769,-1.8843],[124.4769,-1.8871],[124.4804,-1.8871],[124.4804,-1.89],[124.4889,-1.89],[124.4889,-1.8883],[124.4916,-1.8883],[124.4916,-1.8854],[124.4943,-1.8854],[124.4943,-1.8646],[124.49306,-1.8646],[124.49306,-1.85694],[124.48833,-1.85694],[124.48833,-1.85167],[124.48389,-1.85167],[124.48389,-1.84806],[124.48056,-1.84806]]]}},{"type":"Feature","properties":{"inventoryId":"big-mining-wiup:4247","sector":"Tambang","subtype":"WIUP","quality":"OFFICIAL","sourceDataset":"big-mining-wiup","sourceRecordId":"4247","source":"BIG Kebijakan Satu Peta","sourceUrl":"https://kspservices.big.go.id/satupeta/rest/services/PUBLIK/PERIZINAN_DAN_PERTANAHAN/MapServer/4","retrievedAt":"2026-08-28T06:57:32Z","geometryProcessing":"web display simplification tolerance 0.00035 degrees","name":"CAKRAWALA AGRO BESAR","issuer":"BUPATI","province":"MALUKU UTARA","district":"HALMAHERA TIMUR","permitNumber":"188.45/540-65.a/2010","permitType":"PT","miningType":"IUP","commodity":"NIKEL","status":"2","validFrom":"2010-03-15","validTo":"2030-03-15","areaHa":8198.29,"location":"DESA WAYAMLI, KEC MABA TENGAH","sourceRemark":"-","region":"maluku"},"geometry":{"type":"Polygon","coordinates":[[[128.50725,1.04419],[128.50725,1.14808],[128.44839,1.14808],[128.44838,1.14319],[128.43747,1.14321],[128.43742,1.13275],[128.42361,1.13275],[128.42361,1.12294],[128.41528,1.12294],[128.41528,1.11672],[128.40972,1.11672],[128.40972,1.11047],[128.40833,1.11047],[128.40833,1.10597],[128.40556,1.10597],[128.40556,1.09972],[128.40278,1.09972],[128.40278,1.09522],[128.39917,1.09522],[128.39917,1.08806],[128.39667,1.08806],[128.39667,1.08275],[128.39444,1.08275],[128.39444,1.07828],[128.39278,1.07828],[128.39278,1.0715],[128.41039,1.0715],[128.41039,1.07606],[128.41847,1.07606],[128.41847,1.08631],[128.43486,1.08631],[128.43486,1.09589],[128.45503,1.09589],[128.45503,1.10225],[128.46408,1.10225],[128.46408,1.11069],[128.48917,1.11069],[128.48917,1.05589],[128.46306,1.05589],[128.46306,1.04158],[128.46542,1.04158],[128.46542,1.0004],[128.481,1.0004],[128.481,1.04419],[128.50725,1.04419]]]}},{"type":"Feature","properties":{"inventoryId":"big-mining-wiup:4325","sector":"Tambang","subtype":"WIUP","quality":"OFFICIAL","sourceDataset":"big-mining-wiup","sourceRecordId":"4325","source":"BIG Kebijakan Satu Peta","sourceUrl":"https://kspservices.big.go.id/satupeta/rest/services/PUBLIK/PERIZINAN_DAN_PERTANAHAN/MapServer/4","retrievedAt":"2026-08-28T06:57:32Z","geometryProcessing":"web display simplification tolerance 0.00035 degrees","name":"CAKRAWALA AGRO BESAR","issuer":"BUPATI","province":"MALUKU UTARA","district":"HALMAHERA TIMUR","permitNumber":"188.45/540-184.A/2010","permitType":"PT","miningType":"IUP","commodity":"NIKEL","status":"2","validFrom":"2010-10-12","validTo":"2030-10-12","areaHa":1272.79,"location":"DESA LOLOBATA, KECAMATAN WASILE TENGAH,","sourceRemark":"-","region":"maluku"},"geometry":{"type":"Polygon","coordinates":[[[128.2979,1.32161],[128.2979,1.33688],[128.28522,1.33688],[128.28522,1.33041],[128.2824,1.33041],[128.2824,1.32538],[128.27897,1.32538],[128.27897,1.3222],[128.2734,1.3222],[128.2734,1.31889],[128.26536,1.31889],[128.26536,1.31346],[128.2611,1.31346],[128.2611,1.30494],[128.25966,1.30494],[128.25966,1.30366],[128.25674,1.30366],[128.25674,1.29438],[128.25525,1.29438],[128.25525,1.29266],[128.25338,1.29266],[128.25338,1.28958],[128.25136,1.28958],[128.25136,1.28726],[128.26483,1.28726],[128.26483,1.28813],[128.2676,1.28813],[128.2676,1.29131],[128.26872,1.29131],[128.26872,1.2941],[128.27839,1.2941],[128.27839,1.2988],[128.28199,1.29908],[128.28199,1.30065],[128.2842,1.30065],[128.2842,1.30584],[128.28546,1.30584],[128.28546,1.31054],[128.28695,1.31054],[128.28695,1.31266],[128.29433,1.31266],[128.29433,1.31602],[128.29549,1.31602],[128.29549,1.32161],[128.2979,1.32161]]]}},{"type":"Feature","properties":{"inventoryId":"big-mining-wiup:4376","sector":"Tambang","subtype":"WIUP","quality":"OFFICIAL","sourceDataset":"big-mining-wiup","sourceRecordId":"4376","source":"BIG Kebijakan Satu Peta","sourceUrl":"https://kspservices.big.go.id/satupeta/rest/services/PUBLIK/PERIZINAN_DAN_PERTANAHAN/MapServer/4","retrievedAt":"2026-08-28T06:57:32Z","geometryProcessing":"web display simplification tolerance 0.00035 degrees","name":"CITA KARYA SEJAHTERA","issuer":"GUBERNUR","province":"MALUKU UTARA","district":"HALMAHERA SELATAN","permitNumber":"502/20/DPMPTSP/IUP-Eks.B/XII/2020","permitType":"PT","miningType":"IUP","commodity":"BATU GAMPING","status":"1","validFrom":"2020-12-10","validTo":"2023-12-10","areaHa":1146.0,"location":"DESA AIR MANGGA DAN KELO, KECAMATAN OBI DAN OBI TIMUR, KABUPATEN HALMAHERA SELATAN, PROVINSI MALUKU UTARA","sourceRemark":"-","region":"maluku"},"geometry":{"type":"Polygon","coordinates":[[[127.846,-1.43725],[127.846,-1.4423],[127.848,-1.4423],[127.848,-1.4488],[127.90328,-1.4488],[127.90328,-1.44369],[127.90509,-1.44369],[127.90509,-1.43324],[127.90244,-1.43324],[127.90244,-1.43045],[127.89666,-1.43045],[127.89666,-1.42476],[127.88312,-1.42476],[127.88312,-1.43172],[127.88036,-1.43172],[127.88036,-1.43503],[127.87881,-1.43503],[127.87881,-1.43843],[127.87484,-1.43843],[127.87484,-1.43659],[127.87126,-1.43659],[127.87126,-1.43501],[127.85526,-1.43501],[127.85526,-1.43725],[127.846,-1.43725]]]}},{"type":"Feature","properties":{"inventoryId":"big-mining-wiup:4154","sector":"Tambang","subtype":"WIUP","quality":"OFFICIAL","sourceDataset":"big-mining-wiup","sourceRecordId":"4154","source":"BIG Kebijakan Satu Peta","sourceUrl":"https://kspservices.big.go.id/satupeta/rest/services/PUBLIK/PERIZINAN_DAN_PERTANAHAN/MapServer/4","retrievedAt":"2026-08-28T06:57:32Z","geometryProcessing":"web display simplification tolerance 0.00035 degrees","name":"DELTA SUBUR SEJAHTERA","issuer":"GUBERNUR","province":"MALUKU UTARA","district":"PULAU TALIABU","permitNumber":"502/9/DPMPTSP/IUP-Eks.B/III/2020","permitType":"PT","miningType":"IUP","commodity":"BATUAN","status":"1","validFrom":"2020-03-16","validTo":"2023-03-16","areaHa":908.7,"location":"DESA KILO, KEC. TALIABU BARAT DAN TALIABU SELATAN","sourceRemark":"-","region":"maluku"},"geometry":{"type":"Polygon","coordinates":[[[124.6269,-1.8766],[124.6269,-1.8744],[124.626,-1.8744],[124.626,-1.8775],[124.6246,-1.8775],[124.6246,-1.8796],[124.6239,-1.8796],[124.6239,-1.8813],[124.6232,-1.8813],[124.6232,-1.8836],[124.6222,-1.8836],[124.6222,-1.8849],[124.6212,-1.8849],[124.6212,-1.8868],[124.6195,-1.8868],[124.6195,-1.8881],[124.6174,-1.8881],[124.6174,-1.889],[124.6033,-1.889],[124.6033,-1.8906],[124.6007,-1.8906],[124.6007,-1.8923],[124.5963,-1.8923],[124.5963,-1.8931],[124.5938,-1.8931],[124.5938,-1.8939],[124.5874,-1.8942],[124.5898,-1.8942],[124.5898,-1.8968],[124.5931,-1.8968],[124.5931,-1.8987],[124.5965,-1.8987],[124.5965,-1.9009],[124.6005,-1.9009],[124.6005,-1.903],[124.6044,-1.903],[124.6044,-1.9046],[124.6168,-1.9046],[124.6168,-1.9063],[124.6212,-1.9063],[124.6212,-1.908],[124.6328,-1.908],[124.6328,-1.9054],[124.6349,-1.9054],[124.6349,-1.891],[124.6336,-1.891],[124.6336,-1.8852],[124.6313,-1.8852],[124.6313,-1.8829],[124.6298,-1.8829],[124.6298,-1.8816],[124.6291,-1.8816],[124.6291,-1.8801],[124.6284,-1.8801],[124.6284,-1.8788],[124.6278,-1.8788],[124.6278,-1.8766],[124.6269,-1.8766]]]}},{"type":"Feature","properties":{"inventoryId":"big-mining-wiup:1705","sector":"Tambang","subtype":"WIUP","quality":"OFFICIAL","sourceDataset":"big-mining-wiup","sourceRecordId":"1705","source":"BIG Kebijakan Satu Peta","sourceUrl":"https://kspservices.big.go.id/satupeta/rest/services/PUBLIK/PERIZINAN_DAN_PERTANAHAN/MapServer/4","retrievedAt":"2026-08-28T06:57:32Z","geometryProcessing":"web display simplification tolerance 0.00035 degrees","name":"DHARMA ROSADI INTERNASIONAL","issuer":"BUPATI","province":"MALUKU UTARA","district":"HALMAHERA TENGAH","permitNumber":"540/KEP/255/2012","permitType":"PT","miningType":"IUP","commodity":"NIKEL","status":"2","validFrom":"2012-05-28","validTo":"2029-12-21","areaHa":648.0,"location":"DESA FRITU, KEC. WEDA UTARA, KAB. HALMAHERA TENGAH","sourceRemark":"-","region":"maluku"},"geometry":{"type":"Polygon","coordinates":[[[128.14157,0.55],[128.13873,0.55],[128.13873,0.56667],[128.125,0.56667],[128.125,0.55833],[128.11667,0.55833],[128.11667,0.55],[128.10706,0.55],[128.10706,0.54346],[128.14157,0.54346],[128.14157,0.55]]]}},{"type":"Feature","properties":{"inventoryId":"big-mining-wiup:1706","sector":"Tambang","subtype":"WIUP","quality":"OFFICIAL","sourceDataset":"big-mining-wiup","sourceRecordId":"1706","source":"BIG Kebijakan Satu Peta","sourceUrl":"https://kspservices.big.go.id/satupeta/rest/services/PUBLIK/PERIZINAN_DAN_PERTANAHAN/MapServer/4","retrievedAt":"2026-08-28T06:57:32Z","geometryProcessing":"web display simplification tolerance 0.00035 degrees","name":"DHARMA ROSADI INTERNASIONAL","issuer":"BUPATI","province":"MALUKU UTARA","district":"HALMAHERA TENGAH","permitNumber":"540/KEP/257/2012","permitType":"PT","miningType":"IUP","commodity":"NIKEL","status":"2","validFrom":"2012-05-28","validTo":"2029-12-21","areaHa":1017.0,"location":"DESA FRITU, KEC. WEDA UTARA, KAB. HALMAHERA TENGAH","sourceRemark":"-","region":"maluku"},"geometry":{"type":"Polygon","coordinates":[[[128.17941,0.54126],[128.17941,0.50924],[128.20459,0.50924],[128.20459,0.54204],[128.18365,0.54204],[128.18365,0.54126],[128.17941,0.54126]]]}},{"type":"Feature","properties":{"inventoryId":"big-mining-wiup:3695","sector":"Tambang","subtype":"WIUP","quality":"OFFICIAL","sourceDataset":"big-mining-wiup","sourceRecordId":"3695","source":"BIG Kebijakan Satu Peta","sourceUrl":"https://kspservices.big.go.id/satupeta/rest/services/PUBLIK/PERIZINAN_DAN_PERTANAHAN/MapServer/4","retrievedAt":"2026-08-28T06:57:32Z","geometryProcessing":"web display simplification tolerance 0.00035 degrees","name":"DUMA MENTARI GEMILANG","issuer":"GUBERNUR","province":"MALUKU UTARA","district":"PULAU TALIABU","permitNumber":"502/7/DPMPTSP/IUP-EKS/III/2020","permitType":"PT","miningType":"IUP","commodity":"BATUAN","status":"1","validFrom":"2020-03-16","validTo":"2023-03-16","areaHa":500.98,"location":"TALIABU SELATAN, P.TALIABU, MALUT","sourceRemark":"-","region":"maluku"},"geometry":{"type":"Polygon","coordinates":[[[124.6628,-1.833],[124.6628,-1.8434],[124.6619,-1.8434],[124.6619,-1.8453],[124.6596,-1.8453],[124.6596,-1.8463],[124.6556,-1.8463],[124.6556,-1.847],[124.6523,-1.847],[124.6523,-1.8482],[124.648,-1.8482],[124.648,-1.8494],[124.6432,-1.8494],[124.6432,-1.8506],[124.6421,-1.8506],[124.6421,-1.8519],[124.6409,-1.8519],[124.6409,-1.8535],[124.6397,-1.8535],[124.6397,-1.8551],[124.6384,-1.8551],[124.6384,-1.8563],[124.6373,-1.8563],[124.6373,-1.858],[124.6367,-1.858],[124.6367,-1.8586],[124.6376,-1.8586],[124.6376,-1.8604],[124.6419,-1.8604],[124.6419,-1.8616],[124.6488,-1.8616],[124.6488,-1.8593],[124.6513,-1.8593],[124.6513,-1.857],[124.6524,-1.857],[124.6524,-1.8548],[124.6546,-1.8548],[124.6546,-1.8541],[124.6596,-1.8541],[124.6596,-1.8533],[124.6626,-1.8533],[124.6626,-1.8527],[124.669,-1.8519],[124.669,-1.8513],[124.6711,-1.8513],[124.6711,-1.8504],[124.672,-1.8504],[124.672,-1.8486],[124.6727,-1.8486],[124.6727,-1.8467],[124.6733,-1.8467],[124.6733,-1.8458],[124.6739,-1.8458],[124.6739,-1.8406],[124.6727,-1.8401],[124.6718,-1.8376],[124.671,-1.8376],[124.671,-1.8365],[124.6704,-1.8365],[124.6699,-1.8352],[124.6679,-1.8337],[124.6679,-1.833],[124.6628,-1.833]]]}},{"type":"Feature","properties":{"inventoryId":"big-mining-wiup:392","sector":"Tambang","subtype":"WIUP","quality":"OFFICIAL","sourceDataset":"big-mining-wiup","sourceRecordId":"392","source":"BIG Kebijakan Satu Peta","sourceUrl":"https://kspservices.big.go.id/satupeta/rest/services/PUBLIK/PERIZINAN_DAN_PERTANAHAN/MapServer/4","retrievedAt":"2026-08-28T06:57:32Z","geometryProcessing":"web display simplification tolerance 0.00035 degrees","name":"FAJAR BHAKTI LINTAS NUSANTARA","issuer":"BUPATI","province":"MALUKU UTARA","district":"HALMAHERA TENGAH","permitNumber":"540/KEP/253/2011","permitType":"PT","miningType":"IUP","commodity":"NIKEL","status":"2","validFrom":"2011-07-07","validTo":"2030-09-20","areaHa":854.3,"location":"KEC PULAU GEBE","sourceRemark":"-","region":"maluku"},"geometry":{"type":"Polygon","coordinates":[[[129.38611,-0.04964],[129.38611,-0.05722],[129.39,-0.05722],[129.39,-0.06639],[129.38333,-0.06639],[129.38333,-0.07167],[129.39333,-0.07167],[129.39333,-0.06972],[129.40056,-0.06972],[129.40056,-0.06889],[129.41417,-0.06889],[129.41417,-0.04444],[129.38611,-0.04444],[129.38611,-0.04964]]]}},{"type":"Feature","properties":{"inventoryId":"big-mining-wiup:4038","sector":"Tambang","subtype":"WIUP","quality":"OFFICIAL","sourceDataset":"big-mining-wiup","sourceRecordId":"4038","source":"BIG Kebijakan Satu Peta","sourceUrl":"https://kspservices.big.go.id/satupeta/rest/services/PUBLIK/PERIZINAN_DAN_PERTANAHAN/MapServer/4","retrievedAt":"2026-08-28T06:57:32Z","geometryProcessing":"web display simplification tolerance 0.00035 degrees","name":"FENDY GONAWAN","issuer":"GUBERNUR","province":"SULAWESI UTARA","district":"MINAHASA","permitNumber":"99 TAHUN 2017","permitType":"SDR","miningType":"IUP","commodity":"SIRTU","status":"2","validFrom":"2017-11-28","validTo":"2023-11-02","areaHa":10.4,"location":"DESA TATELI, KEC MANDOLANG","sourceRemark":"-","region":"maluku"},"geometry":{"type":"Polygon","coordinates":[[[124.75959,1.43225],[124.75959,1.43398],[124.75778,1.43398],[124.75778,1.43285],[124.75603,1.43285],[124.75603,1.43081],[124.75739,1.43081],[124.75784,1.43173],[124.76144,1.43173],[124.76144,1.43225],[124.75959,1.43225]]]}},{"type":"Feature","properties":{"inventoryId":"big-mining-wiup:953","sector":"Tambang","subtype":"WIUP","quality":"OFFICIAL","sourceDataset":"big-mining-wiup","sourceRecordId":"953","source":"BIG Kebijakan Satu Peta","sourceUrl":"https://kspservices.big.go.id/satupeta/rest/services/PUBLIK/PERIZINAN_DAN_PERTANAHAN/MapServer/4","retrievedAt":"2026-08-28T06:57:32Z","geometryProcessing":"web display simplification tolerance 0.00035 degrees","name":"FIRST PACIFIC MINING","issuer":"MENTERI","province":"MALUKU UTARA","district":"HALMAHERA TENGAH","permitNumber":"30/1/IUP/PMA/2018","permitType":"PT","miningType":"IUP","commodity":"NIKEL","status":"2","validFrom":"2018-06-04","validTo":"2032-10-10","areaHa":2080.0,"location":"DESA SAGEA, KEC. WEDA UTARA, HALMAHERA TENGAH","sourceRemark":"PMA","region":"maluku"},"geometry":{"type":"Polygon","coordinates":[[[128.09464,0.52171],[128.09464,0.5323],[128.03933,0.5323],[128.03933,0.50878],[128.05727,0.50878],[128.05727,0.52173],[128.08594,0.52173],[128.08594,0.49052],[128.09995,0.49052],[128.09995,0.4893],[128.10802,0.4893],[128.10802,0.48154],[128.10483,0.48154],[128.10483,0.47378],[128.12847,0.47378],[128.12847,0.49693],[128.09464,0.49693],[128.09464,0.52171]]]}},{"type":"Feature","properties":{"inventoryId":"big-mining-wiup:4326","sector":"Tambang","subtype":"WIUP","quality":"OFFICIAL","sourceDataset":"big-mining-wiup","sourceRecordId":"4326","source":"BIG Kebijakan Satu Peta","sourceUrl":"https://kspservices.big.go.id/satupeta/rest/services/PUBLIK/PERIZINAN_DAN_PERTANAHAN/MapServer/4","retrievedAt":"2026-08-28T06:57:32Z","geometryProcessing":"web display simplification tolerance 0.00035 degrees","name":"FORWARD MATRIX INDONESIA","issuer":"BUPATI","province":"MALUKU UTARA","district":"HALMAHERA TIMUR","permitNumber":"188.45/540-179.A/2010","permitType":"PT","miningType":"IUP","commodity":"NIKEL","status":"2","validFrom":"2010-10-06","validTo":"2030-10-06","areaHa":1417.0,"location":"SAOLAT DAN MINAMIN, WASILE SELATAN","sourceRemark":"-","region":"maluku"},"geometry":{"type":"Polygon","coordinates":[[[127.90711,0.80247],[127.90711,0.7831],[127.96834,0.7831],[127.96834,0.79843],[127.95658,0.79843],[127.95658,0.80022],[127.96057,0.80022],[127.96057,0.80247],[127.90711,0.80247]]]}},{"type":"Feature","properties":{"inventoryId":"big-mining-wiup:4327","sector":"Tambang","subtype":"WIUP","quality":"OFFICIAL","sourceDataset":"big-mining-wiup","sourceRecordId":"4327","source":"BIG Kebijakan Satu Peta","sourceUrl":"https://kspservices.big.go.id/satupeta/rest/services/PUBLIK/PERIZINAN_DAN_PERTANAHAN/MapServer/4","retrievedAt":"2026-08-28T06:57:32Z","geometryProcessing":"web display simplification tolerance 0.00035 degrees","name":"FORWARD MATRIX INDONESIA","issuer":"BUPATI","province":"MALUKU UTARA","district":"HALMAHERA TIMUR","permitNumber":"188.45/540-183.A/2010","permitType":"PT","miningType":"IUP","commodity":"NIKEL","status":"2","validFrom":"2010-10-12","validTo":"2030-10-12","areaHa":1721.7,"location":"WASILE DAN WASILE SELATAN","sourceRemark":"-","region":"maluku"},"geometry":{"type":"Polygon","coordinates":[[[128.09757,1.07826],[128.09757,1.06053],[128.08375,1.06053],[128.08375,1.05284],[128.09172,1.05284],[128.09172,1.01272],[128.09292,1.01272],[128.09292,1.03527],[128.10636,1.03527],[128.10636,1.05036],[128.1164,1.05036],[128.1164,1.06556],[128.15621,1.06556],[128.15621,1.07826],[128.09757,1.07826]]]}},{"type":"Feature","properties":{"inventoryId":"big-mining-wiup:238","sector":"Tambang","subtype":"WIUP","quality":"OFFICIAL","sourceDataset":"big-mining-wiup","sourceRecordId":"238","source":"BIG Kebijakan Satu Peta","sourceUrl":"https://kspservices.big.go.id/satupeta/rest/services/PUBLIK/PERIZINAN_DAN_PERTANAHAN/MapServer/4","retrievedAt":"2026-08-28T06:57:32Z","geometryProcessing":"web display simplification tolerance 0.00035 degrees","name":"GAG NIKEL","issuer":"MENTERI","province":"PAPUA BARAT","district":"RAJA AMPAT","permitNumber":"430.K/30/DJB/2017","permitType":"PT","miningType":"KK","commodity":"NIKEL","status":"2","validFrom":"2018-11-30","validTo":"2047-11-30","areaHa":13136.0,"location":"KAB. RAJA AMPAT","sourceRemark":"GEN VII","region":"maluku"},"geometry":{"type":"Polygon","coordinates":[[[129.9,-0.5],[129.90833,-0.5],[129.90833,-0.49167],[129.91667,-0.49167],[129.91667,-0.46667],[129.93333,-0.46667],[129.93333,-0.38333],[129.86667,-0.38333],[129.86667,-0.39167],[129.85833,-0.39167],[129.85833,-0.4],[129.85,-0.4],[129.85,-0.40833],[129.83333,-0.40833],[129.83333,-0.49167],[129.85,-0.49167],[129.85,-0.50833],[129.89167,-0.50833],[129.89167,-0.5],[129.9,-0.5]]]}},{"type":"Feature","properties":{"inventoryId":"big-mining-wiup:406","sector":"Tambang","subtype":"WIUP","quality":"OFFICIAL","sourceDataset":"big-mining-wiup","sourceRecordId":"406","source":"BIG Kebijakan Satu Peta","sourceUrl":"https://kspservices.big.go.id/satupeta/rest/services/PUBLIK/PERIZINAN_DAN_PERTANAHAN/MapServer/4","retrievedAt":"2026-08-28T06:57:32Z","geometryProcessing":"web display simplification tolerance 0.00035 degrees","name":"GANE PERMAI SENTOSA","issuer":"MENTERI","province":"MALUKU UTARA","district":"HALMAHERA SELATAN","permitNumber":"39/1/IUP/PMA/2020","permitType":"PT","miningType":"IUP","commodity":"NIKEL DMP","status":"2","validFrom":"2020-09-14","validTo":"2029-04-05","areaHa":1276.99,"location":"DESA KAWASI KEC. OBI KAB. HALMAHERA SELATAN","sourceRemark":"PMA","region":"maluku"},"geometry":{"type":"Polygon","coordinates":[[[127.42694,-1.57639],[127.42694,-1.59173],[127.44669,-1.59173],[127.44669,-1.58569],[127.46736,-1.58569],[127.46736,-1.57156],[127.47007,-1.57156],[127.47007,-1.56708],[127.41,-1.56708],[127.41,-1.57639],[127.42694,-1.57639]]]}},{"type":"Feature","properties":{"inventoryId":"big-mining-wiup:4433","sector":"Tambang","subtype":"WIUP","quality":"OFFICIAL","sourceDataset":"big-mining-wiup","sourceRecordId":"4433","source":"BIG Kebijakan Satu Peta","sourceUrl":"https://kspservices.big.go.id/satupeta/rest/services/PUBLIK/PERIZINAN_DAN_PERTANAHAN/MapServer/4","retrievedAt":"2026-08-28T06:57:32Z","geometryProcessing":"web display simplification tolerance 0.00035 degrees","name":"GANE TAMBANG SENTOSA","issuer":"GUBERNUR","province":"MALUKU UTARA","district":"HALMAHERA SELATAN","permitNumber":"502/3/DPMPTSP/IUP-OP.LB/XII/2020","permitType":"PT","miningType":"IUP","commodity":"NIKEL","status":"2","validFrom":"2020-12-04","validTo":"2040-12-04","areaHa":2314.0,"location":"KECAMATAN OBI SELATAN","sourceRemark":"-","region":"maluku"},"geometry":{"type":"Polygon","coordinates":[[[127.78329,-1.63336],[127.78329,-1.61629],[127.70528,-1.61629],[127.70528,-1.62727],[127.70317,-1.62727],[127.70317,-1.62844],[127.69905,-1.62844],[127.69905,-1.63743],[127.69468,-1.63743],[127.69468,-1.6497],[127.7033,-1.6497],[127.7033,-1.6522],[127.7239,-1.6522],[127.7239,-1.63284],[127.76028,-1.63284],[127.76028,-1.63587],[127.77004,-1.63587],[127.77004,-1.63336],[127.78329,-1.63336]]]}},{"type":"Feature","properties":{"inventoryId":"big-mining-wiup:1379","sector":"Tambang","subtype":"WIUP","quality":"OFFICIAL","sourceDataset":"big-mining-wiup","sourceRecordId":"1379","source":"BIG Kebijakan Satu Peta","sourceUrl":"https://kspservices.big.go.id/satupeta/rest/services/PUBLIK/PERIZINAN_DAN_PERTANAHAN/MapServer/4","retrievedAt":"2026-08-28T06:57:32Z","geometryProcessing":"web display simplification tolerance 0.00035 degrees","name":"GEMALA BORNEO UTAMA","issuer":"GUBERNUR","province":"MALUKU","district":"MALUKU BARAT DAYA","permitNumber":"146 TAHUN 2015","permitType":"PT","miningType":"IUP","commodity":"ANDESIT","status":"2","validFrom":"2015-06-30","validTo":"2025-06-30","areaHa":200.0,"location":"PULAU ROMANG, DESA HILA, KEC PULAU ROMANG","sourceRemark":"-","region":"maluku"},"geometry":{"type":"Polygon","coordinates":[[[127.365,-7.57403],[127.365,-7.5781],[127.36699,-7.5781],[127.36699,-7.58081],[127.368,-7.58081],[127.368,-7.58351],[127.369,-7.58351],[127.369,-7.58624],[127.37099,-7.58624],[127.37099,-7.58761],[127.37194,-7.58761],[127.37194,-7.59031],[127.37299,-7.59031],[127.37299,-7.59162],[127.375,-7.59162],[127.375,-7.59301],[127.37599,-7.59301],[127.37599,-7.59571],[127.37697,-7.59571],[127.37697,-7.59708],[127.37901,-7.59708],[127.37901,-7.60518],[127.37699,-7.60518],[127.37699,-7.60653],[127.37599,-7.60653],[127.37599,-7.60786],[127.375,-7.60786],[127.375,-7.60922],[127.373,-7.60922],[127.373,-7.61055],[127.372,-7.61055],[127.372,-7.61189],[127.371,-7.61189],[127.371,-7.61325],[127.368,-7.61325],[127.368,-7.61458],[127.36597,-7.61458],[127.36597,-7.61732],[127.36399,-7.61732],[127.36399,-7.62139],[127.36597,-7.62139],[127.36597,-7.62004],[127.368,-7.62004],[127.368,-7.61733],[127.37099,-7.61733],[127.37099,-7.61465],[127.37299,-7.61465],[127.37299,-7.61194],[127.375,-7.61194],[127.375,-7.61058],[127.376,-7.61058],[127.376,-7.60924],[127.377,-7.60924],[127.377,-7.60789],[127.38,-7.60789],[127.38,-7.60519],[127.382,-7.60519],[127.382,-7.59708],[127.38,-7.59708],[127.38,-7.59436],[127.37908,-7.59436],[127.37902,-7.59302],[127.37699,-7.59302],[127.37699,-7.59031],[127.376,-7.59031],[127.376,-7.58895],[127.375,-7.58895],[127.375,-7.58623],[127.373,-7.58623],[127.373,-7.58489],[127.372,-7.58489],[127.372,-7.58081],[127.371,-7.58081],[127.371,-7.57944],[127.36903,-7.57944],[127.36903,-7.57403],[127.365,-7.57403]]]}},{"type":"Feature","properties":{"inventoryId":"big-mining-wiup:1553","sector":"Tambang","subtype":"WIUP","quality":"OFFICIAL","sourceDataset":"big-mining-wiup","sourceRecordId":"1553","source":"BIG Kebijakan Satu Peta","sourceUrl":"https://kspservices.big.go.id/satupeta/rest/services/PUBLIK/PERIZINAN_DAN_PERTANAHAN/MapServer/4","retrievedAt":"2026-08-28T06:57:32Z","geometryProcessing":"web display simplification tolerance 0.00035 degrees","name":"GEMALA BORNEO UTAMA","issuer":"GUBERNUR","province":"MALUKU","district":"MALUKU BARAT DAYA","permitNumber":"260.C TAHUN 2015","permitType":"PT","miningType":"IUP","commodity":"MANGAN","status":"2","validFrom":"2015-10-19","validTo":"2035-10-19","areaHa":1000.0,"location":"PULAU ROMANG","sourceRemark":"-","region":"maluku"},"geometry":{"type":"Polygon","coordinates":[[[127.35917,-7.59889],[127.35194,-7.59889],[127.35194,-7.61167],[127.3375,-7.61167],[127.3375,-7.62222],[127.33833,-7.62222],[127.33833,-7.62611],[127.33917,-7.62611],[127.33917,-7.62778],[127.34639,-7.62778],[127.34639,-7.62694],[127.35278,-7.62694],[127.35278,-7.62611],[127.36639,-7.62611],[127.36639,-7.62694],[127.36917,-7.62694],[127.36917,-7.62778],[127.37111,-7.62778],[127.37111,-7.62972],[127.37278,-7.62972],[127.37278,-7.60806],[127.37194,-7.60806],[127.37194,-7.60722],[127.37111,-7.60722],[127.37111,-7.59611],[127.35917,-7.59611],[127.35917,-7.59889]]]}},{"type":"Feature","properties":{"inventoryId":"big-mining-wiup:803","sector":"Tambang","subtype":"WIUP","quality":"OFFICIAL","sourceDataset":"big-mining-wiup","sourceRecordId":"803","source":"BIG Kebijakan Satu Peta","sourceUrl":"https://kspservices.big.go.id/satupeta/rest/services/PUBLIK/PERIZINAN_DAN_PERTANAHAN/MapServer/4","retrievedAt":"2026-08-28T06:57:32Z","geometryProcessing":"web display simplification tolerance 0.00035 degrees","name":"GEMALA BORNEO UTAMA","issuer":"GUBERNUR","province":"MALUKU","district":"MALUKU BARAT DAYA","permitNumber":"260 A TAHUN 2015","permitType":"PT","miningType":"IUP","commodity":"EMAS DMP","status":"2","validFrom":"2015-10-19","validTo":"2034-12-22","areaHa":5962.0,"location":"PULAU ROMANG, DESA JERUSU, KEC. PP. TERSELATAN, KAB. MALUKU BARAT DAYA","sourceRemark":"-","region":"maluku"},"geometry":{"type":"Polygon","coordinates":[[[127.45,-7.55889],[127.45,-7.52417],[127.44111,-7.52417],[127.44111,-7.52194],[127.43667,-7.52194],[127.43667,-7.51972],[127.43444,-7.51972],[127.43444,-7.51722],[127.43278,-7.51722],[127.43278,-7.51306],[127.43028,-7.51306],[127.43028,-7.51056],[127.42056,-7.51056],[127.42056,-7.51194],[127.41361,-7.51194],[127.41361,-7.51056],[127.41167,-7.51056],[127.41167,-7.50833],[127.39583,-7.50833],[127.39583,-7.51056],[127.39417,-7.51056],[127.39417,-7.51194],[127.39111,-7.51194],[127.39111,-7.51056],[127.36194,-7.51056],[127.36194,-7.5125],[127.36056,-7.5125],[127.36056,-7.51583],[127.35972,-7.51583],[127.35972,-7.51944],[127.35722,-7.51944],[127.35722,-7.52611],[127.35667,-7.52611],[127.35667,-7.54306],[127.42386,-7.54307],[127.42386,-7.55889],[127.3975,-7.55889],[127.3975,-7.59],[127.45,-7.59],[127.45,-7.55889]]]}},{"type":"Feature","properties":{"inventoryId":"big-mining-wiup:914","sector":"Tambang","subtype":"WIUP","quality":"OFFICIAL","sourceDataset":"big-mining-wiup","sourceRecordId":"914","source":"BIG Kebijakan Satu Peta","sourceUrl":"https://kspservices.big.go.id/satupeta/rest/services/PUBLIK/PERIZINAN_DAN_PERTANAHAN/MapServer/4","retrievedAt":"2026-08-28T06:57:32Z","geometryProcessing":"web display simplification tolerance 0.00035 degrees","name":"GEMALA BORNEO UTAMA","issuer":"GUBERNUR","province":"MALUKU","district":"MALUKU BARAT DAYA","permitNumber":"260.B TAHUN 2015","permitType":"PT","miningType":"IUP","commodity":"EMAS DMP","status":"2","validFrom":"2015-10-19","validTo":"2035-10-19","areaHa":3996.0,"location":"PULAU ROMANG, DESA HILA, KEC. PP. TERSELATAN, KAB. MALUKU BARAT DAYA","sourceRemark":"-","region":"maluku"},"geometry":{"type":"Polygon","coordinates":[[[127.35028,-7.59389],[127.34333,-7.59389],[127.34333,-7.59611],[127.33889,-7.59611],[127.33889,-7.60056],[127.33667,-7.60056],[127.33667,-7.60278],[127.33444,-7.60278],[127.33444,-7.60528],[127.33222,-7.60528],[127.33222,-7.6075],[127.32972,-7.6075],[127.32972,-7.60972],[127.3275,-7.60972],[127.3275,-7.61194],[127.32528,-7.61194],[127.32528,-7.63],[127.3275,-7.63],[127.3275,-7.63222],[127.32972,-7.63222],[127.32972,-7.63444],[127.33194,-7.63444],[127.33194,-7.64139],[127.39528,-7.64139],[127.39533,-7.59],[127.36667,-7.59],[127.36667,-7.59083],[127.35028,-7.59083],[127.35028,-7.59389]]]}},{"type":"Feature","properties":{"inventoryId":"big-mining-wiup:2571","sector":"Tambang","subtype":"WIUP","quality":"OFFICIAL","sourceDataset":"big-mining-wiup","sourceRecordId":"2571","source":"BIG Kebijakan Satu Peta","sourceUrl":"https://kspservices.big.go.id/satupeta/rest/services/PUBLIK/PERIZINAN_DAN_PERTANAHAN/MapServer/4","retrievedAt":"2026-08-28T06:57:32Z","geometryProcessing":"web display simplification tolerance 0.00035 degrees","name":"GUNUNG MAKMUR INDAH","issuer":"GUBERNUR","province":"MALUKU","district":"SERAM BAGIAN BARAT","permitNumber":"02/OP/XII/2020","permitType":"PT","miningType":"IUP","commodity":"MARMER","status":"2","validFrom":"2020-12-10","validTo":"2025-12-10","areaHa":2000.0,"location":"DESA KASIEH, DESA TANIWEI, DESA NUHUKAI, KEC. TANIWEI","sourceRemark":"-","region":"maluku"},"geometry":{"type":"Polygon","coordinates":[[[128.55037,-2.87133],[128.55037,-2.85667],[128.5323,-2.85667],[128.5323,-2.86062],[128.52619,-2.86062],[128.52619,-2.86574],[128.52018,-2.86574],[128.52018,-2.88888],[128.48224,-2.88888],[128.48224,-2.87676],[128.46639,-2.87676],[128.46639,-2.87899],[128.46126,-2.87899],[128.46126,-2.88171],[128.45692,-2.88171],[128.45692,-2.88364],[128.4519,-2.88364],[128.4519,-2.88573],[128.44409,-2.88573],[128.44409,-2.89764],[128.45106,-2.89764],[128.45106,-2.89574],[128.45396,-2.89574],[128.45396,-2.89413],[128.45776,-2.89413],[128.45776,-2.8913],[128.47515,-2.8913],[128.47515,-2.88956],[128.53835,-2.88956],[128.53835,-2.88549],[128.54026,-2.88549],[128.54026,-2.87897],[128.58311,-2.87897],[128.58311,-2.87701],[128.59192,-2.87701],[128.59192,-2.87467],[128.60252,-2.87467],[128.60252,-2.87269],[128.60816,-2.87269],[128.60828,-2.86522],[128.58619,-2.86522],[128.58619,-2.86832],[128.57403,-2.86832],[128.57403,-2.87056],[128.57044,-2.87056],[128.57044,-2.87821],[128.54026,-2.87821],[128.54026,-2.87501],[128.54348,-2.87501],[128.54348,-2.87133],[128.55037,-2.87133]]]}},{"type":"Feature","properties":{"inventoryId":"big-mining-wiup:12","sector":"Tambang","subtype":"WIUP","quality":"OFFICIAL","sourceDataset":"big-mining-wiup","sourceRecordId":"12","source":"BIG Kebijakan Satu Peta","sourceUrl":"https://kspservices.big.go.id/satupeta/rest/services/PUBLIK/PERIZINAN_DAN_PERTANAHAN/MapServer/4","retrievedAt":"2026-08-28T06:57:32Z","geometryProcessing":"web display simplification tolerance 0.00035 degrees","name":"HALMAHERA SUKSES MINERAL","issuer":"GUBERNUR","province":"MALUKU UTARA","district":"HALMAHERA TIMUR, HALMAHERA TENGAH","permitNumber":"380.1/KPTS/MU/2016","permitType":"PT","miningType":"IUP","commodity":"NIKEL","status":"2","validFrom":"2016-11-20","validTo":"2030-12-15","areaHa":7726.0,"location":"WEDA KEC. WASILE SELATAN KAB.","sourceRemark":"-","region":"maluku"},"geometry":{"type":"Polygon","coordinates":[[[127.96667,0.64111],[127.96667,0.69917],[127.95028,0.69917],[127.95028,0.6463],[127.95503,0.6463],[127.95503,0.65699],[127.96009,0.65699],[127.96009,0.65335],[127.96614,0.65335],[127.96614,0.64148],[127.95848,0.64148],[127.95848,0.6339],[127.96485,0.6339],[127.96485,0.62944],[127.96222,0.62944],[127.96222,0.61417],[127.95509,0.61417],[127.95509,0.60338],[127.95778,0.60338],[127.95778,0.60674],[127.98809,0.60674],[127.98809,0.60528],[127.9867,0.60528],[127.9867,0.60444],[127.98423,0.60389],[127.98423,0.60332],[127.98324,0.60332],[127.98324,0.60276],[127.97928,0.60276],[127.97928,0.60056],[127.97798,0.60056],[127.97798,0.59917],[127.97492,0.59917],[127.97492,0.59778],[127.96983,0.59778],[127.96983,0.59247],[127.95999,0.59247],[127.95999,0.58865],[127.95866,0.58865],[127.95866,0.57342],[127.96003,0.57342],[127.96003,0.5675],[127.95268,0.5675],[127.95268,0.57306],[127.94917,0.57306],[127.94917,0.56643],[127.95089,0.56643],[127.95089,0.56232],[127.9605,0.56232],[127.96048,0.55889],[127.9824,0.55889],[127.9824,0.56699],[127.99165,0.56699],[127.99165,0.58358],[127.99972,0.58358],[127.99972,0.59192],[128.01664,0.59192],[128.01664,0.60008],[128.02444,0.60008],[128.02444,0.60849],[128.03278,0.60849],[128.03278,0.61694],[128.04139,0.61694],[128.04139,0.62528],[128.04944,0.62528],[128.04944,0.63139],[128.04278,0.63139],[128.04278,0.62972],[128.03861,0.62972],[128.03861,0.62778],[128.03639,0.62778],[128.03639,0.68306],[128.03333,0.68306],[128.03333,0.67472],[128.02528,0.67472],[128.02528,0.66611],[128.00833,0.66611],[128.00833,0.65778],[128.00028,0.65778],[128.00028,0.64931],[127.99243,0.64931],[127.99243,0.64111],[127.96667,0.64111]]]}},{"type":"Feature","properties":{"inventoryId":"big-mining-wiup:873","sector":"Tambang","subtype":"WIUP","quality":"OFFICIAL","sourceDataset":"big-mining-wiup","sourceRecordId":"873","source":"BIG Kebijakan Satu Peta","sourceUrl":"https://kspservices.big.go.id/satupeta/rest/services/PUBLIK/PERIZINAN_DAN_PERTANAHAN/MapServer/4","retrievedAt":"2026-08-28T06:57:32Z","geometryProcessing":"web display simplification tolerance 0.00035 degrees","name":"HALTIM MINING","issuer":"BUPATI","province":"MALUKU UTARA","district":"HALMAHERA TIMUR","permitNumber":"188.45/540-166/2011","permitType":"PT","miningType":"IUP","commodity":"NIKEL","status":"2","validFrom":"2011-10-19","validTo":"2031-08-18","areaHa":122.7,"location":"DESA WAILUKUM KEC. MABA KOTA KAB HALMAHERA TIMUR","sourceRemark":"-","region":"maluku"},"geometry":{"type":"Polygon","coordinates":[[[128.25004,0.70561],[128.25005,0.6975],[128.25494,0.6975],[128.25494,0.69931],[128.25944,0.69931],[128.25944,0.70381],[128.25764,0.70381],[128.25764,0.71194],[128.25225,0.71194],[128.25225,0.70561],[128.25004,0.70561]]]}},{"type":"Feature","properties":{"inventoryId":"big-mining-wiup:1707","sector":"Tambang","subtype":"WIUP","quality":"OFFICIAL","sourceDataset":"big-mining-wiup","sourceRecordId":"1707","source":"BIG Kebijakan Satu Peta","sourceUrl":"https://kspservices.big.go.id/satupeta/rest/services/PUBLIK/PERIZINAN_DAN_PERTANAHAN/MapServer/4","retrievedAt":"2026-08-28T06:57:32Z","geometryProcessing":"web display simplification tolerance 0.00035 degrees","name":"HARUM SUKSES MINING","issuer":"BUPATI","province":"MALUKU UTARA","district":"HALMAHERA TENGAH","permitNumber":"540/KEP/254/2012","permitType":"PT","miningType":"IUP","commodity":"NIKEL","status":"2","validFrom":"2012-05-28","validTo":"2029-12-28","areaHa":511.0,"location":"DESA FRITU KEC WEDA UTARA KAB HALMAHERA TENGAH","sourceRemark":"-","region":"maluku"},"geometry":{"type":"Polygon","coordinates":[[[128.15833,0.55845],[128.15833,0.58333],[128.14167,0.58333],[128.14167,0.56667],[128.13873,0.56667],[128.13873,0.55],[128.14159,0.55],[128.14159,0.56374],[128.15097,0.56374],[128.15097,0.55845],[128.15833,0.55845]]]}},{"type":"Feature","properties":{"inventoryId":"big-mining-wiup:407","sector":"Tambang","subtype":"WIUP","quality":"OFFICIAL","sourceDataset":"big-mining-wiup","sourceRecordId":"407","source":"BIG Kebijakan Satu Peta","sourceUrl":"https://kspservices.big.go.id/satupeta/rest/services/PUBLIK/PERIZINAN_DAN_PERTANAHAN/MapServer/4","retrievedAt":"2026-08-28T06:57:32Z","geometryProcessing":"web display simplification tolerance 0.00035 degrees","name":"HARUM SUKSES MINING","issuer":"BUPATI","province":"MALUKU UTARA","district":"HALMAHERA TENGAH","permitNumber":"540/KEP/327/2009","permitType":"PT","miningType":"IUP","commodity":"NIKEL","status":"2","validFrom":"2009-12-28","validTo":"2030-12-28","areaHa":990.0,"location":"DESA FRITU KEC WEDA UTARA KAB HALMAHERA TENGAH","sourceRemark":"-","region":"maluku"},"geometry":{"type":"Polygon","coordinates":[[[128.15833,0.58333],[128.16071,0.58333],[128.16071,0.58762],[128.16524,0.58809],[128.16524,0.59167],[128.16976,0.59167],[128.16976,0.58809],[128.175,0.58762],[128.175,0.59357],[128.17262,0.59357],[128.17262,0.59524],[128.17119,0.59524],[128.17119,0.59857],[128.17262,0.59857],[128.17262,0.60214],[128.16643,0.60214],[128.16643,0.60405],[128.16404,0.60405],[128.16404,0.60928],[128.1619,0.60928],[128.1619,0.61167],[128.15762,0.61167],[128.15762,0.61048],[128.13333,0.61048],[128.13333,0.6],[128.14167,0.6],[128.14167,0.58333],[128.15833,0.58333]]]}},{"type":"Feature","properties":{"inventoryId":"big-mining-wiup:4248","sector":"Tambang","subtype":"WIUP","quality":"OFFICIAL","sourceDataset":"big-mining-wiup","sourceRecordId":"4248","source":"BIG Kebijakan Satu Peta","sourceUrl":"https://kspservices.big.go.id/satupeta/rest/services/PUBLIK/PERIZINAN_DAN_PERTANAHAN/MapServer/4","retrievedAt":"2026-08-28T06:57:32Z","geometryProcessing":"web display simplification tolerance 0.00035 degrees","name":"INDO ABRASIVES MINERALS","issuer":"MENTERI","province":"MALUKU","district":"MALUKU TENGAH","permitNumber":"627/1/IUP/PMDN/2022","permitType":"PT","miningType":"IUP","commodity":"GARNET","status":"1","validFrom":"2022-04-07","validTo":"2025-04-07","areaHa":2946.69,"location":"AMAHAI, MALUKU TENGAH, MALUKU","sourceRemark":"-","region":"maluku"},"geometry":{"type":"Polygon","coordinates":[[[129.06696,-3.33744],[129.06696,-3.34513],[129.07577,-3.34513],[129.07577,-3.34122],[129.09213,-3.34122],[129.09213,-3.34716],[129.10542,-3.34716],[129.10542,-3.35077],[129.12291,-3.35077],[129.12291,-3.35725],[129.1259,-3.35725],[129.1259,-3.36079],[129.12853,-3.36079],[129.12853,-3.36333],[129.13525,-3.36333],[129.13525,-3.36076],[129.15,-3.36076],[129.15,-3.36518],[129.15361,-3.36518],[129.15361,-3.36867],[129.172,-3.36867],[129.172,-3.37487],[129.17542,-3.37487],[129.17542,-3.38067],[129.18126,-3.38067],[129.18126,-3.38464],[129.18723,-3.38464],[129.18723,-3.38937],[129.20737,-3.38937],[129.20737,-3.39249],[129.21508,-3.39249],[129.21508,-3.3943],[129.22356,-3.3943],[129.22356,-3.39974],[129.24355,-3.39974],[129.24355,-3.40307],[129.24935,-3.40307],[129.24935,-3.4063],[129.27168,-3.4063],[129.27168,-3.4108],[129.38205,-3.4108],[129.38205,-3.41699],[129.41814,-3.41699],[129.41814,-3.40558],[129.40297,-3.40558],[129.40297,-3.40262],[129.37248,-3.40262],[129.37248,-3.40109],[129.35575,-3.40109],[129.35575,-3.39976],[129.31492,-3.39976],[129.31492,-3.40206],[129.30975,-3.40206],[129.30975,-3.40401],[129.29704,-3.40401],[129.29704,-3.4095],[129.27258,-3.4095],[129.27258,-3.40493],[129.25885,-3.40493],[129.25885,-3.4017],[129.25472,-3.4017],[129.25472,-3.39799],[129.24661,-3.39799],[129.24661,-3.39383],[129.22518,-3.39383],[129.22518,-3.39039],[129.20983,-3.39039],[129.20983,-3.38781],[129.20206,-3.38781],[129.20206,-3.38048],[129.19112,-3.38048],[129.19112,-3.37557],[129.18421,-3.37557],[129.18421,-3.37314],[129.17363,-3.37314],[129.17363,-3.36825],[129.1639,-3.36825],[129.1639,-3.36564],[129.15728,-3.36564],[129.15728,-3.36378],[129.15187,-3.36378],[129.15187,-3.35992],[129.13946,-3.35992],[129.13946,-3.35675],[129.1304,-3.35675],[129.1304,-3.35485],[129.12505,-3.35485],[129.12505,-3.34908],[129.1153,-3.34908],[129.1153,-3.34632],[129.10748,-3.34632],[129.10748,-3.34355],[129.09902,-3.34355],[129.09902,-3.33748],[129.08635,-3.33748],[129.08635,-3.33473],[129.07117,-3.33473],[129.07117,-3.33744],[129.06696,-3.33744]]]}},{"type":"Feature","properties":{"inventoryId":"big-mining-wiup:886","sector":"Tambang","subtype":"WIUP","quality":"OFFICIAL","sourceDataset":"big-mining-wiup","sourceRecordId":"886","source":"BIG Kebijakan Satu Peta","sourceUrl":"https://kspservices.big.go.id/satupeta/rest/services/PUBLIK/PERIZINAN_DAN_PERTANAHAN/MapServer/4","retrievedAt":"2026-08-28T06:57:32Z","geometryProcessing":"web display simplification tolerance 0.00035 degrees","name":"INDO BUMI NICKEL","issuer":"BUPATI","province":"MALUKU UTARA","district":"HALMAHERA TIMUR","permitNumber":"188.45/152-540/2009","permitType":"PT","miningType":"IUP","commodity":"NIKEL","status":"2","validFrom":"2009-12-07","validTo":"2029-12-07","areaHa":2117.0,"location":"KEC. WASILE DAN WASILE TIMUR KAB HALMAHERA TIMUR","sourceRemark":"-","region":"maluku"},"geometry":{"type":"Polygon","coordinates":[[[128.21269,1.04914],[128.18133,1.04914],[128.18133,1.01617],[128.18844,1.01617],[128.18844,0.98819],[128.21269,0.98819],[128.21269,1.04914]]]}},{"type":"Feature","properties":{"inventoryId":"big-mining-wiup:402","sector":"Tambang","subtype":"WIUP","quality":"OFFICIAL","sourceDataset":"big-mining-wiup","sourceRecordId":"402","source":"BIG Kebijakan Satu Peta","sourceUrl":"https://kspservices.big.go.id/satupeta/rest/services/PUBLIK/PERIZINAN_DAN_PERTANAHAN/MapServer/4","retrievedAt":"2026-08-28T06:57:32Z","geometryProcessing":"web display simplification tolerance 0.00035 degrees","name":"INDOMEGA CAHAYA BUMI PERSADA","issuer":"GUBERNUR","province":"MALUKU UTARA","district":"KEPULAUAN SULA","permitNumber":"502/27/DPMPTSP/IV/2018","permitType":"PT","miningType":"IUP","commodity":"BIJIH BESI","status":"2","validFrom":"2018-04-25","validTo":"2034-09-28","areaHa":4679.66,"location":"KEC. TALIABU TIMUR DAN TALIABU","sourceRemark":"-","region":"maluku"},"geometry":{"type":"Polygon","coordinates":[[[124.9903,-1.71843],[124.9903,-1.7194],[124.9877,-1.7194],[124.9877,-1.7199],[124.9858,-1.7199],[124.9858,-1.71843],[124.9821,-1.71843],[124.9821,-1.7189],[124.9815,-1.7189],[124.9815,-1.7214],[124.9806,-1.7214],[124.9806,-1.7223],[124.9788,-1.7223],[124.9784,-1.7258],[124.9773,-1.7258],[124.9773,-1.7264],[124.9741,-1.7264],[124.9741,-1.7257],[124.9716,-1.7257],[124.9716,-1.725],[124.9705,-1.725],[124.9705,-1.7241],[124.9693,-1.7236],[124.9693,-1.7229],[124.9703,-1.7229],[124.9703,-1.7212],[124.9716,-1.7209],[124.9711,-1.7186],[124.96164,-1.71843],[124.96164,-1.742],[124.91832,-1.742],[124.91832,-1.77538],[125.00721,-1.77538],[125.00721,-1.7301],[125.0065,-1.7302],[125.0065,-1.7313],[125.0006,-1.7321],[125.0006,-1.7315],[124.9993,-1.7315],[124.9993,-1.7307],[124.9987,-1.7307],[124.9983,-1.729],[124.9969,-1.729],[124.9969,-1.7284],[124.9946,-1.7275],[124.9946,-1.7264],[124.9917,-1.7264],[124.9917,-1.7258],[124.9911,-1.7258],[124.9911,-1.7223],[124.9898,-1.7219],[124.9898,-1.7203],[124.991,-1.7203],[124.991,-1.7195],[124.9919,-1.7195],[124.9922,-1.71843],[124.9903,-1.71843]]]}},{"type":"Feature","properties":{"inventoryId":"big-mining-wiup:1621","sector":"Tambang","subtype":"WIUP","quality":"OFFICIAL","sourceDataset":"big-mining-wiup","sourceRecordId":"1621","source":"BIG Kebijakan Satu Peta","sourceUrl":"https://kspservices.big.go.id/satupeta/rest/services/PUBLIK/PERIZINAN_DAN_PERTANAHAN/MapServer/4","retrievedAt":"2026-08-28T06:57:32Z","geometryProcessing":"web display simplification tolerance 0.00035 degrees","name":"INDOMEGA DARMA INDAH SAKTI","issuer":"GUBERNUR","province":"MALUKU UTARA","district":"PULAU TALIABU","permitNumber":"502/26/DPMPTSP/IV/2018","permitType":"PT","miningType":"IUP","commodity":"BIJIH BESI","status":"2","validFrom":"2018-04-25","validTo":"2034-09-28","areaHa":1415.71,"location":"TALIABU UTARA, TALIABU SELATAN DAN TABONA","sourceRemark":"-","region":"maluku"},"geometry":{"type":"Polygon","coordinates":[[[124.7451,-1.8562],[124.7524,-1.8567],[124.7539,-1.857],[124.7539,-1.8577],[124.769,-1.8577],[124.769,-1.85605],[124.778,-1.85605],[124.778,-1.8534],[124.783,-1.8534],[124.783,-1.85178],[124.789,-1.85178],[124.789,-1.84778],[124.7927,-1.84778],[124.7927,-1.8466],[124.7965,-1.8466],[124.7965,-1.8454],[124.8049,-1.8454],[124.8049,-1.844],[124.839,-1.844],[124.839,-1.8424],[124.848,-1.8424],[124.848,-1.83974],[124.857,-1.83974],[124.857,-1.83634],[124.864,-1.83634],[124.864,-1.8344],[124.867,-1.8344],[124.867,-1.8125],[124.8574,-1.8125],[124.8571,-1.815],[124.8564,-1.815],[124.8564,-1.8167],[124.8557,-1.8167],[124.8557,-1.8198],[124.8545,-1.8198],[124.8545,-1.8236],[124.8529,-1.8236],[124.8529,-1.8271],[124.8515,-1.8271],[124.8515,-1.8298],[124.8504,-1.8298],[124.8505,-1.8324],[124.8494,-1.8324],[124.8494,-1.8346],[124.8241,-1.8346],[124.8241,-1.8355],[124.7898,-1.8359],[124.7898,-1.8372],[124.7883,-1.8372],[124.7883,-1.8385],[124.7867,-1.8385],[124.7867,-1.8397],[124.7851,-1.8397],[124.7851,-1.841],[124.7836,-1.841],[124.7836,-1.8423],[124.782,-1.8423],[124.782,-1.8436],[124.7805,-1.8436],[124.7805,-1.8449],[124.7789,-1.8449],[124.7789,-1.8462],[124.7773,-1.8462],[124.7773,-1.8475],[124.7758,-1.8475],[124.7758,-1.8488],[124.7742,-1.8488],[124.7742,-1.8501],[124.7727,-1.8501],[124.7727,-1.8514],[124.7711,-1.8514],[124.7711,-1.8521],[124.7675,-1.8521],[124.7675,-1.853],[124.7619,-1.853],[124.7619,-1.8538],[124.7563,-1.8538],[124.7563,-1.8546],[124.7507,-1.8546],[124.7507,-1.8555],[124.7451,-1.8555],[124.7451,-1.8562]]]}},{"type":"Feature","properties":{"inventoryId":"big-mining-wiup:1539","sector":"Tambang","subtype":"WIUP","quality":"OFFICIAL","sourceDataset":"big-mining-wiup","sourceRecordId":"1539","source":"BIG Kebijakan Satu Peta","sourceUrl":"https://kspservices.big.go.id/satupeta/rest/services/PUBLIK/PERIZINAN_DAN_PERTANAHAN/MapServer/4","retrievedAt":"2026-08-28T06:57:32Z","geometryProcessing":"web display simplification tolerance 0.00035 degrees","name":"INDOMEGA DIRGASAKTI","issuer":"GUBERNUR","province":"MALUKU UTARA","district":"KEPULAUAN SULA","permitNumber":"502/3/DPMPTSP/II/2018","permitType":"PT","miningType":"IUP","commodity":"BIJIH BESI","status":"2","validFrom":"2018-02-20","validTo":"2030-11-18","areaHa":12851.35,"location":"KEC. TALIABU UTARA KAB. KEPULA","sourceRemark":"-","region":"maluku"},"geometry":{"type":"Polygon","coordinates":[[[124.8358,-1.7917],[124.8358,-1.7583],[124.8833,-1.7583],[124.8833,-1.7],[124.875,-1.7],[124.875,-1.6917],[124.8144,-1.6917],[124.81435,-1.69874],[124.7497,-1.6987],[124.7497,-1.7907],[124.751,-1.7907],[124.751,-1.7898],[124.7555,-1.7898],[124.7555,-1.7889],[124.7599,-1.7889],[124.7599,-1.788],[124.7643,-1.788],[124.7643,-1.7871],[124.7703,-1.7871],[124.7703,-1.7862],[124.7717,-1.7862],[124.7717,-1.7853],[124.7729,-1.7853],[124.7729,-1.7844],[124.7741,-1.7844],[124.7741,-1.7835],[124.7753,-1.7835],[124.7753,-1.7826],[124.7765,-1.7826],[124.7765,-1.7817],[124.7777,-1.7817],[124.7777,-1.7808],[124.779,-1.7808],[124.779,-1.7799],[124.7802,-1.7799],[124.7802,-1.779],[124.7814,-1.779],[124.7814,-1.7781],[124.7827,-1.7781],[124.7827,-1.7772],[124.7839,-1.7772],[124.7839,-1.7763],[124.785,-1.7763],[124.785,-1.7754],[124.7861,-1.7754],[124.7861,-1.7745],[124.7872,-1.7745],[124.7872,-1.7736],[124.7883,-1.7736],[124.7883,-1.7727],[124.7894,-1.7727],[124.7894,-1.7718],[124.7905,-1.7718],[124.7905,-1.7708],[124.7943,-1.7708],[124.7943,-1.7718],[124.7973,-1.7718],[124.7973,-1.7728],[124.8,-1.7728],[124.8,-1.7738],[124.8052,-1.7745],[124.8052,-1.7753],[124.8079,-1.7753],[124.8079,-1.7761],[124.8105,-1.7761],[124.8105,-1.7768],[124.8131,-1.7768],[124.8131,-1.7775],[124.8158,-1.7775],[124.8158,-1.7782],[124.81493,-1.7782],[124.81493,-1.779],[124.821,-1.779],[124.821,-1.7797],[124.8237,-1.7797],[124.8237,-1.7804],[124.8289,-1.7811],[124.8289,-1.782],[124.8316,-1.782],[124.8316,-1.7829],[124.8342,-1.7829],[124.8342,-1.7872],[124.8334,-1.7872],[124.8334,-1.7921],[124.8322,-1.7921],[124.8322,-1.7965],[124.8312,-1.7965],[124.8312,-1.8005],[124.8431,-1.801],[124.8431,-1.7917],[124.8358,-1.7917]]]}},{"type":"Feature","properties":{"inventoryId":"big-mining-wiup:855","sector":"Tambang","subtype":"WIUP","quality":"OFFICIAL","sourceDataset":"big-mining-wiup","sourceRecordId":"855","source":"BIG Kebijakan Satu Peta","sourceUrl":"https://kspservices.big.go.id/satupeta/rest/services/PUBLIK/PERIZINAN_DAN_PERTANAHAN/MapServer/4","retrievedAt":"2026-08-28T06:57:32Z","geometryProcessing":"web display simplification tolerance 0.00035 degrees","name":"INDOMINERAL UTAMA SEJAHTERA","issuer":"GUBERNUR","province":"MALUKU UTARA","district":"KEPULAUAN SULA","permitNumber":"502/22/DPMPTS/IV/2018","permitType":"PT","miningType":"IUP","commodity":"BIJIH BESI","status":"2","validFrom":"2018-04-25","validTo":"2034-10-29","areaHa":20391.15,"location":"KEC. MANGOLI UTARA, MANGOLI TENGAH KAB KEP SULA","sourceRemark":"-","region":"maluku"},"geometry":{"type":"Polygon","coordinates":[[[125.928,-1.9223],[125.928,-1.8126],[125.7411,-1.8126],[125.7411,-1.8272],[125.6125,-1.82722],[125.6125,-1.84389],[125.6307,-1.84389],[125.6319,-1.8434],[125.6319,-1.8426],[125.6337,-1.8426],[125.6337,-1.842],[125.6353,-1.842],[125.6353,-1.8413],[125.6369,-1.8413],[125.6369,-1.8408],[125.6384,-1.8408],[125.6384,-1.8402],[125.6409,-1.8399],[125.6416,-1.8392],[125.6535,-1.839],[125.6606,-1.8403],[125.6606,-1.8409],[125.6626,-1.8409],[125.6626,-1.8417],[125.6654,-1.8423],[125.6654,-1.843],[125.6668,-1.843],[125.6668,-1.8435],[125.668,-1.8435],[125.668,-1.84389],[125.68889,-1.84389],[125.68889,-1.8514],[125.6921,-1.8518],[125.6921,-1.8526],[125.6944,-1.8526],[125.69441,-1.85361],[125.70972,-1.85361],[125.70972,-1.875],[125.7546,-1.875],[125.7552,-1.8732],[125.7565,-1.8732],[125.7565,-1.8722],[125.7577,-1.8722],[125.7577,-1.8712],[125.759,-1.8712],[125.759,-1.8703],[125.7602,-1.8703],[125.7602,-1.8694],[125.7613,-1.8694],[125.7613,-1.8685],[125.7625,-1.8685],[125.7625,-1.8617],[125.7708,-1.8617],[125.7714,-1.8615],[125.7714,-1.8605],[125.7727,-1.8605],[125.7727,-1.8596],[125.7764,-1.8596],[125.7764,-1.8602],[125.7789,-1.8602],[125.7789,-1.8608],[125.7811,-1.8608],[125.7811,-1.8613],[125.7894,-1.861],[125.7894,-1.8617],[125.8417,-1.8617],[125.8417,-1.8931],[125.8667,-1.8931],[125.8667,-1.9],[125.8875,-1.9],[125.8875,-1.9111],[125.8999,-1.9111],[125.8999,-1.9223],[125.928,-1.9223]]]}},{"type":"Feature","properties":{"inventoryId":"big-mining-wiup:2132","sector":"Tambang","subtype":"WIUP","quality":"OFFICIAL","sourceDataset":"big-mining-wiup","sourceRecordId":"2132","source":"BIG Kebijakan Satu Peta","sourceUrl":"https://kspservices.big.go.id/satupeta/rest/services/PUBLIK/PERIZINAN_DAN_PERTANAHAN/MapServer/4","retrievedAt":"2026-08-28T06:57:32Z","geometryProcessing":"web display simplification tolerance 0.00035 degrees","name":"INDONESIA MAS MULIA","issuer":"GUBERNUR","province":"MALUKU UTARA","district":"HALMAHERA SELATAN","permitNumber":"502/5/DPMPTSP/X/2018","permitType":"PT","miningType":"IUP","commodity":"EMAS DMP","status":"2","validFrom":"2018-10-22","validTo":"2038-10-22","areaHa":4800.0,"location":"DESA YABA DSK KEC. BACAN BARAT KAB HALMAHERA SELATAN","sourceRemark":"-","region":"maluku"},"geometry":{"type":"Polygon","coordinates":[[[127.51911,-0.39717],[127.475,-0.39717],[127.475,-0.467],[127.532,-0.467],[127.532,-0.40335],[127.51911,-0.40335],[127.51911,-0.39717]]]}},{"type":"Feature","properties":{"inventoryId":"big-mining-wiup:970","sector":"Tambang","subtype":"WIUP","quality":"OFFICIAL","sourceDataset":"big-mining-wiup","sourceRecordId":"970","source":"BIG Kebijakan Satu Peta","sourceUrl":"https://kspservices.big.go.id/satupeta/rest/services/PUBLIK/PERIZINAN_DAN_PERTANAHAN/MapServer/4","retrievedAt":"2026-08-28T06:57:32Z","geometryProcessing":"web display simplification tolerance 0.00035 degrees","name":"INDOTAMA MINERAL INDONESIA","issuer":"GUBERNUR","province":"MALUKU UTARA","district":"KEPULAUAN SULA","permitNumber":"502/2/DPMPTSP/II/2018","permitType":"PT","miningType":"IUP","commodity":"BIJIH BESI","status":"2","validFrom":"2018-02-20","validTo":"2034-10-20","areaHa":24440.81,"location":"KEC. MANGOLI BARAT KAB. KEP SULA","sourceRemark":"-","region":"maluku"},"geometry":{"type":"Polygon","coordinates":[[[125.426,-1.8799],[125.447,-1.8799],[125.447,-1.9324],[125.5402,-1.9324],[125.5402,-1.9375],[125.5625,-1.9375],[125.5625,-1.9278],[125.6917,-1.9278],[125.6917,-1.92],[125.6472,-1.92],[125.6472,-1.9153],[125.5708,-1.9153],[125.5708,-1.88],[125.5458,-1.88],[125.5458,-1.8208],[125.5029,-1.8208],[125.5029,-1.8214],[125.502,-1.8214],[125.502,-1.8208],[125.48,-1.8208],[125.48,-1.8269],[125.478,-1.8269],[125.478,-1.8133],[125.40901,-1.8133],[125.40901,-1.7936],[125.37703,-1.7936],[125.37703,-1.81833],[125.34694,-1.81833],[125.34694,-1.83278],[125.33801,-1.83278],[125.33801,-1.86944],[125.363,-1.86944],[125.363,-1.8475],[125.38801,-1.8475],[125.38801,-1.86388],[125.3893,-1.8633],[125.3898,-1.86],[125.3916,-1.8579],[125.3944,-1.8576],[125.3951,-1.8586],[125.3946,-1.8626],[125.3959,-1.863],[125.3964,-1.86388],[125.426,-1.8639],[125.426,-1.8799]]]}},{"type":"Feature","properties":{"inventoryId":"big-mining-wiup:3966","sector":"Tambang","subtype":"WIUP","quality":"OFFICIAL","sourceDataset":"big-mining-wiup","sourceRecordId":"3966","source":"BIG Kebijakan Satu Peta","sourceUrl":"https://kspservices.big.go.id/satupeta/rest/services/PUBLIK/PERIZINAN_DAN_PERTANAHAN/MapServer/4","retrievedAt":"2026-08-28T06:57:32Z","geometryProcessing":"web display simplification tolerance 0.00035 degrees","name":"INOVASI TAMBANG MAKMUR","issuer":"GUBERNUR","province":"MALUKU","district":"SERAM BAGIAN BARAT","permitNumber":"38.A TAHUN 2019","permitType":"PT","miningType":"IUP","commodity":"BATUAN","status":"1","validFrom":"2019-02-25","validTo":"2023-02-24","areaHa":4847.0,"location":"LUMOLY, SERAM BARAT, SERAM BAGIAN BARAT","sourceRemark":"-","region":"maluku"},"geometry":{"type":"Polygon","coordinates":[[[128.28863,-3.09907],[128.28863,-3.13881],[128.30972,-3.13881],[128.30972,-3.15435],[128.34733,-3.15435],[128.34733,-3.14306],[128.37334,-3.14283],[128.37334,-3.09441],[128.32778,-3.09441],[128.32778,-3.1125],[128.30194,-3.1125],[128.30194,-3.09907],[128.28863,-3.09907]]]}},{"type":"Feature","properties":{"inventoryId":"big-mining-wiup:1507","sector":"Tambang","subtype":"WIUP","quality":"OFFICIAL","sourceDataset":"big-mining-wiup","sourceRecordId":"1507","source":"BIG Kebijakan Satu Peta","sourceUrl":"https://kspservices.big.go.id/satupeta/rest/services/PUBLIK/PERIZINAN_DAN_PERTANAHAN/MapServer/4","retrievedAt":"2026-08-28T06:57:32Z","geometryProcessing":"web display simplification tolerance 0.00035 degrees","name":"INTIM JAYA KARYA","issuer":"BUPATI","province":"MALUKU UTARA","district":"PULAU MOROTAI","permitNumber":"540/69/PM/2010","permitType":"PT","miningType":"IUP","commodity":"PASIR BESI","status":"2","validFrom":"2010-08-23","validTo":"2025-08-23","areaHa":186.0,"location":"DESA TOROWA, PANGEO, KEC. MOROTAI JAYA, KAB. PULAU MOROTAI","sourceRemark":"-","region":"maluku"},"geometry":{"type":"Polygon","coordinates":[[[128.60528,2.58111],[128.60528,2.57139],[128.60736,2.57139],[128.60736,2.56736],[128.60972,2.56736],[128.60972,2.56542],[128.61278,2.56542],[128.61278,2.56236],[128.61583,2.56236],[128.61583,2.55931],[128.62625,2.55931],[128.62625,2.56292],[128.62403,2.56292],[128.62403,2.56389],[128.62181,2.56389],[128.62181,2.56486],[128.61931,2.56486],[128.61931,2.56597],[128.61722,2.56597],[128.61722,2.56708],[128.61542,2.56708],[128.61542,2.56875],[128.61375,2.56875],[128.61375,2.57069],[128.61194,2.57069],[128.61194,2.57222],[128.61069,2.57222],[128.61069,2.57472],[128.60944,2.57472],[128.60944,2.58111],[128.60528,2.58111]]]}},{"type":"Feature","properties":{"inventoryId":"big-mining-wiup:1613","sector":"Tambang","subtype":"WIUP","quality":"OFFICIAL","sourceDataset":"big-mining-wiup","sourceRecordId":"1613","source":"BIG Kebijakan Satu Peta","sourceUrl":"https://kspservices.big.go.id/satupeta/rest/services/PUBLIK/PERIZINAN_DAN_PERTANAHAN/MapServer/4","retrievedAt":"2026-08-28T06:57:32Z","geometryProcessing":"web display simplification tolerance 0.00035 degrees","name":"INTIM JAYA KARYA","issuer":"BUPATI","province":"MALUKU UTARA","district":"PULAU MOROTAI","permitNumber":"540/85/PM/2010","permitType":"PT","miningType":"IUP","commodity":"PASIR BESI","status":"2","validFrom":"2010-10-27","validTo":"2025-10-27","areaHa":123.0,"location":"KEC. MOROTAI SELATAN BARAT, PULAU MOROTAI","sourceRemark":"-","region":"maluku"},"geometry":{"type":"Polygon","coordinates":[[[128.26167,2.34634],[128.26167,2.34167],[128.25939,2.34167],[128.25939,2.34031],[128.25732,2.34031],[128.25732,2.3396],[128.25633,2.3396],[128.25633,2.33885],[128.25501,2.33885],[128.25501,2.33767],[128.25417,2.33767],[128.25417,2.33472],[128.25091,2.33472],[128.25091,2.33392],[128.25028,2.33392],[128.25028,2.33271],[128.24855,2.33201],[128.24855,2.32628],[128.24772,2.32628],[128.24772,2.32501],[128.24643,2.32501],[128.24643,2.32418],[128.24556,2.32418],[128.24556,2.32028],[128.24093,2.32028],[128.24021,2.3189],[128.23795,2.31838],[128.23795,2.31763],[128.23679,2.31763],[128.23679,2.31702],[128.23128,2.31641],[128.23128,2.31135],[128.22833,2.31135],[128.22833,2.30889],[128.23333,2.30889],[128.23333,2.31544],[128.23841,2.31544],[128.23841,2.31667],[128.24081,2.31667],[128.24081,2.31825],[128.24365,2.31825],[128.24365,2.3199],[128.246,2.3199],[128.246,2.32264],[128.24766,2.32264],[128.24766,2.32373],[128.25,2.32373],[128.25,2.32555],[128.25085,2.32555],[128.25085,2.33149],[128.25189,2.33149],[128.25189,2.33434],[128.25464,2.33434],[128.25464,2.33632],[128.25592,2.33632],[128.25592,2.33784],[128.25786,2.33784],[128.25786,2.33873],[128.26017,2.33873],[128.26017,2.34007],[128.26217,2.34007],[128.26217,2.34102],[128.26347,2.34102],[128.26347,2.34634],[128.26167,2.34634]]]}},{"type":"Feature","properties":{"inventoryId":"big-mining-wiup:206","sector":"Tambang","subtype":"WIUP","quality":"OFFICIAL","sourceDataset":"big-mining-wiup","sourceRecordId":"206","source":"BIG Kebijakan Satu Peta","sourceUrl":"https://kspservices.big.go.id/satupeta/rest/services/PUBLIK/PERIZINAN_DAN_PERTANAHAN/MapServer/4","retrievedAt":"2026-08-28T06:57:32Z","geometryProcessing":"web display simplification tolerance 0.00035 degrees","name":"INTIM MINING SENTOSA","issuer":"BUPATI","province":"MALUKU UTARA","district":"HALMAHERA SELATAN","permitNumber":"147 TAHUN 2011","permitType":"PT","miningType":"IUP","commodity":"NIKEL DMP","status":"2","validFrom":"2011-09-12","validTo":"2026-09-12","areaHa":3185.0,"location":"DESA BOBO, KEC. OBI SELATAN, KAB. HALMAHERA SELATAN","sourceRemark":"-","region":"maluku"},"geometry":{"type":"Polygon","coordinates":[[[127.79131,-1.6129],[127.79131,-1.62811],[127.78388,-1.62811],[127.78388,-1.65083],[127.79153,-1.65083],[127.79153,-1.66404],[127.80236,-1.66404],[127.80236,-1.6905],[127.84889,-1.6905],[127.84889,-1.65083],[127.80236,-1.65083],[127.80236,-1.6129],[127.79131,-1.6129]]]}},{"type":"Feature","properties":{"inventoryId":"big-mining-wiup:987","sector":"Tambang","subtype":"WIUP","quality":"OFFICIAL","sourceDataset":"big-mining-wiup","sourceRecordId":"987","source":"BIG Kebijakan Satu Peta","sourceUrl":"https://kspservices.big.go.id/satupeta/rest/services/PUBLIK/PERIZINAN_DAN_PERTANAHAN/MapServer/4","retrievedAt":"2026-08-28T06:57:32Z","geometryProcessing":"web display simplification tolerance 0.00035 degrees","name":"INTIM MINING SENTOSA","issuer":"BUPATI","province":"MALUKU UTARA","district":"HALMAHERA SELATAN","permitNumber":"52 TAHUN 2013","permitType":"PT","miningType":"IUP","commodity":"NIKEL","status":"2","validFrom":"2013-03-06","validTo":"2033-03-06","areaHa":1935.0,"location":"DES BARU KECAMATAN OBI KABUPATEN HALMAHERA SELATAN","sourceRemark":"-","region":"maluku"},"geometry":{"type":"Polygon","coordinates":[[[127.54443,-1.44135],[127.5356,-1.44135],[127.5356,-1.4569],[127.5811,-1.4569],[127.5811,-1.40777],[127.5786,-1.40777],[127.5786,-1.39917],[127.57133,-1.39917],[127.57133,-1.41191],[127.56618,-1.41191],[127.56618,-1.42792],[127.54862,-1.42792],[127.54862,-1.42234],[127.54443,-1.42234],[127.54443,-1.44135]]]}},{"type":"Feature","properties":{"inventoryId":"big-mining-wiup:4183","sector":"Tambang","subtype":"WIUP","quality":"OFFICIAL","sourceDataset":"big-mining-wiup","sourceRecordId":"4183","source":"BIG Kebijakan Satu Peta","sourceUrl":"https://kspservices.big.go.id/satupeta/rest/services/PUBLIK/PERIZINAN_DAN_PERTANAHAN/MapServer/4","retrievedAt":"2026-08-28T06:57:32Z","geometryProcessing":"web display simplification tolerance 0.00035 degrees","name":"IRENE SILFANUS","issuer":"GUBERNUR","province":"SULAWESI UTARA","district":"MINAHASA","permitNumber":"503/DPMPTSPD/IUP-OP/236/IX/2018","permitType":"SDR","miningType":"IUP","commodity":"BATUAN","status":"2","validFrom":"2018-09-10","validTo":"2023-09-10","areaHa":8.8,"location":"DESA TATELI SATU, KEC. MANDOLANG, KAB. MINAHASA, PROV. SULAWESI UTARA","sourceRemark":"-","region":"maluku"},"geometry":{"type":"Polygon","coordinates":[[[124.76597,1.43194],[124.76729,1.43173],[124.76729,1.43083],[124.76819,1.43083],[124.76819,1.43038],[124.77044,1.42993],[124.77044,1.43263],[124.7676,1.43263],[124.7676,1.43194],[124.76597,1.43194]]]}},{"type":"Feature","properties":{"inventoryId":"big-mining-wiup:506","sector":"Tambang","subtype":"WIUP","quality":"OFFICIAL","sourceDataset":"big-mining-wiup","sourceRecordId":"506","source":"BIG Kebijakan Satu Peta","sourceUrl":"https://kspservices.big.go.id/satupeta/rest/services/PUBLIK/PERIZINAN_DAN_PERTANAHAN/MapServer/4","retrievedAt":"2026-08-28T06:57:32Z","geometryProcessing":"web display simplification tolerance 0.00035 degrees","name":"JAYA ABADI SEMESTA","issuer":"BUPATI","province":"MALUKU UTARA","district":"HALMAHERA TIMUR","permitNumber":"188.45/540-121A/2012","permitType":"PT","miningType":"IUP","commodity":"NIKEL","status":"2","validFrom":"2012-09-10","validTo":"2032-09-10","areaHa":1826.0,"location":"KEC. WASILE DAN MABA KAB. HALMAHERA TIMUR","sourceRemark":"-","region":"maluku"},"geometry":{"type":"Polygon","coordinates":[[[128.10721,1.03223],[128.12583,1.03222],[128.12583,1.02889],[128.12917,1.02889],[128.12917,1.02389],[128.13194,1.02389],[128.13194,1.01833],[128.13556,1.01833],[128.13556,1.01167],[128.13694,1.01167],[128.13694,1.00833],[128.13889,1.00833],[128.13889,1.00472],[128.14083,1.00472],[128.14083,0.99889],[128.15417,0.99889],[128.15417,1.01111],[128.16583,1.01111],[128.16583,1.02691],[128.15931,1.02692],[128.15933,1.03176],[128.1541,1.03176],[128.1541,1.03474],[128.1481,1.03475],[128.1481,1.03725],[128.14583,1.03726],[128.14583,1.03944],[128.13806,1.03944],[128.13806,1.0339],[128.13232,1.0339],[128.13232,1.0378],[128.12887,1.03784],[128.12889,1.05944],[128.11667,1.05944],[128.11667,1.04972],[128.10722,1.04972],[128.10721,1.03223]]]}},{"type":"Feature","properties":{"inventoryId":"big-mining-wiup:920","sector":"Tambang","subtype":"WIUP","quality":"OFFICIAL","sourceDataset":"big-mining-wiup","sourceRecordId":"920","source":"BIG Kebijakan Satu Peta","sourceUrl":"https://kspservices.big.go.id/satupeta/rest/services/PUBLIK/PERIZINAN_DAN_PERTANAHAN/MapServer/4","retrievedAt":"2026-08-28T06:57:32Z","geometryProcessing":"web display simplification tolerance 0.00035 degrees","name":"JIKODOLONG MEGAH PERTIWI","issuer":"GUBERNUR","province":"MALUKU UTARA","district":"HALMAHERA SELATAN","permitNumber":"502/2/DPMPTSP/I/2019","permitType":"PT","miningType":"IUP","commodity":"NIKEL DMP","status":"2","validFrom":"2019-01-14","validTo":"2029-04-06","areaHa":1884.84,"location":"DESA BARU KEC. OBI KAB. HALMAHERA SELATAN","sourceRemark":"-","region":"maluku"},"geometry":{"type":"Polygon","coordinates":[[[127.53556,-1.40653],[127.52,-1.40653],[127.52,-1.41594],[127.51192,-1.41594],[127.51192,-1.433],[127.50467,-1.433],[127.50467,-1.44778],[127.50736,-1.44778],[127.50736,-1.45028],[127.51044,-1.45028],[127.51044,-1.45403],[127.52056,-1.45403],[127.52056,-1.45681],[127.50463,-1.45681],[127.50463,-1.46178],[127.53556,-1.46178],[127.53556,-1.44119],[127.54429,-1.44119],[127.54429,-1.42222],[127.53556,-1.42222],[127.53556,-1.40653]]]}},{"type":"Feature","properties":{"inventoryId":"big-mining-wiup:1548","sector":"Tambang","subtype":"WIUP","quality":"OFFICIAL","sourceDataset":"big-mining-wiup","sourceRecordId":"1548","source":"BIG Kebijakan Satu Peta","sourceUrl":"https://kspservices.big.go.id/satupeta/rest/services/PUBLIK/PERIZINAN_DAN_PERTANAHAN/MapServer/4","retrievedAt":"2026-08-28T06:57:32Z","geometryProcessing":"web display simplification tolerance 0.00035 degrees","name":"KARUNIA ARTA KAMILIN","issuer":"GUBERNUR","province":"MALUKU UTARA","district":"PULAU MOROTAI","permitNumber":"502/2/DPMPTSP/I/2019","permitType":"PT","miningType":"IUP","commodity":"PASIR BESI","status":"2","validFrom":"2019-01-03","validTo":"2039-01-03","areaHa":2300.0,"location":"DESA TOROWA, PANGEO, KEC. MOROTAI JAYA, KAB. PULAU MOROTAI","sourceRemark":"-","region":"maluku"},"geometry":{"type":"Polygon","coordinates":[[[128.68291,2.49858],[128.685,2.49858],[128.685,2.47096],[128.69669,2.47096],[128.69669,2.51056],[128.6705,2.51053],[128.6705,2.5308],[128.6632,2.5308],[128.6632,2.5348],[128.6526,2.5348],[128.6526,2.5389],[128.6481,2.5389],[128.6481,2.5426],[128.63781,2.54261],[128.63781,2.56928],[128.62242,2.56928],[128.62242,2.58044],[128.61079,2.58044],[128.61079,2.5757],[128.61191,2.5757],[128.61191,2.57326],[128.61327,2.57326],[128.61327,2.57162],[128.61468,2.57162],[128.61468,2.56928],[128.61618,2.56928],[128.61618,2.56778],[128.61783,2.56778],[128.61783,2.56668],[128.61986,2.56668],[128.61986,2.56546],[128.62237,2.56546],[128.62237,2.56445],[128.62462,2.56445],[128.62462,2.56356],[128.62683,2.56356],[128.62683,2.53282],[128.64274,2.53282],[128.64274,2.52373],[128.65438,2.52373],[128.65438,2.51191],[128.66264,2.51191],[128.66264,2.49859],[128.68291,2.49858]]]}},{"type":"Feature","properties":{"inventoryId":"big-mining-wiup:943","sector":"Tambang","subtype":"WIUP","quality":"OFFICIAL","sourceDataset":"big-mining-wiup","sourceRecordId":"943","source":"BIG Kebijakan Satu Peta","sourceUrl":"https://kspservices.big.go.id/satupeta/rest/services/PUBLIK/PERIZINAN_DAN_PERTANAHAN/MapServer/4","retrievedAt":"2026-08-28T06:57:32Z","geometryProcessing":"web display simplification tolerance 0.00035 degrees","name":"KARUNIA MITRA ABADI","issuer":"BUPATI","province":"MALUKU UTARA","district":"HALMAHERA BARAT","permitNumber":"182 TAHUN 2011","permitType":"PT","miningType":"IUP","commodity":"PASIR BESI","status":"2","validFrom":"2011-12-14","validTo":"2031-12-14","areaHa":4000.0,"location":"KEC. LOLODA, KAB. HALMAHERA BARAT","sourceRemark":"-","region":"maluku"},"geometry":{"type":"Polygon","coordinates":[[[127.67222,1.96417],[127.67222,1.92558],[127.69508,1.92558],[127.69508,1.92844],[127.70083,1.92844],[127.70083,1.93203],[127.70447,1.93203],[127.70447,1.93478],[127.70917,1.93478],[127.70928,1.93733],[127.71325,1.93733],[127.71325,1.94008],[127.71939,1.94008],[127.71939,1.94283],[127.72397,1.94283],[127.72397,1.946],[127.72797,1.946],[127.72797,1.9505],[127.73361,1.9505],[127.73361,1.95158],[127.74308,1.95158],[127.74308,1.96408],[127.67222,1.96417]]]}},{"type":"Feature","properties":{"inventoryId":"big-mining-wiup:1479","sector":"Tambang","subtype":"WIUP","quality":"OFFICIAL","sourceDataset":"big-mining-wiup","sourceRecordId":"1479","source":"BIG Kebijakan Satu Peta","sourceUrl":"https://kspservices.big.go.id/satupeta/rest/services/PUBLIK/PERIZINAN_DAN_PERTANAHAN/MapServer/4","retrievedAt":"2026-08-28T06:57:32Z","geometryProcessing":"web display simplification tolerance 0.00035 degrees","name":"KARYA INTAN MAKSIMA","issuer":"BUPATI","province":"MALUKU UTARA","district":"HALMAHERA UTARA","permitNumber":"540/68/HU/2012","permitType":"PT","miningType":"IUP","commodity":"PASIR BESI","status":"2","validFrom":"2012-03-28","validTo":"2032-03-28","areaHa":2237.0,"location":"LOLODA UTARA, HALUT","sourceRemark":"-","region":"maluku"},"geometry":{"type":"Polygon","coordinates":[[[127.84053,2.12688],[127.84053,2.12189],[127.83331,2.12189],[127.83331,2.118],[127.82636,2.118],[127.82636,2.11022],[127.82081,2.11022],[127.82081,2.103],[127.81553,2.103],[127.81553,2.09633],[127.81358,2.09633],[127.81358,2.08467],[127.80636,2.08467],[127.80636,2.07967],[127.80108,2.07967],[127.80108,2.0705],[127.79747,2.0705],[127.79747,2.06633],[127.79444,2.06633],[127.79444,2.06028],[127.79778,2.06028],[127.79778,2.05633],[127.81136,2.05633],[127.81136,2.05856],[127.81358,2.05856],[127.81358,2.0655],[127.81469,2.0655],[127.81469,2.06883],[127.81692,2.06883],[127.81692,2.06994],[127.81858,2.06994],[127.81858,2.07133],[127.82219,2.07133],[127.82219,2.07217],[127.82553,2.07217],[127.82553,2.07411],[127.82719,2.07411],[127.82719,2.078],[127.82914,2.078],[127.82914,2.07967],[127.83247,2.07967],[127.83247,2.08106],[127.83442,2.08106],[127.83442,2.08383],[127.83608,2.08383],[127.83608,2.09439],[127.83997,2.09439],[127.83997,2.09578],[127.84247,2.09578],[127.84247,2.09772],[127.84803,2.09772],[127.84803,2.09911],[127.84914,2.09911],[127.84914,2.10578],[127.85414,2.10578],[127.85414,2.10661],[127.86247,2.10661],[127.86247,2.10744],[127.86442,2.10744],[127.86442,2.11022],[127.86636,2.11022],[127.86636,2.11272],[127.86389,2.11272],[127.86389,2.11556],[127.86111,2.11556],[127.86111,2.11833],[127.85778,2.11833],[127.85778,2.12083],[127.85472,2.12083],[127.85472,2.12333],[127.85194,2.12333],[127.85194,2.12528],[127.84917,2.12528],[127.84917,2.12688],[127.84053,2.12688]]]}},{"type":"Feature","properties":{"inventoryId":"big-mining-wiup:3879","sector":"Tambang","subtype":"WIUP","quality":"OFFICIAL","sourceDataset":"big-mining-wiup","sourceRecordId":"3879","source":"BIG Kebijakan Satu Peta","sourceUrl":"https://kspservices.big.go.id/satupeta/rest/services/PUBLIK/PERIZINAN_DAN_PERTANAHAN/MapServer/4","retrievedAt":"2026-08-28T06:57:32Z","geometryProcessing":"web display simplification tolerance 0.00035 degrees","name":"KENDY T SAIYANG","issuer":"GUBERNUR","province":"SULAWESI UTARA","district":"MINAHASA","permitNumber":"503/DPMPTSPD/IUP-OP/220/VIII/2018","permitType":"SDR","miningType":"IUP","commodity":"BATUAN","status":"2","validFrom":"2018-08-31","validTo":"2023-08-31","areaHa":4.55,"location":"DS TATELI, KEC. MANDOLANG, MINAHASA","sourceRemark":"-","region":"maluku"},"geometry":{"type":"Polygon","coordinates":[[[124.76549,1.43353],[124.76549,1.43443],[124.76324,1.43443],[124.76279,1.43398],[124.76279,1.43308],[124.76369,1.43308],[124.76369,1.43263],[124.76486,1.43263],[124.76486,1.43353],[124.76549,1.43353]]]}},{"type":"Feature","properties":{"inventoryId":"big-mining-wiup:1114","sector":"Tambang","subtype":"WIUP","quality":"OFFICIAL","sourceDataset":"big-mining-wiup","sourceRecordId":"1114","source":"BIG Kebijakan Satu Peta","sourceUrl":"https://kspservices.big.go.id/satupeta/rest/services/PUBLIK/PERIZINAN_DAN_PERTANAHAN/MapServer/4","retrievedAt":"2026-08-28T06:57:32Z","geometryProcessing":"web display simplification tolerance 0.00035 degrees","name":"LOPOLY MINING CDX","issuer":"BUPATI","province":"MALUKU UTARA","district":"HALMAHERA TENGAH","permitNumber":"540/KEP/3366.A/2013","permitType":"PT","miningType":"IUP","commodity":"NIKEL","status":"2","validFrom":"2013-10-17","validTo":"2033-10-17","areaHa":47.4,"location":"UMERA, PULAU GEBE","sourceRemark":"-","region":"maluku"},"geometry":{"type":"Polygon","coordinates":[[[129.52496,-0.18759],[129.52496,-0.18826],[129.52629,-0.18916],[129.52666,-0.19032],[129.53012,-0.19263],[129.53093,-0.19263],[129.53093,-0.19317],[129.53454,-0.19317],[129.53454,-0.19233],[129.53521,-0.19199],[129.53437,-0.18931],[129.53328,-0.18931],[129.53328,-0.18759],[129.52496,-0.18759]]]}},{"type":"Feature","properties":{"inventoryId":"big-mining-wiup:163","sector":"Tambang","subtype":"WIUP","quality":"OFFICIAL","sourceDataset":"big-mining-wiup","sourceRecordId":"163","source":"BIG Kebijakan Satu Peta","sourceUrl":"https://kspservices.big.go.id/satupeta/rest/services/PUBLIK/PERIZINAN_DAN_PERTANAHAN/MapServer/4","retrievedAt":"2026-08-28T06:57:32Z","geometryProcessing":"web display simplification tolerance 0.00035 degrees","name":"MAKMUR JAYA LESTARI","issuer":"BUPATI","province":"MALUKU UTARA","district":"HALMAHERA TIMUR","permitNumber":"188.45/140-545/2009","permitType":"PT","miningType":"IUP","commodity":"NIKEL","status":"2","validFrom":"2009-10-29","validTo":"2028-10-29","areaHa":394.1,"location":"DESA MABA KOTA KB. HALMAHERA TIMUR","sourceRemark":"-","region":"maluku"},"geometry":{"type":"Polygon","coordinates":[[[128.24058,0.81467],[128.24058,0.80797],[128.24281,0.80797],[128.24281,0.80344],[128.24486,0.80344],[128.24486,0.79894],[128.24656,0.79894],[128.24656,0.79581],[128.25153,0.79581],[128.25153,0.79211],[128.25311,0.79211],[128.25311,0.78983],[128.26311,0.78983],[128.26311,0.78883],[128.26678,0.78883],[128.26678,0.79367],[128.26367,0.79367],[128.26367,0.79494],[128.25906,0.79494],[128.25906,0.79658],[128.25697,0.79658],[128.25697,0.80003],[128.25906,0.80003],[128.25906,0.80331],[128.25331,0.80331],[128.25331,0.80625],[128.25611,0.80625],[128.25611,0.8125],[128.25003,0.8125],[128.25003,0.81467],[128.24058,0.81467]]]}},{"type":"Feature","properties":{"inventoryId":"big-mining-wiup:250","sector":"Tambang","subtype":"WIUP","quality":"OFFICIAL","sourceDataset":"big-mining-wiup","sourceRecordId":"250","source":"BIG Kebijakan Satu Peta","sourceUrl":"https://kspservices.big.go.id/satupeta/rest/services/PUBLIK/PERIZINAN_DAN_PERTANAHAN/MapServer/4","retrievedAt":"2026-08-28T06:57:32Z","geometryProcessing":"web display simplification tolerance 0.00035 degrees","name":"MANUSELA PRIMA MINING","issuer":"BUPATI","province":"MALUKU","district":"SERAM BAGIAN BARAT","permitNumber":"545-236.A TAHUN 2009","permitType":"PT","miningType":"IUP","commodity":"NIKEL","status":"2","validFrom":"2009-10-15","validTo":"2029-10-15","areaHa":4389.0,"location":"DESA PIRU KEC. SERAM BARAT KAB","sourceRemark":"-","region":"maluku"},"geometry":{"type":"Polygon","coordinates":[[[128.08855,-3.13543],[128.09026,-3.13543],[128.09026,-3.13095],[128.09192,-3.13095],[128.09192,-3.12969],[128.09492,-3.12969],[128.09492,-3.12834],[128.09981,-3.12834],[128.09981,-3.12609],[128.10271,-3.12609],[128.10271,-3.12153],[128.11091,-3.12158],[128.11091,-3.11016],[128.1174,-3.11016],[128.1174,-3.10088],[128.07011,-3.10088],[128.07011,-3.08431],[128.05957,-3.08431],[128.05957,-3.07942],[128.03793,-3.07942],[128.03793,-3.09741],[128.06333,-3.09741],[128.06333,-3.13397],[128.05762,-3.13397],[128.05762,-3.15136],[128.02639,-3.15133],[128.02639,-3.1843],[128.03493,-3.18431],[128.0349,-3.21681],[128.05266,-3.21681],[128.05269,-3.18433],[128.06572,-3.18434],[128.0658,-3.14071],[128.07074,-3.14071],[128.07074,-3.10735],[128.09163,-3.10735],[128.09163,-3.12603],[128.0876,-3.12603],[128.0876,-3.13378],[128.08582,-3.13378],[128.08582,-3.13776],[128.08855,-3.13776],[128.08855,-3.13543]]]}},{"type":"Feature","properties":{"inventoryId":"big-mining-wiup:328","sector":"Tambang","subtype":"WIUP","quality":"OFFICIAL","sourceDataset":"big-mining-wiup","sourceRecordId":"328","source":"BIG Kebijakan Satu Peta","sourceUrl":"https://kspservices.big.go.id/satupeta/rest/services/PUBLIK/PERIZINAN_DAN_PERTANAHAN/MapServer/4","retrievedAt":"2026-08-28T06:57:32Z","geometryProcessing":"web display simplification tolerance 0.00035 degrees","name":"MEGA HALTIM MINERAL","issuer":"GUBERNUR","province":"MALUKU UTARA","district":"HALMAHERA TENGAH, HALMAHERA TIMUR","permitNumber":"380.2/KPTS/MU/2016","permitType":"PT","miningType":"IUP","commodity":"NIKEL","status":"2","validFrom":"2016-11-09","validTo":"2030-11-09","areaHa":13510.0,"location":"WEDA KEC. WASILE SELATAN KAB.","sourceRemark":"-","region":"maluku"},"geometry":{"type":"Polygon","coordinates":[[[127.8823,0.70972],[127.99151,0.70972],[127.99151,0.7256],[127.99987,0.7256],[127.99987,0.74193],[128.00778,0.74193],[128.00778,0.7503],[128.01583,0.7503],[128.01583,0.75923],[128.03194,0.75923],[128.03194,0.78226],[128.00603,0.78226],[128.00603,0.78279],[128.00092,0.78279],[128.00092,0.79844],[127.96839,0.79844],[127.96839,0.78303],[127.90583,0.78303],[127.90583,0.76181],[127.90722,0.76181],[127.90722,0.7375],[127.90586,0.7375],[127.90586,0.7364],[127.86813,0.7364],[127.86813,0.67583],[127.87082,0.67583],[127.87082,0.58584],[127.88946,0.58584],[127.88946,0.58672],[127.89644,0.58672],[127.89644,0.58764],[127.89789,0.58764],[127.89789,0.59108],[127.89876,0.59108],[127.89876,0.59353],[127.89941,0.59353],[127.89998,0.59668],[127.90117,0.59668],[127.90117,0.59978],[127.90178,0.59978],[127.90178,0.60148],[127.90241,0.60148],[127.90241,0.60309],[127.90398,0.60694],[127.90398,0.60762],[127.89981,0.60762],[127.89981,0.62159],[127.89898,0.62159],[127.89898,0.62387],[127.87381,0.62387],[127.87381,0.67586],[127.8823,0.67586],[127.8823,0.70972]]]}},{"type":"Feature","properties":{"inventoryId":"big-mining-wiup:875","sector":"Tambang","subtype":"WIUP","quality":"OFFICIAL","sourceDataset":"big-mining-wiup","sourceRecordId":"875","source":"BIG Kebijakan Satu Peta","sourceUrl":"https://kspservices.big.go.id/satupeta/rest/services/PUBLIK/PERIZINAN_DAN_PERTANAHAN/MapServer/4","retrievedAt":"2026-08-28T06:57:32Z","geometryProcessing":"web display simplification tolerance 0.00035 degrees","name":"MINERAL ELOK SEJAHTERA","issuer":"BUPATI","province":"MALUKU UTARA","district":"HALMAHERA UTARA","permitNumber":"540/145/HU/2010","permitType":"PT","miningType":"IUP","commodity":"MANGAN","status":"2","validFrom":"2010-08-11","validTo":"2030-08-11","areaHa":834.55,"location":"DESA DAMA, DOWINGGILA, SALUBE, KAB HALMAHERA UTARA","sourceRemark":"-","region":"maluku"},"geometry":{"type":"Polygon","coordinates":[[[127.82369,2.25833],[127.825,2.25833],[127.825,2.27],[127.81944,2.27],[127.81944,2.27222],[127.8,2.27222],[127.8,2.27361],[127.79611,2.27361],[127.79611,2.275],[127.77917,2.275],[127.77917,2.28194],[127.78056,2.28194],[127.78056,2.29167],[127.77361,2.29167],[127.77361,2.2875],[127.76944,2.2875],[127.76944,2.28056],[127.76667,2.28056],[127.76667,2.275],[127.7625,2.275],[127.7625,2.26944],[127.75833,2.26944],[127.75833,2.25833],[127.76111,2.25833],[127.76111,2.25472],[127.77278,2.25472],[127.77278,2.27111],[127.81528,2.27111],[127.81528,2.25833],[127.82369,2.25833]]]}},{"type":"Feature","properties":{"inventoryId":"big-mining-wiup:3941","sector":"Tambang","subtype":"WIUP","quality":"OFFICIAL","sourceDataset":"big-mining-wiup","sourceRecordId":"3941","source":"BIG Kebijakan Satu Peta","sourceUrl":"https://kspservices.big.go.id/satupeta/rest/services/PUBLIK/PERIZINAN_DAN_PERTANAHAN/MapServer/4","retrievedAt":"2026-08-28T06:57:32Z","geometryProcessing":"web display simplification tolerance 0.00035 degrees","name":"MINERAL PERKASA SENTOSA","issuer":"MENTERI","province":"MALUKU UTARA","district":"HALMAHERA SELATAN","permitNumber":"1234/1/IUP/PMDN/2021","permitType":"PT","miningType":"IUP","commodity":"GABRO","status":"1","validFrom":"2021-10-25","validTo":"2024-10-25","areaHa":58.64,"location":"PROVINSI MALUKU UTARA, KABUPATEN HALMAHERA SELATAN, KECAMATAN OBI,","sourceRemark":"-","region":"maluku"},"geometry":{"type":"Polygon","coordinates":[[[127.44165,-1.47753],[127.45151,-1.47753],[127.45151,-1.47305],[127.44989,-1.47305],[127.44989,-1.46996],[127.44877,-1.46996],[127.44877,-1.47305],[127.44165,-1.47305],[127.44165,-1.47753]]]}},{"type":"Feature","properties":{"inventoryId":"big-mining-wiup:1517","sector":"Tambang","subtype":"WIUP","quality":"OFFICIAL","sourceDataset":"big-mining-wiup","sourceRecordId":"1517","source":"BIG Kebijakan Satu Peta","sourceUrl":"https://kspservices.big.go.id/satupeta/rest/services/PUBLIK/PERIZINAN_DAN_PERTANAHAN/MapServer/4","retrievedAt":"2026-08-28T06:57:32Z","geometryProcessing":"web display simplification tolerance 0.00035 degrees","name":"MINERAL TROBOS","issuer":"GUBERNUR","province":"MALUKU UTARA","district":"HALMAHERA TENGAH","permitNumber":"77/KPTS/MU/2018","permitType":"PT","miningType":"IUP","commodity":"NIKEL","status":"2","validFrom":"2018-02-01","validTo":"2033-02-01","areaHa":196.0,"location":"KEC PULAU GEBE KAB HALMAHERA TENGAH","sourceRemark":"-","region":"maluku"},"geometry":{"type":"Polygon","coordinates":[[[129.38003,-0.04866],[129.3861,-0.04866],[129.3861,-0.04442],[129.40621,-0.04442],[129.40621,-0.03989],[129.37825,-0.03989],[129.37825,-0.04812],[129.38003,-0.04812],[129.38003,-0.04866]]]}},{"type":"Feature","properties":{"inventoryId":"big-mining-wiup:4257","sector":"Tambang","subtype":"WIUP","quality":"OFFICIAL","sourceDataset":"big-mining-wiup","sourceRecordId":"4257","source":"BIG Kebijakan Satu Peta","sourceUrl":"https://kspservices.big.go.id/satupeta/rest/services/PUBLIK/PERIZINAN_DAN_PERTANAHAN/MapServer/4","retrievedAt":"2026-08-28T06:57:32Z","geometryProcessing":"web display simplification tolerance 0.00035 degrees","name":"MULIA PUTRA SEJAHTERA","issuer":"BUPATI","province":"MALUKU UTARA","district":"HALMAHERA SELATAN","permitNumber":"163.A TAHUN 2011","permitType":"PT","miningType":"IUP","commodity":"NIKEL","status":"2","validFrom":"2011-11-13","validTo":"2031-11-13","areaHa":2967.75,"location":"KELURAHAN BARU DSK, KECAMATAN OBI","sourceRemark":"-","region":"maluku"},"geometry":{"type":"Polygon","coordinates":[[[127.54684,-1.4631],[127.54684,-1.50215],[127.54089,-1.50215],[127.54089,-1.50896],[127.56968,-1.50896],[127.56968,-1.50588],[127.61168,-1.50588],[127.61168,-1.48086],[127.58798,-1.48086],[127.58798,-1.47453],[127.58563,-1.47453],[127.58563,-1.46965],[127.58335,-1.46965],[127.58335,-1.46699],[127.5811,-1.46699],[127.5811,-1.4631],[127.54684,-1.4631]]]}},{"type":"Feature","properties":{"inventoryId":"big-mining-wiup:150","sector":"Tambang","subtype":"WIUP","quality":"OFFICIAL","sourceDataset":"big-mining-wiup","sourceRecordId":"150","source":"BIG Kebijakan Satu Peta","sourceUrl":"https://kspservices.big.go.id/satupeta/rest/services/PUBLIK/PERIZINAN_DAN_PERTANAHAN/MapServer/4","retrievedAt":"2026-08-28T06:57:32Z","geometryProcessing":"web display simplification tolerance 0.00035 degrees","name":"NUSA HALMAHERA MINERALS","issuer":"MENTERI","province":"MALUKU UTARA","district":"HALMAHERA UTARA","permitNumber":"337.K/34.02/DJB/2007","permitType":"PT","miningType":"KK","commodity":"EMAS DMP","status":"2","validFrom":"2007-03-20","validTo":"2029-10-25","areaHa":2168.0,"location":"HALMAHERA 97PK0180,96P00178","sourceRemark":"GEN VI","region":"maluku"},"geometry":{"type":"Polygon","coordinates":[[[127.72354,1.15222],[127.72369,1.16679],[127.66981,1.16679],[127.66981,1.15774],[127.66532,1.15774],[127.66533,1.1306],[127.66983,1.13061],[127.66983,1.12608],[127.67881,1.12609],[127.67882,1.11704],[127.69679,1.11705],[127.69678,1.13062],[127.70577,1.13062],[127.70578,1.13889],[127.68806,1.13889],[127.68806,1.14639],[127.68889,1.14639],[127.68889,1.1475],[127.69083,1.1475],[127.69083,1.14917],[127.6925,1.14917],[127.6925,1.15083],[127.69611,1.15083],[127.69611,1.15222],[127.72354,1.15222]]]}},{"type":"Feature","properties":{"inventoryId":"big-mining-wiup:517","sector":"Tambang","subtype":"WIUP","quality":"OFFICIAL","sourceDataset":"big-mining-wiup","sourceRecordId":"517","source":"BIG Kebijakan Satu Peta","sourceUrl":"https://kspservices.big.go.id/satupeta/rest/services/PUBLIK/PERIZINAN_DAN_PERTANAHAN/MapServer/4","retrievedAt":"2026-08-28T06:57:32Z","geometryProcessing":"web display simplification tolerance 0.00035 degrees","name":"NUSA HALMAHERA MINERALS","issuer":"MENTERI","province":"MALUKU UTARA","district":"HALMAHERA UTARA","permitNumber":"337.K/34.02/DJB/2007","permitType":"PT","miningType":"KK","commodity":"EMAS DMP","status":"2","validFrom":"2007-03-20","validTo":"2029-10-25","areaHa":25852.0,"location":"HALMAHERA 97PK0180,96P00178","sourceRemark":"GEN VI","region":"maluku"},"geometry":{"type":"Polygon","coordinates":[[[127.63333,1.25],[127.63333,1.08333],[127.79778,1.08333],[127.79778,1.10251],[127.82583,1.10251],[127.82583,1.15],[127.75,1.15],[127.75,1.25],[127.63333,1.25]],[[127.70578,1.13889],[127.70577,1.13062],[127.69678,1.13062],[127.69679,1.11705],[127.67882,1.11704],[127.67881,1.12609],[127.66983,1.12608],[127.66983,1.13061],[127.66533,1.1306],[127.66532,1.15774],[127.66981,1.15774],[127.66981,1.16679],[127.72369,1.16679],[127.72354,1.15222],[127.72417,1.15222],[127.72417,1.13917],[127.73389,1.13917],[127.73389,1.12528],[127.74056,1.12528],[127.74056,1.10778],[127.71083,1.10778],[127.71083,1.12667],[127.71778,1.12667],[127.71778,1.13611],[127.71083,1.13611],[127.71083,1.13889],[127.70578,1.13889]],[[127.80333,1.1075],[127.80333,1.10306],[127.78806,1.10306],[127.78806,1.1075],[127.80333,1.1075]]]}},{"type":"Feature","properties":{"inventoryId":"big-mining-wiup:549","sector":"Tambang","subtype":"WIUP","quality":"OFFICIAL","sourceDataset":"big-mining-wiup","sourceRecordId":"549","source":"BIG Kebijakan Satu Peta","sourceUrl":"https://kspservices.big.go.id/satupeta/rest/services/PUBLIK/PERIZINAN_DAN_PERTANAHAN/MapServer/4","retrievedAt":"2026-08-28T06:57:32Z","geometryProcessing":"web display simplification tolerance 0.00035 degrees","name":"NUSA HALMAHERA MINERALS","issuer":"MENTERI","province":"MALUKU UTARA","district":"HALMAHERA UTARA","permitNumber":"337.K/34.02/DJB/2007","permitType":"PT","miningType":"KK","commodity":"EMAS DMP","status":"2","validFrom":"2007-03-20","validTo":"2029-10-25","areaHa":1602.0,"location":"HALMAHERA DH97PK0456","sourceRemark":"GEN VI","region":"maluku"},"geometry":{"type":"MultiPolygon","coordinates":[[[[127.71083,1.10778],[127.74056,1.10778],[127.74056,1.12528],[127.73389,1.12528],[127.73389,1.13917],[127.72417,1.13917],[127.72417,1.15222],[127.69611,1.15222],[127.69611,1.15083],[127.6925,1.15083],[127.6925,1.14917],[127.69083,1.14917],[127.69083,1.1475],[127.68889,1.1475],[127.68889,1.14639],[127.68806,1.14639],[127.68806,1.13889],[127.71083,1.13889],[127.71083,1.13611],[127.71778,1.13611],[127.71778,1.12667],[127.71083,1.12667],[127.71083,1.10778]]],[[[127.80333,1.1075],[127.78806,1.1075],[127.78806,1.10306],[127.80333,1.10306],[127.80333,1.1075]]]]}},{"type":"Feature","properties":{"inventoryId":"big-mining-wiup:996","sector":"Tambang","subtype":"WIUP","quality":"OFFICIAL","sourceDataset":"big-mining-wiup","sourceRecordId":"996","source":"BIG Kebijakan Satu Peta","sourceUrl":"https://kspservices.big.go.id/satupeta/rest/services/PUBLIK/PERIZINAN_DAN_PERTANAHAN/MapServer/4","retrievedAt":"2026-08-28T06:57:32Z","geometryProcessing":"web display simplification tolerance 0.00035 degrees","name":"OBI ANUGERAH MINERAL","issuer":"GUBERNUR","province":"MALUKU UTARA","district":"HALMAHERA SELATAN","permitNumber":"502/3/DPMPTSP/I/2019","permitType":"PT","miningType":"IUP","commodity":"NIKEL","status":"2","validFrom":"2019-01-14","validTo":"2029-04-05","areaHa":1775.4,"location":"DESA BARU (LOJI) KEC. OBI KAB. HALMAHERA SELATAN","sourceRemark":"-","region":"maluku"},"geometry":{"type":"Polygon","coordinates":[[[127.64454,-1.36575],[127.6305,-1.36575],[127.6305,-1.36959],[127.62503,-1.36959],[127.62503,-1.3775],[127.62229,-1.3775],[127.62229,-1.38175],[127.60747,-1.38175],[127.60747,-1.38699],[127.60611,-1.38699],[127.60611,-1.39038],[127.60229,-1.39038],[127.60229,-1.39375],[127.57812,-1.39375],[127.57812,-1.37631],[127.56325,-1.37631],[127.56325,-1.38001],[127.55841,-1.38001],[127.55841,-1.39042],[127.55142,-1.39042],[127.55142,-1.40243],[127.55782,-1.40243],[127.55782,-1.41174],[127.56678,-1.41174],[127.56678,-1.40551],[127.57132,-1.40551],[127.57132,-1.39534],[127.60229,-1.39534],[127.60229,-1.39626],[127.60678,-1.39626],[127.60678,-1.40101],[127.62476,-1.40101],[127.62476,-1.39604],[127.627,-1.39604],[127.627,-1.39379],[127.6288,-1.39379],[127.6288,-1.39062],[127.63374,-1.39062],[127.63374,-1.38429],[127.64094,-1.38429],[127.64094,-1.38023],[127.64274,-1.38023],[127.64274,-1.3748],[127.64454,-1.3748],[127.64454,-1.36575]]]}},{"type":"Feature","properties":{"inventoryId":"big-mining-wiup:161","sector":"Tambang","subtype":"WIUP","quality":"OFFICIAL","sourceDataset":"big-mining-wiup","sourceRecordId":"161","source":"BIG Kebijakan Satu Peta","sourceUrl":"https://kspservices.big.go.id/satupeta/rest/services/PUBLIK/PERIZINAN_DAN_PERTANAHAN/MapServer/4","retrievedAt":"2026-08-28T06:57:32Z","geometryProcessing":"web display simplification tolerance 0.00035 degrees","name":"OBI PUTRA MANDIRI","issuer":"BUPATI","province":"MALUKU UTARA","district":"HALMAHERA SELATAN","permitNumber":"23 TAHUN 2011","permitType":"PT","miningType":"IUP","commodity":"NIKEL DMP","status":"2","validFrom":"2011-02-25","validTo":"2031-02-10","areaHa":4058.0,"location":"DESA BARU DUSUN TABUJI-JIKODOLONG DSK, KEC. OBI, KAB. HALMAHERA SELATAN","sourceRemark":"-","region":"maluku"},"geometry":{"type":"Polygon","coordinates":[[[127.47942,-1.46677],[127.47121,-1.46677],[127.47121,-1.51158],[127.5243,-1.51158],[127.5243,-1.50024],[127.52904,-1.50024],[127.52904,-1.49558],[127.53193,-1.49558],[127.53193,-1.48807],[127.52937,-1.48807],[127.52937,-1.47357],[127.53111,-1.47357],[127.53111,-1.46758],[127.53548,-1.46758],[127.53548,-1.46186],[127.50448,-1.46186],[127.50448,-1.45658],[127.52034,-1.45658],[127.52034,-1.45427],[127.51026,-1.45427],[127.51026,-1.4504],[127.50715,-1.4504],[127.50715,-1.44797],[127.5046,-1.44797],[127.5046,-1.45218],[127.49067,-1.45218],[127.49067,-1.44159],[127.47942,-1.44159],[127.47942,-1.46677]]]}},{"type":"Feature","properties":{"inventoryId":"big-mining-wiup:390","sector":"Tambang","subtype":"WIUP","quality":"OFFICIAL","sourceDataset":"big-mining-wiup","sourceRecordId":"390","source":"BIG Kebijakan Satu Peta","sourceUrl":"https://kspservices.big.go.id/satupeta/rest/services/PUBLIK/PERIZINAN_DAN_PERTANAHAN/MapServer/4","retrievedAt":"2026-08-28T06:57:32Z","geometryProcessing":"web display simplification tolerance 0.00035 degrees","name":"PATRIA SEKAR LAKSANA MULIA","issuer":"BUPATI","province":"MALUKU UTARA","district":"KEPULAUAN SULA","permitNumber":"502/11/DPMPTSP/IV/2018","permitType":"PT","miningType":"IUP","commodity":"BIJIH BESI","status":"2","validFrom":"2018-04-10","validTo":"2034-09-18","areaHa":8907.89,"location":"KEC. TALIABU TIMUR KAB KEP SULA","sourceRemark":"-","region":"maluku"},"geometry":{"type":"Polygon","coordinates":[[[125.0086,-1.81854],[125.0086,-1.8625],[125.0367,-1.8625],[125.0367,-1.8619],[125.0337,-1.8619],[125.0337,-1.8574],[125.0304,-1.8574],[125.0305,-1.8247],[125.0423,-1.8247],[125.0423,-1.8297],[125.0456,-1.8297],[125.0456,-1.8356],[125.0538,-1.8356],[125.0538,-1.8375],[125.1164,-1.8375],[125.1164,-1.7961],[125.10945,-1.7961],[125.10945,-1.77261],[125.0086,-1.77261],[125.0086,-1.81854]]]}},{"type":"Feature","properties":{"inventoryId":"big-mining-wiup:2169","sector":"Tambang","subtype":"WIUP","quality":"OFFICIAL","sourceDataset":"big-mining-wiup","sourceRecordId":"2169","source":"BIG Kebijakan Satu Peta","sourceUrl":"https://kspservices.big.go.id/satupeta/rest/services/PUBLIK/PERIZINAN_DAN_PERTANAHAN/MapServer/4","retrievedAt":"2026-08-28T06:57:32Z","geometryProcessing":"web display simplification tolerance 0.00035 degrees","name":"PATRIA SEKARJAYA","issuer":"GUBERNUR","province":"MALUKU UTARA","district":"PULAU TALIABU","permitNumber":"502/4/DPMPTSP/II/2018","permitType":"PT","miningType":"IUP","commodity":"BIJIH BESI","status":"2","validFrom":"2018-02-20","validTo":"2034-09-17","areaHa":14584.54,"location":"KEC. TALIABU TIMUR SELATAN KAB KEP SULA","sourceRemark":"-","region":"maluku"},"geometry":{"type":"Polygon","coordinates":[[[125.025,-1.8625],[124.9,-1.8625],[124.9,-1.8889],[124.8875,-1.8889],[124.8875,-1.925],[124.9569,-1.925],[124.9569,-1.9292],[125.0111,-1.9292],[125.0111,-1.8917],[125.025,-1.8917],[125.025,-1.88611],[125.09306,-1.88611],[125.09306,-1.89583],[125.10972,-1.89583],[125.10972,-1.8875],[125.11644,-1.8875],[125.11644,-1.87917],[125.12917,-1.87917],[125.12917,-1.86954],[125.11644,-1.86953],[125.11642,-1.8375],[125.05833,-1.8375],[125.05833,-1.84407],[125.06,-1.84407],[125.06,-1.84583],[125.06528,-1.84583],[125.06528,-1.85243],[125.06643,-1.85243],[125.06643,-1.85417],[125.06841,-1.85417],[125.0691,-1.8589],[125.0626,-1.8589],[125.0626,-1.8596],[125.0577,-1.8596],[125.0577,-1.8634],[125.0413,-1.8634],[125.0413,-1.8644],[125.0367,-1.8644],[125.0367,-1.8625],[125.025,-1.8625]]]}},{"type":"Feature","properties":{"inventoryId":"big-mining-wiup:3698","sector":"Tambang","subtype":"WIUP","quality":"OFFICIAL","sourceDataset":"big-mining-wiup","sourceRecordId":"3698","source":"BIG Kebijakan Satu Peta","sourceUrl":"https://kspservices.big.go.id/satupeta/rest/services/PUBLIK/PERIZINAN_DAN_PERTANAHAN/MapServer/4","retrievedAt":"2026-08-28T06:57:32Z","geometryProcessing":"web display simplification tolerance 0.00035 degrees","name":"PERSADA HARSANA PERTIWI","issuer":"GUBERNUR","province":"MALUKU UTARA","district":"PULAU TALIABU","permitNumber":"502/6/DPMPTSP/IUP-EKS.B/III/2020","permitType":"PT","miningType":"IUP","commodity":"BATUAN","status":"1","validFrom":"2020-03-16","validTo":"2023-03-16","areaHa":1071.68,"location":"DESA BERINGIN JAYA, TALIABU BARAT LAUT DAN TALIABU BARAT","sourceRemark":"-","region":"maluku"},"geometry":{"type":"Polygon","coordinates":[[[124.44111,-1.81528],[124.44111,-1.8308],[124.4421,-1.8308],[124.4421,-1.8345],[124.4442,-1.8345],[124.4442,-1.8374],[124.446,-1.8374],[124.446,-1.8396],[124.4482,-1.8396],[124.4482,-1.843],[124.4523,-1.843],[124.4523,-1.8466],[124.48056,-1.8466],[124.48056,-1.84306],[124.47778,-1.84306],[124.47778,-1.8375],[124.47475,-1.8375],[124.47475,-1.8343],[124.4742,-1.8343],[124.4731,-1.8313],[124.4725,-1.8313],[124.4725,-1.8303],[124.4719,-1.8303],[124.4719,-1.8293],[124.4712,-1.8293],[124.4712,-1.8283],[124.4706,-1.8283],[124.4701,-1.8263],[124.4694,-1.8263],[124.4694,-1.8253],[124.4687,-1.8253],[124.4687,-1.8243],[124.4677,-1.8243],[124.467,-1.82306],[124.4625,-1.82306],[124.4625,-1.81528],[124.44111,-1.81528]]]}},{"type":"Feature","properties":{"inventoryId":"big-mining-wiup:1178","sector":"Tambang","subtype":"WIUP","quality":"OFFICIAL","sourceDataset":"big-mining-wiup","sourceRecordId":"1178","source":"BIG Kebijakan Satu Peta","sourceUrl":"https://kspservices.big.go.id/satupeta/rest/services/PUBLIK/PERIZINAN_DAN_PERTANAHAN/MapServer/4","retrievedAt":"2026-08-28T06:57:32Z","geometryProcessing":"web display simplification tolerance 0.00035 degrees","name":"POSITION","issuer":"MENTERI","province":"MALUKU UTARA","district":"HALMAHERA TIMUR","permitNumber":"61/1/IUP/PMA/2017","permitType":"PT","miningType":"IUP","commodity":"NIKEL","status":"2","validFrom":"2017-12-12","validTo":"2037-12-12","areaHa":4017.0,"location":"KEC. MABA KOTA KAB. HALMAHERA TIMUR","sourceRemark":"PMA","region":"maluku"},"geometry":{"type":"Polygon","coordinates":[[[128.11028,0.68932],[128.11208,0.68932],[128.11208,0.69112],[128.1162,0.69112],[128.1162,0.72156],[128.10881,0.72156],[128.10881,0.71822],[128.0941,0.71822],[128.0941,0.72369],[128.0923,0.72369],[128.0923,0.72912],[128.09051,0.72912],[128.09051,0.73454],[128.09233,0.73454],[128.09233,0.73815],[128.09413,0.73815],[128.09413,0.74541],[128.10089,0.74541],[128.10089,0.7585],[128.08691,0.75903],[128.08691,0.75264],[128.081,0.75264],[128.081,0.72498],[128.07533,0.72498],[128.07533,0.71664],[128.06695,0.71664],[128.06695,0.70828],[128.06535,0.70828],[128.06535,0.70017],[128.06895,0.70017],[128.06895,0.69474],[128.07793,0.69474],[128.07793,0.68931],[128.06895,0.68931],[128.06895,0.6875],[128.06535,0.6875],[128.06535,0.69293],[128.06355,0.69293],[128.06355,0.70196],[128.0588,0.70196],[128.0588,0.68327],[128.05056,0.68327],[128.05056,0.67483],[128.04199,0.67483],[128.04199,0.66579],[128.06716,0.66579],[128.06716,0.66249],[128.07434,0.66249],[128.07434,0.6658],[128.07614,0.6658],[128.07614,0.67484],[128.08692,0.67484],[128.08692,0.67303],[128.08872,0.67303],[128.08872,0.66942],[128.09231,0.66942],[128.09231,0.67665],[128.09591,0.67665],[128.09591,0.67485],[128.0995,0.67485],[128.0995,0.67123],[128.1067,0.67123],[128.1067,0.663],[128.11208,0.663],[128.11208,0.67666],[128.10849,0.67666],[128.10849,0.68208],[128.11028,0.68208],[128.11028,0.68932]]]}},{"type":"Feature","properties":{"inventoryId":"big-mining-wiup:954","sector":"Tambang","subtype":"WIUP","quality":"OFFICIAL","sourceDataset":"big-mining-wiup","sourceRecordId":"954","source":"BIG Kebijakan Satu Peta","sourceUrl":"https://kspservices.big.go.id/satupeta/rest/services/PUBLIK/PERIZINAN_DAN_PERTANAHAN/MapServer/4","retrievedAt":"2026-08-28T06:57:32Z","geometryProcessing":"web display simplification tolerance 0.00035 degrees","name":"PRIVEN LESTARI","issuer":"GUBERNUR","province":"MALUKU UTARA","district":"HALMAHERA TIMUR","permitNumber":"502/2/DPMPTSP/VII/2018","permitType":"PT","miningType":"IUP","commodity":"NIKEL","status":"2","validFrom":"2018-07-17","validTo":"2037-07-17","areaHa":4953.0,"location":"KEC. MABA DAN MABA KOTA KAB. HALMAHERA TIMUR","sourceRemark":"-","region":"maluku"},"geometry":{"type":"Polygon","coordinates":[[[128.23333,0.94611],[128.23333,0.92556],[128.21278,0.92556],[128.21278,0.88333],[128.28333,0.88333],[128.28333,0.94611],[128.23333,0.94611]]]}},{"type":"Feature","properties":{"inventoryId":"big-mining-wiup:924","sector":"Tambang","subtype":"WIUP","quality":"OFFICIAL","sourceDataset":"big-mining-wiup","sourceRecordId":"924","source":"BIG Kebijakan Satu Peta","sourceUrl":"https://kspservices.big.go.id/satupeta/rest/services/PUBLIK/PERIZINAN_DAN_PERTANAHAN/MapServer/4","retrievedAt":"2026-08-28T06:57:32Z","geometryProcessing":"web display simplification tolerance 0.00035 degrees","name":"RIMBA KURNIA ALAM","issuer":"MENTERI","province":"MALUKU UTARA","district":"HALMAHERA SELATAN","permitNumber":"25/1/IUP/PMA/2017","permitType":"PT","miningType":"IUP","commodity":"NIKEL","status":"2","validFrom":"2017-05-29","validTo":"2030-01-28","areaHa":1800.0,"location":"PULAU MALAMALA, DESA KAWASI, KEC. OBI, KAB. HALMAHERA SELATAN","sourceRemark":"PMA","region":"maluku"},"geometry":{"type":"Polygon","coordinates":[[[127.37231,-1.52209],[127.37657,-1.52209],[127.37657,-1.52523],[127.40203,-1.52523],[127.40203,-1.51442],[127.41369,-1.51442],[127.41369,-1.48861],[127.40139,-1.48861],[127.40139,-1.47935],[127.38296,-1.47935],[127.38296,-1.4913],[127.37846,-1.4913],[127.37846,-1.50215],[127.37231,-1.50214],[127.37231,-1.52209]]]}},{"type":"Feature","properties":{"inventoryId":"big-mining-wiup:231","sector":"Tambang","subtype":"WIUP","quality":"OFFICIAL","sourceDataset":"big-mining-wiup","sourceRecordId":"231","source":"BIG Kebijakan Satu Peta","sourceUrl":"https://kspservices.big.go.id/satupeta/rest/services/PUBLIK/PERIZINAN_DAN_PERTANAHAN/MapServer/4","retrievedAt":"2026-08-28T06:57:32Z","geometryProcessing":"web display simplification tolerance 0.00035 degrees","name":"SAMBAKI TAMBANG SENTOSA","issuer":"BUPATI","province":"MALUKU UTARA","district":"HALMAHERA TIMUR","permitNumber":"188.45/153-540/2009","permitType":"PT","miningType":"IUP","commodity":"NIKEL","status":"2","validFrom":"2009-12-07","validTo":"2029-12-07","areaHa":4480.0,"location":"DESA GELTOLIPEKAULAN, BANGUL KAB HALMAHERA TIMUR","sourceRemark":"-","region":"maluku"},"geometry":{"type":"Polygon","coordinates":[[[128.32752,0.93562],[128.32752,0.90619],[128.35822,0.90619],[128.35822,0.92395],[128.36239,0.92395],[128.36239,0.93329],[128.36553,0.93329],[128.36553,0.93879],[128.37601,0.93879],[128.37601,0.92864],[128.38432,0.92864],[128.38432,0.93881],[128.39063,0.93881],[128.39063,0.94132],[128.39467,0.94132],[128.39467,0.94449],[128.40344,0.94449],[128.40344,0.93204],[128.39935,0.93204],[128.39935,0.9229],[128.40656,0.9229],[128.40656,0.93997],[128.41849,0.93997],[128.41849,0.93179],[128.4313,0.93179],[128.4313,0.92867],[128.44661,0.92867],[128.44661,0.96714],[128.43268,0.96714],[128.43268,0.97118],[128.41798,0.97118],[128.41798,0.97349],[128.39961,0.97349],[128.39961,0.96982],[128.39332,0.96982],[128.39332,0.96394],[128.38703,0.96394],[128.38703,0.95104],[128.37599,0.95104],[128.37599,0.95986],[128.36523,0.95986],[128.36523,0.95375],[128.35948,0.95375],[128.35948,0.94454],[128.35288,0.94454],[128.35288,0.93317],[128.34929,0.93317],[128.34929,0.92729],[128.34255,0.92729],[128.34255,0.93562],[128.32752,0.93562]]]}},{"type":"Feature","properties":{"inventoryId":"big-mining-wiup:715","sector":"Tambang","subtype":"WIUP","quality":"OFFICIAL","sourceDataset":"big-mining-wiup","sourceRecordId":"715","source":"BIG Kebijakan Satu Peta","sourceUrl":"https://kspservices.big.go.id/satupeta/rest/services/PUBLIK/PERIZINAN_DAN_PERTANAHAN/MapServer/4","retrievedAt":"2026-08-28T06:57:32Z","geometryProcessing":"web display simplification tolerance 0.00035 degrees","name":"SAPTAWIRASTA MANDIRI","issuer":"GUBERNUR","province":"MALUKU UTARA","district":"KEPULAUAN SULA","permitNumber":"502/13/DPMPTSP/IV/2018","permitType":"PT","miningType":"IUP","commodity":"BIJIH BESI","status":"2","validFrom":"2018-04-10","validTo":"2034-09-09","areaHa":20057.39,"location":"KEC. TALIABU UTARA, TALIABU SELATAN, KAB KEP SULA","sourceRemark":"-","region":"maluku"},"geometry":{"type":"Polygon","coordinates":[[[124.6569,-1.7612],[124.65689,-1.7621],[124.6554,-1.7621],[124.6554,-1.7631],[124.6538,-1.7631],[124.6538,-1.7641],[124.6525,-1.7641],[124.6525,-1.765],[124.6518,-1.765],[124.6518,-1.7656],[124.64911,-1.7658],[124.64911,-1.77],[124.6467,-1.77],[124.6467,-1.7684],[124.6448,-1.7684],[124.6447,-1.7698],[124.6431,-1.7698],[124.6431,-1.7711],[124.6409,-1.7712],[124.6409,-1.7726],[124.6393,-1.7726],[124.6393,-1.774],[124.6371,-1.774],[124.6371,-1.7761],[124.6342,-1.7761],[124.634,-1.7776],[124.6319,-1.7782],[124.6316,-1.7792],[124.6303,-1.7792],[124.6303,-1.7803],[124.628,-1.7803],[124.6279,-1.78119],[124.62431,-1.78119],[124.62431,-1.7831],[124.6219,-1.7831],[124.6219,-1.7843],[124.6203,-1.7843],[124.6203,-1.7867],[124.6171,-1.7867],[124.6169,-1.7888],[124.6148,-1.7888],[124.6148,-1.8284],[124.605,-1.8285],[124.60481,-1.83],[124.6006,-1.83],[124.6006,-1.8314],[124.5969,-1.8314],[124.5969,-1.8331],[124.5923,-1.8331],[124.5923,-1.8347],[124.5876,-1.8347],[124.5875,-1.84167],[124.6121,-1.84167],[124.6125,-1.8412],[124.6125,-1.83611],[124.6186,-1.83611],[124.6186,-1.8356],[124.6192,-1.8356],[124.6192,-1.8344],[124.6207,-1.8344],[124.6207,-1.8331],[124.6221,-1.8331],[124.6221,-1.8319],[124.6236,-1.8319],[124.62361,-1.83056],[124.6251,-1.83056],[124.6251,-1.8293],[124.6265,-1.8293],[124.6265,-1.8285],[124.6276,-1.8285],[124.62764,-1.8275],[124.6288,-1.8275],[124.6288,-1.8266],[124.6319,-1.8266],[124.63192,-1.8256],[124.6373,-1.8256],[124.6373,-1.8246],[124.6453,-1.8246],[124.6453,-1.8262],[124.648,-1.8262],[124.648,-1.8277],[124.6507,-1.8277],[124.6507,-1.8293],[124.6528,-1.8293],[124.6528,-1.8306],[124.675,-1.8306],[124.675,-1.8611],[124.6594,-1.8611],[124.6594,-1.875],[124.7278,-1.875],[124.7278,-1.8583],[124.7167,-1.8583],[124.7167,-1.8396],[124.7139,-1.8396],[124.7139,-1.8375],[124.6875,-1.8375],[124.6875,-1.8171],[124.6869,-1.8171],[124.6869,-1.8159],[124.6847,-1.8159],[124.6847,-1.8144],[124.6824,-1.8144],[124.6824,-1.8128],[124.6816,-1.8128],[124.6816,-1.8],[124.681,-1.8],[124.681,-1.7931],[124.6802,-1.7931],[124.6802,-1.7814],[124.6795,-1.7814],[124.6795,-1.7689],[124.6816,-1.7689],[124.6816,-1.7699],[124.6842,-1.7699],[124.6842,-1.7711],[124.6895,-1.77107],[124.6895,-1.7735],[124.6921,-1.7735],[124.6921,-1.7747],[124.6948,-1.7747],[124.6948,-1.7759],[124.6974,-1.7759],[124.6974,-1.7771],[124.7,-1.7771],[124.7,-1.7783],[124.7027,-1.7783],[124.7027,-1.7795],[124.7053,-1.7795],[124.7053,-1.7807],[124.7079,-1.7807],[124.7079,-1.7818],[124.7105,-1.7818],[124.7105,-1.783],[124.7132,-1.783],[124.7132,-1.7842],[124.7158,-1.7842],[124.7158,-1.7854],[124.7173,-1.7854],[124.7173,-1.7861],[124.7208,-1.7861],[124.7208,-1.7877],[124.7224,-1.7877],[124.7224,-1.7884],[124.7237,-1.7884],[124.7237,-1.789],[124.7263,-1.789],[124.7263,-1.7902],[124.729,-1.7902],[124.729,-1.7914],[124.7316,-1.7914],[124.7316,-1.7926],[124.7348,-1.7926],[124.7348,-1.794],[124.7378,-1.794],[124.7378,-1.7928],[124.742,-1.7928],[124.742,-1.7916],[124.7462,-1.7916],[124.74618,-1.7907],[124.7497,-1.7907],[124.7497,-1.675],[124.7042,-1.675],[124.7042,-1.6569],[124.6528,-1.6569],[124.6528,-1.7109],[124.671,-1.7109],[124.671,-1.7261],[124.6714,-1.7261],[124.6714,-1.7283],[124.671,-1.7283],[124.671,-1.7612],[124.6569,-1.7612]]]}},{"type":"Feature","properties":{"inventoryId":"big-mining-wiup:4255","sector":"Tambang","subtype":"WIUP","quality":"OFFICIAL","sourceDataset":"big-mining-wiup","sourceRecordId":"4255","source":"BIG Kebijakan Satu Peta","sourceUrl":"https://kspservices.big.go.id/satupeta/rest/services/PUBLIK/PERIZINAN_DAN_PERTANAHAN/MapServer/4","retrievedAt":"2026-08-28T06:57:32Z","geometryProcessing":"web display simplification tolerance 0.00035 degrees","name":"SERONGGA SUMBER LESTARI","issuer":"BUPATI","province":"MALUKU UTARA","district":"HALMAHERA SELATAN","permitNumber":"188.A TAHUN 2011","permitType":"PT","miningType":"IUP","commodity":"NIKEL DMP","status":"2","validFrom":"2011-10-15","validTo":"2031-10-15","areaHa":2229.58,"location":"KEC OBI SELATAN","sourceRemark":"-","region":"maluku"},"geometry":{"type":"Polygon","coordinates":[[[127.69194,-1.61629],[127.69194,-1.6225],[127.68203,-1.6225],[127.68203,-1.63169],[127.67536,-1.63169],[127.67536,-1.64356],[127.66838,-1.64356],[127.66838,-1.65568],[127.75004,-1.65568],[127.75004,-1.69179],[127.76044,-1.69179],[127.76044,-1.65896],[127.76995,-1.65896],[127.76995,-1.64491],[127.72977,-1.64491],[127.72977,-1.65532],[127.72417,-1.65532],[127.72417,-1.6522],[127.7033,-1.6522],[127.7033,-1.6497],[127.69468,-1.6497],[127.69468,-1.63743],[127.69905,-1.63743],[127.69905,-1.62844],[127.70317,-1.62844],[127.70317,-1.62727],[127.70528,-1.62727],[127.70528,-1.61629],[127.69194,-1.61629]]]}},{"type":"Feature","properties":{"inventoryId":"big-mining-wiup:819","sector":"Tambang","subtype":"WIUP","quality":"OFFICIAL","sourceDataset":"big-mining-wiup","sourceRecordId":"819","source":"BIG Kebijakan Satu Peta","sourceUrl":"https://kspservices.big.go.id/satupeta/rest/services/PUBLIK/PERIZINAN_DAN_PERTANAHAN/MapServer/4","retrievedAt":"2026-08-28T06:57:32Z","geometryProcessing":"web display simplification tolerance 0.00035 degrees","name":"SHANA TOVA ANUGERAH","issuer":"GUBERNUR","province":"MALUKU UTARA","district":"TIDORE KEPULAUAN","permitNumber":"216/KPTS/MU/2016","permitType":"PT","miningType":"IUP","commodity":"EMAS","status":"2","validFrom":"2016-03-18","validTo":"2026-03-18","areaHa":8879.0,"location":"KEC. OBA TENGAH, KOTA TIDORE KEPULAUAN","sourceRemark":"-","region":"maluku"},"geometry":{"type":"Polygon","coordinates":[[[127.62564,0.56428],[127.62564,0.58583],[127.61983,0.58583],[127.61982,0.59066],[127.59369,0.59061],[127.59372,0.59564],[127.56561,0.59564],[127.56558,0.63306],[127.54967,0.63294],[127.54967,0.6245],[127.54128,0.62444],[127.54136,0.58764],[127.5585,0.58811],[127.5585,0.54933],[127.569,0.54917],[127.569,0.53519],[127.57886,0.53522],[127.57892,0.50372],[127.65058,0.50386],[127.65031,0.51689],[127.64281,0.51689],[127.64293,0.53508],[127.63992,0.53508],[127.63992,0.56428],[127.62564,0.56428]]]}},{"type":"Feature","properties":{"inventoryId":"big-mining-wiup:4552","sector":"Tambang","subtype":"WIUP","quality":"OFFICIAL","sourceDataset":"big-mining-wiup","sourceRecordId":"4552","source":"BIG Kebijakan Satu Peta","sourceUrl":"https://kspservices.big.go.id/satupeta/rest/services/PUBLIK/PERIZINAN_DAN_PERTANAHAN/MapServer/4","retrievedAt":"2026-08-28T06:57:32Z","geometryProcessing":"web display simplification tolerance 0.00035 degrees","name":"SMART MARSINDO","issuer":"BUPATI","province":"MALUKU UTARA","district":"HALMAHERA TENGAH","permitNumber":"540/KEP/330/2012","permitType":"PT","miningType":"IUP","commodity":"NIKEL","status":"2","validFrom":"2012-12-13","validTo":"2032-12-13","areaHa":666.3,"location":"KECAMATAN PULAU GEBE, KABUPATEN HALMAHERA TENGAH","sourceRemark":"-","region":"maluku"},"geometry":{"type":"Polygon","coordinates":[[[129.41491,-0.03754],[129.41491,-0.03043],[129.37945,-0.03043],[129.37945,-0.03989],[129.40621,-0.03989],[129.40621,-0.04139],[129.40966,-0.04139],[129.40966,-0.04444],[129.41417,-0.04444],[129.41417,-0.05176],[129.41713,-0.05176],[129.41713,-0.05399],[129.41999,-0.05399],[129.41999,-0.07631],[129.42469,-0.07631],[129.42424,-0.05732],[129.42189,-0.05732],[129.42189,-0.05208],[129.42062,-0.05208],[129.42062,-0.04901],[129.41952,-0.04901],[129.41952,-0.03754],[129.41491,-0.03754]]]}},{"type":"Feature","properties":{"inventoryId":"big-mining-wiup:919","sector":"Tambang","subtype":"WIUP","quality":"OFFICIAL","sourceDataset":"big-mining-wiup","sourceRecordId":"919","source":"BIG Kebijakan Satu Peta","sourceUrl":"https://kspservices.big.go.id/satupeta/rest/services/PUBLIK/PERIZINAN_DAN_PERTANAHAN/MapServer/4","retrievedAt":"2026-08-28T06:57:32Z","geometryProcessing":"web display simplification tolerance 0.00035 degrees","name":"SUMBER ARDI SWARNA","issuer":"BUPATI","province":"MALUKU UTARA","district":"HALMAHERA UTARA","permitNumber":"540/186/HU/2011","permitType":"PT","miningType":"IUP","commodity":"MINERAL LOGAM / PASIR","status":"2","validFrom":"2011-09-30","validTo":"2026-09-30","areaHa":1544.0,"location":"DESA MOMOJIU KEC. LOLODA UTARA KAB HALMAHERA UTARA","sourceRemark":"-","region":"maluku"},"geometry":{"type":"Polygon","coordinates":[[[127.80725,2.05624],[127.80303,2.05632],[127.80303,2.04632],[127.80025,2.04632],[127.80025,2.04216],[127.79747,2.04216],[127.79747,2.03993],[127.79358,2.03993],[127.79358,2.03493],[127.79164,2.03493],[127.79164,2.03132],[127.78914,2.03132],[127.78914,2.02743],[127.78556,2.02742],[127.78556,2.04028],[127.775,2.04028],[127.775,2.03333],[127.77222,2.03333],[127.77222,2.025],[127.76667,2.025],[127.76667,2.00833],[127.75861,2.00833],[127.75861,1.98806],[127.76903,1.98806],[127.76903,1.99056],[127.77167,1.99056],[127.77167,1.99389],[127.77639,1.99389],[127.77639,1.99722],[127.77972,1.99722],[127.77972,2.00139],[127.78194,2.00139],[127.78194,2.00639],[127.78819,2.00639],[127.78819,2.00833],[127.79278,2.00833],[127.79278,2.02389],[127.79667,2.02389],[127.79667,2.03],[127.8,2.03],[127.8,2.03611],[127.80278,2.03611],[127.80278,2.03889],[127.80725,2.03889],[127.80725,2.05624]]]}},{"type":"Feature","properties":{"inventoryId":"big-mining-wiup:1607","sector":"Tambang","subtype":"WIUP","quality":"OFFICIAL","sourceDataset":"big-mining-wiup","sourceRecordId":"1607","source":"BIG Kebijakan Satu Peta","sourceUrl":"https://kspservices.big.go.id/satupeta/rest/services/PUBLIK/PERIZINAN_DAN_PERTANAHAN/MapServer/4","retrievedAt":"2026-08-28T06:57:32Z","geometryProcessing":"web display simplification tolerance 0.00035 degrees","name":"TALIABU MINERALINDO JAYA SAKTI","issuer":"GUBERNUR","province":"MALUKU UTARA","district":"KEPULAUAN SULA","permitNumber":"502/25/DPMPTSP/IV/2018","permitType":"PT","miningType":"IUP","commodity":"BIJIH BESI","status":"2","validFrom":"2018-04-25","validTo":"2030-11-22","areaHa":1884.0,"location":"KEC. TALIABU BARAT LAUT KAB KEP SULA","sourceRemark":"-","region":"maluku"},"geometry":{"type":"Polygon","coordinates":[[[124.45111,-1.77972],[124.43389,-1.77972],[124.43389,-1.77556],[124.38378,-1.77556],[124.38378,-1.79861],[124.47472,-1.79861],[124.47472,-1.79675],[124.45111,-1.79675],[124.45111,-1.77972]]]}},{"type":"Feature","properties":{"inventoryId":"big-mining-wiup:714","sector":"Tambang","subtype":"WIUP","quality":"OFFICIAL","sourceDataset":"big-mining-wiup","sourceRecordId":"714","source":"BIG Kebijakan Satu Peta","sourceUrl":"https://kspservices.big.go.id/satupeta/rest/services/PUBLIK/PERIZINAN_DAN_PERTANAHAN/MapServer/4","retrievedAt":"2026-08-28T06:57:32Z","geometryProcessing":"web display simplification tolerance 0.00035 degrees","name":"TALIABU MINERALINDO SEJAHTERA","issuer":"GUBERNUR","province":"MALUKU UTARA","district":"KEPULAUAN SULA","permitNumber":"502/9/DPMPTSP/IV/2018","permitType":"PT","miningType":"IUP","commodity":"MINERAL LOGAM DMP","status":"2","validFrom":"2018-04-03","validTo":"2034-09-11","areaHa":18302.0,"location":"KEC. TALIABU BARAT, KAB. KEP SULA","sourceRemark":"-","region":"maluku"},"geometry":{"type":"Polygon","coordinates":[[[124.4061,-1.8231],[124.4061,-1.9064],[124.36667,-1.90639],[124.36667,-1.92222],[124.385,-1.92222],[124.385,-1.94889],[124.4014,-1.9489],[124.4014,-2.0161],[124.4747,-2.0161],[124.4747,-1.9323],[124.4972,-1.9323],[124.49722,-1.89028],[124.49917,-1.89028],[124.49917,-1.87],[124.49722,-1.87],[124.49722,-1.86344],[124.49306,-1.86344],[124.49306,-1.8646],[124.4943,-1.8646],[124.4943,-1.8854],[124.4916,-1.8854],[124.4916,-1.8883],[124.4889,-1.8883],[124.4889,-1.89],[124.4804,-1.89],[124.4804,-1.8871],[124.4769,-1.8871],[124.4769,-1.8843],[124.4743,-1.8843],[124.4743,-1.8812],[124.4719,-1.8812],[124.4719,-1.8758],[124.4704,-1.8758],[124.4704,-1.8723],[124.4684,-1.8723],[124.4684,-1.8676],[124.4661,-1.8676],[124.4661,-1.8631],[124.4628,-1.8631],[124.4628,-1.8578],[124.4602,-1.8578],[124.4602,-1.853],[124.458,-1.853],[124.458,-1.8495],[124.456,-1.8495],[124.456,-1.8466],[124.4523,-1.8466],[124.4523,-1.843],[124.4482,-1.843],[124.4482,-1.8396],[124.446,-1.8396],[124.446,-1.8374],[124.4442,-1.8374],[124.4442,-1.8345],[124.4421,-1.8345],[124.4421,-1.8308],[124.44111,-1.8308],[124.44111,-1.83172],[124.4411,-1.8231],[124.4061,-1.8231]]]}},{"type":"Feature","properties":{"inventoryId":"big-mining-wiup:973","sector":"Tambang","subtype":"WIUP","quality":"OFFICIAL","sourceDataset":"big-mining-wiup","sourceRecordId":"973","source":"BIG Kebijakan Satu Peta","sourceUrl":"https://kspservices.big.go.id/satupeta/rest/services/PUBLIK/PERIZINAN_DAN_PERTANAHAN/MapServer/4","retrievedAt":"2026-08-28T06:57:32Z","geometryProcessing":"web display simplification tolerance 0.00035 degrees","name":"TALIABU MINERALINDO TATA PERSADA","issuer":"GUBERNUR","province":"MALUKU UTARA","district":"KEPULAUAN SULA","permitNumber":"502/16/DPMPTSP/IV/2018","permitType":"PT","miningType":"IUP","commodity":"BIJIH BESI","status":"2","validFrom":"2018-04-10","validTo":"2034-09-14","areaHa":957.7,"location":"KEC. TALIABU BARAT KAB. KEP SULA","sourceRemark":"-","region":"maluku"},"geometry":{"type":"Polygon","coordinates":[[[124.38806,-1.87917],[124.38806,-1.85611],[124.35444,-1.85611],[124.35444,-1.87917],[124.38806,-1.87917]]]}},{"type":"Feature","properties":{"inventoryId":"big-mining-wiup:732","sector":"Tambang","subtype":"WIUP","quality":"OFFICIAL","sourceDataset":"big-mining-wiup","sourceRecordId":"732","source":"BIG Kebijakan Satu Peta","sourceUrl":"https://kspservices.big.go.id/satupeta/rest/services/PUBLIK/PERIZINAN_DAN_PERTANAHAN/MapServer/4","retrievedAt":"2026-08-28T06:57:32Z","geometryProcessing":"web display simplification tolerance 0.00035 degrees","name":"TAMBANG MAS SANGIHE","issuer":"MENTERI","province":"SULAWESI UTARA","district":"KEPULAUAN SANGIHE","permitNumber":"163.K/MB.04/DJB/2021","permitType":"PT","miningType":"KK","commodity":"EMAS,TEMBAGA,LDS","status":"2","validFrom":"2021-01-29","validTo":"2054-01-28","areaHa":42000.0,"location":"BLOK A 10PK0189 KEPULAUAN SANGIHE","sourceRemark":"GEN VI","region":"maluku"},"geometry":{"type":"Polygon","coordinates":[[[125.67439,3.55833],[125.47439,3.55833],[125.47439,3.41667],[125.55772,3.41667],[125.55772,3.375],[125.59105,3.375],[125.59105,3.35],[125.62439,3.35],[125.62439,3.375],[125.67439,3.375],[125.67439,3.55833]]]}},{"type":"Feature","properties":{"inventoryId":"big-mining-wiup:209","sector":"Tambang","subtype":"WIUP","quality":"OFFICIAL","sourceDataset":"big-mining-wiup","sourceRecordId":"209","source":"BIG Kebijakan Satu Peta","sourceUrl":"https://kspservices.big.go.id/satupeta/rest/services/PUBLIK/PERIZINAN_DAN_PERTANAHAN/MapServer/4","retrievedAt":"2026-08-28T06:57:32Z","geometryProcessing":"web display simplification tolerance 0.00035 degrees","name":"TEKINDO ENERGI","issuer":"BUPATI","province":"MALUKU UTARA","district":"HALMAHERA TENGAH","permitNumber":"540/KEP/239/2012","permitType":"PT","miningType":"IUP","commodity":"NIKEL","status":"2","validFrom":"2012-05-30","validTo":"2029-12-21","areaHa":1000.0,"location":"DESA LELILEF KEC WEDA KAB HALMAHERA TENGAH","sourceRemark":"-","region":"maluku"},"geometry":{"type":"Polygon","coordinates":[[[127.95083,0.55833],[127.96028,0.55833],[127.96028,0.56194],[127.95056,0.56194],[127.95056,0.56639],[127.94917,0.56639],[127.94917,0.57331],[127.95278,0.57331],[127.95278,0.5675],[127.95972,0.5675],[127.95972,0.57306],[127.95833,0.57306],[127.95833,0.58889],[127.95972,0.58889],[127.95972,0.59256],[127.96972,0.59256],[127.96972,0.59803],[127.97472,0.59803],[127.97472,0.59917],[127.97778,0.59917],[127.97778,0.60056],[127.97917,0.60056],[127.97917,0.60278],[127.98306,0.60278],[127.98306,0.60343],[127.98554,0.60399],[127.98554,0.60463],[127.98667,0.60463],[127.98667,0.60528],[127.98778,0.60528],[127.98778,0.60667],[127.95778,0.60667],[127.95778,0.60306],[127.93528,0.60306],[127.93528,0.59917],[127.95472,0.59917],[127.95472,0.58719],[127.93972,0.58719],[127.93972,0.565],[127.94917,0.565],[127.94917,0.56111],[127.95083,0.56111],[127.95083,0.55833]]]}},{"type":"Feature","properties":{"inventoryId":"big-mining-wiup:1346","sector":"Tambang","subtype":"WIUP","quality":"OFFICIAL","sourceDataset":"big-mining-wiup","sourceRecordId":"1346","source":"BIG Kebijakan Satu Peta","sourceUrl":"https://kspservices.big.go.id/satupeta/rest/services/PUBLIK/PERIZINAN_DAN_PERTANAHAN/MapServer/4","retrievedAt":"2026-08-28T06:57:32Z","geometryProcessing":"web display simplification tolerance 0.00035 degrees","name":"TERRAREX LUMINA JAYA","issuer":"GUBERNUR","province":"MALUKU UTARA","district":"HALMAHERA UTARA","permitNumber":"502/1/DPMPTSP/IV/2018","permitType":"PT","miningType":"IUP","commodity":"EMAS","status":"2","validFrom":"2018-04-18","validTo":"2038-04-18","areaHa":6099.6,"location":"DESA AKELAMO KAO, TABANOMA, GAMSUNGI, MAKAELING, KUNTUM MEKAR, TIOWOR, BARUMAHEDE, DUM-DUM, TABOBO, KEC. KAO TELUK DAN MALIFUT, KAB. HALMAHERA UTARA","sourceRemark":"-","region":"maluku"},"geometry":{"type":"Polygon","coordinates":[[[127.62189,1.08333],[127.622,1.0713],[127.6242,1.0713],[127.6242,1.067],[127.6254,1.067],[127.6254,1.0648],[127.6274,1.0648],[127.6274,1.0489],[127.6267,1.0489],[127.6267,1.0464],[127.6259,1.0464],[127.6259,1.0428],[127.6247,1.0428],[127.6247,1.0402],[127.6239,1.0402],[127.6239,1.038],[127.623,1.038],[127.623,1.0354],[127.622,1.0354],[127.622,1.0332],[127.621,1.0332],[127.621,1.0311],[127.6198,1.0311],[127.6198,1.0292],[127.6189,1.0292],[127.6189,1.0261],[127.6182,1.0261],[127.6182,1.0218],[127.6153,1.0218],[127.6153,1.0181],[127.6123,1.0181],[127.6123,1.0164],[127.6108,1.0164],[127.6108,1.0148],[127.6095,1.0148],[127.6095,1.0132],[127.60833,1.0132],[127.60833,1.00833],[127.60501,1.00833],[127.605,1.0077],[127.6036,1.0077],[127.6036,1.0053],[127.6021,1.0053],[127.6021,1.0028],[127.60028,1.00279],[127.60028,0.9981],[127.6012,0.9981],[127.6012,0.9966],[127.6024,0.9966],[127.6024,0.9949],[127.6038,0.9949],[127.6038,0.9933],[127.6063,0.9933],[127.6063,0.9909],[127.6077,0.9909],[127.6077,0.9893],[127.6083,0.9893],[127.6083,0.985],[127.6091,0.985],[127.6091,0.98333],[127.626,0.98333],[127.626,0.99062],[127.6329,0.9906],[127.6329,0.98333],[127.64542,0.98333],[127.64542,1.00609],[127.6444,1.0061],[127.6444,1.0105],[127.64542,1.01049],[127.64542,1.0325],[127.6483,1.0325],[127.6483,1.0357],[127.6552,1.0357],[127.6552,1.0325],[127.6657,1.0325],[127.6657,1.0357],[127.6635,1.0357],[127.6635,1.04],[127.6628,1.04],[127.6628,1.045],[127.6669,1.045],[127.6669,1.046],[127.6702,1.046],[127.6702,1.045],[127.6774,1.045],[127.6774,1.0534],[127.691,1.0534],[127.691,1.048],[127.7009,1.048],[127.7009,1.0606],[127.706,1.0606],[127.706,1.0687],[127.6993,1.0687],[127.6993,1.0753],[127.6979,1.0753],[127.69789,1.08333],[127.62189,1.08333]]]}},{"type":"Feature","properties":{"inventoryId":"big-mining-wiup:160","sector":"Tambang","subtype":"WIUP","quality":"OFFICIAL","sourceDataset":"big-mining-wiup","sourceRecordId":"160","source":"BIG Kebijakan Satu Peta","sourceUrl":"https://kspservices.big.go.id/satupeta/rest/services/PUBLIK/PERIZINAN_DAN_PERTANAHAN/MapServer/4","retrievedAt":"2026-08-28T06:57:32Z","geometryProcessing":"web display simplification tolerance 0.00035 degrees","name":"TRI USAHA BARU","issuer":"GUBERNUR","province":"MALUKU UTARA","district":"HALMAHERA BARAT","permitNumber":"502/3/DPMPTSP/VII/2018","permitType":"PT","miningType":"IUP","commodity":"EMAS","status":"2","validFrom":"2018-07-24","validTo":"2038-07-24","areaHa":7792.4,"location":"KEC.LOLODA,KAB HALMAHERA BARAT","sourceRemark":"-","region":"maluku"},"geometry":{"type":"Polygon","coordinates":[[[127.74886,1.93487],[127.74886,1.945],[127.73056,1.945],[127.73056,1.92778],[127.69722,1.92778],[127.69722,1.9],[127.67917,1.9],[127.67917,1.87639],[127.66806,1.87639],[127.66806,1.86667],[127.65972,1.86667],[127.65972,1.84444],[127.65,1.84444],[127.65,1.76944],[127.68778,1.76944],[127.68778,1.81667],[127.69583,1.81667],[127.69583,1.82278],[127.7,1.82278],[127.7,1.825],[127.70417,1.825],[127.70417,1.83333],[127.70833,1.83333],[127.70833,1.83806],[127.69861,1.83806],[127.69861,1.84306],[127.68833,1.84306],[127.68833,1.85694],[127.69167,1.85694],[127.69167,1.87556],[127.70278,1.87556],[127.70278,1.88972],[127.71667,1.88972],[127.71667,1.9],[127.73056,1.9],[127.73056,1.90778],[127.73917,1.90778],[127.73917,1.91583],[127.74886,1.91583],[127.74886,1.93487]]]}},{"type":"Feature","properties":{"inventoryId":"big-mining-wiup:2042","sector":"Tambang","subtype":"WIUP","quality":"OFFICIAL","sourceDataset":"big-mining-wiup","sourceRecordId":"2042","source":"BIG Kebijakan Satu Peta","sourceUrl":"https://kspservices.big.go.id/satupeta/rest/services/PUBLIK/PERIZINAN_DAN_PERTANAHAN/MapServer/4","retrievedAt":"2026-08-28T06:57:32Z","geometryProcessing":"web display simplification tolerance 0.00035 degrees","name":"TRIMEGAH BANGUN PERSADA","issuer":"MENTERI","province":"MALUKU UTARA","district":"HALMAHERA SELATAN","permitNumber":"41/1/IUP/PMA/2020","permitType":"PT","miningType":"IUP","commodity":"NIKEL","status":"2","validFrom":"2010-02-08","validTo":"2030-02-08","areaHa":4247.0,"location":"DESA KAWASI, KEC. OBI, KAB. HALMAHERA SELATAN","sourceRemark":"PMA","region":"maluku"},"geometry":{"type":"Polygon","coordinates":[[[127.40806,-1.56703],[127.46599,-1.56703],[127.46599,-1.51442],[127.43909,-1.51442],[127.43909,-1.50769],[127.41369,-1.50769],[127.41369,-1.51442],[127.40203,-1.51442],[127.40203,-1.54649],[127.40806,-1.54649],[127.40806,-1.56703]]]}},{"type":"Feature","properties":{"inventoryId":"big-mining-wiup:501","sector":"Tambang","subtype":"WIUP","quality":"OFFICIAL","sourceDataset":"big-mining-wiup","sourceRecordId":"501","source":"BIG Kebijakan Satu Peta","sourceUrl":"https://kspservices.big.go.id/satupeta/rest/services/PUBLIK/PERIZINAN_DAN_PERTANAHAN/MapServer/4","retrievedAt":"2026-08-28T06:57:32Z","geometryProcessing":"web display simplification tolerance 0.00035 degrees","name":"WANA HALMAHERA BARAT PERMAI","issuer":"GUBERNUR","province":"MALUKU UTARA","district":"HALMAHERA TENGAH, HALMAHERA TIMUR","permitNumber":"502/4/DPMPTSP/VIII/2018","permitType":"PT","miningType":"IUP","commodity":"NIKEL","status":"2","validFrom":"2018-08-30","validTo":"2038-08-30","areaHa":3986.0,"location":"KEC. WEDA, WASILE SELATAN. KAB. HALMAHERA TENGAH","sourceRemark":"-","region":"maluku"},"geometry":{"type":"Polygon","coordinates":[[[127.84553,0.71478],[127.84819,0.71478],[127.84819,0.68392],[127.85808,0.68392],[127.85808,0.70062],[127.86708,0.70062],[127.86708,0.73746],[127.89433,0.73746],[127.89433,0.76958],[127.90586,0.76958],[127.90586,0.78303],[127.90706,0.78303],[127.90706,0.8025],[127.96058,0.8025],[127.96058,0.8002],[127.95661,0.8002],[127.95661,0.79844],[127.99028,0.79844],[127.99028,0.80889],[127.88272,0.80889],[127.88272,0.74673],[127.84553,0.74673],[127.84553,0.71478]]]}},{"type":"Feature","properties":{"inventoryId":"big-mining-wiup:329","sector":"Tambang","subtype":"WIUP","quality":"OFFICIAL","sourceDataset":"big-mining-wiup","sourceRecordId":"329","source":"BIG Kebijakan Satu Peta","sourceUrl":"https://kspservices.big.go.id/satupeta/rest/services/PUBLIK/PERIZINAN_DAN_PERTANAHAN/MapServer/4","retrievedAt":"2026-08-28T06:57:32Z","geometryProcessing":"web display simplification tolerance 0.00035 degrees","name":"WANA KENCANA MINERAL","issuer":"GUBERNUR","province":"MALUKU UTARA","district":"HALMAHERA TIMUR","permitNumber":"299/KPTS/MU/2016","permitType":"PT","miningType":"IUP","commodity":"NIKEL","status":"2","validFrom":"2016-05-09","validTo":"2030-12-15","areaHa":24700.0,"location":"KEC WASILE SELATAN, KAB HALMAHERA TIMUR. KEC WEDA, KAB HALMAHERA TENGAH","sourceRemark":"-","region":"maluku"},"geometry":{"type":"Polygon","coordinates":[[[127.98087,0.95994],[127.98087,0.9638],[127.92874,0.9638],[127.92874,0.94796],[127.95669,0.94796],[127.95669,0.83795],[128.09453,0.83795],[128.09453,0.7585],[128.10108,0.7585],[128.10111,0.74519],[128.09453,0.74519],[128.09453,0.71822],[128.10881,0.71822],[128.10881,0.72156],[128.11667,0.72155],[128.11667,0.825],[128.15,0.825],[128.15,0.88324],[128.10039,0.88325],[128.1004,0.92437],[128.03212,0.92437],[128.03212,0.93283],[127.99994,0.93283],[127.99994,0.95994],[127.98087,0.95994]]]}},{"type":"Feature","properties":{"inventoryId":"big-mining-wiup:464","sector":"Tambang","subtype":"WIUP","quality":"OFFICIAL","sourceDataset":"big-mining-wiup","sourceRecordId":"464","source":"BIG Kebijakan Satu Peta","sourceUrl":"https://kspservices.big.go.id/satupeta/rest/services/PUBLIK/PERIZINAN_DAN_PERTANAHAN/MapServer/4","retrievedAt":"2026-08-28T06:57:32Z","geometryProcessing":"web display simplification tolerance 0.00035 degrees","name":"WANATIARA PERSADA","issuer":"MENTERI","province":"MALUKU UTARA","district":"HALMAHERA SELATAN","permitNumber":"26/1/IUP/PMA/2017","permitType":"PT","miningType":"IUP","commodity":"NIKEL","status":"2","validFrom":"2017-06-02","validTo":"2031-04-29","areaHa":1725.54,"location":"DESA KAWASI KECAMATAN OBI KABUPATEN HALMAHERA SELATAN","sourceRemark":"PMA","region":"maluku"},"geometry":{"type":"Polygon","coordinates":[[[127.41369,-1.46871],[127.4138,-1.4841],[127.4357,-1.4841],[127.4357,-1.4727],[127.44857,-1.47287],[127.44858,-1.4615],[127.46481,-1.46151],[127.46481,-1.43706],[127.43538,-1.43706],[127.43538,-1.44928],[127.42522,-1.44928],[127.42521,-1.46871],[127.41369,-1.46871]]]}},{"type":"Feature","properties":{"inventoryId":"big-mining-wiup:4004","sector":"Tambang","subtype":"WIUP","quality":"OFFICIAL","sourceDataset":"big-mining-wiup","sourceRecordId":"4004","source":"BIG Kebijakan Satu Peta","sourceUrl":"https://kspservices.big.go.id/satupeta/rest/services/PUBLIK/PERIZINAN_DAN_PERTANAHAN/MapServer/4","retrievedAt":"2026-08-28T06:57:32Z","geometryProcessing":"web display simplification tolerance 0.00035 degrees","name":"WARAGONDA MINERALS PRATAMA","issuer":"MENTERI","province":"MALUKU","district":"MALUKU TENGAH","permitNumber":"972/1/IUP/PMDN/2021","permitType":"PT","miningType":"IUP","commodity":"PASIR","status":"1","validFrom":"2021-09-21","validTo":"2024-09-21","areaHa":25.73,"location":"TEHORU, KABUPATEN MALUKU TENGAH, MALUKU","sourceRemark":"-","region":"maluku"},"geometry":{"type":"Polygon","coordinates":[[[129.55998,-3.4515],[129.55998,-3.45214],[129.56189,-3.45214],[129.56189,-3.45115],[129.56361,-3.45115],[129.56361,-3.45051],[129.56513,-3.45051],[129.56513,-3.44977],[129.56685,-3.44977],[129.56737,-3.4239],[129.56632,-3.4239],[129.56632,-3.42311],[129.56587,-3.42311],[129.56587,-3.42432],[129.56688,-3.42432],[129.56688,-3.43613],[129.5662,-3.43613],[129.5662,-3.44916],[129.5645,-3.44916],[129.5645,-3.44984],[129.56305,-3.44984],[129.56305,-3.45068],[129.56127,-3.45068],[129.56127,-3.4515],[129.55998,-3.4515]]]}},{"type":"Feature","properties":{"inventoryId":"big-mining-wiup:225","sector":"Tambang","subtype":"WIUP","quality":"OFFICIAL","sourceDataset":"big-mining-wiup","sourceRecordId":"225","source":"BIG Kebijakan Satu Peta","sourceUrl":"https://kspservices.big.go.id/satupeta/rest/services/PUBLIK/PERIZINAN_DAN_PERTANAHAN/MapServer/4","retrievedAt":"2026-08-28T06:57:32Z","geometryProcessing":"web display simplification tolerance 0.00035 degrees","name":"WEDA BAY NICKEL","issuer":"MENTERI","province":"MALUKU UTARA","district":"HALMAHERA TIMUR, HALMAHERA TENGAH","permitNumber":"239.K/30/DJB/2019","permitType":"PT","miningType":"KK","commodity":"NIKEL DMP","status":"2","validFrom":"2019-12-30","validTo":"2048-02-27","areaHa":45065.0,"location":"HALMAHERA TENGAH, HALMAHERA TIMUR","sourceRemark":"GEN VII","region":"maluku"},"geometry":{"type":"Polygon","coordinates":[[[127.93333,0.46875],[127.95366,0.46875],[127.95366,0.47697],[127.94668,0.47697],[127.94668,0.49226],[127.9613,0.49226],[127.9613,0.48406],[127.96871,0.48406],[127.96871,0.48973],[127.97185,0.48973],[127.97185,0.48425],[127.98131,0.48425],[127.98131,0.48009],[127.98904,0.48009],[127.98904,0.47639],[127.99427,0.47639],[127.99427,0.48204],[127.9896,0.48204],[127.9896,0.49084],[128.01677,0.49084],[128.01677,0.48731],[128.03173,0.48731],[128.03175,0.49315],[128.02453,0.49315],[128.02453,0.50096],[128.01945,0.50096],[128.01945,0.50352],[128.01517,0.50352],[128.01517,0.50743],[128.01222,0.50743],[128.01222,0.52479],[128.01026,0.52479],[128.01026,0.53192],[128.01509,0.53192],[128.01509,0.54431],[128.0206,0.54431],[128.0206,0.54944],[128.03889,0.54944],[128.03889,0.55],[128.07522,0.55],[128.07522,0.55582],[128.09516,0.55582],[128.09516,0.57737],[128.09784,0.57737],[128.09784,0.58186],[128.10694,0.58186],[128.10694,0.57594],[128.12353,0.57594],[128.12353,0.58779],[128.13013,0.58779],[128.13013,0.6],[128.13333,0.6],[128.13333,0.61667],[128.16667,0.61667],[128.16667,0.6625],[128.10501,0.6625],[128.10501,0.62748],[128.09998,0.62748],[128.09998,0.62209],[128.09159,0.62209],[128.09159,0.62083],[128.07676,0.62083],[128.07676,0.64333],[128.05833,0.64333],[128.05833,0.63333],[128.05,0.63333],[128.05,0.625],[128.04167,0.625],[128.04167,0.61667],[128.03333,0.61667],[128.03333,0.60833],[128.025,0.60833],[128.025,0.6],[128.01667,0.6],[128.01667,0.59167],[128.0,0.59167],[128.0,0.58333],[127.99167,0.58333],[127.99167,0.56667],[127.98333,0.56667],[127.98333,0.55833],[127.93333,0.55833],[127.93333,0.64167],[127.95,0.64167],[127.95,0.7],[127.96667,0.7],[127.96667,0.64167],[127.99167,0.64167],[127.99167,0.65],[128.0,0.65],[128.0,0.65833],[128.00833,0.65833],[128.00833,0.66667],[128.025,0.66667],[128.025,0.675],[128.03333,0.675],[128.03333,0.68333],[128.05,0.68333],[128.05,0.69167],[128.05833,0.69167],[128.05833,0.70833],[128.06667,0.70833],[128.06667,0.71667],[128.075,0.71667],[128.075,0.725],[128.08056,0.725],[128.08056,0.73651],[128.07636,0.73651],[128.07636,0.7521],[128.05953,0.7521],[128.05953,0.76807],[128.07058,0.76807],[128.07058,0.77195],[128.07731,0.77195],[128.07731,0.77529],[128.08056,0.77529],[128.08056,0.79167],[128.05833,0.79167],[128.05833,0.79531],[128.04766,0.79531],[128.04766,0.83333],[128.025,0.83333],[128.025,0.78333],[128.03333,0.78333],[128.03333,0.75833],[128.01667,0.75833],[128.01667,0.75],[128.00833,0.75],[128.00833,0.74167],[128.0,0.74167],[128.0,0.725],[127.99167,0.725],[127.99167,0.70833],[127.88333,0.70833],[127.88333,0.675],[127.875,0.675],[127.875,0.625],[127.9,0.625],[127.9,0.60833],[127.91667,0.60833],[127.91667,0.55],[127.9,0.55],[127.9,0.49167],[127.925,0.49167],[127.925,0.48333],[127.93333,0.48333],[127.93333,0.46875]]]}},{"type":"Feature","properties":{"inventoryId":"big-mining-wiup:2141","sector":"Tambang","subtype":"WIUP","quality":"OFFICIAL","sourceDataset":"big-mining-wiup","sourceRecordId":"2141","source":"BIG Kebijakan Satu Peta","sourceUrl":"https://kspservices.big.go.id/satupeta/rest/services/PUBLIK/PERIZINAN_DAN_PERTANAHAN/MapServer/4","retrievedAt":"2026-08-28T06:57:32Z","geometryProcessing":"web display simplification tolerance 0.00035 degrees","name":"WIRA BAHANA KILAU MANDIRI","issuer":"GUBERNUR","province":"MALUKU UTARA","district":"KEPULAUAN SULA","permitNumber":"502/19/DPMPTSP/IV/2018","permitType":"PT","miningType":"IUP","commodity":"BIJIH BESI","status":"2","validFrom":"2018-04-10","validTo":"2034-10-26","areaHa":4463.73,"location":"KEC. MANGOLI UTARA KAB KEP SULA","sourceRemark":"-","region":"maluku"},"geometry":{"type":"Polygon","coordinates":[[[125.5785,-1.87999],[125.5799,-1.87999],[125.5799,-1.8793],[125.5805,-1.8793],[125.5805,-1.8779],[125.5817,-1.8779],[125.5817,-1.8765],[125.583,-1.8765],[125.583,-1.875],[125.5842,-1.875],[125.5842,-1.8736],[125.5854,-1.8736],[125.5854,-1.8722],[125.5866,-1.8722],[125.5866,-1.8708],[125.5877,-1.8708],[125.5877,-1.8694],[125.5889,-1.8694],[125.5889,-1.868],[125.5902,-1.868],[125.5902,-1.8663],[125.59167,-1.8663],[125.59167,-1.85556],[125.5973,-1.85556],[125.5973,-1.854],[125.6031,-1.8536],[125.6031,-1.8527],[125.6057,-1.8527],[125.6057,-1.8517],[125.6085,-1.8517],[125.6085,-1.8506],[125.6125,-1.8506],[125.6125,-1.82222],[125.5875,-1.82222],[125.5875,-1.8125],[125.54583,-1.8125],[125.54583,-1.87999],[125.5785,-1.87999]]]}},{"type":"Feature","properties":{"inventoryId":"big-mining-wiup:1570","sector":"Tambang","subtype":"WIUP","quality":"OFFICIAL","sourceDataset":"big-mining-wiup","sourceRecordId":"1570","source":"BIG Kebijakan Satu Peta","sourceUrl":"https://kspservices.big.go.id/satupeta/rest/services/PUBLIK/PERIZINAN_DAN_PERTANAHAN/MapServer/4","retrievedAt":"2026-08-28T06:57:32Z","geometryProcessing":"web display simplification tolerance 0.00035 degrees","name":"WIRA BAHANA PERKASA ANUGRAH","issuer":"GUBERNUR","province":"MALUKU UTARA","district":"KEPULAUAN SULA","permitNumber":"502/18/DPMPTSP/IV/2018","permitType":"PT","miningType":"IUP","commodity":"BIJIH BESI","status":"2","validFrom":"2018-04-10","validTo":"2029-12-08","areaHa":445.39,"location":"KEC. MANGOLI TENGAH DAN MANGOLI TIMUR, KAB. KEPULAUAN SULA","sourceRemark":"-","region":"maluku"},"geometry":{"type":"Polygon","coordinates":[[[125.9486,-1.8713],[125.9469,-1.8714],[125.9456,-1.8708],[125.9363,-1.8655],[125.93608,-1.86787],[125.93698,-1.86787],[125.93698,-1.86889],[125.93868,-1.86889],[125.93868,-1.87],[125.94073,-1.87],[125.94073,-1.87083],[125.9426,-1.87083],[125.9426,-1.87194],[125.94417,-1.87194],[125.94417,-1.87278],[125.94611,-1.87278],[125.94611,-1.87444],[125.94875,-1.87444],[125.94875,-1.87632],[126.01667,-1.87632],[126.01667,-1.8717],[126.0161,-1.8717],[126.0161,-1.8724],[126.0033,-1.8724],[126.0033,-1.8717],[125.9931,-1.8717],[125.9931,-1.8706],[125.9908,-1.8706],[125.9908,-1.8718],[125.9871,-1.8718],[125.9871,-1.8729],[125.9834,-1.8729],[125.9834,-1.874],[125.9798,-1.874],[125.9798,-1.8749],[125.9758,-1.8749],[125.9758,-1.8735],[125.9747,-1.8735],[125.9747,-1.8721],[125.9736,-1.8721],[125.9736,-1.8707],[125.9725,-1.8707],[125.9725,-1.8693],[125.9717,-1.8693],[125.9717,-1.8678],[125.9666,-1.868],[125.96,-1.8692],[125.9579,-1.8697],[125.9579,-1.8703],[125.9562,-1.8703],[125.9562,-1.8708],[125.9545,-1.8708],[125.9545,-1.8714],[125.9528,-1.8714],[125.9528,-1.872],[125.9499,-1.872],[125.9499,-1.8713],[125.9486,-1.8713]]]}},{"type":"Feature","properties":{"inventoryId":"big-mining-wiup:1568","sector":"Tambang","subtype":"WIUP","quality":"OFFICIAL","sourceDataset":"big-mining-wiup","sourceRecordId":"1568","source":"BIG Kebijakan Satu Peta","sourceUrl":"https://kspservices.big.go.id/satupeta/rest/services/PUBLIK/PERIZINAN_DAN_PERTANAHAN/MapServer/4","retrievedAt":"2026-08-28T06:57:32Z","geometryProcessing":"web display simplification tolerance 0.00035 degrees","name":"WIRA BAHANA PERKASA INDAH","issuer":"GUBERNUR","province":"MALUKU UTARA","district":"KEPULAUAN SULA","permitNumber":"502/12/DPMPTSP/IV/2018","permitType":"PT","miningType":"IUP","commodity":"BIJIH BESI","status":"2","validFrom":"2018-04-10","validTo":"2030-11-24","areaHa":155.24,"location":"KEC. MANGOLI TIMUR, KAB. KEPULAUAN SULA","sourceRemark":"-","region":"maluku"},"geometry":{"type":"Polygon","coordinates":[[[126.03333,-1.86528],[126.03611,-1.86528],[126.03611,-1.86667],[126.03889,-1.86667],[126.03889,-1.86944],[126.04167,-1.86944],[126.04167,-1.87222],[126.05,-1.87222],[126.05,-1.86944],[126.05556,-1.86944],[126.05556,-1.8659],[126.0541,-1.8659],[126.0541,-1.8667],[126.0493,-1.8667],[126.0493,-1.8662],[126.0483,-1.8662],[126.0483,-1.865],[126.0473,-1.865],[126.0473,-1.8639],[126.0463,-1.8639],[126.0463,-1.8627],[126.0352,-1.8622],[126.0352,-1.8631],[126.03333,-1.8631],[126.03333,-1.86528]]]}},{"type":"Feature","properties":{"inventoryId":"big-mining-wiup:2039","sector":"Tambang","subtype":"WIUP","quality":"OFFICIAL","sourceDataset":"big-mining-wiup","sourceRecordId":"2039","source":"BIG Kebijakan Satu Peta","sourceUrl":"https://kspservices.big.go.id/satupeta/rest/services/PUBLIK/PERIZINAN_DAN_PERTANAHAN/MapServer/4","retrievedAt":"2026-08-28T06:57:32Z","geometryProcessing":"web display simplification tolerance 0.00035 degrees","name":"WIRA BAHANA PERKASA MAKMUR","issuer":"GUBERNUR","province":"MALUKU UTARA","district":"KEPULAUAN SULA","permitNumber":"502/23/DPMPTSP/IV/2018","permitType":"PT","miningType":"IUP","commodity":"MINERAL LOGAM DAN MI","status":"2","validFrom":"2018-04-25","validTo":"2034-09-21","areaHa":4932.7,"location":"KEC. TALIABU TIMUR KAB. KEP SULA","sourceRemark":"-","region":"maluku"},"geometry":{"type":"Polygon","coordinates":[[[125.18194,-1.75833],[125.18941,-1.75833],[125.1894,-1.7522],[125.1883,-1.7522],[125.1883,-1.7481],[125.1887,-1.7481],[125.1891,-1.7431],[125.1899,-1.7431],[125.1899,-1.7423],[125.1908,-1.7423],[125.1908,-1.7411],[125.19167,-1.7411],[125.19167,-1.72083],[125.15833,-1.72083],[125.15833,-1.79283],[125.17728,-1.79283],[125.17728,-1.83333],[125.22947,-1.83333],[125.22942,-1.79583],[125.18194,-1.79583],[125.18194,-1.75833]]]}},{"type":"Feature","properties":{"inventoryId":"big-mining-wiup:1604","sector":"Tambang","subtype":"WIUP","quality":"OFFICIAL","sourceDataset":"big-mining-wiup","sourceRecordId":"1604","source":"BIG Kebijakan Satu Peta","sourceUrl":"https://kspservices.big.go.id/satupeta/rest/services/PUBLIK/PERIZINAN_DAN_PERTANAHAN/MapServer/4","retrievedAt":"2026-08-28T06:57:32Z","geometryProcessing":"web display simplification tolerance 0.00035 degrees","name":"WIRA BAHANA PERKASA SEJAHTERA","issuer":"GUBERNUR","province":"MALUKU UTARA","district":"KEPULAUAN SULA","permitNumber":"502/24/DPMPTSP/IV/2018","permitType":"PT","miningType":"IUP","commodity":"BIJIH BESI","status":"2","validFrom":"2018-04-25","validTo":"2030-11-24","areaHa":4002.41,"location":"KEC. TALIABU SELATAN, KAB. KEP SULA","sourceRemark":"-","region":"maluku"},"geometry":{"type":"Polygon","coordinates":[[[124.714,-1.8373],[124.714,-1.8362],[124.7124,-1.8362],[124.7124,-1.8348],[124.7107,-1.8348],[124.7107,-1.8334],[124.709,-1.8334],[124.709,-1.8321],[124.7074,-1.8321],[124.7074,-1.8309],[124.7057,-1.8309],[124.7057,-1.8296],[124.704,-1.8296],[124.704,-1.8283],[124.7024,-1.8283],[124.7024,-1.827],[124.7007,-1.827],[124.7007,-1.8257],[124.699,-1.8257],[124.699,-1.8244],[124.6974,-1.8244],[124.6974,-1.8231],[124.6957,-1.8231],[124.6957,-1.822],[124.6941,-1.822],[124.6941,-1.8208],[124.6924,-1.8208],[124.6924,-1.8197],[124.6907,-1.8197],[124.6907,-1.8185],[124.6887,-1.8185],[124.6887,-1.8172],[124.6875,-1.8172],[124.6875,-1.8375],[124.7139,-1.8375],[124.7139,-1.8396],[124.71667,-1.8396],[124.71667,-1.85833],[124.72778,-1.85833],[124.72778,-1.875],[124.8,-1.875],[124.8,-1.85833],[124.87083,-1.85829],[124.87083,-1.8125],[124.867,-1.8125],[124.867,-1.8344],[124.864,-1.8344],[124.864,-1.83634],[124.857,-1.83634],[124.857,-1.83974],[124.848,-1.83974],[124.848,-1.8424],[124.839,-1.8424],[124.839,-1.844],[124.8049,-1.844],[124.8049,-1.8454],[124.7965,-1.8454],[124.7965,-1.8466],[124.7927,-1.8466],[124.7927,-1.84778],[124.789,-1.84778],[124.789,-1.85178],[124.783,-1.85178],[124.783,-1.8534],[124.778,-1.8534],[124.778,-1.85605],[124.769,-1.85605],[124.769,-1.8577],[124.7539,-1.8577],[124.7539,-1.857],[124.7451,-1.8559],[124.7427,-1.8559],[124.7427,-1.8565],[124.7368,-1.8565],[124.7368,-1.8549],[124.7348,-1.8549],[124.7348,-1.8533],[124.7328,-1.8533],[124.7328,-1.8516],[124.7309,-1.8516],[124.7309,-1.85],[124.7289,-1.85],[124.7289,-1.8484],[124.7269,-1.8484],[124.7269,-1.8468],[124.7249,-1.8468],[124.7249,-1.8452],[124.723,-1.8452],[124.723,-1.8436],[124.721,-1.8436],[124.721,-1.842],[124.719,-1.842],[124.719,-1.8404],[124.7173,-1.8404],[124.7173,-1.839],[124.7154,-1.839],[124.7154,-1.8373],[124.714,-1.8373]]]}},{"type":"Feature","properties":{"inventoryId":"big-mining-wiup:975","sector":"Tambang","subtype":"WIUP","quality":"OFFICIAL","sourceDataset":"big-mining-wiup","sourceRecordId":"975","source":"BIG Kebijakan Satu Peta","sourceUrl":"https://kspservices.big.go.id/satupeta/rest/services/PUBLIK/PERIZINAN_DAN_PERTANAHAN/MapServer/4","retrievedAt":"2026-08-28T06:57:32Z","geometryProcessing":"web display simplification tolerance 0.00035 degrees","name":"WIRABAHANA PERKASA","issuer":"GUBERNUR","province":"MALUKU UTARA","district":"KEPULAUAN SULA","permitNumber":"502/21/DPMPTSP/IV/2018","permitType":"PT","miningType":"IUP","commodity":"BIJIH BESI","status":"2","validFrom":"2018-04-25","validTo":"2034-10-27","areaHa":7453.09,"location":"KEC. MANGOLI SELATAN KAB KEP SULA","sourceRemark":"-","region":"maluku"},"geometry":{"type":"Polygon","coordinates":[[[125.73333,-1.875],[125.70972,-1.875],[125.70972,-1.90833],[125.69167,-1.90833],[125.69167,-1.925],[125.79028,-1.925],[125.79028,-1.9125],[125.8,-1.9125],[125.8,-1.9083],[125.8167,-1.9083],[125.8167,-1.8972],[125.8417,-1.8972],[125.8417,-1.8617],[125.79349,-1.86169],[125.79349,-1.8633],[125.7942,-1.8633],[125.7942,-1.8654],[125.7947,-1.8654],[125.7947,-1.8735],[125.7928,-1.8735],[125.7928,-1.8759],[125.7901,-1.8759],[125.7901,-1.8783],[125.7867,-1.8783],[125.7867,-1.8803],[125.7831,-1.8803],[125.7831,-1.8824],[125.7799,-1.8824],[125.7799,-1.8842],[125.7773,-1.8842],[125.7773,-1.8861],[125.7729,-1.8861],[125.7729,-1.8883],[125.7667,-1.8883],[125.7667,-1.8896],[125.7564,-1.8896],[125.7564,-1.887],[125.7516,-1.887],[125.7516,-1.883],[125.7524,-1.883],[125.7524,-1.8798],[125.7533,-1.8798],[125.7533,-1.8767],[125.7542,-1.8767],[125.7542,-1.875],[125.73333,-1.875]]]}},{"type":"Feature","properties":{"inventoryId":"big-mining-wiup:1569","sector":"Tambang","subtype":"WIUP","quality":"OFFICIAL","sourceDataset":"big-mining-wiup","sourceRecordId":"1569","source":"BIG Kebijakan Satu Peta","sourceUrl":"https://kspservices.big.go.id/satupeta/rest/services/PUBLIK/PERIZINAN_DAN_PERTANAHAN/MapServer/4","retrievedAt":"2026-08-28T06:57:32Z","geometryProcessing":"web display simplification tolerance 0.00035 degrees","name":"WIRABAHANA PERKASA BERSAMA","issuer":"GUBERNUR","province":"MALUKU UTARA","district":"KEPULAUAN SULA","permitNumber":"502/14/DPMPTSP/IV/2018","permitType":"PT","miningType":"IUP","commodity":"BIJIH BESI","status":"2","validFrom":"2018-04-10","validTo":"2030-12-08","areaHa":1405.82,"location":"KEC. MANGOLI TIMUR KAB KEP SULA","sourceRemark":"-","region":"maluku"},"geometry":{"type":"Polygon","coordinates":[[[126.1689,-1.8457],[126.1678,-1.8457],[126.1678,-1.8464],[126.1671,-1.8464],[126.1671,-1.8471],[126.1661,-1.8471],[126.1661,-1.8475],[126.16,-1.8482],[126.16,-1.8495],[126.1561,-1.8495],[126.1561,-1.851],[126.1519,-1.851],[126.1519,-1.8526],[126.138,-1.8526],[126.138,-1.8517],[126.1335,-1.8517],[126.1275,-1.853],[126.1176,-1.8535],[126.1176,-1.8539],[126.1045,-1.8542],[126.1045,-1.8549],[126.1014,-1.8549],[126.1014,-1.8611],[126.13,-1.8611],[126.13,-1.8583],[126.1875,-1.8583],[126.1875,-1.8472],[126.2,-1.8472],[126.2,-1.8222],[126.1667,-1.8222],[126.1667,-1.8228],[126.1701,-1.8228],[126.1701,-1.8235],[126.1758,-1.8237],[126.1809,-1.8235],[126.1809,-1.8228],[126.188,-1.8228],[126.1883,-1.837],[126.1833,-1.837],[126.1833,-1.8409],[126.1806,-1.8409],[126.1806,-1.8422],[126.1767,-1.8422],[126.1767,-1.8437],[126.1728,-1.8437],[126.1728,-1.8451],[126.1689,-1.8451],[126.1689,-1.8457]]]}},{"type":"Feature","properties":{"inventoryId":"big-mining-wiup:73","sector":"Tambang","subtype":"WIUP","quality":"OFFICIAL","sourceDataset":"big-mining-wiup","sourceRecordId":"73","source":"BIG Kebijakan Satu Peta","sourceUrl":"https://kspservices.big.go.id/satupeta/rest/services/PUBLIK/PERIZINAN_DAN_PERTANAHAN/MapServer/4","retrievedAt":"2026-08-28T06:57:32Z","geometryProcessing":"web display simplification tolerance 0.00035 degrees","name":"WIRABUDI PUTRA PERKASA","issuer":"BUPATI","province":"MALUKU UTARA","district":"HALMAHERA UTARA","permitNumber":"540/187/HU/2011","permitType":"PT","miningType":"IUP","commodity":"MINERAL LOGAM / PASIR","status":"2","validFrom":"2011-10-03","validTo":"2026-10-03","areaHa":1871.81,"location":"DESA ASIMIRO DAN APULEA KEC. LOLODA UTARA KAB HALMAHERA UTARA","sourceRemark":"-","region":"maluku"},"geometry":{"type":"Polygon","coordinates":[[[127.74524,1.96278],[127.75,1.96278],[127.75,1.96111],[127.76667,1.96111],[127.76667,1.975],[127.79167,1.975],[127.79167,1.98806],[127.75861,1.98806],[127.75861,2.0],[127.72833,2.0],[127.72833,1.98333],[127.73028,1.98333],[127.73028,1.98056],[127.73222,1.98056],[127.73222,1.9775],[127.73472,1.9775],[127.73472,1.97472],[127.73667,1.97472],[127.73667,1.97139],[127.74524,1.97139],[127.74524,1.96278]]]}},{"type":"Feature","properties":{"inventoryId":"big-mining-wiup:856","sector":"Tambang","subtype":"WIUP","quality":"OFFICIAL","sourceDataset":"big-mining-wiup","sourceRecordId":"856","source":"BIG Kebijakan Satu Peta","sourceUrl":"https://kspservices.big.go.id/satupeta/rest/services/PUBLIK/PERIZINAN_DAN_PERTANAHAN/MapServer/4","retrievedAt":"2026-08-28T06:57:32Z","geometryProcessing":"web display simplification tolerance 0.00035 degrees","name":"ZOUK","issuer":"GUBERNUR","province":"MALUKU UTARA","district":"KEPULAUAN SULA","permitNumber":"502/6/DPMPTSP/IV/2018","permitType":"PT","miningType":"IUP","commodity":"BIJIH BESI","status":"2","validFrom":"2018-04-03","validTo":"2034-09-22","areaHa":22722.0,"location":"KEC. TALIABU TIMUR KAB KEP SULA","sourceRemark":"-","region":"maluku"},"geometry":{"type":"Polygon","coordinates":[[[125.12917,-1.86954],[125.15461,-1.86956],[125.15461,-1.87222],[125.175,-1.87222],[125.175,-1.87917],[125.22515,-1.87923],[125.225,-1.86956],[125.30389,-1.86956],[125.30389,-1.80261],[125.26219,-1.80261],[125.26219,-1.779],[125.2822,-1.779],[125.2822,-1.74121],[125.22942,-1.74121],[125.22942,-1.83333],[125.17728,-1.83333],[125.17728,-1.79283],[125.15833,-1.79283],[125.15833,-1.72083],[125.10945,-1.72083],[125.10945,-1.79612],[125.11644,-1.79612],[125.11644,-1.86953],[125.12917,-1.86954]]]}}]}
